t_DATE,t_PERIOD,t_STORECODE,t_ITEMCODE,t_NEW_CODES,t_CATEGORY,t_MANUFACTURE,t_BRAND,t_ITEMDESC,t_MRP,t_PACKSIZE,t_PACKTYPE,t_COMMENTS,t_IMAGE,t_CODE COMMENT,t_FLAG,rank,matched_itemcode,distance,m_catcode,m_company,m_mbrand,m_brand,m_sku,m_packtype,m_base_pack,m_flavor,m_color,m_wght,m_uom,m_mrp
2022-06-23,202206,128846077,1655867983678,99763514.0,118,DABUR NEPAL LTD.-NEPAL,REAL FRUIT POWER,REAL FRUIT POWER\200ML\PBT\MANGO,35.0,PBT,200ML,,1655867983678-dabur nepal ltd--nepal-real fruit power.png,CROSS CODING,2,1,51089,114.46258544921875,118,DABUR NEPAL LTD.-NEPAL,REAL,REAL FRUIT POWER,MANGO TPK 200 ML,TPK,200.000 ML,MANGO,,200.0,ML,0.0
2022-06-23,202206,128846077,1655867983678,99763514.0,118,DABUR NEPAL LTD.-NEPAL,REAL FRUIT POWER,REAL FRUIT POWER\200ML\PBT\MANGO,35.0,PBT,200ML,,1655867983678-dabur nepal ltd--nepal-real fruit power.png,CROSS CODING,2,2,99763514,117.48216247558594,118,DABUR NEPAL LTD.-NEPAL,REAL,REAL FRUIT POWER,MANGO PET 200 ML,PET,200.000 ML,MANGO,,200.0,ML,35.0
2022-06-23,202206,128846077,1655867983678,99763514.0,118,DABUR NEPAL LTD.-NEPAL,REAL FRUIT POWER,REAL FRUIT POWER\200ML\PBT\MANGO,35.0,PBT,200ML,,1655867983678-dabur nepal ltd--nepal-real fruit power.png,CROSS CODING,2,3,99765264,118.99855041503906,118,DABUR NEPAL LTD.-NEPAL,REAL,REAL FRUIT POWER,MANGO PET 2000 ML,PET,2000.000 ML,MANGO,,2000.0,ML,270.0
2022-06-23,202206,130609389,1655867983678,99763514.0,118,DABUR NEPAL LTD.-NEPAL,REAL FRUIT POWER,REAL FRUIT POWER\200ML\PBT\MANGO,35.0,PBT,200ML,,1655867983678-dabur nepal ltd--nepal-real fruit power.png,CROSS CODING,2,1,51089,114.1307373046875,118,DABUR NEPAL LTD.-NEPAL,REAL,REAL FRUIT POWER,MANGO TPK 200 ML,TPK,200.000 ML,MANGO,,200.0,ML,0.0
2022-06-23,202206,130609389,1655867983678,99763514.0,118,DABUR NEPAL LTD.-NEPAL,REAL FRUIT POWER,REAL FRUIT POWER\200ML\PBT\MANGO,35.0,PBT,200ML,,1655867983678-dabur nepal ltd--nepal-real fruit power.png,CROSS CODING,2,2,99763514,115.81886291503906,118,DABUR NEPAL LTD.-NEPAL,REAL,REAL FRUIT POWER,MANGO PET 200 ML,PET,200.000 ML,MANGO,,200.0,ML,35.0
2022-06-23,202206,130609389,1655867983678,99763514.0,118,DABUR NEPAL LTD.-NEPAL,REAL FRUIT POWER,REAL FRUIT POWER\200ML\PBT\MANGO,35.0,PBT,200ML,,1655867983678-dabur nepal ltd--nepal-real fruit power.png,CROSS CODING,2,3,99765264,117.58357238769531,118,DABUR NEPAL LTD.-NEPAL,REAL,REAL FRUIT POWER,MANGO PET 2000 ML,PET,2000.000 ML,MANGO,,2000.0,ML,270.0
2022-06-23,202206,130609389,1655870908554,99763515.0,118,DABUR NEPAL LTD.-NEPAL,REAL FRUIT POWER,REAL FRUIT POWER\500ML\PBT\MANGO,85.0,500ML,PBT,,1655870908554-dabur nepal ltd--nepal-real fruit power.png,CROSS CODING,2,7,99763515,124.28729248046875,118,DABUR NEPAL LTD.-NEPAL,REAL,REAL FRUIT POWER,MANGO PET 500 ML,PET,500.000 ML,MANGO,,500.0,ML,85.0
2022-06-23,202206,130617413,1655863972473,99763849.0,118,MEGA FOODS & BEVERAGE-NEPAL,MEGA SMOOTH,MEGHA SMMOTH\150ML\HDPE\LITCHI FLAVOUR ,20.0,HDPE,150ML,,1655863972473-mega foods - beverage-nepal-mega smooth.png,RECODING,5,1,99763849,117.42472076416016,118,MEGA FOODS & BEVERAGE-NEPAL,MEGA,MEGA SMOOTH,LITCHI PET 150 ML,PET,150.000 ML,LYCHEE,,150.0,ML,20.0
2022-06-23,202206,130617413,1655863972473,99763849.0,118,MEGA FOODS & BEVERAGE-NEPAL,MEGA SMOOTH,MEGHA SMMOTH\150ML\HDPE\LITCHI FLAVOUR ,20.0,HDPE,150ML,,1655863972473-mega foods - beverage-nepal-mega smooth.png,RECODING,5,2,51737,119.78666687011719,118,MEGA FOODS & BEVERAGE-NEPAL,MEGA,MEGA SMOOTH,LITCHI PET 170 ML,PET,170.000 ML,LYCHEE,,170.0,ML,0.0
2022-06-23,202206,130617413,1655863972473,99763849.0,118,MEGA FOODS & BEVERAGE-NEPAL,MEGA SMOOTH,MEGHA SMMOTH\150ML\HDPE\LITCHI FLAVOUR ,20.0,HDPE,150ML,,1655863972473-mega foods - beverage-nepal-mega smooth.png,RECODING,5,3,99762442,122.78533935546875,118,MEGA FOODS & BEVERAGE-NEPAL,MEGA,MEGA SMOOTH,LITCHI PET 150 ML+20ML FREE,PET,150.000 ML,LYCHEE,,170.0,ML,25.0
2022-06-23,202206,131076027,1655792778918,99763851.0,118,PRAN BEVERAGES INDIA ,PRAN,PRAN LITCHI\PBT\125ML\FRUIT DRINK,16.0,PBT,125ML,,1655792778918-pran beverages india -pran.png,RECODING,5,1,20110743,174.6484832763672,118,THE AGRI. MKT. - BNGLADESH,PRAN,PRAN JUNIOR,FRUIT COCKTAIL TPK 125 ML,TPK,125.000 ML,MIXED FRUIT,,125.0,ML,0.0
2022-06-23,202206,131076027,1655792778918,99763851.0,118,PRAN BEVERAGES INDIA ,PRAN,PRAN LITCHI\PBT\125ML\FRUIT DRINK,16.0,PBT,125ML,,1655792778918-pran beverages india -pran.png,RECODING,5,2,52342,175.41896057128906,106,PRAN AGRO-BANGALADESH,PRAN,PRAN CHOCO BEAN TOFFEE,PRAN CHOCO BEAN TOFFEE-PPH 12 GM,PLPCH,12.000 GM,UNSPECIFIED,,12.0,GM,0.0
2022-06-23,202206,131076027,1655792778918,99763851.0,118,PRAN BEVERAGES INDIA ,PRAN,PRAN LITCHI\PBT\125ML\FRUIT DRINK,16.0,PBT,125ML,,1655792778918-pran beverages india -pran.png,RECODING,5,3,20127491,176.79010009765625,118,THE AGRI. MKT. - BNGLADESH,PRAN,PRAN,FRUIT COCKTAIL TPK 250 ML,TPK,250.000 ML,MIXED FRUIT,,250.0,ML,0.0
2022-06-23,202206,111741491,1655793248117,99763850.0,123,KWALITY CHEM PVT LTD-NEPAL,DIAL ,DIAL/250/GM/PPH,55.0,PPH,250 GM,,1655793248117-kwality chem pvt ltd-nepal-dial .png,RECODING,5,1,48726,100.98991394042969,123,KWALITY CHEM PVT LTD-NEPAL,KWALITY,KWALITY,KWALITY-PPH 950 GM,PLPCH,950.000 GM,,,950.0,GM,0.0
2022-06-23,202206,111741491,1655793248117,99763850.0,123,KWALITY CHEM PVT LTD-NEPAL,DIAL ,DIAL/250/GM/PPH,55.0,PPH,250 GM,,1655793248117-kwality chem pvt ltd-nepal-dial .png,RECODING,5,2,54384,104.44124603271484,123,KWALITY CHEM PVT LTD-NEPAL,KWALITY,KWALITY,KWALITY-DIAL HERB NE&LEM PPH175G+25GFR,PLPCH,175.000 GM,,,200.0,GM,0.0
2022-06-23,202206,111741491,1655793248117,99763850.0,123,KWALITY CHEM PVT LTD-NEPAL,DIAL ,DIAL/250/GM/PPH,55.0,PPH,250 GM,,1655793248117-kwality chem pvt ltd-nepal-dial .png,RECODING,5,3,99763816,104.82530212402344,123,KWALITY CHEM PVT LTD-NEPAL,DIAL,DIAL HERBAL,DIAL HERBAL-NEEM&LEMON MAGIC PCN 400 GM,PLJAR,400.000 GM,,,400.0,GM,60.0
2022-06-24,202206,126355065,1655956700257,99763854.0,118,FRESH FOOD AGRO INDUSTRIES INDIA ,FRUIT CHAMP,FRUIT CHAMP/MANGO/200ML/TPK,25.0,TPK,200ML ,,1655956700257-fresh food agro industries india -fruit champ.png,RECODING,5,1,99763854,118.3250732421875,118,FRESH FOOD AGRO INDUSTRIES-INDIA,FFA,FFA FRUIT CHAMP,MANGO TPK 200 ML,TPK,200.000 ML,MANGO,,200.0,ML,25.0
2022-06-24,202206,126355065,1655956700257,99763854.0,118,FRESH FOOD AGRO INDUSTRIES INDIA ,FRUIT CHAMP,FRUIT CHAMP/MANGO/200ML/TPK,25.0,TPK,200ML ,,1655956700257-fresh food agro industries india -fruit champ.png,RECODING,5,2,99764974,137.7603302001953,118,AMAANZA AGRO INDIA PVT LTD-INDIA ,FRUIT HIT,FRUIT HIT,MANGO TPK 200 ML,TPK,200.000 ML,MANGO,,200.0,ML,32.0
2022-06-24,202206,126355065,1655956700257,99763854.0,118,FRESH FOOD AGRO INDUSTRIES INDIA ,FRUIT CHAMP,FRUIT CHAMP/MANGO/200ML/TPK,25.0,TPK,200ML ,,1655956700257-fresh food agro industries india -fruit champ.png,RECODING,5,3,99763942,147.01625061035156,118,AMAANZA AGRO INDIA PVT LTD-INDIA ,FUNBERG,FUNBERG,MANGO TPK 200 ML,TPK,200.000 ML,MANGO,,200.0,ML,25.0
2022-06-24,202206,124916559,1655976809090,99763858.0,132,A.G. HEALTH INDUSTRIES PVT LTD-NEPAL,SAGUN BABY POKO PANTS,SAGUN BABY POK PANTS/LARGE/32 PCS/PPH,800.0,PPH,32 PCS,,1655976809090-a-g- health industries pvt ltd-nepal-sagun baby poko pants.png,RECODING,5,1,99762630,58.18457794189453,132,A.G. HEALTH INDUSTRIES PVT LTD-NEPAL,SAGUN BABY,SAGUN BABY POKO PANTS,SAGUN BABY POKO PANTS-LARGE(L) PPH 5 NOS,PLPCH,5.000 NO,,,5.0,NO,100.0
2022-06-24,202206,124916559,1655976809090,99763858.0,132,A.G. HEALTH INDUSTRIES PVT LTD-NEPAL,SAGUN BABY POKO PANTS,SAGUN BABY POK PANTS/LARGE/32 PCS/PPH,800.0,PPH,32 PCS,,1655976809090-a-g- health industries pvt ltd-nepal-sagun baby poko pants.png,RECODING,5,2,99762604,59.11384582519531,132,A.G. HEALTH INDUSTRIES PVT LTD-NEPAL,SAGUN BABY,SAGUN BABY POKO PANTS,SAGUN BABY POKO PANTS-SMALL(S) PPH 5 NOS,PLPCH,5.000 NO,,,5.0,NO,100.0
2022-06-24,202206,124916559,1655976809090,99763858.0,132,A.G. HEALTH INDUSTRIES PVT LTD-NEPAL,SAGUN BABY POKO PANTS,SAGUN BABY POK PANTS/LARGE/32 PCS/PPH,800.0,PPH,32 PCS,,1655976809090-a-g- health industries pvt ltd-nepal-sagun baby poko pants.png,RECODING,5,3,99763456,60.619606018066406,132,A.G. HEALTH INDUSTRIES PVT LTD-NEPAL,SAGUN BABY,SAGUN BABY POKO PANTS,SAGUN BABY POKO PANTS-SMALL(S) PPH 42 NOS,PLPCH,42.000 NO,,,42.0,NO,800.0
2022-06-24,202206,124916559,1655977135657,99763859.0,132,JASMINE HYGIENIC - NEPAL,SOFT & DRY PREMIUM PANTS ,SOFT & DRY PREMIUM PANTS/SMALL/60 PCS/PPH,999.0,PPH,60 PCS,,1655977135657-jasmine hygienic - nepal-soft - dry premium pants .png,RECODING,5,1,99763859,63.91191482543945,132,JASMINE HYGIENIC - NEPAL,SOFT & DRY,SOFT & DRY,SOFT & DRY-PREMIUM PANTS SMALL (S) PPH 60 NOS,PLPCH,60.000 NO,,,60.0,NO,999.0
2022-06-24,202206,124916559,1655977135657,99763859.0,132,JASMINE HYGIENIC - NEPAL,SOFT & DRY PREMIUM PANTS ,SOFT & DRY PREMIUM PANTS/SMALL/60 PCS/PPH,999.0,PPH,60 PCS,,1655977135657-jasmine hygienic - nepal-soft - dry premium pants .png,RECODING,5,2,99762913,69.84312438964844,132,JASMINE HYGIENIC - NEPAL,SOFT & DRY,SOFT & DRY,SOFT & DRY-PREMIUM PANTS SMALL (S) PPH 5 NOS,PLPCH,5.000 NO,,,5.0,NO,80.0
2022-06-24,202206,124916559,1655977135657,99763859.0,132,JASMINE HYGIENIC - NEPAL,SOFT & DRY PREMIUM PANTS ,SOFT & DRY PREMIUM PANTS/SMALL/60 PCS/PPH,999.0,PPH,60 PCS,,1655977135657-jasmine hygienic - nepal-soft - dry premium pants .png,RECODING,5,3,99763609,72.12686157226562,132,JASMINE HYGIENIC - NEPAL,SOFT & DRY,SOFT & DRY,SOFT & DRY-PREMIUM PANTS LARGE (L) PPH 46 NOS,PLPCH,46.000 NO,,,46.0,NO,999.0
2022-06-24,202206,122380503,1655982646923,99763857.0,123,EVEREST SABUN UDHYOG-NEPAL,MECHI SUPER,MECHI SUPER DISHWASH BAR 150GM,20.0,EWP,150GM,,1655982646923-everest sabun udhyog-nepal-mechi super.png,RECODING,5,1,99763764,115.38652038574219,123,EVEREST SABUN UDHYOG-NEPAL,MECHI,MECHI,MECHI-LAUNDRY SOAP PPH 250 GM,PLPCH,250.000 GM,,,250.0,GM,40.0
2022-06-24,202206,122380503,1655982646923,99763857.0,123,EVEREST SABUN UDHYOG-NEPAL,MECHI SUPER,MECHI SUPER DISHWASH BAR 150GM,20.0,EWP,150GM,,1655982646923-everest sabun udhyog-nepal-mechi super.png,RECODING,5,2,99763857,122.54103088378906,123,EVEREST SABUN UDHYOG-NEPAL,MECHI,MECHI SUPER,MECHI SUPER-LEMON & WOODASH EWP 150 GM,EWRPK,150.000 GM,,,150.0,GM,20.0
2022-06-24,202206,122380503,1655982646923,99763857.0,123,EVEREST SABUN UDHYOG-NEPAL,MECHI SUPER,MECHI SUPER DISHWASH BAR 150GM,20.0,EWP,150GM,,1655982646923-everest sabun udhyog-nepal-mechi super.png,RECODING,5,3,99763123,138.62698364257812,122,EVEREST SABUN UDHYOG-NEPAL,MECHI,MECHI PREMIUM,MECHI PREMIUM-CLEAN & FRESH PPH 500 GM,PLPCH,500.000 GM,,,500.0,GM,50.0
2022-06-24,202206,129024634,1655867983678,99763514.0,118,DABUR NEPAL LTD.-NEPAL,REAL FRUIT POWER,REAL FRUIT POWER\200ML\PBT\MANGO,35.0,PBT,200ML,,1655867983678-dabur nepal ltd--nepal-real fruit power.png,CROSS CODING,2,1,51089,112.6837387084961,118,DABUR NEPAL LTD.-NEPAL,REAL,REAL FRUIT POWER,MANGO TPK 200 ML,TPK,200.000 ML,MANGO,,200.0,ML,0.0
2022-06-24,202206,129024634,1655867983678,99763514.0,118,DABUR NEPAL LTD.-NEPAL,REAL FRUIT POWER,REAL FRUIT POWER\200ML\PBT\MANGO,35.0,PBT,200ML,,1655867983678-dabur nepal ltd--nepal-real fruit power.png,CROSS CODING,2,2,99763514,114.55817413330078,118,DABUR NEPAL LTD.-NEPAL,REAL,REAL FRUIT POWER,MANGO PET 200 ML,PET,200.000 ML,MANGO,,200.0,ML,35.0
2022-06-24,202206,129024634,1655867983678,99763514.0,118,DABUR NEPAL LTD.-NEPAL,REAL FRUIT POWER,REAL FRUIT POWER\200ML\PBT\MANGO,35.0,PBT,200ML,,1655867983678-dabur nepal ltd--nepal-real fruit power.png,CROSS CODING,2,3,99765264,116.427978515625,118,DABUR NEPAL LTD.-NEPAL,REAL,REAL FRUIT POWER,MANGO PET 2000 ML,PET,2000.000 ML,MANGO,,2000.0,ML,270.0
2022-06-24,202206,129024634,1655984811841,99763853.0,118,PRAGATI CHEMICAL-INDIA,KEMPTY MANGO PUNCH,KEMPTY MANGO PUNCH\200ML\PBT\MANGO,24.0,PBT,200ML,,1655984811841-pragati chemical-india-kempty mango punch.png,RECODING,5,1,46692,89.48116302490234,118,PRAGATI CHEMICAL-INDIA,KEMPTY,KEMPTY MANGO PUNCH,MANGO TPK 200 ML,TPK,200.000 ML,MANGO,,200.0,ML,0.0
2022-06-24,202206,129024634,1655984811841,99763853.0,118,PRAGATI CHEMICAL-INDIA,KEMPTY MANGO PUNCH,KEMPTY MANGO PUNCH\200ML\PBT\MANGO,24.0,PBT,200ML,,1655984811841-pragati chemical-india-kempty mango punch.png,RECODING,5,2,99763853,93.11775207519531,118,PRAGATI CHEMICAL-INDIA,KEMPTY,KEMPTY MANGO PUNCH,MANGO PET 200 ML,PET,200.000 ML,MANGO,,200.0,ML,25.0
2022-06-24,202206,129024634,1655984811841,99763853.0,118,PRAGATI CHEMICAL-INDIA,KEMPTY MANGO PUNCH,KEMPTY MANGO PUNCH\200ML\PBT\MANGO,24.0,PBT,200ML,,1655984811841-pragati chemical-india-kempty mango punch.png,RECODING,5,3,51972,96.06798553466797,118,PRAGATI CHEMICAL-INDIA,KEMPTY,KEMPTY MANGO PUNCH,MANGO PET 600 ML,PET,600.000 ML,MANGO,,600.0,ML,0.0
2022-06-24,202206,129024634,1655983118256,99763852.0,118,PEPSI COLA CMPNY IMPRTD-IMPRTD,7 UP NIMBOOZ,7 UP\250ML\PBT\NIMBOOZ,32.0,PBT,250ML,,1655983118256-pepsi cola cmpny imprtd-imprtd-7 up nimbooz.png,RECODING,5,1,20124858,95.63931274414062,118,PEPSI COLA CMPNY IMPRTD-IMPRTD,7 UP,7 UP NIMBOOZ,MASALA SODA PET 500 ML,PET,500.000 ML,SODA,,500.0,ML,0.0
2022-06-24,202206,129024634,1655983118256,99763852.0,118,PEPSI COLA CMPNY IMPRTD-IMPRTD,7 UP NIMBOOZ,7 UP\250ML\PBT\NIMBOOZ,32.0,PBT,250ML,,1655983118256-pepsi cola cmpny imprtd-imprtd-7 up nimbooz.png,RECODING,5,2,50051,100.2117691040039,118,PEPSI COLA CMPNY IMPRTD-IMPRTD,7 UP,7 UP NIMBOOZ,MASALA SODA PET 300 ML,PET,300.000 ML,SODA,,300.0,ML,0.0
2022-06-24,202206,129024634,1655983118256,99763852.0,118,PEPSI COLA CMPNY IMPRTD-IMPRTD,7 UP NIMBOOZ,7 UP\250ML\PBT\NIMBOOZ,32.0,PBT,250ML,,1655983118256-pepsi cola cmpny imprtd-imprtd-7 up nimbooz.png,RECODING,5,3,20127603,100.59832000732422,118,PEPSI COLA CMPNY IMPRTD-IMPRTD,7 UP,7 UP NIMBOOZ,MASALA SODA PET 350 ML,PET,350.000 ML,SODA,,350.0,ML,0.0
2022-06-24,202206,125764166,1655952451558,99763856.0,122,GOPAL SOAP INDUSTRIES - NEPAL,V SERIES GOLD,V SERIES GOLD/MACHINE WASH/750GM+150GM/PPH,100.0,PPH,750GM+150GM,,1655952451558-gopal soap industries - nepal-v series gold.png,RECODING,5,1,99762647,64.8074951171875,122,GOPAL SOAP INDUSTRIES - NEPAL,V SERIES,V SERIES GOLD,V SERIES GOLD-MACHINE WASH PPH 1000 GMS,PLPCH,1000.000 GM,,,1000.0,GM,100.0
2022-06-24,202206,125764166,1655952451558,99763856.0,122,GOPAL SOAP INDUSTRIES - NEPAL,V SERIES GOLD,V SERIES GOLD/MACHINE WASH/750GM+150GM/PPH,100.0,PPH,750GM+150GM,,1655952451558-gopal soap industries - nepal-v series gold.png,RECODING,5,2,99763856,68.17552947998047,122,GOPAL SOAP INDUSTRIES - NEPAL,V SERIES,V SERIES GOLD,V SERIES GOLD-MACHINE WASH PPH 750 GM+150 GM FREE,PLPCH,750.000 GM,,,900.0,GM,100.0
2022-06-24,202206,125764166,1655952451558,99763856.0,122,GOPAL SOAP INDUSTRIES - NEPAL,V SERIES GOLD,V SERIES GOLD/MACHINE WASH/750GM+150GM/PPH,100.0,PPH,750GM+150GM,,1655952451558-gopal soap industries - nepal-v series gold.png,RECODING,5,3,93021961,84.51344299316406,122,GOPAL SOAP INDUSTRIES - NEPAL,V SERIES,V SERIES GOLD,V SERIES GOLD-PPH 750 GMS,PLPCH,750.000 GM,,,750.0,GM,0.0
2022-06-24,202206,125959303,1655862783243,99763855.0,120,GODREJ CONSUMER PRODUCTS-INDIA,GODREJ NO.1 ,GODREJ NO.1/LIME ALOEVERA/53GM/EWP,20.0,EWP,52GM,,1655862783243-godrej consumer products-india-godrej no-1 .png,RECODING,5,1,99763855,93.344482421875,120,GODREJ CONSUMER PRODUCTS-INDIA,GODREJ,GODREJ NO.1 BEAUTY SOAP,GODREJ NO.1 BEAUTY SOAP-LIME ALOEVERA EWP 53 GM,EWRPK,53.000 GM,,,53.0,GM,20.0
2022-06-24,202206,125959303,1655862783243,99763855.0,120,GODREJ CONSUMER PRODUCTS-INDIA,GODREJ NO.1 ,GODREJ NO.1/LIME ALOEVERA/53GM/EWP,20.0,EWP,52GM,,1655862783243-godrej consumer products-india-godrej no-1 .png,RECODING,5,2,99763865,93.81315612792969,120,GODREJ CONSUMER PRODUCTS-INDIA,GODREJ,GODREJ NO.1 BEAUTY SOAP,GODREJ NO.1 BEAUTY SOAP-LIME ALOEVERA EWP 57 GM,EWRPK,57.000 GM,,,57.0,GM,20.0
2022-06-24,202206,125959303,1655862783243,99763855.0,120,GODREJ CONSUMER PRODUCTS-INDIA,GODREJ NO.1 ,GODREJ NO.1/LIME ALOEVERA/53GM/EWP,20.0,EWP,52GM,,1655862783243-godrej consumer products-india-godrej no-1 .png,RECODING,5,3,99763355,95.04443359375,120,GODREJ CONSUMER PRODUCTS-INDIA,GODREJ,GODREJ NO.1 BEAUTY SOAP,GODREJ NO.1 BEAUTY SOAP-LIME ALOEVERA EWP 63 GM,EWRPK,63.000 GM,,,63.0,GM,20.0
2022-06-27,202206,124683707,1656230479878,92918689.0,123,UNILEVER NEPAL LTD-NEPAL,VIM,VIM POWER OF LEMONS/100GM/EWP,10.0,EWP,100GM ,,1656230479878-unilever nepal ltd-nepal-vim.png,CROSS CODING,2,1,99764627,105.55291748046875,123,UNILEVER NEPAL LTD-NEPAL,VIM,VIM,VIM-WITH POWER OF LEMON EWP 150 GM,EWRPK,150.000 GM,,,150.0,GM,20.0
2022-06-27,202206,124683707,1656230479878,92918689.0,123,UNILEVER NEPAL LTD-NEPAL,VIM,VIM POWER OF LEMONS/100GM/EWP,10.0,EWP,100GM ,,1656230479878-unilever nepal ltd-nepal-vim.png,CROSS CODING,2,2,52774,105.94044494628906,123,UNILEVER NEPAL LTD-NEPAL,VIM,VIM,VIM-POWER OF 100 LEMON EWP 200 GM,EWRPK,200.000 GM,,,200.0,GM,0.0
2022-06-27,202206,124683707,1656230479878,92918689.0,123,UNILEVER NEPAL LTD-NEPAL,VIM,VIM POWER OF LEMONS/100GM/EWP,10.0,EWP,100GM ,,1656230479878-unilever nepal ltd-nepal-vim.png,CROSS CODING,2,3,49686,108.93316650390625,123,UNILEVER NEPAL LTD-NEPAL,VIM,VIM,VIM-POWER OF 100 LEMON EWP 90 GM,EWRPK,90.000 GM,,,90.0,GM,0.0
2022-06-27,202206,124620444,1656225959869,99763868.0,132,UNICLAN HEALTHCARE PVT LTD-INDIA,WOWPER FRESH PANTS ,WOWPER FRESH PANTS/LARGE/5 PANTS/PPH,100.0,PPH,5 PANTS ,,1656225959869-uniclan healthcare pvt ltd-india-wowper fresh pants .png,RECODING,5,1,99763868,62.980281829833984,132,UNICLAN HEALTHCARE PVT LTD-INDIA,WOWPER,WOWPER,WOWPER-FRESH PANTS LARGE(L) PPH 5 NOS,PLPCH,5.000 NO,,,5.0,NO,100.0
2022-06-27,202206,124620444,1656225959869,99763868.0,132,UNICLAN HEALTHCARE PVT LTD-INDIA,WOWPER FRESH PANTS ,WOWPER FRESH PANTS/LARGE/5 PANTS/PPH,100.0,PPH,5 PANTS ,,1656225959869-uniclan healthcare pvt ltd-india-wowper fresh pants .png,RECODING,5,2,99762765,67.58566284179688,132,UNICLAN HEALTHCARE PVT LTD-INDIA,WOWPER,WOWPER,WOWPER-FRESH PANTS MEDIUM(M) PPH 5 NOS,PLPCH,5.000 NO,,,5.0,NO,100.0
2022-06-27,202206,124620444,1656225959869,99763868.0,132,UNICLAN HEALTHCARE PVT LTD-INDIA,WOWPER FRESH PANTS ,WOWPER FRESH PANTS/LARGE/5 PANTS/PPH,100.0,PPH,5 PANTS ,,1656225959869-uniclan healthcare pvt ltd-india-wowper fresh pants .png,RECODING,5,3,99762694,154.76393127441406,132,UNICHARM INDIA LTD-INDIA,MAMYPOKO PANTS,MAMYPOKO PANTS,MAMYPOKO PANTS-EXTRA ABSORB-EXTRA LARGE(XL) PPH 26 NOS,PLPCH,26.000 NO,,,26.0,NO,640.0
2022-06-27,202206,128997655,1656215734693,90816734.0,111,DABUR NEPAL LTD.-NEPAL,DABUR SPECIAL,DABUR SPECIAL/NON STICKY/100ML/PBT,80.0,PBT,100ML,,1656215734693-dabur nepal ltd--nepal-dabur special.png,CROSS CODING,2,1,50080,121.387939453125,111,DABUR NEPAL LTD.-NEPAL,DABUR,DABUR SPECIAL,DABUR SPECIAL-NON STICK PBT 200 ML+RS 15 OFF,PLBOT,200.000 ML,,,200.0,ML,0.0
2022-06-27,202206,128997655,1656215734693,90816734.0,111,DABUR NEPAL LTD.-NEPAL,DABUR SPECIAL,DABUR SPECIAL/NON STICKY/100ML/PBT,80.0,PBT,100ML,,1656215734693-dabur nepal ltd--nepal-dabur special.png,CROSS CODING,2,2,50420,123.35919189453125,111,DABUR NEPAL LTD.-NEPAL,DABUR,DABUR SPECIAL,DABUR SPECIAL-NON STICK PBT 100 ML+RS 10 OFF,PLBOT,100.000 ML,,,100.0,ML,0.0
2022-06-27,202206,128997655,1656215734693,90816734.0,111,DABUR NEPAL LTD.-NEPAL,DABUR SPECIAL,DABUR SPECIAL/NON STICKY/100ML/PBT,80.0,PBT,100ML,,1656215734693-dabur nepal ltd--nepal-dabur special.png,CROSS CODING,2,3,90860398,127.17078399658203,111,DABUR NEPAL LTD.-NEPAL,DABUR,DABUR SPECIAL,DABUR SPECIAL-PBT 200M+100G DABRVATKASNDL TS,PLBOT,200.000 ML,,,200.0,ML,0.0
2022-06-27,202206,128997655,1656216939354,90824159.0,111,EMAMI LTD. -INDIA,7 OILS IN ONE BLENDS DAMAGE CONTROL ,7 OILS IN ONE BLENDS FOR DAMAGE CONTROL/NON GREASY NON STICKY/100ML/PBT,120.0,PBT,100ML,,1656216939354-emami ltd- -india-7 oils in one blends damage control .png,CROSS CODING,2,1,90827065,93.12010192871094,111,EMAMI LTD. -INDIA,EMAMI,EMAMI 7 OILS IN ONE,EMAMI 7 OILS IN ONE-DAMAGE CONTROL PBT 20 ML,PLBOT,20.000 ML,,,20.0,ML,0.0
2022-06-27,202206,128997655,1656216939354,90824159.0,111,EMAMI LTD. -INDIA,7 OILS IN ONE BLENDS DAMAGE CONTROL ,7 OILS IN ONE BLENDS FOR DAMAGE CONTROL/NON GREASY NON STICKY/100ML/PBT,120.0,PBT,100ML,,1656216939354-emami ltd- -india-7 oils in one blends damage control .png,CROSS CODING,2,2,90825769,93.18768310546875,111,EMAMI LTD. -INDIA,EMAMI,EMAMI 7 OILS IN ONE,EMAMI 7 OILS IN ONE-DAMAGE CONTROL PBT 200 ML,PLBOT,200.000 ML,,,200.0,ML,0.0
2022-06-27,202206,128997655,1656216939354,90824159.0,111,EMAMI LTD. -INDIA,7 OILS IN ONE BLENDS DAMAGE CONTROL ,7 OILS IN ONE BLENDS FOR DAMAGE CONTROL/NON GREASY NON STICKY/100ML/PBT,120.0,PBT,100ML,,1656216939354-emami ltd- -india-7 oils in one blends damage control .png,CROSS CODING,2,3,90824159,94.77591705322266,111,EMAMI LTD. -INDIA,EMAMI,EMAMI 7 OILS IN ONE,EMAMI 7 OILS IN ONE-DAMAGE CONTROL PBT 100 ML,PLBOT,100.000 ML,,,100.0,ML,0.0
2022-06-27,202206,125735638,1656221400688,99763865.0,120,GODREJ CONSUMER PRODUCTS-INDIA,GODREJ NO.1 ,GODREJ NO.1/LIME ALOE VERA/57GM/EWP,20.0,EWP,57GM,,1656221400688-godrej consumer products-india-godrej no-1 .png,RECODING,5,1,99763865,94.46343231201172,120,GODREJ CONSUMER PRODUCTS-INDIA,GODREJ,GODREJ NO.1 BEAUTY SOAP,GODREJ NO.1 BEAUTY SOAP-LIME ALOEVERA EWP 57 GM,EWRPK,57.000 GM,,,57.0,GM,20.0
2022-06-27,202206,125735638,1656221400688,99763865.0,120,GODREJ CONSUMER PRODUCTS-INDIA,GODREJ NO.1 ,GODREJ NO.1/LIME ALOE VERA/57GM/EWP,20.0,EWP,57GM,,1656221400688-godrej consumer products-india-godrej no-1 .png,RECODING,5,2,99763855,95.4677505493164,120,GODREJ CONSUMER PRODUCTS-INDIA,GODREJ,GODREJ NO.1 BEAUTY SOAP,GODREJ NO.1 BEAUTY SOAP-LIME ALOEVERA EWP 53 GM,EWRPK,53.000 GM,,,53.0,GM,20.0
2022-06-27,202206,125735638,1656221400688,99763865.0,120,GODREJ CONSUMER PRODUCTS-INDIA,GODREJ NO.1 ,GODREJ NO.1/LIME ALOE VERA/57GM/EWP,20.0,EWP,57GM,,1656221400688-godrej consumer products-india-godrej no-1 .png,RECODING,5,3,99763355,96.00204467773438,120,GODREJ CONSUMER PRODUCTS-INDIA,GODREJ,GODREJ NO.1 BEAUTY SOAP,GODREJ NO.1 BEAUTY SOAP-LIME ALOEVERA EWP 63 GM,EWRPK,63.000 GM,,,63.0,GM,20.0
2022-06-27,202206,233775810007,1656218962884,99763863.0,118,SAARANG INTNL FOOD & BEV-INDIA,MAHI,MAHI\160ML\PBT\MANGO,16.0,PBT,160ML,,1656218962884-saarang intnl food - bev-india-mahi.png,RECODING,5,1,99763964,78.05953979492188,118,SAARANG INTNL FOOD & BEV-INDIA,MAHI,MAHI,MANGO TPK 200 ML,TPK,200.000 ML,MANGO,,200.0,ML,30.0
2022-06-27,202206,233775810007,1656218962884,99763863.0,118,SAARANG INTNL FOOD & BEV-INDIA,MAHI,MAHI\160ML\PBT\MANGO,16.0,PBT,160ML,,1656218962884-saarang intnl food - bev-india-mahi.png,RECODING,5,2,99763731,82.65409088134766,118,SAARANG INTNL FOOD & BEV-INDIA,MAHI,MAHI,MANGO PET 600 ML,PET,600.000 ML,MANGO,,600.0,ML,65.0
2022-06-27,202206,233775810007,1656218962884,99763863.0,118,SAARANG INTNL FOOD & BEV-INDIA,MAHI,MAHI\160ML\PBT\MANGO,16.0,PBT,160ML,,1656218962884-saarang intnl food - bev-india-mahi.png,RECODING,5,3,99763863,83.12104797363281,118,SAARANG INTNL FOOD & BEV-INDIA,MAHI,MAHI,MANGO PET 160 ML,PET,160.000 ML,MANGO,,160.0,ML,20.0
2022-06-27,202206,124771648,1656231497834,99763861.0,110,HYGIENIC RESEARCH - INDIA,STREAX 0.6,STREAX 0.6CREAM HAIR COLOUR\20GM COLOURENT\20GM DEVELOPER\5 GM CONDITIONER,55.0,PPH,20 GM COLOURANT+ 20DEVELOPER +5 GM CONDITIONER,New SKU,1656231497834-hygienic research - india-streax 0-6.png,RECODING,5,1,47679,99.50009155273438,110,HYGIENIC RESEARCH - INDIA,STREAX,STREAX PROFESSIONAL,STREAX PROFESSIONAL-HAIR COLOURANT CREAM CBP 60 GM,CDBOX,60.000 GM,,UNSPECIFIED,60.0,GM,0.0
2022-06-27,202206,124771648,1656231497834,99763861.0,110,HYGIENIC RESEARCH - INDIA,STREAX 0.6,STREAX 0.6CREAM HAIR COLOUR\20GM COLOURENT\20GM DEVELOPER\5 GM CONDITIONER,55.0,PPH,20 GM COLOURANT+ 20DEVELOPER +5 GM CONDITIONER,New SKU,1656231497834-hygienic research - india-streax 0-6.png,RECODING,5,2,91927590,106.99618530273438,110,HYGIENIC RESEARCH - INDIA,STREAX,STREAX,STREAX-7.3 GOLDEN BLONDE-COLORENT 20 GM-PPH 45GM,PLPCH,45.000 GM,,GOLDEN BLONDE,45.0,GM,0.0
2022-06-27,202206,124771648,1656231497834,99763861.0,110,HYGIENIC RESEARCH - INDIA,STREAX 0.6,STREAX 0.6CREAM HAIR COLOUR\20GM COLOURENT\20GM DEVELOPER\5 GM CONDITIONER,55.0,PPH,20 GM COLOURANT+ 20DEVELOPER +5 GM CONDITIONER,New SKU,1656231497834-hygienic research - india-streax 0-6.png,RECODING,5,3,46507,107.473388671875,110,HYGIENIC RESEARCH - INDIA,STREAX,STREAX,STREAX-7.3 GOLDEN BLONDE-COLORENT 20 G-PPH 50GM+25%,PLPCH,50.000 GM,,GOLDEN BLONDE,60.0,GM,0.0
2022-06-27,202206,124771648,1656229467328,99763862.0,110,YUTIKA NATURAL PVT .LTD,NISHA WINE BURGUNDY,NISHA WINE BURGUNDY\20GM+ 20ML,55.0,PPH,20GM+20ML,New SKU,1656229467328-yutika natural pvt -ltd-nisha wine burgundy.png,RECODING,5,1,99763862,166.45416259765625,110,PREM HENNA PVT LTD-INDIA,NISHA,NISHA,NISHA-CRM WINE BURGUNDY CLRNT 20G PPH 40 GM,PLPCH,40.000 GM,,BURGUNDY,40.0,GM,55.0
2022-06-27,202206,124771648,1656229467328,99763862.0,110,YUTIKA NATURAL PVT .LTD,NISHA WINE BURGUNDY,NISHA WINE BURGUNDY\20GM+ 20ML,55.0,PPH,20GM+20ML,New SKU,1656229467328-yutika natural pvt -ltd-nisha wine burgundy.png,RECODING,5,2,91927455,186.83615112304688,110,HABIB KALA KOKILA-NEPAL,NISHA,NISHA NATURAL HENNA,NISHA NATURAL HENNA-BURGUNDY-PPH 20 GM,PLPCH,20.000 GM,,BURGUNDY,20.0,GM,0.0
2022-06-27,202206,124771648,1656229467328,99763862.0,110,YUTIKA NATURAL PVT .LTD,NISHA WINE BURGUNDY,NISHA WINE BURGUNDY\20GM+ 20ML,55.0,PPH,20GM+20ML,New SKU,1656229467328-yutika natural pvt -ltd-nisha wine burgundy.png,RECODING,5,3,46040,191.18673706054688,110,PREM HENNA PVT LTD-INDIA,NISHA,NISHA,NISHA-CREAM BURGUNDY 3.16-COLORENT 20G,PLPCH,40.000 GM,,BURGUNDY,40.0,GM,0.0
2022-06-27,202206,122528029,1656225762079,99763866.0,123,PUJA SOAP & HOUSEHOLD PROD-NPL,MALA,MALA LAUNDRY SOAP\300\GM,50.0,PPH,300 GM,New SKU,1656225762079-puja soap - household prod-npl-mala.png,RECODING,5,1,99763866,75.76305389404297,123,PUJA SOAP & HOUSEHOLD PROD-NPL,MALA,MALA,MALA-LAUNDRY SOAP PPH 300 GM,PLPCH,300.000 GM,,,300.0,GM,50.0
2022-06-27,202206,122528029,1656225762079,99763866.0,123,PUJA SOAP & HOUSEHOLD PROD-NPL,MALA,MALA LAUNDRY SOAP\300\GM,50.0,PPH,300 GM,New SKU,1656225762079-puja soap - household prod-npl-mala.png,RECODING,5,2,99762992,91.13433074951172,123,PUJA SOAP & HOUSEHOLD PROD-NPL,SELFY,SELFY,SELFY-LAUNDRY SOAP PPH 3*167 GM [500GM],PLPCH,167.000 GM,,,500.0,GM,100.0
2022-06-27,202206,122528029,1656225762079,99763866.0,123,PUJA SOAP & HOUSEHOLD PROD-NPL,MALA,MALA LAUNDRY SOAP\300\GM,50.0,PPH,300 GM,New SKU,1656225762079-puja soap - household prod-npl-mala.png,RECODING,5,3,48713,92.79042053222656,123,PUJA SOAP & HOUSEHOLD PROD-NPL,PUJA,PUJA,PUJA-PPH 210 GM,PLPCH,210.000 GM,,,210.0,GM,0.0
2022-06-27,202206,122528029,1656225531393,99763867.0,123,JAY GANESH LIGA INDUSTRIES,LIVA LAUNDRY SOAP,LIVA LAUNDRY SOAP\200\GM,45.0,PPH,200 GM,New SKU,1656225531393-jay ganesh liga industries-liva laundry soap.png,RECODING,5,1,99763867,87.20487213134766,123,JAY GANESH LIVA INDUSTRIES-NEPAL,LIVA,LIVA,LIVA-LAUNDRY SOAP PPH 200 GM,PLPCH,200.000 GM,,,200.0,GM,45.0
2022-06-27,202206,122528029,1656225531393,99763867.0,123,JAY GANESH LIGA INDUSTRIES,LIVA LAUNDRY SOAP,LIVA LAUNDRY SOAP\200\GM,45.0,PPH,200 GM,New SKU,1656225531393-jay ganesh liga industries-liva laundry soap.png,RECODING,5,2,99763406,136.14306640625,123,RAUTAMAI SABUN RA SURF UDYG-NP,RAUTA,RAUTA,RAUTA-LAUNDRY SOAP PPH 200 GM,PLPCH,200.000 GM,,,200.0,GM,40.0
2022-06-27,202206,122528029,1656225531393,99763867.0,123,JAY GANESH LIGA INDUSTRIES,LIVA LAUNDRY SOAP,LIVA LAUNDRY SOAP\200\GM,45.0,PPH,200 GM,New SKU,1656225531393-jay ganesh liga industries-liva laundry soap.png,RECODING,5,3,99764618,137.00112915039062,123,GAURISHANKAR SABUN UDHYOG-NEPAL,PANASH,PANASH,PANASH-LAUNDRY SOAP PPH 200 GM,PLPCH,200.000 GM,,,200.0,GM,40.0
2022-06-27,202206,126759332,1656041986838,99763860.0,106,SUJAL FOODS PVT LTD-NEPAL,SUJAL WHITE BIRD,SUJAL WHITE BIRDS/SOFT MILKY CANDY/2.8GM/PPH,1.0,PPH,2.8GM,,1656041986838-sujal foods pvt ltd-nepal-sujal white bird.png,RECODING,5,1,99764916,64.70308685302734,106,SUJAL FOODS PVT LTD-NEPAL,SUJAL,SUJAL WHITE BIRDS,SUJAL WHITE BIRDS- SOFT MILKY CANDY PCN 1680 GM,PLJAR,1680.000 GM,MILK,,1680.0,GM,530.0
2022-06-27,202206,126759332,1656041986838,99763860.0,106,SUJAL FOODS PVT LTD-NEPAL,SUJAL WHITE BIRD,SUJAL WHITE BIRDS/SOFT MILKY CANDY/2.8GM/PPH,1.0,PPH,2.8GM,,1656041986838-sujal foods pvt ltd-nepal-sujal white bird.png,RECODING,5,2,99764652,65.37139892578125,106,SUJAL FOODS PVT LTD-NEPAL,SUJAL,SUJAL WHITE BIRDS,SUJAL WHITE BIRDS- SOFT MILKY CANDY PCN 560 GM,PLJAR,560.000 GM,MILK,,560.0,GM,165.0
2022-06-27,202206,126759332,1656041986838,99763860.0,106,SUJAL FOODS PVT LTD-NEPAL,SUJAL WHITE BIRD,SUJAL WHITE BIRDS/SOFT MILKY CANDY/2.8GM/PPH,1.0,PPH,2.8GM,,1656041986838-sujal foods pvt ltd-nepal-sujal white bird.png,RECODING,5,3,99764752,65.7935791015625,106,SUJAL FOODS PVT LTD-NEPAL,SUJAL,SUJAL WHITE BIRDS,SUJAL WHITE BIRDS- SOFT MILKY CANDY PPH 280 GM,PLPCH,280.000 GM,MILK,,280.0,GM,165.0
2022-06-27,202206,124621587,1656059402743,99763410.0,117,UNILEVER NEPAL LTD-NEPAL,CLEAR ANTIDANDRUFF,CLEAR ANTI DANDRUFF/ADVANCED ANTI-HAIRFALL/325ML/PBT,350.0,PBT,325ML,,1656059402743-unilever nepal ltd-nepal-clear antidandruff.png,CROSS CODING,2,1,99763410,76.71365356445312,117,UNILEVER NEPAL LTD-NEPAL,CLEAR,CLEAR ANTIDANDRUFF,CLEAR ANTIDANDRUFF-ANTI HAIR FALL PBT 325 ML,PLBOT,325.000 ML,,,325.0,ML,250.0
2022-06-27,202206,124621587,1656059402743,99763410.0,117,UNILEVER NEPAL LTD-NEPAL,CLEAR ANTIDANDRUFF,CLEAR ANTI DANDRUFF/ADVANCED ANTI-HAIRFALL/325ML/PBT,350.0,PBT,325ML,,1656059402743-unilever nepal ltd-nepal-clear antidandruff.png,CROSS CODING,2,2,92118435,77.392822265625,117,UNILEVER NEPAL LTD-NEPAL,CLEAR,CLEAR ANTIDANDRUFF,CLEAR ANTIDANDRUFF-HAIR FALL DEFENCE PBT 200ML,PLBOT,200.000 ML,,,200.0,ML,0.0
2022-06-27,202206,124621587,1656059402743,99763410.0,117,UNILEVER NEPAL LTD-NEPAL,CLEAR ANTIDANDRUFF,CLEAR ANTI DANDRUFF/ADVANCED ANTI-HAIRFALL/325ML/PBT,350.0,PBT,325ML,,1656059402743-unilever nepal ltd-nepal-clear antidandruff.png,CROSS CODING,2,3,92126649,78.26106262207031,117,UNILEVER NEPAL LTD-NEPAL,CLEAR,CLEAR ANTIDANDRUFF,CLEAR ANTIDANDRUFF-ANTI HAIR FALL PBT 350ML,PLBOT,350.000 ML,,,350.0,ML,0.0
2022-06-27,202206,130851344,1656038921432,99763864.0,118,REVIVE INNOVATIONS PVT.LTD,FLAVIGO,FLAVIGO\180ML\CAN\ALMOND DRINK INDIA ,80.0,CAN,180ML,,1656038921432-revive innovations pvt-ltd-flavigo.png,RECODING,5,1,99763864,75.85858154296875,118,REVIVE INNOVATIONS PVT LTD-INDIA,FLAVIGO,FLAVIGO BADAM DRINK,BADAM DRINK CAN 180 ML,CAN,180.000 ML,ALMOND,,180.0,ML,80.0
2022-06-27,202206,130851344,1656038921432,99763864.0,118,REVIVE INNOVATIONS PVT.LTD,FLAVIGO,FLAVIGO\180ML\CAN\ALMOND DRINK INDIA ,80.0,CAN,180ML,,1656038921432-revive innovations pvt-ltd-flavigo.png,RECODING,5,2,99765361,149.0982666015625,118,BIKANERVALA FOODS PVT. LTD.-INDIA,BIKANO,BIKANO BADAM DRINK,BADAM DRINK CAN 180 ML,CAN,180.000 ML,ALMOND,,180.0,ML,100.0
2022-06-27,202206,130851344,1656038921432,99763864.0,118,REVIVE INNOVATIONS PVT.LTD,FLAVIGO,FLAVIGO\180ML\CAN\ALMOND DRINK INDIA ,80.0,CAN,180ML,,1656038921432-revive innovations pvt-ltd-flavigo.png,RECODING,5,3,52572,151.04331970214844,118,TULYA BEVERAGE PVT LTD-INDIA,ADPL,ADPL,BADAM DRINK CAN 180 ML,CAN,180.000 ML,ALMOND,,180.0,ML,0.0
2022-06-28,202206,124769721,1656324740348,99763870.0,123,SHIVANI DETERGENTS-INDIA,SARGAM SHINE,SARGAM SHINE/150GM/PPH/3+1 FREE,20.0,PPH,150GM ,,1656324740348-shivani detergents-india-sargam shine.png,RECODING,5,1,48723,58.872459411621094,123,SHIVANI DETERGENTS-INDIA,SARGAM,SARGAM SHINE,SARGAM SHINE-PPH 90 GM+10 GM FREE,PLPCH,90.000 GM,,,100.0,GM,0.0
2022-06-28,202206,124769721,1656324740348,99763870.0,123,SHIVANI DETERGENTS-INDIA,SARGAM SHINE,SARGAM SHINE/150GM/PPH/3+1 FREE,20.0,PPH,150GM ,,1656324740348-shivani detergents-india-sargam shine.png,RECODING,5,2,99763324,58.97901153564453,123,SHIVANI DETERGENTS-INDIA,SARGAM,SARGAM SHINE,SARGAM SHINE-PPH 80 GM+10 GM FREE,PLPCH,80.000 GM,,,90.0,GM,8.0
2022-06-28,202206,124769721,1656324740348,99763870.0,123,SHIVANI DETERGENTS-INDIA,SARGAM SHINE,SARGAM SHINE/150GM/PPH/3+1 FREE,20.0,PPH,150GM ,,1656324740348-shivani detergents-india-sargam shine.png,RECODING,5,3,99763104,59.343482971191406,123,SHIVANI DETERGENTS-INDIA,SARGAM,SARGAM SHINE,SARGAM SHINE-PPH 65 GM+10 GM FREE,PLPCH,65.000 GM,,,75.0,GM,10.0
2022-06-28,202206,124902886,1656320142636,99763871.0,123,RAGHAV SURFACTANTS PVT.LTD INDIA ,JAY PREMIUM ,JAY PREMIUM/DETERGENT CAKE/170GM/PPH,20.0,PPH,170GM ,,1656320142636-raghav surfactants pvt-ltd india -jay premium .png,RECODING,5,1,99763871,58.50403594970703,123,RAGHAV SURFACTANT PVT LTD-IN,JAY,JAY PREMIUM,JAY PREMIUM-DETERGENT CAKE PPH 170 GM,PLPCH,170.000 GM,,,170.0,GM,20.0
2022-06-28,202206,124902886,1656320142636,99763871.0,123,RAGHAV SURFACTANTS PVT.LTD INDIA ,JAY PREMIUM ,JAY PREMIUM/DETERGENT CAKE/170GM/PPH,20.0,PPH,170GM ,,1656320142636-raghav surfactants pvt-ltd india -jay premium .png,RECODING,5,2,99763977,77.70097351074219,123,RAGHAV SURFACTANT PVT LTD-IN,JAY,JAY GREEN,JAY GREEN-DETERGENT CAKE PPH 250 GM,PLPCH,250.000 GM,,,250.0,GM,20.0
2022-06-28,202206,124902886,1656320142636,99763871.0,123,RAGHAV SURFACTANTS PVT.LTD INDIA ,JAY PREMIUM ,JAY PREMIUM/DETERGENT CAKE/170GM/PPH,20.0,PPH,170GM ,,1656320142636-raghav surfactants pvt-ltd india -jay premium .png,RECODING,5,3,50747,105.7911376953125,123,ALOK UDHYOG SAMITI-INDIA,JAY,JAY,JAY-GREEN DETERGENT CAKE PPH 150 GM,PLPCH,150.000 GM,,,150.0,GM,0.0
2022-06-28,202206,124902886,1656320266176,99763872.0,123,JAY ENTERPRISES-INDIA,DEEPAK,DEEPAK DETERGENT CAKE/120GM/PPH,10.0,PPH,120GM ,,1656320266176-jay enterprises-india-deepak.png,RECODING,5,1,99763872,78.0663070678711,123,JAY ENTERPRISES-INDIA,DEEPAK,DEEPAK,DEEPAK-DETERGENT CAKE PPH 120 GM,PLPCH,120.000 GM,,,120.0,GM,10.0
2022-06-28,202206,124902886,1656320266176,99763872.0,123,JAY ENTERPRISES-INDIA,DEEPAK,DEEPAK DETERGENT CAKE/120GM/PPH,10.0,PPH,120GM ,,1656320266176-jay enterprises-india-deepak.png,RECODING,5,2,47363,81.81584930419922,123,JAY ENTERPRISES-INDIA,DEEPAK,DEEPAK,DEEPAK-DETERGENT CAKE PPH 160 GM,PLPCH,160.000 GM,,,160.0,GM,0.0
2022-06-28,202206,124902886,1656320266176,99763872.0,123,JAY ENTERPRISES-INDIA,DEEPAK,DEEPAK DETERGENT CAKE/120GM/PPH,10.0,PPH,120GM ,,1656320266176-jay enterprises-india-deepak.png,RECODING,5,3,50747,107.02296447753906,123,ALOK UDHYOG SAMITI-INDIA,JAY,JAY,JAY-GREEN DETERGENT CAKE PPH 150 GM,PLPCH,150.000 GM,,,150.0,GM,0.0
2022-06-28,202206,111361128,1655793248117,99763850.0,123,KWALITY CHEM PVT LTD-NEPAL,DIAL ,DIAL/250/GM/PPH,55.0,PPH,250 GM,,1655793248117-kwality chem pvt ltd-nepal-dial .png,RECODING,5,1,48726,100.19265747070312,123,KWALITY CHEM PVT LTD-NEPAL,KWALITY,KWALITY,KWALITY-PPH 950 GM,PLPCH,950.000 GM,,,950.0,GM,0.0
2022-06-28,202206,111361128,1655793248117,99763850.0,123,KWALITY CHEM PVT LTD-NEPAL,DIAL ,DIAL/250/GM/PPH,55.0,PPH,250 GM,,1655793248117-kwality chem pvt ltd-nepal-dial .png,RECODING,5,2,93019445,101.6916732788086,122,KWALITY SOAPS & CHEM. - NEPAL,DIAL,DIAL,DIAL-PPH 400 GMS,PLPCH,400.000 GM,,,400.0,GM,0.0
2022-06-28,202206,111361128,1655793248117,99763850.0,123,KWALITY CHEM PVT LTD-NEPAL,DIAL ,DIAL/250/GM/PPH,55.0,PPH,250 GM,,1655793248117-kwality chem pvt ltd-nepal-dial .png,RECODING,5,3,54384,101.87059020996094,123,KWALITY CHEM PVT LTD-NEPAL,KWALITY,KWALITY,KWALITY-DIAL HERB NE&LEM PPH175G+25GFR,PLPCH,175.000 GM,,,200.0,GM,0.0
2022-06-28,202206,2110203260,1656314441083,99763869.0,105,SURYA NEPAL PVT LTD - NEPAL,NAULO BURST,NAULO BURST/HL 20 NOS,175.0,HL,20 NOS,,1656314441083-surya nepal pvt ltd - nepal-naulo burst.png,RECODING,5,1,99763869,97.72093200683594,105,SURYA NEPAL PVT LTD - NEPAL,NAULO,NAULO BURST,HL 20'S,HL,20,FRESH,,20.0,NO,175.0
2022-06-28,202206,2110203260,1656314441083,99763869.0,105,SURYA NEPAL PVT LTD - NEPAL,NAULO BURST,NAULO BURST/HL 20 NOS,175.0,HL,20 NOS,,1656314441083-surya nepal pvt ltd - nepal-naulo burst.png,RECODING,5,2,99765090,148.56475830078125,105,SURYA NEPAL PVT LTD - NEPAL,SURYA,SURYA DUAL BURST,HL 20'S,HL,20,FRESH,,20.0,NO,320.0
2022-06-28,202206,2110203260,1656314441083,99763869.0,105,SURYA NEPAL PVT LTD - NEPAL,NAULO BURST,NAULO BURST/HL 20 NOS,175.0,HL,20 NOS,,1656314441083-surya nepal pvt ltd - nepal-naulo burst.png,RECODING,5,3,48587,156.78692626953125,105,SURYA NEPAL PVT LTD - NEPAL,SURYA,SURYA 24 CARAT ARCTIC BURST,HL 20'S,HL,20,FRESH,,20.0,NO,300.0
2022-06-28,202206,2110202142,1656314441083,99763869.0,105,SURYA NEPAL PVT LTD - NEPAL,NAULO BURST,NAULO BURST/HL 20 NOS,200.0,HL,20 NOS,,1656314441083-surya nepal pvt ltd - nepal-naulo burst.png,RECODING,5,1,99763869,98.15607452392578,105,SURYA NEPAL PVT LTD - NEPAL,NAULO,NAULO BURST,HL 20'S,HL,20,FRESH,,20.0,NO,175.0
2022-06-28,202206,2110202142,1656314441083,99763869.0,105,SURYA NEPAL PVT LTD - NEPAL,NAULO BURST,NAULO BURST/HL 20 NOS,200.0,HL,20 NOS,,1656314441083-surya nepal pvt ltd - nepal-naulo burst.png,RECODING,5,2,99765090,147.82049560546875,105,SURYA NEPAL PVT LTD - NEPAL,SURYA,SURYA DUAL BURST,HL 20'S,HL,20,FRESH,,20.0,NO,320.0
2022-06-28,202206,2110202142,1656314441083,99763869.0,105,SURYA NEPAL PVT LTD - NEPAL,NAULO BURST,NAULO BURST/HL 20 NOS,200.0,HL,20 NOS,,1656314441083-surya nepal pvt ltd - nepal-naulo burst.png,RECODING,5,3,48587,155.73858642578125,105,SURYA NEPAL PVT LTD - NEPAL,SURYA,SURYA 24 CARAT ARCTIC BURST,HL 20'S,HL,20,FRESH,,20.0,NO,300.0
2022-06-29,202206,126893914,1656320925216,99763878.0,123,BABA SOAP INDUSTRIES - NEPAL,BABA BOSS,BABA BOSS SPL SUPER/100GM/PPH/BABA SOAP INDUSTRIES - NEPAL,20.0,PPH,100GM,,1656320925216-baba soap industries - nepal-baba boss.png,RECODING,5,1,99763878,101.76657104492188,123,BABA SOAP INDUSTRIES - NEPAL,BOSS,BOSS,BOSS-SPL SUPER LAUNDRY SOAP PPH 100 GM,PLPCH,100.000 GM,,,100.0,GM,20.0
2022-06-29,202206,126893914,1656320925216,99763878.0,123,BABA SOAP INDUSTRIES - NEPAL,BABA BOSS,BABA BOSS SPL SUPER/100GM/PPH/BABA SOAP INDUSTRIES - NEPAL,20.0,PPH,100GM,,1656320925216-baba soap industries - nepal-baba boss.png,RECODING,5,2,92924978,116.01290130615234,123,BABA SOAP & CHEMICAL-NEPAL,BOSS,BOSS,BOSS-UNWRP 200 GMS,UNWRP,200.000 GM,,,200.0,GM,0.0
2022-06-29,202206,126893914,1656320925216,99763878.0,123,BABA SOAP INDUSTRIES - NEPAL,BABA BOSS,BABA BOSS SPL SUPER/100GM/PPH/BABA SOAP INDUSTRIES - NEPAL,20.0,PPH,100GM,,1656320925216-baba soap industries - nepal-baba boss.png,RECODING,5,3,54337,117.01268005371094,123,BABA SOAP INDUSTRIES - NEPAL,BABA,BABA MAGIC,BABA MAGIC-SPL SUPER PPH 3*200 GM,PLPCH,200.000 GM,,,600.0,GM,0.0
2022-06-29,202206,125439446,1656394603048,99763875.0,118,SN TOP BEVERAGE PVT LTD CHANGU NARAYAN -2,AQUA KARNALI ,AQUA KARNALI\2000\ML,40.0,JAR,2000 ML,New SKU,1656394603048-sn top beverage pvt ltd changu narayan -2-aqua karnali .png,RECODING,5,1,99763875,94.90616607666016,118,SN TOP BEVERAGE PVT LTD-NEPAL,AQUA KARNALI ,AQUA KARNALI ,JAR 20000 ML,JAR,20000.000 ML,,,20000.0,ML,40.0
2022-06-29,202206,125439446,1656394603048,99763875.0,118,SN TOP BEVERAGE PVT LTD CHANGU NARAYAN -2,AQUA KARNALI ,AQUA KARNALI\2000\ML,40.0,JAR,2000 ML,New SKU,1656394603048-sn top beverage pvt ltd changu narayan -2-aqua karnali .png,RECODING,5,2,99763981,131.54409790039062,118,N.B BEVERAGE PVT LTD-NEPAL,AQUA 2N,AQUA 2N,JAR 19000 ML,JAR,19000.000 ML,,,19000.0,ML,50.0
2022-06-29,202206,125439446,1656394603048,99763875.0,118,SN TOP BEVERAGE PVT LTD CHANGU NARAYAN -2,AQUA KARNALI ,AQUA KARNALI\2000\ML,40.0,JAR,2000 ML,New SKU,1656394603048-sn top beverage pvt ltd changu narayan -2-aqua karnali .png,RECODING,5,3,53866,146.5825653076172,118,B & S KHANEPAL UDYG-NP,AQUA SAIRASH,AQUA SAIRASH,JAR 19000 ML,JAR,19000.000 ML,,,19000.0,ML,0.0
2022-06-29,202206,124768422,1656405177143,99763873.0,117,UNILEVER NEPAL LTD-NEPAL,SUNSILK BLACK STUNNING BLACK SHINE,SUNSILK STUNNING  BLACK SHINE\325\ML,300.0,PBT,325 ML,New SKU,1656405177143-unilever nepal ltd-nepal-sunsilk black stunning black shine.png,RECODING,5,1,99763873,71.28192138671875,117,UNILEVER NEPAL LTD-NEPAL,SUNSILK,SUNSILK STUNNING BLACK SHINE,SUNSILK STUNNING BLACK SHINE-PBT 325 ML,PLBOT,325.000 ML,,,325.0,ML,290.0
2022-06-29,202206,124768422,1656405177143,99763873.0,117,UNILEVER NEPAL LTD-NEPAL,SUNSILK BLACK STUNNING BLACK SHINE,SUNSILK STUNNING  BLACK SHINE\325\ML,300.0,PBT,325 ML,New SKU,1656405177143-unilever nepal ltd-nepal-sunsilk black stunning black shine.png,RECODING,5,2,99763688,74.04067993164062,117,UNILEVER NEPAL LTD-NEPAL,SUNSILK,SUNSILK STUNNING BLACK SHINE,SUNSILK STUNNING BLACK SHINE-SCT 6 ML,PLSCH,6.000 ML,,,6.0,ML,2.0
2022-06-29,202206,124768422,1656405177143,99763873.0,117,UNILEVER NEPAL LTD-NEPAL,SUNSILK BLACK STUNNING BLACK SHINE,SUNSILK STUNNING  BLACK SHINE\325\ML,300.0,PBT,325 ML,New SKU,1656405177143-unilever nepal ltd-nepal-sunsilk black stunning black shine.png,RECODING,5,3,51102,74.27842712402344,117,UNILEVER NEPAL LTD-NEPAL,SUNSILK,SUNSILK STUNNING BLACK SHINE,SUNSILK STUNNING BLACK SHINE-PBT 350 ML,PLBOT,350.000 ML,,,350.0,ML,0.0
2022-06-29,202206,114733170,1656400750443,99763514.0,118,DABUR NEPAL LTD.-NEPAL,REAL MANGO,REAL MANGO\200\ML,35.0,PBT,200ML,,1656400750443-dabur nepal ltd--nepal-real mango.png,CROSS CODING,2,1,20110164,115.56739807128906,118,DABUR NEPAL LTD.-NEPAL,REAL,REAL,MANGO NECTOR TPK 200 ML,TPK,200.000 ML,MANGO,,200.0,ML,0.0
2022-06-29,202206,114733170,1656400750443,99763514.0,118,DABUR NEPAL LTD.-NEPAL,REAL MANGO,REAL MANGO\200\ML,35.0,PBT,200ML,,1656400750443-dabur nepal ltd--nepal-real mango.png,CROSS CODING,2,2,51307,116.71365356445312,118,DABUR NEPAL LTD.-NEPAL,REAL,REAL BURRST,MANGO TPK 200 ML,TPK,200.000 ML,MANGO,,200.0,ML,0.0
2022-06-29,202206,114733170,1656400750443,99763514.0,118,DABUR NEPAL LTD.-NEPAL,REAL MANGO,REAL MANGO\200\ML,35.0,PBT,200ML,,1656400750443-dabur nepal ltd--nepal-real mango.png,CROSS CODING,2,3,20121645,119.2882308959961,118,DABUR NEPAL LTD.-NEPAL,REAL,REAL,MANGO TPK 125 ML,TPK,125.000 ML,MANGO,,125.0,ML,0.0
2022-06-29,202206,113396403,1656399790601,99763879.0,123,DEUTI SOAP & CHEMICAL-NEPAL,BHERI,BHERI\100\GM,10.0,EWP,100GM,,1656399790601-deuti soap - chemical-nepal-bheri.png,RECODING,5,1,99763448,101.25479888916016,122,DEUTI SOAP & CHEMICAL-NEPAL,BHERI,BHERI,BHERI-ULTRA WASH PPH 1000 GM,PLPCH,1000.000 GM,,,1000.0,GM,85.0
2022-06-29,202206,113396403,1656399790601,99763879.0,123,DEUTI SOAP & CHEMICAL-NEPAL,BHERI,BHERI\100\GM,10.0,EWP,100GM,,1656399790601-deuti soap - chemical-nepal-bheri.png,RECODING,5,2,99763180,101.91642761230469,122,DEUTI SOAP & CHEMICAL-NEPAL,BHERI,BHERI,BHERI-ULTRA WASH PPH 500 GM,PLPCH,500.000 GM,,,500.0,GM,45.0
2022-06-29,202206,113396403,1656399790601,99763879.0,123,DEUTI SOAP & CHEMICAL-NEPAL,BHERI,BHERI\100\GM,10.0,EWP,100GM,,1656399790601-deuti soap - chemical-nepal-bheri.png,RECODING,5,3,99763879,102.36222839355469,123,DEUTI SOAP & CHEMICAL-NEPAL,BHERI,BHERI,BHERI-COMPLETE WASH EWP 100 GM,EWRPK,100.000 GM,,,100.0,GM,10.0
2022-06-29,202206,128416572,1656404690774,99763880.0,123,GOLDEN STAR SOAP IND-NEPAL,HERO,HERO PPH 200GM,40.0,PPH,200GM,,1656404690774-golden star soap ind-nepal-hero.png,RECODING,5,1,99763880,69.6514892578125,123,GOLDEN STAR SOAP IND-NEPAL,HERO,HERO,HERO-PPH 200 GM,PLPCH,200.000 GM,,,200.0,GM,40.0
2022-06-29,202206,128416572,1656404690774,99763880.0,123,GOLDEN STAR SOAP IND-NEPAL,HERO,HERO PPH 200GM,40.0,PPH,200GM,,1656404690774-golden star soap ind-nepal-hero.png,RECODING,5,2,99763232,71.93603515625,123,GOLDEN STAR SOAP IND-NEPAL,HERO,HERO,HERO-PPH 250 GM,PLPCH,250.000 GM,,,250.0,GM,40.0
2022-06-29,202206,128416572,1656404690774,99763880.0,123,GOLDEN STAR SOAP IND-NEPAL,HERO,HERO PPH 200GM,40.0,PPH,200GM,,1656404690774-golden star soap ind-nepal-hero.png,RECODING,5,3,99763455,72.5094223022461,123,GOLDEN STAR SOAP IND-NEPAL,HERO,HERO,HERO-PPH 300 GM,PLPCH,300.000 GM,,,300.0,GM,50.0
2022-06-29,202206,128416572,1656405754338,99763874.0,117,DABUR NEPAL LTD.-NEPAL,DABUR VATIKA BLACK SHINE,DABUR VATIKA BLACK SHINE PBT 170ML,135.0,PBT,170ML,,1656405754338-dabur nepal ltd--nepal-dabur vatika black shine.png,RECODING,5,1,92160813,85.16466522216797,117,DABUR NEPAL LTD.-NEPAL,DABUR,DABUR VATIKA BLACK SHINE,DABUR VATIKA BLACK SHINE-PBT500M+200M DBRVTKBLKSHN SHM,PLBOT,500.000 ML,,,500.0,ML,0.0
2022-06-29,202206,128416572,1656405754338,99763874.0,117,DABUR NEPAL LTD.-NEPAL,DABUR VATIKA BLACK SHINE,DABUR VATIKA BLACK SHINE PBT 170ML,135.0,PBT,170ML,,1656405754338-dabur nepal ltd--nepal-dabur vatika black shine.png,RECODING,5,2,92118606,85.64014434814453,117,DABUR NEPAL LTD.-NEPAL,DABUR,DABUR VATIKA BLACK SHINE,DABUR VATIKA BLACK SHINE-PBT 500 ML,PLBOT,500.000 ML,,,500.0,ML,0.0
2022-06-29,202206,128416572,1656405754338,99763874.0,117,DABUR NEPAL LTD.-NEPAL,DABUR VATIKA BLACK SHINE,DABUR VATIKA BLACK SHINE PBT 170ML,135.0,PBT,170ML,,1656405754338-dabur nepal ltd--nepal-dabur vatika black shine.png,RECODING,5,3,92160638,88.3494644165039,117,DABUR NEPAL LTD.-NEPAL,DABUR,DABUR VATIKA BLACK SHINE,DABUR VATIKA BLACK SHINE-PBT 200M+50M DABR SPL HOIL,PLBOT,200.000 ML,,,200.0,ML,0.0
2022-06-29,202206,130379757,1656404581957,99763876.0,118,SAI FOOD PRODUCT-NEPAL ,MAYA MANGO,MAYA MANGO/MANGO/200ML/PBT,30.0,PBT,200ML ,,1656404581957-sai food product-nepal -maya mango.png,RECODING,5,1,99763876,86.90624237060547,118,SAI FOOD PRODUCT-NEPAL ,MAYA,MAYA,MANGO PET 200 ML,PET,200.000 ML,MANGO,,200.0,ML,30.0
2022-06-29,202206,130379757,1656404581957,99763876.0,118,SAI FOOD PRODUCT-NEPAL ,MAYA MANGO,MAYA MANGO/MANGO/200ML/PBT,30.0,PBT,200ML ,,1656404581957-sai food product-nepal -maya mango.png,RECODING,5,2,20110695,144.82339477539062,118,HIMALAYA FOOD & BEV.  - NEPAL,ENJOY,ENJOY,MANGO TPK 200 ML,TPK,200.000 ML,MANGO,,200.0,ML,0.0
2022-06-29,202206,130379757,1656404581957,99763876.0,118,SAI FOOD PRODUCT-NEPAL ,MAYA MANGO,MAYA MANGO/MANGO/200ML/PBT,30.0,PBT,200ML ,,1656404581957-sai food product-nepal -maya mango.png,RECODING,5,3,52575,146.32644653320312,118,SURYA FOOD PROCESSING-NEPAL,NIKKU,NIKKU,MANGO PET 170 ML,PET,170.000 ML,MANGO,,170.0,ML,0.0
2022-06-29,202206,128811617,1656383259687,99763877.0,120,VVF LTD - INDIA,JO,JO\36GM\EWP\LIME SAVE RS.9.6 BUY 4+1 FREE,48.0,EWP,36GM,,1656383259687-vvf ltd - india-jo.png,RECODING,5,1,99763877,88.70217895507812,120,VVF LTD - INDIA,JO,JO,JO-LIME SPARKLING FRESH EWP 5*36 GM+BUY 4 GET 1 FREE,EWRPK,36.000 GM,,,180.0,GM,48.0
2022-06-29,202206,128811617,1656383259687,99763877.0,120,VVF LTD - INDIA,JO,JO\36GM\EWP\LIME SAVE RS.9.6 BUY 4+1 FREE,48.0,EWP,36GM,,1656383259687-vvf ltd - india-jo.png,RECODING,5,2,99763090,97.26304626464844,120,VVF LTD - INDIA,JO,JO,JO-LIME SPARKLING FRESH EWP 5*40 GM+BUY 4 GET 1 FREE,EWRPK,40.000 GM,,,200.0,GM,48.0
2022-06-29,202206,128811617,1656383259687,99763877.0,120,VVF LTD - INDIA,JO,JO\36GM\EWP\LIME SAVE RS.9.6 BUY 4+1 FREE,48.0,EWP,36GM,,1656383259687-vvf ltd - india-jo.png,RECODING,5,3,99762954,100.5882339477539,120,VVF LTD - INDIA,JO,JO,JO-LIME SPARKLING FRESH EWP 5*100 GM+BUY 3 GET 2 FREE,EWRPK,100.000 GM,,,500.0,GM,145.0
2022-06-30,202206,128702098,1656481356474,99763292.0,121,COLGATE PALMOLIVE- NEPAL,COLGATE MAX FRESH GEL,COLGATE MAX FRESH \18GM\TUBE\COOLING CRYSTAL ,20.0,TUBE,18GM,,1656481356474-colgate palmolive- nepal-colgate max fresh gel.png,CROSS CODING,2,1,54904,91.34307861328125,121,COLGATE PALMOLIVE- NEPAL,COLGATE,COLGATE MAX FRESH GEL,COLGATE MAX FRESH GEL-REDCLNG CRYS TUB 20GM+15% EX[3G],TUBE,20.000 GM,,,23.0,GM,0.0
2022-06-30,202206,128702098,1656481356474,99763292.0,121,COLGATE PALMOLIVE- NEPAL,COLGATE MAX FRESH GEL,COLGATE MAX FRESH \18GM\TUBE\COOLING CRYSTAL ,20.0,TUBE,18GM,,1656481356474-colgate palmolive- nepal-colgate max fresh gel.png,CROSS CODING,2,2,51369,93.55378723144531,121,COLGATE PALMOLIVE- NEPAL,COLGATE,COLGATE MAX FRESH GEL,COLGATE MAX FRESH GEL-RED COOLNG CRYSTL TUB 70GM,TUBE,70.000 GM,,,70.0,GM,0.0
2022-06-30,202206,128702098,1656481356474,99763292.0,121,COLGATE PALMOLIVE- NEPAL,COLGATE MAX FRESH GEL,COLGATE MAX FRESH \18GM\TUBE\COOLING CRYSTAL ,20.0,TUBE,18GM,,1656481356474-colgate palmolive- nepal-colgate max fresh gel.png,CROSS CODING,2,3,53122,93.97105407714844,121,COLGATE PALMOLIVE- NEPAL,COLGATE,COLGATE MAX FRESH GEL,COLGATE MAX FRESH GEL-RED COOLING CRYST TUB 20 GM,TUBE,20.000 GM,,,20.0,GM,0.0
2022-06-30,202206,128702098,1656479874078,99763881.0,120,UNILEVER NEPAL LTD-NEPAL,LIFE BUOY TOTAL PROTECT,LIFE BUOY\95GM\EWP\TOTAL PROTECT ACTIVE SILVER SAVE RS.5.00,155.0,EWP,95GM,,1656479874078-unilever nepal ltd-nepal-life buoy total protect.png,RECODING,5,1,99763881,55.16855239868164,120,UNILEVER NEPAL LTD-NEPAL,LIFE BUOY,LIFE BUOY TOTAL PROTECT,LIFE BUOY TOTAL PROTECT-ACTIV SILVER EWP 4*95 GM+SAVE RS 5,EWRPK,95.000 GM,,,380.0,GM,155.0
2022-06-30,202206,128702098,1656479874078,99763881.0,120,UNILEVER NEPAL LTD-NEPAL,LIFE BUOY TOTAL PROTECT,LIFE BUOY\95GM\EWP\TOTAL PROTECT ACTIVE SILVER SAVE RS.5.00,155.0,EWP,95GM,,1656479874078-unilever nepal ltd-nepal-life buoy total protect.png,RECODING,5,2,99764478,57.72945785522461,120,UNILEVER NEPAL LTD-NEPAL,LIFE BUOY,LIFE BUOY TOTAL PROTECT,LIFE BUOY TOTAL PROTECT-ACTIV SILVER EWP 4*90 GM+SAVE RS 5,EWRPK,90.000 GM,,,360.0,GM,155.0
2022-06-30,202206,128702098,1656479874078,99763881.0,120,UNILEVER NEPAL LTD-NEPAL,LIFE BUOY TOTAL PROTECT,LIFE BUOY\95GM\EWP\TOTAL PROTECT ACTIVE SILVER SAVE RS.5.00,155.0,EWP,95GM,,1656479874078-unilever nepal ltd-nepal-life buoy total protect.png,RECODING,5,3,99763348,58.12163162231445,120,UNILEVER NEPAL LTD-NEPAL,LIFE BUOY,LIFE BUOY TOTAL PROTECT,LIFE BUOY TOTAL PROTECT-ACTIV SILVER EWP 4*95 GM+SAVE RS10,EWRPK,95.000 GM,,,380.0,GM,138.0
2022-06-30,202206,111909057,1656488022808,99763882.0,123,MAHAKALI OLIYO CHEM - NEPAL,ROCKY,ROCKY/LAUNDRY SOAP,50.0,PPH,250 GM,,1656488022808-mahakali oliyo chem - nepal-rocky.png,RECODING,5,1,99762767,114.50955200195312,123,NAMASTE S.I (P)-NEPAL,JUN,JUN,JUN-LAUNDRY SOAP PPH 500 GM,PLPCH,500.000 GM,,,500.0,GM,100.0
2022-06-30,202206,111909057,1656488022808,99763882.0,123,MAHAKALI OLIYO CHEM - NEPAL,ROCKY,ROCKY/LAUNDRY SOAP,50.0,PPH,250 GM,,1656488022808-mahakali oliyo chem - nepal-rocky.png,RECODING,5,2,99764179,117.94401550292969,123,NAMASTE S.I (P)-NEPAL,JUN,JUN,JUN-LAUNDRY SOAP PPH 200 GM,PLPCH,200.000 GM,,,200.0,GM,40.0
2022-06-30,202206,111909057,1656488022808,99763882.0,123,MAHAKALI OLIYO CHEM - NEPAL,ROCKY,ROCKY/LAUNDRY SOAP,50.0,PPH,250 GM,,1656488022808-mahakali oliyo chem - nepal-rocky.png,RECODING,5,3,51682,122.22940063476562,122,KWALITY SOAPS & CHEM. - NEPAL,123,123,123-PPH 4500 GM,PLPCH,4500.000 GM,,,4500.0,GM,0.0
2022-06-30,202206,130403381,1656487233095,99763883.0,120,KAVIT SOAP INDS-INDIA,DZL SOAP ,DZL SOAP ,200.0,CBP,75GM ,,1656487233095-kavit soap inds-india-dzl soap .png,RECODING,5,1,99763883,120.9666748046875,120,KAVIT SOAP INDS-INDIA,DZL,DZL,DZL-ANTI BACTERIAL & ANTI FUNGAL CBP 75 GM,CDBOX,75.000 GM,,,75.0,GM,200.0
2022-06-30,202206,130403381,1656487233095,99763883.0,120,KAVIT SOAP INDS-INDIA,DZL SOAP ,DZL SOAP ,200.0,CBP,75GM ,,1656487233095-kavit soap inds-india-dzl soap .png,RECODING,5,2,99762756,153.86248779296875,120,KAVIT SOAP INDS-INDIA,KEZOSH,KEZOSH,KEZOSH-ANTI BACTERIAL & ANTI FUNGAL CBP 75 GM,CDBOX,75.000 GM,,,75.0,GM,200.0
2022-06-30,202206,130403381,1656487233095,99763883.0,120,KAVIT SOAP INDS-INDIA,DZL SOAP ,DZL SOAP ,200.0,CBP,75GM ,,1656487233095-kavit soap inds-india-dzl soap .png,RECODING,5,3,99764307,164.89532470703125,123,KARUNA SOAP & CHEMICALS-NEPAL,DHARTI,DHARTI,DHARTI-LAUNDRY SOAP PPH 3*134 GM [400 GM],PLPCH,134.000 GM,,,400.0,GM,100.0
2022-07-01,202206,126777247,1656230479878,92918689.0,123,UNILEVER NEPAL LTD-NEPAL,VIM,VIM POWER OF LEMONS/100GM/EWP,10.0,EWP,100GM ,,1656230479878-unilever nepal ltd-nepal-vim.png,CROSS CODING,2,1,99764627,107.86589050292969,123,UNILEVER NEPAL LTD-NEPAL,VIM,VIM,VIM-WITH POWER OF LEMON EWP 150 GM,EWRPK,150.000 GM,,,150.0,GM,20.0
2022-07-01,202206,126777247,1656230479878,92918689.0,123,UNILEVER NEPAL LTD-NEPAL,VIM,VIM POWER OF LEMONS/100GM/EWP,10.0,EWP,100GM ,,1656230479878-unilever nepal ltd-nepal-vim.png,CROSS CODING,2,2,52774,108.10494232177734,123,UNILEVER NEPAL LTD-NEPAL,VIM,VIM,VIM-POWER OF 100 LEMON EWP 200 GM,EWRPK,200.000 GM,,,200.0,GM,0.0
2022-07-01,202206,126777247,1656230479878,92918689.0,123,UNILEVER NEPAL LTD-NEPAL,VIM,VIM POWER OF LEMONS/100GM/EWP,10.0,EWP,100GM ,,1656230479878-unilever nepal ltd-nepal-vim.png,CROSS CODING,2,3,49686,111.39729309082031,123,UNILEVER NEPAL LTD-NEPAL,VIM,VIM,VIM-POWER OF 100 LEMON EWP 90 GM,EWRPK,90.000 GM,,,90.0,GM,0.0
2022-07-01,202206,126777247,1656580029751,99763884.0,122,GOPAL SOAP INDUSTRIES - NEPAL,V SERIES GHARI,V-SERIES GHARI/DETERGENT POWDER/750GM/PPH,100.0,PPH,750GM ,,1656580029751-gopal soap industries - nepal-v series ghari.png,RECODING,5,1,52051,87.65476989746094,122,GOPAL SOAP INDUSTRIES - NEPAL,V SERIES,V SERIES GHARI,V SERIES GHARI-PPH 3000 GM,PLPCH,3000.000 GM,,,3000.0,GM,0.0
2022-07-01,202206,126777247,1656580029751,99763884.0,122,GOPAL SOAP INDUSTRIES - NEPAL,V SERIES GHARI,V-SERIES GHARI/DETERGENT POWDER/750GM/PPH,100.0,PPH,750GM ,,1656580029751-gopal soap industries - nepal-v series ghari.png,RECODING,5,2,52457,88.60456848144531,122,GOPAL SOAP INDUSTRIES - NEPAL,V SERIES,V SERIES GHARI,V SERIES GHARI-PPH 5000 GM,PLPCH,5000.000 GM,,,5000.0,GM,0.0
2022-07-01,202206,126777247,1656580029751,99763884.0,122,GOPAL SOAP INDUSTRIES - NEPAL,V SERIES GHARI,V-SERIES GHARI/DETERGENT POWDER/750GM/PPH,100.0,PPH,750GM ,,1656580029751-gopal soap industries - nepal-v series ghari.png,RECODING,5,3,99763884,90.90863037109375,122,GOPAL SOAP INDUSTRIES - NEPAL,V SERIES,V SERIES GHARI,V SERIES GHARI-PPH 750 GM,PLPCH,750.000 GM,,,750.0,GM,100.0
2022-07-01,202206,113459856,1656571896878,99763894.0,118,CG FOODS- NEPAL,CELERITAS SPEED,CELERITAS SPEED ENERGY DRINK/CG FOODS NEPAL PVT.LTD,100.0,CAN,250 ML,,1656571896878-cg foods- nepal-celeritas speed.png,RECODING,5,1,99763894,121.00988006591797,118,CHAUDHARY GROUP - NEPAL,CELERITAS,CELERITAS SPEED,CAN 250 ML,CAN,250.000 ML,,,250.0,ML,100.0
2022-07-01,202206,113459856,1656571896878,99763894.0,118,CG FOODS- NEPAL,CELERITAS SPEED,CELERITAS SPEED ENERGY DRINK/CG FOODS NEPAL PVT.LTD,100.0,CAN,250 ML,,1656571896878-cg foods- nepal-celeritas speed.png,RECODING,5,2,90219984,157.34197998046875,109,M.K FOODS - NEPAL,ENERGY DRINK,ENERGY DRINK,ENERGY DRINK- D-PCN 350 GMS,PLJAR,350.000 GM,,,350.0,GM,0.0
2022-07-01,202206,113459856,1656571896878,99763894.0,118,CG FOODS- NEPAL,CELERITAS SPEED,CELERITAS SPEED ENERGY DRINK/CG FOODS NEPAL PVT.LTD,100.0,CAN,250 ML,,1656571896878-cg foods- nepal-celeritas speed.png,RECODING,5,3,99763174,170.281005859375,118,NEPAL M.D FOOD & BEVERAGE-NEPAL,CROSS-COLA,CROSS-COLA,PET 250 ML,PET,250.000 ML,COLA,,250.0,ML,40.0
2022-07-01,202206,2110203312,1656314441083,99763869.0,105,SURYA NEPAL PVT LTD - NEPAL,NAULO BURST,NAULO BURST/HL 20 NOS,200.0,HL,20 NOS,,1656314441083-surya nepal pvt ltd - nepal-naulo burst.png,RECODING,5,1,99763869,98.92794799804688,105,SURYA NEPAL PVT LTD - NEPAL,NAULO,NAULO BURST,HL 20'S,HL,20,FRESH,,20.0,NO,175.0
2022-07-01,202206,2110203312,1656314441083,99763869.0,105,SURYA NEPAL PVT LTD - NEPAL,NAULO BURST,NAULO BURST/HL 20 NOS,200.0,HL,20 NOS,,1656314441083-surya nepal pvt ltd - nepal-naulo burst.png,RECODING,5,2,99765090,148.90277099609375,105,SURYA NEPAL PVT LTD - NEPAL,SURYA,SURYA DUAL BURST,HL 20'S,HL,20,FRESH,,20.0,NO,320.0
2022-07-01,202206,2110203312,1656314441083,99763869.0,105,SURYA NEPAL PVT LTD - NEPAL,NAULO BURST,NAULO BURST/HL 20 NOS,200.0,HL,20 NOS,,1656314441083-surya nepal pvt ltd - nepal-naulo burst.png,RECODING,5,3,48587,158.55648803710938,105,SURYA NEPAL PVT LTD - NEPAL,SURYA,SURYA 24 CARAT ARCTIC BURST,HL 20'S,HL,20,FRESH,,20.0,NO,300.0
2022-07-01,202206,2110203291,1656314441083,99763869.0,105,SURYA NEPAL PVT LTD - NEPAL,NAULO BURST,NAULO BURST/HL 20 NOS,180.0,HL,20 NOS,,1656314441083-surya nepal pvt ltd - nepal-naulo burst.png,RECODING,5,1,99763869,99.07830047607422,105,SURYA NEPAL PVT LTD - NEPAL,NAULO,NAULO BURST,HL 20'S,HL,20,FRESH,,20.0,NO,175.0
2022-07-01,202206,2110203291,1656314441083,99763869.0,105,SURYA NEPAL PVT LTD - NEPAL,NAULO BURST,NAULO BURST/HL 20 NOS,180.0,HL,20 NOS,,1656314441083-surya nepal pvt ltd - nepal-naulo burst.png,RECODING,5,2,99765090,147.36972045898438,105,SURYA NEPAL PVT LTD - NEPAL,SURYA,SURYA DUAL BURST,HL 20'S,HL,20,FRESH,,20.0,NO,320.0
2022-07-01,202206,2110203291,1656314441083,99763869.0,105,SURYA NEPAL PVT LTD - NEPAL,NAULO BURST,NAULO BURST/HL 20 NOS,180.0,HL,20 NOS,,1656314441083-surya nepal pvt ltd - nepal-naulo burst.png,RECODING,5,3,48587,159.1631622314453,105,SURYA NEPAL PVT LTD - NEPAL,SURYA,SURYA 24 CARAT ARCTIC BURST,HL 20'S,HL,20,FRESH,,20.0,NO,300.0
2022-07-01,202206,2110201173,1656314441083,99763869.0,105,SURYA NEPAL PVT LTD - NEPAL,NAULO BURST,NAULO BURST/HL 20 NOS,180.0,HL,20 NOS,New SKU,1656314441083-surya nepal pvt ltd - nepal-naulo burst.png,RECODING,5,1,99763869,93.86092376708984,105,SURYA NEPAL PVT LTD - NEPAL,NAULO,NAULO BURST,HL 20'S,HL,20,FRESH,,20.0,NO,175.0
2022-07-01,202206,2110201173,1656314441083,99763869.0,105,SURYA NEPAL PVT LTD - NEPAL,NAULO BURST,NAULO BURST/HL 20 NOS,180.0,HL,20 NOS,New SKU,1656314441083-surya nepal pvt ltd - nepal-naulo burst.png,RECODING,5,2,99765090,140.88824462890625,105,SURYA NEPAL PVT LTD - NEPAL,SURYA,SURYA DUAL BURST,HL 20'S,HL,20,FRESH,,20.0,NO,320.0
2022-07-01,202206,2110201173,1656314441083,99763869.0,105,SURYA NEPAL PVT LTD - NEPAL,NAULO BURST,NAULO BURST/HL 20 NOS,180.0,HL,20 NOS,New SKU,1656314441083-surya nepal pvt ltd - nepal-naulo burst.png,RECODING,5,3,47592,147.71441650390625,105,SURYA NEPAL PVT LTD - NEPAL,SHIKHAR,SHIKHAR ICE RUSH,HL 20'S,HL,20,FRESH,,20.0,NO,185.0
2022-07-01,202206,128702098,1656481356474,99763292.0,121,COLGATE PALMOLIVE- NEPAL,COLGATE MAX FRESH GEL,COLGATE MAX FRESH \18GM\TUBE\COOLING CRYSTAL ,20.0,TUBE,18GM,,1656481356474-colgate palmolive- nepal-colgate max fresh gel.png,CROSS CODING,2,1,54904,93.61842346191406,121,COLGATE PALMOLIVE- NEPAL,COLGATE,COLGATE MAX FRESH GEL,COLGATE MAX FRESH GEL-REDCLNG CRYS TUB 20GM+15% EX[3G],TUBE,20.000 GM,,,23.0,GM,0.0
2022-07-01,202206,128702098,1656481356474,99763292.0,121,COLGATE PALMOLIVE- NEPAL,COLGATE MAX FRESH GEL,COLGATE MAX FRESH \18GM\TUBE\COOLING CRYSTAL ,20.0,TUBE,18GM,,1656481356474-colgate palmolive- nepal-colgate max fresh gel.png,CROSS CODING,2,2,51369,95.1805419921875,121,COLGATE PALMOLIVE- NEPAL,COLGATE,COLGATE MAX FRESH GEL,COLGATE MAX FRESH GEL-RED COOLNG CRYSTL TUB 70GM,TUBE,70.000 GM,,,70.0,GM,0.0
2022-07-01,202206,128702098,1656481356474,99763292.0,121,COLGATE PALMOLIVE- NEPAL,COLGATE MAX FRESH GEL,COLGATE MAX FRESH \18GM\TUBE\COOLING CRYSTAL ,20.0,TUBE,18GM,,1656481356474-colgate palmolive- nepal-colgate max fresh gel.png,CROSS CODING,2,3,53122,96.80889892578125,121,COLGATE PALMOLIVE- NEPAL,COLGATE,COLGATE MAX FRESH GEL,COLGATE MAX FRESH GEL-RED COOLING CRYST TUB 20 GM,TUBE,20.000 GM,,,20.0,GM,0.0
2022-07-04,202207,132700153,1656865951705,99763908.0,123,KWALITY CHEM PVT LTD-NEPAL,LOUNDRY SOAP ,MONICA\RS50\300G\PPH,50.0,PPH,300G,,1656865951705-kwality chem pvt ltd-nepal-loundry soap .png,RECODING,5,1,51682,109.11643981933594,122,KWALITY SOAPS & CHEM. - NEPAL,123,123,123-PPH 4500 GM,PLPCH,4500.000 GM,,,4500.0,GM,0.0
2022-07-04,202207,132700153,1656865951705,99763908.0,123,KWALITY CHEM PVT LTD-NEPAL,LOUNDRY SOAP ,MONICA\RS50\300G\PPH,50.0,PPH,300G,,1656865951705-kwality chem pvt ltd-nepal-loundry soap .png,RECODING,5,2,51224,111.45523071289062,122,KWALITY SOAPS & CHEM. - NEPAL,123,123,123-PPH 3000 GM,PLPCH,3000.000 GM,,,3000.0,GM,0.0
2022-07-04,202207,132700153,1656865951705,99763908.0,123,KWALITY CHEM PVT LTD-NEPAL,LOUNDRY SOAP ,MONICA\RS50\300G\PPH,50.0,PPH,300G,,1656865951705-kwality chem pvt ltd-nepal-loundry soap .png,RECODING,5,3,93025482,117.72123718261719,122,KWALITY SOAPS & CHEM. - NEPAL,123,123,123-LEMON & JASMINE PPH 275 GMS,PLPCH,275.000 GM,,,275.0,GM,0.0
2022-07-04,202207,124560465,1656830191103,99763893.0,118,DABUR INDIA LTD.- INDIA,REAL MILK POWER,REAL MILK POWER FRANCHISE VANILLA TPK 180 ML,70.0,TPK,180ML,,1656830191103-dabur india ltd-- india-real milk power.png,RECODING,5,1,99763893,77.16838836669922,118,DABUR INDIA LTD.- INDIA,REAL,REAL MILK POWER,BELGIAN FRENCH VANILLA MILKSHAKE TPK 180 ML,TPK,180.000 ML,VANILLA,,180.0,ML,70.0
2022-07-04,202207,124560465,1656830191103,99763893.0,118,DABUR INDIA LTD.- INDIA,REAL MILK POWER,REAL MILK POWER FRANCHISE VANILLA TPK 180 ML,70.0,TPK,180ML,,1656830191103-dabur india ltd-- india-real milk power.png,RECODING,5,2,99763668,89.182373046875,118,DABUR INDIA LTD.- INDIA,REAL,REAL MILK POWER,BELGIAN CHOCOLATE MILKSHAKE TPK 180 ML,TPK,180.000 ML,CHOCOLATE,,180.0,ML,70.0
2022-07-04,202207,124560465,1656830191103,99763893.0,118,DABUR INDIA LTD.- INDIA,REAL MILK POWER,REAL MILK POWER FRANCHISE VANILLA TPK 180 ML,70.0,TPK,180ML,,1656830191103-dabur india ltd-- india-real milk power.png,RECODING,5,3,99765199,96.12808227539062,118,DABUR INDIA LTD.- INDIA,REAL,REAL MILK POWER,MILKSHAKE STRAWBERRY TPK 180 ML,TPK,180.000 ML,STRAWBERRY,,180.0,ML,80.0
2022-07-04,202207,1022135341915,1656859496521,99763869.0,105,SURYA NEPAL PVT LTD - NEPAL,NAULO BURST,NAULO BURST/20'S/HL/RS 175/SURYA NEPAL PVT.LTD NEPAL,175.0,HL,20,New SKU,1656859496521-surya nepal pvt ltd - nepal-naulo burst.png,RECODING,5,1,99763869,83.53594207763672,105,SURYA NEPAL PVT LTD - NEPAL,NAULO,NAULO BURST,HL 20'S,HL,20,FRESH,,20.0,NO,175.0
2022-07-04,202207,1022135341915,1656859496521,99763869.0,105,SURYA NEPAL PVT LTD - NEPAL,NAULO BURST,NAULO BURST/20'S/HL/RS 175/SURYA NEPAL PVT.LTD NEPAL,175.0,HL,20,New SKU,1656859496521-surya nepal pvt ltd - nepal-naulo burst.png,RECODING,5,2,99765090,131.13265991210938,105,SURYA NEPAL PVT LTD - NEPAL,SURYA,SURYA DUAL BURST,HL 20'S,HL,20,FRESH,,20.0,NO,320.0
2022-07-04,202207,1022135341915,1656859496521,99763869.0,105,SURYA NEPAL PVT LTD - NEPAL,NAULO BURST,NAULO BURST/20'S/HL/RS 175/SURYA NEPAL PVT.LTD NEPAL,175.0,HL,20,New SKU,1656859496521-surya nepal pvt ltd - nepal-naulo burst.png,RECODING,5,3,47592,136.21002197265625,105,SURYA NEPAL PVT LTD - NEPAL,SHIKHAR,SHIKHAR ICE RUSH,HL 20'S,HL,20,FRESH,,20.0,NO,185.0
2022-07-04,202207,1019165847596,1656859496521,99763869.0,105,SURYA NEPAL PVT LTD - NEPAL,NAULO BURST,NAULO BURST/20'S/HL/RS 175/SURYA NEPAL PVT.LTD NEPAL,175.0,HL,20,New SKU,1656859496521-surya nepal pvt ltd - nepal-naulo burst.png,RECODING,5,1,99763869,86.52398681640625,105,SURYA NEPAL PVT LTD - NEPAL,NAULO,NAULO BURST,HL 20'S,HL,20,FRESH,,20.0,NO,175.0
2022-07-04,202207,1019165847596,1656859496521,99763869.0,105,SURYA NEPAL PVT LTD - NEPAL,NAULO BURST,NAULO BURST/20'S/HL/RS 175/SURYA NEPAL PVT.LTD NEPAL,175.0,HL,20,New SKU,1656859496521-surya nepal pvt ltd - nepal-naulo burst.png,RECODING,5,2,99765090,132.97885131835938,105,SURYA NEPAL PVT LTD - NEPAL,SURYA,SURYA DUAL BURST,HL 20'S,HL,20,FRESH,,20.0,NO,320.0
2022-07-04,202207,1019165847596,1656859496521,99763869.0,105,SURYA NEPAL PVT LTD - NEPAL,NAULO BURST,NAULO BURST/20'S/HL/RS 175/SURYA NEPAL PVT.LTD NEPAL,175.0,HL,20,New SKU,1656859496521-surya nepal pvt ltd - nepal-naulo burst.png,RECODING,5,3,47592,138.8256378173828,105,SURYA NEPAL PVT LTD - NEPAL,SHIKHAR,SHIKHAR ICE RUSH,HL 20'S,HL,20,FRESH,,20.0,NO,185.0
2022-07-04,202207,113108650,1656832551707,99763904.0,122,PRABHU SOAP INDUSTRIES-NEPAL,DHANYAWA,DHANYAWA\200\GM,20.0,PPH,200GM,,1656832551707-prabhu soap industries-nepal-dhanyawa.png,RECODING,5,1,99764066,105.50941467285156,122,PRABHU SOAP INDUSTRIES-NEPAL,DHANYABAD,DHANYABAD,DHANYABAD-PPH 5000 GM,PLPCH,5000.000 GM,,,5000.0,GM,310.0
2022-07-04,202207,113108650,1656832551707,99763904.0,122,PRABHU SOAP INDUSTRIES-NEPAL,DHANYAWA,DHANYAWA\200\GM,20.0,PPH,200GM,,1656832551707-prabhu soap industries-nepal-dhanyawa.png,RECODING,5,2,99763904,107.18270111083984,122,PRABHU SOAP INDUSTRIES-NEPAL,DHANYABAD,DHANYABAD,DHANYABAD-PPH 200 GM,PLPCH,200.000 GM,,,200.0,GM,20.0
2022-07-04,202207,113108650,1656832551707,99763904.0,122,PRABHU SOAP INDUSTRIES-NEPAL,DHANYAWA,DHANYAWA\200\GM,20.0,PPH,200GM,,1656832551707-prabhu soap industries-nepal-dhanyawa.png,RECODING,5,3,99762508,132.19744873046875,122,PRABHU SOAP INDUSTRIES-NEPAL,PRABHU GHADI,PRABHU GHADI,PRABHU GHADI-PPH 500 GM,PLPCH,500.000 GM,,,500.0,GM,55.0
2022-07-04,202207,129824754,1656820674448,99763895.0,120,UNILEVER NEPAL LTD-NEPAL,LUX CREAMY GLOW,LUX CREAMY GLOW\45GM\EWP\JASMINE AND VITAMIN  E,16.0,EWP,45GM,,1656820674448-unilever nepal ltd-nepal-lux creamy glow.png,RECODING,5,1,99762635,73.64911651611328,120,UNILEVER NEPAL LTD-NEPAL,LUX,LUX VELVET GLOW,LUX VELVET GLOW-JASMINE & VITAMIN E EWP 53 GM,EWRPK,53.000 GM,,,53.0,GM,20.0
2022-07-04,202207,129824754,1656820674448,99763895.0,120,UNILEVER NEPAL LTD-NEPAL,LUX CREAMY GLOW,LUX CREAMY GLOW\45GM\EWP\JASMINE AND VITAMIN  E,16.0,EWP,45GM,,1656820674448-unilever nepal ltd-nepal-lux creamy glow.png,RECODING,5,2,99764189,74.58064270019531,120,UNILEVER NEPAL LTD-NEPAL,LUX,LUX VELVET GLOW,LUX VELVET GLOW-JASMINE & VITAMIN E EWP 4*43 GM,EWRPK,43.000 GM,,,172.0,GM,60.0
2022-07-04,202207,129824754,1656820674448,99763895.0,120,UNILEVER NEPAL LTD-NEPAL,LUX CREAMY GLOW,LUX CREAMY GLOW\45GM\EWP\JASMINE AND VITAMIN  E,16.0,EWP,45GM,,1656820674448-unilever nepal ltd-nepal-lux creamy glow.png,RECODING,5,3,99764190,79.28176879882812,120,UNILEVER NEPAL LTD-NEPAL,LUX,LUX VELVET GLOW,LUX VELVET GLOW-JASMINE & VITAMIN E EWP 4*48 GM,EWRPK,48.000 GM,,,192.0,GM,64.0
2022-07-04,202207,130366024,1656826165767,99763896.0,120,UNILEVER NEPAL LTD-NEPAL,LIFE BUOY ,LIFE BUOY\46GM\EWP\100%STRONGER GERM PROTECTION ,16.0,EWP,46GM,,1656826165767-unilever nepal ltd-nepal-life buoy .png,RECODING,5,1,99764234,61.94759750366211,120,UNILEVER NEPAL LTD-NEPAL,LIFE BUOY,LIFE BUOY,LIFE BUOY-GERM PROTECTION SILVER SHLD EWP 4*46GM,EWRPK,46.000 GM,,,184.0,GM,64.0
2022-07-04,202207,130366024,1656826165767,99763896.0,120,UNILEVER NEPAL LTD-NEPAL,LIFE BUOY ,LIFE BUOY\46GM\EWP\100%STRONGER GERM PROTECTION ,16.0,EWP,46GM,,1656826165767-unilever nepal ltd-nepal-life buoy .png,RECODING,5,2,99764186,63.85779571533203,120,UNILEVER NEPAL LTD-NEPAL,LIFE BUOY,LIFE BUOY,LIFE BUOY-GERM PROTECTION SILVER SHLD EWP 4*49GM,EWRPK,49.000 GM,,,196.0,GM,65.0
2022-07-04,202207,130366024,1656826165767,99763896.0,120,UNILEVER NEPAL LTD-NEPAL,LIFE BUOY ,LIFE BUOY\46GM\EWP\100%STRONGER GERM PROTECTION ,16.0,EWP,46GM,,1656826165767-unilever nepal ltd-nepal-life buoy .png,RECODING,5,3,99763897,64.46502685546875,120,UNILEVER NEPAL LTD-NEPAL,LIFE BUOY,LIFE BUOY,LIFE BUOY-GERM PROTECTION SILVER SHLD EWP 4*52GM,EWRPK,52.000 GM,,,208.0,GM,65.0
2022-07-04,202207,130220490,1656839314742,99763712.0,118,VARUN BEVERAGE -NEPAL,STING,STING ENERGY DRINK/250ML/PBT,50.0,PBT,250ML ,,1656839314742-varun beverage -nepal-sting.png,CROSS CODING,2,1,99764296,131.0774383544922,118,VARUN BEVERAGE -NEPAL,STING,STING,PET 250 ML,PET,250.000 ML,,,250.0,ML,60.0
2022-07-04,202207,130220490,1656839314742,99763712.0,118,VARUN BEVERAGE -NEPAL,STING,STING ENERGY DRINK/250ML/PBT,50.0,PBT,250ML ,,1656839314742-varun beverage -nepal-sting.png,CROSS CODING,2,2,20110178,182.38510131835938,118,VARUN BEVERAGE -NEPAL,PEPSI,PEPSI,PET 2000 ML,PET,2000.000 ML,COLA,,2000.0,ML,0.0
2022-07-04,202207,130220490,1656839314742,99763712.0,118,VARUN BEVERAGE -NEPAL,STING,STING ENERGY DRINK/250ML/PBT,50.0,PBT,250ML ,,1656839314742-varun beverage -nepal-sting.png,CROSS CODING,2,3,20120304,182.4777069091797,118,VARUN BEVERAGE -NEPAL,7 UP,7 UP,PET 1000 ML,PET,1000.000 ML,LEMON,,1000.0,ML,0.0
2022-07-04,202207,130395676,1656838181185,99763897.0,120,UNILEVER NEPAL LTD-NEPAL,LIFEBUOY 100% STRONGER GERM PROTECTION ,LIFEBUOY 100% STRONGER GERM PROTECTION/SILVER SHIELD/4Ã—52GM/EWP,64.0,EWP,4Ã—52GM,,1656838181185-unilever nepal ltd-nepal-lifebuoy 100- stronger germ protection .png,RECODING,5,1,99763897,94.13412475585938,120,UNILEVER NEPAL LTD-NEPAL,LIFE BUOY,LIFE BUOY,LIFE BUOY-GERM PROTECTION SILVER SHLD EWP 4*52GM,EWRPK,52.000 GM,,,208.0,GM,65.0
2022-07-04,202207,130395676,1656838181185,99763897.0,120,UNILEVER NEPAL LTD-NEPAL,LIFEBUOY 100% STRONGER GERM PROTECTION ,LIFEBUOY 100% STRONGER GERM PROTECTION/SILVER SHIELD/4Ã—52GM/EWP,64.0,EWP,4Ã—52GM,,1656838181185-unilever nepal ltd-nepal-lifebuoy 100- stronger germ protection .png,RECODING,5,2,99764186,95.12565612792969,120,UNILEVER NEPAL LTD-NEPAL,LIFE BUOY,LIFE BUOY,LIFE BUOY-GERM PROTECTION SILVER SHLD EWP 4*49GM,EWRPK,49.000 GM,,,196.0,GM,65.0
2022-07-04,202207,130395676,1656838181185,99763897.0,120,UNILEVER NEPAL LTD-NEPAL,LIFEBUOY 100% STRONGER GERM PROTECTION ,LIFEBUOY 100% STRONGER GERM PROTECTION/SILVER SHIELD/4Ã—52GM/EWP,64.0,EWP,4Ã—52GM,,1656838181185-unilever nepal ltd-nepal-lifebuoy 100- stronger germ protection .png,RECODING,5,3,99764185,95.63101959228516,120,UNILEVER NEPAL LTD-NEPAL,LIFE BUOY,LIFE BUOY,LIFE BUOY-GERM PROTECTION SILVER SHLD EWP 52 GM,EWRPK,52.000 GM,,,52.0,GM,16.0
2022-07-04,202207,2110202301,1656314441083,99763869.0,105,SURYA NEPAL PVT LTD - NEPAL,NAULO BURST,NAULO BURST/HL 20 NOS,200.0,HL,20 NOS,,1656314441083-surya nepal pvt ltd - nepal-naulo burst.png,RECODING,5,1,99763869,100.47708129882812,105,SURYA NEPAL PVT LTD - NEPAL,NAULO,NAULO BURST,HL 20'S,HL,20,FRESH,,20.0,NO,175.0
2022-07-04,202207,2110202301,1656314441083,99763869.0,105,SURYA NEPAL PVT LTD - NEPAL,NAULO BURST,NAULO BURST/HL 20 NOS,200.0,HL,20 NOS,,1656314441083-surya nepal pvt ltd - nepal-naulo burst.png,RECODING,5,2,99765090,148.65524291992188,105,SURYA NEPAL PVT LTD - NEPAL,SURYA,SURYA DUAL BURST,HL 20'S,HL,20,FRESH,,20.0,NO,320.0
2022-07-04,202207,2110202301,1656314441083,99763869.0,105,SURYA NEPAL PVT LTD - NEPAL,NAULO BURST,NAULO BURST/HL 20 NOS,200.0,HL,20 NOS,,1656314441083-surya nepal pvt ltd - nepal-naulo burst.png,RECODING,5,3,48587,159.32632446289062,105,SURYA NEPAL PVT LTD - NEPAL,SURYA,SURYA 24 CARAT ARCTIC BURST,HL 20'S,HL,20,FRESH,,20.0,NO,300.0
2022-07-04,202207,2110202162,1656314441083,99763869.0,105,SURYA NEPAL PVT LTD - NEPAL,NAULO BURST,NAULO BURST/HL 20 NOS,200.0,HL,20 NOS,,1656314441083-surya nepal pvt ltd - nepal-naulo burst.png,RECODING,5,1,99763869,100.19831085205078,105,SURYA NEPAL PVT LTD - NEPAL,NAULO,NAULO BURST,HL 20'S,HL,20,FRESH,,20.0,NO,175.0
2022-07-04,202207,2110202162,1656314441083,99763869.0,105,SURYA NEPAL PVT LTD - NEPAL,NAULO BURST,NAULO BURST/HL 20 NOS,200.0,HL,20 NOS,,1656314441083-surya nepal pvt ltd - nepal-naulo burst.png,RECODING,5,2,99765090,148.31289672851562,105,SURYA NEPAL PVT LTD - NEPAL,SURYA,SURYA DUAL BURST,HL 20'S,HL,20,FRESH,,20.0,NO,320.0
2022-07-04,202207,2110202162,1656314441083,99763869.0,105,SURYA NEPAL PVT LTD - NEPAL,NAULO BURST,NAULO BURST/HL 20 NOS,200.0,HL,20 NOS,,1656314441083-surya nepal pvt ltd - nepal-naulo burst.png,RECODING,5,3,48587,159.02301025390625,105,SURYA NEPAL PVT LTD - NEPAL,SURYA,SURYA 24 CARAT ARCTIC BURST,HL 20'S,HL,20,FRESH,,20.0,NO,300.0
2022-07-04,202207,2110203250,1656314441083,99763869.0,105,SURYA NEPAL PVT LTD - NEPAL,NAULO BURST,NAULO BURST/HL 20 NOS,200.0,HL,20 NOS,,1656314441083-surya nepal pvt ltd - nepal-naulo burst.png,RECODING,5,1,99763869,98.99903869628906,105,SURYA NEPAL PVT LTD - NEPAL,NAULO,NAULO BURST,HL 20'S,HL,20,FRESH,,20.0,NO,175.0
2022-07-04,202207,2110203250,1656314441083,99763869.0,105,SURYA NEPAL PVT LTD - NEPAL,NAULO BURST,NAULO BURST/HL 20 NOS,200.0,HL,20 NOS,,1656314441083-surya nepal pvt ltd - nepal-naulo burst.png,RECODING,5,2,99765090,147.29721069335938,105,SURYA NEPAL PVT LTD - NEPAL,SURYA,SURYA DUAL BURST,HL 20'S,HL,20,FRESH,,20.0,NO,320.0
2022-07-04,202207,2110203250,1656314441083,99763869.0,105,SURYA NEPAL PVT LTD - NEPAL,NAULO BURST,NAULO BURST/HL 20 NOS,200.0,HL,20 NOS,,1656314441083-surya nepal pvt ltd - nepal-naulo burst.png,RECODING,5,3,48587,157.36697387695312,105,SURYA NEPAL PVT LTD - NEPAL,SURYA,SURYA 24 CARAT ARCTIC BURST,HL 20'S,HL,20,FRESH,,20.0,NO,300.0
2022-07-04,202206,2110203304,1656314441083,99763869.0,105,SURYA NEPAL PVT LTD - NEPAL,NAULO BURST,NAULO BURST/HL 20 NOS,200.0,HL,20 NOS,,1656314441083-surya nepal pvt ltd - nepal-naulo burst.png,RECODING,5,1,99763869,100.80401611328125,105,SURYA NEPAL PVT LTD - NEPAL,NAULO,NAULO BURST,HL 20'S,HL,20,FRESH,,20.0,NO,175.0
2022-07-04,202206,2110203304,1656314441083,99763869.0,105,SURYA NEPAL PVT LTD - NEPAL,NAULO BURST,NAULO BURST/HL 20 NOS,200.0,HL,20 NOS,,1656314441083-surya nepal pvt ltd - nepal-naulo burst.png,RECODING,5,2,99765090,148.55113220214844,105,SURYA NEPAL PVT LTD - NEPAL,SURYA,SURYA DUAL BURST,HL 20'S,HL,20,FRESH,,20.0,NO,320.0
2022-07-04,202206,2110203304,1656314441083,99763869.0,105,SURYA NEPAL PVT LTD - NEPAL,NAULO BURST,NAULO BURST/HL 20 NOS,200.0,HL,20 NOS,,1656314441083-surya nepal pvt ltd - nepal-naulo burst.png,RECODING,5,3,48587,158.99771118164062,105,SURYA NEPAL PVT LTD - NEPAL,SURYA,SURYA 24 CARAT ARCTIC BURST,HL 20'S,HL,20,FRESH,,20.0,NO,300.0
2022-07-04,202207,111743848,1656837392428,99763909.0,123,GRIHA LAXMI SABUN UDHYOG NEPAL,GRIHA LAXMI ,GRIHA LAXMI SUPER HERBAL DISHWASH BAR PPH 100 GM. RS 10,10.0,PPH,100 GM.,,1656837392428-griha laxmi sabun udhyog nepal-griha laxmi .png,RECODING,5,1,99763287,100.31488037109375,123,SWADESHI SABUN UDHYOG-NEPAL,AAHA,AAHA HERBAL,AAHA HERBAL-DISHWASH BAR PPH 200 GM,PLPCH,200.000 GM,,,200.0,GM,20.0
2022-07-04,202207,111743848,1656837392428,99763909.0,123,GRIHA LAXMI SABUN UDHYOG NEPAL,GRIHA LAXMI ,GRIHA LAXMI SUPER HERBAL DISHWASH BAR PPH 100 GM. RS 10,10.0,PPH,100 GM.,,1656837392428-griha laxmi sabun udhyog nepal-griha laxmi .png,RECODING,5,2,99764744,100.33045959472656,123,SWADESHI SABUN UDHYOG-NEPAL,AAHA,AAHA HERBAL,AAHA HERBAL-DISHWASH BAR PPH 100 GM,PLPCH,100.000 GM,,,100.0,GM,10.0
2022-07-04,202207,111743848,1656837392428,99763909.0,123,GRIHA LAXMI SABUN UDHYOG NEPAL,GRIHA LAXMI ,GRIHA LAXMI SUPER HERBAL DISHWASH BAR PPH 100 GM. RS 10,10.0,PPH,100 GM.,,1656837392428-griha laxmi sabun udhyog nepal-griha laxmi .png,RECODING,5,3,99763830,122.81494140625,123,LAXMI SABUN UDHYOG-NEPAL,LAXMI,LAXMI,LAXMI-LAUNDRY SOAP PPH 125 GM,PLPCH,125.000 GM,,,125.0,GM,20.0
2022-07-04,202207,122591122,1656832062653,99763905.0,122,SWADESHI SABUN UDHYOG-NEPAL,AAHA WASHING POWER,AAHA WASHING POWER\200\GM,20.0,PPH,200 GM,New SKU,1656832062653-swadeshi sabun udhyog-nepal-aaha washing power.png,RECODING,5,1,53459,109.97467803955078,123,SWADESHI SABUN UDHYOG-NEPAL,AAHA,AAHA,AAHA-SUPER LAUNDRY SOAP PPH 3*200 GM,PLPCH,200.000 GM,,,600.0,GM,0.0
2022-07-04,202207,122591122,1656832062653,99763905.0,122,SWADESHI SABUN UDHYOG-NEPAL,AAHA WASHING POWER,AAHA WASHING POWER\200\GM,20.0,PPH,200 GM,New SKU,1656832062653-swadeshi sabun udhyog-nepal-aaha washing power.png,RECODING,5,2,99764617,115.4559097290039,123,SWADESHI SABUN UDHYOG-NEPAL,AAHA,AAHA,AAHA-LAUNDRY SOAP PPH 250 GM,PLPCH,250.000 GM,,,250.0,GM,55.0
2022-07-04,202207,122591122,1656832062653,99763905.0,122,SWADESHI SABUN UDHYOG-NEPAL,AAHA WASHING POWER,AAHA WASHING POWER\200\GM,20.0,PPH,200 GM,New SKU,1656832062653-swadeshi sabun udhyog-nepal-aaha washing power.png,RECODING,5,3,99763596,124.3056640625,123,SWADESHI SABUN UDHYOG-NEPAL,BADAL,BADAL,BADAL-LAUNDRY SOAP PPH 300 GM,PLPCH,300.000 GM,,,300.0,GM,50.0
2022-07-04,202206,127270878,1656569799764,99763911.0,123,NAMASTE S.I (P)-NEPAL,EXPRESS,EXPRESS/250GM/PPH/NAMASTE S.I (P)-NEPAL,55.0,PPH,250GM,,1656569799764-namaste s-i -p--nepal-express.png,RECODING,5,1,50514,117.79179382324219,123,NAMASTE S.I (P)-NEPAL,EXPRESS,EXPRESS,EXPRESS-UNWRP 115 GM,UNWRP,115.000 GM,,,115.0,GM,0.0
2022-07-04,202206,127270878,1656569799764,99763911.0,123,NAMASTE S.I (P)-NEPAL,EXPRESS,EXPRESS/250GM/PPH/NAMASTE S.I (P)-NEPAL,55.0,PPH,250GM,,1656569799764-namaste s-i -p--nepal-express.png,RECODING,5,2,50513,117.89152526855469,123,NAMASTE S.I (P)-NEPAL,EXPRESS,EXPRESS,EXPRESS-UNWRP 200 GM,UNWRP,200.000 GM,,,200.0,GM,0.0
2022-07-04,202206,127270878,1656569799764,99763911.0,123,NAMASTE S.I (P)-NEPAL,EXPRESS,EXPRESS/250GM/PPH/NAMASTE S.I (P)-NEPAL,55.0,PPH,250GM,,1656569799764-namaste s-i -p--nepal-express.png,RECODING,5,3,50517,118.55232238769531,123,NAMASTE S.I (P)-NEPAL,EXPRESS,EXPRESS,EXPRESS-UNWRP 215 GM,UNWRP,215.000 GM,,,215.0,GM,0.0
2022-07-04,202206,127270878,1656569671282,99763910.0,123,NAMASTE S.I (P)-NEPAL,EXPRESS,EXPRESS/200GM/PPH/NAMASTE S.I (P)-NEPAL,45.0,PPH,200GM,,1656569671282-namaste s-i -p--nepal-express.png,RECODING,5,1,50513,116.51400756835938,123,NAMASTE S.I (P)-NEPAL,EXPRESS,EXPRESS,EXPRESS-UNWRP 200 GM,UNWRP,200.000 GM,,,200.0,GM,0.0
2022-07-04,202206,127270878,1656569671282,99763910.0,123,NAMASTE S.I (P)-NEPAL,EXPRESS,EXPRESS/200GM/PPH/NAMASTE S.I (P)-NEPAL,45.0,PPH,200GM,,1656569671282-namaste s-i -p--nepal-express.png,RECODING,5,2,50517,117.79703521728516,123,NAMASTE S.I (P)-NEPAL,EXPRESS,EXPRESS,EXPRESS-UNWRP 215 GM,UNWRP,215.000 GM,,,215.0,GM,0.0
2022-07-04,202206,127270878,1656569671282,99763910.0,123,NAMASTE S.I (P)-NEPAL,EXPRESS,EXPRESS/200GM/PPH/NAMASTE S.I (P)-NEPAL,45.0,PPH,200GM,,1656569671282-namaste s-i -p--nepal-express.png,RECODING,5,3,50514,118.26563262939453,123,NAMASTE S.I (P)-NEPAL,EXPRESS,EXPRESS,EXPRESS-UNWRP 115 GM,UNWRP,115.000 GM,,,115.0,GM,0.0
2022-07-04,202207,112785955,1656735926890,49475.0,106,PERFETTI VAN MELLE-INDIA,HAPPYDENT WHITE-SPARKING SMILE MINT (2Ã—1.1GM) PPH 2.2 GM RS.2.5,HAPPYDENT WHITE SPARKING SMILE MINT (2Ã—1.1GM) PPH 2.2GM.RS 2.5,2.5,PPH,2.2 GM,,1656735926890-perfetti van melle-india-happydent white-sparking smile mint -2-1-1gm- pph 2-2 gm rs-2-5.png,CROSS CODING,2,1,91826360,103.96817016601562,106,PERFETTI VAN MELLE-INDIA,HAPPYDENT,HAPPYDENT WHITE,HAPPYDENT WHITE- SPARKLING SMILE MINT PPH 13.2 GM,PLPCH,13.200 GM,MINT,,13.2,GM,0.0
2022-07-04,202207,112785955,1656735926890,49475.0,106,PERFETTI VAN MELLE-INDIA,HAPPYDENT WHITE-SPARKING SMILE MINT (2Ã—1.1GM) PPH 2.2 GM RS.2.5,HAPPYDENT WHITE SPARKING SMILE MINT (2Ã—1.1GM) PPH 2.2GM.RS 2.5,2.5,PPH,2.2 GM,,1656735926890-perfetti van melle-india-happydent white-sparking smile mint -2-1-1gm- pph 2-2 gm rs-2-5.png,CROSS CODING,2,2,49472,109.15232849121094,106,PERFETTI VAN MELLE-INDIA,HAPPYDENT,HAPPYDENT WHITE,HAPPYDENT WHITE-SPARKLING SMILE MINT PPH 15.4 GM,PLPCH,15.400 GM,MINT,,15.4,GM,0.0
2022-07-04,202207,112785955,1656735926890,49475.0,106,PERFETTI VAN MELLE-INDIA,HAPPYDENT WHITE-SPARKING SMILE MINT (2Ã—1.1GM) PPH 2.2 GM RS.2.5,HAPPYDENT WHITE SPARKING SMILE MINT (2Ã—1.1GM) PPH 2.2GM.RS 2.5,2.5,PPH,2.2 GM,,1656735926890-perfetti van melle-india-happydent white-sparking smile mint -2-1-1gm- pph 2-2 gm rs-2-5.png,CROSS CODING,2,3,49475,117.2003173828125,106,PERFETTI VAN MELLE-INDIA,HAPPYDENT,HAPPYDENT WHITE,HAPPYDENT WHITE-MINT (2*1.1GM) PPH 2.2 GM,PLPCH,2.200 GM,MINT,,2.2,GM,0.0
2022-07-04,202207,112785955,1656736808001,99763886.0,106,AMBER NUTRITION PVT LTD-INDIA,R & J IMLI CANDY ,R & J IMLI CANDY PPH.3 GM.,1.0,PPH,3 GM,,1656736808001-amber nutrition pvt ltd-india-r - j imli candy .png,RECODING,5,1,99763886,78.44769287109375,106,AMBER NUTRITION PVT LTD-INDIA,R & J,R & J,R & J-IMLI CANDY PPH 3 GM,PLPCH,3.000 GM,IMLI,,3.0,GM,1.0
2022-07-04,202207,112785955,1656736808001,99763886.0,106,AMBER NUTRITION PVT LTD-INDIA,R & J IMLI CANDY ,R & J IMLI CANDY PPH.3 GM.,1.0,PPH,3 GM,,1656736808001-amber nutrition pvt ltd-india-r - j imli candy .png,RECODING,5,2,99764575,127.76300811767578,106,AMBER CONFECTIONERY-INDIA,AMBER,AMBER IMLI,AMBER IMLI-PPH 430 GM,PLPCH,430.000 GM,IMLI,,430.0,GM,128.0
2022-07-04,202207,112785955,1656736808001,99763886.0,106,AMBER NUTRITION PVT LTD-INDIA,R & J IMLI CANDY ,R & J IMLI CANDY PPH.3 GM.,1.0,PPH,3 GM,,1656736808001-amber nutrition pvt ltd-india-r - j imli candy .png,RECODING,5,3,51810,133.28082275390625,106,AMBER NUTRITION PVT LTD-INDIA,AMBER,AMBER,AMBER-TEMARIND POP IMLI PPH 5.2 GM,PLPCH,5.200 GM,IMLI,,5.2,GM,0.0
2022-07-04,202207,130375892,1656664075105,99763898.0,120,GODREJ CONSUMER PRODUCTS-INDIA,GODREJ NO.1 ,GODREJ NO.1/SANDAL TURMERIC/53GM/EWP,20.0,EWP,53GM ,,1656664075105-godrej consumer products-india-godrej no-1 .png,RECODING,5,1,99763898,98.16883087158203,120,GODREJ CONSUMER PRODUCTS-INDIA,GODREJ,GODREJ NO.1 BEAUTY SOAP,GODREJ NO.1 BEAUTY SOAP-SANDAL TURMERIC EWP 53 GM,EWRPK,53.000 GM,,,53.0,GM,20.0
2022-07-04,202207,130375892,1656664075105,99763898.0,120,GODREJ CONSUMER PRODUCTS-INDIA,GODREJ NO.1 ,GODREJ NO.1/SANDAL TURMERIC/53GM/EWP,20.0,EWP,53GM ,,1656664075105-godrej consumer products-india-godrej no-1 .png,RECODING,5,2,52424,103.38499450683594,120,GODREJ CONSUMER PRODUCTS-INDIA,GODREJ,GODREJ NO.1 BEAUTY SOAP,GODREJ NO.1 BEAUTY SOAP-SANDAL&TURMERIC EWP 100G[4+1],EWRPK,100.000 GM,,,500.0,GM,0.0
2022-07-04,202207,130375892,1656664075105,99763898.0,120,GODREJ CONSUMER PRODUCTS-INDIA,GODREJ NO.1 ,GODREJ NO.1/SANDAL TURMERIC/53GM/EWP,20.0,EWP,53GM ,,1656664075105-godrej consumer products-india-godrej no-1 .png,RECODING,5,3,99764232,103.85270690917969,120,GODREJ CONSUMER PRODUCTS-INDIA,GODREJ,GODREJ NO.1 BEAUTY SOAP,GODREJ NO.1 BEAUTY SOAP-SANDAL&TURMERIC EWP 61 GM,EWRPK,61.000 GM,,,61.0,GM,20.0
2022-07-04,202207,130220638,1656661532601,99763912.0,123,DHANGHADI SABUN UDHYOG NEPAL ,DH SOAP ,DH SOAP/LAUNDRY SOAP/200GM/PPH,40.0,PPH,200GM ,,1656661532601-dhanghadi sabun udhyog nepal -dh soap .png,RECODING,5,1,99763912,96.52474975585938,123,DHANGADHI SABUN UDHYOG-NEPAL ,DH SOAP ,DH SOAP ,DH SOAP-LAUNDRY SOAP PPH 200 GM,PLPCH,200.000 GM,,,200.0,GM,40.0
2022-07-04,202207,130220638,1656661532601,99763912.0,123,DHANGHADI SABUN UDHYOG NEPAL ,DH SOAP ,DH SOAP/LAUNDRY SOAP/200GM/PPH,40.0,PPH,200GM ,,1656661532601-dhanghadi sabun udhyog nepal -dh soap .png,RECODING,5,2,99763505,117.77362060546875,123,SUNLIGHT SABUN UDHYOG-NEPAL,BIHANI,BIHANI,BIHANI-LAUNDRY SOAP PPH 100 GM,PLPCH,100.000 GM,,,100.0,GM,20.0
2022-07-04,202207,130220638,1656661532601,99763912.0,123,DHANGHADI SABUN UDHYOG NEPAL ,DH SOAP ,DH SOAP/LAUNDRY SOAP/200GM/PPH,40.0,PPH,200GM ,,1656661532601-dhanghadi sabun udhyog nepal -dh soap .png,RECODING,5,3,99764617,122.55231475830078,123,SWADESHI SABUN UDHYOG-NEPAL,AAHA,AAHA,AAHA-LAUNDRY SOAP PPH 250 GM,PLPCH,250.000 GM,,,250.0,GM,55.0
2022-07-04,202207,128827095,1656666930624,99763881.0,120,UNILEVER NEPAL LTD-NEPAL,LIFE BUOY TOTAL PROTECT,LIFE BUOY TOTAL PROTECT-ACTIV SILVER SAVE RS 5,155.0,EWP,4*95G,,1656666930624-unilever nepal ltd-nepal-life buoy total protect.png,RECODING,5,1,99763881,57.889404296875,120,UNILEVER NEPAL LTD-NEPAL,LIFE BUOY,LIFE BUOY TOTAL PROTECT,LIFE BUOY TOTAL PROTECT-ACTIV SILVER EWP 4*95 GM+SAVE RS 5,EWRPK,95.000 GM,,,380.0,GM,155.0
2022-07-04,202207,128827095,1656666930624,99763881.0,120,UNILEVER NEPAL LTD-NEPAL,LIFE BUOY TOTAL PROTECT,LIFE BUOY TOTAL PROTECT-ACTIV SILVER SAVE RS 5,155.0,EWP,4*95G,,1656666930624-unilever nepal ltd-nepal-life buoy total protect.png,RECODING,5,2,99763348,60.27751922607422,120,UNILEVER NEPAL LTD-NEPAL,LIFE BUOY,LIFE BUOY TOTAL PROTECT,LIFE BUOY TOTAL PROTECT-ACTIV SILVER EWP 4*95 GM+SAVE RS10,EWRPK,95.000 GM,,,380.0,GM,138.0
2022-07-04,202207,128827095,1656666930624,99763881.0,120,UNILEVER NEPAL LTD-NEPAL,LIFE BUOY TOTAL PROTECT,LIFE BUOY TOTAL PROTECT-ACTIV SILVER SAVE RS 5,155.0,EWP,4*95G,,1656666930624-unilever nepal ltd-nepal-life buoy total protect.png,RECODING,5,3,99763126,60.475650787353516,120,UNILEVER NEPAL LTD-NEPAL,LIFE BUOY,LIFE BUOY TOTAL PROTECT,LIFE BUOY TOTAL PROTECT-ACTIV SILVER EWP 4*95 GM+SAVE RS20,EWRPK,95.000 GM,,,380.0,GM,120.0
2022-07-04,202206,128715435,1656570799805,99763885.0,106,PERFETTI VAN MELLE-INDIA,HAPPYDENT WAVE,HAPPYDENT WAVE PEPPERMINT,2.5,PPH,2.1G,,1656570799805-perfetti van melle-india-happydent wave.png,RECODING,5,1,99764606,68.53089141845703,106,PERFETTI VAN MELLE-INDIA,HAPPYDENT,HAPPYDENT WAVE,HAPPYDENT WAVE- PEPPERMINT PCN 409.5 GM,PLJAR,409.500 GM,PEPPERMINT,,409.5,GM,488.0
2022-07-04,202206,128715435,1656570799805,99763885.0,106,PERFETTI VAN MELLE-INDIA,HAPPYDENT WAVE,HAPPYDENT WAVE PEPPERMINT,2.5,PPH,2.1G,,1656570799805-perfetti van melle-india-happydent wave.png,RECODING,5,2,91827539,70.24889373779297,106,PERFETTI VAN MELLE-INDIA,HAPPYDENT,HAPPYDENT WAVE,HAPPYDENT WAVE- PEPPERMINT PPH 2 GM,PLPCH,2.000 GM,PEPPERMINT,,2.0,GM,0.0
2022-07-04,202206,128715435,1656570799805,99763885.0,106,PERFETTI VAN MELLE-INDIA,HAPPYDENT WAVE,HAPPYDENT WAVE PEPPERMINT,2.5,PPH,2.1G,,1656570799805-perfetti van melle-india-happydent wave.png,RECODING,5,3,49473,72.29414367675781,106,PERFETTI VAN MELLE-INDIA,HAPPYDENT,HAPPYDENT WAVE,HAPPYDENT WAVE-PEPPERMINT PPH 2.3 GM,PLPCH,2.300 GM,PEPPERMINT,,2.3,GM,0.0
2022-07-04,202206,129024572,1656576703461,99763889.0,117,UNILEVER NEPAL LTD-NEPAL,SUNSILK BLACK SHINE,SUNSILK BLACK SHAMPOO ,550.0,PBT,625ML,,1656576703461-unilever nepal ltd-nepal-sunsilk black shine.png,RECODING,5,1,92160362,99.19137573242188,117,UNILEVER NEPAL LTD-NEPAL,SUNSILK,SUNSILK BLACK SHINE,SUNSILK BLACK SHINE-PBT 400M+ HAIR DRYER,PLBOT,400.000 ML,,,400.0,ML,0.0
2022-07-04,202206,129024572,1656576703461,99763889.0,117,UNILEVER NEPAL LTD-NEPAL,SUNSILK BLACK SHINE,SUNSILK BLACK SHAMPOO ,550.0,PBT,625ML,,1656576703461-unilever nepal ltd-nepal-sunsilk black shine.png,RECODING,5,2,92126627,106.56230163574219,117,UNILEVER NEPAL LTD-NEPAL,SUNSILK,SUNSILK BLACK SHINE CONDITIONR,SUNSILK BLACK SHINE CONDITIONR-PBT 320 ML,PLBOT,320.000 ML,,,320.0,ML,0.0
2022-07-04,202206,129024572,1656576703461,99763889.0,117,UNILEVER NEPAL LTD-NEPAL,SUNSILK BLACK SHINE,SUNSILK BLACK SHAMPOO ,550.0,PBT,625ML,,1656576703461-unilever nepal ltd-nepal-sunsilk black shine.png,RECODING,5,3,54967,107.39787292480469,117,UNILEVER NEPAL LTD-NEPAL,SUNSILK,SUNSILK BLACK SHINE CONDITIONR,SUNSILK BLACK SHINE CONDITIONR-SCT 7.5 ML,PLSCH,7.500 ML,,,7.5,ML,0.0
2022-07-04,202206,129024572,1656576058411,99763888.0,111,MARICO LIMITED - INDIA,PARACHUTE,PARACHUTE COCONUT OIL PBT 45ML,45.0,PBT,45ML,,1656576058411-marico limited - india-parachute.png,RECODING,5,1,99763888,75.45612335205078,111,MARICO LIMITED - INDIA,PARACHUTE,PARACHUTE,PARACHUTE-COCONUT OIL PBT 45 ML,PLBOT,45.000 ML,,,45.0,ML,45.0
2022-07-04,202206,129024572,1656576058411,99763888.0,111,MARICO LIMITED - INDIA,PARACHUTE,PARACHUTE COCONUT OIL PBT 45ML,45.0,PBT,45ML,,1656576058411-marico limited - india-parachute.png,RECODING,5,2,99764196,75.56185150146484,111,MARICO LIMITED - INDIA,PARACHUTE,PARACHUTE,PARACHUTE-COCONUT OIL PBT 450 ML,PLBOT,450.000 ML,,,450.0,ML,380.0
2022-07-04,202206,129024572,1656576058411,99763888.0,111,MARICO LIMITED - INDIA,PARACHUTE,PARACHUTE COCONUT OIL PBT 45ML,45.0,PBT,45ML,,1656576058411-marico limited - india-parachute.png,RECODING,5,3,53084,75.81697082519531,111,MARICO LIMITED - INDIA,PARACHUTE,PARACHUTE,PARACHUTE-COCONUT OIL PBT 95 ML,PLBOT,95.000 ML,,,95.0,ML,0.0
2022-07-04,202206,129024572,1656574440676,99763890.0,117,UNILEVER NEPAL LTD-NEPAL,DOVE NUTRITIVE SOLUTIONS,DOVE NUTRITIVE SOLUTIONS INTENSE REPAIR PBT 325ML,325.0,PBT,325ML,,1656574440676-unilever nepal ltd-nepal-dove nutritive solutions.png,RECODING,5,1,99763890,65.28559875488281,117,UNILEVER NEPAL LTD-NEPAL,DOVE,DOVE NUTRITIVE SOLUTIONS,DOVE NUTRITIVE SOLUTIONS-INTENSE REPAIR PBT 325 ML,PLBOT,325.000 ML,,,325.0,ML,325.0
2022-07-04,202206,129024572,1656574440676,99763890.0,117,UNILEVER NEPAL LTD-NEPAL,DOVE NUTRITIVE SOLUTIONS,DOVE NUTRITIVE SOLUTIONS INTENSE REPAIR PBT 325ML,325.0,PBT,325ML,,1656574440676-unilever nepal ltd-nepal-dove nutritive solutions.png,RECODING,5,2,46612,68.34957885742188,117,UNILEVER NEPAL LTD-NEPAL,DOVE,DOVE NUTRITIVE SOLUTIONS,DOVE NUTRITIVE SOLUTIONS-INTENSE REPAIR PBT 175 ML,PLBOT,175.000 ML,,,175.0,ML,0.0
2022-07-04,202206,129024572,1656574440676,99763890.0,117,UNILEVER NEPAL LTD-NEPAL,DOVE NUTRITIVE SOLUTIONS,DOVE NUTRITIVE SOLUTIONS INTENSE REPAIR PBT 325ML,325.0,PBT,325ML,,1656574440676-unilever nepal ltd-nepal-dove nutritive solutions.png,RECODING,5,3,46613,69.04141998291016,117,UNILEVER NEPAL LTD-NEPAL,DOVE,DOVE NUTRITIVE SOLUTIONS,DOVE NUTRITIVE SOLUTIONS-INTENSE REPAIR PBT 700 ML,PLBOT,700.000 ML,,,700.0,ML,0.0
2022-07-04,202206,129024572,1656574814970,99763891.0,117,PROCTER & GAMBLE- THAILAND,HEAD & SHOULDER ANTIDANDRUFF,HEAD & SHOULDER ANTI-ODOR ANTI DANDRUFF SHAMPOO PBT 850ML,1050.0,PBT,850ML,,1656574814970-procter - gamble- thailand-head - shoulder antidandruff.png,RECODING,5,1,92123511,83.0833740234375,117,PROCTER & GAMBLE- THAILAND,HEAD & SHOULDER,HEAD & SHOULDER ANTIDANDRUFF,HEAD & SHOULDER ANTIDANDRUFF-SOOTHING CARE PBT 400M,PLBOT,400.000 ML,,,400.0,ML,0.0
2022-07-04,202206,129024572,1656574814970,99763891.0,117,PROCTER & GAMBLE- THAILAND,HEAD & SHOULDER ANTIDANDRUFF,HEAD & SHOULDER ANTI-ODOR ANTI DANDRUFF SHAMPOO PBT 850ML,1050.0,PBT,850ML,,1656574814970-procter - gamble- thailand-head - shoulder antidandruff.png,RECODING,5,2,92122558,84.75563049316406,117,PROCTER & GAMBLE- THAILAND,HEAD & SHOULDER,HEAD & SHOULDER ANTIDANDRUFF,HEAD & SHOULDER ANTIDANDRUFF-ANTI HAIR FL PBT 70ML,PLBOT,70.000 ML,,,70.0,ML,0.0
2022-07-04,202206,129024572,1656574814970,99763891.0,117,PROCTER & GAMBLE- THAILAND,HEAD & SHOULDER ANTIDANDRUFF,HEAD & SHOULDER ANTI-ODOR ANTI DANDRUFF SHAMPOO PBT 850ML,1050.0,PBT,850ML,,1656574814970-procter - gamble- thailand-head - shoulder antidandruff.png,RECODING,5,3,92122102,85.64260864257812,117,PROCTER & GAMBLE- THAILAND,HEAD & SHOULDER,HEAD & SHOULDER ANTIDANDRUFF,HEAD & SHOULDER ANTIDANDRUFF-ANTI HAIR FALL PBT 675M,PLBOT,675.000 ML,,,675.0,ML,0.0
2022-07-04,202206,129371691,1656656077395,99763916.0,132,PROCTER & GAMBLE - INDIA,PAMPERS,PAMPERS-BABY DRY PANTS-SMALL(M)12 NOS,80.0,PPH,12 PANTS,Any other reason,1656656077395-procter - gamble - india-pampers.png,RECODING,5,1,99762631,73.85443115234375,132,PROCTER & GAMBLE - INDIA,PAMPERS,PAMPERS,PAMPERS-BABY DRY PANTS-SMALL(S)PPH 58 NOS,PLPCH,58.000 NO,,,58.0,NO,1118.0
2022-07-04,202206,129371691,1656656077395,99763916.0,132,PROCTER & GAMBLE - INDIA,PAMPERS,PAMPERS-BABY DRY PANTS-SMALL(M)12 NOS,80.0,PPH,12 PANTS,Any other reason,1656656077395-procter - gamble - india-pampers.png,RECODING,5,2,99762797,75.08566284179688,132,PROCTER & GAMBLE - INDIA,PAMPERS,PAMPERS,PAMPERS-BABY DRY PANTS-SMALL(S)PPH 9 NOS,PLPCH,9.000 NO,,,9.0,NO,160.0
2022-07-04,202206,129371691,1656656077395,99763916.0,132,PROCTER & GAMBLE - INDIA,PAMPERS,PAMPERS-BABY DRY PANTS-SMALL(M)12 NOS,80.0,PPH,12 PANTS,Any other reason,1656656077395-procter - gamble - india-pampers.png,RECODING,5,3,99762933,78.93704223632812,132,PROCTER & GAMBLE - INDIA,PAMPERS,PAMPERS,PAMPERS-BABY DRY PANTS-SMALL(S)PPH 4 NOS,PLPCH,4.000 NO,,,4.0,NO,65.0
2022-07-04,202206,129371691,1656655154526,99763917.0,132,UNICHARM INDIA LTD-INDIA,MAMYPOKO PANTS,MAMYPOKO PANTS-EXTRA ABSORB-SMALL(S)58 PANTS,1120.0,PPH,58PANTS,Any other reason,1656655154526-unicharm india ltd-india-mamypoko pants.png,RECODING,5,1,99763917,66.06957244873047,132,UNICHARM INDIA LTD-INDIA,MAMYPOKO PANTS,MAMYPOKO PANTS,MAMYPOKO PANTS-EXTRA ABSORB-SMALL(S) PPH 58 NOS,PLPCH,58.000 NO,,,58.0,NO,1120.0
2022-07-04,202206,129371691,1656655154526,99763917.0,132,UNICHARM INDIA LTD-INDIA,MAMYPOKO PANTS,MAMYPOKO PANTS-EXTRA ABSORB-SMALL(S)58 PANTS,1120.0,PPH,58PANTS,Any other reason,1656655154526-unicharm india ltd-india-mamypoko pants.png,RECODING,5,2,99762578,73.7428207397461,132,UNICHARM INDIA LTD-INDIA,MAMYPOKO PANTS,MAMYPOKO PANTS,MAMYPOKO PANTS-EXTRA ABSORB-SMALL(S) PPH 4 NOS,PLPCH,4.000 NO,,,4.0,NO,91.0
2022-07-04,202206,129371691,1656655154526,99763917.0,132,UNICHARM INDIA LTD-INDIA,MAMYPOKO PANTS,MAMYPOKO PANTS-EXTRA ABSORB-SMALL(S)58 PANTS,1120.0,PPH,58PANTS,Any other reason,1656655154526-unicharm india ltd-india-mamypoko pants.png,RECODING,5,3,99763331,76.77500915527344,132,UNICHARM INDIA LTD-INDIA,MAMYPOKO PANTS,MAMYPOKO PANTS,MAMYPOKO PANTS-EXTRA ABSORB-MEDIUM(M) PPH 46 NOS,PLPCH,46.000 NO,,,46.0,NO,900.0
2022-07-04,202207,113240731,1656658476318,99763887.0,106,SWEET MART FOOD INDUST-NEPAL,SMART CENTER FEEL,SMART CENTER FEEL\3.2\GM,2.0,PPH,3.2GM,,1656658476318-sweet mart food indust-nepal-smart center feel.png,RECODING,5,1,99763887,96.40162658691406,106,SWEET MART FOOD INDUST-NEPAL,SMART,SMART CENTER FEEL,SMART CENTER FEEL- STRAWBERRY PPH 3.2 GM,PLPCH,3.200 GM,STRAWBERRY,,3.2,GM,2.0
2022-07-04,202207,113240731,1656658476318,99763887.0,106,SWEET MART FOOD INDUST-NEPAL,SMART CENTER FEEL,SMART CENTER FEEL\3.2\GM,2.0,PPH,3.2GM,,1656658476318-sweet mart food indust-nepal-smart center feel.png,RECODING,5,2,47147,130.53250122070312,106,SWEET MART FOOD INDUST-NEPAL,SMART,SMART SWEET,SMART SWEET-TOFFEE & CANDY PPH 2.85 GM,PLPCH,2.850 GM,UNSPECIFIED,,2.85,GM,0.0
2022-07-04,202207,113240731,1656658476318,99763887.0,106,SWEET MART FOOD INDUST-NEPAL,SMART CENTER FEEL,SMART CENTER FEEL\3.2\GM,2.0,PPH,3.2GM,,1656658476318-sweet mart food indust-nepal-smart center feel.png,RECODING,5,3,54823,140.11859130859375,106,SWEET MART FOOD INDUST-NEPAL,SWEET MART,SWEET MART,SWEET MART-ECLAIRS PPH 3 GM,PPH,3.000 GM,UNSPECIFIED,,3.0,GM,0.0
2022-07-04,202207,113583150,1656399790601,99763879.0,123,DEUTI SOAP & CHEMICAL-NEPAL,BHERI,BHERI\100\GM,10.0,EWP,100GM,,1656399790601-deuti soap - chemical-nepal-bheri.png,RECODING,5,1,99763448,95.9544677734375,122,DEUTI SOAP & CHEMICAL-NEPAL,BHERI,BHERI,BHERI-ULTRA WASH PPH 1000 GM,PLPCH,1000.000 GM,,,1000.0,GM,85.0
2022-07-04,202207,113583150,1656399790601,99763879.0,123,DEUTI SOAP & CHEMICAL-NEPAL,BHERI,BHERI\100\GM,10.0,EWP,100GM,,1656399790601-deuti soap - chemical-nepal-bheri.png,RECODING,5,2,99763180,96.83828735351562,122,DEUTI SOAP & CHEMICAL-NEPAL,BHERI,BHERI,BHERI-ULTRA WASH PPH 500 GM,PLPCH,500.000 GM,,,500.0,GM,45.0
2022-07-04,202207,113583150,1656399790601,99763879.0,123,DEUTI SOAP & CHEMICAL-NEPAL,BHERI,BHERI\100\GM,10.0,EWP,100GM,,1656399790601-deuti soap - chemical-nepal-bheri.png,RECODING,5,3,99763879,96.85324096679688,123,DEUTI SOAP & CHEMICAL-NEPAL,BHERI,BHERI,BHERI-COMPLETE WASH EWP 100 GM,EWRPK,100.000 GM,,,100.0,GM,10.0
2022-07-04,202207,126709011,1656655073522,99763892.0,118,PRAN DAIRY LIMITED BANGALADESH,PRAN BADAM MILK DRINK,PRAN BADAM MILK DRINK\180ML\TPK\RS:80\PRAN DAIRY LIMITED BANGALADESH,80.0,TPK,180ML,,1656655073522-pran dairy limited bangaladesh-pran badam milk drink.png,RECODING,5,1,99763892,121.10540771484375,118,PRAN DAIRY LTD-BANGLADESH,PRAN,PRAN BADAM DRINK,BADAM DRINK TPK 180 ML,TPK,180.000 ML,ALMOND,,180.0,ML,80.0
2022-07-04,202207,126709011,1656655073522,99763892.0,118,PRAN DAIRY LIMITED BANGALADESH,PRAN BADAM MILK DRINK,PRAN BADAM MILK DRINK\180ML\TPK\RS:80\PRAN DAIRY LIMITED BANGALADESH,80.0,TPK,180ML,,1656655073522-pran dairy limited bangaladesh-pran badam milk drink.png,RECODING,5,2,99764361,126.30660247802734,118,PRAN DAIRY LTD-BANGLADESH,PRAN,PRAN KULFI MILK DRINK,KULFI MILK DRINK TPK 180 ML,TPK,180.000 ML,KULFI,,180.0,ML,70.0
2022-07-04,202207,126709011,1656655073522,99763892.0,118,PRAN DAIRY LIMITED BANGALADESH,PRAN BADAM MILK DRINK,PRAN BADAM MILK DRINK\180ML\TPK\RS:80\PRAN DAIRY LIMITED BANGALADESH,80.0,TPK,180ML,,1656655073522-pran dairy limited bangaladesh-pran badam milk drink.png,RECODING,5,3,99764360,134.16937255859375,118,PRAN DAIRY LTD-BANGLADESH,PRAN,PRAN MANGO MILK DRINK,MANGO MILK DRINK TPK 180 ML,TPK,180.000 ML,MANGO,,180.0,ML,70.0
2022-07-04,202206,124956421,1656566894762,53650.0,123,HIMGIRI HYGIENE PVT LTD-NEPAL,DHONI 100% LAUNDRY SOAP,DHON 100%LAUNDRY SOAP\200\GM,40.0,PPH,200 GM,New SKU,1656566894762-himgiri hygiene pvt ltd-nepal-dhoni 100- laundry soap.png,CROSS CODING,2,1,99763357,92.7633056640625,123,HIMGIRI HYGIENE PVT LTD-NEPAL,DHONI,DHONI,DHONI-XTRAA LAUNDRY SOAP PPH 6*167 GM [1000 GM],PLPCH,167.000 GM,,,1000.0,GM,220.0
2022-07-04,202206,124956421,1656566894762,53650.0,123,HIMGIRI HYGIENE PVT LTD-NEPAL,DHONI 100% LAUNDRY SOAP,DHON 100%LAUNDRY SOAP\200\GM,40.0,PPH,200 GM,New SKU,1656566894762-himgiri hygiene pvt ltd-nepal-dhoni 100- laundry soap.png,CROSS CODING,2,2,99763297,95.38136291503906,123,HIMGIRI HYGIENE PVT LTD-NEPAL,DHONI,DHONI,DHONI-LAUNDRY SOAP PPH 100 GM,PLPCH,100.000 GM,,,100.0,GM,20.0
2022-07-04,202206,124956421,1656566894762,53650.0,123,HIMGIRI HYGIENE PVT LTD-NEPAL,DHONI 100% LAUNDRY SOAP,DHON 100%LAUNDRY SOAP\200\GM,40.0,PPH,200 GM,New SKU,1656566894762-himgiri hygiene pvt ltd-nepal-dhoni 100- laundry soap.png,CROSS CODING,2,3,99763787,95.69711303710938,123,HIMGIRI HYGIENE PVT LTD-NEPAL,DHONI,DHONI,DHONI-XTRAA LAUNDRY SOAP PPH 150 GM,PLPCH,150.000 GM,,,150.0,GM,40.0
2022-07-05,202207,1022162706703,1656859496521,99763869.0,105,SURYA NEPAL PVT LTD - NEPAL,NAULO BURST,NAULO BURST/20'S/HL/RS 175/SURYA NEPAL PVT.LTD NEPAL,175.0,HL,20,Any other reason,1656859496521-surya nepal pvt ltd - nepal-naulo burst.png,RECODING,5,1,99763869,97.9874267578125,105,SURYA NEPAL PVT LTD - NEPAL,NAULO,NAULO BURST,HL 20'S,HL,20,FRESH,,20.0,NO,175.0
2022-07-05,202207,1022162706703,1656859496521,99763869.0,105,SURYA NEPAL PVT LTD - NEPAL,NAULO BURST,NAULO BURST/20'S/HL/RS 175/SURYA NEPAL PVT.LTD NEPAL,175.0,HL,20,Any other reason,1656859496521-surya nepal pvt ltd - nepal-naulo burst.png,RECODING,5,2,99765090,147.34527587890625,105,SURYA NEPAL PVT LTD - NEPAL,SURYA,SURYA DUAL BURST,HL 20'S,HL,20,FRESH,,20.0,NO,320.0
2022-07-05,202207,1022162706703,1656859496521,99763869.0,105,SURYA NEPAL PVT LTD - NEPAL,NAULO BURST,NAULO BURST/20'S/HL/RS 175/SURYA NEPAL PVT.LTD NEPAL,175.0,HL,20,Any other reason,1656859496521-surya nepal pvt ltd - nepal-naulo burst.png,RECODING,5,3,48587,154.26329040527344,105,SURYA NEPAL PVT LTD - NEPAL,SURYA,SURYA 24 CARAT ARCTIC BURST,HL 20'S,HL,20,FRESH,,20.0,NO,300.0
2022-07-05,202207,1018141610915,1656859496521,99763869.0,105,SURYA NEPAL PVT LTD - NEPAL,NAULO BURST,NAULO BURST/20'S/HL/RS 175/SURYA NEPAL PVT.LTD NEPAL,117.0,HL,20,Any other reason,1656859496521-surya nepal pvt ltd - nepal-naulo burst.png,RECODING,5,1,99763869,96.77448272705078,105,SURYA NEPAL PVT LTD - NEPAL,NAULO,NAULO BURST,HL 20'S,HL,20,FRESH,,20.0,NO,175.0
2022-07-05,202207,1018141610915,1656859496521,99763869.0,105,SURYA NEPAL PVT LTD - NEPAL,NAULO BURST,NAULO BURST/20'S/HL/RS 175/SURYA NEPAL PVT.LTD NEPAL,117.0,HL,20,Any other reason,1656859496521-surya nepal pvt ltd - nepal-naulo burst.png,RECODING,5,2,99765090,146.78065490722656,105,SURYA NEPAL PVT LTD - NEPAL,SURYA,SURYA DUAL BURST,HL 20'S,HL,20,FRESH,,20.0,NO,320.0
2022-07-05,202207,1018141610915,1656859496521,99763869.0,105,SURYA NEPAL PVT LTD - NEPAL,NAULO BURST,NAULO BURST/20'S/HL/RS 175/SURYA NEPAL PVT.LTD NEPAL,117.0,HL,20,Any other reason,1656859496521-surya nepal pvt ltd - nepal-naulo burst.png,RECODING,5,3,48587,153.88699340820312,105,SURYA NEPAL PVT LTD - NEPAL,SURYA,SURYA 24 CARAT ARCTIC BURST,HL 20'S,HL,20,FRESH,,20.0,NO,300.0
2022-07-05,202207,126901038,1656909762117,99763902.0,120,HEDGE & HEDGE PHARMACEUTCL-IND,DERMADEW,DERMADEW\75GM\CBP\BACT SOAP,280.0,CBP,75GM,,1656909762117-hedge - hedge pharmaceutcl-ind-dermadew.png,RECODING,5,1,48640,117.28738403320312,120,HEDGE & HEDGE PHARMACEUTCL-IND,DERMADEW,DERMADEW,DERMADEW-CBP 75 GM,CDBOX,75.000 GM,,,75.0,GM,0.0
2022-07-05,202207,126901038,1656909762117,99763902.0,120,HEDGE & HEDGE PHARMACEUTCL-IND,DERMADEW,DERMADEW\75GM\CBP\BACT SOAP,280.0,CBP,75GM,,1656909762117-hedge - hedge pharmaceutcl-ind-dermadew.png,RECODING,5,2,49491,124.33999633789062,120,HEDGE & HEDGE PHARMACEUTCL-IND,DERMADEW,DERMADEW ACNE,DERMADEW ACNE-CBP 75 GM,CDBOX,75.000 GM,,,75.0,GM,0.0
2022-07-05,202207,126901038,1656909762117,99763902.0,120,HEDGE & HEDGE PHARMACEUTCL-IND,DERMADEW,DERMADEW\75GM\CBP\BACT SOAP,280.0,CBP,75GM,,1656909762117-hedge - hedge pharmaceutcl-ind-dermadew.png,RECODING,5,3,99764341,126.9237289428711,120,HEDGE & HEDGE PHARMACEUTCL-IND,DERMADEW,DERMADEW,DERMADEW-CBP 125 GM,CDBOX,125.000 GM,,,125.0,GM,336.0
2022-07-05,202207,126901038,1656910422450,99763903.0,120,TEJASMANYATA NEPAL,KETOHOL,KETOHOL\75GM\CBP\,280.0,CBP,75GM,,1656910422450-tejasmanyata nepal-ketohol.png,RECODING,5,1,99763903,112.77769470214844,120,TEJASMANYATA-NEPAL,KETOHOL,KETOHOL,KETOHOL-CBP 75 GM,CDBOX,75.000 GM,,,75.0,GM,175.0
2022-07-05,202207,126901038,1656910422450,99763903.0,120,TEJASMANYATA NEPAL,KETOHOL,KETOHOL\75GM\CBP\,280.0,CBP,75GM,,1656910422450-tejasmanyata nepal-ketohol.png,RECODING,5,2,92519481,168.1064453125,120,JAI KALI JADIBUTI UDHYOG-NEPAL,OKHATI,OKHATI AYURVEDIC,OKHATI AYURVEDIC- PAPAYA CBP 75 GMS,CDBOX,75.000 GM,,,75.0,GM,0.0
2022-07-05,202207,126901038,1656910422450,99763903.0,120,TEJASMANYATA NEPAL,KETOHOL,KETOHOL\75GM\CBP\,280.0,CBP,75GM,,1656910422450-tejasmanyata nepal-ketohol.png,RECODING,5,3,92523061,171.67120361328125,120,JAI KALI JADIBUTI UDHYOG-NEPAL,OKHATI,OKHATI AYURVEDIC,OKHATI AYURVEDIC-ALOEVERA CBP 50 GMS,CDBOX,50.000 GM,,,50.0,GM,0.0
2022-07-05,202207,130371812,1656907623684,99763913.0,123,SUN ALKALIES INDIA ,MITHUN,MITHUN\120GM\EWP\LAUNDRY SOAP ,16.0,EWP,120GM,,1656907623684-sun alkalies india -mithun.png,RECODING,5,1,99763913,85.40433502197266,123,SUN ALKALIES-INDIA,MITHUN,MITHUN,MITHUN-LAUNDRY SOAP EWP 120 GM,EWRPK,120.000 GM,,,120.0,GM,16.0
2022-07-05,202207,130371812,1656907623684,99763913.0,123,SUN ALKALIES INDIA ,MITHUN,MITHUN\120GM\EWP\LAUNDRY SOAP ,16.0,EWP,120GM,,1656907623684-sun alkalies india -mithun.png,RECODING,5,2,99763505,136.7890625,123,SUNLIGHT SABUN UDHYOG-NEPAL,BIHANI,BIHANI,BIHANI-LAUNDRY SOAP PPH 100 GM,PLPCH,100.000 GM,,,100.0,GM,20.0
2022-07-05,202207,130371812,1656907623684,99763913.0,123,SUN ALKALIES INDIA ,MITHUN,MITHUN\120GM\EWP\LAUNDRY SOAP ,16.0,EWP,120GM,,1656907623684-sun alkalies india -mithun.png,RECODING,5,3,99762767,140.12290954589844,123,NAMASTE S.I (P)-NEPAL,JUN,JUN,JUN-LAUNDRY SOAP PPH 500 GM,PLPCH,500.000 GM,,,500.0,GM,100.0
2022-07-05,202207,130371812,1656907236085,99763914.0,123,HIMGIRI HYGIENE PVT LTD-NEPAL,FIZZ,FIZZ\125GM\EWP\100%LAUNDRY SOAP ,25.0,EWP,115GM,,1656907236085-himgiri hygiene pvt ltd-nepal-fizz.png,RECODING,5,1,99764080,70.80876159667969,123,HIMGIRI HYGIENE PVT LTD-NEPAL,FIZZ,FIZZ,FIZZ-LAUNDRY SOAP PPH 100 GM,PLPCH,100.000 GM,,,100.0,GM,20.0
2022-07-05,202207,130371812,1656907236085,99763914.0,123,HIMGIRI HYGIENE PVT LTD-NEPAL,FIZZ,FIZZ\125GM\EWP\100%LAUNDRY SOAP ,25.0,EWP,115GM,,1656907236085-himgiri hygiene pvt ltd-nepal-fizz.png,RECODING,5,2,99763914,72.13334655761719,123,HIMGIRI HYGIENE PVT LTD-NEPAL,FIZZ,FIZZ,FIZZ-LAUNDRY SOAP PPH 125 GM,PLPCH,125.000 GM,,,125.0,GM,25.0
2022-07-05,202207,130371812,1656907236085,99763914.0,123,HIMGIRI HYGIENE PVT LTD-NEPAL,FIZZ,FIZZ\125GM\EWP\100%LAUNDRY SOAP ,25.0,EWP,115GM,,1656907236085-himgiri hygiene pvt ltd-nepal-fizz.png,RECODING,5,3,99763288,72.212158203125,123,HIMGIRI HYGIENE PVT LTD-NEPAL,FIZZ,FIZZ,FIZZ-LAUNDRY SOAP PPH 3*167 GM [500GM],PLPCH,167.000 GM,,,500.0,GM,100.0
2022-07-05,202207,128840459,1656923682424,54787.0,117,PROCTER & GAMBLE - INDIA,HEAD&SHLDR 2 IN 1 ANTIDAN.,HEAD & SHOULDERS 2IN1 ANTI-DANDRUFF/SHAMPOO+CONDITIONER/180ML/PBT,300.0,PBT,180ML ,,1656923682424-procter - gamble - india-head-shldr 2 in 1 antidan-.png,CROSS CODING,2,1,99762798,95.69218444824219,117,PROCTER & GAMBLE - INDIA,HEAD & SHOULDER,HEAD & SHOULDER ANTIDANDRUFF,HEAD & SHOULDER ANTIDANDRUFF-2IN1 SMOOTH&SILKY-PBT 180ML,PLBOT,180.000 ML,,,180.0,ML,220.0
2022-07-05,202207,128840459,1656923682424,54787.0,117,PROCTER & GAMBLE - INDIA,HEAD&SHLDR 2 IN 1 ANTIDAN.,HEAD & SHOULDERS 2IN1 ANTI-DANDRUFF/SHAMPOO+CONDITIONER/180ML/PBT,300.0,PBT,180ML ,,1656923682424-procter - gamble - india-head-shldr 2 in 1 antidan-.png,CROSS CODING,2,2,46877,99.5337142944336,117,PROCTER & GAMBLE - INDIA,HEAD & SHOULDER,HEAD & SHOULDER ANTIDANDRUFF,HEAD & SHOULDER ANTIDANDRUFF-ANTI HAIRFALL SCT 7 ML,PLSCH,7.000 ML,,,7.0,ML,0.0
2022-07-05,202207,128840459,1656923682424,54787.0,117,PROCTER & GAMBLE - INDIA,HEAD&SHLDR 2 IN 1 ANTIDAN.,HEAD & SHOULDERS 2IN1 ANTI-DANDRUFF/SHAMPOO+CONDITIONER/180ML/PBT,300.0,PBT,180ML ,,1656923682424-procter - gamble - india-head-shldr 2 in 1 antidan-.png,CROSS CODING,2,3,99763891,99.95326232910156,117,PROCTER & GAMBLE - INDIA,HEAD & SHOULDER,HEAD & SHOULDER ANTIDANDRUFF,HEAD & SHOULDER ANTIDANDRUFF-ANTI ODOR WITH CHARCOAL PBT 850ML,PLBOT,850.000 ML,,,850.0,ML,1050.0
2022-07-05,202207,128840459,1656913505918,99762987.0,120,GODREJ CONSUMER PRODUCTS-INDIA,GODREJ NO.1 ,GODREJ NO.1/SANDAL TURMERIC/63GM/EWP,25.0,EWP,63GM ,,1656913505918-godrej consumer products-india-godrej no-1 .png,CROSS CODING,2,1,99763898,117.19096374511719,120,GODREJ CONSUMER PRODUCTS-INDIA,GODREJ,GODREJ NO.1 BEAUTY SOAP,GODREJ NO.1 BEAUTY SOAP-SANDAL TURMERIC EWP 53 GM,EWRPK,53.000 GM,,,53.0,GM,20.0
2022-07-05,202207,128840459,1656913505918,99762987.0,120,GODREJ CONSUMER PRODUCTS-INDIA,GODREJ NO.1 ,GODREJ NO.1/SANDAL TURMERIC/63GM/EWP,25.0,EWP,63GM ,,1656913505918-godrej consumer products-india-godrej no-1 .png,CROSS CODING,2,2,92562364,119.1328125,120,GODREJ CONSUMER PRODUCTS-INDIA,GODREJ,GODREJ NO.1 BEAUTY SOAP,GODREJ NO.1 BEAUTY SOAP-SANDAL&TURMERIC EWP 100G+[3+1],EWRPK,100.000 GM,,,400.0,GM,0.0
2022-07-05,202207,128840459,1656913505918,99762987.0,120,GODREJ CONSUMER PRODUCTS-INDIA,GODREJ NO.1 ,GODREJ NO.1/SANDAL TURMERIC/63GM/EWP,25.0,EWP,63GM ,,1656913505918-godrej consumer products-india-godrej no-1 .png,CROSS CODING,2,3,99762987,119.17726135253906,120,GODREJ CONSUMER PRODUCTS-INDIA,GODREJ,GODREJ NO.1 BEAUTY SOAP,GODREJ NO.1 BEAUTY SOAP-SANDAL&TURMERIC EWP 63 GM,EWRPK,63.000 GM,,,63.0,GM,20.0
2022-07-05,202207,128840459,1656915747457,99763906.0,122,PROCTER & GAMBLE - INDIA,TIDE PLUS,TIDE PLUS EXTRA POWER/LEMON & MINT/500GM/PPH/SAVE RS 8,88.0,PPH,500GM ,,1656915747457-procter - gamble - india-tide plus.png,RECODING,5,1,99763906,66.92037963867188,122,PROCTER & GAMBLE - INDIA,TIDE,TIDE PLUS,TIDE PLUS-EXTRA POWER LEMON MINT PPH 500 GM+RS 8 OFF,PLPCH,500.000 GM,,,500.0,GM,88.0
2022-07-05,202207,128840459,1656915747457,99763906.0,122,PROCTER & GAMBLE - INDIA,TIDE PLUS,TIDE PLUS EXTRA POWER/LEMON & MINT/500GM/PPH/SAVE RS 8,88.0,PPH,500GM ,,1656915747457-procter - gamble - india-tide plus.png,RECODING,5,2,49694,70.0882339477539,122,PROCTER & GAMBLE - INDIA,TIDE,TIDE PLUS,TIDE PLUS-EXTRA POWER LEMON MINT PPH 2000 GM+RS 40 OFF,PLPCH,2000.000 GM,,,2000.0,GM,0.0
2022-07-05,202207,128840459,1656915747457,99763906.0,122,PROCTER & GAMBLE - INDIA,TIDE PLUS,TIDE PLUS EXTRA POWER/LEMON & MINT/500GM/PPH/SAVE RS 8,88.0,PPH,500GM ,,1656915747457-procter - gamble - india-tide plus.png,RECODING,5,3,49996,75.35743713378906,122,PROCTER & GAMBLE - INDIA,TIDE,TIDE PLUS,TIDE PLUS-EXTRA POWER LEMON MINT PPH 1000 GM,PLPCH,1000.000 GM,,,1000.0,GM,0.0
2022-07-05,202207,128840459,1656913794160,99763915.0,123,DEUTI SOAP & CHEMICAL-NEPAL,YASHODA,YASHODA/LAUNDRY SOAP/600GM/PPH,120.0,PPH,600GM,,1656913794160-deuti soap - chemical-nepal-yashoda.png,RECODING,5,1,99763343,74.28300476074219,123,DEUTI SOAP & CHEMICAL-NEPAL,YASHODA,YASHODA,YASHODA-LAUNDRY SOAP PPH 100 GM,PLPCH,100.000 GM,,,100.0,GM,20.0
2022-07-05,202207,128840459,1656913794160,99763915.0,123,DEUTI SOAP & CHEMICAL-NEPAL,YASHODA,YASHODA/LAUNDRY SOAP/600GM/PPH,120.0,PPH,600GM,,1656913794160-deuti soap - chemical-nepal-yashoda.png,RECODING,5,2,99762943,75.54721069335938,123,DEUTI SOAP & CHEMICAL-NEPAL,YASHODA,YASHODA,YASHODA-LAUNDRY SOAP PPH 200 GM,PLPCH,200.000 GM,,,200.0,GM,40.0
2022-07-05,202207,128840459,1656913794160,99763915.0,123,DEUTI SOAP & CHEMICAL-NEPAL,YASHODA,YASHODA/LAUNDRY SOAP/600GM/PPH,120.0,PPH,600GM,,1656913794160-deuti soap - chemical-nepal-yashoda.png,RECODING,5,3,99763662,75.78526306152344,123,DEUTI SOAP & CHEMICAL-NEPAL,YASHODA,YASHODA,YASHODA-LAUNDRY SOAP PPH 150 GM,PLPCH,150.000 GM,,,150.0,GM,30.0
2022-07-05,202207,128720214,1656921652147,99763907.0,122,RAJASTHANI UDHOG NAGAR INDIA,DHAAL,DHAAL\1000\GM,105.0,PPH,1000 GM,,1656921652147-rajasthani udhog nagar india-dhaal.png,RECODING,5,1,54646,174.71963500976562,122,SWADESHI SABUN UDHYOG-NEPAL,AAHA,AAHA,AAHA-PPH 2900 GM,PLPCH,2900.000 GM,,,2900.0,GM,0.0
2022-07-05,202207,128720214,1656921652147,99763907.0,122,RAJASTHANI UDHOG NAGAR INDIA,DHAAL,DHAAL\1000\GM,105.0,PPH,1000 GM,,1656921652147-rajasthani udhog nagar india-dhaal.png,RECODING,5,2,54041,177.84185791015625,123,SWADESHI SABUN UDHYOG-NEPAL,AAHA,AAHA,AAHA-PPH 95 GM,PLPCH,95.000 GM,,,95.0,GM,0.0
2022-07-05,202207,128720214,1656921652147,99763907.0,122,RAJASTHANI UDHOG NAGAR INDIA,DHAAL,DHAAL\1000\GM,105.0,PPH,1000 GM,,1656921652147-rajasthani udhog nagar india-dhaal.png,RECODING,5,3,99764743,177.90902709960938,122,SWADESHI SABUN UDHYOG-NEPAL,AAHA,AAHA,AAHA-PPH 1000 GM,PLPCH,1000.000 GM,,,1000.0,GM,140.0
2022-07-05,202207,128248277,1656918898819,53082.0,111,DABUR INDIA LTD.- INDIA,DABUR AMLA,DABUR AMLA\30\ML,16.0,PBT,30 ML,,1656918898819-dabur india ltd-- india-dabur amla.png,CROSS CODING,2,1,53082,131.97315979003906,111,DABUR INDIA LTD.- INDIA,DABUR,DABUR AMLA,DABUR AMLA-3BENEFT STNRGR LNGR THCR PBT 30 ML,PLBOT,30.000 ML,,,30.0,ML,0.0
2022-07-05,202207,128248277,1656918898819,53082.0,111,DABUR INDIA LTD.- INDIA,DABUR AMLA,DABUR AMLA\30\ML,16.0,PBT,30 ML,,1656918898819-dabur india ltd-- india-dabur amla.png,CROSS CODING,2,2,99764656,150.03594970703125,111,DABUR INDIA LTD.- INDIA,DABUR,DABUR SARSON AMLA,DABUR SARSON AMLA-+BADAM SHAKTI PBT 70 ML,PLBOT,70.000 ML,,,70.0,ML,32.0
2022-07-05,202207,128248277,1656918898819,53082.0,111,DABUR INDIA LTD.- INDIA,DABUR AMLA,DABUR AMLA\30\ML,16.0,PBT,30 ML,,1656918898819-dabur india ltd-- india-dabur amla.png,CROSS CODING,2,3,99764376,154.85675048828125,111,DABUR INDIA LTD.- INDIA,DABUR,DABUR BADAM AMLA,DABUR BADAM AMLA-PBT 80 ML,PLBOT,80.000 ML,,,80.0,ML,32.0
2022-07-05,202207,124370981,1656921555863,99763899.0,112,HINDUSTAN UNILEVER LTD-INDIA,VIVA ,VIVA CBP \500\GM,380.0,CBP,500 GM,New SKU,1656921555863-hindustan unilever ltd-india-viva .png,RECODING,5,1,99763899,125.1507797241211,112,HINDUSTAN UNILEVER LTD-INDIA,VIVA,VIVA,VIVA-CBP 500 GM,CDBOX,500.000 GM,,,500.0,GM,380.0
2022-07-05,202207,124370981,1656921555863,99763899.0,112,HINDUSTAN UNILEVER LTD-INDIA,VIVA ,VIVA CBP \500\GM,380.0,CBP,500 GM,New SKU,1656921555863-hindustan unilever ltd-india-viva .png,RECODING,5,2,99762482,132.42141723632812,112,HINDUSTAN UNILEVER LTD-INDIA,VIVA,VIVA,VIVA-PCN 500 GMS,PLJAR,500.000 GM,,,500.0,GM,390.0
2022-07-05,202207,124370981,1656921555863,99763899.0,112,HINDUSTAN UNILEVER LTD-INDIA,VIVA ,VIVA CBP \500\GM,380.0,CBP,500 GM,New SKU,1656921555863-hindustan unilever ltd-india-viva .png,RECODING,5,3,99764181,171.88482666015625,123,HINDUSTAN UNILEVER LTD-INDIA,RIN,RIN,RIN-PPH 130 GM,PLPCH,130.000 GM,,,130.0,GM,16.0
2022-07-05,202207,116662113,1656936493260,99763900.0,118,TULYA BEVERAGE PVT LTD-INDIA,MILKY ,MILKY BADAM DRINK ,100.0,CAN,180ML,,1656936493260-tulya beverage pvt ltd-india-milky .png,RECODING,5,1,99763900,75.07707214355469,118,TULYA BEVERAGE PVT LTD-INDIA,MILKY,MILKY,BADAM DRINK CAN 180 ML,CAN,180.000 ML,ALMOND,,180.0,ML,100.0
2022-07-05,202207,116662113,1656936493260,99763900.0,118,TULYA BEVERAGE PVT LTD-INDIA,MILKY ,MILKY BADAM DRINK ,100.0,CAN,180ML,,1656936493260-tulya beverage pvt ltd-india-milky .png,RECODING,5,2,52572,108.49580383300781,118,TULYA BEVERAGE PVT LTD-INDIA,ADPL,ADPL,BADAM DRINK CAN 180 ML,CAN,180.000 ML,ALMOND,,180.0,ML,0.0
2022-07-05,202207,116662113,1656936493260,99763900.0,118,TULYA BEVERAGE PVT LTD-INDIA,MILKY ,MILKY BADAM DRINK ,100.0,CAN,180ML,,1656936493260-tulya beverage pvt ltd-india-milky .png,RECODING,5,3,53709,111.79692840576172,118,TULYA BEVERAGE PVT LTD-INDIA,MTS,MTS,BADAM DRINK CAN 180 ML,CAN,180.000 ML,ALMOND,,180.0,ML,0.0
2022-07-05,202207,123117800,1656915797350,99763901.0,118,BOTTLERS NEPAL - NEPAL,COCA-COLA ZERO SUGAR,COCA COLA ZERO SUGAR\250ML\PBT\RS:50\BOTTLERS NEPAL ,50.0,PBT,250ML,New SKU,1656915797350-bottlers nepal - nepal-coca-cola zero sugar.png,RECODING,5,1,99764278,88.044677734375,118,BOTTLERS NEPAL - NEPAL,COCA-COLA,COCA-COLA ZERO SUGAR,RGB 250 ML,RGB,250.000 ML,COLA,,250.0,ML,40.0
2022-07-05,202207,123117800,1656915797350,99763901.0,118,BOTTLERS NEPAL - NEPAL,COCA-COLA ZERO SUGAR,COCA COLA ZERO SUGAR\250ML\PBT\RS:50\BOTTLERS NEPAL ,50.0,PBT,250ML,New SKU,1656915797350-bottlers nepal - nepal-coca-cola zero sugar.png,RECODING,5,2,99763299,95.45445251464844,118,BOTTLERS NEPAL - NEPAL,COCA-COLA,COCA-COLA ZERO SUGAR,PET 500 ML,PET,500.000 ML,COLA,,500.0,ML,70.0
2022-07-05,202207,123117800,1656915797350,99763901.0,118,BOTTLERS NEPAL - NEPAL,COCA-COLA ZERO SUGAR,COCA COLA ZERO SUGAR\250ML\PBT\RS:50\BOTTLERS NEPAL ,50.0,PBT,250ML,New SKU,1656915797350-bottlers nepal - nepal-coca-cola zero sugar.png,RECODING,5,3,99764934,97.08055114746094,118,BOTTLERS NEPAL - NEPAL,COCA-COLA,COCA-COLA,COCA-COLA PET 2250 ML+250 ML COCA-COLA ZERO SUGAR FREE,PET,2250.000 ML,COLA,,2250.0,ML,260.0
2022-07-05,202207,1023135332474,1656835312592,99763869.0,105,SURYA NEPAL PVT LTD - NEPAL,NAULO BURST,NAULO BURST/20'S/HL/175,175.0,HL,20,,1656835312592-surya nepal pvt ltd - nepal-naulo burst.png,RECODING,5,1,99763869,89.61803436279297,105,SURYA NEPAL PVT LTD - NEPAL,NAULO,NAULO BURST,HL 20'S,HL,20,FRESH,,20.0,NO,175.0
2022-07-05,202207,1023135332474,1656835312592,99763869.0,105,SURYA NEPAL PVT LTD - NEPAL,NAULO BURST,NAULO BURST/20'S/HL/175,175.0,HL,20,,1656835312592-surya nepal pvt ltd - nepal-naulo burst.png,RECODING,5,2,99765090,144.84292602539062,105,SURYA NEPAL PVT LTD - NEPAL,SURYA,SURYA DUAL BURST,HL 20'S,HL,20,FRESH,,20.0,NO,320.0
2022-07-05,202207,1023135332474,1656835312592,99763869.0,105,SURYA NEPAL PVT LTD - NEPAL,NAULO BURST,NAULO BURST/20'S/HL/175,175.0,HL,20,,1656835312592-surya nepal pvt ltd - nepal-naulo burst.png,RECODING,5,3,48587,153.25926208496094,105,SURYA NEPAL PVT LTD - NEPAL,SURYA,SURYA 24 CARAT ARCTIC BURST,HL 20'S,HL,20,FRESH,,20.0,NO,300.0
2022-07-06,202207,1013083522874,1656859496521,99763869.0,105,SURYA NEPAL PVT LTD - NEPAL,NAULO BURST,NAULO BURST/20'S/HL/RS 175/SURYA NEPAL PVT.LTD NEPAL,117.0,HL,20,Any other reason,1656859496521-surya nepal pvt ltd - nepal-naulo burst.png,RECODING,5,1,99763869,95.53863525390625,105,SURYA NEPAL PVT LTD - NEPAL,NAULO,NAULO BURST,HL 20'S,HL,20,FRESH,,20.0,NO,175.0
2022-07-06,202207,1013083522874,1656859496521,99763869.0,105,SURYA NEPAL PVT LTD - NEPAL,NAULO BURST,NAULO BURST/20'S/HL/RS 175/SURYA NEPAL PVT.LTD NEPAL,117.0,HL,20,Any other reason,1656859496521-surya nepal pvt ltd - nepal-naulo burst.png,RECODING,5,2,99765090,146.37582397460938,105,SURYA NEPAL PVT LTD - NEPAL,SURYA,SURYA DUAL BURST,HL 20'S,HL,20,FRESH,,20.0,NO,320.0
2022-07-06,202207,1013083522874,1656859496521,99763869.0,105,SURYA NEPAL PVT LTD - NEPAL,NAULO BURST,NAULO BURST/20'S/HL/RS 175/SURYA NEPAL PVT.LTD NEPAL,117.0,HL,20,Any other reason,1656859496521-surya nepal pvt ltd - nepal-naulo burst.png,RECODING,5,3,48587,152.81671142578125,105,SURYA NEPAL PVT LTD - NEPAL,SURYA,SURYA 24 CARAT ARCTIC BURST,HL 20'S,HL,20,FRESH,,20.0,NO,300.0
2022-07-06,202207,128741690,1657001535648,99763918.0,118,VENTURA BOTTLERS PVT LTD-NEPAL,G POWER ,G POWER\250\ML,100.0,CAN,250 ML,,1657001535648-ventura bottlers pvt ltd-nepal-g power .png,RECODING,5,1,99763918,66.872802734375,118,VENTURA BOTTLERS PVT LTD-NEPAL,G POWER,G POWER,CAN 250 ML,CAN,250.000 ML,,,250.0,ML,100.0
2022-07-06,202207,128741690,1657001535648,99763918.0,118,VENTURA BOTTLERS PVT LTD-NEPAL,G POWER ,G POWER\250\ML,100.0,CAN,250 ML,,1657001535648-ventura bottlers pvt ltd-nepal-g power .png,RECODING,5,2,99765094,136.1848602294922,118,VENTURA BOTTLERS PVT LTD-NEPAL,RC,RC COLA,COLA PET 2250 ML,PET,2250.000 ML,COLA,,2250.0,ML,260.0
2022-07-06,202207,128741690,1657001535648,99763918.0,118,VENTURA BOTTLERS PVT LTD-NEPAL,G POWER ,G POWER\250\ML,100.0,CAN,250 ML,,1657001535648-ventura bottlers pvt ltd-nepal-g power .png,RECODING,5,3,99763715,138.43804931640625,118,VENTURA BOTTLERS PVT LTD-NEPAL,RC,RC COLA,COLA PET 500 ML,PET,500.000 ML,COLA,,500.0,ML,70.0
2022-07-06,202207,121809669,1657001628751,99763919.0,118,GOODLIFE BEVERAGE-NEPAL,RUMPUM,RUMPUM MIXED FRUIT BEVERAGE ,30.0,TPK,200ML,,1657001628751-goodlife beverage-nepal-rumpum.png,RECODING,5,1,99763919,73.32941436767578,118,GOODLIFE BEVERAGE-NEPAL,RUMPUM,RUMPUM,MIXED FRUIT TPK 200 ML,TPK,200.000 ML,MIXED FRUIT,,200.0,ML,30.0
2022-07-06,202207,121809669,1657001628751,99763919.0,118,GOODLIFE BEVERAGE-NEPAL,RUMPUM,RUMPUM MIXED FRUIT BEVERAGE ,30.0,TPK,200ML,,1657001628751-goodlife beverage-nepal-rumpum.png,RECODING,5,2,99763963,96.40628814697266,118,GOODLIFE BEVERAGE-NEPAL,RUMPUM,RUMPUM,PINEAPPLE TPK 200 ML,TPK,200.000 ML,PINEAPPLE,,200.0,ML,30.0
2022-07-06,202207,121809669,1657001628751,99763919.0,118,GOODLIFE BEVERAGE-NEPAL,RUMPUM,RUMPUM MIXED FRUIT BEVERAGE ,30.0,TPK,200ML,,1657001628751-goodlife beverage-nepal-rumpum.png,RECODING,5,3,99765204,98.94302368164062,118,GOODLIFE BEVERAGE-NEPAL,RUMPUM,RUMPUM,ALPHONSO MANGO TPK 180 ML+20 ML EXTRA,TPK,180.000 ML,MANGO,,200.0,ML,25.0
2022-07-06,202207,122662491,1657017939287,99763920.0,106,QUALITY SWEETS PRODUCTS-NEPAL,PAN SWAD,RIPE PAN SWAD PPH 3GM,1.0,PPH,3GM,,1657017939287-quality sweets products-nepal-pan swad.png,RECODING,5,1,99763920,70.22145080566406,106,QUALITY SWEETS PRODUCTS-NEPAL,PAN SWAD,PAN SWAD,PAN SWAD-PPH 3 GM,PLPCH,3.000 GM,PAAN,,3.0,GM,1.0
2022-07-06,202207,122662491,1657017939287,99763920.0,106,QUALITY SWEETS PRODUCTS-NEPAL,PAN SWAD,RIPE PAN SWAD PPH 3GM,1.0,PPH,3GM,,1657017939287-quality sweets products-nepal-pan swad.png,RECODING,5,2,99763467,139.759521484375,106,QUALITY SWEETS PRODUCTS-NEPAL,HALSS,HALSS,HALSS-MENTHO LYPTUS PPH 3 GM,PLPCH,3.000 GM,MENTHO LYPTUS,,3.0,GM,2.5
2022-07-06,202207,122662491,1657017939287,99763920.0,106,QUALITY SWEETS PRODUCTS-NEPAL,PAN SWAD,RIPE PAN SWAD PPH 3GM,1.0,PPH,3GM,,1657017939287-quality sweets products-nepal-pan swad.png,RECODING,5,3,46097,155.71804809570312,106,QUALITY SWEETS PRODUCTS-NEPAL,KOFFEE,KOFFEE,KOFFEE-CAPUCCINO PPH 3 GM,PLPCH,3.000 GM,CAPPUCCINO,,3.0,GM,0.0
2022-07-06,202207,2110203244,1656314441083,99763869.0,105,SURYA NEPAL PVT LTD - NEPAL,NAULO BURST,NAULO BURST/HL 20 NOS,200.0,HL,20 NOS,,1656314441083-surya nepal pvt ltd - nepal-naulo burst.png,RECODING,5,1,99763869,96.72410583496094,105,SURYA NEPAL PVT LTD - NEPAL,NAULO,NAULO BURST,HL 20'S,HL,20,FRESH,,20.0,NO,175.0
2022-07-06,202207,2110203244,1656314441083,99763869.0,105,SURYA NEPAL PVT LTD - NEPAL,NAULO BURST,NAULO BURST/HL 20 NOS,200.0,HL,20 NOS,,1656314441083-surya nepal pvt ltd - nepal-naulo burst.png,RECODING,5,2,99765090,145.853515625,105,SURYA NEPAL PVT LTD - NEPAL,SURYA,SURYA DUAL BURST,HL 20'S,HL,20,FRESH,,20.0,NO,320.0
2022-07-06,202207,2110203244,1656314441083,99763869.0,105,SURYA NEPAL PVT LTD - NEPAL,NAULO BURST,NAULO BURST/HL 20 NOS,200.0,HL,20 NOS,,1656314441083-surya nepal pvt ltd - nepal-naulo burst.png,RECODING,5,3,48587,155.7996063232422,105,SURYA NEPAL PVT LTD - NEPAL,SURYA,SURYA 24 CARAT ARCTIC BURST,HL 20'S,HL,20,FRESH,,20.0,NO,300.0
2022-07-06,202207,2110201813,1656314441083,99763869.0,105,SURYA NEPAL PVT LTD - NEPAL,NAULO BURST,NAULO BURST/HL 20 NOS,200.0,HL,20 NOS,,1656314441083-surya nepal pvt ltd - nepal-naulo burst.png,RECODING,5,1,99763869,95.70004272460938,105,SURYA NEPAL PVT LTD - NEPAL,NAULO,NAULO BURST,HL 20'S,HL,20,FRESH,,20.0,NO,175.0
2022-07-06,202207,2110201813,1656314441083,99763869.0,105,SURYA NEPAL PVT LTD - NEPAL,NAULO BURST,NAULO BURST/HL 20 NOS,200.0,HL,20 NOS,,1656314441083-surya nepal pvt ltd - nepal-naulo burst.png,RECODING,5,2,99765090,145.74270629882812,105,SURYA NEPAL PVT LTD - NEPAL,SURYA,SURYA DUAL BURST,HL 20'S,HL,20,FRESH,,20.0,NO,320.0
2022-07-06,202207,2110201813,1656314441083,99763869.0,105,SURYA NEPAL PVT LTD - NEPAL,NAULO BURST,NAULO BURST/HL 20 NOS,200.0,HL,20 NOS,,1656314441083-surya nepal pvt ltd - nepal-naulo burst.png,RECODING,5,3,48587,155.67974853515625,105,SURYA NEPAL PVT LTD - NEPAL,SURYA,SURYA 24 CARAT ARCTIC BURST,HL 20'S,HL,20,FRESH,,20.0,NO,300.0
2022-07-06,202207,2110203242,1656314441083,99763869.0,105,SURYA NEPAL PVT LTD - NEPAL,NAULO BURST,NAULO BURST/HL 20 NOS,200.0,HL,20 NOS,,1656314441083-surya nepal pvt ltd - nepal-naulo burst.png,RECODING,5,1,99763869,96.31635284423828,105,SURYA NEPAL PVT LTD - NEPAL,NAULO,NAULO BURST,HL 20'S,HL,20,FRESH,,20.0,NO,175.0
2022-07-06,202207,2110203242,1656314441083,99763869.0,105,SURYA NEPAL PVT LTD - NEPAL,NAULO BURST,NAULO BURST/HL 20 NOS,200.0,HL,20 NOS,,1656314441083-surya nepal pvt ltd - nepal-naulo burst.png,RECODING,5,2,99765090,145.98374938964844,105,SURYA NEPAL PVT LTD - NEPAL,SURYA,SURYA DUAL BURST,HL 20'S,HL,20,FRESH,,20.0,NO,320.0
2022-07-06,202207,2110203242,1656314441083,99763869.0,105,SURYA NEPAL PVT LTD - NEPAL,NAULO BURST,NAULO BURST/HL 20 NOS,200.0,HL,20 NOS,,1656314441083-surya nepal pvt ltd - nepal-naulo burst.png,RECODING,5,3,48587,155.66778564453125,105,SURYA NEPAL PVT LTD - NEPAL,SURYA,SURYA 24 CARAT ARCTIC BURST,HL 20'S,HL,20,FRESH,,20.0,NO,300.0
2022-07-06,202207,2110203275,1656314441083,99763869.0,105,SURYA NEPAL PVT LTD - NEPAL,NAULO BURST,NAULO BURST/HL 20 NOS,200.0,HL,20 NOS,,1656314441083-surya nepal pvt ltd - nepal-naulo burst.png,RECODING,5,1,99763869,96.56324768066406,105,SURYA NEPAL PVT LTD - NEPAL,NAULO,NAULO BURST,HL 20'S,HL,20,FRESH,,20.0,NO,175.0
2022-07-06,202207,2110203275,1656314441083,99763869.0,105,SURYA NEPAL PVT LTD - NEPAL,NAULO BURST,NAULO BURST/HL 20 NOS,200.0,HL,20 NOS,,1656314441083-surya nepal pvt ltd - nepal-naulo burst.png,RECODING,5,2,99765090,146.26483154296875,105,SURYA NEPAL PVT LTD - NEPAL,SURYA,SURYA DUAL BURST,HL 20'S,HL,20,FRESH,,20.0,NO,320.0
2022-07-06,202207,2110203275,1656314441083,99763869.0,105,SURYA NEPAL PVT LTD - NEPAL,NAULO BURST,NAULO BURST/HL 20 NOS,200.0,HL,20 NOS,,1656314441083-surya nepal pvt ltd - nepal-naulo burst.png,RECODING,5,3,48587,155.9590606689453,105,SURYA NEPAL PVT LTD - NEPAL,SURYA,SURYA 24 CARAT ARCTIC BURST,HL 20'S,HL,20,FRESH,,20.0,NO,300.0
2022-07-07,202207,122216788,1657090394185,99763921.0,117,UNILEVER NEPAL LTD-NEPAL,SUNSILK THICK & LONG,SUNSILK THICK & LONG PBT 325ML,299.0,325ML,PBT ,,1657090394185-unilever nepal ltd-nepal-sunsilk thick - long.png,RECODING,5,1,99763921,61.21951675415039,117,UNILEVER NEPAL LTD-NEPAL,SUNSILK,SUNSILK THICK & LONG,SUNSILK THICK & LONG-PBT 325 ML,PLBOT,325.000 ML,,,325.0,ML,299.0
2022-07-07,202207,122216788,1657090625465,99763873.0,117,UNILEVER NEPAL LTD-NEPAL,SUNSILK BLACK SHINE,SUNSILK BLACK SHINE PBT 325ML,299.0,325ML,PBT ,,1657090625465-unilever nepal ltd-nepal-sunsilk black shine.png,RECODING,5,2,99764105,77.4542236328125,117,UNILEVER NEPAL LTD-NEPAL,SUNSILK,SUNSILK BLACK SHINE,SUNSILK BLACK SHINE-PBT 325 ML,PLBOT,325.000 ML,,,325.0,ML,299.0
2022-07-07,202207,122216788,1657090625465,99763873.0,117,UNILEVER NEPAL LTD-NEPAL,SUNSILK BLACK SHINE,SUNSILK BLACK SHINE PBT 325ML,299.0,325ML,PBT ,,1657090625465-unilever nepal ltd-nepal-sunsilk black shine.png,RECODING,5,5,99763873,80.48040771484375,117,UNILEVER NEPAL LTD-NEPAL,SUNSILK,SUNSILK STUNNING BLACK SHINE,SUNSILK STUNNING BLACK SHINE-PBT 325 ML,PLBOT,325.000 ML,,,325.0,ML,290.0
2022-07-07,202207,122216788,1657089215090,99763922.0,117,UNILEVER NEPAL LTD-NEPAL,CLINIC PLUS,CLINIC PLUS-STRONG & LONG PBT 625ML,470.0,625ML,PBT ,,1657089215090-unilever nepal ltd-nepal-clinic plus.png,RECODING,5,1,99763922,65.52973937988281,117,UNILEVER NEPAL LTD-NEPAL,CLINIC,CLINIC PLUS,CLINIC PLUS-STRONG & LONG PBT 625 ML,PLBOT,625.000 ML,,,625.0,ML,470.0
2022-07-07,202207,129020606,1657095107746,99763924.0,123,AARATI SOAP & CHEMICALS -NEPAL,DIYO,DIYO\200GM\PPH\SOAP,40.0,PPH,200GM,,1657095107746-aarati soap - chemicals -nepal-diyo.png,RECODING,5,1,93011491,95.78455352783203,122,AARATI SOAP & CHEMICALS -NEPAL,DIYO,DIYO,DIYO-PPH 500  GMS,PLPCH,500.000 GM,,,500.0,GM,0.0
2022-07-07,202207,129020606,1657095107746,99763924.0,123,AARATI SOAP & CHEMICALS -NEPAL,DIYO,DIYO\200GM\PPH\SOAP,40.0,PPH,200GM,,1657095107746-aarati soap - chemicals -nepal-diyo.png,RECODING,5,2,93011490,96.03125,122,AARATI SOAP & CHEMICALS -NEPAL,DIYO,DIYO,DIYO-PPH 1000 GMS,PLPCH,1000.000 GM,,,1000.0,GM,0.0
2022-07-07,202207,129020606,1657095107746,99763924.0,123,AARATI SOAP & CHEMICALS -NEPAL,DIYO,DIYO\200GM\PPH\SOAP,40.0,PPH,200GM,,1657095107746-aarati soap - chemicals -nepal-diyo.png,RECODING,5,3,93018122,96.12846374511719,122,AARATI SOAP & CHEMICALS -NEPAL,DIYO,DIYO,DIYO-PPH 200 GMS,PLPCH,200.000 GM,,,200.0,GM,0.0
2022-07-07,202207,122214754,1657003653013,99763923.0,123,KWALITY CHEM PVT LTD-NEPAL,CHINO,CHINO\300GM\PPH\RS:50\KWALITY CHEMICAL NEPAL,55.0,PPH,300GM,New SKU,1657003653013-kwality chem pvt ltd-nepal-chino.png,RECODING,5,1,99763923,66.47868347167969,123,KWALITY CHEM PVT LTD-NEPAL,CHINO,CHINO,CHINO-PPH 300 GM,PLPCH,300.000 GM,,,300.0,GM,50.0
2022-07-07,202207,122214754,1657003653013,99763923.0,123,KWALITY CHEM PVT LTD-NEPAL,CHINO,CHINO\300GM\PPH\RS:50\KWALITY CHEMICAL NEPAL,55.0,PPH,300GM,New SKU,1657003653013-kwality chem pvt ltd-nepal-chino.png,RECODING,5,2,99763583,69.68878173828125,123,KWALITY CHEM PVT LTD-NEPAL,CHINO,CHINO,CHINO-PPH 200 GM,PLPCH,200.000 GM,,,200.0,GM,40.0
2022-07-07,202207,122214754,1657003653013,99763923.0,123,KWALITY CHEM PVT LTD-NEPAL,CHINO,CHINO\300GM\PPH\RS:50\KWALITY CHEMICAL NEPAL,55.0,PPH,300GM,New SKU,1657003653013-kwality chem pvt ltd-nepal-chino.png,RECODING,5,3,99763099,70.43510437011719,123,KWALITY CHEM PVT LTD-NEPAL,CHINO,CHINO,CHINO-PPH 250 GM,PLPCH,250.000 GM,,,250.0,GM,40.0
2022-07-07,202207,121838548,1656915797350,99763901.0,118,BOTTLERS NEPAL - NEPAL,COCA-COLA ZERO SUGAR,COCA COLA ZERO SUGAR\250ML\PBT\RS:50\BOTTLERS NEPAL ,60.0,PBT,250ML,New SKU,1656915797350-bottlers nepal - nepal-coca-cola zero sugar.png,RECODING,5,1,99764278,87.09829711914062,118,BOTTLERS NEPAL - NEPAL,COCA-COLA,COCA-COLA ZERO SUGAR,RGB 250 ML,RGB,250.000 ML,COLA,,250.0,ML,40.0
2022-07-07,202207,121838548,1656915797350,99763901.0,118,BOTTLERS NEPAL - NEPAL,COCA-COLA ZERO SUGAR,COCA COLA ZERO SUGAR\250ML\PBT\RS:50\BOTTLERS NEPAL ,60.0,PBT,250ML,New SKU,1656915797350-bottlers nepal - nepal-coca-cola zero sugar.png,RECODING,5,2,99763299,95.13594055175781,118,BOTTLERS NEPAL - NEPAL,COCA-COLA,COCA-COLA ZERO SUGAR,PET 500 ML,PET,500.000 ML,COLA,,500.0,ML,70.0
2022-07-07,202207,121838548,1656915797350,99763901.0,118,BOTTLERS NEPAL - NEPAL,COCA-COLA ZERO SUGAR,COCA COLA ZERO SUGAR\250ML\PBT\RS:50\BOTTLERS NEPAL ,60.0,PBT,250ML,New SKU,1656915797350-bottlers nepal - nepal-coca-cola zero sugar.png,RECODING,5,3,99763901,96.70382690429688,118,BOTTLERS NEPAL - NEPAL,COCA-COLA,COCA-COLA ZERO SUGAR,PET 250 ML,PET,250.000 ML,COLA,,250.0,ML,50.0
2022-07-07,202207,2110202078,1656314441083,99763869.0,105,SURYA NEPAL PVT LTD - NEPAL,NAULO BURST,NAULO BURST/HL 20 NOS,200.0,HL,20 NOS,,1656314441083-surya nepal pvt ltd - nepal-naulo burst.png,RECODING,5,1,99763869,97.45053100585938,105,SURYA NEPAL PVT LTD - NEPAL,NAULO,NAULO BURST,HL 20'S,HL,20,FRESH,,20.0,NO,175.0
2022-07-07,202207,2110202078,1656314441083,99763869.0,105,SURYA NEPAL PVT LTD - NEPAL,NAULO BURST,NAULO BURST/HL 20 NOS,200.0,HL,20 NOS,,1656314441083-surya nepal pvt ltd - nepal-naulo burst.png,RECODING,5,2,99765090,146.75155639648438,105,SURYA NEPAL PVT LTD - NEPAL,SURYA,SURYA DUAL BURST,HL 20'S,HL,20,FRESH,,20.0,NO,320.0
2022-07-07,202207,2110202078,1656314441083,99763869.0,105,SURYA NEPAL PVT LTD - NEPAL,NAULO BURST,NAULO BURST/HL 20 NOS,200.0,HL,20 NOS,,1656314441083-surya nepal pvt ltd - nepal-naulo burst.png,RECODING,5,3,48587,156.67706298828125,105,SURYA NEPAL PVT LTD - NEPAL,SURYA,SURYA 24 CARAT ARCTIC BURST,HL 20'S,HL,20,FRESH,,20.0,NO,300.0
2022-07-07,202207,2110203290,1656314441083,99763869.0,105,SURYA NEPAL PVT LTD - NEPAL,NAULO BURST,NAULO BURST/HL 20 NOS,200.0,HL,20 NOS,,1656314441083-surya nepal pvt ltd - nepal-naulo burst.png,RECODING,5,1,99763869,99.43468475341797,105,SURYA NEPAL PVT LTD - NEPAL,NAULO,NAULO BURST,HL 20'S,HL,20,FRESH,,20.0,NO,175.0
2022-07-07,202207,2110203290,1656314441083,99763869.0,105,SURYA NEPAL PVT LTD - NEPAL,NAULO BURST,NAULO BURST/HL 20 NOS,200.0,HL,20 NOS,,1656314441083-surya nepal pvt ltd - nepal-naulo burst.png,RECODING,5,2,99765090,148.458251953125,105,SURYA NEPAL PVT LTD - NEPAL,SURYA,SURYA DUAL BURST,HL 20'S,HL,20,FRESH,,20.0,NO,320.0
2022-07-07,202207,2110203290,1656314441083,99763869.0,105,SURYA NEPAL PVT LTD - NEPAL,NAULO BURST,NAULO BURST/HL 20 NOS,200.0,HL,20 NOS,,1656314441083-surya nepal pvt ltd - nepal-naulo burst.png,RECODING,5,3,48587,157.61257934570312,105,SURYA NEPAL PVT LTD - NEPAL,SURYA,SURYA 24 CARAT ARCTIC BURST,HL 20'S,HL,20,FRESH,,20.0,NO,300.0
2022-07-07,202207,2110203258,1656314441083,99763869.0,105,SURYA NEPAL PVT LTD - NEPAL,NAULO BURST,NAULO BURST/HL 20 NOS,200.0,HL,20 NOS,,1656314441083-surya nepal pvt ltd - nepal-naulo burst.png,RECODING,5,1,99763869,97.99310302734375,105,SURYA NEPAL PVT LTD - NEPAL,NAULO,NAULO BURST,HL 20'S,HL,20,FRESH,,20.0,NO,175.0
2022-07-07,202207,2110203258,1656314441083,99763869.0,105,SURYA NEPAL PVT LTD - NEPAL,NAULO BURST,NAULO BURST/HL 20 NOS,200.0,HL,20 NOS,,1656314441083-surya nepal pvt ltd - nepal-naulo burst.png,RECODING,5,2,99765090,147.2138671875,105,SURYA NEPAL PVT LTD - NEPAL,SURYA,SURYA DUAL BURST,HL 20'S,HL,20,FRESH,,20.0,NO,320.0
2022-07-07,202207,2110203258,1656314441083,99763869.0,105,SURYA NEPAL PVT LTD - NEPAL,NAULO BURST,NAULO BURST/HL 20 NOS,200.0,HL,20 NOS,,1656314441083-surya nepal pvt ltd - nepal-naulo burst.png,RECODING,5,3,48587,156.43276977539062,105,SURYA NEPAL PVT LTD - NEPAL,SURYA,SURYA 24 CARAT ARCTIC BURST,HL 20'S,HL,20,FRESH,,20.0,NO,300.0
2022-07-07,202207,2110201078,1656314441083,99763869.0,105,SURYA NEPAL PVT LTD - NEPAL,NAULO BURST,NAULO BURST/HL 20 NOS,200.0,HL,20 NOS,,1656314441083-surya nepal pvt ltd - nepal-naulo burst.png,RECODING,5,1,99763869,98.17900085449219,105,SURYA NEPAL PVT LTD - NEPAL,NAULO,NAULO BURST,HL 20'S,HL,20,FRESH,,20.0,NO,175.0
2022-07-07,202207,2110201078,1656314441083,99763869.0,105,SURYA NEPAL PVT LTD - NEPAL,NAULO BURST,NAULO BURST/HL 20 NOS,200.0,HL,20 NOS,,1656314441083-surya nepal pvt ltd - nepal-naulo burst.png,RECODING,5,2,99765090,147.3959197998047,105,SURYA NEPAL PVT LTD - NEPAL,SURYA,SURYA DUAL BURST,HL 20'S,HL,20,FRESH,,20.0,NO,320.0
2022-07-07,202207,2110201078,1656314441083,99763869.0,105,SURYA NEPAL PVT LTD - NEPAL,NAULO BURST,NAULO BURST/HL 20 NOS,200.0,HL,20 NOS,,1656314441083-surya nepal pvt ltd - nepal-naulo burst.png,RECODING,5,3,48587,157.19924926757812,105,SURYA NEPAL PVT LTD - NEPAL,SURYA,SURYA 24 CARAT ARCTIC BURST,HL 20'S,HL,20,FRESH,,20.0,NO,300.0
2022-07-07,202207,2110202347,1656314441083,99763869.0,105,SURYA NEPAL PVT LTD - NEPAL,NAULO BURST,NAULO BURST/HL 20 NOS,200.0,HL,20 NOS,,1656314441083-surya nepal pvt ltd - nepal-naulo burst.png,RECODING,5,1,99763869,99.38489532470703,105,SURYA NEPAL PVT LTD - NEPAL,NAULO,NAULO BURST,HL 20'S,HL,20,FRESH,,20.0,NO,175.0
2022-07-07,202207,2110202347,1656314441083,99763869.0,105,SURYA NEPAL PVT LTD - NEPAL,NAULO BURST,NAULO BURST/HL 20 NOS,200.0,HL,20 NOS,,1656314441083-surya nepal pvt ltd - nepal-naulo burst.png,RECODING,5,2,99765090,148.46498107910156,105,SURYA NEPAL PVT LTD - NEPAL,SURYA,SURYA DUAL BURST,HL 20'S,HL,20,FRESH,,20.0,NO,320.0
2022-07-07,202207,2110202347,1656314441083,99763869.0,105,SURYA NEPAL PVT LTD - NEPAL,NAULO BURST,NAULO BURST/HL 20 NOS,200.0,HL,20 NOS,,1656314441083-surya nepal pvt ltd - nepal-naulo burst.png,RECODING,5,3,48587,157.9506072998047,105,SURYA NEPAL PVT LTD - NEPAL,SURYA,SURYA 24 CARAT ARCTIC BURST,HL 20'S,HL,20,FRESH,,20.0,NO,300.0
2022-07-07,202207,117705870,1657105661530,99763925.0,118,SURYODAYA DAIRY UDHYOG PVT.LTD NEPAL ,GOKUL MILK DRINK ,GOKUL BADAM MILK DRINK/ALMOND AND SAFFRON/180ML/CAN,90.0,CAN,180ML ,,1657105661530-suryodaya dairy udhyog pvt-ltd nepal -gokul milk drink .png,RECODING,5,1,99763925,64.92031860351562,118,SURYODAYA DAIRY UDHYOG-NEPAL,GOKUL,GOKUL BADAM DRINK,BADAM & SAFFRON DRINK CAN 180 ML,CAN,180.000 ML,ALMOND,,180.0,ML,90.0
2022-07-07,202207,117705870,1657105661530,99763925.0,118,SURYODAYA DAIRY UDHYOG PVT.LTD NEPAL ,GOKUL MILK DRINK ,GOKUL BADAM MILK DRINK/ALMOND AND SAFFRON/180ML/CAN,90.0,CAN,180ML ,,1657105661530-suryodaya dairy udhyog pvt-ltd nepal -gokul milk drink .png,RECODING,5,2,99764865,78.57319641113281,118,SURYODAYA DAIRY UDHYOG-NEPAL,GOPI,GOPI BADAM MILK DRINK,BADAM MILK DRINK CAN 180 ML,CAN,180.000 ML,ALMOND,,180.0,ML,90.0
2022-07-07,202207,117705870,1657105661530,99763925.0,118,SURYODAYA DAIRY UDHYOG PVT.LTD NEPAL ,GOKUL MILK DRINK ,GOKUL BADAM MILK DRINK/ALMOND AND SAFFRON/180ML/CAN,90.0,CAN,180ML ,,1657105661530-suryodaya dairy udhyog pvt-ltd nepal -gokul milk drink .png,RECODING,5,3,99765323,87.36404418945312,118,SURYODAYA DAIRY UDHYOG-NEPAL,SURYODAYA,SURYODAYA BADAM DRINK,ALMOND & SAFFRON DRINK CAN 180 ML,CAN,180.000 ML,ALMOND,,180.0,ML,99.0
2022-07-07,202207,117667009,1657093429043,99763926.0,109,ORAL CARE HERBAL UDHYOG NEPAL ,SHREEJA GLUCOS-D ,SHREEJA GLUCOS-D/75GM/CBP/FREE 33% EXTRA ,50.0,CBP,75GM ,,1657093429043-oral care herbal udhyog nepal -shreeja glucos-d .png,RECODING,5,1,99763926,77.9665298461914,109,ORAL CARE HERBAL UDHYOG-NEPAL ,SHREEJA,SHREEJA GLUCOSE - D,SHREEJA GLUCOSE - D-CBP 75 GM+33% EXT,CDBOX,75.000 GM,,,100.0,GM,50.0
2022-07-07,202207,117667009,1657093429043,99763926.0,109,ORAL CARE HERBAL UDHYOG NEPAL ,SHREEJA GLUCOS-D ,SHREEJA GLUCOS-D/75GM/CBP/FREE 33% EXTRA ,50.0,CBP,75GM ,,1657093429043-oral care herbal udhyog nepal -shreeja glucos-d .png,RECODING,5,2,90262306,119.693115234375,109,D.N HERBAL UDHYOG-NEPAL,SRIKHANDA,SRIKHANDA GLUCOSE - D,SRIKHANDA GLUCOSE - D-CBP 75 GMS + 33% EXTRA,CDBOX,75.000 GM,,,100.0,GM,0.0
2022-07-07,202207,117667009,1657093429043,99763926.0,109,ORAL CARE HERBAL UDHYOG NEPAL ,SHREEJA GLUCOS-D ,SHREEJA GLUCOS-D/75GM/CBP/FREE 33% EXTRA ,50.0,CBP,75GM ,,1657093429043-oral care herbal udhyog nepal -shreeja glucos-d .png,RECODING,5,3,51975,126.16122436523438,109,D.N HERBAL UDHYOG-NEPAL,SRIKHAND,SRIKHAND GLUCOSE - D,SRIKHAND GLUCOSE - D-CBP 75 GM+25% EXT[25G],CDBOX,75.000 GM,,,100.0,GM,0.0
2022-07-07,202207,110974232,1657088748110,99763927.0,106,JAI DEEP PRODUCT-INDIA,J.D.KAJU BUTTER,J.D./KAJU BUTTER TOFFEE,2.0,EWP,4GM,,1657088748110-jai deep product-india-j-d-kaju butter.png,RECODING,5,1,99763927,89.96831512451172,106,JAI DEEP PRODUCT-INDIA,J D,J D KAJU BUTTER,J D KAJU BUTTER-EWP 4 GM,EWRPK,4.000 GM,KAJU BUTTER,,4.0,GM,2.0
2022-07-07,202207,110974232,1657088748110,99763927.0,106,JAI DEEP PRODUCT-INDIA,J.D.KAJU BUTTER,J.D./KAJU BUTTER TOFFEE,2.0,EWP,4GM,,1657088748110-jai deep product-india-j-d-kaju butter.png,RECODING,5,2,54826,127.9261703491211,106,JAI DEEP PRODUCT-INDIA,J D,J D,J D- COCONUT TOFFEE EWP 4.75 GM,EWRPK,4.750 GM,COCONUT,,4.75,GM,0.0
2022-07-07,202207,110974232,1657088748110,99763927.0,106,JAI DEEP PRODUCT-INDIA,J.D.KAJU BUTTER,J.D./KAJU BUTTER TOFFEE,2.0,EWP,4GM,,1657088748110-jai deep product-india-j-d-kaju butter.png,RECODING,5,3,53218,139.3172607421875,106,JAI DEEP PRODUCT-INDIA,MILK TOFFEE,MILK TOFFEE,MILK TOFFEE-PPH 2.75 GM,PLPCH,2.750 GM,MILK,,2.75,GM,0.0
2022-07-08,202207,122344338,1657186372331,99763928.0,122,PROCTER & GAMBLE - INDIA,TIDE,TIDE-FRESH & CLEAN PPH 500GM,60.0,PPH,500GM,,1657186372331-procter - gamble - india-tide.png,RECODING,5,1,99763928,66.34429168701172,122,PROCTER & GAMBLE - INDIA,TIDE,TIDE,TIDE-FRESH & CLEAN PPH 500 GM,PLPCH,500.000 GM,,,500.0,GM,100.0
2022-07-08,202207,122344338,1657186372331,99763928.0,122,PROCTER & GAMBLE - INDIA,TIDE,TIDE-FRESH & CLEAN PPH 500GM,60.0,PPH,500GM,,1657186372331-procter - gamble - india-tide.png,RECODING,5,2,53132,92.65435791015625,123,PROCTER & GAMBLE - INDIA,TIDE,TIDE,TIDE-PPH 125 GM+25 GM FREE,PLPCH,125.000 GM,,,150.0,GM,0.0
2022-07-08,202207,122344338,1657186372331,99763928.0,122,PROCTER & GAMBLE - INDIA,TIDE,TIDE-FRESH & CLEAN PPH 500GM,60.0,PPH,500GM,,1657186372331-procter - gamble - india-tide.png,RECODING,5,3,51587,95.54845428466797,122,PROCTER & GAMBLE - INDIA,TIDE,TIDE PLUS,TIDE PLUS-JASMINE AND ROSE PPH 500 GM,PLPCH,500.000 GM,,,500.0,GM,0.0
2022-07-08,202207,122547898,1657184408006,99763929.0,122,CLEAN AID NEPAL P LTD-NEPAL,HERO ULTRA,HERO ULTRA-LEMON & JASMINE PPH200GM,20.0,PPH,200GM,,1657184408006-clean aid nepal p ltd-nepal-hero ultra.png,RECODING,5,1,99763929,75.66563415527344,122,CLEAN AID NEPAL P LTD-NEPAL,HERO,HERO ULTRA,HERO ULTRA-LEMON & JASMINE PPH 200 GM,PLPCH,200.000 GM,,,200.0,GM,20.0
2022-07-08,202207,122547898,1657184408006,99763929.0,122,CLEAN AID NEPAL P LTD-NEPAL,HERO ULTRA,HERO ULTRA-LEMON & JASMINE PPH200GM,20.0,PPH,200GM,,1657184408006-clean aid nepal p ltd-nepal-hero ultra.png,RECODING,5,2,99762485,79.26837921142578,122,CLEAN AID NEPAL P LTD-NEPAL,HERO,HERO ULTRA,HERO ULTRA-LEMON & JASMINE PPH 250 GM,PLPCH,250.000 GM,,,250.0,GM,20.0
2022-07-08,202207,122547898,1657184408006,99763929.0,122,CLEAN AID NEPAL P LTD-NEPAL,HERO ULTRA,HERO ULTRA-LEMON & JASMINE PPH200GM,20.0,PPH,200GM,,1657184408006-clean aid nepal p ltd-nepal-hero ultra.png,RECODING,5,3,51719,122.43144226074219,122,CLEAN AID NEPAL P LTD-NEPAL,CLEAN AID,CLEAN AID,CLEAN AID-PPH 400 GM,PLPCH,400.000 GM,,,400.0,GM,0.0
2022-07-08,202207,130609425,1657160466877,99763930.0,123,MAKALU SOAP-NEPAL,LAHAR,LAHAR\200GM\PPH\WASHING SOAP ,40.0,PPH,200GM,,1657160466877-makalu soap-nepal-lahar.png,RECODING,5,1,99763930,79.54972839355469,123,MAKALU SOAP-NEPAL,LAHAR,LAHAR,LAHAR-LAUNDRY SOAP PPH 200 GM,PLPCH,200.000 GM,,,200.0,GM,40.0
2022-07-08,202207,130609425,1657160466877,99763930.0,123,MAKALU SOAP-NEPAL,LAHAR,LAHAR\200GM\PPH\WASHING SOAP ,40.0,PPH,200GM,,1657160466877-makalu soap-nepal-lahar.png,RECODING,5,2,99764890,81.40681457519531,123,MAKALU SOAP-NEPAL,LAHAR,LAHAR,LAHAR-LAUNDRY SOAP PPH 100 GM,PLPCH,100.000 GM,,,100.0,GM,20.0
2022-07-08,202207,130609425,1657160466877,99763930.0,123,MAKALU SOAP-NEPAL,LAHAR,LAHAR\200GM\PPH\WASHING SOAP ,40.0,PPH,200GM,,1657160466877-makalu soap-nepal-lahar.png,RECODING,5,3,99763974,82.29421997070312,123,MAKALU SOAP-NEPAL,LAHAR,LAHAR,LAHAR-LAUNDRY SOAP PPH 125 GM,PLPCH,125.000 GM,,,125.0,GM,25.0
2022-07-08,202207,130609425,1657162206252,99763932.0,120,ANCHOR HEALTH - INDIA,LEVENDER PREMIUM BEAUTY ,DYNA PREMIUM BEAUTY\50GM\EWP\LEVENDER&MILK CREAM,20.0,EWP,50GM,,1657162206252-anchor health - india-levender premium beauty .png,RECODING,5,1,54784,122.55387115478516,120,ANCHOR HEALTH - INDIA,DYNA,DYNA,DYNA-LAVENDER & MILK CREAM EWP 4*62 GM,EWRPK,62.000 GM,,,248.0,GM,0.0
2022-07-08,202207,130609425,1657162206252,99763932.0,120,ANCHOR HEALTH - INDIA,LEVENDER PREMIUM BEAUTY ,DYNA PREMIUM BEAUTY\50GM\EWP\LEVENDER&MILK CREAM,20.0,EWP,50GM,,1657162206252-anchor health - india-levender premium beauty .png,RECODING,5,2,50194,125.06904602050781,120,ANCHOR HEALTH - INDIA,DYNA,DYNA,DYNA-JASMINE & MILK CREAM EWP 4*62 GM,EWRPK,62.000 GM,,,248.0,GM,0.0
2022-07-08,202207,130609425,1657162206252,99763932.0,120,ANCHOR HEALTH - INDIA,LEVENDER PREMIUM BEAUTY ,DYNA PREMIUM BEAUTY\50GM\EWP\LEVENDER&MILK CREAM,20.0,EWP,50GM,,1657162206252-anchor health - india-levender premium beauty .png,RECODING,5,3,50187,125.11672973632812,120,ANCHOR HEALTH - INDIA,DYNA,DYNA,DYNA-ROSE & MILK CREAM EWP 4*62 GM,EWRPK,62.000 GM,,,248.0,GM,0.0
2022-07-08,202207,127704330,1657176978993,99763931.0,123,SUPER TATA SOAP & CHEMICAL-NP,DON HERBAL,DON HERBAL/75GM,10.0,PPH,75GM,,1657176978993-super tata soap - chemical-np-don herbal.png,RECODING,5,1,99763931,112.04945373535156,123,SUPER TATA SOAP & CHEMICAL-NP,DON,DON HERBAL,DON HERBAL-LEMON & WOOD ASH PPH 75 GM,PLPCH,75.000 GM,,,75.0,GM,10.0
2022-07-08,202207,127704330,1657176978993,99763931.0,123,SUPER TATA SOAP & CHEMICAL-NP,DON HERBAL,DON HERBAL/75GM,10.0,PPH,75GM,,1657176978993-super tata soap - chemical-np-don herbal.png,RECODING,5,2,53594,114.22730255126953,123,SUPER TATA SOAP & CHEMICAL-NP,DON,DON HERBAL,DON HERBAL-DISHWASH PPH 95 GM,PLPCH,95.000 GM,,,95.0,GM,0.0
2022-07-08,202207,127704330,1657176978993,99763931.0,123,SUPER TATA SOAP & CHEMICAL-NP,DON HERBAL,DON HERBAL/75GM,10.0,PPH,75GM,,1657176978993-super tata soap - chemical-np-don herbal.png,RECODING,5,3,99763698,117.17977905273438,123,SUPER TATA SOAP & CHEMICAL-NP,DON,DON HERBAL,DON HERBAL-LEMON & WOOD ASH PPH 200 GM,PLPCH,200.000 GM,,,200.0,GM,20.0
2022-07-08,202207,132989614,1657091017266,99763879.0,123,DEUTI SOAP & CHEMICAL-NEPAL,BHERI,BHERI DISHWASH BAR/100GM/EWP/DEUTI SOAP & CHEMICAL-NEPAL,10.0,EWP,100GM,,1657091017266-deuti soap - chemical-nepal-bheri.png,RECODING,5,1,99764225,79.31233978271484,123,DEUTI SOAP & CHEMICAL-NEPAL,BHERI,BHERI,BHERI-DISHWASH BAR PCN 400 GM+SCRUBBER FREE,PLJAR,400.000 GM,,,400.0,GM,55.0
2022-07-08,202207,132989614,1657091017266,99763879.0,123,DEUTI SOAP & CHEMICAL-NEPAL,BHERI,BHERI DISHWASH BAR/100GM/EWP/DEUTI SOAP & CHEMICAL-NEPAL,10.0,EWP,100GM,,1657091017266-deuti soap - chemical-nepal-bheri.png,RECODING,5,2,99763448,107.96802520751953,122,DEUTI SOAP & CHEMICAL-NEPAL,BHERI,BHERI,BHERI-ULTRA WASH PPH 1000 GM,PLPCH,1000.000 GM,,,1000.0,GM,85.0
2022-07-08,202207,132989614,1657091017266,99763879.0,123,DEUTI SOAP & CHEMICAL-NEPAL,BHERI,BHERI DISHWASH BAR/100GM/EWP/DEUTI SOAP & CHEMICAL-NEPAL,10.0,EWP,100GM,,1657091017266-deuti soap - chemical-nepal-bheri.png,RECODING,5,3,99763879,108.01422882080078,123,DEUTI SOAP & CHEMICAL-NEPAL,BHERI,BHERI,BHERI-COMPLETE WASH EWP 100 GM,EWRPK,100.000 GM,,,100.0,GM,10.0
2022-07-11,202207,516813510132,1656913505918,99762987.0,120,GODREJ CONSUMER PRODUCTS-INDIA,GODREJ NO.1 ,GODREJ NO.1/SANDAL TURMERIC/63GM/EWP,20.0,EWP,63GM ,,1656913505918-godrej consumer products-india-godrej no-1 .png,CROSS CODING,2,1,99763898,123.43003845214844,120,GODREJ CONSUMER PRODUCTS-INDIA,GODREJ,GODREJ NO.1 BEAUTY SOAP,GODREJ NO.1 BEAUTY SOAP-SANDAL TURMERIC EWP 53 GM,EWRPK,53.000 GM,,,53.0,GM,20.0
2022-07-11,202207,516813510132,1656913505918,99762987.0,120,GODREJ CONSUMER PRODUCTS-INDIA,GODREJ NO.1 ,GODREJ NO.1/SANDAL TURMERIC/63GM/EWP,20.0,EWP,63GM ,,1656913505918-godrej consumer products-india-godrej no-1 .png,CROSS CODING,2,2,99762987,125.11722564697266,120,GODREJ CONSUMER PRODUCTS-INDIA,GODREJ,GODREJ NO.1 BEAUTY SOAP,GODREJ NO.1 BEAUTY SOAP-SANDAL&TURMERIC EWP 63 GM,EWRPK,63.000 GM,,,63.0,GM,20.0
2022-07-11,202207,516813510132,1656913505918,99762987.0,120,GODREJ CONSUMER PRODUCTS-INDIA,GODREJ NO.1 ,GODREJ NO.1/SANDAL TURMERIC/63GM/EWP,20.0,EWP,63GM ,,1656913505918-godrej consumer products-india-godrej no-1 .png,CROSS CODING,2,3,92562364,125.12263488769531,120,GODREJ CONSUMER PRODUCTS-INDIA,GODREJ,GODREJ NO.1 BEAUTY SOAP,GODREJ NO.1 BEAUTY SOAP-SANDAL&TURMERIC EWP 100G+[3+1],EWRPK,100.000 GM,,,400.0,GM,0.0
2022-07-11,202207,516864210078,1657341310220,99763827.0,120,GODREJ CONSUMER PRODUCTS-INDIA,GODREJ NO.1 ,GODREJ NO.1/LIME ALOE VERA/61GM/EWP,25.0,EWP,61GM ,,1657341310220-godrej consumer products-india-godrej no-1 .png,CROSS CODING,2,1,99763355,128.69456481933594,120,GODREJ CONSUMER PRODUCTS-INDIA,GODREJ,GODREJ NO.1 BEAUTY SOAP,GODREJ NO.1 BEAUTY SOAP-LIME ALOEVERA EWP 63 GM,EWRPK,63.000 GM,,,63.0,GM,20.0
2022-07-11,202207,516864210078,1657341310220,99763827.0,120,GODREJ CONSUMER PRODUCTS-INDIA,GODREJ NO.1 ,GODREJ NO.1/LIME ALOE VERA/61GM/EWP,25.0,EWP,61GM ,,1657341310220-godrej consumer products-india-godrej no-1 .png,CROSS CODING,2,2,99763865,128.73599243164062,120,GODREJ CONSUMER PRODUCTS-INDIA,GODREJ,GODREJ NO.1 BEAUTY SOAP,GODREJ NO.1 BEAUTY SOAP-LIME ALOEVERA EWP 57 GM,EWRPK,57.000 GM,,,57.0,GM,20.0
2022-07-11,202207,516864210078,1657341310220,99763827.0,120,GODREJ CONSUMER PRODUCTS-INDIA,GODREJ NO.1 ,GODREJ NO.1/LIME ALOE VERA/61GM/EWP,25.0,EWP,61GM ,,1657341310220-godrej consumer products-india-godrej no-1 .png,CROSS CODING,2,3,99763855,130.0295867919922,120,GODREJ CONSUMER PRODUCTS-INDIA,GODREJ,GODREJ NO.1 BEAUTY SOAP,GODREJ NO.1 BEAUTY SOAP-LIME ALOEVERA EWP 53 GM,EWRPK,53.000 GM,,,53.0,GM,20.0
2022-07-11,202207,516865410047,1657333420749,99763947.0,122,MAHASHAKTI SOAP & CHEM.- NEPAL,LION ,LION DETERGENT POWDER/NEEM & LEMON/1000GM/PPH,90.0,PPH,1000GM ,,1657333420749-mahashakti soap - chem-- nepal-lion .png,RECODING,5,1,99764751,58.320152282714844,123,MAHASHAKTI SOAP & CHEM.- NEPAL,LION,LION,LION-DETERGENT CAKE NEEM&LEMON PPH 75 GM,PLPCH,75.000 GM,,,75.0,GM,10.0
2022-07-11,202207,516865410047,1657333420749,99763947.0,122,MAHASHAKTI SOAP & CHEM.- NEPAL,LION ,LION DETERGENT POWDER/NEEM & LEMON/1000GM/PPH,90.0,PPH,1000GM ,,1657333420749-mahashakti soap - chem-- nepal-lion .png,RECODING,5,2,52684,62.16664505004883,122,MAHASHAKTI SOAP & CHEM.- NEPAL,LION,LION,LION-NEEM & LEMON PPH 225 GM,PLPCH,225.000 GM,,,225.0,GM,0.0
2022-07-11,202207,516865410047,1657333420749,99763947.0,122,MAHASHAKTI SOAP & CHEM.- NEPAL,LION ,LION DETERGENT POWDER/NEEM & LEMON/1000GM/PPH,90.0,PPH,1000GM ,,1657333420749-mahashakti soap - chem-- nepal-lion .png,RECODING,5,3,99763947,63.28401565551758,122,MAHASHAKTI SOAP & CHEM.- NEPAL,LION,LION,LION-NEEM & LEMON PPH 1000 GM,PLPCH,1000.000 GM,,,1000.0,GM,90.0
2022-07-11,202207,516813610176,1656839314742,99763712.0,118,VARUN BEVERAGE -NEPAL,STING,STING ENERGY DRINK/250ML/PBT,60.0,PBT,250ML ,,1656839314742-varun beverage -nepal-sting.png,CROSS CODING,2,1,99764296,131.00418090820312,118,VARUN BEVERAGE -NEPAL,STING,STING,PET 250 ML,PET,250.000 ML,,,250.0,ML,60.0
2022-07-11,202207,516813610176,1656839314742,99763712.0,118,VARUN BEVERAGE -NEPAL,STING,STING ENERGY DRINK/250ML/PBT,60.0,PBT,250ML ,,1656839314742-varun beverage -nepal-sting.png,CROSS CODING,2,2,20110178,184.0533447265625,118,VARUN BEVERAGE -NEPAL,PEPSI,PEPSI,PET 2000 ML,PET,2000.000 ML,COLA,,2000.0,ML,0.0
2022-07-11,202207,516813610176,1656839314742,99763712.0,118,VARUN BEVERAGE -NEPAL,STING,STING ENERGY DRINK/250ML/PBT,60.0,PBT,250ML ,,1656839314742-varun beverage -nepal-sting.png,CROSS CODING,2,3,20121483,185.21707153320312,118,VARUN BEVERAGE -NEPAL,PEPSI,PEPSI,PET 2250 ML,PET,2250.000 ML,COLA,,2250.0,ML,0.0
2022-07-11,202207,516813610185,1657273236843,99763946.0,121,ROYAL NATIONAL HERBS PVT.LTD NEPAL ,DANTA KAWACH,DANTA KAWACH/HERBAL TOOTHPASTE/125GM/TUBE,195.0,TUBE ,125GM ,,1657273236843-royal national herbs pvt-ltd nepal -danta kawach.png,RECODING,5,1,99763946,108.93663024902344,121,ROYAL NATIONAL HERBS-NEPAL,DANTA KAWACH,DANTA KAWACH,DANTA KAWACH-HERBAL TUBE 125 GM,TUBE,125.000 GM,,,125.0,GM,195.0
2022-07-11,202207,516813610185,1657273236843,99763946.0,121,ROYAL NATIONAL HERBS PVT.LTD NEPAL ,DANTA KAWACH,DANTA KAWACH/HERBAL TOOTHPASTE/125GM/TUBE,195.0,TUBE ,125GM ,,1657273236843-royal national herbs pvt-ltd nepal -danta kawach.png,RECODING,5,2,92723554,135.96572875976562,121,R B BRUSH IND - NEPAL,DANTAYU,DANTAYU RED TOOTHPASTE,DANTAYU RED TOOTHPASTE-TUB 40 GMS,TUBE,40.000 GM,,,40.0,GM,0.0
2022-07-11,202207,516813610185,1657273236843,99763946.0,121,ROYAL NATIONAL HERBS PVT.LTD NEPAL ,DANTA KAWACH,DANTA KAWACH/HERBAL TOOTHPASTE/125GM/TUBE,195.0,TUBE ,125GM ,,1657273236843-royal national herbs pvt-ltd nepal -danta kawach.png,RECODING,5,3,92724871,137.6619873046875,121,R B BRUSH IND - NEPAL,DANTAYU,DANTAYU RED TOOTHPASTE,DANTAYU RED TOOTHPASTE-TUB 80 GMS,TUBE,80.000 GM,,,80.0,GM,0.0
2022-07-11,202207,516865410106,1657344582436,99763941.0,118,S.J AGENCIES-INDIA,FRUIT FLAVOUR ,FRUIT FLAWER/MANGO/500ML/PBT,70.0,PBT,500ML ,,1657344582436-s-j agencies-india-fruit flavour .png,RECODING,5,1,99763941,120.37542724609375,118,S.J AGENCIES-INDIA ,FRUIT FLAWER,FRUIT FLAWER,MANGO PET 500 ML,PET,500.000 ML,MANGO,,500.0,ML,70.0
2022-07-11,202207,516865410106,1657344582436,99763941.0,118,S.J AGENCIES-INDIA,FRUIT FLAVOUR ,FRUIT FLAWER/MANGO/500ML/PBT,70.0,PBT,500ML ,,1657344582436-s-j agencies-india-fruit flavour .png,RECODING,5,2,91826328,159.117431640625,106,DELIGHT FOOD INDUSTRIES- INDIA,CANDIWALA,CANDIWALA,CANDIWALA- FRUITY MANGO PPH 4 GM,PLPCH,4.000 GM,MANGO,,4.0,GM,0.0
2022-07-11,202207,516865410106,1657344582436,99763941.0,118,S.J AGENCIES-INDIA,FRUIT FLAVOUR ,FRUIT FLAWER/MANGO/500ML/PBT,70.0,PBT,500ML ,,1657344582436-s-j agencies-india-fruit flavour .png,RECODING,5,3,99764974,168.7370147705078,118,AMAANZA AGRO INDIA PVT LTD-INDIA ,FRUIT HIT,FRUIT HIT,MANGO TPK 200 ML,TPK,200.000 ML,MANGO,,200.0,ML,32.0
2022-07-11,202207,1025124105252,1657351432300,99763869.0,105,SURYA NEPAL PVT LTD - NEPAL,NAULO BRUST,NAULO BRUST/20/HL/RS175,175.0,HL,20,Any other reason,1657351432300-surya nepal pvt ltd - nepal-naulo brust.png,RECODING,5,1,99763869,154.70901489257812,105,SURYA NEPAL PVT LTD - NEPAL,NAULO,NAULO BURST,HL 20'S,HL,20,FRESH,,20.0,NO,175.0
2022-07-11,202207,1025124105252,1657351432300,99763869.0,105,SURYA NEPAL PVT LTD - NEPAL,NAULO BRUST,NAULO BRUST/20/HL/RS175,175.0,HL,20,Any other reason,1657351432300-surya nepal pvt ltd - nepal-naulo brust.png,RECODING,5,2,46667,170.61306762695312,123,B.S.I PVT LTD-NEPAL,SURYA,SURYA,SURYA-UNWRP 200 GMS,UNWRP,200.000 GM,,,200.0,GM,0.0
2022-07-11,202207,1025124105252,1657351432300,99763869.0,105,SURYA NEPAL PVT LTD - NEPAL,NAULO BRUST,NAULO BRUST/20/HL/RS175,175.0,HL,20,Any other reason,1657351432300-surya nepal pvt ltd - nepal-naulo brust.png,RECODING,5,3,92923725,170.71405029296875,123,B.S.I PVT LTD-NEPAL,SURYA,SURYA,SURYA-UNWRP 150 GMS,UNWRP,150.000 GM,,,150.0,GM,0.0
2022-07-11,202207,1024110917649,1657351432300,99763869.0,105,SURYA NEPAL PVT LTD - NEPAL,NAULO BRUST,NAULO BRUST/20/HL/RS175,175.0,HL,20,,1657351432300-surya nepal pvt ltd - nepal-naulo brust.png,RECODING,5,1,99763869,146.0104217529297,105,SURYA NEPAL PVT LTD - NEPAL,NAULO,NAULO BURST,HL 20'S,HL,20,FRESH,,20.0,NO,175.0
2022-07-11,202207,1024110917649,1657351432300,99763869.0,105,SURYA NEPAL PVT LTD - NEPAL,NAULO BRUST,NAULO BRUST/20/HL/RS175,175.0,HL,20,,1657351432300-surya nepal pvt ltd - nepal-naulo brust.png,RECODING,5,2,46667,163.06988525390625,123,B.S.I PVT LTD-NEPAL,SURYA,SURYA,SURYA-UNWRP 200 GMS,UNWRP,200.000 GM,,,200.0,GM,0.0
2022-07-11,202207,1024110917649,1657351432300,99763869.0,105,SURYA NEPAL PVT LTD - NEPAL,NAULO BRUST,NAULO BRUST/20/HL/RS175,175.0,HL,20,,1657351432300-surya nepal pvt ltd - nepal-naulo brust.png,RECODING,5,3,92923725,164.2975311279297,123,B.S.I PVT LTD-NEPAL,SURYA,SURYA,SURYA-UNWRP 150 GMS,UNWRP,150.000 GM,,,150.0,GM,0.0
2022-07-11,202207,232113810205,1657436511731,99763943.0,118,TIMES DRINKING WATER & FOOD PRODUCTION PVT.LTD NEPAL,TIMES,TIMES\1000ML\PBT\DRINKING WATER ,20.0,PBT,1000ML,,1657436511731-times drinking water - food production pvt-ltd nepal-times.png,RECODING,5,1,99763943,98.00248718261719,118,TIMES DRINKING WATER & FOOD-NEPAL,TIMES,TIMES,PET 1000 ML,PET,1000.000 ML,,,1000.0,ML,20.0
2022-07-11,202207,232113810205,1657436511731,99763943.0,118,TIMES DRINKING WATER & FOOD PRODUCTION PVT.LTD NEPAL,TIMES,TIMES\1000ML\PBT\DRINKING WATER ,20.0,PBT,1000ML,,1657436511731-times drinking water - food production pvt-ltd nepal-times.png,RECODING,5,2,99765171,137.21755981445312,118,R.R. DRINKING WATER-NEPAL,R.R.,R.R.,PET 1000 ML,PET,1000.000 ML,,,1000.0,ML,30.0
2022-07-11,202207,232113810205,1657436511731,99763943.0,118,TIMES DRINKING WATER & FOOD PRODUCTION PVT.LTD NEPAL,TIMES,TIMES\1000ML\PBT\DRINKING WATER ,20.0,PBT,1000ML,,1657436511731-times drinking water - food production pvt-ltd nepal-times.png,RECODING,5,3,48658,140.11288452148438,118,JUST WATER PVT LTD-NEPAL,JUST WATER,JUST WATER,PET 1000 ML,PET,1000.000 ML,,,1000.0,ML,0.0
2022-07-11,202207,232113810205,1657436888861,99763942.0,118,AMAANZA AGRO INDIA PVT.LTD ,FUNBERG,FUNBERG\200ML\TPK\MANGO DRINK ,24.0,TPK,200ML,,1657436888861-amaanza agro india pvt-ltd -funberg.png,RECODING,5,1,99763942,88.688232421875,118,AMAANZA AGRO INDIA PVT LTD-INDIA ,FUNBERG,FUNBERG,MANGO TPK 200 ML,TPK,200.000 ML,MANGO,,200.0,ML,25.0
2022-07-11,202207,232113810205,1657436888861,99763942.0,118,AMAANZA AGRO INDIA PVT.LTD ,FUNBERG,FUNBERG\200ML\TPK\MANGO DRINK ,24.0,TPK,200ML,,1657436888861-amaanza agro india pvt-ltd -funberg.png,RECODING,5,2,99764974,139.60623168945312,118,AMAANZA AGRO INDIA PVT LTD-INDIA ,FRUIT HIT,FRUIT HIT,MANGO TPK 200 ML,TPK,200.000 ML,MANGO,,200.0,ML,32.0
2022-07-11,202207,232113810205,1657436888861,99763942.0,118,AMAANZA AGRO INDIA PVT.LTD ,FUNBERG,FUNBERG\200ML\TPK\MANGO DRINK ,24.0,TPK,200ML,,1657436888861-amaanza agro india pvt-ltd -funberg.png,RECODING,5,3,20110748,155.4199676513672,118,MANPASAND AGRO FOOD LTD-INDIA,MANPASAND,MANPASAND,MANGO SIP TPK 200ML,TPK,200.000 ML,MANGO,,200.0,ML,0.0
2022-07-11,202207,232113810229,1657433661348,99763944.0,118,MAXX-UP-DRINKS PVT.LTD INDIA,SPIKE,SPIKE\250ML\PBT\CLEAR LEMON,24.0,PBT,250ML,,1657433661348-maxx-up-drinks pvt-ltd india-spike.png,RECODING,5,1,99763944,102.85006713867188,118,MAXX-UP DRINKS PVT LTD-NEPAL,SPIKE,SPIKE CLEAR LEMON,PET 250 ML,PET,250.000 ML,LEMON,,250.0,ML,40.0
2022-07-11,202207,232113810229,1657433661348,99763944.0,118,MAXX-UP-DRINKS PVT.LTD INDIA,SPIKE,SPIKE\250ML\PBT\CLEAR LEMON,24.0,PBT,250ML,,1657433661348-maxx-up-drinks pvt-ltd india-spike.png,RECODING,5,2,20125806,182.31509399414062,118,S.G STAR DRINKS PVT LTD-INDIA,TUMS,TUMS LEMON,LEMON PET 250 ML,PET,250.000 ML,LEMON,,250.0,ML,0.0
2022-07-11,202207,232113810229,1657433661348,99763944.0,118,MAXX-UP-DRINKS PVT.LTD INDIA,SPIKE,SPIKE\250ML\PBT\CLEAR LEMON,24.0,PBT,250ML,,1657433661348-maxx-up-drinks pvt-ltd india-spike.png,RECODING,5,3,20125581,187.17874145507812,118,S.G STAR DRINKS PVT LTD-INDIA,STAR,STAR MY LEMON,LEMON PET 250 ML,PET,250.000 ML,LEMON,,250.0,ML,0.0
2022-07-11,202207,232113810229,1657433337540,,118,AMULFED DAIRY INDIA ,AMUL LASSI,AMUL LASSI\200ML\TPK\CALCIUM,26.0,TPK,200ML,,1657433337540-amulfed dairy india -amul lassi.png,DELETE THE ITEM,1,1,54640,201.3736572265625,118,GUJARAT CO-OPERTV MILK MKTNG,AMUL,AMUL MASTI,BUTTER MILK TPK 200 ML,TPK,200.000 ML,BUTTER,,200.0,ML,0.0
2022-07-11,202207,232113810229,1657433337540,,118,AMULFED DAIRY INDIA ,AMUL LASSI,AMUL LASSI\200ML\TPK\CALCIUM,26.0,TPK,200ML,,1657433337540-amulfed dairy india -amul lassi.png,DELETE THE ITEM,1,2,40125585,216.46328735351562,118,BASU JAL UDHYOG-NEPAL,AMBROSIA,AMBROSIA,PET 1000 ML,PET,1000.000 ML,,,1000.0,ML,0.0
2022-07-11,202207,232113810229,1657433337540,,118,AMULFED DAIRY INDIA ,AMUL LASSI,AMUL LASSI\200ML\TPK\CALCIUM,26.0,TPK,200ML,,1657433337540-amulfed dairy india -amul lassi.png,DELETE THE ITEM,1,3,99764140,220.18443298339844,106,AMRIT CONFECTIONERY-INDIA,AMRIT,AMRIT MAST CHATPATI CANDY,AMRIT MAST CHATPATI CANDY-PPH 3 GM,PLPCH,3.000 GM,UNSPECIFIED,,3.0,GM,1.0
2022-07-11,202207,232114410205,1657431081339,,106,AVON CONFECTIONERS-INDIA ,CHATPATTI,CHATPATTI\3GM\PPH\IMLI FLAVOUR ,0.8,PPH,3GM,,1657431081339-avon confectioners-india -chatpatti.png,PARKER FOR NEXT MONTH,999,1,99764347,169.71347045898438,106,AVON CONFECTIONERS-INDIA,MURRFI,MURRFI COFFEE,MURRFI COFFEE-PPH 3 GM,PLPCH,3.000 GM,COFFEE,,3.0,GM,1.0
2022-07-11,202207,232114410205,1657431081339,,106,AVON CONFECTIONERS-INDIA ,CHATPATTI,CHATPATTI\3GM\PPH\IMLI FLAVOUR ,0.8,PPH,3GM,,1657431081339-avon confectioners-india -chatpatti.png,PARKER FOR NEXT MONTH,999,2,99764345,171.28262329101562,106,AVON CONFECTIONERS-INDIA,MURRFI,MURRFI KACCHA AAM,MURRFI KACCHA AAM-RAW MANGO PPH 3 GM,PLPCH,3.000 GM,MANGO,,3.0,GM,1.0
2022-07-11,202207,232114410205,1657431081339,,106,AVON CONFECTIONERS-INDIA ,CHATPATTI,CHATPATTI\3GM\PPH\IMLI FLAVOUR ,0.8,PPH,3GM,,1657431081339-avon confectioners-india -chatpatti.png,PARKER FOR NEXT MONTH,999,3,99764346,171.3227081298828,106,AVON CONFECTIONERS-INDIA,MURRFI,MURRFI COCONUT,MURRFI COCONUT-PPH 3 GM,PLPCH,3.000 GM,COCONUT,,3.0,GM,1.0
2022-07-11,202207,1023100434478,1657194574168,99763869.0,105,SURYA NEPAL PVT LTD - NEPAL,NAULO BURST,NAULO BURST / SURYA NEPAL PVT.LTD,200.0,HL,20 NO'S ,Any other reason,1657194574168-surya nepal pvt ltd - nepal-naulo burst.png,RECODING,5,1,99763869,113.67172241210938,105,SURYA NEPAL PVT LTD - NEPAL,NAULO,NAULO BURST,HL 20'S,HL,20,FRESH,,20.0,NO,175.0
2022-07-11,202207,1023100434478,1657194574168,99763869.0,105,SURYA NEPAL PVT LTD - NEPAL,NAULO BURST,NAULO BURST / SURYA NEPAL PVT.LTD,200.0,HL,20 NO'S ,Any other reason,1657194574168-surya nepal pvt ltd - nepal-naulo burst.png,RECODING,5,2,99765090,161.24212646484375,105,SURYA NEPAL PVT LTD - NEPAL,SURYA,SURYA DUAL BURST,HL 20'S,HL,20,FRESH,,20.0,NO,320.0
2022-07-11,202207,1023100434478,1657194574168,99763869.0,105,SURYA NEPAL PVT LTD - NEPAL,NAULO BURST,NAULO BURST / SURYA NEPAL PVT.LTD,200.0,HL,20 NO'S ,Any other reason,1657194574168-surya nepal pvt ltd - nepal-naulo burst.png,RECODING,5,3,48587,166.7719268798828,105,SURYA NEPAL PVT LTD - NEPAL,SURYA,SURYA 24 CARAT ARCTIC BURST,HL 20'S,HL,20,FRESH,,20.0,NO,300.0
2022-07-11,202207,1022174634184,1657194574168,99763869.0,105,SURYA NEPAL PVT LTD - NEPAL,NAULO BURST,NAULO BURST / SURYA NEPAL PVT.LTD,185.0,HL,20 NO'S ,Any other reason,1657194574168-surya nepal pvt ltd - nepal-naulo burst.png,RECODING,5,1,99763869,113.14767456054688,105,SURYA NEPAL PVT LTD - NEPAL,NAULO,NAULO BURST,HL 20'S,HL,20,FRESH,,20.0,NO,175.0
2022-07-11,202207,1022174634184,1657194574168,99763869.0,105,SURYA NEPAL PVT LTD - NEPAL,NAULO BURST,NAULO BURST / SURYA NEPAL PVT.LTD,185.0,HL,20 NO'S ,Any other reason,1657194574168-surya nepal pvt ltd - nepal-naulo burst.png,RECODING,5,2,99765090,161.69140625,105,SURYA NEPAL PVT LTD - NEPAL,SURYA,SURYA DUAL BURST,HL 20'S,HL,20,FRESH,,20.0,NO,320.0
2022-07-11,202207,1022174634184,1657194574168,99763869.0,105,SURYA NEPAL PVT LTD - NEPAL,NAULO BURST,NAULO BURST / SURYA NEPAL PVT.LTD,185.0,HL,20 NO'S ,Any other reason,1657194574168-surya nepal pvt ltd - nepal-naulo burst.png,RECODING,5,3,48587,167.10781860351562,105,SURYA NEPAL PVT LTD - NEPAL,SURYA,SURYA 24 CARAT ARCTIC BURST,HL 20'S,HL,20,FRESH,,20.0,NO,300.0
2022-07-11,202207,1023114501866,1657194574168,99763869.0,105,SURYA NEPAL PVT LTD - NEPAL,NAULO BURST,NAULO BURST / SURYA NEPAL PVT.LTD,185.0,HL,20 NO'S ,Any other reason,1657194574168-surya nepal pvt ltd - nepal-naulo burst.png,RECODING,5,1,99763869,111.45121765136719,105,SURYA NEPAL PVT LTD - NEPAL,NAULO,NAULO BURST,HL 20'S,HL,20,FRESH,,20.0,NO,175.0
2022-07-11,202207,1023114501866,1657194574168,99763869.0,105,SURYA NEPAL PVT LTD - NEPAL,NAULO BURST,NAULO BURST / SURYA NEPAL PVT.LTD,185.0,HL,20 NO'S ,Any other reason,1657194574168-surya nepal pvt ltd - nepal-naulo burst.png,RECODING,5,2,99765090,160.38632202148438,105,SURYA NEPAL PVT LTD - NEPAL,SURYA,SURYA DUAL BURST,HL 20'S,HL,20,FRESH,,20.0,NO,320.0
2022-07-11,202207,1023114501866,1657194574168,99763869.0,105,SURYA NEPAL PVT LTD - NEPAL,NAULO BURST,NAULO BURST / SURYA NEPAL PVT.LTD,185.0,HL,20 NO'S ,Any other reason,1657194574168-surya nepal pvt ltd - nepal-naulo burst.png,RECODING,5,3,48587,165.88800048828125,105,SURYA NEPAL PVT LTD - NEPAL,SURYA,SURYA 24 CARAT ARCTIC BURST,HL 20'S,HL,20,FRESH,,20.0,NO,300.0
2022-07-11,202207,1025123055377,1657351432300,99763869.0,105,SURYA NEPAL PVT LTD - NEPAL,NAULO BRUST,NAULO BRUST/20/HL/RS175,100.0,HL,20,,1657351432300-surya nepal pvt ltd - nepal-naulo brust.png,RECODING,5,1,99763869,149.89688110351562,105,SURYA NEPAL PVT LTD - NEPAL,NAULO,NAULO BURST,HL 20'S,HL,20,FRESH,,20.0,NO,175.0
2022-07-11,202207,1025123055377,1657351432300,99763869.0,105,SURYA NEPAL PVT LTD - NEPAL,NAULO BRUST,NAULO BRUST/20/HL/RS175,100.0,HL,20,,1657351432300-surya nepal pvt ltd - nepal-naulo brust.png,RECODING,5,2,46667,166.52325439453125,123,B.S.I PVT LTD-NEPAL,SURYA,SURYA,SURYA-UNWRP 200 GMS,UNWRP,200.000 GM,,,200.0,GM,0.0
2022-07-11,202207,1025123055377,1657351432300,99763869.0,105,SURYA NEPAL PVT LTD - NEPAL,NAULO BRUST,NAULO BRUST/20/HL/RS175,100.0,HL,20,,1657351432300-surya nepal pvt ltd - nepal-naulo brust.png,RECODING,5,3,92923725,167.62295532226562,123,B.S.I PVT LTD-NEPAL,SURYA,SURYA,SURYA-UNWRP 150 GMS,UNWRP,150.000 GM,,,150.0,GM,0.0
2022-07-11,202207,527363110143,1657355196938,99763937.0,116,H R HYGIENE PROD-IND,FEMISS,FEMISS\6\NOS,65.0,PPH,6 NOS,,1657355196938-h r hygiene prod-ind-femiss.png,RECODING,5,1,99763937,134.98065185546875,116,H R HYGIENE PROD-IND,FEMISS,FEMISS,FEMISS-SUPER SOFT ULTRA THIN XL PPH 6 NO,PLPCH,6.000 NO,,,6.0,NO,65.0
2022-07-11,202207,527363110143,1657355196938,99763937.0,116,H R HYGIENE PROD-IND,FEMISS,FEMISS\6\NOS,65.0,PPH,6 NOS,,1657355196938-h r hygiene prod-ind-femiss.png,RECODING,5,2,54936,138.70852661132812,116,H R HYGIENE PROD-IND,FEMISS,FEMISS,FEMISS-ECO QUICK ABSORB DRY FEEL PPH 7 NO+1NO FR,PLPCH,7.000 NO,,,8.0,NO,0.0
2022-07-11,202207,527363110143,1657355196938,99763937.0,116,H R HYGIENE PROD-IND,FEMISS,FEMISS\6\NOS,65.0,PPH,6 NOS,,1657355196938-h r hygiene prod-ind-femiss.png,RECODING,5,3,99764195,207.89610290527344,116,H R HYGIENE PROD-IND,WOMANCIA,WOMANCIA PREMIUM,WOMANCIA PREMIUM-QUICK ABSORB DRY FEEL XTRA LARGE PPH 7NO,PLPCH,7.000 NO,,,7.0,NO,50.0
2022-07-11,202207,1022174101838,1657194574168,99763869.0,105,SURYA NEPAL PVT LTD - NEPAL,NAULO BURST,NAULO BURST / SURYA NEPAL PVT.LTD,185.0,HL,20 NO'S ,Any other reason,1657194574168-surya nepal pvt ltd - nepal-naulo burst.png,RECODING,5,1,99763869,113.5212173461914,105,SURYA NEPAL PVT LTD - NEPAL,NAULO,NAULO BURST,HL 20'S,HL,20,FRESH,,20.0,NO,175.0
2022-07-11,202207,1022174101838,1657194574168,99763869.0,105,SURYA NEPAL PVT LTD - NEPAL,NAULO BURST,NAULO BURST / SURYA NEPAL PVT.LTD,185.0,HL,20 NO'S ,Any other reason,1657194574168-surya nepal pvt ltd - nepal-naulo burst.png,RECODING,5,2,99765090,161.49790954589844,105,SURYA NEPAL PVT LTD - NEPAL,SURYA,SURYA DUAL BURST,HL 20'S,HL,20,FRESH,,20.0,NO,320.0
2022-07-11,202207,1022174101838,1657194574168,99763869.0,105,SURYA NEPAL PVT LTD - NEPAL,NAULO BURST,NAULO BURST / SURYA NEPAL PVT.LTD,185.0,HL,20 NO'S ,Any other reason,1657194574168-surya nepal pvt ltd - nepal-naulo burst.png,RECODING,5,3,48587,167.11434936523438,105,SURYA NEPAL PVT LTD - NEPAL,SURYA,SURYA 24 CARAT ARCTIC BURST,HL 20'S,HL,20,FRESH,,20.0,NO,300.0
2022-07-11,202207,1021141759768,1657194574168,99763869.0,105,SURYA NEPAL PVT LTD - NEPAL,NAULO BURST,NAULO BURST / SURYA NEPAL PVT.LTD,185.0,HL,20 NO'S ,Any other reason,1657194574168-surya nepal pvt ltd - nepal-naulo burst.png,RECODING,5,1,99763869,113.44658660888672,105,SURYA NEPAL PVT LTD - NEPAL,NAULO,NAULO BURST,HL 20'S,HL,20,FRESH,,20.0,NO,175.0
2022-07-11,202207,1021141759768,1657194574168,99763869.0,105,SURYA NEPAL PVT LTD - NEPAL,NAULO BURST,NAULO BURST / SURYA NEPAL PVT.LTD,185.0,HL,20 NO'S ,Any other reason,1657194574168-surya nepal pvt ltd - nepal-naulo burst.png,RECODING,5,2,99765090,161.41397094726562,105,SURYA NEPAL PVT LTD - NEPAL,SURYA,SURYA DUAL BURST,HL 20'S,HL,20,FRESH,,20.0,NO,320.0
2022-07-11,202207,1021141759768,1657194574168,99763869.0,105,SURYA NEPAL PVT LTD - NEPAL,NAULO BURST,NAULO BURST / SURYA NEPAL PVT.LTD,185.0,HL,20 NO'S ,Any other reason,1657194574168-surya nepal pvt ltd - nepal-naulo burst.png,RECODING,5,3,48587,167.3072509765625,105,SURYA NEPAL PVT LTD - NEPAL,SURYA,SURYA 24 CARAT ARCTIC BURST,HL 20'S,HL,20,FRESH,,20.0,NO,300.0
2022-07-11,202207,1024183434269,1657194574168,99763869.0,105,SURYA NEPAL PVT LTD - NEPAL,NAULO BURST,NAULO BURST / SURYA NEPAL PVT.LTD,185.0,HL,20 NO'S ,Any other reason,1657194574168-surya nepal pvt ltd - nepal-naulo burst.png,RECODING,5,1,99763869,112.72776794433594,105,SURYA NEPAL PVT LTD - NEPAL,NAULO,NAULO BURST,HL 20'S,HL,20,FRESH,,20.0,NO,175.0
2022-07-11,202207,1024183434269,1657194574168,99763869.0,105,SURYA NEPAL PVT LTD - NEPAL,NAULO BURST,NAULO BURST / SURYA NEPAL PVT.LTD,185.0,HL,20 NO'S ,Any other reason,1657194574168-surya nepal pvt ltd - nepal-naulo burst.png,RECODING,5,2,99765090,160.9150848388672,105,SURYA NEPAL PVT LTD - NEPAL,SURYA,SURYA DUAL BURST,HL 20'S,HL,20,FRESH,,20.0,NO,320.0
2022-07-11,202207,1024183434269,1657194574168,99763869.0,105,SURYA NEPAL PVT LTD - NEPAL,NAULO BURST,NAULO BURST / SURYA NEPAL PVT.LTD,185.0,HL,20 NO'S ,Any other reason,1657194574168-surya nepal pvt ltd - nepal-naulo burst.png,RECODING,5,3,48587,165.87539672851562,105,SURYA NEPAL PVT LTD - NEPAL,SURYA,SURYA 24 CARAT ARCTIC BURST,HL 20'S,HL,20,FRESH,,20.0,NO,300.0
2022-07-11,202207,1022153020715,1657194574168,99763869.0,105,SURYA NEPAL PVT LTD - NEPAL,NAULO BURST,NAULO BURST / SURYA NEPAL PVT.LTD,200.0,HL,20 NO'S ,Any other reason,1657194574168-surya nepal pvt ltd - nepal-naulo burst.png,RECODING,5,1,99763869,115.47373962402344,105,SURYA NEPAL PVT LTD - NEPAL,NAULO,NAULO BURST,HL 20'S,HL,20,FRESH,,20.0,NO,175.0
2022-07-11,202207,1022153020715,1657194574168,99763869.0,105,SURYA NEPAL PVT LTD - NEPAL,NAULO BURST,NAULO BURST / SURYA NEPAL PVT.LTD,200.0,HL,20 NO'S ,Any other reason,1657194574168-surya nepal pvt ltd - nepal-naulo burst.png,RECODING,5,2,99765090,163.68179321289062,105,SURYA NEPAL PVT LTD - NEPAL,SURYA,SURYA DUAL BURST,HL 20'S,HL,20,FRESH,,20.0,NO,320.0
2022-07-11,202207,1022153020715,1657194574168,99763869.0,105,SURYA NEPAL PVT LTD - NEPAL,NAULO BURST,NAULO BURST / SURYA NEPAL PVT.LTD,200.0,HL,20 NO'S ,Any other reason,1657194574168-surya nepal pvt ltd - nepal-naulo burst.png,RECODING,5,3,48587,169.197509765625,105,SURYA NEPAL PVT LTD - NEPAL,SURYA,SURYA 24 CARAT ARCTIC BURST,HL 20'S,HL,20,FRESH,,20.0,NO,300.0
2022-07-11,202207,1023191314293,1657194574168,99763869.0,105,SURYA NEPAL PVT LTD - NEPAL,NAULO BURST,NAULO BURST / SURYA NEPAL PVT.LTD,200.0,HL,20 NO'S ,Any other reason,1657194574168-surya nepal pvt ltd - nepal-naulo burst.png,RECODING,5,1,99763869,113.06604766845703,105,SURYA NEPAL PVT LTD - NEPAL,NAULO,NAULO BURST,HL 20'S,HL,20,FRESH,,20.0,NO,175.0
2022-07-11,202207,1023191314293,1657194574168,99763869.0,105,SURYA NEPAL PVT LTD - NEPAL,NAULO BURST,NAULO BURST / SURYA NEPAL PVT.LTD,200.0,HL,20 NO'S ,Any other reason,1657194574168-surya nepal pvt ltd - nepal-naulo burst.png,RECODING,5,2,99765090,162.143310546875,105,SURYA NEPAL PVT LTD - NEPAL,SURYA,SURYA DUAL BURST,HL 20'S,HL,20,FRESH,,20.0,NO,320.0
2022-07-11,202207,1023191314293,1657194574168,99763869.0,105,SURYA NEPAL PVT LTD - NEPAL,NAULO BURST,NAULO BURST / SURYA NEPAL PVT.LTD,200.0,HL,20 NO'S ,Any other reason,1657194574168-surya nepal pvt ltd - nepal-naulo burst.png,RECODING,5,3,48587,167.26654052734375,105,SURYA NEPAL PVT LTD - NEPAL,SURYA,SURYA 24 CARAT ARCTIC BURST,HL 20'S,HL,20,FRESH,,20.0,NO,300.0
2022-07-11,202207,324252310067,1657337684510,99763949.0,123,DEUTI SOAP & CHEMICAL-NEPAL,BHERI,BHERI LOUNDRY SOAP\200GM\PPH\RS:40\DEUTI SOAP AND CHEMICALS PVT.LTD NEPAL,40.0,PPH,200GM,,1657337684510-deuti soap - chemical-nepal-bheri.png,RECODING,5,1,99763180,85.81380462646484,122,DEUTI SOAP & CHEMICAL-NEPAL,BHERI,BHERI,BHERI-ULTRA WASH PPH 500 GM,PLPCH,500.000 GM,,,500.0,GM,45.0
2022-07-11,202207,324252310067,1657337684510,99763949.0,123,DEUTI SOAP & CHEMICAL-NEPAL,BHERI,BHERI LOUNDRY SOAP\200GM\PPH\RS:40\DEUTI SOAP AND CHEMICALS PVT.LTD NEPAL,40.0,PPH,200GM,,1657337684510-deuti soap - chemical-nepal-bheri.png,RECODING,5,2,99763949,86.70216369628906,123,DEUTI SOAP & CHEMICAL-NEPAL,BHERI,BHERI,BHERI-CLEAN & FRESH PPH 200 GM,PLPCH,200.000 GM,,,200.0,GM,40.0
2022-07-11,202207,324252310067,1657337684510,99763949.0,123,DEUTI SOAP & CHEMICAL-NEPAL,BHERI,BHERI LOUNDRY SOAP\200GM\PPH\RS:40\DEUTI SOAP AND CHEMICALS PVT.LTD NEPAL,40.0,PPH,200GM,,1657337684510-deuti soap - chemical-nepal-bheri.png,RECODING,5,3,99763179,87.11466979980469,122,DEUTI SOAP & CHEMICAL-NEPAL,BHERI,BHERI,BHERI-ULTRA WASH PPH 200 GM,PLPCH,200.000 GM,,,200.0,GM,20.0
2022-07-11,202207,116300618,1657260398813,99763945.0,120,MAHABIR SOAP & CHEMICAL- NEPAL,MAYALU BEAUTY SOAP,MAYALU BEAUTY SOAP JASMINE\100GM\EWP\RS:40\MAHASHAKTI SOAP &CHEMICALS IND.PVT.LTD NEPAL,40.0,EWP,100GM,New SKU,1657260398813-mahabir soap - chemical- nepal-mayalu beauty soap.png,RECODING,5,1,92515974,87.48855590820312,120,MAHASHAKTI SOAP & CHEM.- NEPAL,MAYALU,MAYALU BEAUTY SOAP,MAYALU BEAUTY SOAP-JASMINE EWP 75 GMS,EWRPK,75.000 GM,,,75.0,GM,0.0
2022-07-11,202207,116300618,1657260398813,99763945.0,120,MAHABIR SOAP & CHEMICAL- NEPAL,MAYALU BEAUTY SOAP,MAYALU BEAUTY SOAP JASMINE\100GM\EWP\RS:40\MAHASHAKTI SOAP &CHEMICALS IND.PVT.LTD NEPAL,40.0,EWP,100GM,New SKU,1657260398813-mahabir soap - chemical- nepal-mayalu beauty soap.png,RECODING,5,2,99763945,89.0234146118164,120,MAHASHAKTI SOAP & CHEM.- NEPAL,MAYALU,MAYALU BEAUTY SOAP,MAYALU BEAUTY SOAP-JASMINE EWP 100 GM,EWRPK,100.000 GM,,,100.0,GM,40.0
2022-07-11,202207,116300618,1657260398813,99763945.0,120,MAHABIR SOAP & CHEMICAL- NEPAL,MAYALU BEAUTY SOAP,MAYALU BEAUTY SOAP JASMINE\100GM\EWP\RS:40\MAHASHAKTI SOAP &CHEMICALS IND.PVT.LTD NEPAL,40.0,EWP,100GM,New SKU,1657260398813-mahabir soap - chemical- nepal-mayalu beauty soap.png,RECODING,5,3,92519417,89.58880615234375,120,MAHASHAKTI SOAP & CHEM.- NEPAL,MAYALU,MAYALU BEAUTY SOAP,MAYALU BEAUTY SOAP-JASMINE EWP 70 GMS,EWRPK,70.000 GM,,,70.0,GM,0.0
2022-07-11,202207,324252310028,1657281091233,99763934.0,109,PRABHAT HERBAL UDHYOG NEPAL,PUNAR JIT,PUNAR JIT GLUCOSE-D\500GM\PCN\RS:160\PRABHAT HERBAL UDHYOG NEPAL,160.0,PCN,500GM,New SKU,1657281091233-prabhat herbal udhyog nepal-punar jit.png,RECODING,5,1,99763934,85.47357177734375,109,PRABHAT HERBAL UDHYOG-NEPAL,PUNARJIT,PUNARJIT GLUCOSE-D,PUNARJIT GLUCOSE-D-PCN 500 GM,PLJAR,500.000 GM,,,500.0,GM,160.0
2022-07-11,202207,324252310028,1657281091233,99763934.0,109,PRABHAT HERBAL UDHYOG NEPAL,PUNAR JIT,PUNAR JIT GLUCOSE-D\500GM\PCN\RS:160\PRABHAT HERBAL UDHYOG NEPAL,160.0,PCN,500GM,New SKU,1657281091233-prabhat herbal udhyog nepal-punar jit.png,RECODING,5,2,48433,104.15110778808594,109,D.N HERBAL UDHYOG-NEPAL,SRIKHAND,SRIKHAND GLUCOSE - D,SRIKHAND GLUCOSE - D-PCN 400 GMS+25% EXT[100G],PLJAR,400.000 GM,,,500.0,GM,0.0
2022-07-11,202207,324252310028,1657281091233,99763934.0,109,PRABHAT HERBAL UDHYOG NEPAL,PUNAR JIT,PUNAR JIT GLUCOSE-D\500GM\PCN\RS:160\PRABHAT HERBAL UDHYOG NEPAL,160.0,PCN,500GM,New SKU,1657281091233-prabhat herbal udhyog nepal-punar jit.png,RECODING,5,3,90225685,106.94149017333984,109,D.N HERBAL UDHYOG-NEPAL,SRIKHANDA,SRIKHANDA GLUCOSE - D,SRIKHANDA GLUCOSE - D-PCN 500 GMS,PLJAR,500.000 GM,,,500.0,GM,0.0
2022-07-11,202207,233775810041,1657251707108,99763935.0,109,SAI HERBAL FOOD PRODUCTS-NEPAL,GLUCOVITAL GLUCOSE-D,GLUCOVITAL\100GM\CBP\GLUCOSE-D ,40.0,CBP,100GM,,1657251707108-sai herbal food products-nepal-glucovital glucose-d.png,RECODING,5,1,46702,69.96086120605469,109,SAI HERBAL FOOD PRODUCTS-NEPAL,GLUCOVITAL,GLUCOVITAL GLUCOSE-D,GLUCOVITAL GLUCOSE-D-PCN 500 GM,PLJAR,500.000 GM,,,500.0,GM,0.0
2022-07-11,202207,233775810041,1657251707108,99763935.0,109,SAI HERBAL FOOD PRODUCTS-NEPAL,GLUCOVITAL GLUCOSE-D,GLUCOVITAL\100GM\CBP\GLUCOSE-D ,40.0,CBP,100GM,,1657251707108-sai herbal food products-nepal-glucovital glucose-d.png,RECODING,5,2,99763935,72.97193908691406,109,SAI HERBAL FOOD PRODUCTS-NEPAL,GLUCOVITAL,GLUCOVITAL GLUCOSE-D,GLUCOVITAL GLUCOSE-D-CBP 100 GM,CDBOX,100.000 GM,,,100.0,GM,40.0
2022-07-11,202207,233775810041,1657251707108,99763935.0,109,SAI HERBAL FOOD PRODUCTS-NEPAL,GLUCOVITAL GLUCOSE-D,GLUCOVITAL\100GM\CBP\GLUCOSE-D ,40.0,CBP,100GM,,1657251707108-sai herbal food products-nepal-glucovital glucose-d.png,RECODING,5,3,46703,73.74497985839844,109,SAI HERBAL FOOD PRODUCTS-NEPAL,GLUCOVITAL,GLUCOVITAL GLUCOSE-D,GLUCOVITAL GLUCOSE-D-PCN 500 GM+GLASS FR,PLJAR,500.000 GM,,,500.0,GM,0.0
2022-07-11,202207,233775810041,1657251422815,99763936.0,109,D.H.P INDUSTRIES  BIRGUNJ  NEPAL,D.H.P GLUCOSE-D ,D.H.P GLUCOSE-D\500GM\PCN\,185.0,PCN,500GM,,1657251422815-d-h-p industries  birgunj  nepal-d-h-p glucose-d .png,RECODING,5,1,99763936,88.8018569946289,109,D.H.P INDUSTRIES-NEPAL,D.H.P,D.H.P GLUCOSE-D,D.H.P GLUCOSE-D-PCN 500 GM,PLJAR,500.000 GM,,,500.0,GM,185.0
2022-07-11,202207,233775810041,1657251422815,99763936.0,109,D.H.P INDUSTRIES  BIRGUNJ  NEPAL,D.H.P GLUCOSE-D ,D.H.P GLUCOSE-D\500GM\PCN\,185.0,PCN,500GM,,1657251422815-d-h-p industries  birgunj  nepal-d-h-p glucose-d .png,RECODING,5,2,90223925,143.68191528320312,109,CHAUDHARY GROUP - NEPAL,CG,CG GLUCOSE - D,CG GLUCOSE - D-PCN 500 GMS,PLJAR,500.000 GM,,,500.0,GM,0.0
2022-07-11,202207,233775810041,1657251422815,99763936.0,109,D.H.P INDUSTRIES  BIRGUNJ  NEPAL,D.H.P GLUCOSE-D ,D.H.P GLUCOSE-D\500GM\PCN\,185.0,PCN,500GM,,1657251422815-d-h-p industries  birgunj  nepal-d-h-p glucose-d .png,RECODING,5,3,90225765,145.15200805664062,109,CHAUDHARY GROUP - NEPAL,CG,CG GLUCOSE - D,CG GLUCOSE - D-ORANGE-PCN 250 GM,PLJAR,250.000 GM,,,250.0,GM,0.0
2022-07-11,202207,516753510207,1657189290558,99763949.0,123,DEUTI SOAP & CHEMICAL-NEPAL,BHERI,BHERI LAUNDRY SOAP/200GM/PPH,40.0,PPH,200GM ,,1657189290558-deuti soap - chemical-nepal-bheri.png,RECODING,5,1,99763180,97.40692138671875,122,DEUTI SOAP & CHEMICAL-NEPAL,BHERI,BHERI,BHERI-ULTRA WASH PPH 500 GM,PLPCH,500.000 GM,,,500.0,GM,45.0
2022-07-11,202207,516753510207,1657189290558,99763949.0,123,DEUTI SOAP & CHEMICAL-NEPAL,BHERI,BHERI LAUNDRY SOAP/200GM/PPH,40.0,PPH,200GM ,,1657189290558-deuti soap - chemical-nepal-bheri.png,RECODING,5,2,99763448,98.38764953613281,122,DEUTI SOAP & CHEMICAL-NEPAL,BHERI,BHERI,BHERI-ULTRA WASH PPH 1000 GM,PLPCH,1000.000 GM,,,1000.0,GM,85.0
2022-07-11,202207,516753510207,1657189290558,99763949.0,123,DEUTI SOAP & CHEMICAL-NEPAL,BHERI,BHERI LAUNDRY SOAP/200GM/PPH,40.0,PPH,200GM ,,1657189290558-deuti soap - chemical-nepal-bheri.png,RECODING,5,3,99763179,98.47386932373047,122,DEUTI SOAP & CHEMICAL-NEPAL,BHERI,BHERI,BHERI-ULTRA WASH PPH 200 GM,PLPCH,200.000 GM,,,200.0,GM,20.0
2022-07-11,202207,516753510220,1657191297731,99763938.0,118,SHAMBHAVI FOOD AND BEVERAGE PVT.LTD NEPAL ,CAMPA ,CAMPA/CLEAR LEMON/500GM/PBT,70.0,PBT,500ML ,,1657191297731-shambhavi food and beverage pvt-ltd nepal -campa .png,RECODING,5,1,99763938,126.3277359008789,118,SAMBHAVI BEVERAGE-NEPAL,CAMPA,CAMPA CLEAR LEMON,PET 500 ML,PET,500.000 ML,LEMON,,500.0,ML,70.0
2022-07-11,202207,516753510220,1657191297731,99763938.0,118,SHAMBHAVI FOOD AND BEVERAGE PVT.LTD NEPAL ,CAMPA ,CAMPA/CLEAR LEMON/500GM/PBT,70.0,PBT,500ML ,,1657191297731-shambhavi food and beverage pvt-ltd nepal -campa .png,RECODING,5,2,99764018,138.01715087890625,118,SAMBHAVI BEVERAGE-NEPAL,CAMPA,CAMPA GREEN LEMON,PET 500 ML,PET,500.000 ML,LEMON,,500.0,ML,70.0
2022-07-11,202207,516753510220,1657191297731,99763938.0,118,SHAMBHAVI FOOD AND BEVERAGE PVT.LTD NEPAL ,CAMPA ,CAMPA/CLEAR LEMON/500GM/PBT,70.0,PBT,500ML ,,1657191297731-shambhavi food and beverage pvt-ltd nepal -campa .png,RECODING,5,3,99763939,141.10206604003906,118,SAMBHAVI BEVERAGE-NEPAL,CAMPA,CAMPA GREEN LEMON,PET 250 ML,PET,250.000 ML,LEMON,,250.0,ML,40.0
2022-07-11,202207,516753510220,1657190726328,99763939.0,118,SHAMBHAVI FOOD AND BEVERAGE PVT.LTD NEPAL ,CAMPA ,CAMPA/GREEN LEMON/250ML/PBT,40.0,PBT,250ML ,,1657190726328-shambhavi food and beverage pvt-ltd nepal -campa .png,RECODING,5,1,99763939,121.83546447753906,118,SAMBHAVI BEVERAGE-NEPAL,CAMPA,CAMPA GREEN LEMON,PET 250 ML,PET,250.000 ML,LEMON,,250.0,ML,40.0
2022-07-11,202207,516753510220,1657190726328,99763939.0,118,SHAMBHAVI FOOD AND BEVERAGE PVT.LTD NEPAL ,CAMPA ,CAMPA/GREEN LEMON/250ML/PBT,40.0,PBT,250ML ,,1657190726328-shambhavi food and beverage pvt-ltd nepal -campa .png,RECODING,5,2,99764018,122.09660339355469,118,SAMBHAVI BEVERAGE-NEPAL,CAMPA,CAMPA GREEN LEMON,PET 500 ML,PET,500.000 ML,LEMON,,500.0,ML,70.0
2022-07-11,202207,516753510220,1657190726328,99763939.0,118,SHAMBHAVI FOOD AND BEVERAGE PVT.LTD NEPAL ,CAMPA ,CAMPA/GREEN LEMON/250ML/PBT,40.0,PBT,250ML ,,1657190726328-shambhavi food and beverage pvt-ltd nepal -campa .png,RECODING,5,3,99763938,126.5625991821289,118,SAMBHAVI BEVERAGE-NEPAL,CAMPA,CAMPA CLEAR LEMON,PET 500 ML,PET,500.000 ML,LEMON,,500.0,ML,70.0
2022-07-11,202207,516753510220,1657190564837,99763940.0,118,SHAMBHAVI FOOD AND BEVERAGE PVT.LTD NEPAL ,CAMPA ,CAMPA/ORANGE/250ML/PBT,40.0,PBT,250ML ,,1657190564837-shambhavi food and beverage pvt-ltd nepal -campa .png,RECODING,5,1,99763940,133.52517700195312,118,SAMBHAVI BEVERAGE-NEPAL,CAMPA,CAMPA ORANGE,PET 250 ML,PET,250.000 ML,ORANGE,,250.0,ML,40.0
2022-07-11,202207,516753510220,1657190564837,99763940.0,118,SHAMBHAVI FOOD AND BEVERAGE PVT.LTD NEPAL ,CAMPA ,CAMPA/ORANGE/250ML/PBT,40.0,PBT,250ML ,,1657190564837-shambhavi food and beverage pvt-ltd nepal -campa .png,RECODING,5,2,99765304,156.7237548828125,118,SHAMBHAVI FOOD & BEVERAGES-NEPAL,JIMMY JIMMY,JIMMY JIMMY,ORANGE PET 300 ML,PET,300.000 ML,ORANGE,,300.0,ML,120.0
2022-07-11,202207,516753510220,1657190564837,99763940.0,118,SHAMBHAVI FOOD AND BEVERAGE PVT.LTD NEPAL ,CAMPA ,CAMPA/ORANGE/250ML/PBT,40.0,PBT,250ML ,,1657190564837-shambhavi food and beverage pvt-ltd nepal -campa .png,RECODING,5,3,99765398,156.8509063720703,118,SHAMBHAVI FOOD & BEVERAGES-NEPAL,NIMUE,NIMUE NIMBU PANI,PET 2250 ML,PET,2250.000 ML,LEMON,,2250.0,ML,260.0
2022-07-11,202207,516753710246,1656664075105,99763898.0,120,GODREJ CONSUMER PRODUCTS-INDIA,GODREJ NO.1 ,GODREJ NO.1/SANDAL TURMERIC/53GM/EWP,20.0,EWP,53GM ,,1656664075105-godrej consumer products-india-godrej no-1 .png,RECODING,5,1,99763898,96.88185119628906,120,GODREJ CONSUMER PRODUCTS-INDIA,GODREJ,GODREJ NO.1 BEAUTY SOAP,GODREJ NO.1 BEAUTY SOAP-SANDAL TURMERIC EWP 53 GM,EWRPK,53.000 GM,,,53.0,GM,20.0
2022-07-11,202207,516753710246,1656664075105,99763898.0,120,GODREJ CONSUMER PRODUCTS-INDIA,GODREJ NO.1 ,GODREJ NO.1/SANDAL TURMERIC/53GM/EWP,20.0,EWP,53GM ,,1656664075105-godrej consumer products-india-godrej no-1 .png,RECODING,5,2,52424,101.55848693847656,120,GODREJ CONSUMER PRODUCTS-INDIA,GODREJ,GODREJ NO.1 BEAUTY SOAP,GODREJ NO.1 BEAUTY SOAP-SANDAL&TURMERIC EWP 100G[4+1],EWRPK,100.000 GM,,,500.0,GM,0.0
2022-07-11,202207,516753710246,1656664075105,99763898.0,120,GODREJ CONSUMER PRODUCTS-INDIA,GODREJ NO.1 ,GODREJ NO.1/SANDAL TURMERIC/53GM/EWP,20.0,EWP,53GM ,,1656664075105-godrej consumer products-india-godrej no-1 .png,RECODING,5,3,99764232,102.13139343261719,120,GODREJ CONSUMER PRODUCTS-INDIA,GODREJ,GODREJ NO.1 BEAUTY SOAP,GODREJ NO.1 BEAUTY SOAP-SANDAL&TURMERIC EWP 61 GM,EWRPK,61.000 GM,,,61.0,GM,20.0
2022-07-11,202207,516753710246,1657188509651,99763948.0,122,PADMA SOAP & CHEMICAL - NEPAL,A-ONE,A-ONE/DETERGENT POWDER/500GM/PPH,50.0,PPH,500GM ,,1657188509651-padma soap - chemical - nepal-a-one.png,RECODING,5,1,99763948,75.42762756347656,122,PADMA SOAP & CHEMICAL - NEPAL,A-ONE,A-ONE,A-ONE-DETERGENT POWDER PPH 500 GM,PLPCH,500.000 GM,,,500.0,GM,50.0
2022-07-11,202207,516753710246,1657188509651,99763948.0,122,PADMA SOAP & CHEMICAL - NEPAL,A-ONE,A-ONE/DETERGENT POWDER/500GM/PPH,50.0,PPH,500GM ,,1657188509651-padma soap - chemical - nepal-a-one.png,RECODING,5,2,99763828,77.69625854492188,122,PADMA SOAP & CHEMICAL - NEPAL,A-ONE,A-ONE,A-ONE-DETERGENT POWDER PPH 200 GM,PLPCH,200.000 GM,,,200.0,GM,20.0
2022-07-11,202207,516753710246,1657188509651,99763948.0,122,PADMA SOAP & CHEMICAL - NEPAL,A-ONE,A-ONE/DETERGENT POWDER/500GM/PPH,50.0,PPH,500GM ,,1657188509651-padma soap - chemical - nepal-a-one.png,RECODING,5,3,99764484,100.9349365234375,123,PADMA SOAP & CHEMICAL - NEPAL,A-ONE,A-ONE XPERT,A-ONE XPERT-MULTIACTION LAUNDRY SOAP PPH 150 GM,PLPCH,150.000 GM,,,150.0,GM,30.0
2022-07-11,202207,516753710246,1657189290558,99763949.0,123,DEUTI SOAP & CHEMICAL-NEPAL,BHERI,BHERI LAUNDRY SOAP/200GM/PPH,40.0,PPH,200GM ,,1657189290558-deuti soap - chemical-nepal-bheri.png,RECODING,5,1,99763180,97.6173324584961,122,DEUTI SOAP & CHEMICAL-NEPAL,BHERI,BHERI,BHERI-ULTRA WASH PPH 500 GM,PLPCH,500.000 GM,,,500.0,GM,45.0
2022-07-11,202207,516753710246,1657189290558,99763949.0,123,DEUTI SOAP & CHEMICAL-NEPAL,BHERI,BHERI LAUNDRY SOAP/200GM/PPH,40.0,PPH,200GM ,,1657189290558-deuti soap - chemical-nepal-bheri.png,RECODING,5,2,99763448,98.5455322265625,122,DEUTI SOAP & CHEMICAL-NEPAL,BHERI,BHERI,BHERI-ULTRA WASH PPH 1000 GM,PLPCH,1000.000 GM,,,1000.0,GM,85.0
2022-07-11,202207,516753710246,1657189290558,99763949.0,123,DEUTI SOAP & CHEMICAL-NEPAL,BHERI,BHERI LAUNDRY SOAP/200GM/PPH,40.0,PPH,200GM ,,1657189290558-deuti soap - chemical-nepal-bheri.png,RECODING,5,3,99763179,98.69039916992188,122,DEUTI SOAP & CHEMICAL-NEPAL,BHERI,BHERI,BHERI-ULTRA WASH PPH 200 GM,PLPCH,200.000 GM,,,200.0,GM,20.0
2022-07-11,202207,127949811,1657264706820,99763933.0,106,DABUR NEPAL LTD.-NEPAL,DABUR HONITUS,DABUR HONITUS-TULSI/DABUR NEPAL PVT.LTD,2.0,PPH,2.8 GM,New SKU,1657264706820-dabur nepal ltd--nepal-dabur honitus.png,RECODING,5,1,99763933,82.191650390625,106,DABUR NEPAL LTD.-NEPAL,DABUR,DABUR HONITUS,DABUR HONITUS- TULSI PPH 2.8 GM,PLPCH,2.800 GM,TULSI,,2.8,GM,2.0
2022-07-11,202207,127949811,1657264706820,99763933.0,106,DABUR NEPAL LTD.-NEPAL,DABUR HONITUS,DABUR HONITUS-TULSI/DABUR NEPAL PVT.LTD,2.0,PPH,2.8 GM,New SKU,1657264706820-dabur nepal ltd--nepal-dabur honitus.png,RECODING,5,2,99764795,88.11170959472656,106,DABUR NEPAL LTD.-NEPAL,DABUR,DABUR HONITUS,DABUR HONITUS- TULSI PCN 280 GM,PLJAR,280.000 GM,TULSI,,280.0,GM,200.0
2022-07-11,202207,127949811,1657264706820,99763933.0,106,DABUR NEPAL LTD.-NEPAL,DABUR HONITUS,DABUR HONITUS-TULSI/DABUR NEPAL PVT.LTD,2.0,PPH,2.8 GM,New SKU,1657264706820-dabur nepal ltd--nepal-dabur honitus.png,RECODING,5,3,91826072,102.49508666992188,106,DABUR NEPAL LTD.-NEPAL,DABUR,DABUR HONITUS,DABUR HONITUS- HONEY & TULSI PPH 3.2 GM,PLPCH,3.200 GM,HONEY & TULSI,,3.2,GM,0.0
2022-07-11,202207,127946999,1657260505808,99763473.0,116,M/S SHUDH PLUS HYGIENE PRIDUCTS,NINE,NINE DRY COMFORT/6 NOS,50.0,PPH,6 NOS,,1657260505808-m-s shudh plus hygiene priducts-nine.png,CROSS CODING,2,1,99763473,168.72222900390625,116,SHUDH PLUS HYGIENE PROD-IN,NIINE,NIINE REGULAR,NIINE REGULAR-DRY COMFORT PPH 6 NO,PLPCH,6.000 NO,,,6.0,NO,48.0
2022-07-11,202207,127946999,1657260505808,99763473.0,116,M/S SHUDH PLUS HYGIENE PRIDUCTS,NINE,NINE DRY COMFORT/6 NOS,50.0,PPH,6 NOS,,1657260505808-m-s shudh plus hygiene priducts-nine.png,CROSS CODING,2,2,99764548,184.52537536621094,116,SHUDH PLUS HYGIENE PROD-IN,NIINE,NIINE DRY COMFORT,NIINE DRY COMFORT-ULTRA THIN XL PPH 6 NO,PLPCH,6.000 NO,,,6.0,NO,70.0
2022-07-11,202207,127946999,1657260505808,99763473.0,116,M/S SHUDH PLUS HYGIENE PRIDUCTS,NINE,NINE DRY COMFORT/6 NOS,50.0,PPH,6 NOS,,1657260505808-m-s shudh plus hygiene priducts-nine.png,CROSS CODING,2,3,54934,188.4921875,116,SHUDH PLUS HYGIENE PROD-IN,NIINE,NIINE,NIINE-EXTRA LONG PPH 6 NO,PLPCH,6.000 NO,,,6.0,NO,0.0
2022-07-11,202207,1021175527295,1657194574168,99763869.0,105,SURYA NEPAL PVT LTD - NEPAL,NAULO BURST,NAULO BURST / SURYA NEPAL PVT.LTD,185.0,HL,20 NO'S ,Any other reason,1657194574168-surya nepal pvt ltd - nepal-naulo burst.png,RECODING,5,1,99763869,112.18339538574219,105,SURYA NEPAL PVT LTD - NEPAL,NAULO,NAULO BURST,HL 20'S,HL,20,FRESH,,20.0,NO,175.0
2022-07-11,202207,1021175527295,1657194574168,99763869.0,105,SURYA NEPAL PVT LTD - NEPAL,NAULO BURST,NAULO BURST / SURYA NEPAL PVT.LTD,185.0,HL,20 NO'S ,Any other reason,1657194574168-surya nepal pvt ltd - nepal-naulo burst.png,RECODING,5,2,99765090,160.93812561035156,105,SURYA NEPAL PVT LTD - NEPAL,SURYA,SURYA DUAL BURST,HL 20'S,HL,20,FRESH,,20.0,NO,320.0
2022-07-11,202207,1021175527295,1657194574168,99763869.0,105,SURYA NEPAL PVT LTD - NEPAL,NAULO BURST,NAULO BURST / SURYA NEPAL PVT.LTD,185.0,HL,20 NO'S ,Any other reason,1657194574168-surya nepal pvt ltd - nepal-naulo burst.png,RECODING,5,3,48587,166.53363037109375,105,SURYA NEPAL PVT LTD - NEPAL,SURYA,SURYA 24 CARAT ARCTIC BURST,HL 20'S,HL,20,FRESH,,20.0,NO,300.0
2022-07-11,202207,124618740,1657173789036,99763950.0,123,PATANJALI AYURVED PVT LTD-NEPAL,PATANJALI SUPER,PATANJALI SUPER-LEMON & WOOD ASH EWP 75GM,10.0,EWP,75GM,,1657173789036-patanjali ayurved pvt ltd-nepal-patanjali super.png,RECODING,5,1,99763950,75.45668029785156,123,PATANJALI AYURVED PVT LTD-NEPAL,PATANJALI,PATANJALI SUPER,PATANJALI SUPER-LEMON & WOOD ASH-EWP 75 GM,EWRPK,75.000 GM,,,75.0,GM,16.0
2022-07-11,202207,124618740,1657173789036,99763950.0,123,PATANJALI AYURVED PVT LTD-NEPAL,PATANJALI SUPER,PATANJALI SUPER-LEMON & WOOD ASH EWP 75GM,10.0,EWP,75GM,,1657173789036-patanjali ayurved pvt ltd-nepal-patanjali super.png,RECODING,5,2,45778,76.88011169433594,123,PATANJALI AYURVED PVT LTD-NEPAL,PATANJALI,PATANJALI SUPER,PATANJALI SUPER-LEMON & WOOD ASH-EWP 280 GMS,EWRPK,280.000 GM,,,280.0,GM,0.0
2022-07-11,202207,124618740,1657173789036,99763950.0,123,PATANJALI AYURVED PVT LTD-NEPAL,PATANJALI SUPER,PATANJALI SUPER-LEMON & WOOD ASH EWP 75GM,10.0,EWP,75GM,,1657173789036-patanjali ayurved pvt ltd-nepal-patanjali super.png,RECODING,5,3,99762478,77.07796478271484,123,PATANJALI AYURVED PVT LTD-NEPAL,PATANJALI,PATANJALI SUPER,PATANJALI SUPER-LEMON & WOOD ASH-EWP 150 GMS,EWRPK,150.000 GM,,,150.0,GM,18.0
2022-07-11,202207,124618740,1657177249703,99763951.0,123,PUJA SOAP & HOUSEHOLD PROD-NPL,LION 100%,LION 100% PPH 450GM,100.0,PPH,450GM,,1657177249703-puja soap - household prod-npl-lion 100-.png,RECODING,5,1,49233,66.83563232421875,123,PUJA SOAP & HOUSEHOLD PROD-NPL,LION 100%,LION 100%,LION 100%-PPH 210 GM,PLPCH,210.000 GM,,,210.0,GM,0.0
2022-07-11,202207,124618740,1657177249703,99763951.0,123,PUJA SOAP & HOUSEHOLD PROD-NPL,LION 100%,LION 100% PPH 450GM,100.0,PPH,450GM,,1657177249703-puja soap - household prod-npl-lion 100-.png,RECODING,5,2,48527,70.28755187988281,123,PUJA SOAP & HOUSEHOLD PROD-NPL,LION 100%,LION 100%,LION 100%-PPH 620 GM,PLPCH,620.000 GM,,,620.0,GM,0.0
2022-07-11,202207,124618740,1657177249703,99763951.0,123,PUJA SOAP & HOUSEHOLD PROD-NPL,LION 100%,LION 100% PPH 450GM,100.0,PPH,450GM,,1657177249703-puja soap - household prod-npl-lion 100-.png,RECODING,5,3,99764318,93.69953155517578,123,PUJA SOAP & HOUSEHOLD PROD-NPL,PUJA 100%,PUJA 100%,PUJA 100%-PPH 4*200 GM [800GM],PLPCH,200.000 GM,,,800.0,GM,200.0
2022-07-12,202207,116905133,1657507606716,99763954.0,106,JAI MAA BHAGWATI CONFCTNRY-NPL,JMBC MOTU PATLU,JMBC MOTU PATLU KHATTI MITTHI,1.0,3G,PPH,,1657507606716-jai maa bhagwati confctnry-npl-jmbc motu patlu.png,RECODING,5,1,99763954,79.81501770019531,106,JAI MAA BHAGWATI CONFCTNRY-NPL,JMBC,JMBC MOTU PATLU,JMBC MOTU PATLU-KHATTI MITTHI PPH 3 GM,PLPCH,3.000 GM,KHATTI MITTHI,,3.0,GM,1.0
2022-07-12,202207,116315739,1657507606716,99763954.0,106,JAI MAA BHAGWATI CONFCTNRY-NPL,JMBC MOTU PATLU,JMBC MOTU PATLU KHATTI MITTHI,1.0,3G,PPH,,1657507606716-jai maa bhagwati confctnry-npl-jmbc motu patlu.png,RECODING,5,1,99763954,79.21563720703125,106,JAI MAA BHAGWATI CONFCTNRY-NPL,JMBC,JMBC MOTU PATLU,JMBC MOTU PATLU-KHATTI MITTHI PPH 3 GM,PLPCH,3.000 GM,KHATTI MITTHI,,3.0,GM,1.0
2022-07-12,202207,116492009,1657331357841,99763953.0,123,GOLDEN STAR SOAP IND-NEPAL,UNIK,UNIK 100% LAUNDRY SOAP SMART CLEAN,35.0,PPH,150G,,1657331357841-golden star soap ind-nepal-unik.png,RECODING,5,1,99763953,88.3790283203125,123,GOLDEN STAR SOAP IND-NEPAL,UNIK,UNIK ULTRA,UNIK ULTRA-SMART CLEAN PPH 150 GM,PLPCH,150.000 GM,,,150.0,GM,35.0
2022-07-12,202207,116492009,1657331357841,99763953.0,123,GOLDEN STAR SOAP IND-NEPAL,UNIK,UNIK 100% LAUNDRY SOAP SMART CLEAN,35.0,PPH,150G,,1657331357841-golden star soap ind-nepal-unik.png,RECODING,5,2,99764481,92.00921630859375,123,GOLDEN STAR SOAP IND-NEPAL,UNIK,UNIK ULTRA,UNIK ULTRA-SMART CLEAN PPH 200 GM,PLPCH,200.000 GM,,,200.0,GM,45.0
2022-07-12,202207,116492009,1657331357841,99763953.0,123,GOLDEN STAR SOAP IND-NEPAL,UNIK,UNIK 100% LAUNDRY SOAP SMART CLEAN,35.0,PPH,150G,,1657331357841-golden star soap ind-nepal-unik.png,RECODING,5,3,99764008,96.86930847167969,123,GOLDEN STAR SOAP IND-NEPAL,AAYO,AAYO ULTRA,AAYO ULTRA-LAUNDRY SOAP PPH 3*167 GM [500 GM],PLPCH,167.000 GM,,,500.0,GM,100.0
2022-07-12,202207,128807841,1657526831352,99763952.0,118,SAFEWAY TRADERS AND SUPPLIERS,NTR BADAM JUICE,NTR BADAM DRINK,100.0,CAN,180ML,,1657526831352-safeway traders and suppliers-ntr badam juice.png,RECODING,5,1,99763952,100.85462951660156,118,SAFEWAY TRADE & SUPPLIERS-INDIA,NTR,NTR BADAM DRINK,BADAM DRINK CAN 180 ML,CAN,180.000 ML,ALMOND,,180.0,ML,100.0
2022-07-12,202207,128807841,1657526831352,99763952.0,118,SAFEWAY TRADERS AND SUPPLIERS,NTR BADAM JUICE,NTR BADAM DRINK,100.0,CAN,180ML,,1657526831352-safeway traders and suppliers-ntr badam juice.png,RECODING,5,2,99762527,173.150390625,118,RELIABLE FOODS & BEVERAGES PVT LTD-NP,RFB,RFB BADAM DRINK,BADAM DRINK CAN 180 ML,CAN,180.000 ML,ALMOND,,180.0,ML,100.0
2022-07-12,202207,128807841,1657526831352,99763952.0,118,SAFEWAY TRADERS AND SUPPLIERS,NTR BADAM JUICE,NTR BADAM DRINK,100.0,CAN,180ML,,1657526831352-safeway traders and suppliers-ntr badam juice.png,RECODING,5,3,99763289,183.11834716796875,118,AYUSH DISTRIBUTORS PVT LTD-NP,ADPL,ADPL BADAM DRINK,BADAM DRINK CAN 180 ML,CAN,180.000 ML,ALMOND,,180.0,ML,80.0
2022-07-12,202207,1103112145668,1657194574168,99763869.0,105,SURYA NEPAL PVT LTD - NEPAL,NAULO BURST,NAULO BURST / SURYA NEPAL PVT.LTD,185.0,HL,20 NO'S ,Any other reason,1657194574168-surya nepal pvt ltd - nepal-naulo burst.png,RECODING,5,1,99763869,112.15669250488281,105,SURYA NEPAL PVT LTD - NEPAL,NAULO,NAULO BURST,HL 20'S,HL,20,FRESH,,20.0,NO,175.0
2022-07-12,202207,1103112145668,1657194574168,99763869.0,105,SURYA NEPAL PVT LTD - NEPAL,NAULO BURST,NAULO BURST / SURYA NEPAL PVT.LTD,185.0,HL,20 NO'S ,Any other reason,1657194574168-surya nepal pvt ltd - nepal-naulo burst.png,RECODING,5,2,99765090,160.12188720703125,105,SURYA NEPAL PVT LTD - NEPAL,SURYA,SURYA DUAL BURST,HL 20'S,HL,20,FRESH,,20.0,NO,320.0
2022-07-12,202207,1103112145668,1657194574168,99763869.0,105,SURYA NEPAL PVT LTD - NEPAL,NAULO BURST,NAULO BURST / SURYA NEPAL PVT.LTD,185.0,HL,20 NO'S ,Any other reason,1657194574168-surya nepal pvt ltd - nepal-naulo burst.png,RECODING,5,3,48587,165.37411499023438,105,SURYA NEPAL PVT LTD - NEPAL,SURYA,SURYA 24 CARAT ARCTIC BURST,HL 20'S,HL,20,FRESH,,20.0,NO,300.0
2022-07-12,202207,1023071618294,1657194574168,99763869.0,105,SURYA NEPAL PVT LTD - NEPAL,NAULO BURST,NAULO BURST / SURYA NEPAL PVT.LTD,185.0,HL,20 NO'S ,Any other reason,1657194574168-surya nepal pvt ltd - nepal-naulo burst.png,RECODING,5,1,99763869,112.32427978515625,105,SURYA NEPAL PVT LTD - NEPAL,NAULO,NAULO BURST,HL 20'S,HL,20,FRESH,,20.0,NO,175.0
2022-07-12,202207,1023071618294,1657194574168,99763869.0,105,SURYA NEPAL PVT LTD - NEPAL,NAULO BURST,NAULO BURST / SURYA NEPAL PVT.LTD,185.0,HL,20 NO'S ,Any other reason,1657194574168-surya nepal pvt ltd - nepal-naulo burst.png,RECODING,5,2,99765090,160.46221923828125,105,SURYA NEPAL PVT LTD - NEPAL,SURYA,SURYA DUAL BURST,HL 20'S,HL,20,FRESH,,20.0,NO,320.0
2022-07-12,202207,1023071618294,1657194574168,99763869.0,105,SURYA NEPAL PVT LTD - NEPAL,NAULO BURST,NAULO BURST / SURYA NEPAL PVT.LTD,185.0,HL,20 NO'S ,Any other reason,1657194574168-surya nepal pvt ltd - nepal-naulo burst.png,RECODING,5,3,48587,165.95083618164062,105,SURYA NEPAL PVT LTD - NEPAL,SURYA,SURYA 24 CARAT ARCTIC BURST,HL 20'S,HL,20,FRESH,,20.0,NO,300.0
2022-07-12,202207,1024113043159,1657194574168,99763869.0,105,SURYA NEPAL PVT LTD - NEPAL,NAULO BURST,NAULO BURST / SURYA NEPAL PVT.LTD,180.0,HL,20 NO'S ,Any other reason,1657194574168-surya nepal pvt ltd - nepal-naulo burst.png,RECODING,5,1,99763869,115.13964080810547,105,SURYA NEPAL PVT LTD - NEPAL,NAULO,NAULO BURST,HL 20'S,HL,20,FRESH,,20.0,NO,175.0
2022-07-12,202207,1024113043159,1657194574168,99763869.0,105,SURYA NEPAL PVT LTD - NEPAL,NAULO BURST,NAULO BURST / SURYA NEPAL PVT.LTD,180.0,HL,20 NO'S ,Any other reason,1657194574168-surya nepal pvt ltd - nepal-naulo burst.png,RECODING,5,2,99765090,161.9149169921875,105,SURYA NEPAL PVT LTD - NEPAL,SURYA,SURYA DUAL BURST,HL 20'S,HL,20,FRESH,,20.0,NO,320.0
2022-07-12,202207,1024113043159,1657194574168,99763869.0,105,SURYA NEPAL PVT LTD - NEPAL,NAULO BURST,NAULO BURST / SURYA NEPAL PVT.LTD,180.0,HL,20 NO'S ,Any other reason,1657194574168-surya nepal pvt ltd - nepal-naulo burst.png,RECODING,5,3,48587,167.35324096679688,105,SURYA NEPAL PVT LTD - NEPAL,SURYA,SURYA 24 CARAT ARCTIC BURST,HL 20'S,HL,20,FRESH,,20.0,NO,300.0
2022-07-12,202207,1024112229467,1657194574168,99763869.0,105,SURYA NEPAL PVT LTD - NEPAL,NAULO BURST,NAULO BURST / SURYA NEPAL PVT.LTD,180.0,HL,20 NO'S ,Any other reason,1657194574168-surya nepal pvt ltd - nepal-naulo burst.png,RECODING,5,1,99763869,112.65737915039062,105,SURYA NEPAL PVT LTD - NEPAL,NAULO,NAULO BURST,HL 20'S,HL,20,FRESH,,20.0,NO,175.0
2022-07-12,202207,1024112229467,1657194574168,99763869.0,105,SURYA NEPAL PVT LTD - NEPAL,NAULO BURST,NAULO BURST / SURYA NEPAL PVT.LTD,180.0,HL,20 NO'S ,Any other reason,1657194574168-surya nepal pvt ltd - nepal-naulo burst.png,RECODING,5,2,99765090,160.25328063964844,105,SURYA NEPAL PVT LTD - NEPAL,SURYA,SURYA DUAL BURST,HL 20'S,HL,20,FRESH,,20.0,NO,320.0
2022-07-12,202207,1024112229467,1657194574168,99763869.0,105,SURYA NEPAL PVT LTD - NEPAL,NAULO BURST,NAULO BURST / SURYA NEPAL PVT.LTD,180.0,HL,20 NO'S ,Any other reason,1657194574168-surya nepal pvt ltd - nepal-naulo burst.png,RECODING,5,3,48587,165.55638122558594,105,SURYA NEPAL PVT LTD - NEPAL,SURYA,SURYA 24 CARAT ARCTIC BURST,HL 20'S,HL,20,FRESH,,20.0,NO,300.0
2022-07-12,202207,1023173737366,1657194574168,99763869.0,105,SURYA NEPAL PVT LTD - NEPAL,NAULO BURST,NAULO BURST / SURYA NEPAL PVT.LTD,180.0,HL,20 NO'S ,Any other reason,1657194574168-surya nepal pvt ltd - nepal-naulo burst.png,RECODING,5,1,99763869,111.95167541503906,105,SURYA NEPAL PVT LTD - NEPAL,NAULO,NAULO BURST,HL 20'S,HL,20,FRESH,,20.0,NO,175.0
2022-07-12,202207,1023173737366,1657194574168,99763869.0,105,SURYA NEPAL PVT LTD - NEPAL,NAULO BURST,NAULO BURST / SURYA NEPAL PVT.LTD,180.0,HL,20 NO'S ,Any other reason,1657194574168-surya nepal pvt ltd - nepal-naulo burst.png,RECODING,5,2,99765090,160.46536254882812,105,SURYA NEPAL PVT LTD - NEPAL,SURYA,SURYA DUAL BURST,HL 20'S,HL,20,FRESH,,20.0,NO,320.0
2022-07-12,202207,1023173737366,1657194574168,99763869.0,105,SURYA NEPAL PVT LTD - NEPAL,NAULO BURST,NAULO BURST / SURYA NEPAL PVT.LTD,180.0,HL,20 NO'S ,Any other reason,1657194574168-surya nepal pvt ltd - nepal-naulo burst.png,RECODING,5,3,48587,165.16818237304688,105,SURYA NEPAL PVT LTD - NEPAL,SURYA,SURYA 24 CARAT ARCTIC BURST,HL 20'S,HL,20,FRESH,,20.0,NO,300.0
2022-07-13,202207,222331710127,1657622665518,99763958.0,116,GRAND & SUNJ TRADING PVT,SELF CARE,SELF CARE 6:PADS,60.0,PPH,6 PADS,New SKU,1657622665518-grand - sunj trading pvt-self care.png,RECODING,5,1,99763958,153.567626953125,116,GRAND & SUNJ TRADING-NEPAL,SELF CARE,SELF CARE,SELF CARE-ULTRA SLIM PREMIUM PPH 6 NO,PLPCH,6.000 NO,,,6.0,NO,60.0
2022-07-13,202207,222331710127,1657622665518,99763958.0,116,GRAND & SUNJ TRADING PVT,SELF CARE,SELF CARE 6:PADS,60.0,PPH,6 PADS,New SKU,1657622665518-grand - sunj trading pvt-self care.png,RECODING,5,2,99764618,204.85693359375,123,GAURISHANKAR SABUN UDHYOG-NEPAL,PANASH,PANASH,PANASH-LAUNDRY SOAP PPH 200 GM,PLPCH,200.000 GM,,,200.0,GM,40.0
2022-07-13,202207,222331710127,1657622665518,99763958.0,116,GRAND & SUNJ TRADING PVT,SELF CARE,SELF CARE 6:PADS,60.0,PPH,6 PADS,New SKU,1657622665518-grand - sunj trading pvt-self care.png,RECODING,5,3,99762992,207.29591369628906,123,PUJA SOAP & HOUSEHOLD PROD-NPL,SELFY,SELFY,SELFY-LAUNDRY SOAP PPH 3*167 GM [500GM],PLPCH,167.000 GM,,,500.0,GM,100.0
2022-07-13,202207,126253338,1657600116298,99763955.0,123,KWALITY CHEM PVT LTD-NEPAL,PUREX ,PUREX LAUNDRY SOAP/200GM/PPH,40.0,PPH,200GM ,,1657600116298-kwality chem pvt ltd-nepal-purex .png,RECODING,5,1,99763955,73.01055908203125,123,KWALITY CHEM PVT LTD-NEPAL,PUREX,PUREX,PUREX-LAUNDRY SOAP PPH 200 GM,PLPCH,200.000 GM,,,200.0,GM,40.0
2022-07-13,202207,126253338,1657600116298,99763955.0,123,KWALITY CHEM PVT LTD-NEPAL,PUREX ,PUREX LAUNDRY SOAP/200GM/PPH,40.0,PPH,200GM ,,1657600116298-kwality chem pvt ltd-nepal-purex .png,RECODING,5,2,99764786,77.57827758789062,123,KWALITY CHEM PVT LTD-NEPAL,PUREX,PUREX,PUREX-LAUNDRY SOAP PPH 250 GM,PLPCH,250.000 GM,,,250.0,GM,50.0
2022-07-13,202207,126253338,1657600116298,99763955.0,123,KWALITY CHEM PVT LTD-NEPAL,PUREX ,PUREX LAUNDRY SOAP/200GM/PPH,40.0,PPH,200GM ,,1657600116298-kwality chem pvt ltd-nepal-purex .png,RECODING,5,3,99762860,99.70413208007812,123,KWALITY CHEM PVT LTD-NEPAL,KWALITY,KWALITY,KWALITY-LAUNDRY SOAP PPH 200 GM,PLPCH,200.000 GM,,,200.0,GM,40.0
2022-07-13,202207,126253338,1656230479878,92918689.0,123,UNILEVER NEPAL LTD-NEPAL,VIM,VIM POWER OF LEMONS/100GM/EWP,10.0,EWP,100GM ,,1656230479878-unilever nepal ltd-nepal-vim.png,CROSS CODING,2,1,99764627,109.42713165283203,123,UNILEVER NEPAL LTD-NEPAL,VIM,VIM,VIM-WITH POWER OF LEMON EWP 150 GM,EWRPK,150.000 GM,,,150.0,GM,20.0
2022-07-13,202207,126253338,1656230479878,92918689.0,123,UNILEVER NEPAL LTD-NEPAL,VIM,VIM POWER OF LEMONS/100GM/EWP,10.0,EWP,100GM ,,1656230479878-unilever nepal ltd-nepal-vim.png,CROSS CODING,2,2,52774,110.1070556640625,123,UNILEVER NEPAL LTD-NEPAL,VIM,VIM,VIM-POWER OF 100 LEMON EWP 200 GM,EWRPK,200.000 GM,,,200.0,GM,0.0
2022-07-13,202207,126253338,1656230479878,92918689.0,123,UNILEVER NEPAL LTD-NEPAL,VIM,VIM POWER OF LEMONS/100GM/EWP,10.0,EWP,100GM ,,1656230479878-unilever nepal ltd-nepal-vim.png,CROSS CODING,2,3,54987,112.42509460449219,123,UNILEVER NEPAL LTD-NEPAL,VIM,VIM,VIM-POWER OF 100 LEMON PPH 145 GM,PLPCH,145.000 GM,,,145.0,GM,0.0
2022-07-13,202207,126253338,1657600943917,99763957.0,110,GODREJ CONSUMER PRODUCTS-INDIA,GODREJ NUPUR HENNA,GODREJ NUPUR HENNA/100% PURE HENNA/25GM/PPH,20.0,PPH,25GM,,1657600943917-godrej consumer products-india-godrej nupur henna.png,RECODING,5,1,99763957,88.13868713378906,110,GODREJ CONSUMER PRODUCTS-INDIA,GODREJ,GODREJ NUPUR HENNA,GODREJ NUPUR HENNA-100% PURE HEENA PPH 25 GM,PLPCH,25.000 GM,,UNSPECIFIED,25.0,GM,20.0
2022-07-13,202207,126253338,1657600943917,99763957.0,110,GODREJ CONSUMER PRODUCTS-INDIA,GODREJ NUPUR HENNA,GODREJ NUPUR HENNA/100% PURE HENNA/25GM/PPH,20.0,PPH,25GM,,1657600943917-godrej consumer products-india-godrej nupur henna.png,RECODING,5,2,52286,92.18074035644531,110,GODREJ CONSUMER PRODUCTS-INDIA,GODREJ,GODREJ NUPUR HENNA,GODREJ NUPUR HENNA-PPH 120 GM,PLPCH,120.000 GM,,UNSPECIFIED,120.0,GM,0.0
2022-07-13,202207,126253338,1657600943917,99763957.0,110,GODREJ CONSUMER PRODUCTS-INDIA,GODREJ NUPUR HENNA,GODREJ NUPUR HENNA/100% PURE HENNA/25GM/PPH,20.0,PPH,25GM,,1657600943917-godrej consumer products-india-godrej nupur henna.png,RECODING,5,3,52839,92.31267547607422,110,GODREJ CONSUMER PRODUCTS-INDIA,GODREJ,GODREJ NUPUR HENNA,GODREJ NUPUR HENNA-100% PURE HEENA PPH 50 GM,PLPCH,50.000 GM,,UNSPECIFIED,50.0,GM,0.0
2022-07-13,202207,126253338,1657600362846,99763956.0,122,PATANJALI AYURVED PVT LTD-NEPAL,PUREX PATANJALI ,PATANJALI/ANTI-BACTERIAL NEEM FRESH ROSE FRAGRANCE0/500GM/PPH,55.0,PPH,500GM ,,1657600362846-patanjali ayurved pvt ltd-nepal-purex patanjali .png,RECODING,5,1,99763956,76.68325805664062,122,PATANJALI AYURVED PVT LTD-NEPAL,PATANJALI,PATANJALI,PATANJALI-ANTI BACTERIAL NEEM FRESH ROSE PPH 500GM,PLPCH,500.000 GM,,,500.0,GM,55.0
2022-07-13,202207,126253338,1657600362846,99763956.0,122,PATANJALI AYURVED PVT LTD-NEPAL,PUREX PATANJALI ,PATANJALI/ANTI-BACTERIAL NEEM FRESH ROSE FRAGRANCE0/500GM/PPH,55.0,PPH,500GM ,,1657600362846-patanjali ayurved pvt ltd-nepal-purex patanjali .png,RECODING,5,2,99763279,77.00814819335938,122,PATANJALI AYURVED PVT LTD-NEPAL,PATANJALI,PATANJALI,PATANJALI-ANTI BACTERIAL NEEM FRESH ROSE PPH 2000GM,PLPCH,2000.000 GM,,,2000.0,GM,190.0
2022-07-13,202207,126253338,1657600362846,99763956.0,122,PATANJALI AYURVED PVT LTD-NEPAL,PUREX PATANJALI ,PATANJALI/ANTI-BACTERIAL NEEM FRESH ROSE FRAGRANCE0/500GM/PPH,55.0,PPH,500GM ,,1657600362846-patanjali ayurved pvt ltd-nepal-purex patanjali .png,RECODING,5,3,99764046,78.16515350341797,122,PATANJALI AYURVED PVT LTD-NEPAL,PATANJALI,PATANJALI,PATANJALI-ANTI BACTERIAL NEEM FRESH ROSE PPH 750GM+20% EXTRA,PLPCH,750.000 GM,,,900.0,GM,100.0
