t_row_id,t_DATE,t_PERIOD,t_AUDITYPE,t_STORECODE,t_DLRCODE,t_ITEMCODE,t_NEW_CODES,t_CATEGORY,t_MANUFACTURE,t_BRAND,t_ITEMDESC,t_MRP,t_PACKSIZE,t_PACKTYPE,t_COMMENTS,t_IMAGE,t_CODE COMMENT,t_FLAG,rank,matched_itemcode,distance,m_catcode,m_company,m_mbrand,m_brand,m_sku,m_packtype,m_base_pack,m_flavor,m_color,m_wght,m_uom,m_mrp
0,13/11/2024,202411,2,130302224,31101020064,1731403137739,99765323,134,SURYADAYA DAIRY UDHYOG PVT LTD NEPAL,SURYADAYA ,SURYADAYA BADAM DRINK\180ML\CAN\RS:100\SURYADAYA DAIRY UDHYOG PVT LTD NEPAL,99.0,180ML,CAN,New SKU,1731403137739-suryadaya dairy udhyog pvt ltd nepal-suryadaya #3.png,RECODING,5,1,99764327,110.13246,118,SURYODAYA DAIRY UDHYOG-NEPAL,ANUKUL,ANUKUL BADAM DRINK,BADAM DRINK CAN 180 ML,CAN,180.000 ML,ALMOND,,180.0,ML,90.0
0,13/11/2024,202411,2,130302224,31101020064,1731403137739,99765323,134,SURYADAYA DAIRY UDHYOG PVT LTD NEPAL,SURYADAYA ,SURYADAYA BADAM DRINK\180ML\CAN\RS:100\SURYADAYA DAIRY UDHYOG PVT LTD NEPAL,99.0,180ML,CAN,New SKU,1731403137739-suryadaya dairy udhyog pvt ltd nepal-suryadaya #3.png,RECODING,5,2,99764865,115.422806,118,SURYODAYA DAIRY UDHYOG-NEPAL,GOPI,GOPI BADAM MILK DRINK,BADAM MILK DRINK CAN 180 ML,CAN,180.000 ML,ALMOND,,180.0,ML,90.0
0,13/11/2024,202411,2,130302224,31101020064,1731403137739,99765323,134,SURYADAYA DAIRY UDHYOG PVT LTD NEPAL,SURYADAYA ,SURYADAYA BADAM DRINK\180ML\CAN\RS:100\SURYADAYA DAIRY UDHYOG PVT LTD NEPAL,99.0,180ML,CAN,New SKU,1731403137739-suryadaya dairy udhyog pvt ltd nepal-suryadaya #3.png,RECODING,5,3,99763925,115.85025,118,SURYODAYA DAIRY UDHYOG-NEPAL,GOKUL,GOKUL BADAM DRINK,BADAM & SAFFRON DRINK CAN 180 ML,CAN,180.000 ML,ALMOND,,180.0,ML,90.0
0,13/11/2024,202411,2,130302224,31101020064,1731403137739,99765323,134,SURYADAYA DAIRY UDHYOG PVT LTD NEPAL,SURYADAYA ,SURYADAYA BADAM DRINK\180ML\CAN\RS:100\SURYADAYA DAIRY UDHYOG PVT LTD NEPAL,99.0,180ML,CAN,New SKU,1731403137739-suryadaya dairy udhyog pvt ltd nepal-suryadaya #3.png,RECODING,5,4,99765323,118.667885,118,SURYODAYA DAIRY UDHYOG-NEPAL,SURYODAYA,SURYODAYA BADAM DRINK,ALMOND & SAFFRON DRINK CAN 180 ML,CAN,180.000 ML,ALMOND,,180.0,ML,99.0
0,13/11/2024,202411,2,130302224,31101020064,1731403137739,99765323,134,SURYADAYA DAIRY UDHYOG PVT LTD NEPAL,SURYADAYA ,SURYADAYA BADAM DRINK\180ML\CAN\RS:100\SURYADAYA DAIRY UDHYOG PVT LTD NEPAL,99.0,180ML,CAN,New SKU,1731403137739-suryadaya dairy udhyog pvt ltd nepal-suryadaya #3.png,RECODING,5,5,99764112,122.23355,118,SURYODAYA DAIRY UDHYOG-NEPAL,SURYODAYA,SURYODAYA COOL,ALMOND & SAFFRON DRINK CAN 180 ML,CAN,180.000 ML,ALMOND,,180.0,ML,90.0
0,13/11/2024,202411,2,130302224,31101020064,1731403137739,99765323,134,SURYADAYA DAIRY UDHYOG PVT LTD NEPAL,SURYADAYA ,SURYADAYA BADAM DRINK\180ML\CAN\RS:100\SURYADAYA DAIRY UDHYOG PVT LTD NEPAL,99.0,180ML,CAN,New SKU,1731403137739-suryadaya dairy udhyog pvt ltd nepal-suryadaya #3.png,RECODING,5,6,99765059,123.18754,118,SURYODAYA DAIRY UDHYOG-NEPAL,HYGEN,HYGEN MANIA BADAM DRINK,BADAM DRINK CAN 180 ML,CAN,180.000 ML,ALMOND,,180.0,ML,90.0
0,13/11/2024,202411,2,130302224,31101020064,1731403137739,99765323,134,SURYADAYA DAIRY UDHYOG PVT LTD NEPAL,SURYADAYA ,SURYADAYA BADAM DRINK\180ML\CAN\RS:100\SURYADAYA DAIRY UDHYOG PVT LTD NEPAL,99.0,180ML,CAN,New SKU,1731403137739-suryadaya dairy udhyog pvt ltd nepal-suryadaya #3.png,RECODING,5,7,99765460,127.34921,118,MAHABALESHWOR DAIRY & BEVERAGE-NEPAL,SDU,SDU BADAM DRINK,BADAM & SAFFRON DRINK CAN 180 ML,CAN,180.000 ML,ALMOND,,180.0,ML,100.0
0,13/11/2024,202411,2,130302224,31101020064,1731403137739,99765323,134,SURYADAYA DAIRY UDHYOG PVT LTD NEPAL,SURYADAYA ,SURYADAYA BADAM DRINK\180ML\CAN\RS:100\SURYADAYA DAIRY UDHYOG PVT LTD NEPAL,99.0,180ML,CAN,New SKU,1731403137739-suryadaya dairy udhyog pvt ltd nepal-suryadaya #3.png,RECODING,5,8,99763477,141.41551,118,MARUTI DAIRY PRODUCT-NEPAL,GOVIND,GOVIND BADAM DRINK,BADAM DRINK CAN 180 ML,CAN,180.000 ML,ALMOND,,180.0,ML,90.0
0,13/11/2024,202411,2,130302224,31101020064,1731403137739,99765323,134,SURYADAYA DAIRY UDHYOG PVT LTD NEPAL,SURYADAYA ,SURYADAYA BADAM DRINK\180ML\CAN\RS:100\SURYADAYA DAIRY UDHYOG PVT LTD NEPAL,99.0,180ML,CAN,New SKU,1731403137739-suryadaya dairy udhyog pvt ltd nepal-suryadaya #3.png,RECODING,5,9,99762530,143.1419,118,MAHABALESHWOR DAIRY & BEVERAGE-NEPAL,REVA,REVA BADAM DRINK,BADAM & SAFFRON DRINK CAN 180 ML,CAN,180.000 ML,ALMOND,,180.0,ML,120.0
0,13/11/2024,202411,2,130302224,31101020064,1731403137739,99765323,134,SURYADAYA DAIRY UDHYOG PVT LTD NEPAL,SURYADAYA ,SURYADAYA BADAM DRINK\180ML\CAN\RS:100\SURYADAYA DAIRY UDHYOG PVT LTD NEPAL,99.0,180ML,CAN,New SKU,1731403137739-suryadaya dairy udhyog pvt ltd nepal-suryadaya #3.png,RECODING,5,10,99764205,144.56525,118,SURYA FOOD & BEVERAGES-NEPAL,RED ACTION,RED ACTION,CAN 250 ML,CAN,250.000 ML,,,250.0,ML,120.0
1,13/11/2024,202411,3,1210102727,12101030182,1731409450152,99765320,126,MADHU CHEMICAL COMPANY,MADHU,MADHU-SWEET SUPERI PPH-1.45 GM,3.0,1.45 GM.,PPH,,1731409450152-madhu chemical company-madhu#3.png,RECODING,5,1,99765320,123.5111,126,MADHU CHEMICAL COMPANY,MADHU,MADHU,1.45G PAAN MASALA,PLAST,1.45G,SWEET,,1.45,GM,3.0
1,13/11/2024,202411,3,1210102727,12101030182,1731409450152,99765320,126,MADHU CHEMICAL COMPANY,MADHU,MADHU-SWEET SUPERI PPH-1.45 GM,3.0,1.45 GM.,PPH,,1731409450152-madhu chemical company-madhu#3.png,RECODING,5,2,99762215,134.56189,126,MADHU CHEMICAL COMPANY,MADHU,MADHU,1.25G PAAN MASALA,PLAST,1.25G,SWEET,,1.25,,0.0
1,13/11/2024,202411,3,1210102727,12101030182,1731409450152,99765320,126,MADHU CHEMICAL COMPANY,MADHU,MADHU-SWEET SUPERI PPH-1.45 GM,3.0,1.45 GM.,PPH,,1731409450152-madhu chemical company-madhu#3.png,RECODING,5,3,47744,160.64221,122,H.B INDUSTRIES-NEPAL,MEGHA,MEGHA,MEGHA-FLOWER FRESH PPH 3000 GMS,PLPCH,3000.000 GM,,,3000.0,GM,0.0
1,13/11/2024,202411,3,1210102727,12101030182,1731409450152,99765320,126,MADHU CHEMICAL COMPANY,MADHU,MADHU-SWEET SUPERI PPH-1.45 GM,3.0,1.45 GM.,PPH,,1731409450152-madhu chemical company-madhu#3.png,RECODING,5,4,93026122,163.97934,122,H.B INDUSTRIES-NEPAL,MEGHA,MEGHA,MEGHA-FLOWER FRESH PPH 500 GMS,PLPCH,500.000 GM,,,500.0,GM,0.0
1,13/11/2024,202411,3,1210102727,12101030182,1731409450152,99765320,126,MADHU CHEMICAL COMPANY,MADHU,MADHU-SWEET SUPERI PPH-1.45 GM,3.0,1.45 GM.,PPH,,1731409450152-madhu chemical company-madhu#3.png,RECODING,5,5,93026899,168.81857,122,H.B INDUSTRIES-NEPAL,MEGHA,MEGHA,MEGHA-PPH 1000 GMS,PLPCH,1000.000 GM,,,1000.0,GM,0.0
1,13/11/2024,202411,3,1210102727,12101030182,1731409450152,99765320,126,MADHU CHEMICAL COMPANY,MADHU,MADHU-SWEET SUPERI PPH-1.45 GM,3.0,1.45 GM.,PPH,,1731409450152-madhu chemical company-madhu#3.png,RECODING,5,6,93025975,170.72061,122,H.B INDUSTRIES-NEPAL,MEGHA,MEGHA,MEGHA-PPH 200 GMS,PLPCH,200.000 GM,,,200.0,GM,0.0
1,13/11/2024,202411,3,1210102727,12101030182,1731409450152,99765320,126,MADHU CHEMICAL COMPANY,MADHU,MADHU-SWEET SUPERI PPH-1.45 GM,3.0,1.45 GM.,PPH,,1731409450152-madhu chemical company-madhu#3.png,RECODING,5,7,54103,170.98633,106,MAHENDRA INDUSTRIES-INDIA,MADHUR,MADHUR TRUE LOVE,MADHUR TRUE LOVE-PEACH PPH 5 GM,PLPCH,5.000 GM,PEACH,,5.0,GM,0.0
1,13/11/2024,202411,3,1210102727,12101030182,1731409450152,99765320,126,MADHU CHEMICAL COMPANY,MADHU,MADHU-SWEET SUPERI PPH-1.45 GM,3.0,1.45 GM.,PPH,,1731409450152-madhu chemical company-madhu#3.png,RECODING,5,8,48360,174.14197,106,MAHENDRA INDUSTRIES-INDIA,MADHUR,MADHUR KING POP,MADHUR KING POP-LOLLIPOP PPH 9 GM,PLPCH,9.000 GM,UNSPECIFIED,,9.0,GM,0.0
1,13/11/2024,202411,3,1210102727,12101030182,1731409450152,99765320,126,MADHU CHEMICAL COMPANY,MADHU,MADHU-SWEET SUPERI PPH-1.45 GM,3.0,1.45 GM.,PPH,,1731409450152-madhu chemical company-madhu#3.png,RECODING,5,9,91827176,176.26657,106,MAHENDRA INDUSTRIES-INDIA,MADHUR,MADHUR TRUE LOVE,MADHUR TRUE LOVE- STRAWBERRY PPH 6 GM,PLPCH,6.000 GM,STRAWBERRY,,6.0,GM,0.0
1,13/11/2024,202411,3,1210102727,12101030182,1731409450152,99765320,126,MADHU CHEMICAL COMPANY,MADHU,MADHU-SWEET SUPERI PPH-1.45 GM,3.0,1.45 GM.,PPH,,1731409450152-madhu chemical company-madhu#3.png,RECODING,5,10,91826568,176.4317,106,MAHENDRA INDUSTRIES-INDIA,MADHUR,MADHUR TRUE LOVE,MADHUR TRUE LOVE- ORANGE PPH 6 GM,PLPCH,6.000 GM,ORANGE,,6.0,GM,0.0
2,13/11/2024,202411,3,2110203313,21102030291,1731222877542,99765321,105,SURYA NEPAL PVT LTD - NEPAL,SURYA FUSION,SURYA FUSION/HL/20NOS/MRP320,320.0,20 NOS,KS,,,RECODING,5,1,99765321,136.01697,105,SURYA NEPAL PVT LTD - NEPAL,SURYA,SURYA FUSION,HL 20'S,HL,20,FULL FLAVOUR,,20.0,NO,320.0
2,13/11/2024,202411,3,2110203313,21102030291,1731222877542,99765321,105,SURYA NEPAL PVT LTD - NEPAL,SURYA FUSION,SURYA FUSION/HL/20NOS/MRP320,320.0,20 NOS,KS,,,RECODING,5,2,47592,143.82343,105,SURYA NEPAL PVT LTD - NEPAL,SHIKHAR,SHIKHAR ICE RUSH,HL 20'S,HL,20,FRESH,,20.0,NO,185.0
2,13/11/2024,202411,3,2110203313,21102030291,1731222877542,99765321,105,SURYA NEPAL PVT LTD - NEPAL,SURYA FUSION,SURYA FUSION/HL/20NOS/MRP320,320.0,20 NOS,KS,,,RECODING,5,3,99764555,146.80392,106,SURYA NEPAL PVT LTD - NEPAL,TOFFICHOO,TOFFICHOO CHATPATA FUN,TOFFICHOO CHATPATA FUN-MASALA PUNCH PCN 720 GM,PLJAR,720.000 GM,MASALA,,720.0,GM,300.0
2,13/11/2024,202411,3,2110203313,21102030291,1731222877542,99765321,105,SURYA NEPAL PVT LTD - NEPAL,SURYA FUSION,SURYA FUSION/HL/20NOS/MRP320,320.0,20 NOS,KS,,,RECODING,5,4,92923725,149.65125,123,B.S.I PVT LTD-NEPAL,SURYA,SURYA,SURYA-UNWRP 150 GMS,UNWRP,150.000 GM,,,150.0,GM,0.0
2,13/11/2024,202411,3,2110203313,21102030291,1731222877542,99765321,105,SURYA NEPAL PVT LTD - NEPAL,SURYA FUSION,SURYA FUSION/HL/20NOS/MRP320,320.0,20 NOS,KS,,,RECODING,5,5,46667,150.11334,123,B.S.I PVT LTD-NEPAL,SURYA,SURYA,SURYA-UNWRP 200 GMS,UNWRP,200.000 GM,,,200.0,GM,0.0
2,13/11/2024,202411,3,2110203313,21102030291,1731222877542,99765321,105,SURYA NEPAL PVT LTD - NEPAL,SURYA FUSION,SURYA FUSION/HL/20NOS/MRP320,320.0,20 NOS,KS,,,RECODING,5,6,99763869,150.87375,105,SURYA NEPAL PVT LTD - NEPAL,NAULO,NAULO BURST,HL 20'S,HL,20,FRESH,,20.0,NO,175.0
2,13/11/2024,202411,3,2110203313,21102030291,1731222877542,99765321,105,SURYA NEPAL PVT LTD - NEPAL,SURYA FUSION,SURYA FUSION/HL/20NOS/MRP320,320.0,20 NOS,KS,,,RECODING,5,7,90110247,151.31523,105,SURYA NEPAL PVT LTD - NEPAL,SURYA,SURYA CITRIC FRESH,HL 20'S,HL,20,FRESH,,20.0,NO,300.0
2,13/11/2024,202411,3,2110203313,21102030291,1731222877542,99765321,105,SURYA NEPAL PVT LTD - NEPAL,SURYA FUSION,SURYA FUSION/HL/20NOS/MRP320,320.0,20 NOS,KS,,,RECODING,5,8,99765090,152.18497,105,SURYA NEPAL PVT LTD - NEPAL,SURYA,SURYA DUAL BURST,HL 20'S,HL,20,FRESH,,20.0,NO,320.0
2,13/11/2024,202411,3,2110203313,21102030291,1731222877542,99765321,105,SURYA NEPAL PVT LTD - NEPAL,SURYA FUSION,SURYA FUSION/HL/20NOS/MRP320,320.0,20 NOS,KS,,,RECODING,5,9,48587,153.92532,105,SURYA NEPAL PVT LTD - NEPAL,SURYA,SURYA 24 CARAT ARCTIC BURST,HL 20'S,HL,20,FRESH,,20.0,NO,300.0
2,13/11/2024,202411,3,2110203313,21102030291,1731222877542,99765321,105,SURYA NEPAL PVT LTD - NEPAL,SURYA FUSION,SURYA FUSION/HL/20NOS/MRP320,320.0,20 NOS,KS,,,RECODING,5,10,99764612,155.18369,106,SURYA NEPAL PVT LTD - NEPAL,TOFFICHOO TADKA,TOFFICHOO TADKA,TOFFICHOO TADKA-CHAT MASALA LITCHI PCN 760GM,PLJAR,760.000 GM,LYCHEE,,760.0,GM,500.0
3,13/11/2024,202411,3,1220100010,12201030122,1731054475107,99765320,126,MADHU PRODUCTS NEPAL,MADHU,MADHU-MADHU-SWEET SUPARI PPH 1.45G,3.0,1.45G,PPH,,,RECODING,5,1,99765320,145.91528,126,MADHU CHEMICAL COMPANY,MADHU,MADHU,1.45G PAAN MASALA,PLAST,1.45G,SWEET,,1.45,GM,3.0
3,13/11/2024,202411,3,1220100010,12201030122,1731054475107,99765320,126,MADHU PRODUCTS NEPAL,MADHU,MADHU-MADHU-SWEET SUPARI PPH 1.45G,3.0,1.45G,PPH,,,RECODING,5,2,99762215,156.98692,126,MADHU CHEMICAL COMPANY,MADHU,MADHU,1.25G PAAN MASALA,PLAST,1.25G,SWEET,,1.25,,0.0
3,13/11/2024,202411,3,1220100010,12201030122,1731054475107,99765320,126,MADHU PRODUCTS NEPAL,MADHU,MADHU-MADHU-SWEET SUPARI PPH 1.45G,3.0,1.45G,PPH,,,RECODING,5,3,99763323,168.76227,123,SWADESHI SABUN UDHYOG-NEPAL,MADAL,MADAL,MADAL-PPH 200 GM,PLPCH,200.000 GM,,,200.0,GM,35.0
3,13/11/2024,202411,3,1220100010,12201030122,1731054475107,99765320,126,MADHU PRODUCTS NEPAL,MADHU,MADHU-MADHU-SWEET SUPARI PPH 1.45G,3.0,1.45G,PPH,,,RECODING,5,4,47744,170.10593,122,H.B INDUSTRIES-NEPAL,MEGHA,MEGHA,MEGHA-FLOWER FRESH PPH 3000 GMS,PLPCH,3000.000 GM,,,3000.0,GM,0.0
3,13/11/2024,202411,3,1220100010,12201030122,1731054475107,99765320,126,MADHU PRODUCTS NEPAL,MADHU,MADHU-MADHU-SWEET SUPARI PPH 1.45G,3.0,1.45G,PPH,,,RECODING,5,5,99762508,172.35239,122,PRABHU SOAP INDUSTRIES-NEPAL,PRABHU GHADI,PRABHU GHADI,PRABHU GHADI-PPH 500 GM,PLPCH,500.000 GM,,,500.0,GM,55.0
3,13/11/2024,202411,3,1220100010,12201030122,1731054475107,99765320,126,MADHU PRODUCTS NEPAL,MADHU,MADHU-MADHU-SWEET SUPARI PPH 1.45G,3.0,1.45G,PPH,,,RECODING,5,6,93026122,173.35063,122,H.B INDUSTRIES-NEPAL,MEGHA,MEGHA,MEGHA-FLOWER FRESH PPH 500 GMS,PLPCH,500.000 GM,,,500.0,GM,0.0
3,13/11/2024,202411,3,1220100010,12201030122,1731054475107,99765320,126,MADHU PRODUCTS NEPAL,MADHU,MADHU-MADHU-SWEET SUPARI PPH 1.45G,3.0,1.45G,PPH,,,RECODING,5,7,50126,175.21997,123,SWADESHI SABUN UDHYOG-NEPAL,AAHA,AAHA,AAHA-PPH 220 GM,PLPCH,220.000 GM,,,220.0,GM,0.0
3,13/11/2024,202411,3,1220100010,12201030122,1731054475107,99765320,126,MADHU PRODUCTS NEPAL,MADHU,MADHU-MADHU-SWEET SUPARI PPH 1.45G,3.0,1.45G,PPH,,,RECODING,5,8,54647,175.53455,122,SWADESHI SABUN UDHYOG-NEPAL,AAHA,AAHA,AAHA-PPH 2900 GM+FR BUCKET,PLPCH,2900.000 GM,,,2900.0,GM,0.0
3,13/11/2024,202411,3,1220100010,12201030122,1731054475107,99765320,126,MADHU PRODUCTS NEPAL,MADHU,MADHU-MADHU-SWEET SUPARI PPH 1.45G,3.0,1.45G,PPH,,,RECODING,5,9,99764100,175.9115,116,SRIJANSHIL MAHILA UDHAMI-NEPAL,SATHI,SATHI,SATHI-XXL PPH 7 NOS,PLPCH,7.000 NO,,,7.0,NO,130.0
3,13/11/2024,202411,3,1220100010,12201030122,1731054475107,99765320,126,MADHU PRODUCTS NEPAL,MADHU,MADHU-MADHU-SWEET SUPARI PPH 1.45G,3.0,1.45G,PPH,,,RECODING,5,10,54041,176.7446,123,SWADESHI SABUN UDHYOG-NEPAL,AAHA,AAHA,AAHA-PPH 95 GM,PLPCH,95.000 GM,,,95.0,GM,0.0
4,13/11/2024,202411,3,1220100005,12201030170,1731054475107,99765320,126,MADHU PRODUCTS NEPAL,MADHU,MADHU-MADHU-SWEET SUPARI PPH 1.45G,3.0,1.45G,PPH,,,RECODING,5,1,99765320,144.6784,126,MADHU CHEMICAL COMPANY,MADHU,MADHU,1.45G PAAN MASALA,PLAST,1.45G,SWEET,,1.45,GM,3.0
4,13/11/2024,202411,3,1220100005,12201030170,1731054475107,99765320,126,MADHU PRODUCTS NEPAL,MADHU,MADHU-MADHU-SWEET SUPARI PPH 1.45G,3.0,1.45G,PPH,,,RECODING,5,2,99762215,155.28976,126,MADHU CHEMICAL COMPANY,MADHU,MADHU,1.25G PAAN MASALA,PLAST,1.25G,SWEET,,1.25,,0.0
4,13/11/2024,202411,3,1220100005,12201030170,1731054475107,99765320,126,MADHU PRODUCTS NEPAL,MADHU,MADHU-MADHU-SWEET SUPARI PPH 1.45G,3.0,1.45G,PPH,,,RECODING,5,3,99763323,167.6646,123,SWADESHI SABUN UDHYOG-NEPAL,MADAL,MADAL,MADAL-PPH 200 GM,PLPCH,200.000 GM,,,200.0,GM,35.0
4,13/11/2024,202411,3,1220100005,12201030170,1731054475107,99765320,126,MADHU PRODUCTS NEPAL,MADHU,MADHU-MADHU-SWEET SUPARI PPH 1.45G,3.0,1.45G,PPH,,,RECODING,5,4,47744,168.83688,122,H.B INDUSTRIES-NEPAL,MEGHA,MEGHA,MEGHA-FLOWER FRESH PPH 3000 GMS,PLPCH,3000.000 GM,,,3000.0,GM,0.0
4,13/11/2024,202411,3,1220100005,12201030170,1731054475107,99765320,126,MADHU PRODUCTS NEPAL,MADHU,MADHU-MADHU-SWEET SUPARI PPH 1.45G,3.0,1.45G,PPH,,,RECODING,5,5,99762508,171.12854,122,PRABHU SOAP INDUSTRIES-NEPAL,PRABHU GHADI,PRABHU GHADI,PRABHU GHADI-PPH 500 GM,PLPCH,500.000 GM,,,500.0,GM,55.0
4,13/11/2024,202411,3,1220100005,12201030170,1731054475107,99765320,126,MADHU PRODUCTS NEPAL,MADHU,MADHU-MADHU-SWEET SUPARI PPH 1.45G,3.0,1.45G,PPH,,,RECODING,5,6,93026122,172.10402,122,H.B INDUSTRIES-NEPAL,MEGHA,MEGHA,MEGHA-FLOWER FRESH PPH 500 GMS,PLPCH,500.000 GM,,,500.0,GM,0.0
4,13/11/2024,202411,3,1220100005,12201030170,1731054475107,99765320,126,MADHU PRODUCTS NEPAL,MADHU,MADHU-MADHU-SWEET SUPARI PPH 1.45G,3.0,1.45G,PPH,,,RECODING,5,7,50126,173.6179,123,SWADESHI SABUN UDHYOG-NEPAL,AAHA,AAHA,AAHA-PPH 220 GM,PLPCH,220.000 GM,,,220.0,GM,0.0
4,13/11/2024,202411,3,1220100005,12201030170,1731054475107,99765320,126,MADHU PRODUCTS NEPAL,MADHU,MADHU-MADHU-SWEET SUPARI PPH 1.45G,3.0,1.45G,PPH,,,RECODING,5,8,99764100,173.733,116,SRIJANSHIL MAHILA UDHAMI-NEPAL,SATHI,SATHI,SATHI-XXL PPH 7 NOS,PLPCH,7.000 NO,,,7.0,NO,130.0
4,13/11/2024,202411,3,1220100005,12201030170,1731054475107,99765320,126,MADHU PRODUCTS NEPAL,MADHU,MADHU-MADHU-SWEET SUPARI PPH 1.45G,3.0,1.45G,PPH,,,RECODING,5,9,54647,173.76137,122,SWADESHI SABUN UDHYOG-NEPAL,AAHA,AAHA,AAHA-PPH 2900 GM+FR BUCKET,PLPCH,2900.000 GM,,,2900.0,GM,0.0
4,13/11/2024,202411,3,1220100005,12201030170,1731054475107,99765320,126,MADHU PRODUCTS NEPAL,MADHU,MADHU-MADHU-SWEET SUPARI PPH 1.45G,3.0,1.45G,PPH,,,RECODING,5,10,49239,174.92714,123,SWADESHI SABUN UDHYOG-NEPAL,AAHA,AAHA,AAHA-PPH 12*190 GM [2280GM],PLPCH,190.000 GM,,,2280.0,GM,0.0
5,13/11/2024,202411,3,1220102348,12201030177,1731054475107,99765320,126,MADHU PRODUCTS NEPAL,MADHU,MADHU-MADHU-SWEET SUPARI PPH 1.45G,3.0,1.45G,PPH,,,RECODING,5,1,99765320,146.55554,126,MADHU CHEMICAL COMPANY,MADHU,MADHU,1.45G PAAN MASALA,PLAST,1.45G,SWEET,,1.45,GM,3.0
5,13/11/2024,202411,3,1220102348,12201030177,1731054475107,99765320,126,MADHU PRODUCTS NEPAL,MADHU,MADHU-MADHU-SWEET SUPARI PPH 1.45G,3.0,1.45G,PPH,,,RECODING,5,2,99762215,157.04124,126,MADHU CHEMICAL COMPANY,MADHU,MADHU,1.25G PAAN MASALA,PLAST,1.25G,SWEET,,1.25,,0.0
5,13/11/2024,202411,3,1220102348,12201030177,1731054475107,99765320,126,MADHU PRODUCTS NEPAL,MADHU,MADHU-MADHU-SWEET SUPARI PPH 1.45G,3.0,1.45G,PPH,,,RECODING,5,3,99763323,168.44022,123,SWADESHI SABUN UDHYOG-NEPAL,MADAL,MADAL,MADAL-PPH 200 GM,PLPCH,200.000 GM,,,200.0,GM,35.0
5,13/11/2024,202411,3,1220102348,12201030177,1731054475107,99765320,126,MADHU PRODUCTS NEPAL,MADHU,MADHU-MADHU-SWEET SUPARI PPH 1.45G,3.0,1.45G,PPH,,,RECODING,5,4,47744,170.2732,122,H.B INDUSTRIES-NEPAL,MEGHA,MEGHA,MEGHA-FLOWER FRESH PPH 3000 GMS,PLPCH,3000.000 GM,,,3000.0,GM,0.0
5,13/11/2024,202411,3,1220102348,12201030177,1731054475107,99765320,126,MADHU PRODUCTS NEPAL,MADHU,MADHU-MADHU-SWEET SUPARI PPH 1.45G,3.0,1.45G,PPH,,,RECODING,5,5,99762508,172.7574,122,PRABHU SOAP INDUSTRIES-NEPAL,PRABHU GHADI,PRABHU GHADI,PRABHU GHADI-PPH 500 GM,PLPCH,500.000 GM,,,500.0,GM,55.0
5,13/11/2024,202411,3,1220102348,12201030177,1731054475107,99765320,126,MADHU PRODUCTS NEPAL,MADHU,MADHU-MADHU-SWEET SUPARI PPH 1.45G,3.0,1.45G,PPH,,,RECODING,5,6,93026122,173.71432,122,H.B INDUSTRIES-NEPAL,MEGHA,MEGHA,MEGHA-FLOWER FRESH PPH 500 GMS,PLPCH,500.000 GM,,,500.0,GM,0.0
5,13/11/2024,202411,3,1220102348,12201030177,1731054475107,99765320,126,MADHU PRODUCTS NEPAL,MADHU,MADHU-MADHU-SWEET SUPARI PPH 1.45G,3.0,1.45G,PPH,,,RECODING,5,7,50126,174.37265,123,SWADESHI SABUN UDHYOG-NEPAL,AAHA,AAHA,AAHA-PPH 220 GM,PLPCH,220.000 GM,,,220.0,GM,0.0
5,13/11/2024,202411,3,1220102348,12201030177,1731054475107,99765320,126,MADHU PRODUCTS NEPAL,MADHU,MADHU-MADHU-SWEET SUPARI PPH 1.45G,3.0,1.45G,PPH,,,RECODING,5,8,99764100,174.47958,116,SRIJANSHIL MAHILA UDHAMI-NEPAL,SATHI,SATHI,SATHI-XXL PPH 7 NOS,PLPCH,7.000 NO,,,7.0,NO,130.0
5,13/11/2024,202411,3,1220102348,12201030177,1731054475107,99765320,126,MADHU PRODUCTS NEPAL,MADHU,MADHU-MADHU-SWEET SUPARI PPH 1.45G,3.0,1.45G,PPH,,,RECODING,5,9,54647,175.19089,122,SWADESHI SABUN UDHYOG-NEPAL,AAHA,AAHA,AAHA-PPH 2900 GM+FR BUCKET,PLPCH,2900.000 GM,,,2900.0,GM,0.0
5,13/11/2024,202411,3,1220102348,12201030177,1731054475107,99765320,126,MADHU PRODUCTS NEPAL,MADHU,MADHU-MADHU-SWEET SUPARI PPH 1.45G,3.0,1.45G,PPH,,,RECODING,5,10,49239,175.7786,123,SWADESHI SABUN UDHYOG-NEPAL,AAHA,AAHA,AAHA-PPH 12*190 GM [2280GM],PLPCH,190.000 GM,,,2280.0,GM,0.0
6,13/11/2024,202411,2,112116438,21102020060,1731303478705,99765322,134,RAYBOT SPRING'S MINERAL WATER-NEPAL,RAYBOT REFRESH,RAYBOT REFRESH-LITCHI-PBT-250ML,50.0,250 ML,PBT,,1731303478705-raybot spring-s mineral water-nepal-raybot refresh#3.png,RECODING,5,1,99765322,69.15647,118,RAYBOT SPRING'S MINERAL WATER-NEPAL,RAYBOT,RAYBOT REFRESH,LITCHI PET 250 ML,PET,250.000 ML,LYCHEE,,250.0,ML,50.0
6,13/11/2024,202411,2,112116438,21102020060,1731303478705,99765322,134,RAYBOT SPRING'S MINERAL WATER-NEPAL,RAYBOT REFRESH,RAYBOT REFRESH-LITCHI-PBT-250ML,50.0,250 ML,PBT,,1731303478705-raybot spring-s mineral water-nepal-raybot refresh#3.png,RECODING,5,2,99765400,73.823944,118,RAYBOT SPRING'S MINERAL WATER-NEPAL,RAYBOT,RAYBOT REFRESH,LITCHI PET 150 ML+10 ML EXTRA,PET,150.000 ML,LYCHEE,,160.0,ML,20.0
6,13/11/2024,202411,2,112116438,21102020060,1731303478705,99765322,134,RAYBOT SPRING'S MINERAL WATER-NEPAL,RAYBOT REFRESH,RAYBOT REFRESH-LITCHI-PBT-250ML,50.0,250 ML,PBT,,1731303478705-raybot spring-s mineral water-nepal-raybot refresh#3.png,RECODING,5,3,99765475,82.48706,118,RAYBOT SPRING'S MINERAL WATER-NEPAL,RAYBOT,RAYBOT REFRESH COLA,PET 250 ML,PET,250.000 ML,COLA,,250.0,ML,50.0
6,13/11/2024,202411,2,112116438,21102020060,1731303478705,99765322,134,RAYBOT SPRING'S MINERAL WATER-NEPAL,RAYBOT REFRESH,RAYBOT REFRESH-LITCHI-PBT-250ML,50.0,250 ML,PBT,,1731303478705-raybot spring-s mineral water-nepal-raybot refresh#3.png,RECODING,5,4,99765488,90.25786,118,RAYBOT SPRING'S MINERAL WATER-NEPAL,RAYBOT,RAYBOT REFRESH ZPRITE,PET 250 ML,PET,250.000 ML,LEMON,,250.0,ML,50.0
6,13/11/2024,202411,2,112116438,21102020060,1731303478705,99765322,134,RAYBOT SPRING'S MINERAL WATER-NEPAL,RAYBOT REFRESH,RAYBOT REFRESH-LITCHI-PBT-250ML,50.0,250 ML,PBT,,1731303478705-raybot spring-s mineral water-nepal-raybot refresh#3.png,RECODING,5,5,99765380,92.83933,118,RAYBOT SPRING'S MINERAL WATER-NEPAL,RAYBOT,RAYBOT REFRESH,PINEAPPLE PET 250 ML,PET,250.000 ML,PINEAPPLE,,250.0,ML,50.0
6,13/11/2024,202411,2,112116438,21102020060,1731303478705,99765322,134,RAYBOT SPRING'S MINERAL WATER-NEPAL,RAYBOT REFRESH,RAYBOT REFRESH-LITCHI-PBT-250ML,50.0,250 ML,PBT,,1731303478705-raybot spring-s mineral water-nepal-raybot refresh#3.png,RECODING,5,6,99765379,94.07736,118,RAYBOT SPRING'S MINERAL WATER-NEPAL,RAYBOT,RAYBOT REFRESH,MIXED FRUIT PET 250 ML,PET,250.000 ML,MIXED FRUIT,,250.0,ML,50.0
6,13/11/2024,202411,2,112116438,21102020060,1731303478705,99765322,134,RAYBOT SPRING'S MINERAL WATER-NEPAL,RAYBOT REFRESH,RAYBOT REFRESH-LITCHI-PBT-250ML,50.0,250 ML,PBT,,1731303478705-raybot spring-s mineral water-nepal-raybot refresh#3.png,RECODING,5,7,99765375,95.600586,118,RAYBOT SPRING'S MINERAL WATER-NEPAL,RAYBOT,RAYBOT REFRESH,PINEAPPLE PET 500 ML,PET,500.000 ML,PINEAPPLE,,500.0,ML,90.0
6,13/11/2024,202411,2,112116438,21102020060,1731303478705,99765322,134,RAYBOT SPRING'S MINERAL WATER-NEPAL,RAYBOT REFRESH,RAYBOT REFRESH-LITCHI-PBT-250ML,50.0,250 ML,PBT,,1731303478705-raybot spring-s mineral water-nepal-raybot refresh#3.png,RECODING,5,8,99765446,97.04315,118,RAYBOT SPRING'S MINERAL WATER-NEPAL,RAYBOT,RAYBOT REFRESH,MIXED FRUIT PET 1000 ML,PET,1000.000 ML,MIXED FRUIT,,1000.0,ML,170.0
6,13/11/2024,202411,2,112116438,21102020060,1731303478705,99765322,134,RAYBOT SPRING'S MINERAL WATER-NEPAL,RAYBOT REFRESH,RAYBOT REFRESH-LITCHI-PBT-250ML,50.0,250 ML,PBT,,1731303478705-raybot spring-s mineral water-nepal-raybot refresh#3.png,RECODING,5,9,99765337,98.067215,118,RAYBOT SPRING'S MINERAL WATER-NEPAL,RAYBOT,RAYBOT REFRESH,GUAVA PET 250 ML,PET,250.000 ML,GUAVA,,250.0,ML,50.0
6,13/11/2024,202411,2,112116438,21102020060,1731303478705,99765322,134,RAYBOT SPRING'S MINERAL WATER-NEPAL,RAYBOT REFRESH,RAYBOT REFRESH-LITCHI-PBT-250ML,50.0,250 ML,PBT,,1731303478705-raybot spring-s mineral water-nepal-raybot refresh#3.png,RECODING,5,10,99765425,99.8154,118,RAYBOT SPRING'S MINERAL WATER-NEPAL,RAYBOT,RAYBOT REFRESH,GUAVA PET 500 ML,PET,500.000 ML,GUAVA,,500.0,ML,90.0
7,13/11/2024,202411,3,2110203304,21102030204,1731308020769,99765321,105,SURYA NEPAL PVT LTD - NEPAL,SURYA FUSION,SURYA FUSION,320.0,HL 20 NOS,CBP,,1731308020769-surya nepal pvt ltd - nepal-surya fusion#3.png,RECODING,5,1,46667,143.31174,123,B.S.I PVT LTD-NEPAL,SURYA,SURYA,SURYA-UNWRP 200 GMS,UNWRP,200.000 GM,,,200.0,GM,0.0
7,13/11/2024,202411,3,2110203304,21102030204,1731308020769,99765321,105,SURYA NEPAL PVT LTD - NEPAL,SURYA FUSION,SURYA FUSION,320.0,HL 20 NOS,CBP,,1731308020769-surya nepal pvt ltd - nepal-surya fusion#3.png,RECODING,5,2,92923725,144.58002,123,B.S.I PVT LTD-NEPAL,SURYA,SURYA,SURYA-UNWRP 150 GMS,UNWRP,150.000 GM,,,150.0,GM,0.0
7,13/11/2024,202411,3,2110203304,21102030204,1731308020769,99765321,105,SURYA NEPAL PVT LTD - NEPAL,SURYA FUSION,SURYA FUSION,320.0,HL 20 NOS,CBP,,1731308020769-surya nepal pvt ltd - nepal-surya fusion#3.png,RECODING,5,3,99764555,162.12944,106,SURYA NEPAL PVT LTD - NEPAL,TOFFICHOO,TOFFICHOO CHATPATA FUN,TOFFICHOO CHATPATA FUN-MASALA PUNCH PCN 720 GM,PLJAR,720.000 GM,MASALA,,720.0,GM,300.0
7,13/11/2024,202411,3,2110203304,21102030204,1731308020769,99765321,105,SURYA NEPAL PVT LTD - NEPAL,SURYA FUSION,SURYA FUSION,320.0,HL 20 NOS,CBP,,1731308020769-surya nepal pvt ltd - nepal-surya fusion#3.png,RECODING,5,4,99764653,164.181,106,SURYA NEPAL PVT LTD - NEPAL,TOFFICHOO,TOFFICHOO FRUITY DELITE,TOFFICHOO FRUITY DELITE-ASSORTED PCN 600 GM,PLJAR,600.000 GM,ASSORTED,,600.0,GM,400.0
7,13/11/2024,202411,3,2110203304,21102030204,1731308020769,99765321,105,SURYA NEPAL PVT LTD - NEPAL,SURYA FUSION,SURYA FUSION,320.0,HL 20 NOS,CBP,,1731308020769-surya nepal pvt ltd - nepal-surya fusion#3.png,RECODING,5,5,53474,167.069,123,K.S.C.I(P) LTD-NEPAL,PARIJAT,PARIJAT,PARIJAT-UNWRP 200 GM,UNWRP,200.000 GM,,,200.0,GM,0.0
7,13/11/2024,202411,3,2110203304,21102030204,1731308020769,99765321,105,SURYA NEPAL PVT LTD - NEPAL,SURYA FUSION,SURYA FUSION,320.0,HL 20 NOS,CBP,,1731308020769-surya nepal pvt ltd - nepal-surya fusion#3.png,RECODING,5,6,99762790,168.52495,106,SURYA NEPAL PVT LTD - NEPAL,TOFFICHOO,TOFFICHOO CRÈME LACTO,TOFFICHOO CRÈME LACTO-PPH 4 GM,PLPCH,4.000 GM,UNSPECIFIED,,4.0,GM,2.0
7,13/11/2024,202411,3,2110203304,21102030204,1731308020769,99765321,105,SURYA NEPAL PVT LTD - NEPAL,SURYA FUSION,SURYA FUSION,320.0,HL 20 NOS,CBP,,1731308020769-surya nepal pvt ltd - nepal-surya fusion#3.png,RECODING,5,7,99765321,168.54724,105,SURYA NEPAL PVT LTD - NEPAL,SURYA,SURYA FUSION,HL 20'S,HL,20,FULL FLAVOUR,,20.0,NO,320.0
7,13/11/2024,202411,3,2110203304,21102030204,1731308020769,99765321,105,SURYA NEPAL PVT LTD - NEPAL,SURYA FUSION,SURYA FUSION,320.0,HL 20 NOS,CBP,,1731308020769-surya nepal pvt ltd - nepal-surya fusion#3.png,RECODING,5,8,99764545,169.21214,106,SURYA NEPAL PVT LTD - NEPAL,TOFFICHOO,TOFFICHOO CHATPATA FUN,TOFFICHOO CHATPATA FUN-MASALA PUNCH PPH 270 GM,PLPCH,270.000 GM,MASALA,,270.0,GM,85.0
7,13/11/2024,202411,3,2110203304,21102030204,1731308020769,99765321,105,SURYA NEPAL PVT LTD - NEPAL,SURYA FUSION,SURYA FUSION,320.0,HL 20 NOS,CBP,,1731308020769-surya nepal pvt ltd - nepal-surya fusion#3.png,RECODING,5,9,99764612,171.5198,106,SURYA NEPAL PVT LTD - NEPAL,TOFFICHOO TADKA,TOFFICHOO TADKA,TOFFICHOO TADKA-CHAT MASALA LITCHI PCN 760GM,PLJAR,760.000 GM,LYCHEE,,760.0,GM,500.0
7,13/11/2024,202411,3,2110203304,21102030204,1731308020769,99765321,105,SURYA NEPAL PVT LTD - NEPAL,SURYA FUSION,SURYA FUSION,320.0,HL 20 NOS,CBP,,1731308020769-surya nepal pvt ltd - nepal-surya fusion#3.png,RECODING,5,10,99764789,171.94678,106,SURYA NEPAL PVT LTD - NEPAL,TOFFICHOO,TOFFICHOO DUOZ,TOFFICHOO DUOZ-STRAWBERRY PCN 720 GM,PLJAR,720.000 GM,STRAWBERRY,,720.0,GM,400.0
8,13/11/2024,202411,3,1220100007,12201030152,1731054475107,99765320,126,MADHU PRODUCTS NEPAL,MADHU,MADHU-MADHU-SWEET SUPARI PPH 1.45G,3.0,1.45G,PPH,,,RECODING,5,1,99765320,145.11093,126,MADHU CHEMICAL COMPANY,MADHU,MADHU,1.45G PAAN MASALA,PLAST,1.45G,SWEET,,1.45,GM,3.0
8,13/11/2024,202411,3,1220100007,12201030152,1731054475107,99765320,126,MADHU PRODUCTS NEPAL,MADHU,MADHU-MADHU-SWEET SUPARI PPH 1.45G,3.0,1.45G,PPH,,,RECODING,5,2,99762215,156.04004,126,MADHU CHEMICAL COMPANY,MADHU,MADHU,1.25G PAAN MASALA,PLAST,1.25G,SWEET,,1.25,,0.0
8,13/11/2024,202411,3,1220100007,12201030152,1731054475107,99765320,126,MADHU PRODUCTS NEPAL,MADHU,MADHU-MADHU-SWEET SUPARI PPH 1.45G,3.0,1.45G,PPH,,,RECODING,5,3,99763323,168.38506,123,SWADESHI SABUN UDHYOG-NEPAL,MADAL,MADAL,MADAL-PPH 200 GM,PLPCH,200.000 GM,,,200.0,GM,35.0
8,13/11/2024,202411,3,1220100007,12201030152,1731054475107,99765320,126,MADHU PRODUCTS NEPAL,MADHU,MADHU-MADHU-SWEET SUPARI PPH 1.45G,3.0,1.45G,PPH,,,RECODING,5,4,47744,169.96582,122,H.B INDUSTRIES-NEPAL,MEGHA,MEGHA,MEGHA-FLOWER FRESH PPH 3000 GMS,PLPCH,3000.000 GM,,,3000.0,GM,0.0
8,13/11/2024,202411,3,1220100007,12201030152,1731054475107,99765320,126,MADHU PRODUCTS NEPAL,MADHU,MADHU-MADHU-SWEET SUPARI PPH 1.45G,3.0,1.45G,PPH,,,RECODING,5,5,99762508,172.40717,122,PRABHU SOAP INDUSTRIES-NEPAL,PRABHU GHADI,PRABHU GHADI,PRABHU GHADI-PPH 500 GM,PLPCH,500.000 GM,,,500.0,GM,55.0
8,13/11/2024,202411,3,1220100007,12201030152,1731054475107,99765320,126,MADHU PRODUCTS NEPAL,MADHU,MADHU-MADHU-SWEET SUPARI PPH 1.45G,3.0,1.45G,PPH,,,RECODING,5,6,93026122,173.26295,122,H.B INDUSTRIES-NEPAL,MEGHA,MEGHA,MEGHA-FLOWER FRESH PPH 500 GMS,PLPCH,500.000 GM,,,500.0,GM,0.0
8,13/11/2024,202411,3,1220100007,12201030152,1731054475107,99765320,126,MADHU PRODUCTS NEPAL,MADHU,MADHU-MADHU-SWEET SUPARI PPH 1.45G,3.0,1.45G,PPH,,,RECODING,5,7,99764100,174.34578,116,SRIJANSHIL MAHILA UDHAMI-NEPAL,SATHI,SATHI,SATHI-XXL PPH 7 NOS,PLPCH,7.000 NO,,,7.0,NO,130.0
8,13/11/2024,202411,3,1220100007,12201030152,1731054475107,99765320,126,MADHU PRODUCTS NEPAL,MADHU,MADHU-MADHU-SWEET SUPARI PPH 1.45G,3.0,1.45G,PPH,,,RECODING,5,8,50126,174.52469,123,SWADESHI SABUN UDHYOG-NEPAL,AAHA,AAHA,AAHA-PPH 220 GM,PLPCH,220.000 GM,,,220.0,GM,0.0
8,13/11/2024,202411,3,1220100007,12201030152,1731054475107,99765320,126,MADHU PRODUCTS NEPAL,MADHU,MADHU-MADHU-SWEET SUPARI PPH 1.45G,3.0,1.45G,PPH,,,RECODING,5,9,54647,174.97746,122,SWADESHI SABUN UDHYOG-NEPAL,AAHA,AAHA,AAHA-PPH 2900 GM+FR BUCKET,PLPCH,2900.000 GM,,,2900.0,GM,0.0
8,13/11/2024,202411,3,1220100007,12201030152,1731054475107,99765320,126,MADHU PRODUCTS NEPAL,MADHU,MADHU-MADHU-SWEET SUPARI PPH 1.45G,3.0,1.45G,PPH,,,RECODING,5,10,54041,176.01854,123,SWADESHI SABUN UDHYOG-NEPAL,AAHA,AAHA,AAHA-PPH 95 GM,PLPCH,95.000 GM,,,95.0,GM,0.0
9,13/11/2024,202411,3,1220100056,12201030140,1731054475107,99765320,126,MADHU PRODUCTS NEPAL,MADHU,MADHU-MADHU-SWEET SUPARI PPH 1.45G,3.0,1.45G,PPH,,,RECODING,5,1,99765320,146.16333,126,MADHU CHEMICAL COMPANY,MADHU,MADHU,1.45G PAAN MASALA,PLAST,1.45G,SWEET,,1.45,GM,3.0
9,13/11/2024,202411,3,1220100056,12201030140,1731054475107,99765320,126,MADHU PRODUCTS NEPAL,MADHU,MADHU-MADHU-SWEET SUPARI PPH 1.45G,3.0,1.45G,PPH,,,RECODING,5,2,99762215,157.25806,126,MADHU CHEMICAL COMPANY,MADHU,MADHU,1.25G PAAN MASALA,PLAST,1.25G,SWEET,,1.25,,0.0
9,13/11/2024,202411,3,1220100056,12201030140,1731054475107,99765320,126,MADHU PRODUCTS NEPAL,MADHU,MADHU-MADHU-SWEET SUPARI PPH 1.45G,3.0,1.45G,PPH,,,RECODING,5,3,99763323,169.79507,123,SWADESHI SABUN UDHYOG-NEPAL,MADAL,MADAL,MADAL-PPH 200 GM,PLPCH,200.000 GM,,,200.0,GM,35.0
9,13/11/2024,202411,3,1220100056,12201030140,1731054475107,99765320,126,MADHU PRODUCTS NEPAL,MADHU,MADHU-MADHU-SWEET SUPARI PPH 1.45G,3.0,1.45G,PPH,,,RECODING,5,4,47744,170.4723,122,H.B INDUSTRIES-NEPAL,MEGHA,MEGHA,MEGHA-FLOWER FRESH PPH 3000 GMS,PLPCH,3000.000 GM,,,3000.0,GM,0.0
9,13/11/2024,202411,3,1220100056,12201030140,1731054475107,99765320,126,MADHU PRODUCTS NEPAL,MADHU,MADHU-MADHU-SWEET SUPARI PPH 1.45G,3.0,1.45G,PPH,,,RECODING,5,5,99762508,172.46748,122,PRABHU SOAP INDUSTRIES-NEPAL,PRABHU GHADI,PRABHU GHADI,PRABHU GHADI-PPH 500 GM,PLPCH,500.000 GM,,,500.0,GM,55.0
9,13/11/2024,202411,3,1220100056,12201030140,1731054475107,99765320,126,MADHU PRODUCTS NEPAL,MADHU,MADHU-MADHU-SWEET SUPARI PPH 1.45G,3.0,1.45G,PPH,,,RECODING,5,6,93026122,173.66129,122,H.B INDUSTRIES-NEPAL,MEGHA,MEGHA,MEGHA-FLOWER FRESH PPH 500 GMS,PLPCH,500.000 GM,,,500.0,GM,0.0
9,13/11/2024,202411,3,1220100056,12201030140,1731054475107,99765320,126,MADHU PRODUCTS NEPAL,MADHU,MADHU-MADHU-SWEET SUPARI PPH 1.45G,3.0,1.45G,PPH,,,RECODING,5,7,99764100,175.58194,116,SRIJANSHIL MAHILA UDHAMI-NEPAL,SATHI,SATHI,SATHI-XXL PPH 7 NOS,PLPCH,7.000 NO,,,7.0,NO,130.0
9,13/11/2024,202411,3,1220100056,12201030140,1731054475107,99765320,126,MADHU PRODUCTS NEPAL,MADHU,MADHU-MADHU-SWEET SUPARI PPH 1.45G,3.0,1.45G,PPH,,,RECODING,5,8,50126,175.68655,123,SWADESHI SABUN UDHYOG-NEPAL,AAHA,AAHA,AAHA-PPH 220 GM,PLPCH,220.000 GM,,,220.0,GM,0.0
9,13/11/2024,202411,3,1220100056,12201030140,1731054475107,99765320,126,MADHU PRODUCTS NEPAL,MADHU,MADHU-MADHU-SWEET SUPARI PPH 1.45G,3.0,1.45G,PPH,,,RECODING,5,9,54647,175.73691,122,SWADESHI SABUN UDHYOG-NEPAL,AAHA,AAHA,AAHA-PPH 2900 GM+FR BUCKET,PLPCH,2900.000 GM,,,2900.0,GM,0.0
9,13/11/2024,202411,3,1220100056,12201030140,1731054475107,99765320,126,MADHU PRODUCTS NEPAL,MADHU,MADHU-MADHU-SWEET SUPARI PPH 1.45G,3.0,1.45G,PPH,,,RECODING,5,10,54041,177.05847,123,SWADESHI SABUN UDHYOG-NEPAL,AAHA,AAHA,AAHA-PPH 95 GM,PLPCH,95.000 GM,,,95.0,GM,0.0
10,13/11/2024,202411,3,1220100023,12201030087,1731054475107,99765320,126,MADHU PRODUCTS NEPAL,MADHU,MADHU-MADHU-SWEET SUPARI PPH 1.45G,3.0,1.45G,PPH,,,RECODING,5,1,99765320,146.29419,126,MADHU CHEMICAL COMPANY,MADHU,MADHU,1.45G PAAN MASALA,PLAST,1.45G,SWEET,,1.45,GM,3.0
10,13/11/2024,202411,3,1220100023,12201030087,1731054475107,99765320,126,MADHU PRODUCTS NEPAL,MADHU,MADHU-MADHU-SWEET SUPARI PPH 1.45G,3.0,1.45G,PPH,,,RECODING,5,2,99762215,157.00629,126,MADHU CHEMICAL COMPANY,MADHU,MADHU,1.25G PAAN MASALA,PLAST,1.25G,SWEET,,1.25,,0.0
10,13/11/2024,202411,3,1220100023,12201030087,1731054475107,99765320,126,MADHU PRODUCTS NEPAL,MADHU,MADHU-MADHU-SWEET SUPARI PPH 1.45G,3.0,1.45G,PPH,,,RECODING,5,3,99763323,169.44467,123,SWADESHI SABUN UDHYOG-NEPAL,MADAL,MADAL,MADAL-PPH 200 GM,PLPCH,200.000 GM,,,200.0,GM,35.0
10,13/11/2024,202411,3,1220100023,12201030087,1731054475107,99765320,126,MADHU PRODUCTS NEPAL,MADHU,MADHU-MADHU-SWEET SUPARI PPH 1.45G,3.0,1.45G,PPH,,,RECODING,5,4,47744,170.8233,122,H.B INDUSTRIES-NEPAL,MEGHA,MEGHA,MEGHA-FLOWER FRESH PPH 3000 GMS,PLPCH,3000.000 GM,,,3000.0,GM,0.0
10,13/11/2024,202411,3,1220100023,12201030087,1731054475107,99765320,126,MADHU PRODUCTS NEPAL,MADHU,MADHU-MADHU-SWEET SUPARI PPH 1.45G,3.0,1.45G,PPH,,,RECODING,5,5,99762508,172.69746,122,PRABHU SOAP INDUSTRIES-NEPAL,PRABHU GHADI,PRABHU GHADI,PRABHU GHADI-PPH 500 GM,PLPCH,500.000 GM,,,500.0,GM,55.0
10,13/11/2024,202411,3,1220100023,12201030087,1731054475107,99765320,126,MADHU PRODUCTS NEPAL,MADHU,MADHU-MADHU-SWEET SUPARI PPH 1.45G,3.0,1.45G,PPH,,,RECODING,5,6,93026122,174.16045,122,H.B INDUSTRIES-NEPAL,MEGHA,MEGHA,MEGHA-FLOWER FRESH PPH 500 GMS,PLPCH,500.000 GM,,,500.0,GM,0.0
10,13/11/2024,202411,3,1220100023,12201030087,1731054475107,99765320,126,MADHU PRODUCTS NEPAL,MADHU,MADHU-MADHU-SWEET SUPARI PPH 1.45G,3.0,1.45G,PPH,,,RECODING,5,7,99764100,175.15051,116,SRIJANSHIL MAHILA UDHAMI-NEPAL,SATHI,SATHI,SATHI-XXL PPH 7 NOS,PLPCH,7.000 NO,,,7.0,NO,130.0
10,13/11/2024,202411,3,1220100023,12201030087,1731054475107,99765320,126,MADHU PRODUCTS NEPAL,MADHU,MADHU-MADHU-SWEET SUPARI PPH 1.45G,3.0,1.45G,PPH,,,RECODING,5,8,50126,175.44371,123,SWADESHI SABUN UDHYOG-NEPAL,AAHA,AAHA,AAHA-PPH 220 GM,PLPCH,220.000 GM,,,220.0,GM,0.0
10,13/11/2024,202411,3,1220100023,12201030087,1731054475107,99765320,126,MADHU PRODUCTS NEPAL,MADHU,MADHU-MADHU-SWEET SUPARI PPH 1.45G,3.0,1.45G,PPH,,,RECODING,5,9,54647,175.841,122,SWADESHI SABUN UDHYOG-NEPAL,AAHA,AAHA,AAHA-PPH 2900 GM+FR BUCKET,PLPCH,2900.000 GM,,,2900.0,GM,0.0
10,13/11/2024,202411,3,1220100023,12201030087,1731054475107,99765320,126,MADHU PRODUCTS NEPAL,MADHU,MADHU-MADHU-SWEET SUPARI PPH 1.45G,3.0,1.45G,PPH,,,RECODING,5,10,54041,176.77924,123,SWADESHI SABUN UDHYOG-NEPAL,AAHA,AAHA,AAHA-PPH 95 GM,PLPCH,95.000 GM,,,95.0,GM,0.0
11,13/11/2024,202411,3,2110203262,21102030229,1731222877542,99765321,105,SURYA NEPAL PVT LTD - NEPAL,SURYA FUSION,SURYA FUSION/HL/20NOS/MRP320,320.0,20 NOS,KS,,1731222877542-surya nepal pvt ltd - nepal-surya fusion#3.png,RECODING,5,1,46667,148.72223,123,B.S.I PVT LTD-NEPAL,SURYA,SURYA,SURYA-UNWRP 200 GMS,UNWRP,200.000 GM,,,200.0,GM,0.0
11,13/11/2024,202411,3,2110203262,21102030229,1731222877542,99765321,105,SURYA NEPAL PVT LTD - NEPAL,SURYA FUSION,SURYA FUSION/HL/20NOS/MRP320,320.0,20 NOS,KS,,1731222877542-surya nepal pvt ltd - nepal-surya fusion#3.png,RECODING,5,2,92923725,150.25665,123,B.S.I PVT LTD-NEPAL,SURYA,SURYA,SURYA-UNWRP 150 GMS,UNWRP,150.000 GM,,,150.0,GM,0.0
11,13/11/2024,202411,3,2110203262,21102030229,1731222877542,99765321,105,SURYA NEPAL PVT LTD - NEPAL,SURYA FUSION,SURYA FUSION/HL/20NOS/MRP320,320.0,20 NOS,KS,,1731222877542-surya nepal pvt ltd - nepal-surya fusion#3.png,RECODING,5,3,99764555,154.37077,106,SURYA NEPAL PVT LTD - NEPAL,TOFFICHOO,TOFFICHOO CHATPATA FUN,TOFFICHOO CHATPATA FUN-MASALA PUNCH PCN 720 GM,PLJAR,720.000 GM,MASALA,,720.0,GM,300.0
11,13/11/2024,202411,3,2110203262,21102030229,1731222877542,99765321,105,SURYA NEPAL PVT LTD - NEPAL,SURYA FUSION,SURYA FUSION/HL/20NOS/MRP320,320.0,20 NOS,KS,,1731222877542-surya nepal pvt ltd - nepal-surya fusion#3.png,RECODING,5,4,99765321,159.03911,105,SURYA NEPAL PVT LTD - NEPAL,SURYA,SURYA FUSION,HL 20'S,HL,20,FULL FLAVOUR,,20.0,NO,320.0
11,13/11/2024,202411,3,2110203262,21102030229,1731222877542,99765321,105,SURYA NEPAL PVT LTD - NEPAL,SURYA FUSION,SURYA FUSION/HL/20NOS/MRP320,320.0,20 NOS,KS,,1731222877542-surya nepal pvt ltd - nepal-surya fusion#3.png,RECODING,5,5,99764653,159.86775,106,SURYA NEPAL PVT LTD - NEPAL,TOFFICHOO,TOFFICHOO FRUITY DELITE,TOFFICHOO FRUITY DELITE-ASSORTED PCN 600 GM,PLJAR,600.000 GM,ASSORTED,,600.0,GM,400.0
11,13/11/2024,202411,3,2110203262,21102030229,1731222877542,99765321,105,SURYA NEPAL PVT LTD - NEPAL,SURYA FUSION,SURYA FUSION/HL/20NOS/MRP320,320.0,20 NOS,KS,,1731222877542-surya nepal pvt ltd - nepal-surya fusion#3.png,RECODING,5,6,99764545,164.04478,106,SURYA NEPAL PVT LTD - NEPAL,TOFFICHOO,TOFFICHOO CHATPATA FUN,TOFFICHOO CHATPATA FUN-MASALA PUNCH PPH 270 GM,PLPCH,270.000 GM,MASALA,,270.0,GM,85.0
11,13/11/2024,202411,3,2110203262,21102030229,1731222877542,99765321,105,SURYA NEPAL PVT LTD - NEPAL,SURYA FUSION,SURYA FUSION/HL/20NOS/MRP320,320.0,20 NOS,KS,,1731222877542-surya nepal pvt ltd - nepal-surya fusion#3.png,RECODING,5,7,99764789,164.16118,106,SURYA NEPAL PVT LTD - NEPAL,TOFFICHOO,TOFFICHOO DUOZ,TOFFICHOO DUOZ-STRAWBERRY PCN 720 GM,PLJAR,720.000 GM,STRAWBERRY,,720.0,GM,400.0
11,13/11/2024,202411,3,2110203262,21102030229,1731222877542,99765321,105,SURYA NEPAL PVT LTD - NEPAL,SURYA FUSION,SURYA FUSION/HL/20NOS/MRP320,320.0,20 NOS,KS,,1731222877542-surya nepal pvt ltd - nepal-surya fusion#3.png,RECODING,5,8,99764502,165.45029,106,SURYA NEPAL PVT LTD - NEPAL,TOFFICHOO,TOFFICHOO CRÈME LACTO,TOFFICHOO CRÈME LACTO-PCN 800 GM,PLJAR,800.000 GM,UNSPECIFIED,,800.0,GM,500.0
11,13/11/2024,202411,3,2110203262,21102030229,1731222877542,99765321,105,SURYA NEPAL PVT LTD - NEPAL,SURYA FUSION,SURYA FUSION/HL/20NOS/MRP320,320.0,20 NOS,KS,,1731222877542-surya nepal pvt ltd - nepal-surya fusion#3.png,RECODING,5,9,99764612,166.14276,106,SURYA NEPAL PVT LTD - NEPAL,TOFFICHOO TADKA,TOFFICHOO TADKA,TOFFICHOO TADKA-CHAT MASALA LITCHI PCN 760GM,PLJAR,760.000 GM,LYCHEE,,760.0,GM,500.0
11,13/11/2024,202411,3,2110203262,21102030229,1731222877542,99765321,105,SURYA NEPAL PVT LTD - NEPAL,SURYA FUSION,SURYA FUSION/HL/20NOS/MRP320,320.0,20 NOS,KS,,1731222877542-surya nepal pvt ltd - nepal-surya fusion#3.png,RECODING,5,10,99762790,166.3507,106,SURYA NEPAL PVT LTD - NEPAL,TOFFICHOO,TOFFICHOO CRÈME LACTO,TOFFICHOO CRÈME LACTO-PPH 4 GM,PLPCH,4.000 GM,UNSPECIFIED,,4.0,GM,2.0
12,13/11/2024,202411,3,1220100036,12201030099,1731054475107,99765320,126,MADHU PRODUCTS NEPAL,MADHU,MADHU-MADHU-SWEET SUPARI PPH 1.45G,3.0,1.45G,PPH,,,RECODING,5,1,99765320,146.13855,126,MADHU CHEMICAL COMPANY,MADHU,MADHU,1.45G PAAN MASALA,PLAST,1.45G,SWEET,,1.45,GM,3.0
12,13/11/2024,202411,3,1220100036,12201030099,1731054475107,99765320,126,MADHU PRODUCTS NEPAL,MADHU,MADHU-MADHU-SWEET SUPARI PPH 1.45G,3.0,1.45G,PPH,,,RECODING,5,2,99762215,157.06458,126,MADHU CHEMICAL COMPANY,MADHU,MADHU,1.25G PAAN MASALA,PLAST,1.25G,SWEET,,1.25,,0.0
12,13/11/2024,202411,3,1220100036,12201030099,1731054475107,99765320,126,MADHU PRODUCTS NEPAL,MADHU,MADHU-MADHU-SWEET SUPARI PPH 1.45G,3.0,1.45G,PPH,,,RECODING,5,3,99763323,168.48837,123,SWADESHI SABUN UDHYOG-NEPAL,MADAL,MADAL,MADAL-PPH 200 GM,PLPCH,200.000 GM,,,200.0,GM,35.0
12,13/11/2024,202411,3,1220100036,12201030099,1731054475107,99765320,126,MADHU PRODUCTS NEPAL,MADHU,MADHU-MADHU-SWEET SUPARI PPH 1.45G,3.0,1.45G,PPH,,,RECODING,5,4,47744,169.58221,122,H.B INDUSTRIES-NEPAL,MEGHA,MEGHA,MEGHA-FLOWER FRESH PPH 3000 GMS,PLPCH,3000.000 GM,,,3000.0,GM,0.0
12,13/11/2024,202411,3,1220100036,12201030099,1731054475107,99765320,126,MADHU PRODUCTS NEPAL,MADHU,MADHU-MADHU-SWEET SUPARI PPH 1.45G,3.0,1.45G,PPH,,,RECODING,5,5,99762508,172.63345,122,PRABHU SOAP INDUSTRIES-NEPAL,PRABHU GHADI,PRABHU GHADI,PRABHU GHADI-PPH 500 GM,PLPCH,500.000 GM,,,500.0,GM,55.0
12,13/11/2024,202411,3,1220100036,12201030099,1731054475107,99765320,126,MADHU PRODUCTS NEPAL,MADHU,MADHU-MADHU-SWEET SUPARI PPH 1.45G,3.0,1.45G,PPH,,,RECODING,5,6,93026122,173.11688,122,H.B INDUSTRIES-NEPAL,MEGHA,MEGHA,MEGHA-FLOWER FRESH PPH 500 GMS,PLPCH,500.000 GM,,,500.0,GM,0.0
12,13/11/2024,202411,3,1220100036,12201030099,1731054475107,99765320,126,MADHU PRODUCTS NEPAL,MADHU,MADHU-MADHU-SWEET SUPARI PPH 1.45G,3.0,1.45G,PPH,,,RECODING,5,7,99764100,173.90216,116,SRIJANSHIL MAHILA UDHAMI-NEPAL,SATHI,SATHI,SATHI-XXL PPH 7 NOS,PLPCH,7.000 NO,,,7.0,NO,130.0
12,13/11/2024,202411,3,1220100036,12201030099,1731054475107,99765320,126,MADHU PRODUCTS NEPAL,MADHU,MADHU-MADHU-SWEET SUPARI PPH 1.45G,3.0,1.45G,PPH,,,RECODING,5,8,50126,174.31897,123,SWADESHI SABUN UDHYOG-NEPAL,AAHA,AAHA,AAHA-PPH 220 GM,PLPCH,220.000 GM,,,220.0,GM,0.0
12,13/11/2024,202411,3,1220100036,12201030099,1731054475107,99765320,126,MADHU PRODUCTS NEPAL,MADHU,MADHU-MADHU-SWEET SUPARI PPH 1.45G,3.0,1.45G,PPH,,,RECODING,5,9,54647,174.35449,122,SWADESHI SABUN UDHYOG-NEPAL,AAHA,AAHA,AAHA-PPH 2900 GM+FR BUCKET,PLPCH,2900.000 GM,,,2900.0,GM,0.0
12,13/11/2024,202411,3,1220100036,12201030099,1731054475107,99765320,126,MADHU PRODUCTS NEPAL,MADHU,MADHU-MADHU-SWEET SUPARI PPH 1.45G,3.0,1.45G,PPH,,,RECODING,5,10,54041,175.3374,123,SWADESHI SABUN UDHYOG-NEPAL,AAHA,AAHA,AAHA-PPH 95 GM,PLPCH,95.000 GM,,,95.0,GM,0.0
13,13/11/2024,202411,3,1220100024,12201030116,1731054475107,99765320,126,MADHU PRODUCTS NEPAL,MADHU,MADHU-MADHU-SWEET SUPARI PPH 1.45G,3.0,1.45G,PPH,,1731054475107-madhu products nepal-madhu#3.png,RECODING,5,1,99765320,150.94942,126,MADHU CHEMICAL COMPANY,MADHU,MADHU,1.45G PAAN MASALA,PLAST,1.45G,SWEET,,1.45,GM,3.0
13,13/11/2024,202411,3,1220100024,12201030116,1731054475107,99765320,126,MADHU PRODUCTS NEPAL,MADHU,MADHU-MADHU-SWEET SUPARI PPH 1.45G,3.0,1.45G,PPH,,1731054475107-madhu products nepal-madhu#3.png,RECODING,5,2,99762215,166.62885,126,MADHU CHEMICAL COMPANY,MADHU,MADHU,1.25G PAAN MASALA,PLAST,1.25G,SWEET,,1.25,,0.0
13,13/11/2024,202411,3,1220100024,12201030116,1731054475107,99765320,126,MADHU PRODUCTS NEPAL,MADHU,MADHU-MADHU-SWEET SUPARI PPH 1.45G,3.0,1.45G,PPH,,1731054475107-madhu products nepal-madhu#3.png,RECODING,5,3,99762508,167.65186,122,PRABHU SOAP INDUSTRIES-NEPAL,PRABHU GHADI,PRABHU GHADI,PRABHU GHADI-PPH 500 GM,PLPCH,500.000 GM,,,500.0,GM,55.0
13,13/11/2024,202411,3,1220100024,12201030116,1731054475107,99765320,126,MADHU PRODUCTS NEPAL,MADHU,MADHU-MADHU-SWEET SUPARI PPH 1.45G,3.0,1.45G,PPH,,1731054475107-madhu products nepal-madhu#3.png,RECODING,5,4,47744,172.2608,122,H.B INDUSTRIES-NEPAL,MEGHA,MEGHA,MEGHA-FLOWER FRESH PPH 3000 GMS,PLPCH,3000.000 GM,,,3000.0,GM,0.0
13,13/11/2024,202411,3,1220100024,12201030116,1731054475107,99765320,126,MADHU PRODUCTS NEPAL,MADHU,MADHU-MADHU-SWEET SUPARI PPH 1.45G,3.0,1.45G,PPH,,1731054475107-madhu products nepal-madhu#3.png,RECODING,5,5,99762509,173.01172,122,PRABHU SOAP INDUSTRIES-NEPAL,PRABHU GHADI,PRABHU GHADI,PRABHU GHADI-PPH 1000 GM,PLPCH,1000.000 GM,,,1000.0,GM,100.0
13,13/11/2024,202411,3,1220100024,12201030116,1731054475107,99765320,126,MADHU PRODUCTS NEPAL,MADHU,MADHU-MADHU-SWEET SUPARI PPH 1.45G,3.0,1.45G,PPH,,1731054475107-madhu products nepal-madhu#3.png,RECODING,5,6,99763323,173.75624,123,SWADESHI SABUN UDHYOG-NEPAL,MADAL,MADAL,MADAL-PPH 200 GM,PLPCH,200.000 GM,,,200.0,GM,35.0
13,13/11/2024,202411,3,1220100024,12201030116,1731054475107,99765320,126,MADHU PRODUCTS NEPAL,MADHU,MADHU-MADHU-SWEET SUPARI PPH 1.45G,3.0,1.45G,PPH,,1731054475107-madhu products nepal-madhu#3.png,RECODING,5,7,99762725,174.74065,123,SWADESHI SABUN UDHYOG-NEPAL,AAHA,AAHA,AAHA-DISHWASH LEMON PCN 400 GM,PLJAR,400.000 GM,,,400.0,GM,60.0
13,13/11/2024,202411,3,1220100024,12201030116,1731054475107,99765320,126,MADHU PRODUCTS NEPAL,MADHU,MADHU-MADHU-SWEET SUPARI PPH 1.45G,3.0,1.45G,PPH,,1731054475107-madhu products nepal-madhu#3.png,RECODING,5,8,93026122,175.67845,122,H.B INDUSTRIES-NEPAL,MEGHA,MEGHA,MEGHA-FLOWER FRESH PPH 500 GMS,PLPCH,500.000 GM,,,500.0,GM,0.0
13,13/11/2024,202411,3,1220100024,12201030116,1731054475107,99765320,126,MADHU PRODUCTS NEPAL,MADHU,MADHU-MADHU-SWEET SUPARI PPH 1.45G,3.0,1.45G,PPH,,1731054475107-madhu products nepal-madhu#3.png,RECODING,5,9,50126,175.78781,123,SWADESHI SABUN UDHYOG-NEPAL,AAHA,AAHA,AAHA-PPH 220 GM,PLPCH,220.000 GM,,,220.0,GM,0.0
13,13/11/2024,202411,3,1220100024,12201030116,1731054475107,99765320,126,MADHU PRODUCTS NEPAL,MADHU,MADHU-MADHU-SWEET SUPARI PPH 1.45G,3.0,1.45G,PPH,,1731054475107-madhu products nepal-madhu#3.png,RECODING,5,10,54647,176.47018,122,SWADESHI SABUN UDHYOG-NEPAL,AAHA,AAHA,AAHA-PPH 2900 GM+FR BUCKET,PLPCH,2900.000 GM,,,2900.0,GM,0.0
14,18/11/2024,202411,3,1210100079,12101030022,1731409450152,99765320,126,MADHU CHEMICAL COMPANY,MADHU,MADHU-SWEET SUPERI PPH-1.45 GM,3.0,1.45 GM.,PPH,,,RECODING,5,1,99765320,123.03967,126,MADHU CHEMICAL COMPANY,MADHU,MADHU,1.45G PAAN MASALA,PLAST,1.45G,SWEET,,1.45,GM,3.0
14,18/11/2024,202411,3,1210100079,12101030022,1731409450152,99765320,126,MADHU CHEMICAL COMPANY,MADHU,MADHU-SWEET SUPERI PPH-1.45 GM,3.0,1.45 GM.,PPH,,,RECODING,5,2,99762215,133.3867,126,MADHU CHEMICAL COMPANY,MADHU,MADHU,1.25G PAAN MASALA,PLAST,1.25G,SWEET,,1.25,,0.0
14,18/11/2024,202411,3,1210100079,12101030022,1731409450152,99765320,126,MADHU CHEMICAL COMPANY,MADHU,MADHU-SWEET SUPERI PPH-1.45 GM,3.0,1.45 GM.,PPH,,,RECODING,5,3,47744,155.65128,122,H.B INDUSTRIES-NEPAL,MEGHA,MEGHA,MEGHA-FLOWER FRESH PPH 3000 GMS,PLPCH,3000.000 GM,,,3000.0,GM,0.0
14,18/11/2024,202411,3,1210100079,12101030022,1731409450152,99765320,126,MADHU CHEMICAL COMPANY,MADHU,MADHU-SWEET SUPERI PPH-1.45 GM,3.0,1.45 GM.,PPH,,,RECODING,5,4,93026122,158.08702,122,H.B INDUSTRIES-NEPAL,MEGHA,MEGHA,MEGHA-FLOWER FRESH PPH 500 GMS,PLPCH,500.000 GM,,,500.0,GM,0.0
14,18/11/2024,202411,3,1210100079,12101030022,1731409450152,99765320,126,MADHU CHEMICAL COMPANY,MADHU,MADHU-SWEET SUPERI PPH-1.45 GM,3.0,1.45 GM.,PPH,,,RECODING,5,5,91827176,159.99023,106,MAHENDRA INDUSTRIES-INDIA,MADHUR,MADHUR TRUE LOVE,MADHUR TRUE LOVE- STRAWBERRY PPH 6 GM,PLPCH,6.000 GM,STRAWBERRY,,6.0,GM,0.0
14,18/11/2024,202411,3,1210100079,12101030022,1731409450152,99765320,126,MADHU CHEMICAL COMPANY,MADHU,MADHU-SWEET SUPERI PPH-1.45 GM,3.0,1.45 GM.,PPH,,,RECODING,5,6,54103,162.65042,106,MAHENDRA INDUSTRIES-INDIA,MADHUR,MADHUR TRUE LOVE,MADHUR TRUE LOVE-PEACH PPH 5 GM,PLPCH,5.000 GM,PEACH,,5.0,GM,0.0
14,18/11/2024,202411,3,1210100079,12101030022,1731409450152,99765320,126,MADHU CHEMICAL COMPANY,MADHU,MADHU-SWEET SUPERI PPH-1.45 GM,3.0,1.45 GM.,PPH,,,RECODING,5,7,48360,163.36115,106,MAHENDRA INDUSTRIES-INDIA,MADHUR,MADHUR KING POP,MADHUR KING POP-LOLLIPOP PPH 9 GM,PLPCH,9.000 GM,UNSPECIFIED,,9.0,GM,0.0
14,18/11/2024,202411,3,1210100079,12101030022,1731409450152,99765320,126,MADHU CHEMICAL COMPANY,MADHU,MADHU-SWEET SUPERI PPH-1.45 GM,3.0,1.45 GM.,PPH,,,RECODING,5,8,91826568,165.72359,106,MAHENDRA INDUSTRIES-INDIA,MADHUR,MADHUR TRUE LOVE,MADHUR TRUE LOVE- ORANGE PPH 6 GM,PLPCH,6.000 GM,ORANGE,,6.0,GM,0.0
14,18/11/2024,202411,3,1210100079,12101030022,1731409450152,99765320,126,MADHU CHEMICAL COMPANY,MADHU,MADHU-SWEET SUPERI PPH-1.45 GM,3.0,1.45 GM.,PPH,,,RECODING,5,9,93025975,166.43471,122,H.B INDUSTRIES-NEPAL,MEGHA,MEGHA,MEGHA-PPH 200 GMS,PLPCH,200.000 GM,,,200.0,GM,0.0
14,18/11/2024,202411,3,1210100079,12101030022,1731409450152,99765320,126,MADHU CHEMICAL COMPANY,MADHU,MADHU-SWEET SUPERI PPH-1.45 GM,3.0,1.45 GM.,PPH,,,RECODING,5,10,93026899,166.52365,122,H.B INDUSTRIES-NEPAL,MEGHA,MEGHA,MEGHA-PPH 1000 GMS,PLPCH,1000.000 GM,,,1000.0,GM,0.0
15,18/11/2024,202411,3,1220100003,12201030162,1731054475107,99765320,126,MADHU PRODUCTS NEPAL,MADHU,MADHU-MADHU-SWEET SUPARI PPH 1.45G,3.0,1.45G,PPH,,,RECODING,5,1,99765320,146.72,126,MADHU CHEMICAL COMPANY,MADHU,MADHU,1.45G PAAN MASALA,PLAST,1.45G,SWEET,,1.45,GM,3.0
15,18/11/2024,202411,3,1220100003,12201030162,1731054475107,99765320,126,MADHU PRODUCTS NEPAL,MADHU,MADHU-MADHU-SWEET SUPARI PPH 1.45G,3.0,1.45G,PPH,,,RECODING,5,2,99762215,158.16422,126,MADHU CHEMICAL COMPANY,MADHU,MADHU,1.25G PAAN MASALA,PLAST,1.25G,SWEET,,1.25,,0.0
15,18/11/2024,202411,3,1220100003,12201030162,1731054475107,99765320,126,MADHU PRODUCTS NEPAL,MADHU,MADHU-MADHU-SWEET SUPARI PPH 1.45G,3.0,1.45G,PPH,,,RECODING,5,3,99763323,169.44804,123,SWADESHI SABUN UDHYOG-NEPAL,MADAL,MADAL,MADAL-PPH 200 GM,PLPCH,200.000 GM,,,200.0,GM,35.0
15,18/11/2024,202411,3,1220100003,12201030162,1731054475107,99765320,126,MADHU PRODUCTS NEPAL,MADHU,MADHU-MADHU-SWEET SUPARI PPH 1.45G,3.0,1.45G,PPH,,,RECODING,5,4,47744,172.39626,122,H.B INDUSTRIES-NEPAL,MEGHA,MEGHA,MEGHA-FLOWER FRESH PPH 3000 GMS,PLPCH,3000.000 GM,,,3000.0,GM,0.0
15,18/11/2024,202411,3,1220100003,12201030162,1731054475107,99765320,126,MADHU PRODUCTS NEPAL,MADHU,MADHU-MADHU-SWEET SUPARI PPH 1.45G,3.0,1.45G,PPH,,,RECODING,5,5,99762508,173.12735,122,PRABHU SOAP INDUSTRIES-NEPAL,PRABHU GHADI,PRABHU GHADI,PRABHU GHADI-PPH 500 GM,PLPCH,500.000 GM,,,500.0,GM,55.0
15,18/11/2024,202411,3,1220100003,12201030162,1731054475107,99765320,126,MADHU PRODUCTS NEPAL,MADHU,MADHU-MADHU-SWEET SUPARI PPH 1.45G,3.0,1.45G,PPH,,,RECODING,5,6,50126,175.50975,123,SWADESHI SABUN UDHYOG-NEPAL,AAHA,AAHA,AAHA-PPH 220 GM,PLPCH,220.000 GM,,,220.0,GM,0.0
15,18/11/2024,202411,3,1220100003,12201030162,1731054475107,99765320,126,MADHU PRODUCTS NEPAL,MADHU,MADHU-MADHU-SWEET SUPARI PPH 1.45G,3.0,1.45G,PPH,,,RECODING,5,7,93026122,175.99573,122,H.B INDUSTRIES-NEPAL,MEGHA,MEGHA,MEGHA-FLOWER FRESH PPH 500 GMS,PLPCH,500.000 GM,,,500.0,GM,0.0
15,18/11/2024,202411,3,1220100003,12201030162,1731054475107,99765320,126,MADHU PRODUCTS NEPAL,MADHU,MADHU-MADHU-SWEET SUPARI PPH 1.45G,3.0,1.45G,PPH,,,RECODING,5,8,54041,176.66002,123,SWADESHI SABUN UDHYOG-NEPAL,AAHA,AAHA,AAHA-PPH 95 GM,PLPCH,95.000 GM,,,95.0,GM,0.0
15,18/11/2024,202411,3,1220100003,12201030162,1731054475107,99765320,126,MADHU PRODUCTS NEPAL,MADHU,MADHU-MADHU-SWEET SUPARI PPH 1.45G,3.0,1.45G,PPH,,,RECODING,5,9,54647,176.96509,122,SWADESHI SABUN UDHYOG-NEPAL,AAHA,AAHA,AAHA-PPH 2900 GM+FR BUCKET,PLPCH,2900.000 GM,,,2900.0,GM,0.0
15,18/11/2024,202411,3,1220100003,12201030162,1731054475107,99765320,126,MADHU PRODUCTS NEPAL,MADHU,MADHU-MADHU-SWEET SUPARI PPH 1.45G,3.0,1.45G,PPH,,,RECODING,5,10,54511,177.006,123,SWADESHI SABUN UDHYOG-NEPAL,AAHA,AAHA,AAHA-PPH 6*180 GM [1080GM],PLPCH,180.000 GM,,,1080.0,GM,0.0
16,18/11/2024,202411,3,1220100003,12201030162,1731055629590,99765326,124,DEUTI GUTKHA INDUSTRIES,MEGHA SHREE PREMIUM,MEGHA SHREE PREMIUM GUTKHA 2.20G,5.0,2.20G,PPH,,,RECODING,5,1,99765326,105.34444,124,DEUTI GUTKHA INDUSTRIES,MEGHA SHREE,MEGHA SHREE PREMIUM,2.20G GUTKA,PLAST,2.20G,REGULAR,,2.2,GM,5.0
16,18/11/2024,202411,3,1220100003,12201030162,1731055629590,99765326,124,DEUTI GUTKHA INDUSTRIES,MEGHA SHREE PREMIUM,MEGHA SHREE PREMIUM GUTKHA 2.20G,5.0,2.20G,PPH,,,RECODING,5,2,99762223,114.268845,124,DEUTI GUTKHA INDUSTRIES,MEGHA SHREE,MEGHA SHREE PREMIUM,2.3G GUTKA,PLAST,2.3G,REGULAR,,2.3,,0.0
16,18/11/2024,202411,3,1220100003,12201030162,1731055629590,99765326,124,DEUTI GUTKHA INDUSTRIES,MEGHA SHREE PREMIUM,MEGHA SHREE PREMIUM GUTKHA 2.20G,5.0,2.20G,PPH,,,RECODING,5,3,99764162,117.16992,124,DEUTI GUTKHA INDUSTRIES,MEGHA SHREE,MEGHA SHREE PREMIUM,2.14G GUTKA,PLAST,2.14G,REGULAR,,2.14,GM,5.0
16,18/11/2024,202411,3,1220100003,12201030162,1731055629590,99765326,124,DEUTI GUTKHA INDUSTRIES,MEGHA SHREE PREMIUM,MEGHA SHREE PREMIUM GUTKHA 2.20G,5.0,2.20G,PPH,,,RECODING,5,4,93025975,165.76373,122,H.B INDUSTRIES-NEPAL,MEGHA,MEGHA,MEGHA-PPH 200 GMS,PLPCH,200.000 GM,,,200.0,GM,0.0
16,18/11/2024,202411,3,1220100003,12201030162,1731055629590,99765326,124,DEUTI GUTKHA INDUSTRIES,MEGHA SHREE PREMIUM,MEGHA SHREE PREMIUM GUTKHA 2.20G,5.0,2.20G,PPH,,,RECODING,5,5,99762301,166.3739,125,DEUTI GUTKHA INDUSTRIES,RADHA EXTRA POWER,RADHA EXTRA POWER,8G KHAINI,PLAST,8G,REGULAR,,8.0,,0.0
16,18/11/2024,202411,3,1220100003,12201030162,1731055629590,99765326,124,DEUTI GUTKHA INDUSTRIES,MEGHA SHREE PREMIUM,MEGHA SHREE PREMIUM GUTKHA 2.20G,5.0,2.20G,PPH,,,RECODING,5,6,47744,168.76724,122,H.B INDUSTRIES-NEPAL,MEGHA,MEGHA,MEGHA-FLOWER FRESH PPH 3000 GMS,PLPCH,3000.000 GM,,,3000.0,GM,0.0
16,18/11/2024,202411,3,1220100003,12201030162,1731055629590,99765326,124,DEUTI GUTKHA INDUSTRIES,MEGHA SHREE PREMIUM,MEGHA SHREE PREMIUM GUTKHA 2.20G,5.0,2.20G,PPH,,,RECODING,5,7,93026122,172.05136,122,H.B INDUSTRIES-NEPAL,MEGHA,MEGHA,MEGHA-FLOWER FRESH PPH 500 GMS,PLPCH,500.000 GM,,,500.0,GM,0.0
16,18/11/2024,202411,3,1220100003,12201030162,1731055629590,99765326,124,DEUTI GUTKHA INDUSTRIES,MEGHA SHREE PREMIUM,MEGHA SHREE PREMIUM GUTKHA 2.20G,5.0,2.20G,PPH,,,RECODING,5,8,93026899,175.97574,122,H.B INDUSTRIES-NEPAL,MEGHA,MEGHA,MEGHA-PPH 1000 GMS,PLPCH,1000.000 GM,,,1000.0,GM,0.0
16,18/11/2024,202411,3,1220100003,12201030162,1731055629590,99765326,124,DEUTI GUTKHA INDUSTRIES,MEGHA SHREE PREMIUM,MEGHA SHREE PREMIUM GUTKHA 2.20G,5.0,2.20G,PPH,,,RECODING,5,9,99762303,186.61484,124,SAHAYOG SURTI UDHYOG,RECHARGE,RECHARGE,2.5G GUTKA,PLAST,2.5G,REGULAR,,2.5,,0.0
16,18/11/2024,202411,3,1220100003,12201030162,1731055629590,99765326,124,DEUTI GUTKHA INDUSTRIES,MEGHA SHREE PREMIUM,MEGHA SHREE PREMIUM GUTKHA 2.20G,5.0,2.20G,PPH,,,RECODING,5,10,99762273,187.5946,124,SHREE MEENAKSHI PRODUCTS NEPAL,GOA,GOA PREMIUM 1000,2G GUTKA,PLAST,2G,REGULAR,,2.0,,0.0
17,18/11/2024,202411,3,1220100030,12201030091,1731054475107,99765320,126,MADHU PRODUCTS NEPAL,MADHU,MADHU-MADHU-SWEET SUPARI PPH 1.45G,3.0,1.45G,PPH,,,RECODING,5,1,99765320,146.48471,126,MADHU CHEMICAL COMPANY,MADHU,MADHU,1.45G PAAN MASALA,PLAST,1.45G,SWEET,,1.45,GM,3.0
17,18/11/2024,202411,3,1220100030,12201030091,1731054475107,99765320,126,MADHU PRODUCTS NEPAL,MADHU,MADHU-MADHU-SWEET SUPARI PPH 1.45G,3.0,1.45G,PPH,,,RECODING,5,2,99762215,157.42557,126,MADHU CHEMICAL COMPANY,MADHU,MADHU,1.25G PAAN MASALA,PLAST,1.25G,SWEET,,1.25,,0.0
17,18/11/2024,202411,3,1220100030,12201030091,1731054475107,99765320,126,MADHU PRODUCTS NEPAL,MADHU,MADHU-MADHU-SWEET SUPARI PPH 1.45G,3.0,1.45G,PPH,,,RECODING,5,3,99763323,168.32162,123,SWADESHI SABUN UDHYOG-NEPAL,MADAL,MADAL,MADAL-PPH 200 GM,PLPCH,200.000 GM,,,200.0,GM,35.0
17,18/11/2024,202411,3,1220100030,12201030091,1731054475107,99765320,126,MADHU PRODUCTS NEPAL,MADHU,MADHU-MADHU-SWEET SUPARI PPH 1.45G,3.0,1.45G,PPH,,,RECODING,5,4,47744,170.81104,122,H.B INDUSTRIES-NEPAL,MEGHA,MEGHA,MEGHA-FLOWER FRESH PPH 3000 GMS,PLPCH,3000.000 GM,,,3000.0,GM,0.0
17,18/11/2024,202411,3,1220100030,12201030091,1731054475107,99765320,126,MADHU PRODUCTS NEPAL,MADHU,MADHU-MADHU-SWEET SUPARI PPH 1.45G,3.0,1.45G,PPH,,,RECODING,5,5,99762508,172.99004,122,PRABHU SOAP INDUSTRIES-NEPAL,PRABHU GHADI,PRABHU GHADI,PRABHU GHADI-PPH 500 GM,PLPCH,500.000 GM,,,500.0,GM,55.0
17,18/11/2024,202411,3,1220100030,12201030091,1731054475107,99765320,126,MADHU PRODUCTS NEPAL,MADHU,MADHU-MADHU-SWEET SUPARI PPH 1.45G,3.0,1.45G,PPH,,,RECODING,5,6,50126,174.23364,123,SWADESHI SABUN UDHYOG-NEPAL,AAHA,AAHA,AAHA-PPH 220 GM,PLPCH,220.000 GM,,,220.0,GM,0.0
17,18/11/2024,202411,3,1220100030,12201030091,1731054475107,99765320,126,MADHU PRODUCTS NEPAL,MADHU,MADHU-MADHU-SWEET SUPARI PPH 1.45G,3.0,1.45G,PPH,,,RECODING,5,7,93026122,175.2005,122,H.B INDUSTRIES-NEPAL,MEGHA,MEGHA,MEGHA-FLOWER FRESH PPH 500 GMS,PLPCH,500.000 GM,,,500.0,GM,0.0
17,18/11/2024,202411,3,1220100030,12201030091,1731054475107,99765320,126,MADHU PRODUCTS NEPAL,MADHU,MADHU-MADHU-SWEET SUPARI PPH 1.45G,3.0,1.45G,PPH,,,RECODING,5,8,54647,175.30266,122,SWADESHI SABUN UDHYOG-NEPAL,AAHA,AAHA,AAHA-PPH 2900 GM+FR BUCKET,PLPCH,2900.000 GM,,,2900.0,GM,0.0
17,18/11/2024,202411,3,1220100030,12201030091,1731054475107,99765320,126,MADHU PRODUCTS NEPAL,MADHU,MADHU-MADHU-SWEET SUPARI PPH 1.45G,3.0,1.45G,PPH,,,RECODING,5,9,99764100,175.41824,116,SRIJANSHIL MAHILA UDHAMI-NEPAL,SATHI,SATHI,SATHI-XXL PPH 7 NOS,PLPCH,7.000 NO,,,7.0,NO,130.0
17,18/11/2024,202411,3,1220100030,12201030091,1731054475107,99765320,126,MADHU PRODUCTS NEPAL,MADHU,MADHU-MADHU-SWEET SUPARI PPH 1.45G,3.0,1.45G,PPH,,,RECODING,5,10,54041,175.42505,123,SWADESHI SABUN UDHYOG-NEPAL,AAHA,AAHA,AAHA-PPH 95 GM,PLPCH,95.000 GM,,,95.0,GM,0.0
18,18/11/2024,202411,2,128189766,31101020097,1731823571588,99765324,118,SINGAPORE BEVERAGE-NEPAL,LEMONZAAAAA NIMBU PANI,LEMONZAAAAA NIMBU PANI-LEMON PET 1500ML,190.0,1500 ML,PET,,1731823571588-singapore beverage-nepal-lemonzaaaaa nimbu pani#3.png,RECODING,5,1,99765324,62.28992,118,SINGAPORE BEVERAGE-NEPAL,LEMONZAAAAA NIMBU PANI,LEMONZAAAAA NIMBU PANI,LEMON PET 1500 ML,PET,1500.000 ML,LEMON,,1500.0,ML,190.0
18,18/11/2024,202411,2,128189766,31101020097,1731823571588,99765324,118,SINGAPORE BEVERAGE-NEPAL,LEMONZAAAAA NIMBU PANI,LEMONZAAAAA NIMBU PANI-LEMON PET 1500ML,190.0,1500 ML,PET,,1731823571588-singapore beverage-nepal-lemonzaaaaa nimbu pani#3.png,RECODING,5,2,99765108,64.69429,118,SINGAPORE BEVERAGE-NEPAL,LEMONZAAAAA NIMBU PANI,LEMONZAAAAA NIMBU PANI,LEMON PET 2250 ML,PET,2250.000 ML,LEMON,,2250.0,ML,260.0
18,18/11/2024,202411,2,128189766,31101020097,1731823571588,99765324,118,SINGAPORE BEVERAGE-NEPAL,LEMONZAAAAA NIMBU PANI,LEMONZAAAAA NIMBU PANI-LEMON PET 1500ML,190.0,1500 ML,PET,,1731823571588-singapore beverage-nepal-lemonzaaaaa nimbu pani#3.png,RECODING,5,3,99764935,69.305954,118,SINGAPORE BEVERAGE-NEPAL,LEMONZAAAAA NIMBU PANI,LEMONZAAAAA NIMBU PANI,LEMON PET 250 ML,PET,250.000 ML,LEMON,,250.0,ML,50.0
18,18/11/2024,202411,2,128189766,31101020097,1731823571588,99765324,118,SINGAPORE BEVERAGE-NEPAL,LEMONZAAAAA NIMBU PANI,LEMONZAAAAA NIMBU PANI-LEMON PET 1500ML,190.0,1500 ML,PET,,1731823571588-singapore beverage-nepal-lemonzaaaaa nimbu pani#3.png,RECODING,5,4,99765416,69.309746,118,SINGAPORE BEVERAGE-NEPAL,LEMONZAAAAA NIMBU PANI,LEMONZAAAAA NIMBU PANI,LEMON PET 1000 ML,PET,1000.000 ML,LEMON,,1000.0,ML,130.0
18,18/11/2024,202411,2,128189766,31101020097,1731823571588,99765324,118,SINGAPORE BEVERAGE-NEPAL,LEMONZAAAAA NIMBU PANI,LEMONZAAAAA NIMBU PANI-LEMON PET 1500ML,190.0,1500 ML,PET,,1731823571588-singapore beverage-nepal-lemonzaaaaa nimbu pani#3.png,RECODING,5,5,99765081,73.21843,118,SINGAPORE BEVERAGE-NEPAL,LEMONZAAAAA NIMBU PANI,LEMONZAAAAA NIMBU PANI,LEMON PET 600 ML,PET,600.000 ML,LEMON,,600.0,ML,80.0
18,18/11/2024,202411,2,128189766,31101020097,1731823571588,99765324,118,SINGAPORE BEVERAGE-NEPAL,LEMONZAAAAA NIMBU PANI,LEMONZAAAAA NIMBU PANI-LEMON PET 1500ML,190.0,1500 ML,PET,,1731823571588-singapore beverage-nepal-lemonzaaaaa nimbu pani#3.png,RECODING,5,6,99763086,84.20161,118,SINGAPORE BEVERAGE-NEPAL,NIMBU PANI,NIMBU PANI,LEMON PET 250 ML,PET,250.000 ML,LEMON,,250.0,ML,40.0
18,18/11/2024,202411,2,128189766,31101020097,1731823571588,99765324,118,SINGAPORE BEVERAGE-NEPAL,LEMONZAAAAA NIMBU PANI,LEMONZAAAAA NIMBU PANI-LEMON PET 1500ML,190.0,1500 ML,PET,,1731823571588-singapore beverage-nepal-lemonzaaaaa nimbu pani#3.png,RECODING,5,7,99765410,122.77246,118,NEPAL M.D FOOD & BEVERAGE-NEPAL,LEMON,LEMON NIMBU PANI,PET 250 ML,PET,250.000 ML,LEMON,,250.0,ML,50.0
18,18/11/2024,202411,2,128189766,31101020097,1731823571588,99765324,118,SINGAPORE BEVERAGE-NEPAL,LEMONZAAAAA NIMBU PANI,LEMONZAAAAA NIMBU PANI-LEMON PET 1500ML,190.0,1500 ML,PET,,1731823571588-singapore beverage-nepal-lemonzaaaaa nimbu pani#3.png,RECODING,5,8,50902,124.71687,118,SINGAPORE BEVERAGE-NEPAL,RIGHT,RIGHT,PET 1500 ML,PET,1500.000 ML,LEMON,,1500.0,ML,0.0
18,18/11/2024,202411,2,128189766,31101020097,1731823571588,99765324,118,SINGAPORE BEVERAGE-NEPAL,LEMONZAAAAA NIMBU PANI,LEMONZAAAAA NIMBU PANI-LEMON PET 1500ML,190.0,1500 ML,PET,,1731823571588-singapore beverage-nepal-lemonzaaaaa nimbu pani#3.png,RECODING,5,9,49810,131.63669,118,SINGAPORE BEVERAGE-NEPAL,RIGHT,RIGHT,PET 2250 ML,PET,2250.000 ML,LEMON,,2250.0,ML,0.0
18,18/11/2024,202411,2,128189766,31101020097,1731823571588,99765324,118,SINGAPORE BEVERAGE-NEPAL,LEMONZAAAAA NIMBU PANI,LEMONZAAAAA NIMBU PANI-LEMON PET 1500ML,190.0,1500 ML,PET,,1731823571588-singapore beverage-nepal-lemonzaaaaa nimbu pani#3.png,RECODING,5,10,53624,133.80077,118,SINGAPORE BEVERAGE-NEPAL,RIGHT,RIGHT,PET 1000 ML,PET,1000.000 ML,LEMON,,1000.0,ML,0.0
19,18/11/2024,202411,3,1210101123,12101030094,1731409450152,99765320,126,MADHU CHEMICAL COMPANY,MADHU,MADHU-SWEET SUPERI PPH-1.45 GM,3.0,1.45 GM.,PPH,,,RECODING,5,1,99765320,125.155045,126,MADHU CHEMICAL COMPANY,MADHU,MADHU,1.45G PAAN MASALA,PLAST,1.45G,SWEET,,1.45,GM,3.0
19,18/11/2024,202411,3,1210101123,12101030094,1731409450152,99765320,126,MADHU CHEMICAL COMPANY,MADHU,MADHU-SWEET SUPERI PPH-1.45 GM,3.0,1.45 GM.,PPH,,,RECODING,5,2,99762215,135.64899,126,MADHU CHEMICAL COMPANY,MADHU,MADHU,1.25G PAAN MASALA,PLAST,1.25G,SWEET,,1.25,,0.0
19,18/11/2024,202411,3,1210101123,12101030094,1731409450152,99765320,126,MADHU CHEMICAL COMPANY,MADHU,MADHU-SWEET SUPERI PPH-1.45 GM,3.0,1.45 GM.,PPH,,,RECODING,5,3,47744,156.49855,122,H.B INDUSTRIES-NEPAL,MEGHA,MEGHA,MEGHA-FLOWER FRESH PPH 3000 GMS,PLPCH,3000.000 GM,,,3000.0,GM,0.0
19,18/11/2024,202411,3,1210101123,12101030094,1731409450152,99765320,126,MADHU CHEMICAL COMPANY,MADHU,MADHU-SWEET SUPERI PPH-1.45 GM,3.0,1.45 GM.,PPH,,,RECODING,5,4,93026122,158.41605,122,H.B INDUSTRIES-NEPAL,MEGHA,MEGHA,MEGHA-FLOWER FRESH PPH 500 GMS,PLPCH,500.000 GM,,,500.0,GM,0.0
19,18/11/2024,202411,3,1210101123,12101030094,1731409450152,99765320,126,MADHU CHEMICAL COMPANY,MADHU,MADHU-SWEET SUPERI PPH-1.45 GM,3.0,1.45 GM.,PPH,,,RECODING,5,5,91827176,160.5814,106,MAHENDRA INDUSTRIES-INDIA,MADHUR,MADHUR TRUE LOVE,MADHUR TRUE LOVE- STRAWBERRY PPH 6 GM,PLPCH,6.000 GM,STRAWBERRY,,6.0,GM,0.0
19,18/11/2024,202411,3,1210101123,12101030094,1731409450152,99765320,126,MADHU CHEMICAL COMPANY,MADHU,MADHU-SWEET SUPERI PPH-1.45 GM,3.0,1.45 GM.,PPH,,,RECODING,5,6,54103,162.97809,106,MAHENDRA INDUSTRIES-INDIA,MADHUR,MADHUR TRUE LOVE,MADHUR TRUE LOVE-PEACH PPH 5 GM,PLPCH,5.000 GM,PEACH,,5.0,GM,0.0
19,18/11/2024,202411,3,1210101123,12101030094,1731409450152,99765320,126,MADHU CHEMICAL COMPANY,MADHU,MADHU-SWEET SUPERI PPH-1.45 GM,3.0,1.45 GM.,PPH,,,RECODING,5,7,48360,163.14093,106,MAHENDRA INDUSTRIES-INDIA,MADHUR,MADHUR KING POP,MADHUR KING POP-LOLLIPOP PPH 9 GM,PLPCH,9.000 GM,UNSPECIFIED,,9.0,GM,0.0
19,18/11/2024,202411,3,1210101123,12101030094,1731409450152,99765320,126,MADHU CHEMICAL COMPANY,MADHU,MADHU-SWEET SUPERI PPH-1.45 GM,3.0,1.45 GM.,PPH,,,RECODING,5,8,93026899,166.0583,122,H.B INDUSTRIES-NEPAL,MEGHA,MEGHA,MEGHA-PPH 1000 GMS,PLPCH,1000.000 GM,,,1000.0,GM,0.0
19,18/11/2024,202411,3,1210101123,12101030094,1731409450152,99765320,126,MADHU CHEMICAL COMPANY,MADHU,MADHU-SWEET SUPERI PPH-1.45 GM,3.0,1.45 GM.,PPH,,,RECODING,5,9,91826568,166.2298,106,MAHENDRA INDUSTRIES-INDIA,MADHUR,MADHUR TRUE LOVE,MADHUR TRUE LOVE- ORANGE PPH 6 GM,PLPCH,6.000 GM,ORANGE,,6.0,GM,0.0
19,18/11/2024,202411,3,1210101123,12101030094,1731409450152,99765320,126,MADHU CHEMICAL COMPANY,MADHU,MADHU-SWEET SUPERI PPH-1.45 GM,3.0,1.45 GM.,PPH,,,RECODING,5,10,93025975,166.35684,122,H.B INDUSTRIES-NEPAL,MEGHA,MEGHA,MEGHA-PPH 200 GMS,PLPCH,200.000 GM,,,200.0,GM,0.0
20,18/11/2024,202411,3,1210100608,12101030162,1731409450152,99765320,126,MADHU CHEMICAL COMPANY,MADHU,MADHU-SWEET SUPERI PPH-1.45 GM,3.0,1.45 GM.,PPH,,,RECODING,5,1,99765320,124.07797,126,MADHU CHEMICAL COMPANY,MADHU,MADHU,1.45G PAAN MASALA,PLAST,1.45G,SWEET,,1.45,GM,3.0
20,18/11/2024,202411,3,1210100608,12101030162,1731409450152,99765320,126,MADHU CHEMICAL COMPANY,MADHU,MADHU-SWEET SUPERI PPH-1.45 GM,3.0,1.45 GM.,PPH,,,RECODING,5,2,99762215,134.69913,126,MADHU CHEMICAL COMPANY,MADHU,MADHU,1.25G PAAN MASALA,PLAST,1.25G,SWEET,,1.25,,0.0
20,18/11/2024,202411,3,1210100608,12101030162,1731409450152,99765320,126,MADHU CHEMICAL COMPANY,MADHU,MADHU-SWEET SUPERI PPH-1.45 GM,3.0,1.45 GM.,PPH,,,RECODING,5,3,47744,155.82518,122,H.B INDUSTRIES-NEPAL,MEGHA,MEGHA,MEGHA-FLOWER FRESH PPH 3000 GMS,PLPCH,3000.000 GM,,,3000.0,GM,0.0
20,18/11/2024,202411,3,1210100608,12101030162,1731409450152,99765320,126,MADHU CHEMICAL COMPANY,MADHU,MADHU-SWEET SUPERI PPH-1.45 GM,3.0,1.45 GM.,PPH,,,RECODING,5,4,93026122,158.04042,122,H.B INDUSTRIES-NEPAL,MEGHA,MEGHA,MEGHA-FLOWER FRESH PPH 500 GMS,PLPCH,500.000 GM,,,500.0,GM,0.0
20,18/11/2024,202411,3,1210100608,12101030162,1731409450152,99765320,126,MADHU CHEMICAL COMPANY,MADHU,MADHU-SWEET SUPERI PPH-1.45 GM,3.0,1.45 GM.,PPH,,,RECODING,5,5,91827176,161.39468,106,MAHENDRA INDUSTRIES-INDIA,MADHUR,MADHUR TRUE LOVE,MADHUR TRUE LOVE- STRAWBERRY PPH 6 GM,PLPCH,6.000 GM,STRAWBERRY,,6.0,GM,0.0
20,18/11/2024,202411,3,1210100608,12101030162,1731409450152,99765320,126,MADHU CHEMICAL COMPANY,MADHU,MADHU-SWEET SUPERI PPH-1.45 GM,3.0,1.45 GM.,PPH,,,RECODING,5,6,48360,163.4007,106,MAHENDRA INDUSTRIES-INDIA,MADHUR,MADHUR KING POP,MADHUR KING POP-LOLLIPOP PPH 9 GM,PLPCH,9.000 GM,UNSPECIFIED,,9.0,GM,0.0
20,18/11/2024,202411,3,1210100608,12101030162,1731409450152,99765320,126,MADHU CHEMICAL COMPANY,MADHU,MADHU-SWEET SUPERI PPH-1.45 GM,3.0,1.45 GM.,PPH,,,RECODING,5,7,54103,163.40247,106,MAHENDRA INDUSTRIES-INDIA,MADHUR,MADHUR TRUE LOVE,MADHUR TRUE LOVE-PEACH PPH 5 GM,PLPCH,5.000 GM,PEACH,,5.0,GM,0.0
20,18/11/2024,202411,3,1210100608,12101030162,1731409450152,99765320,126,MADHU CHEMICAL COMPANY,MADHU,MADHU-SWEET SUPERI PPH-1.45 GM,3.0,1.45 GM.,PPH,,,RECODING,5,8,93026899,165.08353,122,H.B INDUSTRIES-NEPAL,MEGHA,MEGHA,MEGHA-PPH 1000 GMS,PLPCH,1000.000 GM,,,1000.0,GM,0.0
20,18/11/2024,202411,3,1210100608,12101030162,1731409450152,99765320,126,MADHU CHEMICAL COMPANY,MADHU,MADHU-SWEET SUPERI PPH-1.45 GM,3.0,1.45 GM.,PPH,,,RECODING,5,9,93025975,165.37936,122,H.B INDUSTRIES-NEPAL,MEGHA,MEGHA,MEGHA-PPH 200 GMS,PLPCH,200.000 GM,,,200.0,GM,0.0
20,18/11/2024,202411,3,1210100608,12101030162,1731409450152,99765320,126,MADHU CHEMICAL COMPANY,MADHU,MADHU-SWEET SUPERI PPH-1.45 GM,3.0,1.45 GM.,PPH,,,RECODING,5,10,54891,165.94937,122,SHREE NATH INTERNATIONAL-IND,MOZ,MOZ,MOZ-PPH 500 GM,PLPCH,500.000 GM,,,500.0,GM,0.0
21,18/11/2024,202411,3,1210101757,12101030223,1731409450152,99765320,126,MADHU CHEMICAL COMPANY,MADHU,MADHU-SWEET SUPERI PPH-1.45 GM,3.0,1.45 GM.,PPH,,,RECODING,5,1,99765320,125.90718,126,MADHU CHEMICAL COMPANY,MADHU,MADHU,1.45G PAAN MASALA,PLAST,1.45G,SWEET,,1.45,GM,3.0
21,18/11/2024,202411,3,1210101757,12101030223,1731409450152,99765320,126,MADHU CHEMICAL COMPANY,MADHU,MADHU-SWEET SUPERI PPH-1.45 GM,3.0,1.45 GM.,PPH,,,RECODING,5,2,99762215,136.163,126,MADHU CHEMICAL COMPANY,MADHU,MADHU,1.25G PAAN MASALA,PLAST,1.25G,SWEET,,1.25,,0.0
21,18/11/2024,202411,3,1210101757,12101030223,1731409450152,99765320,126,MADHU CHEMICAL COMPANY,MADHU,MADHU-SWEET SUPERI PPH-1.45 GM,3.0,1.45 GM.,PPH,,,RECODING,5,3,47744,156.4426,122,H.B INDUSTRIES-NEPAL,MEGHA,MEGHA,MEGHA-FLOWER FRESH PPH 3000 GMS,PLPCH,3000.000 GM,,,3000.0,GM,0.0
21,18/11/2024,202411,3,1210101757,12101030223,1731409450152,99765320,126,MADHU CHEMICAL COMPANY,MADHU,MADHU-SWEET SUPERI PPH-1.45 GM,3.0,1.45 GM.,PPH,,,RECODING,5,4,93026122,158.51323,122,H.B INDUSTRIES-NEPAL,MEGHA,MEGHA,MEGHA-FLOWER FRESH PPH 500 GMS,PLPCH,500.000 GM,,,500.0,GM,0.0
21,18/11/2024,202411,3,1210101757,12101030223,1731409450152,99765320,126,MADHU CHEMICAL COMPANY,MADHU,MADHU-SWEET SUPERI PPH-1.45 GM,3.0,1.45 GM.,PPH,,,RECODING,5,5,91827176,160.96805,106,MAHENDRA INDUSTRIES-INDIA,MADHUR,MADHUR TRUE LOVE,MADHUR TRUE LOVE- STRAWBERRY PPH 6 GM,PLPCH,6.000 GM,STRAWBERRY,,6.0,GM,0.0
21,18/11/2024,202411,3,1210101757,12101030223,1731409450152,99765320,126,MADHU CHEMICAL COMPANY,MADHU,MADHU-SWEET SUPERI PPH-1.45 GM,3.0,1.45 GM.,PPH,,,RECODING,5,6,48360,163.1695,106,MAHENDRA INDUSTRIES-INDIA,MADHUR,MADHUR KING POP,MADHUR KING POP-LOLLIPOP PPH 9 GM,PLPCH,9.000 GM,UNSPECIFIED,,9.0,GM,0.0
21,18/11/2024,202411,3,1210101757,12101030223,1731409450152,99765320,126,MADHU CHEMICAL COMPANY,MADHU,MADHU-SWEET SUPERI PPH-1.45 GM,3.0,1.45 GM.,PPH,,,RECODING,5,7,54103,163.3149,106,MAHENDRA INDUSTRIES-INDIA,MADHUR,MADHUR TRUE LOVE,MADHUR TRUE LOVE-PEACH PPH 5 GM,PLPCH,5.000 GM,PEACH,,5.0,GM,0.0
21,18/11/2024,202411,3,1210101757,12101030223,1731409450152,99765320,126,MADHU CHEMICAL COMPANY,MADHU,MADHU-SWEET SUPERI PPH-1.45 GM,3.0,1.45 GM.,PPH,,,RECODING,5,8,93026899,165.2708,122,H.B INDUSTRIES-NEPAL,MEGHA,MEGHA,MEGHA-PPH 1000 GMS,PLPCH,1000.000 GM,,,1000.0,GM,0.0
21,18/11/2024,202411,3,1210101757,12101030223,1731409450152,99765320,126,MADHU CHEMICAL COMPANY,MADHU,MADHU-SWEET SUPERI PPH-1.45 GM,3.0,1.45 GM.,PPH,,,RECODING,5,9,93025975,165.47083,122,H.B INDUSTRIES-NEPAL,MEGHA,MEGHA,MEGHA-PPH 200 GMS,PLPCH,200.000 GM,,,200.0,GM,0.0
21,18/11/2024,202411,3,1210101757,12101030223,1731409450152,99765320,126,MADHU CHEMICAL COMPANY,MADHU,MADHU-SWEET SUPERI PPH-1.45 GM,3.0,1.45 GM.,PPH,,,RECODING,5,10,54891,165.9102,122,SHREE NATH INTERNATIONAL-IND,MOZ,MOZ,MOZ-PPH 500 GM,PLPCH,500.000 GM,,,500.0,GM,0.0
22,18/11/2024,202411,3,1210101520,12101030156,1731409450152,99765320,126,MADHU CHEMICAL COMPANY,MADHU,MADHU-SWEET SUPERI PPH-1.45 GM,3.0,1.45 GM.,PPH,,,RECODING,5,1,99765320,124.19025,126,MADHU CHEMICAL COMPANY,MADHU,MADHU,1.45G PAAN MASALA,PLAST,1.45G,SWEET,,1.45,GM,3.0
22,18/11/2024,202411,3,1210101520,12101030156,1731409450152,99765320,126,MADHU CHEMICAL COMPANY,MADHU,MADHU-SWEET SUPERI PPH-1.45 GM,3.0,1.45 GM.,PPH,,,RECODING,5,2,99762215,134.54881,126,MADHU CHEMICAL COMPANY,MADHU,MADHU,1.25G PAAN MASALA,PLAST,1.25G,SWEET,,1.25,,0.0
22,18/11/2024,202411,3,1210101520,12101030156,1731409450152,99765320,126,MADHU CHEMICAL COMPANY,MADHU,MADHU-SWEET SUPERI PPH-1.45 GM,3.0,1.45 GM.,PPH,,,RECODING,5,3,47744,155.59842,122,H.B INDUSTRIES-NEPAL,MEGHA,MEGHA,MEGHA-FLOWER FRESH PPH 3000 GMS,PLPCH,3000.000 GM,,,3000.0,GM,0.0
22,18/11/2024,202411,3,1210101520,12101030156,1731409450152,99765320,126,MADHU CHEMICAL COMPANY,MADHU,MADHU-SWEET SUPERI PPH-1.45 GM,3.0,1.45 GM.,PPH,,,RECODING,5,4,93026122,157.82944,122,H.B INDUSTRIES-NEPAL,MEGHA,MEGHA,MEGHA-FLOWER FRESH PPH 500 GMS,PLPCH,500.000 GM,,,500.0,GM,0.0
22,18/11/2024,202411,3,1210101520,12101030156,1731409450152,99765320,126,MADHU CHEMICAL COMPANY,MADHU,MADHU-SWEET SUPERI PPH-1.45 GM,3.0,1.45 GM.,PPH,,,RECODING,5,5,91827176,160.34189,106,MAHENDRA INDUSTRIES-INDIA,MADHUR,MADHUR TRUE LOVE,MADHUR TRUE LOVE- STRAWBERRY PPH 6 GM,PLPCH,6.000 GM,STRAWBERRY,,6.0,GM,0.0
22,18/11/2024,202411,3,1210101520,12101030156,1731409450152,99765320,126,MADHU CHEMICAL COMPANY,MADHU,MADHU-SWEET SUPERI PPH-1.45 GM,3.0,1.45 GM.,PPH,,,RECODING,5,6,54103,162.39238,106,MAHENDRA INDUSTRIES-INDIA,MADHUR,MADHUR TRUE LOVE,MADHUR TRUE LOVE-PEACH PPH 5 GM,PLPCH,5.000 GM,PEACH,,5.0,GM,0.0
22,18/11/2024,202411,3,1210101520,12101030156,1731409450152,99765320,126,MADHU CHEMICAL COMPANY,MADHU,MADHU-SWEET SUPERI PPH-1.45 GM,3.0,1.45 GM.,PPH,,,RECODING,5,7,48360,162.79396,106,MAHENDRA INDUSTRIES-INDIA,MADHUR,MADHUR KING POP,MADHUR KING POP-LOLLIPOP PPH 9 GM,PLPCH,9.000 GM,UNSPECIFIED,,9.0,GM,0.0
22,18/11/2024,202411,3,1210101520,12101030156,1731409450152,99765320,126,MADHU CHEMICAL COMPANY,MADHU,MADHU-SWEET SUPERI PPH-1.45 GM,3.0,1.45 GM.,PPH,,,RECODING,5,8,93026899,165.33792,122,H.B INDUSTRIES-NEPAL,MEGHA,MEGHA,MEGHA-PPH 1000 GMS,PLPCH,1000.000 GM,,,1000.0,GM,0.0
22,18/11/2024,202411,3,1210101520,12101030156,1731409450152,99765320,126,MADHU CHEMICAL COMPANY,MADHU,MADHU-SWEET SUPERI PPH-1.45 GM,3.0,1.45 GM.,PPH,,,RECODING,5,9,93025975,165.7461,122,H.B INDUSTRIES-NEPAL,MEGHA,MEGHA,MEGHA-PPH 200 GMS,PLPCH,200.000 GM,,,200.0,GM,0.0
22,18/11/2024,202411,3,1210101520,12101030156,1731409450152,99765320,126,MADHU CHEMICAL COMPANY,MADHU,MADHU-SWEET SUPERI PPH-1.45 GM,3.0,1.45 GM.,PPH,,,RECODING,5,10,54891,166.10867,122,SHREE NATH INTERNATIONAL-IND,MOZ,MOZ,MOZ-PPH 500 GM,PLPCH,500.000 GM,,,500.0,GM,0.0
23,18/11/2024,202411,3,1210102147,12101030220,1731409450152,99765320,126,MADHU CHEMICAL COMPANY,MADHU,MADHU-SWEET SUPERI PPH-1.45 GM,3.0,1.45 GM.,PPH,,,RECODING,5,1,99765320,124.71854,126,MADHU CHEMICAL COMPANY,MADHU,MADHU,1.45G PAAN MASALA,PLAST,1.45G,SWEET,,1.45,GM,3.0
23,18/11/2024,202411,3,1210102147,12101030220,1731409450152,99765320,126,MADHU CHEMICAL COMPANY,MADHU,MADHU-SWEET SUPERI PPH-1.45 GM,3.0,1.45 GM.,PPH,,,RECODING,5,2,99762215,134.28783,126,MADHU CHEMICAL COMPANY,MADHU,MADHU,1.25G PAAN MASALA,PLAST,1.25G,SWEET,,1.25,,0.0
23,18/11/2024,202411,3,1210102147,12101030220,1731409450152,99765320,126,MADHU CHEMICAL COMPANY,MADHU,MADHU-SWEET SUPERI PPH-1.45 GM,3.0,1.45 GM.,PPH,,,RECODING,5,3,47744,154.8994,122,H.B INDUSTRIES-NEPAL,MEGHA,MEGHA,MEGHA-FLOWER FRESH PPH 3000 GMS,PLPCH,3000.000 GM,,,3000.0,GM,0.0
23,18/11/2024,202411,3,1210102147,12101030220,1731409450152,99765320,126,MADHU CHEMICAL COMPANY,MADHU,MADHU-SWEET SUPERI PPH-1.45 GM,3.0,1.45 GM.,PPH,,,RECODING,5,4,93026122,157.5117,122,H.B INDUSTRIES-NEPAL,MEGHA,MEGHA,MEGHA-FLOWER FRESH PPH 500 GMS,PLPCH,500.000 GM,,,500.0,GM,0.0
23,18/11/2024,202411,3,1210102147,12101030220,1731409450152,99765320,126,MADHU CHEMICAL COMPANY,MADHU,MADHU-SWEET SUPERI PPH-1.45 GM,3.0,1.45 GM.,PPH,,,RECODING,5,5,91827176,160.12228,106,MAHENDRA INDUSTRIES-INDIA,MADHUR,MADHUR TRUE LOVE,MADHUR TRUE LOVE- STRAWBERRY PPH 6 GM,PLPCH,6.000 GM,STRAWBERRY,,6.0,GM,0.0
23,18/11/2024,202411,3,1210102147,12101030220,1731409450152,99765320,126,MADHU CHEMICAL COMPANY,MADHU,MADHU-SWEET SUPERI PPH-1.45 GM,3.0,1.45 GM.,PPH,,,RECODING,5,6,54103,162.33414,106,MAHENDRA INDUSTRIES-INDIA,MADHUR,MADHUR TRUE LOVE,MADHUR TRUE LOVE-PEACH PPH 5 GM,PLPCH,5.000 GM,PEACH,,5.0,GM,0.0
23,18/11/2024,202411,3,1210102147,12101030220,1731409450152,99765320,126,MADHU CHEMICAL COMPANY,MADHU,MADHU-SWEET SUPERI PPH-1.45 GM,3.0,1.45 GM.,PPH,,,RECODING,5,7,48360,163.09024,106,MAHENDRA INDUSTRIES-INDIA,MADHUR,MADHUR KING POP,MADHUR KING POP-LOLLIPOP PPH 9 GM,PLPCH,9.000 GM,UNSPECIFIED,,9.0,GM,0.0
23,18/11/2024,202411,3,1210102147,12101030220,1731409450152,99765320,126,MADHU CHEMICAL COMPANY,MADHU,MADHU-SWEET SUPERI PPH-1.45 GM,3.0,1.45 GM.,PPH,,,RECODING,5,8,93026899,164.87279,122,H.B INDUSTRIES-NEPAL,MEGHA,MEGHA,MEGHA-PPH 1000 GMS,PLPCH,1000.000 GM,,,1000.0,GM,0.0
23,18/11/2024,202411,3,1210102147,12101030220,1731409450152,99765320,126,MADHU CHEMICAL COMPANY,MADHU,MADHU-SWEET SUPERI PPH-1.45 GM,3.0,1.45 GM.,PPH,,,RECODING,5,9,93025975,165.19598,122,H.B INDUSTRIES-NEPAL,MEGHA,MEGHA,MEGHA-PPH 200 GMS,PLPCH,200.000 GM,,,200.0,GM,0.0
23,18/11/2024,202411,3,1210102147,12101030220,1731409450152,99765320,126,MADHU CHEMICAL COMPANY,MADHU,MADHU-SWEET SUPERI PPH-1.45 GM,3.0,1.45 GM.,PPH,,,RECODING,5,10,54891,165.87625,122,SHREE NATH INTERNATIONAL-IND,MOZ,MOZ,MOZ-PPH 500 GM,PLPCH,500.000 GM,,,500.0,GM,0.0
24,18/11/2024,202411,3,1210100020,12101030026,1731409450152,99765320,126,MADHU CHEMICAL COMPANY,MADHU,MADHU-SWEET SUPERI PPH-1.45 GM,3.0,1.45 GM.,PPH,,,RECODING,5,1,99765320,123.32295,126,MADHU CHEMICAL COMPANY,MADHU,MADHU,1.45G PAAN MASALA,PLAST,1.45G,SWEET,,1.45,GM,3.0
24,18/11/2024,202411,3,1210100020,12101030026,1731409450152,99765320,126,MADHU CHEMICAL COMPANY,MADHU,MADHU-SWEET SUPERI PPH-1.45 GM,3.0,1.45 GM.,PPH,,,RECODING,5,2,99762215,133.45558,126,MADHU CHEMICAL COMPANY,MADHU,MADHU,1.25G PAAN MASALA,PLAST,1.25G,SWEET,,1.25,,0.0
24,18/11/2024,202411,3,1210100020,12101030026,1731409450152,99765320,126,MADHU CHEMICAL COMPANY,MADHU,MADHU-SWEET SUPERI PPH-1.45 GM,3.0,1.45 GM.,PPH,,,RECODING,5,3,47744,154.3389,122,H.B INDUSTRIES-NEPAL,MEGHA,MEGHA,MEGHA-FLOWER FRESH PPH 3000 GMS,PLPCH,3000.000 GM,,,3000.0,GM,0.0
24,18/11/2024,202411,3,1210100020,12101030026,1731409450152,99765320,126,MADHU CHEMICAL COMPANY,MADHU,MADHU-SWEET SUPERI PPH-1.45 GM,3.0,1.45 GM.,PPH,,,RECODING,5,4,93026122,157.0452,122,H.B INDUSTRIES-NEPAL,MEGHA,MEGHA,MEGHA-FLOWER FRESH PPH 500 GMS,PLPCH,500.000 GM,,,500.0,GM,0.0
24,18/11/2024,202411,3,1210100020,12101030026,1731409450152,99765320,126,MADHU CHEMICAL COMPANY,MADHU,MADHU-SWEET SUPERI PPH-1.45 GM,3.0,1.45 GM.,PPH,,,RECODING,5,5,91827176,160.1351,106,MAHENDRA INDUSTRIES-INDIA,MADHUR,MADHUR TRUE LOVE,MADHUR TRUE LOVE- STRAWBERRY PPH 6 GM,PLPCH,6.000 GM,STRAWBERRY,,6.0,GM,0.0
24,18/11/2024,202411,3,1210100020,12101030026,1731409450152,99765320,126,MADHU CHEMICAL COMPANY,MADHU,MADHU-SWEET SUPERI PPH-1.45 GM,3.0,1.45 GM.,PPH,,,RECODING,5,6,54103,162.40356,106,MAHENDRA INDUSTRIES-INDIA,MADHUR,MADHUR TRUE LOVE,MADHUR TRUE LOVE-PEACH PPH 5 GM,PLPCH,5.000 GM,PEACH,,5.0,GM,0.0
24,18/11/2024,202411,3,1210100020,12101030026,1731409450152,99765320,126,MADHU CHEMICAL COMPANY,MADHU,MADHU-SWEET SUPERI PPH-1.45 GM,3.0,1.45 GM.,PPH,,,RECODING,5,7,48360,162.82271,106,MAHENDRA INDUSTRIES-INDIA,MADHUR,MADHUR KING POP,MADHUR KING POP-LOLLIPOP PPH 9 GM,PLPCH,9.000 GM,UNSPECIFIED,,9.0,GM,0.0
24,18/11/2024,202411,3,1210100020,12101030026,1731409450152,99765320,126,MADHU CHEMICAL COMPANY,MADHU,MADHU-SWEET SUPERI PPH-1.45 GM,3.0,1.45 GM.,PPH,,,RECODING,5,8,93026899,164.73853,122,H.B INDUSTRIES-NEPAL,MEGHA,MEGHA,MEGHA-PPH 1000 GMS,PLPCH,1000.000 GM,,,1000.0,GM,0.0
24,18/11/2024,202411,3,1210100020,12101030026,1731409450152,99765320,126,MADHU CHEMICAL COMPANY,MADHU,MADHU-SWEET SUPERI PPH-1.45 GM,3.0,1.45 GM.,PPH,,,RECODING,5,9,93025975,164.89479,122,H.B INDUSTRIES-NEPAL,MEGHA,MEGHA,MEGHA-PPH 200 GMS,PLPCH,200.000 GM,,,200.0,GM,0.0
24,18/11/2024,202411,3,1210100020,12101030026,1731409450152,99765320,126,MADHU CHEMICAL COMPANY,MADHU,MADHU-SWEET SUPERI PPH-1.45 GM,3.0,1.45 GM.,PPH,,,RECODING,5,10,91826568,165.46115,106,MAHENDRA INDUSTRIES-INDIA,MADHUR,MADHUR TRUE LOVE,MADHUR TRUE LOVE- ORANGE PPH 6 GM,PLPCH,6.000 GM,ORANGE,,6.0,GM,0.0
25,18/11/2024,202411,3,1210102549,12101030191,1731409450152,99765320,126,MADHU CHEMICAL COMPANY,MADHU,MADHU-SWEET SUPERI PPH-1.45 GM,3.0,1.45 GM.,PPH,,,RECODING,5,1,99765320,125.65231,126,MADHU CHEMICAL COMPANY,MADHU,MADHU,1.45G PAAN MASALA,PLAST,1.45G,SWEET,,1.45,GM,3.0
25,18/11/2024,202411,3,1210102549,12101030191,1731409450152,99765320,126,MADHU CHEMICAL COMPANY,MADHU,MADHU-SWEET SUPERI PPH-1.45 GM,3.0,1.45 GM.,PPH,,,RECODING,5,2,99762215,135.21408,126,MADHU CHEMICAL COMPANY,MADHU,MADHU,1.25G PAAN MASALA,PLAST,1.25G,SWEET,,1.25,,0.0
25,18/11/2024,202411,3,1210102549,12101030191,1731409450152,99765320,126,MADHU CHEMICAL COMPANY,MADHU,MADHU-SWEET SUPERI PPH-1.45 GM,3.0,1.45 GM.,PPH,,,RECODING,5,3,47744,155.11092,122,H.B INDUSTRIES-NEPAL,MEGHA,MEGHA,MEGHA-FLOWER FRESH PPH 3000 GMS,PLPCH,3000.000 GM,,,3000.0,GM,0.0
25,18/11/2024,202411,3,1210102549,12101030191,1731409450152,99765320,126,MADHU CHEMICAL COMPANY,MADHU,MADHU-SWEET SUPERI PPH-1.45 GM,3.0,1.45 GM.,PPH,,,RECODING,5,4,93026122,157.91031,122,H.B INDUSTRIES-NEPAL,MEGHA,MEGHA,MEGHA-FLOWER FRESH PPH 500 GMS,PLPCH,500.000 GM,,,500.0,GM,0.0
25,18/11/2024,202411,3,1210102549,12101030191,1731409450152,99765320,126,MADHU CHEMICAL COMPANY,MADHU,MADHU-SWEET SUPERI PPH-1.45 GM,3.0,1.45 GM.,PPH,,,RECODING,5,5,91827176,160.41478,106,MAHENDRA INDUSTRIES-INDIA,MADHUR,MADHUR TRUE LOVE,MADHUR TRUE LOVE- STRAWBERRY PPH 6 GM,PLPCH,6.000 GM,STRAWBERRY,,6.0,GM,0.0
25,18/11/2024,202411,3,1210102549,12101030191,1731409450152,99765320,126,MADHU CHEMICAL COMPANY,MADHU,MADHU-SWEET SUPERI PPH-1.45 GM,3.0,1.45 GM.,PPH,,,RECODING,5,6,54103,162.73148,106,MAHENDRA INDUSTRIES-INDIA,MADHUR,MADHUR TRUE LOVE,MADHUR TRUE LOVE-PEACH PPH 5 GM,PLPCH,5.000 GM,PEACH,,5.0,GM,0.0
25,18/11/2024,202411,3,1210102549,12101030191,1731409450152,99765320,126,MADHU CHEMICAL COMPANY,MADHU,MADHU-SWEET SUPERI PPH-1.45 GM,3.0,1.45 GM.,PPH,,,RECODING,5,7,48360,162.84712,106,MAHENDRA INDUSTRIES-INDIA,MADHUR,MADHUR KING POP,MADHUR KING POP-LOLLIPOP PPH 9 GM,PLPCH,9.000 GM,UNSPECIFIED,,9.0,GM,0.0
25,18/11/2024,202411,3,1210102549,12101030191,1731409450152,99765320,126,MADHU CHEMICAL COMPANY,MADHU,MADHU-SWEET SUPERI PPH-1.45 GM,3.0,1.45 GM.,PPH,,,RECODING,5,8,93026899,164.83795,122,H.B INDUSTRIES-NEPAL,MEGHA,MEGHA,MEGHA-PPH 1000 GMS,PLPCH,1000.000 GM,,,1000.0,GM,0.0
25,18/11/2024,202411,3,1210102549,12101030191,1731409450152,99765320,126,MADHU CHEMICAL COMPANY,MADHU,MADHU-SWEET SUPERI PPH-1.45 GM,3.0,1.45 GM.,PPH,,,RECODING,5,9,54891,164.87991,122,SHREE NATH INTERNATIONAL-IND,MOZ,MOZ,MOZ-PPH 500 GM,PLPCH,500.000 GM,,,500.0,GM,0.0
25,18/11/2024,202411,3,1210102549,12101030191,1731409450152,99765320,126,MADHU CHEMICAL COMPANY,MADHU,MADHU-SWEET SUPERI PPH-1.45 GM,3.0,1.45 GM.,PPH,,,RECODING,5,10,93025975,165.35692,122,H.B INDUSTRIES-NEPAL,MEGHA,MEGHA,MEGHA-PPH 200 GMS,PLPCH,200.000 GM,,,200.0,GM,0.0
26,18/11/2024,202411,3,1210102765,12101030221,1731409450152,99765320,126,MADHU CHEMICAL COMPANY,MADHU,MADHU-SWEET SUPERI PPH-1.45 GM,3.0,1.45 GM.,PPH,Any other reason,,RECODING,5,1,99765320,174.0481,126,MADHU CHEMICAL COMPANY,MADHU,MADHU,1.45G PAAN MASALA,PLAST,1.45G,SWEET,,1.45,GM,3.0
26,18/11/2024,202411,3,1210102765,12101030221,1731409450152,99765320,126,MADHU CHEMICAL COMPANY,MADHU,MADHU-SWEET SUPERI PPH-1.45 GM,3.0,1.45 GM.,PPH,Any other reason,,RECODING,5,2,99762215,184.0962,126,MADHU CHEMICAL COMPANY,MADHU,MADHU,1.25G PAAN MASALA,PLAST,1.25G,SWEET,,1.25,,0.0
26,18/11/2024,202411,3,1210102765,12101030221,1731409450152,99765320,126,MADHU CHEMICAL COMPANY,MADHU,MADHU-SWEET SUPERI PPH-1.45 GM,3.0,1.45 GM.,PPH,Any other reason,,RECODING,5,3,54103,184.29622,106,MAHENDRA INDUSTRIES-INDIA,MADHUR,MADHUR TRUE LOVE,MADHUR TRUE LOVE-PEACH PPH 5 GM,PLPCH,5.000 GM,PEACH,,5.0,GM,0.0
26,18/11/2024,202411,3,1210102765,12101030221,1731409450152,99765320,126,MADHU CHEMICAL COMPANY,MADHU,MADHU-SWEET SUPERI PPH-1.45 GM,3.0,1.45 GM.,PPH,Any other reason,,RECODING,5,4,91827177,189.30513,106,MAHENDRA INDUSTRIES-INDIA,MADHUR,MADHUR,MADHUR- LAL PAAN PPH 5 GM,PLPCH,5.000 GM,PAAN,,5.0,GM,0.0
26,18/11/2024,202411,3,1210102765,12101030221,1731409450152,99765320,126,MADHU CHEMICAL COMPANY,MADHU,MADHU-SWEET SUPERI PPH-1.45 GM,3.0,1.45 GM.,PPH,Any other reason,,RECODING,5,5,91827176,191.76169,106,MAHENDRA INDUSTRIES-INDIA,MADHUR,MADHUR TRUE LOVE,MADHUR TRUE LOVE- STRAWBERRY PPH 6 GM,PLPCH,6.000 GM,STRAWBERRY,,6.0,GM,0.0
26,18/11/2024,202411,3,1210102765,12101030221,1731409450152,99765320,126,MADHU CHEMICAL COMPANY,MADHU,MADHU-SWEET SUPERI PPH-1.45 GM,3.0,1.45 GM.,PPH,Any other reason,,RECODING,5,6,48360,191.8114,106,MAHENDRA INDUSTRIES-INDIA,MADHUR,MADHUR KING POP,MADHUR KING POP-LOLLIPOP PPH 9 GM,PLPCH,9.000 GM,UNSPECIFIED,,9.0,GM,0.0
26,18/11/2024,202411,3,1210102765,12101030221,1731409450152,99765320,126,MADHU CHEMICAL COMPANY,MADHU,MADHU-SWEET SUPERI PPH-1.45 GM,3.0,1.45 GM.,PPH,Any other reason,,RECODING,5,7,91827305,192.58186,106,DEEPAK RIDDHI SIDDHI PRODT-NP,DEEPAK,DEEPAK RAMAILO CHATAPATA CANDY,DEEPAK RAMAILO CHATAPATA CANDY-PPH 4 GM,PLPCH,4.000 GM,UNSPECIFIED,,4.0,GM,0.0
26,18/11/2024,202411,3,1210102765,12101030221,1731409450152,99765320,126,MADHU CHEMICAL COMPANY,MADHU,MADHU-SWEET SUPERI PPH-1.45 GM,3.0,1.45 GM.,PPH,Any other reason,,RECODING,5,8,54101,192.7738,106,MAHENDRA INDUSTRIES-INDIA,MADHUR,MADHUR TRUE LOVE,MADHUR TRUE LOVE-TAMARIND PPH 5 GM,PLPCH,5.000 GM,TAMARIND,,5.0,GM,0.0
26,18/11/2024,202411,3,1210102765,12101030221,1731409450152,99765320,126,MADHU CHEMICAL COMPANY,MADHU,MADHU-SWEET SUPERI PPH-1.45 GM,3.0,1.45 GM.,PPH,Any other reason,,RECODING,5,9,54891,195.06204,122,SHREE NATH INTERNATIONAL-IND,MOZ,MOZ,MOZ-PPH 500 GM,PLPCH,500.000 GM,,,500.0,GM,0.0
26,18/11/2024,202411,3,1210102765,12101030221,1731409450152,99765320,126,MADHU CHEMICAL COMPANY,MADHU,MADHU-SWEET SUPERI PPH-1.45 GM,3.0,1.45 GM.,PPH,Any other reason,,RECODING,5,10,91826568,195.48724,106,MAHENDRA INDUSTRIES-INDIA,MADHUR,MADHUR TRUE LOVE,MADHUR TRUE LOVE- ORANGE PPH 6 GM,PLPCH,6.000 GM,ORANGE,,6.0,GM,0.0
27,18/11/2024,202411,3,1022153526929,22502030026,1731222877542,99765321,105,SURYA NEPAL PVT LTD - NEPAL,SURYA FUSION,SURYA FUSION/HL/20NOS/MRP320,320.0,20 NOS,KS,,,RECODING,5,1,99765321,130.95901,105,SURYA NEPAL PVT LTD - NEPAL,SURYA,SURYA FUSION,HL 20'S,HL,20,FULL FLAVOUR,,20.0,NO,320.0
27,18/11/2024,202411,3,1022153526929,22502030026,1731222877542,99765321,105,SURYA NEPAL PVT LTD - NEPAL,SURYA FUSION,SURYA FUSION/HL/20NOS/MRP320,320.0,20 NOS,KS,,,RECODING,5,2,47592,139.36809,105,SURYA NEPAL PVT LTD - NEPAL,SHIKHAR,SHIKHAR ICE RUSH,HL 20'S,HL,20,FRESH,,20.0,NO,185.0
27,18/11/2024,202411,3,1022153526929,22502030026,1731222877542,99765321,105,SURYA NEPAL PVT LTD - NEPAL,SURYA FUSION,SURYA FUSION/HL/20NOS/MRP320,320.0,20 NOS,KS,,,RECODING,5,3,99764555,146.61136,106,SURYA NEPAL PVT LTD - NEPAL,TOFFICHOO,TOFFICHOO CHATPATA FUN,TOFFICHOO CHATPATA FUN-MASALA PUNCH PCN 720 GM,PLJAR,720.000 GM,MASALA,,720.0,GM,300.0
27,18/11/2024,202411,3,1022153526929,22502030026,1731222877542,99765321,105,SURYA NEPAL PVT LTD - NEPAL,SURYA FUSION,SURYA FUSION/HL/20NOS/MRP320,320.0,20 NOS,KS,,,RECODING,5,4,90110247,148.16483,105,SURYA NEPAL PVT LTD - NEPAL,SURYA,SURYA CITRIC FRESH,HL 20'S,HL,20,FRESH,,20.0,NO,300.0
27,18/11/2024,202411,3,1022153526929,22502030026,1731222877542,99765321,105,SURYA NEPAL PVT LTD - NEPAL,SURYA FUSION,SURYA FUSION/HL/20NOS/MRP320,320.0,20 NOS,KS,,,RECODING,5,5,48587,148.21323,105,SURYA NEPAL PVT LTD - NEPAL,SURYA,SURYA 24 CARAT ARCTIC BURST,HL 20'S,HL,20,FRESH,,20.0,NO,300.0
27,18/11/2024,202411,3,1022153526929,22502030026,1731222877542,99765321,105,SURYA NEPAL PVT LTD - NEPAL,SURYA FUSION,SURYA FUSION/HL/20NOS/MRP320,320.0,20 NOS,KS,,,RECODING,5,6,99763869,149.40546,105,SURYA NEPAL PVT LTD - NEPAL,NAULO,NAULO BURST,HL 20'S,HL,20,FRESH,,20.0,NO,175.0
27,18/11/2024,202411,3,1022153526929,22502030026,1731222877542,99765321,105,SURYA NEPAL PVT LTD - NEPAL,SURYA FUSION,SURYA FUSION/HL/20NOS/MRP320,320.0,20 NOS,KS,,,RECODING,5,7,92923725,149.57242,123,B.S.I PVT LTD-NEPAL,SURYA,SURYA,SURYA-UNWRP 150 GMS,UNWRP,150.000 GM,,,150.0,GM,0.0
27,18/11/2024,202411,3,1022153526929,22502030026,1731222877542,99765321,105,SURYA NEPAL PVT LTD - NEPAL,SURYA FUSION,SURYA FUSION/HL/20NOS/MRP320,320.0,20 NOS,KS,,,RECODING,5,8,46667,151.1835,123,B.S.I PVT LTD-NEPAL,SURYA,SURYA,SURYA-UNWRP 200 GMS,UNWRP,200.000 GM,,,200.0,GM,0.0
27,18/11/2024,202411,3,1022153526929,22502030026,1731222877542,99765321,105,SURYA NEPAL PVT LTD - NEPAL,SURYA FUSION,SURYA FUSION/HL/20NOS/MRP320,320.0,20 NOS,KS,,,RECODING,5,9,99765090,151.30194,105,SURYA NEPAL PVT LTD - NEPAL,SURYA,SURYA DUAL BURST,HL 20'S,HL,20,FRESH,,20.0,NO,320.0
27,18/11/2024,202411,3,1022153526929,22502030026,1731222877542,99765321,105,SURYA NEPAL PVT LTD - NEPAL,SURYA FUSION,SURYA FUSION/HL/20NOS/MRP320,320.0,20 NOS,KS,,,RECODING,5,10,99764545,154.1011,106,SURYA NEPAL PVT LTD - NEPAL,TOFFICHOO,TOFFICHOO CHATPATA FUN,TOFFICHOO CHATPATA FUN-MASALA PUNCH PPH 270 GM,PLPCH,270.000 GM,MASALA,,270.0,GM,85.0
28,18/11/2024,202411,3,1210100769,12101030084,1731409450152,99765320,126,MADHU CHEMICAL COMPANY,MADHU,MADHU-SWEET SUPERI PPH-1.45 GM,3.0,1.45 GM.,PPH,Any other reason,,RECODING,5,1,99765320,175.57431,126,MADHU CHEMICAL COMPANY,MADHU,MADHU,1.45G PAAN MASALA,PLAST,1.45G,SWEET,,1.45,GM,3.0
28,18/11/2024,202411,3,1210100769,12101030084,1731409450152,99765320,126,MADHU CHEMICAL COMPANY,MADHU,MADHU-SWEET SUPERI PPH-1.45 GM,3.0,1.45 GM.,PPH,Any other reason,,RECODING,5,2,99762215,185.87154,126,MADHU CHEMICAL COMPANY,MADHU,MADHU,1.25G PAAN MASALA,PLAST,1.25G,SWEET,,1.25,,0.0
28,18/11/2024,202411,3,1210100769,12101030084,1731409450152,99765320,126,MADHU CHEMICAL COMPANY,MADHU,MADHU-SWEET SUPERI PPH-1.45 GM,3.0,1.45 GM.,PPH,Any other reason,,RECODING,5,3,54103,187.72214,106,MAHENDRA INDUSTRIES-INDIA,MADHUR,MADHUR TRUE LOVE,MADHUR TRUE LOVE-PEACH PPH 5 GM,PLPCH,5.000 GM,PEACH,,5.0,GM,0.0
28,18/11/2024,202411,3,1210100769,12101030084,1731409450152,99765320,126,MADHU CHEMICAL COMPANY,MADHU,MADHU-SWEET SUPERI PPH-1.45 GM,3.0,1.45 GM.,PPH,Any other reason,,RECODING,5,4,91827177,193.19214,106,MAHENDRA INDUSTRIES-INDIA,MADHUR,MADHUR,MADHUR- LAL PAAN PPH 5 GM,PLPCH,5.000 GM,PAAN,,5.0,GM,0.0
28,18/11/2024,202411,3,1210100769,12101030084,1731409450152,99765320,126,MADHU CHEMICAL COMPANY,MADHU,MADHU-SWEET SUPERI PPH-1.45 GM,3.0,1.45 GM.,PPH,Any other reason,,RECODING,5,5,91827305,194.77808,106,DEEPAK RIDDHI SIDDHI PRODT-NP,DEEPAK,DEEPAK RAMAILO CHATAPATA CANDY,DEEPAK RAMAILO CHATAPATA CANDY-PPH 4 GM,PLPCH,4.000 GM,UNSPECIFIED,,4.0,GM,0.0
28,18/11/2024,202411,3,1210100769,12101030084,1731409450152,99765320,126,MADHU CHEMICAL COMPANY,MADHU,MADHU-SWEET SUPERI PPH-1.45 GM,3.0,1.45 GM.,PPH,Any other reason,,RECODING,5,6,91827176,195.15662,106,MAHENDRA INDUSTRIES-INDIA,MADHUR,MADHUR TRUE LOVE,MADHUR TRUE LOVE- STRAWBERRY PPH 6 GM,PLPCH,6.000 GM,STRAWBERRY,,6.0,GM,0.0
28,18/11/2024,202411,3,1210100769,12101030084,1731409450152,99765320,126,MADHU CHEMICAL COMPANY,MADHU,MADHU-SWEET SUPERI PPH-1.45 GM,3.0,1.45 GM.,PPH,Any other reason,,RECODING,5,7,48360,195.62613,106,MAHENDRA INDUSTRIES-INDIA,MADHUR,MADHUR KING POP,MADHUR KING POP-LOLLIPOP PPH 9 GM,PLPCH,9.000 GM,UNSPECIFIED,,9.0,GM,0.0
28,18/11/2024,202411,3,1210100769,12101030084,1731409450152,99765320,126,MADHU CHEMICAL COMPANY,MADHU,MADHU-SWEET SUPERI PPH-1.45 GM,3.0,1.45 GM.,PPH,Any other reason,,RECODING,5,8,54101,196.23984,106,MAHENDRA INDUSTRIES-INDIA,MADHUR,MADHUR TRUE LOVE,MADHUR TRUE LOVE-TAMARIND PPH 5 GM,PLPCH,5.000 GM,TAMARIND,,5.0,GM,0.0
28,18/11/2024,202411,3,1210100769,12101030084,1731409450152,99765320,126,MADHU CHEMICAL COMPANY,MADHU,MADHU-SWEET SUPERI PPH-1.45 GM,3.0,1.45 GM.,PPH,Any other reason,,RECODING,5,9,91826568,198.4696,106,MAHENDRA INDUSTRIES-INDIA,MADHUR,MADHUR TRUE LOVE,MADHUR TRUE LOVE- ORANGE PPH 6 GM,PLPCH,6.000 GM,ORANGE,,6.0,GM,0.0
28,18/11/2024,202411,3,1210100769,12101030084,1731409450152,99765320,126,MADHU CHEMICAL COMPANY,MADHU,MADHU-SWEET SUPERI PPH-1.45 GM,3.0,1.45 GM.,PPH,Any other reason,,RECODING,5,10,54891,199.96114,122,SHREE NATH INTERNATIONAL-IND,MOZ,MOZ,MOZ-PPH 500 GM,PLPCH,500.000 GM,,,500.0,GM,0.0
29,18/11/2024,202411,3,1210100651,12101030082,1731409450152,99765320,126,MADHU CHEMICAL COMPANY,MADHU,MADHU-SWEET SUPERI PPH-1.45 GM,3.0,1.45 GM.,PPH,,,RECODING,5,1,99765320,124.27002,126,MADHU CHEMICAL COMPANY,MADHU,MADHU,1.45G PAAN MASALA,PLAST,1.45G,SWEET,,1.45,GM,3.0
29,18/11/2024,202411,3,1210100651,12101030082,1731409450152,99765320,126,MADHU CHEMICAL COMPANY,MADHU,MADHU-SWEET SUPERI PPH-1.45 GM,3.0,1.45 GM.,PPH,,,RECODING,5,2,99762215,134.59615,126,MADHU CHEMICAL COMPANY,MADHU,MADHU,1.25G PAAN MASALA,PLAST,1.25G,SWEET,,1.25,,0.0
29,18/11/2024,202411,3,1210100651,12101030082,1731409450152,99765320,126,MADHU CHEMICAL COMPANY,MADHU,MADHU-SWEET SUPERI PPH-1.45 GM,3.0,1.45 GM.,PPH,,,RECODING,5,3,47744,156.00348,122,H.B INDUSTRIES-NEPAL,MEGHA,MEGHA,MEGHA-FLOWER FRESH PPH 3000 GMS,PLPCH,3000.000 GM,,,3000.0,GM,0.0
29,18/11/2024,202411,3,1210100651,12101030082,1731409450152,99765320,126,MADHU CHEMICAL COMPANY,MADHU,MADHU-SWEET SUPERI PPH-1.45 GM,3.0,1.45 GM.,PPH,,,RECODING,5,4,93026122,158.33347,122,H.B INDUSTRIES-NEPAL,MEGHA,MEGHA,MEGHA-FLOWER FRESH PPH 500 GMS,PLPCH,500.000 GM,,,500.0,GM,0.0
29,18/11/2024,202411,3,1210100651,12101030082,1731409450152,99765320,126,MADHU CHEMICAL COMPANY,MADHU,MADHU-SWEET SUPERI PPH-1.45 GM,3.0,1.45 GM.,PPH,,,RECODING,5,5,91827176,160.93239,106,MAHENDRA INDUSTRIES-INDIA,MADHUR,MADHUR TRUE LOVE,MADHUR TRUE LOVE- STRAWBERRY PPH 6 GM,PLPCH,6.000 GM,STRAWBERRY,,6.0,GM,0.0
29,18/11/2024,202411,3,1210100651,12101030082,1731409450152,99765320,126,MADHU CHEMICAL COMPANY,MADHU,MADHU-SWEET SUPERI PPH-1.45 GM,3.0,1.45 GM.,PPH,,,RECODING,5,6,54103,163.27734,106,MAHENDRA INDUSTRIES-INDIA,MADHUR,MADHUR TRUE LOVE,MADHUR TRUE LOVE-PEACH PPH 5 GM,PLPCH,5.000 GM,PEACH,,5.0,GM,0.0
29,18/11/2024,202411,3,1210100651,12101030082,1731409450152,99765320,126,MADHU CHEMICAL COMPANY,MADHU,MADHU-SWEET SUPERI PPH-1.45 GM,3.0,1.45 GM.,PPH,,,RECODING,5,7,48360,163.8918,106,MAHENDRA INDUSTRIES-INDIA,MADHUR,MADHUR KING POP,MADHUR KING POP-LOLLIPOP PPH 9 GM,PLPCH,9.000 GM,UNSPECIFIED,,9.0,GM,0.0
29,18/11/2024,202411,3,1210100651,12101030082,1731409450152,99765320,126,MADHU CHEMICAL COMPANY,MADHU,MADHU-SWEET SUPERI PPH-1.45 GM,3.0,1.45 GM.,PPH,,,RECODING,5,8,54891,166.13808,122,SHREE NATH INTERNATIONAL-IND,MOZ,MOZ,MOZ-PPH 500 GM,PLPCH,500.000 GM,,,500.0,GM,0.0
29,18/11/2024,202411,3,1210100651,12101030082,1731409450152,99765320,126,MADHU CHEMICAL COMPANY,MADHU,MADHU-SWEET SUPERI PPH-1.45 GM,3.0,1.45 GM.,PPH,,,RECODING,5,9,93026899,166.4426,122,H.B INDUSTRIES-NEPAL,MEGHA,MEGHA,MEGHA-PPH 1000 GMS,PLPCH,1000.000 GM,,,1000.0,GM,0.0
29,18/11/2024,202411,3,1210100651,12101030082,1731409450152,99765320,126,MADHU CHEMICAL COMPANY,MADHU,MADHU-SWEET SUPERI PPH-1.45 GM,3.0,1.45 GM.,PPH,,,RECODING,5,10,91826568,166.49454,106,MAHENDRA INDUSTRIES-INDIA,MADHUR,MADHUR TRUE LOVE,MADHUR TRUE LOVE- ORANGE PPH 6 GM,PLPCH,6.000 GM,ORANGE,,6.0,GM,0.0
30,18/11/2024,202411,3,1220100001,12201030179,1731054475107,99765320,126,MADHU PRODUCTS NEPAL,MADHU,MADHU-MADHU-SWEET SUPARI PPH 1.45G,3.0,1.45G,PPH,,,RECODING,5,1,99765320,146.39304,126,MADHU CHEMICAL COMPANY,MADHU,MADHU,1.45G PAAN MASALA,PLAST,1.45G,SWEET,,1.45,GM,3.0
30,18/11/2024,202411,3,1220100001,12201030179,1731054475107,99765320,126,MADHU PRODUCTS NEPAL,MADHU,MADHU-MADHU-SWEET SUPARI PPH 1.45G,3.0,1.45G,PPH,,,RECODING,5,2,99762215,157.61386,126,MADHU CHEMICAL COMPANY,MADHU,MADHU,1.25G PAAN MASALA,PLAST,1.25G,SWEET,,1.25,,0.0
30,18/11/2024,202411,3,1220100001,12201030179,1731054475107,99765320,126,MADHU PRODUCTS NEPAL,MADHU,MADHU-MADHU-SWEET SUPARI PPH 1.45G,3.0,1.45G,PPH,,,RECODING,5,3,99763323,167.59605,123,SWADESHI SABUN UDHYOG-NEPAL,MADAL,MADAL,MADAL-PPH 200 GM,PLPCH,200.000 GM,,,200.0,GM,35.0
30,18/11/2024,202411,3,1220100001,12201030179,1731054475107,99765320,126,MADHU PRODUCTS NEPAL,MADHU,MADHU-MADHU-SWEET SUPARI PPH 1.45G,3.0,1.45G,PPH,,,RECODING,5,4,47744,170.79355,122,H.B INDUSTRIES-NEPAL,MEGHA,MEGHA,MEGHA-FLOWER FRESH PPH 3000 GMS,PLPCH,3000.000 GM,,,3000.0,GM,0.0
30,18/11/2024,202411,3,1220100001,12201030179,1731054475107,99765320,126,MADHU PRODUCTS NEPAL,MADHU,MADHU-MADHU-SWEET SUPARI PPH 1.45G,3.0,1.45G,PPH,,,RECODING,5,5,99762508,171.88795,122,PRABHU SOAP INDUSTRIES-NEPAL,PRABHU GHADI,PRABHU GHADI,PRABHU GHADI-PPH 500 GM,PLPCH,500.000 GM,,,500.0,GM,55.0
30,18/11/2024,202411,3,1220100001,12201030179,1731054475107,99765320,126,MADHU PRODUCTS NEPAL,MADHU,MADHU-MADHU-SWEET SUPARI PPH 1.45G,3.0,1.45G,PPH,,,RECODING,5,6,50126,173.35123,123,SWADESHI SABUN UDHYOG-NEPAL,AAHA,AAHA,AAHA-PPH 220 GM,PLPCH,220.000 GM,,,220.0,GM,0.0
30,18/11/2024,202411,3,1220100001,12201030179,1731054475107,99765320,126,MADHU PRODUCTS NEPAL,MADHU,MADHU-MADHU-SWEET SUPARI PPH 1.45G,3.0,1.45G,PPH,,,RECODING,5,7,54041,174.66698,123,SWADESHI SABUN UDHYOG-NEPAL,AAHA,AAHA,AAHA-PPH 95 GM,PLPCH,95.000 GM,,,95.0,GM,0.0
30,18/11/2024,202411,3,1220100001,12201030179,1731054475107,99765320,126,MADHU PRODUCTS NEPAL,MADHU,MADHU-MADHU-SWEET SUPARI PPH 1.45G,3.0,1.45G,PPH,,,RECODING,5,8,93026122,174.75513,122,H.B INDUSTRIES-NEPAL,MEGHA,MEGHA,MEGHA-FLOWER FRESH PPH 500 GMS,PLPCH,500.000 GM,,,500.0,GM,0.0
30,18/11/2024,202411,3,1220100001,12201030179,1731054475107,99765320,126,MADHU PRODUCTS NEPAL,MADHU,MADHU-MADHU-SWEET SUPARI PPH 1.45G,3.0,1.45G,PPH,,,RECODING,5,9,54647,174.76483,122,SWADESHI SABUN UDHYOG-NEPAL,AAHA,AAHA,AAHA-PPH 2900 GM+FR BUCKET,PLPCH,2900.000 GM,,,2900.0,GM,0.0
30,18/11/2024,202411,3,1220100001,12201030179,1731054475107,99765320,126,MADHU PRODUCTS NEPAL,MADHU,MADHU-MADHU-SWEET SUPARI PPH 1.45G,3.0,1.45G,PPH,,,RECODING,5,10,54511,175.05225,123,SWADESHI SABUN UDHYOG-NEPAL,AAHA,AAHA,AAHA-PPH 6*180 GM [1080GM],PLPCH,180.000 GM,,,1080.0,GM,0.0
31,18/11/2024,202411,3,2110202347,21102030213,1731308020769,99765321,105,SURYA NEPAL PVT LTD - NEPAL,SURYA FUSION,SURYA FUSION,320.0,HL 20 NOS,CBP,,,RECODING,5,1,92923725,142.37793,123,B.S.I PVT LTD-NEPAL,SURYA,SURYA,SURYA-UNWRP 150 GMS,UNWRP,150.000 GM,,,150.0,GM,0.0
31,18/11/2024,202411,3,2110202347,21102030213,1731308020769,99765321,105,SURYA NEPAL PVT LTD - NEPAL,SURYA FUSION,SURYA FUSION,320.0,HL 20 NOS,CBP,,,RECODING,5,2,46667,143.76526,123,B.S.I PVT LTD-NEPAL,SURYA,SURYA,SURYA-UNWRP 200 GMS,UNWRP,200.000 GM,,,200.0,GM,0.0
31,18/11/2024,202411,3,2110202347,21102030213,1731308020769,99765321,105,SURYA NEPAL PVT LTD - NEPAL,SURYA FUSION,SURYA FUSION,320.0,HL 20 NOS,CBP,,,RECODING,5,3,90110247,153.06178,105,SURYA NEPAL PVT LTD - NEPAL,SURYA,SURYA CITRIC FRESH,HL 20'S,HL,20,FRESH,,20.0,NO,300.0
31,18/11/2024,202411,3,2110202347,21102030213,1731308020769,99765321,105,SURYA NEPAL PVT LTD - NEPAL,SURYA FUSION,SURYA FUSION,320.0,HL 20 NOS,CBP,,,RECODING,5,4,47592,153.6272,105,SURYA NEPAL PVT LTD - NEPAL,SHIKHAR,SHIKHAR ICE RUSH,HL 20'S,HL,20,FRESH,,20.0,NO,185.0
31,18/11/2024,202411,3,2110202347,21102030213,1731308020769,99765321,105,SURYA NEPAL PVT LTD - NEPAL,SURYA FUSION,SURYA FUSION,320.0,HL 20 NOS,CBP,,,RECODING,5,5,99763869,154.00723,105,SURYA NEPAL PVT LTD - NEPAL,NAULO,NAULO BURST,HL 20'S,HL,20,FRESH,,20.0,NO,175.0
31,18/11/2024,202411,3,2110202347,21102030213,1731308020769,99765321,105,SURYA NEPAL PVT LTD - NEPAL,SURYA FUSION,SURYA FUSION,320.0,HL 20 NOS,CBP,,,RECODING,5,6,99765090,156.54071,105,SURYA NEPAL PVT LTD - NEPAL,SURYA,SURYA DUAL BURST,HL 20'S,HL,20,FRESH,,20.0,NO,320.0
31,18/11/2024,202411,3,2110202347,21102030213,1731308020769,99765321,105,SURYA NEPAL PVT LTD - NEPAL,SURYA FUSION,SURYA FUSION,320.0,HL 20 NOS,CBP,,,RECODING,5,7,48587,156.96024,105,SURYA NEPAL PVT LTD - NEPAL,SURYA,SURYA 24 CARAT ARCTIC BURST,HL 20'S,HL,20,FRESH,,20.0,NO,300.0
31,18/11/2024,202411,3,2110202347,21102030213,1731308020769,99765321,105,SURYA NEPAL PVT LTD - NEPAL,SURYA FUSION,SURYA FUSION,320.0,HL 20 NOS,CBP,,,RECODING,5,8,99765321,159.48892,105,SURYA NEPAL PVT LTD - NEPAL,SURYA,SURYA FUSION,HL 20'S,HL,20,FULL FLAVOUR,,20.0,NO,320.0
31,18/11/2024,202411,3,2110202347,21102030213,1731308020769,99765321,105,SURYA NEPAL PVT LTD - NEPAL,SURYA FUSION,SURYA FUSION,320.0,HL 20 NOS,CBP,,,RECODING,5,9,99764555,160.69403,106,SURYA NEPAL PVT LTD - NEPAL,TOFFICHOO,TOFFICHOO CHATPATA FUN,TOFFICHOO CHATPATA FUN-MASALA PUNCH PCN 720 GM,PLJAR,720.000 GM,MASALA,,720.0,GM,300.0
31,18/11/2024,202411,3,2110202347,21102030213,1731308020769,99765321,105,SURYA NEPAL PVT LTD - NEPAL,SURYA FUSION,SURYA FUSION,320.0,HL 20 NOS,CBP,,,RECODING,5,10,99764545,163.48637,106,SURYA NEPAL PVT LTD - NEPAL,TOFFICHOO,TOFFICHOO CHATPATA FUN,TOFFICHOO CHATPATA FUN-MASALA PUNCH PPH 270 GM,PLPCH,270.000 GM,MASALA,,270.0,GM,85.0
32,18/11/2024,202411,2,122332165,31101020087,1731481992502,99765325,118,MANAKAMANA FRUIT & BEVERAGE-NP,NIMBU FRESH,NIMBU FRESH-LEMON-LEMON PET 1500ML,190.0,1500ML,PET,Sales Deviation is OK,1731481992502-manakamana fruit - beverage-np-nimbu fresh#3.png,RECODING,5,1,99765325,111.68248,118,MANAKAMANA FRUIT & BEVERAGE-NP,NIMBU FRESH,NIMBU FRESH,LEMON PET 1500 ML,PET,1500.000 ML,LEMON,,1500.0,ML,190.0
32,18/11/2024,202411,2,122332165,31101020087,1731481992502,99765325,118,MANAKAMANA FRUIT & BEVERAGE-NP,NIMBU FRESH,NIMBU FRESH-LEMON-LEMON PET 1500ML,190.0,1500ML,PET,Sales Deviation is OK,1731481992502-manakamana fruit - beverage-np-nimbu fresh#3.png,RECODING,5,2,99765281,116.64056,118,MANAKAMANA FRUIT & BEVERAGE-NP,NIMBU FRESH,NIMBU FRESH,LEMON PET 2250 ML,PET,2250.000 ML,LEMON,,2250.0,ML,270.0
32,18/11/2024,202411,2,122332165,31101020087,1731481992502,99765325,118,MANAKAMANA FRUIT & BEVERAGE-NP,NIMBU FRESH,NIMBU FRESH-LEMON-LEMON PET 1500ML,190.0,1500ML,PET,Sales Deviation is OK,1731481992502-manakamana fruit - beverage-np-nimbu fresh#3.png,RECODING,5,3,99765056,119.6528,118,MANAKAMANA FRUIT & BEVERAGE-NP,NIMBU FRESH,NIMBU FRESH,LEMON PET 250 ML,PET,250.000 ML,LEMON,,250.0,ML,50.0
32,18/11/2024,202411,2,122332165,31101020087,1731481992502,99765325,118,MANAKAMANA FRUIT & BEVERAGE-NP,NIMBU FRESH,NIMBU FRESH-LEMON-LEMON PET 1500ML,190.0,1500ML,PET,Sales Deviation is OK,1731481992502-manakamana fruit - beverage-np-nimbu fresh#3.png,RECODING,5,4,99765101,119.98672,118,MANAKAMANA FRUIT & BEVERAGE-NP,NIMBU FRESH,NIMBU FRESH,LEMON PET 500 ML,PET,500.000 ML,LEMON,,500.0,ML,80.0
32,18/11/2024,202411,2,122332165,31101020087,1731481992502,99765325,118,MANAKAMANA FRUIT & BEVERAGE-NP,NIMBU FRESH,NIMBU FRESH-LEMON-LEMON PET 1500ML,190.0,1500ML,PET,Sales Deviation is OK,1731481992502-manakamana fruit - beverage-np-nimbu fresh#3.png,RECODING,5,5,53708,158.96725,118,MANAKAMANA FRUIT & BEVERAGE-NP,STRIKE,STRIKE,CLEAR PET 1500 ML,PET,1500.000 ML,LEMON,,1500.0,ML,0.0
32,18/11/2024,202411,2,122332165,31101020087,1731481992502,99765325,118,MANAKAMANA FRUIT & BEVERAGE-NP,NIMBU FRESH,NIMBU FRESH-LEMON-LEMON PET 1500ML,190.0,1500ML,PET,Sales Deviation is OK,1731481992502-manakamana fruit - beverage-np-nimbu fresh#3.png,RECODING,5,6,99764023,160.81909,118,MANAKAMANA FRUIT & BEVERAGE-NP,FRESHTA,FRESHTA,ORANGE PET 1500 ML,PET,1500.000 ML,ORANGE,,1500.0,ML,175.0
32,18/11/2024,202411,2,122332165,31101020087,1731481992502,99765325,118,MANAKAMANA FRUIT & BEVERAGE-NP,NIMBU FRESH,NIMBU FRESH-LEMON-LEMON PET 1500ML,190.0,1500ML,PET,Sales Deviation is OK,1731481992502-manakamana fruit - beverage-np-nimbu fresh#3.png,RECODING,5,7,52154,162.9809,118,MANAKAMANA FRUIT & BEVERAGE-NP,STRIKE,STRIKE,CLEAR PET 500 ML,PET,500.000 ML,LEMON,,500.0,ML,0.0
32,18/11/2024,202411,2,122332165,31101020087,1731481992502,99765325,118,MANAKAMANA FRUIT & BEVERAGE-NP,NIMBU FRESH,NIMBU FRESH-LEMON-LEMON PET 1500ML,190.0,1500ML,PET,Sales Deviation is OK,1731481992502-manakamana fruit - beverage-np-nimbu fresh#3.png,RECODING,5,8,52249,163.00455,118,MANAKAMANA FRUIT & BEVERAGE-NP,STRIKE,STRIKE,CLEAR PET 2250 ML,PET,2250.000 ML,LEMON,,2250.0,ML,0.0
32,18/11/2024,202411,2,122332165,31101020087,1731481992502,99765325,118,MANAKAMANA FRUIT & BEVERAGE-NP,NIMBU FRESH,NIMBU FRESH-LEMON-LEMON PET 1500ML,190.0,1500ML,PET,Sales Deviation is OK,1731481992502-manakamana fruit - beverage-np-nimbu fresh#3.png,RECODING,5,9,52153,164.06677,118,MANAKAMANA FRUIT & BEVERAGE-NP,STRIKE,STRIKE,CLEAR PET 250 ML,PET,250.000 ML,LEMON,,250.0,ML,0.0
32,18/11/2024,202411,2,122332165,31101020087,1731481992502,99765325,118,MANAKAMANA FRUIT & BEVERAGE-NP,NIMBU FRESH,NIMBU FRESH-LEMON-LEMON PET 1500ML,190.0,1500ML,PET,Sales Deviation is OK,1731481992502-manakamana fruit - beverage-np-nimbu fresh#3.png,RECODING,5,10,99764022,166.02298,118,MANAKAMANA FRUIT & BEVERAGE-NP,FRESHTA,FRESHTA,ORANGE PET 500 ML,PET,500.000 ML,ORANGE,,500.0,ML,70.0
33,19/11/2024,202411,3,1210102723,12101030227,1731409450152,99765320,126,MADHU CHEMICAL COMPANY,MADHU,MADHU-SWEET SUPERI PPH-1.45 GM,3.0,1.45 GM.,PPH,Any other reason,,RECODING,5,1,99765320,178.10123,126,MADHU CHEMICAL COMPANY,MADHU,MADHU,1.45G PAAN MASALA,PLAST,1.45G,SWEET,,1.45,GM,3.0
33,19/11/2024,202411,3,1210102723,12101030227,1731409450152,99765320,126,MADHU CHEMICAL COMPANY,MADHU,MADHU-SWEET SUPERI PPH-1.45 GM,3.0,1.45 GM.,PPH,Any other reason,,RECODING,5,2,99762215,187.4603,126,MADHU CHEMICAL COMPANY,MADHU,MADHU,1.25G PAAN MASALA,PLAST,1.25G,SWEET,,1.25,,0.0
33,19/11/2024,202411,3,1210102723,12101030227,1731409450152,99765320,126,MADHU CHEMICAL COMPANY,MADHU,MADHU-SWEET SUPERI PPH-1.45 GM,3.0,1.45 GM.,PPH,Any other reason,,RECODING,5,3,54103,188.2398,106,MAHENDRA INDUSTRIES-INDIA,MADHUR,MADHUR TRUE LOVE,MADHUR TRUE LOVE-PEACH PPH 5 GM,PLPCH,5.000 GM,PEACH,,5.0,GM,0.0
33,19/11/2024,202411,3,1210102723,12101030227,1731409450152,99765320,126,MADHU CHEMICAL COMPANY,MADHU,MADHU-SWEET SUPERI PPH-1.45 GM,3.0,1.45 GM.,PPH,Any other reason,,RECODING,5,4,91827177,191.16612,106,MAHENDRA INDUSTRIES-INDIA,MADHUR,MADHUR,MADHUR- LAL PAAN PPH 5 GM,PLPCH,5.000 GM,PAAN,,5.0,GM,0.0
33,19/11/2024,202411,3,1210102723,12101030227,1731409450152,99765320,126,MADHU CHEMICAL COMPANY,MADHU,MADHU-SWEET SUPERI PPH-1.45 GM,3.0,1.45 GM.,PPH,Any other reason,,RECODING,5,5,48360,194.32693,106,MAHENDRA INDUSTRIES-INDIA,MADHUR,MADHUR KING POP,MADHUR KING POP-LOLLIPOP PPH 9 GM,PLPCH,9.000 GM,UNSPECIFIED,,9.0,GM,0.0
33,19/11/2024,202411,3,1210102723,12101030227,1731409450152,99765320,126,MADHU CHEMICAL COMPANY,MADHU,MADHU-SWEET SUPERI PPH-1.45 GM,3.0,1.45 GM.,PPH,Any other reason,,RECODING,5,6,91827305,195.18999,106,DEEPAK RIDDHI SIDDHI PRODT-NP,DEEPAK,DEEPAK RAMAILO CHATAPATA CANDY,DEEPAK RAMAILO CHATAPATA CANDY-PPH 4 GM,PLPCH,4.000 GM,UNSPECIFIED,,4.0,GM,0.0
33,19/11/2024,202411,3,1210102723,12101030227,1731409450152,99765320,126,MADHU CHEMICAL COMPANY,MADHU,MADHU-SWEET SUPERI PPH-1.45 GM,3.0,1.45 GM.,PPH,Any other reason,,RECODING,5,7,54101,195.75125,106,MAHENDRA INDUSTRIES-INDIA,MADHUR,MADHUR TRUE LOVE,MADHUR TRUE LOVE-TAMARIND PPH 5 GM,PLPCH,5.000 GM,TAMARIND,,5.0,GM,0.0
33,19/11/2024,202411,3,1210102723,12101030227,1731409450152,99765320,126,MADHU CHEMICAL COMPANY,MADHU,MADHU-SWEET SUPERI PPH-1.45 GM,3.0,1.45 GM.,PPH,Any other reason,,RECODING,5,8,91827176,196.78304,106,MAHENDRA INDUSTRIES-INDIA,MADHUR,MADHUR TRUE LOVE,MADHUR TRUE LOVE- STRAWBERRY PPH 6 GM,PLPCH,6.000 GM,STRAWBERRY,,6.0,GM,0.0
33,19/11/2024,202411,3,1210102723,12101030227,1731409450152,99765320,126,MADHU CHEMICAL COMPANY,MADHU,MADHU-SWEET SUPERI PPH-1.45 GM,3.0,1.45 GM.,PPH,Any other reason,,RECODING,5,9,91826568,199.49396,106,MAHENDRA INDUSTRIES-INDIA,MADHUR,MADHUR TRUE LOVE,MADHUR TRUE LOVE- ORANGE PPH 6 GM,PLPCH,6.000 GM,ORANGE,,6.0,GM,0.0
33,19/11/2024,202411,3,1210102723,12101030227,1731409450152,99765320,126,MADHU CHEMICAL COMPANY,MADHU,MADHU-SWEET SUPERI PPH-1.45 GM,3.0,1.45 GM.,PPH,Any other reason,,RECODING,5,10,54891,200.95964,122,SHREE NATH INTERNATIONAL-IND,MOZ,MOZ,MOZ-PPH 500 GM,PLPCH,500.000 GM,,,500.0,GM,0.0
34,19/11/2024,202411,3,1210102219,12101030217,1731409450152,99765320,126,MADHU CHEMICAL COMPANY,MADHU,MADHU-SWEET SUPERI PPH-1.45 GM,3.0,1.45 GM.,PPH,,,RECODING,5,1,99765320,126.56582,126,MADHU CHEMICAL COMPANY,MADHU,MADHU,1.45G PAAN MASALA,PLAST,1.45G,SWEET,,1.45,GM,3.0
34,19/11/2024,202411,3,1210102219,12101030217,1731409450152,99765320,126,MADHU CHEMICAL COMPANY,MADHU,MADHU-SWEET SUPERI PPH-1.45 GM,3.0,1.45 GM.,PPH,,,RECODING,5,2,99762215,136.33882,126,MADHU CHEMICAL COMPANY,MADHU,MADHU,1.25G PAAN MASALA,PLAST,1.25G,SWEET,,1.25,,0.0
34,19/11/2024,202411,3,1210102219,12101030217,1731409450152,99765320,126,MADHU CHEMICAL COMPANY,MADHU,MADHU-SWEET SUPERI PPH-1.45 GM,3.0,1.45 GM.,PPH,,,RECODING,5,3,47744,159.12708,122,H.B INDUSTRIES-NEPAL,MEGHA,MEGHA,MEGHA-FLOWER FRESH PPH 3000 GMS,PLPCH,3000.000 GM,,,3000.0,GM,0.0
34,19/11/2024,202411,3,1210102219,12101030217,1731409450152,99765320,126,MADHU CHEMICAL COMPANY,MADHU,MADHU-SWEET SUPERI PPH-1.45 GM,3.0,1.45 GM.,PPH,,,RECODING,5,4,93026122,161.38617,122,H.B INDUSTRIES-NEPAL,MEGHA,MEGHA,MEGHA-FLOWER FRESH PPH 500 GMS,PLPCH,500.000 GM,,,500.0,GM,0.0
34,19/11/2024,202411,3,1210102219,12101030217,1731409450152,99765320,126,MADHU CHEMICAL COMPANY,MADHU,MADHU-SWEET SUPERI PPH-1.45 GM,3.0,1.45 GM.,PPH,,,RECODING,5,5,91827176,162.55275,106,MAHENDRA INDUSTRIES-INDIA,MADHUR,MADHUR TRUE LOVE,MADHUR TRUE LOVE- STRAWBERRY PPH 6 GM,PLPCH,6.000 GM,STRAWBERRY,,6.0,GM,0.0
34,19/11/2024,202411,3,1210102219,12101030217,1731409450152,99765320,126,MADHU CHEMICAL COMPANY,MADHU,MADHU-SWEET SUPERI PPH-1.45 GM,3.0,1.45 GM.,PPH,,,RECODING,5,6,48360,163.3205,106,MAHENDRA INDUSTRIES-INDIA,MADHUR,MADHUR KING POP,MADHUR KING POP-LOLLIPOP PPH 9 GM,PLPCH,9.000 GM,UNSPECIFIED,,9.0,GM,0.0
34,19/11/2024,202411,3,1210102219,12101030217,1731409450152,99765320,126,MADHU CHEMICAL COMPANY,MADHU,MADHU-SWEET SUPERI PPH-1.45 GM,3.0,1.45 GM.,PPH,,,RECODING,5,7,54103,163.73935,106,MAHENDRA INDUSTRIES-INDIA,MADHUR,MADHUR TRUE LOVE,MADHUR TRUE LOVE-PEACH PPH 5 GM,PLPCH,5.000 GM,PEACH,,5.0,GM,0.0
34,19/11/2024,202411,3,1210102219,12101030217,1731409450152,99765320,126,MADHU CHEMICAL COMPANY,MADHU,MADHU-SWEET SUPERI PPH-1.45 GM,3.0,1.45 GM.,PPH,,,RECODING,5,8,91826568,167.55112,106,MAHENDRA INDUSTRIES-INDIA,MADHUR,MADHUR TRUE LOVE,MADHUR TRUE LOVE- ORANGE PPH 6 GM,PLPCH,6.000 GM,ORANGE,,6.0,GM,0.0
34,19/11/2024,202411,3,1210102219,12101030217,1731409450152,99765320,126,MADHU CHEMICAL COMPANY,MADHU,MADHU-SWEET SUPERI PPH-1.45 GM,3.0,1.45 GM.,PPH,,,RECODING,5,9,93025975,168.51141,122,H.B INDUSTRIES-NEPAL,MEGHA,MEGHA,MEGHA-PPH 200 GMS,PLPCH,200.000 GM,,,200.0,GM,0.0
34,19/11/2024,202411,3,1210102219,12101030217,1731409450152,99765320,126,MADHU CHEMICAL COMPANY,MADHU,MADHU-SWEET SUPERI PPH-1.45 GM,3.0,1.45 GM.,PPH,,,RECODING,5,10,93026899,169.0666,122,H.B INDUSTRIES-NEPAL,MEGHA,MEGHA,MEGHA-PPH 1000 GMS,PLPCH,1000.000 GM,,,1000.0,GM,0.0
35,19/11/2024,202411,3,1210101382,12101030105,1731409450152,99765320,126,MADHU CHEMICAL COMPANY,MADHU,MADHU-SWEET SUPERI PPH-1.45 GM,3.0,1.45 GM.,PPH,Any other reason,,RECODING,5,1,99765320,178.52249,126,MADHU CHEMICAL COMPANY,MADHU,MADHU,1.45G PAAN MASALA,PLAST,1.45G,SWEET,,1.45,GM,3.0
35,19/11/2024,202411,3,1210101382,12101030105,1731409450152,99765320,126,MADHU CHEMICAL COMPANY,MADHU,MADHU-SWEET SUPERI PPH-1.45 GM,3.0,1.45 GM.,PPH,Any other reason,,RECODING,5,2,99762215,188.66724,126,MADHU CHEMICAL COMPANY,MADHU,MADHU,1.25G PAAN MASALA,PLAST,1.25G,SWEET,,1.25,,0.0
35,19/11/2024,202411,3,1210101382,12101030105,1731409450152,99765320,126,MADHU CHEMICAL COMPANY,MADHU,MADHU-SWEET SUPERI PPH-1.45 GM,3.0,1.45 GM.,PPH,Any other reason,,RECODING,5,3,54103,188.99628,106,MAHENDRA INDUSTRIES-INDIA,MADHUR,MADHUR TRUE LOVE,MADHUR TRUE LOVE-PEACH PPH 5 GM,PLPCH,5.000 GM,PEACH,,5.0,GM,0.0
35,19/11/2024,202411,3,1210101382,12101030105,1731409450152,99765320,126,MADHU CHEMICAL COMPANY,MADHU,MADHU-SWEET SUPERI PPH-1.45 GM,3.0,1.45 GM.,PPH,Any other reason,,RECODING,5,4,91827177,191.40662,106,MAHENDRA INDUSTRIES-INDIA,MADHUR,MADHUR,MADHUR- LAL PAAN PPH 5 GM,PLPCH,5.000 GM,PAAN,,5.0,GM,0.0
35,19/11/2024,202411,3,1210101382,12101030105,1731409450152,99765320,126,MADHU CHEMICAL COMPANY,MADHU,MADHU-SWEET SUPERI PPH-1.45 GM,3.0,1.45 GM.,PPH,Any other reason,,RECODING,5,5,91827305,194.26878,106,DEEPAK RIDDHI SIDDHI PRODT-NP,DEEPAK,DEEPAK RAMAILO CHATAPATA CANDY,DEEPAK RAMAILO CHATAPATA CANDY-PPH 4 GM,PLPCH,4.000 GM,UNSPECIFIED,,4.0,GM,0.0
35,19/11/2024,202411,3,1210101382,12101030105,1731409450152,99765320,126,MADHU CHEMICAL COMPANY,MADHU,MADHU-SWEET SUPERI PPH-1.45 GM,3.0,1.45 GM.,PPH,Any other reason,,RECODING,5,6,48360,194.29784,106,MAHENDRA INDUSTRIES-INDIA,MADHUR,MADHUR KING POP,MADHUR KING POP-LOLLIPOP PPH 9 GM,PLPCH,9.000 GM,UNSPECIFIED,,9.0,GM,0.0
35,19/11/2024,202411,3,1210101382,12101030105,1731409450152,99765320,126,MADHU CHEMICAL COMPANY,MADHU,MADHU-SWEET SUPERI PPH-1.45 GM,3.0,1.45 GM.,PPH,Any other reason,,RECODING,5,7,54101,195.9607,106,MAHENDRA INDUSTRIES-INDIA,MADHUR,MADHUR TRUE LOVE,MADHUR TRUE LOVE-TAMARIND PPH 5 GM,PLPCH,5.000 GM,TAMARIND,,5.0,GM,0.0
35,19/11/2024,202411,3,1210101382,12101030105,1731409450152,99765320,126,MADHU CHEMICAL COMPANY,MADHU,MADHU-SWEET SUPERI PPH-1.45 GM,3.0,1.45 GM.,PPH,Any other reason,,RECODING,5,8,91827176,197.25427,106,MAHENDRA INDUSTRIES-INDIA,MADHUR,MADHUR TRUE LOVE,MADHUR TRUE LOVE- STRAWBERRY PPH 6 GM,PLPCH,6.000 GM,STRAWBERRY,,6.0,GM,0.0
35,19/11/2024,202411,3,1210101382,12101030105,1731409450152,99765320,126,MADHU CHEMICAL COMPANY,MADHU,MADHU-SWEET SUPERI PPH-1.45 GM,3.0,1.45 GM.,PPH,Any other reason,,RECODING,5,9,91826568,199.43253,106,MAHENDRA INDUSTRIES-INDIA,MADHUR,MADHUR TRUE LOVE,MADHUR TRUE LOVE- ORANGE PPH 6 GM,PLPCH,6.000 GM,ORANGE,,6.0,GM,0.0
35,19/11/2024,202411,3,1210101382,12101030105,1731409450152,99765320,126,MADHU CHEMICAL COMPANY,MADHU,MADHU-SWEET SUPERI PPH-1.45 GM,3.0,1.45 GM.,PPH,Any other reason,,RECODING,5,10,54891,200.36316,122,SHREE NATH INTERNATIONAL-IND,MOZ,MOZ,MOZ-PPH 500 GM,PLPCH,500.000 GM,,,500.0,GM,0.0
36,19/11/2024,202411,3,1210102642,12101030099,1731409450152,99765320,126,MADHU CHEMICAL COMPANY,MADHU,MADHU-SWEET SUPERI PPH-1.45 GM,3.0,1.45 GM.,PPH,Any other reason,,RECODING,5,1,99765320,175.9426,126,MADHU CHEMICAL COMPANY,MADHU,MADHU,1.45G PAAN MASALA,PLAST,1.45G,SWEET,,1.45,GM,3.0
36,19/11/2024,202411,3,1210102642,12101030099,1731409450152,99765320,126,MADHU CHEMICAL COMPANY,MADHU,MADHU-SWEET SUPERI PPH-1.45 GM,3.0,1.45 GM.,PPH,Any other reason,,RECODING,5,2,99762215,185.29483,126,MADHU CHEMICAL COMPANY,MADHU,MADHU,1.25G PAAN MASALA,PLAST,1.25G,SWEET,,1.25,,0.0
36,19/11/2024,202411,3,1210102642,12101030099,1731409450152,99765320,126,MADHU CHEMICAL COMPANY,MADHU,MADHU-SWEET SUPERI PPH-1.45 GM,3.0,1.45 GM.,PPH,Any other reason,,RECODING,5,3,54103,187.1569,106,MAHENDRA INDUSTRIES-INDIA,MADHUR,MADHUR TRUE LOVE,MADHUR TRUE LOVE-PEACH PPH 5 GM,PLPCH,5.000 GM,PEACH,,5.0,GM,0.0
36,19/11/2024,202411,3,1210102642,12101030099,1731409450152,99765320,126,MADHU CHEMICAL COMPANY,MADHU,MADHU-SWEET SUPERI PPH-1.45 GM,3.0,1.45 GM.,PPH,Any other reason,,RECODING,5,4,91827177,190.48615,106,MAHENDRA INDUSTRIES-INDIA,MADHUR,MADHUR,MADHUR- LAL PAAN PPH 5 GM,PLPCH,5.000 GM,PAAN,,5.0,GM,0.0
36,19/11/2024,202411,3,1210102642,12101030099,1731409450152,99765320,126,MADHU CHEMICAL COMPANY,MADHU,MADHU-SWEET SUPERI PPH-1.45 GM,3.0,1.45 GM.,PPH,Any other reason,,RECODING,5,5,48360,193.95673,106,MAHENDRA INDUSTRIES-INDIA,MADHUR,MADHUR KING POP,MADHUR KING POP-LOLLIPOP PPH 9 GM,PLPCH,9.000 GM,UNSPECIFIED,,9.0,GM,0.0
36,19/11/2024,202411,3,1210102642,12101030099,1731409450152,99765320,126,MADHU CHEMICAL COMPANY,MADHU,MADHU-SWEET SUPERI PPH-1.45 GM,3.0,1.45 GM.,PPH,Any other reason,,RECODING,5,6,91827305,194.11966,106,DEEPAK RIDDHI SIDDHI PRODT-NP,DEEPAK,DEEPAK RAMAILO CHATAPATA CANDY,DEEPAK RAMAILO CHATAPATA CANDY-PPH 4 GM,PLPCH,4.000 GM,UNSPECIFIED,,4.0,GM,0.0
36,19/11/2024,202411,3,1210102642,12101030099,1731409450152,99765320,126,MADHU CHEMICAL COMPANY,MADHU,MADHU-SWEET SUPERI PPH-1.45 GM,3.0,1.45 GM.,PPH,Any other reason,,RECODING,5,7,54101,194.75827,106,MAHENDRA INDUSTRIES-INDIA,MADHUR,MADHUR TRUE LOVE,MADHUR TRUE LOVE-TAMARIND PPH 5 GM,PLPCH,5.000 GM,TAMARIND,,5.0,GM,0.0
36,19/11/2024,202411,3,1210102642,12101030099,1731409450152,99765320,126,MADHU CHEMICAL COMPANY,MADHU,MADHU-SWEET SUPERI PPH-1.45 GM,3.0,1.45 GM.,PPH,Any other reason,,RECODING,5,8,91827176,195.37764,106,MAHENDRA INDUSTRIES-INDIA,MADHUR,MADHUR TRUE LOVE,MADHUR TRUE LOVE- STRAWBERRY PPH 6 GM,PLPCH,6.000 GM,STRAWBERRY,,6.0,GM,0.0
36,19/11/2024,202411,3,1210102642,12101030099,1731409450152,99765320,126,MADHU CHEMICAL COMPANY,MADHU,MADHU-SWEET SUPERI PPH-1.45 GM,3.0,1.45 GM.,PPH,Any other reason,,RECODING,5,9,91826568,198.22333,106,MAHENDRA INDUSTRIES-INDIA,MADHUR,MADHUR TRUE LOVE,MADHUR TRUE LOVE- ORANGE PPH 6 GM,PLPCH,6.000 GM,ORANGE,,6.0,GM,0.0
36,19/11/2024,202411,3,1210102642,12101030099,1731409450152,99765320,126,MADHU CHEMICAL COMPANY,MADHU,MADHU-SWEET SUPERI PPH-1.45 GM,3.0,1.45 GM.,PPH,Any other reason,,RECODING,5,10,54891,201.05856,122,SHREE NATH INTERNATIONAL-IND,MOZ,MOZ,MOZ-PPH 500 GM,PLPCH,500.000 GM,,,500.0,GM,0.0
37,19/11/2024,202411,3,1220102375,12201030189,1731054475107,99765320,126,MADHU PRODUCTS NEPAL,MADHU,MADHU-MADHU-SWEET SUPARI PPH 1.45G,3.0,1.45G,PPH,,,RECODING,5,1,99765320,148.36139,126,MADHU CHEMICAL COMPANY,MADHU,MADHU,1.45G PAAN MASALA,PLAST,1.45G,SWEET,,1.45,GM,3.0
37,19/11/2024,202411,3,1220102375,12201030189,1731054475107,99765320,126,MADHU PRODUCTS NEPAL,MADHU,MADHU-MADHU-SWEET SUPARI PPH 1.45G,3.0,1.45G,PPH,,,RECODING,5,2,99762215,158.47472,126,MADHU CHEMICAL COMPANY,MADHU,MADHU,1.25G PAAN MASALA,PLAST,1.25G,SWEET,,1.25,,0.0
37,19/11/2024,202411,3,1220102375,12201030189,1731054475107,99765320,126,MADHU PRODUCTS NEPAL,MADHU,MADHU-MADHU-SWEET SUPARI PPH 1.45G,3.0,1.45G,PPH,,,RECODING,5,3,99763323,167.60907,123,SWADESHI SABUN UDHYOG-NEPAL,MADAL,MADAL,MADAL-PPH 200 GM,PLPCH,200.000 GM,,,200.0,GM,35.0
37,19/11/2024,202411,3,1220102375,12201030189,1731054475107,99765320,126,MADHU PRODUCTS NEPAL,MADHU,MADHU-MADHU-SWEET SUPARI PPH 1.45G,3.0,1.45G,PPH,,,RECODING,5,4,47744,173.36687,122,H.B INDUSTRIES-NEPAL,MEGHA,MEGHA,MEGHA-FLOWER FRESH PPH 3000 GMS,PLPCH,3000.000 GM,,,3000.0,GM,0.0
37,19/11/2024,202411,3,1220102375,12201030189,1731054475107,99765320,126,MADHU PRODUCTS NEPAL,MADHU,MADHU-MADHU-SWEET SUPARI PPH 1.45G,3.0,1.45G,PPH,,,RECODING,5,5,99762508,173.3722,122,PRABHU SOAP INDUSTRIES-NEPAL,PRABHU GHADI,PRABHU GHADI,PRABHU GHADI-PPH 500 GM,PLPCH,500.000 GM,,,500.0,GM,55.0
37,19/11/2024,202411,3,1220102375,12201030189,1731054475107,99765320,126,MADHU PRODUCTS NEPAL,MADHU,MADHU-MADHU-SWEET SUPARI PPH 1.45G,3.0,1.45G,PPH,,,RECODING,5,6,50126,174.29832,123,SWADESHI SABUN UDHYOG-NEPAL,AAHA,AAHA,AAHA-PPH 220 GM,PLPCH,220.000 GM,,,220.0,GM,0.0
37,19/11/2024,202411,3,1220102375,12201030189,1731054475107,99765320,126,MADHU PRODUCTS NEPAL,MADHU,MADHU-MADHU-SWEET SUPARI PPH 1.45G,3.0,1.45G,PPH,,,RECODING,5,7,99764100,174.3623,116,SRIJANSHIL MAHILA UDHAMI-NEPAL,SATHI,SATHI,SATHI-XXL PPH 7 NOS,PLPCH,7.000 NO,,,7.0,NO,130.0
37,19/11/2024,202411,3,1220102375,12201030189,1731054475107,99765320,126,MADHU PRODUCTS NEPAL,MADHU,MADHU-MADHU-SWEET SUPARI PPH 1.45G,3.0,1.45G,PPH,,,RECODING,5,8,54647,174.8434,122,SWADESHI SABUN UDHYOG-NEPAL,AAHA,AAHA,AAHA-PPH 2900 GM+FR BUCKET,PLPCH,2900.000 GM,,,2900.0,GM,0.0
37,19/11/2024,202411,3,1220102375,12201030189,1731054475107,99765320,126,MADHU PRODUCTS NEPAL,MADHU,MADHU-MADHU-SWEET SUPARI PPH 1.45G,3.0,1.45G,PPH,,,RECODING,5,9,54646,175.19592,122,SWADESHI SABUN UDHYOG-NEPAL,AAHA,AAHA,AAHA-PPH 2900 GM,PLPCH,2900.000 GM,,,2900.0,GM,0.0
37,19/11/2024,202411,3,1220102375,12201030189,1731054475107,99765320,126,MADHU PRODUCTS NEPAL,MADHU,MADHU-MADHU-SWEET SUPARI PPH 1.45G,3.0,1.45G,PPH,,,RECODING,5,10,54041,175.48859,123,SWADESHI SABUN UDHYOG-NEPAL,AAHA,AAHA,AAHA-PPH 95 GM,PLPCH,95.000 GM,,,95.0,GM,0.0
38,19/11/2024,202411,3,1210101577,12101030100,1731409450152,99765320,126,MADHU CHEMICAL COMPANY,MADHU,MADHU-SWEET SUPERI PPH-1.45 GM,3.0,1.45 GM.,PPH,,,RECODING,5,1,99765320,126.00299,126,MADHU CHEMICAL COMPANY,MADHU,MADHU,1.45G PAAN MASALA,PLAST,1.45G,SWEET,,1.45,GM,3.0
38,19/11/2024,202411,3,1210101577,12101030100,1731409450152,99765320,126,MADHU CHEMICAL COMPANY,MADHU,MADHU-SWEET SUPERI PPH-1.45 GM,3.0,1.45 GM.,PPH,,,RECODING,5,2,99762215,135.48401,126,MADHU CHEMICAL COMPANY,MADHU,MADHU,1.25G PAAN MASALA,PLAST,1.25G,SWEET,,1.25,,0.0
38,19/11/2024,202411,3,1210101577,12101030100,1731409450152,99765320,126,MADHU CHEMICAL COMPANY,MADHU,MADHU-SWEET SUPERI PPH-1.45 GM,3.0,1.45 GM.,PPH,,,RECODING,5,3,47744,158.11063,122,H.B INDUSTRIES-NEPAL,MEGHA,MEGHA,MEGHA-FLOWER FRESH PPH 3000 GMS,PLPCH,3000.000 GM,,,3000.0,GM,0.0
38,19/11/2024,202411,3,1210101577,12101030100,1731409450152,99765320,126,MADHU CHEMICAL COMPANY,MADHU,MADHU-SWEET SUPERI PPH-1.45 GM,3.0,1.45 GM.,PPH,,,RECODING,5,4,93026122,160.35608,122,H.B INDUSTRIES-NEPAL,MEGHA,MEGHA,MEGHA-FLOWER FRESH PPH 500 GMS,PLPCH,500.000 GM,,,500.0,GM,0.0
38,19/11/2024,202411,3,1210101577,12101030100,1731409450152,99765320,126,MADHU CHEMICAL COMPANY,MADHU,MADHU-SWEET SUPERI PPH-1.45 GM,3.0,1.45 GM.,PPH,,,RECODING,5,5,91827176,163.31146,106,MAHENDRA INDUSTRIES-INDIA,MADHUR,MADHUR TRUE LOVE,MADHUR TRUE LOVE- STRAWBERRY PPH 6 GM,PLPCH,6.000 GM,STRAWBERRY,,6.0,GM,0.0
38,19/11/2024,202411,3,1210101577,12101030100,1731409450152,99765320,126,MADHU CHEMICAL COMPANY,MADHU,MADHU-SWEET SUPERI PPH-1.45 GM,3.0,1.45 GM.,PPH,,,RECODING,5,6,48360,163.3895,106,MAHENDRA INDUSTRIES-INDIA,MADHUR,MADHUR KING POP,MADHUR KING POP-LOLLIPOP PPH 9 GM,PLPCH,9.000 GM,UNSPECIFIED,,9.0,GM,0.0
38,19/11/2024,202411,3,1210101577,12101030100,1731409450152,99765320,126,MADHU CHEMICAL COMPANY,MADHU,MADHU-SWEET SUPERI PPH-1.45 GM,3.0,1.45 GM.,PPH,,,RECODING,5,7,54103,164.76253,106,MAHENDRA INDUSTRIES-INDIA,MADHUR,MADHUR TRUE LOVE,MADHUR TRUE LOVE-PEACH PPH 5 GM,PLPCH,5.000 GM,PEACH,,5.0,GM,0.0
38,19/11/2024,202411,3,1210101577,12101030100,1731409450152,99765320,126,MADHU CHEMICAL COMPANY,MADHU,MADHU-SWEET SUPERI PPH-1.45 GM,3.0,1.45 GM.,PPH,,,RECODING,5,8,93025975,166.3952,122,H.B INDUSTRIES-NEPAL,MEGHA,MEGHA,MEGHA-PPH 200 GMS,PLPCH,200.000 GM,,,200.0,GM,0.0
38,19/11/2024,202411,3,1210101577,12101030100,1731409450152,99765320,126,MADHU CHEMICAL COMPANY,MADHU,MADHU-SWEET SUPERI PPH-1.45 GM,3.0,1.45 GM.,PPH,,,RECODING,5,9,93026899,166.87433,122,H.B INDUSTRIES-NEPAL,MEGHA,MEGHA,MEGHA-PPH 1000 GMS,PLPCH,1000.000 GM,,,1000.0,GM,0.0
38,19/11/2024,202411,3,1210101577,12101030100,1731409450152,99765320,126,MADHU CHEMICAL COMPANY,MADHU,MADHU-SWEET SUPERI PPH-1.45 GM,3.0,1.45 GM.,PPH,,,RECODING,5,10,91826568,167.76509,106,MAHENDRA INDUSTRIES-INDIA,MADHUR,MADHUR TRUE LOVE,MADHUR TRUE LOVE- ORANGE PPH 6 GM,PLPCH,6.000 GM,ORANGE,,6.0,GM,0.0
39,19/11/2024,202411,3,2110100232,21101031571,1731937092881,99765321,105,SURYA NEPAL PVT LTD - NEPAL,SURYA FUSION,SURYA FUSION,320.0,20'S-KS,FTP,New SKU,1731937092881-surya nepal pvt ltd - nepal-surya fusion#3.png,RECODING,5,1,46667,158.93817,123,B.S.I PVT LTD-NEPAL,SURYA,SURYA,SURYA-UNWRP 200 GMS,UNWRP,200.000 GM,,,200.0,GM,0.0
39,19/11/2024,202411,3,2110100232,21101031571,1731937092881,99765321,105,SURYA NEPAL PVT LTD - NEPAL,SURYA FUSION,SURYA FUSION,320.0,20'S-KS,FTP,New SKU,1731937092881-surya nepal pvt ltd - nepal-surya fusion#3.png,RECODING,5,2,92923725,162.19926,123,B.S.I PVT LTD-NEPAL,SURYA,SURYA,SURYA-UNWRP 150 GMS,UNWRP,150.000 GM,,,150.0,GM,0.0
39,19/11/2024,202411,3,2110100232,21101031571,1731937092881,99765321,105,SURYA NEPAL PVT LTD - NEPAL,SURYA FUSION,SURYA FUSION,320.0,20'S-KS,FTP,New SKU,1731937092881-surya nepal pvt ltd - nepal-surya fusion#3.png,RECODING,5,3,99765321,169.3047,105,SURYA NEPAL PVT LTD - NEPAL,SURYA,SURYA FUSION,HL 20'S,HL,20,FULL FLAVOUR,,20.0,NO,320.0
39,19/11/2024,202411,3,2110100232,21101031571,1731937092881,99765321,105,SURYA NEPAL PVT LTD - NEPAL,SURYA FUSION,SURYA FUSION,320.0,20'S-KS,FTP,New SKU,1731937092881-surya nepal pvt ltd - nepal-surya fusion#3.png,RECODING,5,4,99764555,170.59006,106,SURYA NEPAL PVT LTD - NEPAL,TOFFICHOO,TOFFICHOO CHATPATA FUN,TOFFICHOO CHATPATA FUN-MASALA PUNCH PCN 720 GM,PLJAR,720.000 GM,MASALA,,720.0,GM,300.0
39,19/11/2024,202411,3,2110100232,21101031571,1731937092881,99765321,105,SURYA NEPAL PVT LTD - NEPAL,SURYA FUSION,SURYA FUSION,320.0,20'S-KS,FTP,New SKU,1731937092881-surya nepal pvt ltd - nepal-surya fusion#3.png,RECODING,5,5,99764653,175.44244,106,SURYA NEPAL PVT LTD - NEPAL,TOFFICHOO,TOFFICHOO FRUITY DELITE,TOFFICHOO FRUITY DELITE-ASSORTED PCN 600 GM,PLJAR,600.000 GM,ASSORTED,,600.0,GM,400.0
39,19/11/2024,202411,3,2110100232,21101031571,1731937092881,99765321,105,SURYA NEPAL PVT LTD - NEPAL,SURYA FUSION,SURYA FUSION,320.0,20'S-KS,FTP,New SKU,1731937092881-surya nepal pvt ltd - nepal-surya fusion#3.png,RECODING,5,6,99764789,175.91957,106,SURYA NEPAL PVT LTD - NEPAL,TOFFICHOO,TOFFICHOO DUOZ,TOFFICHOO DUOZ-STRAWBERRY PCN 720 GM,PLJAR,720.000 GM,STRAWBERRY,,720.0,GM,400.0
39,19/11/2024,202411,3,2110100232,21101031571,1731937092881,99765321,105,SURYA NEPAL PVT LTD - NEPAL,SURYA FUSION,SURYA FUSION,320.0,20'S-KS,FTP,New SKU,1731937092881-surya nepal pvt ltd - nepal-surya fusion#3.png,RECODING,5,7,99764612,177.7096,106,SURYA NEPAL PVT LTD - NEPAL,TOFFICHOO TADKA,TOFFICHOO TADKA,TOFFICHOO TADKA-CHAT MASALA LITCHI PCN 760GM,PLJAR,760.000 GM,LYCHEE,,760.0,GM,500.0
39,19/11/2024,202411,3,2110100232,21101031571,1731937092881,99765321,105,SURYA NEPAL PVT LTD - NEPAL,SURYA FUSION,SURYA FUSION,320.0,20'S-KS,FTP,New SKU,1731937092881-surya nepal pvt ltd - nepal-surya fusion#3.png,RECODING,5,8,53474,178.11026,123,K.S.C.I(P) LTD-NEPAL,PARIJAT,PARIJAT,PARIJAT-UNWRP 200 GM,UNWRP,200.000 GM,,,200.0,GM,0.0
39,19/11/2024,202411,3,2110100232,21101031571,1731937092881,99765321,105,SURYA NEPAL PVT LTD - NEPAL,SURYA FUSION,SURYA FUSION,320.0,20'S-KS,FTP,New SKU,1731937092881-surya nepal pvt ltd - nepal-surya fusion#3.png,RECODING,5,9,99762790,178.68518,106,SURYA NEPAL PVT LTD - NEPAL,TOFFICHOO,TOFFICHOO CRÈME LACTO,TOFFICHOO CRÈME LACTO-PPH 4 GM,PLPCH,4.000 GM,UNSPECIFIED,,4.0,GM,2.0
39,19/11/2024,202411,3,2110100232,21101031571,1731937092881,99765321,105,SURYA NEPAL PVT LTD - NEPAL,SURYA FUSION,SURYA FUSION,320.0,20'S-KS,FTP,New SKU,1731937092881-surya nepal pvt ltd - nepal-surya fusion#3.png,RECODING,5,10,47592,179.56204,105,SURYA NEPAL PVT LTD - NEPAL,SHIKHAR,SHIKHAR ICE RUSH,HL 20'S,HL,20,FRESH,,20.0,NO,185.0
40,19/11/2024,202411,3,1031154915602,52201030027,1731308020769,99765321,105,SURYA NEPAL PVT LTD - NEPAL,SURYA FUSION,SURYA FUSION,320.0,HL 20 NOS,CBP,,,RECODING,5,1,92923725,147.29779,123,B.S.I PVT LTD-NEPAL,SURYA,SURYA,SURYA-UNWRP 150 GMS,UNWRP,150.000 GM,,,150.0,GM,0.0
40,19/11/2024,202411,3,1031154915602,52201030027,1731308020769,99765321,105,SURYA NEPAL PVT LTD - NEPAL,SURYA FUSION,SURYA FUSION,320.0,HL 20 NOS,CBP,,,RECODING,5,2,46667,149.35645,123,B.S.I PVT LTD-NEPAL,SURYA,SURYA,SURYA-UNWRP 200 GMS,UNWRP,200.000 GM,,,200.0,GM,0.0
40,19/11/2024,202411,3,1031154915602,52201030027,1731308020769,99765321,105,SURYA NEPAL PVT LTD - NEPAL,SURYA FUSION,SURYA FUSION,320.0,HL 20 NOS,CBP,,,RECODING,5,3,90110247,152.55946,105,SURYA NEPAL PVT LTD - NEPAL,SURYA,SURYA CITRIC FRESH,HL 20'S,HL,20,FRESH,,20.0,NO,300.0
40,19/11/2024,202411,3,1031154915602,52201030027,1731308020769,99765321,105,SURYA NEPAL PVT LTD - NEPAL,SURYA FUSION,SURYA FUSION,320.0,HL 20 NOS,CBP,,,RECODING,5,4,99763869,155.994,105,SURYA NEPAL PVT LTD - NEPAL,NAULO,NAULO BURST,HL 20'S,HL,20,FRESH,,20.0,NO,175.0
40,19/11/2024,202411,3,1031154915602,52201030027,1731308020769,99765321,105,SURYA NEPAL PVT LTD - NEPAL,SURYA FUSION,SURYA FUSION,320.0,HL 20 NOS,CBP,,,RECODING,5,5,47592,157.39235,105,SURYA NEPAL PVT LTD - NEPAL,SHIKHAR,SHIKHAR ICE RUSH,HL 20'S,HL,20,FRESH,,20.0,NO,185.0
40,19/11/2024,202411,3,1031154915602,52201030027,1731308020769,99765321,105,SURYA NEPAL PVT LTD - NEPAL,SURYA FUSION,SURYA FUSION,320.0,HL 20 NOS,CBP,,,RECODING,5,6,48587,157.95488,105,SURYA NEPAL PVT LTD - NEPAL,SURYA,SURYA 24 CARAT ARCTIC BURST,HL 20'S,HL,20,FRESH,,20.0,NO,300.0
40,19/11/2024,202411,3,1031154915602,52201030027,1731308020769,99765321,105,SURYA NEPAL PVT LTD - NEPAL,SURYA FUSION,SURYA FUSION,320.0,HL 20 NOS,CBP,,,RECODING,5,7,99765090,158.94725,105,SURYA NEPAL PVT LTD - NEPAL,SURYA,SURYA DUAL BURST,HL 20'S,HL,20,FRESH,,20.0,NO,320.0
40,19/11/2024,202411,3,1031154915602,52201030027,1731308020769,99765321,105,SURYA NEPAL PVT LTD - NEPAL,SURYA FUSION,SURYA FUSION,320.0,HL 20 NOS,CBP,,,RECODING,5,8,99765321,159.1007,105,SURYA NEPAL PVT LTD - NEPAL,SURYA,SURYA FUSION,HL 20'S,HL,20,FULL FLAVOUR,,20.0,NO,320.0
40,19/11/2024,202411,3,1031154915602,52201030027,1731308020769,99765321,105,SURYA NEPAL PVT LTD - NEPAL,SURYA FUSION,SURYA FUSION,320.0,HL 20 NOS,CBP,,,RECODING,5,9,99764555,163.48102,106,SURYA NEPAL PVT LTD - NEPAL,TOFFICHOO,TOFFICHOO CHATPATA FUN,TOFFICHOO CHATPATA FUN-MASALA PUNCH PCN 720 GM,PLJAR,720.000 GM,MASALA,,720.0,GM,300.0
40,19/11/2024,202411,3,1031154915602,52201030027,1731308020769,99765321,105,SURYA NEPAL PVT LTD - NEPAL,SURYA FUSION,SURYA FUSION,320.0,HL 20 NOS,CBP,,,RECODING,5,10,48588,165.5798,105,SURYA NEPAL PVT LTD - NEPAL,SURYA,SURYA 24 CARAT BLUE,HL 20'S,HL,20,LIGHT,,20.0,NO,300.0
41,19/11/2024,202411,3,1103132536656,52201030011,1731308020769,99765321,105,SURYA NEPAL PVT LTD - NEPAL,SURYA FUSION,SURYA FUSION,320.0,HL 20 NOS,CBP,,,RECODING,5,1,92923725,146.32404,123,B.S.I PVT LTD-NEPAL,SURYA,SURYA,SURYA-UNWRP 150 GMS,UNWRP,150.000 GM,,,150.0,GM,0.0
41,19/11/2024,202411,3,1103132536656,52201030011,1731308020769,99765321,105,SURYA NEPAL PVT LTD - NEPAL,SURYA FUSION,SURYA FUSION,320.0,HL 20 NOS,CBP,,,RECODING,5,2,46667,148.02309,123,B.S.I PVT LTD-NEPAL,SURYA,SURYA,SURYA-UNWRP 200 GMS,UNWRP,200.000 GM,,,200.0,GM,0.0
41,19/11/2024,202411,3,1103132536656,52201030011,1731308020769,99765321,105,SURYA NEPAL PVT LTD - NEPAL,SURYA FUSION,SURYA FUSION,320.0,HL 20 NOS,CBP,,,RECODING,5,3,90110247,150.70213,105,SURYA NEPAL PVT LTD - NEPAL,SURYA,SURYA CITRIC FRESH,HL 20'S,HL,20,FRESH,,20.0,NO,300.0
41,19/11/2024,202411,3,1103132536656,52201030011,1731308020769,99765321,105,SURYA NEPAL PVT LTD - NEPAL,SURYA FUSION,SURYA FUSION,320.0,HL 20 NOS,CBP,,,RECODING,5,4,99763869,154.62558,105,SURYA NEPAL PVT LTD - NEPAL,NAULO,NAULO BURST,HL 20'S,HL,20,FRESH,,20.0,NO,175.0
41,19/11/2024,202411,3,1103132536656,52201030011,1731308020769,99765321,105,SURYA NEPAL PVT LTD - NEPAL,SURYA FUSION,SURYA FUSION,320.0,HL 20 NOS,CBP,,,RECODING,5,5,47592,155.0353,105,SURYA NEPAL PVT LTD - NEPAL,SHIKHAR,SHIKHAR ICE RUSH,HL 20'S,HL,20,FRESH,,20.0,NO,185.0
41,19/11/2024,202411,3,1103132536656,52201030011,1731308020769,99765321,105,SURYA NEPAL PVT LTD - NEPAL,SURYA FUSION,SURYA FUSION,320.0,HL 20 NOS,CBP,,,RECODING,5,6,48587,155.57146,105,SURYA NEPAL PVT LTD - NEPAL,SURYA,SURYA 24 CARAT ARCTIC BURST,HL 20'S,HL,20,FRESH,,20.0,NO,300.0
41,19/11/2024,202411,3,1103132536656,52201030011,1731308020769,99765321,105,SURYA NEPAL PVT LTD - NEPAL,SURYA FUSION,SURYA FUSION,320.0,HL 20 NOS,CBP,,,RECODING,5,7,99765321,156.03174,105,SURYA NEPAL PVT LTD - NEPAL,SURYA,SURYA FUSION,HL 20'S,HL,20,FULL FLAVOUR,,20.0,NO,320.0
41,19/11/2024,202411,3,1103132536656,52201030011,1731308020769,99765321,105,SURYA NEPAL PVT LTD - NEPAL,SURYA FUSION,SURYA FUSION,320.0,HL 20 NOS,CBP,,,RECODING,5,8,99765090,157.01767,105,SURYA NEPAL PVT LTD - NEPAL,SURYA,SURYA DUAL BURST,HL 20'S,HL,20,FRESH,,20.0,NO,320.0
41,19/11/2024,202411,3,1103132536656,52201030011,1731308020769,99765321,105,SURYA NEPAL PVT LTD - NEPAL,SURYA FUSION,SURYA FUSION,320.0,HL 20 NOS,CBP,,,RECODING,5,9,48588,163.21478,105,SURYA NEPAL PVT LTD - NEPAL,SURYA,SURYA 24 CARAT BLUE,HL 20'S,HL,20,LIGHT,,20.0,NO,300.0
41,19/11/2024,202411,3,1103132536656,52201030011,1731308020769,99765321,105,SURYA NEPAL PVT LTD - NEPAL,SURYA FUSION,SURYA FUSION,320.0,HL 20 NOS,CBP,,,RECODING,5,10,99764555,163.29765,106,SURYA NEPAL PVT LTD - NEPAL,TOFFICHOO,TOFFICHOO CHATPATA FUN,TOFFICHOO CHATPATA FUN-MASALA PUNCH PCN 720 GM,PLJAR,720.000 GM,MASALA,,720.0,GM,300.0
42,22/11/2024,202411,3,1220102346,12201030187,1731054475107,99765320,126,MADHU PRODUCTS NEPAL,MADHU,MADHU-MADHU-SWEET SUPARI PPH 1.45G,3.0,1.45G,PPH,,,RECODING,5,1,99765320,149.21434,126,MADHU CHEMICAL COMPANY,MADHU,MADHU,1.45G PAAN MASALA,PLAST,1.45G,SWEET,,1.45,GM,3.0
42,22/11/2024,202411,3,1220102346,12201030187,1731054475107,99765320,126,MADHU PRODUCTS NEPAL,MADHU,MADHU-MADHU-SWEET SUPARI PPH 1.45G,3.0,1.45G,PPH,,,RECODING,5,2,99762215,159.58545,126,MADHU CHEMICAL COMPANY,MADHU,MADHU,1.25G PAAN MASALA,PLAST,1.25G,SWEET,,1.25,,0.0
42,22/11/2024,202411,3,1220102346,12201030187,1731054475107,99765320,126,MADHU PRODUCTS NEPAL,MADHU,MADHU-MADHU-SWEET SUPARI PPH 1.45G,3.0,1.45G,PPH,,,RECODING,5,3,99763323,167.83203,123,SWADESHI SABUN UDHYOG-NEPAL,MADAL,MADAL,MADAL-PPH 200 GM,PLPCH,200.000 GM,,,200.0,GM,35.0
42,22/11/2024,202411,3,1220102346,12201030187,1731054475107,99765320,126,MADHU PRODUCTS NEPAL,MADHU,MADHU-MADHU-SWEET SUPARI PPH 1.45G,3.0,1.45G,PPH,,,RECODING,5,4,47744,171.83702,122,H.B INDUSTRIES-NEPAL,MEGHA,MEGHA,MEGHA-FLOWER FRESH PPH 3000 GMS,PLPCH,3000.000 GM,,,3000.0,GM,0.0
42,22/11/2024,202411,3,1220102346,12201030187,1731054475107,99765320,126,MADHU PRODUCTS NEPAL,MADHU,MADHU-MADHU-SWEET SUPARI PPH 1.45G,3.0,1.45G,PPH,,,RECODING,5,5,99762508,172.11423,122,PRABHU SOAP INDUSTRIES-NEPAL,PRABHU GHADI,PRABHU GHADI,PRABHU GHADI-PPH 500 GM,PLPCH,500.000 GM,,,500.0,GM,55.0
42,22/11/2024,202411,3,1220102346,12201030187,1731054475107,99765320,126,MADHU PRODUCTS NEPAL,MADHU,MADHU-MADHU-SWEET SUPARI PPH 1.45G,3.0,1.45G,PPH,,,RECODING,5,6,50126,173.51921,123,SWADESHI SABUN UDHYOG-NEPAL,AAHA,AAHA,AAHA-PPH 220 GM,PLPCH,220.000 GM,,,220.0,GM,0.0
42,22/11/2024,202411,3,1220102346,12201030187,1731054475107,99765320,126,MADHU PRODUCTS NEPAL,MADHU,MADHU-MADHU-SWEET SUPARI PPH 1.45G,3.0,1.45G,PPH,,,RECODING,5,7,54647,174.49283,122,SWADESHI SABUN UDHYOG-NEPAL,AAHA,AAHA,AAHA-PPH 2900 GM+FR BUCKET,PLPCH,2900.000 GM,,,2900.0,GM,0.0
42,22/11/2024,202411,3,1220102346,12201030187,1731054475107,99765320,126,MADHU PRODUCTS NEPAL,MADHU,MADHU-MADHU-SWEET SUPARI PPH 1.45G,3.0,1.45G,PPH,,,RECODING,5,8,99764100,174.55504,116,SRIJANSHIL MAHILA UDHAMI-NEPAL,SATHI,SATHI,SATHI-XXL PPH 7 NOS,PLPCH,7.000 NO,,,7.0,NO,130.0
42,22/11/2024,202411,3,1220102346,12201030187,1731054475107,99765320,126,MADHU PRODUCTS NEPAL,MADHU,MADHU-MADHU-SWEET SUPARI PPH 1.45G,3.0,1.45G,PPH,,,RECODING,5,9,54646,175.29431,122,SWADESHI SABUN UDHYOG-NEPAL,AAHA,AAHA,AAHA-PPH 2900 GM,PLPCH,2900.000 GM,,,2900.0,GM,0.0
42,22/11/2024,202411,3,1220102346,12201030187,1731054475107,99765320,126,MADHU PRODUCTS NEPAL,MADHU,MADHU-MADHU-SWEET SUPARI PPH 1.45G,3.0,1.45G,PPH,,,RECODING,5,10,49239,175.81223,123,SWADESHI SABUN UDHYOG-NEPAL,AAHA,AAHA,AAHA-PPH 12*190 GM [2280GM],PLPCH,190.000 GM,,,2280.0,GM,0.0
43,22/11/2024,202411,3,1220102346,12201030187,1731055629590,99765326,124,DEUTI GUTKHA INDUSTRIES,MEGHA SHREE PREMIUM,MEGHA SHREE PREMIUM GUTKHA 2.20G,5.0,2.20G,PPH,,,RECODING,5,1,99765326,112.1463,124,DEUTI GUTKHA INDUSTRIES,MEGHA SHREE,MEGHA SHREE PREMIUM,2.20G GUTKA,PLAST,2.20G,REGULAR,,2.2,GM,5.0
43,22/11/2024,202411,3,1220102346,12201030187,1731055629590,99765326,124,DEUTI GUTKHA INDUSTRIES,MEGHA SHREE PREMIUM,MEGHA SHREE PREMIUM GUTKHA 2.20G,5.0,2.20G,PPH,,,RECODING,5,2,99762223,119.32165,124,DEUTI GUTKHA INDUSTRIES,MEGHA SHREE,MEGHA SHREE PREMIUM,2.3G GUTKA,PLAST,2.3G,REGULAR,,2.3,,0.0
43,22/11/2024,202411,3,1220102346,12201030187,1731055629590,99765326,124,DEUTI GUTKHA INDUSTRIES,MEGHA SHREE PREMIUM,MEGHA SHREE PREMIUM GUTKHA 2.20G,5.0,2.20G,PPH,,,RECODING,5,3,99764162,123.19798,124,DEUTI GUTKHA INDUSTRIES,MEGHA SHREE,MEGHA SHREE PREMIUM,2.14G GUTKA,PLAST,2.14G,REGULAR,,2.14,GM,5.0
43,22/11/2024,202411,3,1220102346,12201030187,1731055629590,99765326,124,DEUTI GUTKHA INDUSTRIES,MEGHA SHREE PREMIUM,MEGHA SHREE PREMIUM GUTKHA 2.20G,5.0,2.20G,PPH,,,RECODING,5,4,93025975,165.5815,122,H.B INDUSTRIES-NEPAL,MEGHA,MEGHA,MEGHA-PPH 200 GMS,PLPCH,200.000 GM,,,200.0,GM,0.0
43,22/11/2024,202411,3,1220102346,12201030187,1731055629590,99765326,124,DEUTI GUTKHA INDUSTRIES,MEGHA SHREE PREMIUM,MEGHA SHREE PREMIUM GUTKHA 2.20G,5.0,2.20G,PPH,,,RECODING,5,5,47744,167.88739,122,H.B INDUSTRIES-NEPAL,MEGHA,MEGHA,MEGHA-FLOWER FRESH PPH 3000 GMS,PLPCH,3000.000 GM,,,3000.0,GM,0.0
43,22/11/2024,202411,3,1220102346,12201030187,1731055629590,99765326,124,DEUTI GUTKHA INDUSTRIES,MEGHA SHREE PREMIUM,MEGHA SHREE PREMIUM GUTKHA 2.20G,5.0,2.20G,PPH,,,RECODING,5,6,99762301,170.11678,125,DEUTI GUTKHA INDUSTRIES,RADHA EXTRA POWER,RADHA EXTRA POWER,8G KHAINI,PLAST,8G,REGULAR,,8.0,,0.0
43,22/11/2024,202411,3,1220102346,12201030187,1731055629590,99765326,124,DEUTI GUTKHA INDUSTRIES,MEGHA SHREE PREMIUM,MEGHA SHREE PREMIUM GUTKHA 2.20G,5.0,2.20G,PPH,,,RECODING,5,7,93026122,171.76775,122,H.B INDUSTRIES-NEPAL,MEGHA,MEGHA,MEGHA-FLOWER FRESH PPH 500 GMS,PLPCH,500.000 GM,,,500.0,GM,0.0
43,22/11/2024,202411,3,1220102346,12201030187,1731055629590,99765326,124,DEUTI GUTKHA INDUSTRIES,MEGHA SHREE PREMIUM,MEGHA SHREE PREMIUM GUTKHA 2.20G,5.0,2.20G,PPH,,,RECODING,5,8,93026899,175.43881,122,H.B INDUSTRIES-NEPAL,MEGHA,MEGHA,MEGHA-PPH 1000 GMS,PLPCH,1000.000 GM,,,1000.0,GM,0.0
43,22/11/2024,202411,3,1220102346,12201030187,1731055629590,99765326,124,DEUTI GUTKHA INDUSTRIES,MEGHA SHREE PREMIUM,MEGHA SHREE PREMIUM GUTKHA 2.20G,5.0,2.20G,PPH,,,RECODING,5,9,99762303,186.72778,124,SAHAYOG SURTI UDHYOG,RECHARGE,RECHARGE,2.5G GUTKA,PLAST,2.5G,REGULAR,,2.5,,0.0
43,22/11/2024,202411,3,1220102346,12201030187,1731055629590,99765326,124,DEUTI GUTKHA INDUSTRIES,MEGHA SHREE PREMIUM,MEGHA SHREE PREMIUM GUTKHA 2.20G,5.0,2.20G,PPH,,,RECODING,5,10,93019322,189.95346,122,ANAN DESHOUR GRAMO UDHYOG-IND,PAN PATTA,PAN PATTA,PAN PATTA-PPH 20 GMS,PLPCH,20.000 GM,,,20.0,GM,0.0
44,22/11/2024,202411,3,1220102379,12201030188,1731054475107,99765320,126,MADHU PRODUCTS NEPAL,MADHU,MADHU-MADHU-SWEET SUPARI PPH 1.45G,3.0,1.45G,PPH,,,RECODING,5,1,99765320,149.195,126,MADHU CHEMICAL COMPANY,MADHU,MADHU,1.45G PAAN MASALA,PLAST,1.45G,SWEET,,1.45,GM,3.0
44,22/11/2024,202411,3,1220102379,12201030188,1731054475107,99765320,126,MADHU PRODUCTS NEPAL,MADHU,MADHU-MADHU-SWEET SUPARI PPH 1.45G,3.0,1.45G,PPH,,,RECODING,5,2,99762215,159.6213,126,MADHU CHEMICAL COMPANY,MADHU,MADHU,1.25G PAAN MASALA,PLAST,1.25G,SWEET,,1.25,,0.0
44,22/11/2024,202411,3,1220102379,12201030188,1731054475107,99765320,126,MADHU PRODUCTS NEPAL,MADHU,MADHU-MADHU-SWEET SUPARI PPH 1.45G,3.0,1.45G,PPH,,,RECODING,5,3,99763323,168.13364,123,SWADESHI SABUN UDHYOG-NEPAL,MADAL,MADAL,MADAL-PPH 200 GM,PLPCH,200.000 GM,,,200.0,GM,35.0
44,22/11/2024,202411,3,1220102379,12201030188,1731054475107,99765320,126,MADHU PRODUCTS NEPAL,MADHU,MADHU-MADHU-SWEET SUPARI PPH 1.45G,3.0,1.45G,PPH,,,RECODING,5,4,99762508,172.23042,122,PRABHU SOAP INDUSTRIES-NEPAL,PRABHU GHADI,PRABHU GHADI,PRABHU GHADI-PPH 500 GM,PLPCH,500.000 GM,,,500.0,GM,55.0
44,22/11/2024,202411,3,1220102379,12201030188,1731054475107,99765320,126,MADHU PRODUCTS NEPAL,MADHU,MADHU-MADHU-SWEET SUPARI PPH 1.45G,3.0,1.45G,PPH,,,RECODING,5,5,47744,172.39865,122,H.B INDUSTRIES-NEPAL,MEGHA,MEGHA,MEGHA-FLOWER FRESH PPH 3000 GMS,PLPCH,3000.000 GM,,,3000.0,GM,0.0
44,22/11/2024,202411,3,1220102379,12201030188,1731054475107,99765320,126,MADHU PRODUCTS NEPAL,MADHU,MADHU-MADHU-SWEET SUPARI PPH 1.45G,3.0,1.45G,PPH,,,RECODING,5,6,50126,174.35522,123,SWADESHI SABUN UDHYOG-NEPAL,AAHA,AAHA,AAHA-PPH 220 GM,PLPCH,220.000 GM,,,220.0,GM,0.0
44,22/11/2024,202411,3,1220102379,12201030188,1731054475107,99765320,126,MADHU PRODUCTS NEPAL,MADHU,MADHU-MADHU-SWEET SUPARI PPH 1.45G,3.0,1.45G,PPH,,,RECODING,5,7,99764100,174.66855,116,SRIJANSHIL MAHILA UDHAMI-NEPAL,SATHI,SATHI,SATHI-XXL PPH 7 NOS,PLPCH,7.000 NO,,,7.0,NO,130.0
44,22/11/2024,202411,3,1220102379,12201030188,1731054475107,99765320,126,MADHU PRODUCTS NEPAL,MADHU,MADHU-MADHU-SWEET SUPARI PPH 1.45G,3.0,1.45G,PPH,,,RECODING,5,8,54647,175.14587,122,SWADESHI SABUN UDHYOG-NEPAL,AAHA,AAHA,AAHA-PPH 2900 GM+FR BUCKET,PLPCH,2900.000 GM,,,2900.0,GM,0.0
44,22/11/2024,202411,3,1220102379,12201030188,1731054475107,99765320,126,MADHU PRODUCTS NEPAL,MADHU,MADHU-MADHU-SWEET SUPARI PPH 1.45G,3.0,1.45G,PPH,,,RECODING,5,9,54041,176.26456,123,SWADESHI SABUN UDHYOG-NEPAL,AAHA,AAHA,AAHA-PPH 95 GM,PLPCH,95.000 GM,,,95.0,GM,0.0
44,22/11/2024,202411,3,1220102379,12201030188,1731054475107,99765320,126,MADHU PRODUCTS NEPAL,MADHU,MADHU-MADHU-SWEET SUPARI PPH 1.45G,3.0,1.45G,PPH,,,RECODING,5,10,93026122,176.30344,122,H.B INDUSTRIES-NEPAL,MEGHA,MEGHA,MEGHA-FLOWER FRESH PPH 500 GMS,PLPCH,500.000 GM,,,500.0,GM,0.0
45,22/11/2024,202411,3,1220102358,12201030190,1731054475107,99765320,126,MADHU PRODUCTS NEPAL,MADHU,MADHU-MADHU-SWEET SUPARI PPH 1.45G,3.0,1.45G,PPH,,,RECODING,5,1,99765320,149.59521,126,MADHU CHEMICAL COMPANY,MADHU,MADHU,1.45G PAAN MASALA,PLAST,1.45G,SWEET,,1.45,GM,3.0
45,22/11/2024,202411,3,1220102358,12201030190,1731054475107,99765320,126,MADHU PRODUCTS NEPAL,MADHU,MADHU-MADHU-SWEET SUPARI PPH 1.45G,3.0,1.45G,PPH,,,RECODING,5,2,99762215,160.27908,126,MADHU CHEMICAL COMPANY,MADHU,MADHU,1.25G PAAN MASALA,PLAST,1.25G,SWEET,,1.25,,0.0
45,22/11/2024,202411,3,1220102358,12201030190,1731054475107,99765320,126,MADHU PRODUCTS NEPAL,MADHU,MADHU-MADHU-SWEET SUPARI PPH 1.45G,3.0,1.45G,PPH,,,RECODING,5,3,99763323,168.89532,123,SWADESHI SABUN UDHYOG-NEPAL,MADAL,MADAL,MADAL-PPH 200 GM,PLPCH,200.000 GM,,,200.0,GM,35.0
45,22/11/2024,202411,3,1220102358,12201030190,1731054475107,99765320,126,MADHU PRODUCTS NEPAL,MADHU,MADHU-MADHU-SWEET SUPARI PPH 1.45G,3.0,1.45G,PPH,,,RECODING,5,4,99762508,172.47778,122,PRABHU SOAP INDUSTRIES-NEPAL,PRABHU GHADI,PRABHU GHADI,PRABHU GHADI-PPH 500 GM,PLPCH,500.000 GM,,,500.0,GM,55.0
45,22/11/2024,202411,3,1220102358,12201030190,1731054475107,99765320,126,MADHU PRODUCTS NEPAL,MADHU,MADHU-MADHU-SWEET SUPARI PPH 1.45G,3.0,1.45G,PPH,,,RECODING,5,5,47744,172.59021,122,H.B INDUSTRIES-NEPAL,MEGHA,MEGHA,MEGHA-FLOWER FRESH PPH 3000 GMS,PLPCH,3000.000 GM,,,3000.0,GM,0.0
45,22/11/2024,202411,3,1220102358,12201030190,1731054475107,99765320,126,MADHU PRODUCTS NEPAL,MADHU,MADHU-MADHU-SWEET SUPARI PPH 1.45G,3.0,1.45G,PPH,,,RECODING,5,6,50126,174.9758,123,SWADESHI SABUN UDHYOG-NEPAL,AAHA,AAHA,AAHA-PPH 220 GM,PLPCH,220.000 GM,,,220.0,GM,0.0
45,22/11/2024,202411,3,1220102358,12201030190,1731054475107,99765320,126,MADHU PRODUCTS NEPAL,MADHU,MADHU-MADHU-SWEET SUPARI PPH 1.45G,3.0,1.45G,PPH,,,RECODING,5,7,54647,175.48578,122,SWADESHI SABUN UDHYOG-NEPAL,AAHA,AAHA,AAHA-PPH 2900 GM+FR BUCKET,PLPCH,2900.000 GM,,,2900.0,GM,0.0
45,22/11/2024,202411,3,1220102358,12201030190,1731054475107,99765320,126,MADHU PRODUCTS NEPAL,MADHU,MADHU-MADHU-SWEET SUPARI PPH 1.45G,3.0,1.45G,PPH,,,RECODING,5,8,99764100,175.8159,116,SRIJANSHIL MAHILA UDHAMI-NEPAL,SATHI,SATHI,SATHI-XXL PPH 7 NOS,PLPCH,7.000 NO,,,7.0,NO,130.0
45,22/11/2024,202411,3,1220102358,12201030190,1731054475107,99765320,126,MADHU PRODUCTS NEPAL,MADHU,MADHU-MADHU-SWEET SUPARI PPH 1.45G,3.0,1.45G,PPH,,,RECODING,5,9,93026122,176.45883,122,H.B INDUSTRIES-NEPAL,MEGHA,MEGHA,MEGHA-FLOWER FRESH PPH 500 GMS,PLPCH,500.000 GM,,,500.0,GM,0.0
45,22/11/2024,202411,3,1220102358,12201030190,1731054475107,99765320,126,MADHU PRODUCTS NEPAL,MADHU,MADHU-MADHU-SWEET SUPARI PPH 1.45G,3.0,1.45G,PPH,,,RECODING,5,10,54646,176.83,122,SWADESHI SABUN UDHYOG-NEPAL,AAHA,AAHA,AAHA-PPH 2900 GM,PLPCH,2900.000 GM,,,2900.0,GM,0.0
46,22/11/2024,202411,3,1220102358,12201030190,1731055629590,99765326,124,DEUTI GUTKHA INDUSTRIES,MEGHA SHREE PREMIUM,MEGHA SHREE PREMIUM GUTKHA 2.20G,5.0,2.20G,PPH,,,RECODING,5,1,99765326,109.89259,124,DEUTI GUTKHA INDUSTRIES,MEGHA SHREE,MEGHA SHREE PREMIUM,2.20G GUTKA,PLAST,2.20G,REGULAR,,2.2,GM,5.0
46,22/11/2024,202411,3,1220102358,12201030190,1731055629590,99765326,124,DEUTI GUTKHA INDUSTRIES,MEGHA SHREE PREMIUM,MEGHA SHREE PREMIUM GUTKHA 2.20G,5.0,2.20G,PPH,,,RECODING,5,2,99762223,117.72835,124,DEUTI GUTKHA INDUSTRIES,MEGHA SHREE,MEGHA SHREE PREMIUM,2.3G GUTKA,PLAST,2.3G,REGULAR,,2.3,,0.0
46,22/11/2024,202411,3,1220102358,12201030190,1731055629590,99765326,124,DEUTI GUTKHA INDUSTRIES,MEGHA SHREE PREMIUM,MEGHA SHREE PREMIUM GUTKHA 2.20G,5.0,2.20G,PPH,,,RECODING,5,3,99764162,121.070625,124,DEUTI GUTKHA INDUSTRIES,MEGHA SHREE,MEGHA SHREE PREMIUM,2.14G GUTKA,PLAST,2.14G,REGULAR,,2.14,GM,5.0
46,22/11/2024,202411,3,1220102358,12201030190,1731055629590,99765326,124,DEUTI GUTKHA INDUSTRIES,MEGHA SHREE PREMIUM,MEGHA SHREE PREMIUM GUTKHA 2.20G,5.0,2.20G,PPH,,,RECODING,5,4,93025975,166.23277,122,H.B INDUSTRIES-NEPAL,MEGHA,MEGHA,MEGHA-PPH 200 GMS,PLPCH,200.000 GM,,,200.0,GM,0.0
46,22/11/2024,202411,3,1220102358,12201030190,1731055629590,99765326,124,DEUTI GUTKHA INDUSTRIES,MEGHA SHREE PREMIUM,MEGHA SHREE PREMIUM GUTKHA 2.20G,5.0,2.20G,PPH,,,RECODING,5,5,47744,168.04642,122,H.B INDUSTRIES-NEPAL,MEGHA,MEGHA,MEGHA-FLOWER FRESH PPH 3000 GMS,PLPCH,3000.000 GM,,,3000.0,GM,0.0
46,22/11/2024,202411,3,1220102358,12201030190,1731055629590,99765326,124,DEUTI GUTKHA INDUSTRIES,MEGHA SHREE PREMIUM,MEGHA SHREE PREMIUM GUTKHA 2.20G,5.0,2.20G,PPH,,,RECODING,5,6,99762301,169.0499,125,DEUTI GUTKHA INDUSTRIES,RADHA EXTRA POWER,RADHA EXTRA POWER,8G KHAINI,PLAST,8G,REGULAR,,8.0,,0.0
46,22/11/2024,202411,3,1220102358,12201030190,1731055629590,99765326,124,DEUTI GUTKHA INDUSTRIES,MEGHA SHREE PREMIUM,MEGHA SHREE PREMIUM GUTKHA 2.20G,5.0,2.20G,PPH,,,RECODING,5,7,93026122,171.7174,122,H.B INDUSTRIES-NEPAL,MEGHA,MEGHA,MEGHA-FLOWER FRESH PPH 500 GMS,PLPCH,500.000 GM,,,500.0,GM,0.0
46,22/11/2024,202411,3,1220102358,12201030190,1731055629590,99765326,124,DEUTI GUTKHA INDUSTRIES,MEGHA SHREE PREMIUM,MEGHA SHREE PREMIUM GUTKHA 2.20G,5.0,2.20G,PPH,,,RECODING,5,8,93026899,176.46144,122,H.B INDUSTRIES-NEPAL,MEGHA,MEGHA,MEGHA-PPH 1000 GMS,PLPCH,1000.000 GM,,,1000.0,GM,0.0
46,22/11/2024,202411,3,1220102358,12201030190,1731055629590,99765326,124,DEUTI GUTKHA INDUSTRIES,MEGHA SHREE PREMIUM,MEGHA SHREE PREMIUM GUTKHA 2.20G,5.0,2.20G,PPH,,,RECODING,5,9,99762303,186.18896,124,SAHAYOG SURTI UDHYOG,RECHARGE,RECHARGE,2.5G GUTKA,PLAST,2.5G,REGULAR,,2.5,,0.0
46,22/11/2024,202411,3,1220102358,12201030190,1731055629590,99765326,124,DEUTI GUTKHA INDUSTRIES,MEGHA SHREE PREMIUM,MEGHA SHREE PREMIUM GUTKHA 2.20G,5.0,2.20G,PPH,,,RECODING,5,10,99762273,190.24037,124,SHREE MEENAKSHI PRODUCTS NEPAL,GOA,GOA PREMIUM 1000,2G GUTKA,PLAST,2G,REGULAR,,2.0,,0.0
47,22/11/2024,202411,3,1220102372,12201030159,1731055081538,99765327,124,VIKAS CHEMICALS NEPAL,SHUDH PLUS,SHUDH PLUS GUTKHA PPH 2G,5.0,2G,PPH,,1731055081538-vikas chemicals nepal-shudh plus#3.png,RECODING,5,1,99765327,114.243004,124,VIKAS CHEMICALS-NEPAL,SHUDH PLUS,SHUDH PLUS,2G GUTKA,PLAST,2G,REGULAR,,2.0,GM,5.0
47,22/11/2024,202411,3,1220102372,12201030159,1731055081538,99765327,124,VIKAS CHEMICALS NEPAL,SHUDH PLUS,SHUDH PLUS GUTKHA PPH 2G,5.0,2G,PPH,,1731055081538-vikas chemicals nepal-shudh plus#3.png,RECODING,5,2,99763073,123.17565,123,SIDDHI BINAYAK CHEMICALS-NEPAL,RUKH CHHAP,RUKH CHHAP DALLO SABUN,RUKH CHHAP DALLO SABUN-PPH 3*250 GM [750 GM],PLPCH,250.000 GM,,,750.0,GM,100.0
47,22/11/2024,202411,3,1220102372,12201030159,1731055081538,99765327,124,VIKAS CHEMICALS NEPAL,SHUDH PLUS,SHUDH PLUS GUTKHA PPH 2G,5.0,2G,PPH,,1731055081538-vikas chemicals nepal-shudh plus#3.png,RECODING,5,3,54983,155.92206,123,MAHAKALI OLIYO CHEM - NEPAL,GAGAN,GAGAN,GAGAN-PPH 195 GM,PLPCH,195.000 GM,,,195.0,GM,0.0
47,22/11/2024,202411,3,1220102372,12201030159,1731055081538,99765327,124,VIKAS CHEMICALS NEPAL,SHUDH PLUS,SHUDH PLUS GUTKHA PPH 2G,5.0,2G,PPH,,1731055081538-vikas chemicals nepal-shudh plus#3.png,RECODING,5,4,99763817,163.02261,123,MAHAKALI OLIYO CHEM - NEPAL,GAGAN,GAGAN,GAGAN-EXTRA WHITENER PPH 3*144 GM [430GM] 3 PCS PACK,PLPCH,144.000 GM,,,430.0,GM,100.0
47,22/11/2024,202411,3,1220102372,12201030159,1731055081538,99765327,124,VIKAS CHEMICALS NEPAL,SHUDH PLUS,SHUDH PLUS GUTKHA PPH 2G,5.0,2G,PPH,,1731055081538-vikas chemicals nepal-shudh plus#3.png,RECODING,5,5,92911446,164.216,123,NEPAL CHEMICALS- NEPAL,CHAHANA,CHAHANA,CHAHANA-EWP 200 GMS,EWRPK,200.000 GM,,,200.0,GM,0.0
47,22/11/2024,202411,3,1220102372,12201030159,1731055081538,99765327,124,VIKAS CHEMICALS NEPAL,SHUDH PLUS,SHUDH PLUS GUTKHA PPH 2G,5.0,2G,PPH,,1731055081538-vikas chemicals nepal-shudh plus#3.png,RECODING,5,6,53903,164.86217,123,MAHAKALI OLIYO CHEM - NEPAL,GAGAN,GAGAN,GAGAN-PPH 200 GMS,PLPCH,200.000 GM,,,200.0,GM,0.0
47,22/11/2024,202411,3,1220102372,12201030159,1731055081538,99765327,124,VIKAS CHEMICALS NEPAL,SHUDH PLUS,SHUDH PLUS GUTKHA PPH 2G,5.0,2G,PPH,,1731055081538-vikas chemicals nepal-shudh plus#3.png,RECODING,5,7,99764020,166.70586,123,HIMGIRI HYGIENE PVT LTD-NEPAL,TIKA,TIKA,TIKA-LAUNDRY SOAP PPH 3*167 GM [500 GM],PLPCH,167.000 GM,,,500.0,GM,105.0
47,22/11/2024,202411,3,1220102372,12201030159,1731055081538,99765327,124,VIKAS CHEMICALS NEPAL,SHUDH PLUS,SHUDH PLUS GUTKHA PPH 2G,5.0,2G,PPH,,1731055081538-vikas chemicals nepal-shudh plus#3.png,RECODING,5,8,50126,167.66718,123,SWADESHI SABUN UDHYOG-NEPAL,AAHA,AAHA,AAHA-PPH 220 GM,PLPCH,220.000 GM,,,220.0,GM,0.0
47,22/11/2024,202411,3,1220102372,12201030159,1731055081538,99765327,124,VIKAS CHEMICALS NEPAL,SHUDH PLUS,SHUDH PLUS GUTKHA PPH 2G,5.0,2G,PPH,,1731055081538-vikas chemicals nepal-shudh plus#3.png,RECODING,5,9,99763680,167.69165,123,KWALITY CHEM PVT LTD-NEPAL,SHUVA,SHUVA,SHUVA-PPH 200 GM,PLPCH,200.000 GM,,,200.0,GM,40.0
47,22/11/2024,202411,3,1220102372,12201030159,1731055081538,99765327,124,VIKAS CHEMICALS NEPAL,SHUDH PLUS,SHUDH PLUS GUTKHA PPH 2G,5.0,2G,PPH,,1731055081538-vikas chemicals nepal-shudh plus#3.png,RECODING,5,10,92927192,168.32996,123,K. CHEMICAL-NEPAL,123,123,123-PPH 90 GMS,PLPCH,90.000 GM,,,90.0,GM,0.0
48,22/11/2024,202411,3,1220102372,12201030159,1731055629590,99765326,124,DEUTI GUTKHA INDUSTRIES,MEGHA SHREE PREMIUM,MEGHA SHREE PREMIUM GUTKHA 2.20G,5.0,2.20G,PPH,,1731055629590-deuti gutkha industries-megha shree premium#3.png,RECODING,5,1,99765326,104.30092,124,DEUTI GUTKHA INDUSTRIES,MEGHA SHREE,MEGHA SHREE PREMIUM,2.20G GUTKA,PLAST,2.20G,REGULAR,,2.2,GM,5.0
48,22/11/2024,202411,3,1220102372,12201030159,1731055629590,99765326,124,DEUTI GUTKHA INDUSTRIES,MEGHA SHREE PREMIUM,MEGHA SHREE PREMIUM GUTKHA 2.20G,5.0,2.20G,PPH,,1731055629590-deuti gutkha industries-megha shree premium#3.png,RECODING,5,2,99762223,109.4709,124,DEUTI GUTKHA INDUSTRIES,MEGHA SHREE,MEGHA SHREE PREMIUM,2.3G GUTKA,PLAST,2.3G,REGULAR,,2.3,,0.0
48,22/11/2024,202411,3,1220102372,12201030159,1731055629590,99765326,124,DEUTI GUTKHA INDUSTRIES,MEGHA SHREE PREMIUM,MEGHA SHREE PREMIUM GUTKHA 2.20G,5.0,2.20G,PPH,,1731055629590-deuti gutkha industries-megha shree premium#3.png,RECODING,5,3,99764162,113.963455,124,DEUTI GUTKHA INDUSTRIES,MEGHA SHREE,MEGHA SHREE PREMIUM,2.14G GUTKA,PLAST,2.14G,REGULAR,,2.14,GM,5.0
48,22/11/2024,202411,3,1220102372,12201030159,1731055629590,99765326,124,DEUTI GUTKHA INDUSTRIES,MEGHA SHREE PREMIUM,MEGHA SHREE PREMIUM GUTKHA 2.20G,5.0,2.20G,PPH,,1731055629590-deuti gutkha industries-megha shree premium#3.png,RECODING,5,4,93025975,158.3102,122,H.B INDUSTRIES-NEPAL,MEGHA,MEGHA,MEGHA-PPH 200 GMS,PLPCH,200.000 GM,,,200.0,GM,0.0
48,22/11/2024,202411,3,1220102372,12201030159,1731055629590,99765326,124,DEUTI GUTKHA INDUSTRIES,MEGHA SHREE PREMIUM,MEGHA SHREE PREMIUM GUTKHA 2.20G,5.0,2.20G,PPH,,1731055629590-deuti gutkha industries-megha shree premium#3.png,RECODING,5,5,47744,158.91861,122,H.B INDUSTRIES-NEPAL,MEGHA,MEGHA,MEGHA-FLOWER FRESH PPH 3000 GMS,PLPCH,3000.000 GM,,,3000.0,GM,0.0
48,22/11/2024,202411,3,1220102372,12201030159,1731055629590,99765326,124,DEUTI GUTKHA INDUSTRIES,MEGHA SHREE PREMIUM,MEGHA SHREE PREMIUM GUTKHA 2.20G,5.0,2.20G,PPH,,1731055629590-deuti gutkha industries-megha shree premium#3.png,RECODING,5,6,93026122,163.35701,122,H.B INDUSTRIES-NEPAL,MEGHA,MEGHA,MEGHA-FLOWER FRESH PPH 500 GMS,PLPCH,500.000 GM,,,500.0,GM,0.0
48,22/11/2024,202411,3,1220102372,12201030159,1731055629590,99765326,124,DEUTI GUTKHA INDUSTRIES,MEGHA SHREE PREMIUM,MEGHA SHREE PREMIUM GUTKHA 2.20G,5.0,2.20G,PPH,,1731055629590-deuti gutkha industries-megha shree premium#3.png,RECODING,5,7,93026899,164.28488,122,H.B INDUSTRIES-NEPAL,MEGHA,MEGHA,MEGHA-PPH 1000 GMS,PLPCH,1000.000 GM,,,1000.0,GM,0.0
48,22/11/2024,202411,3,1220102372,12201030159,1731055629590,99765326,124,DEUTI GUTKHA INDUSTRIES,MEGHA SHREE PREMIUM,MEGHA SHREE PREMIUM GUTKHA 2.20G,5.0,2.20G,PPH,,1731055629590-deuti gutkha industries-megha shree premium#3.png,RECODING,5,8,99762273,171.92955,124,SHREE MEENAKSHI PRODUCTS NEPAL,GOA,GOA PREMIUM 1000,2G GUTKA,PLAST,2G,REGULAR,,2.0,,0.0
48,22/11/2024,202411,3,1220102372,12201030159,1731055629590,99765326,124,DEUTI GUTKHA INDUSTRIES,MEGHA SHREE PREMIUM,MEGHA SHREE PREMIUM GUTKHA 2.20G,5.0,2.20G,PPH,,1731055629590-deuti gutkha industries-megha shree premium#3.png,RECODING,5,9,99762301,174.08247,125,DEUTI GUTKHA INDUSTRIES,RADHA EXTRA POWER,RADHA EXTRA POWER,8G KHAINI,PLAST,8G,REGULAR,,8.0,,0.0
48,22/11/2024,202411,3,1220102372,12201030159,1731055629590,99765326,124,DEUTI GUTKHA INDUSTRIES,MEGHA SHREE PREMIUM,MEGHA SHREE PREMIUM GUTKHA 2.20G,5.0,2.20G,PPH,,1731055629590-deuti gutkha industries-megha shree premium#3.png,RECODING,5,10,99764171,183.38574,122,SHREE BALAJI GRAMODYOG-INDIA,NAHATA,NAHATA SKY,NAHATA SKY-DETERGENT POWER PPH 5000 GM,PLPCH,5000.000 GM,,,5000.0,GM,650.0
49,22/11/2024,202411,3,1220102372,12201030159,1731054475107,99765320,126,MADHU PRODUCTS NEPAL,MADHU,MADHU-MADHU-SWEET SUPARI PPH 1.45G,32.5,1.45G,PPH,,,RECODING,5,1,99765320,150.48206,126,MADHU CHEMICAL COMPANY,MADHU,MADHU,1.45G PAAN MASALA,PLAST,1.45G,SWEET,,1.45,GM,3.0
49,22/11/2024,202411,3,1220102372,12201030159,1731054475107,99765320,126,MADHU PRODUCTS NEPAL,MADHU,MADHU-MADHU-SWEET SUPARI PPH 1.45G,32.5,1.45G,PPH,,,RECODING,5,2,99762215,160.47784,126,MADHU CHEMICAL COMPANY,MADHU,MADHU,1.25G PAAN MASALA,PLAST,1.25G,SWEET,,1.25,,0.0
49,22/11/2024,202411,3,1220102372,12201030159,1731054475107,99765320,126,MADHU PRODUCTS NEPAL,MADHU,MADHU-MADHU-SWEET SUPARI PPH 1.45G,32.5,1.45G,PPH,,,RECODING,5,3,99763323,166.71599,123,SWADESHI SABUN UDHYOG-NEPAL,MADAL,MADAL,MADAL-PPH 200 GM,PLPCH,200.000 GM,,,200.0,GM,35.0
49,22/11/2024,202411,3,1220102372,12201030159,1731054475107,99765320,126,MADHU PRODUCTS NEPAL,MADHU,MADHU-MADHU-SWEET SUPARI PPH 1.45G,32.5,1.45G,PPH,,,RECODING,5,4,99762508,171.18616,122,PRABHU SOAP INDUSTRIES-NEPAL,PRABHU GHADI,PRABHU GHADI,PRABHU GHADI-PPH 500 GM,PLPCH,500.000 GM,,,500.0,GM,55.0
49,22/11/2024,202411,3,1220102372,12201030159,1731054475107,99765320,126,MADHU PRODUCTS NEPAL,MADHU,MADHU-MADHU-SWEET SUPARI PPH 1.45G,32.5,1.45G,PPH,,,RECODING,5,5,47744,172.32904,122,H.B INDUSTRIES-NEPAL,MEGHA,MEGHA,MEGHA-FLOWER FRESH PPH 3000 GMS,PLPCH,3000.000 GM,,,3000.0,GM,0.0
49,22/11/2024,202411,3,1220102372,12201030159,1731054475107,99765320,126,MADHU PRODUCTS NEPAL,MADHU,MADHU-MADHU-SWEET SUPARI PPH 1.45G,32.5,1.45G,PPH,,,RECODING,5,6,50126,175.18848,123,SWADESHI SABUN UDHYOG-NEPAL,AAHA,AAHA,AAHA-PPH 220 GM,PLPCH,220.000 GM,,,220.0,GM,0.0
49,22/11/2024,202411,3,1220102372,12201030159,1731054475107,99765320,126,MADHU PRODUCTS NEPAL,MADHU,MADHU-MADHU-SWEET SUPARI PPH 1.45G,32.5,1.45G,PPH,,,RECODING,5,7,54647,175.30563,122,SWADESHI SABUN UDHYOG-NEPAL,AAHA,AAHA,AAHA-PPH 2900 GM+FR BUCKET,PLPCH,2900.000 GM,,,2900.0,GM,0.0
49,22/11/2024,202411,3,1220102372,12201030159,1731054475107,99765320,126,MADHU PRODUCTS NEPAL,MADHU,MADHU-MADHU-SWEET SUPARI PPH 1.45G,32.5,1.45G,PPH,,,RECODING,5,8,93026122,175.7911,122,H.B INDUSTRIES-NEPAL,MEGHA,MEGHA,MEGHA-FLOWER FRESH PPH 500 GMS,PLPCH,500.000 GM,,,500.0,GM,0.0
49,22/11/2024,202411,3,1220102372,12201030159,1731054475107,99765320,126,MADHU PRODUCTS NEPAL,MADHU,MADHU-MADHU-SWEET SUPARI PPH 1.45G,32.5,1.45G,PPH,,,RECODING,5,9,49239,176.17256,123,SWADESHI SABUN UDHYOG-NEPAL,AAHA,AAHA,AAHA-PPH 12*190 GM [2280GM],PLPCH,190.000 GM,,,2280.0,GM,0.0
49,22/11/2024,202411,3,1220102372,12201030159,1731054475107,99765320,126,MADHU PRODUCTS NEPAL,MADHU,MADHU-MADHU-SWEET SUPARI PPH 1.45G,32.5,1.45G,PPH,,,RECODING,5,10,99764100,176.3089,116,SRIJANSHIL MAHILA UDHAMI-NEPAL,SATHI,SATHI,SATHI-XXL PPH 7 NOS,PLPCH,7.000 NO,,,7.0,NO,130.0
50,22/11/2024,202411,3,1220102403,12201030212,1731054475107,99765320,126,MADHU PRODUCTS NEPAL,MADHU,MADHU-MADHU-SWEET SUPARI PPH 1.45G,3.0,1.45G,PPH,,,RECODING,5,1,99765320,149.95016,126,MADHU CHEMICAL COMPANY,MADHU,MADHU,1.45G PAAN MASALA,PLAST,1.45G,SWEET,,1.45,GM,3.0
50,22/11/2024,202411,3,1220102403,12201030212,1731054475107,99765320,126,MADHU PRODUCTS NEPAL,MADHU,MADHU-MADHU-SWEET SUPARI PPH 1.45G,3.0,1.45G,PPH,,,RECODING,5,2,99762215,160.8785,126,MADHU CHEMICAL COMPANY,MADHU,MADHU,1.25G PAAN MASALA,PLAST,1.25G,SWEET,,1.25,,0.0
50,22/11/2024,202411,3,1220102403,12201030212,1731054475107,99765320,126,MADHU PRODUCTS NEPAL,MADHU,MADHU-MADHU-SWEET SUPARI PPH 1.45G,3.0,1.45G,PPH,,,RECODING,5,3,99763323,169.62317,123,SWADESHI SABUN UDHYOG-NEPAL,MADAL,MADAL,MADAL-PPH 200 GM,PLPCH,200.000 GM,,,200.0,GM,35.0
50,22/11/2024,202411,3,1220102403,12201030212,1731054475107,99765320,126,MADHU PRODUCTS NEPAL,MADHU,MADHU-MADHU-SWEET SUPARI PPH 1.45G,3.0,1.45G,PPH,,,RECODING,5,4,99762508,172.45041,122,PRABHU SOAP INDUSTRIES-NEPAL,PRABHU GHADI,PRABHU GHADI,PRABHU GHADI-PPH 500 GM,PLPCH,500.000 GM,,,500.0,GM,55.0
50,22/11/2024,202411,3,1220102403,12201030212,1731054475107,99765320,126,MADHU PRODUCTS NEPAL,MADHU,MADHU-MADHU-SWEET SUPARI PPH 1.45G,3.0,1.45G,PPH,,,RECODING,5,5,47744,173.67917,122,H.B INDUSTRIES-NEPAL,MEGHA,MEGHA,MEGHA-FLOWER FRESH PPH 3000 GMS,PLPCH,3000.000 GM,,,3000.0,GM,0.0
50,22/11/2024,202411,3,1220102403,12201030212,1731054475107,99765320,126,MADHU PRODUCTS NEPAL,MADHU,MADHU-MADHU-SWEET SUPARI PPH 1.45G,3.0,1.45G,PPH,,,RECODING,5,6,50126,175.79385,123,SWADESHI SABUN UDHYOG-NEPAL,AAHA,AAHA,AAHA-PPH 220 GM,PLPCH,220.000 GM,,,220.0,GM,0.0
50,22/11/2024,202411,3,1220102403,12201030212,1731054475107,99765320,126,MADHU PRODUCTS NEPAL,MADHU,MADHU-MADHU-SWEET SUPARI PPH 1.45G,3.0,1.45G,PPH,,,RECODING,5,7,99764100,176.19307,116,SRIJANSHIL MAHILA UDHAMI-NEPAL,SATHI,SATHI,SATHI-XXL PPH 7 NOS,PLPCH,7.000 NO,,,7.0,NO,130.0
50,22/11/2024,202411,3,1220102403,12201030212,1731054475107,99765320,126,MADHU PRODUCTS NEPAL,MADHU,MADHU-MADHU-SWEET SUPARI PPH 1.45G,3.0,1.45G,PPH,,,RECODING,5,8,54647,176.3009,122,SWADESHI SABUN UDHYOG-NEPAL,AAHA,AAHA,AAHA-PPH 2900 GM+FR BUCKET,PLPCH,2900.000 GM,,,2900.0,GM,0.0
50,22/11/2024,202411,3,1220102403,12201030212,1731054475107,99765320,126,MADHU PRODUCTS NEPAL,MADHU,MADHU-MADHU-SWEET SUPARI PPH 1.45G,3.0,1.45G,PPH,,,RECODING,5,9,93026122,177.26907,122,H.B INDUSTRIES-NEPAL,MEGHA,MEGHA,MEGHA-FLOWER FRESH PPH 500 GMS,PLPCH,500.000 GM,,,500.0,GM,0.0
50,22/11/2024,202411,3,1220102403,12201030212,1731054475107,99765320,126,MADHU PRODUCTS NEPAL,MADHU,MADHU-MADHU-SWEET SUPARI PPH 1.45G,3.0,1.45G,PPH,,,RECODING,5,10,99762509,177.56447,122,PRABHU SOAP INDUSTRIES-NEPAL,PRABHU GHADI,PRABHU GHADI,PRABHU GHADI-PPH 1000 GM,PLPCH,1000.000 GM,,,1000.0,GM,100.0
51,22/11/2024,202411,3,1220102368,12201030163,1731054475107,99765320,126,MADHU PRODUCTS NEPAL,MADHU,MADHU-MADHU-SWEET SUPARI PPH 1.45G,3.0,1.45G,PPH,,,RECODING,5,1,99765320,149.56015,126,MADHU CHEMICAL COMPANY,MADHU,MADHU,1.45G PAAN MASALA,PLAST,1.45G,SWEET,,1.45,GM,3.0
51,22/11/2024,202411,3,1220102368,12201030163,1731054475107,99765320,126,MADHU PRODUCTS NEPAL,MADHU,MADHU-MADHU-SWEET SUPARI PPH 1.45G,3.0,1.45G,PPH,,,RECODING,5,2,99762215,159.9524,126,MADHU CHEMICAL COMPANY,MADHU,MADHU,1.25G PAAN MASALA,PLAST,1.25G,SWEET,,1.25,,0.0
51,22/11/2024,202411,3,1220102368,12201030163,1731054475107,99765320,126,MADHU PRODUCTS NEPAL,MADHU,MADHU-MADHU-SWEET SUPARI PPH 1.45G,3.0,1.45G,PPH,,,RECODING,5,3,99763323,169.12738,123,SWADESHI SABUN UDHYOG-NEPAL,MADAL,MADAL,MADAL-PPH 200 GM,PLPCH,200.000 GM,,,200.0,GM,35.0
51,22/11/2024,202411,3,1220102368,12201030163,1731054475107,99765320,126,MADHU PRODUCTS NEPAL,MADHU,MADHU-MADHU-SWEET SUPARI PPH 1.45G,3.0,1.45G,PPH,,,RECODING,5,4,99762508,172.62393,122,PRABHU SOAP INDUSTRIES-NEPAL,PRABHU GHADI,PRABHU GHADI,PRABHU GHADI-PPH 500 GM,PLPCH,500.000 GM,,,500.0,GM,55.0
51,22/11/2024,202411,3,1220102368,12201030163,1731054475107,99765320,126,MADHU PRODUCTS NEPAL,MADHU,MADHU-MADHU-SWEET SUPARI PPH 1.45G,3.0,1.45G,PPH,,,RECODING,5,5,47744,173.47603,122,H.B INDUSTRIES-NEPAL,MEGHA,MEGHA,MEGHA-FLOWER FRESH PPH 3000 GMS,PLPCH,3000.000 GM,,,3000.0,GM,0.0
51,22/11/2024,202411,3,1220102368,12201030163,1731054475107,99765320,126,MADHU PRODUCTS NEPAL,MADHU,MADHU-MADHU-SWEET SUPARI PPH 1.45G,3.0,1.45G,PPH,,,RECODING,5,6,99764100,175.1854,116,SRIJANSHIL MAHILA UDHAMI-NEPAL,SATHI,SATHI,SATHI-XXL PPH 7 NOS,PLPCH,7.000 NO,,,7.0,NO,130.0
51,22/11/2024,202411,3,1220102368,12201030163,1731054475107,99765320,126,MADHU PRODUCTS NEPAL,MADHU,MADHU-MADHU-SWEET SUPARI PPH 1.45G,3.0,1.45G,PPH,,,RECODING,5,7,50126,175.41116,123,SWADESHI SABUN UDHYOG-NEPAL,AAHA,AAHA,AAHA-PPH 220 GM,PLPCH,220.000 GM,,,220.0,GM,0.0
51,22/11/2024,202411,3,1220102368,12201030163,1731054475107,99765320,126,MADHU PRODUCTS NEPAL,MADHU,MADHU-MADHU-SWEET SUPARI PPH 1.45G,3.0,1.45G,PPH,,,RECODING,5,8,54647,175.89496,122,SWADESHI SABUN UDHYOG-NEPAL,AAHA,AAHA,AAHA-PPH 2900 GM+FR BUCKET,PLPCH,2900.000 GM,,,2900.0,GM,0.0
51,22/11/2024,202411,3,1220102368,12201030163,1731054475107,99765320,126,MADHU PRODUCTS NEPAL,MADHU,MADHU-MADHU-SWEET SUPARI PPH 1.45G,3.0,1.45G,PPH,,,RECODING,5,9,54041,177.02983,123,SWADESHI SABUN UDHYOG-NEPAL,AAHA,AAHA,AAHA-PPH 95 GM,PLPCH,95.000 GM,,,95.0,GM,0.0
51,22/11/2024,202411,3,1220102368,12201030163,1731054475107,99765320,126,MADHU PRODUCTS NEPAL,MADHU,MADHU-MADHU-SWEET SUPARI PPH 1.45G,3.0,1.45G,PPH,,,RECODING,5,10,93026122,177.28455,122,H.B INDUSTRIES-NEPAL,MEGHA,MEGHA,MEGHA-FLOWER FRESH PPH 500 GMS,PLPCH,500.000 GM,,,500.0,GM,0.0
52,22/11/2024,202411,3,1220102369,12201030157,1731054475107,99765320,126,MADHU PRODUCTS NEPAL,MADHU,MADHU-MADHU-SWEET SUPARI PPH 1.45G,3.0,1.45G,PPH,,,RECODING,5,1,99765320,149.39102,126,MADHU CHEMICAL COMPANY,MADHU,MADHU,1.45G PAAN MASALA,PLAST,1.45G,SWEET,,1.45,GM,3.0
52,22/11/2024,202411,3,1220102369,12201030157,1731054475107,99765320,126,MADHU PRODUCTS NEPAL,MADHU,MADHU-MADHU-SWEET SUPARI PPH 1.45G,3.0,1.45G,PPH,,,RECODING,5,2,99762215,159.90413,126,MADHU CHEMICAL COMPANY,MADHU,MADHU,1.25G PAAN MASALA,PLAST,1.25G,SWEET,,1.25,,0.0
52,22/11/2024,202411,3,1220102369,12201030157,1731054475107,99765320,126,MADHU PRODUCTS NEPAL,MADHU,MADHU-MADHU-SWEET SUPARI PPH 1.45G,3.0,1.45G,PPH,,,RECODING,5,3,99763323,168.35022,123,SWADESHI SABUN UDHYOG-NEPAL,MADAL,MADAL,MADAL-PPH 200 GM,PLPCH,200.000 GM,,,200.0,GM,35.0
52,22/11/2024,202411,3,1220102369,12201030157,1731054475107,99765320,126,MADHU PRODUCTS NEPAL,MADHU,MADHU-MADHU-SWEET SUPARI PPH 1.45G,3.0,1.45G,PPH,,,RECODING,5,4,99762508,172.57959,122,PRABHU SOAP INDUSTRIES-NEPAL,PRABHU GHADI,PRABHU GHADI,PRABHU GHADI-PPH 500 GM,PLPCH,500.000 GM,,,500.0,GM,55.0
52,22/11/2024,202411,3,1220102369,12201030157,1731054475107,99765320,126,MADHU PRODUCTS NEPAL,MADHU,MADHU-MADHU-SWEET SUPARI PPH 1.45G,3.0,1.45G,PPH,,,RECODING,5,5,47744,172.88643,122,H.B INDUSTRIES-NEPAL,MEGHA,MEGHA,MEGHA-FLOWER FRESH PPH 3000 GMS,PLPCH,3000.000 GM,,,3000.0,GM,0.0
52,22/11/2024,202411,3,1220102369,12201030157,1731054475107,99765320,126,MADHU PRODUCTS NEPAL,MADHU,MADHU-MADHU-SWEET SUPARI PPH 1.45G,3.0,1.45G,PPH,,,RECODING,5,6,50126,174.69846,123,SWADESHI SABUN UDHYOG-NEPAL,AAHA,AAHA,AAHA-PPH 220 GM,PLPCH,220.000 GM,,,220.0,GM,0.0
52,22/11/2024,202411,3,1220102369,12201030157,1731054475107,99765320,126,MADHU PRODUCTS NEPAL,MADHU,MADHU-MADHU-SWEET SUPARI PPH 1.45G,3.0,1.45G,PPH,,,RECODING,5,7,99764100,175.06662,116,SRIJANSHIL MAHILA UDHAMI-NEPAL,SATHI,SATHI,SATHI-XXL PPH 7 NOS,PLPCH,7.000 NO,,,7.0,NO,130.0
52,22/11/2024,202411,3,1220102369,12201030157,1731054475107,99765320,126,MADHU PRODUCTS NEPAL,MADHU,MADHU-MADHU-SWEET SUPARI PPH 1.45G,3.0,1.45G,PPH,,,RECODING,5,8,54647,175.45547,122,SWADESHI SABUN UDHYOG-NEPAL,AAHA,AAHA,AAHA-PPH 2900 GM+FR BUCKET,PLPCH,2900.000 GM,,,2900.0,GM,0.0
52,22/11/2024,202411,3,1220102369,12201030157,1731054475107,99765320,126,MADHU PRODUCTS NEPAL,MADHU,MADHU-MADHU-SWEET SUPARI PPH 1.45G,3.0,1.45G,PPH,,,RECODING,5,9,54041,176.39955,123,SWADESHI SABUN UDHYOG-NEPAL,AAHA,AAHA,AAHA-PPH 95 GM,PLPCH,95.000 GM,,,95.0,GM,0.0
52,22/11/2024,202411,3,1220102369,12201030157,1731054475107,99765320,126,MADHU PRODUCTS NEPAL,MADHU,MADHU-MADHU-SWEET SUPARI PPH 1.45G,3.0,1.45G,PPH,,,RECODING,5,10,93026122,176.7844,122,H.B INDUSTRIES-NEPAL,MEGHA,MEGHA,MEGHA-FLOWER FRESH PPH 500 GMS,PLPCH,500.000 GM,,,500.0,GM,0.0
53,22/11/2024,202411,3,1220199002,12201030096,1731054475107,99765320,126,MADHU PRODUCTS NEPAL,MADHU,MADHU-MADHU-SWEET SUPARI PPH 1.45G,3.0,1.45G,PPH,,,RECODING,5,1,99765320,150.10498,126,MADHU CHEMICAL COMPANY,MADHU,MADHU,1.45G PAAN MASALA,PLAST,1.45G,SWEET,,1.45,GM,3.0
53,22/11/2024,202411,3,1220199002,12201030096,1731054475107,99765320,126,MADHU PRODUCTS NEPAL,MADHU,MADHU-MADHU-SWEET SUPARI PPH 1.45G,3.0,1.45G,PPH,,,RECODING,5,2,99762215,161.8482,126,MADHU CHEMICAL COMPANY,MADHU,MADHU,1.25G PAAN MASALA,PLAST,1.25G,SWEET,,1.25,,0.0
53,22/11/2024,202411,3,1220199002,12201030096,1731054475107,99765320,126,MADHU PRODUCTS NEPAL,MADHU,MADHU-MADHU-SWEET SUPARI PPH 1.45G,3.0,1.45G,PPH,,,RECODING,5,3,99763323,170.86316,123,SWADESHI SABUN UDHYOG-NEPAL,MADAL,MADAL,MADAL-PPH 200 GM,PLPCH,200.000 GM,,,200.0,GM,35.0
53,22/11/2024,202411,3,1220199002,12201030096,1731054475107,99765320,126,MADHU PRODUCTS NEPAL,MADHU,MADHU-MADHU-SWEET SUPARI PPH 1.45G,3.0,1.45G,PPH,,,RECODING,5,4,99762508,173.11691,122,PRABHU SOAP INDUSTRIES-NEPAL,PRABHU GHADI,PRABHU GHADI,PRABHU GHADI-PPH 500 GM,PLPCH,500.000 GM,,,500.0,GM,55.0
53,22/11/2024,202411,3,1220199002,12201030096,1731054475107,99765320,126,MADHU PRODUCTS NEPAL,MADHU,MADHU-MADHU-SWEET SUPARI PPH 1.45G,3.0,1.45G,PPH,,,RECODING,5,5,47744,174.7388,122,H.B INDUSTRIES-NEPAL,MEGHA,MEGHA,MEGHA-FLOWER FRESH PPH 3000 GMS,PLPCH,3000.000 GM,,,3000.0,GM,0.0
53,22/11/2024,202411,3,1220199002,12201030096,1731054475107,99765320,126,MADHU PRODUCTS NEPAL,MADHU,MADHU-MADHU-SWEET SUPARI PPH 1.45G,3.0,1.45G,PPH,,,RECODING,5,6,50126,177.42458,123,SWADESHI SABUN UDHYOG-NEPAL,AAHA,AAHA,AAHA-PPH 220 GM,PLPCH,220.000 GM,,,220.0,GM,0.0
53,22/11/2024,202411,3,1220199002,12201030096,1731054475107,99765320,126,MADHU PRODUCTS NEPAL,MADHU,MADHU-MADHU-SWEET SUPARI PPH 1.45G,3.0,1.45G,PPH,,,RECODING,5,7,54647,177.6696,122,SWADESHI SABUN UDHYOG-NEPAL,AAHA,AAHA,AAHA-PPH 2900 GM+FR BUCKET,PLPCH,2900.000 GM,,,2900.0,GM,0.0
53,22/11/2024,202411,3,1220199002,12201030096,1731054475107,99765320,126,MADHU PRODUCTS NEPAL,MADHU,MADHU-MADHU-SWEET SUPARI PPH 1.45G,3.0,1.45G,PPH,,,RECODING,5,8,99764100,178.18945,116,SRIJANSHIL MAHILA UDHAMI-NEPAL,SATHI,SATHI,SATHI-XXL PPH 7 NOS,PLPCH,7.000 NO,,,7.0,NO,130.0
53,22/11/2024,202411,3,1220199002,12201030096,1731054475107,99765320,126,MADHU PRODUCTS NEPAL,MADHU,MADHU-MADHU-SWEET SUPARI PPH 1.45G,3.0,1.45G,PPH,,,RECODING,5,9,99762509,178.26627,122,PRABHU SOAP INDUSTRIES-NEPAL,PRABHU GHADI,PRABHU GHADI,PRABHU GHADI-PPH 1000 GM,PLPCH,1000.000 GM,,,1000.0,GM,100.0
53,22/11/2024,202411,3,1220199002,12201030096,1731054475107,99765320,126,MADHU PRODUCTS NEPAL,MADHU,MADHU-MADHU-SWEET SUPARI PPH 1.45G,3.0,1.45G,PPH,,,RECODING,5,10,93026122,178.52109,122,H.B INDUSTRIES-NEPAL,MEGHA,MEGHA,MEGHA-FLOWER FRESH PPH 500 GMS,PLPCH,500.000 GM,,,500.0,GM,0.0
54,22/11/2024,202411,3,1210102759,12101030212,1731409450152,99765320,126,MADHU CHEMICAL COMPANY,MADHU,MADHU-SWEET SUPERI PPH-1.45 GM,3.0,1.45 GM.,PPH,Any other reason,,RECODING,5,1,99765320,178.3992,126,MADHU CHEMICAL COMPANY,MADHU,MADHU,1.45G PAAN MASALA,PLAST,1.45G,SWEET,,1.45,GM,3.0
54,22/11/2024,202411,3,1210102759,12101030212,1731409450152,99765320,126,MADHU CHEMICAL COMPANY,MADHU,MADHU-SWEET SUPERI PPH-1.45 GM,3.0,1.45 GM.,PPH,Any other reason,,RECODING,5,2,54103,187.50758,106,MAHENDRA INDUSTRIES-INDIA,MADHUR,MADHUR TRUE LOVE,MADHUR TRUE LOVE-PEACH PPH 5 GM,PLPCH,5.000 GM,PEACH,,5.0,GM,0.0
54,22/11/2024,202411,3,1210102759,12101030212,1731409450152,99765320,126,MADHU CHEMICAL COMPANY,MADHU,MADHU-SWEET SUPERI PPH-1.45 GM,3.0,1.45 GM.,PPH,Any other reason,,RECODING,5,3,99762215,189.02191,126,MADHU CHEMICAL COMPANY,MADHU,MADHU,1.25G PAAN MASALA,PLAST,1.25G,SWEET,,1.25,,0.0
54,22/11/2024,202411,3,1210102759,12101030212,1731409450152,99765320,126,MADHU CHEMICAL COMPANY,MADHU,MADHU-SWEET SUPERI PPH-1.45 GM,3.0,1.45 GM.,PPH,Any other reason,,RECODING,5,4,91827177,190.41776,106,MAHENDRA INDUSTRIES-INDIA,MADHUR,MADHUR,MADHUR- LAL PAAN PPH 5 GM,PLPCH,5.000 GM,PAAN,,5.0,GM,0.0
54,22/11/2024,202411,3,1210102759,12101030212,1731409450152,99765320,126,MADHU CHEMICAL COMPANY,MADHU,MADHU-SWEET SUPERI PPH-1.45 GM,3.0,1.45 GM.,PPH,Any other reason,,RECODING,5,5,91827305,192.76614,106,DEEPAK RIDDHI SIDDHI PRODT-NP,DEEPAK,DEEPAK RAMAILO CHATAPATA CANDY,DEEPAK RAMAILO CHATAPATA CANDY-PPH 4 GM,PLPCH,4.000 GM,UNSPECIFIED,,4.0,GM,0.0
54,22/11/2024,202411,3,1210102759,12101030212,1731409450152,99765320,126,MADHU CHEMICAL COMPANY,MADHU,MADHU-SWEET SUPERI PPH-1.45 GM,3.0,1.45 GM.,PPH,Any other reason,,RECODING,5,6,48360,193.86288,106,MAHENDRA INDUSTRIES-INDIA,MADHUR,MADHUR KING POP,MADHUR KING POP-LOLLIPOP PPH 9 GM,PLPCH,9.000 GM,UNSPECIFIED,,9.0,GM,0.0
54,22/11/2024,202411,3,1210102759,12101030212,1731409450152,99765320,126,MADHU CHEMICAL COMPANY,MADHU,MADHU-SWEET SUPERI PPH-1.45 GM,3.0,1.45 GM.,PPH,Any other reason,,RECODING,5,7,54101,194.9808,106,MAHENDRA INDUSTRIES-INDIA,MADHUR,MADHUR TRUE LOVE,MADHUR TRUE LOVE-TAMARIND PPH 5 GM,PLPCH,5.000 GM,TAMARIND,,5.0,GM,0.0
54,22/11/2024,202411,3,1210102759,12101030212,1731409450152,99765320,126,MADHU CHEMICAL COMPANY,MADHU,MADHU-SWEET SUPERI PPH-1.45 GM,3.0,1.45 GM.,PPH,Any other reason,,RECODING,5,8,91827176,195.02661,106,MAHENDRA INDUSTRIES-INDIA,MADHUR,MADHUR TRUE LOVE,MADHUR TRUE LOVE- STRAWBERRY PPH 6 GM,PLPCH,6.000 GM,STRAWBERRY,,6.0,GM,0.0
54,22/11/2024,202411,3,1210102759,12101030212,1731409450152,99765320,126,MADHU CHEMICAL COMPANY,MADHU,MADHU-SWEET SUPERI PPH-1.45 GM,3.0,1.45 GM.,PPH,Any other reason,,RECODING,5,9,91826568,197.73434,106,MAHENDRA INDUSTRIES-INDIA,MADHUR,MADHUR TRUE LOVE,MADHUR TRUE LOVE- ORANGE PPH 6 GM,PLPCH,6.000 GM,ORANGE,,6.0,GM,0.0
54,22/11/2024,202411,3,1210102759,12101030212,1731409450152,99765320,126,MADHU CHEMICAL COMPANY,MADHU,MADHU-SWEET SUPERI PPH-1.45 GM,3.0,1.45 GM.,PPH,Any other reason,,RECODING,5,10,54891,198.35806,122,SHREE NATH INTERNATIONAL-IND,MOZ,MOZ,MOZ-PPH 500 GM,PLPCH,500.000 GM,,,500.0,GM,0.0
55,22/11/2024,202411,3,2110100335,21101031333,1731937092881,99765321,105,SURYA NEPAL PVT LTD - NEPAL,SURYA FUSION,SURYA FUSION,320.0,20'S-KS,FTP,New SKU,,RECODING,5,1,47592,146.88531,105,SURYA NEPAL PVT LTD - NEPAL,SHIKHAR,SHIKHAR ICE RUSH,HL 20'S,HL,20,FRESH,,20.0,NO,185.0
55,22/11/2024,202411,3,2110100335,21101031333,1731937092881,99765321,105,SURYA NEPAL PVT LTD - NEPAL,SURYA FUSION,SURYA FUSION,320.0,20'S-KS,FTP,New SKU,,RECODING,5,2,99765321,155.74942,105,SURYA NEPAL PVT LTD - NEPAL,SURYA,SURYA FUSION,HL 20'S,HL,20,FULL FLAVOUR,,20.0,NO,320.0
55,22/11/2024,202411,3,2110100335,21101031333,1731937092881,99765321,105,SURYA NEPAL PVT LTD - NEPAL,SURYA FUSION,SURYA FUSION,320.0,20'S-KS,FTP,New SKU,,RECODING,5,3,46667,160.58562,123,B.S.I PVT LTD-NEPAL,SURYA,SURYA,SURYA-UNWRP 200 GMS,UNWRP,200.000 GM,,,200.0,GM,0.0
55,22/11/2024,202411,3,2110100335,21101031333,1731937092881,99765321,105,SURYA NEPAL PVT LTD - NEPAL,SURYA FUSION,SURYA FUSION,320.0,20'S-KS,FTP,New SKU,,RECODING,5,4,90110247,160.98755,105,SURYA NEPAL PVT LTD - NEPAL,SURYA,SURYA CITRIC FRESH,HL 20'S,HL,20,FRESH,,20.0,NO,300.0
55,22/11/2024,202411,3,2110100335,21101031333,1731937092881,99765321,105,SURYA NEPAL PVT LTD - NEPAL,SURYA FUSION,SURYA FUSION,320.0,20'S-KS,FTP,New SKU,,RECODING,5,5,92923725,162.70367,123,B.S.I PVT LTD-NEPAL,SURYA,SURYA,SURYA-UNWRP 150 GMS,UNWRP,150.000 GM,,,150.0,GM,0.0
55,22/11/2024,202411,3,2110100335,21101031333,1731937092881,99765321,105,SURYA NEPAL PVT LTD - NEPAL,SURYA FUSION,SURYA FUSION,320.0,20'S-KS,FTP,New SKU,,RECODING,5,6,90110238,163.80734,105,SURYA NEPAL PVT LTD - NEPAL,SURYA,SURYA POLAR ICE,HL 20'S,HL,20,FRESH,,20.0,NO,300.0
55,22/11/2024,202411,3,2110100335,21101031333,1731937092881,99765321,105,SURYA NEPAL PVT LTD - NEPAL,SURYA FUSION,SURYA FUSION,320.0,20'S-KS,FTP,New SKU,,RECODING,5,7,99764555,164.40222,106,SURYA NEPAL PVT LTD - NEPAL,TOFFICHOO,TOFFICHOO CHATPATA FUN,TOFFICHOO CHATPATA FUN-MASALA PUNCH PCN 720 GM,PLJAR,720.000 GM,MASALA,,720.0,GM,300.0
55,22/11/2024,202411,3,2110100335,21101031333,1731937092881,99765321,105,SURYA NEPAL PVT LTD - NEPAL,SURYA FUSION,SURYA FUSION,320.0,20'S-KS,FTP,New SKU,,RECODING,5,8,99765090,164.8981,105,SURYA NEPAL PVT LTD - NEPAL,SURYA,SURYA DUAL BURST,HL 20'S,HL,20,FRESH,,20.0,NO,320.0
55,22/11/2024,202411,3,2110100335,21101031333,1731937092881,99765321,105,SURYA NEPAL PVT LTD - NEPAL,SURYA FUSION,SURYA FUSION,320.0,20'S-KS,FTP,New SKU,,RECODING,5,9,48587,165.08618,105,SURYA NEPAL PVT LTD - NEPAL,SURYA,SURYA 24 CARAT ARCTIC BURST,HL 20'S,HL,20,FRESH,,20.0,NO,300.0
55,22/11/2024,202411,3,2110100335,21101031333,1731937092881,99765321,105,SURYA NEPAL PVT LTD - NEPAL,SURYA FUSION,SURYA FUSION,320.0,20'S-KS,FTP,New SKU,,RECODING,5,10,90110249,165.69598,105,SURYA NEPAL PVT LTD - NEPAL,SHIKHAR,SHIKHAR TANGY BREEZE,HL 20'S,HL,20,FRESH,,20.0,NO,180.0
56,22/11/2024,202411,3,2110100461,21101030995,1731937092881,99765321,105,SURYA NEPAL PVT LTD - NEPAL,SURYA FUSION,SURYA FUSION,320.0,20'S-KS,FTP,New SKU,,RECODING,5,1,47592,148.55145,105,SURYA NEPAL PVT LTD - NEPAL,SHIKHAR,SHIKHAR ICE RUSH,HL 20'S,HL,20,FRESH,,20.0,NO,185.0
56,22/11/2024,202411,3,2110100461,21101030995,1731937092881,99765321,105,SURYA NEPAL PVT LTD - NEPAL,SURYA FUSION,SURYA FUSION,320.0,20'S-KS,FTP,New SKU,,RECODING,5,2,99765321,156.55656,105,SURYA NEPAL PVT LTD - NEPAL,SURYA,SURYA FUSION,HL 20'S,HL,20,FULL FLAVOUR,,20.0,NO,320.0
56,22/11/2024,202411,3,2110100461,21101030995,1731937092881,99765321,105,SURYA NEPAL PVT LTD - NEPAL,SURYA FUSION,SURYA FUSION,320.0,20'S-KS,FTP,New SKU,,RECODING,5,3,46667,161.68015,123,B.S.I PVT LTD-NEPAL,SURYA,SURYA,SURYA-UNWRP 200 GMS,UNWRP,200.000 GM,,,200.0,GM,0.0
56,22/11/2024,202411,3,2110100461,21101030995,1731937092881,99765321,105,SURYA NEPAL PVT LTD - NEPAL,SURYA FUSION,SURYA FUSION,320.0,20'S-KS,FTP,New SKU,,RECODING,5,4,90110247,161.9714,105,SURYA NEPAL PVT LTD - NEPAL,SURYA,SURYA CITRIC FRESH,HL 20'S,HL,20,FRESH,,20.0,NO,300.0
56,22/11/2024,202411,3,2110100461,21101030995,1731937092881,99765321,105,SURYA NEPAL PVT LTD - NEPAL,SURYA FUSION,SURYA FUSION,320.0,20'S-KS,FTP,New SKU,,RECODING,5,5,92923725,163.98328,123,B.S.I PVT LTD-NEPAL,SURYA,SURYA,SURYA-UNWRP 150 GMS,UNWRP,150.000 GM,,,150.0,GM,0.0
56,22/11/2024,202411,3,2110100461,21101030995,1731937092881,99765321,105,SURYA NEPAL PVT LTD - NEPAL,SURYA FUSION,SURYA FUSION,320.0,20'S-KS,FTP,New SKU,,RECODING,5,6,90110238,164.45847,105,SURYA NEPAL PVT LTD - NEPAL,SURYA,SURYA POLAR ICE,HL 20'S,HL,20,FRESH,,20.0,NO,300.0
56,22/11/2024,202411,3,2110100461,21101030995,1731937092881,99765321,105,SURYA NEPAL PVT LTD - NEPAL,SURYA FUSION,SURYA FUSION,320.0,20'S-KS,FTP,New SKU,,RECODING,5,7,99764555,165.60995,106,SURYA NEPAL PVT LTD - NEPAL,TOFFICHOO,TOFFICHOO CHATPATA FUN,TOFFICHOO CHATPATA FUN-MASALA PUNCH PCN 720 GM,PLJAR,720.000 GM,MASALA,,720.0,GM,300.0
56,22/11/2024,202411,3,2110100461,21101030995,1731937092881,99765321,105,SURYA NEPAL PVT LTD - NEPAL,SURYA FUSION,SURYA FUSION,320.0,20'S-KS,FTP,New SKU,,RECODING,5,8,48587,166.4332,105,SURYA NEPAL PVT LTD - NEPAL,SURYA,SURYA 24 CARAT ARCTIC BURST,HL 20'S,HL,20,FRESH,,20.0,NO,300.0
56,22/11/2024,202411,3,2110100461,21101030995,1731937092881,99765321,105,SURYA NEPAL PVT LTD - NEPAL,SURYA FUSION,SURYA FUSION,320.0,20'S-KS,FTP,New SKU,,RECODING,5,9,99765090,166.48056,105,SURYA NEPAL PVT LTD - NEPAL,SURYA,SURYA DUAL BURST,HL 20'S,HL,20,FRESH,,20.0,NO,320.0
56,22/11/2024,202411,3,2110100461,21101030995,1731937092881,99765321,105,SURYA NEPAL PVT LTD - NEPAL,SURYA FUSION,SURYA FUSION,320.0,20'S-KS,FTP,New SKU,,RECODING,5,10,90110249,167.90947,105,SURYA NEPAL PVT LTD - NEPAL,SHIKHAR,SHIKHAR TANGY BREEZE,HL 20'S,HL,20,FRESH,,20.0,NO,180.0
57,22/11/2024,202411,3,2110100376,21101031341,1731937092881,99765321,105,SURYA NEPAL PVT LTD - NEPAL,SURYA FUSION,SURYA FUSION,320.0,20'S-KS,FTP,New SKU,,RECODING,5,1,47592,148.61551,105,SURYA NEPAL PVT LTD - NEPAL,SHIKHAR,SHIKHAR ICE RUSH,HL 20'S,HL,20,FRESH,,20.0,NO,185.0
57,22/11/2024,202411,3,2110100376,21101031341,1731937092881,99765321,105,SURYA NEPAL PVT LTD - NEPAL,SURYA FUSION,SURYA FUSION,320.0,20'S-KS,FTP,New SKU,,RECODING,5,2,99765321,156.48645,105,SURYA NEPAL PVT LTD - NEPAL,SURYA,SURYA FUSION,HL 20'S,HL,20,FULL FLAVOUR,,20.0,NO,320.0
57,22/11/2024,202411,3,2110100376,21101031341,1731937092881,99765321,105,SURYA NEPAL PVT LTD - NEPAL,SURYA FUSION,SURYA FUSION,320.0,20'S-KS,FTP,New SKU,,RECODING,5,3,46667,161.39311,123,B.S.I PVT LTD-NEPAL,SURYA,SURYA,SURYA-UNWRP 200 GMS,UNWRP,200.000 GM,,,200.0,GM,0.0
57,22/11/2024,202411,3,2110100376,21101031341,1731937092881,99765321,105,SURYA NEPAL PVT LTD - NEPAL,SURYA FUSION,SURYA FUSION,320.0,20'S-KS,FTP,New SKU,,RECODING,5,4,90110247,162.19473,105,SURYA NEPAL PVT LTD - NEPAL,SURYA,SURYA CITRIC FRESH,HL 20'S,HL,20,FRESH,,20.0,NO,300.0
57,22/11/2024,202411,3,2110100376,21101031341,1731937092881,99765321,105,SURYA NEPAL PVT LTD - NEPAL,SURYA FUSION,SURYA FUSION,320.0,20'S-KS,FTP,New SKU,,RECODING,5,5,92923725,163.4859,123,B.S.I PVT LTD-NEPAL,SURYA,SURYA,SURYA-UNWRP 150 GMS,UNWRP,150.000 GM,,,150.0,GM,0.0
57,22/11/2024,202411,3,2110100376,21101031341,1731937092881,99765321,105,SURYA NEPAL PVT LTD - NEPAL,SURYA FUSION,SURYA FUSION,320.0,20'S-KS,FTP,New SKU,,RECODING,5,6,90110238,165.02138,105,SURYA NEPAL PVT LTD - NEPAL,SURYA,SURYA POLAR ICE,HL 20'S,HL,20,FRESH,,20.0,NO,300.0
57,22/11/2024,202411,3,2110100376,21101031341,1731937092881,99765321,105,SURYA NEPAL PVT LTD - NEPAL,SURYA FUSION,SURYA FUSION,320.0,20'S-KS,FTP,New SKU,,RECODING,5,7,99764555,165.32822,106,SURYA NEPAL PVT LTD - NEPAL,TOFFICHOO,TOFFICHOO CHATPATA FUN,TOFFICHOO CHATPATA FUN-MASALA PUNCH PCN 720 GM,PLJAR,720.000 GM,MASALA,,720.0,GM,300.0
57,22/11/2024,202411,3,2110100376,21101031341,1731937092881,99765321,105,SURYA NEPAL PVT LTD - NEPAL,SURYA FUSION,SURYA FUSION,320.0,20'S-KS,FTP,New SKU,,RECODING,5,8,99765090,166.19394,105,SURYA NEPAL PVT LTD - NEPAL,SURYA,SURYA DUAL BURST,HL 20'S,HL,20,FRESH,,20.0,NO,320.0
57,22/11/2024,202411,3,2110100376,21101031341,1731937092881,99765321,105,SURYA NEPAL PVT LTD - NEPAL,SURYA FUSION,SURYA FUSION,320.0,20'S-KS,FTP,New SKU,,RECODING,5,9,48587,166.4243,105,SURYA NEPAL PVT LTD - NEPAL,SURYA,SURYA 24 CARAT ARCTIC BURST,HL 20'S,HL,20,FRESH,,20.0,NO,300.0
57,22/11/2024,202411,3,2110100376,21101031341,1731937092881,99765321,105,SURYA NEPAL PVT LTD - NEPAL,SURYA FUSION,SURYA FUSION,320.0,20'S-KS,FTP,New SKU,,RECODING,5,10,90110249,167.68764,105,SURYA NEPAL PVT LTD - NEPAL,SHIKHAR,SHIKHAR TANGY BREEZE,HL 20'S,HL,20,FRESH,,20.0,NO,180.0
58,22/11/2024,202411,3,2110100466,21101031687,1731937092881,99765321,105,SURYA NEPAL PVT LTD - NEPAL,SURYA FUSION,SURYA FUSION,320.0,20'S-KS,FTP,New SKU,,RECODING,5,1,47592,149.08029,105,SURYA NEPAL PVT LTD - NEPAL,SHIKHAR,SHIKHAR ICE RUSH,HL 20'S,HL,20,FRESH,,20.0,NO,185.0
58,22/11/2024,202411,3,2110100466,21101031687,1731937092881,99765321,105,SURYA NEPAL PVT LTD - NEPAL,SURYA FUSION,SURYA FUSION,320.0,20'S-KS,FTP,New SKU,,RECODING,5,2,99765321,158.10043,105,SURYA NEPAL PVT LTD - NEPAL,SURYA,SURYA FUSION,HL 20'S,HL,20,FULL FLAVOUR,,20.0,NO,320.0
58,22/11/2024,202411,3,2110100466,21101031687,1731937092881,99765321,105,SURYA NEPAL PVT LTD - NEPAL,SURYA FUSION,SURYA FUSION,320.0,20'S-KS,FTP,New SKU,,RECODING,5,3,46667,161.17046,123,B.S.I PVT LTD-NEPAL,SURYA,SURYA,SURYA-UNWRP 200 GMS,UNWRP,200.000 GM,,,200.0,GM,0.0
58,22/11/2024,202411,3,2110100466,21101031687,1731937092881,99765321,105,SURYA NEPAL PVT LTD - NEPAL,SURYA FUSION,SURYA FUSION,320.0,20'S-KS,FTP,New SKU,,RECODING,5,4,90110247,163.2208,105,SURYA NEPAL PVT LTD - NEPAL,SURYA,SURYA CITRIC FRESH,HL 20'S,HL,20,FRESH,,20.0,NO,300.0
58,22/11/2024,202411,3,2110100466,21101031687,1731937092881,99765321,105,SURYA NEPAL PVT LTD - NEPAL,SURYA FUSION,SURYA FUSION,320.0,20'S-KS,FTP,New SKU,,RECODING,5,5,92923725,163.70828,123,B.S.I PVT LTD-NEPAL,SURYA,SURYA,SURYA-UNWRP 150 GMS,UNWRP,150.000 GM,,,150.0,GM,0.0
58,22/11/2024,202411,3,2110100466,21101031687,1731937092881,99765321,105,SURYA NEPAL PVT LTD - NEPAL,SURYA FUSION,SURYA FUSION,320.0,20'S-KS,FTP,New SKU,,RECODING,5,6,99764555,165.67725,106,SURYA NEPAL PVT LTD - NEPAL,TOFFICHOO,TOFFICHOO CHATPATA FUN,TOFFICHOO CHATPATA FUN-MASALA PUNCH PCN 720 GM,PLJAR,720.000 GM,MASALA,,720.0,GM,300.0
58,22/11/2024,202411,3,2110100466,21101031687,1731937092881,99765321,105,SURYA NEPAL PVT LTD - NEPAL,SURYA FUSION,SURYA FUSION,320.0,20'S-KS,FTP,New SKU,,RECODING,5,7,90110238,165.73586,105,SURYA NEPAL PVT LTD - NEPAL,SURYA,SURYA POLAR ICE,HL 20'S,HL,20,FRESH,,20.0,NO,300.0
58,22/11/2024,202411,3,2110100466,21101031687,1731937092881,99765321,105,SURYA NEPAL PVT LTD - NEPAL,SURYA FUSION,SURYA FUSION,320.0,20'S-KS,FTP,New SKU,,RECODING,5,8,99765090,167.27304,105,SURYA NEPAL PVT LTD - NEPAL,SURYA,SURYA DUAL BURST,HL 20'S,HL,20,FRESH,,20.0,NO,320.0
58,22/11/2024,202411,3,2110100466,21101031687,1731937092881,99765321,105,SURYA NEPAL PVT LTD - NEPAL,SURYA FUSION,SURYA FUSION,320.0,20'S-KS,FTP,New SKU,,RECODING,5,9,48587,167.32292,105,SURYA NEPAL PVT LTD - NEPAL,SURYA,SURYA 24 CARAT ARCTIC BURST,HL 20'S,HL,20,FRESH,,20.0,NO,300.0
58,22/11/2024,202411,3,2110100466,21101031687,1731937092881,99765321,105,SURYA NEPAL PVT LTD - NEPAL,SURYA FUSION,SURYA FUSION,320.0,20'S-KS,FTP,New SKU,,RECODING,5,10,90110249,168.34998,105,SURYA NEPAL PVT LTD - NEPAL,SHIKHAR,SHIKHAR TANGY BREEZE,HL 20'S,HL,20,FRESH,,20.0,NO,180.0
59,22/11/2024,202411,3,1210102754,12101030206,1731409450152,99765320,126,MADHU CHEMICAL COMPANY,MADHU,MADHU-SWEET SUPERI PPH-1.45 GM,3.0,1.45 GM.,PPH,Any other reason,,RECODING,5,1,99765320,179.72838,126,MADHU CHEMICAL COMPANY,MADHU,MADHU,1.45G PAAN MASALA,PLAST,1.45G,SWEET,,1.45,GM,3.0
59,22/11/2024,202411,3,1210102754,12101030206,1731409450152,99765320,126,MADHU CHEMICAL COMPANY,MADHU,MADHU-SWEET SUPERI PPH-1.45 GM,3.0,1.45 GM.,PPH,Any other reason,,RECODING,5,2,54103,188.22415,106,MAHENDRA INDUSTRIES-INDIA,MADHUR,MADHUR TRUE LOVE,MADHUR TRUE LOVE-PEACH PPH 5 GM,PLPCH,5.000 GM,PEACH,,5.0,GM,0.0
59,22/11/2024,202411,3,1210102754,12101030206,1731409450152,99765320,126,MADHU CHEMICAL COMPANY,MADHU,MADHU-SWEET SUPERI PPH-1.45 GM,3.0,1.45 GM.,PPH,Any other reason,,RECODING,5,3,99762215,189.83878,126,MADHU CHEMICAL COMPANY,MADHU,MADHU,1.25G PAAN MASALA,PLAST,1.25G,SWEET,,1.25,,0.0
59,22/11/2024,202411,3,1210102754,12101030206,1731409450152,99765320,126,MADHU CHEMICAL COMPANY,MADHU,MADHU-SWEET SUPERI PPH-1.45 GM,3.0,1.45 GM.,PPH,Any other reason,,RECODING,5,4,91827177,190.66144,106,MAHENDRA INDUSTRIES-INDIA,MADHUR,MADHUR,MADHUR- LAL PAAN PPH 5 GM,PLPCH,5.000 GM,PAAN,,5.0,GM,0.0
59,22/11/2024,202411,3,1210102754,12101030206,1731409450152,99765320,126,MADHU CHEMICAL COMPANY,MADHU,MADHU-SWEET SUPERI PPH-1.45 GM,3.0,1.45 GM.,PPH,Any other reason,,RECODING,5,5,91827305,194.0578,106,DEEPAK RIDDHI SIDDHI PRODT-NP,DEEPAK,DEEPAK RAMAILO CHATAPATA CANDY,DEEPAK RAMAILO CHATAPATA CANDY-PPH 4 GM,PLPCH,4.000 GM,UNSPECIFIED,,4.0,GM,0.0
59,22/11/2024,202411,3,1210102754,12101030206,1731409450152,99765320,126,MADHU CHEMICAL COMPANY,MADHU,MADHU-SWEET SUPERI PPH-1.45 GM,3.0,1.45 GM.,PPH,Any other reason,,RECODING,5,6,48360,194.83661,106,MAHENDRA INDUSTRIES-INDIA,MADHUR,MADHUR KING POP,MADHUR KING POP-LOLLIPOP PPH 9 GM,PLPCH,9.000 GM,UNSPECIFIED,,9.0,GM,0.0
59,22/11/2024,202411,3,1210102754,12101030206,1731409450152,99765320,126,MADHU CHEMICAL COMPANY,MADHU,MADHU-SWEET SUPERI PPH-1.45 GM,3.0,1.45 GM.,PPH,Any other reason,,RECODING,5,7,54101,195.37259,106,MAHENDRA INDUSTRIES-INDIA,MADHUR,MADHUR TRUE LOVE,MADHUR TRUE LOVE-TAMARIND PPH 5 GM,PLPCH,5.000 GM,TAMARIND,,5.0,GM,0.0
59,22/11/2024,202411,3,1210102754,12101030206,1731409450152,99765320,126,MADHU CHEMICAL COMPANY,MADHU,MADHU-SWEET SUPERI PPH-1.45 GM,3.0,1.45 GM.,PPH,Any other reason,,RECODING,5,8,91827176,195.77933,106,MAHENDRA INDUSTRIES-INDIA,MADHUR,MADHUR TRUE LOVE,MADHUR TRUE LOVE- STRAWBERRY PPH 6 GM,PLPCH,6.000 GM,STRAWBERRY,,6.0,GM,0.0
59,22/11/2024,202411,3,1210102754,12101030206,1731409450152,99765320,126,MADHU CHEMICAL COMPANY,MADHU,MADHU-SWEET SUPERI PPH-1.45 GM,3.0,1.45 GM.,PPH,Any other reason,,RECODING,5,9,91826568,198.3977,106,MAHENDRA INDUSTRIES-INDIA,MADHUR,MADHUR TRUE LOVE,MADHUR TRUE LOVE- ORANGE PPH 6 GM,PLPCH,6.000 GM,ORANGE,,6.0,GM,0.0
59,22/11/2024,202411,3,1210102754,12101030206,1731409450152,99765320,126,MADHU CHEMICAL COMPANY,MADHU,MADHU-SWEET SUPERI PPH-1.45 GM,3.0,1.45 GM.,PPH,Any other reason,,RECODING,5,10,54891,198.77394,122,SHREE NATH INTERNATIONAL-IND,MOZ,MOZ,MOZ-PPH 500 GM,PLPCH,500.000 GM,,,500.0,GM,0.0
60,22/11/2024,202411,3,1210102751,12101030202,1731409450152,99765320,126,MADHU CHEMICAL COMPANY,MADHU,MADHU-SWEET SUPERI PPH-1.45 GM,3.0,1.45 GM.,PPH,Any other reason,,RECODING,5,1,99765320,180.20702,126,MADHU CHEMICAL COMPANY,MADHU,MADHU,1.45G PAAN MASALA,PLAST,1.45G,SWEET,,1.45,GM,3.0
60,22/11/2024,202411,3,1210102751,12101030202,1731409450152,99765320,126,MADHU CHEMICAL COMPANY,MADHU,MADHU-SWEET SUPERI PPH-1.45 GM,3.0,1.45 GM.,PPH,Any other reason,,RECODING,5,2,54103,188.28177,106,MAHENDRA INDUSTRIES-INDIA,MADHUR,MADHUR TRUE LOVE,MADHUR TRUE LOVE-PEACH PPH 5 GM,PLPCH,5.000 GM,PEACH,,5.0,GM,0.0
60,22/11/2024,202411,3,1210102751,12101030202,1731409450152,99765320,126,MADHU CHEMICAL COMPANY,MADHU,MADHU-SWEET SUPERI PPH-1.45 GM,3.0,1.45 GM.,PPH,Any other reason,,RECODING,5,3,91827177,190.48088,106,MAHENDRA INDUSTRIES-INDIA,MADHUR,MADHUR,MADHUR- LAL PAAN PPH 5 GM,PLPCH,5.000 GM,PAAN,,5.0,GM,0.0
60,22/11/2024,202411,3,1210102751,12101030202,1731409450152,99765320,126,MADHU CHEMICAL COMPANY,MADHU,MADHU-SWEET SUPERI PPH-1.45 GM,3.0,1.45 GM.,PPH,Any other reason,,RECODING,5,4,99762215,190.5155,126,MADHU CHEMICAL COMPANY,MADHU,MADHU,1.25G PAAN MASALA,PLAST,1.25G,SWEET,,1.25,,0.0
60,22/11/2024,202411,3,1210102751,12101030202,1731409450152,99765320,126,MADHU CHEMICAL COMPANY,MADHU,MADHU-SWEET SUPERI PPH-1.45 GM,3.0,1.45 GM.,PPH,Any other reason,,RECODING,5,5,91827305,193.7248,106,DEEPAK RIDDHI SIDDHI PRODT-NP,DEEPAK,DEEPAK RAMAILO CHATAPATA CANDY,DEEPAK RAMAILO CHATAPATA CANDY-PPH 4 GM,PLPCH,4.000 GM,UNSPECIFIED,,4.0,GM,0.0
60,22/11/2024,202411,3,1210102751,12101030202,1731409450152,99765320,126,MADHU CHEMICAL COMPANY,MADHU,MADHU-SWEET SUPERI PPH-1.45 GM,3.0,1.45 GM.,PPH,Any other reason,,RECODING,5,6,48360,194.60052,106,MAHENDRA INDUSTRIES-INDIA,MADHUR,MADHUR KING POP,MADHUR KING POP-LOLLIPOP PPH 9 GM,PLPCH,9.000 GM,UNSPECIFIED,,9.0,GM,0.0
60,22/11/2024,202411,3,1210102751,12101030202,1731409450152,99765320,126,MADHU CHEMICAL COMPANY,MADHU,MADHU-SWEET SUPERI PPH-1.45 GM,3.0,1.45 GM.,PPH,Any other reason,,RECODING,5,7,54101,195.33932,106,MAHENDRA INDUSTRIES-INDIA,MADHUR,MADHUR TRUE LOVE,MADHUR TRUE LOVE-TAMARIND PPH 5 GM,PLPCH,5.000 GM,TAMARIND,,5.0,GM,0.0
60,22/11/2024,202411,3,1210102751,12101030202,1731409450152,99765320,126,MADHU CHEMICAL COMPANY,MADHU,MADHU-SWEET SUPERI PPH-1.45 GM,3.0,1.45 GM.,PPH,Any other reason,,RECODING,5,8,91827176,196.08025,106,MAHENDRA INDUSTRIES-INDIA,MADHUR,MADHUR TRUE LOVE,MADHUR TRUE LOVE- STRAWBERRY PPH 6 GM,PLPCH,6.000 GM,STRAWBERRY,,6.0,GM,0.0
60,22/11/2024,202411,3,1210102751,12101030202,1731409450152,99765320,126,MADHU CHEMICAL COMPANY,MADHU,MADHU-SWEET SUPERI PPH-1.45 GM,3.0,1.45 GM.,PPH,Any other reason,,RECODING,5,9,91826568,198.2705,106,MAHENDRA INDUSTRIES-INDIA,MADHUR,MADHUR TRUE LOVE,MADHUR TRUE LOVE- ORANGE PPH 6 GM,PLPCH,6.000 GM,ORANGE,,6.0,GM,0.0
60,22/11/2024,202411,3,1210102751,12101030202,1731409450152,99765320,126,MADHU CHEMICAL COMPANY,MADHU,MADHU-SWEET SUPERI PPH-1.45 GM,3.0,1.45 GM.,PPH,Any other reason,,RECODING,5,10,54891,198.72295,122,SHREE NATH INTERNATIONAL-IND,MOZ,MOZ,MOZ-PPH 500 GM,PLPCH,500.000 GM,,,500.0,GM,0.0
61,22/11/2024,202411,3,1210102750,12101030201,1731409450152,99765320,126,MADHU CHEMICAL COMPANY,MADHU,MADHU-SWEET SUPERI PPH-1.45 GM,3.0,1.45 GM.,PPH,,,RECODING,5,1,99765320,128.51077,126,MADHU CHEMICAL COMPANY,MADHU,MADHU,1.45G PAAN MASALA,PLAST,1.45G,SWEET,,1.45,GM,3.0
61,22/11/2024,202411,3,1210102750,12101030201,1731409450152,99765320,126,MADHU CHEMICAL COMPANY,MADHU,MADHU-SWEET SUPERI PPH-1.45 GM,3.0,1.45 GM.,PPH,,,RECODING,5,2,99762215,138.08423,126,MADHU CHEMICAL COMPANY,MADHU,MADHU,1.25G PAAN MASALA,PLAST,1.25G,SWEET,,1.25,,0.0
61,22/11/2024,202411,3,1210102750,12101030201,1731409450152,99765320,126,MADHU CHEMICAL COMPANY,MADHU,MADHU-SWEET SUPERI PPH-1.45 GM,3.0,1.45 GM.,PPH,,,RECODING,5,3,47744,157.08911,122,H.B INDUSTRIES-NEPAL,MEGHA,MEGHA,MEGHA-FLOWER FRESH PPH 3000 GMS,PLPCH,3000.000 GM,,,3000.0,GM,0.0
61,22/11/2024,202411,3,1210102750,12101030201,1731409450152,99765320,126,MADHU CHEMICAL COMPANY,MADHU,MADHU-SWEET SUPERI PPH-1.45 GM,3.0,1.45 GM.,PPH,,,RECODING,5,4,93026122,160.04346,122,H.B INDUSTRIES-NEPAL,MEGHA,MEGHA,MEGHA-FLOWER FRESH PPH 500 GMS,PLPCH,500.000 GM,,,500.0,GM,0.0
61,22/11/2024,202411,3,1210102750,12101030201,1731409450152,99765320,126,MADHU CHEMICAL COMPANY,MADHU,MADHU-SWEET SUPERI PPH-1.45 GM,3.0,1.45 GM.,PPH,,,RECODING,5,5,91827176,162.12251,106,MAHENDRA INDUSTRIES-INDIA,MADHUR,MADHUR TRUE LOVE,MADHUR TRUE LOVE- STRAWBERRY PPH 6 GM,PLPCH,6.000 GM,STRAWBERRY,,6.0,GM,0.0
61,22/11/2024,202411,3,1210102750,12101030201,1731409450152,99765320,126,MADHU CHEMICAL COMPANY,MADHU,MADHU-SWEET SUPERI PPH-1.45 GM,3.0,1.45 GM.,PPH,,,RECODING,5,6,48360,164.20862,106,MAHENDRA INDUSTRIES-INDIA,MADHUR,MADHUR KING POP,MADHUR KING POP-LOLLIPOP PPH 9 GM,PLPCH,9.000 GM,UNSPECIFIED,,9.0,GM,0.0
61,22/11/2024,202411,3,1210102750,12101030201,1731409450152,99765320,126,MADHU CHEMICAL COMPANY,MADHU,MADHU-SWEET SUPERI PPH-1.45 GM,3.0,1.45 GM.,PPH,,,RECODING,5,7,54103,164.21779,106,MAHENDRA INDUSTRIES-INDIA,MADHUR,MADHUR TRUE LOVE,MADHUR TRUE LOVE-PEACH PPH 5 GM,PLPCH,5.000 GM,PEACH,,5.0,GM,0.0
61,22/11/2024,202411,3,1210102750,12101030201,1731409450152,99765320,126,MADHU CHEMICAL COMPANY,MADHU,MADHU-SWEET SUPERI PPH-1.45 GM,3.0,1.45 GM.,PPH,,,RECODING,5,8,93025975,166.82996,122,H.B INDUSTRIES-NEPAL,MEGHA,MEGHA,MEGHA-PPH 200 GMS,PLPCH,200.000 GM,,,200.0,GM,0.0
61,22/11/2024,202411,3,1210102750,12101030201,1731409450152,99765320,126,MADHU CHEMICAL COMPANY,MADHU,MADHU-SWEET SUPERI PPH-1.45 GM,3.0,1.45 GM.,PPH,,,RECODING,5,9,54891,166.96619,122,SHREE NATH INTERNATIONAL-IND,MOZ,MOZ,MOZ-PPH 500 GM,PLPCH,500.000 GM,,,500.0,GM,0.0
61,22/11/2024,202411,3,1210102750,12101030201,1731409450152,99765320,126,MADHU CHEMICAL COMPANY,MADHU,MADHU-SWEET SUPERI PPH-1.45 GM,3.0,1.45 GM.,PPH,,,RECODING,5,10,93026899,167.07521,122,H.B INDUSTRIES-NEPAL,MEGHA,MEGHA,MEGHA-PPH 1000 GMS,PLPCH,1000.000 GM,,,1000.0,GM,0.0
62,22/11/2024,202411,3,1210100433,12101030087,1731409450152,99765320,126,MADHU CHEMICAL COMPANY,MADHU,MADHU-SWEET SUPERI PPH-1.45 GM,3.0,1.45 GM.,PPH,,,RECODING,5,1,99765320,129.2752,126,MADHU CHEMICAL COMPANY,MADHU,MADHU,1.45G PAAN MASALA,PLAST,1.45G,SWEET,,1.45,GM,3.0
62,22/11/2024,202411,3,1210100433,12101030087,1731409450152,99765320,126,MADHU CHEMICAL COMPANY,MADHU,MADHU-SWEET SUPERI PPH-1.45 GM,3.0,1.45 GM.,PPH,,,RECODING,5,2,99762215,139.28253,126,MADHU CHEMICAL COMPANY,MADHU,MADHU,1.25G PAAN MASALA,PLAST,1.25G,SWEET,,1.25,,0.0
62,22/11/2024,202411,3,1210100433,12101030087,1731409450152,99765320,126,MADHU CHEMICAL COMPANY,MADHU,MADHU-SWEET SUPERI PPH-1.45 GM,3.0,1.45 GM.,PPH,,,RECODING,5,3,47744,158.82794,122,H.B INDUSTRIES-NEPAL,MEGHA,MEGHA,MEGHA-FLOWER FRESH PPH 3000 GMS,PLPCH,3000.000 GM,,,3000.0,GM,0.0
62,22/11/2024,202411,3,1210100433,12101030087,1731409450152,99765320,126,MADHU CHEMICAL COMPANY,MADHU,MADHU-SWEET SUPERI PPH-1.45 GM,3.0,1.45 GM.,PPH,,,RECODING,5,4,93026122,160.7427,122,H.B INDUSTRIES-NEPAL,MEGHA,MEGHA,MEGHA-FLOWER FRESH PPH 500 GMS,PLPCH,500.000 GM,,,500.0,GM,0.0
62,22/11/2024,202411,3,1210100433,12101030087,1731409450152,99765320,126,MADHU CHEMICAL COMPANY,MADHU,MADHU-SWEET SUPERI PPH-1.45 GM,3.0,1.45 GM.,PPH,,,RECODING,5,5,91827176,162.4327,106,MAHENDRA INDUSTRIES-INDIA,MADHUR,MADHUR TRUE LOVE,MADHUR TRUE LOVE- STRAWBERRY PPH 6 GM,PLPCH,6.000 GM,STRAWBERRY,,6.0,GM,0.0
62,22/11/2024,202411,3,1210100433,12101030087,1731409450152,99765320,126,MADHU CHEMICAL COMPANY,MADHU,MADHU-SWEET SUPERI PPH-1.45 GM,3.0,1.45 GM.,PPH,,,RECODING,5,6,54103,164.64474,106,MAHENDRA INDUSTRIES-INDIA,MADHUR,MADHUR TRUE LOVE,MADHUR TRUE LOVE-PEACH PPH 5 GM,PLPCH,5.000 GM,PEACH,,5.0,GM,0.0
62,22/11/2024,202411,3,1210100433,12101030087,1731409450152,99765320,126,MADHU CHEMICAL COMPANY,MADHU,MADHU-SWEET SUPERI PPH-1.45 GM,3.0,1.45 GM.,PPH,,,RECODING,5,7,48360,164.86299,106,MAHENDRA INDUSTRIES-INDIA,MADHUR,MADHUR KING POP,MADHUR KING POP-LOLLIPOP PPH 9 GM,PLPCH,9.000 GM,UNSPECIFIED,,9.0,GM,0.0
62,22/11/2024,202411,3,1210100433,12101030087,1731409450152,99765320,126,MADHU CHEMICAL COMPANY,MADHU,MADHU-SWEET SUPERI PPH-1.45 GM,3.0,1.45 GM.,PPH,,,RECODING,5,8,91826568,167.5899,106,MAHENDRA INDUSTRIES-INDIA,MADHUR,MADHUR TRUE LOVE,MADHUR TRUE LOVE- ORANGE PPH 6 GM,PLPCH,6.000 GM,ORANGE,,6.0,GM,0.0
62,22/11/2024,202411,3,1210100433,12101030087,1731409450152,99765320,126,MADHU CHEMICAL COMPANY,MADHU,MADHU-SWEET SUPERI PPH-1.45 GM,3.0,1.45 GM.,PPH,,,RECODING,5,9,93025975,168.3448,122,H.B INDUSTRIES-NEPAL,MEGHA,MEGHA,MEGHA-PPH 200 GMS,PLPCH,200.000 GM,,,200.0,GM,0.0
62,22/11/2024,202411,3,1210100433,12101030087,1731409450152,99765320,126,MADHU CHEMICAL COMPANY,MADHU,MADHU-SWEET SUPERI PPH-1.45 GM,3.0,1.45 GM.,PPH,,,RECODING,5,10,54891,168.34843,122,SHREE NATH INTERNATIONAL-IND,MOZ,MOZ,MOZ-PPH 500 GM,PLPCH,500.000 GM,,,500.0,GM,0.0
63,22/11/2024,202411,3,2110100592,21101031853,1732178087869,99765328,105,GORKHA LAHARI PVT. LTD,CAPTAIN FILTER KING GOLD,CAPTAIN/20/HL/LUXURY/GORKHA LAHARI PVT. LTD/NEPAL,161.0,20,HL,New SKU,1732178087869-gorkha lahari pvt- ltd-captain filter king gold#3.png,RECODING,5,1,99765328,113.31773,105,GORKHA LAHARI PVT.LTD.- NEPAL,CAPTAIN,CAPTAIN GOLD FILTER KINGS,HL 20'S,HL,20,FULL FLAVOUR,,20.0,NO,161.0
63,22/11/2024,202411,3,2110100592,21101031853,1732178087869,99765328,105,GORKHA LAHARI PVT. LTD,CAPTAIN FILTER KING GOLD,CAPTAIN/20/HL/LUXURY/GORKHA LAHARI PVT. LTD/NEPAL,161.0,20,HL,New SKU,1732178087869-gorkha lahari pvt- ltd-captain filter king gold#3.png,RECODING,5,2,90110256,133.29823,105,GORKHA LAHARI PVT.LTD.- NEPAL,CAPTAIN,CAPTAIN FILTER KINGS,HL 20'S,HL,20,FULL FLAVOUR,,20.0,NO,115.0
63,22/11/2024,202411,3,2110100592,21101031853,1732178087869,99765328,105,GORKHA LAHARI PVT. LTD,CAPTAIN FILTER KING GOLD,CAPTAIN/20/HL/LUXURY/GORKHA LAHARI PVT. LTD/NEPAL,161.0,20,HL,New SKU,1732178087869-gorkha lahari pvt- ltd-captain filter king gold#3.png,RECODING,5,3,99762386,139.68756,105,GORKHA LAHARI PVT.LTD.- NEPAL,CAPTAIN,CAPTAIN MOUNTAIN FRESH,HL 20'S,HL,20,FRESH,,20.0,NO,110.0
63,22/11/2024,202411,3,2110100592,21101031853,1732178087869,99765328,105,GORKHA LAHARI PVT. LTD,CAPTAIN FILTER KING GOLD,CAPTAIN/20/HL/LUXURY/GORKHA LAHARI PVT. LTD/NEPAL,161.0,20,HL,New SKU,1732178087869-gorkha lahari pvt- ltd-captain filter king gold#3.png,RECODING,5,4,99765387,149.65906,105,GORKHA LAHARI PVT.LTD.- NEPAL,NEPAL GOLD FLAKE,NEPAL GOLD FLAKE PREMIUM FILTER,HL 20'S,HL,20,FULL FLAVOUR,,20.0,NO,133.5
63,22/11/2024,202411,3,2110100592,21101031853,1732178087869,99765328,105,GORKHA LAHARI PVT. LTD,CAPTAIN FILTER KING GOLD,CAPTAIN/20/HL/LUXURY/GORKHA LAHARI PVT. LTD/NEPAL,161.0,20,HL,New SKU,1732178087869-gorkha lahari pvt- ltd-captain filter king gold#3.png,RECODING,5,5,90110228,152.89612,105,GORKHA LAHARI PVT.LTD.- NEPAL,BROWN,BROWN GOLD,HL 20'S,HL,20,KRETEK,,20.0,NO,280.0
63,22/11/2024,202411,3,2110100592,21101031853,1732178087869,99765328,105,GORKHA LAHARI PVT. LTD,CAPTAIN FILTER KING GOLD,CAPTAIN/20/HL/LUXURY/GORKHA LAHARI PVT. LTD/NEPAL,161.0,20,HL,New SKU,1732178087869-gorkha lahari pvt- ltd-captain filter king gold#3.png,RECODING,5,6,99765139,154.42737,105,GORKHA LAHARI PVT.LTD.- NEPAL,GORKHA,GORKHA FILTER,HL 20'S,HL,20,FULL FLAVOUR,,20.0,NO,113.5
63,22/11/2024,202411,3,2110100592,21101031853,1732178087869,99765328,105,GORKHA LAHARI PVT. LTD,CAPTAIN FILTER KING GOLD,CAPTAIN/20/HL/LUXURY/GORKHA LAHARI PVT. LTD/NEPAL,161.0,20,HL,New SKU,1732178087869-gorkha lahari pvt- ltd-captain filter king gold#3.png,RECODING,5,7,99763367,159.37491,123,GORKHA SOAP INDUSTRIES-NEPAL,GORKHA DALLO SABUN,GORKHA DALLO SABUN,GORKHA DALLO SABUN-PPH 3*333 GM [1000 GM],PLPCH,333.000 GM,,,1000.0,GM,110.0
63,22/11/2024,202411,3,2110100592,21101031853,1732178087869,99765328,105,GORKHA LAHARI PVT. LTD,CAPTAIN FILTER KING GOLD,CAPTAIN/20/HL/LUXURY/GORKHA LAHARI PVT. LTD/NEPAL,161.0,20,HL,New SKU,1732178087869-gorkha lahari pvt- ltd-captain filter king gold#3.png,RECODING,5,8,93060767,165.71364,122,GOPAL SOAP INDUSTRIES - NEPAL,V SERIES,V SERIES GOLD,V SERIES GOLD-PPH 350 GMS+7ML DABUR VATIKA HE CRE,PLPCH,350.000 GM,,,350.0,GM,0.0
63,22/11/2024,202411,3,2110100592,21101031853,1732178087869,99765328,105,GORKHA LAHARI PVT. LTD,CAPTAIN FILTER KING GOLD,CAPTAIN/20/HL/LUXURY/GORKHA LAHARI PVT. LTD/NEPAL,161.0,20,HL,New SKU,1732178087869-gorkha lahari pvt- ltd-captain filter king gold#3.png,RECODING,5,9,93021323,167.2786,122,GOPAL SOAP INDUSTRIES - NEPAL,V SERIES,V SERIES GOLD,V SERIES GOLD-PPH 310 GMS,PLPCH,310.000 GM,,,310.0,GM,0.0
63,22/11/2024,202411,3,2110100592,21101031853,1732178087869,99765328,105,GORKHA LAHARI PVT. LTD,CAPTAIN FILTER KING GOLD,CAPTAIN/20/HL/LUXURY/GORKHA LAHARI PVT. LTD/NEPAL,161.0,20,HL,New SKU,1732178087869-gorkha lahari pvt- ltd-captain filter king gold#3.png,RECODING,5,10,90110230,167.7327,105,GORKHA LAHARI PVT.LTD.- NEPAL,SAFARI,SAFARI FILTER KINGS,HL 20'S,HL,20,FULL FLAVOUR,,20.0,NO,180.0
64,22/11/2024,202411,3,3110105409,31101030569,1732078989157,99765326,124,DEUTI GUTKHA INDUSTRIES,MEGHA SHREE PREMIUM,MEGHA SHREE PREMIUM\2.20GM\PPHRS:5\DEUTI GUTKHA INDUSTRIES NEPAL,5.0,2.20GM,PPH,New SKU,1732078989157-deuti gutkha industries-megha shree premium#3.png,RECODING,5,1,99765326,104.14157,124,DEUTI GUTKHA INDUSTRIES,MEGHA SHREE,MEGHA SHREE PREMIUM,2.20G GUTKA,PLAST,2.20G,REGULAR,,2.2,GM,5.0
64,22/11/2024,202411,3,3110105409,31101030569,1732078989157,99765326,124,DEUTI GUTKHA INDUSTRIES,MEGHA SHREE PREMIUM,MEGHA SHREE PREMIUM\2.20GM\PPHRS:5\DEUTI GUTKHA INDUSTRIES NEPAL,5.0,2.20GM,PPH,New SKU,1732078989157-deuti gutkha industries-megha shree premium#3.png,RECODING,5,2,99764162,112.139755,124,DEUTI GUTKHA INDUSTRIES,MEGHA SHREE,MEGHA SHREE PREMIUM,2.14G GUTKA,PLAST,2.14G,REGULAR,,2.14,GM,5.0
64,22/11/2024,202411,3,3110105409,31101030569,1732078989157,99765326,124,DEUTI GUTKHA INDUSTRIES,MEGHA SHREE PREMIUM,MEGHA SHREE PREMIUM\2.20GM\PPHRS:5\DEUTI GUTKHA INDUSTRIES NEPAL,5.0,2.20GM,PPH,New SKU,1732078989157-deuti gutkha industries-megha shree premium#3.png,RECODING,5,3,99762223,114.012146,124,DEUTI GUTKHA INDUSTRIES,MEGHA SHREE,MEGHA SHREE PREMIUM,2.3G GUTKA,PLAST,2.3G,REGULAR,,2.3,,0.0
64,22/11/2024,202411,3,3110105409,31101030569,1732078989157,99765326,124,DEUTI GUTKHA INDUSTRIES,MEGHA SHREE PREMIUM,MEGHA SHREE PREMIUM\2.20GM\PPHRS:5\DEUTI GUTKHA INDUSTRIES NEPAL,5.0,2.20GM,PPH,New SKU,1732078989157-deuti gutkha industries-megha shree premium#3.png,RECODING,5,4,93025975,134.71088,122,H.B INDUSTRIES-NEPAL,MEGHA,MEGHA,MEGHA-PPH 200 GMS,PLPCH,200.000 GM,,,200.0,GM,0.0
64,22/11/2024,202411,3,3110105409,31101030569,1732078989157,99765326,124,DEUTI GUTKHA INDUSTRIES,MEGHA SHREE PREMIUM,MEGHA SHREE PREMIUM\2.20GM\PPHRS:5\DEUTI GUTKHA INDUSTRIES NEPAL,5.0,2.20GM,PPH,New SKU,1732078989157-deuti gutkha industries-megha shree premium#3.png,RECODING,5,5,47744,139.8042,122,H.B INDUSTRIES-NEPAL,MEGHA,MEGHA,MEGHA-FLOWER FRESH PPH 3000 GMS,PLPCH,3000.000 GM,,,3000.0,GM,0.0
64,22/11/2024,202411,3,3110105409,31101030569,1732078989157,99765326,124,DEUTI GUTKHA INDUSTRIES,MEGHA SHREE PREMIUM,MEGHA SHREE PREMIUM\2.20GM\PPHRS:5\DEUTI GUTKHA INDUSTRIES NEPAL,5.0,2.20GM,PPH,New SKU,1732078989157-deuti gutkha industries-megha shree premium#3.png,RECODING,5,6,93026899,140.8479,122,H.B INDUSTRIES-NEPAL,MEGHA,MEGHA,MEGHA-PPH 1000 GMS,PLPCH,1000.000 GM,,,1000.0,GM,0.0
64,22/11/2024,202411,3,3110105409,31101030569,1732078989157,99765326,124,DEUTI GUTKHA INDUSTRIES,MEGHA SHREE PREMIUM,MEGHA SHREE PREMIUM\2.20GM\PPHRS:5\DEUTI GUTKHA INDUSTRIES NEPAL,5.0,2.20GM,PPH,New SKU,1732078989157-deuti gutkha industries-megha shree premium#3.png,RECODING,5,7,93026122,142.57843,122,H.B INDUSTRIES-NEPAL,MEGHA,MEGHA,MEGHA-FLOWER FRESH PPH 500 GMS,PLPCH,500.000 GM,,,500.0,GM,0.0
64,22/11/2024,202411,3,3110105409,31101030569,1732078989157,99765326,124,DEUTI GUTKHA INDUSTRIES,MEGHA SHREE PREMIUM,MEGHA SHREE PREMIUM\2.20GM\PPHRS:5\DEUTI GUTKHA INDUSTRIES NEPAL,5.0,2.20GM,PPH,New SKU,1732078989157-deuti gutkha industries-megha shree premium#3.png,RECODING,5,8,99762599,148.68558,124,MAHASHAKTI GUTKHA UDHYOG-NEPAL,YUB,YUB PARAG,2.3G GUTKA,PLAST,2.3G,REGULAR,,2.3,GM,5.0
64,22/11/2024,202411,3,3110105409,31101030569,1732078989157,99765326,124,DEUTI GUTKHA INDUSTRIES,MEGHA SHREE PREMIUM,MEGHA SHREE PREMIUM\2.20GM\PPHRS:5\DEUTI GUTKHA INDUSTRIES NEPAL,5.0,2.20GM,PPH,New SKU,1732078989157-deuti gutkha industries-megha shree premium#3.png,RECODING,5,9,93062357,158.6492,122,UNILEVER NEPAL LTD-NEPAL,RIN,RIN SHAKTI,RIN SHAKTI-PPH 400 GM+25% EXTRA,PLPCH,400.000 GM,,,500.0,GM,0.0
64,22/11/2024,202411,3,3110105409,31101030569,1732078989157,99765326,124,DEUTI GUTKHA INDUSTRIES,MEGHA SHREE PREMIUM,MEGHA SHREE PREMIUM\2.20GM\PPHRS:5\DEUTI GUTKHA INDUSTRIES NEPAL,5.0,2.20GM,PPH,New SKU,1732078989157-deuti gutkha industries-megha shree premium#3.png,RECODING,5,10,47325,161.05142,122,UNILEVER NEPAL LTD-NEPAL,RIN,RIN SHAKTI,RIN SHAKTI-PPH 400 GM+50 GM EXTRA,PLPCH,400.000 GM,,,450.0,GM,0.0
65,22/11/2024,202411,3,3110104588,31101030561,1732078989157,99765326,124,DEUTI GUTKHA INDUSTRIES,MEGHA SHREE PREMIUM,MEGHA SHREE PREMIUM\2.20GM\PPHRS:5\DEUTI GUTKHA INDUSTRIES NEPAL,5.0,2.20GM,PPH,New SKU,,RECODING,5,1,99765326,104.794426,124,DEUTI GUTKHA INDUSTRIES,MEGHA SHREE,MEGHA SHREE PREMIUM,2.20G GUTKA,PLAST,2.20G,REGULAR,,2.2,GM,5.0
65,22/11/2024,202411,3,3110104588,31101030561,1732078989157,99765326,124,DEUTI GUTKHA INDUSTRIES,MEGHA SHREE PREMIUM,MEGHA SHREE PREMIUM\2.20GM\PPHRS:5\DEUTI GUTKHA INDUSTRIES NEPAL,5.0,2.20GM,PPH,New SKU,,RECODING,5,2,99764162,113.60628,124,DEUTI GUTKHA INDUSTRIES,MEGHA SHREE,MEGHA SHREE PREMIUM,2.14G GUTKA,PLAST,2.14G,REGULAR,,2.14,GM,5.0
65,22/11/2024,202411,3,3110104588,31101030561,1732078989157,99765326,124,DEUTI GUTKHA INDUSTRIES,MEGHA SHREE PREMIUM,MEGHA SHREE PREMIUM\2.20GM\PPHRS:5\DEUTI GUTKHA INDUSTRIES NEPAL,5.0,2.20GM,PPH,New SKU,,RECODING,5,3,99762223,116.627464,124,DEUTI GUTKHA INDUSTRIES,MEGHA SHREE,MEGHA SHREE PREMIUM,2.3G GUTKA,PLAST,2.3G,REGULAR,,2.3,,0.0
65,22/11/2024,202411,3,3110104588,31101030561,1732078989157,99765326,124,DEUTI GUTKHA INDUSTRIES,MEGHA SHREE PREMIUM,MEGHA SHREE PREMIUM\2.20GM\PPHRS:5\DEUTI GUTKHA INDUSTRIES NEPAL,5.0,2.20GM,PPH,New SKU,,RECODING,5,4,93025975,145.06718,122,H.B INDUSTRIES-NEPAL,MEGHA,MEGHA,MEGHA-PPH 200 GMS,PLPCH,200.000 GM,,,200.0,GM,0.0
65,22/11/2024,202411,3,3110104588,31101030561,1732078989157,99765326,124,DEUTI GUTKHA INDUSTRIES,MEGHA SHREE PREMIUM,MEGHA SHREE PREMIUM\2.20GM\PPHRS:5\DEUTI GUTKHA INDUSTRIES NEPAL,5.0,2.20GM,PPH,New SKU,,RECODING,5,5,47744,149.69946,122,H.B INDUSTRIES-NEPAL,MEGHA,MEGHA,MEGHA-FLOWER FRESH PPH 3000 GMS,PLPCH,3000.000 GM,,,3000.0,GM,0.0
65,22/11/2024,202411,3,3110104588,31101030561,1732078989157,99765326,124,DEUTI GUTKHA INDUSTRIES,MEGHA SHREE PREMIUM,MEGHA SHREE PREMIUM\2.20GM\PPHRS:5\DEUTI GUTKHA INDUSTRIES NEPAL,5.0,2.20GM,PPH,New SKU,,RECODING,5,6,93026899,151.62137,122,H.B INDUSTRIES-NEPAL,MEGHA,MEGHA,MEGHA-PPH 1000 GMS,PLPCH,1000.000 GM,,,1000.0,GM,0.0
65,22/11/2024,202411,3,3110104588,31101030561,1732078989157,99765326,124,DEUTI GUTKHA INDUSTRIES,MEGHA SHREE PREMIUM,MEGHA SHREE PREMIUM\2.20GM\PPHRS:5\DEUTI GUTKHA INDUSTRIES NEPAL,5.0,2.20GM,PPH,New SKU,,RECODING,5,7,93026122,152.97653,122,H.B INDUSTRIES-NEPAL,MEGHA,MEGHA,MEGHA-FLOWER FRESH PPH 500 GMS,PLPCH,500.000 GM,,,500.0,GM,0.0
65,22/11/2024,202411,3,3110104588,31101030561,1732078989157,99765326,124,DEUTI GUTKHA INDUSTRIES,MEGHA SHREE PREMIUM,MEGHA SHREE PREMIUM\2.20GM\PPHRS:5\DEUTI GUTKHA INDUSTRIES NEPAL,5.0,2.20GM,PPH,New SKU,,RECODING,5,8,99762599,153.77844,124,MAHASHAKTI GUTKHA UDHYOG-NEPAL,YUB,YUB PARAG,2.3G GUTKA,PLAST,2.3G,REGULAR,,2.3,GM,5.0
65,22/11/2024,202411,3,3110104588,31101030561,1732078989157,99765326,124,DEUTI GUTKHA INDUSTRIES,MEGHA SHREE PREMIUM,MEGHA SHREE PREMIUM\2.20GM\PPHRS:5\DEUTI GUTKHA INDUSTRIES NEPAL,5.0,2.20GM,PPH,New SKU,,RECODING,5,9,93062357,165.74988,122,UNILEVER NEPAL LTD-NEPAL,RIN,RIN SHAKTI,RIN SHAKTI-PPH 400 GM+25% EXTRA,PLPCH,400.000 GM,,,500.0,GM,0.0
65,22/11/2024,202411,3,3110104588,31101030561,1732078989157,99765326,124,DEUTI GUTKHA INDUSTRIES,MEGHA SHREE PREMIUM,MEGHA SHREE PREMIUM\2.20GM\PPHRS:5\DEUTI GUTKHA INDUSTRIES NEPAL,5.0,2.20GM,PPH,New SKU,,RECODING,5,10,99764090,166.34558,116,SRIJANSHIL MAHILA UDHAMI-NEPAL,SATHI,SATHI,SATHI-EXTRA LARGE PPH 8 NOS,PLPCH,8.000 NO,,,8.0,NO,75.0
66,22/11/2024,202411,3,2110202671,21102030243,1731308020769,99765321,105,SURYA NEPAL PVT LTD - NEPAL,SURYA FUSION,SURYA FUSION,320.0,HL 20 NOS,CBP,,,RECODING,5,1,92923725,146.42809,123,B.S.I PVT LTD-NEPAL,SURYA,SURYA,SURYA-UNWRP 150 GMS,UNWRP,150.000 GM,,,150.0,GM,0.0
66,22/11/2024,202411,3,2110202671,21102030243,1731308020769,99765321,105,SURYA NEPAL PVT LTD - NEPAL,SURYA FUSION,SURYA FUSION,320.0,HL 20 NOS,CBP,,,RECODING,5,2,46667,147.41553,123,B.S.I PVT LTD-NEPAL,SURYA,SURYA,SURYA-UNWRP 200 GMS,UNWRP,200.000 GM,,,200.0,GM,0.0
66,22/11/2024,202411,3,2110202671,21102030243,1731308020769,99765321,105,SURYA NEPAL PVT LTD - NEPAL,SURYA FUSION,SURYA FUSION,320.0,HL 20 NOS,CBP,,,RECODING,5,3,90110247,154.6018,105,SURYA NEPAL PVT LTD - NEPAL,SURYA,SURYA CITRIC FRESH,HL 20'S,HL,20,FRESH,,20.0,NO,300.0
66,22/11/2024,202411,3,2110202671,21102030243,1731308020769,99765321,105,SURYA NEPAL PVT LTD - NEPAL,SURYA FUSION,SURYA FUSION,320.0,HL 20 NOS,CBP,,,RECODING,5,4,99763869,156.77602,105,SURYA NEPAL PVT LTD - NEPAL,NAULO,NAULO BURST,HL 20'S,HL,20,FRESH,,20.0,NO,175.0
66,22/11/2024,202411,3,2110202671,21102030243,1731308020769,99765321,105,SURYA NEPAL PVT LTD - NEPAL,SURYA FUSION,SURYA FUSION,320.0,HL 20 NOS,CBP,,,RECODING,5,5,47592,158.62447,105,SURYA NEPAL PVT LTD - NEPAL,SHIKHAR,SHIKHAR ICE RUSH,HL 20'S,HL,20,FRESH,,20.0,NO,185.0
66,22/11/2024,202411,3,2110202671,21102030243,1731308020769,99765321,105,SURYA NEPAL PVT LTD - NEPAL,SURYA FUSION,SURYA FUSION,320.0,HL 20 NOS,CBP,,,RECODING,5,6,99765090,159.8272,105,SURYA NEPAL PVT LTD - NEPAL,SURYA,SURYA DUAL BURST,HL 20'S,HL,20,FRESH,,20.0,NO,320.0
66,22/11/2024,202411,3,2110202671,21102030243,1731308020769,99765321,105,SURYA NEPAL PVT LTD - NEPAL,SURYA FUSION,SURYA FUSION,320.0,HL 20 NOS,CBP,,,RECODING,5,7,48587,160.5208,105,SURYA NEPAL PVT LTD - NEPAL,SURYA,SURYA 24 CARAT ARCTIC BURST,HL 20'S,HL,20,FRESH,,20.0,NO,300.0
66,22/11/2024,202411,3,2110202671,21102030243,1731308020769,99765321,105,SURYA NEPAL PVT LTD - NEPAL,SURYA FUSION,SURYA FUSION,320.0,HL 20 NOS,CBP,,,RECODING,5,8,99764555,162.20976,106,SURYA NEPAL PVT LTD - NEPAL,TOFFICHOO,TOFFICHOO CHATPATA FUN,TOFFICHOO CHATPATA FUN-MASALA PUNCH PCN 720 GM,PLJAR,720.000 GM,MASALA,,720.0,GM,300.0
66,22/11/2024,202411,3,2110202671,21102030243,1731308020769,99765321,105,SURYA NEPAL PVT LTD - NEPAL,SURYA FUSION,SURYA FUSION,320.0,HL 20 NOS,CBP,,,RECODING,5,9,99765321,162.85146,105,SURYA NEPAL PVT LTD - NEPAL,SURYA,SURYA FUSION,HL 20'S,HL,20,FULL FLAVOUR,,20.0,NO,320.0
66,22/11/2024,202411,3,2110202671,21102030243,1731308020769,99765321,105,SURYA NEPAL PVT LTD - NEPAL,SURYA FUSION,SURYA FUSION,320.0,HL 20 NOS,CBP,,,RECODING,5,10,99764545,165.2977,106,SURYA NEPAL PVT LTD - NEPAL,TOFFICHOO,TOFFICHOO CHATPATA FUN,TOFFICHOO CHATPATA FUN-MASALA PUNCH PPH 270 GM,PLPCH,270.000 GM,MASALA,,270.0,GM,85.0
67,22/11/2024,202411,3,2110203255,21102030267,1731308020769,99765321,105,SURYA NEPAL PVT LTD - NEPAL,SURYA FUSION,SURYA FUSION,320.0,HL 20 NOS,CBP,Any other reason,,RECODING,5,1,47592,181.19759,105,SURYA NEPAL PVT LTD - NEPAL,SHIKHAR,SHIKHAR ICE RUSH,HL 20'S,HL,20,FRESH,,20.0,NO,185.0
67,22/11/2024,202411,3,2110203255,21102030267,1731308020769,99765321,105,SURYA NEPAL PVT LTD - NEPAL,SURYA FUSION,SURYA FUSION,320.0,HL 20 NOS,CBP,Any other reason,,RECODING,5,2,90110247,185.37595,105,SURYA NEPAL PVT LTD - NEPAL,SURYA,SURYA CITRIC FRESH,HL 20'S,HL,20,FRESH,,20.0,NO,300.0
67,22/11/2024,202411,3,2110203255,21102030267,1731308020769,99765321,105,SURYA NEPAL PVT LTD - NEPAL,SURYA FUSION,SURYA FUSION,320.0,HL 20 NOS,CBP,Any other reason,,RECODING,5,3,92923725,189.30826,123,B.S.I PVT LTD-NEPAL,SURYA,SURYA,SURYA-UNWRP 150 GMS,UNWRP,150.000 GM,,,150.0,GM,0.0
67,22/11/2024,202411,3,2110203255,21102030267,1731308020769,99765321,105,SURYA NEPAL PVT LTD - NEPAL,SURYA FUSION,SURYA FUSION,320.0,HL 20 NOS,CBP,Any other reason,,RECODING,5,4,99763869,189.83432,105,SURYA NEPAL PVT LTD - NEPAL,NAULO,NAULO BURST,HL 20'S,HL,20,FRESH,,20.0,NO,175.0
67,22/11/2024,202411,3,2110203255,21102030267,1731308020769,99765321,105,SURYA NEPAL PVT LTD - NEPAL,SURYA FUSION,SURYA FUSION,320.0,HL 20 NOS,CBP,Any other reason,,RECODING,5,5,46667,190.18184,123,B.S.I PVT LTD-NEPAL,SURYA,SURYA,SURYA-UNWRP 200 GMS,UNWRP,200.000 GM,,,200.0,GM,0.0
67,22/11/2024,202411,3,2110203255,21102030267,1731308020769,99765321,105,SURYA NEPAL PVT LTD - NEPAL,SURYA FUSION,SURYA FUSION,320.0,HL 20 NOS,CBP,Any other reason,,RECODING,5,6,99764555,193.69391,106,SURYA NEPAL PVT LTD - NEPAL,TOFFICHOO,TOFFICHOO CHATPATA FUN,TOFFICHOO CHATPATA FUN-MASALA PUNCH PCN 720 GM,PLJAR,720.000 GM,MASALA,,720.0,GM,300.0
67,22/11/2024,202411,3,2110203255,21102030267,1731308020769,99765321,105,SURYA NEPAL PVT LTD - NEPAL,SURYA FUSION,SURYA FUSION,320.0,HL 20 NOS,CBP,Any other reason,,RECODING,5,7,48587,194.69789,105,SURYA NEPAL PVT LTD - NEPAL,SURYA,SURYA 24 CARAT ARCTIC BURST,HL 20'S,HL,20,FRESH,,20.0,NO,300.0
67,22/11/2024,202411,3,2110203255,21102030267,1731308020769,99765321,105,SURYA NEPAL PVT LTD - NEPAL,SURYA FUSION,SURYA FUSION,320.0,HL 20 NOS,CBP,Any other reason,,RECODING,5,8,90110249,195.47528,105,SURYA NEPAL PVT LTD - NEPAL,SHIKHAR,SHIKHAR TANGY BREEZE,HL 20'S,HL,20,FRESH,,20.0,NO,180.0
67,22/11/2024,202411,3,2110203255,21102030267,1731308020769,99765321,105,SURYA NEPAL PVT LTD - NEPAL,SURYA FUSION,SURYA FUSION,320.0,HL 20 NOS,CBP,Any other reason,,RECODING,5,9,99765090,195.91986,105,SURYA NEPAL PVT LTD - NEPAL,SURYA,SURYA DUAL BURST,HL 20'S,HL,20,FRESH,,20.0,NO,320.0
67,22/11/2024,202411,3,2110203255,21102030267,1731308020769,99765321,105,SURYA NEPAL PVT LTD - NEPAL,SURYA FUSION,SURYA FUSION,320.0,HL 20 NOS,CBP,Any other reason,,RECODING,5,10,99762387,198.06256,105,SURYA NEPAL PVT LTD - NEPAL,SURYA,SURYA MINT,HL 20'S,HL,20,FRESH,,20.0,NO,280.0
68,22/11/2024,202411,3,2110203255,21102030267,1732167511468,99765328,105,GORKHA LAHARI PVT.LTD.- NEPAL,CAPTAIN GOLD,CAPTAIN GOLD FILTER KINGS /HL/20 NOS,161.5,20 NOS,CBP,,1732167511468-gorkha lahari pvt-ltd-- nepal-captain gold#3.png,RECODING,5,1,99765328,108.71072,105,GORKHA LAHARI PVT.LTD.- NEPAL,CAPTAIN,CAPTAIN GOLD FILTER KINGS,HL 20'S,HL,20,FULL FLAVOUR,,20.0,NO,161.0
68,22/11/2024,202411,3,2110203255,21102030267,1732167511468,99765328,105,GORKHA LAHARI PVT.LTD.- NEPAL,CAPTAIN GOLD,CAPTAIN GOLD FILTER KINGS /HL/20 NOS,161.5,20 NOS,CBP,,1732167511468-gorkha lahari pvt-ltd-- nepal-captain gold#3.png,RECODING,5,2,90110256,134.35571,105,GORKHA LAHARI PVT.LTD.- NEPAL,CAPTAIN,CAPTAIN FILTER KINGS,HL 20'S,HL,20,FULL FLAVOUR,,20.0,NO,115.0
68,22/11/2024,202411,3,2110203255,21102030267,1732167511468,99765328,105,GORKHA LAHARI PVT.LTD.- NEPAL,CAPTAIN GOLD,CAPTAIN GOLD FILTER KINGS /HL/20 NOS,161.5,20 NOS,CBP,,1732167511468-gorkha lahari pvt-ltd-- nepal-captain gold#3.png,RECODING,5,3,99762386,140.17342,105,GORKHA LAHARI PVT.LTD.- NEPAL,CAPTAIN,CAPTAIN MOUNTAIN FRESH,HL 20'S,HL,20,FRESH,,20.0,NO,110.0
68,22/11/2024,202411,3,2110203255,21102030267,1732167511468,99765328,105,GORKHA LAHARI PVT.LTD.- NEPAL,CAPTAIN GOLD,CAPTAIN GOLD FILTER KINGS /HL/20 NOS,161.5,20 NOS,CBP,,1732167511468-gorkha lahari pvt-ltd-- nepal-captain gold#3.png,RECODING,5,4,99765387,150.67757,105,GORKHA LAHARI PVT.LTD.- NEPAL,NEPAL GOLD FLAKE,NEPAL GOLD FLAKE PREMIUM FILTER,HL 20'S,HL,20,FULL FLAVOUR,,20.0,NO,133.5
68,22/11/2024,202411,3,2110203255,21102030267,1732167511468,99765328,105,GORKHA LAHARI PVT.LTD.- NEPAL,CAPTAIN GOLD,CAPTAIN GOLD FILTER KINGS /HL/20 NOS,161.5,20 NOS,CBP,,1732167511468-gorkha lahari pvt-ltd-- nepal-captain gold#3.png,RECODING,5,5,93021323,157.5935,122,GOPAL SOAP INDUSTRIES - NEPAL,V SERIES,V SERIES GOLD,V SERIES GOLD-PPH 310 GMS,PLPCH,310.000 GM,,,310.0,GM,0.0
68,22/11/2024,202411,3,2110203255,21102030267,1732167511468,99765328,105,GORKHA LAHARI PVT.LTD.- NEPAL,CAPTAIN GOLD,CAPTAIN GOLD FILTER KINGS /HL/20 NOS,161.5,20 NOS,CBP,,1732167511468-gorkha lahari pvt-ltd-- nepal-captain gold#3.png,RECODING,5,6,90110228,157.98926,105,GORKHA LAHARI PVT.LTD.- NEPAL,BROWN,BROWN GOLD,HL 20'S,HL,20,KRETEK,,20.0,NO,280.0
68,22/11/2024,202411,3,2110203255,21102030267,1732167511468,99765328,105,GORKHA LAHARI PVT.LTD.- NEPAL,CAPTAIN GOLD,CAPTAIN GOLD FILTER KINGS /HL/20 NOS,161.5,20 NOS,CBP,,1732167511468-gorkha lahari pvt-ltd-- nepal-captain gold#3.png,RECODING,5,7,93019260,160.38333,122,GOPAL SOAP INDUSTRIES - NEPAL,V SERIES,V SERIES GOLD,V SERIES GOLD-PPH 350 GMS,PLPCH,350.000 GM,,,350.0,GM,0.0
68,22/11/2024,202411,3,2110203255,21102030267,1732167511468,99765328,105,GORKHA LAHARI PVT.LTD.- NEPAL,CAPTAIN GOLD,CAPTAIN GOLD FILTER KINGS /HL/20 NOS,161.5,20 NOS,CBP,,1732167511468-gorkha lahari pvt-ltd-- nepal-captain gold#3.png,RECODING,5,8,93019261,160.82808,122,GOPAL SOAP INDUSTRIES - NEPAL,V SERIES,V SERIES GOLD,V SERIES GOLD-PPH 300 GMS,PLPCH,300.000 GM,,,300.0,GM,0.0
68,22/11/2024,202411,3,2110203255,21102030267,1732167511468,99765328,105,GORKHA LAHARI PVT.LTD.- NEPAL,CAPTAIN GOLD,CAPTAIN GOLD FILTER KINGS /HL/20 NOS,161.5,20 NOS,CBP,,1732167511468-gorkha lahari pvt-ltd-- nepal-captain gold#3.png,RECODING,5,9,93019348,160.88615,122,GOPAL SOAP INDUSTRIES - NEPAL,V SERIES,V SERIES GOLD,V SERIES GOLD-PPH 800 GMS,PLPCH,800.000 GM,,,800.0,GM,0.0
68,22/11/2024,202411,3,2110203255,21102030267,1732167511468,99765328,105,GORKHA LAHARI PVT.LTD.- NEPAL,CAPTAIN GOLD,CAPTAIN GOLD FILTER KINGS /HL/20 NOS,161.5,20 NOS,CBP,,1732167511468-gorkha lahari pvt-ltd-- nepal-captain gold#3.png,RECODING,5,10,93021961,160.96175,122,GOPAL SOAP INDUSTRIES - NEPAL,V SERIES,V SERIES GOLD,V SERIES GOLD-PPH 750 GMS,PLPCH,750.000 GM,,,750.0,GM,0.0
69,22/11/2024,202411,3,1027181256386,22709030057,1732001702308,99765321,105,SURYA NEPAL PVT LTD - NEPAL,SURYA FUSION,SURYA FUSION\20\NOSE\RS320,320.0,20 NOSE,KFT,Invoices not available,,RECODING,5,1,47592,161.17542,105,SURYA NEPAL PVT LTD - NEPAL,SHIKHAR,SHIKHAR ICE RUSH,HL 20'S,HL,20,FRESH,,20.0,NO,185.0
69,22/11/2024,202411,3,1027181256386,22709030057,1732001702308,99765321,105,SURYA NEPAL PVT LTD - NEPAL,SURYA FUSION,SURYA FUSION\20\NOSE\RS320,320.0,20 NOSE,KFT,Invoices not available,,RECODING,5,2,90110247,167.98526,105,SURYA NEPAL PVT LTD - NEPAL,SURYA,SURYA CITRIC FRESH,HL 20'S,HL,20,FRESH,,20.0,NO,300.0
69,22/11/2024,202411,3,1027181256386,22709030057,1732001702308,99765321,105,SURYA NEPAL PVT LTD - NEPAL,SURYA FUSION,SURYA FUSION\20\NOSE\RS320,320.0,20 NOSE,KFT,Invoices not available,,RECODING,5,3,99765321,170.6009,105,SURYA NEPAL PVT LTD - NEPAL,SURYA,SURYA FUSION,HL 20'S,HL,20,FULL FLAVOUR,,20.0,NO,320.0
69,22/11/2024,202411,3,1027181256386,22709030057,1732001702308,99765321,105,SURYA NEPAL PVT LTD - NEPAL,SURYA FUSION,SURYA FUSION\20\NOSE\RS320,320.0,20 NOSE,KFT,Invoices not available,,RECODING,5,4,99764545,171.19897,106,SURYA NEPAL PVT LTD - NEPAL,TOFFICHOO,TOFFICHOO CHATPATA FUN,TOFFICHOO CHATPATA FUN-MASALA PUNCH PPH 270 GM,PLPCH,270.000 GM,MASALA,,270.0,GM,85.0
69,22/11/2024,202411,3,1027181256386,22709030057,1732001702308,99765321,105,SURYA NEPAL PVT LTD - NEPAL,SURYA FUSION,SURYA FUSION\20\NOSE\RS320,320.0,20 NOSE,KFT,Invoices not available,,RECODING,5,5,99762790,171.2204,106,SURYA NEPAL PVT LTD - NEPAL,TOFFICHOO,TOFFICHOO CRÈME LACTO,TOFFICHOO CRÈME LACTO-PPH 4 GM,PLPCH,4.000 GM,UNSPECIFIED,,4.0,GM,2.0
69,22/11/2024,202411,3,1027181256386,22709030057,1732001702308,99765321,105,SURYA NEPAL PVT LTD - NEPAL,SURYA FUSION,SURYA FUSION\20\NOSE\RS320,320.0,20 NOSE,KFT,Invoices not available,,RECODING,5,6,99764555,171.30923,106,SURYA NEPAL PVT LTD - NEPAL,TOFFICHOO,TOFFICHOO CHATPATA FUN,TOFFICHOO CHATPATA FUN-MASALA PUNCH PCN 720 GM,PLJAR,720.000 GM,MASALA,,720.0,GM,300.0
69,22/11/2024,202411,3,1027181256386,22709030057,1732001702308,99765321,105,SURYA NEPAL PVT LTD - NEPAL,SURYA FUSION,SURYA FUSION\20\NOSE\RS320,320.0,20 NOSE,KFT,Invoices not available,,RECODING,5,7,48587,172.9064,105,SURYA NEPAL PVT LTD - NEPAL,SURYA,SURYA 24 CARAT ARCTIC BURST,HL 20'S,HL,20,FRESH,,20.0,NO,300.0
69,22/11/2024,202411,3,1027181256386,22709030057,1732001702308,99765321,105,SURYA NEPAL PVT LTD - NEPAL,SURYA FUSION,SURYA FUSION\20\NOSE\RS320,320.0,20 NOSE,KFT,Invoices not available,,RECODING,5,8,99762387,173.74025,105,SURYA NEPAL PVT LTD - NEPAL,SURYA,SURYA MINT,HL 20'S,HL,20,FRESH,,20.0,NO,280.0
69,22/11/2024,202411,3,1027181256386,22709030057,1732001702308,99765321,105,SURYA NEPAL PVT LTD - NEPAL,SURYA FUSION,SURYA FUSION\20\NOSE\RS320,320.0,20 NOSE,KFT,Invoices not available,,RECODING,5,9,90110238,174.66089,105,SURYA NEPAL PVT LTD - NEPAL,SURYA,SURYA POLAR ICE,HL 20'S,HL,20,FRESH,,20.0,NO,300.0
69,22/11/2024,202411,3,1027181256386,22709030057,1732001702308,99765321,105,SURYA NEPAL PVT LTD - NEPAL,SURYA FUSION,SURYA FUSION\20\NOSE\RS320,320.0,20 NOSE,KFT,Invoices not available,,RECODING,5,10,99763869,174.74219,105,SURYA NEPAL PVT LTD - NEPAL,NAULO,NAULO BURST,HL 20'S,HL,20,FRESH,,20.0,NO,175.0
70,22/11/2024,202411,3,2110103214,21101031180,1732001904691,99765328,105,GORKHA LAHARI PVT.LTD.- NEPAL,CAPTAIN GOLD,CAPTAIN GOLD FILTER KINGS \20\RS161,161.0,20 NOSE,KFT,,1732001904691-gorkha lahari pvt-ltd-- nepal-captain gold#3.png,RECODING,5,1,99765328,106.78697,105,GORKHA LAHARI PVT.LTD.- NEPAL,CAPTAIN,CAPTAIN GOLD FILTER KINGS,HL 20'S,HL,20,FULL FLAVOUR,,20.0,NO,161.0
70,22/11/2024,202411,3,2110103214,21101031180,1732001904691,99765328,105,GORKHA LAHARI PVT.LTD.- NEPAL,CAPTAIN GOLD,CAPTAIN GOLD FILTER KINGS \20\RS161,161.0,20 NOSE,KFT,,1732001904691-gorkha lahari pvt-ltd-- nepal-captain gold#3.png,RECODING,5,2,90110256,131.67218,105,GORKHA LAHARI PVT.LTD.- NEPAL,CAPTAIN,CAPTAIN FILTER KINGS,HL 20'S,HL,20,FULL FLAVOUR,,20.0,NO,115.0
70,22/11/2024,202411,3,2110103214,21101031180,1732001904691,99765328,105,GORKHA LAHARI PVT.LTD.- NEPAL,CAPTAIN GOLD,CAPTAIN GOLD FILTER KINGS \20\RS161,161.0,20 NOSE,KFT,,1732001904691-gorkha lahari pvt-ltd-- nepal-captain gold#3.png,RECODING,5,3,99762386,139.5971,105,GORKHA LAHARI PVT.LTD.- NEPAL,CAPTAIN,CAPTAIN MOUNTAIN FRESH,HL 20'S,HL,20,FRESH,,20.0,NO,110.0
70,22/11/2024,202411,3,2110103214,21101031180,1732001904691,99765328,105,GORKHA LAHARI PVT.LTD.- NEPAL,CAPTAIN GOLD,CAPTAIN GOLD FILTER KINGS \20\RS161,161.0,20 NOSE,KFT,,1732001904691-gorkha lahari pvt-ltd-- nepal-captain gold#3.png,RECODING,5,4,99765387,149.00652,105,GORKHA LAHARI PVT.LTD.- NEPAL,NEPAL GOLD FLAKE,NEPAL GOLD FLAKE PREMIUM FILTER,HL 20'S,HL,20,FULL FLAVOUR,,20.0,NO,133.5
70,22/11/2024,202411,3,2110103214,21101031180,1732001904691,99765328,105,GORKHA LAHARI PVT.LTD.- NEPAL,CAPTAIN GOLD,CAPTAIN GOLD FILTER KINGS \20\RS161,161.0,20 NOSE,KFT,,1732001904691-gorkha lahari pvt-ltd-- nepal-captain gold#3.png,RECODING,5,5,90110228,154.90799,105,GORKHA LAHARI PVT.LTD.- NEPAL,BROWN,BROWN GOLD,HL 20'S,HL,20,KRETEK,,20.0,NO,280.0
70,22/11/2024,202411,3,2110103214,21101031180,1732001904691,99765328,105,GORKHA LAHARI PVT.LTD.- NEPAL,CAPTAIN GOLD,CAPTAIN GOLD FILTER KINGS \20\RS161,161.0,20 NOSE,KFT,,1732001904691-gorkha lahari pvt-ltd-- nepal-captain gold#3.png,RECODING,5,6,93060767,155.51218,122,GOPAL SOAP INDUSTRIES - NEPAL,V SERIES,V SERIES GOLD,V SERIES GOLD-PPH 350 GMS+7ML DABUR VATIKA HE CRE,PLPCH,350.000 GM,,,350.0,GM,0.0
70,22/11/2024,202411,3,2110103214,21101031180,1732001904691,99765328,105,GORKHA LAHARI PVT.LTD.- NEPAL,CAPTAIN GOLD,CAPTAIN GOLD FILTER KINGS \20\RS161,161.0,20 NOSE,KFT,,1732001904691-gorkha lahari pvt-ltd-- nepal-captain gold#3.png,RECODING,5,7,93021323,156.28592,122,GOPAL SOAP INDUSTRIES - NEPAL,V SERIES,V SERIES GOLD,V SERIES GOLD-PPH 310 GMS,PLPCH,310.000 GM,,,310.0,GM,0.0
70,22/11/2024,202411,3,2110103214,21101031180,1732001904691,99765328,105,GORKHA LAHARI PVT.LTD.- NEPAL,CAPTAIN GOLD,CAPTAIN GOLD FILTER KINGS \20\RS161,161.0,20 NOSE,KFT,,1732001904691-gorkha lahari pvt-ltd-- nepal-captain gold#3.png,RECODING,5,8,93019260,157.53073,122,GOPAL SOAP INDUSTRIES - NEPAL,V SERIES,V SERIES GOLD,V SERIES GOLD-PPH 350 GMS,PLPCH,350.000 GM,,,350.0,GM,0.0
70,22/11/2024,202411,3,2110103214,21101031180,1732001904691,99765328,105,GORKHA LAHARI PVT.LTD.- NEPAL,CAPTAIN GOLD,CAPTAIN GOLD FILTER KINGS \20\RS161,161.0,20 NOSE,KFT,,1732001904691-gorkha lahari pvt-ltd-- nepal-captain gold#3.png,RECODING,5,9,93021961,157.90121,122,GOPAL SOAP INDUSTRIES - NEPAL,V SERIES,V SERIES GOLD,V SERIES GOLD-PPH 750 GMS,PLPCH,750.000 GM,,,750.0,GM,0.0
70,22/11/2024,202411,3,2110103214,21101031180,1732001904691,99765328,105,GORKHA LAHARI PVT.LTD.- NEPAL,CAPTAIN GOLD,CAPTAIN GOLD FILTER KINGS \20\RS161,161.0,20 NOSE,KFT,,1732001904691-gorkha lahari pvt-ltd-- nepal-captain gold#3.png,RECODING,5,10,93019261,158.55798,122,GOPAL SOAP INDUSTRIES - NEPAL,V SERIES,V SERIES GOLD,V SERIES GOLD-PPH 300 GMS,PLPCH,300.000 GM,,,300.0,GM,0.0
71,22/11/2024,202411,3,2110103214,21101031180,1732001702308,99765321,105,SURYA NEPAL PVT LTD - NEPAL,SURYA FUSION,SURYA FUSION\20\NOSE\RS320,320.0,20 NOSE,KFT,,1732001702308-surya nepal pvt ltd - nepal-surya fusion#3.png,RECODING,5,1,46667,151.40991,123,B.S.I PVT LTD-NEPAL,SURYA,SURYA,SURYA-UNWRP 200 GMS,UNWRP,200.000 GM,,,200.0,GM,0.0
71,22/11/2024,202411,3,2110103214,21101031180,1732001702308,99765321,105,SURYA NEPAL PVT LTD - NEPAL,SURYA FUSION,SURYA FUSION\20\NOSE\RS320,320.0,20 NOSE,KFT,,1732001702308-surya nepal pvt ltd - nepal-surya fusion#3.png,RECODING,5,2,92923725,153.35114,123,B.S.I PVT LTD-NEPAL,SURYA,SURYA,SURYA-UNWRP 150 GMS,UNWRP,150.000 GM,,,150.0,GM,0.0
71,22/11/2024,202411,3,2110103214,21101031180,1732001702308,99765321,105,SURYA NEPAL PVT LTD - NEPAL,SURYA FUSION,SURYA FUSION\20\NOSE\RS320,320.0,20 NOSE,KFT,,1732001702308-surya nepal pvt ltd - nepal-surya fusion#3.png,RECODING,5,3,99764555,155.95613,106,SURYA NEPAL PVT LTD - NEPAL,TOFFICHOO,TOFFICHOO CHATPATA FUN,TOFFICHOO CHATPATA FUN-MASALA PUNCH PCN 720 GM,PLJAR,720.000 GM,MASALA,,720.0,GM,300.0
71,22/11/2024,202411,3,2110103214,21101031180,1732001702308,99765321,105,SURYA NEPAL PVT LTD - NEPAL,SURYA FUSION,SURYA FUSION\20\NOSE\RS320,320.0,20 NOSE,KFT,,1732001702308-surya nepal pvt ltd - nepal-surya fusion#3.png,RECODING,5,4,99762790,161.80907,106,SURYA NEPAL PVT LTD - NEPAL,TOFFICHOO,TOFFICHOO CRÈME LACTO,TOFFICHOO CRÈME LACTO-PPH 4 GM,PLPCH,4.000 GM,UNSPECIFIED,,4.0,GM,2.0
71,22/11/2024,202411,3,2110103214,21101031180,1732001702308,99765321,105,SURYA NEPAL PVT LTD - NEPAL,SURYA FUSION,SURYA FUSION\20\NOSE\RS320,320.0,20 NOSE,KFT,,1732001702308-surya nepal pvt ltd - nepal-surya fusion#3.png,RECODING,5,5,99764545,162.36891,106,SURYA NEPAL PVT LTD - NEPAL,TOFFICHOO,TOFFICHOO CHATPATA FUN,TOFFICHOO CHATPATA FUN-MASALA PUNCH PPH 270 GM,PLPCH,270.000 GM,MASALA,,270.0,GM,85.0
71,22/11/2024,202411,3,2110103214,21101031180,1732001702308,99765321,105,SURYA NEPAL PVT LTD - NEPAL,SURYA FUSION,SURYA FUSION\20\NOSE\RS320,320.0,20 NOSE,KFT,,1732001702308-surya nepal pvt ltd - nepal-surya fusion#3.png,RECODING,5,6,99765321,163.02435,105,SURYA NEPAL PVT LTD - NEPAL,SURYA,SURYA FUSION,HL 20'S,HL,20,FULL FLAVOUR,,20.0,NO,320.0
71,22/11/2024,202411,3,2110103214,21101031180,1732001702308,99765321,105,SURYA NEPAL PVT LTD - NEPAL,SURYA FUSION,SURYA FUSION\20\NOSE\RS320,320.0,20 NOSE,KFT,,1732001702308-surya nepal pvt ltd - nepal-surya fusion#3.png,RECODING,5,7,99764789,164.68703,106,SURYA NEPAL PVT LTD - NEPAL,TOFFICHOO,TOFFICHOO DUOZ,TOFFICHOO DUOZ-STRAWBERRY PCN 720 GM,PLJAR,720.000 GM,STRAWBERRY,,720.0,GM,400.0
71,22/11/2024,202411,3,2110103214,21101031180,1732001702308,99765321,105,SURYA NEPAL PVT LTD - NEPAL,SURYA FUSION,SURYA FUSION\20\NOSE\RS320,320.0,20 NOSE,KFT,,1732001702308-surya nepal pvt ltd - nepal-surya fusion#3.png,RECODING,5,8,99764502,166.63846,106,SURYA NEPAL PVT LTD - NEPAL,TOFFICHOO,TOFFICHOO CRÈME LACTO,TOFFICHOO CRÈME LACTO-PCN 800 GM,PLJAR,800.000 GM,UNSPECIFIED,,800.0,GM,500.0
71,22/11/2024,202411,3,2110103214,21101031180,1732001702308,99765321,105,SURYA NEPAL PVT LTD - NEPAL,SURYA FUSION,SURYA FUSION\20\NOSE\RS320,320.0,20 NOSE,KFT,,1732001702308-surya nepal pvt ltd - nepal-surya fusion#3.png,RECODING,5,9,99764653,167.04381,106,SURYA NEPAL PVT LTD - NEPAL,TOFFICHOO,TOFFICHOO FRUITY DELITE,TOFFICHOO FRUITY DELITE-ASSORTED PCN 600 GM,PLJAR,600.000 GM,ASSORTED,,600.0,GM,400.0
71,22/11/2024,202411,3,2110103214,21101031180,1732001702308,99765321,105,SURYA NEPAL PVT LTD - NEPAL,SURYA FUSION,SURYA FUSION\20\NOSE\RS320,320.0,20 NOSE,KFT,,1732001702308-surya nepal pvt ltd - nepal-surya fusion#3.png,RECODING,5,10,99764503,170.77917,106,SURYA NEPAL PVT LTD - NEPAL,TOFFICHOO,TOFFICHOO DUOZ,TOFFICHOO DUOZ-STRAWBERRY PCN 760 GM,PLJAR,760.000 GM,STRAWBERRY,,760.0,GM,400.0
72,22/11/2024,202411,3,1210102753,12101030204,1731409450152,99765320,126,MADHU CHEMICAL COMPANY,MADHU,MADHU-SWEET SUPERI PPH-1.45 GM,3.0,1.45 GM.,PPH,Any other reason,,RECODING,5,1,99765320,179.06561,126,MADHU CHEMICAL COMPANY,MADHU,MADHU,1.45G PAAN MASALA,PLAST,1.45G,SWEET,,1.45,GM,3.0
72,22/11/2024,202411,3,1210102753,12101030204,1731409450152,99765320,126,MADHU CHEMICAL COMPANY,MADHU,MADHU-SWEET SUPERI PPH-1.45 GM,3.0,1.45 GM.,PPH,Any other reason,,RECODING,5,2,54103,187.71472,106,MAHENDRA INDUSTRIES-INDIA,MADHUR,MADHUR TRUE LOVE,MADHUR TRUE LOVE-PEACH PPH 5 GM,PLPCH,5.000 GM,PEACH,,5.0,GM,0.0
72,22/11/2024,202411,3,1210102753,12101030204,1731409450152,99765320,126,MADHU CHEMICAL COMPANY,MADHU,MADHU-SWEET SUPERI PPH-1.45 GM,3.0,1.45 GM.,PPH,Any other reason,,RECODING,5,3,99762215,189.1703,126,MADHU CHEMICAL COMPANY,MADHU,MADHU,1.25G PAAN MASALA,PLAST,1.25G,SWEET,,1.25,,0.0
72,22/11/2024,202411,3,1210102753,12101030204,1731409450152,99765320,126,MADHU CHEMICAL COMPANY,MADHU,MADHU-SWEET SUPERI PPH-1.45 GM,3.0,1.45 GM.,PPH,Any other reason,,RECODING,5,4,91827177,190.88968,106,MAHENDRA INDUSTRIES-INDIA,MADHUR,MADHUR,MADHUR- LAL PAAN PPH 5 GM,PLPCH,5.000 GM,PAAN,,5.0,GM,0.0
72,22/11/2024,202411,3,1210102753,12101030204,1731409450152,99765320,126,MADHU CHEMICAL COMPANY,MADHU,MADHU-SWEET SUPERI PPH-1.45 GM,3.0,1.45 GM.,PPH,Any other reason,,RECODING,5,5,91827305,193.16183,106,DEEPAK RIDDHI SIDDHI PRODT-NP,DEEPAK,DEEPAK RAMAILO CHATAPATA CANDY,DEEPAK RAMAILO CHATAPATA CANDY-PPH 4 GM,PLPCH,4.000 GM,UNSPECIFIED,,4.0,GM,0.0
72,22/11/2024,202411,3,1210102753,12101030204,1731409450152,99765320,126,MADHU CHEMICAL COMPANY,MADHU,MADHU-SWEET SUPERI PPH-1.45 GM,3.0,1.45 GM.,PPH,Any other reason,,RECODING,5,6,48360,194.53021,106,MAHENDRA INDUSTRIES-INDIA,MADHUR,MADHUR KING POP,MADHUR KING POP-LOLLIPOP PPH 9 GM,PLPCH,9.000 GM,UNSPECIFIED,,9.0,GM,0.0
72,22/11/2024,202411,3,1210102753,12101030204,1731409450152,99765320,126,MADHU CHEMICAL COMPANY,MADHU,MADHU-SWEET SUPERI PPH-1.45 GM,3.0,1.45 GM.,PPH,Any other reason,,RECODING,5,7,54101,194.99802,106,MAHENDRA INDUSTRIES-INDIA,MADHUR,MADHUR TRUE LOVE,MADHUR TRUE LOVE-TAMARIND PPH 5 GM,PLPCH,5.000 GM,TAMARIND,,5.0,GM,0.0
72,22/11/2024,202411,3,1210102753,12101030204,1731409450152,99765320,126,MADHU CHEMICAL COMPANY,MADHU,MADHU-SWEET SUPERI PPH-1.45 GM,3.0,1.45 GM.,PPH,Any other reason,,RECODING,5,8,91827176,195.2359,106,MAHENDRA INDUSTRIES-INDIA,MADHUR,MADHUR TRUE LOVE,MADHUR TRUE LOVE- STRAWBERRY PPH 6 GM,PLPCH,6.000 GM,STRAWBERRY,,6.0,GM,0.0
72,22/11/2024,202411,3,1210102753,12101030204,1731409450152,99765320,126,MADHU CHEMICAL COMPANY,MADHU,MADHU-SWEET SUPERI PPH-1.45 GM,3.0,1.45 GM.,PPH,Any other reason,,RECODING,5,9,91826568,197.97264,106,MAHENDRA INDUSTRIES-INDIA,MADHUR,MADHUR TRUE LOVE,MADHUR TRUE LOVE- ORANGE PPH 6 GM,PLPCH,6.000 GM,ORANGE,,6.0,GM,0.0
72,22/11/2024,202411,3,1210102753,12101030204,1731409450152,99765320,126,MADHU CHEMICAL COMPANY,MADHU,MADHU-SWEET SUPERI PPH-1.45 GM,3.0,1.45 GM.,PPH,Any other reason,,RECODING,5,10,54891,198.1823,122,SHREE NATH INTERNATIONAL-IND,MOZ,MOZ,MOZ-PPH 500 GM,PLPCH,500.000 GM,,,500.0,GM,0.0
73,22/11/2024,202411,3,123578813,12303030028,1732152899034,99765326,124,DEUTI GUTKHA INDUSTRIES,MEGHA SHREE PREMIUM,MEGHA SHREE PREMIUM-MEGHA SHREE-REGULAR-PPH 2.20GM,5.0,2.20GM,PPH,,,RECODING,5,1,99765326,108.96618,124,DEUTI GUTKHA INDUSTRIES,MEGHA SHREE,MEGHA SHREE PREMIUM,2.20G GUTKA,PLAST,2.20G,REGULAR,,2.2,GM,5.0
73,22/11/2024,202411,3,123578813,12303030028,1732152899034,99765326,124,DEUTI GUTKHA INDUSTRIES,MEGHA SHREE PREMIUM,MEGHA SHREE PREMIUM-MEGHA SHREE-REGULAR-PPH 2.20GM,5.0,2.20GM,PPH,,,RECODING,5,2,99762223,112.57696,124,DEUTI GUTKHA INDUSTRIES,MEGHA SHREE,MEGHA SHREE PREMIUM,2.3G GUTKA,PLAST,2.3G,REGULAR,,2.3,,0.0
73,22/11/2024,202411,3,123578813,12303030028,1732152899034,99765326,124,DEUTI GUTKHA INDUSTRIES,MEGHA SHREE PREMIUM,MEGHA SHREE PREMIUM-MEGHA SHREE-REGULAR-PPH 2.20GM,5.0,2.20GM,PPH,,,RECODING,5,3,99764162,117.122826,124,DEUTI GUTKHA INDUSTRIES,MEGHA SHREE,MEGHA SHREE PREMIUM,2.14G GUTKA,PLAST,2.14G,REGULAR,,2.14,GM,5.0
73,22/11/2024,202411,3,123578813,12303030028,1732152899034,99765326,124,DEUTI GUTKHA INDUSTRIES,MEGHA SHREE PREMIUM,MEGHA SHREE PREMIUM-MEGHA SHREE-REGULAR-PPH 2.20GM,5.0,2.20GM,PPH,,,RECODING,5,4,93025975,152.03186,122,H.B INDUSTRIES-NEPAL,MEGHA,MEGHA,MEGHA-PPH 200 GMS,PLPCH,200.000 GM,,,200.0,GM,0.0
73,22/11/2024,202411,3,123578813,12303030028,1732152899034,99765326,124,DEUTI GUTKHA INDUSTRIES,MEGHA SHREE PREMIUM,MEGHA SHREE PREMIUM-MEGHA SHREE-REGULAR-PPH 2.20GM,5.0,2.20GM,PPH,,,RECODING,5,5,47744,156.25473,122,H.B INDUSTRIES-NEPAL,MEGHA,MEGHA,MEGHA-FLOWER FRESH PPH 3000 GMS,PLPCH,3000.000 GM,,,3000.0,GM,0.0
73,22/11/2024,202411,3,123578813,12303030028,1732152899034,99765326,124,DEUTI GUTKHA INDUSTRIES,MEGHA SHREE PREMIUM,MEGHA SHREE PREMIUM-MEGHA SHREE-REGULAR-PPH 2.20GM,5.0,2.20GM,PPH,,,RECODING,5,6,93026899,158.4363,122,H.B INDUSTRIES-NEPAL,MEGHA,MEGHA,MEGHA-PPH 1000 GMS,PLPCH,1000.000 GM,,,1000.0,GM,0.0
73,22/11/2024,202411,3,123578813,12303030028,1732152899034,99765326,124,DEUTI GUTKHA INDUSTRIES,MEGHA SHREE PREMIUM,MEGHA SHREE PREMIUM-MEGHA SHREE-REGULAR-PPH 2.20GM,5.0,2.20GM,PPH,,,RECODING,5,7,93026122,158.90002,122,H.B INDUSTRIES-NEPAL,MEGHA,MEGHA,MEGHA-FLOWER FRESH PPH 500 GMS,PLPCH,500.000 GM,,,500.0,GM,0.0
73,22/11/2024,202411,3,123578813,12303030028,1732152899034,99765326,124,DEUTI GUTKHA INDUSTRIES,MEGHA SHREE PREMIUM,MEGHA SHREE PREMIUM-MEGHA SHREE-REGULAR-PPH 2.20GM,5.0,2.20GM,PPH,,,RECODING,5,8,54891,171.57742,122,SHREE NATH INTERNATIONAL-IND,MOZ,MOZ,MOZ-PPH 500 GM,PLPCH,500.000 GM,,,500.0,GM,0.0
73,22/11/2024,202411,3,123578813,12303030028,1732152899034,99765326,124,DEUTI GUTKHA INDUSTRIES,MEGHA SHREE PREMIUM,MEGHA SHREE PREMIUM-MEGHA SHREE-REGULAR-PPH 2.20GM,5.0,2.20GM,PPH,,,RECODING,5,9,99762301,176.7924,125,DEUTI GUTKHA INDUSTRIES,RADHA EXTRA POWER,RADHA EXTRA POWER,8G KHAINI,PLAST,8G,REGULAR,,8.0,,0.0
73,22/11/2024,202411,3,123578813,12303030028,1732152899034,99765326,124,DEUTI GUTKHA INDUSTRIES,MEGHA SHREE PREMIUM,MEGHA SHREE PREMIUM-MEGHA SHREE-REGULAR-PPH 2.20GM,5.0,2.20GM,PPH,,,RECODING,5,10,54269,184.13939,122,SHREE GIRRAJ GRAMN VKSH STN-IN,MOZ,MOZ,MOZ-PPH 1000 GM,PLPCH,1000.000 GM,,,1000.0,GM,0.0
74,22/11/2024,202411,3,122585143,12303030027,1732152899034,99765326,124,DEUTI GUTKHA INDUSTRIES,MEGHA SHREE PREMIUM,MEGHA SHREE PREMIUM-MEGHA SHREE-REGULAR-PPH 2.20GM,5.0,2.20GM,PPH,,1732152899034-deuti gutkha industries-megha shree premium#3.png,RECODING,5,1,99765326,110.05591,124,DEUTI GUTKHA INDUSTRIES,MEGHA SHREE,MEGHA SHREE PREMIUM,2.20G GUTKA,PLAST,2.20G,REGULAR,,2.2,GM,5.0
74,22/11/2024,202411,3,122585143,12303030027,1732152899034,99765326,124,DEUTI GUTKHA INDUSTRIES,MEGHA SHREE PREMIUM,MEGHA SHREE PREMIUM-MEGHA SHREE-REGULAR-PPH 2.20GM,5.0,2.20GM,PPH,,1732152899034-deuti gutkha industries-megha shree premium#3.png,RECODING,5,2,99762223,115.32625,124,DEUTI GUTKHA INDUSTRIES,MEGHA SHREE,MEGHA SHREE PREMIUM,2.3G GUTKA,PLAST,2.3G,REGULAR,,2.3,,0.0
74,22/11/2024,202411,3,122585143,12303030027,1732152899034,99765326,124,DEUTI GUTKHA INDUSTRIES,MEGHA SHREE PREMIUM,MEGHA SHREE PREMIUM-MEGHA SHREE-REGULAR-PPH 2.20GM,5.0,2.20GM,PPH,,1732152899034-deuti gutkha industries-megha shree premium#3.png,RECODING,5,3,99764162,118.52458,124,DEUTI GUTKHA INDUSTRIES,MEGHA SHREE,MEGHA SHREE PREMIUM,2.14G GUTKA,PLAST,2.14G,REGULAR,,2.14,GM,5.0
74,22/11/2024,202411,3,122585143,12303030027,1732152899034,99765326,124,DEUTI GUTKHA INDUSTRIES,MEGHA SHREE PREMIUM,MEGHA SHREE PREMIUM-MEGHA SHREE-REGULAR-PPH 2.20GM,5.0,2.20GM,PPH,,1732152899034-deuti gutkha industries-megha shree premium#3.png,RECODING,5,4,93025975,148.25937,122,H.B INDUSTRIES-NEPAL,MEGHA,MEGHA,MEGHA-PPH 200 GMS,PLPCH,200.000 GM,,,200.0,GM,0.0
74,22/11/2024,202411,3,122585143,12303030027,1732152899034,99765326,124,DEUTI GUTKHA INDUSTRIES,MEGHA SHREE PREMIUM,MEGHA SHREE PREMIUM-MEGHA SHREE-REGULAR-PPH 2.20GM,5.0,2.20GM,PPH,,1732152899034-deuti gutkha industries-megha shree premium#3.png,RECODING,5,5,47744,152.40399,122,H.B INDUSTRIES-NEPAL,MEGHA,MEGHA,MEGHA-FLOWER FRESH PPH 3000 GMS,PLPCH,3000.000 GM,,,3000.0,GM,0.0
74,22/11/2024,202411,3,122585143,12303030027,1732152899034,99765326,124,DEUTI GUTKHA INDUSTRIES,MEGHA SHREE PREMIUM,MEGHA SHREE PREMIUM-MEGHA SHREE-REGULAR-PPH 2.20GM,5.0,2.20GM,PPH,,1732152899034-deuti gutkha industries-megha shree premium#3.png,RECODING,5,6,93026899,153.40567,122,H.B INDUSTRIES-NEPAL,MEGHA,MEGHA,MEGHA-PPH 1000 GMS,PLPCH,1000.000 GM,,,1000.0,GM,0.0
74,22/11/2024,202411,3,122585143,12303030027,1732152899034,99765326,124,DEUTI GUTKHA INDUSTRIES,MEGHA SHREE PREMIUM,MEGHA SHREE PREMIUM-MEGHA SHREE-REGULAR-PPH 2.20GM,5.0,2.20GM,PPH,,1732152899034-deuti gutkha industries-megha shree premium#3.png,RECODING,5,7,93026122,154.42902,122,H.B INDUSTRIES-NEPAL,MEGHA,MEGHA,MEGHA-FLOWER FRESH PPH 500 GMS,PLPCH,500.000 GM,,,500.0,GM,0.0
74,22/11/2024,202411,3,122585143,12303030027,1732152899034,99765326,124,DEUTI GUTKHA INDUSTRIES,MEGHA SHREE PREMIUM,MEGHA SHREE PREMIUM-MEGHA SHREE-REGULAR-PPH 2.20GM,5.0,2.20GM,PPH,,1732152899034-deuti gutkha industries-megha shree premium#3.png,RECODING,5,8,54891,169.83176,122,SHREE NATH INTERNATIONAL-IND,MOZ,MOZ,MOZ-PPH 500 GM,PLPCH,500.000 GM,,,500.0,GM,0.0
74,22/11/2024,202411,3,122585143,12303030027,1732152899034,99765326,124,DEUTI GUTKHA INDUSTRIES,MEGHA SHREE PREMIUM,MEGHA SHREE PREMIUM-MEGHA SHREE-REGULAR-PPH 2.20GM,5.0,2.20GM,PPH,,1732152899034-deuti gutkha industries-megha shree premium#3.png,RECODING,5,9,99762273,175.70265,124,SHREE MEENAKSHI PRODUCTS NEPAL,GOA,GOA PREMIUM 1000,2G GUTKA,PLAST,2G,REGULAR,,2.0,,0.0
74,22/11/2024,202411,3,122585143,12303030027,1732152899034,99765326,124,DEUTI GUTKHA INDUSTRIES,MEGHA SHREE PREMIUM,MEGHA SHREE PREMIUM-MEGHA SHREE-REGULAR-PPH 2.20GM,5.0,2.20GM,PPH,,1732152899034-deuti gutkha industries-megha shree premium#3.png,RECODING,5,10,99762301,179.62952,125,DEUTI GUTKHA INDUSTRIES,RADHA EXTRA POWER,RADHA EXTRA POWER,8G KHAINI,PLAST,8G,REGULAR,,8.0,,0.0
75,22/11/2024,202411,3,2110199002,21101030871,1731937092881,99765321,105,SURYA NEPAL PVT LTD - NEPAL,SURYA FUSION,SURYA FUSION,320.0,20'S-KS,FTP,Invoices not available,,RECODING,5,1,47592,196.10008,105,SURYA NEPAL PVT LTD - NEPAL,SHIKHAR,SHIKHAR ICE RUSH,HL 20'S,HL,20,FRESH,,20.0,NO,185.0
75,22/11/2024,202411,3,2110199002,21101030871,1731937092881,99765321,105,SURYA NEPAL PVT LTD - NEPAL,SURYA FUSION,SURYA FUSION,320.0,20'S-KS,FTP,Invoices not available,,RECODING,5,2,99764555,197.2745,106,SURYA NEPAL PVT LTD - NEPAL,TOFFICHOO,TOFFICHOO CHATPATA FUN,TOFFICHOO CHATPATA FUN-MASALA PUNCH PCN 720 GM,PLJAR,720.000 GM,MASALA,,720.0,GM,300.0
75,22/11/2024,202411,3,2110199002,21101030871,1731937092881,99765321,105,SURYA NEPAL PVT LTD - NEPAL,SURYA FUSION,SURYA FUSION,320.0,20'S-KS,FTP,Invoices not available,,RECODING,5,3,99764612,198.28134,106,SURYA NEPAL PVT LTD - NEPAL,TOFFICHOO TADKA,TOFFICHOO TADKA,TOFFICHOO TADKA-CHAT MASALA LITCHI PCN 760GM,PLJAR,760.000 GM,LYCHEE,,760.0,GM,500.0
75,22/11/2024,202411,3,2110199002,21101030871,1731937092881,99765321,105,SURYA NEPAL PVT LTD - NEPAL,SURYA FUSION,SURYA FUSION,320.0,20'S-KS,FTP,Invoices not available,,RECODING,5,4,99764544,199.19221,106,SURYA NEPAL PVT LTD - NEPAL,TOFFICHOO TADKA,TOFFICHOO TADKA,TOFFICHOO TADKA-CHAT MASALA KACHHA MANGO&PINEAPPLE PCN 760GM,PLJAR,760.000 GM,ASSORTED,,760.0,GM,500.0
75,22/11/2024,202411,3,2110199002,21101030871,1731937092881,99765321,105,SURYA NEPAL PVT LTD - NEPAL,SURYA FUSION,SURYA FUSION,320.0,20'S-KS,FTP,Invoices not available,,RECODING,5,5,99762387,199.549,105,SURYA NEPAL PVT LTD - NEPAL,SURYA,SURYA MINT,HL 20'S,HL,20,FRESH,,20.0,NO,280.0
75,22/11/2024,202411,3,2110199002,21101030871,1731937092881,99765321,105,SURYA NEPAL PVT LTD - NEPAL,SURYA FUSION,SURYA FUSION,320.0,20'S-KS,FTP,Invoices not available,,RECODING,5,6,99762790,199.68573,106,SURYA NEPAL PVT LTD - NEPAL,TOFFICHOO,TOFFICHOO CRÈME LACTO,TOFFICHOO CRÈME LACTO-PPH 4 GM,PLPCH,4.000 GM,UNSPECIFIED,,4.0,GM,2.0
75,22/11/2024,202411,3,2110199002,21101030871,1731937092881,99765321,105,SURYA NEPAL PVT LTD - NEPAL,SURYA FUSION,SURYA FUSION,320.0,20'S-KS,FTP,Invoices not available,,RECODING,5,7,99764545,201.06604,106,SURYA NEPAL PVT LTD - NEPAL,TOFFICHOO,TOFFICHOO CHATPATA FUN,TOFFICHOO CHATPATA FUN-MASALA PUNCH PPH 270 GM,PLPCH,270.000 GM,MASALA,,270.0,GM,85.0
75,22/11/2024,202411,3,2110199002,21101030871,1731937092881,99765321,105,SURYA NEPAL PVT LTD - NEPAL,SURYA FUSION,SURYA FUSION,320.0,20'S-KS,FTP,Invoices not available,,RECODING,5,8,99764789,202.46301,106,SURYA NEPAL PVT LTD - NEPAL,TOFFICHOO,TOFFICHOO DUOZ,TOFFICHOO DUOZ-STRAWBERRY PCN 720 GM,PLJAR,720.000 GM,STRAWBERRY,,720.0,GM,400.0
75,22/11/2024,202411,3,2110199002,21101030871,1731937092881,99765321,105,SURYA NEPAL PVT LTD - NEPAL,SURYA FUSION,SURYA FUSION,320.0,20'S-KS,FTP,Invoices not available,,RECODING,5,9,99765321,202.46402,105,SURYA NEPAL PVT LTD - NEPAL,SURYA,SURYA FUSION,HL 20'S,HL,20,FULL FLAVOUR,,20.0,NO,320.0
75,22/11/2024,202411,3,2110199002,21101030871,1731937092881,99765321,105,SURYA NEPAL PVT LTD - NEPAL,SURYA FUSION,SURYA FUSION,320.0,20'S-KS,FTP,Invoices not available,,RECODING,5,10,99764461,202.79373,106,SURYA NEPAL PVT LTD - NEPAL,TOFFICHOO TADKA,TOFFICHOO TADKA,TOFFICHO TADKA-CHAT MASALA LITCHI PPH 3.8 GM,PLPCH,3.800 GM,LYCHEE,,3.8,GM,2.5
76,22/11/2024,202411,3,2110100497,21101031647,1731937092881,99765321,105,SURYA NEPAL PVT LTD - NEPAL,SURYA FUSION,SURYA FUSION,320.0,20'S-KS,FTP,New SKU,,RECODING,5,1,47592,148.69476,105,SURYA NEPAL PVT LTD - NEPAL,SHIKHAR,SHIKHAR ICE RUSH,HL 20'S,HL,20,FRESH,,20.0,NO,185.0
76,22/11/2024,202411,3,2110100497,21101031647,1731937092881,99765321,105,SURYA NEPAL PVT LTD - NEPAL,SURYA FUSION,SURYA FUSION,320.0,20'S-KS,FTP,New SKU,,RECODING,5,2,99765321,156.33545,105,SURYA NEPAL PVT LTD - NEPAL,SURYA,SURYA FUSION,HL 20'S,HL,20,FULL FLAVOUR,,20.0,NO,320.0
76,22/11/2024,202411,3,2110100497,21101031647,1731937092881,99765321,105,SURYA NEPAL PVT LTD - NEPAL,SURYA FUSION,SURYA FUSION,320.0,20'S-KS,FTP,New SKU,,RECODING,5,3,46667,160.2778,123,B.S.I PVT LTD-NEPAL,SURYA,SURYA,SURYA-UNWRP 200 GMS,UNWRP,200.000 GM,,,200.0,GM,0.0
76,22/11/2024,202411,3,2110100497,21101031647,1731937092881,99765321,105,SURYA NEPAL PVT LTD - NEPAL,SURYA FUSION,SURYA FUSION,320.0,20'S-KS,FTP,New SKU,,RECODING,5,4,90110247,162.02667,105,SURYA NEPAL PVT LTD - NEPAL,SURYA,SURYA CITRIC FRESH,HL 20'S,HL,20,FRESH,,20.0,NO,300.0
76,22/11/2024,202411,3,2110100497,21101031647,1731937092881,99765321,105,SURYA NEPAL PVT LTD - NEPAL,SURYA FUSION,SURYA FUSION,320.0,20'S-KS,FTP,New SKU,,RECODING,5,5,92923725,162.51555,123,B.S.I PVT LTD-NEPAL,SURYA,SURYA,SURYA-UNWRP 150 GMS,UNWRP,150.000 GM,,,150.0,GM,0.0
76,22/11/2024,202411,3,2110100497,21101031647,1731937092881,99765321,105,SURYA NEPAL PVT LTD - NEPAL,SURYA FUSION,SURYA FUSION,320.0,20'S-KS,FTP,New SKU,,RECODING,5,6,90110238,164.73102,105,SURYA NEPAL PVT LTD - NEPAL,SURYA,SURYA POLAR ICE,HL 20'S,HL,20,FRESH,,20.0,NO,300.0
76,22/11/2024,202411,3,2110100497,21101031647,1731937092881,99765321,105,SURYA NEPAL PVT LTD - NEPAL,SURYA FUSION,SURYA FUSION,320.0,20'S-KS,FTP,New SKU,,RECODING,5,7,99764555,165.0409,106,SURYA NEPAL PVT LTD - NEPAL,TOFFICHOO,TOFFICHOO CHATPATA FUN,TOFFICHOO CHATPATA FUN-MASALA PUNCH PCN 720 GM,PLJAR,720.000 GM,MASALA,,720.0,GM,300.0
76,22/11/2024,202411,3,2110100497,21101031647,1731937092881,99765321,105,SURYA NEPAL PVT LTD - NEPAL,SURYA FUSION,SURYA FUSION,320.0,20'S-KS,FTP,New SKU,,RECODING,5,8,99765090,165.25038,105,SURYA NEPAL PVT LTD - NEPAL,SURYA,SURYA DUAL BURST,HL 20'S,HL,20,FRESH,,20.0,NO,320.0
76,22/11/2024,202411,3,2110100497,21101031647,1731937092881,99765321,105,SURYA NEPAL PVT LTD - NEPAL,SURYA FUSION,SURYA FUSION,320.0,20'S-KS,FTP,New SKU,,RECODING,5,9,48587,165.50134,105,SURYA NEPAL PVT LTD - NEPAL,SURYA,SURYA 24 CARAT ARCTIC BURST,HL 20'S,HL,20,FRESH,,20.0,NO,300.0
76,22/11/2024,202411,3,2110100497,21101031647,1731937092881,99765321,105,SURYA NEPAL PVT LTD - NEPAL,SURYA FUSION,SURYA FUSION,320.0,20'S-KS,FTP,New SKU,,RECODING,5,10,90110249,167.40607,105,SURYA NEPAL PVT LTD - NEPAL,SHIKHAR,SHIKHAR TANGY BREEZE,HL 20'S,HL,20,FRESH,,20.0,NO,180.0
77,22/11/2024,202411,3,1220102362,12201030173,1731054475107,99765320,126,MADHU PRODUCTS NEPAL,MADHU,MADHU-MADHU-SWEET SUPARI PPH 1.45G,3.0,1.45G,PPH,,,RECODING,5,1,99765320,149.1066,126,MADHU CHEMICAL COMPANY,MADHU,MADHU,1.45G PAAN MASALA,PLAST,1.45G,SWEET,,1.45,GM,3.0
77,22/11/2024,202411,3,1220102362,12201030173,1731054475107,99765320,126,MADHU PRODUCTS NEPAL,MADHU,MADHU-MADHU-SWEET SUPARI PPH 1.45G,3.0,1.45G,PPH,,,RECODING,5,2,99762215,159.73044,126,MADHU CHEMICAL COMPANY,MADHU,MADHU,1.25G PAAN MASALA,PLAST,1.25G,SWEET,,1.25,,0.0
77,22/11/2024,202411,3,1220102362,12201030173,1731054475107,99765320,126,MADHU PRODUCTS NEPAL,MADHU,MADHU-MADHU-SWEET SUPARI PPH 1.45G,3.0,1.45G,PPH,,,RECODING,5,3,99763323,168.66713,123,SWADESHI SABUN UDHYOG-NEPAL,MADAL,MADAL,MADAL-PPH 200 GM,PLPCH,200.000 GM,,,200.0,GM,35.0
77,22/11/2024,202411,3,1220102362,12201030173,1731054475107,99765320,126,MADHU PRODUCTS NEPAL,MADHU,MADHU-MADHU-SWEET SUPARI PPH 1.45G,3.0,1.45G,PPH,,,RECODING,5,4,99762508,172.15302,122,PRABHU SOAP INDUSTRIES-NEPAL,PRABHU GHADI,PRABHU GHADI,PRABHU GHADI-PPH 500 GM,PLPCH,500.000 GM,,,500.0,GM,55.0
77,22/11/2024,202411,3,1220102362,12201030173,1731054475107,99765320,126,MADHU PRODUCTS NEPAL,MADHU,MADHU-MADHU-SWEET SUPARI PPH 1.45G,3.0,1.45G,PPH,,,RECODING,5,5,47744,172.88005,122,H.B INDUSTRIES-NEPAL,MEGHA,MEGHA,MEGHA-FLOWER FRESH PPH 3000 GMS,PLPCH,3000.000 GM,,,3000.0,GM,0.0
77,22/11/2024,202411,3,1220102362,12201030173,1731054475107,99765320,126,MADHU PRODUCTS NEPAL,MADHU,MADHU-MADHU-SWEET SUPARI PPH 1.45G,3.0,1.45G,PPH,,,RECODING,5,6,50126,175.00743,123,SWADESHI SABUN UDHYOG-NEPAL,AAHA,AAHA,AAHA-PPH 220 GM,PLPCH,220.000 GM,,,220.0,GM,0.0
77,22/11/2024,202411,3,1220102362,12201030173,1731054475107,99765320,126,MADHU PRODUCTS NEPAL,MADHU,MADHU-MADHU-SWEET SUPARI PPH 1.45G,3.0,1.45G,PPH,,,RECODING,5,7,99764100,175.40967,116,SRIJANSHIL MAHILA UDHAMI-NEPAL,SATHI,SATHI,SATHI-XXL PPH 7 NOS,PLPCH,7.000 NO,,,7.0,NO,130.0
77,22/11/2024,202411,3,1220102362,12201030173,1731054475107,99765320,126,MADHU PRODUCTS NEPAL,MADHU,MADHU-MADHU-SWEET SUPARI PPH 1.45G,3.0,1.45G,PPH,,,RECODING,5,8,54647,175.57678,122,SWADESHI SABUN UDHYOG-NEPAL,AAHA,AAHA,AAHA-PPH 2900 GM+FR BUCKET,PLPCH,2900.000 GM,,,2900.0,GM,0.0
77,22/11/2024,202411,3,1220102362,12201030173,1731054475107,99765320,126,MADHU PRODUCTS NEPAL,MADHU,MADHU-MADHU-SWEET SUPARI PPH 1.45G,3.0,1.45G,PPH,,,RECODING,5,9,93026122,176.67944,122,H.B INDUSTRIES-NEPAL,MEGHA,MEGHA,MEGHA-FLOWER FRESH PPH 500 GMS,PLPCH,500.000 GM,,,500.0,GM,0.0
77,22/11/2024,202411,3,1220102362,12201030173,1731054475107,99765320,126,MADHU PRODUCTS NEPAL,MADHU,MADHU-MADHU-SWEET SUPARI PPH 1.45G,3.0,1.45G,PPH,,,RECODING,5,10,54041,176.7828,123,SWADESHI SABUN UDHYOG-NEPAL,AAHA,AAHA,AAHA-PPH 95 GM,PLPCH,95.000 GM,,,95.0,GM,0.0
78,22/11/2024,202411,3,1220102404,12201030213,1731054475107,99765320,126,MADHU PRODUCTS NEPAL,MADHU,MADHU-MADHU-SWEET SUPARI PPH 1.45G,3.0,1.45G,PPH,,,RECODING,5,1,99765320,149.35114,126,MADHU CHEMICAL COMPANY,MADHU,MADHU,1.45G PAAN MASALA,PLAST,1.45G,SWEET,,1.45,GM,3.0
78,22/11/2024,202411,3,1220102404,12201030213,1731054475107,99765320,126,MADHU PRODUCTS NEPAL,MADHU,MADHU-MADHU-SWEET SUPARI PPH 1.45G,3.0,1.45G,PPH,,,RECODING,5,2,99762215,160.2736,126,MADHU CHEMICAL COMPANY,MADHU,MADHU,1.25G PAAN MASALA,PLAST,1.25G,SWEET,,1.25,,0.0
78,22/11/2024,202411,3,1220102404,12201030213,1731054475107,99765320,126,MADHU PRODUCTS NEPAL,MADHU,MADHU-MADHU-SWEET SUPARI PPH 1.45G,3.0,1.45G,PPH,,,RECODING,5,3,99763323,169.79698,123,SWADESHI SABUN UDHYOG-NEPAL,MADAL,MADAL,MADAL-PPH 200 GM,PLPCH,200.000 GM,,,200.0,GM,35.0
78,22/11/2024,202411,3,1220102404,12201030213,1731054475107,99765320,126,MADHU PRODUCTS NEPAL,MADHU,MADHU-MADHU-SWEET SUPARI PPH 1.45G,3.0,1.45G,PPH,,,RECODING,5,4,99762508,172.50706,122,PRABHU SOAP INDUSTRIES-NEPAL,PRABHU GHADI,PRABHU GHADI,PRABHU GHADI-PPH 500 GM,PLPCH,500.000 GM,,,500.0,GM,55.0
78,22/11/2024,202411,3,1220102404,12201030213,1731054475107,99765320,126,MADHU PRODUCTS NEPAL,MADHU,MADHU-MADHU-SWEET SUPARI PPH 1.45G,3.0,1.45G,PPH,,,RECODING,5,5,47744,173.72415,122,H.B INDUSTRIES-NEPAL,MEGHA,MEGHA,MEGHA-FLOWER FRESH PPH 3000 GMS,PLPCH,3000.000 GM,,,3000.0,GM,0.0
78,22/11/2024,202411,3,1220102404,12201030213,1731054475107,99765320,126,MADHU PRODUCTS NEPAL,MADHU,MADHU-MADHU-SWEET SUPARI PPH 1.45G,3.0,1.45G,PPH,,,RECODING,5,6,50126,176.06908,123,SWADESHI SABUN UDHYOG-NEPAL,AAHA,AAHA,AAHA-PPH 220 GM,PLPCH,220.000 GM,,,220.0,GM,0.0
78,22/11/2024,202411,3,1220102404,12201030213,1731054475107,99765320,126,MADHU PRODUCTS NEPAL,MADHU,MADHU-MADHU-SWEET SUPARI PPH 1.45G,3.0,1.45G,PPH,,,RECODING,5,7,99764100,176.35153,116,SRIJANSHIL MAHILA UDHAMI-NEPAL,SATHI,SATHI,SATHI-XXL PPH 7 NOS,PLPCH,7.000 NO,,,7.0,NO,130.0
78,22/11/2024,202411,3,1220102404,12201030213,1731054475107,99765320,126,MADHU PRODUCTS NEPAL,MADHU,MADHU-MADHU-SWEET SUPARI PPH 1.45G,3.0,1.45G,PPH,,,RECODING,5,8,54647,176.61743,122,SWADESHI SABUN UDHYOG-NEPAL,AAHA,AAHA,AAHA-PPH 2900 GM+FR BUCKET,PLPCH,2900.000 GM,,,2900.0,GM,0.0
78,22/11/2024,202411,3,1220102404,12201030213,1731054475107,99765320,126,MADHU PRODUCTS NEPAL,MADHU,MADHU-MADHU-SWEET SUPARI PPH 1.45G,3.0,1.45G,PPH,,,RECODING,5,9,93026122,177.49341,122,H.B INDUSTRIES-NEPAL,MEGHA,MEGHA,MEGHA-FLOWER FRESH PPH 500 GMS,PLPCH,500.000 GM,,,500.0,GM,0.0
78,22/11/2024,202411,3,1220102404,12201030213,1731054475107,99765320,126,MADHU PRODUCTS NEPAL,MADHU,MADHU-MADHU-SWEET SUPARI PPH 1.45G,3.0,1.45G,PPH,,,RECODING,5,10,99762509,177.52695,122,PRABHU SOAP INDUSTRIES-NEPAL,PRABHU GHADI,PRABHU GHADI,PRABHU GHADI-PPH 1000 GM,PLPCH,1000.000 GM,,,1000.0,GM,100.0
79,22/11/2024,202411,2,115334157,21102020003,1732088989459,99765329,134,T.R. INTERNATIONAL GROUP P.LTD-NPL,OXY PLUS,OXY-PLUS/PBT/750ML/MRP 45/T.R.INTERNATIONAL GROUP PVT.LTD.,45.0,750ML,PBT,,1732088989459-t-r- international group p-ltd-npl-oxy plus#3.png,RECODING,5,1,99765329,101.47404,118,T.R. INTERNATIONAL GROUP P.LTD-NPL,OXY-PLUS,OXY-PLUS,PET 750 ML,PET,750.000 ML,,,750.0,ML,45.0
79,22/11/2024,202411,2,115334157,21102020003,1732088989459,99765329,134,T.R. INTERNATIONAL GROUP P.LTD-NPL,OXY PLUS,OXY-PLUS/PBT/750ML/MRP 45/T.R.INTERNATIONAL GROUP PVT.LTD.,45.0,750ML,PBT,,1732088989459-t-r- international group p-ltd-npl-oxy plus#3.png,RECODING,5,2,99765007,174.84769,118,T.R. INTERNATIONAL GROUP P.LTD-NPL,AQUA PURE,AQUA PURE,PET 1000 ML,PET,1000.000 ML,,,1000.0,ML,25.0
79,22/11/2024,202411,2,115334157,21102020003,1732088989459,99765329,134,T.R. INTERNATIONAL GROUP P.LTD-NPL,OXY PLUS,OXY-PLUS/PBT/750ML/MRP 45/T.R.INTERNATIONAL GROUP PVT.LTD.,45.0,750ML,PBT,,1732088989459-t-r- international group p-ltd-npl-oxy plus#3.png,RECODING,5,3,46872,196.17847,117,OXY GLOW COSMETICS PVT LTD-INDIA,OXYGLOW,OXYGLOW,OXYGLOW-NTR CARE GINGER SHMPO PBT 275 ML,PLBOT,275.000 ML,,,275.0,ML,0.0
79,22/11/2024,202411,2,115334157,21102020003,1732088989459,99765329,134,T.R. INTERNATIONAL GROUP P.LTD-NPL,OXY PLUS,OXY-PLUS/PBT/750ML/MRP 45/T.R.INTERNATIONAL GROUP PVT.LTD.,45.0,750ML,PBT,,1732088989459-t-r- international group p-ltd-npl-oxy plus#3.png,RECODING,5,4,46751,198.91754,117,OXY GLOW COSMETICS PVT LTD-INDIA,OXYGLOW,OXYGLOW,OXYGLOW- NTRS CAR FRUIT EXTRC HR PBT 275 ML CONDTNR,PLBOT,275.000 ML,,,275.0,ML,0.0
79,22/11/2024,202411,2,115334157,21102020003,1732088989459,99765329,134,T.R. INTERNATIONAL GROUP P.LTD-NPL,OXY PLUS,OXY-PLUS/PBT/750ML/MRP 45/T.R.INTERNATIONAL GROUP PVT.LTD.,45.0,750ML,PBT,,1732088989459-t-r- international group p-ltd-npl-oxy plus#3.png,RECODING,5,5,99764145,201.65587,122,R.K. SOAP & CHEMICAL INDUSTRIES-NPL,RK,RK OXIPOWER,RK OXIPOWER-COLOR EXPERT DETERGENT POWDER PPH 600GM,PLPCH,600.000 GM,,,600.0,GM,75.0
79,22/11/2024,202411,2,115334157,21102020003,1732088989459,99765329,134,T.R. INTERNATIONAL GROUP P.LTD-NPL,OXY PLUS,OXY-PLUS/PBT/750ML/MRP 45/T.R.INTERNATIONAL GROUP PVT.LTD.,45.0,750ML,PBT,,1732088989459-t-r- international group p-ltd-npl-oxy plus#3.png,RECODING,5,6,92112563,214.69327,117,ELIDA FABERGE LTD.- INDIA,ORGANICS,ORGANICS ROOT NOURISHING,ORGANICS ROOT NOURISHING-PBT 90 ML,PLBOT,90.000 ML,,,90.0,ML,0.0
79,22/11/2024,202411,2,115334157,21102020003,1732088989459,99765329,134,T.R. INTERNATIONAL GROUP P.LTD-NPL,OXY PLUS,OXY-PLUS/PBT/750ML/MRP 45/T.R.INTERNATIONAL GROUP PVT.LTD.,45.0,750ML,PBT,,1732088989459-t-r- international group p-ltd-npl-oxy plus#3.png,RECODING,5,7,48504,219.87881,117,UNITED GLOBAL HERBL PVT LTD-NP,GLOMAX,GLOMAX GINGER SHAMP+CONDI.,GLOMAX GINGER SHAMP+CONDI.-PBT 500 ML,PLBOT,500.000 ML,,,500.0,ML,0.0
79,22/11/2024,202411,2,115334157,21102020003,1732088989459,99765329,134,T.R. INTERNATIONAL GROUP P.LTD-NPL,OXY PLUS,OXY-PLUS/PBT/750ML/MRP 45/T.R.INTERNATIONAL GROUP PVT.LTD.,45.0,750ML,PBT,,1732088989459-t-r- international group p-ltd-npl-oxy plus#3.png,RECODING,5,8,92110811,220.74991,117,ALBERTO-CULBER- UK,ALBERTO BALSAM,ALBERTO BALSAM REVITALISING,ALBERTO BALSAM REVITALISING-PBT 400  ML-ALBERTO,PLBOT,400.000 ML,,,400.0,ML,0.0
79,22/11/2024,202411,2,115334157,21102020003,1732088989459,99765329,134,T.R. INTERNATIONAL GROUP P.LTD-NPL,OXY PLUS,OXY-PLUS/PBT/750ML/MRP 45/T.R.INTERNATIONAL GROUP PVT.LTD.,45.0,750ML,PBT,,1732088989459-t-r- international group p-ltd-npl-oxy plus#3.png,RECODING,5,9,92962494,221.18918,123,RSPL LTD-INDIA,XPERT,XPERT,XPERT-PPH 70 GM+20 GM,PLPCH,70.000 GM,,,90.0,GM,0.0
79,22/11/2024,202411,2,115334157,21102020003,1732088989459,99765329,134,T.R. INTERNATIONAL GROUP P.LTD-NPL,OXY PLUS,OXY-PLUS/PBT/750ML/MRP 45/T.R.INTERNATIONAL GROUP PVT.LTD.,45.0,750ML,PBT,,1732088989459-t-r- international group p-ltd-npl-oxy plus#3.png,RECODING,5,10,92962371,222.0981,123,RSPL LTD-INDIA,XPERT,XPERT,XPERT-PPH 75 GM+25 GM,PLPCH,75.000 GM,,,100.0,GM,0.0
80,22/11/2024,202411,3,2110203242,21102030283,1731308020769,99765321,105,SURYA NEPAL PVT LTD - NEPAL,SURYA FUSION,SURYA FUSION,320.0,HL 20 NOS,CBP,,,RECODING,5,1,92923725,145.55461,123,B.S.I PVT LTD-NEPAL,SURYA,SURYA,SURYA-UNWRP 150 GMS,UNWRP,150.000 GM,,,150.0,GM,0.0
80,22/11/2024,202411,3,2110203242,21102030283,1731308020769,99765321,105,SURYA NEPAL PVT LTD - NEPAL,SURYA FUSION,SURYA FUSION,320.0,HL 20 NOS,CBP,,,RECODING,5,2,46667,146.62741,123,B.S.I PVT LTD-NEPAL,SURYA,SURYA,SURYA-UNWRP 200 GMS,UNWRP,200.000 GM,,,200.0,GM,0.0
80,22/11/2024,202411,3,2110203242,21102030283,1731308020769,99765321,105,SURYA NEPAL PVT LTD - NEPAL,SURYA FUSION,SURYA FUSION,320.0,HL 20 NOS,CBP,,,RECODING,5,3,90110247,153.5954,105,SURYA NEPAL PVT LTD - NEPAL,SURYA,SURYA CITRIC FRESH,HL 20'S,HL,20,FRESH,,20.0,NO,300.0
80,22/11/2024,202411,3,2110203242,21102030283,1731308020769,99765321,105,SURYA NEPAL PVT LTD - NEPAL,SURYA FUSION,SURYA FUSION,320.0,HL 20 NOS,CBP,,,RECODING,5,4,99763869,155.53189,105,SURYA NEPAL PVT LTD - NEPAL,NAULO,NAULO BURST,HL 20'S,HL,20,FRESH,,20.0,NO,175.0
80,22/11/2024,202411,3,2110203242,21102030283,1731308020769,99765321,105,SURYA NEPAL PVT LTD - NEPAL,SURYA FUSION,SURYA FUSION,320.0,HL 20 NOS,CBP,,,RECODING,5,5,47592,157.36917,105,SURYA NEPAL PVT LTD - NEPAL,SHIKHAR,SHIKHAR ICE RUSH,HL 20'S,HL,20,FRESH,,20.0,NO,185.0
80,22/11/2024,202411,3,2110203242,21102030283,1731308020769,99765321,105,SURYA NEPAL PVT LTD - NEPAL,SURYA FUSION,SURYA FUSION,320.0,HL 20 NOS,CBP,,,RECODING,5,6,99765090,158.76874,105,SURYA NEPAL PVT LTD - NEPAL,SURYA,SURYA DUAL BURST,HL 20'S,HL,20,FRESH,,20.0,NO,320.0
80,22/11/2024,202411,3,2110203242,21102030283,1731308020769,99765321,105,SURYA NEPAL PVT LTD - NEPAL,SURYA FUSION,SURYA FUSION,320.0,HL 20 NOS,CBP,,,RECODING,5,7,48587,159.46051,105,SURYA NEPAL PVT LTD - NEPAL,SURYA,SURYA 24 CARAT ARCTIC BURST,HL 20'S,HL,20,FRESH,,20.0,NO,300.0
80,22/11/2024,202411,3,2110203242,21102030283,1731308020769,99765321,105,SURYA NEPAL PVT LTD - NEPAL,SURYA FUSION,SURYA FUSION,320.0,HL 20 NOS,CBP,,,RECODING,5,8,99765321,161.28963,105,SURYA NEPAL PVT LTD - NEPAL,SURYA,SURYA FUSION,HL 20'S,HL,20,FULL FLAVOUR,,20.0,NO,320.0
80,22/11/2024,202411,3,2110203242,21102030283,1731308020769,99765321,105,SURYA NEPAL PVT LTD - NEPAL,SURYA FUSION,SURYA FUSION,320.0,HL 20 NOS,CBP,,,RECODING,5,9,99764555,161.70013,106,SURYA NEPAL PVT LTD - NEPAL,TOFFICHOO,TOFFICHOO CHATPATA FUN,TOFFICHOO CHATPATA FUN-MASALA PUNCH PCN 720 GM,PLJAR,720.000 GM,MASALA,,720.0,GM,300.0
80,22/11/2024,202411,3,2110203242,21102030283,1731308020769,99765321,105,SURYA NEPAL PVT LTD - NEPAL,SURYA FUSION,SURYA FUSION,320.0,HL 20 NOS,CBP,,,RECODING,5,10,99764545,164.60461,106,SURYA NEPAL PVT LTD - NEPAL,TOFFICHOO,TOFFICHOO CHATPATA FUN,TOFFICHOO CHATPATA FUN-MASALA PUNCH PPH 270 GM,PLPCH,270.000 GM,MASALA,,270.0,GM,85.0
81,22/11/2024,202411,3,2110203275,21102030219,1731308020769,99765321,105,SURYA NEPAL PVT LTD - NEPAL,SURYA FUSION,SURYA FUSION,320.0,HL 20 NOS,CBP,Any other reason,,RECODING,5,1,47592,180.88365,105,SURYA NEPAL PVT LTD - NEPAL,SHIKHAR,SHIKHAR ICE RUSH,HL 20'S,HL,20,FRESH,,20.0,NO,185.0
81,22/11/2024,202411,3,2110203275,21102030219,1731308020769,99765321,105,SURYA NEPAL PVT LTD - NEPAL,SURYA FUSION,SURYA FUSION,320.0,HL 20 NOS,CBP,Any other reason,,RECODING,5,2,90110247,184.77791,105,SURYA NEPAL PVT LTD - NEPAL,SURYA,SURYA CITRIC FRESH,HL 20'S,HL,20,FRESH,,20.0,NO,300.0
81,22/11/2024,202411,3,2110203275,21102030219,1731308020769,99765321,105,SURYA NEPAL PVT LTD - NEPAL,SURYA FUSION,SURYA FUSION,320.0,HL 20 NOS,CBP,Any other reason,,RECODING,5,3,92923725,189.01057,123,B.S.I PVT LTD-NEPAL,SURYA,SURYA,SURYA-UNWRP 150 GMS,UNWRP,150.000 GM,,,150.0,GM,0.0
81,22/11/2024,202411,3,2110203275,21102030219,1731308020769,99765321,105,SURYA NEPAL PVT LTD - NEPAL,SURYA FUSION,SURYA FUSION,320.0,HL 20 NOS,CBP,Any other reason,,RECODING,5,4,99763869,189.97028,105,SURYA NEPAL PVT LTD - NEPAL,NAULO,NAULO BURST,HL 20'S,HL,20,FRESH,,20.0,NO,175.0
81,22/11/2024,202411,3,2110203275,21102030219,1731308020769,99765321,105,SURYA NEPAL PVT LTD - NEPAL,SURYA FUSION,SURYA FUSION,320.0,HL 20 NOS,CBP,Any other reason,,RECODING,5,5,46667,190.09679,123,B.S.I PVT LTD-NEPAL,SURYA,SURYA,SURYA-UNWRP 200 GMS,UNWRP,200.000 GM,,,200.0,GM,0.0
81,22/11/2024,202411,3,2110203275,21102030219,1731308020769,99765321,105,SURYA NEPAL PVT LTD - NEPAL,SURYA FUSION,SURYA FUSION,320.0,HL 20 NOS,CBP,Any other reason,,RECODING,5,6,99764555,193.38248,106,SURYA NEPAL PVT LTD - NEPAL,TOFFICHOO,TOFFICHOO CHATPATA FUN,TOFFICHOO CHATPATA FUN-MASALA PUNCH PCN 720 GM,PLJAR,720.000 GM,MASALA,,720.0,GM,300.0
81,22/11/2024,202411,3,2110203275,21102030219,1731308020769,99765321,105,SURYA NEPAL PVT LTD - NEPAL,SURYA FUSION,SURYA FUSION,320.0,HL 20 NOS,CBP,Any other reason,,RECODING,5,7,48587,194.66331,105,SURYA NEPAL PVT LTD - NEPAL,SURYA,SURYA 24 CARAT ARCTIC BURST,HL 20'S,HL,20,FRESH,,20.0,NO,300.0
81,22/11/2024,202411,3,2110203275,21102030219,1731308020769,99765321,105,SURYA NEPAL PVT LTD - NEPAL,SURYA FUSION,SURYA FUSION,320.0,HL 20 NOS,CBP,Any other reason,,RECODING,5,8,90110249,194.99542,105,SURYA NEPAL PVT LTD - NEPAL,SHIKHAR,SHIKHAR TANGY BREEZE,HL 20'S,HL,20,FRESH,,20.0,NO,180.0
81,22/11/2024,202411,3,2110203275,21102030219,1731308020769,99765321,105,SURYA NEPAL PVT LTD - NEPAL,SURYA FUSION,SURYA FUSION,320.0,HL 20 NOS,CBP,Any other reason,,RECODING,5,9,99765090,196.26926,105,SURYA NEPAL PVT LTD - NEPAL,SURYA,SURYA DUAL BURST,HL 20'S,HL,20,FRESH,,20.0,NO,320.0
81,22/11/2024,202411,3,2110203275,21102030219,1731308020769,99765321,105,SURYA NEPAL PVT LTD - NEPAL,SURYA FUSION,SURYA FUSION,320.0,HL 20 NOS,CBP,Any other reason,,RECODING,5,10,99762387,198.12123,105,SURYA NEPAL PVT LTD - NEPAL,SURYA,SURYA MINT,HL 20'S,HL,20,FRESH,,20.0,NO,280.0
82,22/11/2024,202411,3,1210102739,12101030187,1731409450152,99765320,126,MADHU CHEMICAL COMPANY,MADHU,MADHU-SWEET SUPERI PPH-1.45 GM,3.0,1.45 GM.,PPH,,,RECODING,5,1,99765320,129.73148,126,MADHU CHEMICAL COMPANY,MADHU,MADHU,1.45G PAAN MASALA,PLAST,1.45G,SWEET,,1.45,GM,3.0
82,22/11/2024,202411,3,1210102739,12101030187,1731409450152,99765320,126,MADHU CHEMICAL COMPANY,MADHU,MADHU-SWEET SUPERI PPH-1.45 GM,3.0,1.45 GM.,PPH,,,RECODING,5,2,99762215,139.65164,126,MADHU CHEMICAL COMPANY,MADHU,MADHU,1.25G PAAN MASALA,PLAST,1.25G,SWEET,,1.25,,0.0
82,22/11/2024,202411,3,1210102739,12101030187,1731409450152,99765320,126,MADHU CHEMICAL COMPANY,MADHU,MADHU-SWEET SUPERI PPH-1.45 GM,3.0,1.45 GM.,PPH,,,RECODING,5,3,47744,157.7845,122,H.B INDUSTRIES-NEPAL,MEGHA,MEGHA,MEGHA-FLOWER FRESH PPH 3000 GMS,PLPCH,3000.000 GM,,,3000.0,GM,0.0
82,22/11/2024,202411,3,1210102739,12101030187,1731409450152,99765320,126,MADHU CHEMICAL COMPANY,MADHU,MADHU-SWEET SUPERI PPH-1.45 GM,3.0,1.45 GM.,PPH,,,RECODING,5,4,93026122,160.49083,122,H.B INDUSTRIES-NEPAL,MEGHA,MEGHA,MEGHA-FLOWER FRESH PPH 500 GMS,PLPCH,500.000 GM,,,500.0,GM,0.0
82,22/11/2024,202411,3,1210102739,12101030187,1731409450152,99765320,126,MADHU CHEMICAL COMPANY,MADHU,MADHU-SWEET SUPERI PPH-1.45 GM,3.0,1.45 GM.,PPH,,,RECODING,5,5,91827176,162.25821,106,MAHENDRA INDUSTRIES-INDIA,MADHUR,MADHUR TRUE LOVE,MADHUR TRUE LOVE- STRAWBERRY PPH 6 GM,PLPCH,6.000 GM,STRAWBERRY,,6.0,GM,0.0
82,22/11/2024,202411,3,1210102739,12101030187,1731409450152,99765320,126,MADHU CHEMICAL COMPANY,MADHU,MADHU-SWEET SUPERI PPH-1.45 GM,3.0,1.45 GM.,PPH,,,RECODING,5,6,48360,164.05724,106,MAHENDRA INDUSTRIES-INDIA,MADHUR,MADHUR KING POP,MADHUR KING POP-LOLLIPOP PPH 9 GM,PLPCH,9.000 GM,UNSPECIFIED,,9.0,GM,0.0
82,22/11/2024,202411,3,1210102739,12101030187,1731409450152,99765320,126,MADHU CHEMICAL COMPANY,MADHU,MADHU-SWEET SUPERI PPH-1.45 GM,3.0,1.45 GM.,PPH,,,RECODING,5,7,54103,164.69952,106,MAHENDRA INDUSTRIES-INDIA,MADHUR,MADHUR TRUE LOVE,MADHUR TRUE LOVE-PEACH PPH 5 GM,PLPCH,5.000 GM,PEACH,,5.0,GM,0.0
82,22/11/2024,202411,3,1210102739,12101030187,1731409450152,99765320,126,MADHU CHEMICAL COMPANY,MADHU,MADHU-SWEET SUPERI PPH-1.45 GM,3.0,1.45 GM.,PPH,,,RECODING,5,8,54891,167.04642,122,SHREE NATH INTERNATIONAL-IND,MOZ,MOZ,MOZ-PPH 500 GM,PLPCH,500.000 GM,,,500.0,GM,0.0
82,22/11/2024,202411,3,1210102739,12101030187,1731409450152,99765320,126,MADHU CHEMICAL COMPANY,MADHU,MADHU-SWEET SUPERI PPH-1.45 GM,3.0,1.45 GM.,PPH,,,RECODING,5,9,93025975,167.52148,122,H.B INDUSTRIES-NEPAL,MEGHA,MEGHA,MEGHA-PPH 200 GMS,PLPCH,200.000 GM,,,200.0,GM,0.0
82,22/11/2024,202411,3,1210102739,12101030187,1731409450152,99765320,126,MADHU CHEMICAL COMPANY,MADHU,MADHU-SWEET SUPERI PPH-1.45 GM,3.0,1.45 GM.,PPH,,,RECODING,5,10,93026899,167.70709,122,H.B INDUSTRIES-NEPAL,MEGHA,MEGHA,MEGHA-PPH 1000 GMS,PLPCH,1000.000 GM,,,1000.0,GM,0.0
83,22/11/2024,202411,3,1210102303,12101030188,1731409450152,99765320,126,MADHU CHEMICAL COMPANY,MADHU,MADHU-SWEET SUPERI PPH-1.45 GM,3.0,1.45 GM.,PPH,,,RECODING,5,1,99765320,128.81253,126,MADHU CHEMICAL COMPANY,MADHU,MADHU,1.45G PAAN MASALA,PLAST,1.45G,SWEET,,1.45,GM,3.0
83,22/11/2024,202411,3,1210102303,12101030188,1731409450152,99765320,126,MADHU CHEMICAL COMPANY,MADHU,MADHU-SWEET SUPERI PPH-1.45 GM,3.0,1.45 GM.,PPH,,,RECODING,5,2,99762215,138.61328,126,MADHU CHEMICAL COMPANY,MADHU,MADHU,1.25G PAAN MASALA,PLAST,1.25G,SWEET,,1.25,,0.0
83,22/11/2024,202411,3,1210102303,12101030188,1731409450152,99765320,126,MADHU CHEMICAL COMPANY,MADHU,MADHU-SWEET SUPERI PPH-1.45 GM,3.0,1.45 GM.,PPH,,,RECODING,5,3,47744,159.09659,122,H.B INDUSTRIES-NEPAL,MEGHA,MEGHA,MEGHA-FLOWER FRESH PPH 3000 GMS,PLPCH,3000.000 GM,,,3000.0,GM,0.0
83,22/11/2024,202411,3,1210102303,12101030188,1731409450152,99765320,126,MADHU CHEMICAL COMPANY,MADHU,MADHU-SWEET SUPERI PPH-1.45 GM,3.0,1.45 GM.,PPH,,,RECODING,5,4,93026122,160.8863,122,H.B INDUSTRIES-NEPAL,MEGHA,MEGHA,MEGHA-FLOWER FRESH PPH 500 GMS,PLPCH,500.000 GM,,,500.0,GM,0.0
83,22/11/2024,202411,3,1210102303,12101030188,1731409450152,99765320,126,MADHU CHEMICAL COMPANY,MADHU,MADHU-SWEET SUPERI PPH-1.45 GM,3.0,1.45 GM.,PPH,,,RECODING,5,5,91827176,161.68073,106,MAHENDRA INDUSTRIES-INDIA,MADHUR,MADHUR TRUE LOVE,MADHUR TRUE LOVE- STRAWBERRY PPH 6 GM,PLPCH,6.000 GM,STRAWBERRY,,6.0,GM,0.0
83,22/11/2024,202411,3,1210102303,12101030188,1731409450152,99765320,126,MADHU CHEMICAL COMPANY,MADHU,MADHU-SWEET SUPERI PPH-1.45 GM,3.0,1.45 GM.,PPH,,,RECODING,5,6,48360,163.9368,106,MAHENDRA INDUSTRIES-INDIA,MADHUR,MADHUR KING POP,MADHUR KING POP-LOLLIPOP PPH 9 GM,PLPCH,9.000 GM,UNSPECIFIED,,9.0,GM,0.0
83,22/11/2024,202411,3,1210102303,12101030188,1731409450152,99765320,126,MADHU CHEMICAL COMPANY,MADHU,MADHU-SWEET SUPERI PPH-1.45 GM,3.0,1.45 GM.,PPH,,,RECODING,5,7,54103,164.12456,106,MAHENDRA INDUSTRIES-INDIA,MADHUR,MADHUR TRUE LOVE,MADHUR TRUE LOVE-PEACH PPH 5 GM,PLPCH,5.000 GM,PEACH,,5.0,GM,0.0
83,22/11/2024,202411,3,1210102303,12101030188,1731409450152,99765320,126,MADHU CHEMICAL COMPANY,MADHU,MADHU-SWEET SUPERI PPH-1.45 GM,3.0,1.45 GM.,PPH,,,RECODING,5,8,91826568,167.4806,106,MAHENDRA INDUSTRIES-INDIA,MADHUR,MADHUR TRUE LOVE,MADHUR TRUE LOVE- ORANGE PPH 6 GM,PLPCH,6.000 GM,ORANGE,,6.0,GM,0.0
83,22/11/2024,202411,3,1210102303,12101030188,1731409450152,99765320,126,MADHU CHEMICAL COMPANY,MADHU,MADHU-SWEET SUPERI PPH-1.45 GM,3.0,1.45 GM.,PPH,,,RECODING,5,9,54891,168.27228,122,SHREE NATH INTERNATIONAL-IND,MOZ,MOZ,MOZ-PPH 500 GM,PLPCH,500.000 GM,,,500.0,GM,0.0
83,22/11/2024,202411,3,1210102303,12101030188,1731409450152,99765320,126,MADHU CHEMICAL COMPANY,MADHU,MADHU-SWEET SUPERI PPH-1.45 GM,3.0,1.45 GM.,PPH,,,RECODING,5,10,93025975,168.82706,122,H.B INDUSTRIES-NEPAL,MEGHA,MEGHA,MEGHA-PPH 200 GMS,PLPCH,200.000 GM,,,200.0,GM,0.0
84,22/11/2024,202411,3,1210100776,12101030089,1731409450152,99765320,126,MADHU CHEMICAL COMPANY,MADHU,MADHU-SWEET SUPERI PPH-1.45 GM,3.0,1.45 GM.,PPH,,,RECODING,5,1,99765320,127.93504,126,MADHU CHEMICAL COMPANY,MADHU,MADHU,1.45G PAAN MASALA,PLAST,1.45G,SWEET,,1.45,GM,3.0
84,22/11/2024,202411,3,1210100776,12101030089,1731409450152,99765320,126,MADHU CHEMICAL COMPANY,MADHU,MADHU-SWEET SUPERI PPH-1.45 GM,3.0,1.45 GM.,PPH,,,RECODING,5,2,99762215,137.4747,126,MADHU CHEMICAL COMPANY,MADHU,MADHU,1.25G PAAN MASALA,PLAST,1.25G,SWEET,,1.25,,0.0
84,22/11/2024,202411,3,1210100776,12101030089,1731409450152,99765320,126,MADHU CHEMICAL COMPANY,MADHU,MADHU-SWEET SUPERI PPH-1.45 GM,3.0,1.45 GM.,PPH,,,RECODING,5,3,47744,159.42125,122,H.B INDUSTRIES-NEPAL,MEGHA,MEGHA,MEGHA-FLOWER FRESH PPH 3000 GMS,PLPCH,3000.000 GM,,,3000.0,GM,0.0
84,22/11/2024,202411,3,1210100776,12101030089,1731409450152,99765320,126,MADHU CHEMICAL COMPANY,MADHU,MADHU-SWEET SUPERI PPH-1.45 GM,3.0,1.45 GM.,PPH,,,RECODING,5,4,93026122,161.67216,122,H.B INDUSTRIES-NEPAL,MEGHA,MEGHA,MEGHA-FLOWER FRESH PPH 500 GMS,PLPCH,500.000 GM,,,500.0,GM,0.0
84,22/11/2024,202411,3,1210100776,12101030089,1731409450152,99765320,126,MADHU CHEMICAL COMPANY,MADHU,MADHU-SWEET SUPERI PPH-1.45 GM,3.0,1.45 GM.,PPH,,,RECODING,5,5,91827176,162.20193,106,MAHENDRA INDUSTRIES-INDIA,MADHUR,MADHUR TRUE LOVE,MADHUR TRUE LOVE- STRAWBERRY PPH 6 GM,PLPCH,6.000 GM,STRAWBERRY,,6.0,GM,0.0
84,22/11/2024,202411,3,1210100776,12101030089,1731409450152,99765320,126,MADHU CHEMICAL COMPANY,MADHU,MADHU-SWEET SUPERI PPH-1.45 GM,3.0,1.45 GM.,PPH,,,RECODING,5,6,54103,165.30273,106,MAHENDRA INDUSTRIES-INDIA,MADHUR,MADHUR TRUE LOVE,MADHUR TRUE LOVE-PEACH PPH 5 GM,PLPCH,5.000 GM,PEACH,,5.0,GM,0.0
84,22/11/2024,202411,3,1210100776,12101030089,1731409450152,99765320,126,MADHU CHEMICAL COMPANY,MADHU,MADHU-SWEET SUPERI PPH-1.45 GM,3.0,1.45 GM.,PPH,,,RECODING,5,7,48360,165.51535,106,MAHENDRA INDUSTRIES-INDIA,MADHUR,MADHUR KING POP,MADHUR KING POP-LOLLIPOP PPH 9 GM,PLPCH,9.000 GM,UNSPECIFIED,,9.0,GM,0.0
84,22/11/2024,202411,3,1210100776,12101030089,1731409450152,99765320,126,MADHU CHEMICAL COMPANY,MADHU,MADHU-SWEET SUPERI PPH-1.45 GM,3.0,1.45 GM.,PPH,,,RECODING,5,8,91826568,167.82901,106,MAHENDRA INDUSTRIES-INDIA,MADHUR,MADHUR TRUE LOVE,MADHUR TRUE LOVE- ORANGE PPH 6 GM,PLPCH,6.000 GM,ORANGE,,6.0,GM,0.0
84,22/11/2024,202411,3,1210100776,12101030089,1731409450152,99765320,126,MADHU CHEMICAL COMPANY,MADHU,MADHU-SWEET SUPERI PPH-1.45 GM,3.0,1.45 GM.,PPH,,,RECODING,5,9,54891,169.42334,122,SHREE NATH INTERNATIONAL-IND,MOZ,MOZ,MOZ-PPH 500 GM,PLPCH,500.000 GM,,,500.0,GM,0.0
84,22/11/2024,202411,3,1210100776,12101030089,1731409450152,99765320,126,MADHU CHEMICAL COMPANY,MADHU,MADHU-SWEET SUPERI PPH-1.45 GM,3.0,1.45 GM.,PPH,,,RECODING,5,10,93025975,169.55936,122,H.B INDUSTRIES-NEPAL,MEGHA,MEGHA,MEGHA-PPH 200 GMS,PLPCH,200.000 GM,,,200.0,GM,0.0
85,22/11/2024,202411,3,1210102732,12101030175,1731409450152,99765320,126,MADHU CHEMICAL COMPANY,MADHU,MADHU-SWEET SUPERI PPH-1.45 GM,3.0,1.45 GM.,PPH,,,RECODING,5,1,99765320,129.91196,126,MADHU CHEMICAL COMPANY,MADHU,MADHU,1.45G PAAN MASALA,PLAST,1.45G,SWEET,,1.45,GM,3.0
85,22/11/2024,202411,3,1210102732,12101030175,1731409450152,99765320,126,MADHU CHEMICAL COMPANY,MADHU,MADHU-SWEET SUPERI PPH-1.45 GM,3.0,1.45 GM.,PPH,,,RECODING,5,2,99762215,139.54817,126,MADHU CHEMICAL COMPANY,MADHU,MADHU,1.25G PAAN MASALA,PLAST,1.25G,SWEET,,1.25,,0.0
85,22/11/2024,202411,3,1210102732,12101030175,1731409450152,99765320,126,MADHU CHEMICAL COMPANY,MADHU,MADHU-SWEET SUPERI PPH-1.45 GM,3.0,1.45 GM.,PPH,,,RECODING,5,3,47744,158.55084,122,H.B INDUSTRIES-NEPAL,MEGHA,MEGHA,MEGHA-FLOWER FRESH PPH 3000 GMS,PLPCH,3000.000 GM,,,3000.0,GM,0.0
85,22/11/2024,202411,3,1210102732,12101030175,1731409450152,99765320,126,MADHU CHEMICAL COMPANY,MADHU,MADHU-SWEET SUPERI PPH-1.45 GM,3.0,1.45 GM.,PPH,,,RECODING,5,4,93026122,161.13385,122,H.B INDUSTRIES-NEPAL,MEGHA,MEGHA,MEGHA-FLOWER FRESH PPH 500 GMS,PLPCH,500.000 GM,,,500.0,GM,0.0
85,22/11/2024,202411,3,1210102732,12101030175,1731409450152,99765320,126,MADHU CHEMICAL COMPANY,MADHU,MADHU-SWEET SUPERI PPH-1.45 GM,3.0,1.45 GM.,PPH,,,RECODING,5,5,91827176,163.18127,106,MAHENDRA INDUSTRIES-INDIA,MADHUR,MADHUR TRUE LOVE,MADHUR TRUE LOVE- STRAWBERRY PPH 6 GM,PLPCH,6.000 GM,STRAWBERRY,,6.0,GM,0.0
85,22/11/2024,202411,3,1210102732,12101030175,1731409450152,99765320,126,MADHU CHEMICAL COMPANY,MADHU,MADHU-SWEET SUPERI PPH-1.45 GM,3.0,1.45 GM.,PPH,,,RECODING,5,6,48360,165.11444,106,MAHENDRA INDUSTRIES-INDIA,MADHUR,MADHUR KING POP,MADHUR KING POP-LOLLIPOP PPH 9 GM,PLPCH,9.000 GM,UNSPECIFIED,,9.0,GM,0.0
85,22/11/2024,202411,3,1210102732,12101030175,1731409450152,99765320,126,MADHU CHEMICAL COMPANY,MADHU,MADHU-SWEET SUPERI PPH-1.45 GM,3.0,1.45 GM.,PPH,,,RECODING,5,7,54103,165.34787,106,MAHENDRA INDUSTRIES-INDIA,MADHUR,MADHUR TRUE LOVE,MADHUR TRUE LOVE-PEACH PPH 5 GM,PLPCH,5.000 GM,PEACH,,5.0,GM,0.0
85,22/11/2024,202411,3,1210102732,12101030175,1731409450152,99765320,126,MADHU CHEMICAL COMPANY,MADHU,MADHU-SWEET SUPERI PPH-1.45 GM,3.0,1.45 GM.,PPH,,,RECODING,5,8,93025975,167.92082,122,H.B INDUSTRIES-NEPAL,MEGHA,MEGHA,MEGHA-PPH 200 GMS,PLPCH,200.000 GM,,,200.0,GM,0.0
85,22/11/2024,202411,3,1210102732,12101030175,1731409450152,99765320,126,MADHU CHEMICAL COMPANY,MADHU,MADHU-SWEET SUPERI PPH-1.45 GM,3.0,1.45 GM.,PPH,,,RECODING,5,9,54891,167.97324,122,SHREE NATH INTERNATIONAL-IND,MOZ,MOZ,MOZ-PPH 500 GM,PLPCH,500.000 GM,,,500.0,GM,0.0
85,22/11/2024,202411,3,1210102732,12101030175,1731409450152,99765320,126,MADHU CHEMICAL COMPANY,MADHU,MADHU-SWEET SUPERI PPH-1.45 GM,3.0,1.45 GM.,PPH,,,RECODING,5,10,93026899,168.24573,122,H.B INDUSTRIES-NEPAL,MEGHA,MEGHA,MEGHA-PPH 1000 GMS,PLPCH,1000.000 GM,,,1000.0,GM,0.0
86,22/11/2024,202411,3,2110100276,21101031450,1731937092881,99765321,105,SURYA NEPAL PVT LTD - NEPAL,SURYA FUSION,SURYA FUSION,320.0,20'S-KS,FTP,New SKU,,RECODING,5,1,47592,148.46463,105,SURYA NEPAL PVT LTD - NEPAL,SHIKHAR,SHIKHAR ICE RUSH,HL 20'S,HL,20,FRESH,,20.0,NO,185.0
86,22/11/2024,202411,3,2110100276,21101031450,1731937092881,99765321,105,SURYA NEPAL PVT LTD - NEPAL,SURYA FUSION,SURYA FUSION,320.0,20'S-KS,FTP,New SKU,,RECODING,5,2,99765321,156.24692,105,SURYA NEPAL PVT LTD - NEPAL,SURYA,SURYA FUSION,HL 20'S,HL,20,FULL FLAVOUR,,20.0,NO,320.0
86,22/11/2024,202411,3,2110100276,21101031450,1731937092881,99765321,105,SURYA NEPAL PVT LTD - NEPAL,SURYA FUSION,SURYA FUSION,320.0,20'S-KS,FTP,New SKU,,RECODING,5,3,46667,161.52545,123,B.S.I PVT LTD-NEPAL,SURYA,SURYA,SURYA-UNWRP 200 GMS,UNWRP,200.000 GM,,,200.0,GM,0.0
86,22/11/2024,202411,3,2110100276,21101031450,1731937092881,99765321,105,SURYA NEPAL PVT LTD - NEPAL,SURYA FUSION,SURYA FUSION,320.0,20'S-KS,FTP,New SKU,,RECODING,5,4,90110247,162.43335,105,SURYA NEPAL PVT LTD - NEPAL,SURYA,SURYA CITRIC FRESH,HL 20'S,HL,20,FRESH,,20.0,NO,300.0
86,22/11/2024,202411,3,2110100276,21101031450,1731937092881,99765321,105,SURYA NEPAL PVT LTD - NEPAL,SURYA FUSION,SURYA FUSION,320.0,20'S-KS,FTP,New SKU,,RECODING,5,5,92923725,163.08508,123,B.S.I PVT LTD-NEPAL,SURYA,SURYA,SURYA-UNWRP 150 GMS,UNWRP,150.000 GM,,,150.0,GM,0.0
86,22/11/2024,202411,3,2110100276,21101031450,1731937092881,99765321,105,SURYA NEPAL PVT LTD - NEPAL,SURYA FUSION,SURYA FUSION,320.0,20'S-KS,FTP,New SKU,,RECODING,5,6,90110238,164.88986,105,SURYA NEPAL PVT LTD - NEPAL,SURYA,SURYA POLAR ICE,HL 20'S,HL,20,FRESH,,20.0,NO,300.0
86,22/11/2024,202411,3,2110100276,21101031450,1731937092881,99765321,105,SURYA NEPAL PVT LTD - NEPAL,SURYA FUSION,SURYA FUSION,320.0,20'S-KS,FTP,New SKU,,RECODING,5,7,99764555,165.42157,106,SURYA NEPAL PVT LTD - NEPAL,TOFFICHOO,TOFFICHOO CHATPATA FUN,TOFFICHOO CHATPATA FUN-MASALA PUNCH PCN 720 GM,PLJAR,720.000 GM,MASALA,,720.0,GM,300.0
86,22/11/2024,202411,3,2110100276,21101031450,1731937092881,99765321,105,SURYA NEPAL PVT LTD - NEPAL,SURYA FUSION,SURYA FUSION,320.0,20'S-KS,FTP,New SKU,,RECODING,5,8,99765090,166.21843,105,SURYA NEPAL PVT LTD - NEPAL,SURYA,SURYA DUAL BURST,HL 20'S,HL,20,FRESH,,20.0,NO,320.0
86,22/11/2024,202411,3,2110100276,21101031450,1731937092881,99765321,105,SURYA NEPAL PVT LTD - NEPAL,SURYA FUSION,SURYA FUSION,320.0,20'S-KS,FTP,New SKU,,RECODING,5,9,48587,166.39418,105,SURYA NEPAL PVT LTD - NEPAL,SURYA,SURYA 24 CARAT ARCTIC BURST,HL 20'S,HL,20,FRESH,,20.0,NO,300.0
86,22/11/2024,202411,3,2110100276,21101031450,1731937092881,99765321,105,SURYA NEPAL PVT LTD - NEPAL,SURYA FUSION,SURYA FUSION,320.0,20'S-KS,FTP,New SKU,,RECODING,5,10,90110249,167.43884,105,SURYA NEPAL PVT LTD - NEPAL,SHIKHAR,SHIKHAR TANGY BREEZE,HL 20'S,HL,20,FRESH,,20.0,NO,180.0
87,22/11/2024,202411,3,2110100240,21101031160,1731937092881,99765321,105,SURYA NEPAL PVT LTD - NEPAL,SURYA FUSION,SURYA FUSION,320.0,20'S-KS,FTP,New SKU,,RECODING,5,1,47592,147.04135,105,SURYA NEPAL PVT LTD - NEPAL,SHIKHAR,SHIKHAR ICE RUSH,HL 20'S,HL,20,FRESH,,20.0,NO,185.0
87,22/11/2024,202411,3,2110100240,21101031160,1731937092881,99765321,105,SURYA NEPAL PVT LTD - NEPAL,SURYA FUSION,SURYA FUSION,320.0,20'S-KS,FTP,New SKU,,RECODING,5,2,99765321,153.97821,105,SURYA NEPAL PVT LTD - NEPAL,SURYA,SURYA FUSION,HL 20'S,HL,20,FULL FLAVOUR,,20.0,NO,320.0
87,22/11/2024,202411,3,2110100240,21101031160,1731937092881,99765321,105,SURYA NEPAL PVT LTD - NEPAL,SURYA FUSION,SURYA FUSION,320.0,20'S-KS,FTP,New SKU,,RECODING,5,3,90110247,160.89244,105,SURYA NEPAL PVT LTD - NEPAL,SURYA,SURYA CITRIC FRESH,HL 20'S,HL,20,FRESH,,20.0,NO,300.0
87,22/11/2024,202411,3,2110100240,21101031160,1731937092881,99765321,105,SURYA NEPAL PVT LTD - NEPAL,SURYA FUSION,SURYA FUSION,320.0,20'S-KS,FTP,New SKU,,RECODING,5,4,46667,162.66418,123,B.S.I PVT LTD-NEPAL,SURYA,SURYA,SURYA-UNWRP 200 GMS,UNWRP,200.000 GM,,,200.0,GM,0.0
87,22/11/2024,202411,3,2110100240,21101031160,1731937092881,99765321,105,SURYA NEPAL PVT LTD - NEPAL,SURYA FUSION,SURYA FUSION,320.0,20'S-KS,FTP,New SKU,,RECODING,5,5,90110238,162.95728,105,SURYA NEPAL PVT LTD - NEPAL,SURYA,SURYA POLAR ICE,HL 20'S,HL,20,FRESH,,20.0,NO,300.0
87,22/11/2024,202411,3,2110100240,21101031160,1731937092881,99765321,105,SURYA NEPAL PVT LTD - NEPAL,SURYA FUSION,SURYA FUSION,320.0,20'S-KS,FTP,New SKU,,RECODING,5,6,92923725,163.81052,123,B.S.I PVT LTD-NEPAL,SURYA,SURYA,SURYA-UNWRP 150 GMS,UNWRP,150.000 GM,,,150.0,GM,0.0
87,22/11/2024,202411,3,2110100240,21101031160,1731937092881,99765321,105,SURYA NEPAL PVT LTD - NEPAL,SURYA FUSION,SURYA FUSION,320.0,20'S-KS,FTP,New SKU,,RECODING,5,7,99765090,164.18102,105,SURYA NEPAL PVT LTD - NEPAL,SURYA,SURYA DUAL BURST,HL 20'S,HL,20,FRESH,,20.0,NO,320.0
87,22/11/2024,202411,3,2110100240,21101031160,1731937092881,99765321,105,SURYA NEPAL PVT LTD - NEPAL,SURYA FUSION,SURYA FUSION,320.0,20'S-KS,FTP,New SKU,,RECODING,5,8,48587,164.74295,105,SURYA NEPAL PVT LTD - NEPAL,SURYA,SURYA 24 CARAT ARCTIC BURST,HL 20'S,HL,20,FRESH,,20.0,NO,300.0
87,22/11/2024,202411,3,2110100240,21101031160,1731937092881,99765321,105,SURYA NEPAL PVT LTD - NEPAL,SURYA FUSION,SURYA FUSION,320.0,20'S-KS,FTP,New SKU,,RECODING,5,9,90110249,165.62883,105,SURYA NEPAL PVT LTD - NEPAL,SHIKHAR,SHIKHAR TANGY BREEZE,HL 20'S,HL,20,FRESH,,20.0,NO,180.0
87,22/11/2024,202411,3,2110100240,21101031160,1731937092881,99765321,105,SURYA NEPAL PVT LTD - NEPAL,SURYA FUSION,SURYA FUSION,320.0,20'S-KS,FTP,New SKU,,RECODING,5,10,99764555,165.82028,106,SURYA NEPAL PVT LTD - NEPAL,TOFFICHOO,TOFFICHOO CHATPATA FUN,TOFFICHOO CHATPATA FUN-MASALA PUNCH PCN 720 GM,PLJAR,720.000 GM,MASALA,,720.0,GM,300.0
88,22/11/2024,202411,3,1220102386,12201030158,1731054475107,99765320,126,MADHU PRODUCTS NEPAL,MADHU,MADHU-MADHU-SWEET SUPARI PPH 1.45G,3.0,1.45G,PPH,,,RECODING,5,1,99765320,149.97157,126,MADHU CHEMICAL COMPANY,MADHU,MADHU,1.45G PAAN MASALA,PLAST,1.45G,SWEET,,1.45,GM,3.0
88,22/11/2024,202411,3,1220102386,12201030158,1731054475107,99765320,126,MADHU PRODUCTS NEPAL,MADHU,MADHU-MADHU-SWEET SUPARI PPH 1.45G,3.0,1.45G,PPH,,,RECODING,5,2,99762215,160.69629,126,MADHU CHEMICAL COMPANY,MADHU,MADHU,1.25G PAAN MASALA,PLAST,1.25G,SWEET,,1.25,,0.0
88,22/11/2024,202411,3,1220102386,12201030158,1731054475107,99765320,126,MADHU PRODUCTS NEPAL,MADHU,MADHU-MADHU-SWEET SUPARI PPH 1.45G,3.0,1.45G,PPH,,,RECODING,5,3,99763323,167.80167,123,SWADESHI SABUN UDHYOG-NEPAL,MADAL,MADAL,MADAL-PPH 200 GM,PLPCH,200.000 GM,,,200.0,GM,35.0
88,22/11/2024,202411,3,1220102386,12201030158,1731054475107,99765320,126,MADHU PRODUCTS NEPAL,MADHU,MADHU-MADHU-SWEET SUPARI PPH 1.45G,3.0,1.45G,PPH,,,RECODING,5,4,47744,172.3035,122,H.B INDUSTRIES-NEPAL,MEGHA,MEGHA,MEGHA-FLOWER FRESH PPH 3000 GMS,PLPCH,3000.000 GM,,,3000.0,GM,0.0
88,22/11/2024,202411,3,1220102386,12201030158,1731054475107,99765320,126,MADHU PRODUCTS NEPAL,MADHU,MADHU-MADHU-SWEET SUPARI PPH 1.45G,3.0,1.45G,PPH,,,RECODING,5,5,99762508,172.3984,122,PRABHU SOAP INDUSTRIES-NEPAL,PRABHU GHADI,PRABHU GHADI,PRABHU GHADI-PPH 500 GM,PLPCH,500.000 GM,,,500.0,GM,55.0
88,22/11/2024,202411,3,1220102386,12201030158,1731054475107,99765320,126,MADHU PRODUCTS NEPAL,MADHU,MADHU-MADHU-SWEET SUPARI PPH 1.45G,3.0,1.45G,PPH,,,RECODING,5,6,50126,173.53204,123,SWADESHI SABUN UDHYOG-NEPAL,AAHA,AAHA,AAHA-PPH 220 GM,PLPCH,220.000 GM,,,220.0,GM,0.0
88,22/11/2024,202411,3,1220102386,12201030158,1731054475107,99765320,126,MADHU PRODUCTS NEPAL,MADHU,MADHU-MADHU-SWEET SUPARI PPH 1.45G,3.0,1.45G,PPH,,,RECODING,5,7,54647,174.32324,122,SWADESHI SABUN UDHYOG-NEPAL,AAHA,AAHA,AAHA-PPH 2900 GM+FR BUCKET,PLPCH,2900.000 GM,,,2900.0,GM,0.0
88,22/11/2024,202411,3,1220102386,12201030158,1731054475107,99765320,126,MADHU PRODUCTS NEPAL,MADHU,MADHU-MADHU-SWEET SUPARI PPH 1.45G,3.0,1.45G,PPH,,,RECODING,5,8,99764100,174.418,116,SRIJANSHIL MAHILA UDHAMI-NEPAL,SATHI,SATHI,SATHI-XXL PPH 7 NOS,PLPCH,7.000 NO,,,7.0,NO,130.0
88,22/11/2024,202411,3,1220102386,12201030158,1731054475107,99765320,126,MADHU PRODUCTS NEPAL,MADHU,MADHU-MADHU-SWEET SUPARI PPH 1.45G,3.0,1.45G,PPH,,,RECODING,5,9,54646,175.00194,122,SWADESHI SABUN UDHYOG-NEPAL,AAHA,AAHA,AAHA-PPH 2900 GM,PLPCH,2900.000 GM,,,2900.0,GM,0.0
88,22/11/2024,202411,3,1220102386,12201030158,1731054475107,99765320,126,MADHU PRODUCTS NEPAL,MADHU,MADHU-MADHU-SWEET SUPARI PPH 1.45G,3.0,1.45G,PPH,,,RECODING,5,10,49239,175.61029,123,SWADESHI SABUN UDHYOG-NEPAL,AAHA,AAHA,AAHA-PPH 12*190 GM [2280GM],PLPCH,190.000 GM,,,2280.0,GM,0.0
89,22/11/2024,202411,3,1220102386,12201030158,1731055629590,99765326,124,DEUTI GUTKHA INDUSTRIES,MEGHA SHREE PREMIUM,MEGHA SHREE PREMIUM GUTKHA 2.20G,5.0,2.20G,PPH,,,RECODING,5,1,99765326,111.557625,124,DEUTI GUTKHA INDUSTRIES,MEGHA SHREE,MEGHA SHREE PREMIUM,2.20G GUTKA,PLAST,2.20G,REGULAR,,2.2,GM,5.0
89,22/11/2024,202411,3,1220102386,12201030158,1731055629590,99765326,124,DEUTI GUTKHA INDUSTRIES,MEGHA SHREE PREMIUM,MEGHA SHREE PREMIUM GUTKHA 2.20G,5.0,2.20G,PPH,,,RECODING,5,2,99762223,119.07717,124,DEUTI GUTKHA INDUSTRIES,MEGHA SHREE,MEGHA SHREE PREMIUM,2.3G GUTKA,PLAST,2.3G,REGULAR,,2.3,,0.0
89,22/11/2024,202411,3,1220102386,12201030158,1731055629590,99765326,124,DEUTI GUTKHA INDUSTRIES,MEGHA SHREE PREMIUM,MEGHA SHREE PREMIUM GUTKHA 2.20G,5.0,2.20G,PPH,,,RECODING,5,3,99764162,122.714325,124,DEUTI GUTKHA INDUSTRIES,MEGHA SHREE,MEGHA SHREE PREMIUM,2.14G GUTKA,PLAST,2.14G,REGULAR,,2.14,GM,5.0
89,22/11/2024,202411,3,1220102386,12201030158,1731055629590,99765326,124,DEUTI GUTKHA INDUSTRIES,MEGHA SHREE PREMIUM,MEGHA SHREE PREMIUM GUTKHA 2.20G,5.0,2.20G,PPH,,,RECODING,5,4,93025975,166.16678,122,H.B INDUSTRIES-NEPAL,MEGHA,MEGHA,MEGHA-PPH 200 GMS,PLPCH,200.000 GM,,,200.0,GM,0.0
89,22/11/2024,202411,3,1220102386,12201030158,1731055629590,99765326,124,DEUTI GUTKHA INDUSTRIES,MEGHA SHREE PREMIUM,MEGHA SHREE PREMIUM GUTKHA 2.20G,5.0,2.20G,PPH,,,RECODING,5,5,47744,168.59378,122,H.B INDUSTRIES-NEPAL,MEGHA,MEGHA,MEGHA-FLOWER FRESH PPH 3000 GMS,PLPCH,3000.000 GM,,,3000.0,GM,0.0
89,22/11/2024,202411,3,1220102386,12201030158,1731055629590,99765326,124,DEUTI GUTKHA INDUSTRIES,MEGHA SHREE PREMIUM,MEGHA SHREE PREMIUM GUTKHA 2.20G,5.0,2.20G,PPH,,,RECODING,5,6,99762301,169.87473,125,DEUTI GUTKHA INDUSTRIES,RADHA EXTRA POWER,RADHA EXTRA POWER,8G KHAINI,PLAST,8G,REGULAR,,8.0,,0.0
89,22/11/2024,202411,3,1220102386,12201030158,1731055629590,99765326,124,DEUTI GUTKHA INDUSTRIES,MEGHA SHREE PREMIUM,MEGHA SHREE PREMIUM GUTKHA 2.20G,5.0,2.20G,PPH,,,RECODING,5,7,93026122,172.3508,122,H.B INDUSTRIES-NEPAL,MEGHA,MEGHA,MEGHA-FLOWER FRESH PPH 500 GMS,PLPCH,500.000 GM,,,500.0,GM,0.0
89,22/11/2024,202411,3,1220102386,12201030158,1731055629590,99765326,124,DEUTI GUTKHA INDUSTRIES,MEGHA SHREE PREMIUM,MEGHA SHREE PREMIUM GUTKHA 2.20G,5.0,2.20G,PPH,,,RECODING,5,8,93026899,176.21863,122,H.B INDUSTRIES-NEPAL,MEGHA,MEGHA,MEGHA-PPH 1000 GMS,PLPCH,1000.000 GM,,,1000.0,GM,0.0
89,22/11/2024,202411,3,1220102386,12201030158,1731055629590,99765326,124,DEUTI GUTKHA INDUSTRIES,MEGHA SHREE PREMIUM,MEGHA SHREE PREMIUM GUTKHA 2.20G,5.0,2.20G,PPH,,,RECODING,5,9,99762303,187.63588,124,SAHAYOG SURTI UDHYOG,RECHARGE,RECHARGE,2.5G GUTKA,PLAST,2.5G,REGULAR,,2.5,,0.0
89,22/11/2024,202411,3,1220102386,12201030158,1731055629590,99765326,124,DEUTI GUTKHA INDUSTRIES,MEGHA SHREE PREMIUM,MEGHA SHREE PREMIUM GUTKHA 2.20G,5.0,2.20G,PPH,,,RECODING,5,10,99762273,191.17778,124,SHREE MEENAKSHI PRODUCTS NEPAL,GOA,GOA PREMIUM 1000,2G GUTKA,PLAST,2G,REGULAR,,2.0,,0.0
90,22/11/2024,202411,3,1220102363,12201030153,1731054475107,99765320,126,MADHU PRODUCTS NEPAL,MADHU,MADHU-MADHU-SWEET SUPARI PPH 1.45G,3.0,1.45G,PPH,,,RECODING,5,1,99765320,149.5231,126,MADHU CHEMICAL COMPANY,MADHU,MADHU,1.45G PAAN MASALA,PLAST,1.45G,SWEET,,1.45,GM,3.0
90,22/11/2024,202411,3,1220102363,12201030153,1731054475107,99765320,126,MADHU PRODUCTS NEPAL,MADHU,MADHU-MADHU-SWEET SUPARI PPH 1.45G,3.0,1.45G,PPH,,,RECODING,5,2,99762215,159.82161,126,MADHU CHEMICAL COMPANY,MADHU,MADHU,1.25G PAAN MASALA,PLAST,1.25G,SWEET,,1.25,,0.0
90,22/11/2024,202411,3,1220102363,12201030153,1731054475107,99765320,126,MADHU PRODUCTS NEPAL,MADHU,MADHU-MADHU-SWEET SUPARI PPH 1.45G,3.0,1.45G,PPH,,,RECODING,5,3,99763323,169.21977,123,SWADESHI SABUN UDHYOG-NEPAL,MADAL,MADAL,MADAL-PPH 200 GM,PLPCH,200.000 GM,,,200.0,GM,35.0
90,22/11/2024,202411,3,1220102363,12201030153,1731054475107,99765320,126,MADHU PRODUCTS NEPAL,MADHU,MADHU-MADHU-SWEET SUPARI PPH 1.45G,3.0,1.45G,PPH,,,RECODING,5,4,99762508,172.74402,122,PRABHU SOAP INDUSTRIES-NEPAL,PRABHU GHADI,PRABHU GHADI,PRABHU GHADI-PPH 500 GM,PLPCH,500.000 GM,,,500.0,GM,55.0
90,22/11/2024,202411,3,1220102363,12201030153,1731054475107,99765320,126,MADHU PRODUCTS NEPAL,MADHU,MADHU-MADHU-SWEET SUPARI PPH 1.45G,3.0,1.45G,PPH,,,RECODING,5,5,47744,173.32428,122,H.B INDUSTRIES-NEPAL,MEGHA,MEGHA,MEGHA-FLOWER FRESH PPH 3000 GMS,PLPCH,3000.000 GM,,,3000.0,GM,0.0
90,22/11/2024,202411,3,1220102363,12201030153,1731054475107,99765320,126,MADHU PRODUCTS NEPAL,MADHU,MADHU-MADHU-SWEET SUPARI PPH 1.45G,3.0,1.45G,PPH,,,RECODING,5,6,50126,175.52065,123,SWADESHI SABUN UDHYOG-NEPAL,AAHA,AAHA,AAHA-PPH 220 GM,PLPCH,220.000 GM,,,220.0,GM,0.0
90,22/11/2024,202411,3,1220102363,12201030153,1731054475107,99765320,126,MADHU PRODUCTS NEPAL,MADHU,MADHU-MADHU-SWEET SUPARI PPH 1.45G,3.0,1.45G,PPH,,,RECODING,5,7,99764100,175.69434,116,SRIJANSHIL MAHILA UDHAMI-NEPAL,SATHI,SATHI,SATHI-XXL PPH 7 NOS,PLPCH,7.000 NO,,,7.0,NO,130.0
90,22/11/2024,202411,3,1220102363,12201030153,1731054475107,99765320,126,MADHU PRODUCTS NEPAL,MADHU,MADHU-MADHU-SWEET SUPARI PPH 1.45G,3.0,1.45G,PPH,,,RECODING,5,8,54647,176.26044,122,SWADESHI SABUN UDHYOG-NEPAL,AAHA,AAHA,AAHA-PPH 2900 GM+FR BUCKET,PLPCH,2900.000 GM,,,2900.0,GM,0.0
90,22/11/2024,202411,3,1220102363,12201030153,1731054475107,99765320,126,MADHU PRODUCTS NEPAL,MADHU,MADHU-MADHU-SWEET SUPARI PPH 1.45G,3.0,1.45G,PPH,,,RECODING,5,9,93026122,177.09975,122,H.B INDUSTRIES-NEPAL,MEGHA,MEGHA,MEGHA-FLOWER FRESH PPH 500 GMS,PLPCH,500.000 GM,,,500.0,GM,0.0
90,22/11/2024,202411,3,1220102363,12201030153,1731054475107,99765320,126,MADHU PRODUCTS NEPAL,MADHU,MADHU-MADHU-SWEET SUPARI PPH 1.45G,3.0,1.45G,PPH,,,RECODING,5,10,54041,177.20169,123,SWADESHI SABUN UDHYOG-NEPAL,AAHA,AAHA,AAHA-PPH 95 GM,PLPCH,95.000 GM,,,95.0,GM,0.0
91,22/11/2024,202411,2,122167896,31101020073,1731481992502,99765325,118,MANAKAMANA FRUIT & BEVERAGE-NP,NIMBU FRESH,NIMBU FRESH-LEMON-LEMON PET 1500ML,190.0,1500ML,PET,,1731481992502-manakamana fruit - beverage-np-nimbu fresh#3.png,RECODING,5,1,99765325,79.56899,118,MANAKAMANA FRUIT & BEVERAGE-NP,NIMBU FRESH,NIMBU FRESH,LEMON PET 1500 ML,PET,1500.000 ML,LEMON,,1500.0,ML,190.0
91,22/11/2024,202411,2,122167896,31101020073,1731481992502,99765325,118,MANAKAMANA FRUIT & BEVERAGE-NP,NIMBU FRESH,NIMBU FRESH-LEMON-LEMON PET 1500ML,190.0,1500ML,PET,,1731481992502-manakamana fruit - beverage-np-nimbu fresh#3.png,RECODING,5,2,99765281,83.09555,118,MANAKAMANA FRUIT & BEVERAGE-NP,NIMBU FRESH,NIMBU FRESH,LEMON PET 2250 ML,PET,2250.000 ML,LEMON,,2250.0,ML,270.0
91,22/11/2024,202411,2,122167896,31101020073,1731481992502,99765325,118,MANAKAMANA FRUIT & BEVERAGE-NP,NIMBU FRESH,NIMBU FRESH-LEMON-LEMON PET 1500ML,190.0,1500ML,PET,,1731481992502-manakamana fruit - beverage-np-nimbu fresh#3.png,RECODING,5,3,99765101,86.685776,118,MANAKAMANA FRUIT & BEVERAGE-NP,NIMBU FRESH,NIMBU FRESH,LEMON PET 500 ML,PET,500.000 ML,LEMON,,500.0,ML,80.0
91,22/11/2024,202411,2,122167896,31101020073,1731481992502,99765325,118,MANAKAMANA FRUIT & BEVERAGE-NP,NIMBU FRESH,NIMBU FRESH-LEMON-LEMON PET 1500ML,190.0,1500ML,PET,,1731481992502-manakamana fruit - beverage-np-nimbu fresh#3.png,RECODING,5,4,99765056,88.37426,118,MANAKAMANA FRUIT & BEVERAGE-NP,NIMBU FRESH,NIMBU FRESH,LEMON PET 250 ML,PET,250.000 ML,LEMON,,250.0,ML,50.0
91,22/11/2024,202411,2,122167896,31101020073,1731481992502,99765325,118,MANAKAMANA FRUIT & BEVERAGE-NP,NIMBU FRESH,NIMBU FRESH-LEMON-LEMON PET 1500ML,190.0,1500ML,PET,,1731481992502-manakamana fruit - beverage-np-nimbu fresh#3.png,RECODING,5,5,99764023,140.13881,118,MANAKAMANA FRUIT & BEVERAGE-NP,FRESHTA,FRESHTA,ORANGE PET 1500 ML,PET,1500.000 ML,ORANGE,,1500.0,ML,175.0
91,22/11/2024,202411,2,122167896,31101020073,1731481992502,99765325,118,MANAKAMANA FRUIT & BEVERAGE-NP,NIMBU FRESH,NIMBU FRESH-LEMON-LEMON PET 1500ML,190.0,1500ML,PET,,1731481992502-manakamana fruit - beverage-np-nimbu fresh#3.png,RECODING,5,6,99764022,144.60287,118,MANAKAMANA FRUIT & BEVERAGE-NP,FRESHTA,FRESHTA,ORANGE PET 500 ML,PET,500.000 ML,ORANGE,,500.0,ML,70.0
91,22/11/2024,202411,2,122167896,31101020073,1731481992502,99765325,118,MANAKAMANA FRUIT & BEVERAGE-NP,NIMBU FRESH,NIMBU FRESH-LEMON-LEMON PET 1500ML,190.0,1500ML,PET,,1731481992502-manakamana fruit - beverage-np-nimbu fresh#3.png,RECODING,5,7,52564,145.79309,118,MANAKAMANA FRUIT & BEVERAGE-NP,FRESH,FRESH,ORANGE PET 1500 ML,PET,1500.000 ML,ORANGE,,1500.0,ML,0.0
91,22/11/2024,202411,2,122167896,31101020073,1731481992502,99765325,118,MANAKAMANA FRUIT & BEVERAGE-NP,NIMBU FRESH,NIMBU FRESH-LEMON-LEMON PET 1500ML,190.0,1500ML,PET,,1731481992502-manakamana fruit - beverage-np-nimbu fresh#3.png,RECODING,5,8,99764017,148.57806,118,MANAKAMANA FRUIT & BEVERAGE-NP,FRESHTA,FRESHTA,ORANGE PET 250 ML,PET,250.000 ML,ORANGE,,250.0,ML,40.0
91,22/11/2024,202411,2,122167896,31101020073,1731481992502,99765325,118,MANAKAMANA FRUIT & BEVERAGE-NP,NIMBU FRESH,NIMBU FRESH-LEMON-LEMON PET 1500ML,190.0,1500ML,PET,,1731481992502-manakamana fruit - beverage-np-nimbu fresh#3.png,RECODING,5,9,52334,150.34741,118,MANAKAMANA FRUIT & BEVERAGE-NP,FRESH,FRESH,ORANGE PET 500 ML,PET,500.000 ML,ORANGE,,500.0,ML,0.0
91,22/11/2024,202411,2,122167896,31101020073,1731481992502,99765325,118,MANAKAMANA FRUIT & BEVERAGE-NP,NIMBU FRESH,NIMBU FRESH-LEMON-LEMON PET 1500ML,190.0,1500ML,PET,,1731481992502-manakamana fruit - beverage-np-nimbu fresh#3.png,RECODING,5,10,53708,151.67828,118,MANAKAMANA FRUIT & BEVERAGE-NP,STRIKE,STRIKE,CLEAR PET 1500 ML,PET,1500.000 ML,LEMON,,1500.0,ML,0.0
92,22/11/2024,202411,3,2110100221,21101031397,1731222877542,99765321,105,SURYA NEPAL PVT LTD - NEPAL,SURYA FUSION,SURYA FUSION/HL/20NOS/MRP320,320.0,20 NOS,KS,,,RECODING,5,1,99765321,136.12534,105,SURYA NEPAL PVT LTD - NEPAL,SURYA,SURYA FUSION,HL 20'S,HL,20,FULL FLAVOUR,,20.0,NO,320.0
92,22/11/2024,202411,3,2110100221,21101031397,1731222877542,99765321,105,SURYA NEPAL PVT LTD - NEPAL,SURYA FUSION,SURYA FUSION/HL/20NOS/MRP320,320.0,20 NOS,KS,,,RECODING,5,2,47592,145.74011,105,SURYA NEPAL PVT LTD - NEPAL,SHIKHAR,SHIKHAR ICE RUSH,HL 20'S,HL,20,FRESH,,20.0,NO,185.0
92,22/11/2024,202411,3,2110100221,21101031397,1731222877542,99765321,105,SURYA NEPAL PVT LTD - NEPAL,SURYA FUSION,SURYA FUSION/HL/20NOS/MRP320,320.0,20 NOS,KS,,,RECODING,5,3,99764555,147.35074,106,SURYA NEPAL PVT LTD - NEPAL,TOFFICHOO,TOFFICHOO CHATPATA FUN,TOFFICHOO CHATPATA FUN-MASALA PUNCH PCN 720 GM,PLJAR,720.000 GM,MASALA,,720.0,GM,300.0
92,22/11/2024,202411,3,2110100221,21101031397,1731222877542,99765321,105,SURYA NEPAL PVT LTD - NEPAL,SURYA FUSION,SURYA FUSION/HL/20NOS/MRP320,320.0,20 NOS,KS,,,RECODING,5,4,90110247,151.15247,105,SURYA NEPAL PVT LTD - NEPAL,SURYA,SURYA CITRIC FRESH,HL 20'S,HL,20,FRESH,,20.0,NO,300.0
92,22/11/2024,202411,3,2110100221,21101031397,1731222877542,99765321,105,SURYA NEPAL PVT LTD - NEPAL,SURYA FUSION,SURYA FUSION/HL/20NOS/MRP320,320.0,20 NOS,KS,,,RECODING,5,5,46667,152.91489,123,B.S.I PVT LTD-NEPAL,SURYA,SURYA,SURYA-UNWRP 200 GMS,UNWRP,200.000 GM,,,200.0,GM,0.0
92,22/11/2024,202411,3,2110100221,21101031397,1731222877542,99765321,105,SURYA NEPAL PVT LTD - NEPAL,SURYA FUSION,SURYA FUSION/HL/20NOS/MRP320,320.0,20 NOS,KS,,,RECODING,5,6,92923725,153.25473,123,B.S.I PVT LTD-NEPAL,SURYA,SURYA,SURYA-UNWRP 150 GMS,UNWRP,150.000 GM,,,150.0,GM,0.0
92,22/11/2024,202411,3,2110100221,21101031397,1731222877542,99765321,105,SURYA NEPAL PVT LTD - NEPAL,SURYA FUSION,SURYA FUSION/HL/20NOS/MRP320,320.0,20 NOS,KS,,,RECODING,5,7,99765090,153.30392,105,SURYA NEPAL PVT LTD - NEPAL,SURYA,SURYA DUAL BURST,HL 20'S,HL,20,FRESH,,20.0,NO,320.0
92,22/11/2024,202411,3,2110100221,21101031397,1731222877542,99765321,105,SURYA NEPAL PVT LTD - NEPAL,SURYA FUSION,SURYA FUSION/HL/20NOS/MRP320,320.0,20 NOS,KS,,,RECODING,5,8,99763869,153.59557,105,SURYA NEPAL PVT LTD - NEPAL,NAULO,NAULO BURST,HL 20'S,HL,20,FRESH,,20.0,NO,175.0
92,22/11/2024,202411,3,2110100221,21101031397,1731222877542,99765321,105,SURYA NEPAL PVT LTD - NEPAL,SURYA FUSION,SURYA FUSION/HL/20NOS/MRP320,320.0,20 NOS,KS,,,RECODING,5,9,48587,153.61694,105,SURYA NEPAL PVT LTD - NEPAL,SURYA,SURYA 24 CARAT ARCTIC BURST,HL 20'S,HL,20,FRESH,,20.0,NO,300.0
92,22/11/2024,202411,3,2110100221,21101031397,1731222877542,99765321,105,SURYA NEPAL PVT LTD - NEPAL,SURYA FUSION,SURYA FUSION/HL/20NOS/MRP320,320.0,20 NOS,KS,,,RECODING,5,10,99764545,155.96358,106,SURYA NEPAL PVT LTD - NEPAL,TOFFICHOO,TOFFICHOO CHATPATA FUN,TOFFICHOO CHATPATA FUN-MASALA PUNCH PPH 270 GM,PLPCH,270.000 GM,MASALA,,270.0,GM,85.0
93,22/11/2024,202411,3,2110100576,21101031789,1731222877542,99765321,105,SURYA NEPAL PVT LTD - NEPAL,SURYA FUSION,SURYA FUSION/HL/20NOS/MRP320,320.0,20 NOS,KS,,,RECODING,5,1,99765321,138.14465,105,SURYA NEPAL PVT LTD - NEPAL,SURYA,SURYA FUSION,HL 20'S,HL,20,FULL FLAVOUR,,20.0,NO,320.0
93,22/11/2024,202411,3,2110100576,21101031789,1731222877542,99765321,105,SURYA NEPAL PVT LTD - NEPAL,SURYA FUSION,SURYA FUSION/HL/20NOS/MRP320,320.0,20 NOS,KS,,,RECODING,5,2,47592,146.53668,105,SURYA NEPAL PVT LTD - NEPAL,SHIKHAR,SHIKHAR ICE RUSH,HL 20'S,HL,20,FRESH,,20.0,NO,185.0
93,22/11/2024,202411,3,2110100576,21101031789,1731222877542,99765321,105,SURYA NEPAL PVT LTD - NEPAL,SURYA FUSION,SURYA FUSION/HL/20NOS/MRP320,320.0,20 NOS,KS,,,RECODING,5,3,99764555,147.06427,106,SURYA NEPAL PVT LTD - NEPAL,TOFFICHOO,TOFFICHOO CHATPATA FUN,TOFFICHOO CHATPATA FUN-MASALA PUNCH PCN 720 GM,PLJAR,720.000 GM,MASALA,,720.0,GM,300.0
93,22/11/2024,202411,3,2110100576,21101031789,1731222877542,99765321,105,SURYA NEPAL PVT LTD - NEPAL,SURYA FUSION,SURYA FUSION/HL/20NOS/MRP320,320.0,20 NOS,KS,,,RECODING,5,4,46667,151.37918,123,B.S.I PVT LTD-NEPAL,SURYA,SURYA,SURYA-UNWRP 200 GMS,UNWRP,200.000 GM,,,200.0,GM,0.0
93,22/11/2024,202411,3,2110100576,21101031789,1731222877542,99765321,105,SURYA NEPAL PVT LTD - NEPAL,SURYA FUSION,SURYA FUSION/HL/20NOS/MRP320,320.0,20 NOS,KS,,,RECODING,5,5,92923725,152.01923,123,B.S.I PVT LTD-NEPAL,SURYA,SURYA,SURYA-UNWRP 150 GMS,UNWRP,150.000 GM,,,150.0,GM,0.0
93,22/11/2024,202411,3,2110100576,21101031789,1731222877542,99765321,105,SURYA NEPAL PVT LTD - NEPAL,SURYA FUSION,SURYA FUSION/HL/20NOS/MRP320,320.0,20 NOS,KS,,,RECODING,5,6,90110247,152.92593,105,SURYA NEPAL PVT LTD - NEPAL,SURYA,SURYA CITRIC FRESH,HL 20'S,HL,20,FRESH,,20.0,NO,300.0
93,22/11/2024,202411,3,2110100576,21101031789,1731222877542,99765321,105,SURYA NEPAL PVT LTD - NEPAL,SURYA FUSION,SURYA FUSION/HL/20NOS/MRP320,320.0,20 NOS,KS,,,RECODING,5,7,99763869,154.41295,105,SURYA NEPAL PVT LTD - NEPAL,NAULO,NAULO BURST,HL 20'S,HL,20,FRESH,,20.0,NO,175.0
93,22/11/2024,202411,3,2110100576,21101031789,1731222877542,99765321,105,SURYA NEPAL PVT LTD - NEPAL,SURYA FUSION,SURYA FUSION/HL/20NOS/MRP320,320.0,20 NOS,KS,,,RECODING,5,8,48587,154.55168,105,SURYA NEPAL PVT LTD - NEPAL,SURYA,SURYA 24 CARAT ARCTIC BURST,HL 20'S,HL,20,FRESH,,20.0,NO,300.0
93,22/11/2024,202411,3,2110100576,21101031789,1731222877542,99765321,105,SURYA NEPAL PVT LTD - NEPAL,SURYA FUSION,SURYA FUSION/HL/20NOS/MRP320,320.0,20 NOS,KS,,,RECODING,5,9,99765090,155.64444,105,SURYA NEPAL PVT LTD - NEPAL,SURYA,SURYA DUAL BURST,HL 20'S,HL,20,FRESH,,20.0,NO,320.0
93,22/11/2024,202411,3,2110100576,21101031789,1731222877542,99765321,105,SURYA NEPAL PVT LTD - NEPAL,SURYA FUSION,SURYA FUSION/HL/20NOS/MRP320,320.0,20 NOS,KS,,,RECODING,5,10,99764545,155.70761,106,SURYA NEPAL PVT LTD - NEPAL,TOFFICHOO,TOFFICHOO CHATPATA FUN,TOFFICHOO CHATPATA FUN-MASALA PUNCH PPH 270 GM,PLPCH,270.000 GM,MASALA,,270.0,GM,85.0
94,26/11/2024,202411,3,1210102726,12101030169,1732251636707,99765320,126,MADHU CHEMICAL COMPANY,MADHU,MADHU SWEET- SUPARI PPH 1.45 GM.,3.0,1.45GM,PPH,,,RECODING,5,1,99765320,118.66601,126,MADHU CHEMICAL COMPANY,MADHU,MADHU,1.45G PAAN MASALA,PLAST,1.45G,SWEET,,1.45,GM,3.0
94,26/11/2024,202411,3,1210102726,12101030169,1732251636707,99765320,126,MADHU CHEMICAL COMPANY,MADHU,MADHU SWEET- SUPARI PPH 1.45 GM.,3.0,1.45GM,PPH,,,RECODING,5,2,99762215,132.4306,126,MADHU CHEMICAL COMPANY,MADHU,MADHU,1.25G PAAN MASALA,PLAST,1.25G,SWEET,,1.25,,0.0
94,26/11/2024,202411,3,1210102726,12101030169,1732251636707,99765320,126,MADHU CHEMICAL COMPANY,MADHU,MADHU SWEET- SUPARI PPH 1.45 GM.,3.0,1.45GM,PPH,,,RECODING,5,3,48360,158.78738,106,MAHENDRA INDUSTRIES-INDIA,MADHUR,MADHUR KING POP,MADHUR KING POP-LOLLIPOP PPH 9 GM,PLPCH,9.000 GM,UNSPECIFIED,,9.0,GM,0.0
94,26/11/2024,202411,3,1210102726,12101030169,1732251636707,99765320,126,MADHU CHEMICAL COMPANY,MADHU,MADHU SWEET- SUPARI PPH 1.45 GM.,3.0,1.45GM,PPH,,,RECODING,5,4,91827177,159.21722,106,MAHENDRA INDUSTRIES-INDIA,MADHUR,MADHUR,MADHUR- LAL PAAN PPH 5 GM,PLPCH,5.000 GM,PAAN,,5.0,GM,0.0
94,26/11/2024,202411,3,1210102726,12101030169,1732251636707,99765320,126,MADHU CHEMICAL COMPANY,MADHU,MADHU SWEET- SUPARI PPH 1.45 GM.,3.0,1.45GM,PPH,,,RECODING,5,5,91827176,159.737,106,MAHENDRA INDUSTRIES-INDIA,MADHUR,MADHUR TRUE LOVE,MADHUR TRUE LOVE- STRAWBERRY PPH 6 GM,PLPCH,6.000 GM,STRAWBERRY,,6.0,GM,0.0
94,26/11/2024,202411,3,1210102726,12101030169,1732251636707,99765320,126,MADHU CHEMICAL COMPANY,MADHU,MADHU SWEET- SUPARI PPH 1.45 GM.,3.0,1.45GM,PPH,,,RECODING,5,6,54103,160.88994,106,MAHENDRA INDUSTRIES-INDIA,MADHUR,MADHUR TRUE LOVE,MADHUR TRUE LOVE-PEACH PPH 5 GM,PLPCH,5.000 GM,PEACH,,5.0,GM,0.0
94,26/11/2024,202411,3,1210102726,12101030169,1732251636707,99765320,126,MADHU CHEMICAL COMPANY,MADHU,MADHU SWEET- SUPARI PPH 1.45 GM.,3.0,1.45GM,PPH,,,RECODING,5,7,47744,161.72105,122,H.B INDUSTRIES-NEPAL,MEGHA,MEGHA,MEGHA-FLOWER FRESH PPH 3000 GMS,PLPCH,3000.000 GM,,,3000.0,GM,0.0
94,26/11/2024,202411,3,1210102726,12101030169,1732251636707,99765320,126,MADHU CHEMICAL COMPANY,MADHU,MADHU SWEET- SUPARI PPH 1.45 GM.,3.0,1.45GM,PPH,,,RECODING,5,8,54101,162.1419,106,MAHENDRA INDUSTRIES-INDIA,MADHUR,MADHUR TRUE LOVE,MADHUR TRUE LOVE-TAMARIND PPH 5 GM,PLPCH,5.000 GM,TAMARIND,,5.0,GM,0.0
94,26/11/2024,202411,3,1210102726,12101030169,1732251636707,99765320,126,MADHU CHEMICAL COMPANY,MADHU,MADHU SWEET- SUPARI PPH 1.45 GM.,3.0,1.45GM,PPH,,,RECODING,5,9,91826568,163.7986,106,MAHENDRA INDUSTRIES-INDIA,MADHUR,MADHUR TRUE LOVE,MADHUR TRUE LOVE- ORANGE PPH 6 GM,PLPCH,6.000 GM,ORANGE,,6.0,GM,0.0
94,26/11/2024,202411,3,1210102726,12101030169,1732251636707,99765320,126,MADHU CHEMICAL COMPANY,MADHU,MADHU SWEET- SUPARI PPH 1.45 GM.,3.0,1.45GM,PPH,,,RECODING,5,10,46537,163.88165,106,MAHENDRA INDUSTRIES-INDIA,MADHUR,MADHUR,MADHUR- LAL PAAN PPH 6 GM,PLPCH,6.000 GM,PAAN,,6.0,GM,0.0
95,26/11/2024,202411,3,1030131823075,22502030035,1731222877542,99765321,105,SURYA NEPAL PVT LTD - NEPAL,SURYA FUSION,SURYA FUSION/HL/20NOS/MRP320,320.0,20 NOS,KS,,,RECODING,5,1,99765321,134.75247,105,SURYA NEPAL PVT LTD - NEPAL,SURYA,SURYA FUSION,HL 20'S,HL,20,FULL FLAVOUR,,20.0,NO,320.0
95,26/11/2024,202411,3,1030131823075,22502030035,1731222877542,99765321,105,SURYA NEPAL PVT LTD - NEPAL,SURYA FUSION,SURYA FUSION/HL/20NOS/MRP320,320.0,20 NOS,KS,,,RECODING,5,2,47592,143.92795,105,SURYA NEPAL PVT LTD - NEPAL,SHIKHAR,SHIKHAR ICE RUSH,HL 20'S,HL,20,FRESH,,20.0,NO,185.0
95,26/11/2024,202411,3,1030131823075,22502030035,1731222877542,99765321,105,SURYA NEPAL PVT LTD - NEPAL,SURYA FUSION,SURYA FUSION/HL/20NOS/MRP320,320.0,20 NOS,KS,,,RECODING,5,3,99764555,146.2871,106,SURYA NEPAL PVT LTD - NEPAL,TOFFICHOO,TOFFICHOO CHATPATA FUN,TOFFICHOO CHATPATA FUN-MASALA PUNCH PCN 720 GM,PLJAR,720.000 GM,MASALA,,720.0,GM,300.0
95,26/11/2024,202411,3,1030131823075,22502030035,1731222877542,99765321,105,SURYA NEPAL PVT LTD - NEPAL,SURYA FUSION,SURYA FUSION/HL/20NOS/MRP320,320.0,20 NOS,KS,,,RECODING,5,4,92923725,150.27408,123,B.S.I PVT LTD-NEPAL,SURYA,SURYA,SURYA-UNWRP 150 GMS,UNWRP,150.000 GM,,,150.0,GM,0.0
95,26/11/2024,202411,3,1030131823075,22502030035,1731222877542,99765321,105,SURYA NEPAL PVT LTD - NEPAL,SURYA FUSION,SURYA FUSION/HL/20NOS/MRP320,320.0,20 NOS,KS,,,RECODING,5,5,90110247,150.83902,105,SURYA NEPAL PVT LTD - NEPAL,SURYA,SURYA CITRIC FRESH,HL 20'S,HL,20,FRESH,,20.0,NO,300.0
95,26/11/2024,202411,3,1030131823075,22502030035,1731222877542,99765321,105,SURYA NEPAL PVT LTD - NEPAL,SURYA FUSION,SURYA FUSION/HL/20NOS/MRP320,320.0,20 NOS,KS,,,RECODING,5,6,99763869,151.53212,105,SURYA NEPAL PVT LTD - NEPAL,NAULO,NAULO BURST,HL 20'S,HL,20,FRESH,,20.0,NO,175.0
95,26/11/2024,202411,3,1030131823075,22502030035,1731222877542,99765321,105,SURYA NEPAL PVT LTD - NEPAL,SURYA FUSION,SURYA FUSION/HL/20NOS/MRP320,320.0,20 NOS,KS,,,RECODING,5,7,46667,151.8551,123,B.S.I PVT LTD-NEPAL,SURYA,SURYA,SURYA-UNWRP 200 GMS,UNWRP,200.000 GM,,,200.0,GM,0.0
95,26/11/2024,202411,3,1030131823075,22502030035,1731222877542,99765321,105,SURYA NEPAL PVT LTD - NEPAL,SURYA FUSION,SURYA FUSION/HL/20NOS/MRP320,320.0,20 NOS,KS,,,RECODING,5,8,48587,151.94516,105,SURYA NEPAL PVT LTD - NEPAL,SURYA,SURYA 24 CARAT ARCTIC BURST,HL 20'S,HL,20,FRESH,,20.0,NO,300.0
95,26/11/2024,202411,3,1030131823075,22502030035,1731222877542,99765321,105,SURYA NEPAL PVT LTD - NEPAL,SURYA FUSION,SURYA FUSION/HL/20NOS/MRP320,320.0,20 NOS,KS,,,RECODING,5,9,99764545,153.6496,106,SURYA NEPAL PVT LTD - NEPAL,TOFFICHOO,TOFFICHOO CHATPATA FUN,TOFFICHOO CHATPATA FUN-MASALA PUNCH PPH 270 GM,PLPCH,270.000 GM,MASALA,,270.0,GM,85.0
95,26/11/2024,202411,3,1030131823075,22502030035,1731222877542,99765321,105,SURYA NEPAL PVT LTD - NEPAL,SURYA FUSION,SURYA FUSION/HL/20NOS/MRP320,320.0,20 NOS,KS,,,RECODING,5,10,99765090,154.01141,105,SURYA NEPAL PVT LTD - NEPAL,SURYA,SURYA DUAL BURST,HL 20'S,HL,20,FRESH,,20.0,NO,320.0
96,26/11/2024,202411,3,1026152705465,22502030032,1731222877542,99765321,105,SURYA NEPAL PVT LTD - NEPAL,SURYA FUSION,SURYA FUSION/HL/20NOS/MRP320,320.0,20 NOS,KS,,,RECODING,5,1,99765321,138.6673,105,SURYA NEPAL PVT LTD - NEPAL,SURYA,SURYA FUSION,HL 20'S,HL,20,FULL FLAVOUR,,20.0,NO,320.0
96,26/11/2024,202411,3,1026152705465,22502030032,1731222877542,99765321,105,SURYA NEPAL PVT LTD - NEPAL,SURYA FUSION,SURYA FUSION/HL/20NOS/MRP320,320.0,20 NOS,KS,,,RECODING,5,2,47592,145.68126,105,SURYA NEPAL PVT LTD - NEPAL,SHIKHAR,SHIKHAR ICE RUSH,HL 20'S,HL,20,FRESH,,20.0,NO,185.0
96,26/11/2024,202411,3,1026152705465,22502030032,1731222877542,99765321,105,SURYA NEPAL PVT LTD - NEPAL,SURYA FUSION,SURYA FUSION/HL/20NOS/MRP320,320.0,20 NOS,KS,,,RECODING,5,3,99764555,147.26169,106,SURYA NEPAL PVT LTD - NEPAL,TOFFICHOO,TOFFICHOO CHATPATA FUN,TOFFICHOO CHATPATA FUN-MASALA PUNCH PCN 720 GM,PLJAR,720.000 GM,MASALA,,720.0,GM,300.0
96,26/11/2024,202411,3,1026152705465,22502030032,1731222877542,99765321,105,SURYA NEPAL PVT LTD - NEPAL,SURYA FUSION,SURYA FUSION/HL/20NOS/MRP320,320.0,20 NOS,KS,,,RECODING,5,4,92923725,151.62793,123,B.S.I PVT LTD-NEPAL,SURYA,SURYA,SURYA-UNWRP 150 GMS,UNWRP,150.000 GM,,,150.0,GM,0.0
96,26/11/2024,202411,3,1026152705465,22502030032,1731222877542,99765321,105,SURYA NEPAL PVT LTD - NEPAL,SURYA FUSION,SURYA FUSION/HL/20NOS/MRP320,320.0,20 NOS,KS,,,RECODING,5,5,90110247,153.08325,105,SURYA NEPAL PVT LTD - NEPAL,SURYA,SURYA CITRIC FRESH,HL 20'S,HL,20,FRESH,,20.0,NO,300.0
96,26/11/2024,202411,3,1026152705465,22502030032,1731222877542,99765321,105,SURYA NEPAL PVT LTD - NEPAL,SURYA FUSION,SURYA FUSION/HL/20NOS/MRP320,320.0,20 NOS,KS,,,RECODING,5,6,46667,153.59998,123,B.S.I PVT LTD-NEPAL,SURYA,SURYA,SURYA-UNWRP 200 GMS,UNWRP,200.000 GM,,,200.0,GM,0.0
96,26/11/2024,202411,3,1026152705465,22502030032,1731222877542,99765321,105,SURYA NEPAL PVT LTD - NEPAL,SURYA FUSION,SURYA FUSION/HL/20NOS/MRP320,320.0,20 NOS,KS,,,RECODING,5,7,99763869,154.1554,105,SURYA NEPAL PVT LTD - NEPAL,NAULO,NAULO BURST,HL 20'S,HL,20,FRESH,,20.0,NO,175.0
96,26/11/2024,202411,3,1026152705465,22502030032,1731222877542,99765321,105,SURYA NEPAL PVT LTD - NEPAL,SURYA FUSION,SURYA FUSION/HL/20NOS/MRP320,320.0,20 NOS,KS,,,RECODING,5,8,99764545,154.53246,106,SURYA NEPAL PVT LTD - NEPAL,TOFFICHOO,TOFFICHOO CHATPATA FUN,TOFFICHOO CHATPATA FUN-MASALA PUNCH PPH 270 GM,PLPCH,270.000 GM,MASALA,,270.0,GM,85.0
96,26/11/2024,202411,3,1026152705465,22502030032,1731222877542,99765321,105,SURYA NEPAL PVT LTD - NEPAL,SURYA FUSION,SURYA FUSION/HL/20NOS/MRP320,320.0,20 NOS,KS,,,RECODING,5,9,48587,154.81131,105,SURYA NEPAL PVT LTD - NEPAL,SURYA,SURYA 24 CARAT ARCTIC BURST,HL 20'S,HL,20,FRESH,,20.0,NO,300.0
96,26/11/2024,202411,3,1026152705465,22502030032,1731222877542,99765321,105,SURYA NEPAL PVT LTD - NEPAL,SURYA FUSION,SURYA FUSION/HL/20NOS/MRP320,320.0,20 NOS,KS,,,RECODING,5,10,99764612,155.31056,106,SURYA NEPAL PVT LTD - NEPAL,TOFFICHOO TADKA,TOFFICHOO TADKA,TOFFICHOO TADKA-CHAT MASALA LITCHI PCN 760GM,PLJAR,760.000 GM,LYCHEE,,760.0,GM,500.0
97,26/11/2024,202411,3,1221105609678,22711030017,1732530969912,99765321,105,SURYA NEPAL PVT LTD - NEPAL,SURYA FUSION,SURYA FUSION,320.0,75-85MM,20,New SKU,,RECODING,5,1,47592,147.99548,105,SURYA NEPAL PVT LTD - NEPAL,SHIKHAR,SHIKHAR ICE RUSH,HL 20'S,HL,20,FRESH,,20.0,NO,185.0
97,26/11/2024,202411,3,1221105609678,22711030017,1732530969912,99765321,105,SURYA NEPAL PVT LTD - NEPAL,SURYA FUSION,SURYA FUSION,320.0,75-85MM,20,New SKU,,RECODING,5,2,92923725,155.59305,123,B.S.I PVT LTD-NEPAL,SURYA,SURYA,SURYA-UNWRP 150 GMS,UNWRP,150.000 GM,,,150.0,GM,0.0
97,26/11/2024,202411,3,1221105609678,22711030017,1732530969912,99765321,105,SURYA NEPAL PVT LTD - NEPAL,SURYA FUSION,SURYA FUSION,320.0,75-85MM,20,New SKU,,RECODING,5,3,46667,160.78232,123,B.S.I PVT LTD-NEPAL,SURYA,SURYA,SURYA-UNWRP 200 GMS,UNWRP,200.000 GM,,,200.0,GM,0.0
97,26/11/2024,202411,3,1221105609678,22711030017,1732530969912,99765321,105,SURYA NEPAL PVT LTD - NEPAL,SURYA FUSION,SURYA FUSION,320.0,75-85MM,20,New SKU,,RECODING,5,4,99765469,161.42726,105,SURYA NEPAL PVT LTD - NEPAL,SURYA,SURYA SLEEK BOLT,HL 20'S,HL,20,FRESH,,20.0,NO,340.0
97,26/11/2024,202411,3,1221105609678,22711030017,1732530969912,99765321,105,SURYA NEPAL PVT LTD - NEPAL,SURYA FUSION,SURYA FUSION,320.0,75-85MM,20,New SKU,,RECODING,5,5,48587,164.01999,105,SURYA NEPAL PVT LTD - NEPAL,SURYA,SURYA 24 CARAT ARCTIC BURST,HL 20'S,HL,20,FRESH,,20.0,NO,300.0
97,26/11/2024,202411,3,1221105609678,22711030017,1732530969912,99765321,105,SURYA NEPAL PVT LTD - NEPAL,SURYA FUSION,SURYA FUSION,320.0,75-85MM,20,New SKU,,RECODING,5,6,90110238,164.35666,105,SURYA NEPAL PVT LTD - NEPAL,SURYA,SURYA POLAR ICE,HL 20'S,HL,20,FRESH,,20.0,NO,300.0
97,26/11/2024,202411,3,1221105609678,22711030017,1732530969912,99765321,105,SURYA NEPAL PVT LTD - NEPAL,SURYA FUSION,SURYA FUSION,320.0,75-85MM,20,New SKU,,RECODING,5,7,99765321,164.84744,105,SURYA NEPAL PVT LTD - NEPAL,SURYA,SURYA FUSION,HL 20'S,HL,20,FULL FLAVOUR,,20.0,NO,320.0
97,26/11/2024,202411,3,1221105609678,22711030017,1732530969912,99765321,105,SURYA NEPAL PVT LTD - NEPAL,SURYA FUSION,SURYA FUSION,320.0,75-85MM,20,New SKU,,RECODING,5,8,90110247,166.4603,105,SURYA NEPAL PVT LTD - NEPAL,SURYA,SURYA CITRIC FRESH,HL 20'S,HL,20,FRESH,,20.0,NO,300.0
97,26/11/2024,202411,3,1221105609678,22711030017,1732530969912,99765321,105,SURYA NEPAL PVT LTD - NEPAL,SURYA FUSION,SURYA FUSION,320.0,75-85MM,20,New SKU,,RECODING,5,9,90110249,168.97412,105,SURYA NEPAL PVT LTD - NEPAL,SHIKHAR,SHIKHAR TANGY BREEZE,HL 20'S,HL,20,FRESH,,20.0,NO,180.0
97,26/11/2024,202411,3,1221105609678,22711030017,1732530969912,99765321,105,SURYA NEPAL PVT LTD - NEPAL,SURYA FUSION,SURYA FUSION,320.0,75-85MM,20,New SKU,,RECODING,5,10,99764555,171.35645,106,SURYA NEPAL PVT LTD - NEPAL,TOFFICHOO,TOFFICHOO CHATPATA FUN,TOFFICHOO CHATPATA FUN-MASALA PUNCH PCN 720 GM,PLJAR,720.000 GM,MASALA,,720.0,GM,300.0
98,26/11/2024,202411,3,1024125448681,22711030014,1732530969912,99765321,105,SURYA NEPAL PVT LTD - NEPAL,SURYA FUSION,SURYA FUSION,320.0,75-85MM,20,New SKU,,RECODING,5,1,47592,147.90572,105,SURYA NEPAL PVT LTD - NEPAL,SHIKHAR,SHIKHAR ICE RUSH,HL 20'S,HL,20,FRESH,,20.0,NO,185.0
98,26/11/2024,202411,3,1024125448681,22711030014,1732530969912,99765321,105,SURYA NEPAL PVT LTD - NEPAL,SURYA FUSION,SURYA FUSION,320.0,75-85MM,20,New SKU,,RECODING,5,2,92923725,155.44511,123,B.S.I PVT LTD-NEPAL,SURYA,SURYA,SURYA-UNWRP 150 GMS,UNWRP,150.000 GM,,,150.0,GM,0.0
98,26/11/2024,202411,3,1024125448681,22711030014,1732530969912,99765321,105,SURYA NEPAL PVT LTD - NEPAL,SURYA FUSION,SURYA FUSION,320.0,75-85MM,20,New SKU,,RECODING,5,3,46667,160.28766,123,B.S.I PVT LTD-NEPAL,SURYA,SURYA,SURYA-UNWRP 200 GMS,UNWRP,200.000 GM,,,200.0,GM,0.0
98,26/11/2024,202411,3,1024125448681,22711030014,1732530969912,99765321,105,SURYA NEPAL PVT LTD - NEPAL,SURYA FUSION,SURYA FUSION,320.0,75-85MM,20,New SKU,,RECODING,5,4,99765469,161.3887,105,SURYA NEPAL PVT LTD - NEPAL,SURYA,SURYA SLEEK BOLT,HL 20'S,HL,20,FRESH,,20.0,NO,340.0
98,26/11/2024,202411,3,1024125448681,22711030014,1732530969912,99765321,105,SURYA NEPAL PVT LTD - NEPAL,SURYA FUSION,SURYA FUSION,320.0,75-85MM,20,New SKU,,RECODING,5,5,90110238,163.94234,105,SURYA NEPAL PVT LTD - NEPAL,SURYA,SURYA POLAR ICE,HL 20'S,HL,20,FRESH,,20.0,NO,300.0
98,26/11/2024,202411,3,1024125448681,22711030014,1732530969912,99765321,105,SURYA NEPAL PVT LTD - NEPAL,SURYA FUSION,SURYA FUSION,320.0,75-85MM,20,New SKU,,RECODING,5,6,48587,164.4267,105,SURYA NEPAL PVT LTD - NEPAL,SURYA,SURYA 24 CARAT ARCTIC BURST,HL 20'S,HL,20,FRESH,,20.0,NO,300.0
98,26/11/2024,202411,3,1024125448681,22711030014,1732530969912,99765321,105,SURYA NEPAL PVT LTD - NEPAL,SURYA FUSION,SURYA FUSION,320.0,75-85MM,20,New SKU,,RECODING,5,7,99765321,165.15009,105,SURYA NEPAL PVT LTD - NEPAL,SURYA,SURYA FUSION,HL 20'S,HL,20,FULL FLAVOUR,,20.0,NO,320.0
98,26/11/2024,202411,3,1024125448681,22711030014,1732530969912,99765321,105,SURYA NEPAL PVT LTD - NEPAL,SURYA FUSION,SURYA FUSION,320.0,75-85MM,20,New SKU,,RECODING,5,8,90110247,167.06253,105,SURYA NEPAL PVT LTD - NEPAL,SURYA,SURYA CITRIC FRESH,HL 20'S,HL,20,FRESH,,20.0,NO,300.0
98,26/11/2024,202411,3,1024125448681,22711030014,1732530969912,99765321,105,SURYA NEPAL PVT LTD - NEPAL,SURYA FUSION,SURYA FUSION,320.0,75-85MM,20,New SKU,,RECODING,5,9,90110249,168.99353,105,SURYA NEPAL PVT LTD - NEPAL,SHIKHAR,SHIKHAR TANGY BREEZE,HL 20'S,HL,20,FRESH,,20.0,NO,180.0
98,26/11/2024,202411,3,1024125448681,22711030014,1732530969912,99765321,105,SURYA NEPAL PVT LTD - NEPAL,SURYA FUSION,SURYA FUSION,320.0,75-85MM,20,New SKU,,RECODING,5,10,99764555,169.87009,106,SURYA NEPAL PVT LTD - NEPAL,TOFFICHOO,TOFFICHOO CHATPATA FUN,TOFFICHOO CHATPATA FUN-MASALA PUNCH PCN 720 GM,PLJAR,720.000 GM,MASALA,,720.0,GM,300.0
99,26/11/2024,202411,3,1023135332474,22711030023,1732530969912,99765321,105,SURYA NEPAL PVT LTD - NEPAL,SURYA FUSION,SURYA FUSION,320.0,75-85MM,20,New SKU,,RECODING,5,1,47592,147.69762,105,SURYA NEPAL PVT LTD - NEPAL,SHIKHAR,SHIKHAR ICE RUSH,HL 20'S,HL,20,FRESH,,20.0,NO,185.0
99,26/11/2024,202411,3,1023135332474,22711030023,1732530969912,99765321,105,SURYA NEPAL PVT LTD - NEPAL,SURYA FUSION,SURYA FUSION,320.0,75-85MM,20,New SKU,,RECODING,5,2,92923725,154.54733,123,B.S.I PVT LTD-NEPAL,SURYA,SURYA,SURYA-UNWRP 150 GMS,UNWRP,150.000 GM,,,150.0,GM,0.0
99,26/11/2024,202411,3,1023135332474,22711030023,1732530969912,99765321,105,SURYA NEPAL PVT LTD - NEPAL,SURYA FUSION,SURYA FUSION,320.0,75-85MM,20,New SKU,,RECODING,5,3,46667,159.65988,123,B.S.I PVT LTD-NEPAL,SURYA,SURYA,SURYA-UNWRP 200 GMS,UNWRP,200.000 GM,,,200.0,GM,0.0
99,26/11/2024,202411,3,1023135332474,22711030023,1732530969912,99765321,105,SURYA NEPAL PVT LTD - NEPAL,SURYA FUSION,SURYA FUSION,320.0,75-85MM,20,New SKU,,RECODING,5,4,99765469,162.46329,105,SURYA NEPAL PVT LTD - NEPAL,SURYA,SURYA SLEEK BOLT,HL 20'S,HL,20,FRESH,,20.0,NO,340.0
99,26/11/2024,202411,3,1023135332474,22711030023,1732530969912,99765321,105,SURYA NEPAL PVT LTD - NEPAL,SURYA FUSION,SURYA FUSION,320.0,75-85MM,20,New SKU,,RECODING,5,5,48587,164.06749,105,SURYA NEPAL PVT LTD - NEPAL,SURYA,SURYA 24 CARAT ARCTIC BURST,HL 20'S,HL,20,FRESH,,20.0,NO,300.0
99,26/11/2024,202411,3,1023135332474,22711030023,1732530969912,99765321,105,SURYA NEPAL PVT LTD - NEPAL,SURYA FUSION,SURYA FUSION,320.0,75-85MM,20,New SKU,,RECODING,5,6,90110238,164.53319,105,SURYA NEPAL PVT LTD - NEPAL,SURYA,SURYA POLAR ICE,HL 20'S,HL,20,FRESH,,20.0,NO,300.0
99,26/11/2024,202411,3,1023135332474,22711030023,1732530969912,99765321,105,SURYA NEPAL PVT LTD - NEPAL,SURYA FUSION,SURYA FUSION,320.0,75-85MM,20,New SKU,,RECODING,5,7,99765321,166.41037,105,SURYA NEPAL PVT LTD - NEPAL,SURYA,SURYA FUSION,HL 20'S,HL,20,FULL FLAVOUR,,20.0,NO,320.0
99,26/11/2024,202411,3,1023135332474,22711030023,1732530969912,99765321,105,SURYA NEPAL PVT LTD - NEPAL,SURYA FUSION,SURYA FUSION,320.0,75-85MM,20,New SKU,,RECODING,5,8,90110247,167.58629,105,SURYA NEPAL PVT LTD - NEPAL,SURYA,SURYA CITRIC FRESH,HL 20'S,HL,20,FRESH,,20.0,NO,300.0
99,26/11/2024,202411,3,1023135332474,22711030023,1732530969912,99765321,105,SURYA NEPAL PVT LTD - NEPAL,SURYA FUSION,SURYA FUSION,320.0,75-85MM,20,New SKU,,RECODING,5,9,99764555,168.31824,106,SURYA NEPAL PVT LTD - NEPAL,TOFFICHOO,TOFFICHOO CHATPATA FUN,TOFFICHOO CHATPATA FUN-MASALA PUNCH PCN 720 GM,PLJAR,720.000 GM,MASALA,,720.0,GM,300.0
99,26/11/2024,202411,3,1023135332474,22711030023,1732530969912,99765321,105,SURYA NEPAL PVT LTD - NEPAL,SURYA FUSION,SURYA FUSION,320.0,75-85MM,20,New SKU,,RECODING,5,10,90110249,169.42874,105,SURYA NEPAL PVT LTD - NEPAL,SHIKHAR,SHIKHAR TANGY BREEZE,HL 20'S,HL,20,FRESH,,20.0,NO,180.0
100,26/11/2024,202411,3,1025135942643,22711030024,1732530969912,99765321,105,SURYA NEPAL PVT LTD - NEPAL,SURYA FUSION,SURYA FUSION,320.0,75-85MM,20,New SKU,,RECODING,5,1,47592,147.27657,105,SURYA NEPAL PVT LTD - NEPAL,SHIKHAR,SHIKHAR ICE RUSH,HL 20'S,HL,20,FRESH,,20.0,NO,185.0
100,26/11/2024,202411,3,1025135942643,22711030024,1732530969912,99765321,105,SURYA NEPAL PVT LTD - NEPAL,SURYA FUSION,SURYA FUSION,320.0,75-85MM,20,New SKU,,RECODING,5,2,92923725,155.7334,123,B.S.I PVT LTD-NEPAL,SURYA,SURYA,SURYA-UNWRP 150 GMS,UNWRP,150.000 GM,,,150.0,GM,0.0
100,26/11/2024,202411,3,1025135942643,22711030024,1732530969912,99765321,105,SURYA NEPAL PVT LTD - NEPAL,SURYA FUSION,SURYA FUSION,320.0,75-85MM,20,New SKU,,RECODING,5,3,99765469,160.95224,105,SURYA NEPAL PVT LTD - NEPAL,SURYA,SURYA SLEEK BOLT,HL 20'S,HL,20,FRESH,,20.0,NO,340.0
100,26/11/2024,202411,3,1025135942643,22711030024,1732530969912,99765321,105,SURYA NEPAL PVT LTD - NEPAL,SURYA FUSION,SURYA FUSION,320.0,75-85MM,20,New SKU,,RECODING,5,4,46667,160.99205,123,B.S.I PVT LTD-NEPAL,SURYA,SURYA,SURYA-UNWRP 200 GMS,UNWRP,200.000 GM,,,200.0,GM,0.0
100,26/11/2024,202411,3,1025135942643,22711030024,1732530969912,99765321,105,SURYA NEPAL PVT LTD - NEPAL,SURYA FUSION,SURYA FUSION,320.0,75-85MM,20,New SKU,,RECODING,5,5,48587,163.89484,105,SURYA NEPAL PVT LTD - NEPAL,SURYA,SURYA 24 CARAT ARCTIC BURST,HL 20'S,HL,20,FRESH,,20.0,NO,300.0
100,26/11/2024,202411,3,1025135942643,22711030024,1732530969912,99765321,105,SURYA NEPAL PVT LTD - NEPAL,SURYA FUSION,SURYA FUSION,320.0,75-85MM,20,New SKU,,RECODING,5,6,90110238,164.42952,105,SURYA NEPAL PVT LTD - NEPAL,SURYA,SURYA POLAR ICE,HL 20'S,HL,20,FRESH,,20.0,NO,300.0
100,26/11/2024,202411,3,1025135942643,22711030024,1732530969912,99765321,105,SURYA NEPAL PVT LTD - NEPAL,SURYA FUSION,SURYA FUSION,320.0,75-85MM,20,New SKU,,RECODING,5,7,99765321,164.95895,105,SURYA NEPAL PVT LTD - NEPAL,SURYA,SURYA FUSION,HL 20'S,HL,20,FULL FLAVOUR,,20.0,NO,320.0
100,26/11/2024,202411,3,1025135942643,22711030024,1732530969912,99765321,105,SURYA NEPAL PVT LTD - NEPAL,SURYA FUSION,SURYA FUSION,320.0,75-85MM,20,New SKU,,RECODING,5,8,90110247,166.67017,105,SURYA NEPAL PVT LTD - NEPAL,SURYA,SURYA CITRIC FRESH,HL 20'S,HL,20,FRESH,,20.0,NO,300.0
100,26/11/2024,202411,3,1025135942643,22711030024,1732530969912,99765321,105,SURYA NEPAL PVT LTD - NEPAL,SURYA FUSION,SURYA FUSION,320.0,75-85MM,20,New SKU,,RECODING,5,9,90110249,168.01402,105,SURYA NEPAL PVT LTD - NEPAL,SHIKHAR,SHIKHAR TANGY BREEZE,HL 20'S,HL,20,FRESH,,20.0,NO,180.0
100,26/11/2024,202411,3,1025135942643,22711030024,1732530969912,99765321,105,SURYA NEPAL PVT LTD - NEPAL,SURYA FUSION,SURYA FUSION,320.0,75-85MM,20,New SKU,,RECODING,5,10,99764555,168.64478,106,SURYA NEPAL PVT LTD - NEPAL,TOFFICHOO,TOFFICHOO CHATPATA FUN,TOFFICHOO CHATPATA FUN-MASALA PUNCH PCN 720 GM,PLJAR,720.000 GM,MASALA,,720.0,GM,300.0
101,26/11/2024,202411,3,1023152910154,22711030037,1732530969912,99765321,105,SURYA NEPAL PVT LTD - NEPAL,SURYA FUSION,SURYA FUSION,320.0,75-85MM,20,New SKU,,RECODING,5,1,47592,148.49434,105,SURYA NEPAL PVT LTD - NEPAL,SHIKHAR,SHIKHAR ICE RUSH,HL 20'S,HL,20,FRESH,,20.0,NO,185.0
101,26/11/2024,202411,3,1023152910154,22711030037,1732530969912,99765321,105,SURYA NEPAL PVT LTD - NEPAL,SURYA FUSION,SURYA FUSION,320.0,75-85MM,20,New SKU,,RECODING,5,2,92923725,155.44261,123,B.S.I PVT LTD-NEPAL,SURYA,SURYA,SURYA-UNWRP 150 GMS,UNWRP,150.000 GM,,,150.0,GM,0.0
101,26/11/2024,202411,3,1023152910154,22711030037,1732530969912,99765321,105,SURYA NEPAL PVT LTD - NEPAL,SURYA FUSION,SURYA FUSION,320.0,75-85MM,20,New SKU,,RECODING,5,3,46667,160.91881,123,B.S.I PVT LTD-NEPAL,SURYA,SURYA,SURYA-UNWRP 200 GMS,UNWRP,200.000 GM,,,200.0,GM,0.0
101,26/11/2024,202411,3,1023152910154,22711030037,1732530969912,99765321,105,SURYA NEPAL PVT LTD - NEPAL,SURYA FUSION,SURYA FUSION,320.0,75-85MM,20,New SKU,,RECODING,5,4,99765469,162.8981,105,SURYA NEPAL PVT LTD - NEPAL,SURYA,SURYA SLEEK BOLT,HL 20'S,HL,20,FRESH,,20.0,NO,340.0
101,26/11/2024,202411,3,1023152910154,22711030037,1732530969912,99765321,105,SURYA NEPAL PVT LTD - NEPAL,SURYA FUSION,SURYA FUSION,320.0,75-85MM,20,New SKU,,RECODING,5,5,48587,164.7348,105,SURYA NEPAL PVT LTD - NEPAL,SURYA,SURYA 24 CARAT ARCTIC BURST,HL 20'S,HL,20,FRESH,,20.0,NO,300.0
101,26/11/2024,202411,3,1023152910154,22711030037,1732530969912,99765321,105,SURYA NEPAL PVT LTD - NEPAL,SURYA FUSION,SURYA FUSION,320.0,75-85MM,20,New SKU,,RECODING,5,6,90110238,165.22913,105,SURYA NEPAL PVT LTD - NEPAL,SURYA,SURYA POLAR ICE,HL 20'S,HL,20,FRESH,,20.0,NO,300.0
101,26/11/2024,202411,3,1023152910154,22711030037,1732530969912,99765321,105,SURYA NEPAL PVT LTD - NEPAL,SURYA FUSION,SURYA FUSION,320.0,75-85MM,20,New SKU,,RECODING,5,7,99765321,165.66147,105,SURYA NEPAL PVT LTD - NEPAL,SURYA,SURYA FUSION,HL 20'S,HL,20,FULL FLAVOUR,,20.0,NO,320.0
101,26/11/2024,202411,3,1023152910154,22711030037,1732530969912,99765321,105,SURYA NEPAL PVT LTD - NEPAL,SURYA FUSION,SURYA FUSION,320.0,75-85MM,20,New SKU,,RECODING,5,8,90110247,168.0889,105,SURYA NEPAL PVT LTD - NEPAL,SURYA,SURYA CITRIC FRESH,HL 20'S,HL,20,FRESH,,20.0,NO,300.0
101,26/11/2024,202411,3,1023152910154,22711030037,1732530969912,99765321,105,SURYA NEPAL PVT LTD - NEPAL,SURYA FUSION,SURYA FUSION,320.0,75-85MM,20,New SKU,,RECODING,5,9,99764555,169.65945,106,SURYA NEPAL PVT LTD - NEPAL,TOFFICHOO,TOFFICHOO CHATPATA FUN,TOFFICHOO CHATPATA FUN-MASALA PUNCH PCN 720 GM,PLJAR,720.000 GM,MASALA,,720.0,GM,300.0
101,26/11/2024,202411,3,1023152910154,22711030037,1732530969912,99765321,105,SURYA NEPAL PVT LTD - NEPAL,SURYA FUSION,SURYA FUSION,320.0,75-85MM,20,New SKU,,RECODING,5,10,90110249,169.93372,105,SURYA NEPAL PVT LTD - NEPAL,SHIKHAR,SHIKHAR TANGY BREEZE,HL 20'S,HL,20,FRESH,,20.0,NO,180.0
102,26/11/2024,202411,3,1027131916993,22711030036,1732530969912,99765321,105,SURYA NEPAL PVT LTD - NEPAL,SURYA FUSION,SURYA FUSION,320.0,75-85MM,20,New SKU,1732530969912-surya nepal pvt ltd - nepal-surya fusion#3.png,RECODING,5,1,92923725,146.75513,123,B.S.I PVT LTD-NEPAL,SURYA,SURYA,SURYA-UNWRP 150 GMS,UNWRP,150.000 GM,,,150.0,GM,0.0
102,26/11/2024,202411,3,1027131916993,22711030036,1732530969912,99765321,105,SURYA NEPAL PVT LTD - NEPAL,SURYA FUSION,SURYA FUSION,320.0,75-85MM,20,New SKU,1732530969912-surya nepal pvt ltd - nepal-surya fusion#3.png,RECODING,5,2,46667,147.79443,123,B.S.I PVT LTD-NEPAL,SURYA,SURYA,SURYA-UNWRP 200 GMS,UNWRP,200.000 GM,,,200.0,GM,0.0
102,26/11/2024,202411,3,1027131916993,22711030036,1732530969912,99765321,105,SURYA NEPAL PVT LTD - NEPAL,SURYA FUSION,SURYA FUSION,320.0,75-85MM,20,New SKU,1732530969912-surya nepal pvt ltd - nepal-surya fusion#3.png,RECODING,5,3,99765321,162.0202,105,SURYA NEPAL PVT LTD - NEPAL,SURYA,SURYA FUSION,HL 20'S,HL,20,FULL FLAVOUR,,20.0,NO,320.0
102,26/11/2024,202411,3,1027131916993,22711030036,1732530969912,99765321,105,SURYA NEPAL PVT LTD - NEPAL,SURYA FUSION,SURYA FUSION,320.0,75-85MM,20,New SKU,1732530969912-surya nepal pvt ltd - nepal-surya fusion#3.png,RECODING,5,4,99764555,162.86194,106,SURYA NEPAL PVT LTD - NEPAL,TOFFICHOO,TOFFICHOO CHATPATA FUN,TOFFICHOO CHATPATA FUN-MASALA PUNCH PCN 720 GM,PLJAR,720.000 GM,MASALA,,720.0,GM,300.0
102,26/11/2024,202411,3,1027131916993,22711030036,1732530969912,99765321,105,SURYA NEPAL PVT LTD - NEPAL,SURYA FUSION,SURYA FUSION,320.0,75-85MM,20,New SKU,1732530969912-surya nepal pvt ltd - nepal-surya fusion#3.png,RECODING,5,5,99764653,166.818,106,SURYA NEPAL PVT LTD - NEPAL,TOFFICHOO,TOFFICHOO FRUITY DELITE,TOFFICHOO FRUITY DELITE-ASSORTED PCN 600 GM,PLJAR,600.000 GM,ASSORTED,,600.0,GM,400.0
102,26/11/2024,202411,3,1027131916993,22711030036,1732530969912,99765321,105,SURYA NEPAL PVT LTD - NEPAL,SURYA FUSION,SURYA FUSION,320.0,75-85MM,20,New SKU,1732530969912-surya nepal pvt ltd - nepal-surya fusion#3.png,RECODING,5,6,47592,168.40633,105,SURYA NEPAL PVT LTD - NEPAL,SHIKHAR,SHIKHAR ICE RUSH,HL 20'S,HL,20,FRESH,,20.0,NO,185.0
102,26/11/2024,202411,3,1027131916993,22711030036,1732530969912,99765321,105,SURYA NEPAL PVT LTD - NEPAL,SURYA FUSION,SURYA FUSION,320.0,75-85MM,20,New SKU,1732530969912-surya nepal pvt ltd - nepal-surya fusion#3.png,RECODING,5,7,99764545,169.56055,106,SURYA NEPAL PVT LTD - NEPAL,TOFFICHOO,TOFFICHOO CHATPATA FUN,TOFFICHOO CHATPATA FUN-MASALA PUNCH PPH 270 GM,PLPCH,270.000 GM,MASALA,,270.0,GM,85.0
102,26/11/2024,202411,3,1027131916993,22711030036,1732530969912,99765321,105,SURYA NEPAL PVT LTD - NEPAL,SURYA FUSION,SURYA FUSION,320.0,75-85MM,20,New SKU,1732530969912-surya nepal pvt ltd - nepal-surya fusion#3.png,RECODING,5,8,99762790,171.30194,106,SURYA NEPAL PVT LTD - NEPAL,TOFFICHOO,TOFFICHOO CRÈME LACTO,TOFFICHOO CRÈME LACTO-PPH 4 GM,PLPCH,4.000 GM,UNSPECIFIED,,4.0,GM,2.0
102,26/11/2024,202411,3,1027131916993,22711030036,1732530969912,99765321,105,SURYA NEPAL PVT LTD - NEPAL,SURYA FUSION,SURYA FUSION,320.0,75-85MM,20,New SKU,1732530969912-surya nepal pvt ltd - nepal-surya fusion#3.png,RECODING,5,9,99764612,172.43811,106,SURYA NEPAL PVT LTD - NEPAL,TOFFICHOO TADKA,TOFFICHOO TADKA,TOFFICHOO TADKA-CHAT MASALA LITCHI PCN 760GM,PLJAR,760.000 GM,LYCHEE,,760.0,GM,500.0
102,26/11/2024,202411,3,1027131916993,22711030036,1732530969912,99765321,105,SURYA NEPAL PVT LTD - NEPAL,SURYA FUSION,SURYA FUSION,320.0,75-85MM,20,New SKU,1732530969912-surya nepal pvt ltd - nepal-surya fusion#3.png,RECODING,5,10,48587,172.97137,105,SURYA NEPAL PVT LTD - NEPAL,SURYA,SURYA 24 CARAT ARCTIC BURST,HL 20'S,HL,20,FRESH,,20.0,NO,300.0
103,26/11/2024,202411,3,1210100226,12101030077,1732251636707,99765320,126,MADHU CHEMICAL COMPANY,MADHU,MADHU SWEET- SUPARI PPH 1.45 GM.,3.0,1.45GM,PPH,,,RECODING,5,1,99765320,116.998116,126,MADHU CHEMICAL COMPANY,MADHU,MADHU,1.45G PAAN MASALA,PLAST,1.45G,SWEET,,1.45,GM,3.0
103,26/11/2024,202411,3,1210100226,12101030077,1732251636707,99765320,126,MADHU CHEMICAL COMPANY,MADHU,MADHU SWEET- SUPARI PPH 1.45 GM.,3.0,1.45GM,PPH,,,RECODING,5,2,99762215,131.0932,126,MADHU CHEMICAL COMPANY,MADHU,MADHU,1.25G PAAN MASALA,PLAST,1.25G,SWEET,,1.25,,0.0
103,26/11/2024,202411,3,1210100226,12101030077,1732251636707,99765320,126,MADHU CHEMICAL COMPANY,MADHU,MADHU SWEET- SUPARI PPH 1.45 GM.,3.0,1.45GM,PPH,,,RECODING,5,3,91827176,158.64581,106,MAHENDRA INDUSTRIES-INDIA,MADHUR,MADHUR TRUE LOVE,MADHUR TRUE LOVE- STRAWBERRY PPH 6 GM,PLPCH,6.000 GM,STRAWBERRY,,6.0,GM,0.0
103,26/11/2024,202411,3,1210100226,12101030077,1732251636707,99765320,126,MADHU CHEMICAL COMPANY,MADHU,MADHU SWEET- SUPARI PPH 1.45 GM.,3.0,1.45GM,PPH,,,RECODING,5,4,48360,158.66876,106,MAHENDRA INDUSTRIES-INDIA,MADHUR,MADHUR KING POP,MADHUR KING POP-LOLLIPOP PPH 9 GM,PLPCH,9.000 GM,UNSPECIFIED,,9.0,GM,0.0
103,26/11/2024,202411,3,1210100226,12101030077,1732251636707,99765320,126,MADHU CHEMICAL COMPANY,MADHU,MADHU SWEET- SUPARI PPH 1.45 GM.,3.0,1.45GM,PPH,,,RECODING,5,5,91827177,158.73329,106,MAHENDRA INDUSTRIES-INDIA,MADHUR,MADHUR,MADHUR- LAL PAAN PPH 5 GM,PLPCH,5.000 GM,PAAN,,5.0,GM,0.0
103,26/11/2024,202411,3,1210100226,12101030077,1732251636707,99765320,126,MADHU CHEMICAL COMPANY,MADHU,MADHU SWEET- SUPARI PPH 1.45 GM.,3.0,1.45GM,PPH,,,RECODING,5,6,54103,160.13141,106,MAHENDRA INDUSTRIES-INDIA,MADHUR,MADHUR TRUE LOVE,MADHUR TRUE LOVE-PEACH PPH 5 GM,PLPCH,5.000 GM,PEACH,,5.0,GM,0.0
103,26/11/2024,202411,3,1210100226,12101030077,1732251636707,99765320,126,MADHU CHEMICAL COMPANY,MADHU,MADHU SWEET- SUPARI PPH 1.45 GM.,3.0,1.45GM,PPH,,,RECODING,5,7,47744,161.05362,122,H.B INDUSTRIES-NEPAL,MEGHA,MEGHA,MEGHA-FLOWER FRESH PPH 3000 GMS,PLPCH,3000.000 GM,,,3000.0,GM,0.0
103,26/11/2024,202411,3,1210100226,12101030077,1732251636707,99765320,126,MADHU CHEMICAL COMPANY,MADHU,MADHU SWEET- SUPARI PPH 1.45 GM.,3.0,1.45GM,PPH,,,RECODING,5,8,54101,161.38397,106,MAHENDRA INDUSTRIES-INDIA,MADHUR,MADHUR TRUE LOVE,MADHUR TRUE LOVE-TAMARIND PPH 5 GM,PLPCH,5.000 GM,TAMARIND,,5.0,GM,0.0
103,26/11/2024,202411,3,1210100226,12101030077,1732251636707,99765320,126,MADHU CHEMICAL COMPANY,MADHU,MADHU SWEET- SUPARI PPH 1.45 GM.,3.0,1.45GM,PPH,,,RECODING,5,9,91826568,162.22595,106,MAHENDRA INDUSTRIES-INDIA,MADHUR,MADHUR TRUE LOVE,MADHUR TRUE LOVE- ORANGE PPH 6 GM,PLPCH,6.000 GM,ORANGE,,6.0,GM,0.0
103,26/11/2024,202411,3,1210100226,12101030077,1732251636707,99765320,126,MADHU CHEMICAL COMPANY,MADHU,MADHU SWEET- SUPARI PPH 1.45 GM.,3.0,1.45GM,PPH,,,RECODING,5,10,46537,163.01892,106,MAHENDRA INDUSTRIES-INDIA,MADHUR,MADHUR,MADHUR- LAL PAAN PPH 6 GM,PLPCH,6.000 GM,PAAN,,6.0,GM,0.0
104,26/11/2024,202411,3,1210102738,12101030224,1732251636707,99765320,126,MADHU CHEMICAL COMPANY,MADHU,MADHU SWEET- SUPARI PPH 1.45 GM.,3.0,1.45GM,PPH,,,RECODING,5,1,99765320,119.86406,126,MADHU CHEMICAL COMPANY,MADHU,MADHU,1.45G PAAN MASALA,PLAST,1.45G,SWEET,,1.45,GM,3.0
104,26/11/2024,202411,3,1210102738,12101030224,1732251636707,99765320,126,MADHU CHEMICAL COMPANY,MADHU,MADHU SWEET- SUPARI PPH 1.45 GM.,3.0,1.45GM,PPH,,,RECODING,5,2,99762215,133.80641,126,MADHU CHEMICAL COMPANY,MADHU,MADHU,1.25G PAAN MASALA,PLAST,1.25G,SWEET,,1.25,,0.0
104,26/11/2024,202411,3,1210102738,12101030224,1732251636707,99765320,126,MADHU CHEMICAL COMPANY,MADHU,MADHU SWEET- SUPARI PPH 1.45 GM.,3.0,1.45GM,PPH,,,RECODING,5,3,48360,159.09595,106,MAHENDRA INDUSTRIES-INDIA,MADHUR,MADHUR KING POP,MADHUR KING POP-LOLLIPOP PPH 9 GM,PLPCH,9.000 GM,UNSPECIFIED,,9.0,GM,0.0
104,26/11/2024,202411,3,1210102738,12101030224,1732251636707,99765320,126,MADHU CHEMICAL COMPANY,MADHU,MADHU SWEET- SUPARI PPH 1.45 GM.,3.0,1.45GM,PPH,,,RECODING,5,4,91827177,159.5138,106,MAHENDRA INDUSTRIES-INDIA,MADHUR,MADHUR,MADHUR- LAL PAAN PPH 5 GM,PLPCH,5.000 GM,PAAN,,5.0,GM,0.0
104,26/11/2024,202411,3,1210102738,12101030224,1732251636707,99765320,126,MADHU CHEMICAL COMPANY,MADHU,MADHU SWEET- SUPARI PPH 1.45 GM.,3.0,1.45GM,PPH,,,RECODING,5,5,91827176,159.98729,106,MAHENDRA INDUSTRIES-INDIA,MADHUR,MADHUR TRUE LOVE,MADHUR TRUE LOVE- STRAWBERRY PPH 6 GM,PLPCH,6.000 GM,STRAWBERRY,,6.0,GM,0.0
104,26/11/2024,202411,3,1210102738,12101030224,1732251636707,99765320,126,MADHU CHEMICAL COMPANY,MADHU,MADHU SWEET- SUPARI PPH 1.45 GM.,3.0,1.45GM,PPH,,,RECODING,5,6,54103,161.3877,106,MAHENDRA INDUSTRIES-INDIA,MADHUR,MADHUR TRUE LOVE,MADHUR TRUE LOVE-PEACH PPH 5 GM,PLPCH,5.000 GM,PEACH,,5.0,GM,0.0
104,26/11/2024,202411,3,1210102738,12101030224,1732251636707,99765320,126,MADHU CHEMICAL COMPANY,MADHU,MADHU SWEET- SUPARI PPH 1.45 GM.,3.0,1.45GM,PPH,,,RECODING,5,7,54101,162.08589,106,MAHENDRA INDUSTRIES-INDIA,MADHUR,MADHUR TRUE LOVE,MADHUR TRUE LOVE-TAMARIND PPH 5 GM,PLPCH,5.000 GM,TAMARIND,,5.0,GM,0.0
104,26/11/2024,202411,3,1210102738,12101030224,1732251636707,99765320,126,MADHU CHEMICAL COMPANY,MADHU,MADHU SWEET- SUPARI PPH 1.45 GM.,3.0,1.45GM,PPH,,,RECODING,5,8,47744,162.19568,122,H.B INDUSTRIES-NEPAL,MEGHA,MEGHA,MEGHA-FLOWER FRESH PPH 3000 GMS,PLPCH,3000.000 GM,,,3000.0,GM,0.0
104,26/11/2024,202411,3,1210102738,12101030224,1732251636707,99765320,126,MADHU CHEMICAL COMPANY,MADHU,MADHU SWEET- SUPARI PPH 1.45 GM.,3.0,1.45GM,PPH,,,RECODING,5,9,91826568,163.89993,106,MAHENDRA INDUSTRIES-INDIA,MADHUR,MADHUR TRUE LOVE,MADHUR TRUE LOVE- ORANGE PPH 6 GM,PLPCH,6.000 GM,ORANGE,,6.0,GM,0.0
104,26/11/2024,202411,3,1210102738,12101030224,1732251636707,99765320,126,MADHU CHEMICAL COMPANY,MADHU,MADHU SWEET- SUPARI PPH 1.45 GM.,3.0,1.45GM,PPH,,,RECODING,5,10,46537,164.19266,106,MAHENDRA INDUSTRIES-INDIA,MADHUR,MADHUR,MADHUR- LAL PAAN PPH 6 GM,PLPCH,6.000 GM,PAAN,,6.0,GM,0.0
105,26/11/2024,202411,3,1021193243682,21104030077,1732537658621,99765321,105,SURYA NEPAL PVT LTD - NEPAL,SURYA FUSION,SURYA FUSION,320.0,20K'S,FLT,New SKU,,RECODING,5,1,47592,135.69797,105,SURYA NEPAL PVT LTD - NEPAL,SHIKHAR,SHIKHAR ICE RUSH,HL 20'S,HL,20,FRESH,,20.0,NO,185.0
105,26/11/2024,202411,3,1021193243682,21104030077,1732537658621,99765321,105,SURYA NEPAL PVT LTD - NEPAL,SURYA FUSION,SURYA FUSION,320.0,20K'S,FLT,New SKU,,RECODING,5,2,99765321,150.90219,105,SURYA NEPAL PVT LTD - NEPAL,SURYA,SURYA FUSION,HL 20'S,HL,20,FULL FLAVOUR,,20.0,NO,320.0
105,26/11/2024,202411,3,1021193243682,21104030077,1732537658621,99765321,105,SURYA NEPAL PVT LTD - NEPAL,SURYA FUSION,SURYA FUSION,320.0,20K'S,FLT,New SKU,,RECODING,5,3,92923725,153.82446,123,B.S.I PVT LTD-NEPAL,SURYA,SURYA,SURYA-UNWRP 150 GMS,UNWRP,150.000 GM,,,150.0,GM,0.0
105,26/11/2024,202411,3,1021193243682,21104030077,1732537658621,99765321,105,SURYA NEPAL PVT LTD - NEPAL,SURYA FUSION,SURYA FUSION,320.0,20K'S,FLT,New SKU,,RECODING,5,4,90110247,154.69478,105,SURYA NEPAL PVT LTD - NEPAL,SURYA,SURYA CITRIC FRESH,HL 20'S,HL,20,FRESH,,20.0,NO,300.0
105,26/11/2024,202411,3,1021193243682,21104030077,1732537658621,99765321,105,SURYA NEPAL PVT LTD - NEPAL,SURYA FUSION,SURYA FUSION,320.0,20K'S,FLT,New SKU,,RECODING,5,5,90110238,154.72943,105,SURYA NEPAL PVT LTD - NEPAL,SURYA,SURYA POLAR ICE,HL 20'S,HL,20,FRESH,,20.0,NO,300.0
105,26/11/2024,202411,3,1021193243682,21104030077,1732537658621,99765321,105,SURYA NEPAL PVT LTD - NEPAL,SURYA FUSION,SURYA FUSION,320.0,20K'S,FLT,New SKU,,RECODING,5,6,46667,155.0222,123,B.S.I PVT LTD-NEPAL,SURYA,SURYA,SURYA-UNWRP 200 GMS,UNWRP,200.000 GM,,,200.0,GM,0.0
105,26/11/2024,202411,3,1021193243682,21104030077,1732537658621,99765321,105,SURYA NEPAL PVT LTD - NEPAL,SURYA FUSION,SURYA FUSION,320.0,20K'S,FLT,New SKU,,RECODING,5,7,48587,155.45923,105,SURYA NEPAL PVT LTD - NEPAL,SURYA,SURYA 24 CARAT ARCTIC BURST,HL 20'S,HL,20,FRESH,,20.0,NO,300.0
105,26/11/2024,202411,3,1021193243682,21104030077,1732537658621,99765321,105,SURYA NEPAL PVT LTD - NEPAL,SURYA FUSION,SURYA FUSION,320.0,20K'S,FLT,New SKU,,RECODING,5,8,90110249,157.57317,105,SURYA NEPAL PVT LTD - NEPAL,SHIKHAR,SHIKHAR TANGY BREEZE,HL 20'S,HL,20,FRESH,,20.0,NO,180.0
105,26/11/2024,202411,3,1021193243682,21104030077,1732537658621,99765321,105,SURYA NEPAL PVT LTD - NEPAL,SURYA FUSION,SURYA FUSION,320.0,20K'S,FLT,New SKU,,RECODING,5,9,99765469,160.0605,105,SURYA NEPAL PVT LTD - NEPAL,SURYA,SURYA SLEEK BOLT,HL 20'S,HL,20,FRESH,,20.0,NO,340.0
105,26/11/2024,202411,3,1021193243682,21104030077,1732537658621,99765321,105,SURYA NEPAL PVT LTD - NEPAL,SURYA FUSION,SURYA FUSION,320.0,20K'S,FLT,New SKU,,RECODING,5,10,90110239,161.11581,105,SURYA NEPAL PVT LTD - NEPAL,SURYA,SURYA LEGEND,SB 20'S,SB,20,FULL FLAVOUR,,20.0,NO,320.0
106,26/11/2024,202411,3,1024134408901,21104030016,1732537658621,99765321,105,SURYA NEPAL PVT LTD - NEPAL,SURYA FUSION,SURYA FUSION,320.0,20K'S,FLT,New SKU,1732537658621-surya nepal pvt ltd - nepal-surya fusion#3.png,RECODING,5,1,46667,144.47809,123,B.S.I PVT LTD-NEPAL,SURYA,SURYA,SURYA-UNWRP 200 GMS,UNWRP,200.000 GM,,,200.0,GM,0.0
106,26/11/2024,202411,3,1024134408901,21104030016,1732537658621,99765321,105,SURYA NEPAL PVT LTD - NEPAL,SURYA FUSION,SURYA FUSION,320.0,20K'S,FLT,New SKU,1732537658621-surya nepal pvt ltd - nepal-surya fusion#3.png,RECODING,5,2,92923725,147.02509,123,B.S.I PVT LTD-NEPAL,SURYA,SURYA,SURYA-UNWRP 150 GMS,UNWRP,150.000 GM,,,150.0,GM,0.0
106,26/11/2024,202411,3,1024134408901,21104030016,1732537658621,99765321,105,SURYA NEPAL PVT LTD - NEPAL,SURYA FUSION,SURYA FUSION,320.0,20K'S,FLT,New SKU,1732537658621-surya nepal pvt ltd - nepal-surya fusion#3.png,RECODING,5,3,99765321,157.87756,105,SURYA NEPAL PVT LTD - NEPAL,SURYA,SURYA FUSION,HL 20'S,HL,20,FULL FLAVOUR,,20.0,NO,320.0
106,26/11/2024,202411,3,1024134408901,21104030016,1732537658621,99765321,105,SURYA NEPAL PVT LTD - NEPAL,SURYA FUSION,SURYA FUSION,320.0,20K'S,FLT,New SKU,1732537658621-surya nepal pvt ltd - nepal-surya fusion#3.png,RECODING,5,4,47592,159.28122,105,SURYA NEPAL PVT LTD - NEPAL,SHIKHAR,SHIKHAR ICE RUSH,HL 20'S,HL,20,FRESH,,20.0,NO,185.0
106,26/11/2024,202411,3,1024134408901,21104030016,1732537658621,99765321,105,SURYA NEPAL PVT LTD - NEPAL,SURYA FUSION,SURYA FUSION,320.0,20K'S,FLT,New SKU,1732537658621-surya nepal pvt ltd - nepal-surya fusion#3.png,RECODING,5,5,99764555,159.69579,106,SURYA NEPAL PVT LTD - NEPAL,TOFFICHOO,TOFFICHOO CHATPATA FUN,TOFFICHOO CHATPATA FUN-MASALA PUNCH PCN 720 GM,PLJAR,720.000 GM,MASALA,,720.0,GM,300.0
106,26/11/2024,202411,3,1024134408901,21104030016,1732537658621,99765321,105,SURYA NEPAL PVT LTD - NEPAL,SURYA FUSION,SURYA FUSION,320.0,20K'S,FLT,New SKU,1732537658621-surya nepal pvt ltd - nepal-surya fusion#3.png,RECODING,5,6,99764653,162.779,106,SURYA NEPAL PVT LTD - NEPAL,TOFFICHOO,TOFFICHOO FRUITY DELITE,TOFFICHOO FRUITY DELITE-ASSORTED PCN 600 GM,PLJAR,600.000 GM,ASSORTED,,600.0,GM,400.0
106,26/11/2024,202411,3,1024134408901,21104030016,1732537658621,99765321,105,SURYA NEPAL PVT LTD - NEPAL,SURYA FUSION,SURYA FUSION,320.0,20K'S,FLT,New SKU,1732537658621-surya nepal pvt ltd - nepal-surya fusion#3.png,RECODING,5,7,99764789,162.90012,106,SURYA NEPAL PVT LTD - NEPAL,TOFFICHOO,TOFFICHOO DUOZ,TOFFICHOO DUOZ-STRAWBERRY PCN 720 GM,PLJAR,720.000 GM,STRAWBERRY,,720.0,GM,400.0
106,26/11/2024,202411,3,1024134408901,21104030016,1732537658621,99765321,105,SURYA NEPAL PVT LTD - NEPAL,SURYA FUSION,SURYA FUSION,320.0,20K'S,FLT,New SKU,1732537658621-surya nepal pvt ltd - nepal-surya fusion#3.png,RECODING,5,8,99762790,166.32492,106,SURYA NEPAL PVT LTD - NEPAL,TOFFICHOO,TOFFICHOO CRÈME LACTO,TOFFICHOO CRÈME LACTO-PPH 4 GM,PLPCH,4.000 GM,UNSPECIFIED,,4.0,GM,2.0
106,26/11/2024,202411,3,1024134408901,21104030016,1732537658621,99765321,105,SURYA NEPAL PVT LTD - NEPAL,SURYA FUSION,SURYA FUSION,320.0,20K'S,FLT,New SKU,1732537658621-surya nepal pvt ltd - nepal-surya fusion#3.png,RECODING,5,9,99764612,166.71362,106,SURYA NEPAL PVT LTD - NEPAL,TOFFICHOO TADKA,TOFFICHOO TADKA,TOFFICHOO TADKA-CHAT MASALA LITCHI PCN 760GM,PLJAR,760.000 GM,LYCHEE,,760.0,GM,500.0
106,26/11/2024,202411,3,1024134408901,21104030016,1732537658621,99765321,105,SURYA NEPAL PVT LTD - NEPAL,SURYA FUSION,SURYA FUSION,320.0,20K'S,FLT,New SKU,1732537658621-surya nepal pvt ltd - nepal-surya fusion#3.png,RECODING,5,10,99764545,167.8804,106,SURYA NEPAL PVT LTD - NEPAL,TOFFICHOO,TOFFICHOO CHATPATA FUN,TOFFICHOO CHATPATA FUN-MASALA PUNCH PPH 270 GM,PLPCH,270.000 GM,MASALA,,270.0,GM,85.0
107,26/11/2024,202411,3,122041029,12303030071,1732152899034,99765326,124,DEUTI GUTKHA INDUSTRIES,MEGHA SHREE PREMIUM,MEGHA SHREE PREMIUM-MEGHA SHREE-REGULAR-PPH 2.20GM,5.0,2.20GM,PPH,,,RECODING,5,1,99765326,101.969925,124,DEUTI GUTKHA INDUSTRIES,MEGHA SHREE,MEGHA SHREE PREMIUM,2.20G GUTKA,PLAST,2.20G,REGULAR,,2.2,GM,5.0
107,26/11/2024,202411,3,122041029,12303030071,1732152899034,99765326,124,DEUTI GUTKHA INDUSTRIES,MEGHA SHREE PREMIUM,MEGHA SHREE PREMIUM-MEGHA SHREE-REGULAR-PPH 2.20GM,5.0,2.20GM,PPH,,,RECODING,5,2,99762223,106.56332,124,DEUTI GUTKHA INDUSTRIES,MEGHA SHREE,MEGHA SHREE PREMIUM,2.3G GUTKA,PLAST,2.3G,REGULAR,,2.3,,0.0
107,26/11/2024,202411,3,122041029,12303030071,1732152899034,99765326,124,DEUTI GUTKHA INDUSTRIES,MEGHA SHREE PREMIUM,MEGHA SHREE PREMIUM-MEGHA SHREE-REGULAR-PPH 2.20GM,5.0,2.20GM,PPH,,,RECODING,5,3,99764162,109.93608,124,DEUTI GUTKHA INDUSTRIES,MEGHA SHREE,MEGHA SHREE PREMIUM,2.14G GUTKA,PLAST,2.14G,REGULAR,,2.14,GM,5.0
107,26/11/2024,202411,3,122041029,12303030071,1732152899034,99765326,124,DEUTI GUTKHA INDUSTRIES,MEGHA SHREE PREMIUM,MEGHA SHREE PREMIUM-MEGHA SHREE-REGULAR-PPH 2.20GM,5.0,2.20GM,PPH,,,RECODING,5,4,93025975,151.07883,122,H.B INDUSTRIES-NEPAL,MEGHA,MEGHA,MEGHA-PPH 200 GMS,PLPCH,200.000 GM,,,200.0,GM,0.0
107,26/11/2024,202411,3,122041029,12303030071,1732152899034,99765326,124,DEUTI GUTKHA INDUSTRIES,MEGHA SHREE PREMIUM,MEGHA SHREE PREMIUM-MEGHA SHREE-REGULAR-PPH 2.20GM,5.0,2.20GM,PPH,,,RECODING,5,5,47744,155.65352,122,H.B INDUSTRIES-NEPAL,MEGHA,MEGHA,MEGHA-FLOWER FRESH PPH 3000 GMS,PLPCH,3000.000 GM,,,3000.0,GM,0.0
107,26/11/2024,202411,3,122041029,12303030071,1732152899034,99765326,124,DEUTI GUTKHA INDUSTRIES,MEGHA SHREE PREMIUM,MEGHA SHREE PREMIUM-MEGHA SHREE-REGULAR-PPH 2.20GM,5.0,2.20GM,PPH,,,RECODING,5,6,93026122,157.62292,122,H.B INDUSTRIES-NEPAL,MEGHA,MEGHA,MEGHA-FLOWER FRESH PPH 500 GMS,PLPCH,500.000 GM,,,500.0,GM,0.0
107,26/11/2024,202411,3,122041029,12303030071,1732152899034,99765326,124,DEUTI GUTKHA INDUSTRIES,MEGHA SHREE PREMIUM,MEGHA SHREE PREMIUM-MEGHA SHREE-REGULAR-PPH 2.20GM,5.0,2.20GM,PPH,,,RECODING,5,7,93026899,157.67845,122,H.B INDUSTRIES-NEPAL,MEGHA,MEGHA,MEGHA-PPH 1000 GMS,PLPCH,1000.000 GM,,,1000.0,GM,0.0
107,26/11/2024,202411,3,122041029,12303030071,1732152899034,99765326,124,DEUTI GUTKHA INDUSTRIES,MEGHA SHREE PREMIUM,MEGHA SHREE PREMIUM-MEGHA SHREE-REGULAR-PPH 2.20GM,5.0,2.20GM,PPH,,,RECODING,5,8,99762301,171.37595,125,DEUTI GUTKHA INDUSTRIES,RADHA EXTRA POWER,RADHA EXTRA POWER,8G KHAINI,PLAST,8G,REGULAR,,8.0,,0.0
107,26/11/2024,202411,3,122041029,12303030071,1732152899034,99765326,124,DEUTI GUTKHA INDUSTRIES,MEGHA SHREE PREMIUM,MEGHA SHREE PREMIUM-MEGHA SHREE-REGULAR-PPH 2.20GM,5.0,2.20GM,PPH,,,RECODING,5,9,54891,172.5993,122,SHREE NATH INTERNATIONAL-IND,MOZ,MOZ,MOZ-PPH 500 GM,PLPCH,500.000 GM,,,500.0,GM,0.0
107,26/11/2024,202411,3,122041029,12303030071,1732152899034,99765326,124,DEUTI GUTKHA INDUSTRIES,MEGHA SHREE PREMIUM,MEGHA SHREE PREMIUM-MEGHA SHREE-REGULAR-PPH 2.20GM,5.0,2.20GM,PPH,,,RECODING,5,10,99762273,182.46066,124,SHREE MEENAKSHI PRODUCTS NEPAL,GOA,GOA PREMIUM 1000,2G GUTKA,PLAST,2G,REGULAR,,2.0,,0.0
108,26/11/2024,202411,3,121758224,12303030081,1732152899034,99765326,124,DEUTI GUTKHA INDUSTRIES,MEGHA SHREE PREMIUM,MEGHA SHREE PREMIUM-MEGHA SHREE-REGULAR-PPH 2.20GM,5.0,2.20GM,PPH,,,RECODING,5,1,99765326,105.40611,124,DEUTI GUTKHA INDUSTRIES,MEGHA SHREE,MEGHA SHREE PREMIUM,2.20G GUTKA,PLAST,2.20G,REGULAR,,2.2,GM,5.0
108,26/11/2024,202411,3,121758224,12303030081,1732152899034,99765326,124,DEUTI GUTKHA INDUSTRIES,MEGHA SHREE PREMIUM,MEGHA SHREE PREMIUM-MEGHA SHREE-REGULAR-PPH 2.20GM,5.0,2.20GM,PPH,,,RECODING,5,2,99762223,109.596214,124,DEUTI GUTKHA INDUSTRIES,MEGHA SHREE,MEGHA SHREE PREMIUM,2.3G GUTKA,PLAST,2.3G,REGULAR,,2.3,,0.0
108,26/11/2024,202411,3,121758224,12303030081,1732152899034,99765326,124,DEUTI GUTKHA INDUSTRIES,MEGHA SHREE PREMIUM,MEGHA SHREE PREMIUM-MEGHA SHREE-REGULAR-PPH 2.20GM,5.0,2.20GM,PPH,,,RECODING,5,3,99764162,113.16812,124,DEUTI GUTKHA INDUSTRIES,MEGHA SHREE,MEGHA SHREE PREMIUM,2.14G GUTKA,PLAST,2.14G,REGULAR,,2.14,GM,5.0
108,26/11/2024,202411,3,121758224,12303030081,1732152899034,99765326,124,DEUTI GUTKHA INDUSTRIES,MEGHA SHREE PREMIUM,MEGHA SHREE PREMIUM-MEGHA SHREE-REGULAR-PPH 2.20GM,5.0,2.20GM,PPH,,,RECODING,5,4,93025975,153.00412,122,H.B INDUSTRIES-NEPAL,MEGHA,MEGHA,MEGHA-PPH 200 GMS,PLPCH,200.000 GM,,,200.0,GM,0.0
108,26/11/2024,202411,3,121758224,12303030081,1732152899034,99765326,124,DEUTI GUTKHA INDUSTRIES,MEGHA SHREE PREMIUM,MEGHA SHREE PREMIUM-MEGHA SHREE-REGULAR-PPH 2.20GM,5.0,2.20GM,PPH,,,RECODING,5,5,47744,158.09874,122,H.B INDUSTRIES-NEPAL,MEGHA,MEGHA,MEGHA-FLOWER FRESH PPH 3000 GMS,PLPCH,3000.000 GM,,,3000.0,GM,0.0
108,26/11/2024,202411,3,121758224,12303030081,1732152899034,99765326,124,DEUTI GUTKHA INDUSTRIES,MEGHA SHREE PREMIUM,MEGHA SHREE PREMIUM-MEGHA SHREE-REGULAR-PPH 2.20GM,5.0,2.20GM,PPH,,,RECODING,5,6,93026899,159.16188,122,H.B INDUSTRIES-NEPAL,MEGHA,MEGHA,MEGHA-PPH 1000 GMS,PLPCH,1000.000 GM,,,1000.0,GM,0.0
108,26/11/2024,202411,3,121758224,12303030081,1732152899034,99765326,124,DEUTI GUTKHA INDUSTRIES,MEGHA SHREE PREMIUM,MEGHA SHREE PREMIUM-MEGHA SHREE-REGULAR-PPH 2.20GM,5.0,2.20GM,PPH,,,RECODING,5,7,93026122,159.75073,122,H.B INDUSTRIES-NEPAL,MEGHA,MEGHA,MEGHA-FLOWER FRESH PPH 500 GMS,PLPCH,500.000 GM,,,500.0,GM,0.0
108,26/11/2024,202411,3,121758224,12303030081,1732152899034,99765326,124,DEUTI GUTKHA INDUSTRIES,MEGHA SHREE PREMIUM,MEGHA SHREE PREMIUM-MEGHA SHREE-REGULAR-PPH 2.20GM,5.0,2.20GM,PPH,,,RECODING,5,8,54891,173.72061,122,SHREE NATH INTERNATIONAL-IND,MOZ,MOZ,MOZ-PPH 500 GM,PLPCH,500.000 GM,,,500.0,GM,0.0
108,26/11/2024,202411,3,121758224,12303030081,1732152899034,99765326,124,DEUTI GUTKHA INDUSTRIES,MEGHA SHREE PREMIUM,MEGHA SHREE PREMIUM-MEGHA SHREE-REGULAR-PPH 2.20GM,5.0,2.20GM,PPH,,,RECODING,5,9,99762301,175.27385,125,DEUTI GUTKHA INDUSTRIES,RADHA EXTRA POWER,RADHA EXTRA POWER,8G KHAINI,PLAST,8G,REGULAR,,8.0,,0.0
108,26/11/2024,202411,3,121758224,12303030081,1732152899034,99765326,124,DEUTI GUTKHA INDUSTRIES,MEGHA SHREE PREMIUM,MEGHA SHREE PREMIUM-MEGHA SHREE-REGULAR-PPH 2.20GM,5.0,2.20GM,PPH,,,RECODING,5,10,54269,185.06702,122,SHREE GIRRAJ GRAMN VKSH STN-IN,MOZ,MOZ,MOZ-PPH 1000 GM,PLPCH,1000.000 GM,,,1000.0,GM,0.0
109,26/11/2024,202411,3,1210102730,12101030173,1732251636707,99765320,126,MADHU CHEMICAL COMPANY,MADHU,MADHU SWEET- SUPARI PPH 1.45 GM.,3.0,1.45GM,PPH,,,RECODING,5,1,99765320,119.094696,126,MADHU CHEMICAL COMPANY,MADHU,MADHU,1.45G PAAN MASALA,PLAST,1.45G,SWEET,,1.45,GM,3.0
109,26/11/2024,202411,3,1210102730,12101030173,1732251636707,99765320,126,MADHU CHEMICAL COMPANY,MADHU,MADHU SWEET- SUPARI PPH 1.45 GM.,3.0,1.45GM,PPH,,,RECODING,5,2,99762215,132.34381,126,MADHU CHEMICAL COMPANY,MADHU,MADHU,1.25G PAAN MASALA,PLAST,1.25G,SWEET,,1.25,,0.0
109,26/11/2024,202411,3,1210102730,12101030173,1732251636707,99765320,126,MADHU CHEMICAL COMPANY,MADHU,MADHU SWEET- SUPARI PPH 1.45 GM.,3.0,1.45GM,PPH,,,RECODING,5,3,48360,159.03699,106,MAHENDRA INDUSTRIES-INDIA,MADHUR,MADHUR KING POP,MADHUR KING POP-LOLLIPOP PPH 9 GM,PLPCH,9.000 GM,UNSPECIFIED,,9.0,GM,0.0
109,26/11/2024,202411,3,1210102730,12101030173,1732251636707,99765320,126,MADHU CHEMICAL COMPANY,MADHU,MADHU SWEET- SUPARI PPH 1.45 GM.,3.0,1.45GM,PPH,,,RECODING,5,4,91827177,159.62561,106,MAHENDRA INDUSTRIES-INDIA,MADHUR,MADHUR,MADHUR- LAL PAAN PPH 5 GM,PLPCH,5.000 GM,PAAN,,5.0,GM,0.0
109,26/11/2024,202411,3,1210102730,12101030173,1732251636707,99765320,126,MADHU CHEMICAL COMPANY,MADHU,MADHU SWEET- SUPARI PPH 1.45 GM.,3.0,1.45GM,PPH,,,RECODING,5,5,91827176,159.82324,106,MAHENDRA INDUSTRIES-INDIA,MADHUR,MADHUR TRUE LOVE,MADHUR TRUE LOVE- STRAWBERRY PPH 6 GM,PLPCH,6.000 GM,STRAWBERRY,,6.0,GM,0.0
109,26/11/2024,202411,3,1210102730,12101030173,1732251636707,99765320,126,MADHU CHEMICAL COMPANY,MADHU,MADHU SWEET- SUPARI PPH 1.45 GM.,3.0,1.45GM,PPH,,,RECODING,5,6,54103,160.81207,106,MAHENDRA INDUSTRIES-INDIA,MADHUR,MADHUR TRUE LOVE,MADHUR TRUE LOVE-PEACH PPH 5 GM,PLPCH,5.000 GM,PEACH,,5.0,GM,0.0
109,26/11/2024,202411,3,1210102730,12101030173,1732251636707,99765320,126,MADHU CHEMICAL COMPANY,MADHU,MADHU SWEET- SUPARI PPH 1.45 GM.,3.0,1.45GM,PPH,,,RECODING,5,7,47744,161.6692,122,H.B INDUSTRIES-NEPAL,MEGHA,MEGHA,MEGHA-FLOWER FRESH PPH 3000 GMS,PLPCH,3000.000 GM,,,3000.0,GM,0.0
109,26/11/2024,202411,3,1210102730,12101030173,1732251636707,99765320,126,MADHU CHEMICAL COMPANY,MADHU,MADHU SWEET- SUPARI PPH 1.45 GM.,3.0,1.45GM,PPH,,,RECODING,5,8,54101,162.29471,106,MAHENDRA INDUSTRIES-INDIA,MADHUR,MADHUR TRUE LOVE,MADHUR TRUE LOVE-TAMARIND PPH 5 GM,PLPCH,5.000 GM,TAMARIND,,5.0,GM,0.0
109,26/11/2024,202411,3,1210102730,12101030173,1732251636707,99765320,126,MADHU CHEMICAL COMPANY,MADHU,MADHU SWEET- SUPARI PPH 1.45 GM.,3.0,1.45GM,PPH,,,RECODING,5,9,91826568,163.8308,106,MAHENDRA INDUSTRIES-INDIA,MADHUR,MADHUR TRUE LOVE,MADHUR TRUE LOVE- ORANGE PPH 6 GM,PLPCH,6.000 GM,ORANGE,,6.0,GM,0.0
109,26/11/2024,202411,3,1210102730,12101030173,1732251636707,99765320,126,MADHU CHEMICAL COMPANY,MADHU,MADHU SWEET- SUPARI PPH 1.45 GM.,3.0,1.45GM,PPH,,,RECODING,5,10,46537,164.39273,106,MAHENDRA INDUSTRIES-INDIA,MADHUR,MADHUR,MADHUR- LAL PAAN PPH 6 GM,PLPCH,6.000 GM,PAAN,,6.0,GM,0.0
110,26/11/2024,202411,3,1210102771,12101030228,1732251636707,99765320,126,MADHU CHEMICAL COMPANY,MADHU,MADHU SWEET- SUPARI PPH 1.45 GM.,3.0,1.45GM,PPH,Any other reason,,RECODING,5,1,99765320,171.81271,126,MADHU CHEMICAL COMPANY,MADHU,MADHU,1.45G PAAN MASALA,PLAST,1.45G,SWEET,,1.45,GM,3.0
110,26/11/2024,202411,3,1210102771,12101030228,1732251636707,99765320,126,MADHU CHEMICAL COMPANY,MADHU,MADHU SWEET- SUPARI PPH 1.45 GM.,3.0,1.45GM,PPH,Any other reason,,RECODING,5,2,99762215,182.74603,126,MADHU CHEMICAL COMPANY,MADHU,MADHU,1.25G PAAN MASALA,PLAST,1.25G,SWEET,,1.25,,0.0
110,26/11/2024,202411,3,1210102771,12101030228,1732251636707,99765320,126,MADHU CHEMICAL COMPANY,MADHU,MADHU SWEET- SUPARI PPH 1.45 GM.,3.0,1.45GM,PPH,Any other reason,,RECODING,5,3,91827177,185.01448,106,MAHENDRA INDUSTRIES-INDIA,MADHUR,MADHUR,MADHUR- LAL PAAN PPH 5 GM,PLPCH,5.000 GM,PAAN,,5.0,GM,0.0
110,26/11/2024,202411,3,1210102771,12101030228,1732251636707,99765320,126,MADHU CHEMICAL COMPANY,MADHU,MADHU SWEET- SUPARI PPH 1.45 GM.,3.0,1.45GM,PPH,Any other reason,,RECODING,5,4,54103,186.92444,106,MAHENDRA INDUSTRIES-INDIA,MADHUR,MADHUR TRUE LOVE,MADHUR TRUE LOVE-PEACH PPH 5 GM,PLPCH,5.000 GM,PEACH,,5.0,GM,0.0
110,26/11/2024,202411,3,1210102771,12101030228,1732251636707,99765320,126,MADHU CHEMICAL COMPANY,MADHU,MADHU SWEET- SUPARI PPH 1.45 GM.,3.0,1.45GM,PPH,Any other reason,,RECODING,5,5,54101,190.00377,106,MAHENDRA INDUSTRIES-INDIA,MADHUR,MADHUR TRUE LOVE,MADHUR TRUE LOVE-TAMARIND PPH 5 GM,PLPCH,5.000 GM,TAMARIND,,5.0,GM,0.0
110,26/11/2024,202411,3,1210102771,12101030228,1732251636707,99765320,126,MADHU CHEMICAL COMPANY,MADHU,MADHU SWEET- SUPARI PPH 1.45 GM.,3.0,1.45GM,PPH,Any other reason,,RECODING,5,6,48360,193.7398,106,MAHENDRA INDUSTRIES-INDIA,MADHUR,MADHUR KING POP,MADHUR KING POP-LOLLIPOP PPH 9 GM,PLPCH,9.000 GM,UNSPECIFIED,,9.0,GM,0.0
110,26/11/2024,202411,3,1210102771,12101030228,1732251636707,99765320,126,MADHU CHEMICAL COMPANY,MADHU,MADHU SWEET- SUPARI PPH 1.45 GM.,3.0,1.45GM,PPH,Any other reason,,RECODING,5,7,91827305,195.12111,106,DEEPAK RIDDHI SIDDHI PRODT-NP,DEEPAK,DEEPAK RAMAILO CHATAPATA CANDY,DEEPAK RAMAILO CHATAPATA CANDY-PPH 4 GM,PLPCH,4.000 GM,UNSPECIFIED,,4.0,GM,0.0
110,26/11/2024,202411,3,1210102771,12101030228,1732251636707,99765320,126,MADHU CHEMICAL COMPANY,MADHU,MADHU SWEET- SUPARI PPH 1.45 GM.,3.0,1.45GM,PPH,Any other reason,,RECODING,5,8,91827176,195.2601,106,MAHENDRA INDUSTRIES-INDIA,MADHUR,MADHUR TRUE LOVE,MADHUR TRUE LOVE- STRAWBERRY PPH 6 GM,PLPCH,6.000 GM,STRAWBERRY,,6.0,GM,0.0
110,26/11/2024,202411,3,1210102771,12101030228,1732251636707,99765320,126,MADHU CHEMICAL COMPANY,MADHU,MADHU SWEET- SUPARI PPH 1.45 GM.,3.0,1.45GM,PPH,Any other reason,,RECODING,5,9,91826566,197.16731,106,MAHENDRA INDUSTRIES-INDIA,MADHUR,MADHUR ECLAIRS,MADHUR ECLAIRS- COFFEE PPH 4.5 GM,PLPCH,4.500 GM,COFFEE,,4.5,GM,0.0
110,26/11/2024,202411,3,1210102771,12101030228,1732251636707,99765320,126,MADHU CHEMICAL COMPANY,MADHU,MADHU SWEET- SUPARI PPH 1.45 GM.,3.0,1.45GM,PPH,Any other reason,,RECODING,5,10,91826568,197.60078,106,MAHENDRA INDUSTRIES-INDIA,MADHUR,MADHUR TRUE LOVE,MADHUR TRUE LOVE- ORANGE PPH 6 GM,PLPCH,6.000 GM,ORANGE,,6.0,GM,0.0
111,26/11/2024,202411,3,1210101167,12101030057,1732251636707,99765320,126,MADHU CHEMICAL COMPANY,MADHU,MADHU SWEET- SUPARI PPH 1.45 GM.,3.0,1.45GM,PPH,,,RECODING,5,1,99765320,115.93102,126,MADHU CHEMICAL COMPANY,MADHU,MADHU,1.45G PAAN MASALA,PLAST,1.45G,SWEET,,1.45,GM,3.0
111,26/11/2024,202411,3,1210101167,12101030057,1732251636707,99765320,126,MADHU CHEMICAL COMPANY,MADHU,MADHU SWEET- SUPARI PPH 1.45 GM.,3.0,1.45GM,PPH,,,RECODING,5,2,99762215,130.44806,126,MADHU CHEMICAL COMPANY,MADHU,MADHU,1.25G PAAN MASALA,PLAST,1.25G,SWEET,,1.25,,0.0
111,26/11/2024,202411,3,1210101167,12101030057,1732251636707,99765320,126,MADHU CHEMICAL COMPANY,MADHU,MADHU SWEET- SUPARI PPH 1.45 GM.,3.0,1.45GM,PPH,,,RECODING,5,3,91827176,158.76578,106,MAHENDRA INDUSTRIES-INDIA,MADHUR,MADHUR TRUE LOVE,MADHUR TRUE LOVE- STRAWBERRY PPH 6 GM,PLPCH,6.000 GM,STRAWBERRY,,6.0,GM,0.0
111,26/11/2024,202411,3,1210101167,12101030057,1732251636707,99765320,126,MADHU CHEMICAL COMPANY,MADHU,MADHU SWEET- SUPARI PPH 1.45 GM.,3.0,1.45GM,PPH,,,RECODING,5,4,48360,158.79716,106,MAHENDRA INDUSTRIES-INDIA,MADHUR,MADHUR KING POP,MADHUR KING POP-LOLLIPOP PPH 9 GM,PLPCH,9.000 GM,UNSPECIFIED,,9.0,GM,0.0
111,26/11/2024,202411,3,1210101167,12101030057,1732251636707,99765320,126,MADHU CHEMICAL COMPANY,MADHU,MADHU SWEET- SUPARI PPH 1.45 GM.,3.0,1.45GM,PPH,,,RECODING,5,5,91827177,158.91492,106,MAHENDRA INDUSTRIES-INDIA,MADHUR,MADHUR,MADHUR- LAL PAAN PPH 5 GM,PLPCH,5.000 GM,PAAN,,5.0,GM,0.0
111,26/11/2024,202411,3,1210101167,12101030057,1732251636707,99765320,126,MADHU CHEMICAL COMPANY,MADHU,MADHU SWEET- SUPARI PPH 1.45 GM.,3.0,1.45GM,PPH,,,RECODING,5,6,47744,159.82565,122,H.B INDUSTRIES-NEPAL,MEGHA,MEGHA,MEGHA-FLOWER FRESH PPH 3000 GMS,PLPCH,3000.000 GM,,,3000.0,GM,0.0
111,26/11/2024,202411,3,1210101167,12101030057,1732251636707,99765320,126,MADHU CHEMICAL COMPANY,MADHU,MADHU SWEET- SUPARI PPH 1.45 GM.,3.0,1.45GM,PPH,,,RECODING,5,7,54103,160.1083,106,MAHENDRA INDUSTRIES-INDIA,MADHUR,MADHUR TRUE LOVE,MADHUR TRUE LOVE-PEACH PPH 5 GM,PLPCH,5.000 GM,PEACH,,5.0,GM,0.0
111,26/11/2024,202411,3,1210101167,12101030057,1732251636707,99765320,126,MADHU CHEMICAL COMPANY,MADHU,MADHU SWEET- SUPARI PPH 1.45 GM.,3.0,1.45GM,PPH,,,RECODING,5,8,54101,161.46008,106,MAHENDRA INDUSTRIES-INDIA,MADHUR,MADHUR TRUE LOVE,MADHUR TRUE LOVE-TAMARIND PPH 5 GM,PLPCH,5.000 GM,TAMARIND,,5.0,GM,0.0
111,26/11/2024,202411,3,1210101167,12101030057,1732251636707,99765320,126,MADHU CHEMICAL COMPANY,MADHU,MADHU SWEET- SUPARI PPH 1.45 GM.,3.0,1.45GM,PPH,,,RECODING,5,9,91826568,162.6437,106,MAHENDRA INDUSTRIES-INDIA,MADHUR,MADHUR TRUE LOVE,MADHUR TRUE LOVE- ORANGE PPH 6 GM,PLPCH,6.000 GM,ORANGE,,6.0,GM,0.0
111,26/11/2024,202411,3,1210101167,12101030057,1732251636707,99765320,126,MADHU CHEMICAL COMPANY,MADHU,MADHU SWEET- SUPARI PPH 1.45 GM.,3.0,1.45GM,PPH,,,RECODING,5,10,93026122,162.71332,122,H.B INDUSTRIES-NEPAL,MEGHA,MEGHA,MEGHA-FLOWER FRESH PPH 500 GMS,PLPCH,500.000 GM,,,500.0,GM,0.0
112,26/11/2024,202411,3,1210101722,12101030157,1732251636707,99765320,126,MADHU CHEMICAL COMPANY,MADHU,MADHU SWEET- SUPARI PPH 1.45 GM.,3.0,1.45GM,PPH,,,RECODING,5,1,99765320,117.50095,126,MADHU CHEMICAL COMPANY,MADHU,MADHU,1.45G PAAN MASALA,PLAST,1.45G,SWEET,,1.45,GM,3.0
112,26/11/2024,202411,3,1210101722,12101030157,1732251636707,99765320,126,MADHU CHEMICAL COMPANY,MADHU,MADHU SWEET- SUPARI PPH 1.45 GM.,3.0,1.45GM,PPH,,,RECODING,5,2,99762215,132.03307,126,MADHU CHEMICAL COMPANY,MADHU,MADHU,1.25G PAAN MASALA,PLAST,1.25G,SWEET,,1.25,,0.0
112,26/11/2024,202411,3,1210101722,12101030157,1732251636707,99765320,126,MADHU CHEMICAL COMPANY,MADHU,MADHU SWEET- SUPARI PPH 1.45 GM.,3.0,1.45GM,PPH,,,RECODING,5,3,91827177,158.58607,106,MAHENDRA INDUSTRIES-INDIA,MADHUR,MADHUR,MADHUR- LAL PAAN PPH 5 GM,PLPCH,5.000 GM,PAAN,,5.0,GM,0.0
112,26/11/2024,202411,3,1210101722,12101030157,1732251636707,99765320,126,MADHU CHEMICAL COMPANY,MADHU,MADHU SWEET- SUPARI PPH 1.45 GM.,3.0,1.45GM,PPH,,,RECODING,5,4,48360,158.59775,106,MAHENDRA INDUSTRIES-INDIA,MADHUR,MADHUR KING POP,MADHUR KING POP-LOLLIPOP PPH 9 GM,PLPCH,9.000 GM,UNSPECIFIED,,9.0,GM,0.0
112,26/11/2024,202411,3,1210101722,12101030157,1732251636707,99765320,126,MADHU CHEMICAL COMPANY,MADHU,MADHU SWEET- SUPARI PPH 1.45 GM.,3.0,1.45GM,PPH,,,RECODING,5,5,91827176,158.94861,106,MAHENDRA INDUSTRIES-INDIA,MADHUR,MADHUR TRUE LOVE,MADHUR TRUE LOVE- STRAWBERRY PPH 6 GM,PLPCH,6.000 GM,STRAWBERRY,,6.0,GM,0.0
112,26/11/2024,202411,3,1210101722,12101030157,1732251636707,99765320,126,MADHU CHEMICAL COMPANY,MADHU,MADHU SWEET- SUPARI PPH 1.45 GM.,3.0,1.45GM,PPH,,,RECODING,5,6,54103,160.07925,106,MAHENDRA INDUSTRIES-INDIA,MADHUR,MADHUR TRUE LOVE,MADHUR TRUE LOVE-PEACH PPH 5 GM,PLPCH,5.000 GM,PEACH,,5.0,GM,0.0
112,26/11/2024,202411,3,1210101722,12101030157,1732251636707,99765320,126,MADHU CHEMICAL COMPANY,MADHU,MADHU SWEET- SUPARI PPH 1.45 GM.,3.0,1.45GM,PPH,,,RECODING,5,7,47744,160.54147,122,H.B INDUSTRIES-NEPAL,MEGHA,MEGHA,MEGHA-FLOWER FRESH PPH 3000 GMS,PLPCH,3000.000 GM,,,3000.0,GM,0.0
112,26/11/2024,202411,3,1210101722,12101030157,1732251636707,99765320,126,MADHU CHEMICAL COMPANY,MADHU,MADHU SWEET- SUPARI PPH 1.45 GM.,3.0,1.45GM,PPH,,,RECODING,5,8,54101,161.20554,106,MAHENDRA INDUSTRIES-INDIA,MADHUR,MADHUR TRUE LOVE,MADHUR TRUE LOVE-TAMARIND PPH 5 GM,PLPCH,5.000 GM,TAMARIND,,5.0,GM,0.0
112,26/11/2024,202411,3,1210101722,12101030157,1732251636707,99765320,126,MADHU CHEMICAL COMPANY,MADHU,MADHU SWEET- SUPARI PPH 1.45 GM.,3.0,1.45GM,PPH,,,RECODING,5,9,91826568,162.8959,106,MAHENDRA INDUSTRIES-INDIA,MADHUR,MADHUR TRUE LOVE,MADHUR TRUE LOVE- ORANGE PPH 6 GM,PLPCH,6.000 GM,ORANGE,,6.0,GM,0.0
112,26/11/2024,202411,3,1210101722,12101030157,1732251636707,99765320,126,MADHU CHEMICAL COMPANY,MADHU,MADHU SWEET- SUPARI PPH 1.45 GM.,3.0,1.45GM,PPH,,,RECODING,5,10,46537,163.20987,106,MAHENDRA INDUSTRIES-INDIA,MADHUR,MADHUR,MADHUR- LAL PAAN PPH 6 GM,PLPCH,6.000 GM,PAAN,,6.0,GM,0.0
113,26/11/2024,202411,3,1210101154,12101030035,1732251636707,99765320,126,MADHU CHEMICAL COMPANY,MADHU,MADHU SWEET- SUPARI PPH 1.45 GM.,3.0,1.45GM,PPH,,,RECODING,5,1,99765320,116.97743,126,MADHU CHEMICAL COMPANY,MADHU,MADHU,1.45G PAAN MASALA,PLAST,1.45G,SWEET,,1.45,GM,3.0
113,26/11/2024,202411,3,1210101154,12101030035,1732251636707,99765320,126,MADHU CHEMICAL COMPANY,MADHU,MADHU SWEET- SUPARI PPH 1.45 GM.,3.0,1.45GM,PPH,,,RECODING,5,2,99762215,131.42194,126,MADHU CHEMICAL COMPANY,MADHU,MADHU,1.25G PAAN MASALA,PLAST,1.25G,SWEET,,1.25,,0.0
113,26/11/2024,202411,3,1210101154,12101030035,1732251636707,99765320,126,MADHU CHEMICAL COMPANY,MADHU,MADHU SWEET- SUPARI PPH 1.45 GM.,3.0,1.45GM,PPH,,,RECODING,5,3,48360,158.26772,106,MAHENDRA INDUSTRIES-INDIA,MADHUR,MADHUR KING POP,MADHUR KING POP-LOLLIPOP PPH 9 GM,PLPCH,9.000 GM,UNSPECIFIED,,9.0,GM,0.0
113,26/11/2024,202411,3,1210101154,12101030035,1732251636707,99765320,126,MADHU CHEMICAL COMPANY,MADHU,MADHU SWEET- SUPARI PPH 1.45 GM.,3.0,1.45GM,PPH,,,RECODING,5,4,91827177,158.30452,106,MAHENDRA INDUSTRIES-INDIA,MADHUR,MADHUR,MADHUR- LAL PAAN PPH 5 GM,PLPCH,5.000 GM,PAAN,,5.0,GM,0.0
113,26/11/2024,202411,3,1210101154,12101030035,1732251636707,99765320,126,MADHU CHEMICAL COMPANY,MADHU,MADHU SWEET- SUPARI PPH 1.45 GM.,3.0,1.45GM,PPH,,,RECODING,5,5,91827176,159.08636,106,MAHENDRA INDUSTRIES-INDIA,MADHUR,MADHUR TRUE LOVE,MADHUR TRUE LOVE- STRAWBERRY PPH 6 GM,PLPCH,6.000 GM,STRAWBERRY,,6.0,GM,0.0
113,26/11/2024,202411,3,1210101154,12101030035,1732251636707,99765320,126,MADHU CHEMICAL COMPANY,MADHU,MADHU SWEET- SUPARI PPH 1.45 GM.,3.0,1.45GM,PPH,,,RECODING,5,6,47744,160.01048,122,H.B INDUSTRIES-NEPAL,MEGHA,MEGHA,MEGHA-FLOWER FRESH PPH 3000 GMS,PLPCH,3000.000 GM,,,3000.0,GM,0.0
113,26/11/2024,202411,3,1210101154,12101030035,1732251636707,99765320,126,MADHU CHEMICAL COMPANY,MADHU,MADHU SWEET- SUPARI PPH 1.45 GM.,3.0,1.45GM,PPH,,,RECODING,5,7,54103,160.15036,106,MAHENDRA INDUSTRIES-INDIA,MADHUR,MADHUR TRUE LOVE,MADHUR TRUE LOVE-PEACH PPH 5 GM,PLPCH,5.000 GM,PEACH,,5.0,GM,0.0
113,26/11/2024,202411,3,1210101154,12101030035,1732251636707,99765320,126,MADHU CHEMICAL COMPANY,MADHU,MADHU SWEET- SUPARI PPH 1.45 GM.,3.0,1.45GM,PPH,,,RECODING,5,8,54101,161.17474,106,MAHENDRA INDUSTRIES-INDIA,MADHUR,MADHUR TRUE LOVE,MADHUR TRUE LOVE-TAMARIND PPH 5 GM,PLPCH,5.000 GM,TAMARIND,,5.0,GM,0.0
113,26/11/2024,202411,3,1210101154,12101030035,1732251636707,99765320,126,MADHU CHEMICAL COMPANY,MADHU,MADHU SWEET- SUPARI PPH 1.45 GM.,3.0,1.45GM,PPH,,,RECODING,5,9,91826568,162.35214,106,MAHENDRA INDUSTRIES-INDIA,MADHUR,MADHUR TRUE LOVE,MADHUR TRUE LOVE- ORANGE PPH 6 GM,PLPCH,6.000 GM,ORANGE,,6.0,GM,0.0
113,26/11/2024,202411,3,1210101154,12101030035,1732251636707,99765320,126,MADHU CHEMICAL COMPANY,MADHU,MADHU SWEET- SUPARI PPH 1.45 GM.,3.0,1.45GM,PPH,,,RECODING,5,10,93026122,162.92123,122,H.B INDUSTRIES-NEPAL,MEGHA,MEGHA,MEGHA-FLOWER FRESH PPH 500 GMS,PLPCH,500.000 GM,,,500.0,GM,0.0
114,26/11/2024,202411,3,1210102768,12101030225,1732251636707,99765320,126,MADHU CHEMICAL COMPANY,MADHU,MADHU SWEET- SUPARI PPH 1.45 GM.,3.0,1.45GM,PPH,,,RECODING,5,1,99765320,118.8777,126,MADHU CHEMICAL COMPANY,MADHU,MADHU,1.45G PAAN MASALA,PLAST,1.45G,SWEET,,1.45,GM,3.0
114,26/11/2024,202411,3,1210102768,12101030225,1732251636707,99765320,126,MADHU CHEMICAL COMPANY,MADHU,MADHU SWEET- SUPARI PPH 1.45 GM.,3.0,1.45GM,PPH,,,RECODING,5,2,99762215,132.17613,126,MADHU CHEMICAL COMPANY,MADHU,MADHU,1.25G PAAN MASALA,PLAST,1.25G,SWEET,,1.25,,0.0
114,26/11/2024,202411,3,1210102768,12101030225,1732251636707,99765320,126,MADHU CHEMICAL COMPANY,MADHU,MADHU SWEET- SUPARI PPH 1.45 GM.,3.0,1.45GM,PPH,,,RECODING,5,3,48360,159.02579,106,MAHENDRA INDUSTRIES-INDIA,MADHUR,MADHUR KING POP,MADHUR KING POP-LOLLIPOP PPH 9 GM,PLPCH,9.000 GM,UNSPECIFIED,,9.0,GM,0.0
114,26/11/2024,202411,3,1210102768,12101030225,1732251636707,99765320,126,MADHU CHEMICAL COMPANY,MADHU,MADHU SWEET- SUPARI PPH 1.45 GM.,3.0,1.45GM,PPH,,,RECODING,5,4,91827177,159.34714,106,MAHENDRA INDUSTRIES-INDIA,MADHUR,MADHUR,MADHUR- LAL PAAN PPH 5 GM,PLPCH,5.000 GM,PAAN,,5.0,GM,0.0
114,26/11/2024,202411,3,1210102768,12101030225,1732251636707,99765320,126,MADHU CHEMICAL COMPANY,MADHU,MADHU SWEET- SUPARI PPH 1.45 GM.,3.0,1.45GM,PPH,,,RECODING,5,5,91827176,159.6474,106,MAHENDRA INDUSTRIES-INDIA,MADHUR,MADHUR TRUE LOVE,MADHUR TRUE LOVE- STRAWBERRY PPH 6 GM,PLPCH,6.000 GM,STRAWBERRY,,6.0,GM,0.0
114,26/11/2024,202411,3,1210102768,12101030225,1732251636707,99765320,126,MADHU CHEMICAL COMPANY,MADHU,MADHU SWEET- SUPARI PPH 1.45 GM.,3.0,1.45GM,PPH,,,RECODING,5,6,54103,160.78479,106,MAHENDRA INDUSTRIES-INDIA,MADHUR,MADHUR TRUE LOVE,MADHUR TRUE LOVE-PEACH PPH 5 GM,PLPCH,5.000 GM,PEACH,,5.0,GM,0.0
114,26/11/2024,202411,3,1210102768,12101030225,1732251636707,99765320,126,MADHU CHEMICAL COMPANY,MADHU,MADHU SWEET- SUPARI PPH 1.45 GM.,3.0,1.45GM,PPH,,,RECODING,5,7,54101,161.75595,106,MAHENDRA INDUSTRIES-INDIA,MADHUR,MADHUR TRUE LOVE,MADHUR TRUE LOVE-TAMARIND PPH 5 GM,PLPCH,5.000 GM,TAMARIND,,5.0,GM,0.0
114,26/11/2024,202411,3,1210102768,12101030225,1732251636707,99765320,126,MADHU CHEMICAL COMPANY,MADHU,MADHU SWEET- SUPARI PPH 1.45 GM.,3.0,1.45GM,PPH,,,RECODING,5,8,47744,162.48718,122,H.B INDUSTRIES-NEPAL,MEGHA,MEGHA,MEGHA-FLOWER FRESH PPH 3000 GMS,PLPCH,3000.000 GM,,,3000.0,GM,0.0
114,26/11/2024,202411,3,1210102768,12101030225,1732251636707,99765320,126,MADHU CHEMICAL COMPANY,MADHU,MADHU SWEET- SUPARI PPH 1.45 GM.,3.0,1.45GM,PPH,,,RECODING,5,9,91826568,163.32826,106,MAHENDRA INDUSTRIES-INDIA,MADHUR,MADHUR TRUE LOVE,MADHUR TRUE LOVE- ORANGE PPH 6 GM,PLPCH,6.000 GM,ORANGE,,6.0,GM,0.0
114,26/11/2024,202411,3,1210102768,12101030225,1732251636707,99765320,126,MADHU CHEMICAL COMPANY,MADHU,MADHU SWEET- SUPARI PPH 1.45 GM.,3.0,1.45GM,PPH,,,RECODING,5,10,46537,163.77582,106,MAHENDRA INDUSTRIES-INDIA,MADHUR,MADHUR,MADHUR- LAL PAAN PPH 6 GM,PLPCH,6.000 GM,PAAN,,6.0,GM,0.0
115,26/11/2024,202411,2,132860456,31303020016,1732265998135,99765330,134,AGRO THAI FOODS PVT LTD-NEPAL,JUICE JELLY,JUICE JELLY-STRAWBERRY PBT 320 ML,99.0,320ML,PBT,,1732265998135-agro thai foods pvt ltd-nepal-juice jelly#3.png,RECODING,5,1,99765330,77.137146,118,AGRO THAI FOODS PVT LTD-NEPAL,JUICE JELLY,JUICE JELLY,STRAWBERRY PET 320 ML,PET,320.000 ML,STRAWBERRY,,320.0,ML,99.0
115,26/11/2024,202411,2,132860456,31303020016,1732265998135,99765330,134,AGRO THAI FOODS PVT LTD-NEPAL,JUICE JELLY,JUICE JELLY-STRAWBERRY PBT 320 ML,99.0,320ML,PBT,,1732265998135-agro thai foods pvt ltd-nepal-juice jelly#3.png,RECODING,5,2,99765317,92.04341,118,AGRO THAI FOODS PVT LTD-NEPAL,JUICE JELLY,JUICE JELLY,FRUIT COCKTAIL PET 320 ML,PET,320.000 ML,MIXED FRUIT,,320.0,ML,99.0
115,26/11/2024,202411,2,132860456,31303020016,1732265998135,99765330,134,AGRO THAI FOODS PVT LTD-NEPAL,JUICE JELLY,JUICE JELLY-STRAWBERRY PBT 320 ML,99.0,320ML,PBT,,1732265998135-agro thai foods pvt ltd-nepal-juice jelly#3.png,RECODING,5,3,99765294,98.44055,118,AGRO THAI FOODS PVT LTD-NEPAL,JUICE JELLY,JUICE JELLY,ORANGE PET 320 ML,PET,320.000 ML,ORANGE,,320.0,ML,99.0
115,26/11/2024,202411,2,132860456,31303020016,1732265998135,99765330,134,AGRO THAI FOODS PVT LTD-NEPAL,JUICE JELLY,JUICE JELLY-STRAWBERRY PBT 320 ML,99.0,320ML,PBT,,1732265998135-agro thai foods pvt ltd-nepal-juice jelly#3.png,RECODING,5,4,99765306,101.31332,118,AGRO THAI FOODS PVT LTD-NEPAL,JUICE JELLY,JUICE JELLY,POMEGRANATE PET 320 ML,PET,320.000 ML,POMEGRANATE,,320.0,ML,99.0
115,26/11/2024,202411,2,132860456,31303020016,1732265998135,99765330,134,AGRO THAI FOODS PVT LTD-NEPAL,JUICE JELLY,JUICE JELLY-STRAWBERRY PBT 320 ML,99.0,320ML,PBT,,1732265998135-agro thai foods pvt ltd-nepal-juice jelly#3.png,RECODING,5,5,99765295,102.38077,118,AGRO THAI FOODS PVT LTD-NEPAL,JUICE JELLY,JUICE JELLY,PINEAPPLE PET 320 ML,PET,320.000 ML,PINEAPPLE,,320.0,ML,99.0
115,26/11/2024,202411,2,132860456,31303020016,1732265998135,99765330,134,AGRO THAI FOODS PVT LTD-NEPAL,JUICE JELLY,JUICE JELLY-STRAWBERRY PBT 320 ML,99.0,320ML,PBT,,1732265998135-agro thai foods pvt ltd-nepal-juice jelly#3.png,RECODING,5,6,99765482,104.87016,118,AGRO THAI FOODS PVT LTD-NEPAL,JUICE JELLY,JUICE JELLY,PINK GUAVA PET 320 ML,PET,320.000 ML,GUAVA,,320.0,ML,99.0
115,26/11/2024,202411,2,132860456,31303020016,1732265998135,99765330,134,AGRO THAI FOODS PVT LTD-NEPAL,JUICE JELLY,JUICE JELLY-STRAWBERRY PBT 320 ML,99.0,320ML,PBT,,1732265998135-agro thai foods pvt ltd-nepal-juice jelly#3.png,RECODING,5,7,99765331,108.02142,118,AGRO THAI FOODS PVT LTD-NEPAL,JUICE JELLY,JUICE JELLY,CRANBERRY PET 320 ML,PET,320.000 ML,CRANBERRY,,320.0,ML,99.0
115,26/11/2024,202411,2,132860456,31303020016,1732265998135,99765330,134,AGRO THAI FOODS PVT LTD-NEPAL,JUICE JELLY,JUICE JELLY-STRAWBERRY PBT 320 ML,99.0,320ML,PBT,,1732265998135-agro thai foods pvt ltd-nepal-juice jelly#3.png,RECODING,5,8,99765309,115.93558,118,AGRO THAI FOODS PVT LTD-NEPAL,JUICE JELLY,JUICE JELLY,BLACK CURRENT PET 320 ML,PET,320.000 ML,BLACK CURRANT,,320.0,ML,99.0
115,26/11/2024,202411,2,132860456,31303020016,1732265998135,99765330,134,AGRO THAI FOODS PVT LTD-NEPAL,JUICE JELLY,JUICE JELLY-STRAWBERRY PBT 320 ML,99.0,320ML,PBT,,1732265998135-agro thai foods pvt ltd-nepal-juice jelly#3.png,RECODING,5,9,99765308,122.63747,118,AGRO THAI FOODS PVT LTD-NEPAL,JUICE JELLY,JUICE JELLY,LITCHI PET 320 ML,PET,320.000 ML,LYCHEE,,320.0,ML,99.0
115,26/11/2024,202411,2,132860456,31303020016,1732265998135,99765330,134,AGRO THAI FOODS PVT LTD-NEPAL,JUICE JELLY,JUICE JELLY-STRAWBERRY PBT 320 ML,99.0,320ML,PBT,,1732265998135-agro thai foods pvt ltd-nepal-juice jelly#3.png,RECODING,5,10,99765434,152.11183,118,AGRO THAI FOODS PVT LTD-NEPAL,FRUIT SHOOT,FRUIT SHOOT,PINK GUAVA PET 200 ML,PET,200.000 ML,GUAVA,,200.0,ML,40.0
116,26/11/2024,202411,3,1210102757,12101030210,1732251636707,99765320,126,MADHU CHEMICAL COMPANY,MADHU,MADHU SWEET- SUPARI PPH 1.45 GM.,3.0,1.45GM,PPH,Any other reason,,RECODING,5,1,99765320,169.43832,126,MADHU CHEMICAL COMPANY,MADHU,MADHU,1.45G PAAN MASALA,PLAST,1.45G,SWEET,,1.45,GM,3.0
116,26/11/2024,202411,3,1210102757,12101030210,1732251636707,99765320,126,MADHU CHEMICAL COMPANY,MADHU,MADHU SWEET- SUPARI PPH 1.45 GM.,3.0,1.45GM,PPH,Any other reason,,RECODING,5,2,99762215,180.64062,126,MADHU CHEMICAL COMPANY,MADHU,MADHU,1.25G PAAN MASALA,PLAST,1.25G,SWEET,,1.25,,0.0
116,26/11/2024,202411,3,1210102757,12101030210,1732251636707,99765320,126,MADHU CHEMICAL COMPANY,MADHU,MADHU SWEET- SUPARI PPH 1.45 GM.,3.0,1.45GM,PPH,Any other reason,,RECODING,5,3,91827177,183.17722,106,MAHENDRA INDUSTRIES-INDIA,MADHUR,MADHUR,MADHUR- LAL PAAN PPH 5 GM,PLPCH,5.000 GM,PAAN,,5.0,GM,0.0
116,26/11/2024,202411,3,1210102757,12101030210,1732251636707,99765320,126,MADHU CHEMICAL COMPANY,MADHU,MADHU SWEET- SUPARI PPH 1.45 GM.,3.0,1.45GM,PPH,Any other reason,,RECODING,5,4,54103,185.59102,106,MAHENDRA INDUSTRIES-INDIA,MADHUR,MADHUR TRUE LOVE,MADHUR TRUE LOVE-PEACH PPH 5 GM,PLPCH,5.000 GM,PEACH,,5.0,GM,0.0
116,26/11/2024,202411,3,1210102757,12101030210,1732251636707,99765320,126,MADHU CHEMICAL COMPANY,MADHU,MADHU SWEET- SUPARI PPH 1.45 GM.,3.0,1.45GM,PPH,Any other reason,,RECODING,5,5,54101,188.63678,106,MAHENDRA INDUSTRIES-INDIA,MADHUR,MADHUR TRUE LOVE,MADHUR TRUE LOVE-TAMARIND PPH 5 GM,PLPCH,5.000 GM,TAMARIND,,5.0,GM,0.0
116,26/11/2024,202411,3,1210102757,12101030210,1732251636707,99765320,126,MADHU CHEMICAL COMPANY,MADHU,MADHU SWEET- SUPARI PPH 1.45 GM.,3.0,1.45GM,PPH,Any other reason,,RECODING,5,6,48360,192.24924,106,MAHENDRA INDUSTRIES-INDIA,MADHUR,MADHUR KING POP,MADHUR KING POP-LOLLIPOP PPH 9 GM,PLPCH,9.000 GM,UNSPECIFIED,,9.0,GM,0.0
116,26/11/2024,202411,3,1210102757,12101030210,1732251636707,99765320,126,MADHU CHEMICAL COMPANY,MADHU,MADHU SWEET- SUPARI PPH 1.45 GM.,3.0,1.45GM,PPH,Any other reason,,RECODING,5,7,91827176,193.96384,106,MAHENDRA INDUSTRIES-INDIA,MADHUR,MADHUR TRUE LOVE,MADHUR TRUE LOVE- STRAWBERRY PPH 6 GM,PLPCH,6.000 GM,STRAWBERRY,,6.0,GM,0.0
116,26/11/2024,202411,3,1210102757,12101030210,1732251636707,99765320,126,MADHU CHEMICAL COMPANY,MADHU,MADHU SWEET- SUPARI PPH 1.45 GM.,3.0,1.45GM,PPH,Any other reason,,RECODING,5,8,91827305,194.56117,106,DEEPAK RIDDHI SIDDHI PRODT-NP,DEEPAK,DEEPAK RAMAILO CHATAPATA CANDY,DEEPAK RAMAILO CHATAPATA CANDY-PPH 4 GM,PLPCH,4.000 GM,UNSPECIFIED,,4.0,GM,0.0
116,26/11/2024,202411,3,1210102757,12101030210,1732251636707,99765320,126,MADHU CHEMICAL COMPANY,MADHU,MADHU SWEET- SUPARI PPH 1.45 GM.,3.0,1.45GM,PPH,Any other reason,,RECODING,5,9,91826566,195.0142,106,MAHENDRA INDUSTRIES-INDIA,MADHUR,MADHUR ECLAIRS,MADHUR ECLAIRS- COFFEE PPH 4.5 GM,PLPCH,4.500 GM,COFFEE,,4.5,GM,0.0
116,26/11/2024,202411,3,1210102757,12101030210,1732251636707,99765320,126,MADHU CHEMICAL COMPANY,MADHU,MADHU SWEET- SUPARI PPH 1.45 GM.,3.0,1.45GM,PPH,Any other reason,,RECODING,5,10,91826568,196.07693,106,MAHENDRA INDUSTRIES-INDIA,MADHUR,MADHUR TRUE LOVE,MADHUR TRUE LOVE- ORANGE PPH 6 GM,PLPCH,6.000 GM,ORANGE,,6.0,GM,0.0
117,26/11/2024,202411,2,128203335,21401020022,1731303478705,99765322,134,RAYBOT SPRING'S MINERAL WATER-NEPAL,RAYBOT REFRESH,RAYBOT REFRESH-LITCHI-PBT-250ML,50.0,250 ML,PBT,,,RECODING,5,1,99765322,63.945873,118,RAYBOT SPRING'S MINERAL WATER-NEPAL,RAYBOT,RAYBOT REFRESH,LITCHI PET 250 ML,PET,250.000 ML,LYCHEE,,250.0,ML,50.0
117,26/11/2024,202411,2,128203335,21401020022,1731303478705,99765322,134,RAYBOT SPRING'S MINERAL WATER-NEPAL,RAYBOT REFRESH,RAYBOT REFRESH-LITCHI-PBT-250ML,50.0,250 ML,PBT,,,RECODING,5,2,99765400,69.291534,118,RAYBOT SPRING'S MINERAL WATER-NEPAL,RAYBOT,RAYBOT REFRESH,LITCHI PET 150 ML+10 ML EXTRA,PET,150.000 ML,LYCHEE,,160.0,ML,20.0
117,26/11/2024,202411,2,128203335,21401020022,1731303478705,99765322,134,RAYBOT SPRING'S MINERAL WATER-NEPAL,RAYBOT REFRESH,RAYBOT REFRESH-LITCHI-PBT-250ML,50.0,250 ML,PBT,,,RECODING,5,3,99765475,81.512695,118,RAYBOT SPRING'S MINERAL WATER-NEPAL,RAYBOT,RAYBOT REFRESH COLA,PET 250 ML,PET,250.000 ML,COLA,,250.0,ML,50.0
117,26/11/2024,202411,2,128203335,21401020022,1731303478705,99765322,134,RAYBOT SPRING'S MINERAL WATER-NEPAL,RAYBOT REFRESH,RAYBOT REFRESH-LITCHI-PBT-250ML,50.0,250 ML,PBT,,,RECODING,5,4,99765488,87.7796,118,RAYBOT SPRING'S MINERAL WATER-NEPAL,RAYBOT,RAYBOT REFRESH ZPRITE,PET 250 ML,PET,250.000 ML,LEMON,,250.0,ML,50.0
117,26/11/2024,202411,2,128203335,21401020022,1731303478705,99765322,134,RAYBOT SPRING'S MINERAL WATER-NEPAL,RAYBOT REFRESH,RAYBOT REFRESH-LITCHI-PBT-250ML,50.0,250 ML,PBT,,,RECODING,5,5,99765379,92.35406,118,RAYBOT SPRING'S MINERAL WATER-NEPAL,RAYBOT,RAYBOT REFRESH,MIXED FRUIT PET 250 ML,PET,250.000 ML,MIXED FRUIT,,250.0,ML,50.0
117,26/11/2024,202411,2,128203335,21401020022,1731303478705,99765322,134,RAYBOT SPRING'S MINERAL WATER-NEPAL,RAYBOT REFRESH,RAYBOT REFRESH-LITCHI-PBT-250ML,50.0,250 ML,PBT,,,RECODING,5,6,99765380,95.42403,118,RAYBOT SPRING'S MINERAL WATER-NEPAL,RAYBOT,RAYBOT REFRESH,PINEAPPLE PET 250 ML,PET,250.000 ML,PINEAPPLE,,250.0,ML,50.0
117,26/11/2024,202411,2,128203335,21401020022,1731303478705,99765322,134,RAYBOT SPRING'S MINERAL WATER-NEPAL,RAYBOT REFRESH,RAYBOT REFRESH-LITCHI-PBT-250ML,50.0,250 ML,PBT,,,RECODING,5,7,99765446,96.87978,118,RAYBOT SPRING'S MINERAL WATER-NEPAL,RAYBOT,RAYBOT REFRESH,MIXED FRUIT PET 1000 ML,PET,1000.000 ML,MIXED FRUIT,,1000.0,ML,170.0
117,26/11/2024,202411,2,128203335,21401020022,1731303478705,99765322,134,RAYBOT SPRING'S MINERAL WATER-NEPAL,RAYBOT REFRESH,RAYBOT REFRESH-LITCHI-PBT-250ML,50.0,250 ML,PBT,,,RECODING,5,8,99765337,98.74765,118,RAYBOT SPRING'S MINERAL WATER-NEPAL,RAYBOT,RAYBOT REFRESH,GUAVA PET 250 ML,PET,250.000 ML,GUAVA,,250.0,ML,50.0
117,26/11/2024,202411,2,128203335,21401020022,1731303478705,99765322,134,RAYBOT SPRING'S MINERAL WATER-NEPAL,RAYBOT REFRESH,RAYBOT REFRESH-LITCHI-PBT-250ML,50.0,250 ML,PBT,,,RECODING,5,9,99765375,99.265945,118,RAYBOT SPRING'S MINERAL WATER-NEPAL,RAYBOT,RAYBOT REFRESH,PINEAPPLE PET 500 ML,PET,500.000 ML,PINEAPPLE,,500.0,ML,90.0
117,26/11/2024,202411,2,128203335,21401020022,1731303478705,99765322,134,RAYBOT SPRING'S MINERAL WATER-NEPAL,RAYBOT REFRESH,RAYBOT REFRESH-LITCHI-PBT-250ML,50.0,250 ML,PBT,,,RECODING,5,10,99765425,101.382034,118,RAYBOT SPRING'S MINERAL WATER-NEPAL,RAYBOT,RAYBOT REFRESH,GUAVA PET 500 ML,PET,500.000 ML,GUAVA,,500.0,ML,90.0
118,26/11/2024,202411,3,3110105415,31101030576,1732078989157,99765326,124,DEUTI GUTKHA INDUSTRIES,MEGHA SHREE PREMIUM,MEGHA SHREE PREMIUM\2.20GM\PPHRS:5\DEUTI GUTKHA INDUSTRIES NEPAL,5.0,2.20GM,PPH,New SKU,,RECODING,5,1,99765326,104.0756,124,DEUTI GUTKHA INDUSTRIES,MEGHA SHREE,MEGHA SHREE PREMIUM,2.20G GUTKA,PLAST,2.20G,REGULAR,,2.2,GM,5.0
118,26/11/2024,202411,3,3110105415,31101030576,1732078989157,99765326,124,DEUTI GUTKHA INDUSTRIES,MEGHA SHREE PREMIUM,MEGHA SHREE PREMIUM\2.20GM\PPHRS:5\DEUTI GUTKHA INDUSTRIES NEPAL,5.0,2.20GM,PPH,New SKU,,RECODING,5,2,99764162,112.24034,124,DEUTI GUTKHA INDUSTRIES,MEGHA SHREE,MEGHA SHREE PREMIUM,2.14G GUTKA,PLAST,2.14G,REGULAR,,2.14,GM,5.0
118,26/11/2024,202411,3,3110105415,31101030576,1732078989157,99765326,124,DEUTI GUTKHA INDUSTRIES,MEGHA SHREE PREMIUM,MEGHA SHREE PREMIUM\2.20GM\PPHRS:5\DEUTI GUTKHA INDUSTRIES NEPAL,5.0,2.20GM,PPH,New SKU,,RECODING,5,3,99762223,115.32543,124,DEUTI GUTKHA INDUSTRIES,MEGHA SHREE,MEGHA SHREE PREMIUM,2.3G GUTKA,PLAST,2.3G,REGULAR,,2.3,,0.0
118,26/11/2024,202411,3,3110105415,31101030576,1732078989157,99765326,124,DEUTI GUTKHA INDUSTRIES,MEGHA SHREE PREMIUM,MEGHA SHREE PREMIUM\2.20GM\PPHRS:5\DEUTI GUTKHA INDUSTRIES NEPAL,5.0,2.20GM,PPH,New SKU,,RECODING,5,4,93025975,146.82,122,H.B INDUSTRIES-NEPAL,MEGHA,MEGHA,MEGHA-PPH 200 GMS,PLPCH,200.000 GM,,,200.0,GM,0.0
118,26/11/2024,202411,3,3110105415,31101030576,1732078989157,99765326,124,DEUTI GUTKHA INDUSTRIES,MEGHA SHREE PREMIUM,MEGHA SHREE PREMIUM\2.20GM\PPHRS:5\DEUTI GUTKHA INDUSTRIES NEPAL,5.0,2.20GM,PPH,New SKU,,RECODING,5,5,47744,150.51393,122,H.B INDUSTRIES-NEPAL,MEGHA,MEGHA,MEGHA-FLOWER FRESH PPH 3000 GMS,PLPCH,3000.000 GM,,,3000.0,GM,0.0
118,26/11/2024,202411,3,3110105415,31101030576,1732078989157,99765326,124,DEUTI GUTKHA INDUSTRIES,MEGHA SHREE PREMIUM,MEGHA SHREE PREMIUM\2.20GM\PPHRS:5\DEUTI GUTKHA INDUSTRIES NEPAL,5.0,2.20GM,PPH,New SKU,,RECODING,5,6,93026899,152.46106,122,H.B INDUSTRIES-NEPAL,MEGHA,MEGHA,MEGHA-PPH 1000 GMS,PLPCH,1000.000 GM,,,1000.0,GM,0.0
118,26/11/2024,202411,3,3110105415,31101030576,1732078989157,99765326,124,DEUTI GUTKHA INDUSTRIES,MEGHA SHREE PREMIUM,MEGHA SHREE PREMIUM\2.20GM\PPHRS:5\DEUTI GUTKHA INDUSTRIES NEPAL,5.0,2.20GM,PPH,New SKU,,RECODING,5,7,93026122,153.77698,122,H.B INDUSTRIES-NEPAL,MEGHA,MEGHA,MEGHA-FLOWER FRESH PPH 500 GMS,PLPCH,500.000 GM,,,500.0,GM,0.0
118,26/11/2024,202411,3,3110105415,31101030576,1732078989157,99765326,124,DEUTI GUTKHA INDUSTRIES,MEGHA SHREE PREMIUM,MEGHA SHREE PREMIUM\2.20GM\PPHRS:5\DEUTI GUTKHA INDUSTRIES NEPAL,5.0,2.20GM,PPH,New SKU,,RECODING,5,8,99762599,154.40305,124,MAHASHAKTI GUTKHA UDHYOG-NEPAL,YUB,YUB PARAG,2.3G GUTKA,PLAST,2.3G,REGULAR,,2.3,GM,5.0
118,26/11/2024,202411,3,3110105415,31101030576,1732078989157,99765326,124,DEUTI GUTKHA INDUSTRIES,MEGHA SHREE PREMIUM,MEGHA SHREE PREMIUM\2.20GM\PPHRS:5\DEUTI GUTKHA INDUSTRIES NEPAL,5.0,2.20GM,PPH,New SKU,,RECODING,5,9,93062357,167.6025,122,UNILEVER NEPAL LTD-NEPAL,RIN,RIN SHAKTI,RIN SHAKTI-PPH 400 GM+25% EXTRA,PLPCH,400.000 GM,,,500.0,GM,0.0
118,26/11/2024,202411,3,3110105415,31101030576,1732078989157,99765326,124,DEUTI GUTKHA INDUSTRIES,MEGHA SHREE PREMIUM,MEGHA SHREE PREMIUM\2.20GM\PPHRS:5\DEUTI GUTKHA INDUSTRIES NEPAL,5.0,2.20GM,PPH,New SKU,,RECODING,5,10,99764099,168.39832,116,SRIJANSHIL MAHILA UDHAMI-NEPAL,SATHI,SATHI,SATHI-EXTRA LARGE PPH 7 NOS,PLPCH,7.000 NO,,,7.0,NO,75.0
119,26/11/2024,202411,2,123117800,31101020078,1731403137739,99765323,134,SURYADAYA DAIRY UDHYOG PVT LTD NEPAL,SURYADAYA ,SURYADAYA BADAM DRINK\180ML\CAN\RS:100\SURYADAYA DAIRY UDHYOG PVT LTD NEPAL,100.0,180ML,CAN,,,RECODING,5,1,99764327,106.04325,118,SURYODAYA DAIRY UDHYOG-NEPAL,ANUKUL,ANUKUL BADAM DRINK,BADAM DRINK CAN 180 ML,CAN,180.000 ML,ALMOND,,180.0,ML,90.0
119,26/11/2024,202411,2,123117800,31101020078,1731403137739,99765323,134,SURYADAYA DAIRY UDHYOG PVT LTD NEPAL,SURYADAYA ,SURYADAYA BADAM DRINK\180ML\CAN\RS:100\SURYADAYA DAIRY UDHYOG PVT LTD NEPAL,100.0,180ML,CAN,,,RECODING,5,2,99764865,111.16446,118,SURYODAYA DAIRY UDHYOG-NEPAL,GOPI,GOPI BADAM MILK DRINK,BADAM MILK DRINK CAN 180 ML,CAN,180.000 ML,ALMOND,,180.0,ML,90.0
119,26/11/2024,202411,2,123117800,31101020078,1731403137739,99765323,134,SURYADAYA DAIRY UDHYOG PVT LTD NEPAL,SURYADAYA ,SURYADAYA BADAM DRINK\180ML\CAN\RS:100\SURYADAYA DAIRY UDHYOG PVT LTD NEPAL,100.0,180ML,CAN,,,RECODING,5,3,99763925,111.591324,118,SURYODAYA DAIRY UDHYOG-NEPAL,GOKUL,GOKUL BADAM DRINK,BADAM & SAFFRON DRINK CAN 180 ML,CAN,180.000 ML,ALMOND,,180.0,ML,90.0
119,26/11/2024,202411,2,123117800,31101020078,1731403137739,99765323,134,SURYADAYA DAIRY UDHYOG PVT LTD NEPAL,SURYADAYA ,SURYADAYA BADAM DRINK\180ML\CAN\RS:100\SURYADAYA DAIRY UDHYOG PVT LTD NEPAL,100.0,180ML,CAN,,,RECODING,5,4,99765323,115.93709,118,SURYODAYA DAIRY UDHYOG-NEPAL,SURYODAYA,SURYODAYA BADAM DRINK,ALMOND & SAFFRON DRINK CAN 180 ML,CAN,180.000 ML,ALMOND,,180.0,ML,99.0
119,26/11/2024,202411,2,123117800,31101020078,1731403137739,99765323,134,SURYADAYA DAIRY UDHYOG PVT LTD NEPAL,SURYADAYA ,SURYADAYA BADAM DRINK\180ML\CAN\RS:100\SURYADAYA DAIRY UDHYOG PVT LTD NEPAL,100.0,180ML,CAN,,,RECODING,5,5,99765059,119.28792,118,SURYODAYA DAIRY UDHYOG-NEPAL,HYGEN,HYGEN MANIA BADAM DRINK,BADAM DRINK CAN 180 ML,CAN,180.000 ML,ALMOND,,180.0,ML,90.0
119,26/11/2024,202411,2,123117800,31101020078,1731403137739,99765323,134,SURYADAYA DAIRY UDHYOG PVT LTD NEPAL,SURYADAYA ,SURYADAYA BADAM DRINK\180ML\CAN\RS:100\SURYADAYA DAIRY UDHYOG PVT LTD NEPAL,100.0,180ML,CAN,,,RECODING,5,6,99764112,121.72051,118,SURYODAYA DAIRY UDHYOG-NEPAL,SURYODAYA,SURYODAYA COOL,ALMOND & SAFFRON DRINK CAN 180 ML,CAN,180.000 ML,ALMOND,,180.0,ML,90.0
119,26/11/2024,202411,2,123117800,31101020078,1731403137739,99765323,134,SURYADAYA DAIRY UDHYOG PVT LTD NEPAL,SURYADAYA ,SURYADAYA BADAM DRINK\180ML\CAN\RS:100\SURYADAYA DAIRY UDHYOG PVT LTD NEPAL,100.0,180ML,CAN,,,RECODING,5,7,99765460,129.38545,118,MAHABALESHWOR DAIRY & BEVERAGE-NEPAL,SDU,SDU BADAM DRINK,BADAM & SAFFRON DRINK CAN 180 ML,CAN,180.000 ML,ALMOND,,180.0,ML,100.0
119,26/11/2024,202411,2,123117800,31101020078,1731403137739,99765323,134,SURYADAYA DAIRY UDHYOG PVT LTD NEPAL,SURYADAYA ,SURYADAYA BADAM DRINK\180ML\CAN\RS:100\SURYADAYA DAIRY UDHYOG PVT LTD NEPAL,100.0,180ML,CAN,,,RECODING,5,8,99762530,140.67354,118,MAHABALESHWOR DAIRY & BEVERAGE-NEPAL,REVA,REVA BADAM DRINK,BADAM & SAFFRON DRINK CAN 180 ML,CAN,180.000 ML,ALMOND,,180.0,ML,120.0
119,26/11/2024,202411,2,123117800,31101020078,1731403137739,99765323,134,SURYADAYA DAIRY UDHYOG PVT LTD NEPAL,SURYADAYA ,SURYADAYA BADAM DRINK\180ML\CAN\RS:100\SURYADAYA DAIRY UDHYOG PVT LTD NEPAL,100.0,180ML,CAN,,,RECODING,5,9,99763477,141.99081,118,MARUTI DAIRY PRODUCT-NEPAL,GOVIND,GOVIND BADAM DRINK,BADAM DRINK CAN 180 ML,CAN,180.000 ML,ALMOND,,180.0,ML,90.0
119,26/11/2024,202411,2,123117800,31101020078,1731403137739,99765323,134,SURYADAYA DAIRY UDHYOG PVT LTD NEPAL,SURYADAYA ,SURYADAYA BADAM DRINK\180ML\CAN\RS:100\SURYADAYA DAIRY UDHYOG PVT LTD NEPAL,100.0,180ML,CAN,,,RECODING,5,10,99764205,143.2583,118,SURYA FOOD & BEVERAGES-NEPAL,RED ACTION,RED ACTION,CAN 250 ML,CAN,250.000 ML,,,250.0,ML,120.0
120,26/11/2024,202411,3,123718421,12303030023,1732152899034,99765326,124,DEUTI GUTKHA INDUSTRIES,MEGHA SHREE PREMIUM,MEGHA SHREE PREMIUM-MEGHA SHREE-REGULAR-PPH 2.20GM,5.0,2.20GM,PPH,,,RECODING,5,1,99765326,106.432655,124,DEUTI GUTKHA INDUSTRIES,MEGHA SHREE,MEGHA SHREE PREMIUM,2.20G GUTKA,PLAST,2.20G,REGULAR,,2.2,GM,5.0
120,26/11/2024,202411,3,123718421,12303030023,1732152899034,99765326,124,DEUTI GUTKHA INDUSTRIES,MEGHA SHREE PREMIUM,MEGHA SHREE PREMIUM-MEGHA SHREE-REGULAR-PPH 2.20GM,5.0,2.20GM,PPH,,,RECODING,5,2,99762223,110.41153,124,DEUTI GUTKHA INDUSTRIES,MEGHA SHREE,MEGHA SHREE PREMIUM,2.3G GUTKA,PLAST,2.3G,REGULAR,,2.3,,0.0
120,26/11/2024,202411,3,123718421,12303030023,1732152899034,99765326,124,DEUTI GUTKHA INDUSTRIES,MEGHA SHREE PREMIUM,MEGHA SHREE PREMIUM-MEGHA SHREE-REGULAR-PPH 2.20GM,5.0,2.20GM,PPH,,,RECODING,5,3,99764162,114.29875,124,DEUTI GUTKHA INDUSTRIES,MEGHA SHREE,MEGHA SHREE PREMIUM,2.14G GUTKA,PLAST,2.14G,REGULAR,,2.14,GM,5.0
120,26/11/2024,202411,3,123718421,12303030023,1732152899034,99765326,124,DEUTI GUTKHA INDUSTRIES,MEGHA SHREE PREMIUM,MEGHA SHREE PREMIUM-MEGHA SHREE-REGULAR-PPH 2.20GM,5.0,2.20GM,PPH,,,RECODING,5,4,93025975,151.50235,122,H.B INDUSTRIES-NEPAL,MEGHA,MEGHA,MEGHA-PPH 200 GMS,PLPCH,200.000 GM,,,200.0,GM,0.0
120,26/11/2024,202411,3,123718421,12303030023,1732152899034,99765326,124,DEUTI GUTKHA INDUSTRIES,MEGHA SHREE PREMIUM,MEGHA SHREE PREMIUM-MEGHA SHREE-REGULAR-PPH 2.20GM,5.0,2.20GM,PPH,,,RECODING,5,5,47744,156.17807,122,H.B INDUSTRIES-NEPAL,MEGHA,MEGHA,MEGHA-FLOWER FRESH PPH 3000 GMS,PLPCH,3000.000 GM,,,3000.0,GM,0.0
120,26/11/2024,202411,3,123718421,12303030023,1732152899034,99765326,124,DEUTI GUTKHA INDUSTRIES,MEGHA SHREE PREMIUM,MEGHA SHREE PREMIUM-MEGHA SHREE-REGULAR-PPH 2.20GM,5.0,2.20GM,PPH,,,RECODING,5,6,93026899,157.49811,122,H.B INDUSTRIES-NEPAL,MEGHA,MEGHA,MEGHA-PPH 1000 GMS,PLPCH,1000.000 GM,,,1000.0,GM,0.0
120,26/11/2024,202411,3,123718421,12303030023,1732152899034,99765326,124,DEUTI GUTKHA INDUSTRIES,MEGHA SHREE PREMIUM,MEGHA SHREE PREMIUM-MEGHA SHREE-REGULAR-PPH 2.20GM,5.0,2.20GM,PPH,,,RECODING,5,7,93026122,158.33228,122,H.B INDUSTRIES-NEPAL,MEGHA,MEGHA,MEGHA-FLOWER FRESH PPH 500 GMS,PLPCH,500.000 GM,,,500.0,GM,0.0
120,26/11/2024,202411,3,123718421,12303030023,1732152899034,99765326,124,DEUTI GUTKHA INDUSTRIES,MEGHA SHREE PREMIUM,MEGHA SHREE PREMIUM-MEGHA SHREE-REGULAR-PPH 2.20GM,5.0,2.20GM,PPH,,,RECODING,5,8,54891,171.59067,122,SHREE NATH INTERNATIONAL-IND,MOZ,MOZ,MOZ-PPH 500 GM,PLPCH,500.000 GM,,,500.0,GM,0.0
120,26/11/2024,202411,3,123718421,12303030023,1732152899034,99765326,124,DEUTI GUTKHA INDUSTRIES,MEGHA SHREE PREMIUM,MEGHA SHREE PREMIUM-MEGHA SHREE-REGULAR-PPH 2.20GM,5.0,2.20GM,PPH,,,RECODING,5,9,99762301,174.90173,125,DEUTI GUTKHA INDUSTRIES,RADHA EXTRA POWER,RADHA EXTRA POWER,8G KHAINI,PLAST,8G,REGULAR,,8.0,,0.0
120,26/11/2024,202411,3,123718421,12303030023,1732152899034,99765326,124,DEUTI GUTKHA INDUSTRIES,MEGHA SHREE PREMIUM,MEGHA SHREE PREMIUM-MEGHA SHREE-REGULAR-PPH 2.20GM,5.0,2.20GM,PPH,,,RECODING,5,10,54269,182.70662,122,SHREE GIRRAJ GRAMN VKSH STN-IN,MOZ,MOZ,MOZ-PPH 1000 GM,PLPCH,1000.000 GM,,,1000.0,GM,0.0
121,26/11/2024,202411,3,1210102221,12101030114,1732251636707,99765320,126,MADHU CHEMICAL COMPANY,MADHU,MADHU SWEET- SUPARI PPH 1.45 GM.,3.0,1.45GM,PPH,,,RECODING,5,1,99765320,117.70831,126,MADHU CHEMICAL COMPANY,MADHU,MADHU,1.45G PAAN MASALA,PLAST,1.45G,SWEET,,1.45,GM,3.0
121,26/11/2024,202411,3,1210102221,12101030114,1732251636707,99765320,126,MADHU CHEMICAL COMPANY,MADHU,MADHU SWEET- SUPARI PPH 1.45 GM.,3.0,1.45GM,PPH,,,RECODING,5,2,99762215,132.40509,126,MADHU CHEMICAL COMPANY,MADHU,MADHU,1.25G PAAN MASALA,PLAST,1.25G,SWEET,,1.25,,0.0
121,26/11/2024,202411,3,1210102221,12101030114,1732251636707,99765320,126,MADHU CHEMICAL COMPANY,MADHU,MADHU SWEET- SUPARI PPH 1.45 GM.,3.0,1.45GM,PPH,,,RECODING,5,3,48360,158.19379,106,MAHENDRA INDUSTRIES-INDIA,MADHUR,MADHUR KING POP,MADHUR KING POP-LOLLIPOP PPH 9 GM,PLPCH,9.000 GM,UNSPECIFIED,,9.0,GM,0.0
121,26/11/2024,202411,3,1210102221,12101030114,1732251636707,99765320,126,MADHU CHEMICAL COMPANY,MADHU,MADHU SWEET- SUPARI PPH 1.45 GM.,3.0,1.45GM,PPH,,,RECODING,5,4,91827177,158.65088,106,MAHENDRA INDUSTRIES-INDIA,MADHUR,MADHUR,MADHUR- LAL PAAN PPH 5 GM,PLPCH,5.000 GM,PAAN,,5.0,GM,0.0
121,26/11/2024,202411,3,1210102221,12101030114,1732251636707,99765320,126,MADHU CHEMICAL COMPANY,MADHU,MADHU SWEET- SUPARI PPH 1.45 GM.,3.0,1.45GM,PPH,,,RECODING,5,5,91827176,159.25108,106,MAHENDRA INDUSTRIES-INDIA,MADHUR,MADHUR TRUE LOVE,MADHUR TRUE LOVE- STRAWBERRY PPH 6 GM,PLPCH,6.000 GM,STRAWBERRY,,6.0,GM,0.0
121,26/11/2024,202411,3,1210102221,12101030114,1732251636707,99765320,126,MADHU CHEMICAL COMPANY,MADHU,MADHU SWEET- SUPARI PPH 1.45 GM.,3.0,1.45GM,PPH,,,RECODING,5,6,54103,160.13855,106,MAHENDRA INDUSTRIES-INDIA,MADHUR,MADHUR TRUE LOVE,MADHUR TRUE LOVE-PEACH PPH 5 GM,PLPCH,5.000 GM,PEACH,,5.0,GM,0.0
121,26/11/2024,202411,3,1210102221,12101030114,1732251636707,99765320,126,MADHU CHEMICAL COMPANY,MADHU,MADHU SWEET- SUPARI PPH 1.45 GM.,3.0,1.45GM,PPH,,,RECODING,5,7,54101,161.43317,106,MAHENDRA INDUSTRIES-INDIA,MADHUR,MADHUR TRUE LOVE,MADHUR TRUE LOVE-TAMARIND PPH 5 GM,PLPCH,5.000 GM,TAMARIND,,5.0,GM,0.0
121,26/11/2024,202411,3,1210102221,12101030114,1732251636707,99765320,126,MADHU CHEMICAL COMPANY,MADHU,MADHU SWEET- SUPARI PPH 1.45 GM.,3.0,1.45GM,PPH,,,RECODING,5,8,47744,161.43935,122,H.B INDUSTRIES-NEPAL,MEGHA,MEGHA,MEGHA-FLOWER FRESH PPH 3000 GMS,PLPCH,3000.000 GM,,,3000.0,GM,0.0
121,26/11/2024,202411,3,1210102221,12101030114,1732251636707,99765320,126,MADHU CHEMICAL COMPANY,MADHU,MADHU SWEET- SUPARI PPH 1.45 GM.,3.0,1.45GM,PPH,,,RECODING,5,9,91826568,162.72906,106,MAHENDRA INDUSTRIES-INDIA,MADHUR,MADHUR TRUE LOVE,MADHUR TRUE LOVE- ORANGE PPH 6 GM,PLPCH,6.000 GM,ORANGE,,6.0,GM,0.0
121,26/11/2024,202411,3,1210102221,12101030114,1732251636707,99765320,126,MADHU CHEMICAL COMPANY,MADHU,MADHU SWEET- SUPARI PPH 1.45 GM.,3.0,1.45GM,PPH,,,RECODING,5,10,46537,163.42215,106,MAHENDRA INDUSTRIES-INDIA,MADHUR,MADHUR,MADHUR- LAL PAAN PPH 6 GM,PLPCH,6.000 GM,PAAN,,6.0,GM,0.0
122,26/11/2024,202411,3,1210102762,12101030215,1732251636707,99765320,126,MADHU CHEMICAL COMPANY,MADHU,MADHU SWEET- SUPARI PPH 1.45 GM.,3.0,1.45GM,PPH,,,RECODING,5,1,99765320,118.644775,126,MADHU CHEMICAL COMPANY,MADHU,MADHU,1.45G PAAN MASALA,PLAST,1.45G,SWEET,,1.45,GM,3.0
122,26/11/2024,202411,3,1210102762,12101030215,1732251636707,99765320,126,MADHU CHEMICAL COMPANY,MADHU,MADHU SWEET- SUPARI PPH 1.45 GM.,3.0,1.45GM,PPH,,,RECODING,5,2,99762215,132.50784,126,MADHU CHEMICAL COMPANY,MADHU,MADHU,1.25G PAAN MASALA,PLAST,1.25G,SWEET,,1.25,,0.0
122,26/11/2024,202411,3,1210102762,12101030215,1732251636707,99765320,126,MADHU CHEMICAL COMPANY,MADHU,MADHU SWEET- SUPARI PPH 1.45 GM.,3.0,1.45GM,PPH,,,RECODING,5,3,48360,158.65686,106,MAHENDRA INDUSTRIES-INDIA,MADHUR,MADHUR KING POP,MADHUR KING POP-LOLLIPOP PPH 9 GM,PLPCH,9.000 GM,UNSPECIFIED,,9.0,GM,0.0
122,26/11/2024,202411,3,1210102762,12101030215,1732251636707,99765320,126,MADHU CHEMICAL COMPANY,MADHU,MADHU SWEET- SUPARI PPH 1.45 GM.,3.0,1.45GM,PPH,,,RECODING,5,4,91827177,158.9451,106,MAHENDRA INDUSTRIES-INDIA,MADHUR,MADHUR,MADHUR- LAL PAAN PPH 5 GM,PLPCH,5.000 GM,PAAN,,5.0,GM,0.0
122,26/11/2024,202411,3,1210102762,12101030215,1732251636707,99765320,126,MADHU CHEMICAL COMPANY,MADHU,MADHU SWEET- SUPARI PPH 1.45 GM.,3.0,1.45GM,PPH,,,RECODING,5,5,91827176,159.9274,106,MAHENDRA INDUSTRIES-INDIA,MADHUR,MADHUR TRUE LOVE,MADHUR TRUE LOVE- STRAWBERRY PPH 6 GM,PLPCH,6.000 GM,STRAWBERRY,,6.0,GM,0.0
122,26/11/2024,202411,3,1210102762,12101030215,1732251636707,99765320,126,MADHU CHEMICAL COMPANY,MADHU,MADHU SWEET- SUPARI PPH 1.45 GM.,3.0,1.45GM,PPH,,,RECODING,5,6,54103,160.73268,106,MAHENDRA INDUSTRIES-INDIA,MADHUR,MADHUR TRUE LOVE,MADHUR TRUE LOVE-PEACH PPH 5 GM,PLPCH,5.000 GM,PEACH,,5.0,GM,0.0
122,26/11/2024,202411,3,1210102762,12101030215,1732251636707,99765320,126,MADHU CHEMICAL COMPANY,MADHU,MADHU SWEET- SUPARI PPH 1.45 GM.,3.0,1.45GM,PPH,,,RECODING,5,7,54101,161.9397,106,MAHENDRA INDUSTRIES-INDIA,MADHUR,MADHUR TRUE LOVE,MADHUR TRUE LOVE-TAMARIND PPH 5 GM,PLPCH,5.000 GM,TAMARIND,,5.0,GM,0.0
122,26/11/2024,202411,3,1210102762,12101030215,1732251636707,99765320,126,MADHU CHEMICAL COMPANY,MADHU,MADHU SWEET- SUPARI PPH 1.45 GM.,3.0,1.45GM,PPH,,,RECODING,5,8,47744,162.35117,122,H.B INDUSTRIES-NEPAL,MEGHA,MEGHA,MEGHA-FLOWER FRESH PPH 3000 GMS,PLPCH,3000.000 GM,,,3000.0,GM,0.0
122,26/11/2024,202411,3,1210102762,12101030215,1732251636707,99765320,126,MADHU CHEMICAL COMPANY,MADHU,MADHU SWEET- SUPARI PPH 1.45 GM.,3.0,1.45GM,PPH,,,RECODING,5,9,91826568,162.91208,106,MAHENDRA INDUSTRIES-INDIA,MADHUR,MADHUR TRUE LOVE,MADHUR TRUE LOVE- ORANGE PPH 6 GM,PLPCH,6.000 GM,ORANGE,,6.0,GM,0.0
122,26/11/2024,202411,3,1210102762,12101030215,1732251636707,99765320,126,MADHU CHEMICAL COMPANY,MADHU,MADHU SWEET- SUPARI PPH 1.45 GM.,3.0,1.45GM,PPH,,,RECODING,5,10,46537,163.4602,106,MAHENDRA INDUSTRIES-INDIA,MADHUR,MADHUR,MADHUR- LAL PAAN PPH 6 GM,PLPCH,6.000 GM,PAAN,,6.0,GM,0.0
123,26/11/2024,202411,3,1210101553,12101030198,1732251636707,99765320,126,MADHU CHEMICAL COMPANY,MADHU,MADHU SWEET- SUPARI PPH 1.45 GM.,3.0,1.45GM,PPH,Any other reason,,RECODING,5,1,99765320,172.11998,126,MADHU CHEMICAL COMPANY,MADHU,MADHU,1.45G PAAN MASALA,PLAST,1.45G,SWEET,,1.45,GM,3.0
123,26/11/2024,202411,3,1210101553,12101030198,1732251636707,99765320,126,MADHU CHEMICAL COMPANY,MADHU,MADHU SWEET- SUPARI PPH 1.45 GM.,3.0,1.45GM,PPH,Any other reason,,RECODING,5,2,99762215,183.14896,126,MADHU CHEMICAL COMPANY,MADHU,MADHU,1.25G PAAN MASALA,PLAST,1.25G,SWEET,,1.25,,0.0
123,26/11/2024,202411,3,1210101553,12101030198,1732251636707,99765320,126,MADHU CHEMICAL COMPANY,MADHU,MADHU SWEET- SUPARI PPH 1.45 GM.,3.0,1.45GM,PPH,Any other reason,,RECODING,5,3,91827177,184.08862,106,MAHENDRA INDUSTRIES-INDIA,MADHUR,MADHUR,MADHUR- LAL PAAN PPH 5 GM,PLPCH,5.000 GM,PAAN,,5.0,GM,0.0
123,26/11/2024,202411,3,1210101553,12101030198,1732251636707,99765320,126,MADHU CHEMICAL COMPANY,MADHU,MADHU SWEET- SUPARI PPH 1.45 GM.,3.0,1.45GM,PPH,Any other reason,,RECODING,5,4,54103,186.3277,106,MAHENDRA INDUSTRIES-INDIA,MADHUR,MADHUR TRUE LOVE,MADHUR TRUE LOVE-PEACH PPH 5 GM,PLPCH,5.000 GM,PEACH,,5.0,GM,0.0
123,26/11/2024,202411,3,1210101553,12101030198,1732251636707,99765320,126,MADHU CHEMICAL COMPANY,MADHU,MADHU SWEET- SUPARI PPH 1.45 GM.,3.0,1.45GM,PPH,Any other reason,,RECODING,5,5,54101,189.29211,106,MAHENDRA INDUSTRIES-INDIA,MADHUR,MADHUR TRUE LOVE,MADHUR TRUE LOVE-TAMARIND PPH 5 GM,PLPCH,5.000 GM,TAMARIND,,5.0,GM,0.0
123,26/11/2024,202411,3,1210101553,12101030198,1732251636707,99765320,126,MADHU CHEMICAL COMPANY,MADHU,MADHU SWEET- SUPARI PPH 1.45 GM.,3.0,1.45GM,PPH,Any other reason,,RECODING,5,6,48360,192.33002,106,MAHENDRA INDUSTRIES-INDIA,MADHUR,MADHUR KING POP,MADHUR KING POP-LOLLIPOP PPH 9 GM,PLPCH,9.000 GM,UNSPECIFIED,,9.0,GM,0.0
123,26/11/2024,202411,3,1210101553,12101030198,1732251636707,99765320,126,MADHU CHEMICAL COMPANY,MADHU,MADHU SWEET- SUPARI PPH 1.45 GM.,3.0,1.45GM,PPH,Any other reason,,RECODING,5,7,91827305,194.82976,106,DEEPAK RIDDHI SIDDHI PRODT-NP,DEEPAK,DEEPAK RAMAILO CHATAPATA CANDY,DEEPAK RAMAILO CHATAPATA CANDY-PPH 4 GM,PLPCH,4.000 GM,UNSPECIFIED,,4.0,GM,0.0
123,26/11/2024,202411,3,1210101553,12101030198,1732251636707,99765320,126,MADHU CHEMICAL COMPANY,MADHU,MADHU SWEET- SUPARI PPH 1.45 GM.,3.0,1.45GM,PPH,Any other reason,,RECODING,5,8,91827176,194.86832,106,MAHENDRA INDUSTRIES-INDIA,MADHUR,MADHUR TRUE LOVE,MADHUR TRUE LOVE- STRAWBERRY PPH 6 GM,PLPCH,6.000 GM,STRAWBERRY,,6.0,GM,0.0
123,26/11/2024,202411,3,1210101553,12101030198,1732251636707,99765320,126,MADHU CHEMICAL COMPANY,MADHU,MADHU SWEET- SUPARI PPH 1.45 GM.,3.0,1.45GM,PPH,Any other reason,,RECODING,5,9,91826566,197.0492,106,MAHENDRA INDUSTRIES-INDIA,MADHUR,MADHUR ECLAIRS,MADHUR ECLAIRS- COFFEE PPH 4.5 GM,PLPCH,4.500 GM,COFFEE,,4.5,GM,0.0
123,26/11/2024,202411,3,1210101553,12101030198,1732251636707,99765320,126,MADHU CHEMICAL COMPANY,MADHU,MADHU SWEET- SUPARI PPH 1.45 GM.,3.0,1.45GM,PPH,Any other reason,,RECODING,5,10,91826568,197.05481,106,MAHENDRA INDUSTRIES-INDIA,MADHUR,MADHUR TRUE LOVE,MADHUR TRUE LOVE- ORANGE PPH 6 GM,PLPCH,6.000 GM,ORANGE,,6.0,GM,0.0
124,26/11/2024,202411,3,1210102205,12101030119,1732251636707,99765320,126,MADHU CHEMICAL COMPANY,MADHU,MADHU SWEET- SUPARI PPH 1.45 GM.,3.0,1.45GM,PPH,,,RECODING,5,1,99765320,118.64983,126,MADHU CHEMICAL COMPANY,MADHU,MADHU,1.45G PAAN MASALA,PLAST,1.45G,SWEET,,1.45,GM,3.0
124,26/11/2024,202411,3,1210102205,12101030119,1732251636707,99765320,126,MADHU CHEMICAL COMPANY,MADHU,MADHU SWEET- SUPARI PPH 1.45 GM.,3.0,1.45GM,PPH,,,RECODING,5,2,99762215,132.34787,126,MADHU CHEMICAL COMPANY,MADHU,MADHU,1.25G PAAN MASALA,PLAST,1.25G,SWEET,,1.25,,0.0
124,26/11/2024,202411,3,1210102205,12101030119,1732251636707,99765320,126,MADHU CHEMICAL COMPANY,MADHU,MADHU SWEET- SUPARI PPH 1.45 GM.,3.0,1.45GM,PPH,,,RECODING,5,3,48360,158.0459,106,MAHENDRA INDUSTRIES-INDIA,MADHUR,MADHUR KING POP,MADHUR KING POP-LOLLIPOP PPH 9 GM,PLPCH,9.000 GM,UNSPECIFIED,,9.0,GM,0.0
124,26/11/2024,202411,3,1210102205,12101030119,1732251636707,99765320,126,MADHU CHEMICAL COMPANY,MADHU,MADHU SWEET- SUPARI PPH 1.45 GM.,3.0,1.45GM,PPH,,,RECODING,5,4,91827177,158.73172,106,MAHENDRA INDUSTRIES-INDIA,MADHUR,MADHUR,MADHUR- LAL PAAN PPH 5 GM,PLPCH,5.000 GM,PAAN,,5.0,GM,0.0
124,26/11/2024,202411,3,1210102205,12101030119,1732251636707,99765320,126,MADHU CHEMICAL COMPANY,MADHU,MADHU SWEET- SUPARI PPH 1.45 GM.,3.0,1.45GM,PPH,,,RECODING,5,5,91827176,158.78613,106,MAHENDRA INDUSTRIES-INDIA,MADHUR,MADHUR TRUE LOVE,MADHUR TRUE LOVE- STRAWBERRY PPH 6 GM,PLPCH,6.000 GM,STRAWBERRY,,6.0,GM,0.0
124,26/11/2024,202411,3,1210102205,12101030119,1732251636707,99765320,126,MADHU CHEMICAL COMPANY,MADHU,MADHU SWEET- SUPARI PPH 1.45 GM.,3.0,1.45GM,PPH,,,RECODING,5,6,54103,159.78668,106,MAHENDRA INDUSTRIES-INDIA,MADHUR,MADHUR TRUE LOVE,MADHUR TRUE LOVE-PEACH PPH 5 GM,PLPCH,5.000 GM,PEACH,,5.0,GM,0.0
124,26/11/2024,202411,3,1210102205,12101030119,1732251636707,99765320,126,MADHU CHEMICAL COMPANY,MADHU,MADHU SWEET- SUPARI PPH 1.45 GM.,3.0,1.45GM,PPH,,,RECODING,5,7,54101,161.04224,106,MAHENDRA INDUSTRIES-INDIA,MADHUR,MADHUR TRUE LOVE,MADHUR TRUE LOVE-TAMARIND PPH 5 GM,PLPCH,5.000 GM,TAMARIND,,5.0,GM,0.0
124,26/11/2024,202411,3,1210102205,12101030119,1732251636707,99765320,126,MADHU CHEMICAL COMPANY,MADHU,MADHU SWEET- SUPARI PPH 1.45 GM.,3.0,1.45GM,PPH,,,RECODING,5,8,47744,161.69034,122,H.B INDUSTRIES-NEPAL,MEGHA,MEGHA,MEGHA-FLOWER FRESH PPH 3000 GMS,PLPCH,3000.000 GM,,,3000.0,GM,0.0
124,26/11/2024,202411,3,1210102205,12101030119,1732251636707,99765320,126,MADHU CHEMICAL COMPANY,MADHU,MADHU SWEET- SUPARI PPH 1.45 GM.,3.0,1.45GM,PPH,,,RECODING,5,9,91826568,162.3489,106,MAHENDRA INDUSTRIES-INDIA,MADHUR,MADHUR TRUE LOVE,MADHUR TRUE LOVE- ORANGE PPH 6 GM,PLPCH,6.000 GM,ORANGE,,6.0,GM,0.0
124,26/11/2024,202411,3,1210102205,12101030119,1732251636707,99765320,126,MADHU CHEMICAL COMPANY,MADHU,MADHU SWEET- SUPARI PPH 1.45 GM.,3.0,1.45GM,PPH,,,RECODING,5,10,46537,163.39482,106,MAHENDRA INDUSTRIES-INDIA,MADHUR,MADHUR,MADHUR- LAL PAAN PPH 6 GM,PLPCH,6.000 GM,PAAN,,6.0,GM,0.0
125,26/11/2024,202411,3,1210101590,12101030042,1732251636707,99765320,126,MADHU CHEMICAL COMPANY,MADHU,MADHU SWEET- SUPARI PPH 1.45 GM.,3.0,1.45GM,PPH,,,RECODING,5,1,99765320,115.72197,126,MADHU CHEMICAL COMPANY,MADHU,MADHU,1.45G PAAN MASALA,PLAST,1.45G,SWEET,,1.45,GM,3.0
125,26/11/2024,202411,3,1210101590,12101030042,1732251636707,99765320,126,MADHU CHEMICAL COMPANY,MADHU,MADHU SWEET- SUPARI PPH 1.45 GM.,3.0,1.45GM,PPH,,,RECODING,5,2,99762215,130.30457,126,MADHU CHEMICAL COMPANY,MADHU,MADHU,1.25G PAAN MASALA,PLAST,1.25G,SWEET,,1.25,,0.0
125,26/11/2024,202411,3,1210101590,12101030042,1732251636707,99765320,126,MADHU CHEMICAL COMPANY,MADHU,MADHU SWEET- SUPARI PPH 1.45 GM.,3.0,1.45GM,PPH,,,RECODING,5,3,48360,158.23676,106,MAHENDRA INDUSTRIES-INDIA,MADHUR,MADHUR KING POP,MADHUR KING POP-LOLLIPOP PPH 9 GM,PLPCH,9.000 GM,UNSPECIFIED,,9.0,GM,0.0
125,26/11/2024,202411,3,1210101590,12101030042,1732251636707,99765320,126,MADHU CHEMICAL COMPANY,MADHU,MADHU SWEET- SUPARI PPH 1.45 GM.,3.0,1.45GM,PPH,,,RECODING,5,4,91827177,158.30817,106,MAHENDRA INDUSTRIES-INDIA,MADHUR,MADHUR,MADHUR- LAL PAAN PPH 5 GM,PLPCH,5.000 GM,PAAN,,5.0,GM,0.0
125,26/11/2024,202411,3,1210101590,12101030042,1732251636707,99765320,126,MADHU CHEMICAL COMPANY,MADHU,MADHU SWEET- SUPARI PPH 1.45 GM.,3.0,1.45GM,PPH,,,RECODING,5,5,91827176,158.33017,106,MAHENDRA INDUSTRIES-INDIA,MADHUR,MADHUR TRUE LOVE,MADHUR TRUE LOVE- STRAWBERRY PPH 6 GM,PLPCH,6.000 GM,STRAWBERRY,,6.0,GM,0.0
125,26/11/2024,202411,3,1210101590,12101030042,1732251636707,99765320,126,MADHU CHEMICAL COMPANY,MADHU,MADHU SWEET- SUPARI PPH 1.45 GM.,3.0,1.45GM,PPH,,,RECODING,5,6,54103,159.30812,106,MAHENDRA INDUSTRIES-INDIA,MADHUR,MADHUR TRUE LOVE,MADHUR TRUE LOVE-PEACH PPH 5 GM,PLPCH,5.000 GM,PEACH,,5.0,GM,0.0
125,26/11/2024,202411,3,1210101590,12101030042,1732251636707,99765320,126,MADHU CHEMICAL COMPANY,MADHU,MADHU SWEET- SUPARI PPH 1.45 GM.,3.0,1.45GM,PPH,,,RECODING,5,7,47744,159.85701,122,H.B INDUSTRIES-NEPAL,MEGHA,MEGHA,MEGHA-FLOWER FRESH PPH 3000 GMS,PLPCH,3000.000 GM,,,3000.0,GM,0.0
125,26/11/2024,202411,3,1210101590,12101030042,1732251636707,99765320,126,MADHU CHEMICAL COMPANY,MADHU,MADHU SWEET- SUPARI PPH 1.45 GM.,3.0,1.45GM,PPH,,,RECODING,5,8,54101,160.62277,106,MAHENDRA INDUSTRIES-INDIA,MADHUR,MADHUR TRUE LOVE,MADHUR TRUE LOVE-TAMARIND PPH 5 GM,PLPCH,5.000 GM,TAMARIND,,5.0,GM,0.0
125,26/11/2024,202411,3,1210101590,12101030042,1732251636707,99765320,126,MADHU CHEMICAL COMPANY,MADHU,MADHU SWEET- SUPARI PPH 1.45 GM.,3.0,1.45GM,PPH,,,RECODING,5,9,91826568,161.93768,106,MAHENDRA INDUSTRIES-INDIA,MADHUR,MADHUR TRUE LOVE,MADHUR TRUE LOVE- ORANGE PPH 6 GM,PLPCH,6.000 GM,ORANGE,,6.0,GM,0.0
125,26/11/2024,202411,3,1210101590,12101030042,1732251636707,99765320,126,MADHU CHEMICAL COMPANY,MADHU,MADHU SWEET- SUPARI PPH 1.45 GM.,3.0,1.45GM,PPH,,,RECODING,5,10,93026122,162.9394,122,H.B INDUSTRIES-NEPAL,MEGHA,MEGHA,MEGHA-FLOWER FRESH PPH 500 GMS,PLPCH,500.000 GM,,,500.0,GM,0.0
126,26/11/2024,202411,3,1210102761,12101030214,1732251636707,99765320,126,MADHU CHEMICAL COMPANY,MADHU,MADHU SWEET- SUPARI PPH 1.45 GM.,3.0,1.45GM,PPH,Any other reason,,RECODING,5,1,99765320,171.24901,126,MADHU CHEMICAL COMPANY,MADHU,MADHU,1.45G PAAN MASALA,PLAST,1.45G,SWEET,,1.45,GM,3.0
126,26/11/2024,202411,3,1210102761,12101030214,1732251636707,99765320,126,MADHU CHEMICAL COMPANY,MADHU,MADHU SWEET- SUPARI PPH 1.45 GM.,3.0,1.45GM,PPH,Any other reason,,RECODING,5,2,99762215,182.27951,126,MADHU CHEMICAL COMPANY,MADHU,MADHU,1.25G PAAN MASALA,PLAST,1.25G,SWEET,,1.25,,0.0
126,26/11/2024,202411,3,1210102761,12101030214,1732251636707,99765320,126,MADHU CHEMICAL COMPANY,MADHU,MADHU SWEET- SUPARI PPH 1.45 GM.,3.0,1.45GM,PPH,Any other reason,,RECODING,5,3,91827177,184.78215,106,MAHENDRA INDUSTRIES-INDIA,MADHUR,MADHUR,MADHUR- LAL PAAN PPH 5 GM,PLPCH,5.000 GM,PAAN,,5.0,GM,0.0
126,26/11/2024,202411,3,1210102761,12101030214,1732251636707,99765320,126,MADHU CHEMICAL COMPANY,MADHU,MADHU SWEET- SUPARI PPH 1.45 GM.,3.0,1.45GM,PPH,Any other reason,,RECODING,5,4,54103,187.12274,106,MAHENDRA INDUSTRIES-INDIA,MADHUR,MADHUR TRUE LOVE,MADHUR TRUE LOVE-PEACH PPH 5 GM,PLPCH,5.000 GM,PEACH,,5.0,GM,0.0
126,26/11/2024,202411,3,1210102761,12101030214,1732251636707,99765320,126,MADHU CHEMICAL COMPANY,MADHU,MADHU SWEET- SUPARI PPH 1.45 GM.,3.0,1.45GM,PPH,Any other reason,,RECODING,5,5,54101,190.12479,106,MAHENDRA INDUSTRIES-INDIA,MADHUR,MADHUR TRUE LOVE,MADHUR TRUE LOVE-TAMARIND PPH 5 GM,PLPCH,5.000 GM,TAMARIND,,5.0,GM,0.0
126,26/11/2024,202411,3,1210102761,12101030214,1732251636707,99765320,126,MADHU CHEMICAL COMPANY,MADHU,MADHU SWEET- SUPARI PPH 1.45 GM.,3.0,1.45GM,PPH,Any other reason,,RECODING,5,6,48360,193.90247,106,MAHENDRA INDUSTRIES-INDIA,MADHUR,MADHUR KING POP,MADHUR KING POP-LOLLIPOP PPH 9 GM,PLPCH,9.000 GM,UNSPECIFIED,,9.0,GM,0.0
126,26/11/2024,202411,3,1210102761,12101030214,1732251636707,99765320,126,MADHU CHEMICAL COMPANY,MADHU,MADHU SWEET- SUPARI PPH 1.45 GM.,3.0,1.45GM,PPH,Any other reason,,RECODING,5,7,91827305,195.03568,106,DEEPAK RIDDHI SIDDHI PRODT-NP,DEEPAK,DEEPAK RAMAILO CHATAPATA CANDY,DEEPAK RAMAILO CHATAPATA CANDY-PPH 4 GM,PLPCH,4.000 GM,UNSPECIFIED,,4.0,GM,0.0
126,26/11/2024,202411,3,1210102761,12101030214,1732251636707,99765320,126,MADHU CHEMICAL COMPANY,MADHU,MADHU SWEET- SUPARI PPH 1.45 GM.,3.0,1.45GM,PPH,Any other reason,,RECODING,5,8,91827176,195.53406,106,MAHENDRA INDUSTRIES-INDIA,MADHUR,MADHUR TRUE LOVE,MADHUR TRUE LOVE- STRAWBERRY PPH 6 GM,PLPCH,6.000 GM,STRAWBERRY,,6.0,GM,0.0
126,26/11/2024,202411,3,1210102761,12101030214,1732251636707,99765320,126,MADHU CHEMICAL COMPANY,MADHU,MADHU SWEET- SUPARI PPH 1.45 GM.,3.0,1.45GM,PPH,Any other reason,,RECODING,5,9,91826566,197.23099,106,MAHENDRA INDUSTRIES-INDIA,MADHUR,MADHUR ECLAIRS,MADHUR ECLAIRS- COFFEE PPH 4.5 GM,PLPCH,4.500 GM,COFFEE,,4.5,GM,0.0
126,26/11/2024,202411,3,1210102761,12101030214,1732251636707,99765320,126,MADHU CHEMICAL COMPANY,MADHU,MADHU SWEET- SUPARI PPH 1.45 GM.,3.0,1.45GM,PPH,Any other reason,,RECODING,5,10,91826568,197.34042,106,MAHENDRA INDUSTRIES-INDIA,MADHUR,MADHUR TRUE LOVE,MADHUR TRUE LOVE- ORANGE PPH 6 GM,PLPCH,6.000 GM,ORANGE,,6.0,GM,0.0
127,26/11/2024,202411,2,132803597,31303020004,1732266210771,99765331,134,AGRO THAI FOODS PVT LTD-NEPAL,JUICE JELLY,JUICE JELLY-CRANBERRY PBT 320ML,99.0,320 ML,PBT ,,1732266210771-agro thai foods pvt ltd-nepal-juice jelly#3.png,RECODING,5,1,99765331,70.17632,118,AGRO THAI FOODS PVT LTD-NEPAL,JUICE JELLY,JUICE JELLY,CRANBERRY PET 320 ML,PET,320.000 ML,CRANBERRY,,320.0,ML,99.0
127,26/11/2024,202411,2,132803597,31303020004,1732266210771,99765331,134,AGRO THAI FOODS PVT LTD-NEPAL,JUICE JELLY,JUICE JELLY-CRANBERRY PBT 320ML,99.0,320 ML,PBT ,,1732266210771-agro thai foods pvt ltd-nepal-juice jelly#3.png,RECODING,5,2,99765317,103.9514,118,AGRO THAI FOODS PVT LTD-NEPAL,JUICE JELLY,JUICE JELLY,FRUIT COCKTAIL PET 320 ML,PET,320.000 ML,MIXED FRUIT,,320.0,ML,99.0
127,26/11/2024,202411,2,132803597,31303020004,1732266210771,99765331,134,AGRO THAI FOODS PVT LTD-NEPAL,JUICE JELLY,JUICE JELLY-CRANBERRY PBT 320ML,99.0,320 ML,PBT ,,1732266210771-agro thai foods pvt ltd-nepal-juice jelly#3.png,RECODING,5,3,99765306,106.634056,118,AGRO THAI FOODS PVT LTD-NEPAL,JUICE JELLY,JUICE JELLY,POMEGRANATE PET 320 ML,PET,320.000 ML,POMEGRANATE,,320.0,ML,99.0
127,26/11/2024,202411,2,132803597,31303020004,1732266210771,99765331,134,AGRO THAI FOODS PVT LTD-NEPAL,JUICE JELLY,JUICE JELLY-CRANBERRY PBT 320ML,99.0,320 ML,PBT ,,1732266210771-agro thai foods pvt ltd-nepal-juice jelly#3.png,RECODING,5,4,99765330,108.31601,118,AGRO THAI FOODS PVT LTD-NEPAL,JUICE JELLY,JUICE JELLY,STRAWBERRY PET 320 ML,PET,320.000 ML,STRAWBERRY,,320.0,ML,99.0
127,26/11/2024,202411,2,132803597,31303020004,1732266210771,99765331,134,AGRO THAI FOODS PVT LTD-NEPAL,JUICE JELLY,JUICE JELLY-CRANBERRY PBT 320ML,99.0,320 ML,PBT ,,1732266210771-agro thai foods pvt ltd-nepal-juice jelly#3.png,RECODING,5,5,99765294,111.18671,118,AGRO THAI FOODS PVT LTD-NEPAL,JUICE JELLY,JUICE JELLY,ORANGE PET 320 ML,PET,320.000 ML,ORANGE,,320.0,ML,99.0
127,26/11/2024,202411,2,132803597,31303020004,1732266210771,99765331,134,AGRO THAI FOODS PVT LTD-NEPAL,JUICE JELLY,JUICE JELLY-CRANBERRY PBT 320ML,99.0,320 ML,PBT ,,1732266210771-agro thai foods pvt ltd-nepal-juice jelly#3.png,RECODING,5,6,99765295,114.019394,118,AGRO THAI FOODS PVT LTD-NEPAL,JUICE JELLY,JUICE JELLY,PINEAPPLE PET 320 ML,PET,320.000 ML,PINEAPPLE,,320.0,ML,99.0
127,26/11/2024,202411,2,132803597,31303020004,1732266210771,99765331,134,AGRO THAI FOODS PVT LTD-NEPAL,JUICE JELLY,JUICE JELLY-CRANBERRY PBT 320ML,99.0,320 ML,PBT ,,1732266210771-agro thai foods pvt ltd-nepal-juice jelly#3.png,RECODING,5,7,99765482,118.14516,118,AGRO THAI FOODS PVT LTD-NEPAL,JUICE JELLY,JUICE JELLY,PINK GUAVA PET 320 ML,PET,320.000 ML,GUAVA,,320.0,ML,99.0
127,26/11/2024,202411,2,132803597,31303020004,1732266210771,99765331,134,AGRO THAI FOODS PVT LTD-NEPAL,JUICE JELLY,JUICE JELLY-CRANBERRY PBT 320ML,99.0,320 ML,PBT ,,1732266210771-agro thai foods pvt ltd-nepal-juice jelly#3.png,RECODING,5,8,99765309,122.13425,118,AGRO THAI FOODS PVT LTD-NEPAL,JUICE JELLY,JUICE JELLY,BLACK CURRENT PET 320 ML,PET,320.000 ML,BLACK CURRANT,,320.0,ML,99.0
127,26/11/2024,202411,2,132803597,31303020004,1732266210771,99765331,134,AGRO THAI FOODS PVT LTD-NEPAL,JUICE JELLY,JUICE JELLY-CRANBERRY PBT 320ML,99.0,320 ML,PBT ,,1732266210771-agro thai foods pvt ltd-nepal-juice jelly#3.png,RECODING,5,9,99764949,129.57794,118,AGRO THAI FOODS PVT LTD-NEPAL,CRANBERRY,CRANBERRY,CRANBERRY PET 250 ML,PET,250.000 ML,CRANBERRY,,250.0,ML,50.0
127,26/11/2024,202411,2,132803597,31303020004,1732266210771,99765331,134,AGRO THAI FOODS PVT LTD-NEPAL,JUICE JELLY,JUICE JELLY-CRANBERRY PBT 320ML,99.0,320 ML,PBT ,,1732266210771-agro thai foods pvt ltd-nepal-juice jelly#3.png,RECODING,5,10,99765308,130.17415,118,AGRO THAI FOODS PVT LTD-NEPAL,JUICE JELLY,JUICE JELLY,LITCHI PET 320 ML,PET,320.000 ML,LYCHEE,,320.0,ML,99.0
128,26/11/2024,202411,2,132803597,31303020004,1732265998135,99765330,134,AGRO THAI FOODS PVT LTD-NEPAL,JUICE JELLY,JUICE JELLY-STRAWBERRY PBT 320 ML,99.0,320ML,PBT,,1732265998135-agro thai foods pvt ltd-nepal-juice jelly#3.png,RECODING,5,1,99765330,77.34757,118,AGRO THAI FOODS PVT LTD-NEPAL,JUICE JELLY,JUICE JELLY,STRAWBERRY PET 320 ML,PET,320.000 ML,STRAWBERRY,,320.0,ML,99.0
128,26/11/2024,202411,2,132803597,31303020004,1732265998135,99765330,134,AGRO THAI FOODS PVT LTD-NEPAL,JUICE JELLY,JUICE JELLY-STRAWBERRY PBT 320 ML,99.0,320ML,PBT,,1732265998135-agro thai foods pvt ltd-nepal-juice jelly#3.png,RECODING,5,2,99765317,92.07999,118,AGRO THAI FOODS PVT LTD-NEPAL,JUICE JELLY,JUICE JELLY,FRUIT COCKTAIL PET 320 ML,PET,320.000 ML,MIXED FRUIT,,320.0,ML,99.0
128,26/11/2024,202411,2,132803597,31303020004,1732265998135,99765330,134,AGRO THAI FOODS PVT LTD-NEPAL,JUICE JELLY,JUICE JELLY-STRAWBERRY PBT 320 ML,99.0,320ML,PBT,,1732265998135-agro thai foods pvt ltd-nepal-juice jelly#3.png,RECODING,5,3,99765294,98.73012,118,AGRO THAI FOODS PVT LTD-NEPAL,JUICE JELLY,JUICE JELLY,ORANGE PET 320 ML,PET,320.000 ML,ORANGE,,320.0,ML,99.0
128,26/11/2024,202411,2,132803597,31303020004,1732265998135,99765330,134,AGRO THAI FOODS PVT LTD-NEPAL,JUICE JELLY,JUICE JELLY-STRAWBERRY PBT 320 ML,99.0,320ML,PBT,,1732265998135-agro thai foods pvt ltd-nepal-juice jelly#3.png,RECODING,5,4,99765306,101.27916,118,AGRO THAI FOODS PVT LTD-NEPAL,JUICE JELLY,JUICE JELLY,POMEGRANATE PET 320 ML,PET,320.000 ML,POMEGRANATE,,320.0,ML,99.0
128,26/11/2024,202411,2,132803597,31303020004,1732265998135,99765330,134,AGRO THAI FOODS PVT LTD-NEPAL,JUICE JELLY,JUICE JELLY-STRAWBERRY PBT 320 ML,99.0,320ML,PBT,,1732265998135-agro thai foods pvt ltd-nepal-juice jelly#3.png,RECODING,5,5,99765295,101.968506,118,AGRO THAI FOODS PVT LTD-NEPAL,JUICE JELLY,JUICE JELLY,PINEAPPLE PET 320 ML,PET,320.000 ML,PINEAPPLE,,320.0,ML,99.0
128,26/11/2024,202411,2,132803597,31303020004,1732265998135,99765330,134,AGRO THAI FOODS PVT LTD-NEPAL,JUICE JELLY,JUICE JELLY-STRAWBERRY PBT 320 ML,99.0,320ML,PBT,,1732265998135-agro thai foods pvt ltd-nepal-juice jelly#3.png,RECODING,5,6,99765482,104.859116,118,AGRO THAI FOODS PVT LTD-NEPAL,JUICE JELLY,JUICE JELLY,PINK GUAVA PET 320 ML,PET,320.000 ML,GUAVA,,320.0,ML,99.0
128,26/11/2024,202411,2,132803597,31303020004,1732265998135,99765330,134,AGRO THAI FOODS PVT LTD-NEPAL,JUICE JELLY,JUICE JELLY-STRAWBERRY PBT 320 ML,99.0,320ML,PBT,,1732265998135-agro thai foods pvt ltd-nepal-juice jelly#3.png,RECODING,5,7,99765331,107.80949,118,AGRO THAI FOODS PVT LTD-NEPAL,JUICE JELLY,JUICE JELLY,CRANBERRY PET 320 ML,PET,320.000 ML,CRANBERRY,,320.0,ML,99.0
128,26/11/2024,202411,2,132803597,31303020004,1732265998135,99765330,134,AGRO THAI FOODS PVT LTD-NEPAL,JUICE JELLY,JUICE JELLY-STRAWBERRY PBT 320 ML,99.0,320ML,PBT,,1732265998135-agro thai foods pvt ltd-nepal-juice jelly#3.png,RECODING,5,8,99765309,115.867905,118,AGRO THAI FOODS PVT LTD-NEPAL,JUICE JELLY,JUICE JELLY,BLACK CURRENT PET 320 ML,PET,320.000 ML,BLACK CURRANT,,320.0,ML,99.0
128,26/11/2024,202411,2,132803597,31303020004,1732265998135,99765330,134,AGRO THAI FOODS PVT LTD-NEPAL,JUICE JELLY,JUICE JELLY-STRAWBERRY PBT 320 ML,99.0,320ML,PBT,,1732265998135-agro thai foods pvt ltd-nepal-juice jelly#3.png,RECODING,5,9,99765308,122.43416,118,AGRO THAI FOODS PVT LTD-NEPAL,JUICE JELLY,JUICE JELLY,LITCHI PET 320 ML,PET,320.000 ML,LYCHEE,,320.0,ML,99.0
128,26/11/2024,202411,2,132803597,31303020004,1732265998135,99765330,134,AGRO THAI FOODS PVT LTD-NEPAL,JUICE JELLY,JUICE JELLY-STRAWBERRY PBT 320 ML,99.0,320ML,PBT,,1732265998135-agro thai foods pvt ltd-nepal-juice jelly#3.png,RECODING,5,10,99765434,150.12234,118,AGRO THAI FOODS PVT LTD-NEPAL,FRUIT SHOOT,FRUIT SHOOT,PINK GUAVA PET 200 ML,PET,200.000 ML,GUAVA,,200.0,ML,40.0
129,26/11/2024,202411,3,1021141759768,21104030058,1731937092881,99765321,105,SURYA NEPAL PVT LTD - NEPAL,SURYA FUSION,SURYA FUSION,320.0,20'S-KS,FTP,New SKU,,RECODING,5,1,47592,145.90826,105,SURYA NEPAL PVT LTD - NEPAL,SHIKHAR,SHIKHAR ICE RUSH,HL 20'S,HL,20,FRESH,,20.0,NO,185.0
129,26/11/2024,202411,3,1021141759768,21104030058,1731937092881,99765321,105,SURYA NEPAL PVT LTD - NEPAL,SURYA FUSION,SURYA FUSION,320.0,20'S-KS,FTP,New SKU,,RECODING,5,2,46667,155.12265,123,B.S.I PVT LTD-NEPAL,SURYA,SURYA,SURYA-UNWRP 200 GMS,UNWRP,200.000 GM,,,200.0,GM,0.0
129,26/11/2024,202411,3,1021141759768,21104030058,1731937092881,99765321,105,SURYA NEPAL PVT LTD - NEPAL,SURYA FUSION,SURYA FUSION,320.0,20'S-KS,FTP,New SKU,,RECODING,5,3,99765321,156.17534,105,SURYA NEPAL PVT LTD - NEPAL,SURYA,SURYA FUSION,HL 20'S,HL,20,FULL FLAVOUR,,20.0,NO,320.0
129,26/11/2024,202411,3,1021141759768,21104030058,1731937092881,99765321,105,SURYA NEPAL PVT LTD - NEPAL,SURYA FUSION,SURYA FUSION,320.0,20'S-KS,FTP,New SKU,,RECODING,5,4,92923725,156.9704,123,B.S.I PVT LTD-NEPAL,SURYA,SURYA,SURYA-UNWRP 150 GMS,UNWRP,150.000 GM,,,150.0,GM,0.0
129,26/11/2024,202411,3,1021141759768,21104030058,1731937092881,99765321,105,SURYA NEPAL PVT LTD - NEPAL,SURYA FUSION,SURYA FUSION,320.0,20'S-KS,FTP,New SKU,,RECODING,5,5,90110247,160.46191,105,SURYA NEPAL PVT LTD - NEPAL,SURYA,SURYA CITRIC FRESH,HL 20'S,HL,20,FRESH,,20.0,NO,300.0
129,26/11/2024,202411,3,1021141759768,21104030058,1731937092881,99765321,105,SURYA NEPAL PVT LTD - NEPAL,SURYA FUSION,SURYA FUSION,320.0,20'S-KS,FTP,New SKU,,RECODING,5,6,99764555,161.36119,106,SURYA NEPAL PVT LTD - NEPAL,TOFFICHOO,TOFFICHOO CHATPATA FUN,TOFFICHOO CHATPATA FUN-MASALA PUNCH PCN 720 GM,PLJAR,720.000 GM,MASALA,,720.0,GM,300.0
129,26/11/2024,202411,3,1021141759768,21104030058,1731937092881,99765321,105,SURYA NEPAL PVT LTD - NEPAL,SURYA FUSION,SURYA FUSION,320.0,20'S-KS,FTP,New SKU,,RECODING,5,7,90110238,163.41866,105,SURYA NEPAL PVT LTD - NEPAL,SURYA,SURYA POLAR ICE,HL 20'S,HL,20,FRESH,,20.0,NO,300.0
129,26/11/2024,202411,3,1021141759768,21104030058,1731937092881,99765321,105,SURYA NEPAL PVT LTD - NEPAL,SURYA FUSION,SURYA FUSION,320.0,20'S-KS,FTP,New SKU,,RECODING,5,8,48587,163.94806,105,SURYA NEPAL PVT LTD - NEPAL,SURYA,SURYA 24 CARAT ARCTIC BURST,HL 20'S,HL,20,FRESH,,20.0,NO,300.0
129,26/11/2024,202411,3,1021141759768,21104030058,1731937092881,99765321,105,SURYA NEPAL PVT LTD - NEPAL,SURYA FUSION,SURYA FUSION,320.0,20'S-KS,FTP,New SKU,,RECODING,5,9,99764612,164.41785,106,SURYA NEPAL PVT LTD - NEPAL,TOFFICHOO TADKA,TOFFICHOO TADKA,TOFFICHOO TADKA-CHAT MASALA LITCHI PCN 760GM,PLJAR,760.000 GM,LYCHEE,,760.0,GM,500.0
129,26/11/2024,202411,3,1021141759768,21104030058,1731937092881,99765321,105,SURYA NEPAL PVT LTD - NEPAL,SURYA FUSION,SURYA FUSION,320.0,20'S-KS,FTP,New SKU,,RECODING,5,10,90110249,165.83539,105,SURYA NEPAL PVT LTD - NEPAL,SHIKHAR,SHIKHAR TANGY BREEZE,HL 20'S,HL,20,FRESH,,20.0,NO,180.0
130,26/11/2024,202411,3,1210102744,12101030193,1732251636707,99765320,126,MADHU CHEMICAL COMPANY,MADHU,MADHU SWEET- SUPARI PPH 1.45 GM.,3.0,1.45GM,PPH,Any other reason,,RECODING,5,1,99765320,172.66986,126,MADHU CHEMICAL COMPANY,MADHU,MADHU,1.45G PAAN MASALA,PLAST,1.45G,SWEET,,1.45,GM,3.0
130,26/11/2024,202411,3,1210102744,12101030193,1732251636707,99765320,126,MADHU CHEMICAL COMPANY,MADHU,MADHU SWEET- SUPARI PPH 1.45 GM.,3.0,1.45GM,PPH,Any other reason,,RECODING,5,2,99762215,183.35944,126,MADHU CHEMICAL COMPANY,MADHU,MADHU,1.25G PAAN MASALA,PLAST,1.25G,SWEET,,1.25,,0.0
130,26/11/2024,202411,3,1210102744,12101030193,1732251636707,99765320,126,MADHU CHEMICAL COMPANY,MADHU,MADHU SWEET- SUPARI PPH 1.45 GM.,3.0,1.45GM,PPH,Any other reason,,RECODING,5,3,91827177,183.50818,106,MAHENDRA INDUSTRIES-INDIA,MADHUR,MADHUR,MADHUR- LAL PAAN PPH 5 GM,PLPCH,5.000 GM,PAAN,,5.0,GM,0.0
130,26/11/2024,202411,3,1210102744,12101030193,1732251636707,99765320,126,MADHU CHEMICAL COMPANY,MADHU,MADHU SWEET- SUPARI PPH 1.45 GM.,3.0,1.45GM,PPH,Any other reason,,RECODING,5,4,54103,186.3512,106,MAHENDRA INDUSTRIES-INDIA,MADHUR,MADHUR TRUE LOVE,MADHUR TRUE LOVE-PEACH PPH 5 GM,PLPCH,5.000 GM,PEACH,,5.0,GM,0.0
130,26/11/2024,202411,3,1210102744,12101030193,1732251636707,99765320,126,MADHU CHEMICAL COMPANY,MADHU,MADHU SWEET- SUPARI PPH 1.45 GM.,3.0,1.45GM,PPH,Any other reason,,RECODING,5,5,54101,188.69598,106,MAHENDRA INDUSTRIES-INDIA,MADHUR,MADHUR TRUE LOVE,MADHUR TRUE LOVE-TAMARIND PPH 5 GM,PLPCH,5.000 GM,TAMARIND,,5.0,GM,0.0
130,26/11/2024,202411,3,1210102744,12101030193,1732251636707,99765320,126,MADHU CHEMICAL COMPANY,MADHU,MADHU SWEET- SUPARI PPH 1.45 GM.,3.0,1.45GM,PPH,Any other reason,,RECODING,5,6,48360,192.06308,106,MAHENDRA INDUSTRIES-INDIA,MADHUR,MADHUR KING POP,MADHUR KING POP-LOLLIPOP PPH 9 GM,PLPCH,9.000 GM,UNSPECIFIED,,9.0,GM,0.0
130,26/11/2024,202411,3,1210102744,12101030193,1732251636707,99765320,126,MADHU CHEMICAL COMPANY,MADHU,MADHU SWEET- SUPARI PPH 1.45 GM.,3.0,1.45GM,PPH,Any other reason,,RECODING,5,7,91827305,194.17953,106,DEEPAK RIDDHI SIDDHI PRODT-NP,DEEPAK,DEEPAK RAMAILO CHATAPATA CANDY,DEEPAK RAMAILO CHATAPATA CANDY-PPH 4 GM,PLPCH,4.000 GM,UNSPECIFIED,,4.0,GM,0.0
130,26/11/2024,202411,3,1210102744,12101030193,1732251636707,99765320,126,MADHU CHEMICAL COMPANY,MADHU,MADHU SWEET- SUPARI PPH 1.45 GM.,3.0,1.45GM,PPH,Any other reason,,RECODING,5,8,91827176,194.41864,106,MAHENDRA INDUSTRIES-INDIA,MADHUR,MADHUR TRUE LOVE,MADHUR TRUE LOVE- STRAWBERRY PPH 6 GM,PLPCH,6.000 GM,STRAWBERRY,,6.0,GM,0.0
130,26/11/2024,202411,3,1210102744,12101030193,1732251636707,99765320,126,MADHU CHEMICAL COMPANY,MADHU,MADHU SWEET- SUPARI PPH 1.45 GM.,3.0,1.45GM,PPH,Any other reason,,RECODING,5,9,91826568,196.45747,106,MAHENDRA INDUSTRIES-INDIA,MADHUR,MADHUR TRUE LOVE,MADHUR TRUE LOVE- ORANGE PPH 6 GM,PLPCH,6.000 GM,ORANGE,,6.0,GM,0.0
130,26/11/2024,202411,3,1210102744,12101030193,1732251636707,99765320,126,MADHU CHEMICAL COMPANY,MADHU,MADHU SWEET- SUPARI PPH 1.45 GM.,3.0,1.45GM,PPH,Any other reason,,RECODING,5,10,91826566,196.66019,106,MAHENDRA INDUSTRIES-INDIA,MADHUR,MADHUR ECLAIRS,MADHUR ECLAIRS- COFFEE PPH 4.5 GM,PLPCH,4.500 GM,COFFEE,,4.5,GM,0.0
131,26/11/2024,202411,3,1210102746,12101030195,1732251636707,99765320,126,MADHU CHEMICAL COMPANY,MADHU,MADHU SWEET- SUPARI PPH 1.45 GM.,3.0,1.45GM,PPH,Any other reason,,RECODING,5,1,99765320,172.5825,126,MADHU CHEMICAL COMPANY,MADHU,MADHU,1.45G PAAN MASALA,PLAST,1.45G,SWEET,,1.45,GM,3.0
131,26/11/2024,202411,3,1210102746,12101030195,1732251636707,99765320,126,MADHU CHEMICAL COMPANY,MADHU,MADHU SWEET- SUPARI PPH 1.45 GM.,3.0,1.45GM,PPH,Any other reason,,RECODING,5,2,99762215,183.25275,126,MADHU CHEMICAL COMPANY,MADHU,MADHU,1.25G PAAN MASALA,PLAST,1.25G,SWEET,,1.25,,0.0
131,26/11/2024,202411,3,1210102746,12101030195,1732251636707,99765320,126,MADHU CHEMICAL COMPANY,MADHU,MADHU SWEET- SUPARI PPH 1.45 GM.,3.0,1.45GM,PPH,Any other reason,,RECODING,5,3,91827177,183.93958,106,MAHENDRA INDUSTRIES-INDIA,MADHUR,MADHUR,MADHUR- LAL PAAN PPH 5 GM,PLPCH,5.000 GM,PAAN,,5.0,GM,0.0
131,26/11/2024,202411,3,1210102746,12101030195,1732251636707,99765320,126,MADHU CHEMICAL COMPANY,MADHU,MADHU SWEET- SUPARI PPH 1.45 GM.,3.0,1.45GM,PPH,Any other reason,,RECODING,5,4,54103,186.57986,106,MAHENDRA INDUSTRIES-INDIA,MADHUR,MADHUR TRUE LOVE,MADHUR TRUE LOVE-PEACH PPH 5 GM,PLPCH,5.000 GM,PEACH,,5.0,GM,0.0
131,26/11/2024,202411,3,1210102746,12101030195,1732251636707,99765320,126,MADHU CHEMICAL COMPANY,MADHU,MADHU SWEET- SUPARI PPH 1.45 GM.,3.0,1.45GM,PPH,Any other reason,,RECODING,5,5,54101,189.0122,106,MAHENDRA INDUSTRIES-INDIA,MADHUR,MADHUR TRUE LOVE,MADHUR TRUE LOVE-TAMARIND PPH 5 GM,PLPCH,5.000 GM,TAMARIND,,5.0,GM,0.0
131,26/11/2024,202411,3,1210102746,12101030195,1732251636707,99765320,126,MADHU CHEMICAL COMPANY,MADHU,MADHU SWEET- SUPARI PPH 1.45 GM.,3.0,1.45GM,PPH,Any other reason,,RECODING,5,6,48360,193.11989,106,MAHENDRA INDUSTRIES-INDIA,MADHUR,MADHUR KING POP,MADHUR KING POP-LOLLIPOP PPH 9 GM,PLPCH,9.000 GM,UNSPECIFIED,,9.0,GM,0.0
131,26/11/2024,202411,3,1210102746,12101030195,1732251636707,99765320,126,MADHU CHEMICAL COMPANY,MADHU,MADHU SWEET- SUPARI PPH 1.45 GM.,3.0,1.45GM,PPH,Any other reason,,RECODING,5,7,91827305,194.9636,106,DEEPAK RIDDHI SIDDHI PRODT-NP,DEEPAK,DEEPAK RAMAILO CHATAPATA CANDY,DEEPAK RAMAILO CHATAPATA CANDY-PPH 4 GM,PLPCH,4.000 GM,UNSPECIFIED,,4.0,GM,0.0
131,26/11/2024,202411,3,1210102746,12101030195,1732251636707,99765320,126,MADHU CHEMICAL COMPANY,MADHU,MADHU SWEET- SUPARI PPH 1.45 GM.,3.0,1.45GM,PPH,Any other reason,,RECODING,5,8,91827176,195.09958,106,MAHENDRA INDUSTRIES-INDIA,MADHUR,MADHUR TRUE LOVE,MADHUR TRUE LOVE- STRAWBERRY PPH 6 GM,PLPCH,6.000 GM,STRAWBERRY,,6.0,GM,0.0
131,26/11/2024,202411,3,1210102746,12101030195,1732251636707,99765320,126,MADHU CHEMICAL COMPANY,MADHU,MADHU SWEET- SUPARI PPH 1.45 GM.,3.0,1.45GM,PPH,Any other reason,,RECODING,5,9,46537,197.07622,106,MAHENDRA INDUSTRIES-INDIA,MADHUR,MADHUR,MADHUR- LAL PAAN PPH 6 GM,PLPCH,6.000 GM,PAAN,,6.0,GM,0.0
131,26/11/2024,202411,3,1210102746,12101030195,1732251636707,99765320,126,MADHU CHEMICAL COMPANY,MADHU,MADHU SWEET- SUPARI PPH 1.45 GM.,3.0,1.45GM,PPH,Any other reason,,RECODING,5,10,91826568,197.20215,106,MAHENDRA INDUSTRIES-INDIA,MADHUR,MADHUR TRUE LOVE,MADHUR TRUE LOVE- ORANGE PPH 6 GM,PLPCH,6.000 GM,ORANGE,,6.0,GM,0.0
132,26/11/2024,202411,3,1210102190,12101030110,1732251636707,99765320,126,MADHU CHEMICAL COMPANY,MADHU,MADHU SWEET- SUPARI PPH 1.45 GM.,3.0,1.45GM,PPH,Any other reason,,RECODING,5,1,99765320,168.93965,126,MADHU CHEMICAL COMPANY,MADHU,MADHU,1.45G PAAN MASALA,PLAST,1.45G,SWEET,,1.45,GM,3.0
132,26/11/2024,202411,3,1210102190,12101030110,1732251636707,99765320,126,MADHU CHEMICAL COMPANY,MADHU,MADHU SWEET- SUPARI PPH 1.45 GM.,3.0,1.45GM,PPH,Any other reason,,RECODING,5,2,99762215,180.3473,126,MADHU CHEMICAL COMPANY,MADHU,MADHU,1.25G PAAN MASALA,PLAST,1.25G,SWEET,,1.25,,0.0
132,26/11/2024,202411,3,1210102190,12101030110,1732251636707,99765320,126,MADHU CHEMICAL COMPANY,MADHU,MADHU SWEET- SUPARI PPH 1.45 GM.,3.0,1.45GM,PPH,Any other reason,,RECODING,5,3,91827177,182.60687,106,MAHENDRA INDUSTRIES-INDIA,MADHUR,MADHUR,MADHUR- LAL PAAN PPH 5 GM,PLPCH,5.000 GM,PAAN,,5.0,GM,0.0
132,26/11/2024,202411,3,1210102190,12101030110,1732251636707,99765320,126,MADHU CHEMICAL COMPANY,MADHU,MADHU SWEET- SUPARI PPH 1.45 GM.,3.0,1.45GM,PPH,Any other reason,,RECODING,5,4,54103,185.10107,106,MAHENDRA INDUSTRIES-INDIA,MADHUR,MADHUR TRUE LOVE,MADHUR TRUE LOVE-PEACH PPH 5 GM,PLPCH,5.000 GM,PEACH,,5.0,GM,0.0
132,26/11/2024,202411,3,1210102190,12101030110,1732251636707,99765320,126,MADHU CHEMICAL COMPANY,MADHU,MADHU SWEET- SUPARI PPH 1.45 GM.,3.0,1.45GM,PPH,Any other reason,,RECODING,5,5,54101,187.95193,106,MAHENDRA INDUSTRIES-INDIA,MADHUR,MADHUR TRUE LOVE,MADHUR TRUE LOVE-TAMARIND PPH 5 GM,PLPCH,5.000 GM,TAMARIND,,5.0,GM,0.0
132,26/11/2024,202411,3,1210102190,12101030110,1732251636707,99765320,126,MADHU CHEMICAL COMPANY,MADHU,MADHU SWEET- SUPARI PPH 1.45 GM.,3.0,1.45GM,PPH,Any other reason,,RECODING,5,6,48360,191.4566,106,MAHENDRA INDUSTRIES-INDIA,MADHUR,MADHUR KING POP,MADHUR KING POP-LOLLIPOP PPH 9 GM,PLPCH,9.000 GM,UNSPECIFIED,,9.0,GM,0.0
132,26/11/2024,202411,3,1210102190,12101030110,1732251636707,99765320,126,MADHU CHEMICAL COMPANY,MADHU,MADHU SWEET- SUPARI PPH 1.45 GM.,3.0,1.45GM,PPH,Any other reason,,RECODING,5,7,91827176,193.24374,106,MAHENDRA INDUSTRIES-INDIA,MADHUR,MADHUR TRUE LOVE,MADHUR TRUE LOVE- STRAWBERRY PPH 6 GM,PLPCH,6.000 GM,STRAWBERRY,,6.0,GM,0.0
132,26/11/2024,202411,3,1210102190,12101030110,1732251636707,99765320,126,MADHU CHEMICAL COMPANY,MADHU,MADHU SWEET- SUPARI PPH 1.45 GM.,3.0,1.45GM,PPH,Any other reason,,RECODING,5,8,91827305,193.50406,106,DEEPAK RIDDHI SIDDHI PRODT-NP,DEEPAK,DEEPAK RAMAILO CHATAPATA CANDY,DEEPAK RAMAILO CHATAPATA CANDY-PPH 4 GM,PLPCH,4.000 GM,UNSPECIFIED,,4.0,GM,0.0
132,26/11/2024,202411,3,1210102190,12101030110,1732251636707,99765320,126,MADHU CHEMICAL COMPANY,MADHU,MADHU SWEET- SUPARI PPH 1.45 GM.,3.0,1.45GM,PPH,Any other reason,,RECODING,5,9,91826566,194.45804,106,MAHENDRA INDUSTRIES-INDIA,MADHUR,MADHUR ECLAIRS,MADHUR ECLAIRS- COFFEE PPH 4.5 GM,PLPCH,4.500 GM,COFFEE,,4.5,GM,0.0
132,26/11/2024,202411,3,1210102190,12101030110,1732251636707,99765320,126,MADHU CHEMICAL COMPANY,MADHU,MADHU SWEET- SUPARI PPH 1.45 GM.,3.0,1.45GM,PPH,Any other reason,,RECODING,5,10,91826568,195.30118,106,MAHENDRA INDUSTRIES-INDIA,MADHUR,MADHUR TRUE LOVE,MADHUR TRUE LOVE- ORANGE PPH 6 GM,PLPCH,6.000 GM,ORANGE,,6.0,GM,0.0
133,26/11/2024,202411,3,1020181120944,22502030046,1732259484751,99765326,124,DEUTI GUTKHA INDUSTRIES,MEGHA SHREE PREMIUM,PREMIUM MEGHA SHREE/DEUTI GUTKHA INDUSTRIES/PPH/2GM,5.0,2GM,PPH,,1732259484751-deuti gutkha industries-megha shree premium#3.png,RECODING,5,1,99765326,111.095406,124,DEUTI GUTKHA INDUSTRIES,MEGHA SHREE,MEGHA SHREE PREMIUM,2.20G GUTKA,PLAST,2.20G,REGULAR,,2.2,GM,5.0
133,26/11/2024,202411,3,1020181120944,22502030046,1732259484751,99765326,124,DEUTI GUTKHA INDUSTRIES,MEGHA SHREE PREMIUM,PREMIUM MEGHA SHREE/DEUTI GUTKHA INDUSTRIES/PPH/2GM,5.0,2GM,PPH,,1732259484751-deuti gutkha industries-megha shree premium#3.png,RECODING,5,2,99762223,113.175385,124,DEUTI GUTKHA INDUSTRIES,MEGHA SHREE,MEGHA SHREE PREMIUM,2.3G GUTKA,PLAST,2.3G,REGULAR,,2.3,,0.0
133,26/11/2024,202411,3,1020181120944,22502030046,1732259484751,99765326,124,DEUTI GUTKHA INDUSTRIES,MEGHA SHREE PREMIUM,PREMIUM MEGHA SHREE/DEUTI GUTKHA INDUSTRIES/PPH/2GM,5.0,2GM,PPH,,1732259484751-deuti gutkha industries-megha shree premium#3.png,RECODING,5,3,99764162,116.19301,124,DEUTI GUTKHA INDUSTRIES,MEGHA SHREE,MEGHA SHREE PREMIUM,2.14G GUTKA,PLAST,2.14G,REGULAR,,2.14,GM,5.0
133,26/11/2024,202411,3,1020181120944,22502030046,1732259484751,99765326,124,DEUTI GUTKHA INDUSTRIES,MEGHA SHREE PREMIUM,PREMIUM MEGHA SHREE/DEUTI GUTKHA INDUSTRIES/PPH/2GM,5.0,2GM,PPH,,1732259484751-deuti gutkha industries-megha shree premium#3.png,RECODING,5,4,93025975,156.1232,122,H.B INDUSTRIES-NEPAL,MEGHA,MEGHA,MEGHA-PPH 200 GMS,PLPCH,200.000 GM,,,200.0,GM,0.0
133,26/11/2024,202411,3,1020181120944,22502030046,1732259484751,99765326,124,DEUTI GUTKHA INDUSTRIES,MEGHA SHREE PREMIUM,PREMIUM MEGHA SHREE/DEUTI GUTKHA INDUSTRIES/PPH/2GM,5.0,2GM,PPH,,1732259484751-deuti gutkha industries-megha shree premium#3.png,RECODING,5,5,93026899,160.3005,122,H.B INDUSTRIES-NEPAL,MEGHA,MEGHA,MEGHA-PPH 1000 GMS,PLPCH,1000.000 GM,,,1000.0,GM,0.0
133,26/11/2024,202411,3,1020181120944,22502030046,1732259484751,99765326,124,DEUTI GUTKHA INDUSTRIES,MEGHA SHREE PREMIUM,PREMIUM MEGHA SHREE/DEUTI GUTKHA INDUSTRIES/PPH/2GM,5.0,2GM,PPH,,1732259484751-deuti gutkha industries-megha shree premium#3.png,RECODING,5,6,47744,161.43811,122,H.B INDUSTRIES-NEPAL,MEGHA,MEGHA,MEGHA-FLOWER FRESH PPH 3000 GMS,PLPCH,3000.000 GM,,,3000.0,GM,0.0
133,26/11/2024,202411,3,1020181120944,22502030046,1732259484751,99765326,124,DEUTI GUTKHA INDUSTRIES,MEGHA SHREE PREMIUM,PREMIUM MEGHA SHREE/DEUTI GUTKHA INDUSTRIES/PPH/2GM,5.0,2GM,PPH,,1732259484751-deuti gutkha industries-megha shree premium#3.png,RECODING,5,7,93026122,162.7674,122,H.B INDUSTRIES-NEPAL,MEGHA,MEGHA,MEGHA-FLOWER FRESH PPH 500 GMS,PLPCH,500.000 GM,,,500.0,GM,0.0
133,26/11/2024,202411,3,1020181120944,22502030046,1732259484751,99765326,124,DEUTI GUTKHA INDUSTRIES,MEGHA SHREE PREMIUM,PREMIUM MEGHA SHREE/DEUTI GUTKHA INDUSTRIES/PPH/2GM,5.0,2GM,PPH,,1732259484751-deuti gutkha industries-megha shree premium#3.png,RECODING,5,8,99762273,176.07724,124,SHREE MEENAKSHI PRODUCTS NEPAL,GOA,GOA PREMIUM 1000,2G GUTKA,PLAST,2G,REGULAR,,2.0,,0.0
133,26/11/2024,202411,3,1020181120944,22502030046,1732259484751,99765326,124,DEUTI GUTKHA INDUSTRIES,MEGHA SHREE PREMIUM,PREMIUM MEGHA SHREE/DEUTI GUTKHA INDUSTRIES/PPH/2GM,5.0,2GM,PPH,,1732259484751-deuti gutkha industries-megha shree premium#3.png,RECODING,5,9,99762301,181.54492,125,DEUTI GUTKHA INDUSTRIES,RADHA EXTRA POWER,RADHA EXTRA POWER,8G KHAINI,PLAST,8G,REGULAR,,8.0,,0.0
133,26/11/2024,202411,3,1020181120944,22502030046,1732259484751,99765326,124,DEUTI GUTKHA INDUSTRIES,MEGHA SHREE PREMIUM,PREMIUM MEGHA SHREE/DEUTI GUTKHA INDUSTRIES/PPH/2GM,5.0,2GM,PPH,,1732259484751-deuti gutkha industries-megha shree premium#3.png,RECODING,5,10,54891,181.55414,122,SHREE NATH INTERNATIONAL-IND,MOZ,MOZ,MOZ-PPH 500 GM,PLPCH,500.000 GM,,,500.0,GM,0.0
134,26/11/2024,202411,3,1022170057099,22502030036,1731222877542,99765321,105,SURYA NEPAL PVT LTD - NEPAL,SURYA FUSION,SURYA FUSION/HL/20NOS/MRP320,320.0,20 NOS,KS,,,RECODING,5,1,99765321,132.94107,105,SURYA NEPAL PVT LTD - NEPAL,SURYA,SURYA FUSION,HL 20'S,HL,20,FULL FLAVOUR,,20.0,NO,320.0
134,26/11/2024,202411,3,1022170057099,22502030036,1731222877542,99765321,105,SURYA NEPAL PVT LTD - NEPAL,SURYA FUSION,SURYA FUSION/HL/20NOS/MRP320,320.0,20 NOS,KS,,,RECODING,5,2,47592,142.06555,105,SURYA NEPAL PVT LTD - NEPAL,SHIKHAR,SHIKHAR ICE RUSH,HL 20'S,HL,20,FRESH,,20.0,NO,185.0
134,26/11/2024,202411,3,1022170057099,22502030036,1731222877542,99765321,105,SURYA NEPAL PVT LTD - NEPAL,SURYA FUSION,SURYA FUSION/HL/20NOS/MRP320,320.0,20 NOS,KS,,,RECODING,5,3,99764555,145.71194,106,SURYA NEPAL PVT LTD - NEPAL,TOFFICHOO,TOFFICHOO CHATPATA FUN,TOFFICHOO CHATPATA FUN-MASALA PUNCH PCN 720 GM,PLJAR,720.000 GM,MASALA,,720.0,GM,300.0
134,26/11/2024,202411,3,1022170057099,22502030036,1731222877542,99765321,105,SURYA NEPAL PVT LTD - NEPAL,SURYA FUSION,SURYA FUSION/HL/20NOS/MRP320,320.0,20 NOS,KS,,,RECODING,5,4,90110247,149.10707,105,SURYA NEPAL PVT LTD - NEPAL,SURYA,SURYA CITRIC FRESH,HL 20'S,HL,20,FRESH,,20.0,NO,300.0
134,26/11/2024,202411,3,1022170057099,22502030036,1731222877542,99765321,105,SURYA NEPAL PVT LTD - NEPAL,SURYA FUSION,SURYA FUSION/HL/20NOS/MRP320,320.0,20 NOS,KS,,,RECODING,5,5,48587,149.54308,105,SURYA NEPAL PVT LTD - NEPAL,SURYA,SURYA 24 CARAT ARCTIC BURST,HL 20'S,HL,20,FRESH,,20.0,NO,300.0
134,26/11/2024,202411,3,1022170057099,22502030036,1731222877542,99765321,105,SURYA NEPAL PVT LTD - NEPAL,SURYA FUSION,SURYA FUSION/HL/20NOS/MRP320,320.0,20 NOS,KS,,,RECODING,5,6,92923725,150.21045,123,B.S.I PVT LTD-NEPAL,SURYA,SURYA,SURYA-UNWRP 150 GMS,UNWRP,150.000 GM,,,150.0,GM,0.0
134,26/11/2024,202411,3,1022170057099,22502030036,1731222877542,99765321,105,SURYA NEPAL PVT LTD - NEPAL,SURYA FUSION,SURYA FUSION/HL/20NOS/MRP320,320.0,20 NOS,KS,,,RECODING,5,7,99763869,150.37451,105,SURYA NEPAL PVT LTD - NEPAL,NAULO,NAULO BURST,HL 20'S,HL,20,FRESH,,20.0,NO,175.0
134,26/11/2024,202411,3,1022170057099,22502030036,1731222877542,99765321,105,SURYA NEPAL PVT LTD - NEPAL,SURYA FUSION,SURYA FUSION/HL/20NOS/MRP320,320.0,20 NOS,KS,,,RECODING,5,8,46667,151.53735,123,B.S.I PVT LTD-NEPAL,SURYA,SURYA,SURYA-UNWRP 200 GMS,UNWRP,200.000 GM,,,200.0,GM,0.0
134,26/11/2024,202411,3,1022170057099,22502030036,1731222877542,99765321,105,SURYA NEPAL PVT LTD - NEPAL,SURYA FUSION,SURYA FUSION/HL/20NOS/MRP320,320.0,20 NOS,KS,,,RECODING,5,9,99765090,152.91187,105,SURYA NEPAL PVT LTD - NEPAL,SURYA,SURYA DUAL BURST,HL 20'S,HL,20,FRESH,,20.0,NO,320.0
134,26/11/2024,202411,3,1022170057099,22502030036,1731222877542,99765321,105,SURYA NEPAL PVT LTD - NEPAL,SURYA FUSION,SURYA FUSION/HL/20NOS/MRP320,320.0,20 NOS,KS,,,RECODING,5,10,99764545,153.31552,106,SURYA NEPAL PVT LTD - NEPAL,TOFFICHOO,TOFFICHOO CHATPATA FUN,TOFFICHOO CHATPATA FUN-MASALA PUNCH PPH 270 GM,PLPCH,270.000 GM,MASALA,,270.0,GM,85.0
135,26/11/2024,202411,3,1210102749,12101030199,1732251636707,99765320,126,MADHU CHEMICAL COMPANY,MADHU,MADHU SWEET- SUPARI PPH 1.45 GM.,3.0,1.45GM,PPH,Any other reason,,RECODING,5,1,99765320,171.68939,126,MADHU CHEMICAL COMPANY,MADHU,MADHU,1.45G PAAN MASALA,PLAST,1.45G,SWEET,,1.45,GM,3.0
135,26/11/2024,202411,3,1210102749,12101030199,1732251636707,99765320,126,MADHU CHEMICAL COMPANY,MADHU,MADHU SWEET- SUPARI PPH 1.45 GM.,3.0,1.45GM,PPH,Any other reason,,RECODING,5,2,99762215,182.39041,126,MADHU CHEMICAL COMPANY,MADHU,MADHU,1.25G PAAN MASALA,PLAST,1.25G,SWEET,,1.25,,0.0
135,26/11/2024,202411,3,1210102749,12101030199,1732251636707,99765320,126,MADHU CHEMICAL COMPANY,MADHU,MADHU SWEET- SUPARI PPH 1.45 GM.,3.0,1.45GM,PPH,Any other reason,,RECODING,5,3,91827177,183.42487,106,MAHENDRA INDUSTRIES-INDIA,MADHUR,MADHUR,MADHUR- LAL PAAN PPH 5 GM,PLPCH,5.000 GM,PAAN,,5.0,GM,0.0
135,26/11/2024,202411,3,1210102749,12101030199,1732251636707,99765320,126,MADHU CHEMICAL COMPANY,MADHU,MADHU SWEET- SUPARI PPH 1.45 GM.,3.0,1.45GM,PPH,Any other reason,,RECODING,5,4,54103,186.20367,106,MAHENDRA INDUSTRIES-INDIA,MADHUR,MADHUR TRUE LOVE,MADHUR TRUE LOVE-PEACH PPH 5 GM,PLPCH,5.000 GM,PEACH,,5.0,GM,0.0
135,26/11/2024,202411,3,1210102749,12101030199,1732251636707,99765320,126,MADHU CHEMICAL COMPANY,MADHU,MADHU SWEET- SUPARI PPH 1.45 GM.,3.0,1.45GM,PPH,Any other reason,,RECODING,5,5,54101,188.61827,106,MAHENDRA INDUSTRIES-INDIA,MADHUR,MADHUR TRUE LOVE,MADHUR TRUE LOVE-TAMARIND PPH 5 GM,PLPCH,5.000 GM,TAMARIND,,5.0,GM,0.0
135,26/11/2024,202411,3,1210102749,12101030199,1732251636707,99765320,126,MADHU CHEMICAL COMPANY,MADHU,MADHU SWEET- SUPARI PPH 1.45 GM.,3.0,1.45GM,PPH,Any other reason,,RECODING,5,6,48360,192.03642,106,MAHENDRA INDUSTRIES-INDIA,MADHUR,MADHUR KING POP,MADHUR KING POP-LOLLIPOP PPH 9 GM,PLPCH,9.000 GM,UNSPECIFIED,,9.0,GM,0.0
135,26/11/2024,202411,3,1210102749,12101030199,1732251636707,99765320,126,MADHU CHEMICAL COMPANY,MADHU,MADHU SWEET- SUPARI PPH 1.45 GM.,3.0,1.45GM,PPH,Any other reason,,RECODING,5,7,91827305,193.90353,106,DEEPAK RIDDHI SIDDHI PRODT-NP,DEEPAK,DEEPAK RAMAILO CHATAPATA CANDY,DEEPAK RAMAILO CHATAPATA CANDY-PPH 4 GM,PLPCH,4.000 GM,UNSPECIFIED,,4.0,GM,0.0
135,26/11/2024,202411,3,1210102749,12101030199,1732251636707,99765320,126,MADHU CHEMICAL COMPANY,MADHU,MADHU SWEET- SUPARI PPH 1.45 GM.,3.0,1.45GM,PPH,Any other reason,,RECODING,5,8,91827176,194.47778,106,MAHENDRA INDUSTRIES-INDIA,MADHUR,MADHUR TRUE LOVE,MADHUR TRUE LOVE- STRAWBERRY PPH 6 GM,PLPCH,6.000 GM,STRAWBERRY,,6.0,GM,0.0
135,26/11/2024,202411,3,1210102749,12101030199,1732251636707,99765320,126,MADHU CHEMICAL COMPANY,MADHU,MADHU SWEET- SUPARI PPH 1.45 GM.,3.0,1.45GM,PPH,Any other reason,,RECODING,5,9,91826566,196.08736,106,MAHENDRA INDUSTRIES-INDIA,MADHUR,MADHUR ECLAIRS,MADHUR ECLAIRS- COFFEE PPH 4.5 GM,PLPCH,4.500 GM,COFFEE,,4.5,GM,0.0
135,26/11/2024,202411,3,1210102749,12101030199,1732251636707,99765320,126,MADHU CHEMICAL COMPANY,MADHU,MADHU SWEET- SUPARI PPH 1.45 GM.,3.0,1.45GM,PPH,Any other reason,,RECODING,5,10,46537,196.45155,106,MAHENDRA INDUSTRIES-INDIA,MADHUR,MADHUR,MADHUR- LAL PAAN PPH 6 GM,PLPCH,6.000 GM,PAAN,,6.0,GM,0.0
136,26/11/2024,202411,3,1210102763,12101030216,1732251636707,99765320,126,MADHU CHEMICAL COMPANY,MADHU,MADHU SWEET- SUPARI PPH 1.45 GM.,3.0,1.45GM,PPH,,,RECODING,5,1,99765320,118.7921,126,MADHU CHEMICAL COMPANY,MADHU,MADHU,1.45G PAAN MASALA,PLAST,1.45G,SWEET,,1.45,GM,3.0
136,26/11/2024,202411,3,1210102763,12101030216,1732251636707,99765320,126,MADHU CHEMICAL COMPANY,MADHU,MADHU SWEET- SUPARI PPH 1.45 GM.,3.0,1.45GM,PPH,,,RECODING,5,2,99762215,132.12048,126,MADHU CHEMICAL COMPANY,MADHU,MADHU,1.25G PAAN MASALA,PLAST,1.25G,SWEET,,1.25,,0.0
136,26/11/2024,202411,3,1210102763,12101030216,1732251636707,99765320,126,MADHU CHEMICAL COMPANY,MADHU,MADHU SWEET- SUPARI PPH 1.45 GM.,3.0,1.45GM,PPH,,,RECODING,5,3,48360,158.36502,106,MAHENDRA INDUSTRIES-INDIA,MADHUR,MADHUR KING POP,MADHUR KING POP-LOLLIPOP PPH 9 GM,PLPCH,9.000 GM,UNSPECIFIED,,9.0,GM,0.0
136,26/11/2024,202411,3,1210102763,12101030216,1732251636707,99765320,126,MADHU CHEMICAL COMPANY,MADHU,MADHU SWEET- SUPARI PPH 1.45 GM.,3.0,1.45GM,PPH,,,RECODING,5,4,91827177,158.67023,106,MAHENDRA INDUSTRIES-INDIA,MADHUR,MADHUR,MADHUR- LAL PAAN PPH 5 GM,PLPCH,5.000 GM,PAAN,,5.0,GM,0.0
136,26/11/2024,202411,3,1210102763,12101030216,1732251636707,99765320,126,MADHU CHEMICAL COMPANY,MADHU,MADHU SWEET- SUPARI PPH 1.45 GM.,3.0,1.45GM,PPH,,,RECODING,5,5,91827176,159.45724,106,MAHENDRA INDUSTRIES-INDIA,MADHUR,MADHUR TRUE LOVE,MADHUR TRUE LOVE- STRAWBERRY PPH 6 GM,PLPCH,6.000 GM,STRAWBERRY,,6.0,GM,0.0
136,26/11/2024,202411,3,1210102763,12101030216,1732251636707,99765320,126,MADHU CHEMICAL COMPANY,MADHU,MADHU SWEET- SUPARI PPH 1.45 GM.,3.0,1.45GM,PPH,,,RECODING,5,6,54103,160.3172,106,MAHENDRA INDUSTRIES-INDIA,MADHUR,MADHUR TRUE LOVE,MADHUR TRUE LOVE-PEACH PPH 5 GM,PLPCH,5.000 GM,PEACH,,5.0,GM,0.0
136,26/11/2024,202411,3,1210102763,12101030216,1732251636707,99765320,126,MADHU CHEMICAL COMPANY,MADHU,MADHU SWEET- SUPARI PPH 1.45 GM.,3.0,1.45GM,PPH,,,RECODING,5,7,54101,161.76184,106,MAHENDRA INDUSTRIES-INDIA,MADHUR,MADHUR TRUE LOVE,MADHUR TRUE LOVE-TAMARIND PPH 5 GM,PLPCH,5.000 GM,TAMARIND,,5.0,GM,0.0
136,26/11/2024,202411,3,1210102763,12101030216,1732251636707,99765320,126,MADHU CHEMICAL COMPANY,MADHU,MADHU SWEET- SUPARI PPH 1.45 GM.,3.0,1.45GM,PPH,,,RECODING,5,8,91826568,162.77335,106,MAHENDRA INDUSTRIES-INDIA,MADHUR,MADHUR TRUE LOVE,MADHUR TRUE LOVE- ORANGE PPH 6 GM,PLPCH,6.000 GM,ORANGE,,6.0,GM,0.0
136,26/11/2024,202411,3,1210102763,12101030216,1732251636707,99765320,126,MADHU CHEMICAL COMPANY,MADHU,MADHU SWEET- SUPARI PPH 1.45 GM.,3.0,1.45GM,PPH,,,RECODING,5,9,47744,162.91304,122,H.B INDUSTRIES-NEPAL,MEGHA,MEGHA,MEGHA-FLOWER FRESH PPH 3000 GMS,PLPCH,3000.000 GM,,,3000.0,GM,0.0
136,26/11/2024,202411,3,1210102763,12101030216,1732251636707,99765320,126,MADHU CHEMICAL COMPANY,MADHU,MADHU SWEET- SUPARI PPH 1.45 GM.,3.0,1.45GM,PPH,,,RECODING,5,10,46537,163.1468,106,MAHENDRA INDUSTRIES-INDIA,MADHUR,MADHUR,MADHUR- LAL PAAN PPH 6 GM,PLPCH,6.000 GM,PAAN,,6.0,GM,0.0
137,26/11/2024,202411,3,1210100753,12101030196,1732251636707,99765320,126,MADHU CHEMICAL COMPANY,MADHU,MADHU SWEET- SUPARI PPH 1.45 GM.,3.0,1.45GM,PPH,,1732251636707-madhu chemical company-madhu#3.png,RECODING,5,1,99765320,123.03877,126,MADHU CHEMICAL COMPANY,MADHU,MADHU,1.45G PAAN MASALA,PLAST,1.45G,SWEET,,1.45,GM,3.0
137,26/11/2024,202411,3,1210100753,12101030196,1732251636707,99765320,126,MADHU CHEMICAL COMPANY,MADHU,MADHU SWEET- SUPARI PPH 1.45 GM.,3.0,1.45GM,PPH,,1732251636707-madhu chemical company-madhu#3.png,RECODING,5,2,99762215,138.79036,126,MADHU CHEMICAL COMPANY,MADHU,MADHU,1.25G PAAN MASALA,PLAST,1.25G,SWEET,,1.25,,0.0
137,26/11/2024,202411,3,1210100753,12101030196,1732251636707,99765320,126,MADHU CHEMICAL COMPANY,MADHU,MADHU SWEET- SUPARI PPH 1.45 GM.,3.0,1.45GM,PPH,,1732251636707-madhu chemical company-madhu#3.png,RECODING,5,3,47744,168.20537,122,H.B INDUSTRIES-NEPAL,MEGHA,MEGHA,MEGHA-FLOWER FRESH PPH 3000 GMS,PLPCH,3000.000 GM,,,3000.0,GM,0.0
137,26/11/2024,202411,3,1210100753,12101030196,1732251636707,99765320,126,MADHU CHEMICAL COMPANY,MADHU,MADHU SWEET- SUPARI PPH 1.45 GM.,3.0,1.45GM,PPH,,1732251636707-madhu chemical company-madhu#3.png,RECODING,5,4,54103,168.9779,106,MAHENDRA INDUSTRIES-INDIA,MADHUR,MADHUR TRUE LOVE,MADHUR TRUE LOVE-PEACH PPH 5 GM,PLPCH,5.000 GM,PEACH,,5.0,GM,0.0
137,26/11/2024,202411,3,1210100753,12101030196,1732251636707,99765320,126,MADHU CHEMICAL COMPANY,MADHU,MADHU SWEET- SUPARI PPH 1.45 GM.,3.0,1.45GM,PPH,,1732251636707-madhu chemical company-madhu#3.png,RECODING,5,5,93026122,170.86212,122,H.B INDUSTRIES-NEPAL,MEGHA,MEGHA,MEGHA-FLOWER FRESH PPH 500 GMS,PLPCH,500.000 GM,,,500.0,GM,0.0
137,26/11/2024,202411,3,1210100753,12101030196,1732251636707,99765320,126,MADHU CHEMICAL COMPANY,MADHU,MADHU SWEET- SUPARI PPH 1.45 GM.,3.0,1.45GM,PPH,,1732251636707-madhu chemical company-madhu#3.png,RECODING,5,6,48360,171.21872,106,MAHENDRA INDUSTRIES-INDIA,MADHUR,MADHUR KING POP,MADHUR KING POP-LOLLIPOP PPH 9 GM,PLPCH,9.000 GM,UNSPECIFIED,,9.0,GM,0.0
137,26/11/2024,202411,3,1210100753,12101030196,1732251636707,99765320,126,MADHU CHEMICAL COMPANY,MADHU,MADHU SWEET- SUPARI PPH 1.45 GM.,3.0,1.45GM,PPH,,1732251636707-madhu chemical company-madhu#3.png,RECODING,5,7,91827177,172.15536,106,MAHENDRA INDUSTRIES-INDIA,MADHUR,MADHUR,MADHUR- LAL PAAN PPH 5 GM,PLPCH,5.000 GM,PAAN,,5.0,GM,0.0
137,26/11/2024,202411,3,1210100753,12101030196,1732251636707,99765320,126,MADHU CHEMICAL COMPANY,MADHU,MADHU SWEET- SUPARI PPH 1.45 GM.,3.0,1.45GM,PPH,,1732251636707-madhu chemical company-madhu#3.png,RECODING,5,8,91826568,174.3852,106,MAHENDRA INDUSTRIES-INDIA,MADHUR,MADHUR TRUE LOVE,MADHUR TRUE LOVE- ORANGE PPH 6 GM,PLPCH,6.000 GM,ORANGE,,6.0,GM,0.0
137,26/11/2024,202411,3,1210100753,12101030196,1732251636707,99765320,126,MADHU CHEMICAL COMPANY,MADHU,MADHU SWEET- SUPARI PPH 1.45 GM.,3.0,1.45GM,PPH,,1732251636707-madhu chemical company-madhu#3.png,RECODING,5,9,99762508,175.35431,122,PRABHU SOAP INDUSTRIES-NEPAL,PRABHU GHADI,PRABHU GHADI,PRABHU GHADI-PPH 500 GM,PLPCH,500.000 GM,,,500.0,GM,55.0
137,26/11/2024,202411,3,1210100753,12101030196,1732251636707,99765320,126,MADHU CHEMICAL COMPANY,MADHU,MADHU SWEET- SUPARI PPH 1.45 GM.,3.0,1.45GM,PPH,,1732251636707-madhu chemical company-madhu#3.png,RECODING,5,10,93026899,175.79593,122,H.B INDUSTRIES-NEPAL,MEGHA,MEGHA,MEGHA-PPH 1000 GMS,PLPCH,1000.000 GM,,,1000.0,GM,0.0
138,26/11/2024,202411,3,122590579,12303030090,1732152899034,99765326,124,DEUTI GUTKHA INDUSTRIES,MEGHA SHREE PREMIUM,MEGHA SHREE PREMIUM-MEGHA SHREE-REGULAR-PPH 2.20GM,5.0,2.20GM,PPH,,,RECODING,5,1,99765326,101.526726,124,DEUTI GUTKHA INDUSTRIES,MEGHA SHREE,MEGHA SHREE PREMIUM,2.20G GUTKA,PLAST,2.20G,REGULAR,,2.2,GM,5.0
138,26/11/2024,202411,3,122590579,12303030090,1732152899034,99765326,124,DEUTI GUTKHA INDUSTRIES,MEGHA SHREE PREMIUM,MEGHA SHREE PREMIUM-MEGHA SHREE-REGULAR-PPH 2.20GM,5.0,2.20GM,PPH,,,RECODING,5,2,99762223,105.68921,124,DEUTI GUTKHA INDUSTRIES,MEGHA SHREE,MEGHA SHREE PREMIUM,2.3G GUTKA,PLAST,2.3G,REGULAR,,2.3,,0.0
138,26/11/2024,202411,3,122590579,12303030090,1732152899034,99765326,124,DEUTI GUTKHA INDUSTRIES,MEGHA SHREE PREMIUM,MEGHA SHREE PREMIUM-MEGHA SHREE-REGULAR-PPH 2.20GM,5.0,2.20GM,PPH,,,RECODING,5,3,99764162,109.46212,124,DEUTI GUTKHA INDUSTRIES,MEGHA SHREE,MEGHA SHREE PREMIUM,2.14G GUTKA,PLAST,2.14G,REGULAR,,2.14,GM,5.0
138,26/11/2024,202411,3,122590579,12303030090,1732152899034,99765326,124,DEUTI GUTKHA INDUSTRIES,MEGHA SHREE PREMIUM,MEGHA SHREE PREMIUM-MEGHA SHREE-REGULAR-PPH 2.20GM,5.0,2.20GM,PPH,,,RECODING,5,4,93025975,151.06476,122,H.B INDUSTRIES-NEPAL,MEGHA,MEGHA,MEGHA-PPH 200 GMS,PLPCH,200.000 GM,,,200.0,GM,0.0
138,26/11/2024,202411,3,122590579,12303030090,1732152899034,99765326,124,DEUTI GUTKHA INDUSTRIES,MEGHA SHREE PREMIUM,MEGHA SHREE PREMIUM-MEGHA SHREE-REGULAR-PPH 2.20GM,5.0,2.20GM,PPH,,,RECODING,5,5,47744,155.3563,122,H.B INDUSTRIES-NEPAL,MEGHA,MEGHA,MEGHA-FLOWER FRESH PPH 3000 GMS,PLPCH,3000.000 GM,,,3000.0,GM,0.0
138,26/11/2024,202411,3,122590579,12303030090,1732152899034,99765326,124,DEUTI GUTKHA INDUSTRIES,MEGHA SHREE PREMIUM,MEGHA SHREE PREMIUM-MEGHA SHREE-REGULAR-PPH 2.20GM,5.0,2.20GM,PPH,,,RECODING,5,6,93026899,157.3945,122,H.B INDUSTRIES-NEPAL,MEGHA,MEGHA,MEGHA-PPH 1000 GMS,PLPCH,1000.000 GM,,,1000.0,GM,0.0
138,26/11/2024,202411,3,122590579,12303030090,1732152899034,99765326,124,DEUTI GUTKHA INDUSTRIES,MEGHA SHREE PREMIUM,MEGHA SHREE PREMIUM-MEGHA SHREE-REGULAR-PPH 2.20GM,5.0,2.20GM,PPH,,,RECODING,5,7,93026122,157.58545,122,H.B INDUSTRIES-NEPAL,MEGHA,MEGHA,MEGHA-FLOWER FRESH PPH 500 GMS,PLPCH,500.000 GM,,,500.0,GM,0.0
138,26/11/2024,202411,3,122590579,12303030090,1732152899034,99765326,124,DEUTI GUTKHA INDUSTRIES,MEGHA SHREE PREMIUM,MEGHA SHREE PREMIUM-MEGHA SHREE-REGULAR-PPH 2.20GM,5.0,2.20GM,PPH,,,RECODING,5,8,99762301,171.3714,125,DEUTI GUTKHA INDUSTRIES,RADHA EXTRA POWER,RADHA EXTRA POWER,8G KHAINI,PLAST,8G,REGULAR,,8.0,,0.0
138,26/11/2024,202411,3,122590579,12303030090,1732152899034,99765326,124,DEUTI GUTKHA INDUSTRIES,MEGHA SHREE PREMIUM,MEGHA SHREE PREMIUM-MEGHA SHREE-REGULAR-PPH 2.20GM,5.0,2.20GM,PPH,,,RECODING,5,9,54891,171.75499,122,SHREE NATH INTERNATIONAL-IND,MOZ,MOZ,MOZ-PPH 500 GM,PLPCH,500.000 GM,,,500.0,GM,0.0
138,26/11/2024,202411,3,122590579,12303030090,1732152899034,99765326,124,DEUTI GUTKHA INDUSTRIES,MEGHA SHREE PREMIUM,MEGHA SHREE PREMIUM-MEGHA SHREE-REGULAR-PPH 2.20GM,5.0,2.20GM,PPH,,,RECODING,5,10,99762273,180.42044,124,SHREE MEENAKSHI PRODUCTS NEPAL,GOA,GOA PREMIUM 1000,2G GUTKA,PLAST,2G,REGULAR,,2.0,,0.0
139,27/11/2024,202411,3,1210102540,12101030062,1732251636707,99765320,126,MADHU CHEMICAL COMPANY,MADHU,MADHU SWEET- SUPARI PPH 1.45 GM.,3.0,1.45GM,PPH,Any other reason,,RECODING,5,1,99765320,174.23642,126,MADHU CHEMICAL COMPANY,MADHU,MADHU,1.45G PAAN MASALA,PLAST,1.45G,SWEET,,1.45,GM,3.0
139,27/11/2024,202411,3,1210102540,12101030062,1732251636707,99765320,126,MADHU CHEMICAL COMPANY,MADHU,MADHU SWEET- SUPARI PPH 1.45 GM.,3.0,1.45GM,PPH,Any other reason,,RECODING,5,2,99762215,184.77548,126,MADHU CHEMICAL COMPANY,MADHU,MADHU,1.25G PAAN MASALA,PLAST,1.25G,SWEET,,1.25,,0.0
139,27/11/2024,202411,3,1210102540,12101030062,1732251636707,99765320,126,MADHU CHEMICAL COMPANY,MADHU,MADHU SWEET- SUPARI PPH 1.45 GM.,3.0,1.45GM,PPH,Any other reason,,RECODING,5,3,91827177,185.70541,106,MAHENDRA INDUSTRIES-INDIA,MADHUR,MADHUR,MADHUR- LAL PAAN PPH 5 GM,PLPCH,5.000 GM,PAAN,,5.0,GM,0.0
139,27/11/2024,202411,3,1210102540,12101030062,1732251636707,99765320,126,MADHU CHEMICAL COMPANY,MADHU,MADHU SWEET- SUPARI PPH 1.45 GM.,3.0,1.45GM,PPH,Any other reason,,RECODING,5,4,54103,187.64009,106,MAHENDRA INDUSTRIES-INDIA,MADHUR,MADHUR TRUE LOVE,MADHUR TRUE LOVE-PEACH PPH 5 GM,PLPCH,5.000 GM,PEACH,,5.0,GM,0.0
139,27/11/2024,202411,3,1210102540,12101030062,1732251636707,99765320,126,MADHU CHEMICAL COMPANY,MADHU,MADHU SWEET- SUPARI PPH 1.45 GM.,3.0,1.45GM,PPH,Any other reason,,RECODING,5,5,54101,190.67009,106,MAHENDRA INDUSTRIES-INDIA,MADHUR,MADHUR TRUE LOVE,MADHUR TRUE LOVE-TAMARIND PPH 5 GM,PLPCH,5.000 GM,TAMARIND,,5.0,GM,0.0
139,27/11/2024,202411,3,1210102540,12101030062,1732251636707,99765320,126,MADHU CHEMICAL COMPANY,MADHU,MADHU SWEET- SUPARI PPH 1.45 GM.,3.0,1.45GM,PPH,Any other reason,,RECODING,5,6,48360,194.2775,106,MAHENDRA INDUSTRIES-INDIA,MADHUR,MADHUR KING POP,MADHUR KING POP-LOLLIPOP PPH 9 GM,PLPCH,9.000 GM,UNSPECIFIED,,9.0,GM,0.0
139,27/11/2024,202411,3,1210102540,12101030062,1732251636707,99765320,126,MADHU CHEMICAL COMPANY,MADHU,MADHU SWEET- SUPARI PPH 1.45 GM.,3.0,1.45GM,PPH,Any other reason,,RECODING,5,7,91827305,195.93002,106,DEEPAK RIDDHI SIDDHI PRODT-NP,DEEPAK,DEEPAK RAMAILO CHATAPATA CANDY,DEEPAK RAMAILO CHATAPATA CANDY-PPH 4 GM,PLPCH,4.000 GM,UNSPECIFIED,,4.0,GM,0.0
139,27/11/2024,202411,3,1210102540,12101030062,1732251636707,99765320,126,MADHU CHEMICAL COMPANY,MADHU,MADHU SWEET- SUPARI PPH 1.45 GM.,3.0,1.45GM,PPH,Any other reason,,RECODING,5,8,91827176,196.07013,106,MAHENDRA INDUSTRIES-INDIA,MADHUR,MADHUR TRUE LOVE,MADHUR TRUE LOVE- STRAWBERRY PPH 6 GM,PLPCH,6.000 GM,STRAWBERRY,,6.0,GM,0.0
139,27/11/2024,202411,3,1210102540,12101030062,1732251636707,99765320,126,MADHU CHEMICAL COMPANY,MADHU,MADHU SWEET- SUPARI PPH 1.45 GM.,3.0,1.45GM,PPH,Any other reason,,RECODING,5,9,91826566,197.7218,106,MAHENDRA INDUSTRIES-INDIA,MADHUR,MADHUR ECLAIRS,MADHUR ECLAIRS- COFFEE PPH 4.5 GM,PLPCH,4.500 GM,COFFEE,,4.5,GM,0.0
139,27/11/2024,202411,3,1210102540,12101030062,1732251636707,99765320,126,MADHU CHEMICAL COMPANY,MADHU,MADHU SWEET- SUPARI PPH 1.45 GM.,3.0,1.45GM,PPH,Any other reason,,RECODING,5,10,91826568,199.05682,106,MAHENDRA INDUSTRIES-INDIA,MADHUR,MADHUR TRUE LOVE,MADHUR TRUE LOVE- ORANGE PPH 6 GM,PLPCH,6.000 GM,ORANGE,,6.0,GM,0.0
140,27/11/2024,202411,3,1210102672,12101030020,1732251636707,99765320,126,MADHU CHEMICAL COMPANY,MADHU,MADHU SWEET- SUPARI PPH 1.45 GM.,3.0,1.45GM,PPH,Any other reason,,RECODING,5,1,99765320,174.12274,126,MADHU CHEMICAL COMPANY,MADHU,MADHU,1.45G PAAN MASALA,PLAST,1.45G,SWEET,,1.45,GM,3.0
140,27/11/2024,202411,3,1210102672,12101030020,1732251636707,99765320,126,MADHU CHEMICAL COMPANY,MADHU,MADHU SWEET- SUPARI PPH 1.45 GM.,3.0,1.45GM,PPH,Any other reason,,RECODING,5,2,99762215,184.67429,126,MADHU CHEMICAL COMPANY,MADHU,MADHU,1.25G PAAN MASALA,PLAST,1.25G,SWEET,,1.25,,0.0
140,27/11/2024,202411,3,1210102672,12101030020,1732251636707,99765320,126,MADHU CHEMICAL COMPANY,MADHU,MADHU SWEET- SUPARI PPH 1.45 GM.,3.0,1.45GM,PPH,Any other reason,,RECODING,5,3,91827177,186.51492,106,MAHENDRA INDUSTRIES-INDIA,MADHUR,MADHUR,MADHUR- LAL PAAN PPH 5 GM,PLPCH,5.000 GM,PAAN,,5.0,GM,0.0
140,27/11/2024,202411,3,1210102672,12101030020,1732251636707,99765320,126,MADHU CHEMICAL COMPANY,MADHU,MADHU SWEET- SUPARI PPH 1.45 GM.,3.0,1.45GM,PPH,Any other reason,,RECODING,5,4,54103,188.70975,106,MAHENDRA INDUSTRIES-INDIA,MADHUR,MADHUR TRUE LOVE,MADHUR TRUE LOVE-PEACH PPH 5 GM,PLPCH,5.000 GM,PEACH,,5.0,GM,0.0
140,27/11/2024,202411,3,1210102672,12101030020,1732251636707,99765320,126,MADHU CHEMICAL COMPANY,MADHU,MADHU SWEET- SUPARI PPH 1.45 GM.,3.0,1.45GM,PPH,Any other reason,,RECODING,5,5,54101,191.6488,106,MAHENDRA INDUSTRIES-INDIA,MADHUR,MADHUR TRUE LOVE,MADHUR TRUE LOVE-TAMARIND PPH 5 GM,PLPCH,5.000 GM,TAMARIND,,5.0,GM,0.0
140,27/11/2024,202411,3,1210102672,12101030020,1732251636707,99765320,126,MADHU CHEMICAL COMPANY,MADHU,MADHU SWEET- SUPARI PPH 1.45 GM.,3.0,1.45GM,PPH,Any other reason,,RECODING,5,6,48360,195.16824,106,MAHENDRA INDUSTRIES-INDIA,MADHUR,MADHUR KING POP,MADHUR KING POP-LOLLIPOP PPH 9 GM,PLPCH,9.000 GM,UNSPECIFIED,,9.0,GM,0.0
140,27/11/2024,202411,3,1210102672,12101030020,1732251636707,99765320,126,MADHU CHEMICAL COMPANY,MADHU,MADHU SWEET- SUPARI PPH 1.45 GM.,3.0,1.45GM,PPH,Any other reason,,RECODING,5,7,91827305,196.36081,106,DEEPAK RIDDHI SIDDHI PRODT-NP,DEEPAK,DEEPAK RAMAILO CHATAPATA CANDY,DEEPAK RAMAILO CHATAPATA CANDY-PPH 4 GM,PLPCH,4.000 GM,UNSPECIFIED,,4.0,GM,0.0
140,27/11/2024,202411,3,1210102672,12101030020,1732251636707,99765320,126,MADHU CHEMICAL COMPANY,MADHU,MADHU SWEET- SUPARI PPH 1.45 GM.,3.0,1.45GM,PPH,Any other reason,,RECODING,5,8,91827176,197.13838,106,MAHENDRA INDUSTRIES-INDIA,MADHUR,MADHUR TRUE LOVE,MADHUR TRUE LOVE- STRAWBERRY PPH 6 GM,PLPCH,6.000 GM,STRAWBERRY,,6.0,GM,0.0
140,27/11/2024,202411,3,1210102672,12101030020,1732251636707,99765320,126,MADHU CHEMICAL COMPANY,MADHU,MADHU SWEET- SUPARI PPH 1.45 GM.,3.0,1.45GM,PPH,Any other reason,,RECODING,5,9,91826566,198.80705,106,MAHENDRA INDUSTRIES-INDIA,MADHUR,MADHUR ECLAIRS,MADHUR ECLAIRS- COFFEE PPH 4.5 GM,PLPCH,4.500 GM,COFFEE,,4.5,GM,0.0
140,27/11/2024,202411,3,1210102672,12101030020,1732251636707,99765320,126,MADHU CHEMICAL COMPANY,MADHU,MADHU SWEET- SUPARI PPH 1.45 GM.,3.0,1.45GM,PPH,Any other reason,,RECODING,5,10,91826568,199.9008,106,MAHENDRA INDUSTRIES-INDIA,MADHUR,MADHUR TRUE LOVE,MADHUR TRUE LOVE- ORANGE PPH 6 GM,PLPCH,6.000 GM,ORANGE,,6.0,GM,0.0
141,27/11/2024,202411,3,1030170645734,21104030043,1732537658621,99765321,105,SURYA NEPAL PVT LTD - NEPAL,SURYA FUSION,SURYA FUSION,320.0,20K'S,FLT,Invoices not available,,RECODING,5,1,99762387,171.64438,105,SURYA NEPAL PVT LTD - NEPAL,SURYA,SURYA MINT,HL 20'S,HL,20,FRESH,,20.0,NO,280.0
141,27/11/2024,202411,3,1030170645734,21104030043,1732537658621,99765321,105,SURYA NEPAL PVT LTD - NEPAL,SURYA FUSION,SURYA FUSION,320.0,20K'S,FLT,Invoices not available,,RECODING,5,2,47592,172.53912,105,SURYA NEPAL PVT LTD - NEPAL,SHIKHAR,SHIKHAR ICE RUSH,HL 20'S,HL,20,FRESH,,20.0,NO,185.0
141,27/11/2024,202411,3,1030170645734,21104030043,1732537658621,99765321,105,SURYA NEPAL PVT LTD - NEPAL,SURYA FUSION,SURYA FUSION,320.0,20K'S,FLT,Invoices not available,,RECODING,5,3,99765321,176.55489,105,SURYA NEPAL PVT LTD - NEPAL,SURYA,SURYA FUSION,HL 20'S,HL,20,FULL FLAVOUR,,20.0,NO,320.0
141,27/11/2024,202411,3,1030170645734,21104030043,1732537658621,99765321,105,SURYA NEPAL PVT LTD - NEPAL,SURYA FUSION,SURYA FUSION,320.0,20K'S,FLT,Invoices not available,,RECODING,5,4,90110247,177.8487,105,SURYA NEPAL PVT LTD - NEPAL,SURYA,SURYA CITRIC FRESH,HL 20'S,HL,20,FRESH,,20.0,NO,300.0
141,27/11/2024,202411,3,1030170645734,21104030043,1732537658621,99765321,105,SURYA NEPAL PVT LTD - NEPAL,SURYA FUSION,SURYA FUSION,320.0,20K'S,FLT,Invoices not available,,RECODING,5,5,90110102,179.06717,105,SURYA NEPAL PVT LTD - NEPAL,SHIKHAR,SHIKHAR MENTHOL,HL 20'S,HL,20,FRESH,,20.0,NO,190.0
141,27/11/2024,202411,3,1030170645734,21104030043,1732537658621,99765321,105,SURYA NEPAL PVT LTD - NEPAL,SURYA FUSION,SURYA FUSION,320.0,20K'S,FLT,Invoices not available,,RECODING,5,6,99763869,181.7304,105,SURYA NEPAL PVT LTD - NEPAL,NAULO,NAULO BURST,HL 20'S,HL,20,FRESH,,20.0,NO,175.0
141,27/11/2024,202411,3,1030170645734,21104030043,1732537658621,99765321,105,SURYA NEPAL PVT LTD - NEPAL,SURYA FUSION,SURYA FUSION,320.0,20K'S,FLT,Invoices not available,,RECODING,5,7,90110249,182.21286,105,SURYA NEPAL PVT LTD - NEPAL,SHIKHAR,SHIKHAR TANGY BREEZE,HL 20'S,HL,20,FRESH,,20.0,NO,180.0
141,27/11/2024,202411,3,1030170645734,21104030043,1732537658621,99765321,105,SURYA NEPAL PVT LTD - NEPAL,SURYA FUSION,SURYA FUSION,320.0,20K'S,FLT,Invoices not available,,RECODING,5,8,48587,182.84984,105,SURYA NEPAL PVT LTD - NEPAL,SURYA,SURYA 24 CARAT ARCTIC BURST,HL 20'S,HL,20,FRESH,,20.0,NO,300.0
141,27/11/2024,202411,3,1030170645734,21104030043,1732537658621,99765321,105,SURYA NEPAL PVT LTD - NEPAL,SURYA FUSION,SURYA FUSION,320.0,20K'S,FLT,Invoices not available,,RECODING,5,9,99765090,183.60565,105,SURYA NEPAL PVT LTD - NEPAL,SURYA,SURYA DUAL BURST,HL 20'S,HL,20,FRESH,,20.0,NO,320.0
141,27/11/2024,202411,3,1030170645734,21104030043,1732537658621,99765321,105,SURYA NEPAL PVT LTD - NEPAL,SURYA FUSION,SURYA FUSION,320.0,20K'S,FLT,Invoices not available,,RECODING,5,10,99762790,184.91486,106,SURYA NEPAL PVT LTD - NEPAL,TOFFICHOO,TOFFICHOO CRÈME LACTO,TOFFICHOO CRÈME LACTO-PPH 4 GM,PLPCH,4.000 GM,UNSPECIFIED,,4.0,GM,2.0
142,27/11/2024,202411,3,1023191314293,21104030029,1732537658621,99765321,105,SURYA NEPAL PVT LTD - NEPAL,SURYA FUSION,SURYA FUSION,320.0,20K'S,FLT,New SKU,,RECODING,5,1,47592,135.85141,105,SURYA NEPAL PVT LTD - NEPAL,SHIKHAR,SHIKHAR ICE RUSH,HL 20'S,HL,20,FRESH,,20.0,NO,185.0
142,27/11/2024,202411,3,1023191314293,21104030029,1732537658621,99765321,105,SURYA NEPAL PVT LTD - NEPAL,SURYA FUSION,SURYA FUSION,320.0,20K'S,FLT,New SKU,,RECODING,5,2,99765321,149.90707,105,SURYA NEPAL PVT LTD - NEPAL,SURYA,SURYA FUSION,HL 20'S,HL,20,FULL FLAVOUR,,20.0,NO,320.0
142,27/11/2024,202411,3,1023191314293,21104030029,1732537658621,99765321,105,SURYA NEPAL PVT LTD - NEPAL,SURYA FUSION,SURYA FUSION,320.0,20K'S,FLT,New SKU,,RECODING,5,3,92923725,154.87036,123,B.S.I PVT LTD-NEPAL,SURYA,SURYA,SURYA-UNWRP 150 GMS,UNWRP,150.000 GM,,,150.0,GM,0.0
142,27/11/2024,202411,3,1023191314293,21104030029,1732537658621,99765321,105,SURYA NEPAL PVT LTD - NEPAL,SURYA FUSION,SURYA FUSION,320.0,20K'S,FLT,New SKU,,RECODING,5,4,90110247,155.52155,105,SURYA NEPAL PVT LTD - NEPAL,SURYA,SURYA CITRIC FRESH,HL 20'S,HL,20,FRESH,,20.0,NO,300.0
142,27/11/2024,202411,3,1023191314293,21104030029,1732537658621,99765321,105,SURYA NEPAL PVT LTD - NEPAL,SURYA FUSION,SURYA FUSION,320.0,20K'S,FLT,New SKU,,RECODING,5,5,90110238,155.56332,105,SURYA NEPAL PVT LTD - NEPAL,SURYA,SURYA POLAR ICE,HL 20'S,HL,20,FRESH,,20.0,NO,300.0
142,27/11/2024,202411,3,1023191314293,21104030029,1732537658621,99765321,105,SURYA NEPAL PVT LTD - NEPAL,SURYA FUSION,SURYA FUSION,320.0,20K'S,FLT,New SKU,,RECODING,5,6,48587,156.45663,105,SURYA NEPAL PVT LTD - NEPAL,SURYA,SURYA 24 CARAT ARCTIC BURST,HL 20'S,HL,20,FRESH,,20.0,NO,300.0
142,27/11/2024,202411,3,1023191314293,21104030029,1732537658621,99765321,105,SURYA NEPAL PVT LTD - NEPAL,SURYA FUSION,SURYA FUSION,320.0,20K'S,FLT,New SKU,,RECODING,5,7,46667,157.45892,123,B.S.I PVT LTD-NEPAL,SURYA,SURYA,SURYA-UNWRP 200 GMS,UNWRP,200.000 GM,,,200.0,GM,0.0
142,27/11/2024,202411,3,1023191314293,21104030029,1732537658621,99765321,105,SURYA NEPAL PVT LTD - NEPAL,SURYA FUSION,SURYA FUSION,320.0,20K'S,FLT,New SKU,,RECODING,5,8,90110249,157.82037,105,SURYA NEPAL PVT LTD - NEPAL,SHIKHAR,SHIKHAR TANGY BREEZE,HL 20'S,HL,20,FRESH,,20.0,NO,180.0
142,27/11/2024,202411,3,1023191314293,21104030029,1732537658621,99765321,105,SURYA NEPAL PVT LTD - NEPAL,SURYA FUSION,SURYA FUSION,320.0,20K'S,FLT,New SKU,,RECODING,5,9,99765469,160.64966,105,SURYA NEPAL PVT LTD - NEPAL,SURYA,SURYA SLEEK BOLT,HL 20'S,HL,20,FRESH,,20.0,NO,340.0
142,27/11/2024,202411,3,1023191314293,21104030029,1732537658621,99765321,105,SURYA NEPAL PVT LTD - NEPAL,SURYA FUSION,SURYA FUSION,320.0,20K'S,FLT,New SKU,,RECODING,5,10,90110239,161.28285,105,SURYA NEPAL PVT LTD - NEPAL,SURYA,SURYA LEGEND,SB 20'S,SB,20,FULL FLAVOUR,,20.0,NO,320.0
143,27/11/2024,202411,3,2110115954,21101031882,1732178087869,99765328,105,GORKHA LAHARI PVT. LTD,CAPTAIN FILTER KING GOLD,CAPTAIN/20/HL/LUXURY/GORKHA LAHARI PVT. LTD/NEPAL,161.0,20,HL,,,RECODING,5,1,99765328,100.710556,105,GORKHA LAHARI PVT.LTD.- NEPAL,CAPTAIN,CAPTAIN GOLD FILTER KINGS,HL 20'S,HL,20,FULL FLAVOUR,,20.0,NO,161.0
143,27/11/2024,202411,3,2110115954,21101031882,1732178087869,99765328,105,GORKHA LAHARI PVT. LTD,CAPTAIN FILTER KING GOLD,CAPTAIN/20/HL/LUXURY/GORKHA LAHARI PVT. LTD/NEPAL,161.0,20,HL,,,RECODING,5,2,90110256,118.42021,105,GORKHA LAHARI PVT.LTD.- NEPAL,CAPTAIN,CAPTAIN FILTER KINGS,HL 20'S,HL,20,FULL FLAVOUR,,20.0,NO,115.0
143,27/11/2024,202411,3,2110115954,21101031882,1732178087869,99765328,105,GORKHA LAHARI PVT. LTD,CAPTAIN FILTER KING GOLD,CAPTAIN/20/HL/LUXURY/GORKHA LAHARI PVT. LTD/NEPAL,161.0,20,HL,,,RECODING,5,3,99762386,130.07787,105,GORKHA LAHARI PVT.LTD.- NEPAL,CAPTAIN,CAPTAIN MOUNTAIN FRESH,HL 20'S,HL,20,FRESH,,20.0,NO,110.0
143,27/11/2024,202411,3,2110115954,21101031882,1732178087869,99765328,105,GORKHA LAHARI PVT. LTD,CAPTAIN FILTER KING GOLD,CAPTAIN/20/HL/LUXURY/GORKHA LAHARI PVT. LTD/NEPAL,161.0,20,HL,,,RECODING,5,4,99765139,134.77478,105,GORKHA LAHARI PVT.LTD.- NEPAL,GORKHA,GORKHA FILTER,HL 20'S,HL,20,FULL FLAVOUR,,20.0,NO,113.5
143,27/11/2024,202411,3,2110115954,21101031882,1732178087869,99765328,105,GORKHA LAHARI PVT. LTD,CAPTAIN FILTER KING GOLD,CAPTAIN/20/HL/LUXURY/GORKHA LAHARI PVT. LTD/NEPAL,161.0,20,HL,,,RECODING,5,5,99765387,135.17953,105,GORKHA LAHARI PVT.LTD.- NEPAL,NEPAL GOLD FLAKE,NEPAL GOLD FLAKE PREMIUM FILTER,HL 20'S,HL,20,FULL FLAVOUR,,20.0,NO,133.5
143,27/11/2024,202411,3,2110115954,21101031882,1732178087869,99765328,105,GORKHA LAHARI PVT. LTD,CAPTAIN FILTER KING GOLD,CAPTAIN/20/HL/LUXURY/GORKHA LAHARI PVT. LTD/NEPAL,161.0,20,HL,,,RECODING,5,6,90110228,148.65665,105,GORKHA LAHARI PVT.LTD.- NEPAL,BROWN,BROWN GOLD,HL 20'S,HL,20,KRETEK,,20.0,NO,280.0
143,27/11/2024,202411,3,2110115954,21101031882,1732178087869,99765328,105,GORKHA LAHARI PVT. LTD,CAPTAIN FILTER KING GOLD,CAPTAIN/20/HL/LUXURY/GORKHA LAHARI PVT. LTD/NEPAL,161.0,20,HL,,,RECODING,5,7,90110230,153.5772,105,GORKHA LAHARI PVT.LTD.- NEPAL,SAFARI,SAFARI FILTER KINGS,HL 20'S,HL,20,FULL FLAVOUR,,20.0,NO,180.0
143,27/11/2024,202411,3,2110115954,21101031882,1732178087869,99765328,105,GORKHA LAHARI PVT. LTD,CAPTAIN FILTER KING GOLD,CAPTAIN/20/HL/LUXURY/GORKHA LAHARI PVT. LTD/NEPAL,161.0,20,HL,,,RECODING,5,8,99764933,157.10075,105,GORKHA LAHARI PVT.LTD.- NEPAL,SAHARA,SAHARA FILTER PUNCH,HL 20'S,HL,20,FRESH,,20.0,NO,115.0
143,27/11/2024,202411,3,2110115954,21101031882,1732178087869,99765328,105,GORKHA LAHARI PVT. LTD,CAPTAIN FILTER KING GOLD,CAPTAIN/20/HL/LUXURY/GORKHA LAHARI PVT. LTD/NEPAL,161.0,20,HL,,,RECODING,5,9,99765156,159.50145,105,GORKHA LAHARI PVT.LTD.- NEPAL,MAYALU,MAYALU FILTER,HL 20'S,HL,20,FULL FLAVOUR,,20.0,NO,88.0
143,27/11/2024,202411,3,2110115954,21101031882,1732178087869,99765328,105,GORKHA LAHARI PVT. LTD,CAPTAIN FILTER KING GOLD,CAPTAIN/20/HL/LUXURY/GORKHA LAHARI PVT. LTD/NEPAL,161.0,20,HL,,,RECODING,5,10,90110119,164.9603,105,GORKHA LAHARI PVT.LTD.- NEPAL,NEPAL GOLD FLAKE,NEPAL GOLD FLAKE,SC 20'S,SC,20,FULL FLAVOUR,,20.0,NO,45.0
144,27/11/2024,202411,3,1024130849563,21103030044,1731308020769,99765321,105,SURYA NEPAL PVT LTD - NEPAL,SURYA FUSION,SURYA FUSION,320.0,HL 20 NOS,CBP,,,RECODING,5,1,92923725,145.18466,123,B.S.I PVT LTD-NEPAL,SURYA,SURYA,SURYA-UNWRP 150 GMS,UNWRP,150.000 GM,,,150.0,GM,0.0
144,27/11/2024,202411,3,1024130849563,21103030044,1731308020769,99765321,105,SURYA NEPAL PVT LTD - NEPAL,SURYA FUSION,SURYA FUSION,320.0,HL 20 NOS,CBP,,,RECODING,5,2,46667,147.35289,123,B.S.I PVT LTD-NEPAL,SURYA,SURYA,SURYA-UNWRP 200 GMS,UNWRP,200.000 GM,,,200.0,GM,0.0
144,27/11/2024,202411,3,1024130849563,21103030044,1731308020769,99765321,105,SURYA NEPAL PVT LTD - NEPAL,SURYA FUSION,SURYA FUSION,320.0,HL 20 NOS,CBP,,,RECODING,5,3,90110247,155.2118,105,SURYA NEPAL PVT LTD - NEPAL,SURYA,SURYA CITRIC FRESH,HL 20'S,HL,20,FRESH,,20.0,NO,300.0
144,27/11/2024,202411,3,1024130849563,21103030044,1731308020769,99765321,105,SURYA NEPAL PVT LTD - NEPAL,SURYA FUSION,SURYA FUSION,320.0,HL 20 NOS,CBP,,,RECODING,5,4,99763869,156.69,105,SURYA NEPAL PVT LTD - NEPAL,NAULO,NAULO BURST,HL 20'S,HL,20,FRESH,,20.0,NO,175.0
144,27/11/2024,202411,3,1024130849563,21103030044,1731308020769,99765321,105,SURYA NEPAL PVT LTD - NEPAL,SURYA FUSION,SURYA FUSION,320.0,HL 20 NOS,CBP,,,RECODING,5,5,47592,158.13562,105,SURYA NEPAL PVT LTD - NEPAL,SHIKHAR,SHIKHAR ICE RUSH,HL 20'S,HL,20,FRESH,,20.0,NO,185.0
144,27/11/2024,202411,3,1024130849563,21103030044,1731308020769,99765321,105,SURYA NEPAL PVT LTD - NEPAL,SURYA FUSION,SURYA FUSION,320.0,HL 20 NOS,CBP,,,RECODING,5,6,48587,158.42036,105,SURYA NEPAL PVT LTD - NEPAL,SURYA,SURYA 24 CARAT ARCTIC BURST,HL 20'S,HL,20,FRESH,,20.0,NO,300.0
144,27/11/2024,202411,3,1024130849563,21103030044,1731308020769,99765321,105,SURYA NEPAL PVT LTD - NEPAL,SURYA FUSION,SURYA FUSION,320.0,HL 20 NOS,CBP,,,RECODING,5,7,99765321,159.6005,105,SURYA NEPAL PVT LTD - NEPAL,SURYA,SURYA FUSION,HL 20'S,HL,20,FULL FLAVOUR,,20.0,NO,320.0
144,27/11/2024,202411,3,1024130849563,21103030044,1731308020769,99765321,105,SURYA NEPAL PVT LTD - NEPAL,SURYA FUSION,SURYA FUSION,320.0,HL 20 NOS,CBP,,,RECODING,5,8,99765090,160.47778,105,SURYA NEPAL PVT LTD - NEPAL,SURYA,SURYA DUAL BURST,HL 20'S,HL,20,FRESH,,20.0,NO,320.0
144,27/11/2024,202411,3,1024130849563,21103030044,1731308020769,99765321,105,SURYA NEPAL PVT LTD - NEPAL,SURYA FUSION,SURYA FUSION,320.0,HL 20 NOS,CBP,,,RECODING,5,9,99764555,164.00687,106,SURYA NEPAL PVT LTD - NEPAL,TOFFICHOO,TOFFICHOO CHATPATA FUN,TOFFICHOO CHATPATA FUN-MASALA PUNCH PCN 720 GM,PLJAR,720.000 GM,MASALA,,720.0,GM,300.0
144,27/11/2024,202411,3,1024130849563,21103030044,1731308020769,99765321,105,SURYA NEPAL PVT LTD - NEPAL,SURYA FUSION,SURYA FUSION,320.0,HL 20 NOS,CBP,,,RECODING,5,10,99764545,165.29877,106,SURYA NEPAL PVT LTD - NEPAL,TOFFICHOO,TOFFICHOO CHATPATA FUN,TOFFICHOO CHATPATA FUN-MASALA PUNCH PPH 270 GM,PLPCH,270.000 GM,MASALA,,270.0,GM,85.0
145,27/11/2024,202411,3,1024151906813,21103030029,1731308020769,99765321,105,SURYA NEPAL PVT LTD - NEPAL,SURYA FUSION,SURYA FUSION,320.0,HL 20 NOS,CBP,,,RECODING,5,1,92923725,145.52573,123,B.S.I PVT LTD-NEPAL,SURYA,SURYA,SURYA-UNWRP 150 GMS,UNWRP,150.000 GM,,,150.0,GM,0.0
145,27/11/2024,202411,3,1024151906813,21103030029,1731308020769,99765321,105,SURYA NEPAL PVT LTD - NEPAL,SURYA FUSION,SURYA FUSION,320.0,HL 20 NOS,CBP,,,RECODING,5,2,46667,147.8322,123,B.S.I PVT LTD-NEPAL,SURYA,SURYA,SURYA-UNWRP 200 GMS,UNWRP,200.000 GM,,,200.0,GM,0.0
145,27/11/2024,202411,3,1024151906813,21103030029,1731308020769,99765321,105,SURYA NEPAL PVT LTD - NEPAL,SURYA FUSION,SURYA FUSION,320.0,HL 20 NOS,CBP,,,RECODING,5,3,90110247,157.23782,105,SURYA NEPAL PVT LTD - NEPAL,SURYA,SURYA CITRIC FRESH,HL 20'S,HL,20,FRESH,,20.0,NO,300.0
145,27/11/2024,202411,3,1024151906813,21103030029,1731308020769,99765321,105,SURYA NEPAL PVT LTD - NEPAL,SURYA FUSION,SURYA FUSION,320.0,HL 20 NOS,CBP,,,RECODING,5,4,99763869,159.13191,105,SURYA NEPAL PVT LTD - NEPAL,NAULO,NAULO BURST,HL 20'S,HL,20,FRESH,,20.0,NO,175.0
145,27/11/2024,202411,3,1024151906813,21103030029,1731308020769,99765321,105,SURYA NEPAL PVT LTD - NEPAL,SURYA FUSION,SURYA FUSION,320.0,HL 20 NOS,CBP,,,RECODING,5,5,48587,160.62413,105,SURYA NEPAL PVT LTD - NEPAL,SURYA,SURYA 24 CARAT ARCTIC BURST,HL 20'S,HL,20,FRESH,,20.0,NO,300.0
145,27/11/2024,202411,3,1024151906813,21103030029,1731308020769,99765321,105,SURYA NEPAL PVT LTD - NEPAL,SURYA FUSION,SURYA FUSION,320.0,HL 20 NOS,CBP,,,RECODING,5,6,47592,160.90935,105,SURYA NEPAL PVT LTD - NEPAL,SHIKHAR,SHIKHAR ICE RUSH,HL 20'S,HL,20,FRESH,,20.0,NO,185.0
145,27/11/2024,202411,3,1024151906813,21103030029,1731308020769,99765321,105,SURYA NEPAL PVT LTD - NEPAL,SURYA FUSION,SURYA FUSION,320.0,HL 20 NOS,CBP,,,RECODING,5,7,99765321,162.54785,105,SURYA NEPAL PVT LTD - NEPAL,SURYA,SURYA FUSION,HL 20'S,HL,20,FULL FLAVOUR,,20.0,NO,320.0
145,27/11/2024,202411,3,1024151906813,21103030029,1731308020769,99765321,105,SURYA NEPAL PVT LTD - NEPAL,SURYA FUSION,SURYA FUSION,320.0,HL 20 NOS,CBP,,,RECODING,5,8,99765090,163.08766,105,SURYA NEPAL PVT LTD - NEPAL,SURYA,SURYA DUAL BURST,HL 20'S,HL,20,FRESH,,20.0,NO,320.0
145,27/11/2024,202411,3,1024151906813,21103030029,1731308020769,99765321,105,SURYA NEPAL PVT LTD - NEPAL,SURYA FUSION,SURYA FUSION,320.0,HL 20 NOS,CBP,,,RECODING,5,9,99764555,165.04953,106,SURYA NEPAL PVT LTD - NEPAL,TOFFICHOO,TOFFICHOO CHATPATA FUN,TOFFICHOO CHATPATA FUN-MASALA PUNCH PCN 720 GM,PLJAR,720.000 GM,MASALA,,720.0,GM,300.0
145,27/11/2024,202411,3,1024151906813,21103030029,1731308020769,99765321,105,SURYA NEPAL PVT LTD - NEPAL,SURYA FUSION,SURYA FUSION,320.0,HL 20 NOS,CBP,,,RECODING,5,10,99764545,166.29608,106,SURYA NEPAL PVT LTD - NEPAL,TOFFICHOO,TOFFICHOO CHATPATA FUN,TOFFICHOO CHATPATA FUN-MASALA PUNCH PPH 270 GM,PLPCH,270.000 GM,MASALA,,270.0,GM,85.0
146,27/11/2024,202411,3,1027160630494,21103030086,1731308020769,99765321,105,SURYA NEPAL PVT LTD - NEPAL,SURYA FUSION,SURYA FUSION,320.0,HL 20 NOS,CBP,,,RECODING,5,1,92923725,145.56802,123,B.S.I PVT LTD-NEPAL,SURYA,SURYA,SURYA-UNWRP 150 GMS,UNWRP,150.000 GM,,,150.0,GM,0.0
146,27/11/2024,202411,3,1027160630494,21103030086,1731308020769,99765321,105,SURYA NEPAL PVT LTD - NEPAL,SURYA FUSION,SURYA FUSION,320.0,HL 20 NOS,CBP,,,RECODING,5,2,46667,148.08899,123,B.S.I PVT LTD-NEPAL,SURYA,SURYA,SURYA-UNWRP 200 GMS,UNWRP,200.000 GM,,,200.0,GM,0.0
146,27/11/2024,202411,3,1027160630494,21103030086,1731308020769,99765321,105,SURYA NEPAL PVT LTD - NEPAL,SURYA FUSION,SURYA FUSION,320.0,HL 20 NOS,CBP,,,RECODING,5,3,90110247,156.88693,105,SURYA NEPAL PVT LTD - NEPAL,SURYA,SURYA CITRIC FRESH,HL 20'S,HL,20,FRESH,,20.0,NO,300.0
146,27/11/2024,202411,3,1027160630494,21103030086,1731308020769,99765321,105,SURYA NEPAL PVT LTD - NEPAL,SURYA FUSION,SURYA FUSION,320.0,HL 20 NOS,CBP,,,RECODING,5,4,99763869,158.46474,105,SURYA NEPAL PVT LTD - NEPAL,NAULO,NAULO BURST,HL 20'S,HL,20,FRESH,,20.0,NO,175.0
146,27/11/2024,202411,3,1027160630494,21103030086,1731308020769,99765321,105,SURYA NEPAL PVT LTD - NEPAL,SURYA FUSION,SURYA FUSION,320.0,HL 20 NOS,CBP,,,RECODING,5,5,48587,160.4301,105,SURYA NEPAL PVT LTD - NEPAL,SURYA,SURYA 24 CARAT ARCTIC BURST,HL 20'S,HL,20,FRESH,,20.0,NO,300.0
146,27/11/2024,202411,3,1027160630494,21103030086,1731308020769,99765321,105,SURYA NEPAL PVT LTD - NEPAL,SURYA FUSION,SURYA FUSION,320.0,HL 20 NOS,CBP,,,RECODING,5,6,47592,160.96057,105,SURYA NEPAL PVT LTD - NEPAL,SHIKHAR,SHIKHAR ICE RUSH,HL 20'S,HL,20,FRESH,,20.0,NO,185.0
146,27/11/2024,202411,3,1027160630494,21103030086,1731308020769,99765321,105,SURYA NEPAL PVT LTD - NEPAL,SURYA FUSION,SURYA FUSION,320.0,HL 20 NOS,CBP,,,RECODING,5,7,99765090,161.98712,105,SURYA NEPAL PVT LTD - NEPAL,SURYA,SURYA DUAL BURST,HL 20'S,HL,20,FRESH,,20.0,NO,320.0
146,27/11/2024,202411,3,1027160630494,21103030086,1731308020769,99765321,105,SURYA NEPAL PVT LTD - NEPAL,SURYA FUSION,SURYA FUSION,320.0,HL 20 NOS,CBP,,,RECODING,5,8,99765321,162.44168,105,SURYA NEPAL PVT LTD - NEPAL,SURYA,SURYA FUSION,HL 20'S,HL,20,FULL FLAVOUR,,20.0,NO,320.0
146,27/11/2024,202411,3,1027160630494,21103030086,1731308020769,99765321,105,SURYA NEPAL PVT LTD - NEPAL,SURYA FUSION,SURYA FUSION,320.0,HL 20 NOS,CBP,,,RECODING,5,9,99764555,164.16707,106,SURYA NEPAL PVT LTD - NEPAL,TOFFICHOO,TOFFICHOO CHATPATA FUN,TOFFICHOO CHATPATA FUN-MASALA PUNCH PCN 720 GM,PLJAR,720.000 GM,MASALA,,720.0,GM,300.0
146,27/11/2024,202411,3,1027160630494,21103030086,1731308020769,99765321,105,SURYA NEPAL PVT LTD - NEPAL,SURYA FUSION,SURYA FUSION,320.0,HL 20 NOS,CBP,,,RECODING,5,10,99764545,165.47833,106,SURYA NEPAL PVT LTD - NEPAL,TOFFICHOO,TOFFICHOO CHATPATA FUN,TOFFICHOO CHATPATA FUN-MASALA PUNCH PPH 270 GM,PLPCH,270.000 GM,MASALA,,270.0,GM,85.0
147,27/11/2024,202411,3,1027123844463,21103030057,1731308020769,99765321,105,SURYA NEPAL PVT LTD - NEPAL,SURYA FUSION,SURYA FUSION,320.0,HL 20 NOS,CBP,,,RECODING,5,1,92923725,145.89871,123,B.S.I PVT LTD-NEPAL,SURYA,SURYA,SURYA-UNWRP 150 GMS,UNWRP,150.000 GM,,,150.0,GM,0.0
147,27/11/2024,202411,3,1027123844463,21103030057,1731308020769,99765321,105,SURYA NEPAL PVT LTD - NEPAL,SURYA FUSION,SURYA FUSION,320.0,HL 20 NOS,CBP,,,RECODING,5,2,46667,148.37726,123,B.S.I PVT LTD-NEPAL,SURYA,SURYA,SURYA-UNWRP 200 GMS,UNWRP,200.000 GM,,,200.0,GM,0.0
147,27/11/2024,202411,3,1027123844463,21103030057,1731308020769,99765321,105,SURYA NEPAL PVT LTD - NEPAL,SURYA FUSION,SURYA FUSION,320.0,HL 20 NOS,CBP,,,RECODING,5,3,90110247,158.14973,105,SURYA NEPAL PVT LTD - NEPAL,SURYA,SURYA CITRIC FRESH,HL 20'S,HL,20,FRESH,,20.0,NO,300.0
147,27/11/2024,202411,3,1027123844463,21103030057,1731308020769,99765321,105,SURYA NEPAL PVT LTD - NEPAL,SURYA FUSION,SURYA FUSION,320.0,HL 20 NOS,CBP,,,RECODING,5,4,99763869,159.02045,105,SURYA NEPAL PVT LTD - NEPAL,NAULO,NAULO BURST,HL 20'S,HL,20,FRESH,,20.0,NO,175.0
147,27/11/2024,202411,3,1027123844463,21103030057,1731308020769,99765321,105,SURYA NEPAL PVT LTD - NEPAL,SURYA FUSION,SURYA FUSION,320.0,HL 20 NOS,CBP,,,RECODING,5,5,47592,160.41641,105,SURYA NEPAL PVT LTD - NEPAL,SHIKHAR,SHIKHAR ICE RUSH,HL 20'S,HL,20,FRESH,,20.0,NO,185.0
147,27/11/2024,202411,3,1027123844463,21103030057,1731308020769,99765321,105,SURYA NEPAL PVT LTD - NEPAL,SURYA FUSION,SURYA FUSION,320.0,HL 20 NOS,CBP,,,RECODING,5,6,48587,161.25424,105,SURYA NEPAL PVT LTD - NEPAL,SURYA,SURYA 24 CARAT ARCTIC BURST,HL 20'S,HL,20,FRESH,,20.0,NO,300.0
147,27/11/2024,202411,3,1027123844463,21103030057,1731308020769,99765321,105,SURYA NEPAL PVT LTD - NEPAL,SURYA FUSION,SURYA FUSION,320.0,HL 20 NOS,CBP,,,RECODING,5,7,99765321,163.91199,105,SURYA NEPAL PVT LTD - NEPAL,SURYA,SURYA FUSION,HL 20'S,HL,20,FULL FLAVOUR,,20.0,NO,320.0
147,27/11/2024,202411,3,1027123844463,21103030057,1731308020769,99765321,105,SURYA NEPAL PVT LTD - NEPAL,SURYA FUSION,SURYA FUSION,320.0,HL 20 NOS,CBP,,,RECODING,5,8,99765090,163.98048,105,SURYA NEPAL PVT LTD - NEPAL,SURYA,SURYA DUAL BURST,HL 20'S,HL,20,FRESH,,20.0,NO,320.0
147,27/11/2024,202411,3,1027123844463,21103030057,1731308020769,99765321,105,SURYA NEPAL PVT LTD - NEPAL,SURYA FUSION,SURYA FUSION,320.0,HL 20 NOS,CBP,,,RECODING,5,9,99764555,164.52274,106,SURYA NEPAL PVT LTD - NEPAL,TOFFICHOO,TOFFICHOO CHATPATA FUN,TOFFICHOO CHATPATA FUN-MASALA PUNCH PCN 720 GM,PLJAR,720.000 GM,MASALA,,720.0,GM,300.0
147,27/11/2024,202411,3,1027123844463,21103030057,1731308020769,99765321,105,SURYA NEPAL PVT LTD - NEPAL,SURYA FUSION,SURYA FUSION,320.0,HL 20 NOS,CBP,,,RECODING,5,10,99764545,165.68326,106,SURYA NEPAL PVT LTD - NEPAL,TOFFICHOO,TOFFICHOO CHATPATA FUN,TOFFICHOO CHATPATA FUN-MASALA PUNCH PPH 270 GM,PLPCH,270.000 GM,MASALA,,270.0,GM,85.0
148,27/11/2024,202411,3,1028162712896,21103030042,1731308020769,99765321,105,SURYA NEPAL PVT LTD - NEPAL,SURYA FUSION,SURYA FUSION,320.0,HL 20 NOS,CBP,,,RECODING,5,1,92923725,145.72154,123,B.S.I PVT LTD-NEPAL,SURYA,SURYA,SURYA-UNWRP 150 GMS,UNWRP,150.000 GM,,,150.0,GM,0.0
148,27/11/2024,202411,3,1028162712896,21103030042,1731308020769,99765321,105,SURYA NEPAL PVT LTD - NEPAL,SURYA FUSION,SURYA FUSION,320.0,HL 20 NOS,CBP,,,RECODING,5,2,46667,148.97281,123,B.S.I PVT LTD-NEPAL,SURYA,SURYA,SURYA-UNWRP 200 GMS,UNWRP,200.000 GM,,,200.0,GM,0.0
148,27/11/2024,202411,3,1028162712896,21103030042,1731308020769,99765321,105,SURYA NEPAL PVT LTD - NEPAL,SURYA FUSION,SURYA FUSION,320.0,HL 20 NOS,CBP,,,RECODING,5,3,90110247,157.67953,105,SURYA NEPAL PVT LTD - NEPAL,SURYA,SURYA CITRIC FRESH,HL 20'S,HL,20,FRESH,,20.0,NO,300.0
148,27/11/2024,202411,3,1028162712896,21103030042,1731308020769,99765321,105,SURYA NEPAL PVT LTD - NEPAL,SURYA FUSION,SURYA FUSION,320.0,HL 20 NOS,CBP,,,RECODING,5,4,99763869,159.36456,105,SURYA NEPAL PVT LTD - NEPAL,NAULO,NAULO BURST,HL 20'S,HL,20,FRESH,,20.0,NO,175.0
148,27/11/2024,202411,3,1028162712896,21103030042,1731308020769,99765321,105,SURYA NEPAL PVT LTD - NEPAL,SURYA FUSION,SURYA FUSION,320.0,HL 20 NOS,CBP,,,RECODING,5,5,47592,161.29907,105,SURYA NEPAL PVT LTD - NEPAL,SHIKHAR,SHIKHAR ICE RUSH,HL 20'S,HL,20,FRESH,,20.0,NO,185.0
148,27/11/2024,202411,3,1028162712896,21103030042,1731308020769,99765321,105,SURYA NEPAL PVT LTD - NEPAL,SURYA FUSION,SURYA FUSION,320.0,HL 20 NOS,CBP,,,RECODING,5,6,48587,161.91231,105,SURYA NEPAL PVT LTD - NEPAL,SURYA,SURYA 24 CARAT ARCTIC BURST,HL 20'S,HL,20,FRESH,,20.0,NO,300.0
148,27/11/2024,202411,3,1028162712896,21103030042,1731308020769,99765321,105,SURYA NEPAL PVT LTD - NEPAL,SURYA FUSION,SURYA FUSION,320.0,HL 20 NOS,CBP,,,RECODING,5,7,99765321,163.63434,105,SURYA NEPAL PVT LTD - NEPAL,SURYA,SURYA FUSION,HL 20'S,HL,20,FULL FLAVOUR,,20.0,NO,320.0
148,27/11/2024,202411,3,1028162712896,21103030042,1731308020769,99765321,105,SURYA NEPAL PVT LTD - NEPAL,SURYA FUSION,SURYA FUSION,320.0,HL 20 NOS,CBP,,,RECODING,5,8,99764555,163.89668,106,SURYA NEPAL PVT LTD - NEPAL,TOFFICHOO,TOFFICHOO CHATPATA FUN,TOFFICHOO CHATPATA FUN-MASALA PUNCH PCN 720 GM,PLJAR,720.000 GM,MASALA,,720.0,GM,300.0
148,27/11/2024,202411,3,1028162712896,21103030042,1731308020769,99765321,105,SURYA NEPAL PVT LTD - NEPAL,SURYA FUSION,SURYA FUSION,320.0,HL 20 NOS,CBP,,,RECODING,5,9,99765090,164.0969,105,SURYA NEPAL PVT LTD - NEPAL,SURYA,SURYA DUAL BURST,HL 20'S,HL,20,FRESH,,20.0,NO,320.0
148,27/11/2024,202411,3,1028162712896,21103030042,1731308020769,99765321,105,SURYA NEPAL PVT LTD - NEPAL,SURYA FUSION,SURYA FUSION,320.0,HL 20 NOS,CBP,,,RECODING,5,10,99764545,165.01852,106,SURYA NEPAL PVT LTD - NEPAL,TOFFICHOO,TOFFICHOO CHATPATA FUN,TOFFICHOO CHATPATA FUN-MASALA PUNCH PPH 270 GM,PLPCH,270.000 GM,MASALA,,270.0,GM,85.0
149,27/11/2024,202411,3,1210100623,12101030153,1732251636707,99765320,126,MADHU CHEMICAL COMPANY,MADHU,MADHU SWEET- SUPARI PPH 1.45 GM.,3.0,1.45GM,PPH,,,RECODING,5,1,99765320,120.91402,126,MADHU CHEMICAL COMPANY,MADHU,MADHU,1.45G PAAN MASALA,PLAST,1.45G,SWEET,,1.45,GM,3.0
149,27/11/2024,202411,3,1210100623,12101030153,1732251636707,99765320,126,MADHU CHEMICAL COMPANY,MADHU,MADHU SWEET- SUPARI PPH 1.45 GM.,3.0,1.45GM,PPH,,,RECODING,5,2,99762215,134.53146,126,MADHU CHEMICAL COMPANY,MADHU,MADHU,1.25G PAAN MASALA,PLAST,1.25G,SWEET,,1.25,,0.0
149,27/11/2024,202411,3,1210100623,12101030153,1732251636707,99765320,126,MADHU CHEMICAL COMPANY,MADHU,MADHU SWEET- SUPARI PPH 1.45 GM.,3.0,1.45GM,PPH,,,RECODING,5,3,48360,160.46326,106,MAHENDRA INDUSTRIES-INDIA,MADHUR,MADHUR KING POP,MADHUR KING POP-LOLLIPOP PPH 9 GM,PLPCH,9.000 GM,UNSPECIFIED,,9.0,GM,0.0
149,27/11/2024,202411,3,1210100623,12101030153,1732251636707,99765320,126,MADHU CHEMICAL COMPANY,MADHU,MADHU SWEET- SUPARI PPH 1.45 GM.,3.0,1.45GM,PPH,,,RECODING,5,4,91827177,161.04944,106,MAHENDRA INDUSTRIES-INDIA,MADHUR,MADHUR,MADHUR- LAL PAAN PPH 5 GM,PLPCH,5.000 GM,PAAN,,5.0,GM,0.0
149,27/11/2024,202411,3,1210100623,12101030153,1732251636707,99765320,126,MADHU CHEMICAL COMPANY,MADHU,MADHU SWEET- SUPARI PPH 1.45 GM.,3.0,1.45GM,PPH,,,RECODING,5,5,47744,161.09914,122,H.B INDUSTRIES-NEPAL,MEGHA,MEGHA,MEGHA-FLOWER FRESH PPH 3000 GMS,PLPCH,3000.000 GM,,,3000.0,GM,0.0
149,27/11/2024,202411,3,1210100623,12101030153,1732251636707,99765320,126,MADHU CHEMICAL COMPANY,MADHU,MADHU SWEET- SUPARI PPH 1.45 GM.,3.0,1.45GM,PPH,,,RECODING,5,6,91827176,161.17363,106,MAHENDRA INDUSTRIES-INDIA,MADHUR,MADHUR TRUE LOVE,MADHUR TRUE LOVE- STRAWBERRY PPH 6 GM,PLPCH,6.000 GM,STRAWBERRY,,6.0,GM,0.0
149,27/11/2024,202411,3,1210100623,12101030153,1732251636707,99765320,126,MADHU CHEMICAL COMPANY,MADHU,MADHU SWEET- SUPARI PPH 1.45 GM.,3.0,1.45GM,PPH,,,RECODING,5,7,54103,162.10269,106,MAHENDRA INDUSTRIES-INDIA,MADHUR,MADHUR TRUE LOVE,MADHUR TRUE LOVE-PEACH PPH 5 GM,PLPCH,5.000 GM,PEACH,,5.0,GM,0.0
149,27/11/2024,202411,3,1210100623,12101030153,1732251636707,99765320,126,MADHU CHEMICAL COMPANY,MADHU,MADHU SWEET- SUPARI PPH 1.45 GM.,3.0,1.45GM,PPH,,,RECODING,5,8,54101,163.62715,106,MAHENDRA INDUSTRIES-INDIA,MADHUR,MADHUR TRUE LOVE,MADHUR TRUE LOVE-TAMARIND PPH 5 GM,PLPCH,5.000 GM,TAMARIND,,5.0,GM,0.0
149,27/11/2024,202411,3,1210100623,12101030153,1732251636707,99765320,126,MADHU CHEMICAL COMPANY,MADHU,MADHU SWEET- SUPARI PPH 1.45 GM.,3.0,1.45GM,PPH,,,RECODING,5,9,93026122,164.42148,122,H.B INDUSTRIES-NEPAL,MEGHA,MEGHA,MEGHA-FLOWER FRESH PPH 500 GMS,PLPCH,500.000 GM,,,500.0,GM,0.0
149,27/11/2024,202411,3,1210100623,12101030153,1732251636707,99765320,126,MADHU CHEMICAL COMPANY,MADHU,MADHU SWEET- SUPARI PPH 1.45 GM.,3.0,1.45GM,PPH,,,RECODING,5,10,91826568,165.60901,106,MAHENDRA INDUSTRIES-INDIA,MADHUR,MADHUR TRUE LOVE,MADHUR TRUE LOVE- ORANGE PPH 6 GM,PLPCH,6.000 GM,ORANGE,,6.0,GM,0.0
150,27/11/2024,202411,3,1210101366,12101030050,1732251636707,99765320,126,MADHU CHEMICAL COMPANY,MADHU,MADHU SWEET- SUPARI PPH 1.45 GM.,3.0,1.45GM,PPH,,,RECODING,5,1,99765320,120.19946,126,MADHU CHEMICAL COMPANY,MADHU,MADHU,1.45G PAAN MASALA,PLAST,1.45G,SWEET,,1.45,GM,3.0
150,27/11/2024,202411,3,1210101366,12101030050,1732251636707,99765320,126,MADHU CHEMICAL COMPANY,MADHU,MADHU SWEET- SUPARI PPH 1.45 GM.,3.0,1.45GM,PPH,,,RECODING,5,2,99762215,133.97707,126,MADHU CHEMICAL COMPANY,MADHU,MADHU,1.25G PAAN MASALA,PLAST,1.25G,SWEET,,1.25,,0.0
150,27/11/2024,202411,3,1210101366,12101030050,1732251636707,99765320,126,MADHU CHEMICAL COMPANY,MADHU,MADHU SWEET- SUPARI PPH 1.45 GM.,3.0,1.45GM,PPH,,,RECODING,5,3,47744,159.77577,122,H.B INDUSTRIES-NEPAL,MEGHA,MEGHA,MEGHA-FLOWER FRESH PPH 3000 GMS,PLPCH,3000.000 GM,,,3000.0,GM,0.0
150,27/11/2024,202411,3,1210101366,12101030050,1732251636707,99765320,126,MADHU CHEMICAL COMPANY,MADHU,MADHU SWEET- SUPARI PPH 1.45 GM.,3.0,1.45GM,PPH,,,RECODING,5,4,48360,160.73126,106,MAHENDRA INDUSTRIES-INDIA,MADHUR,MADHUR KING POP,MADHUR KING POP-LOLLIPOP PPH 9 GM,PLPCH,9.000 GM,UNSPECIFIED,,9.0,GM,0.0
150,27/11/2024,202411,3,1210101366,12101030050,1732251636707,99765320,126,MADHU CHEMICAL COMPANY,MADHU,MADHU SWEET- SUPARI PPH 1.45 GM.,3.0,1.45GM,PPH,,,RECODING,5,5,91827177,161.14053,106,MAHENDRA INDUSTRIES-INDIA,MADHUR,MADHUR,MADHUR- LAL PAAN PPH 5 GM,PLPCH,5.000 GM,PAAN,,5.0,GM,0.0
150,27/11/2024,202411,3,1210101366,12101030050,1732251636707,99765320,126,MADHU CHEMICAL COMPANY,MADHU,MADHU SWEET- SUPARI PPH 1.45 GM.,3.0,1.45GM,PPH,,,RECODING,5,6,91827176,161.27115,106,MAHENDRA INDUSTRIES-INDIA,MADHUR,MADHUR TRUE LOVE,MADHUR TRUE LOVE- STRAWBERRY PPH 6 GM,PLPCH,6.000 GM,STRAWBERRY,,6.0,GM,0.0
150,27/11/2024,202411,3,1210101366,12101030050,1732251636707,99765320,126,MADHU CHEMICAL COMPANY,MADHU,MADHU SWEET- SUPARI PPH 1.45 GM.,3.0,1.45GM,PPH,,,RECODING,5,7,54103,162.34317,106,MAHENDRA INDUSTRIES-INDIA,MADHUR,MADHUR TRUE LOVE,MADHUR TRUE LOVE-PEACH PPH 5 GM,PLPCH,5.000 GM,PEACH,,5.0,GM,0.0
150,27/11/2024,202411,3,1210101366,12101030050,1732251636707,99765320,126,MADHU CHEMICAL COMPANY,MADHU,MADHU SWEET- SUPARI PPH 1.45 GM.,3.0,1.45GM,PPH,,,RECODING,5,8,54101,163.28578,106,MAHENDRA INDUSTRIES-INDIA,MADHUR,MADHUR TRUE LOVE,MADHUR TRUE LOVE-TAMARIND PPH 5 GM,PLPCH,5.000 GM,TAMARIND,,5.0,GM,0.0
150,27/11/2024,202411,3,1210101366,12101030050,1732251636707,99765320,126,MADHU CHEMICAL COMPANY,MADHU,MADHU SWEET- SUPARI PPH 1.45 GM.,3.0,1.45GM,PPH,,,RECODING,5,9,93026122,163.49037,122,H.B INDUSTRIES-NEPAL,MEGHA,MEGHA,MEGHA-FLOWER FRESH PPH 500 GMS,PLPCH,500.000 GM,,,500.0,GM,0.0
150,27/11/2024,202411,3,1210101366,12101030050,1732251636707,99765320,126,MADHU CHEMICAL COMPANY,MADHU,MADHU SWEET- SUPARI PPH 1.45 GM.,3.0,1.45GM,PPH,,,RECODING,5,10,91826568,165.63824,106,MAHENDRA INDUSTRIES-INDIA,MADHUR,MADHUR TRUE LOVE,MADHUR TRUE LOVE- ORANGE PPH 6 GM,PLPCH,6.000 GM,ORANGE,,6.0,GM,0.0
151,27/11/2024,202411,3,1210100564,12101030054,1732251636707,99765320,126,MADHU CHEMICAL COMPANY,MADHU,MADHU SWEET- SUPARI PPH 1.45 GM.,3.0,1.45GM,PPH,,,RECODING,5,1,99765320,120.41164,126,MADHU CHEMICAL COMPANY,MADHU,MADHU,1.45G PAAN MASALA,PLAST,1.45G,SWEET,,1.45,GM,3.0
151,27/11/2024,202411,3,1210100564,12101030054,1732251636707,99765320,126,MADHU CHEMICAL COMPANY,MADHU,MADHU SWEET- SUPARI PPH 1.45 GM.,3.0,1.45GM,PPH,,,RECODING,5,2,99762215,134.76778,126,MADHU CHEMICAL COMPANY,MADHU,MADHU,1.25G PAAN MASALA,PLAST,1.25G,SWEET,,1.25,,0.0
151,27/11/2024,202411,3,1210100564,12101030054,1732251636707,99765320,126,MADHU CHEMICAL COMPANY,MADHU,MADHU SWEET- SUPARI PPH 1.45 GM.,3.0,1.45GM,PPH,,,RECODING,5,3,47744,160.83965,122,H.B INDUSTRIES-NEPAL,MEGHA,MEGHA,MEGHA-FLOWER FRESH PPH 3000 GMS,PLPCH,3000.000 GM,,,3000.0,GM,0.0
151,27/11/2024,202411,3,1210100564,12101030054,1732251636707,99765320,126,MADHU CHEMICAL COMPANY,MADHU,MADHU SWEET- SUPARI PPH 1.45 GM.,3.0,1.45GM,PPH,,,RECODING,5,4,48360,161.4976,106,MAHENDRA INDUSTRIES-INDIA,MADHUR,MADHUR KING POP,MADHUR KING POP-LOLLIPOP PPH 9 GM,PLPCH,9.000 GM,UNSPECIFIED,,9.0,GM,0.0
151,27/11/2024,202411,3,1210100564,12101030054,1732251636707,99765320,126,MADHU CHEMICAL COMPANY,MADHU,MADHU SWEET- SUPARI PPH 1.45 GM.,3.0,1.45GM,PPH,,,RECODING,5,5,91827177,162.06555,106,MAHENDRA INDUSTRIES-INDIA,MADHUR,MADHUR,MADHUR- LAL PAAN PPH 5 GM,PLPCH,5.000 GM,PAAN,,5.0,GM,0.0
151,27/11/2024,202411,3,1210100564,12101030054,1732251636707,99765320,126,MADHU CHEMICAL COMPANY,MADHU,MADHU SWEET- SUPARI PPH 1.45 GM.,3.0,1.45GM,PPH,,,RECODING,5,6,91827176,162.09763,106,MAHENDRA INDUSTRIES-INDIA,MADHUR,MADHUR TRUE LOVE,MADHUR TRUE LOVE- STRAWBERRY PPH 6 GM,PLPCH,6.000 GM,STRAWBERRY,,6.0,GM,0.0
151,27/11/2024,202411,3,1210100564,12101030054,1732251636707,99765320,126,MADHU CHEMICAL COMPANY,MADHU,MADHU SWEET- SUPARI PPH 1.45 GM.,3.0,1.45GM,PPH,,,RECODING,5,7,54103,163.08601,106,MAHENDRA INDUSTRIES-INDIA,MADHUR,MADHUR TRUE LOVE,MADHUR TRUE LOVE-PEACH PPH 5 GM,PLPCH,5.000 GM,PEACH,,5.0,GM,0.0
151,27/11/2024,202411,3,1210100564,12101030054,1732251636707,99765320,126,MADHU CHEMICAL COMPANY,MADHU,MADHU SWEET- SUPARI PPH 1.45 GM.,3.0,1.45GM,PPH,,,RECODING,5,8,93026122,164.25143,122,H.B INDUSTRIES-NEPAL,MEGHA,MEGHA,MEGHA-FLOWER FRESH PPH 500 GMS,PLPCH,500.000 GM,,,500.0,GM,0.0
151,27/11/2024,202411,3,1210100564,12101030054,1732251636707,99765320,126,MADHU CHEMICAL COMPANY,MADHU,MADHU SWEET- SUPARI PPH 1.45 GM.,3.0,1.45GM,PPH,,,RECODING,5,9,54101,164.35535,106,MAHENDRA INDUSTRIES-INDIA,MADHUR,MADHUR TRUE LOVE,MADHUR TRUE LOVE-TAMARIND PPH 5 GM,PLPCH,5.000 GM,TAMARIND,,5.0,GM,0.0
151,27/11/2024,202411,3,1210100564,12101030054,1732251636707,99765320,126,MADHU CHEMICAL COMPANY,MADHU,MADHU SWEET- SUPARI PPH 1.45 GM.,3.0,1.45GM,PPH,,,RECODING,5,10,91826568,166.52957,106,MAHENDRA INDUSTRIES-INDIA,MADHUR,MADHUR TRUE LOVE,MADHUR TRUE LOVE- ORANGE PPH 6 GM,PLPCH,6.000 GM,ORANGE,,6.0,GM,0.0
152,28/11/2024,202411,3,1024134306356,22711030021,1732530969912,99765321,105,SURYA NEPAL PVT LTD - NEPAL,SURYA FUSION,SURYA FUSION,320.0,75-85MM,20,New SKU,,RECODING,5,1,47592,147.13147,105,SURYA NEPAL PVT LTD - NEPAL,SHIKHAR,SHIKHAR ICE RUSH,HL 20'S,HL,20,FRESH,,20.0,NO,185.0
152,28/11/2024,202411,3,1024134306356,22711030021,1732530969912,99765321,105,SURYA NEPAL PVT LTD - NEPAL,SURYA FUSION,SURYA FUSION,320.0,75-85MM,20,New SKU,,RECODING,5,2,92923725,154.38344,123,B.S.I PVT LTD-NEPAL,SURYA,SURYA,SURYA-UNWRP 150 GMS,UNWRP,150.000 GM,,,150.0,GM,0.0
152,28/11/2024,202411,3,1024134306356,22711030021,1732530969912,99765321,105,SURYA NEPAL PVT LTD - NEPAL,SURYA FUSION,SURYA FUSION,320.0,75-85MM,20,New SKU,,RECODING,5,3,46667,159.03735,123,B.S.I PVT LTD-NEPAL,SURYA,SURYA,SURYA-UNWRP 200 GMS,UNWRP,200.000 GM,,,200.0,GM,0.0
152,28/11/2024,202411,3,1024134306356,22711030021,1732530969912,99765321,105,SURYA NEPAL PVT LTD - NEPAL,SURYA FUSION,SURYA FUSION,320.0,75-85MM,20,New SKU,,RECODING,5,4,99765469,160.68059,105,SURYA NEPAL PVT LTD - NEPAL,SURYA,SURYA SLEEK BOLT,HL 20'S,HL,20,FRESH,,20.0,NO,340.0
152,28/11/2024,202411,3,1024134306356,22711030021,1732530969912,99765321,105,SURYA NEPAL PVT LTD - NEPAL,SURYA FUSION,SURYA FUSION,320.0,75-85MM,20,New SKU,,RECODING,5,5,48587,161.75531,105,SURYA NEPAL PVT LTD - NEPAL,SURYA,SURYA 24 CARAT ARCTIC BURST,HL 20'S,HL,20,FRESH,,20.0,NO,300.0
152,28/11/2024,202411,3,1024134306356,22711030021,1732530969912,99765321,105,SURYA NEPAL PVT LTD - NEPAL,SURYA FUSION,SURYA FUSION,320.0,75-85MM,20,New SKU,,RECODING,5,6,90110238,162.23401,105,SURYA NEPAL PVT LTD - NEPAL,SURYA,SURYA POLAR ICE,HL 20'S,HL,20,FRESH,,20.0,NO,300.0
152,28/11/2024,202411,3,1024134306356,22711030021,1732530969912,99765321,105,SURYA NEPAL PVT LTD - NEPAL,SURYA FUSION,SURYA FUSION,320.0,75-85MM,20,New SKU,,RECODING,5,7,99765321,165.02553,105,SURYA NEPAL PVT LTD - NEPAL,SURYA,SURYA FUSION,HL 20'S,HL,20,FULL FLAVOUR,,20.0,NO,320.0
152,28/11/2024,202411,3,1024134306356,22711030021,1732530969912,99765321,105,SURYA NEPAL PVT LTD - NEPAL,SURYA FUSION,SURYA FUSION,320.0,75-85MM,20,New SKU,,RECODING,5,8,90110247,166.09686,105,SURYA NEPAL PVT LTD - NEPAL,SURYA,SURYA CITRIC FRESH,HL 20'S,HL,20,FRESH,,20.0,NO,300.0
152,28/11/2024,202411,3,1024134306356,22711030021,1732530969912,99765321,105,SURYA NEPAL PVT LTD - NEPAL,SURYA FUSION,SURYA FUSION,320.0,75-85MM,20,New SKU,,RECODING,5,9,90110249,168.12822,105,SURYA NEPAL PVT LTD - NEPAL,SHIKHAR,SHIKHAR TANGY BREEZE,HL 20'S,HL,20,FRESH,,20.0,NO,180.0
152,28/11/2024,202411,3,1024134306356,22711030021,1732530969912,99765321,105,SURYA NEPAL PVT LTD - NEPAL,SURYA FUSION,SURYA FUSION,320.0,75-85MM,20,New SKU,,RECODING,5,10,99764555,169.79819,106,SURYA NEPAL PVT LTD - NEPAL,TOFFICHOO,TOFFICHOO CHATPATA FUN,TOFFICHOO CHATPATA FUN-MASALA PUNCH PCN 720 GM,PLJAR,720.000 GM,MASALA,,720.0,GM,300.0
153,28/11/2024,202411,3,1027130412225,22711030027,1732530969912,99765321,105,SURYA NEPAL PVT LTD - NEPAL,SURYA FUSION,SURYA FUSION,320.0,75-85MM,20,New SKU,,RECODING,5,1,47592,148.27608,105,SURYA NEPAL PVT LTD - NEPAL,SHIKHAR,SHIKHAR ICE RUSH,HL 20'S,HL,20,FRESH,,20.0,NO,185.0
153,28/11/2024,202411,3,1027130412225,22711030027,1732530969912,99765321,105,SURYA NEPAL PVT LTD - NEPAL,SURYA FUSION,SURYA FUSION,320.0,75-85MM,20,New SKU,,RECODING,5,2,92923725,155.66165,123,B.S.I PVT LTD-NEPAL,SURYA,SURYA,SURYA-UNWRP 150 GMS,UNWRP,150.000 GM,,,150.0,GM,0.0
153,28/11/2024,202411,3,1027130412225,22711030027,1732530969912,99765321,105,SURYA NEPAL PVT LTD - NEPAL,SURYA FUSION,SURYA FUSION,320.0,75-85MM,20,New SKU,,RECODING,5,3,46667,160.71457,123,B.S.I PVT LTD-NEPAL,SURYA,SURYA,SURYA-UNWRP 200 GMS,UNWRP,200.000 GM,,,200.0,GM,0.0
153,28/11/2024,202411,3,1027130412225,22711030027,1732530969912,99765321,105,SURYA NEPAL PVT LTD - NEPAL,SURYA FUSION,SURYA FUSION,320.0,75-85MM,20,New SKU,,RECODING,5,4,99765469,161.35103,105,SURYA NEPAL PVT LTD - NEPAL,SURYA,SURYA SLEEK BOLT,HL 20'S,HL,20,FRESH,,20.0,NO,340.0
153,28/11/2024,202411,3,1027130412225,22711030027,1732530969912,99765321,105,SURYA NEPAL PVT LTD - NEPAL,SURYA FUSION,SURYA FUSION,320.0,75-85MM,20,New SKU,,RECODING,5,5,48587,162.3018,105,SURYA NEPAL PVT LTD - NEPAL,SURYA,SURYA 24 CARAT ARCTIC BURST,HL 20'S,HL,20,FRESH,,20.0,NO,300.0
153,28/11/2024,202411,3,1027130412225,22711030027,1732530969912,99765321,105,SURYA NEPAL PVT LTD - NEPAL,SURYA FUSION,SURYA FUSION,320.0,75-85MM,20,New SKU,,RECODING,5,6,90110238,162.64742,105,SURYA NEPAL PVT LTD - NEPAL,SURYA,SURYA POLAR ICE,HL 20'S,HL,20,FRESH,,20.0,NO,300.0
153,28/11/2024,202411,3,1027130412225,22711030027,1732530969912,99765321,105,SURYA NEPAL PVT LTD - NEPAL,SURYA FUSION,SURYA FUSION,320.0,75-85MM,20,New SKU,,RECODING,5,7,99765321,164.62445,105,SURYA NEPAL PVT LTD - NEPAL,SURYA,SURYA FUSION,HL 20'S,HL,20,FULL FLAVOUR,,20.0,NO,320.0
153,28/11/2024,202411,3,1027130412225,22711030027,1732530969912,99765321,105,SURYA NEPAL PVT LTD - NEPAL,SURYA FUSION,SURYA FUSION,320.0,75-85MM,20,New SKU,,RECODING,5,8,90110247,166.60254,105,SURYA NEPAL PVT LTD - NEPAL,SURYA,SURYA CITRIC FRESH,HL 20'S,HL,20,FRESH,,20.0,NO,300.0
153,28/11/2024,202411,3,1027130412225,22711030027,1732530969912,99765321,105,SURYA NEPAL PVT LTD - NEPAL,SURYA FUSION,SURYA FUSION,320.0,75-85MM,20,New SKU,,RECODING,5,9,90110249,169.12941,105,SURYA NEPAL PVT LTD - NEPAL,SHIKHAR,SHIKHAR TANGY BREEZE,HL 20'S,HL,20,FRESH,,20.0,NO,180.0
153,28/11/2024,202411,3,1027130412225,22711030027,1732530969912,99765321,105,SURYA NEPAL PVT LTD - NEPAL,SURYA FUSION,SURYA FUSION,320.0,75-85MM,20,New SKU,,RECODING,5,10,99764555,169.7225,106,SURYA NEPAL PVT LTD - NEPAL,TOFFICHOO,TOFFICHOO CHATPATA FUN,TOFFICHOO CHATPATA FUN-MASALA PUNCH PCN 720 GM,PLJAR,720.000 GM,MASALA,,720.0,GM,300.0
154,28/11/2024,202411,3,1221100515477,22711030016,1732530969912,99765321,105,SURYA NEPAL PVT LTD - NEPAL,SURYA FUSION,SURYA FUSION,320.0,75-85MM,20,New SKU,,RECODING,5,1,47592,147.70157,105,SURYA NEPAL PVT LTD - NEPAL,SHIKHAR,SHIKHAR ICE RUSH,HL 20'S,HL,20,FRESH,,20.0,NO,185.0
154,28/11/2024,202411,3,1221100515477,22711030016,1732530969912,99765321,105,SURYA NEPAL PVT LTD - NEPAL,SURYA FUSION,SURYA FUSION,320.0,75-85MM,20,New SKU,,RECODING,5,2,92923725,155.0349,123,B.S.I PVT LTD-NEPAL,SURYA,SURYA,SURYA-UNWRP 150 GMS,UNWRP,150.000 GM,,,150.0,GM,0.0
154,28/11/2024,202411,3,1221100515477,22711030016,1732530969912,99765321,105,SURYA NEPAL PVT LTD - NEPAL,SURYA FUSION,SURYA FUSION,320.0,75-85MM,20,New SKU,,RECODING,5,3,46667,159.84875,123,B.S.I PVT LTD-NEPAL,SURYA,SURYA,SURYA-UNWRP 200 GMS,UNWRP,200.000 GM,,,200.0,GM,0.0
154,28/11/2024,202411,3,1221100515477,22711030016,1732530969912,99765321,105,SURYA NEPAL PVT LTD - NEPAL,SURYA FUSION,SURYA FUSION,320.0,75-85MM,20,New SKU,,RECODING,5,4,99765469,160.31909,105,SURYA NEPAL PVT LTD - NEPAL,SURYA,SURYA SLEEK BOLT,HL 20'S,HL,20,FRESH,,20.0,NO,340.0
154,28/11/2024,202411,3,1221100515477,22711030016,1732530969912,99765321,105,SURYA NEPAL PVT LTD - NEPAL,SURYA FUSION,SURYA FUSION,320.0,75-85MM,20,New SKU,,RECODING,5,5,48587,161.5353,105,SURYA NEPAL PVT LTD - NEPAL,SURYA,SURYA 24 CARAT ARCTIC BURST,HL 20'S,HL,20,FRESH,,20.0,NO,300.0
154,28/11/2024,202411,3,1221100515477,22711030016,1732530969912,99765321,105,SURYA NEPAL PVT LTD - NEPAL,SURYA FUSION,SURYA FUSION,320.0,75-85MM,20,New SKU,,RECODING,5,6,90110238,162.67584,105,SURYA NEPAL PVT LTD - NEPAL,SURYA,SURYA POLAR ICE,HL 20'S,HL,20,FRESH,,20.0,NO,300.0
154,28/11/2024,202411,3,1221100515477,22711030016,1732530969912,99765321,105,SURYA NEPAL PVT LTD - NEPAL,SURYA FUSION,SURYA FUSION,320.0,75-85MM,20,New SKU,,RECODING,5,7,99765321,165.0911,105,SURYA NEPAL PVT LTD - NEPAL,SURYA,SURYA FUSION,HL 20'S,HL,20,FULL FLAVOUR,,20.0,NO,320.0
154,28/11/2024,202411,3,1221100515477,22711030016,1732530969912,99765321,105,SURYA NEPAL PVT LTD - NEPAL,SURYA FUSION,SURYA FUSION,320.0,75-85MM,20,New SKU,,RECODING,5,8,90110247,166.01318,105,SURYA NEPAL PVT LTD - NEPAL,SURYA,SURYA CITRIC FRESH,HL 20'S,HL,20,FRESH,,20.0,NO,300.0
154,28/11/2024,202411,3,1221100515477,22711030016,1732530969912,99765321,105,SURYA NEPAL PVT LTD - NEPAL,SURYA FUSION,SURYA FUSION,320.0,75-85MM,20,New SKU,,RECODING,5,9,90110249,168.04941,105,SURYA NEPAL PVT LTD - NEPAL,SHIKHAR,SHIKHAR TANGY BREEZE,HL 20'S,HL,20,FRESH,,20.0,NO,180.0
154,28/11/2024,202411,3,1221100515477,22711030016,1732530969912,99765321,105,SURYA NEPAL PVT LTD - NEPAL,SURYA FUSION,SURYA FUSION,320.0,75-85MM,20,New SKU,,RECODING,5,10,99764555,169.60208,106,SURYA NEPAL PVT LTD - NEPAL,TOFFICHOO,TOFFICHOO CHATPATA FUN,TOFFICHOO CHATPATA FUN-MASALA PUNCH PCN 720 GM,PLJAR,720.000 GM,MASALA,,720.0,GM,300.0
155,28/11/2024,202411,3,1024145130438,22711030018,1732530969912,99765321,105,SURYA NEPAL PVT LTD - NEPAL,SURYA FUSION,SURYA FUSION,320.0,75-85MM,20,New SKU,,RECODING,5,1,47592,146.93944,105,SURYA NEPAL PVT LTD - NEPAL,SHIKHAR,SHIKHAR ICE RUSH,HL 20'S,HL,20,FRESH,,20.0,NO,185.0
155,28/11/2024,202411,3,1024145130438,22711030018,1732530969912,99765321,105,SURYA NEPAL PVT LTD - NEPAL,SURYA FUSION,SURYA FUSION,320.0,75-85MM,20,New SKU,,RECODING,5,2,92923725,155.3005,123,B.S.I PVT LTD-NEPAL,SURYA,SURYA,SURYA-UNWRP 150 GMS,UNWRP,150.000 GM,,,150.0,GM,0.0
155,28/11/2024,202411,3,1024145130438,22711030018,1732530969912,99765321,105,SURYA NEPAL PVT LTD - NEPAL,SURYA FUSION,SURYA FUSION,320.0,75-85MM,20,New SKU,,RECODING,5,3,99765469,159.89352,105,SURYA NEPAL PVT LTD - NEPAL,SURYA,SURYA SLEEK BOLT,HL 20'S,HL,20,FRESH,,20.0,NO,340.0
155,28/11/2024,202411,3,1024145130438,22711030018,1732530969912,99765321,105,SURYA NEPAL PVT LTD - NEPAL,SURYA FUSION,SURYA FUSION,320.0,75-85MM,20,New SKU,,RECODING,5,4,46667,159.93976,123,B.S.I PVT LTD-NEPAL,SURYA,SURYA,SURYA-UNWRP 200 GMS,UNWRP,200.000 GM,,,200.0,GM,0.0
155,28/11/2024,202411,3,1024145130438,22711030018,1732530969912,99765321,105,SURYA NEPAL PVT LTD - NEPAL,SURYA FUSION,SURYA FUSION,320.0,75-85MM,20,New SKU,,RECODING,5,5,48587,161.34421,105,SURYA NEPAL PVT LTD - NEPAL,SURYA,SURYA 24 CARAT ARCTIC BURST,HL 20'S,HL,20,FRESH,,20.0,NO,300.0
155,28/11/2024,202411,3,1024145130438,22711030018,1732530969912,99765321,105,SURYA NEPAL PVT LTD - NEPAL,SURYA FUSION,SURYA FUSION,320.0,75-85MM,20,New SKU,,RECODING,5,6,90110238,161.54535,105,SURYA NEPAL PVT LTD - NEPAL,SURYA,SURYA POLAR ICE,HL 20'S,HL,20,FRESH,,20.0,NO,300.0
155,28/11/2024,202411,3,1024145130438,22711030018,1732530969912,99765321,105,SURYA NEPAL PVT LTD - NEPAL,SURYA FUSION,SURYA FUSION,320.0,75-85MM,20,New SKU,,RECODING,5,7,99765321,163.38177,105,SURYA NEPAL PVT LTD - NEPAL,SURYA,SURYA FUSION,HL 20'S,HL,20,FULL FLAVOUR,,20.0,NO,320.0
155,28/11/2024,202411,3,1024145130438,22711030018,1732530969912,99765321,105,SURYA NEPAL PVT LTD - NEPAL,SURYA FUSION,SURYA FUSION,320.0,75-85MM,20,New SKU,,RECODING,5,8,90110247,165.61711,105,SURYA NEPAL PVT LTD - NEPAL,SURYA,SURYA CITRIC FRESH,HL 20'S,HL,20,FRESH,,20.0,NO,300.0
155,28/11/2024,202411,3,1024145130438,22711030018,1732530969912,99765321,105,SURYA NEPAL PVT LTD - NEPAL,SURYA FUSION,SURYA FUSION,320.0,75-85MM,20,New SKU,,RECODING,5,9,90110249,167.6518,105,SURYA NEPAL PVT LTD - NEPAL,SHIKHAR,SHIKHAR TANGY BREEZE,HL 20'S,HL,20,FRESH,,20.0,NO,180.0
155,28/11/2024,202411,3,1024145130438,22711030018,1732530969912,99765321,105,SURYA NEPAL PVT LTD - NEPAL,SURYA FUSION,SURYA FUSION,320.0,75-85MM,20,New SKU,,RECODING,5,10,99764555,170.12514,106,SURYA NEPAL PVT LTD - NEPAL,TOFFICHOO,TOFFICHOO CHATPATA FUN,TOFFICHOO CHATPATA FUN-MASALA PUNCH PCN 720 GM,PLJAR,720.000 GM,MASALA,,720.0,GM,300.0
156,28/11/2024,202411,3,2110115884,21101031839,1732693369550,99765321,105,SURYA NEPAL PVT. LTD. ,SURYA FUSION,SURYA FUSION-SURYA NEPAL-20-STICK-HL,320.0,20,HL,New SKU,1732693369550-surya nepal pvt- ltd- -surya fusion#3.png,RECODING,5,1,99765321,140.2544,105,SURYA NEPAL PVT LTD - NEPAL,SURYA,SURYA FUSION,HL 20'S,HL,20,FULL FLAVOUR,,20.0,NO,320.0
156,28/11/2024,202411,3,2110115884,21101031839,1732693369550,99765321,105,SURYA NEPAL PVT. LTD. ,SURYA FUSION,SURYA FUSION-SURYA NEPAL-20-STICK-HL,320.0,20,HL,New SKU,1732693369550-surya nepal pvt- ltd- -surya fusion#3.png,RECODING,5,2,46667,150.00932,123,B.S.I PVT LTD-NEPAL,SURYA,SURYA,SURYA-UNWRP 200 GMS,UNWRP,200.000 GM,,,200.0,GM,0.0
156,28/11/2024,202411,3,2110115884,21101031839,1732693369550,99765321,105,SURYA NEPAL PVT. LTD. ,SURYA FUSION,SURYA FUSION-SURYA NEPAL-20-STICK-HL,320.0,20,HL,New SKU,1732693369550-surya nepal pvt- ltd- -surya fusion#3.png,RECODING,5,3,92923725,152.88733,123,B.S.I PVT LTD-NEPAL,SURYA,SURYA,SURYA-UNWRP 150 GMS,UNWRP,150.000 GM,,,150.0,GM,0.0
156,28/11/2024,202411,3,2110115884,21101031839,1732693369550,99765321,105,SURYA NEPAL PVT. LTD. ,SURYA FUSION,SURYA FUSION-SURYA NEPAL-20-STICK-HL,320.0,20,HL,New SKU,1732693369550-surya nepal pvt- ltd- -surya fusion#3.png,RECODING,5,4,99764555,158.04187,106,SURYA NEPAL PVT LTD - NEPAL,TOFFICHOO,TOFFICHOO CHATPATA FUN,TOFFICHOO CHATPATA FUN-MASALA PUNCH PCN 720 GM,PLJAR,720.000 GM,MASALA,,720.0,GM,300.0
156,28/11/2024,202411,3,2110115884,21101031839,1732693369550,99765321,105,SURYA NEPAL PVT. LTD. ,SURYA FUSION,SURYA FUSION-SURYA NEPAL-20-STICK-HL,320.0,20,HL,New SKU,1732693369550-surya nepal pvt- ltd- -surya fusion#3.png,RECODING,5,5,47592,161.10153,105,SURYA NEPAL PVT LTD - NEPAL,SHIKHAR,SHIKHAR ICE RUSH,HL 20'S,HL,20,FRESH,,20.0,NO,185.0
156,28/11/2024,202411,3,2110115884,21101031839,1732693369550,99765321,105,SURYA NEPAL PVT. LTD. ,SURYA FUSION,SURYA FUSION-SURYA NEPAL-20-STICK-HL,320.0,20,HL,New SKU,1732693369550-surya nepal pvt- ltd- -surya fusion#3.png,RECODING,5,6,99764789,166.00893,106,SURYA NEPAL PVT LTD - NEPAL,TOFFICHOO,TOFFICHOO DUOZ,TOFFICHOO DUOZ-STRAWBERRY PCN 720 GM,PLJAR,720.000 GM,STRAWBERRY,,720.0,GM,400.0
156,28/11/2024,202411,3,2110115884,21101031839,1732693369550,99765321,105,SURYA NEPAL PVT. LTD. ,SURYA FUSION,SURYA FUSION-SURYA NEPAL-20-STICK-HL,320.0,20,HL,New SKU,1732693369550-surya nepal pvt- ltd- -surya fusion#3.png,RECODING,5,7,90110247,166.16565,105,SURYA NEPAL PVT LTD - NEPAL,SURYA,SURYA CITRIC FRESH,HL 20'S,HL,20,FRESH,,20.0,NO,300.0
156,28/11/2024,202411,3,2110115884,21101031839,1732693369550,99765321,105,SURYA NEPAL PVT. LTD. ,SURYA FUSION,SURYA FUSION-SURYA NEPAL-20-STICK-HL,320.0,20,HL,New SKU,1732693369550-surya nepal pvt- ltd- -surya fusion#3.png,RECODING,5,8,99764653,166.59624,106,SURYA NEPAL PVT LTD - NEPAL,TOFFICHOO,TOFFICHOO FRUITY DELITE,TOFFICHOO FRUITY DELITE-ASSORTED PCN 600 GM,PLJAR,600.000 GM,ASSORTED,,600.0,GM,400.0
156,28/11/2024,202411,3,2110115884,21101031839,1732693369550,99765321,105,SURYA NEPAL PVT. LTD. ,SURYA FUSION,SURYA FUSION-SURYA NEPAL-20-STICK-HL,320.0,20,HL,New SKU,1732693369550-surya nepal pvt- ltd- -surya fusion#3.png,RECODING,5,9,48587,166.64615,105,SURYA NEPAL PVT LTD - NEPAL,SURYA,SURYA 24 CARAT ARCTIC BURST,HL 20'S,HL,20,FRESH,,20.0,NO,300.0
156,28/11/2024,202411,3,2110115884,21101031839,1732693369550,99765321,105,SURYA NEPAL PVT. LTD. ,SURYA FUSION,SURYA FUSION-SURYA NEPAL-20-STICK-HL,320.0,20,HL,New SKU,1732693369550-surya nepal pvt- ltd- -surya fusion#3.png,RECODING,5,10,99765090,167.07219,105,SURYA NEPAL PVT LTD - NEPAL,SURYA,SURYA DUAL BURST,HL 20'S,HL,20,FRESH,,20.0,NO,320.0
157,28/11/2024,202411,3,2110115899,21101031838,1732693369550,99765321,105,SURYA NEPAL PVT. LTD. ,SURYA FUSION,SURYA FUSION-SURYA NEPAL-20-STICK-HL,320.0,20,HL,,,RECODING,5,1,99765321,122.50441,105,SURYA NEPAL PVT LTD - NEPAL,SURYA,SURYA FUSION,HL 20'S,HL,20,FULL FLAVOUR,,20.0,NO,320.0
157,28/11/2024,202411,3,2110115899,21101031838,1732693369550,99765321,105,SURYA NEPAL PVT. LTD. ,SURYA FUSION,SURYA FUSION-SURYA NEPAL-20-STICK-HL,320.0,20,HL,,,RECODING,5,2,47592,141.01964,105,SURYA NEPAL PVT LTD - NEPAL,SHIKHAR,SHIKHAR ICE RUSH,HL 20'S,HL,20,FRESH,,20.0,NO,185.0
157,28/11/2024,202411,3,2110115899,21101031838,1732693369550,99765321,105,SURYA NEPAL PVT. LTD. ,SURYA FUSION,SURYA FUSION-SURYA NEPAL-20-STICK-HL,320.0,20,HL,,,RECODING,5,3,99765090,144.71059,105,SURYA NEPAL PVT LTD - NEPAL,SURYA,SURYA DUAL BURST,HL 20'S,HL,20,FRESH,,20.0,NO,320.0
157,28/11/2024,202411,3,2110115899,21101031838,1732693369550,99765321,105,SURYA NEPAL PVT. LTD. ,SURYA FUSION,SURYA FUSION-SURYA NEPAL-20-STICK-HL,320.0,20,HL,,,RECODING,5,4,90110213,145.59976,105,SURYA NEPAL PVT LTD - NEPAL,SURYA,SURYA 24 CARAT,HL 20'S,HL,20,FULL FLAVOUR,,20.0,NO,300.0
157,28/11/2024,202411,3,2110115899,21101031838,1732693369550,99765321,105,SURYA NEPAL PVT. LTD. ,SURYA FUSION,SURYA FUSION-SURYA NEPAL-20-STICK-HL,320.0,20,HL,,,RECODING,5,5,90110247,147.49231,105,SURYA NEPAL PVT LTD - NEPAL,SURYA,SURYA CITRIC FRESH,HL 20'S,HL,20,FRESH,,20.0,NO,300.0
157,28/11/2024,202411,3,2110115899,21101031838,1732693369550,99765321,105,SURYA NEPAL PVT. LTD. ,SURYA FUSION,SURYA FUSION-SURYA NEPAL-20-STICK-HL,320.0,20,HL,,,RECODING,5,6,48587,148.07852,105,SURYA NEPAL PVT LTD - NEPAL,SURYA,SURYA 24 CARAT ARCTIC BURST,HL 20'S,HL,20,FRESH,,20.0,NO,300.0
157,28/11/2024,202411,3,2110115899,21101031838,1732693369550,99765321,105,SURYA NEPAL PVT. LTD. ,SURYA FUSION,SURYA FUSION-SURYA NEPAL-20-STICK-HL,320.0,20,HL,,,RECODING,5,7,99763869,149.98782,105,SURYA NEPAL PVT LTD - NEPAL,NAULO,NAULO BURST,HL 20'S,HL,20,FRESH,,20.0,NO,175.0
157,28/11/2024,202411,3,2110115899,21101031838,1732693369550,99765321,105,SURYA NEPAL PVT. LTD. ,SURYA FUSION,SURYA FUSION-SURYA NEPAL-20-STICK-HL,320.0,20,HL,,,RECODING,5,8,48588,152.682,105,SURYA NEPAL PVT LTD - NEPAL,SURYA,SURYA 24 CARAT BLUE,HL 20'S,HL,20,LIGHT,,20.0,NO,300.0
157,28/11/2024,202411,3,2110115899,21101031838,1732693369550,99765321,105,SURYA NEPAL PVT. LTD. ,SURYA FUSION,SURYA FUSION-SURYA NEPAL-20-STICK-HL,320.0,20,HL,,,RECODING,5,9,99764555,153.16998,106,SURYA NEPAL PVT LTD - NEPAL,TOFFICHOO,TOFFICHOO CHATPATA FUN,TOFFICHOO CHATPATA FUN-MASALA PUNCH PCN 720 GM,PLJAR,720.000 GM,MASALA,,720.0,GM,300.0
157,28/11/2024,202411,3,2110115899,21101031838,1732693369550,99765321,105,SURYA NEPAL PVT. LTD. ,SURYA FUSION,SURYA FUSION-SURYA NEPAL-20-STICK-HL,320.0,20,HL,,,RECODING,5,10,90110238,153.6659,105,SURYA NEPAL PVT LTD - NEPAL,SURYA,SURYA POLAR ICE,HL 20'S,HL,20,FRESH,,20.0,NO,300.0
158,28/11/2024,202411,3,1029174424049,21104030037,1732537658621,99765321,105,SURYA NEPAL PVT LTD - NEPAL,SURYA FUSION,SURYA FUSION,320.0,20K'S,FLT,New SKU,,RECODING,5,1,47592,136.37904,105,SURYA NEPAL PVT LTD - NEPAL,SHIKHAR,SHIKHAR ICE RUSH,HL 20'S,HL,20,FRESH,,20.0,NO,185.0
158,28/11/2024,202411,3,1029174424049,21104030037,1732537658621,99765321,105,SURYA NEPAL PVT LTD - NEPAL,SURYA FUSION,SURYA FUSION,320.0,20K'S,FLT,New SKU,,RECODING,5,2,99765321,150.11008,105,SURYA NEPAL PVT LTD - NEPAL,SURYA,SURYA FUSION,HL 20'S,HL,20,FULL FLAVOUR,,20.0,NO,320.0
158,28/11/2024,202411,3,1029174424049,21104030037,1732537658621,99765321,105,SURYA NEPAL PVT LTD - NEPAL,SURYA FUSION,SURYA FUSION,320.0,20K'S,FLT,New SKU,,RECODING,5,3,48587,153.40652,105,SURYA NEPAL PVT LTD - NEPAL,SURYA,SURYA 24 CARAT ARCTIC BURST,HL 20'S,HL,20,FRESH,,20.0,NO,300.0
158,28/11/2024,202411,3,1029174424049,21104030037,1732537658621,99765321,105,SURYA NEPAL PVT LTD - NEPAL,SURYA FUSION,SURYA FUSION,320.0,20K'S,FLT,New SKU,,RECODING,5,4,90110238,153.94016,105,SURYA NEPAL PVT LTD - NEPAL,SURYA,SURYA POLAR ICE,HL 20'S,HL,20,FRESH,,20.0,NO,300.0
158,28/11/2024,202411,3,1029174424049,21104030037,1732537658621,99765321,105,SURYA NEPAL PVT LTD - NEPAL,SURYA FUSION,SURYA FUSION,320.0,20K'S,FLT,New SKU,,RECODING,5,5,92923725,154.12044,123,B.S.I PVT LTD-NEPAL,SURYA,SURYA,SURYA-UNWRP 150 GMS,UNWRP,150.000 GM,,,150.0,GM,0.0
158,28/11/2024,202411,3,1029174424049,21104030037,1732537658621,99765321,105,SURYA NEPAL PVT LTD - NEPAL,SURYA FUSION,SURYA FUSION,320.0,20K'S,FLT,New SKU,,RECODING,5,6,90110247,154.67892,105,SURYA NEPAL PVT LTD - NEPAL,SURYA,SURYA CITRIC FRESH,HL 20'S,HL,20,FRESH,,20.0,NO,300.0
158,28/11/2024,202411,3,1029174424049,21104030037,1732537658621,99765321,105,SURYA NEPAL PVT LTD - NEPAL,SURYA FUSION,SURYA FUSION,320.0,20K'S,FLT,New SKU,,RECODING,5,7,46667,155.66263,123,B.S.I PVT LTD-NEPAL,SURYA,SURYA,SURYA-UNWRP 200 GMS,UNWRP,200.000 GM,,,200.0,GM,0.0
158,28/11/2024,202411,3,1029174424049,21104030037,1732537658621,99765321,105,SURYA NEPAL PVT LTD - NEPAL,SURYA FUSION,SURYA FUSION,320.0,20K'S,FLT,New SKU,,RECODING,5,8,90110249,157.88333,105,SURYA NEPAL PVT LTD - NEPAL,SHIKHAR,SHIKHAR TANGY BREEZE,HL 20'S,HL,20,FRESH,,20.0,NO,180.0
158,28/11/2024,202411,3,1029174424049,21104030037,1732537658621,99765321,105,SURYA NEPAL PVT LTD - NEPAL,SURYA FUSION,SURYA FUSION,320.0,20K'S,FLT,New SKU,,RECODING,5,9,90110239,159.92494,105,SURYA NEPAL PVT LTD - NEPAL,SURYA,SURYA LEGEND,SB 20'S,SB,20,FULL FLAVOUR,,20.0,NO,320.0
158,28/11/2024,202411,3,1029174424049,21104030037,1732537658621,99765321,105,SURYA NEPAL PVT LTD - NEPAL,SURYA FUSION,SURYA FUSION,320.0,20K'S,FLT,New SKU,,RECODING,5,10,99765469,160.16736,105,SURYA NEPAL PVT LTD - NEPAL,SURYA,SURYA SLEEK BOLT,HL 20'S,HL,20,FRESH,,20.0,NO,340.0
159,28/11/2024,202411,3,1022145502627,21104030028,1732537658621,99765321,105,SURYA NEPAL PVT LTD - NEPAL,SURYA FUSION,SURYA FUSION,320.0,20K'S,FLT,New SKU,,RECODING,5,1,47592,135.21872,105,SURYA NEPAL PVT LTD - NEPAL,SHIKHAR,SHIKHAR ICE RUSH,HL 20'S,HL,20,FRESH,,20.0,NO,185.0
159,28/11/2024,202411,3,1022145502627,21104030028,1732537658621,99765321,105,SURYA NEPAL PVT LTD - NEPAL,SURYA FUSION,SURYA FUSION,320.0,20K'S,FLT,New SKU,,RECODING,5,2,99765321,148.13971,105,SURYA NEPAL PVT LTD - NEPAL,SURYA,SURYA FUSION,HL 20'S,HL,20,FULL FLAVOUR,,20.0,NO,320.0
159,28/11/2024,202411,3,1022145502627,21104030028,1732537658621,99765321,105,SURYA NEPAL PVT LTD - NEPAL,SURYA FUSION,SURYA FUSION,320.0,20K'S,FLT,New SKU,,RECODING,5,3,90110238,152.89093,105,SURYA NEPAL PVT LTD - NEPAL,SURYA,SURYA POLAR ICE,HL 20'S,HL,20,FRESH,,20.0,NO,300.0
159,28/11/2024,202411,3,1022145502627,21104030028,1732537658621,99765321,105,SURYA NEPAL PVT LTD - NEPAL,SURYA FUSION,SURYA FUSION,320.0,20K'S,FLT,New SKU,,RECODING,5,4,48587,153.32315,105,SURYA NEPAL PVT LTD - NEPAL,SURYA,SURYA 24 CARAT ARCTIC BURST,HL 20'S,HL,20,FRESH,,20.0,NO,300.0
159,28/11/2024,202411,3,1022145502627,21104030028,1732537658621,99765321,105,SURYA NEPAL PVT LTD - NEPAL,SURYA FUSION,SURYA FUSION,320.0,20K'S,FLT,New SKU,,RECODING,5,5,90110247,153.79933,105,SURYA NEPAL PVT LTD - NEPAL,SURYA,SURYA CITRIC FRESH,HL 20'S,HL,20,FRESH,,20.0,NO,300.0
159,28/11/2024,202411,3,1022145502627,21104030028,1732537658621,99765321,105,SURYA NEPAL PVT LTD - NEPAL,SURYA FUSION,SURYA FUSION,320.0,20K'S,FLT,New SKU,,RECODING,5,6,92923725,154.70747,123,B.S.I PVT LTD-NEPAL,SURYA,SURYA,SURYA-UNWRP 150 GMS,UNWRP,150.000 GM,,,150.0,GM,0.0
159,28/11/2024,202411,3,1022145502627,21104030028,1732537658621,99765321,105,SURYA NEPAL PVT LTD - NEPAL,SURYA FUSION,SURYA FUSION,320.0,20K'S,FLT,New SKU,,RECODING,5,7,90110249,155.78647,105,SURYA NEPAL PVT LTD - NEPAL,SHIKHAR,SHIKHAR TANGY BREEZE,HL 20'S,HL,20,FRESH,,20.0,NO,180.0
159,28/11/2024,202411,3,1022145502627,21104030028,1732537658621,99765321,105,SURYA NEPAL PVT LTD - NEPAL,SURYA FUSION,SURYA FUSION,320.0,20K'S,FLT,New SKU,,RECODING,5,8,46667,156.7857,123,B.S.I PVT LTD-NEPAL,SURYA,SURYA,SURYA-UNWRP 200 GMS,UNWRP,200.000 GM,,,200.0,GM,0.0
159,28/11/2024,202411,3,1022145502627,21104030028,1732537658621,99765321,105,SURYA NEPAL PVT LTD - NEPAL,SURYA FUSION,SURYA FUSION,320.0,20K'S,FLT,New SKU,,RECODING,5,9,90110239,158.2673,105,SURYA NEPAL PVT LTD - NEPAL,SURYA,SURYA LEGEND,SB 20'S,SB,20,FULL FLAVOUR,,20.0,NO,320.0
159,28/11/2024,202411,3,1022145502627,21104030028,1732537658621,99765321,105,SURYA NEPAL PVT LTD - NEPAL,SURYA FUSION,SURYA FUSION,320.0,20K'S,FLT,New SKU,,RECODING,5,10,99765469,158.8367,105,SURYA NEPAL PVT LTD - NEPAL,SURYA,SURYA SLEEK BOLT,HL 20'S,HL,20,FRESH,,20.0,NO,340.0
160,28/11/2024,202411,3,1210102725,12101030168,1732251636707,99765320,126,MADHU CHEMICAL COMPANY,MADHU,MADHU SWEET- SUPARI PPH 1.45 GM.,3.0,1.45GM,PPH,,,RECODING,5,1,99765320,121.96069,126,MADHU CHEMICAL COMPANY,MADHU,MADHU,1.45G PAAN MASALA,PLAST,1.45G,SWEET,,1.45,GM,3.0
160,28/11/2024,202411,3,1210102725,12101030168,1732251636707,99765320,126,MADHU CHEMICAL COMPANY,MADHU,MADHU SWEET- SUPARI PPH 1.45 GM.,3.0,1.45GM,PPH,,,RECODING,5,2,99762215,135.8421,126,MADHU CHEMICAL COMPANY,MADHU,MADHU,1.25G PAAN MASALA,PLAST,1.25G,SWEET,,1.25,,0.0
160,28/11/2024,202411,3,1210102725,12101030168,1732251636707,99765320,126,MADHU CHEMICAL COMPANY,MADHU,MADHU SWEET- SUPARI PPH 1.45 GM.,3.0,1.45GM,PPH,,,RECODING,5,3,48360,160.87613,106,MAHENDRA INDUSTRIES-INDIA,MADHUR,MADHUR KING POP,MADHUR KING POP-LOLLIPOP PPH 9 GM,PLPCH,9.000 GM,UNSPECIFIED,,9.0,GM,0.0
160,28/11/2024,202411,3,1210102725,12101030168,1732251636707,99765320,126,MADHU CHEMICAL COMPANY,MADHU,MADHU SWEET- SUPARI PPH 1.45 GM.,3.0,1.45GM,PPH,,,RECODING,5,4,91827176,162.0219,106,MAHENDRA INDUSTRIES-INDIA,MADHUR,MADHUR TRUE LOVE,MADHUR TRUE LOVE- STRAWBERRY PPH 6 GM,PLPCH,6.000 GM,STRAWBERRY,,6.0,GM,0.0
160,28/11/2024,202411,3,1210102725,12101030168,1732251636707,99765320,126,MADHU CHEMICAL COMPANY,MADHU,MADHU SWEET- SUPARI PPH 1.45 GM.,3.0,1.45GM,PPH,,,RECODING,5,5,47744,162.02792,122,H.B INDUSTRIES-NEPAL,MEGHA,MEGHA,MEGHA-FLOWER FRESH PPH 3000 GMS,PLPCH,3000.000 GM,,,3000.0,GM,0.0
160,28/11/2024,202411,3,1210102725,12101030168,1732251636707,99765320,126,MADHU CHEMICAL COMPANY,MADHU,MADHU SWEET- SUPARI PPH 1.45 GM.,3.0,1.45GM,PPH,,,RECODING,5,6,91827177,162.38594,106,MAHENDRA INDUSTRIES-INDIA,MADHUR,MADHUR,MADHUR- LAL PAAN PPH 5 GM,PLPCH,5.000 GM,PAAN,,5.0,GM,0.0
160,28/11/2024,202411,3,1210102725,12101030168,1732251636707,99765320,126,MADHU CHEMICAL COMPANY,MADHU,MADHU SWEET- SUPARI PPH 1.45 GM.,3.0,1.45GM,PPH,,,RECODING,5,7,54103,163.10854,106,MAHENDRA INDUSTRIES-INDIA,MADHUR,MADHUR TRUE LOVE,MADHUR TRUE LOVE-PEACH PPH 5 GM,PLPCH,5.000 GM,PEACH,,5.0,GM,0.0
160,28/11/2024,202411,3,1210102725,12101030168,1732251636707,99765320,126,MADHU CHEMICAL COMPANY,MADHU,MADHU SWEET- SUPARI PPH 1.45 GM.,3.0,1.45GM,PPH,,,RECODING,5,8,54101,164.74467,106,MAHENDRA INDUSTRIES-INDIA,MADHUR,MADHUR TRUE LOVE,MADHUR TRUE LOVE-TAMARIND PPH 5 GM,PLPCH,5.000 GM,TAMARIND,,5.0,GM,0.0
160,28/11/2024,202411,3,1210102725,12101030168,1732251636707,99765320,126,MADHU CHEMICAL COMPANY,MADHU,MADHU SWEET- SUPARI PPH 1.45 GM.,3.0,1.45GM,PPH,,,RECODING,5,9,93026122,164.82446,122,H.B INDUSTRIES-NEPAL,MEGHA,MEGHA,MEGHA-FLOWER FRESH PPH 500 GMS,PLPCH,500.000 GM,,,500.0,GM,0.0
160,28/11/2024,202411,3,1210102725,12101030168,1732251636707,99765320,126,MADHU CHEMICAL COMPANY,MADHU,MADHU SWEET- SUPARI PPH 1.45 GM.,3.0,1.45GM,PPH,,,RECODING,5,10,91826568,167.12436,106,MAHENDRA INDUSTRIES-INDIA,MADHUR,MADHUR TRUE LOVE,MADHUR TRUE LOVE- ORANGE PPH 6 GM,PLPCH,6.000 GM,ORANGE,,6.0,GM,0.0
161,28/11/2024,202411,3,1024144116686,22711030025,1732530969912,99765321,105,SURYA NEPAL PVT LTD - NEPAL,SURYA FUSION,SURYA FUSION,320.0,75-85MM,20,New SKU,,RECODING,5,1,47592,148.43439,105,SURYA NEPAL PVT LTD - NEPAL,SHIKHAR,SHIKHAR ICE RUSH,HL 20'S,HL,20,FRESH,,20.0,NO,185.0
161,28/11/2024,202411,3,1024144116686,22711030025,1732530969912,99765321,105,SURYA NEPAL PVT LTD - NEPAL,SURYA FUSION,SURYA FUSION,320.0,75-85MM,20,New SKU,,RECODING,5,2,92923725,154.08205,123,B.S.I PVT LTD-NEPAL,SURYA,SURYA,SURYA-UNWRP 150 GMS,UNWRP,150.000 GM,,,150.0,GM,0.0
161,28/11/2024,202411,3,1024144116686,22711030025,1732530969912,99765321,105,SURYA NEPAL PVT LTD - NEPAL,SURYA FUSION,SURYA FUSION,320.0,75-85MM,20,New SKU,,RECODING,5,3,46667,158.69186,123,B.S.I PVT LTD-NEPAL,SURYA,SURYA,SURYA-UNWRP 200 GMS,UNWRP,200.000 GM,,,200.0,GM,0.0
161,28/11/2024,202411,3,1024144116686,22711030025,1732530969912,99765321,105,SURYA NEPAL PVT LTD - NEPAL,SURYA FUSION,SURYA FUSION,320.0,75-85MM,20,New SKU,,RECODING,5,4,99765469,161.2038,105,SURYA NEPAL PVT LTD - NEPAL,SURYA,SURYA SLEEK BOLT,HL 20'S,HL,20,FRESH,,20.0,NO,340.0
161,28/11/2024,202411,3,1024144116686,22711030025,1732530969912,99765321,105,SURYA NEPAL PVT LTD - NEPAL,SURYA FUSION,SURYA FUSION,320.0,75-85MM,20,New SKU,,RECODING,5,5,48587,162.54779,105,SURYA NEPAL PVT LTD - NEPAL,SURYA,SURYA 24 CARAT ARCTIC BURST,HL 20'S,HL,20,FRESH,,20.0,NO,300.0
161,28/11/2024,202411,3,1024144116686,22711030025,1732530969912,99765321,105,SURYA NEPAL PVT LTD - NEPAL,SURYA FUSION,SURYA FUSION,320.0,75-85MM,20,New SKU,,RECODING,5,6,90110238,163.6029,105,SURYA NEPAL PVT LTD - NEPAL,SURYA,SURYA POLAR ICE,HL 20'S,HL,20,FRESH,,20.0,NO,300.0
161,28/11/2024,202411,3,1024144116686,22711030025,1732530969912,99765321,105,SURYA NEPAL PVT LTD - NEPAL,SURYA FUSION,SURYA FUSION,320.0,75-85MM,20,New SKU,,RECODING,5,7,99765321,165.11475,105,SURYA NEPAL PVT LTD - NEPAL,SURYA,SURYA FUSION,HL 20'S,HL,20,FULL FLAVOUR,,20.0,NO,320.0
161,28/11/2024,202411,3,1024144116686,22711030025,1732530969912,99765321,105,SURYA NEPAL PVT LTD - NEPAL,SURYA FUSION,SURYA FUSION,320.0,75-85MM,20,New SKU,,RECODING,5,8,90110247,167.05356,105,SURYA NEPAL PVT LTD - NEPAL,SURYA,SURYA CITRIC FRESH,HL 20'S,HL,20,FRESH,,20.0,NO,300.0
161,28/11/2024,202411,3,1024144116686,22711030025,1732530969912,99765321,105,SURYA NEPAL PVT LTD - NEPAL,SURYA FUSION,SURYA FUSION,320.0,75-85MM,20,New SKU,,RECODING,5,9,99764555,169.03079,106,SURYA NEPAL PVT LTD - NEPAL,TOFFICHOO,TOFFICHOO CHATPATA FUN,TOFFICHOO CHATPATA FUN-MASALA PUNCH PCN 720 GM,PLJAR,720.000 GM,MASALA,,720.0,GM,300.0
161,28/11/2024,202411,3,1024144116686,22711030025,1732530969912,99765321,105,SURYA NEPAL PVT LTD - NEPAL,SURYA FUSION,SURYA FUSION,320.0,75-85MM,20,New SKU,,RECODING,5,10,90110249,169.15009,105,SURYA NEPAL PVT LTD - NEPAL,SHIKHAR,SHIKHAR TANGY BREEZE,HL 20'S,HL,20,FRESH,,20.0,NO,180.0
162,28/11/2024,202411,3,1025164705154,22711030029,1732530969912,99765321,105,SURYA NEPAL PVT LTD - NEPAL,SURYA FUSION,SURYA FUSION,320.0,75-85MM,20,New SKU,,RECODING,5,1,47592,147.33784,105,SURYA NEPAL PVT LTD - NEPAL,SHIKHAR,SHIKHAR ICE RUSH,HL 20'S,HL,20,FRESH,,20.0,NO,185.0
162,28/11/2024,202411,3,1025164705154,22711030029,1732530969912,99765321,105,SURYA NEPAL PVT LTD - NEPAL,SURYA FUSION,SURYA FUSION,320.0,75-85MM,20,New SKU,,RECODING,5,2,92923725,154.94469,123,B.S.I PVT LTD-NEPAL,SURYA,SURYA,SURYA-UNWRP 150 GMS,UNWRP,150.000 GM,,,150.0,GM,0.0
162,28/11/2024,202411,3,1025164705154,22711030029,1732530969912,99765321,105,SURYA NEPAL PVT LTD - NEPAL,SURYA FUSION,SURYA FUSION,320.0,75-85MM,20,New SKU,,RECODING,5,3,46667,159.96712,123,B.S.I PVT LTD-NEPAL,SURYA,SURYA,SURYA-UNWRP 200 GMS,UNWRP,200.000 GM,,,200.0,GM,0.0
162,28/11/2024,202411,3,1025164705154,22711030029,1732530969912,99765321,105,SURYA NEPAL PVT LTD - NEPAL,SURYA FUSION,SURYA FUSION,320.0,75-85MM,20,New SKU,,RECODING,5,4,48587,160.7637,105,SURYA NEPAL PVT LTD - NEPAL,SURYA,SURYA 24 CARAT ARCTIC BURST,HL 20'S,HL,20,FRESH,,20.0,NO,300.0
162,28/11/2024,202411,3,1025164705154,22711030029,1732530969912,99765321,105,SURYA NEPAL PVT LTD - NEPAL,SURYA FUSION,SURYA FUSION,320.0,75-85MM,20,New SKU,,RECODING,5,5,99765469,161.26868,105,SURYA NEPAL PVT LTD - NEPAL,SURYA,SURYA SLEEK BOLT,HL 20'S,HL,20,FRESH,,20.0,NO,340.0
162,28/11/2024,202411,3,1025164705154,22711030029,1732530969912,99765321,105,SURYA NEPAL PVT LTD - NEPAL,SURYA FUSION,SURYA FUSION,320.0,75-85MM,20,New SKU,,RECODING,5,6,90110238,162.69104,105,SURYA NEPAL PVT LTD - NEPAL,SURYA,SURYA POLAR ICE,HL 20'S,HL,20,FRESH,,20.0,NO,300.0
162,28/11/2024,202411,3,1025164705154,22711030029,1732530969912,99765321,105,SURYA NEPAL PVT LTD - NEPAL,SURYA FUSION,SURYA FUSION,320.0,75-85MM,20,New SKU,,RECODING,5,7,99765321,163.17845,105,SURYA NEPAL PVT LTD - NEPAL,SURYA,SURYA FUSION,HL 20'S,HL,20,FULL FLAVOUR,,20.0,NO,320.0
162,28/11/2024,202411,3,1025164705154,22711030029,1732530969912,99765321,105,SURYA NEPAL PVT LTD - NEPAL,SURYA FUSION,SURYA FUSION,320.0,75-85MM,20,New SKU,,RECODING,5,8,90110247,166.83937,105,SURYA NEPAL PVT LTD - NEPAL,SURYA,SURYA CITRIC FRESH,HL 20'S,HL,20,FRESH,,20.0,NO,300.0
162,28/11/2024,202411,3,1025164705154,22711030029,1732530969912,99765321,105,SURYA NEPAL PVT LTD - NEPAL,SURYA FUSION,SURYA FUSION,320.0,75-85MM,20,New SKU,,RECODING,5,9,90110249,168.22803,105,SURYA NEPAL PVT LTD - NEPAL,SHIKHAR,SHIKHAR TANGY BREEZE,HL 20'S,HL,20,FRESH,,20.0,NO,180.0
162,28/11/2024,202411,3,1025164705154,22711030029,1732530969912,99765321,105,SURYA NEPAL PVT LTD - NEPAL,SURYA FUSION,SURYA FUSION,320.0,75-85MM,20,New SKU,,RECODING,5,10,99764555,168.37688,106,SURYA NEPAL PVT LTD - NEPAL,TOFFICHOO,TOFFICHOO CHATPATA FUN,TOFFICHOO CHATPATA FUN-MASALA PUNCH PCN 720 GM,PLJAR,720.000 GM,MASALA,,720.0,GM,300.0
163,28/11/2024,202411,3,1025154322411,22711030030,1732530969912,99765321,105,SURYA NEPAL PVT LTD - NEPAL,SURYA FUSION,SURYA FUSION,320.0,75-85MM,20,New SKU,,RECODING,5,1,47592,147.65955,105,SURYA NEPAL PVT LTD - NEPAL,SHIKHAR,SHIKHAR ICE RUSH,HL 20'S,HL,20,FRESH,,20.0,NO,185.0
163,28/11/2024,202411,3,1025154322411,22711030030,1732530969912,99765321,105,SURYA NEPAL PVT LTD - NEPAL,SURYA FUSION,SURYA FUSION,320.0,75-85MM,20,New SKU,,RECODING,5,2,92923725,155.56859,123,B.S.I PVT LTD-NEPAL,SURYA,SURYA,SURYA-UNWRP 150 GMS,UNWRP,150.000 GM,,,150.0,GM,0.0
163,28/11/2024,202411,3,1025154322411,22711030030,1732530969912,99765321,105,SURYA NEPAL PVT LTD - NEPAL,SURYA FUSION,SURYA FUSION,320.0,75-85MM,20,New SKU,,RECODING,5,3,46667,160.81897,123,B.S.I PVT LTD-NEPAL,SURYA,SURYA,SURYA-UNWRP 200 GMS,UNWRP,200.000 GM,,,200.0,GM,0.0
163,28/11/2024,202411,3,1025154322411,22711030030,1732530969912,99765321,105,SURYA NEPAL PVT LTD - NEPAL,SURYA FUSION,SURYA FUSION,320.0,75-85MM,20,New SKU,,RECODING,5,4,99765469,160.86403,105,SURYA NEPAL PVT LTD - NEPAL,SURYA,SURYA SLEEK BOLT,HL 20'S,HL,20,FRESH,,20.0,NO,340.0
163,28/11/2024,202411,3,1025154322411,22711030030,1732530969912,99765321,105,SURYA NEPAL PVT LTD - NEPAL,SURYA FUSION,SURYA FUSION,320.0,75-85MM,20,New SKU,,RECODING,5,5,48587,161.98178,105,SURYA NEPAL PVT LTD - NEPAL,SURYA,SURYA 24 CARAT ARCTIC BURST,HL 20'S,HL,20,FRESH,,20.0,NO,300.0
163,28/11/2024,202411,3,1025154322411,22711030030,1732530969912,99765321,105,SURYA NEPAL PVT LTD - NEPAL,SURYA FUSION,SURYA FUSION,320.0,75-85MM,20,New SKU,,RECODING,5,6,90110238,163.03792,105,SURYA NEPAL PVT LTD - NEPAL,SURYA,SURYA POLAR ICE,HL 20'S,HL,20,FRESH,,20.0,NO,300.0
163,28/11/2024,202411,3,1025154322411,22711030030,1732530969912,99765321,105,SURYA NEPAL PVT LTD - NEPAL,SURYA FUSION,SURYA FUSION,320.0,75-85MM,20,New SKU,,RECODING,5,7,99765321,164.3375,105,SURYA NEPAL PVT LTD - NEPAL,SURYA,SURYA FUSION,HL 20'S,HL,20,FULL FLAVOUR,,20.0,NO,320.0
163,28/11/2024,202411,3,1025154322411,22711030030,1732530969912,99765321,105,SURYA NEPAL PVT LTD - NEPAL,SURYA FUSION,SURYA FUSION,320.0,75-85MM,20,New SKU,,RECODING,5,8,90110247,166.71753,105,SURYA NEPAL PVT LTD - NEPAL,SURYA,SURYA CITRIC FRESH,HL 20'S,HL,20,FRESH,,20.0,NO,300.0
163,28/11/2024,202411,3,1025154322411,22711030030,1732530969912,99765321,105,SURYA NEPAL PVT LTD - NEPAL,SURYA FUSION,SURYA FUSION,320.0,75-85MM,20,New SKU,,RECODING,5,9,90110249,168.71521,105,SURYA NEPAL PVT LTD - NEPAL,SHIKHAR,SHIKHAR TANGY BREEZE,HL 20'S,HL,20,FRESH,,20.0,NO,180.0
163,28/11/2024,202411,3,1025154322411,22711030030,1732530969912,99765321,105,SURYA NEPAL PVT LTD - NEPAL,SURYA FUSION,SURYA FUSION,320.0,75-85MM,20,New SKU,,RECODING,5,10,99764555,169.72702,106,SURYA NEPAL PVT LTD - NEPAL,TOFFICHOO,TOFFICHOO CHATPATA FUN,TOFFICHOO CHATPATA FUN-MASALA PUNCH PCN 720 GM,PLJAR,720.000 GM,MASALA,,720.0,GM,300.0
164,29/11/2024,202411,3,1023122004019,21104030076,1732537658621,99765321,105,SURYA NEPAL PVT LTD - NEPAL,SURYA FUSION,SURYA FUSION,320.0,20K'S,FLT,New SKU,,RECODING,5,1,47592,134.78525,105,SURYA NEPAL PVT LTD - NEPAL,SHIKHAR,SHIKHAR ICE RUSH,HL 20'S,HL,20,FRESH,,20.0,NO,185.0
164,29/11/2024,202411,3,1023122004019,21104030076,1732537658621,99765321,105,SURYA NEPAL PVT LTD - NEPAL,SURYA FUSION,SURYA FUSION,320.0,20K'S,FLT,New SKU,,RECODING,5,2,99765321,147.8294,105,SURYA NEPAL PVT LTD - NEPAL,SURYA,SURYA FUSION,HL 20'S,HL,20,FULL FLAVOUR,,20.0,NO,320.0
164,29/11/2024,202411,3,1023122004019,21104030076,1732537658621,99765321,105,SURYA NEPAL PVT LTD - NEPAL,SURYA FUSION,SURYA FUSION,320.0,20K'S,FLT,New SKU,,RECODING,5,3,48587,151.40007,105,SURYA NEPAL PVT LTD - NEPAL,SURYA,SURYA 24 CARAT ARCTIC BURST,HL 20'S,HL,20,FRESH,,20.0,NO,300.0
164,29/11/2024,202411,3,1023122004019,21104030076,1732537658621,99765321,105,SURYA NEPAL PVT LTD - NEPAL,SURYA FUSION,SURYA FUSION,320.0,20K'S,FLT,New SKU,,RECODING,5,4,90110238,151.71506,105,SURYA NEPAL PVT LTD - NEPAL,SURYA,SURYA POLAR ICE,HL 20'S,HL,20,FRESH,,20.0,NO,300.0
164,29/11/2024,202411,3,1023122004019,21104030076,1732537658621,99765321,105,SURYA NEPAL PVT LTD - NEPAL,SURYA FUSION,SURYA FUSION,320.0,20K'S,FLT,New SKU,,RECODING,5,5,90110247,152.32281,105,SURYA NEPAL PVT LTD - NEPAL,SURYA,SURYA CITRIC FRESH,HL 20'S,HL,20,FRESH,,20.0,NO,300.0
164,29/11/2024,202411,3,1023122004019,21104030076,1732537658621,99765321,105,SURYA NEPAL PVT LTD - NEPAL,SURYA FUSION,SURYA FUSION,320.0,20K'S,FLT,New SKU,,RECODING,5,6,92923725,153.01016,123,B.S.I PVT LTD-NEPAL,SURYA,SURYA,SURYA-UNWRP 150 GMS,UNWRP,150.000 GM,,,150.0,GM,0.0
164,29/11/2024,202411,3,1023122004019,21104030076,1732537658621,99765321,105,SURYA NEPAL PVT LTD - NEPAL,SURYA FUSION,SURYA FUSION,320.0,20K'S,FLT,New SKU,,RECODING,5,7,46667,154.68294,123,B.S.I PVT LTD-NEPAL,SURYA,SURYA,SURYA-UNWRP 200 GMS,UNWRP,200.000 GM,,,200.0,GM,0.0
164,29/11/2024,202411,3,1023122004019,21104030076,1732537658621,99765321,105,SURYA NEPAL PVT LTD - NEPAL,SURYA FUSION,SURYA FUSION,320.0,20K'S,FLT,New SKU,,RECODING,5,8,90110249,156.13701,105,SURYA NEPAL PVT LTD - NEPAL,SHIKHAR,SHIKHAR TANGY BREEZE,HL 20'S,HL,20,FRESH,,20.0,NO,180.0
164,29/11/2024,202411,3,1023122004019,21104030076,1732537658621,99765321,105,SURYA NEPAL PVT LTD - NEPAL,SURYA FUSION,SURYA FUSION,320.0,20K'S,FLT,New SKU,,RECODING,5,9,90110239,157.51978,105,SURYA NEPAL PVT LTD - NEPAL,SURYA,SURYA LEGEND,SB 20'S,SB,20,FULL FLAVOUR,,20.0,NO,320.0
164,29/11/2024,202411,3,1023122004019,21104030076,1732537658621,99765321,105,SURYA NEPAL PVT LTD - NEPAL,SURYA FUSION,SURYA FUSION,320.0,20K'S,FLT,New SKU,,RECODING,5,10,99765469,157.94016,105,SURYA NEPAL PVT LTD - NEPAL,SURYA,SURYA SLEEK BOLT,HL 20'S,HL,20,FRESH,,20.0,NO,340.0
165,29/11/2024,202411,3,1023114501866,21104030079,1732537658621,99765321,105,SURYA NEPAL PVT LTD - NEPAL,SURYA FUSION,SURYA FUSION,320.0,20K'S,FLT,New SKU,,RECODING,5,1,47592,135.32297,105,SURYA NEPAL PVT LTD - NEPAL,SHIKHAR,SHIKHAR ICE RUSH,HL 20'S,HL,20,FRESH,,20.0,NO,185.0
165,29/11/2024,202411,3,1023114501866,21104030079,1732537658621,99765321,105,SURYA NEPAL PVT LTD - NEPAL,SURYA FUSION,SURYA FUSION,320.0,20K'S,FLT,New SKU,,RECODING,5,2,99765321,149.49532,105,SURYA NEPAL PVT LTD - NEPAL,SURYA,SURYA FUSION,HL 20'S,HL,20,FULL FLAVOUR,,20.0,NO,320.0
165,29/11/2024,202411,3,1023114501866,21104030079,1732537658621,99765321,105,SURYA NEPAL PVT LTD - NEPAL,SURYA FUSION,SURYA FUSION,320.0,20K'S,FLT,New SKU,,RECODING,5,3,90110238,152.98808,105,SURYA NEPAL PVT LTD - NEPAL,SURYA,SURYA POLAR ICE,HL 20'S,HL,20,FRESH,,20.0,NO,300.0
165,29/11/2024,202411,3,1023114501866,21104030079,1732537658621,99765321,105,SURYA NEPAL PVT LTD - NEPAL,SURYA FUSION,SURYA FUSION,320.0,20K'S,FLT,New SKU,,RECODING,5,4,48587,153.20358,105,SURYA NEPAL PVT LTD - NEPAL,SURYA,SURYA 24 CARAT ARCTIC BURST,HL 20'S,HL,20,FRESH,,20.0,NO,300.0
165,29/11/2024,202411,3,1023114501866,21104030079,1732537658621,99765321,105,SURYA NEPAL PVT LTD - NEPAL,SURYA FUSION,SURYA FUSION,320.0,20K'S,FLT,New SKU,,RECODING,5,5,90110247,153.32816,105,SURYA NEPAL PVT LTD - NEPAL,SURYA,SURYA CITRIC FRESH,HL 20'S,HL,20,FRESH,,20.0,NO,300.0
165,29/11/2024,202411,3,1023114501866,21104030079,1732537658621,99765321,105,SURYA NEPAL PVT LTD - NEPAL,SURYA FUSION,SURYA FUSION,320.0,20K'S,FLT,New SKU,,RECODING,5,6,92923725,154.41379,123,B.S.I PVT LTD-NEPAL,SURYA,SURYA,SURYA-UNWRP 150 GMS,UNWRP,150.000 GM,,,150.0,GM,0.0
165,29/11/2024,202411,3,1023114501866,21104030079,1732537658621,99765321,105,SURYA NEPAL PVT LTD - NEPAL,SURYA FUSION,SURYA FUSION,320.0,20K'S,FLT,New SKU,,RECODING,5,7,46667,156.0119,123,B.S.I PVT LTD-NEPAL,SURYA,SURYA,SURYA-UNWRP 200 GMS,UNWRP,200.000 GM,,,200.0,GM,0.0
165,29/11/2024,202411,3,1023114501866,21104030079,1732537658621,99765321,105,SURYA NEPAL PVT LTD - NEPAL,SURYA FUSION,SURYA FUSION,320.0,20K'S,FLT,New SKU,,RECODING,5,8,90110249,157.09583,105,SURYA NEPAL PVT LTD - NEPAL,SHIKHAR,SHIKHAR TANGY BREEZE,HL 20'S,HL,20,FRESH,,20.0,NO,180.0
165,29/11/2024,202411,3,1023114501866,21104030079,1732537658621,99765321,105,SURYA NEPAL PVT LTD - NEPAL,SURYA FUSION,SURYA FUSION,320.0,20K'S,FLT,New SKU,,RECODING,5,9,90110239,159.31285,105,SURYA NEPAL PVT LTD - NEPAL,SURYA,SURYA LEGEND,SB 20'S,SB,20,FULL FLAVOUR,,20.0,NO,320.0
165,29/11/2024,202411,3,1023114501866,21104030079,1732537658621,99765321,105,SURYA NEPAL PVT LTD - NEPAL,SURYA FUSION,SURYA FUSION,320.0,20K'S,FLT,New SKU,,RECODING,5,10,99765469,159.41357,105,SURYA NEPAL PVT LTD - NEPAL,SURYA,SURYA SLEEK BOLT,HL 20'S,HL,20,FRESH,,20.0,NO,340.0
166,29/11/2024,202411,3,1024141607726,22711030028,1732530969912,99765321,105,SURYA NEPAL PVT LTD - NEPAL,SURYA FUSION,SURYA FUSION,320.0,75-85MM,20,New SKU,,RECODING,5,1,47592,148.98488,105,SURYA NEPAL PVT LTD - NEPAL,SHIKHAR,SHIKHAR ICE RUSH,HL 20'S,HL,20,FRESH,,20.0,NO,185.0
166,29/11/2024,202411,3,1024141607726,22711030028,1732530969912,99765321,105,SURYA NEPAL PVT LTD - NEPAL,SURYA FUSION,SURYA FUSION,320.0,75-85MM,20,New SKU,,RECODING,5,2,92923725,155.38098,123,B.S.I PVT LTD-NEPAL,SURYA,SURYA,SURYA-UNWRP 150 GMS,UNWRP,150.000 GM,,,150.0,GM,0.0
166,29/11/2024,202411,3,1024141607726,22711030028,1732530969912,99765321,105,SURYA NEPAL PVT LTD - NEPAL,SURYA FUSION,SURYA FUSION,320.0,75-85MM,20,New SKU,,RECODING,5,3,46667,159.50008,123,B.S.I PVT LTD-NEPAL,SURYA,SURYA,SURYA-UNWRP 200 GMS,UNWRP,200.000 GM,,,200.0,GM,0.0
166,29/11/2024,202411,3,1024141607726,22711030028,1732530969912,99765321,105,SURYA NEPAL PVT LTD - NEPAL,SURYA FUSION,SURYA FUSION,320.0,75-85MM,20,New SKU,,RECODING,5,4,99765469,161.25443,105,SURYA NEPAL PVT LTD - NEPAL,SURYA,SURYA SLEEK BOLT,HL 20'S,HL,20,FRESH,,20.0,NO,340.0
166,29/11/2024,202411,3,1024141607726,22711030028,1732530969912,99765321,105,SURYA NEPAL PVT LTD - NEPAL,SURYA FUSION,SURYA FUSION,320.0,75-85MM,20,New SKU,,RECODING,5,5,48587,161.99773,105,SURYA NEPAL PVT LTD - NEPAL,SURYA,SURYA 24 CARAT ARCTIC BURST,HL 20'S,HL,20,FRESH,,20.0,NO,300.0
166,29/11/2024,202411,3,1024141607726,22711030028,1732530969912,99765321,105,SURYA NEPAL PVT LTD - NEPAL,SURYA FUSION,SURYA FUSION,320.0,75-85MM,20,New SKU,,RECODING,5,6,90110238,162.97083,105,SURYA NEPAL PVT LTD - NEPAL,SURYA,SURYA POLAR ICE,HL 20'S,HL,20,FRESH,,20.0,NO,300.0
166,29/11/2024,202411,3,1024141607726,22711030028,1732530969912,99765321,105,SURYA NEPAL PVT LTD - NEPAL,SURYA FUSION,SURYA FUSION,320.0,75-85MM,20,New SKU,,RECODING,5,7,99765321,164.857,105,SURYA NEPAL PVT LTD - NEPAL,SURYA,SURYA FUSION,HL 20'S,HL,20,FULL FLAVOUR,,20.0,NO,320.0
166,29/11/2024,202411,3,1024141607726,22711030028,1732530969912,99765321,105,SURYA NEPAL PVT LTD - NEPAL,SURYA FUSION,SURYA FUSION,320.0,75-85MM,20,New SKU,,RECODING,5,8,90110247,166.32797,105,SURYA NEPAL PVT LTD - NEPAL,SURYA,SURYA CITRIC FRESH,HL 20'S,HL,20,FRESH,,20.0,NO,300.0
166,29/11/2024,202411,3,1024141607726,22711030028,1732530969912,99765321,105,SURYA NEPAL PVT LTD - NEPAL,SURYA FUSION,SURYA FUSION,320.0,75-85MM,20,New SKU,,RECODING,5,9,99764555,169.95584,106,SURYA NEPAL PVT LTD - NEPAL,TOFFICHOO,TOFFICHOO CHATPATA FUN,TOFFICHOO CHATPATA FUN-MASALA PUNCH PCN 720 GM,PLJAR,720.000 GM,MASALA,,720.0,GM,300.0
166,29/11/2024,202411,3,1024141607726,22711030028,1732530969912,99765321,105,SURYA NEPAL PVT LTD - NEPAL,SURYA FUSION,SURYA FUSION,320.0,75-85MM,20,New SKU,,RECODING,5,10,90110249,170.09818,105,SURYA NEPAL PVT LTD - NEPAL,SHIKHAR,SHIKHAR TANGY BREEZE,HL 20'S,HL,20,FRESH,,20.0,NO,180.0
167,29/11/2024,202411,3,1024130437625,22711030033,1732530969912,99765321,105,SURYA NEPAL PVT LTD - NEPAL,SURYA FUSION,SURYA FUSION,320.0,75-85MM,20,New SKU,,RECODING,5,1,47592,148.8953,105,SURYA NEPAL PVT LTD - NEPAL,SHIKHAR,SHIKHAR ICE RUSH,HL 20'S,HL,20,FRESH,,20.0,NO,185.0
167,29/11/2024,202411,3,1024130437625,22711030033,1732530969912,99765321,105,SURYA NEPAL PVT LTD - NEPAL,SURYA FUSION,SURYA FUSION,320.0,75-85MM,20,New SKU,,RECODING,5,2,92923725,155.59286,123,B.S.I PVT LTD-NEPAL,SURYA,SURYA,SURYA-UNWRP 150 GMS,UNWRP,150.000 GM,,,150.0,GM,0.0
167,29/11/2024,202411,3,1024130437625,22711030033,1732530969912,99765321,105,SURYA NEPAL PVT LTD - NEPAL,SURYA FUSION,SURYA FUSION,320.0,75-85MM,20,New SKU,,RECODING,5,3,46667,159.80688,123,B.S.I PVT LTD-NEPAL,SURYA,SURYA,SURYA-UNWRP 200 GMS,UNWRP,200.000 GM,,,200.0,GM,0.0
167,29/11/2024,202411,3,1024130437625,22711030033,1732530969912,99765321,105,SURYA NEPAL PVT LTD - NEPAL,SURYA FUSION,SURYA FUSION,320.0,75-85MM,20,New SKU,,RECODING,5,4,99765469,161.54564,105,SURYA NEPAL PVT LTD - NEPAL,SURYA,SURYA SLEEK BOLT,HL 20'S,HL,20,FRESH,,20.0,NO,340.0
167,29/11/2024,202411,3,1024130437625,22711030033,1732530969912,99765321,105,SURYA NEPAL PVT LTD - NEPAL,SURYA FUSION,SURYA FUSION,320.0,75-85MM,20,New SKU,,RECODING,5,5,48587,162.30383,105,SURYA NEPAL PVT LTD - NEPAL,SURYA,SURYA 24 CARAT ARCTIC BURST,HL 20'S,HL,20,FRESH,,20.0,NO,300.0
167,29/11/2024,202411,3,1024130437625,22711030033,1732530969912,99765321,105,SURYA NEPAL PVT LTD - NEPAL,SURYA FUSION,SURYA FUSION,320.0,75-85MM,20,New SKU,,RECODING,5,6,90110238,163.10715,105,SURYA NEPAL PVT LTD - NEPAL,SURYA,SURYA POLAR ICE,HL 20'S,HL,20,FRESH,,20.0,NO,300.0
167,29/11/2024,202411,3,1024130437625,22711030033,1732530969912,99765321,105,SURYA NEPAL PVT LTD - NEPAL,SURYA FUSION,SURYA FUSION,320.0,75-85MM,20,New SKU,,RECODING,5,7,99765321,165.92395,105,SURYA NEPAL PVT LTD - NEPAL,SURYA,SURYA FUSION,HL 20'S,HL,20,FULL FLAVOUR,,20.0,NO,320.0
167,29/11/2024,202411,3,1024130437625,22711030033,1732530969912,99765321,105,SURYA NEPAL PVT LTD - NEPAL,SURYA FUSION,SURYA FUSION,320.0,75-85MM,20,New SKU,,RECODING,5,8,90110247,166.41968,105,SURYA NEPAL PVT LTD - NEPAL,SURYA,SURYA CITRIC FRESH,HL 20'S,HL,20,FRESH,,20.0,NO,300.0
167,29/11/2024,202411,3,1024130437625,22711030033,1732530969912,99765321,105,SURYA NEPAL PVT LTD - NEPAL,SURYA FUSION,SURYA FUSION,320.0,75-85MM,20,New SKU,,RECODING,5,9,99764555,170.10507,106,SURYA NEPAL PVT LTD - NEPAL,TOFFICHOO,TOFFICHOO CHATPATA FUN,TOFFICHOO CHATPATA FUN-MASALA PUNCH PCN 720 GM,PLJAR,720.000 GM,MASALA,,720.0,GM,300.0
167,29/11/2024,202411,3,1024130437625,22711030033,1732530969912,99765321,105,SURYA NEPAL PVT LTD - NEPAL,SURYA FUSION,SURYA FUSION,320.0,75-85MM,20,New SKU,,RECODING,5,10,90110249,170.2833,105,SURYA NEPAL PVT LTD - NEPAL,SHIKHAR,SHIKHAR TANGY BREEZE,HL 20'S,HL,20,FRESH,,20.0,NO,180.0
168,29/11/2024,202411,3,1024125918658,22711030022,1732530969912,99765321,105,SURYA NEPAL PVT LTD - NEPAL,SURYA FUSION,SURYA FUSION,320.0,75-85MM,20,New SKU,,RECODING,5,1,47592,146.97557,105,SURYA NEPAL PVT LTD - NEPAL,SHIKHAR,SHIKHAR ICE RUSH,HL 20'S,HL,20,FRESH,,20.0,NO,185.0
168,29/11/2024,202411,3,1024125918658,22711030022,1732530969912,99765321,105,SURYA NEPAL PVT LTD - NEPAL,SURYA FUSION,SURYA FUSION,320.0,75-85MM,20,New SKU,,RECODING,5,2,92923725,153.64175,123,B.S.I PVT LTD-NEPAL,SURYA,SURYA,SURYA-UNWRP 150 GMS,UNWRP,150.000 GM,,,150.0,GM,0.0
168,29/11/2024,202411,3,1024125918658,22711030022,1732530969912,99765321,105,SURYA NEPAL PVT LTD - NEPAL,SURYA FUSION,SURYA FUSION,320.0,75-85MM,20,New SKU,,RECODING,5,3,46667,157.91708,123,B.S.I PVT LTD-NEPAL,SURYA,SURYA,SURYA-UNWRP 200 GMS,UNWRP,200.000 GM,,,200.0,GM,0.0
168,29/11/2024,202411,3,1024125918658,22711030022,1732530969912,99765321,105,SURYA NEPAL PVT LTD - NEPAL,SURYA FUSION,SURYA FUSION,320.0,75-85MM,20,New SKU,,RECODING,5,4,99765469,160.55316,105,SURYA NEPAL PVT LTD - NEPAL,SURYA,SURYA SLEEK BOLT,HL 20'S,HL,20,FRESH,,20.0,NO,340.0
168,29/11/2024,202411,3,1024125918658,22711030022,1732530969912,99765321,105,SURYA NEPAL PVT LTD - NEPAL,SURYA FUSION,SURYA FUSION,320.0,75-85MM,20,New SKU,,RECODING,5,5,48587,161.01859,105,SURYA NEPAL PVT LTD - NEPAL,SURYA,SURYA 24 CARAT ARCTIC BURST,HL 20'S,HL,20,FRESH,,20.0,NO,300.0
168,29/11/2024,202411,3,1024125918658,22711030022,1732530969912,99765321,105,SURYA NEPAL PVT LTD - NEPAL,SURYA FUSION,SURYA FUSION,320.0,75-85MM,20,New SKU,,RECODING,5,6,90110238,161.56903,105,SURYA NEPAL PVT LTD - NEPAL,SURYA,SURYA POLAR ICE,HL 20'S,HL,20,FRESH,,20.0,NO,300.0
168,29/11/2024,202411,3,1024125918658,22711030022,1732530969912,99765321,105,SURYA NEPAL PVT LTD - NEPAL,SURYA FUSION,SURYA FUSION,320.0,75-85MM,20,New SKU,,RECODING,5,7,99765321,164.46912,105,SURYA NEPAL PVT LTD - NEPAL,SURYA,SURYA FUSION,HL 20'S,HL,20,FULL FLAVOUR,,20.0,NO,320.0
168,29/11/2024,202411,3,1024125918658,22711030022,1732530969912,99765321,105,SURYA NEPAL PVT LTD - NEPAL,SURYA FUSION,SURYA FUSION,320.0,75-85MM,20,New SKU,,RECODING,5,8,90110247,164.5712,105,SURYA NEPAL PVT LTD - NEPAL,SURYA,SURYA CITRIC FRESH,HL 20'S,HL,20,FRESH,,20.0,NO,300.0
168,29/11/2024,202411,3,1024125918658,22711030022,1732530969912,99765321,105,SURYA NEPAL PVT LTD - NEPAL,SURYA FUSION,SURYA FUSION,320.0,75-85MM,20,New SKU,,RECODING,5,9,99764555,167.9476,106,SURYA NEPAL PVT LTD - NEPAL,TOFFICHOO,TOFFICHOO CHATPATA FUN,TOFFICHOO CHATPATA FUN-MASALA PUNCH PCN 720 GM,PLJAR,720.000 GM,MASALA,,720.0,GM,300.0
168,29/11/2024,202411,3,1024125918658,22711030022,1732530969912,99765321,105,SURYA NEPAL PVT LTD - NEPAL,SURYA FUSION,SURYA FUSION,320.0,75-85MM,20,New SKU,,RECODING,5,10,90110249,168.51964,105,SURYA NEPAL PVT LTD - NEPAL,SHIKHAR,SHIKHAR TANGY BREEZE,HL 20'S,HL,20,FRESH,,20.0,NO,180.0
169,29/11/2024,202411,3,1026130411138,22711030026,1732530969912,99765321,105,SURYA NEPAL PVT LTD - NEPAL,SURYA FUSION,SURYA FUSION,320.0,75-85MM,20,New SKU,,RECODING,5,1,47592,148.91544,105,SURYA NEPAL PVT LTD - NEPAL,SHIKHAR,SHIKHAR ICE RUSH,HL 20'S,HL,20,FRESH,,20.0,NO,185.0
169,29/11/2024,202411,3,1026130411138,22711030026,1732530969912,99765321,105,SURYA NEPAL PVT LTD - NEPAL,SURYA FUSION,SURYA FUSION,320.0,75-85MM,20,New SKU,,RECODING,5,2,92923725,155.56274,123,B.S.I PVT LTD-NEPAL,SURYA,SURYA,SURYA-UNWRP 150 GMS,UNWRP,150.000 GM,,,150.0,GM,0.0
169,29/11/2024,202411,3,1026130411138,22711030026,1732530969912,99765321,105,SURYA NEPAL PVT LTD - NEPAL,SURYA FUSION,SURYA FUSION,320.0,75-85MM,20,New SKU,,RECODING,5,3,46667,160.16028,123,B.S.I PVT LTD-NEPAL,SURYA,SURYA,SURYA-UNWRP 200 GMS,UNWRP,200.000 GM,,,200.0,GM,0.0
169,29/11/2024,202411,3,1026130411138,22711030026,1732530969912,99765321,105,SURYA NEPAL PVT LTD - NEPAL,SURYA FUSION,SURYA FUSION,320.0,75-85MM,20,New SKU,,RECODING,5,4,99765469,161.37944,105,SURYA NEPAL PVT LTD - NEPAL,SURYA,SURYA SLEEK BOLT,HL 20'S,HL,20,FRESH,,20.0,NO,340.0
169,29/11/2024,202411,3,1026130411138,22711030026,1732530969912,99765321,105,SURYA NEPAL PVT LTD - NEPAL,SURYA FUSION,SURYA FUSION,320.0,75-85MM,20,New SKU,,RECODING,5,5,48587,162.22469,105,SURYA NEPAL PVT LTD - NEPAL,SURYA,SURYA 24 CARAT ARCTIC BURST,HL 20'S,HL,20,FRESH,,20.0,NO,300.0
169,29/11/2024,202411,3,1026130411138,22711030026,1732530969912,99765321,105,SURYA NEPAL PVT LTD - NEPAL,SURYA FUSION,SURYA FUSION,320.0,75-85MM,20,New SKU,,RECODING,5,6,90110238,163.09558,105,SURYA NEPAL PVT LTD - NEPAL,SURYA,SURYA POLAR ICE,HL 20'S,HL,20,FRESH,,20.0,NO,300.0
169,29/11/2024,202411,3,1026130411138,22711030026,1732530969912,99765321,105,SURYA NEPAL PVT LTD - NEPAL,SURYA FUSION,SURYA FUSION,320.0,75-85MM,20,New SKU,,RECODING,5,7,99765321,165.02972,105,SURYA NEPAL PVT LTD - NEPAL,SURYA,SURYA FUSION,HL 20'S,HL,20,FULL FLAVOUR,,20.0,NO,320.0
169,29/11/2024,202411,3,1026130411138,22711030026,1732530969912,99765321,105,SURYA NEPAL PVT LTD - NEPAL,SURYA FUSION,SURYA FUSION,320.0,75-85MM,20,New SKU,,RECODING,5,8,90110247,166.15424,105,SURYA NEPAL PVT LTD - NEPAL,SURYA,SURYA CITRIC FRESH,HL 20'S,HL,20,FRESH,,20.0,NO,300.0
169,29/11/2024,202411,3,1026130411138,22711030026,1732530969912,99765321,105,SURYA NEPAL PVT LTD - NEPAL,SURYA FUSION,SURYA FUSION,320.0,75-85MM,20,New SKU,,RECODING,5,9,99764555,169.26102,106,SURYA NEPAL PVT LTD - NEPAL,TOFFICHOO,TOFFICHOO CHATPATA FUN,TOFFICHOO CHATPATA FUN-MASALA PUNCH PCN 720 GM,PLJAR,720.000 GM,MASALA,,720.0,GM,300.0
169,29/11/2024,202411,3,1026130411138,22711030026,1732530969912,99765321,105,SURYA NEPAL PVT LTD - NEPAL,SURYA FUSION,SURYA FUSION,320.0,75-85MM,20,New SKU,,RECODING,5,10,90110249,169.58862,105,SURYA NEPAL PVT LTD - NEPAL,SHIKHAR,SHIKHAR TANGY BREEZE,HL 20'S,HL,20,FRESH,,20.0,NO,180.0
170,29/11/2024,202411,3,1025163824882,22711030063,1732530969912,99765321,105,SURYA NEPAL PVT LTD - NEPAL,SURYA FUSION,SURYA FUSION,320.0,75-85MM,20,New SKU,,RECODING,5,1,47592,145.40248,105,SURYA NEPAL PVT LTD - NEPAL,SHIKHAR,SHIKHAR ICE RUSH,HL 20'S,HL,20,FRESH,,20.0,NO,185.0
170,29/11/2024,202411,3,1025163824882,22711030063,1732530969912,99765321,105,SURYA NEPAL PVT LTD - NEPAL,SURYA FUSION,SURYA FUSION,320.0,75-85MM,20,New SKU,,RECODING,5,2,92923725,153.95825,123,B.S.I PVT LTD-NEPAL,SURYA,SURYA,SURYA-UNWRP 150 GMS,UNWRP,150.000 GM,,,150.0,GM,0.0
170,29/11/2024,202411,3,1025163824882,22711030063,1732530969912,99765321,105,SURYA NEPAL PVT LTD - NEPAL,SURYA FUSION,SURYA FUSION,320.0,75-85MM,20,New SKU,,RECODING,5,3,46667,158.6065,123,B.S.I PVT LTD-NEPAL,SURYA,SURYA,SURYA-UNWRP 200 GMS,UNWRP,200.000 GM,,,200.0,GM,0.0
170,29/11/2024,202411,3,1025163824882,22711030063,1732530969912,99765321,105,SURYA NEPAL PVT LTD - NEPAL,SURYA FUSION,SURYA FUSION,320.0,75-85MM,20,New SKU,,RECODING,5,4,99765469,159.06355,105,SURYA NEPAL PVT LTD - NEPAL,SURYA,SURYA SLEEK BOLT,HL 20'S,HL,20,FRESH,,20.0,NO,340.0
170,29/11/2024,202411,3,1025163824882,22711030063,1732530969912,99765321,105,SURYA NEPAL PVT LTD - NEPAL,SURYA FUSION,SURYA FUSION,320.0,75-85MM,20,New SKU,,RECODING,5,5,48587,160.34029,105,SURYA NEPAL PVT LTD - NEPAL,SURYA,SURYA 24 CARAT ARCTIC BURST,HL 20'S,HL,20,FRESH,,20.0,NO,300.0
170,29/11/2024,202411,3,1025163824882,22711030063,1732530969912,99765321,105,SURYA NEPAL PVT LTD - NEPAL,SURYA FUSION,SURYA FUSION,320.0,75-85MM,20,New SKU,,RECODING,5,6,90110238,161.21973,105,SURYA NEPAL PVT LTD - NEPAL,SURYA,SURYA POLAR ICE,HL 20'S,HL,20,FRESH,,20.0,NO,300.0
170,29/11/2024,202411,3,1025163824882,22711030063,1732530969912,99765321,105,SURYA NEPAL PVT LTD - NEPAL,SURYA FUSION,SURYA FUSION,320.0,75-85MM,20,New SKU,,RECODING,5,7,99765321,162.93721,105,SURYA NEPAL PVT LTD - NEPAL,SURYA,SURYA FUSION,HL 20'S,HL,20,FULL FLAVOUR,,20.0,NO,320.0
170,29/11/2024,202411,3,1025163824882,22711030063,1732530969912,99765321,105,SURYA NEPAL PVT LTD - NEPAL,SURYA FUSION,SURYA FUSION,320.0,75-85MM,20,New SKU,,RECODING,5,8,90110247,163.40039,105,SURYA NEPAL PVT LTD - NEPAL,SURYA,SURYA CITRIC FRESH,HL 20'S,HL,20,FRESH,,20.0,NO,300.0
170,29/11/2024,202411,3,1025163824882,22711030063,1732530969912,99765321,105,SURYA NEPAL PVT LTD - NEPAL,SURYA FUSION,SURYA FUSION,320.0,75-85MM,20,New SKU,,RECODING,5,9,90110249,166.54816,105,SURYA NEPAL PVT LTD - NEPAL,SHIKHAR,SHIKHAR TANGY BREEZE,HL 20'S,HL,20,FRESH,,20.0,NO,180.0
170,29/11/2024,202411,3,1025163824882,22711030063,1732530969912,99765321,105,SURYA NEPAL PVT LTD - NEPAL,SURYA FUSION,SURYA FUSION,320.0,75-85MM,20,New SKU,,RECODING,5,10,99764555,167.37968,106,SURYA NEPAL PVT LTD - NEPAL,TOFFICHOO,TOFFICHOO CHATPATA FUN,TOFFICHOO CHATPATA FUN-MASALA PUNCH PCN 720 GM,PLJAR,720.000 GM,MASALA,,720.0,GM,300.0
171,02/12/2024,202411,2,116304492,11301020014,1732595404577,99765332,134,RAYBOT SPRING'S MINERAL WATER-NEPAL,RAYBOT REFRESH,RAYBOT REFRESH MANGO PET 500ML,90.0,500ML,PET,,1732595404577-raybot spring-s mineral water-nepal-raybot refresh#3.png,RECODING,5,1,99765332,50.88239,118,RAYBOT SPRING'S MINERAL WATER-NEPAL,RAYBOT,RAYBOT REFRESH,MANGO PET 500 ML,PET,500.000 ML,MANGO,,500.0,ML,90.0
171,02/12/2024,202411,2,116304492,11301020014,1732595404577,99765332,134,RAYBOT SPRING'S MINERAL WATER-NEPAL,RAYBOT REFRESH,RAYBOT REFRESH MANGO PET 500ML,90.0,500ML,PET,,1732595404577-raybot spring-s mineral water-nepal-raybot refresh#3.png,RECODING,5,2,99765474,52.67112,118,RAYBOT SPRING'S MINERAL WATER-NEPAL,RAYBOT,RAYBOT REFRESH,MANGO PET 1000 ML,PET,1000.000 ML,MANGO,,1000.0,ML,170.0
171,02/12/2024,202411,2,116304492,11301020014,1732595404577,99765332,134,RAYBOT SPRING'S MINERAL WATER-NEPAL,RAYBOT REFRESH,RAYBOT REFRESH MANGO PET 500ML,90.0,500ML,PET,,1732595404577-raybot spring-s mineral water-nepal-raybot refresh#3.png,RECODING,5,3,99765299,56.08228,118,RAYBOT SPRING'S MINERAL WATER-NEPAL,RAYBOT,RAYBOT REFRESH,MANGO PET 250 ML,PET,250.000 ML,MANGO,,250.0,ML,50.0
171,02/12/2024,202411,2,116304492,11301020014,1732595404577,99765332,134,RAYBOT SPRING'S MINERAL WATER-NEPAL,RAYBOT REFRESH,RAYBOT REFRESH MANGO PET 500ML,90.0,500ML,PET,,1732595404577-raybot spring-s mineral water-nepal-raybot refresh#3.png,RECODING,5,4,99765446,79.645676,118,RAYBOT SPRING'S MINERAL WATER-NEPAL,RAYBOT,RAYBOT REFRESH,MIXED FRUIT PET 1000 ML,PET,1000.000 ML,MIXED FRUIT,,1000.0,ML,170.0
171,02/12/2024,202411,2,116304492,11301020014,1732595404577,99765332,134,RAYBOT SPRING'S MINERAL WATER-NEPAL,RAYBOT REFRESH,RAYBOT REFRESH MANGO PET 500ML,90.0,500ML,PET,,1732595404577-raybot spring-s mineral water-nepal-raybot refresh#3.png,RECODING,5,5,99765375,80.59769,118,RAYBOT SPRING'S MINERAL WATER-NEPAL,RAYBOT,RAYBOT REFRESH,PINEAPPLE PET 500 ML,PET,500.000 ML,PINEAPPLE,,500.0,ML,90.0
171,02/12/2024,202411,2,116304492,11301020014,1732595404577,99765332,134,RAYBOT SPRING'S MINERAL WATER-NEPAL,RAYBOT REFRESH,RAYBOT REFRESH MANGO PET 500ML,90.0,500ML,PET,,1732595404577-raybot spring-s mineral water-nepal-raybot refresh#3.png,RECODING,5,6,99765425,84.07897,118,RAYBOT SPRING'S MINERAL WATER-NEPAL,RAYBOT,RAYBOT REFRESH,GUAVA PET 500 ML,PET,500.000 ML,GUAVA,,500.0,ML,90.0
171,02/12/2024,202411,2,116304492,11301020014,1732595404577,99765332,134,RAYBOT SPRING'S MINERAL WATER-NEPAL,RAYBOT REFRESH,RAYBOT REFRESH MANGO PET 500ML,90.0,500ML,PET,,1732595404577-raybot spring-s mineral water-nepal-raybot refresh#3.png,RECODING,5,7,99765379,84.45302,118,RAYBOT SPRING'S MINERAL WATER-NEPAL,RAYBOT,RAYBOT REFRESH,MIXED FRUIT PET 250 ML,PET,250.000 ML,MIXED FRUIT,,250.0,ML,50.0
171,02/12/2024,202411,2,116304492,11301020014,1732595404577,99765332,134,RAYBOT SPRING'S MINERAL WATER-NEPAL,RAYBOT REFRESH,RAYBOT REFRESH MANGO PET 500ML,90.0,500ML,PET,,1732595404577-raybot spring-s mineral water-nepal-raybot refresh#3.png,RECODING,5,8,99765380,86.30354,118,RAYBOT SPRING'S MINERAL WATER-NEPAL,RAYBOT,RAYBOT REFRESH,PINEAPPLE PET 250 ML,PET,250.000 ML,PINEAPPLE,,250.0,ML,50.0
171,02/12/2024,202411,2,116304492,11301020014,1732595404577,99765332,134,RAYBOT SPRING'S MINERAL WATER-NEPAL,RAYBOT REFRESH,RAYBOT REFRESH MANGO PET 500ML,90.0,500ML,PET,,1732595404577-raybot spring-s mineral water-nepal-raybot refresh#3.png,RECODING,5,9,99765337,89.62927,118,RAYBOT SPRING'S MINERAL WATER-NEPAL,RAYBOT,RAYBOT REFRESH,GUAVA PET 250 ML,PET,250.000 ML,GUAVA,,250.0,ML,50.0
171,02/12/2024,202411,2,116304492,11301020014,1732595404577,99765332,134,RAYBOT SPRING'S MINERAL WATER-NEPAL,RAYBOT REFRESH,RAYBOT REFRESH MANGO PET 500ML,90.0,500ML,PET,,1732595404577-raybot spring-s mineral water-nepal-raybot refresh#3.png,RECODING,5,10,99765488,92.849266,118,RAYBOT SPRING'S MINERAL WATER-NEPAL,RAYBOT,RAYBOT REFRESH ZPRITE,PET 250 ML,PET,250.000 ML,LEMON,,250.0,ML,50.0
172,02/12/2024,202412,3,2110202078,21102030253,1731308020769,99765321,105,SURYA NEPAL PVT LTD - NEPAL,SURYA FUSION,SURYA FUSION,320.0,HL 20 NOS,CBP,,,RECODING,5,1,92923725,144.67628,123,B.S.I PVT LTD-NEPAL,SURYA,SURYA,SURYA-UNWRP 150 GMS,UNWRP,150.000 GM,,,150.0,GM,0.0
172,02/12/2024,202412,3,2110202078,21102030253,1731308020769,99765321,105,SURYA NEPAL PVT LTD - NEPAL,SURYA FUSION,SURYA FUSION,320.0,HL 20 NOS,CBP,,,RECODING,5,2,46667,145.55219,123,B.S.I PVT LTD-NEPAL,SURYA,SURYA,SURYA-UNWRP 200 GMS,UNWRP,200.000 GM,,,200.0,GM,0.0
172,02/12/2024,202412,3,2110202078,21102030253,1731308020769,99765321,105,SURYA NEPAL PVT LTD - NEPAL,SURYA FUSION,SURYA FUSION,320.0,HL 20 NOS,CBP,,,RECODING,5,3,90110247,152.07257,105,SURYA NEPAL PVT LTD - NEPAL,SURYA,SURYA CITRIC FRESH,HL 20'S,HL,20,FRESH,,20.0,NO,300.0
172,02/12/2024,202412,3,2110202078,21102030253,1731308020769,99765321,105,SURYA NEPAL PVT LTD - NEPAL,SURYA FUSION,SURYA FUSION,320.0,HL 20 NOS,CBP,,,RECODING,5,4,99763869,154.10336,105,SURYA NEPAL PVT LTD - NEPAL,NAULO,NAULO BURST,HL 20'S,HL,20,FRESH,,20.0,NO,175.0
172,02/12/2024,202412,3,2110202078,21102030253,1731308020769,99765321,105,SURYA NEPAL PVT LTD - NEPAL,SURYA FUSION,SURYA FUSION,320.0,HL 20 NOS,CBP,,,RECODING,5,5,47592,156.02173,105,SURYA NEPAL PVT LTD - NEPAL,SHIKHAR,SHIKHAR ICE RUSH,HL 20'S,HL,20,FRESH,,20.0,NO,185.0
172,02/12/2024,202412,3,2110202078,21102030253,1731308020769,99765321,105,SURYA NEPAL PVT LTD - NEPAL,SURYA FUSION,SURYA FUSION,320.0,HL 20 NOS,CBP,,,RECODING,5,6,99765090,156.11327,105,SURYA NEPAL PVT LTD - NEPAL,SURYA,SURYA DUAL BURST,HL 20'S,HL,20,FRESH,,20.0,NO,320.0
172,02/12/2024,202412,3,2110202078,21102030253,1731308020769,99765321,105,SURYA NEPAL PVT LTD - NEPAL,SURYA FUSION,SURYA FUSION,320.0,HL 20 NOS,CBP,,,RECODING,5,7,48587,157.65843,105,SURYA NEPAL PVT LTD - NEPAL,SURYA,SURYA 24 CARAT ARCTIC BURST,HL 20'S,HL,20,FRESH,,20.0,NO,300.0
172,02/12/2024,202412,3,2110202078,21102030253,1731308020769,99765321,105,SURYA NEPAL PVT LTD - NEPAL,SURYA FUSION,SURYA FUSION,320.0,HL 20 NOS,CBP,,,RECODING,5,8,99765321,159.51808,105,SURYA NEPAL PVT LTD - NEPAL,SURYA,SURYA FUSION,HL 20'S,HL,20,FULL FLAVOUR,,20.0,NO,320.0
172,02/12/2024,202412,3,2110202078,21102030253,1731308020769,99765321,105,SURYA NEPAL PVT LTD - NEPAL,SURYA FUSION,SURYA FUSION,320.0,HL 20 NOS,CBP,,,RECODING,5,9,99764555,162.42307,106,SURYA NEPAL PVT LTD - NEPAL,TOFFICHOO,TOFFICHOO CHATPATA FUN,TOFFICHOO CHATPATA FUN-MASALA PUNCH PCN 720 GM,PLJAR,720.000 GM,MASALA,,720.0,GM,300.0
172,02/12/2024,202412,3,2110202078,21102030253,1731308020769,99765321,105,SURYA NEPAL PVT LTD - NEPAL,SURYA FUSION,SURYA FUSION,320.0,HL 20 NOS,CBP,,,RECODING,5,10,48588,166.03412,105,SURYA NEPAL PVT LTD - NEPAL,SURYA,SURYA 24 CARAT BLUE,HL 20'S,HL,20,LIGHT,,20.0,NO,300.0
173,02/12/2024,202411,3,1027121252321,21103030085,1731308020769,99765321,105,SURYA NEPAL PVT LTD - NEPAL,SURYA FUSION,SURYA FUSION,320.0,HL 20 NOS,CBP,New SKU,,RECODING,5,1,47592,133.6225,105,SURYA NEPAL PVT LTD - NEPAL,SHIKHAR,SHIKHAR ICE RUSH,HL 20'S,HL,20,FRESH,,20.0,NO,185.0
173,02/12/2024,202411,3,1027121252321,21103030085,1731308020769,99765321,105,SURYA NEPAL PVT LTD - NEPAL,SURYA FUSION,SURYA FUSION,320.0,HL 20 NOS,CBP,New SKU,,RECODING,5,2,46667,139.7661,123,B.S.I PVT LTD-NEPAL,SURYA,SURYA,SURYA-UNWRP 200 GMS,UNWRP,200.000 GM,,,200.0,GM,0.0
173,02/12/2024,202411,3,1027121252321,21103030085,1731308020769,99765321,105,SURYA NEPAL PVT LTD - NEPAL,SURYA FUSION,SURYA FUSION,320.0,HL 20 NOS,CBP,New SKU,,RECODING,5,3,92923725,140.15456,123,B.S.I PVT LTD-NEPAL,SURYA,SURYA,SURYA-UNWRP 150 GMS,UNWRP,150.000 GM,,,150.0,GM,0.0
173,02/12/2024,202411,3,1027121252321,21103030085,1731308020769,99765321,105,SURYA NEPAL PVT LTD - NEPAL,SURYA FUSION,SURYA FUSION,320.0,HL 20 NOS,CBP,New SKU,,RECODING,5,4,90110247,143.23955,105,SURYA NEPAL PVT LTD - NEPAL,SURYA,SURYA CITRIC FRESH,HL 20'S,HL,20,FRESH,,20.0,NO,300.0
173,02/12/2024,202411,3,1027121252321,21103030085,1731308020769,99765321,105,SURYA NEPAL PVT LTD - NEPAL,SURYA FUSION,SURYA FUSION,320.0,HL 20 NOS,CBP,New SKU,,RECODING,5,5,48587,148.17032,105,SURYA NEPAL PVT LTD - NEPAL,SURYA,SURYA 24 CARAT ARCTIC BURST,HL 20'S,HL,20,FRESH,,20.0,NO,300.0
173,02/12/2024,202411,3,1027121252321,21103030085,1731308020769,99765321,105,SURYA NEPAL PVT LTD - NEPAL,SURYA FUSION,SURYA FUSION,320.0,HL 20 NOS,CBP,New SKU,,RECODING,5,6,99765321,148.18326,105,SURYA NEPAL PVT LTD - NEPAL,SURYA,SURYA FUSION,HL 20'S,HL,20,FULL FLAVOUR,,20.0,NO,320.0
173,02/12/2024,202411,3,1027121252321,21103030085,1731308020769,99765321,105,SURYA NEPAL PVT LTD - NEPAL,SURYA FUSION,SURYA FUSION,320.0,HL 20 NOS,CBP,New SKU,,RECODING,5,7,99763869,149.439,105,SURYA NEPAL PVT LTD - NEPAL,NAULO,NAULO BURST,HL 20'S,HL,20,FRESH,,20.0,NO,175.0
173,02/12/2024,202411,3,1027121252321,21103030085,1731308020769,99765321,105,SURYA NEPAL PVT LTD - NEPAL,SURYA FUSION,SURYA FUSION,320.0,HL 20 NOS,CBP,New SKU,,RECODING,5,8,99765090,151.39902,105,SURYA NEPAL PVT LTD - NEPAL,SURYA,SURYA DUAL BURST,HL 20'S,HL,20,FRESH,,20.0,NO,320.0
173,02/12/2024,202411,3,1027121252321,21103030085,1731308020769,99765321,105,SURYA NEPAL PVT LTD - NEPAL,SURYA FUSION,SURYA FUSION,320.0,HL 20 NOS,CBP,New SKU,,RECODING,5,9,90110249,152.69955,105,SURYA NEPAL PVT LTD - NEPAL,SHIKHAR,SHIKHAR TANGY BREEZE,HL 20'S,HL,20,FRESH,,20.0,NO,180.0
173,02/12/2024,202411,3,1027121252321,21103030085,1731308020769,99765321,105,SURYA NEPAL PVT LTD - NEPAL,SURYA FUSION,SURYA FUSION,320.0,HL 20 NOS,CBP,New SKU,,RECODING,5,10,90110238,154.39346,105,SURYA NEPAL PVT LTD - NEPAL,SURYA,SURYA POLAR ICE,HL 20'S,HL,20,FRESH,,20.0,NO,300.0
174,02/12/2024,202412,3,2110201078,21102030239,1731308020769,99765321,105,SURYA NEPAL PVT LTD - NEPAL,SURYA FUSION,SURYA FUSION,320.0,HL 20 NOS,CBP,,,RECODING,5,1,92923725,144.77768,123,B.S.I PVT LTD-NEPAL,SURYA,SURYA,SURYA-UNWRP 150 GMS,UNWRP,150.000 GM,,,150.0,GM,0.0
174,02/12/2024,202412,3,2110201078,21102030239,1731308020769,99765321,105,SURYA NEPAL PVT LTD - NEPAL,SURYA FUSION,SURYA FUSION,320.0,HL 20 NOS,CBP,,,RECODING,5,2,46667,145.58298,123,B.S.I PVT LTD-NEPAL,SURYA,SURYA,SURYA-UNWRP 200 GMS,UNWRP,200.000 GM,,,200.0,GM,0.0
174,02/12/2024,202412,3,2110201078,21102030239,1731308020769,99765321,105,SURYA NEPAL PVT LTD - NEPAL,SURYA FUSION,SURYA FUSION,320.0,HL 20 NOS,CBP,,,RECODING,5,3,90110247,153.42548,105,SURYA NEPAL PVT LTD - NEPAL,SURYA,SURYA CITRIC FRESH,HL 20'S,HL,20,FRESH,,20.0,NO,300.0
174,02/12/2024,202412,3,2110201078,21102030239,1731308020769,99765321,105,SURYA NEPAL PVT LTD - NEPAL,SURYA FUSION,SURYA FUSION,320.0,HL 20 NOS,CBP,,,RECODING,5,4,99763869,155.95853,105,SURYA NEPAL PVT LTD - NEPAL,NAULO,NAULO BURST,HL 20'S,HL,20,FRESH,,20.0,NO,175.0
174,02/12/2024,202412,3,2110201078,21102030239,1731308020769,99765321,105,SURYA NEPAL PVT LTD - NEPAL,SURYA FUSION,SURYA FUSION,320.0,HL 20 NOS,CBP,,,RECODING,5,5,99765090,157.7197,105,SURYA NEPAL PVT LTD - NEPAL,SURYA,SURYA DUAL BURST,HL 20'S,HL,20,FRESH,,20.0,NO,320.0
174,02/12/2024,202412,3,2110201078,21102030239,1731308020769,99765321,105,SURYA NEPAL PVT LTD - NEPAL,SURYA FUSION,SURYA FUSION,320.0,HL 20 NOS,CBP,,,RECODING,5,6,47592,158.00775,105,SURYA NEPAL PVT LTD - NEPAL,SHIKHAR,SHIKHAR ICE RUSH,HL 20'S,HL,20,FRESH,,20.0,NO,185.0
174,02/12/2024,202412,3,2110201078,21102030239,1731308020769,99765321,105,SURYA NEPAL PVT LTD - NEPAL,SURYA FUSION,SURYA FUSION,320.0,HL 20 NOS,CBP,,,RECODING,5,7,48587,159.36145,105,SURYA NEPAL PVT LTD - NEPAL,SURYA,SURYA 24 CARAT ARCTIC BURST,HL 20'S,HL,20,FRESH,,20.0,NO,300.0
174,02/12/2024,202412,3,2110201078,21102030239,1731308020769,99765321,105,SURYA NEPAL PVT LTD - NEPAL,SURYA FUSION,SURYA FUSION,320.0,HL 20 NOS,CBP,,,RECODING,5,8,99765321,161.4056,105,SURYA NEPAL PVT LTD - NEPAL,SURYA,SURYA FUSION,HL 20'S,HL,20,FULL FLAVOUR,,20.0,NO,320.0
174,02/12/2024,202412,3,2110201078,21102030239,1731308020769,99765321,105,SURYA NEPAL PVT LTD - NEPAL,SURYA FUSION,SURYA FUSION,320.0,HL 20 NOS,CBP,,,RECODING,5,9,99764555,162.5346,106,SURYA NEPAL PVT LTD - NEPAL,TOFFICHOO,TOFFICHOO CHATPATA FUN,TOFFICHOO CHATPATA FUN-MASALA PUNCH PCN 720 GM,PLJAR,720.000 GM,MASALA,,720.0,GM,300.0
174,02/12/2024,202412,3,2110201078,21102030239,1731308020769,99765321,105,SURYA NEPAL PVT LTD - NEPAL,SURYA FUSION,SURYA FUSION,320.0,HL 20 NOS,CBP,,,RECODING,5,10,99764545,166.67886,106,SURYA NEPAL PVT LTD - NEPAL,TOFFICHOO,TOFFICHOO CHATPATA FUN,TOFFICHOO CHATPATA FUN-MASALA PUNCH PPH 270 GM,PLPCH,270.000 GM,MASALA,,270.0,GM,85.0
175,02/12/2024,202412,3,2110203265,21102030257,1731308020769,99765321,105,SURYA NEPAL PVT LTD - NEPAL,SURYA FUSION,SURYA FUSION,320.0,HL 20 NOS,CBP,,,RECODING,5,1,92923725,145.28409,123,B.S.I PVT LTD-NEPAL,SURYA,SURYA,SURYA-UNWRP 150 GMS,UNWRP,150.000 GM,,,150.0,GM,0.0
175,02/12/2024,202412,3,2110203265,21102030257,1731308020769,99765321,105,SURYA NEPAL PVT LTD - NEPAL,SURYA FUSION,SURYA FUSION,320.0,HL 20 NOS,CBP,,,RECODING,5,2,46667,145.6269,123,B.S.I PVT LTD-NEPAL,SURYA,SURYA,SURYA-UNWRP 200 GMS,UNWRP,200.000 GM,,,200.0,GM,0.0
175,02/12/2024,202412,3,2110203265,21102030257,1731308020769,99765321,105,SURYA NEPAL PVT LTD - NEPAL,SURYA FUSION,SURYA FUSION,320.0,HL 20 NOS,CBP,,,RECODING,5,3,90110247,153.51328,105,SURYA NEPAL PVT LTD - NEPAL,SURYA,SURYA CITRIC FRESH,HL 20'S,HL,20,FRESH,,20.0,NO,300.0
175,02/12/2024,202412,3,2110203265,21102030257,1731308020769,99765321,105,SURYA NEPAL PVT LTD - NEPAL,SURYA FUSION,SURYA FUSION,320.0,HL 20 NOS,CBP,,,RECODING,5,4,99763869,155.95491,105,SURYA NEPAL PVT LTD - NEPAL,NAULO,NAULO BURST,HL 20'S,HL,20,FRESH,,20.0,NO,175.0
175,02/12/2024,202412,3,2110203265,21102030257,1731308020769,99765321,105,SURYA NEPAL PVT LTD - NEPAL,SURYA FUSION,SURYA FUSION,320.0,HL 20 NOS,CBP,,,RECODING,5,5,99765090,157.77817,105,SURYA NEPAL PVT LTD - NEPAL,SURYA,SURYA DUAL BURST,HL 20'S,HL,20,FRESH,,20.0,NO,320.0
175,02/12/2024,202412,3,2110203265,21102030257,1731308020769,99765321,105,SURYA NEPAL PVT LTD - NEPAL,SURYA FUSION,SURYA FUSION,320.0,HL 20 NOS,CBP,,,RECODING,5,6,47592,157.81499,105,SURYA NEPAL PVT LTD - NEPAL,SHIKHAR,SHIKHAR ICE RUSH,HL 20'S,HL,20,FRESH,,20.0,NO,185.0
175,02/12/2024,202412,3,2110203265,21102030257,1731308020769,99765321,105,SURYA NEPAL PVT LTD - NEPAL,SURYA FUSION,SURYA FUSION,320.0,HL 20 NOS,CBP,,,RECODING,5,7,48587,159.72992,105,SURYA NEPAL PVT LTD - NEPAL,SURYA,SURYA 24 CARAT ARCTIC BURST,HL 20'S,HL,20,FRESH,,20.0,NO,300.0
175,02/12/2024,202412,3,2110203265,21102030257,1731308020769,99765321,105,SURYA NEPAL PVT LTD - NEPAL,SURYA FUSION,SURYA FUSION,320.0,HL 20 NOS,CBP,,,RECODING,5,8,99765321,161.93927,105,SURYA NEPAL PVT LTD - NEPAL,SURYA,SURYA FUSION,HL 20'S,HL,20,FULL FLAVOUR,,20.0,NO,320.0
175,02/12/2024,202412,3,2110203265,21102030257,1731308020769,99765321,105,SURYA NEPAL PVT LTD - NEPAL,SURYA FUSION,SURYA FUSION,320.0,HL 20 NOS,CBP,,,RECODING,5,9,99764555,162.87213,106,SURYA NEPAL PVT LTD - NEPAL,TOFFICHOO,TOFFICHOO CHATPATA FUN,TOFFICHOO CHATPATA FUN-MASALA PUNCH PCN 720 GM,PLJAR,720.000 GM,MASALA,,720.0,GM,300.0
175,02/12/2024,202412,3,2110203265,21102030257,1731308020769,99765321,105,SURYA NEPAL PVT LTD - NEPAL,SURYA FUSION,SURYA FUSION,320.0,HL 20 NOS,CBP,,,RECODING,5,10,99764545,166.73372,106,SURYA NEPAL PVT LTD - NEPAL,TOFFICHOO,TOFFICHOO CHATPATA FUN,TOFFICHOO CHATPATA FUN-MASALA PUNCH PPH 270 GM,PLPCH,270.000 GM,MASALA,,270.0,GM,85.0
176,02/12/2024,202412,3,2110203301,21102030226,1731308020769,99765321,105,SURYA NEPAL PVT LTD - NEPAL,SURYA FUSION,SURYA FUSION,320.0,HL 20 NOS,CBP,,,RECODING,5,1,92923725,144.89542,123,B.S.I PVT LTD-NEPAL,SURYA,SURYA,SURYA-UNWRP 150 GMS,UNWRP,150.000 GM,,,150.0,GM,0.0
176,02/12/2024,202412,3,2110203301,21102030226,1731308020769,99765321,105,SURYA NEPAL PVT LTD - NEPAL,SURYA FUSION,SURYA FUSION,320.0,HL 20 NOS,CBP,,,RECODING,5,2,46667,145.98535,123,B.S.I PVT LTD-NEPAL,SURYA,SURYA,SURYA-UNWRP 200 GMS,UNWRP,200.000 GM,,,200.0,GM,0.0
176,02/12/2024,202412,3,2110203301,21102030226,1731308020769,99765321,105,SURYA NEPAL PVT LTD - NEPAL,SURYA FUSION,SURYA FUSION,320.0,HL 20 NOS,CBP,,,RECODING,5,3,90110247,151.28915,105,SURYA NEPAL PVT LTD - NEPAL,SURYA,SURYA CITRIC FRESH,HL 20'S,HL,20,FRESH,,20.0,NO,300.0
176,02/12/2024,202412,3,2110203301,21102030226,1731308020769,99765321,105,SURYA NEPAL PVT LTD - NEPAL,SURYA FUSION,SURYA FUSION,320.0,HL 20 NOS,CBP,,,RECODING,5,4,99763869,153.93124,105,SURYA NEPAL PVT LTD - NEPAL,NAULO,NAULO BURST,HL 20'S,HL,20,FRESH,,20.0,NO,175.0
176,02/12/2024,202412,3,2110203301,21102030226,1731308020769,99765321,105,SURYA NEPAL PVT LTD - NEPAL,SURYA FUSION,SURYA FUSION,320.0,HL 20 NOS,CBP,,,RECODING,5,5,99765090,155.3754,105,SURYA NEPAL PVT LTD - NEPAL,SURYA,SURYA DUAL BURST,HL 20'S,HL,20,FRESH,,20.0,NO,320.0
176,02/12/2024,202412,3,2110203301,21102030226,1731308020769,99765321,105,SURYA NEPAL PVT LTD - NEPAL,SURYA FUSION,SURYA FUSION,320.0,HL 20 NOS,CBP,,,RECODING,5,6,47592,155.75883,105,SURYA NEPAL PVT LTD - NEPAL,SHIKHAR,SHIKHAR ICE RUSH,HL 20'S,HL,20,FRESH,,20.0,NO,185.0
176,02/12/2024,202412,3,2110203301,21102030226,1731308020769,99765321,105,SURYA NEPAL PVT LTD - NEPAL,SURYA FUSION,SURYA FUSION,320.0,HL 20 NOS,CBP,,,RECODING,5,7,48587,156.79167,105,SURYA NEPAL PVT LTD - NEPAL,SURYA,SURYA 24 CARAT ARCTIC BURST,HL 20'S,HL,20,FRESH,,20.0,NO,300.0
176,02/12/2024,202412,3,2110203301,21102030226,1731308020769,99765321,105,SURYA NEPAL PVT LTD - NEPAL,SURYA FUSION,SURYA FUSION,320.0,HL 20 NOS,CBP,,,RECODING,5,8,99765321,158.14587,105,SURYA NEPAL PVT LTD - NEPAL,SURYA,SURYA FUSION,HL 20'S,HL,20,FULL FLAVOUR,,20.0,NO,320.0
176,02/12/2024,202412,3,2110203301,21102030226,1731308020769,99765321,105,SURYA NEPAL PVT LTD - NEPAL,SURYA FUSION,SURYA FUSION,320.0,HL 20 NOS,CBP,,,RECODING,5,9,99764555,161.98685,106,SURYA NEPAL PVT LTD - NEPAL,TOFFICHOO,TOFFICHOO CHATPATA FUN,TOFFICHOO CHATPATA FUN-MASALA PUNCH PCN 720 GM,PLJAR,720.000 GM,MASALA,,720.0,GM,300.0
176,02/12/2024,202412,3,2110203301,21102030226,1731308020769,99765321,105,SURYA NEPAL PVT LTD - NEPAL,SURYA FUSION,SURYA FUSION,320.0,HL 20 NOS,CBP,,,RECODING,5,10,48588,165.54816,105,SURYA NEPAL PVT LTD - NEPAL,SURYA,SURYA 24 CARAT BLUE,HL 20'S,HL,20,LIGHT,,20.0,NO,300.0
177,02/12/2024,202411,3,1027115800637,21103030087,1731308020769,99765321,105,SURYA NEPAL PVT LTD - NEPAL,SURYA FUSION,SURYA FUSION,320.0,HL 20 NOS,CBP,New SKU,,RECODING,5,1,47592,133.86537,105,SURYA NEPAL PVT LTD - NEPAL,SHIKHAR,SHIKHAR ICE RUSH,HL 20'S,HL,20,FRESH,,20.0,NO,185.0
177,02/12/2024,202411,3,1027115800637,21103030087,1731308020769,99765321,105,SURYA NEPAL PVT LTD - NEPAL,SURYA FUSION,SURYA FUSION,320.0,HL 20 NOS,CBP,New SKU,,RECODING,5,2,46667,139.1886,123,B.S.I PVT LTD-NEPAL,SURYA,SURYA,SURYA-UNWRP 200 GMS,UNWRP,200.000 GM,,,200.0,GM,0.0
177,02/12/2024,202411,3,1027115800637,21103030087,1731308020769,99765321,105,SURYA NEPAL PVT LTD - NEPAL,SURYA FUSION,SURYA FUSION,320.0,HL 20 NOS,CBP,New SKU,,RECODING,5,3,92923725,140.18033,123,B.S.I PVT LTD-NEPAL,SURYA,SURYA,SURYA-UNWRP 150 GMS,UNWRP,150.000 GM,,,150.0,GM,0.0
177,02/12/2024,202411,3,1027115800637,21103030087,1731308020769,99765321,105,SURYA NEPAL PVT LTD - NEPAL,SURYA FUSION,SURYA FUSION,320.0,HL 20 NOS,CBP,New SKU,,RECODING,5,4,90110247,142.6673,105,SURYA NEPAL PVT LTD - NEPAL,SURYA,SURYA CITRIC FRESH,HL 20'S,HL,20,FRESH,,20.0,NO,300.0
177,02/12/2024,202411,3,1027115800637,21103030087,1731308020769,99765321,105,SURYA NEPAL PVT LTD - NEPAL,SURYA FUSION,SURYA FUSION,320.0,HL 20 NOS,CBP,New SKU,,RECODING,5,5,48587,147.1596,105,SURYA NEPAL PVT LTD - NEPAL,SURYA,SURYA 24 CARAT ARCTIC BURST,HL 20'S,HL,20,FRESH,,20.0,NO,300.0
177,02/12/2024,202411,3,1027115800637,21103030087,1731308020769,99765321,105,SURYA NEPAL PVT LTD - NEPAL,SURYA FUSION,SURYA FUSION,320.0,HL 20 NOS,CBP,New SKU,,RECODING,5,6,99765321,148.14688,105,SURYA NEPAL PVT LTD - NEPAL,SURYA,SURYA FUSION,HL 20'S,HL,20,FULL FLAVOUR,,20.0,NO,320.0
177,02/12/2024,202411,3,1027115800637,21103030087,1731308020769,99765321,105,SURYA NEPAL PVT LTD - NEPAL,SURYA FUSION,SURYA FUSION,320.0,HL 20 NOS,CBP,New SKU,,RECODING,5,7,99763869,148.52856,105,SURYA NEPAL PVT LTD - NEPAL,NAULO,NAULO BURST,HL 20'S,HL,20,FRESH,,20.0,NO,175.0
177,02/12/2024,202411,3,1027115800637,21103030087,1731308020769,99765321,105,SURYA NEPAL PVT LTD - NEPAL,SURYA FUSION,SURYA FUSION,320.0,HL 20 NOS,CBP,New SKU,,RECODING,5,8,99765090,150.19981,105,SURYA NEPAL PVT LTD - NEPAL,SURYA,SURYA DUAL BURST,HL 20'S,HL,20,FRESH,,20.0,NO,320.0
177,02/12/2024,202411,3,1027115800637,21103030087,1731308020769,99765321,105,SURYA NEPAL PVT LTD - NEPAL,SURYA FUSION,SURYA FUSION,320.0,HL 20 NOS,CBP,New SKU,,RECODING,5,9,90110249,152.0554,105,SURYA NEPAL PVT LTD - NEPAL,SHIKHAR,SHIKHAR TANGY BREEZE,HL 20'S,HL,20,FRESH,,20.0,NO,180.0
177,02/12/2024,202411,3,1027115800637,21103030087,1731308020769,99765321,105,SURYA NEPAL PVT LTD - NEPAL,SURYA FUSION,SURYA FUSION,320.0,HL 20 NOS,CBP,New SKU,,RECODING,5,10,90110238,153.95274,105,SURYA NEPAL PVT LTD - NEPAL,SURYA,SURYA POLAR ICE,HL 20'S,HL,20,FRESH,,20.0,NO,300.0
178,02/12/2024,202412,3,2110201364,21102030131,1731308020769,99765321,105,SURYA NEPAL PVT LTD - NEPAL,SURYA FUSION,SURYA FUSION,320.0,HL 20 NOS,CBP,,,RECODING,5,1,92923725,142.95699,123,B.S.I PVT LTD-NEPAL,SURYA,SURYA,SURYA-UNWRP 150 GMS,UNWRP,150.000 GM,,,150.0,GM,0.0
178,02/12/2024,202412,3,2110201364,21102030131,1731308020769,99765321,105,SURYA NEPAL PVT LTD - NEPAL,SURYA FUSION,SURYA FUSION,320.0,HL 20 NOS,CBP,,,RECODING,5,2,46667,143.39014,123,B.S.I PVT LTD-NEPAL,SURYA,SURYA,SURYA-UNWRP 200 GMS,UNWRP,200.000 GM,,,200.0,GM,0.0
178,02/12/2024,202412,3,2110201364,21102030131,1731308020769,99765321,105,SURYA NEPAL PVT LTD - NEPAL,SURYA FUSION,SURYA FUSION,320.0,HL 20 NOS,CBP,,,RECODING,5,3,90110247,151.0374,105,SURYA NEPAL PVT LTD - NEPAL,SURYA,SURYA CITRIC FRESH,HL 20'S,HL,20,FRESH,,20.0,NO,300.0
178,02/12/2024,202412,3,2110201364,21102030131,1731308020769,99765321,105,SURYA NEPAL PVT LTD - NEPAL,SURYA FUSION,SURYA FUSION,320.0,HL 20 NOS,CBP,,,RECODING,5,4,99763869,153.38522,105,SURYA NEPAL PVT LTD - NEPAL,NAULO,NAULO BURST,HL 20'S,HL,20,FRESH,,20.0,NO,175.0
178,02/12/2024,202412,3,2110201364,21102030131,1731308020769,99765321,105,SURYA NEPAL PVT LTD - NEPAL,SURYA FUSION,SURYA FUSION,320.0,HL 20 NOS,CBP,,,RECODING,5,5,99765090,154.26999,105,SURYA NEPAL PVT LTD - NEPAL,SURYA,SURYA DUAL BURST,HL 20'S,HL,20,FRESH,,20.0,NO,320.0
178,02/12/2024,202412,3,2110201364,21102030131,1731308020769,99765321,105,SURYA NEPAL PVT LTD - NEPAL,SURYA FUSION,SURYA FUSION,320.0,HL 20 NOS,CBP,,,RECODING,5,6,47592,154.80988,105,SURYA NEPAL PVT LTD - NEPAL,SHIKHAR,SHIKHAR ICE RUSH,HL 20'S,HL,20,FRESH,,20.0,NO,185.0
178,02/12/2024,202412,3,2110201364,21102030131,1731308020769,99765321,105,SURYA NEPAL PVT LTD - NEPAL,SURYA FUSION,SURYA FUSION,320.0,HL 20 NOS,CBP,,,RECODING,5,7,48587,156.0485,105,SURYA NEPAL PVT LTD - NEPAL,SURYA,SURYA 24 CARAT ARCTIC BURST,HL 20'S,HL,20,FRESH,,20.0,NO,300.0
178,02/12/2024,202412,3,2110201364,21102030131,1731308020769,99765321,105,SURYA NEPAL PVT LTD - NEPAL,SURYA FUSION,SURYA FUSION,320.0,HL 20 NOS,CBP,,,RECODING,5,8,99765321,156.83745,105,SURYA NEPAL PVT LTD - NEPAL,SURYA,SURYA FUSION,HL 20'S,HL,20,FULL FLAVOUR,,20.0,NO,320.0
178,02/12/2024,202412,3,2110201364,21102030131,1731308020769,99765321,105,SURYA NEPAL PVT LTD - NEPAL,SURYA FUSION,SURYA FUSION,320.0,HL 20 NOS,CBP,,,RECODING,5,9,99764555,160.64014,106,SURYA NEPAL PVT LTD - NEPAL,TOFFICHOO,TOFFICHOO CHATPATA FUN,TOFFICHOO CHATPATA FUN-MASALA PUNCH PCN 720 GM,PLJAR,720.000 GM,MASALA,,720.0,GM,300.0
178,02/12/2024,202412,3,2110201364,21102030131,1731308020769,99765321,105,SURYA NEPAL PVT LTD - NEPAL,SURYA FUSION,SURYA FUSION,320.0,HL 20 NOS,CBP,,,RECODING,5,10,99764545,165.02324,106,SURYA NEPAL PVT LTD - NEPAL,TOFFICHOO,TOFFICHOO CHATPATA FUN,TOFFICHOO CHATPATA FUN-MASALA PUNCH PPH 270 GM,PLPCH,270.000 GM,MASALA,,270.0,GM,85.0
179,02/12/2024,202412,3,2110203312,21102030290,1731308020769,99765321,105,SURYA NEPAL PVT LTD - NEPAL,SURYA FUSION,SURYA FUSION,320.0,HL 20 NOS,CBP,,,RECODING,5,1,92923725,144.47426,123,B.S.I PVT LTD-NEPAL,SURYA,SURYA,SURYA-UNWRP 150 GMS,UNWRP,150.000 GM,,,150.0,GM,0.0
179,02/12/2024,202412,3,2110203312,21102030290,1731308020769,99765321,105,SURYA NEPAL PVT LTD - NEPAL,SURYA FUSION,SURYA FUSION,320.0,HL 20 NOS,CBP,,,RECODING,5,2,46667,145.4133,123,B.S.I PVT LTD-NEPAL,SURYA,SURYA,SURYA-UNWRP 200 GMS,UNWRP,200.000 GM,,,200.0,GM,0.0
179,02/12/2024,202412,3,2110203312,21102030290,1731308020769,99765321,105,SURYA NEPAL PVT LTD - NEPAL,SURYA FUSION,SURYA FUSION,320.0,HL 20 NOS,CBP,,,RECODING,5,3,90110247,151.75598,105,SURYA NEPAL PVT LTD - NEPAL,SURYA,SURYA CITRIC FRESH,HL 20'S,HL,20,FRESH,,20.0,NO,300.0
179,02/12/2024,202412,3,2110203312,21102030290,1731308020769,99765321,105,SURYA NEPAL PVT LTD - NEPAL,SURYA FUSION,SURYA FUSION,320.0,HL 20 NOS,CBP,,,RECODING,5,4,99763869,154.76334,105,SURYA NEPAL PVT LTD - NEPAL,NAULO,NAULO BURST,HL 20'S,HL,20,FRESH,,20.0,NO,175.0
179,02/12/2024,202412,3,2110203312,21102030290,1731308020769,99765321,105,SURYA NEPAL PVT LTD - NEPAL,SURYA FUSION,SURYA FUSION,320.0,HL 20 NOS,CBP,,,RECODING,5,5,99765090,155.72406,105,SURYA NEPAL PVT LTD - NEPAL,SURYA,SURYA DUAL BURST,HL 20'S,HL,20,FRESH,,20.0,NO,320.0
179,02/12/2024,202412,3,2110203312,21102030290,1731308020769,99765321,105,SURYA NEPAL PVT LTD - NEPAL,SURYA FUSION,SURYA FUSION,320.0,HL 20 NOS,CBP,,,RECODING,5,6,47592,156.58417,105,SURYA NEPAL PVT LTD - NEPAL,SHIKHAR,SHIKHAR ICE RUSH,HL 20'S,HL,20,FRESH,,20.0,NO,185.0
179,02/12/2024,202412,3,2110203312,21102030290,1731308020769,99765321,105,SURYA NEPAL PVT LTD - NEPAL,SURYA FUSION,SURYA FUSION,320.0,HL 20 NOS,CBP,,,RECODING,5,7,48587,157.56314,105,SURYA NEPAL PVT LTD - NEPAL,SURYA,SURYA 24 CARAT ARCTIC BURST,HL 20'S,HL,20,FRESH,,20.0,NO,300.0
179,02/12/2024,202412,3,2110203312,21102030290,1731308020769,99765321,105,SURYA NEPAL PVT LTD - NEPAL,SURYA FUSION,SURYA FUSION,320.0,HL 20 NOS,CBP,,,RECODING,5,8,99765321,158.55273,105,SURYA NEPAL PVT LTD - NEPAL,SURYA,SURYA FUSION,HL 20'S,HL,20,FULL FLAVOUR,,20.0,NO,320.0
179,02/12/2024,202412,3,2110203312,21102030290,1731308020769,99765321,105,SURYA NEPAL PVT LTD - NEPAL,SURYA FUSION,SURYA FUSION,320.0,HL 20 NOS,CBP,,,RECODING,5,9,99764555,162.26706,106,SURYA NEPAL PVT LTD - NEPAL,TOFFICHOO,TOFFICHOO CHATPATA FUN,TOFFICHOO CHATPATA FUN-MASALA PUNCH PCN 720 GM,PLJAR,720.000 GM,MASALA,,720.0,GM,300.0
179,02/12/2024,202412,3,2110203312,21102030290,1731308020769,99765321,105,SURYA NEPAL PVT LTD - NEPAL,SURYA FUSION,SURYA FUSION,320.0,HL 20 NOS,CBP,,,RECODING,5,10,99764545,166.37268,106,SURYA NEPAL PVT LTD - NEPAL,TOFFICHOO,TOFFICHOO CHATPATA FUN,TOFFICHOO CHATPATA FUN-MASALA PUNCH PPH 270 GM,PLPCH,270.000 GM,MASALA,,270.0,GM,85.0
180,02/12/2024,202412,3,1027134813436,22502030011,1731222877542,99765321,105,SURYA NEPAL PVT LTD - NEPAL,SURYA FUSION,SURYA FUSION/HL/20NOS/MRP320,320.0,20 NOS,KS,,,RECODING,5,1,99765321,135.83682,105,SURYA NEPAL PVT LTD - NEPAL,SURYA,SURYA FUSION,HL 20'S,HL,20,FULL FLAVOUR,,20.0,NO,320.0
180,02/12/2024,202412,3,1027134813436,22502030011,1731222877542,99765321,105,SURYA NEPAL PVT LTD - NEPAL,SURYA FUSION,SURYA FUSION/HL/20NOS/MRP320,320.0,20 NOS,KS,,,RECODING,5,2,47592,142.10294,105,SURYA NEPAL PVT LTD - NEPAL,SHIKHAR,SHIKHAR ICE RUSH,HL 20'S,HL,20,FRESH,,20.0,NO,185.0
180,02/12/2024,202412,3,1027134813436,22502030011,1731222877542,99765321,105,SURYA NEPAL PVT LTD - NEPAL,SURYA FUSION,SURYA FUSION/HL/20NOS/MRP320,320.0,20 NOS,KS,,,RECODING,5,3,99764555,146.93121,106,SURYA NEPAL PVT LTD - NEPAL,TOFFICHOO,TOFFICHOO CHATPATA FUN,TOFFICHOO CHATPATA FUN-MASALA PUNCH PCN 720 GM,PLJAR,720.000 GM,MASALA,,720.0,GM,300.0
180,02/12/2024,202412,3,1027134813436,22502030011,1731222877542,99765321,105,SURYA NEPAL PVT LTD - NEPAL,SURYA FUSION,SURYA FUSION/HL/20NOS/MRP320,320.0,20 NOS,KS,,,RECODING,5,4,46667,149.16605,123,B.S.I PVT LTD-NEPAL,SURYA,SURYA,SURYA-UNWRP 200 GMS,UNWRP,200.000 GM,,,200.0,GM,0.0
180,02/12/2024,202412,3,1027134813436,22502030011,1731222877542,99765321,105,SURYA NEPAL PVT LTD - NEPAL,SURYA FUSION,SURYA FUSION/HL/20NOS/MRP320,320.0,20 NOS,KS,,,RECODING,5,5,92923725,149.67213,123,B.S.I PVT LTD-NEPAL,SURYA,SURYA,SURYA-UNWRP 150 GMS,UNWRP,150.000 GM,,,150.0,GM,0.0
180,02/12/2024,202412,3,1027134813436,22502030011,1731222877542,99765321,105,SURYA NEPAL PVT LTD - NEPAL,SURYA FUSION,SURYA FUSION/HL/20NOS/MRP320,320.0,20 NOS,KS,,,RECODING,5,6,90110247,149.78952,105,SURYA NEPAL PVT LTD - NEPAL,SURYA,SURYA CITRIC FRESH,HL 20'S,HL,20,FRESH,,20.0,NO,300.0
180,02/12/2024,202412,3,1027134813436,22502030011,1731222877542,99765321,105,SURYA NEPAL PVT LTD - NEPAL,SURYA FUSION,SURYA FUSION/HL/20NOS/MRP320,320.0,20 NOS,KS,,,RECODING,5,7,99763869,150.04947,105,SURYA NEPAL PVT LTD - NEPAL,NAULO,NAULO BURST,HL 20'S,HL,20,FRESH,,20.0,NO,175.0
180,02/12/2024,202412,3,1027134813436,22502030011,1731222877542,99765321,105,SURYA NEPAL PVT LTD - NEPAL,SURYA FUSION,SURYA FUSION/HL/20NOS/MRP320,320.0,20 NOS,KS,,,RECODING,5,8,48587,151.05544,105,SURYA NEPAL PVT LTD - NEPAL,SURYA,SURYA 24 CARAT ARCTIC BURST,HL 20'S,HL,20,FRESH,,20.0,NO,300.0
180,02/12/2024,202412,3,1027134813436,22502030011,1731222877542,99765321,105,SURYA NEPAL PVT LTD - NEPAL,SURYA FUSION,SURYA FUSION/HL/20NOS/MRP320,320.0,20 NOS,KS,,,RECODING,5,9,99765090,152.28322,105,SURYA NEPAL PVT LTD - NEPAL,SURYA,SURYA DUAL BURST,HL 20'S,HL,20,FRESH,,20.0,NO,320.0
180,02/12/2024,202412,3,1027134813436,22502030011,1731222877542,99765321,105,SURYA NEPAL PVT LTD - NEPAL,SURYA FUSION,SURYA FUSION/HL/20NOS/MRP320,320.0,20 NOS,KS,,,RECODING,5,10,99764612,154.96906,106,SURYA NEPAL PVT LTD - NEPAL,TOFFICHOO TADKA,TOFFICHOO TADKA,TOFFICHOO TADKA-CHAT MASALA LITCHI PCN 760GM,PLJAR,760.000 GM,LYCHEE,,760.0,GM,500.0
181,02/12/2024,202412,3,1027151822849,22502030010,1731222877542,99765321,105,SURYA NEPAL PVT LTD - NEPAL,SURYA FUSION,SURYA FUSION/HL/20NOS/MRP320,320.0,20 NOS,KS,,,RECODING,5,1,99765321,134.75739,105,SURYA NEPAL PVT LTD - NEPAL,SURYA,SURYA FUSION,HL 20'S,HL,20,FULL FLAVOUR,,20.0,NO,320.0
181,02/12/2024,202412,3,1027151822849,22502030010,1731222877542,99765321,105,SURYA NEPAL PVT LTD - NEPAL,SURYA FUSION,SURYA FUSION/HL/20NOS/MRP320,320.0,20 NOS,KS,,,RECODING,5,2,47592,142.05775,105,SURYA NEPAL PVT LTD - NEPAL,SHIKHAR,SHIKHAR ICE RUSH,HL 20'S,HL,20,FRESH,,20.0,NO,185.0
181,02/12/2024,202412,3,1027151822849,22502030010,1731222877542,99765321,105,SURYA NEPAL PVT LTD - NEPAL,SURYA FUSION,SURYA FUSION/HL/20NOS/MRP320,320.0,20 NOS,KS,,,RECODING,5,3,99764555,146.29877,106,SURYA NEPAL PVT LTD - NEPAL,TOFFICHOO,TOFFICHOO CHATPATA FUN,TOFFICHOO CHATPATA FUN-MASALA PUNCH PCN 720 GM,PLJAR,720.000 GM,MASALA,,720.0,GM,300.0
181,02/12/2024,202412,3,1027151822849,22502030010,1731222877542,99765321,105,SURYA NEPAL PVT LTD - NEPAL,SURYA FUSION,SURYA FUSION/HL/20NOS/MRP320,320.0,20 NOS,KS,,,RECODING,5,4,90110247,149.04204,105,SURYA NEPAL PVT LTD - NEPAL,SURYA,SURYA CITRIC FRESH,HL 20'S,HL,20,FRESH,,20.0,NO,300.0
181,02/12/2024,202412,3,1027151822849,22502030010,1731222877542,99765321,105,SURYA NEPAL PVT LTD - NEPAL,SURYA FUSION,SURYA FUSION/HL/20NOS/MRP320,320.0,20 NOS,KS,,,RECODING,5,5,92923725,150.08401,123,B.S.I PVT LTD-NEPAL,SURYA,SURYA,SURYA-UNWRP 150 GMS,UNWRP,150.000 GM,,,150.0,GM,0.0
181,02/12/2024,202412,3,1027151822849,22502030010,1731222877542,99765321,105,SURYA NEPAL PVT LTD - NEPAL,SURYA FUSION,SURYA FUSION/HL/20NOS/MRP320,320.0,20 NOS,KS,,,RECODING,5,6,99763869,150.18964,105,SURYA NEPAL PVT LTD - NEPAL,NAULO,NAULO BURST,HL 20'S,HL,20,FRESH,,20.0,NO,175.0
181,02/12/2024,202412,3,1027151822849,22502030010,1731222877542,99765321,105,SURYA NEPAL PVT LTD - NEPAL,SURYA FUSION,SURYA FUSION/HL/20NOS/MRP320,320.0,20 NOS,KS,,,RECODING,5,7,46667,150.24155,123,B.S.I PVT LTD-NEPAL,SURYA,SURYA,SURYA-UNWRP 200 GMS,UNWRP,200.000 GM,,,200.0,GM,0.0
181,02/12/2024,202412,3,1027151822849,22502030010,1731222877542,99765321,105,SURYA NEPAL PVT LTD - NEPAL,SURYA FUSION,SURYA FUSION/HL/20NOS/MRP320,320.0,20 NOS,KS,,,RECODING,5,8,48587,150.25827,105,SURYA NEPAL PVT LTD - NEPAL,SURYA,SURYA 24 CARAT ARCTIC BURST,HL 20'S,HL,20,FRESH,,20.0,NO,300.0
181,02/12/2024,202412,3,1027151822849,22502030010,1731222877542,99765321,105,SURYA NEPAL PVT LTD - NEPAL,SURYA FUSION,SURYA FUSION/HL/20NOS/MRP320,320.0,20 NOS,KS,,,RECODING,5,9,99765090,151.65508,105,SURYA NEPAL PVT LTD - NEPAL,SURYA,SURYA DUAL BURST,HL 20'S,HL,20,FRESH,,20.0,NO,320.0
181,02/12/2024,202412,3,1027151822849,22502030010,1731222877542,99765321,105,SURYA NEPAL PVT LTD - NEPAL,SURYA FUSION,SURYA FUSION/HL/20NOS/MRP320,320.0,20 NOS,KS,,,RECODING,5,10,99764612,154.9363,106,SURYA NEPAL PVT LTD - NEPAL,TOFFICHOO TADKA,TOFFICHOO TADKA,TOFFICHOO TADKA-CHAT MASALA LITCHI PCN 760GM,PLJAR,760.000 GM,LYCHEE,,760.0,GM,500.0
182,02/12/2024,202412,3,1022140741083,22502030047,1731222877542,99765321,105,SURYA NEPAL PVT LTD - NEPAL,SURYA FUSION,SURYA FUSION/HL/20NOS/MRP320,320.0,20 NOS,KS,,,RECODING,5,1,99765321,132.26982,105,SURYA NEPAL PVT LTD - NEPAL,SURYA,SURYA FUSION,HL 20'S,HL,20,FULL FLAVOUR,,20.0,NO,320.0
182,02/12/2024,202412,3,1022140741083,22502030047,1731222877542,99765321,105,SURYA NEPAL PVT LTD - NEPAL,SURYA FUSION,SURYA FUSION/HL/20NOS/MRP320,320.0,20 NOS,KS,,,RECODING,5,2,47592,140.55774,105,SURYA NEPAL PVT LTD - NEPAL,SHIKHAR,SHIKHAR ICE RUSH,HL 20'S,HL,20,FRESH,,20.0,NO,185.0
182,02/12/2024,202412,3,1022140741083,22502030047,1731222877542,99765321,105,SURYA NEPAL PVT LTD - NEPAL,SURYA FUSION,SURYA FUSION/HL/20NOS/MRP320,320.0,20 NOS,KS,,,RECODING,5,3,99764555,147.66458,106,SURYA NEPAL PVT LTD - NEPAL,TOFFICHOO,TOFFICHOO CHATPATA FUN,TOFFICHOO CHATPATA FUN-MASALA PUNCH PCN 720 GM,PLJAR,720.000 GM,MASALA,,720.0,GM,300.0
182,02/12/2024,202412,3,1022140741083,22502030047,1731222877542,99765321,105,SURYA NEPAL PVT LTD - NEPAL,SURYA FUSION,SURYA FUSION/HL/20NOS/MRP320,320.0,20 NOS,KS,,,RECODING,5,4,90110247,148.51334,105,SURYA NEPAL PVT LTD - NEPAL,SURYA,SURYA CITRIC FRESH,HL 20'S,HL,20,FRESH,,20.0,NO,300.0
182,02/12/2024,202412,3,1022140741083,22502030047,1731222877542,99765321,105,SURYA NEPAL PVT LTD - NEPAL,SURYA FUSION,SURYA FUSION/HL/20NOS/MRP320,320.0,20 NOS,KS,,,RECODING,5,5,99763869,148.5376,105,SURYA NEPAL PVT LTD - NEPAL,NAULO,NAULO BURST,HL 20'S,HL,20,FRESH,,20.0,NO,175.0
182,02/12/2024,202412,3,1022140741083,22502030047,1731222877542,99765321,105,SURYA NEPAL PVT LTD - NEPAL,SURYA FUSION,SURYA FUSION/HL/20NOS/MRP320,320.0,20 NOS,KS,,,RECODING,5,6,48587,149.06206,105,SURYA NEPAL PVT LTD - NEPAL,SURYA,SURYA 24 CARAT ARCTIC BURST,HL 20'S,HL,20,FRESH,,20.0,NO,300.0
182,02/12/2024,202412,3,1022140741083,22502030047,1731222877542,99765321,105,SURYA NEPAL PVT LTD - NEPAL,SURYA FUSION,SURYA FUSION/HL/20NOS/MRP320,320.0,20 NOS,KS,,,RECODING,5,7,99765090,149.73706,105,SURYA NEPAL PVT LTD - NEPAL,SURYA,SURYA DUAL BURST,HL 20'S,HL,20,FRESH,,20.0,NO,320.0
182,02/12/2024,202412,3,1022140741083,22502030047,1731222877542,99765321,105,SURYA NEPAL PVT LTD - NEPAL,SURYA FUSION,SURYA FUSION/HL/20NOS/MRP320,320.0,20 NOS,KS,,,RECODING,5,8,46667,151.00241,123,B.S.I PVT LTD-NEPAL,SURYA,SURYA,SURYA-UNWRP 200 GMS,UNWRP,200.000 GM,,,200.0,GM,0.0
182,02/12/2024,202412,3,1022140741083,22502030047,1731222877542,99765321,105,SURYA NEPAL PVT LTD - NEPAL,SURYA FUSION,SURYA FUSION/HL/20NOS/MRP320,320.0,20 NOS,KS,,,RECODING,5,9,92923725,151.31384,123,B.S.I PVT LTD-NEPAL,SURYA,SURYA,SURYA-UNWRP 150 GMS,UNWRP,150.000 GM,,,150.0,GM,0.0
182,02/12/2024,202412,3,1022140741083,22502030047,1731222877542,99765321,105,SURYA NEPAL PVT LTD - NEPAL,SURYA FUSION,SURYA FUSION/HL/20NOS/MRP320,320.0,20 NOS,KS,,,RECODING,5,10,90110238,155.25836,105,SURYA NEPAL PVT LTD - NEPAL,SURYA,SURYA POLAR ICE,HL 20'S,HL,20,FRESH,,20.0,NO,300.0
183,02/12/2024,202412,3,1022140741083,22502030047,1733036835774,99765328,105,GORKHA LAHARI PVT.LTD.- NEPAL,CAPTAIN GOLD,CAPTAIN GOLD/HL/20NOS/KFS/RS161.5,161.5,20NOS,KFS,,1733036835774-gorkha lahari pvt-ltd-- nepal-captain gold#3.png,RECODING,5,1,99762386,127.84569,105,GORKHA LAHARI PVT.LTD.- NEPAL,CAPTAIN,CAPTAIN MOUNTAIN FRESH,HL 20'S,HL,20,FRESH,,20.0,NO,110.0
183,02/12/2024,202412,3,1022140741083,22502030047,1733036835774,99765328,105,GORKHA LAHARI PVT.LTD.- NEPAL,CAPTAIN GOLD,CAPTAIN GOLD/HL/20NOS/KFS/RS161.5,161.5,20NOS,KFS,,1733036835774-gorkha lahari pvt-ltd-- nepal-captain gold#3.png,RECODING,5,2,99765328,141.90073,105,GORKHA LAHARI PVT.LTD.- NEPAL,CAPTAIN,CAPTAIN GOLD FILTER KINGS,HL 20'S,HL,20,FULL FLAVOUR,,20.0,NO,161.0
183,02/12/2024,202412,3,1022140741083,22502030047,1733036835774,99765328,105,GORKHA LAHARI PVT.LTD.- NEPAL,CAPTAIN GOLD,CAPTAIN GOLD/HL/20NOS/KFS/RS161.5,161.5,20NOS,KFS,,1733036835774-gorkha lahari pvt-ltd-- nepal-captain gold#3.png,RECODING,5,3,90110228,142.99274,105,GORKHA LAHARI PVT.LTD.- NEPAL,BROWN,BROWN GOLD,HL 20'S,HL,20,KRETEK,,20.0,NO,280.0
183,02/12/2024,202412,3,1022140741083,22502030047,1733036835774,99765328,105,GORKHA LAHARI PVT.LTD.- NEPAL,CAPTAIN GOLD,CAPTAIN GOLD/HL/20NOS/KFS/RS161.5,161.5,20NOS,KFS,,1733036835774-gorkha lahari pvt-ltd-- nepal-captain gold#3.png,RECODING,5,4,93021323,161.2381,122,GOPAL SOAP INDUSTRIES - NEPAL,V SERIES,V SERIES GOLD,V SERIES GOLD-PPH 310 GMS,PLPCH,310.000 GM,,,310.0,GM,0.0
183,02/12/2024,202412,3,1022140741083,22502030047,1733036835774,99765328,105,GORKHA LAHARI PVT.LTD.- NEPAL,CAPTAIN GOLD,CAPTAIN GOLD/HL/20NOS/KFS/RS161.5,161.5,20NOS,KFS,,1733036835774-gorkha lahari pvt-ltd-- nepal-captain gold#3.png,RECODING,5,5,93019260,162.0923,122,GOPAL SOAP INDUSTRIES - NEPAL,V SERIES,V SERIES GOLD,V SERIES GOLD-PPH 350 GMS,PLPCH,350.000 GM,,,350.0,GM,0.0
183,02/12/2024,202412,3,1022140741083,22502030047,1733036835774,99765328,105,GORKHA LAHARI PVT.LTD.- NEPAL,CAPTAIN GOLD,CAPTAIN GOLD/HL/20NOS/KFS/RS161.5,161.5,20NOS,KFS,,1733036835774-gorkha lahari pvt-ltd-- nepal-captain gold#3.png,RECODING,5,6,93019261,163.01208,122,GOPAL SOAP INDUSTRIES - NEPAL,V SERIES,V SERIES GOLD,V SERIES GOLD-PPH 300 GMS,PLPCH,300.000 GM,,,300.0,GM,0.0
183,02/12/2024,202412,3,1022140741083,22502030047,1733036835774,99765328,105,GORKHA LAHARI PVT.LTD.- NEPAL,CAPTAIN GOLD,CAPTAIN GOLD/HL/20NOS/KFS/RS161.5,161.5,20NOS,KFS,,1733036835774-gorkha lahari pvt-ltd-- nepal-captain gold#3.png,RECODING,5,7,99763367,163.03902,123,GORKHA SOAP INDUSTRIES-NEPAL,GORKHA DALLO SABUN,GORKHA DALLO SABUN,GORKHA DALLO SABUN-PPH 3*333 GM [1000 GM],PLPCH,333.000 GM,,,1000.0,GM,110.0
183,02/12/2024,202412,3,1022140741083,22502030047,1733036835774,99765328,105,GORKHA LAHARI PVT.LTD.- NEPAL,CAPTAIN GOLD,CAPTAIN GOLD/HL/20NOS/KFS/RS161.5,161.5,20NOS,KFS,,1733036835774-gorkha lahari pvt-ltd-- nepal-captain gold#3.png,RECODING,5,8,93060858,163.3274,122,GOPAL SOAP INDUSTRIES - NEPAL,V SERIES,V SERIES GOLD,V SERIES GOLD-PPH 350 GMS + 50GM,PLPCH,350.000 GM,,,400.0,GM,0.0
183,02/12/2024,202412,3,1022140741083,22502030047,1733036835774,99765328,105,GORKHA LAHARI PVT.LTD.- NEPAL,CAPTAIN GOLD,CAPTAIN GOLD/HL/20NOS/KFS/RS161.5,161.5,20NOS,KFS,,1733036835774-gorkha lahari pvt-ltd-- nepal-captain gold#3.png,RECODING,5,9,93060767,164.34851,122,GOPAL SOAP INDUSTRIES - NEPAL,V SERIES,V SERIES GOLD,V SERIES GOLD-PPH 350 GMS+7ML DABUR VATIKA HE CRE,PLPCH,350.000 GM,,,350.0,GM,0.0
183,02/12/2024,202412,3,1022140741083,22502030047,1733036835774,99765328,105,GORKHA LAHARI PVT.LTD.- NEPAL,CAPTAIN GOLD,CAPTAIN GOLD/HL/20NOS/KFS/RS161.5,161.5,20NOS,KFS,,1733036835774-gorkha lahari pvt-ltd-- nepal-captain gold#3.png,RECODING,5,10,93021961,164.64172,122,GOPAL SOAP INDUSTRIES - NEPAL,V SERIES,V SERIES GOLD,V SERIES GOLD-PPH 750 GMS,PLPCH,750.000 GM,,,750.0,GM,0.0
184,02/12/2024,202412,3,2110201173,21102030119,1731308020769,99765321,105,SURYA NEPAL PVT LTD - NEPAL,SURYA FUSION,SURYA FUSION,320.0,HL 20 NOS,CBP,Any other reason,,RECODING,5,1,47592,179.57272,105,SURYA NEPAL PVT LTD - NEPAL,SHIKHAR,SHIKHAR ICE RUSH,HL 20'S,HL,20,FRESH,,20.0,NO,185.0
184,02/12/2024,202412,3,2110201173,21102030119,1731308020769,99765321,105,SURYA NEPAL PVT LTD - NEPAL,SURYA FUSION,SURYA FUSION,320.0,HL 20 NOS,CBP,Any other reason,,RECODING,5,2,90110247,184.39285,105,SURYA NEPAL PVT LTD - NEPAL,SURYA,SURYA CITRIC FRESH,HL 20'S,HL,20,FRESH,,20.0,NO,300.0
184,02/12/2024,202412,3,2110201173,21102030119,1731308020769,99765321,105,SURYA NEPAL PVT LTD - NEPAL,SURYA FUSION,SURYA FUSION,320.0,HL 20 NOS,CBP,Any other reason,,RECODING,5,3,99763869,187.73965,105,SURYA NEPAL PVT LTD - NEPAL,NAULO,NAULO BURST,HL 20'S,HL,20,FRESH,,20.0,NO,175.0
184,02/12/2024,202412,3,2110201173,21102030119,1731308020769,99765321,105,SURYA NEPAL PVT LTD - NEPAL,SURYA FUSION,SURYA FUSION,320.0,HL 20 NOS,CBP,Any other reason,,RECODING,5,4,92923725,189.45256,123,B.S.I PVT LTD-NEPAL,SURYA,SURYA,SURYA-UNWRP 150 GMS,UNWRP,150.000 GM,,,150.0,GM,0.0
184,02/12/2024,202412,3,2110201173,21102030119,1731308020769,99765321,105,SURYA NEPAL PVT LTD - NEPAL,SURYA FUSION,SURYA FUSION,320.0,HL 20 NOS,CBP,Any other reason,,RECODING,5,5,46667,189.78363,123,B.S.I PVT LTD-NEPAL,SURYA,SURYA,SURYA-UNWRP 200 GMS,UNWRP,200.000 GM,,,200.0,GM,0.0
184,02/12/2024,202412,3,2110201173,21102030119,1731308020769,99765321,105,SURYA NEPAL PVT LTD - NEPAL,SURYA FUSION,SURYA FUSION,320.0,HL 20 NOS,CBP,Any other reason,,RECODING,5,6,48587,193.0795,105,SURYA NEPAL PVT LTD - NEPAL,SURYA,SURYA 24 CARAT ARCTIC BURST,HL 20'S,HL,20,FRESH,,20.0,NO,300.0
184,02/12/2024,202412,3,2110201173,21102030119,1731308020769,99765321,105,SURYA NEPAL PVT LTD - NEPAL,SURYA FUSION,SURYA FUSION,320.0,HL 20 NOS,CBP,Any other reason,,RECODING,5,7,90110249,193.62654,105,SURYA NEPAL PVT LTD - NEPAL,SHIKHAR,SHIKHAR TANGY BREEZE,HL 20'S,HL,20,FRESH,,20.0,NO,180.0
184,02/12/2024,202412,3,2110201173,21102030119,1731308020769,99765321,105,SURYA NEPAL PVT LTD - NEPAL,SURYA FUSION,SURYA FUSION,320.0,HL 20 NOS,CBP,Any other reason,,RECODING,5,8,99765090,193.8194,105,SURYA NEPAL PVT LTD - NEPAL,SURYA,SURYA DUAL BURST,HL 20'S,HL,20,FRESH,,20.0,NO,320.0
184,02/12/2024,202412,3,2110201173,21102030119,1731308020769,99765321,105,SURYA NEPAL PVT LTD - NEPAL,SURYA FUSION,SURYA FUSION,320.0,HL 20 NOS,CBP,Any other reason,,RECODING,5,9,99764555,193.96393,106,SURYA NEPAL PVT LTD - NEPAL,TOFFICHOO,TOFFICHOO CHATPATA FUN,TOFFICHOO CHATPATA FUN-MASALA PUNCH PCN 720 GM,PLJAR,720.000 GM,MASALA,,720.0,GM,300.0
184,02/12/2024,202412,3,2110201173,21102030119,1731308020769,99765321,105,SURYA NEPAL PVT LTD - NEPAL,SURYA FUSION,SURYA FUSION,320.0,HL 20 NOS,CBP,Any other reason,,RECODING,5,10,99762387,196.99586,105,SURYA NEPAL PVT LTD - NEPAL,SURYA,SURYA MINT,HL 20'S,HL,20,FRESH,,20.0,NO,280.0
185,02/12/2024,202411,3,2110203243,21102030264,1731308020769,99765321,105,SURYA NEPAL PVT LTD - NEPAL,SURYA FUSION,SURYA FUSION,320.0,HL 20 NOS,CBP,,,RECODING,5,1,92923725,144.00632,123,B.S.I PVT LTD-NEPAL,SURYA,SURYA,SURYA-UNWRP 150 GMS,UNWRP,150.000 GM,,,150.0,GM,0.0
185,02/12/2024,202411,3,2110203243,21102030264,1731308020769,99765321,105,SURYA NEPAL PVT LTD - NEPAL,SURYA FUSION,SURYA FUSION,320.0,HL 20 NOS,CBP,,,RECODING,5,2,46667,144.50986,123,B.S.I PVT LTD-NEPAL,SURYA,SURYA,SURYA-UNWRP 200 GMS,UNWRP,200.000 GM,,,200.0,GM,0.0
185,02/12/2024,202411,3,2110203243,21102030264,1731308020769,99765321,105,SURYA NEPAL PVT LTD - NEPAL,SURYA FUSION,SURYA FUSION,320.0,HL 20 NOS,CBP,,,RECODING,5,3,90110247,154.12079,105,SURYA NEPAL PVT LTD - NEPAL,SURYA,SURYA CITRIC FRESH,HL 20'S,HL,20,FRESH,,20.0,NO,300.0
185,02/12/2024,202411,3,2110203243,21102030264,1731308020769,99765321,105,SURYA NEPAL PVT LTD - NEPAL,SURYA FUSION,SURYA FUSION,320.0,HL 20 NOS,CBP,,,RECODING,5,4,99763869,155.83095,105,SURYA NEPAL PVT LTD - NEPAL,NAULO,NAULO BURST,HL 20'S,HL,20,FRESH,,20.0,NO,175.0
185,02/12/2024,202411,3,2110203243,21102030264,1731308020769,99765321,105,SURYA NEPAL PVT LTD - NEPAL,SURYA FUSION,SURYA FUSION,320.0,HL 20 NOS,CBP,,,RECODING,5,5,47592,157.73502,105,SURYA NEPAL PVT LTD - NEPAL,SHIKHAR,SHIKHAR ICE RUSH,HL 20'S,HL,20,FRESH,,20.0,NO,185.0
185,02/12/2024,202411,3,2110203243,21102030264,1731308020769,99765321,105,SURYA NEPAL PVT LTD - NEPAL,SURYA FUSION,SURYA FUSION,320.0,HL 20 NOS,CBP,,,RECODING,5,6,99765090,157.75784,105,SURYA NEPAL PVT LTD - NEPAL,SURYA,SURYA DUAL BURST,HL 20'S,HL,20,FRESH,,20.0,NO,320.0
185,02/12/2024,202411,3,2110203243,21102030264,1731308020769,99765321,105,SURYA NEPAL PVT LTD - NEPAL,SURYA FUSION,SURYA FUSION,320.0,HL 20 NOS,CBP,,,RECODING,5,7,48587,159.1773,105,SURYA NEPAL PVT LTD - NEPAL,SURYA,SURYA 24 CARAT ARCTIC BURST,HL 20'S,HL,20,FRESH,,20.0,NO,300.0
185,02/12/2024,202411,3,2110203243,21102030264,1731308020769,99765321,105,SURYA NEPAL PVT LTD - NEPAL,SURYA FUSION,SURYA FUSION,320.0,HL 20 NOS,CBP,,,RECODING,5,8,99765321,160.79736,105,SURYA NEPAL PVT LTD - NEPAL,SURYA,SURYA FUSION,HL 20'S,HL,20,FULL FLAVOUR,,20.0,NO,320.0
185,02/12/2024,202411,3,2110203243,21102030264,1731308020769,99765321,105,SURYA NEPAL PVT LTD - NEPAL,SURYA FUSION,SURYA FUSION,320.0,HL 20 NOS,CBP,,,RECODING,5,9,99764555,163.09036,106,SURYA NEPAL PVT LTD - NEPAL,TOFFICHOO,TOFFICHOO CHATPATA FUN,TOFFICHOO CHATPATA FUN-MASALA PUNCH PCN 720 GM,PLJAR,720.000 GM,MASALA,,720.0,GM,300.0
185,02/12/2024,202411,3,2110203243,21102030264,1731308020769,99765321,105,SURYA NEPAL PVT LTD - NEPAL,SURYA FUSION,SURYA FUSION,320.0,HL 20 NOS,CBP,,,RECODING,5,10,99764545,167.36224,106,SURYA NEPAL PVT LTD - NEPAL,TOFFICHOO,TOFFICHOO CHATPATA FUN,TOFFICHOO CHATPATA FUN-MASALA PUNCH PPH 270 GM,PLPCH,270.000 GM,MASALA,,270.0,GM,85.0
186,02/12/2024,202411,3,1030140516341,22603030011,1732259484751,99765326,124,DEUTI GUTKHA INDUSTRIES,MEGHA SHREE PREMIUM,PREMIUM MEGHA SHREE/DEUTI GUTKHA INDUSTRIES/PPH/2GM,5.0,2GM,PPH,,,RECODING,5,1,99765326,105.54297,124,DEUTI GUTKHA INDUSTRIES,MEGHA SHREE,MEGHA SHREE PREMIUM,2.20G GUTKA,PLAST,2.20G,REGULAR,,2.2,GM,5.0
186,02/12/2024,202411,3,1030140516341,22603030011,1732259484751,99765326,124,DEUTI GUTKHA INDUSTRIES,MEGHA SHREE PREMIUM,PREMIUM MEGHA SHREE/DEUTI GUTKHA INDUSTRIES/PPH/2GM,5.0,2GM,PPH,,,RECODING,5,2,99762223,106.00665,124,DEUTI GUTKHA INDUSTRIES,MEGHA SHREE,MEGHA SHREE PREMIUM,2.3G GUTKA,PLAST,2.3G,REGULAR,,2.3,,0.0
186,02/12/2024,202411,3,1030140516341,22603030011,1732259484751,99765326,124,DEUTI GUTKHA INDUSTRIES,MEGHA SHREE PREMIUM,PREMIUM MEGHA SHREE/DEUTI GUTKHA INDUSTRIES/PPH/2GM,5.0,2GM,PPH,,,RECODING,5,3,99764162,109.88136,124,DEUTI GUTKHA INDUSTRIES,MEGHA SHREE,MEGHA SHREE PREMIUM,2.14G GUTKA,PLAST,2.14G,REGULAR,,2.14,GM,5.0
186,02/12/2024,202411,3,1030140516341,22603030011,1732259484751,99765326,124,DEUTI GUTKHA INDUSTRIES,MEGHA SHREE PREMIUM,PREMIUM MEGHA SHREE/DEUTI GUTKHA INDUSTRIES/PPH/2GM,5.0,2GM,PPH,,,RECODING,5,4,93025975,161.39618,122,H.B INDUSTRIES-NEPAL,MEGHA,MEGHA,MEGHA-PPH 200 GMS,PLPCH,200.000 GM,,,200.0,GM,0.0
186,02/12/2024,202411,3,1030140516341,22603030011,1732259484751,99765326,124,DEUTI GUTKHA INDUSTRIES,MEGHA SHREE PREMIUM,PREMIUM MEGHA SHREE/DEUTI GUTKHA INDUSTRIES/PPH/2GM,5.0,2GM,PPH,,,RECODING,5,5,47744,164.0777,122,H.B INDUSTRIES-NEPAL,MEGHA,MEGHA,MEGHA-FLOWER FRESH PPH 3000 GMS,PLPCH,3000.000 GM,,,3000.0,GM,0.0
186,02/12/2024,202411,3,1030140516341,22603030011,1732259484751,99765326,124,DEUTI GUTKHA INDUSTRIES,MEGHA SHREE PREMIUM,PREMIUM MEGHA SHREE/DEUTI GUTKHA INDUSTRIES/PPH/2GM,5.0,2GM,PPH,,,RECODING,5,6,93026122,165.80624,122,H.B INDUSTRIES-NEPAL,MEGHA,MEGHA,MEGHA-FLOWER FRESH PPH 500 GMS,PLPCH,500.000 GM,,,500.0,GM,0.0
186,02/12/2024,202411,3,1030140516341,22603030011,1732259484751,99765326,124,DEUTI GUTKHA INDUSTRIES,MEGHA SHREE PREMIUM,PREMIUM MEGHA SHREE/DEUTI GUTKHA INDUSTRIES/PPH/2GM,5.0,2GM,PPH,,,RECODING,5,7,93026899,166.53162,122,H.B INDUSTRIES-NEPAL,MEGHA,MEGHA,MEGHA-PPH 1000 GMS,PLPCH,1000.000 GM,,,1000.0,GM,0.0
186,02/12/2024,202411,3,1030140516341,22603030011,1732259484751,99765326,124,DEUTI GUTKHA INDUSTRIES,MEGHA SHREE PREMIUM,PREMIUM MEGHA SHREE/DEUTI GUTKHA INDUSTRIES/PPH/2GM,5.0,2GM,PPH,,,RECODING,5,8,99762301,176.312,125,DEUTI GUTKHA INDUSTRIES,RADHA EXTRA POWER,RADHA EXTRA POWER,8G KHAINI,PLAST,8G,REGULAR,,8.0,,0.0
186,02/12/2024,202411,3,1030140516341,22603030011,1732259484751,99765326,124,DEUTI GUTKHA INDUSTRIES,MEGHA SHREE PREMIUM,PREMIUM MEGHA SHREE/DEUTI GUTKHA INDUSTRIES/PPH/2GM,5.0,2GM,PPH,,,RECODING,5,9,99762273,179.31546,124,SHREE MEENAKSHI PRODUCTS NEPAL,GOA,GOA PREMIUM 1000,2G GUTKA,PLAST,2G,REGULAR,,2.0,,0.0
186,02/12/2024,202411,3,1030140516341,22603030011,1732259484751,99765326,124,DEUTI GUTKHA INDUSTRIES,MEGHA SHREE PREMIUM,PREMIUM MEGHA SHREE/DEUTI GUTKHA INDUSTRIES/PPH/2GM,5.0,2GM,PPH,,,RECODING,5,10,54891,180.59,122,SHREE NATH INTERNATIONAL-IND,MOZ,MOZ,MOZ-PPH 500 GM,PLPCH,500.000 GM,,,500.0,GM,0.0
187,02/12/2024,202411,3,1029072847531,22603030015,1732259484751,99765326,124,DEUTI GUTKHA INDUSTRIES,MEGHA SHREE PREMIUM,PREMIUM MEGHA SHREE/DEUTI GUTKHA INDUSTRIES/PPH/2GM,5.0,2GM,PPH,,,RECODING,5,1,99762223,111.4655,124,DEUTI GUTKHA INDUSTRIES,MEGHA SHREE,MEGHA SHREE PREMIUM,2.3G GUTKA,PLAST,2.3G,REGULAR,,2.3,,0.0
187,02/12/2024,202411,3,1029072847531,22603030015,1732259484751,99765326,124,DEUTI GUTKHA INDUSTRIES,MEGHA SHREE PREMIUM,PREMIUM MEGHA SHREE/DEUTI GUTKHA INDUSTRIES/PPH/2GM,5.0,2GM,PPH,,,RECODING,5,2,99765326,111.60956,124,DEUTI GUTKHA INDUSTRIES,MEGHA SHREE,MEGHA SHREE PREMIUM,2.20G GUTKA,PLAST,2.20G,REGULAR,,2.2,GM,5.0
187,02/12/2024,202411,3,1029072847531,22603030015,1732259484751,99765326,124,DEUTI GUTKHA INDUSTRIES,MEGHA SHREE PREMIUM,PREMIUM MEGHA SHREE/DEUTI GUTKHA INDUSTRIES/PPH/2GM,5.0,2GM,PPH,,,RECODING,5,3,99764162,115.950096,124,DEUTI GUTKHA INDUSTRIES,MEGHA SHREE,MEGHA SHREE PREMIUM,2.14G GUTKA,PLAST,2.14G,REGULAR,,2.14,GM,5.0
187,02/12/2024,202411,3,1029072847531,22603030015,1732259484751,99765326,124,DEUTI GUTKHA INDUSTRIES,MEGHA SHREE PREMIUM,PREMIUM MEGHA SHREE/DEUTI GUTKHA INDUSTRIES/PPH/2GM,5.0,2GM,PPH,,,RECODING,5,4,93025975,161.60397,122,H.B INDUSTRIES-NEPAL,MEGHA,MEGHA,MEGHA-PPH 200 GMS,PLPCH,200.000 GM,,,200.0,GM,0.0
187,02/12/2024,202411,3,1029072847531,22603030015,1732259484751,99765326,124,DEUTI GUTKHA INDUSTRIES,MEGHA SHREE PREMIUM,PREMIUM MEGHA SHREE/DEUTI GUTKHA INDUSTRIES/PPH/2GM,5.0,2GM,PPH,,,RECODING,5,5,47744,165.40887,122,H.B INDUSTRIES-NEPAL,MEGHA,MEGHA,MEGHA-FLOWER FRESH PPH 3000 GMS,PLPCH,3000.000 GM,,,3000.0,GM,0.0
187,02/12/2024,202411,3,1029072847531,22603030015,1732259484751,99765326,124,DEUTI GUTKHA INDUSTRIES,MEGHA SHREE PREMIUM,PREMIUM MEGHA SHREE/DEUTI GUTKHA INDUSTRIES/PPH/2GM,5.0,2GM,PPH,,,RECODING,5,6,93026899,166.44264,122,H.B INDUSTRIES-NEPAL,MEGHA,MEGHA,MEGHA-PPH 1000 GMS,PLPCH,1000.000 GM,,,1000.0,GM,0.0
187,02/12/2024,202411,3,1029072847531,22603030015,1732259484751,99765326,124,DEUTI GUTKHA INDUSTRIES,MEGHA SHREE PREMIUM,PREMIUM MEGHA SHREE/DEUTI GUTKHA INDUSTRIES/PPH/2GM,5.0,2GM,PPH,,,RECODING,5,7,93026122,167.30588,122,H.B INDUSTRIES-NEPAL,MEGHA,MEGHA,MEGHA-FLOWER FRESH PPH 500 GMS,PLPCH,500.000 GM,,,500.0,GM,0.0
187,02/12/2024,202411,3,1029072847531,22603030015,1732259484751,99765326,124,DEUTI GUTKHA INDUSTRIES,MEGHA SHREE PREMIUM,PREMIUM MEGHA SHREE/DEUTI GUTKHA INDUSTRIES/PPH/2GM,5.0,2GM,PPH,,,RECODING,5,8,99762301,178.43564,125,DEUTI GUTKHA INDUSTRIES,RADHA EXTRA POWER,RADHA EXTRA POWER,8G KHAINI,PLAST,8G,REGULAR,,8.0,,0.0
187,02/12/2024,202411,3,1029072847531,22603030015,1732259484751,99765326,124,DEUTI GUTKHA INDUSTRIES,MEGHA SHREE PREMIUM,PREMIUM MEGHA SHREE/DEUTI GUTKHA INDUSTRIES/PPH/2GM,5.0,2GM,PPH,,,RECODING,5,9,54891,179.76416,122,SHREE NATH INTERNATIONAL-IND,MOZ,MOZ,MOZ-PPH 500 GM,PLPCH,500.000 GM,,,500.0,GM,0.0
187,02/12/2024,202411,3,1029072847531,22603030015,1732259484751,99765326,124,DEUTI GUTKHA INDUSTRIES,MEGHA SHREE PREMIUM,PREMIUM MEGHA SHREE/DEUTI GUTKHA INDUSTRIES/PPH/2GM,5.0,2GM,PPH,,,RECODING,5,10,99762273,182.35475,124,SHREE MEENAKSHI PRODUCTS NEPAL,GOA,GOA PREMIUM 1000,2G GUTKA,PLAST,2G,REGULAR,,2.0,,0.0
188,02/12/2024,202411,3,1101162557168,21103030045,1731308020769,99765321,105,SURYA NEPAL PVT LTD - NEPAL,SURYA FUSION,SURYA FUSION,320.0,HL 20 NOS,CBP,,,RECODING,5,1,92923725,143.931,123,B.S.I PVT LTD-NEPAL,SURYA,SURYA,SURYA-UNWRP 150 GMS,UNWRP,150.000 GM,,,150.0,GM,0.0
188,02/12/2024,202411,3,1101162557168,21103030045,1731308020769,99765321,105,SURYA NEPAL PVT LTD - NEPAL,SURYA FUSION,SURYA FUSION,320.0,HL 20 NOS,CBP,,,RECODING,5,2,46667,144.24908,123,B.S.I PVT LTD-NEPAL,SURYA,SURYA,SURYA-UNWRP 200 GMS,UNWRP,200.000 GM,,,200.0,GM,0.0
188,02/12/2024,202411,3,1101162557168,21103030045,1731308020769,99765321,105,SURYA NEPAL PVT LTD - NEPAL,SURYA FUSION,SURYA FUSION,320.0,HL 20 NOS,CBP,,,RECODING,5,3,90110247,156.25938,105,SURYA NEPAL PVT LTD - NEPAL,SURYA,SURYA CITRIC FRESH,HL 20'S,HL,20,FRESH,,20.0,NO,300.0
188,02/12/2024,202411,3,1101162557168,21103030045,1731308020769,99765321,105,SURYA NEPAL PVT LTD - NEPAL,SURYA FUSION,SURYA FUSION,320.0,HL 20 NOS,CBP,,,RECODING,5,4,99763869,158.69067,105,SURYA NEPAL PVT LTD - NEPAL,NAULO,NAULO BURST,HL 20'S,HL,20,FRESH,,20.0,NO,175.0
188,02/12/2024,202411,3,1101162557168,21103030045,1731308020769,99765321,105,SURYA NEPAL PVT LTD - NEPAL,SURYA FUSION,SURYA FUSION,320.0,HL 20 NOS,CBP,,,RECODING,5,5,47592,159.40247,105,SURYA NEPAL PVT LTD - NEPAL,SHIKHAR,SHIKHAR ICE RUSH,HL 20'S,HL,20,FRESH,,20.0,NO,185.0
188,02/12/2024,202411,3,1101162557168,21103030045,1731308020769,99765321,105,SURYA NEPAL PVT LTD - NEPAL,SURYA FUSION,SURYA FUSION,320.0,HL 20 NOS,CBP,,,RECODING,5,6,48587,160.37384,105,SURYA NEPAL PVT LTD - NEPAL,SURYA,SURYA 24 CARAT ARCTIC BURST,HL 20'S,HL,20,FRESH,,20.0,NO,300.0
188,02/12/2024,202411,3,1101162557168,21103030045,1731308020769,99765321,105,SURYA NEPAL PVT LTD - NEPAL,SURYA FUSION,SURYA FUSION,320.0,HL 20 NOS,CBP,,,RECODING,5,7,99765090,161.91539,105,SURYA NEPAL PVT LTD - NEPAL,SURYA,SURYA DUAL BURST,HL 20'S,HL,20,FRESH,,20.0,NO,320.0
188,02/12/2024,202411,3,1101162557168,21103030045,1731308020769,99765321,105,SURYA NEPAL PVT LTD - NEPAL,SURYA FUSION,SURYA FUSION,320.0,HL 20 NOS,CBP,,,RECODING,5,8,99764555,162.72592,106,SURYA NEPAL PVT LTD - NEPAL,TOFFICHOO,TOFFICHOO CHATPATA FUN,TOFFICHOO CHATPATA FUN-MASALA PUNCH PCN 720 GM,PLJAR,720.000 GM,MASALA,,720.0,GM,300.0
188,02/12/2024,202411,3,1101162557168,21103030045,1731308020769,99765321,105,SURYA NEPAL PVT LTD - NEPAL,SURYA FUSION,SURYA FUSION,320.0,HL 20 NOS,CBP,,,RECODING,5,9,99765321,163.25668,105,SURYA NEPAL PVT LTD - NEPAL,SURYA,SURYA FUSION,HL 20'S,HL,20,FULL FLAVOUR,,20.0,NO,320.0
188,02/12/2024,202411,3,1101162557168,21103030045,1731308020769,99765321,105,SURYA NEPAL PVT LTD - NEPAL,SURYA FUSION,SURYA FUSION,320.0,HL 20 NOS,CBP,,,RECODING,5,10,99764545,166.38052,106,SURYA NEPAL PVT LTD - NEPAL,TOFFICHOO,TOFFICHOO CHATPATA FUN,TOFFICHOO CHATPATA FUN-MASALA PUNCH PPH 270 GM,PLPCH,270.000 GM,MASALA,,270.0,GM,85.0
189,02/12/2024,202411,3,1025151656416,22711030055,1732862007821,99765321,105,SURYA NEPAL PVT LTD - NEPAL,SURYA FUSION,SURYA FUSION,320.0,20,HL,New SKU,,RECODING,5,1,47592,134.94908,105,SURYA NEPAL PVT LTD - NEPAL,SHIKHAR,SHIKHAR ICE RUSH,HL 20'S,HL,20,FRESH,,20.0,NO,185.0
189,02/12/2024,202411,3,1025151656416,22711030055,1732862007821,99765321,105,SURYA NEPAL PVT LTD - NEPAL,SURYA FUSION,SURYA FUSION,320.0,20,HL,New SKU,,RECODING,5,2,90110247,149.87651,105,SURYA NEPAL PVT LTD - NEPAL,SURYA,SURYA CITRIC FRESH,HL 20'S,HL,20,FRESH,,20.0,NO,300.0
189,02/12/2024,202411,3,1025151656416,22711030055,1732862007821,99765321,105,SURYA NEPAL PVT LTD - NEPAL,SURYA FUSION,SURYA FUSION,320.0,20,HL,New SKU,,RECODING,5,3,99765321,149.94728,105,SURYA NEPAL PVT LTD - NEPAL,SURYA,SURYA FUSION,HL 20'S,HL,20,FULL FLAVOUR,,20.0,NO,320.0
189,02/12/2024,202411,3,1025151656416,22711030055,1732862007821,99765321,105,SURYA NEPAL PVT LTD - NEPAL,SURYA FUSION,SURYA FUSION,320.0,20,HL,New SKU,,RECODING,5,4,46667,151.71756,123,B.S.I PVT LTD-NEPAL,SURYA,SURYA,SURYA-UNWRP 200 GMS,UNWRP,200.000 GM,,,200.0,GM,0.0
189,02/12/2024,202411,3,1025151656416,22711030055,1732862007821,99765321,105,SURYA NEPAL PVT LTD - NEPAL,SURYA FUSION,SURYA FUSION,320.0,20,HL,New SKU,,RECODING,5,5,92923725,152.22037,123,B.S.I PVT LTD-NEPAL,SURYA,SURYA,SURYA-UNWRP 150 GMS,UNWRP,150.000 GM,,,150.0,GM,0.0
189,02/12/2024,202411,3,1025151656416,22711030055,1732862007821,99765321,105,SURYA NEPAL PVT LTD - NEPAL,SURYA FUSION,SURYA FUSION,320.0,20,HL,New SKU,,RECODING,5,6,48587,154.2551,105,SURYA NEPAL PVT LTD - NEPAL,SURYA,SURYA 24 CARAT ARCTIC BURST,HL 20'S,HL,20,FRESH,,20.0,NO,300.0
189,02/12/2024,202411,3,1025151656416,22711030055,1732862007821,99765321,105,SURYA NEPAL PVT LTD - NEPAL,SURYA FUSION,SURYA FUSION,320.0,20,HL,New SKU,,RECODING,5,7,90110238,155.81036,105,SURYA NEPAL PVT LTD - NEPAL,SURYA,SURYA POLAR ICE,HL 20'S,HL,20,FRESH,,20.0,NO,300.0
189,02/12/2024,202411,3,1025151656416,22711030055,1732862007821,99765321,105,SURYA NEPAL PVT LTD - NEPAL,SURYA FUSION,SURYA FUSION,320.0,20,HL,New SKU,,RECODING,5,8,99763869,157.79164,105,SURYA NEPAL PVT LTD - NEPAL,NAULO,NAULO BURST,HL 20'S,HL,20,FRESH,,20.0,NO,175.0
189,02/12/2024,202411,3,1025151656416,22711030055,1732862007821,99765321,105,SURYA NEPAL PVT LTD - NEPAL,SURYA FUSION,SURYA FUSION,320.0,20,HL,New SKU,,RECODING,5,9,90110249,158.64616,105,SURYA NEPAL PVT LTD - NEPAL,SHIKHAR,SHIKHAR TANGY BREEZE,HL 20'S,HL,20,FRESH,,20.0,NO,180.0
189,02/12/2024,202411,3,1025151656416,22711030055,1732862007821,99765321,105,SURYA NEPAL PVT LTD - NEPAL,SURYA FUSION,SURYA FUSION,320.0,20,HL,New SKU,,RECODING,5,10,99765090,159.17177,105,SURYA NEPAL PVT LTD - NEPAL,SURYA,SURYA DUAL BURST,HL 20'S,HL,20,FRESH,,20.0,NO,320.0
190,02/12/2024,202411,3,1025154045540,22711030043,1732862007821,99765321,105,SURYA NEPAL PVT LTD - NEPAL,SURYA FUSION,SURYA FUSION,320.0,20,HL,New SKU,,RECODING,5,1,47592,132.53154,105,SURYA NEPAL PVT LTD - NEPAL,SHIKHAR,SHIKHAR ICE RUSH,HL 20'S,HL,20,FRESH,,20.0,NO,185.0
190,02/12/2024,202411,3,1025154045540,22711030043,1732862007821,99765321,105,SURYA NEPAL PVT LTD - NEPAL,SURYA FUSION,SURYA FUSION,320.0,20,HL,New SKU,,RECODING,5,2,99765321,145.99872,105,SURYA NEPAL PVT LTD - NEPAL,SURYA,SURYA FUSION,HL 20'S,HL,20,FULL FLAVOUR,,20.0,NO,320.0
190,02/12/2024,202411,3,1025154045540,22711030043,1732862007821,99765321,105,SURYA NEPAL PVT LTD - NEPAL,SURYA FUSION,SURYA FUSION,320.0,20,HL,New SKU,,RECODING,5,3,90110247,147.50476,105,SURYA NEPAL PVT LTD - NEPAL,SURYA,SURYA CITRIC FRESH,HL 20'S,HL,20,FRESH,,20.0,NO,300.0
190,02/12/2024,202411,3,1025154045540,22711030043,1732862007821,99765321,105,SURYA NEPAL PVT LTD - NEPAL,SURYA FUSION,SURYA FUSION,320.0,20,HL,New SKU,,RECODING,5,4,46667,149.02939,123,B.S.I PVT LTD-NEPAL,SURYA,SURYA,SURYA-UNWRP 200 GMS,UNWRP,200.000 GM,,,200.0,GM,0.0
190,02/12/2024,202411,3,1025154045540,22711030043,1732862007821,99765321,105,SURYA NEPAL PVT LTD - NEPAL,SURYA FUSION,SURYA FUSION,320.0,20,HL,New SKU,,RECODING,5,5,92923725,149.53355,123,B.S.I PVT LTD-NEPAL,SURYA,SURYA,SURYA-UNWRP 150 GMS,UNWRP,150.000 GM,,,150.0,GM,0.0
190,02/12/2024,202411,3,1025154045540,22711030043,1732862007821,99765321,105,SURYA NEPAL PVT LTD - NEPAL,SURYA FUSION,SURYA FUSION,320.0,20,HL,New SKU,,RECODING,5,6,48587,150.93353,105,SURYA NEPAL PVT LTD - NEPAL,SURYA,SURYA 24 CARAT ARCTIC BURST,HL 20'S,HL,20,FRESH,,20.0,NO,300.0
190,02/12/2024,202411,3,1025154045540,22711030043,1732862007821,99765321,105,SURYA NEPAL PVT LTD - NEPAL,SURYA FUSION,SURYA FUSION,320.0,20,HL,New SKU,,RECODING,5,7,90110238,152.77647,105,SURYA NEPAL PVT LTD - NEPAL,SURYA,SURYA POLAR ICE,HL 20'S,HL,20,FRESH,,20.0,NO,300.0
190,02/12/2024,202411,3,1025154045540,22711030043,1732862007821,99765321,105,SURYA NEPAL PVT LTD - NEPAL,SURYA FUSION,SURYA FUSION,320.0,20,HL,New SKU,,RECODING,5,8,99763869,155.59311,105,SURYA NEPAL PVT LTD - NEPAL,NAULO,NAULO BURST,HL 20'S,HL,20,FRESH,,20.0,NO,175.0
190,02/12/2024,202411,3,1025154045540,22711030043,1732862007821,99765321,105,SURYA NEPAL PVT LTD - NEPAL,SURYA FUSION,SURYA FUSION,320.0,20,HL,New SKU,,RECODING,5,9,90110249,155.93251,105,SURYA NEPAL PVT LTD - NEPAL,SHIKHAR,SHIKHAR TANGY BREEZE,HL 20'S,HL,20,FRESH,,20.0,NO,180.0
190,02/12/2024,202411,3,1025154045540,22711030043,1732862007821,99765321,105,SURYA NEPAL PVT LTD - NEPAL,SURYA FUSION,SURYA FUSION,320.0,20,HL,New SKU,,RECODING,5,10,99765090,156.27753,105,SURYA NEPAL PVT LTD - NEPAL,SURYA,SURYA DUAL BURST,HL 20'S,HL,20,FRESH,,20.0,NO,320.0
191,02/12/2024,202411,3,1026150952023,22711030057,1732862007821,99765321,105,SURYA NEPAL PVT LTD - NEPAL,SURYA FUSION,SURYA FUSION,320.0,20,HL,New SKU,,RECODING,5,1,47592,133.64667,105,SURYA NEPAL PVT LTD - NEPAL,SHIKHAR,SHIKHAR ICE RUSH,HL 20'S,HL,20,FRESH,,20.0,NO,185.0
191,02/12/2024,202411,3,1026150952023,22711030057,1732862007821,99765321,105,SURYA NEPAL PVT LTD - NEPAL,SURYA FUSION,SURYA FUSION,320.0,20,HL,New SKU,,RECODING,5,2,46667,147.53934,123,B.S.I PVT LTD-NEPAL,SURYA,SURYA,SURYA-UNWRP 200 GMS,UNWRP,200.000 GM,,,200.0,GM,0.0
191,02/12/2024,202411,3,1026150952023,22711030057,1732862007821,99765321,105,SURYA NEPAL PVT LTD - NEPAL,SURYA FUSION,SURYA FUSION,320.0,20,HL,New SKU,,RECODING,5,3,92923725,148.10202,123,B.S.I PVT LTD-NEPAL,SURYA,SURYA,SURYA-UNWRP 150 GMS,UNWRP,150.000 GM,,,150.0,GM,0.0
191,02/12/2024,202411,3,1026150952023,22711030057,1732862007821,99765321,105,SURYA NEPAL PVT LTD - NEPAL,SURYA FUSION,SURYA FUSION,320.0,20,HL,New SKU,,RECODING,5,4,90110247,148.5806,105,SURYA NEPAL PVT LTD - NEPAL,SURYA,SURYA CITRIC FRESH,HL 20'S,HL,20,FRESH,,20.0,NO,300.0
191,02/12/2024,202411,3,1026150952023,22711030057,1732862007821,99765321,105,SURYA NEPAL PVT LTD - NEPAL,SURYA FUSION,SURYA FUSION,320.0,20,HL,New SKU,,RECODING,5,5,99765321,150.00327,105,SURYA NEPAL PVT LTD - NEPAL,SURYA,SURYA FUSION,HL 20'S,HL,20,FULL FLAVOUR,,20.0,NO,320.0
191,02/12/2024,202411,3,1026150952023,22711030057,1732862007821,99765321,105,SURYA NEPAL PVT LTD - NEPAL,SURYA FUSION,SURYA FUSION,320.0,20,HL,New SKU,,RECODING,5,6,48587,151.45078,105,SURYA NEPAL PVT LTD - NEPAL,SURYA,SURYA 24 CARAT ARCTIC BURST,HL 20'S,HL,20,FRESH,,20.0,NO,300.0
191,02/12/2024,202411,3,1026150952023,22711030057,1732862007821,99765321,105,SURYA NEPAL PVT LTD - NEPAL,SURYA FUSION,SURYA FUSION,320.0,20,HL,New SKU,,RECODING,5,7,90110238,154.33981,105,SURYA NEPAL PVT LTD - NEPAL,SURYA,SURYA POLAR ICE,HL 20'S,HL,20,FRESH,,20.0,NO,300.0
191,02/12/2024,202411,3,1026150952023,22711030057,1732862007821,99765321,105,SURYA NEPAL PVT LTD - NEPAL,SURYA FUSION,SURYA FUSION,320.0,20,HL,New SKU,,RECODING,5,8,99763869,155.35495,105,SURYA NEPAL PVT LTD - NEPAL,NAULO,NAULO BURST,HL 20'S,HL,20,FRESH,,20.0,NO,175.0
191,02/12/2024,202411,3,1026150952023,22711030057,1732862007821,99765321,105,SURYA NEPAL PVT LTD - NEPAL,SURYA FUSION,SURYA FUSION,320.0,20,HL,New SKU,,RECODING,5,9,90110249,157.29604,105,SURYA NEPAL PVT LTD - NEPAL,SHIKHAR,SHIKHAR TANGY BREEZE,HL 20'S,HL,20,FRESH,,20.0,NO,180.0
191,02/12/2024,202411,3,1026150952023,22711030057,1732862007821,99765321,105,SURYA NEPAL PVT LTD - NEPAL,SURYA FUSION,SURYA FUSION,320.0,20,HL,New SKU,,RECODING,5,10,99765090,157.38136,105,SURYA NEPAL PVT LTD - NEPAL,SURYA,SURYA DUAL BURST,HL 20'S,HL,20,FRESH,,20.0,NO,320.0
192,02/12/2024,202411,3,1025155100093,22711030054,1732862007821,99765321,105,SURYA NEPAL PVT LTD - NEPAL,SURYA FUSION,SURYA FUSION,320.0,20,HL,New SKU,,RECODING,5,1,47592,132.8654,105,SURYA NEPAL PVT LTD - NEPAL,SHIKHAR,SHIKHAR ICE RUSH,HL 20'S,HL,20,FRESH,,20.0,NO,185.0
192,02/12/2024,202411,3,1025155100093,22711030054,1732862007821,99765321,105,SURYA NEPAL PVT LTD - NEPAL,SURYA FUSION,SURYA FUSION,320.0,20,HL,New SKU,,RECODING,5,2,99765321,147.53444,105,SURYA NEPAL PVT LTD - NEPAL,SURYA,SURYA FUSION,HL 20'S,HL,20,FULL FLAVOUR,,20.0,NO,320.0
192,02/12/2024,202411,3,1025155100093,22711030054,1732862007821,99765321,105,SURYA NEPAL PVT LTD - NEPAL,SURYA FUSION,SURYA FUSION,320.0,20,HL,New SKU,,RECODING,5,3,90110247,147.97897,105,SURYA NEPAL PVT LTD - NEPAL,SURYA,SURYA CITRIC FRESH,HL 20'S,HL,20,FRESH,,20.0,NO,300.0
192,02/12/2024,202411,3,1025155100093,22711030054,1732862007821,99765321,105,SURYA NEPAL PVT LTD - NEPAL,SURYA FUSION,SURYA FUSION,320.0,20,HL,New SKU,,RECODING,5,4,46667,150.83093,123,B.S.I PVT LTD-NEPAL,SURYA,SURYA,SURYA-UNWRP 200 GMS,UNWRP,200.000 GM,,,200.0,GM,0.0
192,02/12/2024,202411,3,1025155100093,22711030054,1732862007821,99765321,105,SURYA NEPAL PVT LTD - NEPAL,SURYA FUSION,SURYA FUSION,320.0,20,HL,New SKU,,RECODING,5,5,92923725,151.41843,123,B.S.I PVT LTD-NEPAL,SURYA,SURYA,SURYA-UNWRP 150 GMS,UNWRP,150.000 GM,,,150.0,GM,0.0
192,02/12/2024,202411,3,1025155100093,22711030054,1732862007821,99765321,105,SURYA NEPAL PVT LTD - NEPAL,SURYA FUSION,SURYA FUSION,320.0,20,HL,New SKU,,RECODING,5,6,48587,152.28622,105,SURYA NEPAL PVT LTD - NEPAL,SURYA,SURYA 24 CARAT ARCTIC BURST,HL 20'S,HL,20,FRESH,,20.0,NO,300.0
192,02/12/2024,202411,3,1025155100093,22711030054,1732862007821,99765321,105,SURYA NEPAL PVT LTD - NEPAL,SURYA FUSION,SURYA FUSION,320.0,20,HL,New SKU,,RECODING,5,7,90110238,154.12802,105,SURYA NEPAL PVT LTD - NEPAL,SURYA,SURYA POLAR ICE,HL 20'S,HL,20,FRESH,,20.0,NO,300.0
192,02/12/2024,202411,3,1025155100093,22711030054,1732862007821,99765321,105,SURYA NEPAL PVT LTD - NEPAL,SURYA FUSION,SURYA FUSION,320.0,20,HL,New SKU,,RECODING,5,8,99763869,155.4495,105,SURYA NEPAL PVT LTD - NEPAL,NAULO,NAULO BURST,HL 20'S,HL,20,FRESH,,20.0,NO,175.0
192,02/12/2024,202411,3,1025155100093,22711030054,1732862007821,99765321,105,SURYA NEPAL PVT LTD - NEPAL,SURYA FUSION,SURYA FUSION,320.0,20,HL,New SKU,,RECODING,5,9,90110249,155.84279,105,SURYA NEPAL PVT LTD - NEPAL,SHIKHAR,SHIKHAR TANGY BREEZE,HL 20'S,HL,20,FRESH,,20.0,NO,180.0
192,02/12/2024,202411,3,1025155100093,22711030054,1732862007821,99765321,105,SURYA NEPAL PVT LTD - NEPAL,SURYA FUSION,SURYA FUSION,320.0,20,HL,New SKU,,RECODING,5,10,99765090,156.99918,105,SURYA NEPAL PVT LTD - NEPAL,SURYA,SURYA DUAL BURST,HL 20'S,HL,20,FRESH,,20.0,NO,320.0
193,02/12/2024,202411,3,1025155528865,22711030056,1732862007821,99765321,105,SURYA NEPAL PVT LTD - NEPAL,SURYA FUSION,SURYA FUSION,320.0,20,HL,New SKU,,RECODING,5,1,47592,132.25168,105,SURYA NEPAL PVT LTD - NEPAL,SHIKHAR,SHIKHAR ICE RUSH,HL 20'S,HL,20,FRESH,,20.0,NO,185.0
193,02/12/2024,202411,3,1025155528865,22711030056,1732862007821,99765321,105,SURYA NEPAL PVT LTD - NEPAL,SURYA FUSION,SURYA FUSION,320.0,20,HL,New SKU,,RECODING,5,2,99765321,146.56995,105,SURYA NEPAL PVT LTD - NEPAL,SURYA,SURYA FUSION,HL 20'S,HL,20,FULL FLAVOUR,,20.0,NO,320.0
193,02/12/2024,202411,3,1025155528865,22711030056,1732862007821,99765321,105,SURYA NEPAL PVT LTD - NEPAL,SURYA FUSION,SURYA FUSION,320.0,20,HL,New SKU,,RECODING,5,3,90110247,147.23424,105,SURYA NEPAL PVT LTD - NEPAL,SURYA,SURYA CITRIC FRESH,HL 20'S,HL,20,FRESH,,20.0,NO,300.0
193,02/12/2024,202411,3,1025155528865,22711030056,1732862007821,99765321,105,SURYA NEPAL PVT LTD - NEPAL,SURYA FUSION,SURYA FUSION,320.0,20,HL,New SKU,,RECODING,5,4,46667,148.60501,123,B.S.I PVT LTD-NEPAL,SURYA,SURYA,SURYA-UNWRP 200 GMS,UNWRP,200.000 GM,,,200.0,GM,0.0
193,02/12/2024,202411,3,1025155528865,22711030056,1732862007821,99765321,105,SURYA NEPAL PVT LTD - NEPAL,SURYA FUSION,SURYA FUSION,320.0,20,HL,New SKU,,RECODING,5,5,92923725,149.44888,123,B.S.I PVT LTD-NEPAL,SURYA,SURYA,SURYA-UNWRP 150 GMS,UNWRP,150.000 GM,,,150.0,GM,0.0
193,02/12/2024,202411,3,1025155528865,22711030056,1732862007821,99765321,105,SURYA NEPAL PVT LTD - NEPAL,SURYA FUSION,SURYA FUSION,320.0,20,HL,New SKU,,RECODING,5,6,48587,150.76434,105,SURYA NEPAL PVT LTD - NEPAL,SURYA,SURYA 24 CARAT ARCTIC BURST,HL 20'S,HL,20,FRESH,,20.0,NO,300.0
193,02/12/2024,202411,3,1025155528865,22711030056,1732862007821,99765321,105,SURYA NEPAL PVT LTD - NEPAL,SURYA FUSION,SURYA FUSION,320.0,20,HL,New SKU,,RECODING,5,7,90110238,153.15027,105,SURYA NEPAL PVT LTD - NEPAL,SURYA,SURYA POLAR ICE,HL 20'S,HL,20,FRESH,,20.0,NO,300.0
193,02/12/2024,202411,3,1025155528865,22711030056,1732862007821,99765321,105,SURYA NEPAL PVT LTD - NEPAL,SURYA FUSION,SURYA FUSION,320.0,20,HL,New SKU,,RECODING,5,8,99763869,154.78662,105,SURYA NEPAL PVT LTD - NEPAL,NAULO,NAULO BURST,HL 20'S,HL,20,FRESH,,20.0,NO,175.0
193,02/12/2024,202411,3,1025155528865,22711030056,1732862007821,99765321,105,SURYA NEPAL PVT LTD - NEPAL,SURYA FUSION,SURYA FUSION,320.0,20,HL,New SKU,,RECODING,5,9,90110249,155.22571,105,SURYA NEPAL PVT LTD - NEPAL,SHIKHAR,SHIKHAR TANGY BREEZE,HL 20'S,HL,20,FRESH,,20.0,NO,180.0
193,02/12/2024,202411,3,1025155528865,22711030056,1732862007821,99765321,105,SURYA NEPAL PVT LTD - NEPAL,SURYA FUSION,SURYA FUSION,320.0,20,HL,New SKU,,RECODING,5,10,99765090,156.54272,105,SURYA NEPAL PVT LTD - NEPAL,SURYA,SURYA DUAL BURST,HL 20'S,HL,20,FRESH,,20.0,NO,320.0
194,02/12/2024,202411,3,1027132233767,22711030050,1732862007821,99765321,105,SURYA NEPAL PVT LTD - NEPAL,SURYA FUSION,SURYA FUSION,320.0,20,HL,New SKU,,RECODING,5,1,47592,134.7409,105,SURYA NEPAL PVT LTD - NEPAL,SHIKHAR,SHIKHAR ICE RUSH,HL 20'S,HL,20,FRESH,,20.0,NO,185.0
194,02/12/2024,202411,3,1027132233767,22711030050,1732862007821,99765321,105,SURYA NEPAL PVT LTD - NEPAL,SURYA FUSION,SURYA FUSION,320.0,20,HL,New SKU,,RECODING,5,2,46667,148.54532,123,B.S.I PVT LTD-NEPAL,SURYA,SURYA,SURYA-UNWRP 200 GMS,UNWRP,200.000 GM,,,200.0,GM,0.0
194,02/12/2024,202411,3,1027132233767,22711030050,1732862007821,99765321,105,SURYA NEPAL PVT LTD - NEPAL,SURYA FUSION,SURYA FUSION,320.0,20,HL,New SKU,,RECODING,5,3,92923725,149.50708,123,B.S.I PVT LTD-NEPAL,SURYA,SURYA,SURYA-UNWRP 150 GMS,UNWRP,150.000 GM,,,150.0,GM,0.0
194,02/12/2024,202411,3,1027132233767,22711030050,1732862007821,99765321,105,SURYA NEPAL PVT LTD - NEPAL,SURYA FUSION,SURYA FUSION,320.0,20,HL,New SKU,,RECODING,5,4,90110247,149.78073,105,SURYA NEPAL PVT LTD - NEPAL,SURYA,SURYA CITRIC FRESH,HL 20'S,HL,20,FRESH,,20.0,NO,300.0
194,02/12/2024,202411,3,1027132233767,22711030050,1732862007821,99765321,105,SURYA NEPAL PVT LTD - NEPAL,SURYA FUSION,SURYA FUSION,320.0,20,HL,New SKU,,RECODING,5,5,99765321,152.35162,105,SURYA NEPAL PVT LTD - NEPAL,SURYA,SURYA FUSION,HL 20'S,HL,20,FULL FLAVOUR,,20.0,NO,320.0
194,02/12/2024,202411,3,1027132233767,22711030050,1732862007821,99765321,105,SURYA NEPAL PVT LTD - NEPAL,SURYA FUSION,SURYA FUSION,320.0,20,HL,New SKU,,RECODING,5,6,48587,153.75464,105,SURYA NEPAL PVT LTD - NEPAL,SURYA,SURYA 24 CARAT ARCTIC BURST,HL 20'S,HL,20,FRESH,,20.0,NO,300.0
194,02/12/2024,202411,3,1027132233767,22711030050,1732862007821,99765321,105,SURYA NEPAL PVT LTD - NEPAL,SURYA FUSION,SURYA FUSION,320.0,20,HL,New SKU,,RECODING,5,7,90110238,155.40474,105,SURYA NEPAL PVT LTD - NEPAL,SURYA,SURYA POLAR ICE,HL 20'S,HL,20,FRESH,,20.0,NO,300.0
194,02/12/2024,202411,3,1027132233767,22711030050,1732862007821,99765321,105,SURYA NEPAL PVT LTD - NEPAL,SURYA FUSION,SURYA FUSION,320.0,20,HL,New SKU,,RECODING,5,8,99763869,156.71828,105,SURYA NEPAL PVT LTD - NEPAL,NAULO,NAULO BURST,HL 20'S,HL,20,FRESH,,20.0,NO,175.0
194,02/12/2024,202411,3,1027132233767,22711030050,1732862007821,99765321,105,SURYA NEPAL PVT LTD - NEPAL,SURYA FUSION,SURYA FUSION,320.0,20,HL,New SKU,,RECODING,5,9,90110249,158.68057,105,SURYA NEPAL PVT LTD - NEPAL,SHIKHAR,SHIKHAR TANGY BREEZE,HL 20'S,HL,20,FRESH,,20.0,NO,180.0
194,02/12/2024,202411,3,1027132233767,22711030050,1732862007821,99765321,105,SURYA NEPAL PVT LTD - NEPAL,SURYA FUSION,SURYA FUSION,320.0,20,HL,New SKU,,RECODING,5,10,99765090,159.4748,105,SURYA NEPAL PVT LTD - NEPAL,SURYA,SURYA DUAL BURST,HL 20'S,HL,20,FRESH,,20.0,NO,320.0
195,02/12/2024,202411,3,1023140421012,22711030012,1732862007821,99765321,105,SURYA NEPAL PVT LTD - NEPAL,SURYA FUSION,SURYA FUSION,320.0,20,HL,New SKU,,RECODING,5,1,47592,132.22102,105,SURYA NEPAL PVT LTD - NEPAL,SHIKHAR,SHIKHAR ICE RUSH,HL 20'S,HL,20,FRESH,,20.0,NO,185.0
195,02/12/2024,202411,3,1023140421012,22711030012,1732862007821,99765321,105,SURYA NEPAL PVT LTD - NEPAL,SURYA FUSION,SURYA FUSION,320.0,20,HL,New SKU,,RECODING,5,2,90110247,147.13971,105,SURYA NEPAL PVT LTD - NEPAL,SURYA,SURYA CITRIC FRESH,HL 20'S,HL,20,FRESH,,20.0,NO,300.0
195,02/12/2024,202411,3,1023140421012,22711030012,1732862007821,99765321,105,SURYA NEPAL PVT LTD - NEPAL,SURYA FUSION,SURYA FUSION,320.0,20,HL,New SKU,,RECODING,5,3,99765321,147.75488,105,SURYA NEPAL PVT LTD - NEPAL,SURYA,SURYA FUSION,HL 20'S,HL,20,FULL FLAVOUR,,20.0,NO,320.0
195,02/12/2024,202411,3,1023140421012,22711030012,1732862007821,99765321,105,SURYA NEPAL PVT LTD - NEPAL,SURYA FUSION,SURYA FUSION,320.0,20,HL,New SKU,,RECODING,5,4,92923725,149.62254,123,B.S.I PVT LTD-NEPAL,SURYA,SURYA,SURYA-UNWRP 150 GMS,UNWRP,150.000 GM,,,150.0,GM,0.0
195,02/12/2024,202411,3,1023140421012,22711030012,1732862007821,99765321,105,SURYA NEPAL PVT LTD - NEPAL,SURYA FUSION,SURYA FUSION,320.0,20,HL,New SKU,,RECODING,5,5,46667,149.99326,123,B.S.I PVT LTD-NEPAL,SURYA,SURYA,SURYA-UNWRP 200 GMS,UNWRP,200.000 GM,,,200.0,GM,0.0
195,02/12/2024,202411,3,1023140421012,22711030012,1732862007821,99765321,105,SURYA NEPAL PVT LTD - NEPAL,SURYA FUSION,SURYA FUSION,320.0,20,HL,New SKU,,RECODING,5,6,48587,151.81538,105,SURYA NEPAL PVT LTD - NEPAL,SURYA,SURYA 24 CARAT ARCTIC BURST,HL 20'S,HL,20,FRESH,,20.0,NO,300.0
195,02/12/2024,202411,3,1023140421012,22711030012,1732862007821,99765321,105,SURYA NEPAL PVT LTD - NEPAL,SURYA FUSION,SURYA FUSION,320.0,20,HL,New SKU,,RECODING,5,7,90110238,152.58961,105,SURYA NEPAL PVT LTD - NEPAL,SURYA,SURYA POLAR ICE,HL 20'S,HL,20,FRESH,,20.0,NO,300.0
195,02/12/2024,202411,3,1023140421012,22711030012,1732862007821,99765321,105,SURYA NEPAL PVT LTD - NEPAL,SURYA FUSION,SURYA FUSION,320.0,20,HL,New SKU,,RECODING,5,8,99763869,155.37674,105,SURYA NEPAL PVT LTD - NEPAL,NAULO,NAULO BURST,HL 20'S,HL,20,FRESH,,20.0,NO,175.0
195,02/12/2024,202411,3,1023140421012,22711030012,1732862007821,99765321,105,SURYA NEPAL PVT LTD - NEPAL,SURYA FUSION,SURYA FUSION,320.0,20,HL,New SKU,,RECODING,5,9,90110249,155.89926,105,SURYA NEPAL PVT LTD - NEPAL,SHIKHAR,SHIKHAR TANGY BREEZE,HL 20'S,HL,20,FRESH,,20.0,NO,180.0
195,02/12/2024,202411,3,1023140421012,22711030012,1732862007821,99765321,105,SURYA NEPAL PVT LTD - NEPAL,SURYA FUSION,SURYA FUSION,320.0,20,HL,New SKU,,RECODING,5,10,99765090,157.2003,105,SURYA NEPAL PVT LTD - NEPAL,SURYA,SURYA DUAL BURST,HL 20'S,HL,20,FRESH,,20.0,NO,320.0
196,02/12/2024,202411,3,1025163212595,22711030053,1732862007821,99765321,105,SURYA NEPAL PVT LTD - NEPAL,SURYA FUSION,SURYA FUSION,320.0,20,HL,New SKU,1732862007821-surya nepal pvt ltd - nepal-surya fusion#3.png,RECODING,5,1,46667,144.45265,123,B.S.I PVT LTD-NEPAL,SURYA,SURYA,SURYA-UNWRP 200 GMS,UNWRP,200.000 GM,,,200.0,GM,0.0
196,02/12/2024,202411,3,1025163212595,22711030053,1732862007821,99765321,105,SURYA NEPAL PVT LTD - NEPAL,SURYA FUSION,SURYA FUSION,320.0,20,HL,New SKU,1732862007821-surya nepal pvt ltd - nepal-surya fusion#3.png,RECODING,5,2,92923725,148.25449,123,B.S.I PVT LTD-NEPAL,SURYA,SURYA,SURYA-UNWRP 150 GMS,UNWRP,150.000 GM,,,150.0,GM,0.0
196,02/12/2024,202411,3,1025163212595,22711030053,1732862007821,99765321,105,SURYA NEPAL PVT LTD - NEPAL,SURYA FUSION,SURYA FUSION,320.0,20,HL,New SKU,1732862007821-surya nepal pvt ltd - nepal-surya fusion#3.png,RECODING,5,3,99765321,163.0005,105,SURYA NEPAL PVT LTD - NEPAL,SURYA,SURYA FUSION,HL 20'S,HL,20,FULL FLAVOUR,,20.0,NO,320.0
196,02/12/2024,202411,3,1025163212595,22711030053,1732862007821,99765321,105,SURYA NEPAL PVT LTD - NEPAL,SURYA FUSION,SURYA FUSION,320.0,20,HL,New SKU,1732862007821-surya nepal pvt ltd - nepal-surya fusion#3.png,RECODING,5,4,99764555,163.43765,106,SURYA NEPAL PVT LTD - NEPAL,TOFFICHOO,TOFFICHOO CHATPATA FUN,TOFFICHOO CHATPATA FUN-MASALA PUNCH PCN 720 GM,PLJAR,720.000 GM,MASALA,,720.0,GM,300.0
196,02/12/2024,202411,3,1025163212595,22711030053,1732862007821,99765321,105,SURYA NEPAL PVT LTD - NEPAL,SURYA FUSION,SURYA FUSION,320.0,20,HL,New SKU,1732862007821-surya nepal pvt ltd - nepal-surya fusion#3.png,RECODING,5,5,47592,164.17935,105,SURYA NEPAL PVT LTD - NEPAL,SHIKHAR,SHIKHAR ICE RUSH,HL 20'S,HL,20,FRESH,,20.0,NO,185.0
196,02/12/2024,202411,3,1025163212595,22711030053,1732862007821,99765321,105,SURYA NEPAL PVT LTD - NEPAL,SURYA FUSION,SURYA FUSION,320.0,20,HL,New SKU,1732862007821-surya nepal pvt ltd - nepal-surya fusion#3.png,RECODING,5,6,99764653,165.08391,106,SURYA NEPAL PVT LTD - NEPAL,TOFFICHOO,TOFFICHOO FRUITY DELITE,TOFFICHOO FRUITY DELITE-ASSORTED PCN 600 GM,PLJAR,600.000 GM,ASSORTED,,600.0,GM,400.0
196,02/12/2024,202411,3,1025163212595,22711030053,1732862007821,99765321,105,SURYA NEPAL PVT LTD - NEPAL,SURYA FUSION,SURYA FUSION,320.0,20,HL,New SKU,1732862007821-surya nepal pvt ltd - nepal-surya fusion#3.png,RECODING,5,7,99762790,166.86325,106,SURYA NEPAL PVT LTD - NEPAL,TOFFICHOO,TOFFICHOO CRÈME LACTO,TOFFICHOO CRÈME LACTO-PPH 4 GM,PLPCH,4.000 GM,UNSPECIFIED,,4.0,GM,2.0
196,02/12/2024,202411,3,1025163212595,22711030053,1732862007821,99765321,105,SURYA NEPAL PVT LTD - NEPAL,SURYA FUSION,SURYA FUSION,320.0,20,HL,New SKU,1732862007821-surya nepal pvt ltd - nepal-surya fusion#3.png,RECODING,5,8,53474,168.30832,123,K.S.C.I(P) LTD-NEPAL,PARIJAT,PARIJAT,PARIJAT-UNWRP 200 GM,UNWRP,200.000 GM,,,200.0,GM,0.0
196,02/12/2024,202411,3,1025163212595,22711030053,1732862007821,99765321,105,SURYA NEPAL PVT LTD - NEPAL,SURYA FUSION,SURYA FUSION,320.0,20,HL,New SKU,1732862007821-surya nepal pvt ltd - nepal-surya fusion#3.png,RECODING,5,9,99764789,168.7546,106,SURYA NEPAL PVT LTD - NEPAL,TOFFICHOO,TOFFICHOO DUOZ,TOFFICHOO DUOZ-STRAWBERRY PCN 720 GM,PLJAR,720.000 GM,STRAWBERRY,,720.0,GM,400.0
196,02/12/2024,202411,3,1025163212595,22711030053,1732862007821,99765321,105,SURYA NEPAL PVT LTD - NEPAL,SURYA FUSION,SURYA FUSION,320.0,20,HL,New SKU,1732862007821-surya nepal pvt ltd - nepal-surya fusion#3.png,RECODING,5,10,99764612,168.90466,106,SURYA NEPAL PVT LTD - NEPAL,TOFFICHOO TADKA,TOFFICHOO TADKA,TOFFICHOO TADKA-CHAT MASALA LITCHI PCN 760GM,PLJAR,760.000 GM,LYCHEE,,760.0,GM,500.0
197,02/12/2024,202411,3,1024152716948,22711030048,1732862007821,99765321,105,SURYA NEPAL PVT LTD - NEPAL,SURYA FUSION,SURYA FUSION,320.0,20,HL,New SKU,,RECODING,5,1,47592,133.65677,105,SURYA NEPAL PVT LTD - NEPAL,SHIKHAR,SHIKHAR ICE RUSH,HL 20'S,HL,20,FRESH,,20.0,NO,185.0
197,02/12/2024,202411,3,1024152716948,22711030048,1732862007821,99765321,105,SURYA NEPAL PVT LTD - NEPAL,SURYA FUSION,SURYA FUSION,320.0,20,HL,New SKU,,RECODING,5,2,90110247,148.31097,105,SURYA NEPAL PVT LTD - NEPAL,SURYA,SURYA CITRIC FRESH,HL 20'S,HL,20,FRESH,,20.0,NO,300.0
197,02/12/2024,202411,3,1024152716948,22711030048,1732862007821,99765321,105,SURYA NEPAL PVT LTD - NEPAL,SURYA FUSION,SURYA FUSION,320.0,20,HL,New SKU,,RECODING,5,3,99765321,148.42068,105,SURYA NEPAL PVT LTD - NEPAL,SURYA,SURYA FUSION,HL 20'S,HL,20,FULL FLAVOUR,,20.0,NO,320.0
197,02/12/2024,202411,3,1024152716948,22711030048,1732862007821,99765321,105,SURYA NEPAL PVT LTD - NEPAL,SURYA FUSION,SURYA FUSION,320.0,20,HL,New SKU,,RECODING,5,4,46667,149.32994,123,B.S.I PVT LTD-NEPAL,SURYA,SURYA,SURYA-UNWRP 200 GMS,UNWRP,200.000 GM,,,200.0,GM,0.0
197,02/12/2024,202411,3,1024152716948,22711030048,1732862007821,99765321,105,SURYA NEPAL PVT LTD - NEPAL,SURYA FUSION,SURYA FUSION,320.0,20,HL,New SKU,,RECODING,5,5,92923725,150.47746,123,B.S.I PVT LTD-NEPAL,SURYA,SURYA,SURYA-UNWRP 150 GMS,UNWRP,150.000 GM,,,150.0,GM,0.0
197,02/12/2024,202411,3,1024152716948,22711030048,1732862007821,99765321,105,SURYA NEPAL PVT LTD - NEPAL,SURYA FUSION,SURYA FUSION,320.0,20,HL,New SKU,,RECODING,5,6,48587,152.33533,105,SURYA NEPAL PVT LTD - NEPAL,SURYA,SURYA 24 CARAT ARCTIC BURST,HL 20'S,HL,20,FRESH,,20.0,NO,300.0
197,02/12/2024,202411,3,1024152716948,22711030048,1732862007821,99765321,105,SURYA NEPAL PVT LTD - NEPAL,SURYA FUSION,SURYA FUSION,320.0,20,HL,New SKU,,RECODING,5,7,90110238,153.84012,105,SURYA NEPAL PVT LTD - NEPAL,SURYA,SURYA POLAR ICE,HL 20'S,HL,20,FRESH,,20.0,NO,300.0
197,02/12/2024,202411,3,1024152716948,22711030048,1732862007821,99765321,105,SURYA NEPAL PVT LTD - NEPAL,SURYA FUSION,SURYA FUSION,320.0,20,HL,New SKU,,RECODING,5,8,99763869,156.57755,105,SURYA NEPAL PVT LTD - NEPAL,NAULO,NAULO BURST,HL 20'S,HL,20,FRESH,,20.0,NO,175.0
197,02/12/2024,202411,3,1024152716948,22711030048,1732862007821,99765321,105,SURYA NEPAL PVT LTD - NEPAL,SURYA FUSION,SURYA FUSION,320.0,20,HL,New SKU,,RECODING,5,9,90110249,157.17813,105,SURYA NEPAL PVT LTD - NEPAL,SHIKHAR,SHIKHAR TANGY BREEZE,HL 20'S,HL,20,FRESH,,20.0,NO,180.0
197,02/12/2024,202411,3,1024152716948,22711030048,1732862007821,99765321,105,SURYA NEPAL PVT LTD - NEPAL,SURYA FUSION,SURYA FUSION,320.0,20,HL,New SKU,,RECODING,5,10,99765090,157.75438,105,SURYA NEPAL PVT LTD - NEPAL,SURYA,SURYA DUAL BURST,HL 20'S,HL,20,FRESH,,20.0,NO,320.0
198,02/12/2024,202411,3,1022174634184,21104030063,1732537658621,99765321,105,SURYA NEPAL PVT LTD - NEPAL,SURYA FUSION,SURYA FUSION,320.0,20K'S,FLT,New SKU,,RECODING,5,1,47592,132.37012,105,SURYA NEPAL PVT LTD - NEPAL,SHIKHAR,SHIKHAR ICE RUSH,HL 20'S,HL,20,FRESH,,20.0,NO,185.0
198,02/12/2024,202411,3,1022174634184,21104030063,1732537658621,99765321,105,SURYA NEPAL PVT LTD - NEPAL,SURYA FUSION,SURYA FUSION,320.0,20K'S,FLT,New SKU,,RECODING,5,2,99765321,147.18185,105,SURYA NEPAL PVT LTD - NEPAL,SURYA,SURYA FUSION,HL 20'S,HL,20,FULL FLAVOUR,,20.0,NO,320.0
198,02/12/2024,202411,3,1022174634184,21104030063,1732537658621,99765321,105,SURYA NEPAL PVT LTD - NEPAL,SURYA FUSION,SURYA FUSION,320.0,20K'S,FLT,New SKU,,RECODING,5,3,90110247,151.69025,105,SURYA NEPAL PVT LTD - NEPAL,SURYA,SURYA CITRIC FRESH,HL 20'S,HL,20,FRESH,,20.0,NO,300.0
198,02/12/2024,202411,3,1022174634184,21104030063,1732537658621,99765321,105,SURYA NEPAL PVT LTD - NEPAL,SURYA FUSION,SURYA FUSION,320.0,20K'S,FLT,New SKU,,RECODING,5,4,90110238,152.09238,105,SURYA NEPAL PVT LTD - NEPAL,SURYA,SURYA POLAR ICE,HL 20'S,HL,20,FRESH,,20.0,NO,300.0
198,02/12/2024,202411,3,1022174634184,21104030063,1732537658621,99765321,105,SURYA NEPAL PVT LTD - NEPAL,SURYA FUSION,SURYA FUSION,320.0,20K'S,FLT,New SKU,,RECODING,5,5,48587,152.38217,105,SURYA NEPAL PVT LTD - NEPAL,SURYA,SURYA 24 CARAT ARCTIC BURST,HL 20'S,HL,20,FRESH,,20.0,NO,300.0
198,02/12/2024,202411,3,1022174634184,21104030063,1732537658621,99765321,105,SURYA NEPAL PVT LTD - NEPAL,SURYA FUSION,SURYA FUSION,320.0,20K'S,FLT,New SKU,,RECODING,5,6,46667,152.49628,123,B.S.I PVT LTD-NEPAL,SURYA,SURYA,SURYA-UNWRP 200 GMS,UNWRP,200.000 GM,,,200.0,GM,0.0
198,02/12/2024,202411,3,1022174634184,21104030063,1732537658621,99765321,105,SURYA NEPAL PVT LTD - NEPAL,SURYA FUSION,SURYA FUSION,320.0,20K'S,FLT,New SKU,,RECODING,5,7,92923725,153.00607,123,B.S.I PVT LTD-NEPAL,SURYA,SURYA,SURYA-UNWRP 150 GMS,UNWRP,150.000 GM,,,150.0,GM,0.0
198,02/12/2024,202411,3,1022174634184,21104030063,1732537658621,99765321,105,SURYA NEPAL PVT LTD - NEPAL,SURYA FUSION,SURYA FUSION,320.0,20K'S,FLT,New SKU,,RECODING,5,8,90110249,153.44357,105,SURYA NEPAL PVT LTD - NEPAL,SHIKHAR,SHIKHAR TANGY BREEZE,HL 20'S,HL,20,FRESH,,20.0,NO,180.0
198,02/12/2024,202411,3,1022174634184,21104030063,1732537658621,99765321,105,SURYA NEPAL PVT LTD - NEPAL,SURYA FUSION,SURYA FUSION,320.0,20K'S,FLT,New SKU,,RECODING,5,9,90110239,157.05566,105,SURYA NEPAL PVT LTD - NEPAL,SURYA,SURYA LEGEND,SB 20'S,SB,20,FULL FLAVOUR,,20.0,NO,320.0
198,02/12/2024,202411,3,1022174634184,21104030063,1732537658621,99765321,105,SURYA NEPAL PVT LTD - NEPAL,SURYA FUSION,SURYA FUSION,320.0,20K'S,FLT,New SKU,,RECODING,5,10,99765090,157.11487,105,SURYA NEPAL PVT LTD - NEPAL,SURYA,SURYA DUAL BURST,HL 20'S,HL,20,FRESH,,20.0,NO,320.0
199,02/12/2024,202411,3,1022163031508,21104030068,1732537658621,99765321,105,SURYA NEPAL PVT LTD - NEPAL,SURYA FUSION,SURYA FUSION,320.0,20K'S,FLT,New SKU,,RECODING,5,1,47592,131.88889,105,SURYA NEPAL PVT LTD - NEPAL,SHIKHAR,SHIKHAR ICE RUSH,HL 20'S,HL,20,FRESH,,20.0,NO,185.0
199,02/12/2024,202411,3,1022163031508,21104030068,1732537658621,99765321,105,SURYA NEPAL PVT LTD - NEPAL,SURYA FUSION,SURYA FUSION,320.0,20K'S,FLT,New SKU,,RECODING,5,2,99765321,145.86987,105,SURYA NEPAL PVT LTD - NEPAL,SURYA,SURYA FUSION,HL 20'S,HL,20,FULL FLAVOUR,,20.0,NO,320.0
199,02/12/2024,202411,3,1022163031508,21104030068,1732537658621,99765321,105,SURYA NEPAL PVT LTD - NEPAL,SURYA FUSION,SURYA FUSION,320.0,20K'S,FLT,New SKU,,RECODING,5,3,90110247,150.99997,105,SURYA NEPAL PVT LTD - NEPAL,SURYA,SURYA CITRIC FRESH,HL 20'S,HL,20,FRESH,,20.0,NO,300.0
199,02/12/2024,202411,3,1022163031508,21104030068,1732537658621,99765321,105,SURYA NEPAL PVT LTD - NEPAL,SURYA FUSION,SURYA FUSION,320.0,20K'S,FLT,New SKU,,RECODING,5,4,90110238,151.31367,105,SURYA NEPAL PVT LTD - NEPAL,SURYA,SURYA POLAR ICE,HL 20'S,HL,20,FRESH,,20.0,NO,300.0
199,02/12/2024,202411,3,1022163031508,21104030068,1732537658621,99765321,105,SURYA NEPAL PVT LTD - NEPAL,SURYA FUSION,SURYA FUSION,320.0,20K'S,FLT,New SKU,,RECODING,5,5,48587,151.34862,105,SURYA NEPAL PVT LTD - NEPAL,SURYA,SURYA 24 CARAT ARCTIC BURST,HL 20'S,HL,20,FRESH,,20.0,NO,300.0
199,02/12/2024,202411,3,1022163031508,21104030068,1732537658621,99765321,105,SURYA NEPAL PVT LTD - NEPAL,SURYA FUSION,SURYA FUSION,320.0,20K'S,FLT,New SKU,,RECODING,5,6,92923725,152.22528,123,B.S.I PVT LTD-NEPAL,SURYA,SURYA,SURYA-UNWRP 150 GMS,UNWRP,150.000 GM,,,150.0,GM,0.0
199,02/12/2024,202411,3,1022163031508,21104030068,1732537658621,99765321,105,SURYA NEPAL PVT LTD - NEPAL,SURYA FUSION,SURYA FUSION,320.0,20K'S,FLT,New SKU,,RECODING,5,7,46667,152.47792,123,B.S.I PVT LTD-NEPAL,SURYA,SURYA,SURYA-UNWRP 200 GMS,UNWRP,200.000 GM,,,200.0,GM,0.0
199,02/12/2024,202411,3,1022163031508,21104030068,1732537658621,99765321,105,SURYA NEPAL PVT LTD - NEPAL,SURYA FUSION,SURYA FUSION,320.0,20K'S,FLT,New SKU,,RECODING,5,8,90110249,153.2169,105,SURYA NEPAL PVT LTD - NEPAL,SHIKHAR,SHIKHAR TANGY BREEZE,HL 20'S,HL,20,FRESH,,20.0,NO,180.0
199,02/12/2024,202411,3,1022163031508,21104030068,1732537658621,99765321,105,SURYA NEPAL PVT LTD - NEPAL,SURYA FUSION,SURYA FUSION,320.0,20K'S,FLT,New SKU,,RECODING,5,9,90110239,156.49329,105,SURYA NEPAL PVT LTD - NEPAL,SURYA,SURYA LEGEND,SB 20'S,SB,20,FULL FLAVOUR,,20.0,NO,320.0
199,02/12/2024,202411,3,1022163031508,21104030068,1732537658621,99765321,105,SURYA NEPAL PVT LTD - NEPAL,SURYA FUSION,SURYA FUSION,320.0,20K'S,FLT,New SKU,,RECODING,5,10,99765090,156.64697,105,SURYA NEPAL PVT LTD - NEPAL,SURYA,SURYA DUAL BURST,HL 20'S,HL,20,FRESH,,20.0,NO,320.0
200,02/12/2024,202411,3,1022143034199,21104030030,1732885438981,99765328,105,SURYA NEPAL PVT LTD - NEPAL,CAPTAIN FILTER KINGS,CAPTAIN FILTER KINGS GOLD,161.5,20K''S,FLT,New SKU,1732885438981-surya nepal pvt ltd - nepal-captain filter kings#3.png,RECODING,5,1,99765328,148.30739,105,GORKHA LAHARI PVT.LTD.- NEPAL,CAPTAIN,CAPTAIN GOLD FILTER KINGS,HL 20'S,HL,20,FULL FLAVOUR,,20.0,NO,161.0
200,02/12/2024,202411,3,1022143034199,21104030030,1732885438981,99765328,105,SURYA NEPAL PVT LTD - NEPAL,CAPTAIN FILTER KINGS,CAPTAIN FILTER KINGS GOLD,161.5,20K''S,FLT,New SKU,1732885438981-surya nepal pvt ltd - nepal-captain filter kings#3.png,RECODING,5,2,90200010,156.7091,105,SURYA NEPAL PVT LTD - NEPAL,SHIKHAR,SHIKHAR FILTER KINGS,HL 20'S,HL,20,FULL FLAVOUR,,20.0,NO,180.0
200,02/12/2024,202411,3,1022143034199,21104030030,1732885438981,99765328,105,SURYA NEPAL PVT LTD - NEPAL,CAPTAIN FILTER KINGS,CAPTAIN FILTER KINGS GOLD,161.5,20K''S,FLT,New SKU,1732885438981-surya nepal pvt ltd - nepal-captain filter kings#3.png,RECODING,5,3,99763983,161.24118,105,SURYA NEPAL PVT LTD - NEPAL,SHAAN,SHAAN FILTER,HL 20'S,HL,20,FULL FLAVOUR,,20.0,NO,95.0
200,02/12/2024,202411,3,1022143034199,21104030030,1732885438981,99765328,105,SURYA NEPAL PVT LTD - NEPAL,CAPTAIN FILTER KINGS,CAPTAIN FILTER KINGS GOLD,161.5,20K''S,FLT,New SKU,1732885438981-surya nepal pvt ltd - nepal-captain filter kings#3.png,RECODING,5,4,90110256,161.78859,105,GORKHA LAHARI PVT.LTD.- NEPAL,CAPTAIN,CAPTAIN FILTER KINGS,HL 20'S,HL,20,FULL FLAVOUR,,20.0,NO,115.0
200,02/12/2024,202411,3,1022143034199,21104030030,1732885438981,99765328,105,SURYA NEPAL PVT LTD - NEPAL,CAPTAIN FILTER KINGS,CAPTAIN FILTER KINGS GOLD,161.5,20K''S,FLT,New SKU,1732885438981-surya nepal pvt ltd - nepal-captain filter kings#3.png,RECODING,5,5,46667,161.88806,123,B.S.I PVT LTD-NEPAL,SURYA,SURYA,SURYA-UNWRP 200 GMS,UNWRP,200.000 GM,,,200.0,GM,0.0
200,02/12/2024,202411,3,1022143034199,21104030030,1732885438981,99765328,105,SURYA NEPAL PVT LTD - NEPAL,CAPTAIN FILTER KINGS,CAPTAIN FILTER KINGS GOLD,161.5,20K''S,FLT,New SKU,1732885438981-surya nepal pvt ltd - nepal-captain filter kings#3.png,RECODING,5,6,90110180,162.22037,105,SURYA NEPAL PVT LTD - NEPAL,SHIKHAR,SHIKHAR FILTER KINGS,HL 10'S,HL,10,FULL FLAVOUR,,10.0,NO,10.0
200,02/12/2024,202411,3,1022143034199,21104030030,1732885438981,99765328,105,SURYA NEPAL PVT LTD - NEPAL,CAPTAIN FILTER KINGS,CAPTAIN FILTER KINGS GOLD,161.5,20K''S,FLT,New SKU,1732885438981-surya nepal pvt ltd - nepal-captain filter kings#3.png,RECODING,5,7,92923725,163.76588,123,B.S.I PVT LTD-NEPAL,SURYA,SURYA,SURYA-UNWRP 150 GMS,UNWRP,150.000 GM,,,150.0,GM,0.0
200,02/12/2024,202411,3,1022143034199,21104030030,1732885438981,99765328,105,SURYA NEPAL PVT LTD - NEPAL,CAPTAIN FILTER KINGS,CAPTAIN FILTER KINGS GOLD,161.5,20K''S,FLT,New SKU,1732885438981-surya nepal pvt ltd - nepal-captain filter kings#3.png,RECODING,5,8,90110246,167.80179,105,SURYA NEPAL PVT LTD - NEPAL,CHAUTARI,CHAUTARI FILTER,SC 20'S,SC,20,FULL FLAVOUR,,20.0,NO,90.0
200,02/12/2024,202411,3,1022143034199,21104030030,1732885438981,99765328,105,SURYA NEPAL PVT LTD - NEPAL,CAPTAIN FILTER KINGS,CAPTAIN FILTER KINGS GOLD,161.5,20K''S,FLT,New SKU,1732885438981-surya nepal pvt ltd - nepal-captain filter kings#3.png,RECODING,5,9,47592,172.32635,105,SURYA NEPAL PVT LTD - NEPAL,SHIKHAR,SHIKHAR ICE RUSH,HL 20'S,HL,20,FRESH,,20.0,NO,185.0
200,02/12/2024,202411,3,1022143034199,21104030030,1732885438981,99765328,105,SURYA NEPAL PVT LTD - NEPAL,CAPTAIN FILTER KINGS,CAPTAIN FILTER KINGS GOLD,161.5,20K''S,FLT,New SKU,1732885438981-surya nepal pvt ltd - nepal-captain filter kings#3.png,RECODING,5,10,99762790,174.212,106,SURYA NEPAL PVT LTD - NEPAL,TOFFICHOO,TOFFICHOO CRÈME LACTO,TOFFICHOO CRÈME LACTO-PPH 4 GM,PLPCH,4.000 GM,UNSPECIFIED,,4.0,GM,2.0
201,02/12/2024,202411,3,1022143034199,21104030030,1732537658621,99765321,105,SURYA NEPAL PVT LTD - NEPAL,SURYA FUSION,SURYA FUSION,320.0,20K'S,FLT,Invoices not available,,RECODING,5,1,99762387,172.11116,105,SURYA NEPAL PVT LTD - NEPAL,SURYA,SURYA MINT,HL 20'S,HL,20,FRESH,,20.0,NO,280.0
201,02/12/2024,202411,3,1022143034199,21104030030,1732537658621,99765321,105,SURYA NEPAL PVT LTD - NEPAL,SURYA FUSION,SURYA FUSION,320.0,20K'S,FLT,Invoices not available,,RECODING,5,2,47592,173.31882,105,SURYA NEPAL PVT LTD - NEPAL,SHIKHAR,SHIKHAR ICE RUSH,HL 20'S,HL,20,FRESH,,20.0,NO,185.0
201,02/12/2024,202411,3,1022143034199,21104030030,1732537658621,99765321,105,SURYA NEPAL PVT LTD - NEPAL,SURYA FUSION,SURYA FUSION,320.0,20K'S,FLT,Invoices not available,,RECODING,5,3,90110247,177.65137,105,SURYA NEPAL PVT LTD - NEPAL,SURYA,SURYA CITRIC FRESH,HL 20'S,HL,20,FRESH,,20.0,NO,300.0
201,02/12/2024,202411,3,1022143034199,21104030030,1732537658621,99765321,105,SURYA NEPAL PVT LTD - NEPAL,SURYA FUSION,SURYA FUSION,320.0,20K'S,FLT,Invoices not available,,RECODING,5,4,99765321,178.09486,105,SURYA NEPAL PVT LTD - NEPAL,SURYA,SURYA FUSION,HL 20'S,HL,20,FULL FLAVOUR,,20.0,NO,320.0
201,02/12/2024,202411,3,1022143034199,21104030030,1732537658621,99765321,105,SURYA NEPAL PVT LTD - NEPAL,SURYA FUSION,SURYA FUSION,320.0,20K'S,FLT,Invoices not available,,RECODING,5,5,90110102,180.0292,105,SURYA NEPAL PVT LTD - NEPAL,SHIKHAR,SHIKHAR MENTHOL,HL 20'S,HL,20,FRESH,,20.0,NO,190.0
201,02/12/2024,202411,3,1022143034199,21104030030,1732537658621,99765321,105,SURYA NEPAL PVT LTD - NEPAL,SURYA FUSION,SURYA FUSION,320.0,20K'S,FLT,Invoices not available,,RECODING,5,6,90110249,181.90231,105,SURYA NEPAL PVT LTD - NEPAL,SHIKHAR,SHIKHAR TANGY BREEZE,HL 20'S,HL,20,FRESH,,20.0,NO,180.0
201,02/12/2024,202411,3,1022143034199,21104030030,1732537658621,99765321,105,SURYA NEPAL PVT LTD - NEPAL,SURYA FUSION,SURYA FUSION,320.0,20K'S,FLT,Invoices not available,,RECODING,5,7,99763869,182.19775,105,SURYA NEPAL PVT LTD - NEPAL,NAULO,NAULO BURST,HL 20'S,HL,20,FRESH,,20.0,NO,175.0
201,02/12/2024,202411,3,1022143034199,21104030030,1732537658621,99765321,105,SURYA NEPAL PVT LTD - NEPAL,SURYA FUSION,SURYA FUSION,320.0,20K'S,FLT,Invoices not available,,RECODING,5,8,99765090,182.66232,105,SURYA NEPAL PVT LTD - NEPAL,SURYA,SURYA DUAL BURST,HL 20'S,HL,20,FRESH,,20.0,NO,320.0
201,02/12/2024,202411,3,1022143034199,21104030030,1732537658621,99765321,105,SURYA NEPAL PVT LTD - NEPAL,SURYA FUSION,SURYA FUSION,320.0,20K'S,FLT,Invoices not available,,RECODING,5,9,48587,183.92834,105,SURYA NEPAL PVT LTD - NEPAL,SURYA,SURYA 24 CARAT ARCTIC BURST,HL 20'S,HL,20,FRESH,,20.0,NO,300.0
201,02/12/2024,202411,3,1022143034199,21104030030,1732537658621,99765321,105,SURYA NEPAL PVT LTD - NEPAL,SURYA FUSION,SURYA FUSION,320.0,20K'S,FLT,Invoices not available,,RECODING,5,10,99762790,185.88512,106,SURYA NEPAL PVT LTD - NEPAL,TOFFICHOO,TOFFICHOO CRÈME LACTO,TOFFICHOO CRÈME LACTO-PPH 4 GM,PLPCH,4.000 GM,UNSPECIFIED,,4.0,GM,2.0
202,02/12/2024,202411,3,1110112116576,22603030029,1732259484751,99765326,124,DEUTI GUTKHA INDUSTRIES,MEGHA SHREE PREMIUM,PREMIUM MEGHA SHREE/DEUTI GUTKHA INDUSTRIES/PPH/2GM,5.0,2GM,PPH,,,RECODING,5,1,99765326,107.16529,124,DEUTI GUTKHA INDUSTRIES,MEGHA SHREE,MEGHA SHREE PREMIUM,2.20G GUTKA,PLAST,2.20G,REGULAR,,2.2,GM,5.0
202,02/12/2024,202411,3,1110112116576,22603030029,1732259484751,99765326,124,DEUTI GUTKHA INDUSTRIES,MEGHA SHREE PREMIUM,PREMIUM MEGHA SHREE/DEUTI GUTKHA INDUSTRIES/PPH/2GM,5.0,2GM,PPH,,,RECODING,5,2,99762223,107.34067,124,DEUTI GUTKHA INDUSTRIES,MEGHA SHREE,MEGHA SHREE PREMIUM,2.3G GUTKA,PLAST,2.3G,REGULAR,,2.3,,0.0
202,02/12/2024,202411,3,1110112116576,22603030029,1732259484751,99765326,124,DEUTI GUTKHA INDUSTRIES,MEGHA SHREE PREMIUM,PREMIUM MEGHA SHREE/DEUTI GUTKHA INDUSTRIES/PPH/2GM,5.0,2GM,PPH,,,RECODING,5,3,99764162,111.436226,124,DEUTI GUTKHA INDUSTRIES,MEGHA SHREE,MEGHA SHREE PREMIUM,2.14G GUTKA,PLAST,2.14G,REGULAR,,2.14,GM,5.0
202,02/12/2024,202411,3,1110112116576,22603030029,1732259484751,99765326,124,DEUTI GUTKHA INDUSTRIES,MEGHA SHREE PREMIUM,PREMIUM MEGHA SHREE/DEUTI GUTKHA INDUSTRIES/PPH/2GM,5.0,2GM,PPH,,,RECODING,5,4,93025975,161.16098,122,H.B INDUSTRIES-NEPAL,MEGHA,MEGHA,MEGHA-PPH 200 GMS,PLPCH,200.000 GM,,,200.0,GM,0.0
202,02/12/2024,202411,3,1110112116576,22603030029,1732259484751,99765326,124,DEUTI GUTKHA INDUSTRIES,MEGHA SHREE PREMIUM,PREMIUM MEGHA SHREE/DEUTI GUTKHA INDUSTRIES/PPH/2GM,5.0,2GM,PPH,,,RECODING,5,5,47744,164.10342,122,H.B INDUSTRIES-NEPAL,MEGHA,MEGHA,MEGHA-FLOWER FRESH PPH 3000 GMS,PLPCH,3000.000 GM,,,3000.0,GM,0.0
202,02/12/2024,202411,3,1110112116576,22603030029,1732259484751,99765326,124,DEUTI GUTKHA INDUSTRIES,MEGHA SHREE PREMIUM,PREMIUM MEGHA SHREE/DEUTI GUTKHA INDUSTRIES/PPH/2GM,5.0,2GM,PPH,,,RECODING,5,6,93026122,166.11334,122,H.B INDUSTRIES-NEPAL,MEGHA,MEGHA,MEGHA-FLOWER FRESH PPH 500 GMS,PLPCH,500.000 GM,,,500.0,GM,0.0
202,02/12/2024,202411,3,1110112116576,22603030029,1732259484751,99765326,124,DEUTI GUTKHA INDUSTRIES,MEGHA SHREE PREMIUM,PREMIUM MEGHA SHREE/DEUTI GUTKHA INDUSTRIES/PPH/2GM,5.0,2GM,PPH,,,RECODING,5,7,93026899,166.28961,122,H.B INDUSTRIES-NEPAL,MEGHA,MEGHA,MEGHA-PPH 1000 GMS,PLPCH,1000.000 GM,,,1000.0,GM,0.0
202,02/12/2024,202411,3,1110112116576,22603030029,1732259484751,99765326,124,DEUTI GUTKHA INDUSTRIES,MEGHA SHREE PREMIUM,PREMIUM MEGHA SHREE/DEUTI GUTKHA INDUSTRIES/PPH/2GM,5.0,2GM,PPH,,,RECODING,5,8,99762301,175.39847,125,DEUTI GUTKHA INDUSTRIES,RADHA EXTRA POWER,RADHA EXTRA POWER,8G KHAINI,PLAST,8G,REGULAR,,8.0,,0.0
202,02/12/2024,202411,3,1110112116576,22603030029,1732259484751,99765326,124,DEUTI GUTKHA INDUSTRIES,MEGHA SHREE PREMIUM,PREMIUM MEGHA SHREE/DEUTI GUTKHA INDUSTRIES/PPH/2GM,5.0,2GM,PPH,,,RECODING,5,9,99762273,181.01872,124,SHREE MEENAKSHI PRODUCTS NEPAL,GOA,GOA PREMIUM 1000,2G GUTKA,PLAST,2G,REGULAR,,2.0,,0.0
202,02/12/2024,202411,3,1110112116576,22603030029,1732259484751,99765326,124,DEUTI GUTKHA INDUSTRIES,MEGHA SHREE PREMIUM,PREMIUM MEGHA SHREE/DEUTI GUTKHA INDUSTRIES/PPH/2GM,5.0,2GM,PPH,,,RECODING,5,10,54891,181.03838,122,SHREE NATH INTERNATIONAL-IND,MOZ,MOZ,MOZ-PPH 500 GM,PLPCH,500.000 GM,,,500.0,GM,0.0
203,02/12/2024,202411,3,1029142435044,22603030035,1732259484751,99765326,124,DEUTI GUTKHA INDUSTRIES,MEGHA SHREE PREMIUM,PREMIUM MEGHA SHREE/DEUTI GUTKHA INDUSTRIES/PPH/2GM,5.0,2GM,PPH,,,RECODING,5,1,99765326,106.66749,124,DEUTI GUTKHA INDUSTRIES,MEGHA SHREE,MEGHA SHREE PREMIUM,2.20G GUTKA,PLAST,2.20G,REGULAR,,2.2,GM,5.0
203,02/12/2024,202411,3,1029142435044,22603030035,1732259484751,99765326,124,DEUTI GUTKHA INDUSTRIES,MEGHA SHREE PREMIUM,PREMIUM MEGHA SHREE/DEUTI GUTKHA INDUSTRIES/PPH/2GM,5.0,2GM,PPH,,,RECODING,5,2,99762223,106.921265,124,DEUTI GUTKHA INDUSTRIES,MEGHA SHREE,MEGHA SHREE PREMIUM,2.3G GUTKA,PLAST,2.3G,REGULAR,,2.3,,0.0
203,02/12/2024,202411,3,1029142435044,22603030035,1732259484751,99765326,124,DEUTI GUTKHA INDUSTRIES,MEGHA SHREE PREMIUM,PREMIUM MEGHA SHREE/DEUTI GUTKHA INDUSTRIES/PPH/2GM,5.0,2GM,PPH,,,RECODING,5,3,99764162,110.76418,124,DEUTI GUTKHA INDUSTRIES,MEGHA SHREE,MEGHA SHREE PREMIUM,2.14G GUTKA,PLAST,2.14G,REGULAR,,2.14,GM,5.0
203,02/12/2024,202411,3,1029142435044,22603030035,1732259484751,99765326,124,DEUTI GUTKHA INDUSTRIES,MEGHA SHREE PREMIUM,PREMIUM MEGHA SHREE/DEUTI GUTKHA INDUSTRIES/PPH/2GM,5.0,2GM,PPH,,,RECODING,5,4,93025975,160.18312,122,H.B INDUSTRIES-NEPAL,MEGHA,MEGHA,MEGHA-PPH 200 GMS,PLPCH,200.000 GM,,,200.0,GM,0.0
203,02/12/2024,202411,3,1029142435044,22603030035,1732259484751,99765326,124,DEUTI GUTKHA INDUSTRIES,MEGHA SHREE PREMIUM,PREMIUM MEGHA SHREE/DEUTI GUTKHA INDUSTRIES/PPH/2GM,5.0,2GM,PPH,,,RECODING,5,5,47744,162.74146,122,H.B INDUSTRIES-NEPAL,MEGHA,MEGHA,MEGHA-FLOWER FRESH PPH 3000 GMS,PLPCH,3000.000 GM,,,3000.0,GM,0.0
203,02/12/2024,202411,3,1029142435044,22603030035,1732259484751,99765326,124,DEUTI GUTKHA INDUSTRIES,MEGHA SHREE PREMIUM,PREMIUM MEGHA SHREE/DEUTI GUTKHA INDUSTRIES/PPH/2GM,5.0,2GM,PPH,,,RECODING,5,6,93026122,164.87262,122,H.B INDUSTRIES-NEPAL,MEGHA,MEGHA,MEGHA-FLOWER FRESH PPH 500 GMS,PLPCH,500.000 GM,,,500.0,GM,0.0
203,02/12/2024,202411,3,1029142435044,22603030035,1732259484751,99765326,124,DEUTI GUTKHA INDUSTRIES,MEGHA SHREE PREMIUM,PREMIUM MEGHA SHREE/DEUTI GUTKHA INDUSTRIES/PPH/2GM,5.0,2GM,PPH,,,RECODING,5,7,93026899,165.60846,122,H.B INDUSTRIES-NEPAL,MEGHA,MEGHA,MEGHA-PPH 1000 GMS,PLPCH,1000.000 GM,,,1000.0,GM,0.0
203,02/12/2024,202411,3,1029142435044,22603030035,1732259484751,99765326,124,DEUTI GUTKHA INDUSTRIES,MEGHA SHREE PREMIUM,PREMIUM MEGHA SHREE/DEUTI GUTKHA INDUSTRIES/PPH/2GM,5.0,2GM,PPH,,,RECODING,5,8,99762301,172.45993,125,DEUTI GUTKHA INDUSTRIES,RADHA EXTRA POWER,RADHA EXTRA POWER,8G KHAINI,PLAST,8G,REGULAR,,8.0,,0.0
203,02/12/2024,202411,3,1029142435044,22603030035,1732259484751,99765326,124,DEUTI GUTKHA INDUSTRIES,MEGHA SHREE PREMIUM,PREMIUM MEGHA SHREE/DEUTI GUTKHA INDUSTRIES/PPH/2GM,5.0,2GM,PPH,,,RECODING,5,9,99762273,178.0195,124,SHREE MEENAKSHI PRODUCTS NEPAL,GOA,GOA PREMIUM 1000,2G GUTKA,PLAST,2G,REGULAR,,2.0,,0.0
203,02/12/2024,202411,3,1029142435044,22603030035,1732259484751,99765326,124,DEUTI GUTKHA INDUSTRIES,MEGHA SHREE PREMIUM,PREMIUM MEGHA SHREE/DEUTI GUTKHA INDUSTRIES/PPH/2GM,5.0,2GM,PPH,,,RECODING,5,10,54891,178.72453,122,SHREE NATH INTERNATIONAL-IND,MOZ,MOZ,MOZ-PPH 500 GM,PLPCH,500.000 GM,,,500.0,GM,0.0
204,02/12/2024,202411,3,1111093738592,22603030027,1732259484751,99765326,124,DEUTI GUTKHA INDUSTRIES,MEGHA SHREE PREMIUM,PREMIUM MEGHA SHREE/DEUTI GUTKHA INDUSTRIES/PPH/2GM,5.0,2GM,PPH,,,RECODING,5,1,99765326,109.47867,124,DEUTI GUTKHA INDUSTRIES,MEGHA SHREE,MEGHA SHREE PREMIUM,2.20G GUTKA,PLAST,2.20G,REGULAR,,2.2,GM,5.0
204,02/12/2024,202411,3,1111093738592,22603030027,1732259484751,99765326,124,DEUTI GUTKHA INDUSTRIES,MEGHA SHREE PREMIUM,PREMIUM MEGHA SHREE/DEUTI GUTKHA INDUSTRIES/PPH/2GM,5.0,2GM,PPH,,,RECODING,5,2,99762223,109.77248,124,DEUTI GUTKHA INDUSTRIES,MEGHA SHREE,MEGHA SHREE PREMIUM,2.3G GUTKA,PLAST,2.3G,REGULAR,,2.3,,0.0
204,02/12/2024,202411,3,1111093738592,22603030027,1732259484751,99765326,124,DEUTI GUTKHA INDUSTRIES,MEGHA SHREE PREMIUM,PREMIUM MEGHA SHREE/DEUTI GUTKHA INDUSTRIES/PPH/2GM,5.0,2GM,PPH,,,RECODING,5,3,99764162,113.81477,124,DEUTI GUTKHA INDUSTRIES,MEGHA SHREE,MEGHA SHREE PREMIUM,2.14G GUTKA,PLAST,2.14G,REGULAR,,2.14,GM,5.0
204,02/12/2024,202411,3,1111093738592,22603030027,1732259484751,99765326,124,DEUTI GUTKHA INDUSTRIES,MEGHA SHREE PREMIUM,PREMIUM MEGHA SHREE/DEUTI GUTKHA INDUSTRIES/PPH/2GM,5.0,2GM,PPH,,,RECODING,5,4,93025975,161.76776,122,H.B INDUSTRIES-NEPAL,MEGHA,MEGHA,MEGHA-PPH 200 GMS,PLPCH,200.000 GM,,,200.0,GM,0.0
204,02/12/2024,202411,3,1111093738592,22603030027,1732259484751,99765326,124,DEUTI GUTKHA INDUSTRIES,MEGHA SHREE PREMIUM,PREMIUM MEGHA SHREE/DEUTI GUTKHA INDUSTRIES/PPH/2GM,5.0,2GM,PPH,,,RECODING,5,5,47744,164.71228,122,H.B INDUSTRIES-NEPAL,MEGHA,MEGHA,MEGHA-FLOWER FRESH PPH 3000 GMS,PLPCH,3000.000 GM,,,3000.0,GM,0.0
204,02/12/2024,202411,3,1111093738592,22603030027,1732259484751,99765326,124,DEUTI GUTKHA INDUSTRIES,MEGHA SHREE PREMIUM,PREMIUM MEGHA SHREE/DEUTI GUTKHA INDUSTRIES/PPH/2GM,5.0,2GM,PPH,,,RECODING,5,6,93026899,166.70044,122,H.B INDUSTRIES-NEPAL,MEGHA,MEGHA,MEGHA-PPH 1000 GMS,PLPCH,1000.000 GM,,,1000.0,GM,0.0
204,02/12/2024,202411,3,1111093738592,22603030027,1732259484751,99765326,124,DEUTI GUTKHA INDUSTRIES,MEGHA SHREE PREMIUM,PREMIUM MEGHA SHREE/DEUTI GUTKHA INDUSTRIES/PPH/2GM,5.0,2GM,PPH,,,RECODING,5,7,93026122,166.97755,122,H.B INDUSTRIES-NEPAL,MEGHA,MEGHA,MEGHA-FLOWER FRESH PPH 500 GMS,PLPCH,500.000 GM,,,500.0,GM,0.0
204,02/12/2024,202411,3,1111093738592,22603030027,1732259484751,99765326,124,DEUTI GUTKHA INDUSTRIES,MEGHA SHREE PREMIUM,PREMIUM MEGHA SHREE/DEUTI GUTKHA INDUSTRIES/PPH/2GM,5.0,2GM,PPH,,,RECODING,5,8,99762301,177.12654,125,DEUTI GUTKHA INDUSTRIES,RADHA EXTRA POWER,RADHA EXTRA POWER,8G KHAINI,PLAST,8G,REGULAR,,8.0,,0.0
204,02/12/2024,202411,3,1111093738592,22603030027,1732259484751,99765326,124,DEUTI GUTKHA INDUSTRIES,MEGHA SHREE PREMIUM,PREMIUM MEGHA SHREE/DEUTI GUTKHA INDUSTRIES/PPH/2GM,5.0,2GM,PPH,,,RECODING,5,9,54891,180.65927,122,SHREE NATH INTERNATIONAL-IND,MOZ,MOZ,MOZ-PPH 500 GM,PLPCH,500.000 GM,,,500.0,GM,0.0
204,02/12/2024,202411,3,1111093738592,22603030027,1732259484751,99765326,124,DEUTI GUTKHA INDUSTRIES,MEGHA SHREE PREMIUM,PREMIUM MEGHA SHREE/DEUTI GUTKHA INDUSTRIES/PPH/2GM,5.0,2GM,PPH,,,RECODING,5,10,99762273,181.42221,124,SHREE MEENAKSHI PRODUCTS NEPAL,GOA,GOA PREMIUM 1000,2G GUTKA,PLAST,2G,REGULAR,,2.0,,0.0
205,02/12/2024,202411,3,1029150412276,22603030036,1732259484751,99765326,124,DEUTI GUTKHA INDUSTRIES,MEGHA SHREE PREMIUM,PREMIUM MEGHA SHREE/DEUTI GUTKHA INDUSTRIES/PPH/2GM,5.0,2GM,PPH,,,RECODING,5,1,99765326,105.09868,124,DEUTI GUTKHA INDUSTRIES,MEGHA SHREE,MEGHA SHREE PREMIUM,2.20G GUTKA,PLAST,2.20G,REGULAR,,2.2,GM,5.0
205,02/12/2024,202411,3,1029150412276,22603030036,1732259484751,99765326,124,DEUTI GUTKHA INDUSTRIES,MEGHA SHREE PREMIUM,PREMIUM MEGHA SHREE/DEUTI GUTKHA INDUSTRIES/PPH/2GM,5.0,2GM,PPH,,,RECODING,5,2,99762223,106.16068,124,DEUTI GUTKHA INDUSTRIES,MEGHA SHREE,MEGHA SHREE PREMIUM,2.3G GUTKA,PLAST,2.3G,REGULAR,,2.3,,0.0
205,02/12/2024,202411,3,1029150412276,22603030036,1732259484751,99765326,124,DEUTI GUTKHA INDUSTRIES,MEGHA SHREE PREMIUM,PREMIUM MEGHA SHREE/DEUTI GUTKHA INDUSTRIES/PPH/2GM,5.0,2GM,PPH,,,RECODING,5,3,99764162,109.625656,124,DEUTI GUTKHA INDUSTRIES,MEGHA SHREE,MEGHA SHREE PREMIUM,2.14G GUTKA,PLAST,2.14G,REGULAR,,2.14,GM,5.0
205,02/12/2024,202411,3,1029150412276,22603030036,1732259484751,99765326,124,DEUTI GUTKHA INDUSTRIES,MEGHA SHREE PREMIUM,PREMIUM MEGHA SHREE/DEUTI GUTKHA INDUSTRIES/PPH/2GM,5.0,2GM,PPH,,,RECODING,5,4,93025975,159.26338,122,H.B INDUSTRIES-NEPAL,MEGHA,MEGHA,MEGHA-PPH 200 GMS,PLPCH,200.000 GM,,,200.0,GM,0.0
205,02/12/2024,202411,3,1029150412276,22603030036,1732259484751,99765326,124,DEUTI GUTKHA INDUSTRIES,MEGHA SHREE PREMIUM,PREMIUM MEGHA SHREE/DEUTI GUTKHA INDUSTRIES/PPH/2GM,5.0,2GM,PPH,,,RECODING,5,5,47744,161.9135,122,H.B INDUSTRIES-NEPAL,MEGHA,MEGHA,MEGHA-FLOWER FRESH PPH 3000 GMS,PLPCH,3000.000 GM,,,3000.0,GM,0.0
205,02/12/2024,202411,3,1029150412276,22603030036,1732259484751,99765326,124,DEUTI GUTKHA INDUSTRIES,MEGHA SHREE PREMIUM,PREMIUM MEGHA SHREE/DEUTI GUTKHA INDUSTRIES/PPH/2GM,5.0,2GM,PPH,,,RECODING,5,6,93026122,163.9162,122,H.B INDUSTRIES-NEPAL,MEGHA,MEGHA,MEGHA-FLOWER FRESH PPH 500 GMS,PLPCH,500.000 GM,,,500.0,GM,0.0
205,02/12/2024,202411,3,1029150412276,22603030036,1732259484751,99765326,124,DEUTI GUTKHA INDUSTRIES,MEGHA SHREE PREMIUM,PREMIUM MEGHA SHREE/DEUTI GUTKHA INDUSTRIES/PPH/2GM,5.0,2GM,PPH,,,RECODING,5,7,93026899,164.88828,122,H.B INDUSTRIES-NEPAL,MEGHA,MEGHA,MEGHA-PPH 1000 GMS,PLPCH,1000.000 GM,,,1000.0,GM,0.0
205,02/12/2024,202411,3,1029150412276,22603030036,1732259484751,99765326,124,DEUTI GUTKHA INDUSTRIES,MEGHA SHREE PREMIUM,PREMIUM MEGHA SHREE/DEUTI GUTKHA INDUSTRIES/PPH/2GM,5.0,2GM,PPH,,,RECODING,5,8,99762301,170.81496,125,DEUTI GUTKHA INDUSTRIES,RADHA EXTRA POWER,RADHA EXTRA POWER,8G KHAINI,PLAST,8G,REGULAR,,8.0,,0.0
205,02/12/2024,202411,3,1029150412276,22603030036,1732259484751,99765326,124,DEUTI GUTKHA INDUSTRIES,MEGHA SHREE PREMIUM,PREMIUM MEGHA SHREE/DEUTI GUTKHA INDUSTRIES/PPH/2GM,5.0,2GM,PPH,,,RECODING,5,9,99762273,177.80061,124,SHREE MEENAKSHI PRODUCTS NEPAL,GOA,GOA PREMIUM 1000,2G GUTKA,PLAST,2G,REGULAR,,2.0,,0.0
205,02/12/2024,202411,3,1029150412276,22603030036,1732259484751,99765326,124,DEUTI GUTKHA INDUSTRIES,MEGHA SHREE PREMIUM,PREMIUM MEGHA SHREE/DEUTI GUTKHA INDUSTRIES/PPH/2GM,5.0,2GM,PPH,,,RECODING,5,10,54891,178.31596,122,SHREE NATH INTERNATIONAL-IND,MOZ,MOZ,MOZ-PPH 500 GM,PLPCH,500.000 GM,,,500.0,GM,0.0
206,02/12/2024,202411,2,128757050,12201020010,1731486940758,99765333,134,CHAUDHARY GROUP - NEPAL,RIO,RIO-APPLE-APPLE TPK 180ML,30.0,180ML,TPK,,1731486940758-chaudhary group - nepal-rio#3.png,RECODING,5,1,99765333,84.901405,118,CHAUDHARY GROUP - NEPAL,RIO,RIO,APPLE TPK 180 ML,TPK,180.000 ML,APPLE,,180.0,ML,30.0
206,02/12/2024,202411,2,128757050,12201020010,1731486940758,99765333,134,CHAUDHARY GROUP - NEPAL,RIO,RIO-APPLE-APPLE TPK 180ML,30.0,180ML,TPK,,1731486940758-chaudhary group - nepal-rio#3.png,RECODING,5,2,20110447,91.71939,118,CHAUDHARY GROUP - NEPAL,RIO,RIO,APPLE TPK 200 ML,TPK,200.000 ML,APPLE,,200.0,ML,0.0
206,02/12/2024,202411,2,128757050,12201020010,1731486940758,99765333,134,CHAUDHARY GROUP - NEPAL,RIO,RIO-APPLE-APPLE TPK 180ML,30.0,180ML,TPK,,1731486940758-chaudhary group - nepal-rio#3.png,RECODING,5,3,20110448,115.65105,118,CHAUDHARY GROUP - NEPAL,RIO,RIO,APPLE & CHERRY TPK 200 ML,TPK,200.000 ML,MIXED FRUIT,,200.0,ML,0.0
206,02/12/2024,202411,2,128757050,12201020010,1731486940758,99765333,134,CHAUDHARY GROUP - NEPAL,RIO,RIO-APPLE-APPLE TPK 180ML,30.0,180ML,TPK,,1731486940758-chaudhary group - nepal-rio#3.png,RECODING,5,4,99765376,124.0533,118,CHAUDHARY GROUP - NEPAL,RIO,RIO,7 FRUITS TPK 180 ML,TPK,180.000 ML,MIXED FRUIT,,180.0,ML,30.0
206,02/12/2024,202411,2,128757050,12201020010,1731486940758,99765333,134,CHAUDHARY GROUP - NEPAL,RIO,RIO-APPLE-APPLE TPK 180ML,30.0,180ML,TPK,,1731486940758-chaudhary group - nepal-rio#3.png,RECODING,5,5,20121646,125.0195,118,CHAUDHARY GROUP - NEPAL,RIO,RIO,7 FRUITS TPK 1000 ML,TPK,1000.000 ML,MIXED FRUIT,,1000.0,ML,0.0
206,02/12/2024,202411,2,128757050,12201020010,1731486940758,99765333,134,CHAUDHARY GROUP - NEPAL,RIO,RIO-APPLE-APPLE TPK 180ML,30.0,180ML,TPK,,1731486940758-chaudhary group - nepal-rio#3.png,RECODING,5,6,20110244,125.57956,118,CHAUDHARY GROUP - NEPAL,RIO,RIO,ORANGE TPK 200 ML,TPK,200.000 ML,ORANGE,,200.0,ML,0.0
206,02/12/2024,202411,2,128757050,12201020010,1731486940758,99765333,134,CHAUDHARY GROUP - NEPAL,RIO,RIO-APPLE-APPLE TPK 180ML,30.0,180ML,TPK,,1731486940758-chaudhary group - nepal-rio#3.png,RECODING,5,7,20110783,125.83049,118,CHAUDHARY GROUP - NEPAL,RIO,RIO,MIXED FRUIT TPK 1000 ML,TPK,1000.000 ML,MIXED FRUIT,,1000.0,ML,0.0
206,02/12/2024,202411,2,128757050,12201020010,1731486940758,99765333,134,CHAUDHARY GROUP - NEPAL,RIO,RIO-APPLE-APPLE TPK 180ML,30.0,180ML,TPK,,1731486940758-chaudhary group - nepal-rio#3.png,RECODING,5,8,99765388,126.13727,118,CHAUDHARY GROUP - NEPAL,RIO,RIO,PINEAPPLE TPK 180 ML,TPK,180.000 ML,PINEAPPLE,,180.0,ML,30.0
206,02/12/2024,202411,2,128757050,12201020010,1731486940758,99765333,134,CHAUDHARY GROUP - NEPAL,RIO,RIO-APPLE-APPLE TPK 180ML,30.0,180ML,TPK,,1731486940758-chaudhary group - nepal-rio#3.png,RECODING,5,9,99765471,127.16124,118,CHAUDHARY GROUP - NEPAL,RIO,RIO,MIXED FRUIT TPK 180 ML,TPK,180.000 ML,MIXED FRUIT,,180.0,ML,30.0
206,02/12/2024,202411,2,128757050,12201020010,1731486940758,99765333,134,CHAUDHARY GROUP - NEPAL,RIO,RIO-APPLE-APPLE TPK 180ML,30.0,180ML,TPK,,1731486940758-chaudhary group - nepal-rio#3.png,RECODING,5,10,20110376,127.24573,118,CHAUDHARY GROUP - NEPAL,RIO,RIO,7 FRUITS TPK 200 ML,TPK,200.000 ML,MIXED FRUIT,,200.0,ML,0.0
207,02/12/2024,202411,2,128993711,12201020018,1731486940758,99765333,134,CHAUDHARY GROUP - NEPAL,RIO,RIO-APPLE-APPLE TPK 180ML,30.0,180ML,TPK,,,RECODING,5,1,99765333,70.147705,118,CHAUDHARY GROUP - NEPAL,RIO,RIO,APPLE TPK 180 ML,TPK,180.000 ML,APPLE,,180.0,ML,30.0
207,02/12/2024,202411,2,128993711,12201020018,1731486940758,99765333,134,CHAUDHARY GROUP - NEPAL,RIO,RIO-APPLE-APPLE TPK 180ML,30.0,180ML,TPK,,,RECODING,5,2,20110447,79.26754,118,CHAUDHARY GROUP - NEPAL,RIO,RIO,APPLE TPK 200 ML,TPK,200.000 ML,APPLE,,200.0,ML,0.0
207,02/12/2024,202411,2,128993711,12201020018,1731486940758,99765333,134,CHAUDHARY GROUP - NEPAL,RIO,RIO-APPLE-APPLE TPK 180ML,30.0,180ML,TPK,,,RECODING,5,3,20110448,106.4182,118,CHAUDHARY GROUP - NEPAL,RIO,RIO,APPLE & CHERRY TPK 200 ML,TPK,200.000 ML,MIXED FRUIT,,200.0,ML,0.0
207,02/12/2024,202411,2,128993711,12201020018,1731486940758,99765333,134,CHAUDHARY GROUP - NEPAL,RIO,RIO-APPLE-APPLE TPK 180ML,30.0,180ML,TPK,,,RECODING,5,4,99765471,120.095055,118,CHAUDHARY GROUP - NEPAL,RIO,RIO,MIXED FRUIT TPK 180 ML,TPK,180.000 ML,MIXED FRUIT,,180.0,ML,30.0
207,02/12/2024,202411,2,128993711,12201020018,1731486940758,99765333,134,CHAUDHARY GROUP - NEPAL,RIO,RIO-APPLE-APPLE TPK 180ML,30.0,180ML,TPK,,,RECODING,5,5,20110783,121.25728,118,CHAUDHARY GROUP - NEPAL,RIO,RIO,MIXED FRUIT TPK 1000 ML,TPK,1000.000 ML,MIXED FRUIT,,1000.0,ML,0.0
207,02/12/2024,202411,2,128993711,12201020018,1731486940758,99765333,134,CHAUDHARY GROUP - NEPAL,RIO,RIO-APPLE-APPLE TPK 180ML,30.0,180ML,TPK,,,RECODING,5,6,99765388,122.43789,118,CHAUDHARY GROUP - NEPAL,RIO,RIO,PINEAPPLE TPK 180 ML,TPK,180.000 ML,PINEAPPLE,,180.0,ML,30.0
207,02/12/2024,202411,2,128993711,12201020018,1731486940758,99765333,134,CHAUDHARY GROUP - NEPAL,RIO,RIO-APPLE-APPLE TPK 180ML,30.0,180ML,TPK,,,RECODING,5,7,99762364,122.53156,118,CHAUDHARY GROUP - NEPAL,RIO,RIO JUCILO,MANGO TPK 180 ML+20 ML FREE,TPK,180.000 ML,MANGO,,200.0,ML,25.0
207,02/12/2024,202411,2,128993711,12201020018,1731486940758,99765333,134,CHAUDHARY GROUP - NEPAL,RIO,RIO-APPLE-APPLE TPK 180ML,30.0,180ML,TPK,,,RECODING,5,8,20110011,122.54783,118,CHAUDHARY GROUP - NEPAL,RIO,RIO,MANGO TPK 200 ML,TPK,200.000 ML,MANGO,,200.0,ML,0.0
207,02/12/2024,202411,2,128993711,12201020018,1731486940758,99765333,134,CHAUDHARY GROUP - NEPAL,RIO,RIO-APPLE-APPLE TPK 180ML,30.0,180ML,TPK,,,RECODING,5,9,99765083,122.8556,118,CHAUDHARY GROUP - NEPAL,RIO,RIO KIDS LUV,"APPLE,BERRY,CHERRY TPK 200 ML",TPK,200.000 ML,MIXED FRUIT,,200.0,ML,40.0
207,02/12/2024,202411,2,128993711,12201020018,1731486940758,99765333,134,CHAUDHARY GROUP - NEPAL,RIO,RIO-APPLE-APPLE TPK 180ML,30.0,180ML,TPK,,,RECODING,5,10,99765376,123.121826,118,CHAUDHARY GROUP - NEPAL,RIO,RIO,7 FRUITS TPK 180 ML,TPK,180.000 ML,MIXED FRUIT,,180.0,ML,30.0
208,03/12/2024,202412,3,1023175036910,21104030050,1732537658621,99765321,105,SURYA NEPAL PVT LTD - NEPAL,SURYA FUSION,SURYA FUSION,320.0,20K'S,FLT,New SKU,,RECODING,5,1,47592,135.9248,105,SURYA NEPAL PVT LTD - NEPAL,SHIKHAR,SHIKHAR ICE RUSH,HL 20'S,HL,20,FRESH,,20.0,NO,185.0
208,03/12/2024,202412,3,1023175036910,21104030050,1732537658621,99765321,105,SURYA NEPAL PVT LTD - NEPAL,SURYA FUSION,SURYA FUSION,320.0,20K'S,FLT,New SKU,,RECODING,5,2,99765321,149.66718,105,SURYA NEPAL PVT LTD - NEPAL,SURYA,SURYA FUSION,HL 20'S,HL,20,FULL FLAVOUR,,20.0,NO,320.0
208,03/12/2024,202412,3,1023175036910,21104030050,1732537658621,99765321,105,SURYA NEPAL PVT LTD - NEPAL,SURYA FUSION,SURYA FUSION,320.0,20K'S,FLT,New SKU,,RECODING,5,3,92923725,153.9704,123,B.S.I PVT LTD-NEPAL,SURYA,SURYA,SURYA-UNWRP 150 GMS,UNWRP,150.000 GM,,,150.0,GM,0.0
208,03/12/2024,202412,3,1023175036910,21104030050,1732537658621,99765321,105,SURYA NEPAL PVT LTD - NEPAL,SURYA FUSION,SURYA FUSION,320.0,20K'S,FLT,New SKU,,RECODING,5,4,90110247,154.06503,105,SURYA NEPAL PVT LTD - NEPAL,SURYA,SURYA CITRIC FRESH,HL 20'S,HL,20,FRESH,,20.0,NO,300.0
208,03/12/2024,202412,3,1023175036910,21104030050,1732537658621,99765321,105,SURYA NEPAL PVT LTD - NEPAL,SURYA FUSION,SURYA FUSION,320.0,20K'S,FLT,New SKU,,RECODING,5,5,90110238,154.09674,105,SURYA NEPAL PVT LTD - NEPAL,SURYA,SURYA POLAR ICE,HL 20'S,HL,20,FRESH,,20.0,NO,300.0
208,03/12/2024,202412,3,1023175036910,21104030050,1732537658621,99765321,105,SURYA NEPAL PVT LTD - NEPAL,SURYA FUSION,SURYA FUSION,320.0,20K'S,FLT,New SKU,,RECODING,5,6,48587,154.74965,105,SURYA NEPAL PVT LTD - NEPAL,SURYA,SURYA 24 CARAT ARCTIC BURST,HL 20'S,HL,20,FRESH,,20.0,NO,300.0
208,03/12/2024,202412,3,1023175036910,21104030050,1732537658621,99765321,105,SURYA NEPAL PVT LTD - NEPAL,SURYA FUSION,SURYA FUSION,320.0,20K'S,FLT,New SKU,,RECODING,5,7,46667,154.89355,123,B.S.I PVT LTD-NEPAL,SURYA,SURYA,SURYA-UNWRP 200 GMS,UNWRP,200.000 GM,,,200.0,GM,0.0
208,03/12/2024,202412,3,1023175036910,21104030050,1732537658621,99765321,105,SURYA NEPAL PVT LTD - NEPAL,SURYA FUSION,SURYA FUSION,320.0,20K'S,FLT,New SKU,,RECODING,5,8,90110249,157.76138,105,SURYA NEPAL PVT LTD - NEPAL,SHIKHAR,SHIKHAR TANGY BREEZE,HL 20'S,HL,20,FRESH,,20.0,NO,180.0
208,03/12/2024,202412,3,1023175036910,21104030050,1732537658621,99765321,105,SURYA NEPAL PVT LTD - NEPAL,SURYA FUSION,SURYA FUSION,320.0,20K'S,FLT,New SKU,,RECODING,5,9,90110239,160.78915,105,SURYA NEPAL PVT LTD - NEPAL,SURYA,SURYA LEGEND,SB 20'S,SB,20,FULL FLAVOUR,,20.0,NO,320.0
208,03/12/2024,202412,3,1023175036910,21104030050,1732537658621,99765321,105,SURYA NEPAL PVT LTD - NEPAL,SURYA FUSION,SURYA FUSION,320.0,20K'S,FLT,New SKU,,RECODING,5,10,99765090,161.3469,105,SURYA NEPAL PVT LTD - NEPAL,SURYA,SURYA DUAL BURST,HL 20'S,HL,20,FRESH,,20.0,NO,320.0
209,03/12/2024,202412,3,1024112229467,21104030054,1732537658621,99765321,105,SURYA NEPAL PVT LTD - NEPAL,SURYA FUSION,SURYA FUSION,320.0,20K'S,FLT,New SKU,,RECODING,5,1,47592,134.57617,105,SURYA NEPAL PVT LTD - NEPAL,SHIKHAR,SHIKHAR ICE RUSH,HL 20'S,HL,20,FRESH,,20.0,NO,185.0
209,03/12/2024,202412,3,1024112229467,21104030054,1732537658621,99765321,105,SURYA NEPAL PVT LTD - NEPAL,SURYA FUSION,SURYA FUSION,320.0,20K'S,FLT,New SKU,,RECODING,5,2,99765321,146.99756,105,SURYA NEPAL PVT LTD - NEPAL,SURYA,SURYA FUSION,HL 20'S,HL,20,FULL FLAVOUR,,20.0,NO,320.0
209,03/12/2024,202412,3,1024112229467,21104030054,1732537658621,99765321,105,SURYA NEPAL PVT LTD - NEPAL,SURYA FUSION,SURYA FUSION,320.0,20K'S,FLT,New SKU,,RECODING,5,3,90110238,152.82236,105,SURYA NEPAL PVT LTD - NEPAL,SURYA,SURYA POLAR ICE,HL 20'S,HL,20,FRESH,,20.0,NO,300.0
209,03/12/2024,202412,3,1024112229467,21104030054,1732537658621,99765321,105,SURYA NEPAL PVT LTD - NEPAL,SURYA FUSION,SURYA FUSION,320.0,20K'S,FLT,New SKU,,RECODING,5,4,90110247,153.04631,105,SURYA NEPAL PVT LTD - NEPAL,SURYA,SURYA CITRIC FRESH,HL 20'S,HL,20,FRESH,,20.0,NO,300.0
209,03/12/2024,202412,3,1024112229467,21104030054,1732537658621,99765321,105,SURYA NEPAL PVT LTD - NEPAL,SURYA FUSION,SURYA FUSION,320.0,20K'S,FLT,New SKU,,RECODING,5,5,48587,153.43115,105,SURYA NEPAL PVT LTD - NEPAL,SURYA,SURYA 24 CARAT ARCTIC BURST,HL 20'S,HL,20,FRESH,,20.0,NO,300.0
209,03/12/2024,202412,3,1024112229467,21104030054,1732537658621,99765321,105,SURYA NEPAL PVT LTD - NEPAL,SURYA FUSION,SURYA FUSION,320.0,20K'S,FLT,New SKU,,RECODING,5,6,92923725,154.41806,123,B.S.I PVT LTD-NEPAL,SURYA,SURYA,SURYA-UNWRP 150 GMS,UNWRP,150.000 GM,,,150.0,GM,0.0
209,03/12/2024,202412,3,1024112229467,21104030054,1732537658621,99765321,105,SURYA NEPAL PVT LTD - NEPAL,SURYA FUSION,SURYA FUSION,320.0,20K'S,FLT,New SKU,,RECODING,5,7,46667,154.96979,123,B.S.I PVT LTD-NEPAL,SURYA,SURYA,SURYA-UNWRP 200 GMS,UNWRP,200.000 GM,,,200.0,GM,0.0
209,03/12/2024,202412,3,1024112229467,21104030054,1732537658621,99765321,105,SURYA NEPAL PVT LTD - NEPAL,SURYA FUSION,SURYA FUSION,320.0,20K'S,FLT,New SKU,,RECODING,5,8,90110249,156.02588,105,SURYA NEPAL PVT LTD - NEPAL,SHIKHAR,SHIKHAR TANGY BREEZE,HL 20'S,HL,20,FRESH,,20.0,NO,180.0
209,03/12/2024,202412,3,1024112229467,21104030054,1732537658621,99765321,105,SURYA NEPAL PVT LTD - NEPAL,SURYA FUSION,SURYA FUSION,320.0,20K'S,FLT,New SKU,,RECODING,5,9,90110239,158.49292,105,SURYA NEPAL PVT LTD - NEPAL,SURYA,SURYA LEGEND,SB 20'S,SB,20,FULL FLAVOUR,,20.0,NO,320.0
209,03/12/2024,202412,3,1024112229467,21104030054,1732537658621,99765321,105,SURYA NEPAL PVT LTD - NEPAL,SURYA FUSION,SURYA FUSION,320.0,20K'S,FLT,New SKU,,RECODING,5,10,99765090,159.49666,105,SURYA NEPAL PVT LTD - NEPAL,SURYA,SURYA DUAL BURST,HL 20'S,HL,20,FRESH,,20.0,NO,320.0
210,03/12/2024,202412,3,1024113043159,21104030018,1732537658621,99765321,105,SURYA NEPAL PVT LTD - NEPAL,SURYA FUSION,SURYA FUSION,320.0,20K'S,FLT,New SKU,,RECODING,5,1,47592,134.92145,105,SURYA NEPAL PVT LTD - NEPAL,SHIKHAR,SHIKHAR ICE RUSH,HL 20'S,HL,20,FRESH,,20.0,NO,185.0
210,03/12/2024,202412,3,1024113043159,21104030018,1732537658621,99765321,105,SURYA NEPAL PVT LTD - NEPAL,SURYA FUSION,SURYA FUSION,320.0,20K'S,FLT,New SKU,,RECODING,5,2,99765321,149.5214,105,SURYA NEPAL PVT LTD - NEPAL,SURYA,SURYA FUSION,HL 20'S,HL,20,FULL FLAVOUR,,20.0,NO,320.0
210,03/12/2024,202412,3,1024113043159,21104030018,1732537658621,99765321,105,SURYA NEPAL PVT LTD - NEPAL,SURYA FUSION,SURYA FUSION,320.0,20K'S,FLT,New SKU,,RECODING,5,3,90110247,153.01196,105,SURYA NEPAL PVT LTD - NEPAL,SURYA,SURYA CITRIC FRESH,HL 20'S,HL,20,FRESH,,20.0,NO,300.0
210,03/12/2024,202412,3,1024113043159,21104030018,1732537658621,99765321,105,SURYA NEPAL PVT LTD - NEPAL,SURYA FUSION,SURYA FUSION,320.0,20K'S,FLT,New SKU,,RECODING,5,4,90110238,153.08661,105,SURYA NEPAL PVT LTD - NEPAL,SURYA,SURYA POLAR ICE,HL 20'S,HL,20,FRESH,,20.0,NO,300.0
210,03/12/2024,202412,3,1024113043159,21104030018,1732537658621,99765321,105,SURYA NEPAL PVT LTD - NEPAL,SURYA FUSION,SURYA FUSION,320.0,20K'S,FLT,New SKU,,RECODING,5,5,92923725,153.25005,123,B.S.I PVT LTD-NEPAL,SURYA,SURYA,SURYA-UNWRP 150 GMS,UNWRP,150.000 GM,,,150.0,GM,0.0
210,03/12/2024,202412,3,1024113043159,21104030018,1732537658621,99765321,105,SURYA NEPAL PVT LTD - NEPAL,SURYA FUSION,SURYA FUSION,320.0,20K'S,FLT,New SKU,,RECODING,5,6,46667,153.49095,123,B.S.I PVT LTD-NEPAL,SURYA,SURYA,SURYA-UNWRP 200 GMS,UNWRP,200.000 GM,,,200.0,GM,0.0
210,03/12/2024,202412,3,1024113043159,21104030018,1732537658621,99765321,105,SURYA NEPAL PVT LTD - NEPAL,SURYA FUSION,SURYA FUSION,320.0,20K'S,FLT,New SKU,,RECODING,5,7,48587,153.81891,105,SURYA NEPAL PVT LTD - NEPAL,SURYA,SURYA 24 CARAT ARCTIC BURST,HL 20'S,HL,20,FRESH,,20.0,NO,300.0
210,03/12/2024,202412,3,1024113043159,21104030018,1732537658621,99765321,105,SURYA NEPAL PVT LTD - NEPAL,SURYA FUSION,SURYA FUSION,320.0,20K'S,FLT,New SKU,,RECODING,5,8,90110249,157.12155,105,SURYA NEPAL PVT LTD - NEPAL,SHIKHAR,SHIKHAR TANGY BREEZE,HL 20'S,HL,20,FRESH,,20.0,NO,180.0
210,03/12/2024,202412,3,1024113043159,21104030018,1732537658621,99765321,105,SURYA NEPAL PVT LTD - NEPAL,SURYA FUSION,SURYA FUSION,320.0,20K'S,FLT,New SKU,,RECODING,5,9,99765090,159.18304,105,SURYA NEPAL PVT LTD - NEPAL,SURYA,SURYA DUAL BURST,HL 20'S,HL,20,FRESH,,20.0,NO,320.0
210,03/12/2024,202412,3,1024113043159,21104030018,1732537658621,99765321,105,SURYA NEPAL PVT LTD - NEPAL,SURYA FUSION,SURYA FUSION,320.0,20K'S,FLT,New SKU,,RECODING,5,10,90110239,159.64316,105,SURYA NEPAL PVT LTD - NEPAL,SURYA,SURYA LEGEND,SB 20'S,SB,20,FULL FLAVOUR,,20.0,NO,320.0
211,03/12/2024,202412,3,1023071618294,21104030027,1732537658621,99765321,105,SURYA NEPAL PVT LTD - NEPAL,SURYA FUSION,SURYA FUSION,320.0,20K'S,FLT,New SKU,,RECODING,5,1,47592,135.93399,105,SURYA NEPAL PVT LTD - NEPAL,SHIKHAR,SHIKHAR ICE RUSH,HL 20'S,HL,20,FRESH,,20.0,NO,185.0
211,03/12/2024,202412,3,1023071618294,21104030027,1732537658621,99765321,105,SURYA NEPAL PVT LTD - NEPAL,SURYA FUSION,SURYA FUSION,320.0,20K'S,FLT,New SKU,,RECODING,5,2,99765321,150.79599,105,SURYA NEPAL PVT LTD - NEPAL,SURYA,SURYA FUSION,HL 20'S,HL,20,FULL FLAVOUR,,20.0,NO,320.0
211,03/12/2024,202412,3,1023071618294,21104030027,1732537658621,99765321,105,SURYA NEPAL PVT LTD - NEPAL,SURYA FUSION,SURYA FUSION,320.0,20K'S,FLT,New SKU,,RECODING,5,3,90110238,154.83075,105,SURYA NEPAL PVT LTD - NEPAL,SURYA,SURYA POLAR ICE,HL 20'S,HL,20,FRESH,,20.0,NO,300.0
211,03/12/2024,202412,3,1023071618294,21104030027,1732537658621,99765321,105,SURYA NEPAL PVT LTD - NEPAL,SURYA FUSION,SURYA FUSION,320.0,20K'S,FLT,New SKU,,RECODING,5,4,90110247,154.98068,105,SURYA NEPAL PVT LTD - NEPAL,SURYA,SURYA CITRIC FRESH,HL 20'S,HL,20,FRESH,,20.0,NO,300.0
211,03/12/2024,202412,3,1023071618294,21104030027,1732537658621,99765321,105,SURYA NEPAL PVT LTD - NEPAL,SURYA FUSION,SURYA FUSION,320.0,20K'S,FLT,New SKU,,RECODING,5,5,92923725,155.08658,123,B.S.I PVT LTD-NEPAL,SURYA,SURYA,SURYA-UNWRP 150 GMS,UNWRP,150.000 GM,,,150.0,GM,0.0
211,03/12/2024,202412,3,1023071618294,21104030027,1732537658621,99765321,105,SURYA NEPAL PVT LTD - NEPAL,SURYA FUSION,SURYA FUSION,320.0,20K'S,FLT,New SKU,,RECODING,5,6,46667,156.13565,123,B.S.I PVT LTD-NEPAL,SURYA,SURYA,SURYA-UNWRP 200 GMS,UNWRP,200.000 GM,,,200.0,GM,0.0
211,03/12/2024,202412,3,1023071618294,21104030027,1732537658621,99765321,105,SURYA NEPAL PVT LTD - NEPAL,SURYA FUSION,SURYA FUSION,320.0,20K'S,FLT,New SKU,,RECODING,5,7,48587,156.44014,105,SURYA NEPAL PVT LTD - NEPAL,SURYA,SURYA 24 CARAT ARCTIC BURST,HL 20'S,HL,20,FRESH,,20.0,NO,300.0
211,03/12/2024,202412,3,1023071618294,21104030027,1732537658621,99765321,105,SURYA NEPAL PVT LTD - NEPAL,SURYA FUSION,SURYA FUSION,320.0,20K'S,FLT,New SKU,,RECODING,5,8,90110249,157.90405,105,SURYA NEPAL PVT LTD - NEPAL,SHIKHAR,SHIKHAR TANGY BREEZE,HL 20'S,HL,20,FRESH,,20.0,NO,180.0
211,03/12/2024,202412,3,1023071618294,21104030027,1732537658621,99765321,105,SURYA NEPAL PVT LTD - NEPAL,SURYA FUSION,SURYA FUSION,320.0,20K'S,FLT,New SKU,,RECODING,5,9,90110239,161.33667,105,SURYA NEPAL PVT LTD - NEPAL,SURYA,SURYA LEGEND,SB 20'S,SB,20,FULL FLAVOUR,,20.0,NO,320.0
211,03/12/2024,202412,3,1023071618294,21104030027,1732537658621,99765321,105,SURYA NEPAL PVT LTD - NEPAL,SURYA FUSION,SURYA FUSION,320.0,20K'S,FLT,New SKU,,RECODING,5,10,99765090,161.7052,105,SURYA NEPAL PVT LTD - NEPAL,SURYA,SURYA DUAL BURST,HL 20'S,HL,20,FRESH,,20.0,NO,320.0
212,03/12/2024,202412,3,1023102220974,21104030044,1732537658621,99765321,105,SURYA NEPAL PVT LTD - NEPAL,SURYA FUSION,SURYA FUSION,320.0,20K'S,FLT,New SKU,,RECODING,5,1,47592,135.09964,105,SURYA NEPAL PVT LTD - NEPAL,SHIKHAR,SHIKHAR ICE RUSH,HL 20'S,HL,20,FRESH,,20.0,NO,185.0
212,03/12/2024,202412,3,1023102220974,21104030044,1732537658621,99765321,105,SURYA NEPAL PVT LTD - NEPAL,SURYA FUSION,SURYA FUSION,320.0,20K'S,FLT,New SKU,,RECODING,5,2,99765321,147.44916,105,SURYA NEPAL PVT LTD - NEPAL,SURYA,SURYA FUSION,HL 20'S,HL,20,FULL FLAVOUR,,20.0,NO,320.0
212,03/12/2024,202412,3,1023102220974,21104030044,1732537658621,99765321,105,SURYA NEPAL PVT LTD - NEPAL,SURYA FUSION,SURYA FUSION,320.0,20K'S,FLT,New SKU,,RECODING,5,3,90110238,153.04128,105,SURYA NEPAL PVT LTD - NEPAL,SURYA,SURYA POLAR ICE,HL 20'S,HL,20,FRESH,,20.0,NO,300.0
212,03/12/2024,202412,3,1023102220974,21104030044,1732537658621,99765321,105,SURYA NEPAL PVT LTD - NEPAL,SURYA FUSION,SURYA FUSION,320.0,20K'S,FLT,New SKU,,RECODING,5,4,90110247,153.40709,105,SURYA NEPAL PVT LTD - NEPAL,SURYA,SURYA CITRIC FRESH,HL 20'S,HL,20,FRESH,,20.0,NO,300.0
212,03/12/2024,202412,3,1023102220974,21104030044,1732537658621,99765321,105,SURYA NEPAL PVT LTD - NEPAL,SURYA FUSION,SURYA FUSION,320.0,20K'S,FLT,New SKU,,RECODING,5,5,48587,154.31845,105,SURYA NEPAL PVT LTD - NEPAL,SURYA,SURYA 24 CARAT ARCTIC BURST,HL 20'S,HL,20,FRESH,,20.0,NO,300.0
212,03/12/2024,202412,3,1023102220974,21104030044,1732537658621,99765321,105,SURYA NEPAL PVT LTD - NEPAL,SURYA FUSION,SURYA FUSION,320.0,20K'S,FLT,New SKU,,RECODING,5,6,92923725,155.46661,123,B.S.I PVT LTD-NEPAL,SURYA,SURYA,SURYA-UNWRP 150 GMS,UNWRP,150.000 GM,,,150.0,GM,0.0
212,03/12/2024,202412,3,1023102220974,21104030044,1732537658621,99765321,105,SURYA NEPAL PVT LTD - NEPAL,SURYA FUSION,SURYA FUSION,320.0,20K'S,FLT,New SKU,,RECODING,5,7,46667,156.23453,123,B.S.I PVT LTD-NEPAL,SURYA,SURYA,SURYA-UNWRP 200 GMS,UNWRP,200.000 GM,,,200.0,GM,0.0
212,03/12/2024,202412,3,1023102220974,21104030044,1732537658621,99765321,105,SURYA NEPAL PVT LTD - NEPAL,SURYA FUSION,SURYA FUSION,320.0,20K'S,FLT,New SKU,,RECODING,5,8,90110249,156.44022,105,SURYA NEPAL PVT LTD - NEPAL,SHIKHAR,SHIKHAR TANGY BREEZE,HL 20'S,HL,20,FRESH,,20.0,NO,180.0
212,03/12/2024,202412,3,1023102220974,21104030044,1732537658621,99765321,105,SURYA NEPAL PVT LTD - NEPAL,SURYA FUSION,SURYA FUSION,320.0,20K'S,FLT,New SKU,,RECODING,5,9,90110239,158.52571,105,SURYA NEPAL PVT LTD - NEPAL,SURYA,SURYA LEGEND,SB 20'S,SB,20,FULL FLAVOUR,,20.0,NO,320.0
212,03/12/2024,202412,3,1023102220974,21104030044,1732537658621,99765321,105,SURYA NEPAL PVT LTD - NEPAL,SURYA FUSION,SURYA FUSION,320.0,20K'S,FLT,New SKU,,RECODING,5,10,99765090,158.78253,105,SURYA NEPAL PVT LTD - NEPAL,SURYA,SURYA DUAL BURST,HL 20'S,HL,20,FRESH,,20.0,NO,320.0
213,03/12/2024,202412,3,1023120416981,21104030017,1732537658621,99765321,105,SURYA NEPAL PVT LTD - NEPAL,SURYA FUSION,SURYA FUSION,320.0,20K'S,FLT,New SKU,,RECODING,5,1,47592,133.88724,105,SURYA NEPAL PVT LTD - NEPAL,SHIKHAR,SHIKHAR ICE RUSH,HL 20'S,HL,20,FRESH,,20.0,NO,185.0
213,03/12/2024,202412,3,1023120416981,21104030017,1732537658621,99765321,105,SURYA NEPAL PVT LTD - NEPAL,SURYA FUSION,SURYA FUSION,320.0,20K'S,FLT,New SKU,,RECODING,5,2,99765321,147.1226,105,SURYA NEPAL PVT LTD - NEPAL,SURYA,SURYA FUSION,HL 20'S,HL,20,FULL FLAVOUR,,20.0,NO,320.0
213,03/12/2024,202412,3,1023120416981,21104030017,1732537658621,99765321,105,SURYA NEPAL PVT LTD - NEPAL,SURYA FUSION,SURYA FUSION,320.0,20K'S,FLT,New SKU,,RECODING,5,3,90110247,152.54451,105,SURYA NEPAL PVT LTD - NEPAL,SURYA,SURYA CITRIC FRESH,HL 20'S,HL,20,FRESH,,20.0,NO,300.0
213,03/12/2024,202412,3,1023120416981,21104030017,1732537658621,99765321,105,SURYA NEPAL PVT LTD - NEPAL,SURYA FUSION,SURYA FUSION,320.0,20K'S,FLT,New SKU,,RECODING,5,4,90110238,152.82648,105,SURYA NEPAL PVT LTD - NEPAL,SURYA,SURYA POLAR ICE,HL 20'S,HL,20,FRESH,,20.0,NO,300.0
213,03/12/2024,202412,3,1023120416981,21104030017,1732537658621,99765321,105,SURYA NEPAL PVT LTD - NEPAL,SURYA FUSION,SURYA FUSION,320.0,20K'S,FLT,New SKU,,RECODING,5,5,92923725,153.17714,123,B.S.I PVT LTD-NEPAL,SURYA,SURYA,SURYA-UNWRP 150 GMS,UNWRP,150.000 GM,,,150.0,GM,0.0
213,03/12/2024,202412,3,1023120416981,21104030017,1732537658621,99765321,105,SURYA NEPAL PVT LTD - NEPAL,SURYA FUSION,SURYA FUSION,320.0,20K'S,FLT,New SKU,,RECODING,5,6,48587,153.52002,105,SURYA NEPAL PVT LTD - NEPAL,SURYA,SURYA 24 CARAT ARCTIC BURST,HL 20'S,HL,20,FRESH,,20.0,NO,300.0
213,03/12/2024,202412,3,1023120416981,21104030017,1732537658621,99765321,105,SURYA NEPAL PVT LTD - NEPAL,SURYA FUSION,SURYA FUSION,320.0,20K'S,FLT,New SKU,,RECODING,5,7,46667,153.67381,123,B.S.I PVT LTD-NEPAL,SURYA,SURYA,SURYA-UNWRP 200 GMS,UNWRP,200.000 GM,,,200.0,GM,0.0
213,03/12/2024,202412,3,1023120416981,21104030017,1732537658621,99765321,105,SURYA NEPAL PVT LTD - NEPAL,SURYA FUSION,SURYA FUSION,320.0,20K'S,FLT,New SKU,,RECODING,5,8,90110249,155.47119,105,SURYA NEPAL PVT LTD - NEPAL,SHIKHAR,SHIKHAR TANGY BREEZE,HL 20'S,HL,20,FRESH,,20.0,NO,180.0
213,03/12/2024,202412,3,1023120416981,21104030017,1732537658621,99765321,105,SURYA NEPAL PVT LTD - NEPAL,SURYA FUSION,SURYA FUSION,320.0,20K'S,FLT,New SKU,,RECODING,5,9,90110239,158.23538,105,SURYA NEPAL PVT LTD - NEPAL,SURYA,SURYA LEGEND,SB 20'S,SB,20,FULL FLAVOUR,,20.0,NO,320.0
213,03/12/2024,202412,3,1023120416981,21104030017,1732537658621,99765321,105,SURYA NEPAL PVT LTD - NEPAL,SURYA FUSION,SURYA FUSION,320.0,20K'S,FLT,New SKU,,RECODING,5,10,99765090,158.55423,105,SURYA NEPAL PVT LTD - NEPAL,SURYA,SURYA DUAL BURST,HL 20'S,HL,20,FRESH,,20.0,NO,320.0
214,03/12/2024,202412,3,1023173737366,21104030039,1732537658621,99765321,105,SURYA NEPAL PVT LTD - NEPAL,SURYA FUSION,SURYA FUSION,320.0,20K'S,FLT,New SKU,,RECODING,5,1,47592,134.25758,105,SURYA NEPAL PVT LTD - NEPAL,SHIKHAR,SHIKHAR ICE RUSH,HL 20'S,HL,20,FRESH,,20.0,NO,185.0
214,03/12/2024,202412,3,1023173737366,21104030039,1732537658621,99765321,105,SURYA NEPAL PVT LTD - NEPAL,SURYA FUSION,SURYA FUSION,320.0,20K'S,FLT,New SKU,,RECODING,5,2,99765321,148.5741,105,SURYA NEPAL PVT LTD - NEPAL,SURYA,SURYA FUSION,HL 20'S,HL,20,FULL FLAVOUR,,20.0,NO,320.0
214,03/12/2024,202412,3,1023173737366,21104030039,1732537658621,99765321,105,SURYA NEPAL PVT LTD - NEPAL,SURYA FUSION,SURYA FUSION,320.0,20K'S,FLT,New SKU,,RECODING,5,3,90110247,153.02051,105,SURYA NEPAL PVT LTD - NEPAL,SURYA,SURYA CITRIC FRESH,HL 20'S,HL,20,FRESH,,20.0,NO,300.0
214,03/12/2024,202412,3,1023173737366,21104030039,1732537658621,99765321,105,SURYA NEPAL PVT LTD - NEPAL,SURYA FUSION,SURYA FUSION,320.0,20K'S,FLT,New SKU,,RECODING,5,4,90110238,153.314,105,SURYA NEPAL PVT LTD - NEPAL,SURYA,SURYA POLAR ICE,HL 20'S,HL,20,FRESH,,20.0,NO,300.0
214,03/12/2024,202412,3,1023173737366,21104030039,1732537658621,99765321,105,SURYA NEPAL PVT LTD - NEPAL,SURYA FUSION,SURYA FUSION,320.0,20K'S,FLT,New SKU,,RECODING,5,5,48587,153.34796,105,SURYA NEPAL PVT LTD - NEPAL,SURYA,SURYA 24 CARAT ARCTIC BURST,HL 20'S,HL,20,FRESH,,20.0,NO,300.0
214,03/12/2024,202412,3,1023173737366,21104030039,1732537658621,99765321,105,SURYA NEPAL PVT LTD - NEPAL,SURYA FUSION,SURYA FUSION,320.0,20K'S,FLT,New SKU,,RECODING,5,6,92923725,153.76009,123,B.S.I PVT LTD-NEPAL,SURYA,SURYA,SURYA-UNWRP 150 GMS,UNWRP,150.000 GM,,,150.0,GM,0.0
214,03/12/2024,202412,3,1023173737366,21104030039,1732537658621,99765321,105,SURYA NEPAL PVT LTD - NEPAL,SURYA FUSION,SURYA FUSION,320.0,20K'S,FLT,New SKU,,RECODING,5,7,46667,153.98601,123,B.S.I PVT LTD-NEPAL,SURYA,SURYA,SURYA-UNWRP 200 GMS,UNWRP,200.000 GM,,,200.0,GM,0.0
214,03/12/2024,202412,3,1023173737366,21104030039,1732537658621,99765321,105,SURYA NEPAL PVT LTD - NEPAL,SURYA FUSION,SURYA FUSION,320.0,20K'S,FLT,New SKU,,RECODING,5,8,90110249,155.98236,105,SURYA NEPAL PVT LTD - NEPAL,SHIKHAR,SHIKHAR TANGY BREEZE,HL 20'S,HL,20,FRESH,,20.0,NO,180.0
214,03/12/2024,202412,3,1023173737366,21104030039,1732537658621,99765321,105,SURYA NEPAL PVT LTD - NEPAL,SURYA FUSION,SURYA FUSION,320.0,20K'S,FLT,New SKU,,RECODING,5,9,90110239,159.7174,105,SURYA NEPAL PVT LTD - NEPAL,SURYA,SURYA LEGEND,SB 20'S,SB,20,FULL FLAVOUR,,20.0,NO,320.0
214,03/12/2024,202412,3,1023173737366,21104030039,1732537658621,99765321,105,SURYA NEPAL PVT LTD - NEPAL,SURYA FUSION,SURYA FUSION,320.0,20K'S,FLT,New SKU,,RECODING,5,10,99765090,160.06444,105,SURYA NEPAL PVT LTD - NEPAL,SURYA,SURYA DUAL BURST,HL 20'S,HL,20,FRESH,,20.0,NO,320.0
215,03/12/2024,202412,3,1023195011424,21104030071,1732537658621,99765321,105,SURYA NEPAL PVT LTD - NEPAL,SURYA FUSION,SURYA FUSION,320.0,20K'S,FLT,New SKU,,RECODING,5,1,47592,133.99318,105,SURYA NEPAL PVT LTD - NEPAL,SHIKHAR,SHIKHAR ICE RUSH,HL 20'S,HL,20,FRESH,,20.0,NO,185.0
215,03/12/2024,202412,3,1023195011424,21104030071,1732537658621,99765321,105,SURYA NEPAL PVT LTD - NEPAL,SURYA FUSION,SURYA FUSION,320.0,20K'S,FLT,New SKU,,RECODING,5,2,99765321,147.36203,105,SURYA NEPAL PVT LTD - NEPAL,SURYA,SURYA FUSION,HL 20'S,HL,20,FULL FLAVOUR,,20.0,NO,320.0
215,03/12/2024,202412,3,1023195011424,21104030071,1732537658621,99765321,105,SURYA NEPAL PVT LTD - NEPAL,SURYA FUSION,SURYA FUSION,320.0,20K'S,FLT,New SKU,,RECODING,5,3,90110238,152.60284,105,SURYA NEPAL PVT LTD - NEPAL,SURYA,SURYA POLAR ICE,HL 20'S,HL,20,FRESH,,20.0,NO,300.0
215,03/12/2024,202412,3,1023195011424,21104030071,1732537658621,99765321,105,SURYA NEPAL PVT LTD - NEPAL,SURYA FUSION,SURYA FUSION,320.0,20K'S,FLT,New SKU,,RECODING,5,4,90110247,152.70372,105,SURYA NEPAL PVT LTD - NEPAL,SURYA,SURYA CITRIC FRESH,HL 20'S,HL,20,FRESH,,20.0,NO,300.0
215,03/12/2024,202412,3,1023195011424,21104030071,1732537658621,99765321,105,SURYA NEPAL PVT LTD - NEPAL,SURYA FUSION,SURYA FUSION,320.0,20K'S,FLT,New SKU,,RECODING,5,5,48587,153.40921,105,SURYA NEPAL PVT LTD - NEPAL,SURYA,SURYA 24 CARAT ARCTIC BURST,HL 20'S,HL,20,FRESH,,20.0,NO,300.0
215,03/12/2024,202412,3,1023195011424,21104030071,1732537658621,99765321,105,SURYA NEPAL PVT LTD - NEPAL,SURYA FUSION,SURYA FUSION,320.0,20K'S,FLT,New SKU,,RECODING,5,6,92923725,153.5278,123,B.S.I PVT LTD-NEPAL,SURYA,SURYA,SURYA-UNWRP 150 GMS,UNWRP,150.000 GM,,,150.0,GM,0.0
215,03/12/2024,202412,3,1023195011424,21104030071,1732537658621,99765321,105,SURYA NEPAL PVT LTD - NEPAL,SURYA FUSION,SURYA FUSION,320.0,20K'S,FLT,New SKU,,RECODING,5,7,46667,154.10535,123,B.S.I PVT LTD-NEPAL,SURYA,SURYA,SURYA-UNWRP 200 GMS,UNWRP,200.000 GM,,,200.0,GM,0.0
215,03/12/2024,202412,3,1023195011424,21104030071,1732537658621,99765321,105,SURYA NEPAL PVT LTD - NEPAL,SURYA FUSION,SURYA FUSION,320.0,20K'S,FLT,New SKU,,RECODING,5,8,90110249,155.85265,105,SURYA NEPAL PVT LTD - NEPAL,SHIKHAR,SHIKHAR TANGY BREEZE,HL 20'S,HL,20,FRESH,,20.0,NO,180.0
215,03/12/2024,202412,3,1023195011424,21104030071,1732537658621,99765321,105,SURYA NEPAL PVT LTD - NEPAL,SURYA FUSION,SURYA FUSION,320.0,20K'S,FLT,New SKU,,RECODING,5,9,90110239,158.76865,105,SURYA NEPAL PVT LTD - NEPAL,SURYA,SURYA LEGEND,SB 20'S,SB,20,FULL FLAVOUR,,20.0,NO,320.0
215,03/12/2024,202412,3,1023195011424,21104030071,1732537658621,99765321,105,SURYA NEPAL PVT LTD - NEPAL,SURYA FUSION,SURYA FUSION,320.0,20K'S,FLT,New SKU,,RECODING,5,10,99765090,158.8924,105,SURYA NEPAL PVT LTD - NEPAL,SURYA,SURYA DUAL BURST,HL 20'S,HL,20,FRESH,,20.0,NO,320.0
216,03/12/2024,202412,3,1021112743621,21104030034,1732537658621,99765321,105,SURYA NEPAL PVT LTD - NEPAL,SURYA FUSION,SURYA FUSION,320.0,20K'S,FLT,New SKU,,RECODING,5,1,47592,134.36188,105,SURYA NEPAL PVT LTD - NEPAL,SHIKHAR,SHIKHAR ICE RUSH,HL 20'S,HL,20,FRESH,,20.0,NO,185.0
216,03/12/2024,202412,3,1021112743621,21104030034,1732537658621,99765321,105,SURYA NEPAL PVT LTD - NEPAL,SURYA FUSION,SURYA FUSION,320.0,20K'S,FLT,New SKU,,RECODING,5,2,99765321,148.37885,105,SURYA NEPAL PVT LTD - NEPAL,SURYA,SURYA FUSION,HL 20'S,HL,20,FULL FLAVOUR,,20.0,NO,320.0
216,03/12/2024,202412,3,1021112743621,21104030034,1732537658621,99765321,105,SURYA NEPAL PVT LTD - NEPAL,SURYA FUSION,SURYA FUSION,320.0,20K'S,FLT,New SKU,,RECODING,5,3,90110238,152.58388,105,SURYA NEPAL PVT LTD - NEPAL,SURYA,SURYA POLAR ICE,HL 20'S,HL,20,FRESH,,20.0,NO,300.0
216,03/12/2024,202412,3,1021112743621,21104030034,1732537658621,99765321,105,SURYA NEPAL PVT LTD - NEPAL,SURYA FUSION,SURYA FUSION,320.0,20K'S,FLT,New SKU,,RECODING,5,4,90110247,152.60707,105,SURYA NEPAL PVT LTD - NEPAL,SURYA,SURYA CITRIC FRESH,HL 20'S,HL,20,FRESH,,20.0,NO,300.0
216,03/12/2024,202412,3,1021112743621,21104030034,1732537658621,99765321,105,SURYA NEPAL PVT LTD - NEPAL,SURYA FUSION,SURYA FUSION,320.0,20K'S,FLT,New SKU,,RECODING,5,5,92923725,153.46716,123,B.S.I PVT LTD-NEPAL,SURYA,SURYA,SURYA-UNWRP 150 GMS,UNWRP,150.000 GM,,,150.0,GM,0.0
216,03/12/2024,202412,3,1021112743621,21104030034,1732537658621,99765321,105,SURYA NEPAL PVT LTD - NEPAL,SURYA FUSION,SURYA FUSION,320.0,20K'S,FLT,New SKU,,RECODING,5,6,48587,153.67375,105,SURYA NEPAL PVT LTD - NEPAL,SURYA,SURYA 24 CARAT ARCTIC BURST,HL 20'S,HL,20,FRESH,,20.0,NO,300.0
216,03/12/2024,202412,3,1021112743621,21104030034,1732537658621,99765321,105,SURYA NEPAL PVT LTD - NEPAL,SURYA FUSION,SURYA FUSION,320.0,20K'S,FLT,New SKU,,RECODING,5,7,46667,154.19046,123,B.S.I PVT LTD-NEPAL,SURYA,SURYA,SURYA-UNWRP 200 GMS,UNWRP,200.000 GM,,,200.0,GM,0.0
216,03/12/2024,202412,3,1021112743621,21104030034,1732537658621,99765321,105,SURYA NEPAL PVT LTD - NEPAL,SURYA FUSION,SURYA FUSION,320.0,20K'S,FLT,New SKU,,RECODING,5,8,90110249,155.68289,105,SURYA NEPAL PVT LTD - NEPAL,SHIKHAR,SHIKHAR TANGY BREEZE,HL 20'S,HL,20,FRESH,,20.0,NO,180.0
216,03/12/2024,202412,3,1021112743621,21104030034,1732537658621,99765321,105,SURYA NEPAL PVT LTD - NEPAL,SURYA FUSION,SURYA FUSION,320.0,20K'S,FLT,New SKU,,RECODING,5,9,99765090,159.44936,105,SURYA NEPAL PVT LTD - NEPAL,SURYA,SURYA DUAL BURST,HL 20'S,HL,20,FRESH,,20.0,NO,320.0
216,03/12/2024,202412,3,1021112743621,21104030034,1732537658621,99765321,105,SURYA NEPAL PVT LTD - NEPAL,SURYA FUSION,SURYA FUSION,320.0,20K'S,FLT,New SKU,,RECODING,5,10,90110239,159.47116,105,SURYA NEPAL PVT LTD - NEPAL,SURYA,SURYA LEGEND,SB 20'S,SB,20,FULL FLAVOUR,,20.0,NO,320.0
217,03/12/2024,202412,3,2110114814,21101031833,1732693369550,99765321,105,SURYA NEPAL PVT. LTD. ,SURYA FUSION,SURYA FUSION-SURYA NEPAL-20-STICK-HL,320.0,20,HL,,,RECODING,5,1,99765321,117.95188,105,SURYA NEPAL PVT LTD - NEPAL,SURYA,SURYA FUSION,HL 20'S,HL,20,FULL FLAVOUR,,20.0,NO,320.0
217,03/12/2024,202412,3,2110114814,21101031833,1732693369550,99765321,105,SURYA NEPAL PVT. LTD. ,SURYA FUSION,SURYA FUSION-SURYA NEPAL-20-STICK-HL,320.0,20,HL,,,RECODING,5,2,47592,137.26111,105,SURYA NEPAL PVT LTD - NEPAL,SHIKHAR,SHIKHAR ICE RUSH,HL 20'S,HL,20,FRESH,,20.0,NO,185.0
217,03/12/2024,202412,3,2110114814,21101031833,1732693369550,99765321,105,SURYA NEPAL PVT. LTD. ,SURYA FUSION,SURYA FUSION-SURYA NEPAL-20-STICK-HL,320.0,20,HL,,,RECODING,5,3,99765090,140.09329,105,SURYA NEPAL PVT LTD - NEPAL,SURYA,SURYA DUAL BURST,HL 20'S,HL,20,FRESH,,20.0,NO,320.0
217,03/12/2024,202412,3,2110114814,21101031833,1732693369550,99765321,105,SURYA NEPAL PVT. LTD. ,SURYA FUSION,SURYA FUSION-SURYA NEPAL-20-STICK-HL,320.0,20,HL,,,RECODING,5,4,90110213,142.7227,105,SURYA NEPAL PVT LTD - NEPAL,SURYA,SURYA 24 CARAT,HL 20'S,HL,20,FULL FLAVOUR,,20.0,NO,300.0
217,03/12/2024,202412,3,2110114814,21101031833,1732693369550,99765321,105,SURYA NEPAL PVT. LTD. ,SURYA FUSION,SURYA FUSION-SURYA NEPAL-20-STICK-HL,320.0,20,HL,,,RECODING,5,5,90110247,143.24626,105,SURYA NEPAL PVT LTD - NEPAL,SURYA,SURYA CITRIC FRESH,HL 20'S,HL,20,FRESH,,20.0,NO,300.0
217,03/12/2024,202412,3,2110114814,21101031833,1732693369550,99765321,105,SURYA NEPAL PVT. LTD. ,SURYA FUSION,SURYA FUSION-SURYA NEPAL-20-STICK-HL,320.0,20,HL,,,RECODING,5,6,48587,145.9932,105,SURYA NEPAL PVT LTD - NEPAL,SURYA,SURYA 24 CARAT ARCTIC BURST,HL 20'S,HL,20,FRESH,,20.0,NO,300.0
217,03/12/2024,202412,3,2110114814,21101031833,1732693369550,99765321,105,SURYA NEPAL PVT. LTD. ,SURYA FUSION,SURYA FUSION-SURYA NEPAL-20-STICK-HL,320.0,20,HL,,,RECODING,5,7,99763869,146.31276,105,SURYA NEPAL PVT LTD - NEPAL,NAULO,NAULO BURST,HL 20'S,HL,20,FRESH,,20.0,NO,175.0
217,03/12/2024,202412,3,2110114814,21101031833,1732693369550,99765321,105,SURYA NEPAL PVT. LTD. ,SURYA FUSION,SURYA FUSION-SURYA NEPAL-20-STICK-HL,320.0,20,HL,,,RECODING,5,8,90110238,149.75345,105,SURYA NEPAL PVT LTD - NEPAL,SURYA,SURYA POLAR ICE,HL 20'S,HL,20,FRESH,,20.0,NO,300.0
217,03/12/2024,202412,3,2110114814,21101031833,1732693369550,99765321,105,SURYA NEPAL PVT. LTD. ,SURYA FUSION,SURYA FUSION-SURYA NEPAL-20-STICK-HL,320.0,20,HL,,,RECODING,5,9,48588,151.401,105,SURYA NEPAL PVT LTD - NEPAL,SURYA,SURYA 24 CARAT BLUE,HL 20'S,HL,20,LIGHT,,20.0,NO,300.0
217,03/12/2024,202412,3,2110114814,21101031833,1732693369550,99765321,105,SURYA NEPAL PVT. LTD. ,SURYA FUSION,SURYA FUSION-SURYA NEPAL-20-STICK-HL,320.0,20,HL,,,RECODING,5,10,99764555,152.55356,106,SURYA NEPAL PVT LTD - NEPAL,TOFFICHOO,TOFFICHOO CHATPATA FUN,TOFFICHOO CHATPATA FUN-MASALA PUNCH PCN 720 GM,PLJAR,720.000 GM,MASALA,,720.0,GM,300.0
