t_row_id,t_DATE,t_PERIOD,t_AUDITYPE,t_STORECODE,t_DLRCODE,t_ITEMCODE,t_NEW_CODES,t_CATEGORY,t_MANUFACTURE,t_BRAND,t_ITEMDESC,t_MRP,t_PACKSIZE,t_PACKTYPE,t_COMMENTS,t_IMAGE,t_CODE COMMENT,t_FLAG,rank,matched_itemcode,distance,m_catcode,m_company,m_mbrand,m_brand,m_sku,m_packtype,m_base_pack,m_flavor,m_color,m_wght,m_uom,m_mrp
0,10/06/2024,202406,2,111741491,42302020002,1717987879337,99764819,134,APPLE DRLNK,VB,FLZZ,30,GH,HJK,Sales Deviation is OK,1717987879337-apple drlnk-vb.png,CROSS CODING,2,1,20123819,224.98245,118,RIJAL TASHI IND. PVT LTD-NEPAL,DRUK,DRUK,APPLE CAN 240 ML,CAN,240.000 ML,APPLE,,240.0,ML,0.0
0,10/06/2024,202406,2,111741491,42302020002,1717987879337,99764819,134,APPLE DRLNK,VB,FLZZ,30,GH,HJK,Sales Deviation is OK,1717987879337-apple drlnk-vb.png,CROSS CODING,2,2,20110326,230.67087,118,DABUR NEPAL LTD.-NEPAL,REAL,REAL ACTIV,APPLE TPK 330 ML,TPK,330.000 ML,APPLE,,330.0,ML,0.0
0,10/06/2024,202406,2,111741491,42302020002,1717987879337,99764819,134,APPLE DRLNK,VB,FLZZ,30,GH,HJK,Sales Deviation is OK,1717987879337-apple drlnk-vb.png,CROSS CODING,2,3,20121940,232.5535,118,DELUXE RICH SDN BHD - MALAYSIA,TREE FRESH,TREE FRESH,APPLE CAN 330 ML,CAN,330.000 ML,APPLE,,330.0,ML,0.0
0,10/06/2024,202406,2,111741491,42302020002,1717987879337,99764819,134,APPLE DRLNK,VB,FLZZ,30,GH,HJK,Sales Deviation is OK,1717987879337-apple drlnk-vb.png,CROSS CODING,2,4,45493,233.05464,118,THE AGRI. MKT. - BNGLADESH,PRAN,PRAN,APPLE TPK 200 ML,TPK,200.000 ML,APPLE,,200.0,ML,0.0
0,10/06/2024,202406,2,111741491,42302020002,1717987879337,99764819,134,APPLE DRLNK,VB,FLZZ,30,GH,HJK,Sales Deviation is OK,1717987879337-apple drlnk-vb.png,CROSS CODING,2,5,20125116,234.78903,118,DEL MONTE PHILS - PHILIPINES,DEL MONTE,DEL MONTE,GREEN APPLE CAN 240 ML,CAN,240.000 ML,APPLE,,240.0,ML,0.0
0,10/06/2024,202406,2,111741491,42302020002,1717987879337,99764819,134,APPLE DRLNK,VB,FLZZ,30,GH,HJK,Sales Deviation is OK,1717987879337-apple drlnk-vb.png,CROSS CODING,2,6,99765433,238.43892,118,DABUR NEPAL LTD.-NEPAL,REAL,REAL BURRST,APPLE TPK 170 ML,TPK,170.000 ML,APPLE,,170.0,ML,25.0
0,10/06/2024,202406,2,111741491,42302020002,1717987879337,99764819,134,APPLE DRLNK,VB,FLZZ,30,GH,HJK,Sales Deviation is OK,1717987879337-apple drlnk-vb.png,CROSS CODING,2,7,20110318,239.3753,118,DELUXE RICH SDN BHD - MALAYSIA,TREE FRESH,TREE FRESH,APPLE CAN 325 ML,CAN,325.000 ML,APPLE,,325.0,ML,0.0
0,10/06/2024,202406,2,111741491,42302020002,1717987879337,99764819,134,APPLE DRLNK,VB,FLZZ,30,GH,HJK,Sales Deviation is OK,1717987879337-apple drlnk-vb.png,CROSS CODING,2,8,99762360,241.87589,118,DABUR NEPAL LTD.-NEPAL,REAL,REAL BURRST,APPLE TPK 180 ML,TPK,180.000 ML,APPLE,,180.0,ML,25.0
0,10/06/2024,202406,2,111741491,42302020002,1717987879337,99764819,134,APPLE DRLNK,VB,FLZZ,30,GH,HJK,Sales Deviation is OK,1717987879337-apple drlnk-vb.png,CROSS CODING,2,9,53175,242.08295,118,DABUR NEPAL LTD.-NEPAL,REAL,REAL ACTIV,FRUIT POWER 100% APPLE TPK 200ML,TPK,200.000 ML,APPLE,,200.0,ML,0.0
0,10/06/2024,202406,2,111741491,42302020002,1717987879337,99764819,134,APPLE DRLNK,VB,FLZZ,30,GH,HJK,Sales Deviation is OK,1717987879337-apple drlnk-vb.png,CROSS CODING,2,10,20110631,243.8576,118,DABUR NEPAL LTD.-NEPAL,REAL,REAL,APPLE NECTOR TPK 1000 ML,TPK,1000.000 ML,APPLE,,1000.0,ML,0.0
1,10/06/2024,202406,2,132124170,52201020006,1717729177792,99765237,118,NEPAL M.D FOOD & BEVERAGE-NEPAL,MENTION DEW,MENTION DEW/1000ML/PBT/LEMON,130,1000ML ,PBT,Seasonal purchases,,RECODING,5,1,99765237,27.793198,118,NEPAL M.D FOOD & BEVERAGE-NEPAL,MENTION DEW,MENTION DEW,PET 1000 ML,PET,1000.000 ML,LEMON,,1000.0,ML,130.0
1,10/06/2024,202406,2,132124170,52201020006,1717729177792,99765237,118,NEPAL M.D FOOD & BEVERAGE-NEPAL,MENTION DEW,MENTION DEW/1000ML/PBT/LEMON,130,1000ML ,PBT,Seasonal purchases,,RECODING,5,2,99762400,29.117832,118,NEPAL M.D FOOD & BEVERAGE-NEPAL,MENTION DEW,MENTION DEW,PET 250 ML,PET,250.000 ML,LEMON,,250.0,ML,40.0
1,10/06/2024,202406,2,132124170,52201020006,1717729177792,99765237,118,NEPAL M.D FOOD & BEVERAGE-NEPAL,MENTION DEW,MENTION DEW/1000ML/PBT/LEMON,130,1000ML ,PBT,Seasonal purchases,,RECODING,5,3,99763568,29.276848,118,NEPAL M.D FOOD & BEVERAGE-NEPAL,MENTION DEW,MENTION DEW,PET 2250 ML,PET,2250.000 ML,LEMON,,2250.0,ML,210.0
1,10/06/2024,202406,2,132124170,52201020006,1717729177792,99765237,118,NEPAL M.D FOOD & BEVERAGE-NEPAL,MENTION DEW,MENTION DEW/1000ML/PBT/LEMON,130,1000ML ,PBT,Seasonal purchases,,RECODING,5,4,99763619,29.49971,118,NEPAL M.D FOOD & BEVERAGE-NEPAL,MENTION DEW,MENTION DEW,PET 1500 ML,PET,1500.000 ML,LEMON,,1500.0,ML,160.0
1,10/06/2024,202406,2,132124170,52201020006,1717729177792,99765237,118,NEPAL M.D FOOD & BEVERAGE-NEPAL,MENTION DEW,MENTION DEW/1000ML/PBT/LEMON,130,1000ML ,PBT,Seasonal purchases,,RECODING,5,5,99762732,30.123852,118,NEPAL M.D FOOD & BEVERAGE-NEPAL,MENTION DEW,MENTION DEW,PET 500 ML,PET,500.000 ML,LEMON,,500.0,ML,75.0
1,10/06/2024,202406,2,132124170,52201020006,1717729177792,99765237,118,NEPAL M.D FOOD & BEVERAGE-NEPAL,MENTION DEW,MENTION DEW/1000ML/PBT/LEMON,130,1000ML ,PBT,Seasonal purchases,,RECODING,5,6,99764963,42.39083,118,NEPAL M.D FOOD & BEVERAGE-NEPAL,MD DEW,MD DEW,PET 250 ML,PET,250.000 ML,LEMON,,250.0,ML,40.0
1,10/06/2024,202406,2,132124170,52201020006,1717729177792,99765237,118,NEPAL M.D FOOD & BEVERAGE-NEPAL,MENTION DEW,MENTION DEW/1000ML/PBT/LEMON,130,1000ML ,PBT,Seasonal purchases,,RECODING,5,7,99763569,62.549446,118,NEPAL M.D FOOD & BEVERAGE-NEPAL,MAZZAKO DEW,MAZZAKO DEW,PET 2250 ML,PET,2250.000 ML,LEMON,,2250.0,ML,210.0
1,10/06/2024,202406,2,132124170,52201020006,1717729177792,99765237,118,NEPAL M.D FOOD & BEVERAGE-NEPAL,MENTION DEW,MENTION DEW/1000ML/PBT/LEMON,130,1000ML ,PBT,Seasonal purchases,,RECODING,5,8,99762457,63.28458,118,NEPAL M.D FOOD & BEVERAGE-NEPAL,MAZZAKO DEW,MAZZAKO DEW,PET 250 ML,PET,250.000 ML,LEMON,,250.0,ML,35.0
1,10/06/2024,202406,2,132124170,52201020006,1717729177792,99765237,118,NEPAL M.D FOOD & BEVERAGE-NEPAL,MENTION DEW,MENTION DEW/1000ML/PBT/LEMON,130,1000ML ,PBT,Seasonal purchases,,RECODING,5,9,99763821,63.554195,118,NEPAL M.D FOOD & BEVERAGE-NEPAL,MAZZAKO DEW,MAZZAKO DEW,PET 1500 ML,PET,1500.000 ML,LEMON,,1500.0,ML,150.0
1,10/06/2024,202406,2,132124170,52201020006,1717729177792,99765237,118,NEPAL M.D FOOD & BEVERAGE-NEPAL,MENTION DEW,MENTION DEW/1000ML/PBT/LEMON,130,1000ML ,PBT,Seasonal purchases,,RECODING,5,10,99765062,64.70079,118,NEPAL M.D FOOD & BEVERAGE-NEPAL,MAZZAKO DEW,MAZZAKO DEW,PET 500 ML,PET,500.000 ML,LEMON,,500.0,ML,75.0
2,10/06/2024,202406,2,132258633,31101020048,1717909234016,99765238,134,HYGEN PACKS NEPAL PVT LTD-NEPAL,HYGEN MANIA GUAVA DRINK,HYGEN MANIA GUAVA\200ML\TPK\RS:25\HYGEN PACKS NEPAL PVT.LTD NEPAL,25,200ML,TPK,,1717909234016-hygen packs nepal pvt ltd-nepal-hygen mania guava drink#3.png,RECODING,5,1,99765238,37.615498,118,HYGEN PACKS NEPAL PVT LTD-NEPAL,HYGEN,HYGEN MANIA,GUAVA TPK 200 ML,TPK,200.000 ML,GUAVA,,200.0,ML,25.0
2,10/06/2024,202406,2,132258633,31101020048,1717909234016,99765238,134,HYGEN PACKS NEPAL PVT LTD-NEPAL,HYGEN MANIA GUAVA DRINK,HYGEN MANIA GUAVA\200ML\TPK\RS:25\HYGEN PACKS NEPAL PVT.LTD NEPAL,25,200ML,TPK,,1717909234016-hygen packs nepal pvt ltd-nepal-hygen mania guava drink#3.png,RECODING,5,2,99763224,80.86981,118,HYGEN PACKS NEPAL PVT LTD-NEPAL,HYGEN,HYGEN MANIA,MANGO TPK 200 ML,TPK,200.000 ML,MANGO,,200.0,ML,25.0
2,10/06/2024,202406,2,132258633,31101020048,1717909234016,99765238,134,HYGEN PACKS NEPAL PVT LTD-NEPAL,HYGEN MANIA GUAVA DRINK,HYGEN MANIA GUAVA\200ML\TPK\RS:25\HYGEN PACKS NEPAL PVT.LTD NEPAL,25,200ML,TPK,,1717909234016-hygen packs nepal pvt ltd-nepal-hygen mania guava drink#3.png,RECODING,5,3,99764247,87.86113,118,HYGEN PACKS NEPAL PVT LTD-NEPAL,HYGEN,HYGEN RUHSH,MANGO TPK 200 ML,TPK,200.000 ML,MANGO,,200.0,ML,25.0
2,10/06/2024,202406,2,132258633,31101020048,1717909234016,99765238,134,HYGEN PACKS NEPAL PVT LTD-NEPAL,HYGEN MANIA GUAVA DRINK,HYGEN MANIA GUAVA\200ML\TPK\RS:25\HYGEN PACKS NEPAL PVT.LTD NEPAL,25,200ML,TPK,,1717909234016-hygen packs nepal pvt ltd-nepal-hygen mania guava drink#3.png,RECODING,5,4,99763844,89.99569,118,HYGEN PACKS NEPAL PVT LTD-NEPAL,MANIA,MANIA MAGIC,MANGO TPK 180 ML+20 ML FREE,TPK,180.000 ML,MANGO,,200.0,ML,25.0
2,10/06/2024,202406,2,132258633,31101020048,1717909234016,99765238,134,HYGEN PACKS NEPAL PVT LTD-NEPAL,HYGEN MANIA GUAVA DRINK,HYGEN MANIA GUAVA\200ML\TPK\RS:25\HYGEN PACKS NEPAL PVT.LTD NEPAL,25,200ML,TPK,,1717909234016-hygen packs nepal pvt ltd-nepal-hygen mania guava drink#3.png,RECODING,5,5,99762355,101.35121,118,HYGEN PACKS NEPAL PVT LTD-NEPAL,HYGEN,HYGEN MANIA,CAN 250 ML,CAN,250.000 ML,,,250.0,ML,120.0
2,10/06/2024,202406,2,132258633,31101020048,1717909234016,99765238,134,HYGEN PACKS NEPAL PVT LTD-NEPAL,HYGEN MANIA GUAVA DRINK,HYGEN MANIA GUAVA\200ML\TPK\RS:25\HYGEN PACKS NEPAL PVT.LTD NEPAL,25,200ML,TPK,,1717909234016-hygen packs nepal pvt ltd-nepal-hygen mania guava drink#3.png,RECODING,5,6,99764473,102.05952,118,HYGEN PACKS NEPAL PVT LTD-NEPAL,HYGEN,HYGEN MANIA,CAN 330 ML,CAN,330.000 ML,,,330.0,ML,120.0
2,10/06/2024,202406,2,132258633,31101020048,1717909234016,99765238,134,HYGEN PACKS NEPAL PVT LTD-NEPAL,HYGEN MANIA GUAVA DRINK,HYGEN MANIA GUAVA\200ML\TPK\RS:25\HYGEN PACKS NEPAL PVT.LTD NEPAL,25,200ML,TPK,,1717909234016-hygen packs nepal pvt ltd-nepal-hygen mania guava drink#3.png,RECODING,5,7,99765164,106.96059,118,HYGEN PACKS NEPAL PVT LTD-NEPAL,MANIA,MANIA MIX FRUIT,MIX FRUIT TPK 200 ML,TPK,200.000 ML,MIXED FRUIT,,200.0,ML,25.0
2,10/06/2024,202406,2,132258633,31101020048,1717909234016,99765238,134,HYGEN PACKS NEPAL PVT LTD-NEPAL,HYGEN MANIA GUAVA DRINK,HYGEN MANIA GUAVA\200ML\TPK\RS:25\HYGEN PACKS NEPAL PVT.LTD NEPAL,25,200ML,TPK,,1717909234016-hygen packs nepal pvt ltd-nepal-hygen mania guava drink#3.png,RECODING,5,8,99763057,107.03191,118,HYGEN PACKS NEPAL PVT LTD-NEPAL,MANIA,MANIA APPE,APPLE TPK 200 ML,TPK,200.000 ML,APPLE,,200.0,ML,25.0
2,10/06/2024,202406,2,132258633,31101020048,1717909234016,99765238,134,HYGEN PACKS NEPAL PVT LTD-NEPAL,HYGEN MANIA GUAVA DRINK,HYGEN MANIA GUAVA\200ML\TPK\RS:25\HYGEN PACKS NEPAL PVT.LTD NEPAL,25,200ML,TPK,,1717909234016-hygen packs nepal pvt ltd-nepal-hygen mania guava drink#3.png,RECODING,5,9,99764476,112.430954,118,HYGEN PACKS NEPAL PVT LTD-NEPAL,HYGEN,HYGEN MANIA,MANGO PET 250 ML,PET,250.000 ML,MANGO,,250.0,ML,50.0
2,10/06/2024,202406,2,132258633,31101020048,1717909234016,99765238,134,HYGEN PACKS NEPAL PVT LTD-NEPAL,HYGEN MANIA GUAVA DRINK,HYGEN MANIA GUAVA\200ML\TPK\RS:25\HYGEN PACKS NEPAL PVT.LTD NEPAL,25,200ML,TPK,,1717909234016-hygen packs nepal pvt ltd-nepal-hygen mania guava drink#3.png,RECODING,5,10,99765440,114.239174,118,HYGEN PACKS NEPAL PVT LTD-NEPAL,MANIA,MANIA NIMBOO,PET 250 ML,PET,250.000 ML,LEMON,,250.0,ML,50.0
3,10/06/2024,202406,2,126355065,52202020007,1717729177792,99765237,118,NEPAL M.D FOOD & BEVERAGE-NEPAL,MENTION DEW,MENTION DEW/1000ML/PBT/LEMON,130,1000ML ,PBT,,1717729177792-nepal m-d food - beverage-nepal-mention dew#3.png,RECODING,5,1,99765237,27.793198,118,NEPAL M.D FOOD & BEVERAGE-NEPAL,MENTION DEW,MENTION DEW,PET 1000 ML,PET,1000.000 ML,LEMON,,1000.0,ML,130.0
3,10/06/2024,202406,2,126355065,52202020007,1717729177792,99765237,118,NEPAL M.D FOOD & BEVERAGE-NEPAL,MENTION DEW,MENTION DEW/1000ML/PBT/LEMON,130,1000ML ,PBT,,1717729177792-nepal m-d food - beverage-nepal-mention dew#3.png,RECODING,5,2,99762400,29.117832,118,NEPAL M.D FOOD & BEVERAGE-NEPAL,MENTION DEW,MENTION DEW,PET 250 ML,PET,250.000 ML,LEMON,,250.0,ML,40.0
3,10/06/2024,202406,2,126355065,52202020007,1717729177792,99765237,118,NEPAL M.D FOOD & BEVERAGE-NEPAL,MENTION DEW,MENTION DEW/1000ML/PBT/LEMON,130,1000ML ,PBT,,1717729177792-nepal m-d food - beverage-nepal-mention dew#3.png,RECODING,5,3,99763568,29.276848,118,NEPAL M.D FOOD & BEVERAGE-NEPAL,MENTION DEW,MENTION DEW,PET 2250 ML,PET,2250.000 ML,LEMON,,2250.0,ML,210.0
3,10/06/2024,202406,2,126355065,52202020007,1717729177792,99765237,118,NEPAL M.D FOOD & BEVERAGE-NEPAL,MENTION DEW,MENTION DEW/1000ML/PBT/LEMON,130,1000ML ,PBT,,1717729177792-nepal m-d food - beverage-nepal-mention dew#3.png,RECODING,5,4,99763619,29.49971,118,NEPAL M.D FOOD & BEVERAGE-NEPAL,MENTION DEW,MENTION DEW,PET 1500 ML,PET,1500.000 ML,LEMON,,1500.0,ML,160.0
3,10/06/2024,202406,2,126355065,52202020007,1717729177792,99765237,118,NEPAL M.D FOOD & BEVERAGE-NEPAL,MENTION DEW,MENTION DEW/1000ML/PBT/LEMON,130,1000ML ,PBT,,1717729177792-nepal m-d food - beverage-nepal-mention dew#3.png,RECODING,5,5,99762732,30.123852,118,NEPAL M.D FOOD & BEVERAGE-NEPAL,MENTION DEW,MENTION DEW,PET 500 ML,PET,500.000 ML,LEMON,,500.0,ML,75.0
3,10/06/2024,202406,2,126355065,52202020007,1717729177792,99765237,118,NEPAL M.D FOOD & BEVERAGE-NEPAL,MENTION DEW,MENTION DEW/1000ML/PBT/LEMON,130,1000ML ,PBT,,1717729177792-nepal m-d food - beverage-nepal-mention dew#3.png,RECODING,5,6,99764963,42.39083,118,NEPAL M.D FOOD & BEVERAGE-NEPAL,MD DEW,MD DEW,PET 250 ML,PET,250.000 ML,LEMON,,250.0,ML,40.0
3,10/06/2024,202406,2,126355065,52202020007,1717729177792,99765237,118,NEPAL M.D FOOD & BEVERAGE-NEPAL,MENTION DEW,MENTION DEW/1000ML/PBT/LEMON,130,1000ML ,PBT,,1717729177792-nepal m-d food - beverage-nepal-mention dew#3.png,RECODING,5,7,99763569,62.549446,118,NEPAL M.D FOOD & BEVERAGE-NEPAL,MAZZAKO DEW,MAZZAKO DEW,PET 2250 ML,PET,2250.000 ML,LEMON,,2250.0,ML,210.0
3,10/06/2024,202406,2,126355065,52202020007,1717729177792,99765237,118,NEPAL M.D FOOD & BEVERAGE-NEPAL,MENTION DEW,MENTION DEW/1000ML/PBT/LEMON,130,1000ML ,PBT,,1717729177792-nepal m-d food - beverage-nepal-mention dew#3.png,RECODING,5,8,99762457,63.28458,118,NEPAL M.D FOOD & BEVERAGE-NEPAL,MAZZAKO DEW,MAZZAKO DEW,PET 250 ML,PET,250.000 ML,LEMON,,250.0,ML,35.0
3,10/06/2024,202406,2,126355065,52202020007,1717729177792,99765237,118,NEPAL M.D FOOD & BEVERAGE-NEPAL,MENTION DEW,MENTION DEW/1000ML/PBT/LEMON,130,1000ML ,PBT,,1717729177792-nepal m-d food - beverage-nepal-mention dew#3.png,RECODING,5,9,99763821,63.554195,118,NEPAL M.D FOOD & BEVERAGE-NEPAL,MAZZAKO DEW,MAZZAKO DEW,PET 1500 ML,PET,1500.000 ML,LEMON,,1500.0,ML,150.0
3,10/06/2024,202406,2,126355065,52202020007,1717729177792,99765237,118,NEPAL M.D FOOD & BEVERAGE-NEPAL,MENTION DEW,MENTION DEW/1000ML/PBT/LEMON,130,1000ML ,PBT,,1717729177792-nepal m-d food - beverage-nepal-mention dew#3.png,RECODING,5,10,99765062,64.70079,118,NEPAL M.D FOOD & BEVERAGE-NEPAL,MAZZAKO DEW,MAZZAKO DEW,PET 500 ML,PET,500.000 ML,LEMON,,500.0,ML,75.0
4,11/06/2024,202406,2,130483049,52303020004,1717983186824,99765243,134,KRS HANDICRAFTS ,FROOT ICE KING,FROOT ICE KING/200ML/TPK/MANGO,20,200ML ,TPK,,1717983186824-krs handicrafts -froot ice king#3.png,RECODING,5,1,99765243,82.54143,118,KRS HANDICRAFTS-INDIA,FROOT,FROOT ICE KING,MANGO TPK 200 ML,TPK,200.000 ML,MANGO,,200.0,ML,20.0
4,11/06/2024,202406,2,130483049,52303020004,1717983186824,99765243,134,KRS HANDICRAFTS ,FROOT ICE KING,FROOT ICE KING/200ML/TPK/MANGO,20,200ML ,TPK,,1717983186824-krs handicrafts -froot ice king#3.png,RECODING,5,2,20121619,168.36159,118,DUGAR FOOD & BEVERAGE-NEPAL,FROOTI,FROOTI,MANGO TPK 160 ML,TPK,160.000 ML,MANGO,,160.0,ML,0.0
4,11/06/2024,202406,2,130483049,52303020004,1717983186824,99765243,134,KRS HANDICRAFTS ,FROOT ICE KING,FROOT ICE KING/200ML/TPK/MANGO,20,200ML ,TPK,,1717983186824-krs handicrafts -froot ice king#3.png,RECODING,5,3,20110021,173.65372,118,DUGAR FOOD & BEVERAGE-NEPAL,FROOTI,FROOTI,MANGO TPK 200 ML,TPK,200.000 ML,MANGO,,200.0,ML,0.0
4,11/06/2024,202406,2,130483049,52303020004,1717983186824,99765243,134,KRS HANDICRAFTS ,FROOT ICE KING,FROOT ICE KING/200ML/TPK/MANGO,20,200ML ,TPK,,1717983186824-krs handicrafts -froot ice king#3.png,RECODING,5,4,99764551,176.48029,118,SOUTH ASIAN BEVERAGES P. LTD-NEPAL,FROOTI,FROOTI,MANGO TPK 125 ML,TPK,125.000 ML,MANGO,,125.0,ML,20.0
4,11/06/2024,202406,2,130483049,52303020004,1717983186824,99765243,134,KRS HANDICRAFTS ,FROOT ICE KING,FROOT ICE KING/200ML/TPK/MANGO,20,200ML ,TPK,,1717983186824-krs handicrafts -froot ice king#3.png,RECODING,5,5,99764559,177.15553,118,SOUTH ASIAN BEVERAGES P. LTD-NEPAL,FROOTI,FROOTI,MANGO TPK 200 ML,TPK,200.000 ML,MANGO,,200.0,ML,30.0
4,11/06/2024,202406,2,130483049,52303020004,1717983186824,99765243,134,KRS HANDICRAFTS ,FROOT ICE KING,FROOT ICE KING/200ML/TPK/MANGO,20,200ML ,TPK,,1717983186824-krs handicrafts -froot ice king#3.png,RECODING,5,6,52568,185.87482,118,PARLE AGRO PVT LTD-INDIA,FROOTI,FROOTI,MANGO TPK 160 ML,TPK,160.000 ML,MANGO,,160.0,ML,0.0
4,11/06/2024,202406,2,130483049,52303020004,1717983186824,99765243,134,KRS HANDICRAFTS ,FROOT ICE KING,FROOT ICE KING/200ML/TPK/MANGO,20,200ML ,TPK,,1717983186824-krs handicrafts -froot ice king#3.png,RECODING,5,7,54864,187.33035,118,SHRI KRISHNA FRUIT PROCESR-IND,FROOTON,FROOTON,MANGO TPK 200 ML,TPK,200.000 ML,MANGO,,200.0,ML,0.0
4,11/06/2024,202406,2,130483049,52303020004,1717983186824,99765243,134,KRS HANDICRAFTS ,FROOT ICE KING,FROOT ICE KING/200ML/TPK/MANGO,20,200ML ,TPK,,1717983186824-krs handicrafts -froot ice king#3.png,RECODING,5,8,48590,196.79445,118,AST BEVERAGE LTD-BANGLADESH,MANGO KING,MANGO KING,TPK 200 ML,TPK,200.000 ML,MANGO,,200.0,ML,0.0
4,11/06/2024,202406,2,130483049,52303020004,1717983186824,99765243,134,KRS HANDICRAFTS ,FROOT ICE KING,FROOT ICE KING/200ML/TPK/MANGO,20,200ML ,TPK,,1717983186824-krs handicrafts -froot ice king#3.png,RECODING,5,9,51769,199.62682,118,PARLE AGRO PVT LTD-INDIA,FROOTI,FROOTI,MANGO TPK 65 ML,TPK,65.000 ML,MANGO,,65.0,ML,0.0
4,11/06/2024,202406,2,130483049,52303020004,1717983186824,99765243,134,KRS HANDICRAFTS ,FROOT ICE KING,FROOT ICE KING/200ML/TPK/MANGO,20,200ML ,TPK,,1717983186824-krs handicrafts -froot ice king#3.png,RECODING,5,10,99762480,202.93869,118,AMRAPALI BEVERAGE-NEPAL,AMRAPALI,AMRAPALI KOOL,MANGO TPK 180 ML+20 ML FREE,TPK,180.000 ML,MANGO,,200.0,ML,30.0
5,11/06/2024,202406,2,130483049,52303020004,1717983493558,99765239,118,VARUN BEVERAGE -NEPAL,PEPSI,PEPSI /COLA/2.25L/PBT,270,2.25L,PBT,,1717983493558-varun beverage -nepal-pepsi#3.png,RECODING,5,1,20110433,34.065132,118,VARUN BEVERAGE -NEPAL,PEPSI,PEPSI,PET 250 ML,PET,250.000 ML,COLA,,250.0,ML,0.0
5,11/06/2024,202406,2,130483049,52303020004,1717983493558,99765239,118,VARUN BEVERAGE -NEPAL,PEPSI,PEPSI /COLA/2.25L/PBT,270,2.25L,PBT,,1717983493558-varun beverage -nepal-pepsi#3.png,RECODING,5,2,20121483,36.82949,118,VARUN BEVERAGE -NEPAL,PEPSI,PEPSI,PET 2250 ML,PET,2250.000 ML,COLA,,2250.0,ML,0.0
5,11/06/2024,202406,2,130483049,52303020004,1717983493558,99765239,118,VARUN BEVERAGE -NEPAL,PEPSI,PEPSI /COLA/2.25L/PBT,270,2.25L,PBT,,1717983493558-varun beverage -nepal-pepsi#3.png,RECODING,5,3,20110365,38.088623,118,VARUN BEVERAGE -NEPAL,PEPSI,PEPSI,PET 600 ML,PET,600.000 ML,COLA,,600.0,ML,0.0
5,11/06/2024,202406,2,130483049,52303020004,1717983493558,99765239,118,VARUN BEVERAGE -NEPAL,PEPSI,PEPSI /COLA/2.25L/PBT,270,2.25L,PBT,,1717983493558-varun beverage -nepal-pepsi#3.png,RECODING,5,4,51545,39.07814,118,VARUN BEVERAGE -NEPAL,PEPSI,PEPSI,PET 300 ML,PET,300.000 ML,COLA,,300.0,ML,0.0
5,11/06/2024,202406,2,130483049,52303020004,1717983493558,99765239,118,VARUN BEVERAGE -NEPAL,PEPSI,PEPSI /COLA/2.25L/PBT,270,2.25L,PBT,,1717983493558-varun beverage -nepal-pepsi#3.png,RECODING,5,5,20110178,39.713577,118,VARUN BEVERAGE -NEPAL,PEPSI,PEPSI,PET 2000 ML,PET,2000.000 ML,COLA,,2000.0,ML,0.0
5,11/06/2024,202406,2,130483049,52303020004,1717983493558,99765239,118,VARUN BEVERAGE -NEPAL,PEPSI,PEPSI /COLA/2.25L/PBT,270,2.25L,PBT,,1717983493558-varun beverage -nepal-pepsi#3.png,RECODING,5,6,20110101,40.47921,118,VARUN BEVERAGE -NEPAL,PEPSI,PEPSI,PET 1500 ML,PET,1500.000 ML,COLA,,1500.0,ML,0.0
5,11/06/2024,202406,2,130483049,52303020004,1717983493558,99765239,118,VARUN BEVERAGE -NEPAL,PEPSI,PEPSI /COLA/2.25L/PBT,270,2.25L,PBT,,1717983493558-varun beverage -nepal-pepsi#3.png,RECODING,5,7,20110297,42.114063,118,VARUN BEVERAGE -NEPAL,PEPSI,PEPSI,PET 1000 ML,PET,1000.000 ML,COLA,,1000.0,ML,0.0
5,11/06/2024,202406,2,130483049,52303020004,1717983493558,99765239,118,VARUN BEVERAGE -NEPAL,PEPSI,PEPSI /COLA/2.25L/PBT,270,2.25L,PBT,,1717983493558-varun beverage -nepal-pepsi#3.png,RECODING,5,8,20110050,42.178764,118,VARUN BEVERAGE -NEPAL,PEPSI,PEPSI,PET 500 ML,PET,500.000 ML,COLA,,500.0,ML,0.0
5,11/06/2024,202406,2,130483049,52303020004,1717983493558,99765239,118,VARUN BEVERAGE -NEPAL,PEPSI,PEPSI /COLA/2.25L/PBT,270,2.25L,PBT,,1717983493558-varun beverage -nepal-pepsi#3.png,RECODING,5,9,20110202,43.692677,118,VARUN BEVERAGE -NEPAL,PEPSI,PEPSI AHA,PET 1500 ML,PET,1500.000 ML,COLA,,1500.0,ML,0.0
5,11/06/2024,202406,2,130483049,52303020004,1717983493558,99765239,118,VARUN BEVERAGE -NEPAL,PEPSI,PEPSI /COLA/2.25L/PBT,270,2.25L,PBT,,1717983493558-varun beverage -nepal-pepsi#3.png,RECODING,5,10,20110203,45.874954,118,VARUN BEVERAGE -NEPAL,PEPSI,PEPSI AHA,PET 500 ML,PET,500.000 ML,COLA,,500.0,ML,0.0
6,11/06/2024,202406,2,113459856,21102020022,1717998320053,99765240,134,TRIVENI FOOD & BEVERAGE-NP,SHOCK,SHOCK/ENERGY DRINK,120,250 ML,CAN,,1717998320053-triveni food - beverage-np-shock#3.png,RECODING,5,1,99765240,40.82795,118,TRIVENI FOOD & BEVERAGE-NP,SHOCK,SHOCK,CAN 250 ML,CAN,250.000 ML,,,250.0,ML,120.0
6,11/06/2024,202406,2,113459856,21102020022,1717998320053,99765240,134,TRIVENI FOOD & BEVERAGE-NP,SHOCK,SHOCK/ENERGY DRINK,120,250 ML,CAN,,1717998320053-triveni food - beverage-np-shock#3.png,RECODING,5,2,99765447,54.78024,118,TRIVENI FOOD & BEVERAGE-NP,SHOCK,SHOCK,CLASSIC CAN 330 ML,CAN,330.000 ML,,,330.0,ML,130.0
6,11/06/2024,202406,2,113459856,21102020022,1717998320053,99765240,134,TRIVENI FOOD & BEVERAGE-NP,SHOCK,SHOCK/ENERGY DRINK,120,250 ML,CAN,,1717998320053-triveni food - beverage-np-shock#3.png,RECODING,5,3,99764928,105.739426,118,TRIVENI FOOD & BEVERAGE-NP,POWER PUNCH,POWER PUNCH,ORIGINAL CAN 250 ML,CAN,250.000 ML,,,250.0,ML,100.0
6,11/06/2024,202406,2,113459856,21102020022,1717998320053,99765240,134,TRIVENI FOOD & BEVERAGE-NP,SHOCK,SHOCK/ENERGY DRINK,120,250 ML,CAN,,1717998320053-triveni food - beverage-np-shock#3.png,RECODING,5,4,99764883,109.32269,118,TRIVENI FOOD & BEVERAGE-NP,POWER PUNCH,POWER PUNCH,CAN 330 ML,CAN,330.000 ML,,,330.0,ML,120.0
6,11/06/2024,202406,2,113459856,21102020022,1717998320053,99765240,134,TRIVENI FOOD & BEVERAGE-NP,SHOCK,SHOCK/ENERGY DRINK,120,250 ML,CAN,,1717998320053-triveni food - beverage-np-shock#3.png,RECODING,5,5,99763796,141.68906,118,TRIVENI FOOD & BEVERAGE-NP,RED WOLF,RED WOLF,CAN 250 ML,CAN,250.000 ML,,,250.0,ML,130.0
6,11/06/2024,202406,2,113459856,21102020022,1717998320053,99765240,134,TRIVENI FOOD & BEVERAGE-NP,SHOCK,SHOCK/ENERGY DRINK,120,250 ML,CAN,,1717998320053-triveni food - beverage-np-shock#3.png,RECODING,5,6,99765143,160.81653,118,TRIVENI FOOD & BEVERAGE-NP,BLOOM,BLOOM,LITCHI PET 135 ML,PET,135.000 ML,LYCHEE,,135.0,ML,20.0
6,11/06/2024,202406,2,113459856,21102020022,1717998320053,99765240,134,TRIVENI FOOD & BEVERAGE-NP,SHOCK,SHOCK/ENERGY DRINK,120,250 ML,CAN,,1717998320053-triveni food - beverage-np-shock#3.png,RECODING,5,7,99765150,161.98242,118,TRIVENI FOOD & BEVERAGE-NP,LEELI,LEELI,LITCHI PET 135 ML,PET,135.000 ML,LYCHEE,,135.0,ML,20.0
6,11/06/2024,202406,2,113459856,21102020022,1717998320053,99765240,134,TRIVENI FOOD & BEVERAGE-NP,SHOCK,SHOCK/ENERGY DRINK,120,250 ML,CAN,,1717998320053-triveni food - beverage-np-shock#3.png,RECODING,5,8,54867,162.20871,118,TRIVENI FOOD & BEVERAGE-NP,BLOOM,BLOOM,LITCHI PET 150 ML,PET,150.000 ML,LYCHEE,,150.0,ML,0.0
6,11/06/2024,202406,2,113459856,21102020022,1717998320053,99765240,134,TRIVENI FOOD & BEVERAGE-NP,SHOCK,SHOCK/ENERGY DRINK,120,250 ML,CAN,,1717998320053-triveni food - beverage-np-shock#3.png,RECODING,5,9,53264,164.05759,118,TRIVENI FOOD & BEVERAGE-NP,BLOOM,BLOOM,LITCHI PET 170 ML,PET,170.000 ML,LYCHEE,,170.0,ML,0.0
6,11/06/2024,202406,2,113459856,21102020022,1717998320053,99765240,134,TRIVENI FOOD & BEVERAGE-NP,SHOCK,SHOCK/ENERGY DRINK,120,250 ML,CAN,,1717998320053-triveni food - beverage-np-shock#3.png,RECODING,5,10,54746,164.62723,118,TRIVENI FOOD & BEVERAGE-NP,LEELI,LEELI,LITCHI PET 150 ML,PET,150.000 ML,LYCHEE,,150.0,ML,0.0
7,12/06/2024,202406,2,128233594,32201020005,1718035945718,99765241,134,RB COOLING WATER-NEPAL,AQUA SAINAMAINA,AQUA SAINAMAINA PROCESSED DRINKING WATER/PBT/1000ML/25/RB COOLING WATER-NEPAL,25,1000ML,PBT,,1718035945718-rb cooling water-nepal-aqua sainamaina#3.png,RECODING,5,1,99765241,59.326515,118,RB COOLING WATER-NEPAL,SAINAMAINA AQUA,SAINAMAINA AQUA,PET 1000 ML,PET,1000.000 ML,,,1000.0,ML,25.0
7,12/06/2024,202406,2,128233594,32201020005,1718035945718,99765241,134,RB COOLING WATER-NEPAL,AQUA SAINAMAINA,AQUA SAINAMAINA PROCESSED DRINKING WATER/PBT/1000ML/25/RB COOLING WATER-NEPAL,25,1000ML,PBT,,1718035945718-rb cooling water-nepal-aqua sainamaina#3.png,RECODING,5,2,40110494,135.49945,118,R.S PURE DRINKING WATER-NEPAL,AQUA SPECIAL,AQUA SPECIAL,PET 1000 ML,PET,1000.000 ML,,,1000.0,ML,0.0
7,12/06/2024,202406,2,128233594,32201020005,1718035945718,99765241,134,RB COOLING WATER-NEPAL,AQUA SAINAMAINA,AQUA SAINAMAINA PROCESSED DRINKING WATER/PBT/1000ML/25/RB COOLING WATER-NEPAL,25,1000ML,PBT,,1718035945718-rb cooling water-nepal-aqua sainamaina#3.png,RECODING,5,3,99765171,139.37155,118,R.R. DRINKING WATER-NEPAL,R.R.,R.R.,PET 1000 ML,PET,1000.000 ML,,,1000.0,ML,30.0
7,12/06/2024,202406,2,128233594,32201020005,1718035945718,99765241,134,RB COOLING WATER-NEPAL,AQUA SAINAMAINA,AQUA SAINAMAINA PROCESSED DRINKING WATER/PBT/1000ML/25/RB COOLING WATER-NEPAL,25,1000ML,PBT,,1718035945718-rb cooling water-nepal-aqua sainamaina#3.png,RECODING,5,4,46937,144.49713,118,NEW QUALITY COLD WATER-NEPAL,AQUA SAURAV,AQUA SAURAV,PET 1000 ML,PET,1000.000 ML,,,1000.0,ML,0.0
7,12/06/2024,202406,2,128233594,32201020005,1718035945718,99765241,134,RB COOLING WATER-NEPAL,AQUA SAINAMAINA,AQUA SAINAMAINA PROCESSED DRINKING WATER/PBT/1000ML/25/RB COOLING WATER-NEPAL,25,1000ML,PBT,,1718035945718-rb cooling water-nepal-aqua sainamaina#3.png,RECODING,5,5,40120568,149.90997,118,SNB MINERAL WATER - NEPAL,AQUA KEMPBELL'S,AQUA KEMPBELL'S,PET 1000 ML,PET,1000.000 ML,,,1000.0,ML,0.0
7,12/06/2024,202406,2,128233594,32201020005,1718035945718,99765241,134,RB COOLING WATER-NEPAL,AQUA SAINAMAINA,AQUA SAINAMAINA PROCESSED DRINKING WATER/PBT/1000ML/25/RB COOLING WATER-NEPAL,25,1000ML,PBT,,1718035945718-rb cooling water-nepal-aqua sainamaina#3.png,RECODING,5,6,99764546,150.31555,118,BHADRAKALI DRINKING WATER-NEPAL,KUBER JAL,KUBER JAL,PET 1000 ML,PET,1000.000 ML,,,1000.0,ML,25.0
7,12/06/2024,202406,2,128233594,32201020005,1718035945718,99765241,134,RB COOLING WATER-NEPAL,AQUA SAINAMAINA,AQUA SAINAMAINA PROCESSED DRINKING WATER/PBT/1000ML/25/RB COOLING WATER-NEPAL,25,1000ML,PBT,,1718035945718-rb cooling water-nepal-aqua sainamaina#3.png,RECODING,5,7,53710,151.21548,118,ANNAPURNA MINERAL WATER-NEPAL,AQUA REFRESH,AQUA REFRESH,PET 1000 ML,PET,1000.000 ML,,,1000.0,ML,0.0
7,12/06/2024,202406,2,128233594,32201020005,1718035945718,99765241,134,RB COOLING WATER-NEPAL,AQUA SAINAMAINA,AQUA SAINAMAINA PROCESSED DRINKING WATER/PBT/1000ML/25/RB COOLING WATER-NEPAL,25,1000ML,PBT,,1718035945718-rb cooling water-nepal-aqua sainamaina#3.png,RECODING,5,8,99762896,152.75867,118,BHAIRAV DRINKING WATER-NEPAL,AQUA V.D.W,AQUA V.D.W,PET 1000 ML,PET,1000.000 ML,,,1000.0,ML,25.0
7,12/06/2024,202406,2,128233594,32201020005,1718035945718,99765241,134,RB COOLING WATER-NEPAL,AQUA SAINAMAINA,AQUA SAINAMAINA PROCESSED DRINKING WATER/PBT/1000ML/25/RB COOLING WATER-NEPAL,25,1000ML,PBT,,1718035945718-rb cooling water-nepal-aqua sainamaina#3.png,RECODING,5,9,40120368,153.63806,118,7 ELEVEN MINERAL WATER-NEPAL,AQUA ELEVENT,AQUA ELEVENT,PET 1000 ML,PET,1000.000 ML,,,1000.0,ML,0.0
7,12/06/2024,202406,2,128233594,32201020005,1718035945718,99765241,134,RB COOLING WATER-NEPAL,AQUA SAINAMAINA,AQUA SAINAMAINA PROCESSED DRINKING WATER/PBT/1000ML/25/RB COOLING WATER-NEPAL,25,1000ML,PBT,,1718035945718-rb cooling water-nepal-aqua sainamaina#3.png,RECODING,5,10,40110512,153.68848,118,TARA MINERAL WATER - NEPAL,AQUA MERRY,AQUA MERRY,PET 1000 ML,PET,1000.000 ML,,,1000.0,ML,0.0
8,12/06/2024,202406,2,128827344,31101020050,1718084797116,99765242,134,CAVIN KARE LTD - INDIA,CAVINS ROSE LASSI,CAVINS-ROSE LASSI TPK180ML,80,180ML ,TPK,,1718084797116-cavin kare ltd - india-cavins rose lassi#3.png,RECODING,5,1,99765242,35.65065,118,CAVIN KARE LTD - INDIA,CAVINS,CAVINS ROSE LASSI,ROSE LASSI TPK 180 ML,TPK,180.000 ML,ROSE,,180.0,ML,80.0
8,12/06/2024,202406,2,128827344,31101020050,1718084797116,99765242,134,CAVIN KARE LTD - INDIA,CAVINS ROSE LASSI,CAVINS-ROSE LASSI TPK180ML,80,180ML ,TPK,,1718084797116-cavin kare ltd - india-cavins rose lassi#3.png,RECODING,5,2,53067,98.86903,118,CAVIN KARE LTD - INDIA,CAVINS,CAVINS,KAJU BUTTERSCOTCH MILKSHAKE TPK 180 ML,TPK,180.000 ML,KAJU BUTTERSCOTCH,,180.0,ML,0.0
8,12/06/2024,202406,2,128827344,31101020050,1718084797116,99765242,134,CAVIN KARE LTD - INDIA,CAVINS ROSE LASSI,CAVINS-ROSE LASSI TPK180ML,80,180ML ,TPK,,1718084797116-cavin kare ltd - india-cavins rose lassi#3.png,RECODING,5,3,99765404,99.63753,118,CAVIN KARE LTD - INDIA,CAVINS,CAVINS,KAJU BUTTERSCOTCH MILKSHAKE TPK 170 ML,TPK,170.000 ML,KAJU BUTTERSCOTCH,,170.0,ML,90.0
8,12/06/2024,202406,2,128827344,31101020050,1718084797116,99765242,134,CAVIN KARE LTD - INDIA,CAVINS ROSE LASSI,CAVINS-ROSE LASSI TPK180ML,80,180ML ,TPK,,1718084797116-cavin kare ltd - india-cavins rose lassi#3.png,RECODING,5,4,50405,100.148186,118,CAVIN KARE LTD - INDIA,CAVINS,CAVINS,STRAWBERRY MILKSHAKE TPK 180 ML,TPK,180.000 ML,STRAWBERRY,,180.0,ML,0.0
8,12/06/2024,202406,2,128827344,31101020050,1718084797116,99765242,134,CAVIN KARE LTD - INDIA,CAVINS ROSE LASSI,CAVINS-ROSE LASSI TPK180ML,80,180ML ,TPK,,1718084797116-cavin kare ltd - india-cavins rose lassi#3.png,RECODING,5,5,99765406,102.021835,118,CAVIN KARE LTD - INDIA,CAVINS,CAVINS,STRAWBERRY MILKSHAKE TPK 170 ML,TPK,170.000 ML,STRAWBERRY,,170.0,ML,90.0
8,12/06/2024,202406,2,128827344,31101020050,1718084797116,99765242,134,CAVIN KARE LTD - INDIA,CAVINS ROSE LASSI,CAVINS-ROSE LASSI TPK180ML,80,180ML ,TPK,,1718084797116-cavin kare ltd - india-cavins rose lassi#3.png,RECODING,5,6,53069,102.44198,118,CAVIN KARE LTD - INDIA,CAVINS,CAVINS,VANILLA MILKSHAKE TPK 180 ML,TPK,180.000 ML,VANILLA,,180.0,ML,0.0
8,12/06/2024,202406,2,128827344,31101020050,1718084797116,99765242,134,CAVIN KARE LTD - INDIA,CAVINS ROSE LASSI,CAVINS-ROSE LASSI TPK180ML,80,180ML ,TPK,,1718084797116-cavin kare ltd - india-cavins rose lassi#3.png,RECODING,5,7,99765407,104.21965,118,CAVIN KARE LTD - INDIA,CAVINS,CAVINS,CHOCOLATE MILKSHAKE TPK 170 ML,TPK,170.000 ML,CHOCOLATE,,170.0,ML,90.0
8,12/06/2024,202406,2,128827344,31101020050,1718084797116,99765242,134,CAVIN KARE LTD - INDIA,CAVINS ROSE LASSI,CAVINS-ROSE LASSI TPK180ML,80,180ML ,TPK,,1718084797116-cavin kare ltd - india-cavins rose lassi#3.png,RECODING,5,8,99765405,104.50275,118,CAVIN KARE LTD - INDIA,CAVINS,CAVINS,BELGIAN CHOCOLATE MILKSHAKE TPK 170 ML,TPK,170.000 ML,CHOCOLATE,,170.0,ML,90.0
8,12/06/2024,202406,2,128827344,31101020050,1718084797116,99765242,134,CAVIN KARE LTD - INDIA,CAVINS ROSE LASSI,CAVINS-ROSE LASSI TPK180ML,80,180ML ,TPK,,1718084797116-cavin kare ltd - india-cavins rose lassi#3.png,RECODING,5,9,99765117,104.673904,118,CAVIN KARE LTD - INDIA,CAVINS,CAVINS VANILLA MILKSHAKE,VANILLA MILKSHAKE TPK 170 ML,TPK,170.000 ML,VANILLA,,170.0,ML,80.0
8,12/06/2024,202406,2,128827344,31101020050,1718084797116,99765242,134,CAVIN KARE LTD - INDIA,CAVINS ROSE LASSI,CAVINS-ROSE LASSI TPK180ML,80,180ML ,TPK,,1718084797116-cavin kare ltd - india-cavins rose lassi#3.png,RECODING,5,10,53068,105.57321,118,CAVIN KARE LTD - INDIA,CAVINS,CAVINS,CHOCOLATE MILKSHAKE TPK 180 ML,TPK,180.000 ML,CHOCOLATE,,180.0,ML,0.0
9,12/06/2024,202406,2,114615631,42302020009,1717987879337,99764819,134,APPLE DRLNK,VB,FLZZ,50,GH,HJK,Sales Deviation is OK,,CROSS CODING,2,1,20123819,232.8465,118,RIJAL TASHI IND. PVT LTD-NEPAL,DRUK,DRUK,APPLE CAN 240 ML,CAN,240.000 ML,APPLE,,240.0,ML,0.0
9,12/06/2024,202406,2,114615631,42302020009,1717987879337,99764819,134,APPLE DRLNK,VB,FLZZ,50,GH,HJK,Sales Deviation is OK,,CROSS CODING,2,2,45493,238.35562,118,THE AGRI. MKT. - BNGLADESH,PRAN,PRAN,APPLE TPK 200 ML,TPK,200.000 ML,APPLE,,200.0,ML,0.0
9,12/06/2024,202406,2,114615631,42302020009,1717987879337,99764819,134,APPLE DRLNK,VB,FLZZ,50,GH,HJK,Sales Deviation is OK,,CROSS CODING,2,3,20121940,243.59619,118,DELUXE RICH SDN BHD - MALAYSIA,TREE FRESH,TREE FRESH,APPLE CAN 330 ML,CAN,330.000 ML,APPLE,,330.0,ML,0.0
9,12/06/2024,202406,2,114615631,42302020009,1717987879337,99764819,134,APPLE DRLNK,VB,FLZZ,50,GH,HJK,Sales Deviation is OK,,CROSS CODING,2,4,20125116,246.11755,118,DEL MONTE PHILS - PHILIPINES,DEL MONTE,DEL MONTE,GREEN APPLE CAN 240 ML,CAN,240.000 ML,APPLE,,240.0,ML,0.0
9,12/06/2024,202406,2,114615631,42302020009,1717987879337,99764819,134,APPLE DRLNK,VB,FLZZ,50,GH,HJK,Sales Deviation is OK,,CROSS CODING,2,5,20122624,246.27081,118,THE AGRI. MKT. - BNGLADESH,PRAN,PRAN,APPLE TPK 1000 ML,TPK,1000.000 ML,APPLE,,1000.0,ML,0.0
9,12/06/2024,202406,2,114615631,42302020009,1717987879337,99764819,134,APPLE DRLNK,VB,FLZZ,50,GH,HJK,Sales Deviation is OK,,CROSS CODING,2,6,53175,248.7111,118,DABUR NEPAL LTD.-NEPAL,REAL,REAL ACTIV,FRUIT POWER 100% APPLE TPK 200ML,TPK,200.000 ML,APPLE,,200.0,ML,0.0
9,12/06/2024,202406,2,114615631,42302020009,1717987879337,99764819,134,APPLE DRLNK,VB,FLZZ,50,GH,HJK,Sales Deviation is OK,,CROSS CODING,2,7,20110545,249.45105,118,GOKNUR GIDA MADDELERI -TRUKEY,FRUIT DROPS,FRUIT DROPS,APPLE TPK 1000 ML,TPK,1000.000 ML,APPLE,,1000.0,ML,0.0
9,12/06/2024,202406,2,114615631,42302020009,1717987879337,99764819,134,APPLE DRLNK,VB,FLZZ,50,GH,HJK,Sales Deviation is OK,,CROSS CODING,2,8,20110326,250.09839,118,DABUR NEPAL LTD.-NEPAL,REAL,REAL ACTIV,APPLE TPK 330 ML,TPK,330.000 ML,APPLE,,330.0,ML,0.0
9,12/06/2024,202406,2,114615631,42302020009,1717987879337,99764819,134,APPLE DRLNK,VB,FLZZ,50,GH,HJK,Sales Deviation is OK,,CROSS CODING,2,9,20110631,250.87857,118,DABUR NEPAL LTD.-NEPAL,REAL,REAL,APPLE NECTOR TPK 1000 ML,TPK,1000.000 ML,APPLE,,1000.0,ML,0.0
9,12/06/2024,202406,2,114615631,42302020009,1717987879337,99764819,134,APPLE DRLNK,VB,FLZZ,50,GH,HJK,Sales Deviation is OK,,CROSS CODING,2,10,20110027,251.74316,118,F & N COCACOLA-SINGAPORE,F & N,F & N APPLE,APPLE CAN 330 ML,CAN,330.000 ML,APPLE,,330.0,ML,0.0
10,14/06/2024,202406,2,116276786,42303020002,1717987879337,99764819,134,APPLE DRLNK,VB,FLZZ,50,GH,HJK,Sales Deviation is OK,,CROSS CODING,2,1,20123819,232.8465,118,RIJAL TASHI IND. PVT LTD-NEPAL,DRUK,DRUK,APPLE CAN 240 ML,CAN,240.000 ML,APPLE,,240.0,ML,0.0
10,14/06/2024,202406,2,116276786,42303020002,1717987879337,99764819,134,APPLE DRLNK,VB,FLZZ,50,GH,HJK,Sales Deviation is OK,,CROSS CODING,2,2,45493,238.35562,118,THE AGRI. MKT. - BNGLADESH,PRAN,PRAN,APPLE TPK 200 ML,TPK,200.000 ML,APPLE,,200.0,ML,0.0
10,14/06/2024,202406,2,116276786,42303020002,1717987879337,99764819,134,APPLE DRLNK,VB,FLZZ,50,GH,HJK,Sales Deviation is OK,,CROSS CODING,2,3,20121940,243.59619,118,DELUXE RICH SDN BHD - MALAYSIA,TREE FRESH,TREE FRESH,APPLE CAN 330 ML,CAN,330.000 ML,APPLE,,330.0,ML,0.0
10,14/06/2024,202406,2,116276786,42303020002,1717987879337,99764819,134,APPLE DRLNK,VB,FLZZ,50,GH,HJK,Sales Deviation is OK,,CROSS CODING,2,4,20125116,246.11755,118,DEL MONTE PHILS - PHILIPINES,DEL MONTE,DEL MONTE,GREEN APPLE CAN 240 ML,CAN,240.000 ML,APPLE,,240.0,ML,0.0
10,14/06/2024,202406,2,116276786,42303020002,1717987879337,99764819,134,APPLE DRLNK,VB,FLZZ,50,GH,HJK,Sales Deviation is OK,,CROSS CODING,2,5,20122624,246.27081,118,THE AGRI. MKT. - BNGLADESH,PRAN,PRAN,APPLE TPK 1000 ML,TPK,1000.000 ML,APPLE,,1000.0,ML,0.0
10,14/06/2024,202406,2,116276786,42303020002,1717987879337,99764819,134,APPLE DRLNK,VB,FLZZ,50,GH,HJK,Sales Deviation is OK,,CROSS CODING,2,6,53175,248.7111,118,DABUR NEPAL LTD.-NEPAL,REAL,REAL ACTIV,FRUIT POWER 100% APPLE TPK 200ML,TPK,200.000 ML,APPLE,,200.0,ML,0.0
10,14/06/2024,202406,2,116276786,42303020002,1717987879337,99764819,134,APPLE DRLNK,VB,FLZZ,50,GH,HJK,Sales Deviation is OK,,CROSS CODING,2,7,20110545,249.45105,118,GOKNUR GIDA MADDELERI -TRUKEY,FRUIT DROPS,FRUIT DROPS,APPLE TPK 1000 ML,TPK,1000.000 ML,APPLE,,1000.0,ML,0.0
10,14/06/2024,202406,2,116276786,42303020002,1717987879337,99764819,134,APPLE DRLNK,VB,FLZZ,50,GH,HJK,Sales Deviation is OK,,CROSS CODING,2,8,20110326,250.09839,118,DABUR NEPAL LTD.-NEPAL,REAL,REAL ACTIV,APPLE TPK 330 ML,TPK,330.000 ML,APPLE,,330.0,ML,0.0
10,14/06/2024,202406,2,116276786,42303020002,1717987879337,99764819,134,APPLE DRLNK,VB,FLZZ,50,GH,HJK,Sales Deviation is OK,,CROSS CODING,2,9,20110631,250.87857,118,DABUR NEPAL LTD.-NEPAL,REAL,REAL,APPLE NECTOR TPK 1000 ML,TPK,1000.000 ML,APPLE,,1000.0,ML,0.0
10,14/06/2024,202406,2,116276786,42303020002,1717987879337,99764819,134,APPLE DRLNK,VB,FLZZ,50,GH,HJK,Sales Deviation is OK,,CROSS CODING,2,10,20110027,251.74316,118,F & N COCACOLA-SINGAPORE,F & N,F & N APPLE,APPLE CAN 330 ML,CAN,330.000 ML,APPLE,,330.0,ML,0.0
11,18/06/2024,202406,2,122167896,31101020073,1718606389708,99765244,134,DABUR NEPAL LTD.-NEPAL,REAL BURRST,REAL BURRST-ORANGE TPK 180ML,25,80ML,TPK,,1718606389708-dabur nepal ltd--nepal-real burrst#3.png,RECODING,5,1,99765244,32.39575,118,DABUR NEPAL LTD.-NEPAL,REAL,REAL BURRST,ORANGE TPK 180 ML,TPK,180.000 ML,ORANGE,,180.0,ML,25.0
11,18/06/2024,202406,2,122167896,31101020073,1718606389708,99765244,134,DABUR NEPAL LTD.-NEPAL,REAL BURRST,REAL BURRST-ORANGE TPK 180ML,25,80ML,TPK,,1718606389708-dabur nepal ltd--nepal-real burrst#3.png,RECODING,5,2,99765428,34.3378,118,DABUR NEPAL LTD.-NEPAL,REAL,REAL BURRST,ORANGE TPK 170 ML,TPK,170.000 ML,ORANGE,,170.0,ML,25.0
11,18/06/2024,202406,2,122167896,31101020073,1718606389708,99765244,134,DABUR NEPAL LTD.-NEPAL,REAL BURRST,REAL BURRST-ORANGE TPK 180ML,25,80ML,TPK,,1718606389708-dabur nepal ltd--nepal-real burrst#3.png,RECODING,5,3,49633,41.499527,118,DABUR NEPAL LTD.-NEPAL,REAL,REAL BURRST,ORANGE TPK 200 ML,TPK,200.000 ML,ORANGE,,200.0,ML,0.0
11,18/06/2024,202406,2,122167896,31101020073,1718606389708,99765244,134,DABUR NEPAL LTD.-NEPAL,REAL BURRST,REAL BURRST-ORANGE TPK 180ML,25,80ML,TPK,,1718606389708-dabur nepal ltd--nepal-real burrst#3.png,RECODING,5,4,49634,45.469,118,DABUR NEPAL LTD.-NEPAL,REAL,REAL BURRST,ORANGE TPK 1000 ML,TPK,1000.000 ML,ORANGE,,1000.0,ML,0.0
11,18/06/2024,202406,2,122167896,31101020073,1718606389708,99765244,134,DABUR NEPAL LTD.-NEPAL,REAL BURRST,REAL BURRST-ORANGE TPK 180ML,25,80ML,TPK,,1718606389708-dabur nepal ltd--nepal-real burrst#3.png,RECODING,5,5,20110127,52.0024,118,DABUR NEPAL LTD.-NEPAL,REAL,REAL,ORANGE TPK 250 ML,TPK,250.000 ML,ORANGE,,250.0,ML,0.0
11,18/06/2024,202406,2,122167896,31101020073,1718606389708,99765244,134,DABUR NEPAL LTD.-NEPAL,REAL BURRST,REAL BURRST-ORANGE TPK 180ML,25,80ML,TPK,,1718606389708-dabur nepal ltd--nepal-real burrst#3.png,RECODING,5,6,20110209,53.245678,118,DABUR NEPAL LTD.-NEPAL,REAL,REAL,ORANGE TPK 200 ML,TPK,200.000 ML,ORANGE,,200.0,ML,0.0
11,18/06/2024,202406,2,122167896,31101020073,1718606389708,99765244,134,DABUR NEPAL LTD.-NEPAL,REAL BURRST,REAL BURRST-ORANGE TPK 180ML,25,80ML,TPK,,1718606389708-dabur nepal ltd--nepal-real burrst#3.png,RECODING,5,7,20120279,55.757683,118,DABUR NEPAL LTD.-NEPAL,REAL,REAL BURRST,ORANGE BYTEZ TPK 1000 ML,TPK,1000.000 ML,ORANGE,,1000.0,ML,0.0
11,18/06/2024,202406,2,122167896,31101020073,1718606389708,99765244,134,DABUR NEPAL LTD.-NEPAL,REAL BURRST,REAL BURRST-ORANGE TPK 180ML,25,80ML,TPK,,1718606389708-dabur nepal ltd--nepal-real burrst#3.png,RECODING,5,8,20124335,56.421898,118,DABUR NEPAL LTD.-NEPAL,REAL,REAL,ORANGE TPK 500 ML,TPK,500.000 ML,ORANGE,,500.0,ML,0.0
11,18/06/2024,202406,2,122167896,31101020073,1718606389708,99765244,134,DABUR NEPAL LTD.-NEPAL,REAL BURRST,REAL BURRST-ORANGE TPK 180ML,25,80ML,TPK,,1718606389708-dabur nepal ltd--nepal-real burrst#3.png,RECODING,5,9,20110163,62.973946,118,DABUR NEPAL LTD.-NEPAL,REAL,REAL,ORANGE NECTOR TPK 1000 ML,TPK,1000.000 ML,ORANGE,,1000.0,ML,0.0
11,18/06/2024,202406,2,122167896,31101020073,1718606389708,99765244,134,DABUR NEPAL LTD.-NEPAL,REAL BURRST,REAL BURRST-ORANGE TPK 180ML,25,80ML,TPK,,1718606389708-dabur nepal ltd--nepal-real burrst#3.png,RECODING,5,10,20110414,63.186516,118,DABUR NEPAL LTD.-NEPAL,REAL,REAL ACTIV,ORANGE TPK 1000 ML,TPK,1000.000 ML,ORANGE,,1000.0,ML,0.0
12,18/06/2024,202406,2,132763341,11303020002,1718508108879,99765245,134,L.D WATER &FOOD BEVERAGE PVT.LTD NEPAL ,AQUA YATRI ,AQUA YATRI\1000ML\PBT\MINERAL WATER ,25,1000ML,PBT,Sales Deviation is OK,,RECODING,5,1,99765245,86.96986,118,L.D WATER & FOOD BEVERAGE-NEPAL,AQUA KAMALAMAI YATRI,AQUA KAMALAMAI YATRI,PET 1000 ML,PET,1000.000 ML,,,1000.0,ML,25.0
12,18/06/2024,202406,2,132763341,11303020002,1718508108879,99765245,134,L.D WATER &FOOD BEVERAGE PVT.LTD NEPAL ,AQUA YATRI ,AQUA YATRI\1000ML\PBT\MINERAL WATER ,25,1000ML,PBT,Sales Deviation is OK,,RECODING,5,2,99763433,128.40744,118,LS WATER & BEVERAGE-NEPAL ,IMJA WATER,IMJA WATER,PET 1000 ML,PET,1000.000 ML,,,1000.0,ML,25.0
12,18/06/2024,202406,2,132763341,11303020002,1718508108879,99765245,134,L.D WATER &FOOD BEVERAGE PVT.LTD NEPAL ,AQUA YATRI ,AQUA YATRI\1000ML\PBT\MINERAL WATER ,25,1000ML,PBT,Sales Deviation is OK,,RECODING,5,3,99762982,131.53497,118,DEVCHULI BEVERAGE PVT LTD-NEPAL,AQUA DEVCHULI,AQUA DEVCHULI,PET 1000 ML,PET,1000.000 ML,,,1000.0,ML,25.0
12,18/06/2024,202406,2,132763341,11303020002,1718508108879,99765245,134,L.D WATER &FOOD BEVERAGE PVT.LTD NEPAL ,AQUA YATRI ,AQUA YATRI\1000ML\PBT\MINERAL WATER ,25,1000ML,PBT,Sales Deviation is OK,,RECODING,5,4,99764199,132.78525,118,A & B BEVERAGE INDUSTRIES-NEPAL,AQUA VOLCAN,AQUA VOLCAN,PET 1000 ML,PET,1000.000 ML,,,1000.0,ML,20.0
12,18/06/2024,202406,2,132763341,11303020002,1718508108879,99765245,134,L.D WATER &FOOD BEVERAGE PVT.LTD NEPAL ,AQUA YATRI ,AQUA YATRI\1000ML\PBT\MINERAL WATER ,25,1000ML,PBT,Sales Deviation is OK,,RECODING,5,5,99764274,133.05782,118,WATER WORKS PVT LTD-NEPAL,SAYAPATRI,SAYAPATRI,PET 1000 ML,PET,1000.000 ML,,,1000.0,ML,25.0
12,18/06/2024,202406,2,132763341,11303020002,1718508108879,99765245,134,L.D WATER &FOOD BEVERAGE PVT.LTD NEPAL ,AQUA YATRI ,AQUA YATRI\1000ML\PBT\MINERAL WATER ,25,1000ML,PBT,Sales Deviation is OK,,RECODING,5,6,40123684,136.52394,118,A & B BEVERAGE INDUSTRIES-NEPAL,AQUA A & B,AQUA A & B,PET 1000 ML,PET,1000.000 ML,,,1000.0,ML,0.0
12,18/06/2024,202406,2,132763341,11303020002,1718508108879,99765245,134,L.D WATER &FOOD BEVERAGE PVT.LTD NEPAL ,AQUA YATRI ,AQUA YATRI\1000ML\PBT\MINERAL WATER ,25,1000ML,PBT,Sales Deviation is OK,,RECODING,5,7,99765109,137.56375,118,LS WATER & BEVERAGE-NEPAL ,PRAN,PRAN POWER,CAN 250 ML,CAN,250.000 ML,,,250.0,ML,120.0
12,18/06/2024,202406,2,132763341,11303020002,1718508108879,99765245,134,L.D WATER &FOOD BEVERAGE PVT.LTD NEPAL ,AQUA YATRI ,AQUA YATRI\1000ML\PBT\MINERAL WATER ,25,1000ML,PBT,Sales Deviation is OK,,RECODING,5,8,40124812,138.76073,118,Y.K DRINKING WATER INDUSTRIES-NEPAL,AQUA LEHAR,AQUA LEHAR,PET 1000 ML,PET,1000.000 ML,,,1000.0,ML,0.0
12,18/06/2024,202406,2,132763341,11303020002,1718508108879,99765245,134,L.D WATER &FOOD BEVERAGE PVT.LTD NEPAL ,AQUA YATRI ,AQUA YATRI\1000ML\PBT\MINERAL WATER ,25,1000ML,PBT,Sales Deviation is OK,,RECODING,5,9,40120567,139.6212,118,Y.K DRINKING WATER INDUSTRIES-NEPAL,AQUA ALPINE,AQUA ALPINE,PET 1000 ML,PET,1000.000 ML,,,1000.0,ML,0.0
12,18/06/2024,202406,2,132763341,11303020002,1718508108879,99765245,134,L.D WATER &FOOD BEVERAGE PVT.LTD NEPAL ,AQUA YATRI ,AQUA YATRI\1000ML\PBT\MINERAL WATER ,25,1000ML,PBT,Sales Deviation is OK,,RECODING,5,10,99765426,139.64166,118,LS WATER & BEVERAGE-NEPAL ,IMJA SODA,IMJA SODA,SODA PET 250 ML,PET,250.000 ML,SODA,,250.0,ML,40.0
13,18/06/2024,202406,2,132751345,11303020007,1718508108879,99765245,134,L.D WATER &FOOD BEVERAGE PVT.LTD NEPAL ,AQUA YATRI ,AQUA YATRI\1000ML\PBT\MINERAL WATER ,25,1000ML,PBT,Sales Deviation is OK,,RECODING,5,1,99765245,86.96986,118,L.D WATER & FOOD BEVERAGE-NEPAL,AQUA KAMALAMAI YATRI,AQUA KAMALAMAI YATRI,PET 1000 ML,PET,1000.000 ML,,,1000.0,ML,25.0
13,18/06/2024,202406,2,132751345,11303020007,1718508108879,99765245,134,L.D WATER &FOOD BEVERAGE PVT.LTD NEPAL ,AQUA YATRI ,AQUA YATRI\1000ML\PBT\MINERAL WATER ,25,1000ML,PBT,Sales Deviation is OK,,RECODING,5,2,99763433,128.40744,118,LS WATER & BEVERAGE-NEPAL ,IMJA WATER,IMJA WATER,PET 1000 ML,PET,1000.000 ML,,,1000.0,ML,25.0
13,18/06/2024,202406,2,132751345,11303020007,1718508108879,99765245,134,L.D WATER &FOOD BEVERAGE PVT.LTD NEPAL ,AQUA YATRI ,AQUA YATRI\1000ML\PBT\MINERAL WATER ,25,1000ML,PBT,Sales Deviation is OK,,RECODING,5,3,99762982,131.53497,118,DEVCHULI BEVERAGE PVT LTD-NEPAL,AQUA DEVCHULI,AQUA DEVCHULI,PET 1000 ML,PET,1000.000 ML,,,1000.0,ML,25.0
13,18/06/2024,202406,2,132751345,11303020007,1718508108879,99765245,134,L.D WATER &FOOD BEVERAGE PVT.LTD NEPAL ,AQUA YATRI ,AQUA YATRI\1000ML\PBT\MINERAL WATER ,25,1000ML,PBT,Sales Deviation is OK,,RECODING,5,4,99764199,132.78525,118,A & B BEVERAGE INDUSTRIES-NEPAL,AQUA VOLCAN,AQUA VOLCAN,PET 1000 ML,PET,1000.000 ML,,,1000.0,ML,20.0
13,18/06/2024,202406,2,132751345,11303020007,1718508108879,99765245,134,L.D WATER &FOOD BEVERAGE PVT.LTD NEPAL ,AQUA YATRI ,AQUA YATRI\1000ML\PBT\MINERAL WATER ,25,1000ML,PBT,Sales Deviation is OK,,RECODING,5,5,99764274,133.05782,118,WATER WORKS PVT LTD-NEPAL,SAYAPATRI,SAYAPATRI,PET 1000 ML,PET,1000.000 ML,,,1000.0,ML,25.0
13,18/06/2024,202406,2,132751345,11303020007,1718508108879,99765245,134,L.D WATER &FOOD BEVERAGE PVT.LTD NEPAL ,AQUA YATRI ,AQUA YATRI\1000ML\PBT\MINERAL WATER ,25,1000ML,PBT,Sales Deviation is OK,,RECODING,5,6,40123684,136.52394,118,A & B BEVERAGE INDUSTRIES-NEPAL,AQUA A & B,AQUA A & B,PET 1000 ML,PET,1000.000 ML,,,1000.0,ML,0.0
13,18/06/2024,202406,2,132751345,11303020007,1718508108879,99765245,134,L.D WATER &FOOD BEVERAGE PVT.LTD NEPAL ,AQUA YATRI ,AQUA YATRI\1000ML\PBT\MINERAL WATER ,25,1000ML,PBT,Sales Deviation is OK,,RECODING,5,7,99765109,137.56375,118,LS WATER & BEVERAGE-NEPAL ,PRAN,PRAN POWER,CAN 250 ML,CAN,250.000 ML,,,250.0,ML,120.0
13,18/06/2024,202406,2,132751345,11303020007,1718508108879,99765245,134,L.D WATER &FOOD BEVERAGE PVT.LTD NEPAL ,AQUA YATRI ,AQUA YATRI\1000ML\PBT\MINERAL WATER ,25,1000ML,PBT,Sales Deviation is OK,,RECODING,5,8,40124812,138.76073,118,Y.K DRINKING WATER INDUSTRIES-NEPAL,AQUA LEHAR,AQUA LEHAR,PET 1000 ML,PET,1000.000 ML,,,1000.0,ML,0.0
13,18/06/2024,202406,2,132751345,11303020007,1718508108879,99765245,134,L.D WATER &FOOD BEVERAGE PVT.LTD NEPAL ,AQUA YATRI ,AQUA YATRI\1000ML\PBT\MINERAL WATER ,25,1000ML,PBT,Sales Deviation is OK,,RECODING,5,9,40120567,139.6212,118,Y.K DRINKING WATER INDUSTRIES-NEPAL,AQUA ALPINE,AQUA ALPINE,PET 1000 ML,PET,1000.000 ML,,,1000.0,ML,0.0
13,18/06/2024,202406,2,132751345,11303020007,1718508108879,99765245,134,L.D WATER &FOOD BEVERAGE PVT.LTD NEPAL ,AQUA YATRI ,AQUA YATRI\1000ML\PBT\MINERAL WATER ,25,1000ML,PBT,Sales Deviation is OK,,RECODING,5,10,99765426,139.64166,118,LS WATER & BEVERAGE-NEPAL ,IMJA SODA,IMJA SODA,SODA PET 250 ML,PET,250.000 ML,SODA,,250.0,ML,40.0
14,18/06/2024,202406,2,132638946,11303020004,1718508108879,99765245,134,L.D WATER &FOOD BEVERAGE PVT.LTD NEPAL ,AQUA YATRI ,AQUA YATRI\1000ML\PBT\MINERAL WATER ,25,1000ML,PBT,Sales Deviation is OK,1718508108879-l-d water -food beverage pvt-ltd nepal -aqua yatri #3.png,RECODING,5,1,99765245,86.96986,118,L.D WATER & FOOD BEVERAGE-NEPAL,AQUA KAMALAMAI YATRI,AQUA KAMALAMAI YATRI,PET 1000 ML,PET,1000.000 ML,,,1000.0,ML,25.0
14,18/06/2024,202406,2,132638946,11303020004,1718508108879,99765245,134,L.D WATER &FOOD BEVERAGE PVT.LTD NEPAL ,AQUA YATRI ,AQUA YATRI\1000ML\PBT\MINERAL WATER ,25,1000ML,PBT,Sales Deviation is OK,1718508108879-l-d water -food beverage pvt-ltd nepal -aqua yatri #3.png,RECODING,5,2,99763433,128.40744,118,LS WATER & BEVERAGE-NEPAL ,IMJA WATER,IMJA WATER,PET 1000 ML,PET,1000.000 ML,,,1000.0,ML,25.0
14,18/06/2024,202406,2,132638946,11303020004,1718508108879,99765245,134,L.D WATER &FOOD BEVERAGE PVT.LTD NEPAL ,AQUA YATRI ,AQUA YATRI\1000ML\PBT\MINERAL WATER ,25,1000ML,PBT,Sales Deviation is OK,1718508108879-l-d water -food beverage pvt-ltd nepal -aqua yatri #3.png,RECODING,5,3,99762982,131.53497,118,DEVCHULI BEVERAGE PVT LTD-NEPAL,AQUA DEVCHULI,AQUA DEVCHULI,PET 1000 ML,PET,1000.000 ML,,,1000.0,ML,25.0
14,18/06/2024,202406,2,132638946,11303020004,1718508108879,99765245,134,L.D WATER &FOOD BEVERAGE PVT.LTD NEPAL ,AQUA YATRI ,AQUA YATRI\1000ML\PBT\MINERAL WATER ,25,1000ML,PBT,Sales Deviation is OK,1718508108879-l-d water -food beverage pvt-ltd nepal -aqua yatri #3.png,RECODING,5,4,99764199,132.78525,118,A & B BEVERAGE INDUSTRIES-NEPAL,AQUA VOLCAN,AQUA VOLCAN,PET 1000 ML,PET,1000.000 ML,,,1000.0,ML,20.0
14,18/06/2024,202406,2,132638946,11303020004,1718508108879,99765245,134,L.D WATER &FOOD BEVERAGE PVT.LTD NEPAL ,AQUA YATRI ,AQUA YATRI\1000ML\PBT\MINERAL WATER ,25,1000ML,PBT,Sales Deviation is OK,1718508108879-l-d water -food beverage pvt-ltd nepal -aqua yatri #3.png,RECODING,5,5,99764274,133.05782,118,WATER WORKS PVT LTD-NEPAL,SAYAPATRI,SAYAPATRI,PET 1000 ML,PET,1000.000 ML,,,1000.0,ML,25.0
14,18/06/2024,202406,2,132638946,11303020004,1718508108879,99765245,134,L.D WATER &FOOD BEVERAGE PVT.LTD NEPAL ,AQUA YATRI ,AQUA YATRI\1000ML\PBT\MINERAL WATER ,25,1000ML,PBT,Sales Deviation is OK,1718508108879-l-d water -food beverage pvt-ltd nepal -aqua yatri #3.png,RECODING,5,6,40123684,136.52394,118,A & B BEVERAGE INDUSTRIES-NEPAL,AQUA A & B,AQUA A & B,PET 1000 ML,PET,1000.000 ML,,,1000.0,ML,0.0
14,18/06/2024,202406,2,132638946,11303020004,1718508108879,99765245,134,L.D WATER &FOOD BEVERAGE PVT.LTD NEPAL ,AQUA YATRI ,AQUA YATRI\1000ML\PBT\MINERAL WATER ,25,1000ML,PBT,Sales Deviation is OK,1718508108879-l-d water -food beverage pvt-ltd nepal -aqua yatri #3.png,RECODING,5,7,99765109,137.56375,118,LS WATER & BEVERAGE-NEPAL ,PRAN,PRAN POWER,CAN 250 ML,CAN,250.000 ML,,,250.0,ML,120.0
14,18/06/2024,202406,2,132638946,11303020004,1718508108879,99765245,134,L.D WATER &FOOD BEVERAGE PVT.LTD NEPAL ,AQUA YATRI ,AQUA YATRI\1000ML\PBT\MINERAL WATER ,25,1000ML,PBT,Sales Deviation is OK,1718508108879-l-d water -food beverage pvt-ltd nepal -aqua yatri #3.png,RECODING,5,8,40124812,138.76073,118,Y.K DRINKING WATER INDUSTRIES-NEPAL,AQUA LEHAR,AQUA LEHAR,PET 1000 ML,PET,1000.000 ML,,,1000.0,ML,0.0
14,18/06/2024,202406,2,132638946,11303020004,1718508108879,99765245,134,L.D WATER &FOOD BEVERAGE PVT.LTD NEPAL ,AQUA YATRI ,AQUA YATRI\1000ML\PBT\MINERAL WATER ,25,1000ML,PBT,Sales Deviation is OK,1718508108879-l-d water -food beverage pvt-ltd nepal -aqua yatri #3.png,RECODING,5,9,40120567,139.6212,118,Y.K DRINKING WATER INDUSTRIES-NEPAL,AQUA ALPINE,AQUA ALPINE,PET 1000 ML,PET,1000.000 ML,,,1000.0,ML,0.0
14,18/06/2024,202406,2,132638946,11303020004,1718508108879,99765245,134,L.D WATER &FOOD BEVERAGE PVT.LTD NEPAL ,AQUA YATRI ,AQUA YATRI\1000ML\PBT\MINERAL WATER ,25,1000ML,PBT,Sales Deviation is OK,1718508108879-l-d water -food beverage pvt-ltd nepal -aqua yatri #3.png,RECODING,5,10,99765426,139.64166,118,LS WATER & BEVERAGE-NEPAL ,IMJA SODA,IMJA SODA,SODA PET 250 ML,PET,250.000 ML,SODA,,250.0,ML,40.0
15,18/06/2024,202406,2,132679471,11303020005,1718508108879,99765245,134,L.D WATER &FOOD BEVERAGE PVT.LTD NEPAL ,AQUA YATRI ,AQUA YATRI\1000ML\PBT\MINERAL WATER ,25,1000ML,PBT,Sales Deviation is OK,,RECODING,5,1,99765245,86.96986,118,L.D WATER & FOOD BEVERAGE-NEPAL,AQUA KAMALAMAI YATRI,AQUA KAMALAMAI YATRI,PET 1000 ML,PET,1000.000 ML,,,1000.0,ML,25.0
15,18/06/2024,202406,2,132679471,11303020005,1718508108879,99765245,134,L.D WATER &FOOD BEVERAGE PVT.LTD NEPAL ,AQUA YATRI ,AQUA YATRI\1000ML\PBT\MINERAL WATER ,25,1000ML,PBT,Sales Deviation is OK,,RECODING,5,2,99763433,128.40744,118,LS WATER & BEVERAGE-NEPAL ,IMJA WATER,IMJA WATER,PET 1000 ML,PET,1000.000 ML,,,1000.0,ML,25.0
15,18/06/2024,202406,2,132679471,11303020005,1718508108879,99765245,134,L.D WATER &FOOD BEVERAGE PVT.LTD NEPAL ,AQUA YATRI ,AQUA YATRI\1000ML\PBT\MINERAL WATER ,25,1000ML,PBT,Sales Deviation is OK,,RECODING,5,3,99762982,131.53497,118,DEVCHULI BEVERAGE PVT LTD-NEPAL,AQUA DEVCHULI,AQUA DEVCHULI,PET 1000 ML,PET,1000.000 ML,,,1000.0,ML,25.0
15,18/06/2024,202406,2,132679471,11303020005,1718508108879,99765245,134,L.D WATER &FOOD BEVERAGE PVT.LTD NEPAL ,AQUA YATRI ,AQUA YATRI\1000ML\PBT\MINERAL WATER ,25,1000ML,PBT,Sales Deviation is OK,,RECODING,5,4,99764199,132.78525,118,A & B BEVERAGE INDUSTRIES-NEPAL,AQUA VOLCAN,AQUA VOLCAN,PET 1000 ML,PET,1000.000 ML,,,1000.0,ML,20.0
15,18/06/2024,202406,2,132679471,11303020005,1718508108879,99765245,134,L.D WATER &FOOD BEVERAGE PVT.LTD NEPAL ,AQUA YATRI ,AQUA YATRI\1000ML\PBT\MINERAL WATER ,25,1000ML,PBT,Sales Deviation is OK,,RECODING,5,5,99764274,133.05782,118,WATER WORKS PVT LTD-NEPAL,SAYAPATRI,SAYAPATRI,PET 1000 ML,PET,1000.000 ML,,,1000.0,ML,25.0
15,18/06/2024,202406,2,132679471,11303020005,1718508108879,99765245,134,L.D WATER &FOOD BEVERAGE PVT.LTD NEPAL ,AQUA YATRI ,AQUA YATRI\1000ML\PBT\MINERAL WATER ,25,1000ML,PBT,Sales Deviation is OK,,RECODING,5,6,40123684,136.52394,118,A & B BEVERAGE INDUSTRIES-NEPAL,AQUA A & B,AQUA A & B,PET 1000 ML,PET,1000.000 ML,,,1000.0,ML,0.0
15,18/06/2024,202406,2,132679471,11303020005,1718508108879,99765245,134,L.D WATER &FOOD BEVERAGE PVT.LTD NEPAL ,AQUA YATRI ,AQUA YATRI\1000ML\PBT\MINERAL WATER ,25,1000ML,PBT,Sales Deviation is OK,,RECODING,5,7,99765109,137.56375,118,LS WATER & BEVERAGE-NEPAL ,PRAN,PRAN POWER,CAN 250 ML,CAN,250.000 ML,,,250.0,ML,120.0
15,18/06/2024,202406,2,132679471,11303020005,1718508108879,99765245,134,L.D WATER &FOOD BEVERAGE PVT.LTD NEPAL ,AQUA YATRI ,AQUA YATRI\1000ML\PBT\MINERAL WATER ,25,1000ML,PBT,Sales Deviation is OK,,RECODING,5,8,40124812,138.76073,118,Y.K DRINKING WATER INDUSTRIES-NEPAL,AQUA LEHAR,AQUA LEHAR,PET 1000 ML,PET,1000.000 ML,,,1000.0,ML,0.0
15,18/06/2024,202406,2,132679471,11303020005,1718508108879,99765245,134,L.D WATER &FOOD BEVERAGE PVT.LTD NEPAL ,AQUA YATRI ,AQUA YATRI\1000ML\PBT\MINERAL WATER ,25,1000ML,PBT,Sales Deviation is OK,,RECODING,5,9,40120567,139.6212,118,Y.K DRINKING WATER INDUSTRIES-NEPAL,AQUA ALPINE,AQUA ALPINE,PET 1000 ML,PET,1000.000 ML,,,1000.0,ML,0.0
15,18/06/2024,202406,2,132679471,11303020005,1718508108879,99765245,134,L.D WATER &FOOD BEVERAGE PVT.LTD NEPAL ,AQUA YATRI ,AQUA YATRI\1000ML\PBT\MINERAL WATER ,25,1000ML,PBT,Sales Deviation is OK,,RECODING,5,10,99765426,139.64166,118,LS WATER & BEVERAGE-NEPAL ,IMJA SODA,IMJA SODA,SODA PET 250 ML,PET,250.000 ML,SODA,,250.0,ML,40.0
16,18/06/2024,202406,2,435785310036,43578020001,1718520751002,49830,118,PASPI,HJ,CUTE ORANGE -,50,BH,HJ,Sales Deviation is OK,1718520751002-paspi-hj#3.png,CROSS CODING,2,1,99763820,230.53275,118,S.A.J SOFTDRNK & BEVRG IND-NP,FRESH,FRESH,PET 250 ML,PET,250.000 ML,ORANGE,,250.0,ML,40.0
16,18/06/2024,202406,2,435785310036,43578020001,1718520751002,49830,118,PASPI,HJ,CUTE ORANGE -,50,BH,HJ,Sales Deviation is OK,1718520751002-paspi-hj#3.png,CROSS CODING,2,2,99764129,234.89954,118,S.A.J SOFTDRNK & BEVRG IND-NP,FRESH,FRESH,PET 600 ML,PET,600.000 ML,ORANGE,,600.0,ML,100.0
16,18/06/2024,202406,2,435785310036,43578020001,1718520751002,49830,118,PASPI,HJ,CUTE ORANGE -,50,BH,HJ,Sales Deviation is OK,1718520751002-paspi-hj#3.png,CROSS CODING,2,3,20110415,238.2197,118,J B'S INDUSTRIES - NEPAL,SAGARMATHA,SAGARMATHA,ORANGE CAN 250 ML,CAN,250.000 ML,ORANGE,,250.0,ML,0.0
16,18/06/2024,202406,2,435785310036,43578020001,1718520751002,49830,118,PASPI,HJ,CUTE ORANGE -,50,BH,HJ,Sales Deviation is OK,1718520751002-paspi-hj#3.png,CROSS CODING,2,4,51925,240.13638,118,MADHAYA PASCHIM WTR & BVRG-IND,AQUANS,AQUANS,ORANGE PET 300 ML,PET,300.000 ML,ORANGE,,300.0,ML,0.0
16,18/06/2024,202406,2,435785310036,43578020001,1718520751002,49830,118,PASPI,HJ,CUTE ORANGE -,50,BH,HJ,Sales Deviation is OK,1718520751002-paspi-hj#3.png,CROSS CODING,2,5,20110652,240.63916,118,HINDUSTAN COCA COLA CMPNY-IND,FANTA,FANTA ORANGE,ORANGE PET 600 ML,PET,600.000 ML,ORANGE,,600.0,ML,0.0
16,18/06/2024,202406,2,435785310036,43578020001,1718520751002,49830,118,PASPI,HJ,CUTE ORANGE -,50,BH,HJ,Sales Deviation is OK,1718520751002-paspi-hj#3.png,CROSS CODING,2,6,53565,241.29138,118,J B'S INDUSTRIES - NEPAL,SAGARMATHA,SAGARMATHA,ORANGE CAN 240 ML,CAN,240.000 ML,ORANGE,,240.0,ML,0.0
16,18/06/2024,202406,2,435785310036,43578020001,1718520751002,49830,118,PASPI,HJ,CUTE ORANGE -,50,BH,HJ,Sales Deviation is OK,1718520751002-paspi-hj#3.png,CROSS CODING,2,7,20110678,241.9687,118,HINDUSTAN COCA COLA CMPNY-IND,FANTA,FANTA ORANGE,ORANGE PET 1500 ML,PET,1500.000 ML,ORANGE,,1500.0,ML,0.0
16,18/06/2024,202406,2,435785310036,43578020001,1718520751002,49830,118,PASPI,HJ,CUTE ORANGE -,50,BH,HJ,Sales Deviation is OK,1718520751002-paspi-hj#3.png,CROSS CODING,2,8,20120705,243.81721,118,HINDUSTAN COCA COLA CMPNY-IND,FANTA,FANTA ORANGE,ORANGE PET 1250 ML,PET,1250.000 ML,ORANGE,,1250.0,ML,0.0
16,18/06/2024,202406,2,435785310036,43578020001,1718520751002,49830,118,PASPI,HJ,CUTE ORANGE -,50,BH,HJ,Sales Deviation is OK,1718520751002-paspi-hj#3.png,CROSS CODING,2,9,20110714,244.9837,118,THE AGRI. MKT. - BNGLADESH,PRAN,PRAN JUNIOR,ORANGE TPK 125 ML,TPK,125.000 ML,ORANGE,,125.0,ML,0.0
16,18/06/2024,202406,2,435785310036,43578020001,1718520751002,49830,118,PASPI,HJ,CUTE ORANGE -,50,BH,HJ,Sales Deviation is OK,1718520751002-paspi-hj#3.png,CROSS CODING,2,10,20110330,250.14728,118,HIMALAYA FOOD & BEV.  - NEPAL,RITE,RITE,ORANGE TPK 1000 ML,TPK,1000.000 ML,ORANGE,,1000.0,ML,0.0
17,18/06/2024,202406,2,232113810229,23211020002,1718434894719,99765246,134,RAJSHREE PRODUCT PVT.LTD NEPAL,AMRIT JAL,AMRIT  JAL\1000ML\PBT\MINERAL WATER ,25,1000ML,PBT,Sales Deviation is OK,,RECODING,5,1,99765246,90.79562,118,RAJSHREE PRODUCTS PVT. LTD.-NEPAL,AMRIT JAL,AMRIT JAL,PET 1000 ML,PET,1000.000 ML,,,1000.0,ML,25.0
17,18/06/2024,202406,2,232113810229,23211020002,1718434894719,99765246,134,RAJSHREE PRODUCT PVT.LTD NEPAL,AMRIT JAL,AMRIT  JAL\1000ML\PBT\MINERAL WATER ,25,1000ML,PBT,Sales Deviation is OK,,RECODING,5,2,40110359,145.45961,118,JAL PURE MINERAL WATER - NEPAL,JAL,JAL,PET 1000 ML,PET,1000.000 ML,,,1000.0,ML,0.0
17,18/06/2024,202406,2,232113810229,23211020002,1718434894719,99765246,134,RAJSHREE PRODUCT PVT.LTD NEPAL,AMRIT JAL,AMRIT  JAL\1000ML\PBT\MINERAL WATER ,25,1000ML,PBT,Sales Deviation is OK,,RECODING,5,3,52401,146.27907,118,JANAKI MINERAL WATER-NEPAL,SAILESHWORI JAL,SAILESHWORI JAL,PET 1000 ML,PET,1000.000 ML,,,1000.0,ML,0.0
17,18/06/2024,202406,2,232113810229,23211020002,1718434894719,99765246,134,RAJSHREE PRODUCT PVT.LTD NEPAL,AMRIT JAL,AMRIT  JAL\1000ML\PBT\MINERAL WATER ,25,1000ML,PBT,Sales Deviation is OK,,RECODING,5,4,99765040,148.60376,118,UTTAM JAL MINERAL WATER-NEPAL,UTTAM,UTTAM,PET 1000 ML,PET,1000.000 ML,,,1000.0,ML,18.0
17,18/06/2024,202406,2,232113810229,23211020002,1718434894719,99765246,134,RAJSHREE PRODUCT PVT.LTD NEPAL,AMRIT JAL,AMRIT  JAL\1000ML\PBT\MINERAL WATER ,25,1000ML,PBT,Sales Deviation is OK,,RECODING,5,5,40124027,155.62537,118,MAHAKALI MINERAL WATER - NEPAL,AQUA JAL,AQUA JAL,PET 1000 ML,PET,1000.000 ML,,,1000.0,ML,0.0
17,18/06/2024,202406,2,232113810229,23211020002,1718434894719,99765246,134,RAJSHREE PRODUCT PVT.LTD NEPAL,AMRIT JAL,AMRIT  JAL\1000ML\PBT\MINERAL WATER ,25,1000ML,PBT,Sales Deviation is OK,,RECODING,5,6,40110528,156.14848,118,JAL PURE MINERAL WATER - NEPAL,JAL,JAL,JAR 20000 ML,JAR,20000.000 ML,,,20000.0,ML,0.0
17,18/06/2024,202406,2,232113810229,23211020002,1718434894719,99765246,134,RAJSHREE PRODUCT PVT.LTD NEPAL,AMRIT JAL,AMRIT  JAL\1000ML\PBT\MINERAL WATER ,25,1000ML,PBT,Sales Deviation is OK,,RECODING,5,7,40110335,156.70622,118,PRADHAN MINERAL WATER - NEPAL,TAJ,TAJ,PET 1000 ML,PET,1000.000 ML,,,1000.0,ML,0.0
17,18/06/2024,202406,2,232113810229,23211020002,1718434894719,99765246,134,RAJSHREE PRODUCT PVT.LTD NEPAL,AMRIT JAL,AMRIT  JAL\1000ML\PBT\MINERAL WATER ,25,1000ML,PBT,Sales Deviation is OK,,RECODING,5,8,99764546,160.82986,118,BHADRAKALI DRINKING WATER-NEPAL,KUBER JAL,KUBER JAL,PET 1000 ML,PET,1000.000 ML,,,1000.0,ML,25.0
17,18/06/2024,202406,2,232113810229,23211020002,1718434894719,99765246,134,RAJSHREE PRODUCT PVT.LTD NEPAL,AMRIT JAL,AMRIT  JAL\1000ML\PBT\MINERAL WATER ,25,1000ML,PBT,Sales Deviation is OK,,RECODING,5,9,40125948,162.33966,118,SHREE JAL INDUSTRIES-NEPAL,AMBAR DHARA,AMBAR DHARA,PET 1000 ML,PET,1000.000 ML,,,1000.0,ML,0.0
17,18/06/2024,202406,2,232113810229,23211020002,1718434894719,99765246,134,RAJSHREE PRODUCT PVT.LTD NEPAL,AMRIT JAL,AMRIT  JAL\1000ML\PBT\MINERAL WATER ,25,1000ML,PBT,Sales Deviation is OK,,RECODING,5,10,40121097,162.9451,118,PHULCHOWKI MINERAL WATER-NEPAL,PM,PM,PET 1000 ML,PET,1000.000 ML,,,1000.0,ML,0.0
18,18/06/2024,202406,2,232113810205,23211020005,1718434894719,99765246,134,RAJSHREE PRODUCT PVT.LTD NEPAL,AMRIT JAL,AMRIT  JAL\1000ML\PBT\MINERAL WATER ,25,1000ML,PBT,Sales Deviation is OK,1718434894719-rajshree product pvt-ltd nepal-amrit jal#3.png,RECODING,5,1,99765246,90.79562,118,RAJSHREE PRODUCTS PVT. LTD.-NEPAL,AMRIT JAL,AMRIT JAL,PET 1000 ML,PET,1000.000 ML,,,1000.0,ML,25.0
18,18/06/2024,202406,2,232113810205,23211020005,1718434894719,99765246,134,RAJSHREE PRODUCT PVT.LTD NEPAL,AMRIT JAL,AMRIT  JAL\1000ML\PBT\MINERAL WATER ,25,1000ML,PBT,Sales Deviation is OK,1718434894719-rajshree product pvt-ltd nepal-amrit jal#3.png,RECODING,5,2,40110359,145.45961,118,JAL PURE MINERAL WATER - NEPAL,JAL,JAL,PET 1000 ML,PET,1000.000 ML,,,1000.0,ML,0.0
18,18/06/2024,202406,2,232113810205,23211020005,1718434894719,99765246,134,RAJSHREE PRODUCT PVT.LTD NEPAL,AMRIT JAL,AMRIT  JAL\1000ML\PBT\MINERAL WATER ,25,1000ML,PBT,Sales Deviation is OK,1718434894719-rajshree product pvt-ltd nepal-amrit jal#3.png,RECODING,5,3,52401,146.27907,118,JANAKI MINERAL WATER-NEPAL,SAILESHWORI JAL,SAILESHWORI JAL,PET 1000 ML,PET,1000.000 ML,,,1000.0,ML,0.0
18,18/06/2024,202406,2,232113810205,23211020005,1718434894719,99765246,134,RAJSHREE PRODUCT PVT.LTD NEPAL,AMRIT JAL,AMRIT  JAL\1000ML\PBT\MINERAL WATER ,25,1000ML,PBT,Sales Deviation is OK,1718434894719-rajshree product pvt-ltd nepal-amrit jal#3.png,RECODING,5,4,99765040,148.60376,118,UTTAM JAL MINERAL WATER-NEPAL,UTTAM,UTTAM,PET 1000 ML,PET,1000.000 ML,,,1000.0,ML,18.0
18,18/06/2024,202406,2,232113810205,23211020005,1718434894719,99765246,134,RAJSHREE PRODUCT PVT.LTD NEPAL,AMRIT JAL,AMRIT  JAL\1000ML\PBT\MINERAL WATER ,25,1000ML,PBT,Sales Deviation is OK,1718434894719-rajshree product pvt-ltd nepal-amrit jal#3.png,RECODING,5,5,40124027,155.62537,118,MAHAKALI MINERAL WATER - NEPAL,AQUA JAL,AQUA JAL,PET 1000 ML,PET,1000.000 ML,,,1000.0,ML,0.0
18,18/06/2024,202406,2,232113810205,23211020005,1718434894719,99765246,134,RAJSHREE PRODUCT PVT.LTD NEPAL,AMRIT JAL,AMRIT  JAL\1000ML\PBT\MINERAL WATER ,25,1000ML,PBT,Sales Deviation is OK,1718434894719-rajshree product pvt-ltd nepal-amrit jal#3.png,RECODING,5,6,40110528,156.14848,118,JAL PURE MINERAL WATER - NEPAL,JAL,JAL,JAR 20000 ML,JAR,20000.000 ML,,,20000.0,ML,0.0
18,18/06/2024,202406,2,232113810205,23211020005,1718434894719,99765246,134,RAJSHREE PRODUCT PVT.LTD NEPAL,AMRIT JAL,AMRIT  JAL\1000ML\PBT\MINERAL WATER ,25,1000ML,PBT,Sales Deviation is OK,1718434894719-rajshree product pvt-ltd nepal-amrit jal#3.png,RECODING,5,7,40110335,156.70622,118,PRADHAN MINERAL WATER - NEPAL,TAJ,TAJ,PET 1000 ML,PET,1000.000 ML,,,1000.0,ML,0.0
18,18/06/2024,202406,2,232113810205,23211020005,1718434894719,99765246,134,RAJSHREE PRODUCT PVT.LTD NEPAL,AMRIT JAL,AMRIT  JAL\1000ML\PBT\MINERAL WATER ,25,1000ML,PBT,Sales Deviation is OK,1718434894719-rajshree product pvt-ltd nepal-amrit jal#3.png,RECODING,5,8,99764546,160.82986,118,BHADRAKALI DRINKING WATER-NEPAL,KUBER JAL,KUBER JAL,PET 1000 ML,PET,1000.000 ML,,,1000.0,ML,25.0
18,18/06/2024,202406,2,232113810205,23211020005,1718434894719,99765246,134,RAJSHREE PRODUCT PVT.LTD NEPAL,AMRIT JAL,AMRIT  JAL\1000ML\PBT\MINERAL WATER ,25,1000ML,PBT,Sales Deviation is OK,1718434894719-rajshree product pvt-ltd nepal-amrit jal#3.png,RECODING,5,9,40125948,162.33966,118,SHREE JAL INDUSTRIES-NEPAL,AMBAR DHARA,AMBAR DHARA,PET 1000 ML,PET,1000.000 ML,,,1000.0,ML,0.0
18,18/06/2024,202406,2,232113810205,23211020005,1718434894719,99765246,134,RAJSHREE PRODUCT PVT.LTD NEPAL,AMRIT JAL,AMRIT  JAL\1000ML\PBT\MINERAL WATER ,25,1000ML,PBT,Sales Deviation is OK,1718434894719-rajshree product pvt-ltd nepal-amrit jal#3.png,RECODING,5,10,40121097,162.9451,118,PHULCHOWKI MINERAL WATER-NEPAL,PM,PM,PET 1000 ML,PET,1000.000 ML,,,1000.0,ML,0.0
19,21/06/2024,202406,2,128876850,12201020011,1717577240977,99765247,134,KWALITY THAI FOODS PVT LTD-NPL,123 DITTO,123 DITTO-LYCHEE-LITCHI PET 150ML,20,150ML,PET,,1717577240977-kwality thai foods pvt ltd-npl-123 ditto#3.png,RECODING,5,1,99765247,19.59128,118,KWALITY THAI FOODS PVT LTD-NPL,123,123 DITTO,LITCHI PET 150 ML,PET,150.000 ML,LYCHEE,,150.0,ML,20.0
19,21/06/2024,202406,2,128876850,12201020011,1717577240977,99765247,134,KWALITY THAI FOODS PVT LTD-NPL,123 DITTO,123 DITTO-LYCHEE-LITCHI PET 150ML,20,150ML,PET,,1717577240977-kwality thai foods pvt ltd-npl-123 ditto#3.png,RECODING,5,2,54829,32.972816,118,KWALITY THAI FOODS PVT LTD-NPL,123,123 DITTO,LYCHEE PET 170 ML,PET,170.000 ML,LYCHEE,,170.0,ML,0.0
19,21/06/2024,202406,2,128876850,12201020011,1717577240977,99765247,134,KWALITY THAI FOODS PVT LTD-NPL,123 DITTO,123 DITTO-LYCHEE-LITCHI PET 150ML,20,150ML,PET,,1717577240977-kwality thai foods pvt ltd-npl-123 ditto#3.png,RECODING,5,3,99765308,107.79904,118,AGRO THAI FOODS PVT LTD-NEPAL,JUICE JELLY,JUICE JELLY,LITCHI PET 320 ML,PET,320.000 ML,LYCHEE,,320.0,ML,99.0
19,21/06/2024,202406,2,128876850,12201020011,1717577240977,99765247,134,KWALITY THAI FOODS PVT LTD-NPL,123 DITTO,123 DITTO-LYCHEE-LITCHI PET 150ML,20,150ML,PET,,1717577240977-kwality thai foods pvt ltd-npl-123 ditto#3.png,RECODING,5,4,99765338,128.47244,118,P.K. GENERAL DRINK LP.-THAILAND,BONKO,BONKO LITCHI,LITCHI PET 320 ML,PET,320.000 ML,LYCHEE,,320.0,ML,140.0
19,21/06/2024,202406,2,128876850,12201020011,1717577240977,99765247,134,KWALITY THAI FOODS PVT LTD-NPL,123 DITTO,123 DITTO-LYCHEE-LITCHI PET 150ML,20,150ML,PET,,1717577240977-kwality thai foods pvt ltd-npl-123 ditto#3.png,RECODING,5,5,99765052,130.42097,118,THAI VICTOR FOOD CO.LTD-THAILAND,JOINER,JOINER,LYCHEE PET 320 ML,PET,320.000 ML,LYCHEE,,320.0,ML,150.0
19,21/06/2024,202406,2,128876850,12201020011,1717577240977,99765247,134,KWALITY THAI FOODS PVT LTD-NPL,123 DITTO,123 DITTO-LYCHEE-LITCHI PET 150ML,20,150ML,PET,,1717577240977-kwality thai foods pvt ltd-npl-123 ditto#3.png,RECODING,5,6,20125048,130.80817,118,FOOD STAR COMPANY LTD-THAILAND,FOOD STAR,FOOD STAR DEEDO,LYCHEE PET 150 ML,PET,150.000 ML,LYCHEE,,150.0,ML,0.0
19,21/06/2024,202406,2,128876850,12201020011,1717577240977,99765247,134,KWALITY THAI FOODS PVT LTD-NPL,123 DITTO,123 DITTO-LYCHEE-LITCHI PET 150ML,20,150ML,PET,,1717577240977-kwality thai foods pvt ltd-npl-123 ditto#3.png,RECODING,5,7,20110547,136.50235,118,PJ NATURAL FOOD - MALASIYA,NATURAL,NATURAL,LITCHI PET 500 ML,PET,500.000 ML,LYCHEE,,500.0,ML,0.0
19,21/06/2024,202406,2,128876850,12201020011,1717577240977,99765247,134,KWALITY THAI FOODS PVT LTD-NPL,123 DITTO,123 DITTO-LYCHEE-LITCHI PET 150ML,20,150ML,PET,,1717577240977-kwality thai foods pvt ltd-npl-123 ditto#3.png,RECODING,5,8,20110551,136.68015,118,PJ NATURAL FOOD - MALASIYA,NATURAL,NATURAL,LITCHI PET 1000 ML,PET,1000.000 ML,LYCHEE,,1000.0,ML,0.0
19,21/06/2024,202406,2,128876850,12201020011,1717577240977,99765247,134,KWALITY THAI FOODS PVT LTD-NPL,123 DITTO,123 DITTO-LYCHEE-LITCHI PET 150ML,20,150ML,PET,,1717577240977-kwality thai foods pvt ltd-npl-123 ditto#3.png,RECODING,5,9,20123717,136.88467,118,PJ NATURAL FOOD - MALASIYA,NATURAL,NATURAL,LITCHI PET 2000 ML,PET,2000.000 ML,LYCHEE,,2000.0,ML,0.0
19,21/06/2024,202406,2,128876850,12201020011,1717577240977,99765247,134,KWALITY THAI FOODS PVT LTD-NPL,123 DITTO,123 DITTO-LYCHEE-LITCHI PET 150ML,20,150ML,PET,,1717577240977-kwality thai foods pvt ltd-npl-123 ditto#3.png,RECODING,5,10,99765377,138.72227,118,ALMIGHTY BEVERAGE PVT LTD-NEPAL,ALMIGHTY,ALMIGHTY LITCHI,LITCHI PET 125 ML,PET,125.000 ML,LYCHEE,,125.0,ML,20.0
20,21/06/2024,202406,2,111481610,21102020055,1718868702604,99765238,134,HYGEN PACKS NEPAL PVT LTD-NEPAL,HYGEN MANIA,HYGEN AGRO/MANIA/GUAVA DRINK/200ML/RS25/HYGENS PACKS NEPAL PVT. LTD,25,200ML,TPK,,1718868702604-hygen packs nepal pvt ltd-nepal-hygen mania#3.png,RECODING,5,1,99765238,42.19921,118,HYGEN PACKS NEPAL PVT LTD-NEPAL,HYGEN,HYGEN MANIA,GUAVA TPK 200 ML,TPK,200.000 ML,GUAVA,,200.0,ML,25.0
20,21/06/2024,202406,2,111481610,21102020055,1718868702604,99765238,134,HYGEN PACKS NEPAL PVT LTD-NEPAL,HYGEN MANIA,HYGEN AGRO/MANIA/GUAVA DRINK/200ML/RS25/HYGENS PACKS NEPAL PVT. LTD,25,200ML,TPK,,1718868702604-hygen packs nepal pvt ltd-nepal-hygen mania#3.png,RECODING,5,2,99763224,79.03151,118,HYGEN PACKS NEPAL PVT LTD-NEPAL,HYGEN,HYGEN MANIA,MANGO TPK 200 ML,TPK,200.000 ML,MANGO,,200.0,ML,25.0
20,21/06/2024,202406,2,111481610,21102020055,1718868702604,99765238,134,HYGEN PACKS NEPAL PVT LTD-NEPAL,HYGEN MANIA,HYGEN AGRO/MANIA/GUAVA DRINK/200ML/RS25/HYGENS PACKS NEPAL PVT. LTD,25,200ML,TPK,,1718868702604-hygen packs nepal pvt ltd-nepal-hygen mania#3.png,RECODING,5,3,99764247,86.106255,118,HYGEN PACKS NEPAL PVT LTD-NEPAL,HYGEN,HYGEN RUHSH,MANGO TPK 200 ML,TPK,200.000 ML,MANGO,,200.0,ML,25.0
20,21/06/2024,202406,2,111481610,21102020055,1718868702604,99765238,134,HYGEN PACKS NEPAL PVT LTD-NEPAL,HYGEN MANIA,HYGEN AGRO/MANIA/GUAVA DRINK/200ML/RS25/HYGENS PACKS NEPAL PVT. LTD,25,200ML,TPK,,1718868702604-hygen packs nepal pvt ltd-nepal-hygen mania#3.png,RECODING,5,4,99763844,86.42366,118,HYGEN PACKS NEPAL PVT LTD-NEPAL,MANIA,MANIA MAGIC,MANGO TPK 180 ML+20 ML FREE,TPK,180.000 ML,MANGO,,200.0,ML,25.0
20,21/06/2024,202406,2,111481610,21102020055,1718868702604,99765238,134,HYGEN PACKS NEPAL PVT LTD-NEPAL,HYGEN MANIA,HYGEN AGRO/MANIA/GUAVA DRINK/200ML/RS25/HYGENS PACKS NEPAL PVT. LTD,25,200ML,TPK,,1718868702604-hygen packs nepal pvt ltd-nepal-hygen mania#3.png,RECODING,5,5,99764473,93.039536,118,HYGEN PACKS NEPAL PVT LTD-NEPAL,HYGEN,HYGEN MANIA,CAN 330 ML,CAN,330.000 ML,,,330.0,ML,120.0
20,21/06/2024,202406,2,111481610,21102020055,1718868702604,99765238,134,HYGEN PACKS NEPAL PVT LTD-NEPAL,HYGEN MANIA,HYGEN AGRO/MANIA/GUAVA DRINK/200ML/RS25/HYGENS PACKS NEPAL PVT. LTD,25,200ML,TPK,,1718868702604-hygen packs nepal pvt ltd-nepal-hygen mania#3.png,RECODING,5,6,99762355,94.19217,118,HYGEN PACKS NEPAL PVT LTD-NEPAL,HYGEN,HYGEN MANIA,CAN 250 ML,CAN,250.000 ML,,,250.0,ML,120.0
20,21/06/2024,202406,2,111481610,21102020055,1718868702604,99765238,134,HYGEN PACKS NEPAL PVT LTD-NEPAL,HYGEN MANIA,HYGEN AGRO/MANIA/GUAVA DRINK/200ML/RS25/HYGENS PACKS NEPAL PVT. LTD,25,200ML,TPK,,1718868702604-hygen packs nepal pvt ltd-nepal-hygen mania#3.png,RECODING,5,7,99765164,98.116325,118,HYGEN PACKS NEPAL PVT LTD-NEPAL,MANIA,MANIA MIX FRUIT,MIX FRUIT TPK 200 ML,TPK,200.000 ML,MIXED FRUIT,,200.0,ML,25.0
20,21/06/2024,202406,2,111481610,21102020055,1718868702604,99765238,134,HYGEN PACKS NEPAL PVT LTD-NEPAL,HYGEN MANIA,HYGEN AGRO/MANIA/GUAVA DRINK/200ML/RS25/HYGENS PACKS NEPAL PVT. LTD,25,200ML,TPK,,1718868702604-hygen packs nepal pvt ltd-nepal-hygen mania#3.png,RECODING,5,8,99763057,100.59105,118,HYGEN PACKS NEPAL PVT LTD-NEPAL,MANIA,MANIA APPE,APPLE TPK 200 ML,TPK,200.000 ML,APPLE,,200.0,ML,25.0
20,21/06/2024,202406,2,111481610,21102020055,1718868702604,99765238,134,HYGEN PACKS NEPAL PVT LTD-NEPAL,HYGEN MANIA,HYGEN AGRO/MANIA/GUAVA DRINK/200ML/RS25/HYGENS PACKS NEPAL PVT. LTD,25,200ML,TPK,,1718868702604-hygen packs nepal pvt ltd-nepal-hygen mania#3.png,RECODING,5,9,99764476,101.910095,118,HYGEN PACKS NEPAL PVT LTD-NEPAL,HYGEN,HYGEN MANIA,MANGO PET 250 ML,PET,250.000 ML,MANGO,,250.0,ML,50.0
20,21/06/2024,202406,2,111481610,21102020055,1718868702604,99765238,134,HYGEN PACKS NEPAL PVT LTD-NEPAL,HYGEN MANIA,HYGEN AGRO/MANIA/GUAVA DRINK/200ML/RS25/HYGENS PACKS NEPAL PVT. LTD,25,200ML,TPK,,1718868702604-hygen packs nepal pvt ltd-nepal-hygen mania#3.png,RECODING,5,10,99765440,104.808,118,HYGEN PACKS NEPAL PVT LTD-NEPAL,MANIA,MANIA NIMBOO,PET 250 ML,PET,250.000 ML,LEMON,,250.0,ML,50.0
21,21/06/2024,202406,2,111949706,21102020058,1718862470589,99765247,134,KWALITY THAI FOODS PVT LTD-NPL,123 DITTO,123 DITTO-LITCHI,20,150ML,PBT,,1718862470589-kwality thai foods pvt ltd-npl-123 ditto#3.png,RECODING,5,1,99765247,58.52519,118,KWALITY THAI FOODS PVT LTD-NPL,123,123 DITTO,LITCHI PET 150 ML,PET,150.000 ML,LYCHEE,,150.0,ML,20.0
21,21/06/2024,202406,2,111949706,21102020058,1718862470589,99765247,134,KWALITY THAI FOODS PVT LTD-NPL,123 DITTO,123 DITTO-LITCHI,20,150ML,PBT,,1718862470589-kwality thai foods pvt ltd-npl-123 ditto#3.png,RECODING,5,2,54829,96.26131,118,KWALITY THAI FOODS PVT LTD-NPL,123,123 DITTO,LYCHEE PET 170 ML,PET,170.000 ML,LYCHEE,,170.0,ML,0.0
21,21/06/2024,202406,2,111949706,21102020058,1718862470589,99765247,134,KWALITY THAI FOODS PVT LTD-NPL,123 DITTO,123 DITTO-LITCHI,20,150ML,PBT,,1718862470589-kwality thai foods pvt ltd-npl-123 ditto#3.png,RECODING,5,3,54004,144.15884,118,KWALITY THAI FOODS PVT LTD-NPL,123,123 WOW,CAN 250 ML,CAN,250.000 ML,,,250.0,ML,0.0
21,21/06/2024,202406,2,111949706,21102020058,1718862470589,99765247,134,KWALITY THAI FOODS PVT LTD-NPL,123 DITTO,123 DITTO-LITCHI,20,150ML,PBT,,1718862470589-kwality thai foods pvt ltd-npl-123 ditto#3.png,RECODING,5,4,99765172,146.9225,118,KWALITY THAI FOODS PVT LTD-NPL,EX-CESS,EX-CESS,MANGO PAPAYA TPK 200 ML,TPK,200.000 ML,MANGO & PAPAYA,,200.0,ML,25.0
21,21/06/2024,202406,2,111949706,21102020058,1718862470589,99765247,134,KWALITY THAI FOODS PVT LTD-NPL,123 DITTO,123 DITTO-LITCHI,20,150ML,PBT,,1718862470589-kwality thai foods pvt ltd-npl-123 ditto#3.png,RECODING,5,5,99762403,153.18628,118,KWALITY THAI FOODS PVT LTD-NPL,EX-CESS,EX-CESS,MANGO TPK 200 ML,TPK,200.000 ML,MANGO,,200.0,ML,25.0
21,21/06/2024,202406,2,111949706,21102020058,1718862470589,99765247,134,KWALITY THAI FOODS PVT LTD-NPL,123 DITTO,123 DITTO-LITCHI,20,150ML,PBT,,1718862470589-kwality thai foods pvt ltd-npl-123 ditto#3.png,RECODING,5,6,99765308,157.36499,118,AGRO THAI FOODS PVT LTD-NEPAL,JUICE JELLY,JUICE JELLY,LITCHI PET 320 ML,PET,320.000 ML,LYCHEE,,320.0,ML,99.0
21,21/06/2024,202406,2,111949706,21102020058,1718862470589,99765247,134,KWALITY THAI FOODS PVT LTD-NPL,123 DITTO,123 DITTO-LITCHI,20,150ML,PBT,,1718862470589-kwality thai foods pvt ltd-npl-123 ditto#3.png,RECODING,5,7,99764109,159.1352,118,KWALITY THAI FOODS PVT LTD-NPL,EX-CESS,EX-CESS,MANGO TPK 180 ML+20 ML FREE,TPK,180.000 ML,MANGO,,200.0,ML,25.0
21,21/06/2024,202406,2,111949706,21102020058,1718862470589,99765247,134,KWALITY THAI FOODS PVT LTD-NPL,123 DITTO,123 DITTO-LITCHI,20,150ML,PBT,,1718862470589-kwality thai foods pvt ltd-npl-123 ditto#3.png,RECODING,5,8,99765203,163.91055,118,KWALITY THAI FOODS PVT LTD-NPL,TOTAL,TOTAL FRUITY N JUICY,MIXED FRUIT TPK 200 ML,TPK,200.000 ML,MIXED FRUIT,,200.0,ML,30.0
21,21/06/2024,202406,2,111949706,21102020058,1718862470589,99765247,134,KWALITY THAI FOODS PVT LTD-NPL,123 DITTO,123 DITTO-LITCHI,20,150ML,PBT,,1718862470589-kwality thai foods pvt ltd-npl-123 ditto#3.png,RECODING,5,9,99765338,166.00813,118,P.K. GENERAL DRINK LP.-THAILAND,BONKO,BONKO LITCHI,LITCHI PET 320 ML,PET,320.000 ML,LYCHEE,,320.0,ML,140.0
21,21/06/2024,202406,2,111949706,21102020058,1718862470589,99765247,134,KWALITY THAI FOODS PVT LTD-NPL,123 DITTO,123 DITTO-LITCHI,20,150ML,PBT,,1718862470589-kwality thai foods pvt ltd-npl-123 ditto#3.png,RECODING,5,10,99762357,167.20845,118,KWALITY THAI FOODS PVT LTD-NPL,RED ROCK,RED ROCK,CAN 250 ML,CAN,250.000 ML,,,250.0,ML,140.0
22,21/06/2024,202406,2,126803333,22202020031,1718780401525,99765248,134,SHAMBHAVI FOOD & BEVERAGES-NEPAL,JIMMY JIMMY,JIMMY JIMMY\300ML\PBT\STRAWBERRY FLAVOUR ,120,300ML,PBT,,1718780401525-shambhavi food - beverages-nepal-jimmy jimmy#3.png,RECODING,5,1,99765248,52.785934,118,SHAMBHAVI FOOD & BEVERAGES-NEPAL,JIMMY JIMMY,JIMMY JIMMY,STRAWBERRY PET 300 ML,PET,300.000 ML,STRAWBERRY,,300.0,ML,120.0
22,21/06/2024,202406,2,126803333,22202020031,1718780401525,99765248,134,SHAMBHAVI FOOD & BEVERAGES-NEPAL,JIMMY JIMMY,JIMMY JIMMY\300ML\PBT\STRAWBERRY FLAVOUR ,120,300ML,PBT,,1718780401525-shambhavi food - beverages-nepal-jimmy jimmy#3.png,RECODING,5,2,99765304,77.361664,118,SHAMBHAVI FOOD & BEVERAGES-NEPAL,JIMMY JIMMY,JIMMY JIMMY,ORANGE PET 300 ML,PET,300.000 ML,ORANGE,,300.0,ML,120.0
22,21/06/2024,202406,2,126803333,22202020031,1718780401525,99765248,134,SHAMBHAVI FOOD & BEVERAGES-NEPAL,JIMMY JIMMY,JIMMY JIMMY\300ML\PBT\STRAWBERRY FLAVOUR ,120,300ML,PBT,,1718780401525-shambhavi food - beverages-nepal-jimmy jimmy#3.png,RECODING,5,3,99765192,81.42398,118,SHAMBHAVI FOOD & BEVERAGES-NEPAL,JIMMY JIMMY,JIMMY JIMMY,MANGO DRINK PET 300 ML,PET,300.000 ML,MANGO,,300.0,ML,120.0
22,21/06/2024,202406,2,126803333,22202020031,1718780401525,99765248,134,SHAMBHAVI FOOD & BEVERAGES-NEPAL,JIMMY JIMMY,JIMMY JIMMY\300ML\PBT\STRAWBERRY FLAVOUR ,120,300ML,PBT,,1718780401525-shambhavi food - beverages-nepal-jimmy jimmy#3.png,RECODING,5,4,99765315,81.7695,118,SHAMBHAVI FOOD & BEVERAGES-NEPAL,JIMMY JIMMY,JIMMY JIMMY,KIWI PET 300 ML,PET,300.000 ML,KIWI,,300.0,ML,120.0
22,21/06/2024,202406,2,126803333,22202020031,1718780401525,99765248,134,SHAMBHAVI FOOD & BEVERAGES-NEPAL,JIMMY JIMMY,JIMMY JIMMY\300ML\PBT\STRAWBERRY FLAVOUR ,120,300ML,PBT,,1718780401525-shambhavi food - beverages-nepal-jimmy jimmy#3.png,RECODING,5,5,99765305,85.27946,118,SHAMBHAVI FOOD & BEVERAGES-NEPAL,JIMMY JIMMY,JIMMY JIMMY,BLUEBERRY PET 250 ML,PET,250.000 ML,BLUEBERRY,,250.0,ML,100.0
22,21/06/2024,202406,2,126803333,22202020031,1718780401525,99765248,134,SHAMBHAVI FOOD & BEVERAGES-NEPAL,JIMMY JIMMY,JIMMY JIMMY\300ML\PBT\STRAWBERRY FLAVOUR ,120,300ML,PBT,,1718780401525-shambhavi food - beverages-nepal-jimmy jimmy#3.png,RECODING,5,6,99765313,88.26764,118,SHAMBHAVI FOOD & BEVERAGES-NEPAL,JIMMY JIMMY,JIMMY JIMMY,MANGO PET 250 ML,PET,250.000 ML,MANGO,,250.0,ML,100.0
22,21/06/2024,202406,2,126803333,22202020031,1718780401525,99765248,134,SHAMBHAVI FOOD & BEVERAGES-NEPAL,JIMMY JIMMY,JIMMY JIMMY\300ML\PBT\STRAWBERRY FLAVOUR ,120,300ML,PBT,,1718780401525-shambhavi food - beverages-nepal-jimmy jimmy#3.png,RECODING,5,7,99765314,88.88864,118,SHAMBHAVI FOOD & BEVERAGES-NEPAL,JIMMY JIMMY,JIMMY JIMMY,LITCHI PET 300 ML,PET,300.000 ML,LYCHEE,,300.0,ML,120.0
22,21/06/2024,202406,2,126803333,22202020031,1718780401525,99765248,134,SHAMBHAVI FOOD & BEVERAGES-NEPAL,JIMMY JIMMY,JIMMY JIMMY\300ML\PBT\STRAWBERRY FLAVOUR ,120,300ML,PBT,,1718780401525-shambhavi food - beverages-nepal-jimmy jimmy#3.png,RECODING,5,8,99765022,124.321754,118,SHAMBHAVI FOOD & BEVERAGES-NEPAL,JUSICA,JUSICA,MANGO PET 250 ML,PET,250.000 ML,MANGO,,250.0,ML,45.0
22,21/06/2024,202406,2,126803333,22202020031,1718780401525,99765248,134,SHAMBHAVI FOOD & BEVERAGES-NEPAL,JIMMY JIMMY,JIMMY JIMMY\300ML\PBT\STRAWBERRY FLAVOUR ,120,300ML,PBT,,1718780401525-shambhavi food - beverages-nepal-jimmy jimmy#3.png,RECODING,5,9,99765023,124.77776,118,SHAMBHAVI FOOD & BEVERAGES-NEPAL,JUSICA,JUSICA,MANGO PET 500 ML,PET,500.000 ML,MANGO,,500.0,ML,90.0
22,21/06/2024,202406,2,126803333,22202020031,1718780401525,99765248,134,SHAMBHAVI FOOD & BEVERAGES-NEPAL,JIMMY JIMMY,JIMMY JIMMY\300ML\PBT\STRAWBERRY FLAVOUR ,120,300ML,PBT,,1718780401525-shambhavi food - beverages-nepal-jimmy jimmy#3.png,RECODING,5,10,99765285,136.24837,118,SHAMBHAVI FOOD & BEVERAGES-NEPAL,NIMUE,NIMUE NIMBU PANI,PET 250 ML,PET,250.000 ML,LEMON,,250.0,ML,50.0
23,21/06/2024,202406,2,113683585,52204020005,1718621476472,99765249,134,HIMALAYAN BOTTLERS PVT LTD-NEPAL,AMRAPALI RUCHI,AMRAPALI RUCHI/LITCHI/125ML/PBT,20,125ML,PBT,,,RECODING,5,1,99765249,68.17412,118,HIMALAYAN BOTTLERS PVT LTD-NEPAL,AMRAPALI,AMRAPALI RUCHI,LITCHI PET 125 ML,PET,125.000 ML,LYCHEE,,125.0,ML,20.0
23,21/06/2024,202406,2,113683585,52204020005,1718621476472,99765249,134,HIMALAYAN BOTTLERS PVT LTD-NEPAL,AMRAPALI RUCHI,AMRAPALI RUCHI/LITCHI/125ML/PBT,20,125ML,PBT,,,RECODING,5,2,99765481,75.6217,118,HIMALAYAN BOTTLERS PVT LTD-NEPAL,AMRAPALI,AMRAPALI KOOL COCO,LITCHI PET 320 ML,PET,320.000 ML,LYCHEE,,320.0,ML,140.0
23,21/06/2024,202406,2,113683585,52204020005,1718621476472,99765249,134,HIMALAYAN BOTTLERS PVT LTD-NEPAL,AMRAPALI RUCHI,AMRAPALI RUCHI/LITCHI/125ML/PBT,20,125ML,PBT,,,RECODING,5,3,99765225,75.86194,118,HIMALAYAN BOTTLERS PVT LTD-NEPAL,AMRAPALI,AMRAPALI KOOL,LITCHI PET 125 ML,PET,125.000 ML,LYCHEE,,125.0,ML,20.0
23,21/06/2024,202406,2,113683585,52204020005,1718621476472,99765249,134,HIMALAYAN BOTTLERS PVT LTD-NEPAL,AMRAPALI RUCHI,AMRAPALI RUCHI/LITCHI/125ML/PBT,20,125ML,PBT,,,RECODING,5,4,99765350,84.09947,118,HIMALAYAN BOTTLERS PVT LTD-NEPAL,AMRAPALI,AMRAPALI KOOL COCO,KIWI PET 320 ML,PET,320.000 ML,KIWI,,320.0,ML,140.0
23,21/06/2024,202406,2,113683585,52204020005,1718621476472,99765249,134,HIMALAYAN BOTTLERS PVT LTD-NEPAL,AMRAPALI RUCHI,AMRAPALI RUCHI/LITCHI/125ML/PBT,20,125ML,PBT,,,RECODING,5,5,99765349,98.55396,118,HIMALAYAN BOTTLERS PVT LTD-NEPAL,AMRAPALI,AMRAPALI KOOL COCO,MANGO PET 320 ML,PET,320.000 ML,MANGO,,320.0,ML,140.0
23,21/06/2024,202406,2,113683585,52204020005,1718621476472,99765249,134,HIMALAYAN BOTTLERS PVT LTD-NEPAL,AMRAPALI RUCHI,AMRAPALI RUCHI/LITCHI/125ML/PBT,20,125ML,PBT,,,RECODING,5,6,99765351,99.78134,118,HIMALAYAN BOTTLERS PVT LTD-NEPAL,AMRAPALI,AMRAPALI KOOL COCO,BLACK CURRANT PET 320 ML,PET,320.000 ML,BLACK CURRANT,,320.0,ML,140.0
23,21/06/2024,202406,2,113683585,52204020005,1718621476472,99765249,134,HIMALAYAN BOTTLERS PVT LTD-NEPAL,AMRAPALI RUCHI,AMRAPALI RUCHI/LITCHI/125ML/PBT,20,125ML,PBT,,,RECODING,5,7,99765345,103.867645,118,HIMALAYAN BOTTLERS PVT LTD-NEPAL,AMRAPALI,AMRAPALI KOOL COCO,STRAWBERRY PET 320 ML,PET,320.000 ML,STRAWBERRY,,320.0,ML,140.0
23,21/06/2024,202406,2,113683585,52204020005,1718621476472,99765249,134,HIMALAYAN BOTTLERS PVT LTD-NEPAL,AMRAPALI RUCHI,AMRAPALI RUCHI/LITCHI/125ML/PBT,20,125ML,PBT,,,RECODING,5,8,99765360,110.92586,118,HIMALAYAN BOTTLERS PVT LTD-NEPAL,AMRAPALI,AMRAPALI KOOL COCO,PINEAPPLE PET 320 ML,PET,320.000 ML,PINEAPPLE,,320.0,ML,140.0
23,21/06/2024,202406,2,113683585,52204020005,1718621476472,99765249,134,HIMALAYAN BOTTLERS PVT LTD-NEPAL,AMRAPALI RUCHI,AMRAPALI RUCHI/LITCHI/125ML/PBT,20,125ML,PBT,,,RECODING,5,9,40126628,128.99701,118,BOTTLERS NEPAL - NEPAL,KINLEY,KINLEY,PET 500 ML,PET,500.000 ML,,,500.0,ML,0.0
23,21/06/2024,202406,2,113683585,52204020005,1718621476472,99765249,134,HIMALAYAN BOTTLERS PVT LTD-NEPAL,AMRAPALI RUCHI,AMRAPALI RUCHI/LITCHI/125ML/PBT,20,125ML,PBT,,,RECODING,5,10,40110212,131.75879,118,BOTTLERS NEPAL - NEPAL,KINLEY,KINLEY,PET 1000 ML,PET,1000.000 ML,,,1000.0,ML,0.0
24,21/06/2024,202406,2,113123120,52204020002,1718621476472,99765249,134,HIMALAYAN BOTTLERS PVT LTD-NEPAL,AMRAPALI RUCHI,AMRAPALI RUCHI/LITCHI/125ML/PBT,20,125ML,PBT,,,RECODING,5,1,99765249,68.17412,118,HIMALAYAN BOTTLERS PVT LTD-NEPAL,AMRAPALI,AMRAPALI RUCHI,LITCHI PET 125 ML,PET,125.000 ML,LYCHEE,,125.0,ML,20.0
24,21/06/2024,202406,2,113123120,52204020002,1718621476472,99765249,134,HIMALAYAN BOTTLERS PVT LTD-NEPAL,AMRAPALI RUCHI,AMRAPALI RUCHI/LITCHI/125ML/PBT,20,125ML,PBT,,,RECODING,5,2,99765481,75.6217,118,HIMALAYAN BOTTLERS PVT LTD-NEPAL,AMRAPALI,AMRAPALI KOOL COCO,LITCHI PET 320 ML,PET,320.000 ML,LYCHEE,,320.0,ML,140.0
24,21/06/2024,202406,2,113123120,52204020002,1718621476472,99765249,134,HIMALAYAN BOTTLERS PVT LTD-NEPAL,AMRAPALI RUCHI,AMRAPALI RUCHI/LITCHI/125ML/PBT,20,125ML,PBT,,,RECODING,5,3,99765225,75.86194,118,HIMALAYAN BOTTLERS PVT LTD-NEPAL,AMRAPALI,AMRAPALI KOOL,LITCHI PET 125 ML,PET,125.000 ML,LYCHEE,,125.0,ML,20.0
24,21/06/2024,202406,2,113123120,52204020002,1718621476472,99765249,134,HIMALAYAN BOTTLERS PVT LTD-NEPAL,AMRAPALI RUCHI,AMRAPALI RUCHI/LITCHI/125ML/PBT,20,125ML,PBT,,,RECODING,5,4,99765350,84.09947,118,HIMALAYAN BOTTLERS PVT LTD-NEPAL,AMRAPALI,AMRAPALI KOOL COCO,KIWI PET 320 ML,PET,320.000 ML,KIWI,,320.0,ML,140.0
24,21/06/2024,202406,2,113123120,52204020002,1718621476472,99765249,134,HIMALAYAN BOTTLERS PVT LTD-NEPAL,AMRAPALI RUCHI,AMRAPALI RUCHI/LITCHI/125ML/PBT,20,125ML,PBT,,,RECODING,5,5,99765349,98.55396,118,HIMALAYAN BOTTLERS PVT LTD-NEPAL,AMRAPALI,AMRAPALI KOOL COCO,MANGO PET 320 ML,PET,320.000 ML,MANGO,,320.0,ML,140.0
24,21/06/2024,202406,2,113123120,52204020002,1718621476472,99765249,134,HIMALAYAN BOTTLERS PVT LTD-NEPAL,AMRAPALI RUCHI,AMRAPALI RUCHI/LITCHI/125ML/PBT,20,125ML,PBT,,,RECODING,5,6,99765351,99.78134,118,HIMALAYAN BOTTLERS PVT LTD-NEPAL,AMRAPALI,AMRAPALI KOOL COCO,BLACK CURRANT PET 320 ML,PET,320.000 ML,BLACK CURRANT,,320.0,ML,140.0
24,21/06/2024,202406,2,113123120,52204020002,1718621476472,99765249,134,HIMALAYAN BOTTLERS PVT LTD-NEPAL,AMRAPALI RUCHI,AMRAPALI RUCHI/LITCHI/125ML/PBT,20,125ML,PBT,,,RECODING,5,7,99765345,103.867645,118,HIMALAYAN BOTTLERS PVT LTD-NEPAL,AMRAPALI,AMRAPALI KOOL COCO,STRAWBERRY PET 320 ML,PET,320.000 ML,STRAWBERRY,,320.0,ML,140.0
24,21/06/2024,202406,2,113123120,52204020002,1718621476472,99765249,134,HIMALAYAN BOTTLERS PVT LTD-NEPAL,AMRAPALI RUCHI,AMRAPALI RUCHI/LITCHI/125ML/PBT,20,125ML,PBT,,,RECODING,5,8,99765360,110.92586,118,HIMALAYAN BOTTLERS PVT LTD-NEPAL,AMRAPALI,AMRAPALI KOOL COCO,PINEAPPLE PET 320 ML,PET,320.000 ML,PINEAPPLE,,320.0,ML,140.0
24,21/06/2024,202406,2,113123120,52204020002,1718621476472,99765249,134,HIMALAYAN BOTTLERS PVT LTD-NEPAL,AMRAPALI RUCHI,AMRAPALI RUCHI/LITCHI/125ML/PBT,20,125ML,PBT,,,RECODING,5,9,40126628,128.99701,118,BOTTLERS NEPAL - NEPAL,KINLEY,KINLEY,PET 500 ML,PET,500.000 ML,,,500.0,ML,0.0
24,21/06/2024,202406,2,113123120,52204020002,1718621476472,99765249,134,HIMALAYAN BOTTLERS PVT LTD-NEPAL,AMRAPALI RUCHI,AMRAPALI RUCHI/LITCHI/125ML/PBT,20,125ML,PBT,,,RECODING,5,10,40110212,131.75879,118,BOTTLERS NEPAL - NEPAL,KINLEY,KINLEY,PET 1000 ML,PET,1000.000 ML,,,1000.0,ML,0.0
25,21/06/2024,202406,2,113177177,52204020010,1718621476472,99765249,134,HIMALAYAN BOTTLERS PVT LTD-NEPAL,AMRAPALI RUCHI,AMRAPALI RUCHI/LITCHI/125ML/PBT,20,125ML,PBT,Any other reason,1718621476472-himalayan bottlers pvt ltd-nepal-amrapali ruchi#3.png,RECODING,5,1,99765249,68.17412,118,HIMALAYAN BOTTLERS PVT LTD-NEPAL,AMRAPALI,AMRAPALI RUCHI,LITCHI PET 125 ML,PET,125.000 ML,LYCHEE,,125.0,ML,20.0
25,21/06/2024,202406,2,113177177,52204020010,1718621476472,99765249,134,HIMALAYAN BOTTLERS PVT LTD-NEPAL,AMRAPALI RUCHI,AMRAPALI RUCHI/LITCHI/125ML/PBT,20,125ML,PBT,Any other reason,1718621476472-himalayan bottlers pvt ltd-nepal-amrapali ruchi#3.png,RECODING,5,2,99765481,75.6217,118,HIMALAYAN BOTTLERS PVT LTD-NEPAL,AMRAPALI,AMRAPALI KOOL COCO,LITCHI PET 320 ML,PET,320.000 ML,LYCHEE,,320.0,ML,140.0
25,21/06/2024,202406,2,113177177,52204020010,1718621476472,99765249,134,HIMALAYAN BOTTLERS PVT LTD-NEPAL,AMRAPALI RUCHI,AMRAPALI RUCHI/LITCHI/125ML/PBT,20,125ML,PBT,Any other reason,1718621476472-himalayan bottlers pvt ltd-nepal-amrapali ruchi#3.png,RECODING,5,3,99765225,75.86194,118,HIMALAYAN BOTTLERS PVT LTD-NEPAL,AMRAPALI,AMRAPALI KOOL,LITCHI PET 125 ML,PET,125.000 ML,LYCHEE,,125.0,ML,20.0
25,21/06/2024,202406,2,113177177,52204020010,1718621476472,99765249,134,HIMALAYAN BOTTLERS PVT LTD-NEPAL,AMRAPALI RUCHI,AMRAPALI RUCHI/LITCHI/125ML/PBT,20,125ML,PBT,Any other reason,1718621476472-himalayan bottlers pvt ltd-nepal-amrapali ruchi#3.png,RECODING,5,4,99765350,84.09947,118,HIMALAYAN BOTTLERS PVT LTD-NEPAL,AMRAPALI,AMRAPALI KOOL COCO,KIWI PET 320 ML,PET,320.000 ML,KIWI,,320.0,ML,140.0
25,21/06/2024,202406,2,113177177,52204020010,1718621476472,99765249,134,HIMALAYAN BOTTLERS PVT LTD-NEPAL,AMRAPALI RUCHI,AMRAPALI RUCHI/LITCHI/125ML/PBT,20,125ML,PBT,Any other reason,1718621476472-himalayan bottlers pvt ltd-nepal-amrapali ruchi#3.png,RECODING,5,5,99765349,98.55396,118,HIMALAYAN BOTTLERS PVT LTD-NEPAL,AMRAPALI,AMRAPALI KOOL COCO,MANGO PET 320 ML,PET,320.000 ML,MANGO,,320.0,ML,140.0
25,21/06/2024,202406,2,113177177,52204020010,1718621476472,99765249,134,HIMALAYAN BOTTLERS PVT LTD-NEPAL,AMRAPALI RUCHI,AMRAPALI RUCHI/LITCHI/125ML/PBT,20,125ML,PBT,Any other reason,1718621476472-himalayan bottlers pvt ltd-nepal-amrapali ruchi#3.png,RECODING,5,6,99765351,99.78134,118,HIMALAYAN BOTTLERS PVT LTD-NEPAL,AMRAPALI,AMRAPALI KOOL COCO,BLACK CURRANT PET 320 ML,PET,320.000 ML,BLACK CURRANT,,320.0,ML,140.0
25,21/06/2024,202406,2,113177177,52204020010,1718621476472,99765249,134,HIMALAYAN BOTTLERS PVT LTD-NEPAL,AMRAPALI RUCHI,AMRAPALI RUCHI/LITCHI/125ML/PBT,20,125ML,PBT,Any other reason,1718621476472-himalayan bottlers pvt ltd-nepal-amrapali ruchi#3.png,RECODING,5,7,99765345,103.867645,118,HIMALAYAN BOTTLERS PVT LTD-NEPAL,AMRAPALI,AMRAPALI KOOL COCO,STRAWBERRY PET 320 ML,PET,320.000 ML,STRAWBERRY,,320.0,ML,140.0
25,21/06/2024,202406,2,113177177,52204020010,1718621476472,99765249,134,HIMALAYAN BOTTLERS PVT LTD-NEPAL,AMRAPALI RUCHI,AMRAPALI RUCHI/LITCHI/125ML/PBT,20,125ML,PBT,Any other reason,1718621476472-himalayan bottlers pvt ltd-nepal-amrapali ruchi#3.png,RECODING,5,8,99765360,110.92586,118,HIMALAYAN BOTTLERS PVT LTD-NEPAL,AMRAPALI,AMRAPALI KOOL COCO,PINEAPPLE PET 320 ML,PET,320.000 ML,PINEAPPLE,,320.0,ML,140.0
25,21/06/2024,202406,2,113177177,52204020010,1718621476472,99765249,134,HIMALAYAN BOTTLERS PVT LTD-NEPAL,AMRAPALI RUCHI,AMRAPALI RUCHI/LITCHI/125ML/PBT,20,125ML,PBT,Any other reason,1718621476472-himalayan bottlers pvt ltd-nepal-amrapali ruchi#3.png,RECODING,5,9,40126628,128.99701,118,BOTTLERS NEPAL - NEPAL,KINLEY,KINLEY,PET 500 ML,PET,500.000 ML,,,500.0,ML,0.0
25,21/06/2024,202406,2,113177177,52204020010,1718621476472,99765249,134,HIMALAYAN BOTTLERS PVT LTD-NEPAL,AMRAPALI RUCHI,AMRAPALI RUCHI/LITCHI/125ML/PBT,20,125ML,PBT,Any other reason,1718621476472-himalayan bottlers pvt ltd-nepal-amrapali ruchi#3.png,RECODING,5,10,40110212,131.75879,118,BOTTLERS NEPAL - NEPAL,KINLEY,KINLEY,PET 1000 ML,PET,1000.000 ML,,,1000.0,ML,0.0
26,25/06/2024,202406,2,132861574,31303020017,1718606389708,99765244,134,DABUR NEPAL LTD.-NEPAL,REAL BURRST,REAL BURRST-ORANGE TPK 180ML,25,80ML,TPK,,1718606389708-dabur nepal ltd--nepal-real burrst#3.png,RECODING,5,1,99765244,32.39575,118,DABUR NEPAL LTD.-NEPAL,REAL,REAL BURRST,ORANGE TPK 180 ML,TPK,180.000 ML,ORANGE,,180.0,ML,25.0
26,25/06/2024,202406,2,132861574,31303020017,1718606389708,99765244,134,DABUR NEPAL LTD.-NEPAL,REAL BURRST,REAL BURRST-ORANGE TPK 180ML,25,80ML,TPK,,1718606389708-dabur nepal ltd--nepal-real burrst#3.png,RECODING,5,2,99765428,34.3378,118,DABUR NEPAL LTD.-NEPAL,REAL,REAL BURRST,ORANGE TPK 170 ML,TPK,170.000 ML,ORANGE,,170.0,ML,25.0
26,25/06/2024,202406,2,132861574,31303020017,1718606389708,99765244,134,DABUR NEPAL LTD.-NEPAL,REAL BURRST,REAL BURRST-ORANGE TPK 180ML,25,80ML,TPK,,1718606389708-dabur nepal ltd--nepal-real burrst#3.png,RECODING,5,3,49633,41.499527,118,DABUR NEPAL LTD.-NEPAL,REAL,REAL BURRST,ORANGE TPK 200 ML,TPK,200.000 ML,ORANGE,,200.0,ML,0.0
26,25/06/2024,202406,2,132861574,31303020017,1718606389708,99765244,134,DABUR NEPAL LTD.-NEPAL,REAL BURRST,REAL BURRST-ORANGE TPK 180ML,25,80ML,TPK,,1718606389708-dabur nepal ltd--nepal-real burrst#3.png,RECODING,5,4,49634,45.469,118,DABUR NEPAL LTD.-NEPAL,REAL,REAL BURRST,ORANGE TPK 1000 ML,TPK,1000.000 ML,ORANGE,,1000.0,ML,0.0
26,25/06/2024,202406,2,132861574,31303020017,1718606389708,99765244,134,DABUR NEPAL LTD.-NEPAL,REAL BURRST,REAL BURRST-ORANGE TPK 180ML,25,80ML,TPK,,1718606389708-dabur nepal ltd--nepal-real burrst#3.png,RECODING,5,5,20110127,52.0024,118,DABUR NEPAL LTD.-NEPAL,REAL,REAL,ORANGE TPK 250 ML,TPK,250.000 ML,ORANGE,,250.0,ML,0.0
26,25/06/2024,202406,2,132861574,31303020017,1718606389708,99765244,134,DABUR NEPAL LTD.-NEPAL,REAL BURRST,REAL BURRST-ORANGE TPK 180ML,25,80ML,TPK,,1718606389708-dabur nepal ltd--nepal-real burrst#3.png,RECODING,5,6,20110209,53.245678,118,DABUR NEPAL LTD.-NEPAL,REAL,REAL,ORANGE TPK 200 ML,TPK,200.000 ML,ORANGE,,200.0,ML,0.0
26,25/06/2024,202406,2,132861574,31303020017,1718606389708,99765244,134,DABUR NEPAL LTD.-NEPAL,REAL BURRST,REAL BURRST-ORANGE TPK 180ML,25,80ML,TPK,,1718606389708-dabur nepal ltd--nepal-real burrst#3.png,RECODING,5,7,20120279,55.757683,118,DABUR NEPAL LTD.-NEPAL,REAL,REAL BURRST,ORANGE BYTEZ TPK 1000 ML,TPK,1000.000 ML,ORANGE,,1000.0,ML,0.0
26,25/06/2024,202406,2,132861574,31303020017,1718606389708,99765244,134,DABUR NEPAL LTD.-NEPAL,REAL BURRST,REAL BURRST-ORANGE TPK 180ML,25,80ML,TPK,,1718606389708-dabur nepal ltd--nepal-real burrst#3.png,RECODING,5,8,20124335,56.421898,118,DABUR NEPAL LTD.-NEPAL,REAL,REAL,ORANGE TPK 500 ML,TPK,500.000 ML,ORANGE,,500.0,ML,0.0
26,25/06/2024,202406,2,132861574,31303020017,1718606389708,99765244,134,DABUR NEPAL LTD.-NEPAL,REAL BURRST,REAL BURRST-ORANGE TPK 180ML,25,80ML,TPK,,1718606389708-dabur nepal ltd--nepal-real burrst#3.png,RECODING,5,9,20110163,62.973946,118,DABUR NEPAL LTD.-NEPAL,REAL,REAL,ORANGE NECTOR TPK 1000 ML,TPK,1000.000 ML,ORANGE,,1000.0,ML,0.0
26,25/06/2024,202406,2,132861574,31303020017,1718606389708,99765244,134,DABUR NEPAL LTD.-NEPAL,REAL BURRST,REAL BURRST-ORANGE TPK 180ML,25,80ML,TPK,,1718606389708-dabur nepal ltd--nepal-real burrst#3.png,RECODING,5,10,20110414,63.186516,118,DABUR NEPAL LTD.-NEPAL,REAL,REAL ACTIV,ORANGE TPK 1000 ML,TPK,1000.000 ML,ORANGE,,1000.0,ML,0.0
27,25/06/2024,202406,2,132818405,31303020020,1718606389708,99765244,134,DABUR NEPAL LTD.-NEPAL,REAL BURRST,REAL BURRST-ORANGE TPK 180ML,25,80ML,TPK,,1718606389708-dabur nepal ltd--nepal-real burrst#3.png,RECODING,5,1,99765244,32.39575,118,DABUR NEPAL LTD.-NEPAL,REAL,REAL BURRST,ORANGE TPK 180 ML,TPK,180.000 ML,ORANGE,,180.0,ML,25.0
27,25/06/2024,202406,2,132818405,31303020020,1718606389708,99765244,134,DABUR NEPAL LTD.-NEPAL,REAL BURRST,REAL BURRST-ORANGE TPK 180ML,25,80ML,TPK,,1718606389708-dabur nepal ltd--nepal-real burrst#3.png,RECODING,5,2,99765428,34.3378,118,DABUR NEPAL LTD.-NEPAL,REAL,REAL BURRST,ORANGE TPK 170 ML,TPK,170.000 ML,ORANGE,,170.0,ML,25.0
27,25/06/2024,202406,2,132818405,31303020020,1718606389708,99765244,134,DABUR NEPAL LTD.-NEPAL,REAL BURRST,REAL BURRST-ORANGE TPK 180ML,25,80ML,TPK,,1718606389708-dabur nepal ltd--nepal-real burrst#3.png,RECODING,5,3,49633,41.499527,118,DABUR NEPAL LTD.-NEPAL,REAL,REAL BURRST,ORANGE TPK 200 ML,TPK,200.000 ML,ORANGE,,200.0,ML,0.0
27,25/06/2024,202406,2,132818405,31303020020,1718606389708,99765244,134,DABUR NEPAL LTD.-NEPAL,REAL BURRST,REAL BURRST-ORANGE TPK 180ML,25,80ML,TPK,,1718606389708-dabur nepal ltd--nepal-real burrst#3.png,RECODING,5,4,49634,45.469,118,DABUR NEPAL LTD.-NEPAL,REAL,REAL BURRST,ORANGE TPK 1000 ML,TPK,1000.000 ML,ORANGE,,1000.0,ML,0.0
27,25/06/2024,202406,2,132818405,31303020020,1718606389708,99765244,134,DABUR NEPAL LTD.-NEPAL,REAL BURRST,REAL BURRST-ORANGE TPK 180ML,25,80ML,TPK,,1718606389708-dabur nepal ltd--nepal-real burrst#3.png,RECODING,5,5,20110127,52.0024,118,DABUR NEPAL LTD.-NEPAL,REAL,REAL,ORANGE TPK 250 ML,TPK,250.000 ML,ORANGE,,250.0,ML,0.0
27,25/06/2024,202406,2,132818405,31303020020,1718606389708,99765244,134,DABUR NEPAL LTD.-NEPAL,REAL BURRST,REAL BURRST-ORANGE TPK 180ML,25,80ML,TPK,,1718606389708-dabur nepal ltd--nepal-real burrst#3.png,RECODING,5,6,20110209,53.245678,118,DABUR NEPAL LTD.-NEPAL,REAL,REAL,ORANGE TPK 200 ML,TPK,200.000 ML,ORANGE,,200.0,ML,0.0
27,25/06/2024,202406,2,132818405,31303020020,1718606389708,99765244,134,DABUR NEPAL LTD.-NEPAL,REAL BURRST,REAL BURRST-ORANGE TPK 180ML,25,80ML,TPK,,1718606389708-dabur nepal ltd--nepal-real burrst#3.png,RECODING,5,7,20120279,55.757683,118,DABUR NEPAL LTD.-NEPAL,REAL,REAL BURRST,ORANGE BYTEZ TPK 1000 ML,TPK,1000.000 ML,ORANGE,,1000.0,ML,0.0
27,25/06/2024,202406,2,132818405,31303020020,1718606389708,99765244,134,DABUR NEPAL LTD.-NEPAL,REAL BURRST,REAL BURRST-ORANGE TPK 180ML,25,80ML,TPK,,1718606389708-dabur nepal ltd--nepal-real burrst#3.png,RECODING,5,8,20124335,56.421898,118,DABUR NEPAL LTD.-NEPAL,REAL,REAL,ORANGE TPK 500 ML,TPK,500.000 ML,ORANGE,,500.0,ML,0.0
27,25/06/2024,202406,2,132818405,31303020020,1718606389708,99765244,134,DABUR NEPAL LTD.-NEPAL,REAL BURRST,REAL BURRST-ORANGE TPK 180ML,25,80ML,TPK,,1718606389708-dabur nepal ltd--nepal-real burrst#3.png,RECODING,5,9,20110163,62.973946,118,DABUR NEPAL LTD.-NEPAL,REAL,REAL,ORANGE NECTOR TPK 1000 ML,TPK,1000.000 ML,ORANGE,,1000.0,ML,0.0
27,25/06/2024,202406,2,132818405,31303020020,1718606389708,99765244,134,DABUR NEPAL LTD.-NEPAL,REAL BURRST,REAL BURRST-ORANGE TPK 180ML,25,80ML,TPK,,1718606389708-dabur nepal ltd--nepal-real burrst#3.png,RECODING,5,10,20110414,63.186516,118,DABUR NEPAL LTD.-NEPAL,REAL,REAL ACTIV,ORANGE TPK 1000 ML,TPK,1000.000 ML,ORANGE,,1000.0,ML,0.0
28,25/06/2024,202406,2,117666700,51302020003,1719131597617,99764204,134,DABUR NEPAL LTD.-NEPAL,REAL FRUIT POWER,REAL FRUIT POWER/1000ML/PBT/ANAR APPLE/DABUR NEPAL,170,1000ML ,PBT,,1719131597617-dabur nepal ltd--nepal-real fruit power#3.png,CROSS CODING,2,1,99764204,61.541656,118,DABUR NEPAL LTD.-NEPAL,REAL,REAL FRUIT POWER,ANAR APPLE PET 1000 ML,PET,1000.000 ML,POMEGRANATE & APPLE,,1000.0,ML,150.0
28,25/06/2024,202406,2,117666700,51302020003,1719131597617,99764204,134,DABUR NEPAL LTD.-NEPAL,REAL FRUIT POWER,REAL FRUIT POWER/1000ML/PBT/ANAR APPLE/DABUR NEPAL,170,1000ML ,PBT,,1719131597617-dabur nepal ltd--nepal-real fruit power#3.png,CROSS CODING,2,2,99763685,62.563263,118,DABUR NEPAL LTD.-NEPAL,REAL,REAL FRUIT POWER,ANAR APPLE PET 200 ML,PET,200.000 ML,POMEGRANATE & APPLE,,200.0,ML,35.0
28,25/06/2024,202406,2,117666700,51302020003,1719131597617,99764204,134,DABUR NEPAL LTD.-NEPAL,REAL FRUIT POWER,REAL FRUIT POWER/1000ML/PBT/ANAR APPLE/DABUR NEPAL,170,1000ML ,PBT,,1719131597617-dabur nepal ltd--nepal-real fruit power#3.png,CROSS CODING,2,3,99763686,64.93153,118,DABUR NEPAL LTD.-NEPAL,REAL,REAL FRUIT POWER,ANAR APPLE PET 500 ML,PET,500.000 ML,POMEGRANATE & APPLE,,500.0,ML,85.0
28,25/06/2024,202406,2,117666700,51302020003,1719131597617,99764204,134,DABUR NEPAL LTD.-NEPAL,REAL FRUIT POWER,REAL FRUIT POWER/1000ML/PBT/ANAR APPLE/DABUR NEPAL,170,1000ML ,PBT,,1719131597617-dabur nepal ltd--nepal-real fruit power#3.png,CROSS CODING,2,4,99765118,66.700676,118,DABUR NEPAL LTD.-NEPAL,REAL,REAL FRUIT POWER,MIXED FRUIT TPK 1000 ML+REAL APPLE 180 ML FREE,TPK,1000.000 ML,MIXED FRUIT,,1000.0,ML,290.0
28,25/06/2024,202406,2,117666700,51302020003,1719131597617,99764204,134,DABUR NEPAL LTD.-NEPAL,REAL FRUIT POWER,REAL FRUIT POWER/1000ML/PBT/ANAR APPLE/DABUR NEPAL,170,1000ML ,PBT,,1719131597617-dabur nepal ltd--nepal-real fruit power#3.png,CROSS CODING,2,5,99762444,68.61773,118,DABUR NEPAL LTD.-NEPAL,REAL,REAL FRUIT POWER,APPLE TPK 180 ML,TPK,180.000 ML,APPLE,,180.0,ML,25.0
28,25/06/2024,202406,2,117666700,51302020003,1719131597617,99764204,134,DABUR NEPAL LTD.-NEPAL,REAL FRUIT POWER,REAL FRUIT POWER/1000ML/PBT/ANAR APPLE/DABUR NEPAL,170,1000ML ,PBT,,1719131597617-dabur nepal ltd--nepal-real fruit power#3.png,CROSS CODING,2,6,51619,68.62511,118,DABUR NEPAL LTD.-NEPAL,REAL,REAL FRUIT POWER,APPLE TPK 1000 ML,TPK,1000.000 ML,APPLE,,1000.0,ML,0.0
28,25/06/2024,202406,2,117666700,51302020003,1719131597617,99764204,134,DABUR NEPAL LTD.-NEPAL,REAL FRUIT POWER,REAL FRUIT POWER/1000ML/PBT/ANAR APPLE/DABUR NEPAL,170,1000ML ,PBT,,1719131597617-dabur nepal ltd--nepal-real fruit power#3.png,CROSS CODING,2,7,53173,69.631256,118,DABUR NEPAL LTD.-NEPAL,REAL,REAL,FRUIT POWER APPLE TPK 200 ML,TPK,200.000 ML,APPLE,,200.0,ML,0.0
28,25/06/2024,202406,2,117666700,51302020003,1719131597617,99764204,134,DABUR NEPAL LTD.-NEPAL,REAL FRUIT POWER,REAL FRUIT POWER/1000ML/PBT/ANAR APPLE/DABUR NEPAL,170,1000ML ,PBT,,1719131597617-dabur nepal ltd--nepal-real fruit power#3.png,CROSS CODING,2,8,52102,70.785995,118,DABUR NEPAL LTD.-NEPAL,REAL,REAL FRUIT POWER,ACTIVE 100% APPLE TPK 1000 ML,TPK,1000.000 ML,APPLE,,1000.0,ML,0.0
28,25/06/2024,202406,2,117666700,51302020003,1719131597617,99764204,134,DABUR NEPAL LTD.-NEPAL,REAL FRUIT POWER,REAL FRUIT POWER/1000ML/PBT/ANAR APPLE/DABUR NEPAL,170,1000ML ,PBT,,1719131597617-dabur nepal ltd--nepal-real fruit power#3.png,CROSS CODING,2,9,99763709,72.07378,118,DABUR NEPAL LTD.-NEPAL,REAL,REAL FRUIT POWER,MIXED FRUIT PET 1000 ML,PET,1000.000 ML,MIXED FRUIT,,1000.0,ML,150.0
28,25/06/2024,202406,2,117666700,51302020003,1719131597617,99764204,134,DABUR NEPAL LTD.-NEPAL,REAL FRUIT POWER,REAL FRUIT POWER/1000ML/PBT/ANAR APPLE/DABUR NEPAL,170,1000ML ,PBT,,1719131597617-dabur nepal ltd--nepal-real fruit power#3.png,CROSS CODING,2,10,99763667,72.55034,118,DABUR NEPAL LTD.-NEPAL,REAL,REAL FRUIT POWER,MIXED FRUIT PET 200 ML,PET,200.000 ML,MIXED FRUIT,,200.0,ML,35.0
29,25/06/2024,202406,2,117672861,51302020005,1719128611652,99765251,134,JAGDAMBA FOODS PVT LTD-NEPAL,CHABAA BOOST,CHABAA BOOST/PINK GUAVA/1000ML/PBT/JAGDAMBA FOODS PVT.LTD,170,1000ML ,PBT,,1719128611652-jagdamba foods pvt ltd-nepal-chabaa boost#3.png,RECODING,5,1,99765251,48.045696,118,JAGDAMBA FOODS PVT LTD-NEPAL,CHABAA BOOST,CHABAA BOOST,PINK GUAVA PET 1000 ML,PET,1000.000 ML,GUAVA,,1000.0,ML,170.0
29,25/06/2024,202406,2,117672861,51302020005,1719128611652,99765251,134,JAGDAMBA FOODS PVT LTD-NEPAL,CHABAA BOOST,CHABAA BOOST/PINK GUAVA/1000ML/PBT/JAGDAMBA FOODS PVT.LTD,170,1000ML ,PBT,,1719128611652-jagdamba foods pvt ltd-nepal-chabaa boost#3.png,RECODING,5,2,99765229,49.11607,118,JAGDAMBA FOODS PVT LTD-NEPAL,CHABAA BOOST,CHABAA BOOST,PINK GUAVA PET 500 ML,PET,500.000 ML,GUAVA,,500.0,ML,90.0
29,25/06/2024,202406,2,117672861,51302020005,1719128611652,99765251,134,JAGDAMBA FOODS PVT LTD-NEPAL,CHABAA BOOST,CHABAA BOOST/PINK GUAVA/1000ML/PBT/JAGDAMBA FOODS PVT.LTD,170,1000ML ,PBT,,1719128611652-jagdamba foods pvt ltd-nepal-chabaa boost#3.png,RECODING,5,3,99765218,49.54969,118,JAGDAMBA FOODS PVT LTD-NEPAL,CHABAA BOOST,CHABAA BOOST,PINK GUAVA PET 250 ML,PET,250.000 ML,GUAVA,,250.0,ML,50.0
29,25/06/2024,202406,2,117672861,51302020005,1719128611652,99765251,134,JAGDAMBA FOODS PVT LTD-NEPAL,CHABAA BOOST,CHABAA BOOST/PINK GUAVA/1000ML/PBT/JAGDAMBA FOODS PVT.LTD,170,1000ML ,PBT,,1719128611652-jagdamba foods pvt ltd-nepal-chabaa boost#3.png,RECODING,5,4,99765221,88.34255,118,JAGDAMBA FOODS PVT LTD-NEPAL,CHABAA BOOST,CHABAA BOOST,MIXED FRUIT PET 1000 ML,PET,1000.000 ML,MIXED FRUIT,,1000.0,ML,170.0
29,25/06/2024,202406,2,117672861,51302020005,1719128611652,99765251,134,JAGDAMBA FOODS PVT LTD-NEPAL,CHABAA BOOST,CHABAA BOOST/PINK GUAVA/1000ML/PBT/JAGDAMBA FOODS PVT.LTD,170,1000ML ,PBT,,1719128611652-jagdamba foods pvt ltd-nepal-chabaa boost#3.png,RECODING,5,5,99765270,88.618744,118,JAGDAMBA FOODS PVT LTD-NEPAL,CHABAA BOOST,CHABAA BOOST,MIXED FRUIT PET 500 ML,PET,500.000 ML,MIXED FRUIT,,500.0,ML,90.0
29,25/06/2024,202406,2,117672861,51302020005,1719128611652,99765251,134,JAGDAMBA FOODS PVT LTD-NEPAL,CHABAA BOOST,CHABAA BOOST/PINK GUAVA/1000ML/PBT/JAGDAMBA FOODS PVT.LTD,170,1000ML ,PBT,,1719128611652-jagdamba foods pvt ltd-nepal-chabaa boost#3.png,RECODING,5,6,99765227,89.379654,118,JAGDAMBA FOODS PVT LTD-NEPAL,CHABAA BOOST,CHABAA BOOST,MIXED FRUIT PET 250 ML,PET,250.000 ML,MIXED FRUIT,,250.0,ML,50.0
29,25/06/2024,202406,2,117672861,51302020005,1719128611652,99765251,134,JAGDAMBA FOODS PVT LTD-NEPAL,CHABAA BOOST,CHABAA BOOST/PINK GUAVA/1000ML/PBT/JAGDAMBA FOODS PVT.LTD,170,1000ML ,PBT,,1719128611652-jagdamba foods pvt ltd-nepal-chabaa boost#3.png,RECODING,5,7,99765260,92.210724,118,JAGDAMBA FOODS PVT LTD-NEPAL,CHABAA BOOST,CHABAA BOOST,MANGO PET 500 ML,PET,500.000 ML,MANGO,,500.0,ML,90.0
29,25/06/2024,202406,2,117672861,51302020005,1719128611652,99765251,134,JAGDAMBA FOODS PVT LTD-NEPAL,CHABAA BOOST,CHABAA BOOST/PINK GUAVA/1000ML/PBT/JAGDAMBA FOODS PVT.LTD,170,1000ML ,PBT,,1719128611652-jagdamba foods pvt ltd-nepal-chabaa boost#3.png,RECODING,5,8,99765228,92.34822,118,JAGDAMBA FOODS PVT LTD-NEPAL,CHABAA BOOST,CHABAA BOOST,MANGO PET 1000 ML,PET,1000.000 ML,MANGO,,1000.0,ML,170.0
29,25/06/2024,202406,2,117672861,51302020005,1719128611652,99765251,134,JAGDAMBA FOODS PVT LTD-NEPAL,CHABAA BOOST,CHABAA BOOST/PINK GUAVA/1000ML/PBT/JAGDAMBA FOODS PVT.LTD,170,1000ML ,PBT,,1719128611652-jagdamba foods pvt ltd-nepal-chabaa boost#3.png,RECODING,5,9,99765219,93.75697,118,JAGDAMBA FOODS PVT LTD-NEPAL,CHABAA BOOST,CHABAA BOOST,MANGO PET 250 ML,PET,250.000 ML,MANGO,,250.0,ML,50.0
29,25/06/2024,202406,2,117672861,51302020005,1719128611652,99765251,134,JAGDAMBA FOODS PVT LTD-NEPAL,CHABAA BOOST,CHABAA BOOST/PINK GUAVA/1000ML/PBT/JAGDAMBA FOODS PVT.LTD,170,1000ML ,PBT,,1719128611652-jagdamba foods pvt ltd-nepal-chabaa boost#3.png,RECODING,5,10,99765271,96.95199,118,JAGDAMBA FOODS PVT LTD-NEPAL,CHABAA BOOST,CHABAA BOOST,POMEGRANATE PET 1000 ML,PET,1000.000 ML,POMEGRANATE,,1000.0,ML,170.0
30,25/06/2024,202406,2,132576439,22304020006,1719033410255,99765252,134,SUPER STAR LEMON SODA WATER UDYOG NEPAL,AQUA SHAKTI,AQUA SHAKTI\1000ML\PBT\MINERAL WATER ,20,1000ML,PBT,Sales Deviation is OK,1719033410255-super star lemon soda water udyog nepal-aqua shakti#3.png,RECODING,5,1,99765252,60.784893,118,SUPER STAR LEMON SODA WATER UDHYOG-NP,AQUA SHAKTI,AQUA SHAKTI,PET 1000 ML,PET,1000.000 ML,,,1000.0,ML,20.0
30,25/06/2024,202406,2,132576439,22304020006,1719033410255,99765252,134,SUPER STAR LEMON SODA WATER UDYOG NEPAL,AQUA SHAKTI,AQUA SHAKTI\1000ML\PBT\MINERAL WATER ,20,1000ML,PBT,Sales Deviation is OK,1719033410255-super star lemon soda water udyog nepal-aqua shakti#3.png,RECODING,5,2,99765298,134.667,118,RAYBOT SPRING'S MINERAL WATER-NEPAL,RELIEF,RELIEF NIMBU PANI,LEMON PET 250 ML,PET,250.000 ML,LEMON,,250.0,ML,50.0
30,25/06/2024,202406,2,132576439,22304020006,1719033410255,99765252,134,SUPER STAR LEMON SODA WATER UDYOG NEPAL,AQUA SHAKTI,AQUA SHAKTI\1000ML\PBT\MINERAL WATER ,20,1000ML,PBT,Sales Deviation is OK,1719033410255-super star lemon soda water udyog nepal-aqua shakti#3.png,RECODING,5,3,40110513,137.60655,118,PYAS MINERAL WATER - NEPAL,AQUA NINE,AQUA NINE,JAR 20000 ML,JAR,20000.000 ML,,,20000.0,ML,0.0
30,25/06/2024,202406,2,132576439,22304020006,1719033410255,99765252,134,SUPER STAR LEMON SODA WATER UDYOG NEPAL,AQUA SHAKTI,AQUA SHAKTI\1000ML\PBT\MINERAL WATER ,20,1000ML,PBT,Sales Deviation is OK,1719033410255-super star lemon soda water udyog nepal-aqua shakti#3.png,RECODING,5,4,99765426,141.1008,118,LS WATER & BEVERAGE-NEPAL ,IMJA SODA,IMJA SODA,SODA PET 250 ML,PET,250.000 ML,SODA,,250.0,ML,40.0
30,25/06/2024,202406,2,132576439,22304020006,1719033410255,99765252,134,SUPER STAR LEMON SODA WATER UDYOG NEPAL,AQUA SHAKTI,AQUA SHAKTI\1000ML\PBT\MINERAL WATER ,20,1000ML,PBT,Sales Deviation is OK,1719033410255-super star lemon soda water udyog nepal-aqua shakti#3.png,RECODING,5,5,99765064,143.51506,118,LS WATER & BEVERAGE-NEPAL ,IMJA SODA,IMJA SODA,SODA PET 500 ML,PET,500.000 ML,SODA,,500.0,ML,70.0
30,25/06/2024,202406,2,132576439,22304020006,1719033410255,99765252,134,SUPER STAR LEMON SODA WATER UDYOG NEPAL,AQUA SHAKTI,AQUA SHAKTI\1000ML\PBT\MINERAL WATER ,20,1000ML,PBT,Sales Deviation is OK,1719033410255-super star lemon soda water udyog nepal-aqua shakti#3.png,RECODING,5,6,40123614,143.83112,118,SUPER STAR COLD DRINKS UDYG-NP,AQUA SHAKTI,AQUA SHAKTI,PET 1000 ML,PET,1000.000 ML,,,1000.0,ML,0.0
30,25/06/2024,202406,2,132576439,22304020006,1719033410255,99765252,134,SUPER STAR LEMON SODA WATER UDYOG NEPAL,AQUA SHAKTI,AQUA SHAKTI\1000ML\PBT\MINERAL WATER ,20,1000ML,PBT,Sales Deviation is OK,1719033410255-super star lemon soda water udyog nepal-aqua shakti#3.png,RECODING,5,7,40110237,145.05681,118,SHAKTI MINERAL WATER - NEPAL,SHAKTI,SHAKTI,PET 1000 ML,PET,1000.000 ML,,,1000.0,ML,0.0
30,25/06/2024,202406,2,132576439,22304020006,1719033410255,99765252,134,SUPER STAR LEMON SODA WATER UDYOG NEPAL,AQUA SHAKTI,AQUA SHAKTI\1000ML\PBT\MINERAL WATER ,20,1000ML,PBT,Sales Deviation is OK,1719033410255-super star lemon soda water udyog nepal-aqua shakti#3.png,RECODING,5,8,40110418,149.36722,118,TIRUPATI MINARAL WATER - NEPAL,AQUA STAR,AQUA STAR,JAR 20000 ML,JAR,20000.000 ML,,,20000.0,ML,0.0
30,25/06/2024,202406,2,132576439,22304020006,1719033410255,99765252,134,SUPER STAR LEMON SODA WATER UDYOG NEPAL,AQUA SHAKTI,AQUA SHAKTI\1000ML\PBT\MINERAL WATER ,20,1000ML,PBT,Sales Deviation is OK,1719033410255-super star lemon soda water udyog nepal-aqua shakti#3.png,RECODING,5,9,20110460,154.18549,118,NEPAL SOFT DRINKS UDHYOG-NEPAL,MECCA PRIDE,MECCA PRIDE LEMON,LEMON RGB 250 ML,RGB,250.000 ML,LEMON,,250.0,ML,0.0
30,25/06/2024,202406,2,132576439,22304020006,1719033410255,99765252,134,SUPER STAR LEMON SODA WATER UDYOG NEPAL,AQUA SHAKTI,AQUA SHAKTI\1000ML\PBT\MINERAL WATER ,20,1000ML,PBT,Sales Deviation is OK,1719033410255-super star lemon soda water udyog nepal-aqua shakti#3.png,RECODING,5,10,99765005,154.90076,118,BLUEPINE MINERAL WATER-NEPAL,AQUA Q,AQUA Q,JAR 19000 ML,JAR,19000.000 ML,,,19000.0,ML,47.0
31,25/06/2024,202406,2,132870586,22304020011,1718973248038,99765250,118,PEPSI COLA CMPNY IMPRTD-IMPRTD,MOUNTAIN DEW,MOUNTAIN DEW \1000ML\PBT\CARBONATED ,80,1000ML,PBT,Sales Deviation is OK,,RECODING,5,1,99765250,54.76651,118,PEPSI COLA CMPNY IMPRTD-IMPRTD,MOUNTAIN DEW,MOUNTAIN DEW,PET 1000 ML,PET,1000.000 ML,LEMON,,1000.0,ML,80.0
31,25/06/2024,202406,2,132870586,22304020011,1718973248038,99765250,118,PEPSI COLA CMPNY IMPRTD-IMPRTD,MOUNTAIN DEW,MOUNTAIN DEW \1000ML\PBT\CARBONATED ,80,1000ML,PBT,Sales Deviation is OK,,RECODING,5,2,99765158,62.349373,118,PEPSI COLA CMPNY IMPRTD-IMPRTD,MOUNTAIN DEW,MOUNTAIN DEW,PET 2000 ML,PET,2000.000 ML,LEMON,,2000.0,ML,128.0
31,25/06/2024,202406,2,132870586,22304020011,1718973248038,99765250,118,PEPSI COLA CMPNY IMPRTD-IMPRTD,MOUNTAIN DEW,MOUNTAIN DEW \1000ML\PBT\CARBONATED ,80,1000ML,PBT,Sales Deviation is OK,,RECODING,5,3,48440,65.05452,118,PEPSI COLA CMPNY IMPRTD-IMPRTD,MOUNTAIN DEW,MOUNTAIN DEW,PET 750 ML,PET,750.000 ML,LEMON,,750.0,ML,0.0
31,25/06/2024,202406,2,132870586,22304020011,1718973248038,99765250,118,PEPSI COLA CMPNY IMPRTD-IMPRTD,MOUNTAIN DEW,MOUNTAIN DEW \1000ML\PBT\CARBONATED ,80,1000ML,PBT,Sales Deviation is OK,,RECODING,5,4,99763407,66.02115,118,PEPSI COLA CMPNY IMPRTD-IMPRTD,MOUNTAIN DEW,MOUNTAIN DEW,PET 2250 ML,PET,2250.000 ML,LEMON,,2250.0,ML,210.0
31,25/06/2024,202406,2,132870586,22304020011,1718973248038,99765250,118,PEPSI COLA CMPNY IMPRTD-IMPRTD,MOUNTAIN DEW,MOUNTAIN DEW \1000ML\PBT\CARBONATED ,80,1000ML,PBT,Sales Deviation is OK,,RECODING,5,5,50465,66.13324,118,PEPSI COLA CMPNY IMPRTD-IMPRTD,MOUNTAIN DEW,MOUNTAIN DEW,PET 500 ML,PET,500.000 ML,LEMON,,500.0,ML,0.0
31,25/06/2024,202406,2,132870586,22304020011,1718973248038,99765250,118,PEPSI COLA CMPNY IMPRTD-IMPRTD,MOUNTAIN DEW,MOUNTAIN DEW \1000ML\PBT\CARBONATED ,80,1000ML,PBT,Sales Deviation is OK,,RECODING,5,6,20125712,68.63716,118,PEPSI COLA CMPNY IMPRTD-IMPRTD,MOUNTAIN DEW,MOUNTAIN DEW,PET 400 ML,PET,400.000 ML,LEMON,,400.0,ML,50.0
31,25/06/2024,202406,2,132870586,22304020011,1718973248038,99765250,118,PEPSI COLA CMPNY IMPRTD-IMPRTD,MOUNTAIN DEW,MOUNTAIN DEW \1000ML\PBT\CARBONATED ,80,1000ML,PBT,Sales Deviation is OK,,RECODING,5,7,99763704,69.45375,118,PEPSI COLA CMPNY IMPRTD-IMPRTD,MOUNTAIN DEW,MOUNTAIN DEW,PET 250 ML,PET,250.000 ML,LEMON,,250.0,ML,32.0
31,25/06/2024,202406,2,132870586,22304020011,1718973248038,99765250,118,PEPSI COLA CMPNY IMPRTD-IMPRTD,MOUNTAIN DEW,MOUNTAIN DEW \1000ML\PBT\CARBONATED ,80,1000ML,PBT,Sales Deviation is OK,,RECODING,5,8,48442,69.723236,118,PEPSI COLA CMPNY IMPRTD-IMPRTD,MOUNTAIN DEW,MOUNTAIN DEW,PET 300 ML,PET,300.000 ML,LEMON,,300.0,ML,0.0
31,25/06/2024,202406,2,132870586,22304020011,1718973248038,99765250,118,PEPSI COLA CMPNY IMPRTD-IMPRTD,MOUNTAIN DEW,MOUNTAIN DEW \1000ML\PBT\CARBONATED ,80,1000ML,PBT,Sales Deviation is OK,,RECODING,5,9,20121457,70.33093,118,PEPSI COLA CMPNY IMPRTD-IMPRTD,MOUNTAIN DEW,MOUNTAIN DEW,CAN 250 ML,CAN,250.000 ML,LEMON,,250.0,ML,0.0
31,25/06/2024,202406,2,132870586,22304020011,1718973248038,99765250,118,PEPSI COLA CMPNY IMPRTD-IMPRTD,MOUNTAIN DEW,MOUNTAIN DEW \1000ML\PBT\CARBONATED ,80,1000ML,PBT,Sales Deviation is OK,,RECODING,5,10,20121395,70.44325,118,PEPSI COLA CMPNY IMPRTD-IMPRTD,MOUNTAIN DEW,MOUNTAIN DEW,CAN 300 ML,CAN,300.000 ML,LEMON,,300.0,ML,0.0
32,25/06/2024,202406,2,132790180,22304020009,1719024519634,99765253,134,AGRO THAI FOODS PVT LTD-NEPAL,MAX TIGER ,MAX TIGER\500ML\CAN\ENERGY DRINK ,200,500ML,CAN,,1719024519634-agro thai foods pvt ltd-nepal-max tiger #3.png,RECODING,5,1,99765253,60.048164,118,AGRO THAI FOODS PVT LTD-NEPAL,MAX TIGER,MAX TIGER,CAN 500 ML,CAN,500.000 ML,,,500.0,ML,200.0
32,25/06/2024,202406,2,132790180,22304020009,1719024519634,99765253,134,AGRO THAI FOODS PVT LTD-NEPAL,MAX TIGER ,MAX TIGER\500ML\CAN\ENERGY DRINK ,200,500ML,CAN,,1719024519634-agro thai foods pvt ltd-nepal-max tiger #3.png,RECODING,5,2,99762356,64.70347,118,AGRO THAI FOODS PVT LTD-NEPAL,MAX TIGER,MAX TIGER,CAN 250 ML,CAN,250.000 ML,,,250.0,ML,120.0
32,25/06/2024,202406,2,132790180,22304020009,1719024519634,99765253,134,AGRO THAI FOODS PVT LTD-NEPAL,MAX TIGER ,MAX TIGER\500ML\CAN\ENERGY DRINK ,200,500ML,CAN,,1719024519634-agro thai foods pvt ltd-nepal-max tiger #3.png,RECODING,5,3,99765463,71.09531,118,AGRO THAI FOODS PVT LTD-NEPAL,MAX TIGER,MAX TIGER,CLASSIC CAN 330 ML,CAN,330.000 ML,,,330.0,ML,130.0
32,25/06/2024,202406,2,132790180,22304020009,1719024519634,99765253,134,AGRO THAI FOODS PVT LTD-NEPAL,MAX TIGER ,MAX TIGER\500ML\CAN\ENERGY DRINK ,200,500ML,CAN,,1719024519634-agro thai foods pvt ltd-nepal-max tiger #3.png,RECODING,5,4,99762383,71.47098,118,AGRO THAI FOODS PVT LTD-NEPAL,MAX TIGER,MAX TIGER,CAN 250 ML+80 ML FREE,CAN,250.000 ML,,,330.0,ML,120.0
32,25/06/2024,202406,2,132790180,22304020009,1719024519634,99765253,134,AGRO THAI FOODS PVT LTD-NEPAL,MAX TIGER ,MAX TIGER\500ML\CAN\ENERGY DRINK ,200,500ML,CAN,,1719024519634-agro thai foods pvt ltd-nepal-max tiger #3.png,RECODING,5,5,99763747,75.935074,118,AGRO THAI FOODS PVT LTD-NEPAL,MAX TIGER,MAX TIGER,CLASSIC CAN 250 ML+80 ML FREE,CAN,250.000 ML,,,330.0,ML,150.0
32,25/06/2024,202406,2,132790180,22304020009,1719024519634,99765253,134,AGRO THAI FOODS PVT LTD-NEPAL,MAX TIGER ,MAX TIGER\500ML\CAN\ENERGY DRINK ,200,500ML,CAN,,1719024519634-agro thai foods pvt ltd-nepal-max tiger #3.png,RECODING,5,6,99764063,82.78547,118,AGRO THAI FOODS PVT LTD-NEPAL,MAX TIGER,MAX TIGER,SUGAR FREE CAN 250 ML+80 ML FREE,CAN,250.000 ML,,,330.0,ML,150.0
32,25/06/2024,202406,2,132790180,22304020009,1719024519634,99765253,134,AGRO THAI FOODS PVT LTD-NEPAL,MAX TIGER ,MAX TIGER\500ML\CAN\ENERGY DRINK ,200,500ML,CAN,,1719024519634-agro thai foods pvt ltd-nepal-max tiger #3.png,RECODING,5,7,99764989,96.94496,118,AGRO THAI FOODS PVT LTD-NEPAL,TIGER SHARK,TIGER SHARK,CAN 250 ML,CAN,250.000 ML,,,250.0,ML,120.0
32,25/06/2024,202406,2,132790180,22304020009,1719024519634,99765253,134,AGRO THAI FOODS PVT LTD-NEPAL,MAX TIGER ,MAX TIGER\500ML\CAN\ENERGY DRINK ,200,500ML,CAN,,1719024519634-agro thai foods pvt ltd-nepal-max tiger #3.png,RECODING,5,8,99765340,116.76562,118,AGRO THAI FOODS PVT LTD-NEPAL,XTREME,XTREME,CLASSIC CAN 500 ML,CAN,500.000 ML,,,500.0,ML,200.0
32,25/06/2024,202406,2,132790180,22304020009,1719024519634,99765253,134,AGRO THAI FOODS PVT LTD-NEPAL,MAX TIGER ,MAX TIGER\500ML\CAN\ENERGY DRINK ,200,500ML,CAN,,1719024519634-agro thai foods pvt ltd-nepal-max tiger #3.png,RECODING,5,9,99762358,121.601845,118,AGRO THAI FOODS PVT LTD-NEPAL,XTREME,XTREME,CLASSIC CAN 330 ML,CAN,330.000 ML,,,330.0,ML,120.0
32,25/06/2024,202406,2,132790180,22304020009,1719024519634,99765253,134,AGRO THAI FOODS PVT LTD-NEPAL,MAX TIGER ,MAX TIGER\500ML\CAN\ENERGY DRINK ,200,500ML,CAN,,1719024519634-agro thai foods pvt ltd-nepal-max tiger #3.png,RECODING,5,10,99763695,122.23933,118,AGRO THAI FOODS PVT LTD-NEPAL,XTREME,XTREME,CAN 330 ML,CAN,330.000 ML,,,330.0,ML,120.0
33,25/06/2024,202406,2,132576291,22304020003,1718973248038,99765250,118,PEPSI COLA CMPNY IMPRTD-IMPRTD,MOUNTAIN DEW,MOUNTAIN DEW \1000ML\PBT\CARBONATED ,80,1000ML,PBT,Sales Deviation is OK,,RECODING,5,1,99765250,54.76651,118,PEPSI COLA CMPNY IMPRTD-IMPRTD,MOUNTAIN DEW,MOUNTAIN DEW,PET 1000 ML,PET,1000.000 ML,LEMON,,1000.0,ML,80.0
33,25/06/2024,202406,2,132576291,22304020003,1718973248038,99765250,118,PEPSI COLA CMPNY IMPRTD-IMPRTD,MOUNTAIN DEW,MOUNTAIN DEW \1000ML\PBT\CARBONATED ,80,1000ML,PBT,Sales Deviation is OK,,RECODING,5,2,99765158,62.349373,118,PEPSI COLA CMPNY IMPRTD-IMPRTD,MOUNTAIN DEW,MOUNTAIN DEW,PET 2000 ML,PET,2000.000 ML,LEMON,,2000.0,ML,128.0
33,25/06/2024,202406,2,132576291,22304020003,1718973248038,99765250,118,PEPSI COLA CMPNY IMPRTD-IMPRTD,MOUNTAIN DEW,MOUNTAIN DEW \1000ML\PBT\CARBONATED ,80,1000ML,PBT,Sales Deviation is OK,,RECODING,5,3,48440,65.05452,118,PEPSI COLA CMPNY IMPRTD-IMPRTD,MOUNTAIN DEW,MOUNTAIN DEW,PET 750 ML,PET,750.000 ML,LEMON,,750.0,ML,0.0
33,25/06/2024,202406,2,132576291,22304020003,1718973248038,99765250,118,PEPSI COLA CMPNY IMPRTD-IMPRTD,MOUNTAIN DEW,MOUNTAIN DEW \1000ML\PBT\CARBONATED ,80,1000ML,PBT,Sales Deviation is OK,,RECODING,5,4,99763407,66.02115,118,PEPSI COLA CMPNY IMPRTD-IMPRTD,MOUNTAIN DEW,MOUNTAIN DEW,PET 2250 ML,PET,2250.000 ML,LEMON,,2250.0,ML,210.0
33,25/06/2024,202406,2,132576291,22304020003,1718973248038,99765250,118,PEPSI COLA CMPNY IMPRTD-IMPRTD,MOUNTAIN DEW,MOUNTAIN DEW \1000ML\PBT\CARBONATED ,80,1000ML,PBT,Sales Deviation is OK,,RECODING,5,5,50465,66.13324,118,PEPSI COLA CMPNY IMPRTD-IMPRTD,MOUNTAIN DEW,MOUNTAIN DEW,PET 500 ML,PET,500.000 ML,LEMON,,500.0,ML,0.0
33,25/06/2024,202406,2,132576291,22304020003,1718973248038,99765250,118,PEPSI COLA CMPNY IMPRTD-IMPRTD,MOUNTAIN DEW,MOUNTAIN DEW \1000ML\PBT\CARBONATED ,80,1000ML,PBT,Sales Deviation is OK,,RECODING,5,6,20125712,68.63716,118,PEPSI COLA CMPNY IMPRTD-IMPRTD,MOUNTAIN DEW,MOUNTAIN DEW,PET 400 ML,PET,400.000 ML,LEMON,,400.0,ML,50.0
33,25/06/2024,202406,2,132576291,22304020003,1718973248038,99765250,118,PEPSI COLA CMPNY IMPRTD-IMPRTD,MOUNTAIN DEW,MOUNTAIN DEW \1000ML\PBT\CARBONATED ,80,1000ML,PBT,Sales Deviation is OK,,RECODING,5,7,99763704,69.45375,118,PEPSI COLA CMPNY IMPRTD-IMPRTD,MOUNTAIN DEW,MOUNTAIN DEW,PET 250 ML,PET,250.000 ML,LEMON,,250.0,ML,32.0
33,25/06/2024,202406,2,132576291,22304020003,1718973248038,99765250,118,PEPSI COLA CMPNY IMPRTD-IMPRTD,MOUNTAIN DEW,MOUNTAIN DEW \1000ML\PBT\CARBONATED ,80,1000ML,PBT,Sales Deviation is OK,,RECODING,5,8,48442,69.723236,118,PEPSI COLA CMPNY IMPRTD-IMPRTD,MOUNTAIN DEW,MOUNTAIN DEW,PET 300 ML,PET,300.000 ML,LEMON,,300.0,ML,0.0
33,25/06/2024,202406,2,132576291,22304020003,1718973248038,99765250,118,PEPSI COLA CMPNY IMPRTD-IMPRTD,MOUNTAIN DEW,MOUNTAIN DEW \1000ML\PBT\CARBONATED ,80,1000ML,PBT,Sales Deviation is OK,,RECODING,5,9,20121457,70.33093,118,PEPSI COLA CMPNY IMPRTD-IMPRTD,MOUNTAIN DEW,MOUNTAIN DEW,CAN 250 ML,CAN,250.000 ML,LEMON,,250.0,ML,0.0
33,25/06/2024,202406,2,132576291,22304020003,1718973248038,99765250,118,PEPSI COLA CMPNY IMPRTD-IMPRTD,MOUNTAIN DEW,MOUNTAIN DEW \1000ML\PBT\CARBONATED ,80,1000ML,PBT,Sales Deviation is OK,,RECODING,5,10,20121395,70.44325,118,PEPSI COLA CMPNY IMPRTD-IMPRTD,MOUNTAIN DEW,MOUNTAIN DEW,CAN 300 ML,CAN,300.000 ML,LEMON,,300.0,ML,0.0
34,25/06/2024,202406,2,132776190,22304020002,1719033410255,99765252,134,SUPER STAR LEMON SODA WATER UDYOG NEPAL,AQUA SHAKTI,AQUA SHAKTI\1000ML\PBT\MINERAL WATER ,20,1000ML,PBT,Sales Deviation is OK,,RECODING,5,1,99765252,60.784893,118,SUPER STAR LEMON SODA WATER UDHYOG-NP,AQUA SHAKTI,AQUA SHAKTI,PET 1000 ML,PET,1000.000 ML,,,1000.0,ML,20.0
34,25/06/2024,202406,2,132776190,22304020002,1719033410255,99765252,134,SUPER STAR LEMON SODA WATER UDYOG NEPAL,AQUA SHAKTI,AQUA SHAKTI\1000ML\PBT\MINERAL WATER ,20,1000ML,PBT,Sales Deviation is OK,,RECODING,5,2,99765298,134.667,118,RAYBOT SPRING'S MINERAL WATER-NEPAL,RELIEF,RELIEF NIMBU PANI,LEMON PET 250 ML,PET,250.000 ML,LEMON,,250.0,ML,50.0
34,25/06/2024,202406,2,132776190,22304020002,1719033410255,99765252,134,SUPER STAR LEMON SODA WATER UDYOG NEPAL,AQUA SHAKTI,AQUA SHAKTI\1000ML\PBT\MINERAL WATER ,20,1000ML,PBT,Sales Deviation is OK,,RECODING,5,3,40110513,137.60655,118,PYAS MINERAL WATER - NEPAL,AQUA NINE,AQUA NINE,JAR 20000 ML,JAR,20000.000 ML,,,20000.0,ML,0.0
34,25/06/2024,202406,2,132776190,22304020002,1719033410255,99765252,134,SUPER STAR LEMON SODA WATER UDYOG NEPAL,AQUA SHAKTI,AQUA SHAKTI\1000ML\PBT\MINERAL WATER ,20,1000ML,PBT,Sales Deviation is OK,,RECODING,5,4,99765426,141.1008,118,LS WATER & BEVERAGE-NEPAL ,IMJA SODA,IMJA SODA,SODA PET 250 ML,PET,250.000 ML,SODA,,250.0,ML,40.0
34,25/06/2024,202406,2,132776190,22304020002,1719033410255,99765252,134,SUPER STAR LEMON SODA WATER UDYOG NEPAL,AQUA SHAKTI,AQUA SHAKTI\1000ML\PBT\MINERAL WATER ,20,1000ML,PBT,Sales Deviation is OK,,RECODING,5,5,99765064,143.51506,118,LS WATER & BEVERAGE-NEPAL ,IMJA SODA,IMJA SODA,SODA PET 500 ML,PET,500.000 ML,SODA,,500.0,ML,70.0
34,25/06/2024,202406,2,132776190,22304020002,1719033410255,99765252,134,SUPER STAR LEMON SODA WATER UDYOG NEPAL,AQUA SHAKTI,AQUA SHAKTI\1000ML\PBT\MINERAL WATER ,20,1000ML,PBT,Sales Deviation is OK,,RECODING,5,6,40123614,143.83112,118,SUPER STAR COLD DRINKS UDYG-NP,AQUA SHAKTI,AQUA SHAKTI,PET 1000 ML,PET,1000.000 ML,,,1000.0,ML,0.0
34,25/06/2024,202406,2,132776190,22304020002,1719033410255,99765252,134,SUPER STAR LEMON SODA WATER UDYOG NEPAL,AQUA SHAKTI,AQUA SHAKTI\1000ML\PBT\MINERAL WATER ,20,1000ML,PBT,Sales Deviation is OK,,RECODING,5,7,40110237,145.05681,118,SHAKTI MINERAL WATER - NEPAL,SHAKTI,SHAKTI,PET 1000 ML,PET,1000.000 ML,,,1000.0,ML,0.0
34,25/06/2024,202406,2,132776190,22304020002,1719033410255,99765252,134,SUPER STAR LEMON SODA WATER UDYOG NEPAL,AQUA SHAKTI,AQUA SHAKTI\1000ML\PBT\MINERAL WATER ,20,1000ML,PBT,Sales Deviation is OK,,RECODING,5,8,40110418,149.36722,118,TIRUPATI MINARAL WATER - NEPAL,AQUA STAR,AQUA STAR,JAR 20000 ML,JAR,20000.000 ML,,,20000.0,ML,0.0
34,25/06/2024,202406,2,132776190,22304020002,1719033410255,99765252,134,SUPER STAR LEMON SODA WATER UDYOG NEPAL,AQUA SHAKTI,AQUA SHAKTI\1000ML\PBT\MINERAL WATER ,20,1000ML,PBT,Sales Deviation is OK,,RECODING,5,9,20110460,154.18549,118,NEPAL SOFT DRINKS UDHYOG-NEPAL,MECCA PRIDE,MECCA PRIDE LEMON,LEMON RGB 250 ML,RGB,250.000 ML,LEMON,,250.0,ML,0.0
34,25/06/2024,202406,2,132776190,22304020002,1719033410255,99765252,134,SUPER STAR LEMON SODA WATER UDYOG NEPAL,AQUA SHAKTI,AQUA SHAKTI\1000ML\PBT\MINERAL WATER ,20,1000ML,PBT,Sales Deviation is OK,,RECODING,5,10,99765005,154.90076,118,BLUEPINE MINERAL WATER-NEPAL,AQUA Q,AQUA Q,JAR 19000 ML,JAR,19000.000 ML,,,19000.0,ML,47.0
35,25/06/2024,202406,2,128702441,12201020028,1718966135356,99765254,134,LIFE FOOD & BEVERAGE-NEPAL,ARNA,ARNA ENERGY DRINK CAN 250ML,99,250ML,CAN,,1718966135356-life food - beverage-nepal-arna#3.png,RECODING,5,1,99765254,47.400417,118,LIFE FOOD & BEVERAGE-NEPAL,ARNA,ARNA,CAN 250 ML,CAN,250.000 ML,,,250.0,ML,99.0
35,25/06/2024,202406,2,128702441,12201020028,1718966135356,99765254,134,LIFE FOOD & BEVERAGE-NEPAL,ARNA,ARNA ENERGY DRINK CAN 250ML,99,250ML,CAN,,1718966135356-life food - beverage-nepal-arna#3.png,RECODING,5,2,99765477,57.597084,118,LIFE FOOD & BEVERAGE-NEPAL,ARNA,ARNA,CAN 330 ML,CAN,330.000 ML,,,330.0,ML,120.0
35,25/06/2024,202406,2,128702441,12201020028,1718966135356,99765254,134,LIFE FOOD & BEVERAGE-NEPAL,ARNA,ARNA ENERGY DRINK CAN 250ML,99,250ML,CAN,,1718966135356-life food - beverage-nepal-arna#3.png,RECODING,5,3,99765100,116.17545,118,LIFE FOOD & BEVERAGE-NEPAL,KI BU,KI BU CLASSIC,CLASSIC CAN 250 ML,CAN,250.000 ML,,,250.0,ML,120.0
35,25/06/2024,202406,2,128702441,12201020028,1718966135356,99765254,134,LIFE FOOD & BEVERAGE-NEPAL,ARNA,ARNA ENERGY DRINK CAN 250ML,99,250ML,CAN,,1718966135356-life food - beverage-nepal-arna#3.png,RECODING,5,4,99765230,122.39064,118,LIFE FOOD & BEVERAGE-NEPAL,KI BU,KI BU CLASSIC,CLASSIC CAN 330 ML,CAN,330.000 ML,,,330.0,ML,130.0
35,25/06/2024,202406,2,128702441,12201020028,1718966135356,99765254,134,LIFE FOOD & BEVERAGE-NEPAL,ARNA,ARNA ENERGY DRINK CAN 250ML,99,250ML,CAN,,1718966135356-life food - beverage-nepal-arna#3.png,RECODING,5,5,99764943,122.95247,118,LIFE FOOD & BEVERAGE-NEPAL,KI BU,KI BU COLA,COLA CAN 180 ML,CAN,180.000 ML,COLA,,180.0,ML,80.0
35,25/06/2024,202406,2,128702441,12201020028,1718966135356,99765254,134,LIFE FOOD & BEVERAGE-NEPAL,ARNA,ARNA ENERGY DRINK CAN 250ML,99,250ML,CAN,,1718966135356-life food - beverage-nepal-arna#3.png,RECODING,5,6,99765085,125.58698,118,LIFE FOOD & BEVERAGE-NEPAL,REBOOST,REBOOST,CAN 250 ML,CAN,250.000 ML,,,250.0,ML,120.0
35,25/06/2024,202406,2,128702441,12201020028,1718966135356,99765254,134,LIFE FOOD & BEVERAGE-NEPAL,ARNA,ARNA ENERGY DRINK CAN 250ML,99,250ML,CAN,,1718966135356-life food - beverage-nepal-arna#3.png,RECODING,5,7,99764986,127.22485,118,LIFE FOOD & BEVERAGE-NEPAL,KI BU,KI BU GOLD,GOLD CAN 180 ML,CAN,180.000 ML,,,180.0,ML,80.0
35,25/06/2024,202406,2,128702441,12201020028,1718966135356,99765254,134,LIFE FOOD & BEVERAGE-NEPAL,ARNA,ARNA ENERGY DRINK CAN 250ML,99,250ML,CAN,,1718966135356-life food - beverage-nepal-arna#3.png,RECODING,5,8,99764679,130.96344,118,LIFE FOOD & BEVERAGE-NEPAL,KI BU,KI BU,CLASSIC CAN 180 ML,CAN,180.000 ML,,,180.0,ML,80.0
35,25/06/2024,202406,2,128702441,12201020028,1718966135356,99765254,134,LIFE FOOD & BEVERAGE-NEPAL,ARNA,ARNA ENERGY DRINK CAN 250ML,99,250ML,CAN,,1718966135356-life food - beverage-nepal-arna#3.png,RECODING,5,9,99765109,136.58679,118,LS WATER & BEVERAGE-NEPAL ,PRAN,PRAN POWER,CAN 250 ML,CAN,250.000 ML,,,250.0,ML,120.0
35,25/06/2024,202406,2,128702441,12201020028,1718966135356,99765254,134,LIFE FOOD & BEVERAGE-NEPAL,ARNA,ARNA ENERGY DRINK CAN 250ML,99,250ML,CAN,,1718966135356-life food - beverage-nepal-arna#3.png,RECODING,5,10,99765042,138.65659,118,LIFE FOOD & BEVERAGE-NEPAL,FIZZY LIFE,FIZZY LIFE MASALA COLA,MASALA COLA PET 150 ML,PET,150.000 ML,COLA,,150.0,ML,30.0
36,25/06/2024,202406,2,231731310207,23173020011,1718973248038,99765250,118,PEPSI COLA CMPNY IMPRTD-IMPRTD,MOUNTAIN DEW,MOUNTAIN DEW \1000ML\PBT\CARBONATED ,80,1000ML,PBT,,1718973248038-pepsi cola cmpny imprtd-imprtd-mountain dew#3.png,RECODING,5,1,99765250,54.76651,118,PEPSI COLA CMPNY IMPRTD-IMPRTD,MOUNTAIN DEW,MOUNTAIN DEW,PET 1000 ML,PET,1000.000 ML,LEMON,,1000.0,ML,80.0
36,25/06/2024,202406,2,231731310207,23173020011,1718973248038,99765250,118,PEPSI COLA CMPNY IMPRTD-IMPRTD,MOUNTAIN DEW,MOUNTAIN DEW \1000ML\PBT\CARBONATED ,80,1000ML,PBT,,1718973248038-pepsi cola cmpny imprtd-imprtd-mountain dew#3.png,RECODING,5,2,99765158,62.349373,118,PEPSI COLA CMPNY IMPRTD-IMPRTD,MOUNTAIN DEW,MOUNTAIN DEW,PET 2000 ML,PET,2000.000 ML,LEMON,,2000.0,ML,128.0
36,25/06/2024,202406,2,231731310207,23173020011,1718973248038,99765250,118,PEPSI COLA CMPNY IMPRTD-IMPRTD,MOUNTAIN DEW,MOUNTAIN DEW \1000ML\PBT\CARBONATED ,80,1000ML,PBT,,1718973248038-pepsi cola cmpny imprtd-imprtd-mountain dew#3.png,RECODING,5,3,48440,65.05452,118,PEPSI COLA CMPNY IMPRTD-IMPRTD,MOUNTAIN DEW,MOUNTAIN DEW,PET 750 ML,PET,750.000 ML,LEMON,,750.0,ML,0.0
36,25/06/2024,202406,2,231731310207,23173020011,1718973248038,99765250,118,PEPSI COLA CMPNY IMPRTD-IMPRTD,MOUNTAIN DEW,MOUNTAIN DEW \1000ML\PBT\CARBONATED ,80,1000ML,PBT,,1718973248038-pepsi cola cmpny imprtd-imprtd-mountain dew#3.png,RECODING,5,4,99763407,66.02115,118,PEPSI COLA CMPNY IMPRTD-IMPRTD,MOUNTAIN DEW,MOUNTAIN DEW,PET 2250 ML,PET,2250.000 ML,LEMON,,2250.0,ML,210.0
36,25/06/2024,202406,2,231731310207,23173020011,1718973248038,99765250,118,PEPSI COLA CMPNY IMPRTD-IMPRTD,MOUNTAIN DEW,MOUNTAIN DEW \1000ML\PBT\CARBONATED ,80,1000ML,PBT,,1718973248038-pepsi cola cmpny imprtd-imprtd-mountain dew#3.png,RECODING,5,5,50465,66.13324,118,PEPSI COLA CMPNY IMPRTD-IMPRTD,MOUNTAIN DEW,MOUNTAIN DEW,PET 500 ML,PET,500.000 ML,LEMON,,500.0,ML,0.0
36,25/06/2024,202406,2,231731310207,23173020011,1718973248038,99765250,118,PEPSI COLA CMPNY IMPRTD-IMPRTD,MOUNTAIN DEW,MOUNTAIN DEW \1000ML\PBT\CARBONATED ,80,1000ML,PBT,,1718973248038-pepsi cola cmpny imprtd-imprtd-mountain dew#3.png,RECODING,5,6,20125712,68.63716,118,PEPSI COLA CMPNY IMPRTD-IMPRTD,MOUNTAIN DEW,MOUNTAIN DEW,PET 400 ML,PET,400.000 ML,LEMON,,400.0,ML,50.0
36,25/06/2024,202406,2,231731310207,23173020011,1718973248038,99765250,118,PEPSI COLA CMPNY IMPRTD-IMPRTD,MOUNTAIN DEW,MOUNTAIN DEW \1000ML\PBT\CARBONATED ,80,1000ML,PBT,,1718973248038-pepsi cola cmpny imprtd-imprtd-mountain dew#3.png,RECODING,5,7,99763704,69.45375,118,PEPSI COLA CMPNY IMPRTD-IMPRTD,MOUNTAIN DEW,MOUNTAIN DEW,PET 250 ML,PET,250.000 ML,LEMON,,250.0,ML,32.0
36,25/06/2024,202406,2,231731310207,23173020011,1718973248038,99765250,118,PEPSI COLA CMPNY IMPRTD-IMPRTD,MOUNTAIN DEW,MOUNTAIN DEW \1000ML\PBT\CARBONATED ,80,1000ML,PBT,,1718973248038-pepsi cola cmpny imprtd-imprtd-mountain dew#3.png,RECODING,5,8,48442,69.723236,118,PEPSI COLA CMPNY IMPRTD-IMPRTD,MOUNTAIN DEW,MOUNTAIN DEW,PET 300 ML,PET,300.000 ML,LEMON,,300.0,ML,0.0
36,25/06/2024,202406,2,231731310207,23173020011,1718973248038,99765250,118,PEPSI COLA CMPNY IMPRTD-IMPRTD,MOUNTAIN DEW,MOUNTAIN DEW \1000ML\PBT\CARBONATED ,80,1000ML,PBT,,1718973248038-pepsi cola cmpny imprtd-imprtd-mountain dew#3.png,RECODING,5,9,20121457,70.33093,118,PEPSI COLA CMPNY IMPRTD-IMPRTD,MOUNTAIN DEW,MOUNTAIN DEW,CAN 250 ML,CAN,250.000 ML,LEMON,,250.0,ML,0.0
36,25/06/2024,202406,2,231731310207,23173020011,1718973248038,99765250,118,PEPSI COLA CMPNY IMPRTD-IMPRTD,MOUNTAIN DEW,MOUNTAIN DEW \1000ML\PBT\CARBONATED ,80,1000ML,PBT,,1718973248038-pepsi cola cmpny imprtd-imprtd-mountain dew#3.png,RECODING,5,10,20121395,70.44325,118,PEPSI COLA CMPNY IMPRTD-IMPRTD,MOUNTAIN DEW,MOUNTAIN DEW,CAN 300 ML,CAN,300.000 ML,LEMON,,300.0,ML,0.0
37,26/06/2024,202406,2,130456310204,13045020026,1719364004125,99765254,134,LIFE FOOD & BEVERAGE-NEPAL,ARNA,ARNA ENERGY DRINK CAN 250 ML. RS.99.00,99,250 ML.,CAN,,1719364004125-life food - beverage-nepal-arna#3.png,RECODING,5,1,99765254,49.961792,118,LIFE FOOD & BEVERAGE-NEPAL,ARNA,ARNA,CAN 250 ML,CAN,250.000 ML,,,250.0,ML,99.0
37,26/06/2024,202406,2,130456310204,13045020026,1719364004125,99765254,134,LIFE FOOD & BEVERAGE-NEPAL,ARNA,ARNA ENERGY DRINK CAN 250 ML. RS.99.00,99,250 ML.,CAN,,1719364004125-life food - beverage-nepal-arna#3.png,RECODING,5,2,99765477,61.567295,118,LIFE FOOD & BEVERAGE-NEPAL,ARNA,ARNA,CAN 330 ML,CAN,330.000 ML,,,330.0,ML,120.0
37,26/06/2024,202406,2,130456310204,13045020026,1719364004125,99765254,134,LIFE FOOD & BEVERAGE-NEPAL,ARNA,ARNA ENERGY DRINK CAN 250 ML. RS.99.00,99,250 ML.,CAN,,1719364004125-life food - beverage-nepal-arna#3.png,RECODING,5,3,99765100,117.265945,118,LIFE FOOD & BEVERAGE-NEPAL,KI BU,KI BU CLASSIC,CLASSIC CAN 250 ML,CAN,250.000 ML,,,250.0,ML,120.0
37,26/06/2024,202406,2,130456310204,13045020026,1719364004125,99765254,134,LIFE FOOD & BEVERAGE-NEPAL,ARNA,ARNA ENERGY DRINK CAN 250 ML. RS.99.00,99,250 ML.,CAN,,1719364004125-life food - beverage-nepal-arna#3.png,RECODING,5,4,99765230,123.87832,118,LIFE FOOD & BEVERAGE-NEPAL,KI BU,KI BU CLASSIC,CLASSIC CAN 330 ML,CAN,330.000 ML,,,330.0,ML,130.0
37,26/06/2024,202406,2,130456310204,13045020026,1719364004125,99765254,134,LIFE FOOD & BEVERAGE-NEPAL,ARNA,ARNA ENERGY DRINK CAN 250 ML. RS.99.00,99,250 ML.,CAN,,1719364004125-life food - beverage-nepal-arna#3.png,RECODING,5,5,99765085,124.10268,118,LIFE FOOD & BEVERAGE-NEPAL,REBOOST,REBOOST,CAN 250 ML,CAN,250.000 ML,,,250.0,ML,120.0
37,26/06/2024,202406,2,130456310204,13045020026,1719364004125,99765254,134,LIFE FOOD & BEVERAGE-NEPAL,ARNA,ARNA ENERGY DRINK CAN 250 ML. RS.99.00,99,250 ML.,CAN,,1719364004125-life food - beverage-nepal-arna#3.png,RECODING,5,6,99765109,124.94172,118,LS WATER & BEVERAGE-NEPAL ,PRAN,PRAN POWER,CAN 250 ML,CAN,250.000 ML,,,250.0,ML,120.0
37,26/06/2024,202406,2,130456310204,13045020026,1719364004125,99765254,134,LIFE FOOD & BEVERAGE-NEPAL,ARNA,ARNA ENERGY DRINK CAN 250 ML. RS.99.00,99,250 ML.,CAN,,1719364004125-life food - beverage-nepal-arna#3.png,RECODING,5,7,99764986,125.846664,118,LIFE FOOD & BEVERAGE-NEPAL,KI BU,KI BU GOLD,GOLD CAN 180 ML,CAN,180.000 ML,,,180.0,ML,80.0
37,26/06/2024,202406,2,130456310204,13045020026,1719364004125,99765254,134,LIFE FOOD & BEVERAGE-NEPAL,ARNA,ARNA ENERGY DRINK CAN 250 ML. RS.99.00,99,250 ML.,CAN,,1719364004125-life food - beverage-nepal-arna#3.png,RECODING,5,8,99764943,128.61044,118,LIFE FOOD & BEVERAGE-NEPAL,KI BU,KI BU COLA,COLA CAN 180 ML,CAN,180.000 ML,COLA,,180.0,ML,80.0
37,26/06/2024,202406,2,130456310204,13045020026,1719364004125,99765254,134,LIFE FOOD & BEVERAGE-NEPAL,ARNA,ARNA ENERGY DRINK CAN 250 ML. RS.99.00,99,250 ML.,CAN,,1719364004125-life food - beverage-nepal-arna#3.png,RECODING,5,9,99764679,131.56085,118,LIFE FOOD & BEVERAGE-NEPAL,KI BU,KI BU,CLASSIC CAN 180 ML,CAN,180.000 ML,,,180.0,ML,80.0
37,26/06/2024,202406,2,130456310204,13045020026,1719364004125,99765254,134,LIFE FOOD & BEVERAGE-NEPAL,ARNA,ARNA ENERGY DRINK CAN 250 ML. RS.99.00,99,250 ML.,CAN,,1719364004125-life food - beverage-nepal-arna#3.png,RECODING,5,10,99764264,132.26419,118,BARA FOOD & BEVERAGES-NEPAL,250 REWIND,250 REWIND,CAN 250 ML,CAN,250.000 ML,,,250.0,ML,120.0
38,26/06/2024,202406,2,117186046,11302020003,1717577240977,99765247,134,KWALITY THAI FOODS PVT LTD-NPL,123 DITTO,123 DITTO-LYCHEE-LITCHI PET 150ML,20,150ML,PET,,,RECODING,5,1,99765247,19.59128,118,KWALITY THAI FOODS PVT LTD-NPL,123,123 DITTO,LITCHI PET 150 ML,PET,150.000 ML,LYCHEE,,150.0,ML,20.0
38,26/06/2024,202406,2,117186046,11302020003,1717577240977,99765247,134,KWALITY THAI FOODS PVT LTD-NPL,123 DITTO,123 DITTO-LYCHEE-LITCHI PET 150ML,20,150ML,PET,,,RECODING,5,2,54829,32.972816,118,KWALITY THAI FOODS PVT LTD-NPL,123,123 DITTO,LYCHEE PET 170 ML,PET,170.000 ML,LYCHEE,,170.0,ML,0.0
38,26/06/2024,202406,2,117186046,11302020003,1717577240977,99765247,134,KWALITY THAI FOODS PVT LTD-NPL,123 DITTO,123 DITTO-LYCHEE-LITCHI PET 150ML,20,150ML,PET,,,RECODING,5,3,99765308,107.79904,118,AGRO THAI FOODS PVT LTD-NEPAL,JUICE JELLY,JUICE JELLY,LITCHI PET 320 ML,PET,320.000 ML,LYCHEE,,320.0,ML,99.0
38,26/06/2024,202406,2,117186046,11302020003,1717577240977,99765247,134,KWALITY THAI FOODS PVT LTD-NPL,123 DITTO,123 DITTO-LYCHEE-LITCHI PET 150ML,20,150ML,PET,,,RECODING,5,4,99765338,128.47244,118,P.K. GENERAL DRINK LP.-THAILAND,BONKO,BONKO LITCHI,LITCHI PET 320 ML,PET,320.000 ML,LYCHEE,,320.0,ML,140.0
38,26/06/2024,202406,2,117186046,11302020003,1717577240977,99765247,134,KWALITY THAI FOODS PVT LTD-NPL,123 DITTO,123 DITTO-LYCHEE-LITCHI PET 150ML,20,150ML,PET,,,RECODING,5,5,99765052,130.42097,118,THAI VICTOR FOOD CO.LTD-THAILAND,JOINER,JOINER,LYCHEE PET 320 ML,PET,320.000 ML,LYCHEE,,320.0,ML,150.0
38,26/06/2024,202406,2,117186046,11302020003,1717577240977,99765247,134,KWALITY THAI FOODS PVT LTD-NPL,123 DITTO,123 DITTO-LYCHEE-LITCHI PET 150ML,20,150ML,PET,,,RECODING,5,6,20125048,130.80817,118,FOOD STAR COMPANY LTD-THAILAND,FOOD STAR,FOOD STAR DEEDO,LYCHEE PET 150 ML,PET,150.000 ML,LYCHEE,,150.0,ML,0.0
38,26/06/2024,202406,2,117186046,11302020003,1717577240977,99765247,134,KWALITY THAI FOODS PVT LTD-NPL,123 DITTO,123 DITTO-LYCHEE-LITCHI PET 150ML,20,150ML,PET,,,RECODING,5,7,20110547,136.50235,118,PJ NATURAL FOOD - MALASIYA,NATURAL,NATURAL,LITCHI PET 500 ML,PET,500.000 ML,LYCHEE,,500.0,ML,0.0
38,26/06/2024,202406,2,117186046,11302020003,1717577240977,99765247,134,KWALITY THAI FOODS PVT LTD-NPL,123 DITTO,123 DITTO-LYCHEE-LITCHI PET 150ML,20,150ML,PET,,,RECODING,5,8,20110551,136.68015,118,PJ NATURAL FOOD - MALASIYA,NATURAL,NATURAL,LITCHI PET 1000 ML,PET,1000.000 ML,LYCHEE,,1000.0,ML,0.0
38,26/06/2024,202406,2,117186046,11302020003,1717577240977,99765247,134,KWALITY THAI FOODS PVT LTD-NPL,123 DITTO,123 DITTO-LYCHEE-LITCHI PET 150ML,20,150ML,PET,,,RECODING,5,9,20123717,136.88467,118,PJ NATURAL FOOD - MALASIYA,NATURAL,NATURAL,LITCHI PET 2000 ML,PET,2000.000 ML,LYCHEE,,2000.0,ML,0.0
38,26/06/2024,202406,2,117186046,11302020003,1717577240977,99765247,134,KWALITY THAI FOODS PVT LTD-NPL,123 DITTO,123 DITTO-LYCHEE-LITCHI PET 150ML,20,150ML,PET,,,RECODING,5,10,99765377,138.72227,118,ALMIGHTY BEVERAGE PVT LTD-NEPAL,ALMIGHTY,ALMIGHTY LITCHI,LITCHI PET 125 ML,PET,125.000 ML,LYCHEE,,125.0,ML,20.0
39,26/06/2024,202406,2,132920729,31303020012,1719302855337,99765255,134,JAGDAMBA FOODS PVT LTD-NEPAL,CHABAA BOOST,CHABAA BOOST-LYCHEE PET 250ML,50,250ML,PBT,,1719302855337-jagdamba foods pvt ltd-nepal-chabaa boost#3.png,RECODING,5,1,99765255,27.522995,118,JAGDAMBA FOODS PVT LTD-NEPAL,CHABAA BOOST,CHABAA BOOST,LYCHEE PET 250 ML,PET,250.000 ML,LYCHEE,,250.0,ML,50.0
39,26/06/2024,202406,2,132920729,31303020012,1719302855337,99765255,134,JAGDAMBA FOODS PVT LTD-NEPAL,CHABAA BOOST,CHABAA BOOST-LYCHEE PET 250ML,50,250ML,PBT,,1719302855337-jagdamba foods pvt ltd-nepal-chabaa boost#3.png,RECODING,5,2,99765220,34.203354,118,JAGDAMBA FOODS PVT LTD-NEPAL,CHABAA BOOST,CHABAA BOOST,LYCHEE PET 1000 ML,PET,1000.000 ML,LYCHEE,,1000.0,ML,170.0
39,26/06/2024,202406,2,132920729,31303020012,1719302855337,99765255,134,JAGDAMBA FOODS PVT LTD-NEPAL,CHABAA BOOST,CHABAA BOOST-LYCHEE PET 250ML,50,250ML,PBT,,1719302855337-jagdamba foods pvt ltd-nepal-chabaa boost#3.png,RECODING,5,3,99765227,64.880646,118,JAGDAMBA FOODS PVT LTD-NEPAL,CHABAA BOOST,CHABAA BOOST,MIXED FRUIT PET 250 ML,PET,250.000 ML,MIXED FRUIT,,250.0,ML,50.0
39,26/06/2024,202406,2,132920729,31303020012,1719302855337,99765255,134,JAGDAMBA FOODS PVT LTD-NEPAL,CHABAA BOOST,CHABAA BOOST-LYCHEE PET 250ML,50,250ML,PBT,,1719302855337-jagdamba foods pvt ltd-nepal-chabaa boost#3.png,RECODING,5,4,99765272,67.890305,118,JAGDAMBA FOODS PVT LTD-NEPAL,CHABAA BOOST,CHABAA BOOST,POMEGRANATE PET 250 ML,PET,250.000 ML,POMEGRANATE,,250.0,ML,50.0
39,26/06/2024,202406,2,132920729,31303020012,1719302855337,99765255,134,JAGDAMBA FOODS PVT LTD-NEPAL,CHABAA BOOST,CHABAA BOOST-LYCHEE PET 250ML,50,250ML,PBT,,1719302855337-jagdamba foods pvt ltd-nepal-chabaa boost#3.png,RECODING,5,5,99765219,67.99025,118,JAGDAMBA FOODS PVT LTD-NEPAL,CHABAA BOOST,CHABAA BOOST,MANGO PET 250 ML,PET,250.000 ML,MANGO,,250.0,ML,50.0
39,26/06/2024,202406,2,132920729,31303020012,1719302855337,99765255,134,JAGDAMBA FOODS PVT LTD-NEPAL,CHABAA BOOST,CHABAA BOOST-LYCHEE PET 250ML,50,250ML,PBT,,1719302855337-jagdamba foods pvt ltd-nepal-chabaa boost#3.png,RECODING,5,6,99765270,70.38426,118,JAGDAMBA FOODS PVT LTD-NEPAL,CHABAA BOOST,CHABAA BOOST,MIXED FRUIT PET 500 ML,PET,500.000 ML,MIXED FRUIT,,500.0,ML,90.0
39,26/06/2024,202406,2,132920729,31303020012,1719302855337,99765255,134,JAGDAMBA FOODS PVT LTD-NEPAL,CHABAA BOOST,CHABAA BOOST-LYCHEE PET 250ML,50,250ML,PBT,,1719302855337-jagdamba foods pvt ltd-nepal-chabaa boost#3.png,RECODING,5,7,99765221,72.48984,118,JAGDAMBA FOODS PVT LTD-NEPAL,CHABAA BOOST,CHABAA BOOST,MIXED FRUIT PET 1000 ML,PET,1000.000 ML,MIXED FRUIT,,1000.0,ML,170.0
39,26/06/2024,202406,2,132920729,31303020012,1719302855337,99765255,134,JAGDAMBA FOODS PVT LTD-NEPAL,CHABAA BOOST,CHABAA BOOST-LYCHEE PET 250ML,50,250ML,PBT,,1719302855337-jagdamba foods pvt ltd-nepal-chabaa boost#3.png,RECODING,5,8,99765260,73.35297,118,JAGDAMBA FOODS PVT LTD-NEPAL,CHABAA BOOST,CHABAA BOOST,MANGO PET 500 ML,PET,500.000 ML,MANGO,,500.0,ML,90.0
39,26/06/2024,202406,2,132920729,31303020012,1719302855337,99765255,134,JAGDAMBA FOODS PVT LTD-NEPAL,CHABAA BOOST,CHABAA BOOST-LYCHEE PET 250ML,50,250ML,PBT,,1719302855337-jagdamba foods pvt ltd-nepal-chabaa boost#3.png,RECODING,5,9,99765218,74.24115,118,JAGDAMBA FOODS PVT LTD-NEPAL,CHABAA BOOST,CHABAA BOOST,PINK GUAVA PET 250 ML,PET,250.000 ML,GUAVA,,250.0,ML,50.0
39,26/06/2024,202406,2,132920729,31303020012,1719302855337,99765255,134,JAGDAMBA FOODS PVT LTD-NEPAL,CHABAA BOOST,CHABAA BOOST-LYCHEE PET 250ML,50,250ML,PBT,,1719302855337-jagdamba foods pvt ltd-nepal-chabaa boost#3.png,RECODING,5,10,99765271,74.7807,118,JAGDAMBA FOODS PVT LTD-NEPAL,CHABAA BOOST,CHABAA BOOST,POMEGRANATE PET 1000 ML,PET,1000.000 ML,POMEGRANATE,,1000.0,ML,170.0
40,26/06/2024,202406,2,132704136,31303020018,1719308783276,99765258,134,J.B.S. INDUSTRIES PVT LTD-NEPAL ,SAGARMATHA,SAGARMATHA POMEGRANATE CAN 240ML,100,240ML,CAN,,1719308783276-j-b-s- industries pvt ltd-nepal -sagarmatha#3.png,RECODING,5,1,99765258,26.020416,118,J.B.S. INDUSTRIES PVT. LTD.- NEPAL,SAGARMATHA,SAGARMATHA,POMEGRANATE CAN 240 ML,CAN,240.000 ML,POMEGRANATE,,240.0,ML,100.0
40,26/06/2024,202406,2,132704136,31303020018,1719308783276,99765258,134,J.B.S. INDUSTRIES PVT LTD-NEPAL ,SAGARMATHA,SAGARMATHA POMEGRANATE CAN 240ML,100,240ML,CAN,,1719308783276-j-b-s- industries pvt ltd-nepal -sagarmatha#3.png,RECODING,5,2,20123820,76.53899,118,RIJAL TASHI IND. PVT LTD-NEPAL,DRUK,DRUK,POMEGRANATE CAN 240 ML,CAN,240.000 ML,POMEGRANATE,,240.0,ML,0.0
40,26/06/2024,202406,2,132704136,31303020018,1719308783276,99765258,134,J.B.S. INDUSTRIES PVT LTD-NEPAL ,SAGARMATHA,SAGARMATHA POMEGRANATE CAN 240ML,100,240ML,CAN,,1719308783276-j-b-s- industries pvt ltd-nepal -sagarmatha#3.png,RECODING,5,3,20125990,110.65001,118,RNL SAMMI CO LTD-KOREA,SAMMI,SAMMI,POMEGRANATE CAN 240 ML,CAN,240.000 ML,POMEGRANATE,,240.0,ML,0.0
40,26/06/2024,202406,2,132704136,31303020018,1719308783276,99765258,134,J.B.S. INDUSTRIES PVT LTD-NEPAL ,SAGARMATHA,SAGARMATHA POMEGRANATE CAN 240ML,100,240ML,CAN,,1719308783276-j-b-s- industries pvt ltd-nepal -sagarmatha#3.png,RECODING,5,4,99765257,113.25747,118,J.B.S. INDUSTRIES PVT. LTD.- NEPAL,SAGARMATHA,SAGARMATHA,MIXED FRUIT CAN 240 ML,CAN,240.000 ML,MIXED FRUIT,,240.0,ML,90.0
40,26/06/2024,202406,2,132704136,31303020018,1719308783276,99765258,134,J.B.S. INDUSTRIES PVT LTD-NEPAL ,SAGARMATHA,SAGARMATHA POMEGRANATE CAN 240ML,100,240ML,CAN,,1719308783276-j-b-s- industries pvt ltd-nepal -sagarmatha#3.png,RECODING,5,5,20123597,119.56079,118,J B'S INDUSTRIES - NEPAL,SAGARMATHA,SAGARMATHA,MIXED FRUIT CAN 240 ML,CAN,240.000 ML,MIXED FRUIT,,240.0,ML,0.0
40,26/06/2024,202406,2,132704136,31303020018,1719308783276,99765258,134,J.B.S. INDUSTRIES PVT LTD-NEPAL ,SAGARMATHA,SAGARMATHA POMEGRANATE CAN 240ML,100,240ML,CAN,,1719308783276-j-b-s- industries pvt ltd-nepal -sagarmatha#3.png,RECODING,5,6,20110745,120.307655,118,CHABAA CO. LTD - THAILAND,CHABAA,CHABAA,POMEGRANATE CAN 240 ML,CAN,240.000 ML,POMEGRANATE,,240.0,ML,0.0
40,26/06/2024,202406,2,132704136,31303020018,1719308783276,99765258,134,J.B.S. INDUSTRIES PVT LTD-NEPAL ,SAGARMATHA,SAGARMATHA POMEGRANATE CAN 240ML,100,240ML,CAN,,1719308783276-j-b-s- industries pvt ltd-nepal -sagarmatha#3.png,RECODING,5,7,50806,122.32518,118,THE AGRI. MKT. - BNGLADESH,PRAN,PRAN,POMEGRANATE CAN 250 ML,CAN,250.000 ML,POMEGRANATE,,250.0,ML,0.0
40,26/06/2024,202406,2,132704136,31303020018,1719308783276,99765258,134,J.B.S. INDUSTRIES PVT LTD-NEPAL ,SAGARMATHA,SAGARMATHA POMEGRANATE CAN 240ML,100,240ML,CAN,,1719308783276-j-b-s- industries pvt ltd-nepal -sagarmatha#3.png,RECODING,5,8,54830,122.81926,118,CHABAA CO. LTD - THAILAND,MEELA,MEELA,POMEGRANATE CAN 170 ML,CAN,170.000 ML,POMEGRANATE,,170.0,ML,0.0
40,26/06/2024,202406,2,132704136,31303020018,1719308783276,99765258,134,J.B.S. INDUSTRIES PVT LTD-NEPAL ,SAGARMATHA,SAGARMATHA POMEGRANATE CAN 240ML,100,240ML,CAN,,1719308783276-j-b-s- industries pvt ltd-nepal -sagarmatha#3.png,RECODING,5,9,20110416,123.683334,118,J B'S INDUSTRIES - NEPAL,SAGARMATHA,SAGARMATHA,MIXED FRUIT CAN 250 ML,CAN,250.000 ML,MIXED FRUIT,,250.0,ML,0.0
40,26/06/2024,202406,2,132704136,31303020018,1719308783276,99765258,134,J.B.S. INDUSTRIES PVT LTD-NEPAL ,SAGARMATHA,SAGARMATHA POMEGRANATE CAN 240ML,100,240ML,CAN,,1719308783276-j-b-s- industries pvt ltd-nepal -sagarmatha#3.png,RECODING,5,10,20110594,124.02642,118,CHABAA CO. LTD - THAILAND,CHABAA,CHABAA,POMEGRANATE CAN 230 ML,CAN,230.000 ML,POMEGRANATE,,230.0,ML,0.0
41,26/06/2024,202406,2,132704136,31303020018,1719308860333,99765257,134,J.B.S. INDUSTRIES PVT LTD-NEPAL ,SAGARMATHA,SAGARMATHA MIXED FRUITS CAN 240 ML,90,240ML,CAN,,1719308860333-j-b-s- industries pvt ltd-nepal -sagarmatha#3.png,RECODING,5,1,99765257,27.250875,118,J.B.S. INDUSTRIES PVT. LTD.- NEPAL,SAGARMATHA,SAGARMATHA,MIXED FRUIT CAN 240 ML,CAN,240.000 ML,MIXED FRUIT,,240.0,ML,90.0
41,26/06/2024,202406,2,132704136,31303020018,1719308860333,99765257,134,J.B.S. INDUSTRIES PVT LTD-NEPAL ,SAGARMATHA,SAGARMATHA MIXED FRUITS CAN 240 ML,90,240ML,CAN,,1719308860333-j-b-s- industries pvt ltd-nepal -sagarmatha#3.png,RECODING,5,2,20123597,40.526024,118,J B'S INDUSTRIES - NEPAL,SAGARMATHA,SAGARMATHA,MIXED FRUIT CAN 240 ML,CAN,240.000 ML,MIXED FRUIT,,240.0,ML,0.0
41,26/06/2024,202406,2,132704136,31303020018,1719308860333,99765257,134,J.B.S. INDUSTRIES PVT LTD-NEPAL ,SAGARMATHA,SAGARMATHA MIXED FRUITS CAN 240 ML,90,240ML,CAN,,1719308860333-j-b-s- industries pvt ltd-nepal -sagarmatha#3.png,RECODING,5,3,20110416,46.485687,118,J B'S INDUSTRIES - NEPAL,SAGARMATHA,SAGARMATHA,MIXED FRUIT CAN 250 ML,CAN,250.000 ML,MIXED FRUIT,,250.0,ML,0.0
41,26/06/2024,202406,2,132704136,31303020018,1719308860333,99765257,134,J.B.S. INDUSTRIES PVT LTD-NEPAL ,SAGARMATHA,SAGARMATHA MIXED FRUITS CAN 240 ML,90,240ML,CAN,,1719308860333-j-b-s- industries pvt ltd-nepal -sagarmatha#3.png,RECODING,5,4,20110461,82.79523,118,J B'S INDUSTRIES - NEPAL,SAGARMATHA,SAGARMATHA,MANGO FRUIT CAN 240 ML,CAN,240.000 ML,MANGO,,240.0,ML,0.0
41,26/06/2024,202406,2,132704136,31303020018,1719308860333,99765257,134,J.B.S. INDUSTRIES PVT LTD-NEPAL ,SAGARMATHA,SAGARMATHA MIXED FRUITS CAN 240 ML,90,240ML,CAN,,1719308860333-j-b-s- industries pvt ltd-nepal -sagarmatha#3.png,RECODING,5,5,99765256,92.55881,118,J.B.S. INDUSTRIES PVT. LTD.- NEPAL,SAGARMATHA,SAGARMATHA,PINEAPPLE CAN 240 ML,CAN,240.000 ML,PINEAPPLE,,240.0,ML,90.0
41,26/06/2024,202406,2,132704136,31303020018,1719308860333,99765257,134,J.B.S. INDUSTRIES PVT LTD-NEPAL ,SAGARMATHA,SAGARMATHA MIXED FRUITS CAN 240 ML,90,240ML,CAN,,1719308860333-j-b-s- industries pvt ltd-nepal -sagarmatha#3.png,RECODING,5,6,53565,99.66996,118,J B'S INDUSTRIES - NEPAL,SAGARMATHA,SAGARMATHA,ORANGE CAN 240 ML,CAN,240.000 ML,ORANGE,,240.0,ML,0.0
41,26/06/2024,202406,2,132704136,31303020018,1719308860333,99765257,134,J.B.S. INDUSTRIES PVT LTD-NEPAL ,SAGARMATHA,SAGARMATHA MIXED FRUITS CAN 240 ML,90,240ML,CAN,,1719308860333-j-b-s- industries pvt ltd-nepal -sagarmatha#3.png,RECODING,5,7,20110505,100.81353,118,RIJAL TASHI IND. PVT LTD-NEPAL,DRUK,DRUK,MIXED FRUIT CAN 240 ML,CAN,240.000 ML,MIXED FRUIT,,240.0,ML,0.0
41,26/06/2024,202406,2,132704136,31303020018,1719308860333,99765257,134,J.B.S. INDUSTRIES PVT LTD-NEPAL ,SAGARMATHA,SAGARMATHA MIXED FRUITS CAN 240 ML,90,240ML,CAN,,1719308860333-j-b-s- industries pvt ltd-nepal -sagarmatha#3.png,RECODING,5,8,99765258,100.82588,118,J.B.S. INDUSTRIES PVT. LTD.- NEPAL,SAGARMATHA,SAGARMATHA,POMEGRANATE CAN 240 ML,CAN,240.000 ML,POMEGRANATE,,240.0,ML,100.0
41,26/06/2024,202406,2,132704136,31303020018,1719308860333,99765257,134,J.B.S. INDUSTRIES PVT LTD-NEPAL ,SAGARMATHA,SAGARMATHA MIXED FRUITS CAN 240 ML,90,240ML,CAN,,1719308860333-j-b-s- industries pvt ltd-nepal -sagarmatha#3.png,RECODING,5,9,20120642,101.85545,118,J B'S INDUSTRIES - NEPAL,SAGARMATHA,SAGARMATHA,PINEAPPLE CAN 240 ML,CAN,240.000 ML,PINEAPPLE,,240.0,ML,0.0
41,26/06/2024,202406,2,132704136,31303020018,1719308860333,99765257,134,J.B.S. INDUSTRIES PVT LTD-NEPAL ,SAGARMATHA,SAGARMATHA MIXED FRUITS CAN 240 ML,90,240ML,CAN,,1719308860333-j-b-s- industries pvt ltd-nepal -sagarmatha#3.png,RECODING,5,10,20110415,106.26358,118,J B'S INDUSTRIES - NEPAL,SAGARMATHA,SAGARMATHA,ORANGE CAN 250 ML,CAN,250.000 ML,ORANGE,,250.0,ML,0.0
42,26/06/2024,202406,2,132704136,31303020018,1719308710909,99765256,134,J.B.S. INDUSTRIES PVT LTD-NEPAL ,SAGARMATHA,SAGARMATHA PINEAPPLE CAN 240ML,90,240ML,CAN,,1719308710909-j-b-s- industries pvt ltd-nepal -sagarmatha#3.png,RECODING,5,1,99765256,31.288136,118,J.B.S. INDUSTRIES PVT. LTD.- NEPAL,SAGARMATHA,SAGARMATHA,PINEAPPLE CAN 240 ML,CAN,240.000 ML,PINEAPPLE,,240.0,ML,90.0
42,26/06/2024,202406,2,132704136,31303020018,1719308710909,99765256,134,J.B.S. INDUSTRIES PVT LTD-NEPAL ,SAGARMATHA,SAGARMATHA PINEAPPLE CAN 240ML,90,240ML,CAN,,1719308710909-j-b-s- industries pvt ltd-nepal -sagarmatha#3.png,RECODING,5,2,20120642,46.47834,118,J B'S INDUSTRIES - NEPAL,SAGARMATHA,SAGARMATHA,PINEAPPLE CAN 240 ML,CAN,240.000 ML,PINEAPPLE,,240.0,ML,0.0
42,26/06/2024,202406,2,132704136,31303020018,1719308710909,99765256,134,J.B.S. INDUSTRIES PVT LTD-NEPAL ,SAGARMATHA,SAGARMATHA PINEAPPLE CAN 240ML,90,240ML,CAN,,1719308710909-j-b-s- industries pvt ltd-nepal -sagarmatha#3.png,RECODING,5,3,20110446,93.08624,118,RIJAL TASHI IND. PVT LTD-NEPAL,DRUK,DRUK,PINEAPPLE CAN 240 ML,CAN,240.000 ML,PINEAPPLE,,240.0,ML,0.0
42,26/06/2024,202406,2,132704136,31303020018,1719308710909,99765256,134,J.B.S. INDUSTRIES PVT LTD-NEPAL ,SAGARMATHA,SAGARMATHA PINEAPPLE CAN 240ML,90,240ML,CAN,,1719308710909-j-b-s- industries pvt ltd-nepal -sagarmatha#3.png,RECODING,5,4,99765257,105.689285,118,J.B.S. INDUSTRIES PVT. LTD.- NEPAL,SAGARMATHA,SAGARMATHA,MIXED FRUIT CAN 240 ML,CAN,240.000 ML,MIXED FRUIT,,240.0,ML,90.0
42,26/06/2024,202406,2,132704136,31303020018,1719308710909,99765256,134,J.B.S. INDUSTRIES PVT LTD-NEPAL ,SAGARMATHA,SAGARMATHA PINEAPPLE CAN 240ML,90,240ML,CAN,,1719308710909-j-b-s- industries pvt ltd-nepal -sagarmatha#3.png,RECODING,5,5,99764962,108.579926,118,SINGAPORE BEVERAGE-NEPAL,NATURALS,NATURALS,PINEAPPLE CAN 250 ML,CAN,250.000 ML,PINEAPPLE,,250.0,ML,100.0
42,26/06/2024,202406,2,132704136,31303020018,1719308710909,99765256,134,J.B.S. INDUSTRIES PVT LTD-NEPAL ,SAGARMATHA,SAGARMATHA PINEAPPLE CAN 240ML,90,240ML,CAN,,1719308710909-j-b-s- industries pvt ltd-nepal -sagarmatha#3.png,RECODING,5,6,20121120,110.053925,118,ALLAHBAD CANNING CO.-INDIA,MORTON,MORTON,PINEAPPLE CAN 250 ML,CAN,250.000 ML,PINEAPPLE,,250.0,ML,0.0
42,26/06/2024,202406,2,132704136,31303020018,1719308710909,99765256,134,J.B.S. INDUSTRIES PVT LTD-NEPAL ,SAGARMATHA,SAGARMATHA PINEAPPLE CAN 240ML,90,240ML,CAN,,1719308710909-j-b-s- industries pvt ltd-nepal -sagarmatha#3.png,RECODING,5,7,20120457,123.79183,118,INTER DRINKS CO. LTD.-THAILAND,C LIGHT,C LIGHT,PINEAPPLE CAN 240 ML,CAN,240.000 ML,PINEAPPLE,,240.0,ML,0.0
42,26/06/2024,202406,2,132704136,31303020018,1719308710909,99765256,134,J.B.S. INDUSTRIES PVT LTD-NEPAL ,SAGARMATHA,SAGARMATHA PINEAPPLE CAN 240ML,90,240ML,CAN,,1719308710909-j-b-s- industries pvt ltd-nepal -sagarmatha#3.png,RECODING,5,8,20123597,124.22196,118,J B'S INDUSTRIES - NEPAL,SAGARMATHA,SAGARMATHA,MIXED FRUIT CAN 240 ML,CAN,240.000 ML,MIXED FRUIT,,240.0,ML,0.0
42,26/06/2024,202406,2,132704136,31303020018,1719308710909,99765256,134,J.B.S. INDUSTRIES PVT LTD-NEPAL ,SAGARMATHA,SAGARMATHA PINEAPPLE CAN 240ML,90,240ML,CAN,,1719308710909-j-b-s- industries pvt ltd-nepal -sagarmatha#3.png,RECODING,5,9,20125892,124.657974,118,RNL SAMMI CO LTD-KOREA,SAMMI,SAMMI,PINEAPPLE CAN 240 ML,CAN,240.000 ML,PINEAPPLE,,240.0,ML,0.0
42,26/06/2024,202406,2,132704136,31303020018,1719308710909,99765256,134,J.B.S. INDUSTRIES PVT LTD-NEPAL ,SAGARMATHA,SAGARMATHA PINEAPPLE CAN 240ML,90,240ML,CAN,,1719308710909-j-b-s- industries pvt ltd-nepal -sagarmatha#3.png,RECODING,5,10,20110416,127.294846,118,J B'S INDUSTRIES - NEPAL,SAGARMATHA,SAGARMATHA,MIXED FRUIT CAN 250 ML,CAN,250.000 ML,MIXED FRUIT,,250.0,ML,0.0
43,27/06/2024,202406,2,335095710272,33509020011,1718035945718,99765241,134,RB COOLING WATER-NEPAL,AQUA SAINAMAINA,AQUA SAINAMAINA PROCESSED DRINKING WATER/PBT/1000ML/25/RB COOLING WATER-NEPAL,25,1000ML,PBT,,,RECODING,5,1,99765241,59.326515,118,RB COOLING WATER-NEPAL,SAINAMAINA AQUA,SAINAMAINA AQUA,PET 1000 ML,PET,1000.000 ML,,,1000.0,ML,25.0
43,27/06/2024,202406,2,335095710272,33509020011,1718035945718,99765241,134,RB COOLING WATER-NEPAL,AQUA SAINAMAINA,AQUA SAINAMAINA PROCESSED DRINKING WATER/PBT/1000ML/25/RB COOLING WATER-NEPAL,25,1000ML,PBT,,,RECODING,5,2,40110494,135.49945,118,R.S PURE DRINKING WATER-NEPAL,AQUA SPECIAL,AQUA SPECIAL,PET 1000 ML,PET,1000.000 ML,,,1000.0,ML,0.0
43,27/06/2024,202406,2,335095710272,33509020011,1718035945718,99765241,134,RB COOLING WATER-NEPAL,AQUA SAINAMAINA,AQUA SAINAMAINA PROCESSED DRINKING WATER/PBT/1000ML/25/RB COOLING WATER-NEPAL,25,1000ML,PBT,,,RECODING,5,3,99765171,139.37155,118,R.R. DRINKING WATER-NEPAL,R.R.,R.R.,PET 1000 ML,PET,1000.000 ML,,,1000.0,ML,30.0
43,27/06/2024,202406,2,335095710272,33509020011,1718035945718,99765241,134,RB COOLING WATER-NEPAL,AQUA SAINAMAINA,AQUA SAINAMAINA PROCESSED DRINKING WATER/PBT/1000ML/25/RB COOLING WATER-NEPAL,25,1000ML,PBT,,,RECODING,5,4,46937,144.49713,118,NEW QUALITY COLD WATER-NEPAL,AQUA SAURAV,AQUA SAURAV,PET 1000 ML,PET,1000.000 ML,,,1000.0,ML,0.0
43,27/06/2024,202406,2,335095710272,33509020011,1718035945718,99765241,134,RB COOLING WATER-NEPAL,AQUA SAINAMAINA,AQUA SAINAMAINA PROCESSED DRINKING WATER/PBT/1000ML/25/RB COOLING WATER-NEPAL,25,1000ML,PBT,,,RECODING,5,5,40120568,149.90997,118,SNB MINERAL WATER - NEPAL,AQUA KEMPBELL'S,AQUA KEMPBELL'S,PET 1000 ML,PET,1000.000 ML,,,1000.0,ML,0.0
43,27/06/2024,202406,2,335095710272,33509020011,1718035945718,99765241,134,RB COOLING WATER-NEPAL,AQUA SAINAMAINA,AQUA SAINAMAINA PROCESSED DRINKING WATER/PBT/1000ML/25/RB COOLING WATER-NEPAL,25,1000ML,PBT,,,RECODING,5,6,99764546,150.31555,118,BHADRAKALI DRINKING WATER-NEPAL,KUBER JAL,KUBER JAL,PET 1000 ML,PET,1000.000 ML,,,1000.0,ML,25.0
43,27/06/2024,202406,2,335095710272,33509020011,1718035945718,99765241,134,RB COOLING WATER-NEPAL,AQUA SAINAMAINA,AQUA SAINAMAINA PROCESSED DRINKING WATER/PBT/1000ML/25/RB COOLING WATER-NEPAL,25,1000ML,PBT,,,RECODING,5,7,53710,151.21548,118,ANNAPURNA MINERAL WATER-NEPAL,AQUA REFRESH,AQUA REFRESH,PET 1000 ML,PET,1000.000 ML,,,1000.0,ML,0.0
43,27/06/2024,202406,2,335095710272,33509020011,1718035945718,99765241,134,RB COOLING WATER-NEPAL,AQUA SAINAMAINA,AQUA SAINAMAINA PROCESSED DRINKING WATER/PBT/1000ML/25/RB COOLING WATER-NEPAL,25,1000ML,PBT,,,RECODING,5,8,99762896,152.75867,118,BHAIRAV DRINKING WATER-NEPAL,AQUA V.D.W,AQUA V.D.W,PET 1000 ML,PET,1000.000 ML,,,1000.0,ML,25.0
43,27/06/2024,202406,2,335095710272,33509020011,1718035945718,99765241,134,RB COOLING WATER-NEPAL,AQUA SAINAMAINA,AQUA SAINAMAINA PROCESSED DRINKING WATER/PBT/1000ML/25/RB COOLING WATER-NEPAL,25,1000ML,PBT,,,RECODING,5,9,40120368,153.63806,118,7 ELEVEN MINERAL WATER-NEPAL,AQUA ELEVENT,AQUA ELEVENT,PET 1000 ML,PET,1000.000 ML,,,1000.0,ML,0.0
43,27/06/2024,202406,2,335095710272,33509020011,1718035945718,99765241,134,RB COOLING WATER-NEPAL,AQUA SAINAMAINA,AQUA SAINAMAINA PROCESSED DRINKING WATER/PBT/1000ML/25/RB COOLING WATER-NEPAL,25,1000ML,PBT,,,RECODING,5,10,40110512,153.68848,118,TARA MINERAL WATER - NEPAL,AQUA MERRY,AQUA MERRY,PET 1000 ML,PET,1000.000 ML,,,1000.0,ML,0.0
44,27/06/2024,202406,2,129544804,21202020012,1719397497208,99765259,118,MANAKAMANA FRUIT & BEVERAGE-NP,CLASS SODA,CLASS SODA\250ML\PBT\CARBONATED ,50,250ML,PBT,,1719397497208-manakamana fruit - beverage-np-class soda#3.png,RECODING,5,1,99765259,38.047188,118,MANAKAMANA FRUIT & BEVERAGE-NP,CLASS SODA,CLASS SODA,PET 250 ML,PET,250.000 ML,SODA,,250.0,ML,50.0
44,27/06/2024,202406,2,129544804,21202020012,1719397497208,99765259,118,MANAKAMANA FRUIT & BEVERAGE-NP,CLASS SODA,CLASS SODA\250ML\PBT\CARBONATED ,50,250ML,PBT,,1719397497208-manakamana fruit - beverage-np-class soda#3.png,RECODING,5,2,52230,73.72104,118,MANAKAMANA FRUIT & BEVERAGE-NP,CLASS COLA,CLASS COLA,ORIGINAL TASTE PET 250 ML,PET,250.000 ML,COLA,,250.0,ML,0.0
44,27/06/2024,202406,2,129544804,21202020012,1719397497208,99765259,118,MANAKAMANA FRUIT & BEVERAGE-NP,CLASS SODA,CLASS SODA\250ML\PBT\CARBONATED ,50,250ML,PBT,,1719397497208-manakamana fruit - beverage-np-class soda#3.png,RECODING,5,3,99765135,78.09181,118,MANAKAMANA FRUIT & BEVERAGE-NP,CLASS COLA,CLASS COLA,PET 1000 ML,PET,1000.000 ML,COLA,,1000.0,ML,120.0
44,27/06/2024,202406,2,129544804,21202020012,1719397497208,99765259,118,MANAKAMANA FRUIT & BEVERAGE-NP,CLASS SODA,CLASS SODA\250ML\PBT\CARBONATED ,50,250ML,PBT,,1719397497208-manakamana fruit - beverage-np-class soda#3.png,RECODING,5,4,52304,80.02243,118,MANAKAMANA FRUIT & BEVERAGE-NP,CLASS COLA,CLASS COLA,ORIGINAL TASTE PET 2250 ML,PET,2250.000 ML,COLA,,2250.0,ML,0.0
44,27/06/2024,202406,2,129544804,21202020012,1719397497208,99765259,118,MANAKAMANA FRUIT & BEVERAGE-NP,CLASS SODA,CLASS SODA\250ML\PBT\CARBONATED ,50,250ML,PBT,,1719397497208-manakamana fruit - beverage-np-class soda#3.png,RECODING,5,5,52155,80.77544,118,MANAKAMANA FRUIT & BEVERAGE-NP,CLASS COLA,CLASS COLA,ORIGINAL TASTE PET 500 ML,PET,500.000 ML,COLA,,500.0,ML,0.0
44,27/06/2024,202406,2,129544804,21202020012,1719397497208,99765259,118,MANAKAMANA FRUIT & BEVERAGE-NP,CLASS SODA,CLASS SODA\250ML\PBT\CARBONATED ,50,250ML,PBT,,1719397497208-manakamana fruit - beverage-np-class soda#3.png,RECODING,5,6,52565,83.55675,118,MANAKAMANA FRUIT & BEVERAGE-NP,CLASS COLA,CLASS COLA,ORIGINAL TASTE PET 1500 ML,PET,1500.000 ML,COLA,,1500.0,ML,0.0
44,27/06/2024,202406,2,129544804,21202020012,1719397497208,99765259,118,MANAKAMANA FRUIT & BEVERAGE-NP,CLASS SODA,CLASS SODA\250ML\PBT\CARBONATED ,50,250ML,PBT,,1719397497208-manakamana fruit - beverage-np-class soda#3.png,RECODING,5,7,99765103,109.78728,118,MANAKAMANA FRUIT & BEVERAGE-NP,PEACH MASTI,PEACH MASTI,PEACH PET 250 ML,PET,250.000 ML,PEACH,,250.0,ML,50.0
44,27/06/2024,202406,2,129544804,21202020012,1719397497208,99765259,118,MANAKAMANA FRUIT & BEVERAGE-NP,CLASS SODA,CLASS SODA\250ML\PBT\CARBONATED ,50,250ML,PBT,,1719397497208-manakamana fruit - beverage-np-class soda#3.png,RECODING,5,8,99765102,112.80059,118,MANAKAMANA FRUIT & BEVERAGE-NP,SHIKANJI MASALA,SHIKANJI MASALA,PET 250 ML,PET,250.000 ML,UNSPECIFIED,,250.0,ML,50.0
44,27/06/2024,202406,2,129544804,21202020012,1719397497208,99765259,118,MANAKAMANA FRUIT & BEVERAGE-NP,CLASS SODA,CLASS SODA\250ML\PBT\CARBONATED ,50,250ML,PBT,,1719397497208-manakamana fruit - beverage-np-class soda#3.png,RECODING,5,9,52571,113.53665,118,MANAKAMANA FRUIT & BEVERAGE-NP,COLD COLA,COLD COLA,ORIGINAL TASTE PET 250 ML,PET,250.000 ML,COLA,,250.0,ML,0.0
44,27/06/2024,202406,2,129544804,21202020012,1719397497208,99765259,118,MANAKAMANA FRUIT & BEVERAGE-NP,CLASS SODA,CLASS SODA\250ML\PBT\CARBONATED ,50,250ML,PBT,,1719397497208-manakamana fruit - beverage-np-class soda#3.png,RECODING,5,10,53266,119.13284,118,MANAKAMANA FRUIT & BEVERAGE-NP,COLD COLA,COLD COLA,ORIGINAL TASTE PET 2250 ML,PET,2250.000 ML,COLA,,2250.0,ML,0.0
45,27/06/2024,202406,2,527373110071,52737020004,1719212210216,99765260,134,JAGDAMBA FOODS PVT LTD-NEPAL,CHABAA BOOST,CHABAA BOOST/MANGO/500ML/PBT,90,500ML ,PBT,,,RECODING,5,1,99765260,51.315018,118,JAGDAMBA FOODS PVT LTD-NEPAL,CHABAA BOOST,CHABAA BOOST,MANGO PET 500 ML,PET,500.000 ML,MANGO,,500.0,ML,90.0
45,27/06/2024,202406,2,527373110071,52737020004,1719212210216,99765260,134,JAGDAMBA FOODS PVT LTD-NEPAL,CHABAA BOOST,CHABAA BOOST/MANGO/500ML/PBT,90,500ML ,PBT,,,RECODING,5,2,99765228,55.823486,118,JAGDAMBA FOODS PVT LTD-NEPAL,CHABAA BOOST,CHABAA BOOST,MANGO PET 1000 ML,PET,1000.000 ML,MANGO,,1000.0,ML,170.0
45,27/06/2024,202406,2,527373110071,52737020004,1719212210216,99765260,134,JAGDAMBA FOODS PVT LTD-NEPAL,CHABAA BOOST,CHABAA BOOST/MANGO/500ML/PBT,90,500ML ,PBT,,,RECODING,5,3,99765219,55.931366,118,JAGDAMBA FOODS PVT LTD-NEPAL,CHABAA BOOST,CHABAA BOOST,MANGO PET 250 ML,PET,250.000 ML,MANGO,,250.0,ML,50.0
45,27/06/2024,202406,2,527373110071,52737020004,1719212210216,99765260,134,JAGDAMBA FOODS PVT LTD-NEPAL,CHABAA BOOST,CHABAA BOOST/MANGO/500ML/PBT,90,500ML ,PBT,,,RECODING,5,4,99765270,71.90231,118,JAGDAMBA FOODS PVT LTD-NEPAL,CHABAA BOOST,CHABAA BOOST,MIXED FRUIT PET 500 ML,PET,500.000 ML,MIXED FRUIT,,500.0,ML,90.0
45,27/06/2024,202406,2,527373110071,52737020004,1719212210216,99765260,134,JAGDAMBA FOODS PVT LTD-NEPAL,CHABAA BOOST,CHABAA BOOST/MANGO/500ML/PBT,90,500ML ,PBT,,,RECODING,5,5,99765221,75.49008,118,JAGDAMBA FOODS PVT LTD-NEPAL,CHABAA BOOST,CHABAA BOOST,MIXED FRUIT PET 1000 ML,PET,1000.000 ML,MIXED FRUIT,,1000.0,ML,170.0
45,27/06/2024,202406,2,527373110071,52737020004,1719212210216,99765260,134,JAGDAMBA FOODS PVT LTD-NEPAL,CHABAA BOOST,CHABAA BOOST/MANGO/500ML/PBT,90,500ML ,PBT,,,RECODING,5,6,99765227,76.50792,118,JAGDAMBA FOODS PVT LTD-NEPAL,CHABAA BOOST,CHABAA BOOST,MIXED FRUIT PET 250 ML,PET,250.000 ML,MIXED FRUIT,,250.0,ML,50.0
45,27/06/2024,202406,2,527373110071,52737020004,1719212210216,99765260,134,JAGDAMBA FOODS PVT LTD-NEPAL,CHABAA BOOST,CHABAA BOOST/MANGO/500ML/PBT,90,500ML ,PBT,,,RECODING,5,7,99765229,83.99637,118,JAGDAMBA FOODS PVT LTD-NEPAL,CHABAA BOOST,CHABAA BOOST,PINK GUAVA PET 500 ML,PET,500.000 ML,GUAVA,,500.0,ML,90.0
45,27/06/2024,202406,2,527373110071,52737020004,1719212210216,99765260,134,JAGDAMBA FOODS PVT LTD-NEPAL,CHABAA BOOST,CHABAA BOOST/MANGO/500ML/PBT,90,500ML ,PBT,,,RECODING,5,8,99765251,87.4676,118,JAGDAMBA FOODS PVT LTD-NEPAL,CHABAA BOOST,CHABAA BOOST,PINK GUAVA PET 1000 ML,PET,1000.000 ML,GUAVA,,1000.0,ML,170.0
45,27/06/2024,202406,2,527373110071,52737020004,1719212210216,99765260,134,JAGDAMBA FOODS PVT LTD-NEPAL,CHABAA BOOST,CHABAA BOOST/MANGO/500ML/PBT,90,500ML ,PBT,,,RECODING,5,9,99765218,89.22633,118,JAGDAMBA FOODS PVT LTD-NEPAL,CHABAA BOOST,CHABAA BOOST,PINK GUAVA PET 250 ML,PET,250.000 ML,GUAVA,,250.0,ML,50.0
45,27/06/2024,202406,2,527373110071,52737020004,1719212210216,99765260,134,JAGDAMBA FOODS PVT LTD-NEPAL,CHABAA BOOST,CHABAA BOOST/MANGO/500ML/PBT,90,500ML ,PBT,,,RECODING,5,10,99765271,89.35214,118,JAGDAMBA FOODS PVT LTD-NEPAL,CHABAA BOOST,CHABAA BOOST,POMEGRANATE PET 1000 ML,PET,1000.000 ML,POMEGRANATE,,1000.0,ML,170.0
46,27/06/2024,202406,2,527374310006,52737020003,1719212210216,99765260,134,JAGDAMBA FOODS PVT LTD-NEPAL,CHABAA BOOST,CHABAA BOOST/MANGO/500ML/PBT,90,500ML ,PBT,,1719212210216-jagdamba foods pvt ltd-nepal-chabaa boost#3.png,RECODING,5,1,99765260,51.315018,118,JAGDAMBA FOODS PVT LTD-NEPAL,CHABAA BOOST,CHABAA BOOST,MANGO PET 500 ML,PET,500.000 ML,MANGO,,500.0,ML,90.0
46,27/06/2024,202406,2,527374310006,52737020003,1719212210216,99765260,134,JAGDAMBA FOODS PVT LTD-NEPAL,CHABAA BOOST,CHABAA BOOST/MANGO/500ML/PBT,90,500ML ,PBT,,1719212210216-jagdamba foods pvt ltd-nepal-chabaa boost#3.png,RECODING,5,2,99765228,55.823486,118,JAGDAMBA FOODS PVT LTD-NEPAL,CHABAA BOOST,CHABAA BOOST,MANGO PET 1000 ML,PET,1000.000 ML,MANGO,,1000.0,ML,170.0
46,27/06/2024,202406,2,527374310006,52737020003,1719212210216,99765260,134,JAGDAMBA FOODS PVT LTD-NEPAL,CHABAA BOOST,CHABAA BOOST/MANGO/500ML/PBT,90,500ML ,PBT,,1719212210216-jagdamba foods pvt ltd-nepal-chabaa boost#3.png,RECODING,5,3,99765219,55.931366,118,JAGDAMBA FOODS PVT LTD-NEPAL,CHABAA BOOST,CHABAA BOOST,MANGO PET 250 ML,PET,250.000 ML,MANGO,,250.0,ML,50.0
46,27/06/2024,202406,2,527374310006,52737020003,1719212210216,99765260,134,JAGDAMBA FOODS PVT LTD-NEPAL,CHABAA BOOST,CHABAA BOOST/MANGO/500ML/PBT,90,500ML ,PBT,,1719212210216-jagdamba foods pvt ltd-nepal-chabaa boost#3.png,RECODING,5,4,99765270,71.90231,118,JAGDAMBA FOODS PVT LTD-NEPAL,CHABAA BOOST,CHABAA BOOST,MIXED FRUIT PET 500 ML,PET,500.000 ML,MIXED FRUIT,,500.0,ML,90.0
46,27/06/2024,202406,2,527374310006,52737020003,1719212210216,99765260,134,JAGDAMBA FOODS PVT LTD-NEPAL,CHABAA BOOST,CHABAA BOOST/MANGO/500ML/PBT,90,500ML ,PBT,,1719212210216-jagdamba foods pvt ltd-nepal-chabaa boost#3.png,RECODING,5,5,99765221,75.49008,118,JAGDAMBA FOODS PVT LTD-NEPAL,CHABAA BOOST,CHABAA BOOST,MIXED FRUIT PET 1000 ML,PET,1000.000 ML,MIXED FRUIT,,1000.0,ML,170.0
46,27/06/2024,202406,2,527374310006,52737020003,1719212210216,99765260,134,JAGDAMBA FOODS PVT LTD-NEPAL,CHABAA BOOST,CHABAA BOOST/MANGO/500ML/PBT,90,500ML ,PBT,,1719212210216-jagdamba foods pvt ltd-nepal-chabaa boost#3.png,RECODING,5,6,99765227,76.50792,118,JAGDAMBA FOODS PVT LTD-NEPAL,CHABAA BOOST,CHABAA BOOST,MIXED FRUIT PET 250 ML,PET,250.000 ML,MIXED FRUIT,,250.0,ML,50.0
46,27/06/2024,202406,2,527374310006,52737020003,1719212210216,99765260,134,JAGDAMBA FOODS PVT LTD-NEPAL,CHABAA BOOST,CHABAA BOOST/MANGO/500ML/PBT,90,500ML ,PBT,,1719212210216-jagdamba foods pvt ltd-nepal-chabaa boost#3.png,RECODING,5,7,99765229,83.99637,118,JAGDAMBA FOODS PVT LTD-NEPAL,CHABAA BOOST,CHABAA BOOST,PINK GUAVA PET 500 ML,PET,500.000 ML,GUAVA,,500.0,ML,90.0
46,27/06/2024,202406,2,527374310006,52737020003,1719212210216,99765260,134,JAGDAMBA FOODS PVT LTD-NEPAL,CHABAA BOOST,CHABAA BOOST/MANGO/500ML/PBT,90,500ML ,PBT,,1719212210216-jagdamba foods pvt ltd-nepal-chabaa boost#3.png,RECODING,5,8,99765251,87.4676,118,JAGDAMBA FOODS PVT LTD-NEPAL,CHABAA BOOST,CHABAA BOOST,PINK GUAVA PET 1000 ML,PET,1000.000 ML,GUAVA,,1000.0,ML,170.0
46,27/06/2024,202406,2,527374310006,52737020003,1719212210216,99765260,134,JAGDAMBA FOODS PVT LTD-NEPAL,CHABAA BOOST,CHABAA BOOST/MANGO/500ML/PBT,90,500ML ,PBT,,1719212210216-jagdamba foods pvt ltd-nepal-chabaa boost#3.png,RECODING,5,9,99765218,89.22633,118,JAGDAMBA FOODS PVT LTD-NEPAL,CHABAA BOOST,CHABAA BOOST,PINK GUAVA PET 250 ML,PET,250.000 ML,GUAVA,,250.0,ML,50.0
46,27/06/2024,202406,2,527374310006,52737020003,1719212210216,99765260,134,JAGDAMBA FOODS PVT LTD-NEPAL,CHABAA BOOST,CHABAA BOOST/MANGO/500ML/PBT,90,500ML ,PBT,,1719212210216-jagdamba foods pvt ltd-nepal-chabaa boost#3.png,RECODING,5,10,99765271,89.35214,118,JAGDAMBA FOODS PVT LTD-NEPAL,CHABAA BOOST,CHABAA BOOST,POMEGRANATE PET 1000 ML,PET,1000.000 ML,POMEGRANATE,,1000.0,ML,170.0
47,01/07/2024,202406,2,335095510069,33509020014,1718035945718,99765241,134,RB COOLING WATER-NEPAL,AQUA SAINAMAINA,AQUA SAINAMAINA PROCESSED DRINKING WATER/PBT/1000ML/25/RB COOLING WATER-NEPAL,25,1000ML,PBT,,,RECODING,5,1,99765241,59.326515,118,RB COOLING WATER-NEPAL,SAINAMAINA AQUA,SAINAMAINA AQUA,PET 1000 ML,PET,1000.000 ML,,,1000.0,ML,25.0
47,01/07/2024,202406,2,335095510069,33509020014,1718035945718,99765241,134,RB COOLING WATER-NEPAL,AQUA SAINAMAINA,AQUA SAINAMAINA PROCESSED DRINKING WATER/PBT/1000ML/25/RB COOLING WATER-NEPAL,25,1000ML,PBT,,,RECODING,5,2,40110494,135.49945,118,R.S PURE DRINKING WATER-NEPAL,AQUA SPECIAL,AQUA SPECIAL,PET 1000 ML,PET,1000.000 ML,,,1000.0,ML,0.0
47,01/07/2024,202406,2,335095510069,33509020014,1718035945718,99765241,134,RB COOLING WATER-NEPAL,AQUA SAINAMAINA,AQUA SAINAMAINA PROCESSED DRINKING WATER/PBT/1000ML/25/RB COOLING WATER-NEPAL,25,1000ML,PBT,,,RECODING,5,3,99765171,139.37155,118,R.R. DRINKING WATER-NEPAL,R.R.,R.R.,PET 1000 ML,PET,1000.000 ML,,,1000.0,ML,30.0
47,01/07/2024,202406,2,335095510069,33509020014,1718035945718,99765241,134,RB COOLING WATER-NEPAL,AQUA SAINAMAINA,AQUA SAINAMAINA PROCESSED DRINKING WATER/PBT/1000ML/25/RB COOLING WATER-NEPAL,25,1000ML,PBT,,,RECODING,5,4,46937,144.49713,118,NEW QUALITY COLD WATER-NEPAL,AQUA SAURAV,AQUA SAURAV,PET 1000 ML,PET,1000.000 ML,,,1000.0,ML,0.0
47,01/07/2024,202406,2,335095510069,33509020014,1718035945718,99765241,134,RB COOLING WATER-NEPAL,AQUA SAINAMAINA,AQUA SAINAMAINA PROCESSED DRINKING WATER/PBT/1000ML/25/RB COOLING WATER-NEPAL,25,1000ML,PBT,,,RECODING,5,5,40120568,149.90997,118,SNB MINERAL WATER - NEPAL,AQUA KEMPBELL'S,AQUA KEMPBELL'S,PET 1000 ML,PET,1000.000 ML,,,1000.0,ML,0.0
47,01/07/2024,202406,2,335095510069,33509020014,1718035945718,99765241,134,RB COOLING WATER-NEPAL,AQUA SAINAMAINA,AQUA SAINAMAINA PROCESSED DRINKING WATER/PBT/1000ML/25/RB COOLING WATER-NEPAL,25,1000ML,PBT,,,RECODING,5,6,99764546,150.31555,118,BHADRAKALI DRINKING WATER-NEPAL,KUBER JAL,KUBER JAL,PET 1000 ML,PET,1000.000 ML,,,1000.0,ML,25.0
47,01/07/2024,202406,2,335095510069,33509020014,1718035945718,99765241,134,RB COOLING WATER-NEPAL,AQUA SAINAMAINA,AQUA SAINAMAINA PROCESSED DRINKING WATER/PBT/1000ML/25/RB COOLING WATER-NEPAL,25,1000ML,PBT,,,RECODING,5,7,53710,151.21548,118,ANNAPURNA MINERAL WATER-NEPAL,AQUA REFRESH,AQUA REFRESH,PET 1000 ML,PET,1000.000 ML,,,1000.0,ML,0.0
47,01/07/2024,202406,2,335095510069,33509020014,1718035945718,99765241,134,RB COOLING WATER-NEPAL,AQUA SAINAMAINA,AQUA SAINAMAINA PROCESSED DRINKING WATER/PBT/1000ML/25/RB COOLING WATER-NEPAL,25,1000ML,PBT,,,RECODING,5,8,99762896,152.75867,118,BHAIRAV DRINKING WATER-NEPAL,AQUA V.D.W,AQUA V.D.W,PET 1000 ML,PET,1000.000 ML,,,1000.0,ML,25.0
47,01/07/2024,202406,2,335095510069,33509020014,1718035945718,99765241,134,RB COOLING WATER-NEPAL,AQUA SAINAMAINA,AQUA SAINAMAINA PROCESSED DRINKING WATER/PBT/1000ML/25/RB COOLING WATER-NEPAL,25,1000ML,PBT,,,RECODING,5,9,40120368,153.63806,118,7 ELEVEN MINERAL WATER-NEPAL,AQUA ELEVENT,AQUA ELEVENT,PET 1000 ML,PET,1000.000 ML,,,1000.0,ML,0.0
47,01/07/2024,202406,2,335095510069,33509020014,1718035945718,99765241,134,RB COOLING WATER-NEPAL,AQUA SAINAMAINA,AQUA SAINAMAINA PROCESSED DRINKING WATER/PBT/1000ML/25/RB COOLING WATER-NEPAL,25,1000ML,PBT,,,RECODING,5,10,40110512,153.68848,118,TARA MINERAL WATER - NEPAL,AQUA MERRY,AQUA MERRY,PET 1000 ML,PET,1000.000 ML,,,1000.0,ML,0.0
48,01/07/2024,202406,2,116313561,11301020007,1718865697711,99765239,118,VARUN BEVERAGE -NEPAL,PEPSI,PEPSI-COLA-PET 2250ML FREE 250ML MOUNTAIN DEW WORTH RS 50/-,270,2250ML,PET,,,RECODING,5,1,99765239,40.521355,118,VARUN BEVERAGE -NEPAL,PEPSI,PEPSI,PET 2250 ML+250 ML MOUNTAIN DEW FREE,PET,2250.000 ML,COLA,,2250.0,ML,270.0
48,01/07/2024,202406,2,116313561,11301020007,1718865697711,99765239,118,VARUN BEVERAGE -NEPAL,PEPSI,PEPSI-COLA-PET 2250ML FREE 250ML MOUNTAIN DEW WORTH RS 50/-,270,2250ML,PET,,,RECODING,5,2,99765161,59.10377,118,VARUN BEVERAGE -NEPAL,PEPSI,PEPSI,PET 250 ML+150 ML FREE,PET,250.000 ML,COLA,,400.0,ML,50.0
48,01/07/2024,202406,2,116313561,11301020007,1718865697711,99765239,118,VARUN BEVERAGE -NEPAL,PEPSI,PEPSI-COLA-PET 2250ML FREE 250ML MOUNTAIN DEW WORTH RS 50/-,270,2250ML,PET,,,RECODING,5,3,20110433,73.60318,118,VARUN BEVERAGE -NEPAL,PEPSI,PEPSI,PET 250 ML,PET,250.000 ML,COLA,,250.0,ML,0.0
48,01/07/2024,202406,2,116313561,11301020007,1718865697711,99765239,118,VARUN BEVERAGE -NEPAL,PEPSI,PEPSI-COLA-PET 2250ML FREE 250ML MOUNTAIN DEW WORTH RS 50/-,270,2250ML,PET,,,RECODING,5,4,20121483,76.56578,118,VARUN BEVERAGE -NEPAL,PEPSI,PEPSI,PET 2250 ML,PET,2250.000 ML,COLA,,2250.0,ML,0.0
48,01/07/2024,202406,2,116313561,11301020007,1718865697711,99765239,118,VARUN BEVERAGE -NEPAL,PEPSI,PEPSI-COLA-PET 2250ML FREE 250ML MOUNTAIN DEW WORTH RS 50/-,270,2250ML,PET,,,RECODING,5,5,99764925,78.0415,118,VARUN BEVERAGE -NEPAL,MOUNTAIN DEW,MOUNTAIN DEW,MOUNTAIN DEW PET 2250 ML+250 ML STING FREE,PET,2250.000 ML,LEMON,,2250.0,ML,260.0
48,01/07/2024,202406,2,116313561,11301020007,1718865697711,99765239,118,VARUN BEVERAGE -NEPAL,PEPSI,PEPSI-COLA-PET 2250ML FREE 250ML MOUNTAIN DEW WORTH RS 50/-,270,2250ML,PET,,,RECODING,5,6,99765341,79.50709,118,VARUN BEVERAGE -NEPAL,7 UP,7 UP,PET 2250 ML+250 ML MOUNTAIN DEW FREE,PET,2250.000 ML,LEMON,,2250.0,ML,270.0
48,01/07/2024,202406,2,116313561,11301020007,1718865697711,99765239,118,VARUN BEVERAGE -NEPAL,PEPSI,PEPSI-COLA-PET 2250ML FREE 250ML MOUNTAIN DEW WORTH RS 50/-,270,2250ML,PET,,,RECODING,5,7,20110436,81.556015,118,VARUN BEVERAGE -NEPAL,MOUNTAIN DEW,MOUNTAIN DEW,PET 250 ML,PET,250.000 ML,LEMON,,250.0,ML,0.0
48,01/07/2024,202406,2,116313561,11301020007,1718865697711,99765239,118,VARUN BEVERAGE -NEPAL,PEPSI,PEPSI-COLA-PET 2250ML FREE 250ML MOUNTAIN DEW WORTH RS 50/-,270,2250ML,PET,,,RECODING,5,8,20110365,82.74251,118,VARUN BEVERAGE -NEPAL,PEPSI,PEPSI,PET 600 ML,PET,600.000 ML,COLA,,600.0,ML,0.0
48,01/07/2024,202406,2,116313561,11301020007,1718865697711,99765239,118,VARUN BEVERAGE -NEPAL,PEPSI,PEPSI-COLA-PET 2250ML FREE 250ML MOUNTAIN DEW WORTH RS 50/-,270,2250ML,PET,,,RECODING,5,9,20110297,82.869225,118,VARUN BEVERAGE -NEPAL,PEPSI,PEPSI,PET 1000 ML,PET,1000.000 ML,COLA,,1000.0,ML,0.0
48,01/07/2024,202406,2,116313561,11301020007,1718865697711,99765239,118,VARUN BEVERAGE -NEPAL,PEPSI,PEPSI-COLA-PET 2250ML FREE 250ML MOUNTAIN DEW WORTH RS 50/-,270,2250ML,PET,,,RECODING,5,10,51545,82.958466,118,VARUN BEVERAGE -NEPAL,PEPSI,PEPSI,PET 300 ML,PET,300.000 ML,COLA,,300.0,ML,0.0
49,01/07/2024,202406,2,134565081,41305020011,1719468769782,99762467,134,BUDDHA GRAMEEN PROCESSED DRINKING WATER INDUSTRY ,PROCESSED DRINKING WATER ,BG AQUA FRESH ,30,1000ML,PET ,,,CROSS CODING,2,1,99762467,114.6945,118,BAUDDHA GRAMEEN PROCESSED DRINKING WATER,AQUA FRESH,AQUA FRESH,PET 1000 ML,PET,1000.000 ML,,,1000.0,ML,20.0
49,01/07/2024,202406,2,134565081,41305020011,1719468769782,99762467,134,BUDDHA GRAMEEN PROCESSED DRINKING WATER INDUSTRY ,PROCESSED DRINKING WATER ,BG AQUA FRESH ,30,1000ML,PET ,,,CROSS CODING,2,2,40120567,144.0004,118,Y.K DRINKING WATER INDUSTRIES-NEPAL,AQUA ALPINE,AQUA ALPINE,PET 1000 ML,PET,1000.000 ML,,,1000.0,ML,0.0
49,01/07/2024,202406,2,134565081,41305020011,1719468769782,99762467,134,BUDDHA GRAMEEN PROCESSED DRINKING WATER INDUSTRY ,PROCESSED DRINKING WATER ,BG AQUA FRESH ,30,1000ML,PET ,,,CROSS CODING,2,3,99762477,146.1662,118,LORD BUDDHA WATER INDUSTRIES-NPL,BASIL,BASIL,PET 1000 ML,PET,1000.000 ML,,,1000.0,ML,25.0
49,01/07/2024,202406,2,134565081,41305020011,1719468769782,99762467,134,BUDDHA GRAMEEN PROCESSED DRINKING WATER INDUSTRY ,PROCESSED DRINKING WATER ,BG AQUA FRESH ,30,1000ML,PET ,,,CROSS CODING,2,4,54568,152.34872,118,AARUSHI BEVERAGE INDUS-NP,AQUA BUDDHA H2O,AQUA BUDDHA H2O,PET 1000 ML,PET,1000.000 ML,,,1000.0,ML,0.0
49,01/07/2024,202406,2,134565081,41305020011,1719468769782,99762467,134,BUDDHA GRAMEEN PROCESSED DRINKING WATER INDUSTRY ,PROCESSED DRINKING WATER ,BG AQUA FRESH ,30,1000ML,PET ,,,CROSS CODING,2,5,40110333,159.43507,118,G.R. DRINKS - NEPAL,AQUA FRESH,AQUA FRESH,PET 1000 ML,PET,1000.000 ML,,,1000.0,ML,0.0
49,01/07/2024,202406,2,134565081,41305020011,1719468769782,99762467,134,BUDDHA GRAMEEN PROCESSED DRINKING WATER INDUSTRY ,PROCESSED DRINKING WATER ,BG AQUA FRESH ,30,1000ML,PET ,,,CROSS CODING,2,6,40124812,161.46426,118,Y.K DRINKING WATER INDUSTRIES-NEPAL,AQUA LEHAR,AQUA LEHAR,PET 1000 ML,PET,1000.000 ML,,,1000.0,ML,0.0
49,01/07/2024,202406,2,134565081,41305020011,1719468769782,99762467,134,BUDDHA GRAMEEN PROCESSED DRINKING WATER INDUSTRY ,PROCESSED DRINKING WATER ,BG AQUA FRESH ,30,1000ML,PET ,,,CROSS CODING,2,7,99763714,161.9151,118,SAHABHAGITA WATER&BEVERAGE-NP,AQUA CHHU,AQUA CHHU,PET 1000 ML,PET,1000.000 ML,,,1000.0,ML,20.0
49,01/07/2024,202406,2,134565081,41305020011,1719468769782,99762467,134,BUDDHA GRAMEEN PROCESSED DRINKING WATER INDUSTRY ,PROCESSED DRINKING WATER ,BG AQUA FRESH ,30,1000ML,PET ,,,CROSS CODING,2,8,52581,163.59247,118,BUDDHA BHUMI BEVERAGE-NP,AQUA FLASH,AQUA FLASH,PET 1000 ML,PET,1000.000 ML,,,1000.0,ML,0.0
49,01/07/2024,202406,2,134565081,41305020011,1719468769782,99762467,134,BUDDHA GRAMEEN PROCESSED DRINKING WATER INDUSTRY ,PROCESSED DRINKING WATER ,BG AQUA FRESH ,30,1000ML,PET ,,,CROSS CODING,2,9,99765151,165.40903,118,NAWAYUG PROCESSED DRINKING WATER-NP,DOGADAKEDAR,DOGADAKEDAR,PET 1000 ML,PET,1000.000 ML,,,1000.0,ML,25.0
49,01/07/2024,202406,2,134565081,41305020011,1719468769782,99762467,134,BUDDHA GRAMEEN PROCESSED DRINKING WATER INDUSTRY ,PROCESSED DRINKING WATER ,BG AQUA FRESH ,30,1000ML,PET ,,,CROSS CODING,2,10,40121607,165.82913,118,CIVIL PROCESSING DRINK-NEPAL,AQUA SUPREME,AQUA SUPREME,PET 1000 ML,PET,1000.000 ML,,,1000.0,ML,0.0
50,01/07/2024,202406,2,112343410,41301020033,1719468769782,99762467,134,BUDDHA GRAMEEN PROCESSED DRINKING WATER INDUSTRY ,PROCESSED DRINKING WATER ,BG AQUA FRESH ,30,1000ML,PET ,,,CROSS CODING,2,1,99762467,114.6945,118,BAUDDHA GRAMEEN PROCESSED DRINKING WATER,AQUA FRESH,AQUA FRESH,PET 1000 ML,PET,1000.000 ML,,,1000.0,ML,20.0
50,01/07/2024,202406,2,112343410,41301020033,1719468769782,99762467,134,BUDDHA GRAMEEN PROCESSED DRINKING WATER INDUSTRY ,PROCESSED DRINKING WATER ,BG AQUA FRESH ,30,1000ML,PET ,,,CROSS CODING,2,2,40120567,144.0004,118,Y.K DRINKING WATER INDUSTRIES-NEPAL,AQUA ALPINE,AQUA ALPINE,PET 1000 ML,PET,1000.000 ML,,,1000.0,ML,0.0
50,01/07/2024,202406,2,112343410,41301020033,1719468769782,99762467,134,BUDDHA GRAMEEN PROCESSED DRINKING WATER INDUSTRY ,PROCESSED DRINKING WATER ,BG AQUA FRESH ,30,1000ML,PET ,,,CROSS CODING,2,3,99762477,146.1662,118,LORD BUDDHA WATER INDUSTRIES-NPL,BASIL,BASIL,PET 1000 ML,PET,1000.000 ML,,,1000.0,ML,25.0
50,01/07/2024,202406,2,112343410,41301020033,1719468769782,99762467,134,BUDDHA GRAMEEN PROCESSED DRINKING WATER INDUSTRY ,PROCESSED DRINKING WATER ,BG AQUA FRESH ,30,1000ML,PET ,,,CROSS CODING,2,4,54568,152.34872,118,AARUSHI BEVERAGE INDUS-NP,AQUA BUDDHA H2O,AQUA BUDDHA H2O,PET 1000 ML,PET,1000.000 ML,,,1000.0,ML,0.0
50,01/07/2024,202406,2,112343410,41301020033,1719468769782,99762467,134,BUDDHA GRAMEEN PROCESSED DRINKING WATER INDUSTRY ,PROCESSED DRINKING WATER ,BG AQUA FRESH ,30,1000ML,PET ,,,CROSS CODING,2,5,40110333,159.43507,118,G.R. DRINKS - NEPAL,AQUA FRESH,AQUA FRESH,PET 1000 ML,PET,1000.000 ML,,,1000.0,ML,0.0
50,01/07/2024,202406,2,112343410,41301020033,1719468769782,99762467,134,BUDDHA GRAMEEN PROCESSED DRINKING WATER INDUSTRY ,PROCESSED DRINKING WATER ,BG AQUA FRESH ,30,1000ML,PET ,,,CROSS CODING,2,6,40124812,161.46426,118,Y.K DRINKING WATER INDUSTRIES-NEPAL,AQUA LEHAR,AQUA LEHAR,PET 1000 ML,PET,1000.000 ML,,,1000.0,ML,0.0
50,01/07/2024,202406,2,112343410,41301020033,1719468769782,99762467,134,BUDDHA GRAMEEN PROCESSED DRINKING WATER INDUSTRY ,PROCESSED DRINKING WATER ,BG AQUA FRESH ,30,1000ML,PET ,,,CROSS CODING,2,7,99763714,161.9151,118,SAHABHAGITA WATER&BEVERAGE-NP,AQUA CHHU,AQUA CHHU,PET 1000 ML,PET,1000.000 ML,,,1000.0,ML,20.0
50,01/07/2024,202406,2,112343410,41301020033,1719468769782,99762467,134,BUDDHA GRAMEEN PROCESSED DRINKING WATER INDUSTRY ,PROCESSED DRINKING WATER ,BG AQUA FRESH ,30,1000ML,PET ,,,CROSS CODING,2,8,52581,163.59247,118,BUDDHA BHUMI BEVERAGE-NP,AQUA FLASH,AQUA FLASH,PET 1000 ML,PET,1000.000 ML,,,1000.0,ML,0.0
50,01/07/2024,202406,2,112343410,41301020033,1719468769782,99762467,134,BUDDHA GRAMEEN PROCESSED DRINKING WATER INDUSTRY ,PROCESSED DRINKING WATER ,BG AQUA FRESH ,30,1000ML,PET ,,,CROSS CODING,2,9,99765151,165.40903,118,NAWAYUG PROCESSED DRINKING WATER-NP,DOGADAKEDAR,DOGADAKEDAR,PET 1000 ML,PET,1000.000 ML,,,1000.0,ML,25.0
50,01/07/2024,202406,2,112343410,41301020033,1719468769782,99762467,134,BUDDHA GRAMEEN PROCESSED DRINKING WATER INDUSTRY ,PROCESSED DRINKING WATER ,BG AQUA FRESH ,30,1000ML,PET ,,,CROSS CODING,2,10,40121607,165.82913,118,CIVIL PROCESSING DRINK-NEPAL,AQUA SUPREME,AQUA SUPREME,PET 1000 ML,PET,1000.000 ML,,,1000.0,ML,0.0
51,01/07/2024,202406,2,116639935,41301020008,1719468769782,99762467,134,BUDDHA GRAMEEN PROCESSED DRINKING WATER INDUSTRY ,PROCESSED DRINKING WATER ,BG AQUA FRESH ,30,1000ML,PET ,,,CROSS CODING,2,1,99762467,114.6945,118,BAUDDHA GRAMEEN PROCESSED DRINKING WATER,AQUA FRESH,AQUA FRESH,PET 1000 ML,PET,1000.000 ML,,,1000.0,ML,20.0
51,01/07/2024,202406,2,116639935,41301020008,1719468769782,99762467,134,BUDDHA GRAMEEN PROCESSED DRINKING WATER INDUSTRY ,PROCESSED DRINKING WATER ,BG AQUA FRESH ,30,1000ML,PET ,,,CROSS CODING,2,2,40120567,144.0004,118,Y.K DRINKING WATER INDUSTRIES-NEPAL,AQUA ALPINE,AQUA ALPINE,PET 1000 ML,PET,1000.000 ML,,,1000.0,ML,0.0
51,01/07/2024,202406,2,116639935,41301020008,1719468769782,99762467,134,BUDDHA GRAMEEN PROCESSED DRINKING WATER INDUSTRY ,PROCESSED DRINKING WATER ,BG AQUA FRESH ,30,1000ML,PET ,,,CROSS CODING,2,3,99762477,146.1662,118,LORD BUDDHA WATER INDUSTRIES-NPL,BASIL,BASIL,PET 1000 ML,PET,1000.000 ML,,,1000.0,ML,25.0
51,01/07/2024,202406,2,116639935,41301020008,1719468769782,99762467,134,BUDDHA GRAMEEN PROCESSED DRINKING WATER INDUSTRY ,PROCESSED DRINKING WATER ,BG AQUA FRESH ,30,1000ML,PET ,,,CROSS CODING,2,4,54568,152.34872,118,AARUSHI BEVERAGE INDUS-NP,AQUA BUDDHA H2O,AQUA BUDDHA H2O,PET 1000 ML,PET,1000.000 ML,,,1000.0,ML,0.0
51,01/07/2024,202406,2,116639935,41301020008,1719468769782,99762467,134,BUDDHA GRAMEEN PROCESSED DRINKING WATER INDUSTRY ,PROCESSED DRINKING WATER ,BG AQUA FRESH ,30,1000ML,PET ,,,CROSS CODING,2,5,40110333,159.43507,118,G.R. DRINKS - NEPAL,AQUA FRESH,AQUA FRESH,PET 1000 ML,PET,1000.000 ML,,,1000.0,ML,0.0
51,01/07/2024,202406,2,116639935,41301020008,1719468769782,99762467,134,BUDDHA GRAMEEN PROCESSED DRINKING WATER INDUSTRY ,PROCESSED DRINKING WATER ,BG AQUA FRESH ,30,1000ML,PET ,,,CROSS CODING,2,6,40124812,161.46426,118,Y.K DRINKING WATER INDUSTRIES-NEPAL,AQUA LEHAR,AQUA LEHAR,PET 1000 ML,PET,1000.000 ML,,,1000.0,ML,0.0
51,01/07/2024,202406,2,116639935,41301020008,1719468769782,99762467,134,BUDDHA GRAMEEN PROCESSED DRINKING WATER INDUSTRY ,PROCESSED DRINKING WATER ,BG AQUA FRESH ,30,1000ML,PET ,,,CROSS CODING,2,7,99763714,161.9151,118,SAHABHAGITA WATER&BEVERAGE-NP,AQUA CHHU,AQUA CHHU,PET 1000 ML,PET,1000.000 ML,,,1000.0,ML,20.0
51,01/07/2024,202406,2,116639935,41301020008,1719468769782,99762467,134,BUDDHA GRAMEEN PROCESSED DRINKING WATER INDUSTRY ,PROCESSED DRINKING WATER ,BG AQUA FRESH ,30,1000ML,PET ,,,CROSS CODING,2,8,52581,163.59247,118,BUDDHA BHUMI BEVERAGE-NP,AQUA FLASH,AQUA FLASH,PET 1000 ML,PET,1000.000 ML,,,1000.0,ML,0.0
51,01/07/2024,202406,2,116639935,41301020008,1719468769782,99762467,134,BUDDHA GRAMEEN PROCESSED DRINKING WATER INDUSTRY ,PROCESSED DRINKING WATER ,BG AQUA FRESH ,30,1000ML,PET ,,,CROSS CODING,2,9,99765151,165.40903,118,NAWAYUG PROCESSED DRINKING WATER-NP,DOGADAKEDAR,DOGADAKEDAR,PET 1000 ML,PET,1000.000 ML,,,1000.0,ML,25.0
51,01/07/2024,202406,2,116639935,41301020008,1719468769782,99762467,134,BUDDHA GRAMEEN PROCESSED DRINKING WATER INDUSTRY ,PROCESSED DRINKING WATER ,BG AQUA FRESH ,30,1000ML,PET ,,,CROSS CODING,2,10,40121607,165.82913,118,CIVIL PROCESSING DRINK-NEPAL,AQUA SUPREME,AQUA SUPREME,PET 1000 ML,PET,1000.000 ML,,,1000.0,ML,0.0
52,01/07/2024,202406,2,116304492,11301020014,1718865155177,99765261,118,M.D.BOTTLERS INDS-NP,CHAUCA COLA,CHAUCA COLA-COLA-PET 500ML,90,500ML,PET,,1718865155177-m-d-bottlers inds-np-chauca cola#3.png,RECODING,5,1,99765261,15.280772,118,M.D.BOTTLERS INDS-NP,CHAUCA COLA,CHAUCA COLA,PET 500 ML,PET,500.000 ML,COLA,,500.0,ML,90.0
52,01/07/2024,202406,2,116304492,11301020014,1718865155177,99765261,118,M.D.BOTTLERS INDS-NP,CHAUCA COLA,CHAUCA COLA-COLA-PET 500ML,90,500ML,PET,,1718865155177-m-d-bottlers inds-np-chauca cola#3.png,RECODING,5,2,99763826,19.183214,118,M.D.BOTTLERS INDS-NP,CHAUCA COLA,CHAUCA COLA,PET 250 ML,PET,250.000 ML,COLA,,250.0,ML,40.0
52,01/07/2024,202406,2,116304492,11301020014,1718865155177,99765261,118,M.D.BOTTLERS INDS-NP,CHAUCA COLA,CHAUCA COLA-COLA-PET 500ML,90,500ML,PET,,1718865155177-m-d-bottlers inds-np-chauca cola#3.png,RECODING,5,3,99765232,22.163996,118,M.D.BOTTLERS INDS-NP,CHAUCA COLA,CHAUCA COLA,PET 1500 ML,PET,1500.000 ML,COLA,,1500.0,ML,160.0
52,01/07/2024,202406,2,116304492,11301020014,1718865155177,99765261,118,M.D.BOTTLERS INDS-NP,CHAUCA COLA,CHAUCA COLA-COLA-PET 500ML,90,500ML,PET,,1718865155177-m-d-bottlers inds-np-chauca cola#3.png,RECODING,5,4,99763825,110.81598,118,M.D.BOTTLERS INDS-NP,FELIZ,FELIZ,PET 250 ML,PET,250.000 ML,ORANGE,,250.0,ML,40.0
52,01/07/2024,202406,2,116304492,11301020014,1718865155177,99765261,118,M.D.BOTTLERS INDS-NP,CHAUCA COLA,CHAUCA COLA-COLA-PET 500ML,90,500ML,PET,,1718865155177-m-d-bottlers inds-np-chauca cola#3.png,RECODING,5,5,20110267,111.40436,118,BOTTLERS NEPAL - NEPAL,COCA-COLA,COCA-COLA VANILLA,VANILLA PET 500 ML,PET,500.000 ML,COLA,,500.0,ML,0.0
52,01/07/2024,202406,2,116304492,11301020014,1718865155177,99765261,118,M.D.BOTTLERS INDS-NP,CHAUCA COLA,CHAUCA COLA-COLA-PET 500ML,90,500ML,PET,,1718865155177-m-d-bottlers inds-np-chauca cola#3.png,RECODING,5,6,20110199,116.01393,118,BOTTLERS NEPAL - NEPAL,COCA-COLA,COCA-COLA,PET 500 ML,PET,500.000 ML,COLA,,500.0,ML,0.0
52,01/07/2024,202406,2,116304492,11301020014,1718865155177,99765261,118,M.D.BOTTLERS INDS-NP,CHAUCA COLA,CHAUCA COLA-COLA-PET 500ML,90,500ML,PET,,1718865155177-m-d-bottlers inds-np-chauca cola#3.png,RECODING,5,7,20123342,116.455414,118,BOTTLERS NEPAL - NEPAL,COCA-COLA,COCA-COLA,PET 1000 ML,PET,1000.000 ML,COLA,,1000.0,ML,0.0
52,01/07/2024,202406,2,116304492,11301020014,1718865155177,99765261,118,M.D.BOTTLERS INDS-NP,CHAUCA COLA,CHAUCA COLA-COLA-PET 500ML,90,500ML,PET,,1718865155177-m-d-bottlers inds-np-chauca cola#3.png,RECODING,5,8,20110266,119.497696,118,BOTTLERS NEPAL - NEPAL,COCA-COLA,COCA-COLA,PET 2250 ML,PET,2250.000 ML,COLA,,2250.0,ML,0.0
52,01/07/2024,202406,2,116304492,11301020014,1718865155177,99765261,118,M.D.BOTTLERS INDS-NP,CHAUCA COLA,CHAUCA COLA-COLA-PET 500ML,90,500ML,PET,,1718865155177-m-d-bottlers inds-np-chauca cola#3.png,RECODING,5,9,99765133,119.526215,118,BOTTLERS NEPAL - NEPAL,COCA-COLA,COCA-COLA,COCA-COLA PET 1500 ML+250 ML COCA-COLA FREE,PET,1500.000 ML,COLA,,1500.0,ML,190.0
52,01/07/2024,202406,2,116304492,11301020014,1718865155177,99765261,118,M.D.BOTTLERS INDS-NP,CHAUCA COLA,CHAUCA COLA-COLA-PET 500ML,90,500ML,PET,,1718865155177-m-d-bottlers inds-np-chauca cola#3.png,RECODING,5,10,99765132,120.71064,118,BOTTLERS NEPAL - NEPAL,COCA-COLA,COCA-COLA,COCA-COLA PET 2250 ML+250 ML COCA-COLA FREE,PET,2250.000 ML,COLA,,2250.0,ML,270.0
53,01/07/2024,202406,2,116304492,11301020014,1718865697711,99765239,118,VARUN BEVERAGE -NEPAL,PEPSI,PEPSI-COLA-PET 2250ML FREE 250ML MOUNTAIN DEW WORTH RS 50/-,270,2250ML,PET,,1718865697711-varun beverage -nepal-pepsi#3.png,RECODING,5,1,99765239,40.521355,118,VARUN BEVERAGE -NEPAL,PEPSI,PEPSI,PET 2250 ML+250 ML MOUNTAIN DEW FREE,PET,2250.000 ML,COLA,,2250.0,ML,270.0
53,01/07/2024,202406,2,116304492,11301020014,1718865697711,99765239,118,VARUN BEVERAGE -NEPAL,PEPSI,PEPSI-COLA-PET 2250ML FREE 250ML MOUNTAIN DEW WORTH RS 50/-,270,2250ML,PET,,1718865697711-varun beverage -nepal-pepsi#3.png,RECODING,5,2,99765161,59.10377,118,VARUN BEVERAGE -NEPAL,PEPSI,PEPSI,PET 250 ML+150 ML FREE,PET,250.000 ML,COLA,,400.0,ML,50.0
53,01/07/2024,202406,2,116304492,11301020014,1718865697711,99765239,118,VARUN BEVERAGE -NEPAL,PEPSI,PEPSI-COLA-PET 2250ML FREE 250ML MOUNTAIN DEW WORTH RS 50/-,270,2250ML,PET,,1718865697711-varun beverage -nepal-pepsi#3.png,RECODING,5,3,20110433,73.60318,118,VARUN BEVERAGE -NEPAL,PEPSI,PEPSI,PET 250 ML,PET,250.000 ML,COLA,,250.0,ML,0.0
53,01/07/2024,202406,2,116304492,11301020014,1718865697711,99765239,118,VARUN BEVERAGE -NEPAL,PEPSI,PEPSI-COLA-PET 2250ML FREE 250ML MOUNTAIN DEW WORTH RS 50/-,270,2250ML,PET,,1718865697711-varun beverage -nepal-pepsi#3.png,RECODING,5,4,20121483,76.56578,118,VARUN BEVERAGE -NEPAL,PEPSI,PEPSI,PET 2250 ML,PET,2250.000 ML,COLA,,2250.0,ML,0.0
53,01/07/2024,202406,2,116304492,11301020014,1718865697711,99765239,118,VARUN BEVERAGE -NEPAL,PEPSI,PEPSI-COLA-PET 2250ML FREE 250ML MOUNTAIN DEW WORTH RS 50/-,270,2250ML,PET,,1718865697711-varun beverage -nepal-pepsi#3.png,RECODING,5,5,99764925,78.0415,118,VARUN BEVERAGE -NEPAL,MOUNTAIN DEW,MOUNTAIN DEW,MOUNTAIN DEW PET 2250 ML+250 ML STING FREE,PET,2250.000 ML,LEMON,,2250.0,ML,260.0
53,01/07/2024,202406,2,116304492,11301020014,1718865697711,99765239,118,VARUN BEVERAGE -NEPAL,PEPSI,PEPSI-COLA-PET 2250ML FREE 250ML MOUNTAIN DEW WORTH RS 50/-,270,2250ML,PET,,1718865697711-varun beverage -nepal-pepsi#3.png,RECODING,5,6,99765341,79.50709,118,VARUN BEVERAGE -NEPAL,7 UP,7 UP,PET 2250 ML+250 ML MOUNTAIN DEW FREE,PET,2250.000 ML,LEMON,,2250.0,ML,270.0
53,01/07/2024,202406,2,116304492,11301020014,1718865697711,99765239,118,VARUN BEVERAGE -NEPAL,PEPSI,PEPSI-COLA-PET 2250ML FREE 250ML MOUNTAIN DEW WORTH RS 50/-,270,2250ML,PET,,1718865697711-varun beverage -nepal-pepsi#3.png,RECODING,5,7,20110436,81.556015,118,VARUN BEVERAGE -NEPAL,MOUNTAIN DEW,MOUNTAIN DEW,PET 250 ML,PET,250.000 ML,LEMON,,250.0,ML,0.0
53,01/07/2024,202406,2,116304492,11301020014,1718865697711,99765239,118,VARUN BEVERAGE -NEPAL,PEPSI,PEPSI-COLA-PET 2250ML FREE 250ML MOUNTAIN DEW WORTH RS 50/-,270,2250ML,PET,,1718865697711-varun beverage -nepal-pepsi#3.png,RECODING,5,8,20110365,82.74251,118,VARUN BEVERAGE -NEPAL,PEPSI,PEPSI,PET 600 ML,PET,600.000 ML,COLA,,600.0,ML,0.0
53,01/07/2024,202406,2,116304492,11301020014,1718865697711,99765239,118,VARUN BEVERAGE -NEPAL,PEPSI,PEPSI-COLA-PET 2250ML FREE 250ML MOUNTAIN DEW WORTH RS 50/-,270,2250ML,PET,,1718865697711-varun beverage -nepal-pepsi#3.png,RECODING,5,9,20110297,82.869225,118,VARUN BEVERAGE -NEPAL,PEPSI,PEPSI,PET 1000 ML,PET,1000.000 ML,COLA,,1000.0,ML,0.0
53,01/07/2024,202406,2,116304492,11301020014,1718865697711,99765239,118,VARUN BEVERAGE -NEPAL,PEPSI,PEPSI-COLA-PET 2250ML FREE 250ML MOUNTAIN DEW WORTH RS 50/-,270,2250ML,PET,,1718865697711-varun beverage -nepal-pepsi#3.png,RECODING,5,10,51545,82.958466,118,VARUN BEVERAGE -NEPAL,PEPSI,PEPSI,PET 300 ML,PET,300.000 ML,COLA,,300.0,ML,0.0
54,01/07/2024,202406,2,116641254,41301020021,1719468769782,99762467,134,BUDDHA GRAMEEN PROCESSED DRINKING WATER INDUSTRY ,PROCESSED DRINKING WATER ,BG AQUA FRESH ,30,1000ML,PET ,,,CROSS CODING,2,1,99762467,114.6945,118,BAUDDHA GRAMEEN PROCESSED DRINKING WATER,AQUA FRESH,AQUA FRESH,PET 1000 ML,PET,1000.000 ML,,,1000.0,ML,20.0
54,01/07/2024,202406,2,116641254,41301020021,1719468769782,99762467,134,BUDDHA GRAMEEN PROCESSED DRINKING WATER INDUSTRY ,PROCESSED DRINKING WATER ,BG AQUA FRESH ,30,1000ML,PET ,,,CROSS CODING,2,2,40120567,144.0004,118,Y.K DRINKING WATER INDUSTRIES-NEPAL,AQUA ALPINE,AQUA ALPINE,PET 1000 ML,PET,1000.000 ML,,,1000.0,ML,0.0
54,01/07/2024,202406,2,116641254,41301020021,1719468769782,99762467,134,BUDDHA GRAMEEN PROCESSED DRINKING WATER INDUSTRY ,PROCESSED DRINKING WATER ,BG AQUA FRESH ,30,1000ML,PET ,,,CROSS CODING,2,3,99762477,146.1662,118,LORD BUDDHA WATER INDUSTRIES-NPL,BASIL,BASIL,PET 1000 ML,PET,1000.000 ML,,,1000.0,ML,25.0
54,01/07/2024,202406,2,116641254,41301020021,1719468769782,99762467,134,BUDDHA GRAMEEN PROCESSED DRINKING WATER INDUSTRY ,PROCESSED DRINKING WATER ,BG AQUA FRESH ,30,1000ML,PET ,,,CROSS CODING,2,4,54568,152.34872,118,AARUSHI BEVERAGE INDUS-NP,AQUA BUDDHA H2O,AQUA BUDDHA H2O,PET 1000 ML,PET,1000.000 ML,,,1000.0,ML,0.0
54,01/07/2024,202406,2,116641254,41301020021,1719468769782,99762467,134,BUDDHA GRAMEEN PROCESSED DRINKING WATER INDUSTRY ,PROCESSED DRINKING WATER ,BG AQUA FRESH ,30,1000ML,PET ,,,CROSS CODING,2,5,40110333,159.43507,118,G.R. DRINKS - NEPAL,AQUA FRESH,AQUA FRESH,PET 1000 ML,PET,1000.000 ML,,,1000.0,ML,0.0
54,01/07/2024,202406,2,116641254,41301020021,1719468769782,99762467,134,BUDDHA GRAMEEN PROCESSED DRINKING WATER INDUSTRY ,PROCESSED DRINKING WATER ,BG AQUA FRESH ,30,1000ML,PET ,,,CROSS CODING,2,6,40124812,161.46426,118,Y.K DRINKING WATER INDUSTRIES-NEPAL,AQUA LEHAR,AQUA LEHAR,PET 1000 ML,PET,1000.000 ML,,,1000.0,ML,0.0
54,01/07/2024,202406,2,116641254,41301020021,1719468769782,99762467,134,BUDDHA GRAMEEN PROCESSED DRINKING WATER INDUSTRY ,PROCESSED DRINKING WATER ,BG AQUA FRESH ,30,1000ML,PET ,,,CROSS CODING,2,7,99763714,161.9151,118,SAHABHAGITA WATER&BEVERAGE-NP,AQUA CHHU,AQUA CHHU,PET 1000 ML,PET,1000.000 ML,,,1000.0,ML,20.0
54,01/07/2024,202406,2,116641254,41301020021,1719468769782,99762467,134,BUDDHA GRAMEEN PROCESSED DRINKING WATER INDUSTRY ,PROCESSED DRINKING WATER ,BG AQUA FRESH ,30,1000ML,PET ,,,CROSS CODING,2,8,52581,163.59247,118,BUDDHA BHUMI BEVERAGE-NP,AQUA FLASH,AQUA FLASH,PET 1000 ML,PET,1000.000 ML,,,1000.0,ML,0.0
54,01/07/2024,202406,2,116641254,41301020021,1719468769782,99762467,134,BUDDHA GRAMEEN PROCESSED DRINKING WATER INDUSTRY ,PROCESSED DRINKING WATER ,BG AQUA FRESH ,30,1000ML,PET ,,,CROSS CODING,2,9,99765151,165.40903,118,NAWAYUG PROCESSED DRINKING WATER-NP,DOGADAKEDAR,DOGADAKEDAR,PET 1000 ML,PET,1000.000 ML,,,1000.0,ML,25.0
54,01/07/2024,202406,2,116641254,41301020021,1719468769782,99762467,134,BUDDHA GRAMEEN PROCESSED DRINKING WATER INDUSTRY ,PROCESSED DRINKING WATER ,BG AQUA FRESH ,30,1000ML,PET ,,,CROSS CODING,2,10,40121607,165.82913,118,CIVIL PROCESSING DRINK-NEPAL,AQUA SUPREME,AQUA SUPREME,PET 1000 ML,PET,1000.000 ML,,,1000.0,ML,0.0
55,01/07/2024,202406,2,112266748,41301020023,1719468769782,99762467,134,BUDDHA GRAMEEN PROCESSED DRINKING WATER INDUSTRY ,PROCESSED DRINKING WATER ,BG AQUA FRESH ,30,1000ML,PET ,,,CROSS CODING,2,1,99762467,114.6945,118,BAUDDHA GRAMEEN PROCESSED DRINKING WATER,AQUA FRESH,AQUA FRESH,PET 1000 ML,PET,1000.000 ML,,,1000.0,ML,20.0
55,01/07/2024,202406,2,112266748,41301020023,1719468769782,99762467,134,BUDDHA GRAMEEN PROCESSED DRINKING WATER INDUSTRY ,PROCESSED DRINKING WATER ,BG AQUA FRESH ,30,1000ML,PET ,,,CROSS CODING,2,2,40120567,144.0004,118,Y.K DRINKING WATER INDUSTRIES-NEPAL,AQUA ALPINE,AQUA ALPINE,PET 1000 ML,PET,1000.000 ML,,,1000.0,ML,0.0
55,01/07/2024,202406,2,112266748,41301020023,1719468769782,99762467,134,BUDDHA GRAMEEN PROCESSED DRINKING WATER INDUSTRY ,PROCESSED DRINKING WATER ,BG AQUA FRESH ,30,1000ML,PET ,,,CROSS CODING,2,3,99762477,146.1662,118,LORD BUDDHA WATER INDUSTRIES-NPL,BASIL,BASIL,PET 1000 ML,PET,1000.000 ML,,,1000.0,ML,25.0
55,01/07/2024,202406,2,112266748,41301020023,1719468769782,99762467,134,BUDDHA GRAMEEN PROCESSED DRINKING WATER INDUSTRY ,PROCESSED DRINKING WATER ,BG AQUA FRESH ,30,1000ML,PET ,,,CROSS CODING,2,4,54568,152.34872,118,AARUSHI BEVERAGE INDUS-NP,AQUA BUDDHA H2O,AQUA BUDDHA H2O,PET 1000 ML,PET,1000.000 ML,,,1000.0,ML,0.0
55,01/07/2024,202406,2,112266748,41301020023,1719468769782,99762467,134,BUDDHA GRAMEEN PROCESSED DRINKING WATER INDUSTRY ,PROCESSED DRINKING WATER ,BG AQUA FRESH ,30,1000ML,PET ,,,CROSS CODING,2,5,40110333,159.43507,118,G.R. DRINKS - NEPAL,AQUA FRESH,AQUA FRESH,PET 1000 ML,PET,1000.000 ML,,,1000.0,ML,0.0
55,01/07/2024,202406,2,112266748,41301020023,1719468769782,99762467,134,BUDDHA GRAMEEN PROCESSED DRINKING WATER INDUSTRY ,PROCESSED DRINKING WATER ,BG AQUA FRESH ,30,1000ML,PET ,,,CROSS CODING,2,6,40124812,161.46426,118,Y.K DRINKING WATER INDUSTRIES-NEPAL,AQUA LEHAR,AQUA LEHAR,PET 1000 ML,PET,1000.000 ML,,,1000.0,ML,0.0
55,01/07/2024,202406,2,112266748,41301020023,1719468769782,99762467,134,BUDDHA GRAMEEN PROCESSED DRINKING WATER INDUSTRY ,PROCESSED DRINKING WATER ,BG AQUA FRESH ,30,1000ML,PET ,,,CROSS CODING,2,7,99763714,161.9151,118,SAHABHAGITA WATER&BEVERAGE-NP,AQUA CHHU,AQUA CHHU,PET 1000 ML,PET,1000.000 ML,,,1000.0,ML,20.0
55,01/07/2024,202406,2,112266748,41301020023,1719468769782,99762467,134,BUDDHA GRAMEEN PROCESSED DRINKING WATER INDUSTRY ,PROCESSED DRINKING WATER ,BG AQUA FRESH ,30,1000ML,PET ,,,CROSS CODING,2,8,52581,163.59247,118,BUDDHA BHUMI BEVERAGE-NP,AQUA FLASH,AQUA FLASH,PET 1000 ML,PET,1000.000 ML,,,1000.0,ML,0.0
55,01/07/2024,202406,2,112266748,41301020023,1719468769782,99762467,134,BUDDHA GRAMEEN PROCESSED DRINKING WATER INDUSTRY ,PROCESSED DRINKING WATER ,BG AQUA FRESH ,30,1000ML,PET ,,,CROSS CODING,2,9,99765151,165.40903,118,NAWAYUG PROCESSED DRINKING WATER-NP,DOGADAKEDAR,DOGADAKEDAR,PET 1000 ML,PET,1000.000 ML,,,1000.0,ML,25.0
55,01/07/2024,202406,2,112266748,41301020023,1719468769782,99762467,134,BUDDHA GRAMEEN PROCESSED DRINKING WATER INDUSTRY ,PROCESSED DRINKING WATER ,BG AQUA FRESH ,30,1000ML,PET ,,,CROSS CODING,2,10,40121607,165.82913,118,CIVIL PROCESSING DRINK-NEPAL,AQUA SUPREME,AQUA SUPREME,PET 1000 ML,PET,1000.000 ML,,,1000.0,ML,0.0
56,01/07/2024,202406,2,117167384,41301020018,1719468769782,99762467,134,BUDDHA GRAMEEN PROCESSED DRINKING WATER INDUSTRY ,PROCESSED DRINKING WATER ,BG AQUA FRESH ,30,1000ML,PET ,,1719468769782-buddha grameen processed drinking water industry -processed drinking water #3.png,CROSS CODING,2,1,99762467,114.6945,118,BAUDDHA GRAMEEN PROCESSED DRINKING WATER,AQUA FRESH,AQUA FRESH,PET 1000 ML,PET,1000.000 ML,,,1000.0,ML,20.0
56,01/07/2024,202406,2,117167384,41301020018,1719468769782,99762467,134,BUDDHA GRAMEEN PROCESSED DRINKING WATER INDUSTRY ,PROCESSED DRINKING WATER ,BG AQUA FRESH ,30,1000ML,PET ,,1719468769782-buddha grameen processed drinking water industry -processed drinking water #3.png,CROSS CODING,2,2,40120567,144.0004,118,Y.K DRINKING WATER INDUSTRIES-NEPAL,AQUA ALPINE,AQUA ALPINE,PET 1000 ML,PET,1000.000 ML,,,1000.0,ML,0.0
56,01/07/2024,202406,2,117167384,41301020018,1719468769782,99762467,134,BUDDHA GRAMEEN PROCESSED DRINKING WATER INDUSTRY ,PROCESSED DRINKING WATER ,BG AQUA FRESH ,30,1000ML,PET ,,1719468769782-buddha grameen processed drinking water industry -processed drinking water #3.png,CROSS CODING,2,3,99762477,146.1662,118,LORD BUDDHA WATER INDUSTRIES-NPL,BASIL,BASIL,PET 1000 ML,PET,1000.000 ML,,,1000.0,ML,25.0
56,01/07/2024,202406,2,117167384,41301020018,1719468769782,99762467,134,BUDDHA GRAMEEN PROCESSED DRINKING WATER INDUSTRY ,PROCESSED DRINKING WATER ,BG AQUA FRESH ,30,1000ML,PET ,,1719468769782-buddha grameen processed drinking water industry -processed drinking water #3.png,CROSS CODING,2,4,54568,152.34872,118,AARUSHI BEVERAGE INDUS-NP,AQUA BUDDHA H2O,AQUA BUDDHA H2O,PET 1000 ML,PET,1000.000 ML,,,1000.0,ML,0.0
56,01/07/2024,202406,2,117167384,41301020018,1719468769782,99762467,134,BUDDHA GRAMEEN PROCESSED DRINKING WATER INDUSTRY ,PROCESSED DRINKING WATER ,BG AQUA FRESH ,30,1000ML,PET ,,1719468769782-buddha grameen processed drinking water industry -processed drinking water #3.png,CROSS CODING,2,5,40110333,159.43507,118,G.R. DRINKS - NEPAL,AQUA FRESH,AQUA FRESH,PET 1000 ML,PET,1000.000 ML,,,1000.0,ML,0.0
56,01/07/2024,202406,2,117167384,41301020018,1719468769782,99762467,134,BUDDHA GRAMEEN PROCESSED DRINKING WATER INDUSTRY ,PROCESSED DRINKING WATER ,BG AQUA FRESH ,30,1000ML,PET ,,1719468769782-buddha grameen processed drinking water industry -processed drinking water #3.png,CROSS CODING,2,6,40124812,161.46426,118,Y.K DRINKING WATER INDUSTRIES-NEPAL,AQUA LEHAR,AQUA LEHAR,PET 1000 ML,PET,1000.000 ML,,,1000.0,ML,0.0
56,01/07/2024,202406,2,117167384,41301020018,1719468769782,99762467,134,BUDDHA GRAMEEN PROCESSED DRINKING WATER INDUSTRY ,PROCESSED DRINKING WATER ,BG AQUA FRESH ,30,1000ML,PET ,,1719468769782-buddha grameen processed drinking water industry -processed drinking water #3.png,CROSS CODING,2,7,99763714,161.9151,118,SAHABHAGITA WATER&BEVERAGE-NP,AQUA CHHU,AQUA CHHU,PET 1000 ML,PET,1000.000 ML,,,1000.0,ML,20.0
56,01/07/2024,202406,2,117167384,41301020018,1719468769782,99762467,134,BUDDHA GRAMEEN PROCESSED DRINKING WATER INDUSTRY ,PROCESSED DRINKING WATER ,BG AQUA FRESH ,30,1000ML,PET ,,1719468769782-buddha grameen processed drinking water industry -processed drinking water #3.png,CROSS CODING,2,8,52581,163.59247,118,BUDDHA BHUMI BEVERAGE-NP,AQUA FLASH,AQUA FLASH,PET 1000 ML,PET,1000.000 ML,,,1000.0,ML,0.0
56,01/07/2024,202406,2,117167384,41301020018,1719468769782,99762467,134,BUDDHA GRAMEEN PROCESSED DRINKING WATER INDUSTRY ,PROCESSED DRINKING WATER ,BG AQUA FRESH ,30,1000ML,PET ,,1719468769782-buddha grameen processed drinking water industry -processed drinking water #3.png,CROSS CODING,2,9,99765151,165.40903,118,NAWAYUG PROCESSED DRINKING WATER-NP,DOGADAKEDAR,DOGADAKEDAR,PET 1000 ML,PET,1000.000 ML,,,1000.0,ML,25.0
56,01/07/2024,202406,2,117167384,41301020018,1719468769782,99762467,134,BUDDHA GRAMEEN PROCESSED DRINKING WATER INDUSTRY ,PROCESSED DRINKING WATER ,BG AQUA FRESH ,30,1000ML,PET ,,1719468769782-buddha grameen processed drinking water industry -processed drinking water #3.png,CROSS CODING,2,10,40121607,165.82913,118,CIVIL PROCESSING DRINK-NEPAL,AQUA SUPREME,AQUA SUPREME,PET 1000 ML,PET,1000.000 ML,,,1000.0,ML,0.0
57,01/07/2024,202406,2,112162713,41301020004,1719467228639,99762356,134,MAX TIGER,ENERGY DRINK, PRIZEFULL ,120,250 ML,PET ,,1719467228639-max tiger-energy drink#3.png,CROSS CODING,2,1,20124804,195.20715,118,GLOBE SOFT DRINK LTD-BNGLADESH,ROYAL TIGER,ROYAL TIGER,CAN 250 ML,CAN,250.000 ML,,,250.0,ML,0.0
57,01/07/2024,202406,2,112162713,41301020004,1719467228639,99762356,134,MAX TIGER,ENERGY DRINK, PRIZEFULL ,120,250 ML,PET ,,1719467228639-max tiger-energy drink#3.png,CROSS CODING,2,2,99762383,204.80493,118,AGRO THAI FOODS PVT LTD-NEPAL,MAX TIGER,MAX TIGER,CAN 250 ML+80 ML FREE,CAN,250.000 ML,,,330.0,ML,120.0
57,01/07/2024,202406,2,112162713,41301020004,1719467228639,99762356,134,MAX TIGER,ENERGY DRINK, PRIZEFULL ,120,250 ML,PET ,,1719467228639-max tiger-energy drink#3.png,CROSS CODING,2,3,99762356,215.81494,118,AGRO THAI FOODS PVT LTD-NEPAL,MAX TIGER,MAX TIGER,CAN 250 ML,CAN,250.000 ML,,,250.0,ML,120.0
57,01/07/2024,202406,2,112162713,41301020004,1719467228639,99762356,134,MAX TIGER,ENERGY DRINK, PRIZEFULL ,120,250 ML,PET ,,1719467228639-max tiger-energy drink#3.png,CROSS CODING,2,4,99765253,223.489,118,AGRO THAI FOODS PVT LTD-NEPAL,MAX TIGER,MAX TIGER,CAN 500 ML,CAN,500.000 ML,,,500.0,ML,200.0
57,01/07/2024,202406,2,112162713,41301020004,1719467228639,99762356,134,MAX TIGER,ENERGY DRINK, PRIZEFULL ,120,250 ML,PET ,,1719467228639-max tiger-energy drink#3.png,CROSS CODING,2,5,99764063,226.27126,118,AGRO THAI FOODS PVT LTD-NEPAL,MAX TIGER,MAX TIGER,SUGAR FREE CAN 250 ML+80 ML FREE,CAN,250.000 ML,,,330.0,ML,150.0
57,01/07/2024,202406,2,112162713,41301020004,1719467228639,99762356,134,MAX TIGER,ENERGY DRINK, PRIZEFULL ,120,250 ML,PET ,,1719467228639-max tiger-energy drink#3.png,CROSS CODING,2,6,40110333,226.32933,118,G.R. DRINKS - NEPAL,AQUA FRESH,AQUA FRESH,PET 1000 ML,PET,1000.000 ML,,,1000.0,ML,0.0
57,01/07/2024,202406,2,112162713,41301020004,1719467228639,99762356,134,MAX TIGER,ENERGY DRINK, PRIZEFULL ,120,250 ML,PET ,,1719467228639-max tiger-energy drink#3.png,CROSS CODING,2,7,40110282,226.77876,118,ROYAL BEVERAGE IND. - NEPAL,HIMALAYAN DEW,HIMALAYAN DEW,PET 1000 ML,PET,1000.000 ML,,,1000.0,ML,0.0
57,01/07/2024,202406,2,112162713,41301020004,1719467228639,99762356,134,MAX TIGER,ENERGY DRINK, PRIZEFULL ,120,250 ML,PET ,,1719467228639-max tiger-energy drink#3.png,CROSS CODING,2,8,99763747,226.85715,118,AGRO THAI FOODS PVT LTD-NEPAL,MAX TIGER,MAX TIGER,CLASSIC CAN 250 ML+80 ML FREE,CAN,250.000 ML,,,330.0,ML,150.0
57,01/07/2024,202406,2,112162713,41301020004,1719467228639,99762356,134,MAX TIGER,ENERGY DRINK, PRIZEFULL ,120,250 ML,PET ,,1719467228639-max tiger-energy drink#3.png,CROSS CODING,2,9,48350,228.1182,118,MB BEVERAGE UDHYOG-NEPAL,AQUA MB,AQUA MB,PET 1000 ML,PET,1000.000 ML,,,1000.0,ML,0.0
57,01/07/2024,202406,2,112162713,41301020004,1719467228639,99762356,134,MAX TIGER,ENERGY DRINK, PRIZEFULL ,120,250 ML,PET ,,1719467228639-max tiger-energy drink#3.png,CROSS CODING,2,10,99765025,228.46904,118,MB BEVERAGE UDHYOG-NEPAL,AQUA MB,AQUA MB,PET 900 ML,PET,900.000 ML,,,900.0,ML,50.0
58,01/07/2024,202406,2,115070629,41301020003,1719468769782,99762467,134,BUDDHA GRAMEEN PROCESSED DRINKING WATER INDUSTRY ,PROCESSED DRINKING WATER ,BG AQUA FRESH ,30,1000ML,PET ,,,CROSS CODING,2,1,99762467,114.6945,118,BAUDDHA GRAMEEN PROCESSED DRINKING WATER,AQUA FRESH,AQUA FRESH,PET 1000 ML,PET,1000.000 ML,,,1000.0,ML,20.0
58,01/07/2024,202406,2,115070629,41301020003,1719468769782,99762467,134,BUDDHA GRAMEEN PROCESSED DRINKING WATER INDUSTRY ,PROCESSED DRINKING WATER ,BG AQUA FRESH ,30,1000ML,PET ,,,CROSS CODING,2,2,40120567,144.0004,118,Y.K DRINKING WATER INDUSTRIES-NEPAL,AQUA ALPINE,AQUA ALPINE,PET 1000 ML,PET,1000.000 ML,,,1000.0,ML,0.0
58,01/07/2024,202406,2,115070629,41301020003,1719468769782,99762467,134,BUDDHA GRAMEEN PROCESSED DRINKING WATER INDUSTRY ,PROCESSED DRINKING WATER ,BG AQUA FRESH ,30,1000ML,PET ,,,CROSS CODING,2,3,99762477,146.1662,118,LORD BUDDHA WATER INDUSTRIES-NPL,BASIL,BASIL,PET 1000 ML,PET,1000.000 ML,,,1000.0,ML,25.0
58,01/07/2024,202406,2,115070629,41301020003,1719468769782,99762467,134,BUDDHA GRAMEEN PROCESSED DRINKING WATER INDUSTRY ,PROCESSED DRINKING WATER ,BG AQUA FRESH ,30,1000ML,PET ,,,CROSS CODING,2,4,54568,152.34872,118,AARUSHI BEVERAGE INDUS-NP,AQUA BUDDHA H2O,AQUA BUDDHA H2O,PET 1000 ML,PET,1000.000 ML,,,1000.0,ML,0.0
58,01/07/2024,202406,2,115070629,41301020003,1719468769782,99762467,134,BUDDHA GRAMEEN PROCESSED DRINKING WATER INDUSTRY ,PROCESSED DRINKING WATER ,BG AQUA FRESH ,30,1000ML,PET ,,,CROSS CODING,2,5,40110333,159.43507,118,G.R. DRINKS - NEPAL,AQUA FRESH,AQUA FRESH,PET 1000 ML,PET,1000.000 ML,,,1000.0,ML,0.0
58,01/07/2024,202406,2,115070629,41301020003,1719468769782,99762467,134,BUDDHA GRAMEEN PROCESSED DRINKING WATER INDUSTRY ,PROCESSED DRINKING WATER ,BG AQUA FRESH ,30,1000ML,PET ,,,CROSS CODING,2,6,40124812,161.46426,118,Y.K DRINKING WATER INDUSTRIES-NEPAL,AQUA LEHAR,AQUA LEHAR,PET 1000 ML,PET,1000.000 ML,,,1000.0,ML,0.0
58,01/07/2024,202406,2,115070629,41301020003,1719468769782,99762467,134,BUDDHA GRAMEEN PROCESSED DRINKING WATER INDUSTRY ,PROCESSED DRINKING WATER ,BG AQUA FRESH ,30,1000ML,PET ,,,CROSS CODING,2,7,99763714,161.9151,118,SAHABHAGITA WATER&BEVERAGE-NP,AQUA CHHU,AQUA CHHU,PET 1000 ML,PET,1000.000 ML,,,1000.0,ML,20.0
58,01/07/2024,202406,2,115070629,41301020003,1719468769782,99762467,134,BUDDHA GRAMEEN PROCESSED DRINKING WATER INDUSTRY ,PROCESSED DRINKING WATER ,BG AQUA FRESH ,30,1000ML,PET ,,,CROSS CODING,2,8,52581,163.59247,118,BUDDHA BHUMI BEVERAGE-NP,AQUA FLASH,AQUA FLASH,PET 1000 ML,PET,1000.000 ML,,,1000.0,ML,0.0
58,01/07/2024,202406,2,115070629,41301020003,1719468769782,99762467,134,BUDDHA GRAMEEN PROCESSED DRINKING WATER INDUSTRY ,PROCESSED DRINKING WATER ,BG AQUA FRESH ,30,1000ML,PET ,,,CROSS CODING,2,9,99765151,165.40903,118,NAWAYUG PROCESSED DRINKING WATER-NP,DOGADAKEDAR,DOGADAKEDAR,PET 1000 ML,PET,1000.000 ML,,,1000.0,ML,25.0
58,01/07/2024,202406,2,115070629,41301020003,1719468769782,99762467,134,BUDDHA GRAMEEN PROCESSED DRINKING WATER INDUSTRY ,PROCESSED DRINKING WATER ,BG AQUA FRESH ,30,1000ML,PET ,,,CROSS CODING,2,10,40121607,165.82913,118,CIVIL PROCESSING DRINK-NEPAL,AQUA SUPREME,AQUA SUPREME,PET 1000 ML,PET,1000.000 ML,,,1000.0,ML,0.0
