t_row_id,t_DATE,t_PERIOD,t_STORECODE,t_ITEMCODE,t_NEW_CODES,t_CATEGORY,t_MANUFACTURE,t_BRAND,t_ITEMDESC,t_MRP,t_PACKSIZE,t_PACKTYPE,t_COMMENTS,t_IMAGE,t_CODE COMMENT,t_FLAG,rank,matched_itemcode,distance,m_catcode,m_company,m_mbrand,m_brand,m_sku,m_packtype,m_base_pack,m_flavor,m_color,m_wght,m_uom,m_mrp
0,2021-12-31,202112,126893914,1640860693761,99763004,123,SAPTARISHI SOAP INDS-NPL,RUCHI,RUCHI DETERGENT SOAP/100GM/EWP/SAPTARISHI SOAP INDS-NPL,10,EWP,100GM,,1640860693761-saptarishi soap inds-npl-ruchi.png,RECODING,5,1,99763004,21.20723,123,SAPTARISHI SOAP INDS-NPL,RUCHI,RUCHI,RUCHI-DETERGENT SOAP EWP 100 GM,EWRPK,100.000 GM,,,100.0,GM,10.0
0,2021-12-31,202112,126893914,1640860693761,99763004,123,SAPTARISHI SOAP INDS-NPL,RUCHI,RUCHI DETERGENT SOAP/100GM/EWP/SAPTARISHI SOAP INDS-NPL,10,EWP,100GM,,1640860693761-saptarishi soap inds-npl-ruchi.png,RECODING,5,2,52438,116.70737,123,SAPTARISHI SOAP INDS-NPL,SEVEN STAR,SEVEN STAR,SEVEN STAR-EWP 95 GM,EWRPK,95.000 GM,,,95.0,GM,0.0
0,2021-12-31,202112,126893914,1640860693761,99763004,123,SAPTARISHI SOAP INDS-NPL,RUCHI,RUCHI DETERGENT SOAP/100GM/EWP/SAPTARISHI SOAP INDS-NPL,10,EWP,100GM,,1640860693761-saptarishi soap inds-npl-ruchi.png,RECODING,5,3,99764640,140.99591,123,INDU SOAP & DETERGENT UDHYOG-NPL,RAZZ,RAZZ,RAZZ-LAUNDRY SOAP PPH 200 GM,PLPCH,200.000 GM,,,200.0,GM,45.0
0,2021-12-31,202112,126893914,1640860693761,99763004,123,SAPTARISHI SOAP INDS-NPL,RUCHI,RUCHI DETERGENT SOAP/100GM/EWP/SAPTARISHI SOAP INDS-NPL,10,EWP,100GM,,1640860693761-saptarishi soap inds-npl-ruchi.png,RECODING,5,4,92917975,142.02051,123,SHREE SHAKAMBHARI SOAP IND-NEP,SAPANA,SAPANA,SAPANA-EWP 170 GMS,EWRPK,170.000 GM,,,170.0,GM,0.0
0,2021-12-31,202112,126893914,1640860693761,99763004,123,SAPTARISHI SOAP INDS-NPL,RUCHI,RUCHI DETERGENT SOAP/100GM/EWP/SAPTARISHI SOAP INDS-NPL,10,EWP,100GM,,1640860693761-saptarishi soap inds-npl-ruchi.png,RECODING,5,5,99762840,142.09615,123,SAPTARISHI SOAP INDS-NPL,SEVEN STAR,SEVEN STAR,SEVEN STAR-DISH WASH LEMON PCN 400 GM,PLJAR,400.000 GM,,,400.0,GM,55.0
0,2021-12-31,202112,126893914,1640860693761,99763004,123,SAPTARISHI SOAP INDS-NPL,RUCHI,RUCHI DETERGENT SOAP/100GM/EWP/SAPTARISHI SOAP INDS-NPL,10,EWP,100GM,,1640860693761-saptarishi soap inds-npl-ruchi.png,RECODING,5,6,92921976,145.49478,123,SUSHIL SOAP & CHEMICL INDS-NPL,WHITE DROP 72%,WHITE DROP 72%,WHITE DROP 72%-UNWRP 200 GMS,UNWRP,200.000 GM,,,200.0,GM,0.0
0,2021-12-31,202112,126893914,1640860693761,99763004,123,SAPTARISHI SOAP INDS-NPL,RUCHI,RUCHI DETERGENT SOAP/100GM/EWP/SAPTARISHI SOAP INDS-NPL,10,EWP,100GM,,1640860693761-saptarishi soap inds-npl-ruchi.png,RECODING,5,7,92921975,145.91623,123,SUSHIL SOAP & CHEMICL INDS-NPL,WHITE DROP 72%,WHITE DROP 72%,WHITE DROP 72%-UNWRP 150 GMS,UNWRP,150.000 GM,,,150.0,GM,0.0
0,2021-12-31,202112,126893914,1640860693761,99763004,123,SAPTARISHI SOAP INDS-NPL,RUCHI,RUCHI DETERGENT SOAP/100GM/EWP/SAPTARISHI SOAP INDS-NPL,10,EWP,100GM,,1640860693761-saptarishi soap inds-npl-ruchi.png,RECODING,5,8,92922223,147.33945,123,SUSHIL SOAP & CHEMICL INDS-NPL,WHITE DROP 72%,WHITE DROP 72%,WHITE DROP 72%-UNWRP 250 GMS,UNWRP,250.000 GM,,,250.0,GM,0.0
0,2021-12-31,202112,126893914,1640860693761,99763004,123,SAPTARISHI SOAP INDS-NPL,RUCHI,RUCHI DETERGENT SOAP/100GM/EWP/SAPTARISHI SOAP INDS-NPL,10,EWP,100GM,,1640860693761-saptarishi soap inds-npl-ruchi.png,RECODING,5,9,47863,147.71198,123,SUVALAXMI SOAP & CHEMICALS-NPL,FANCY,FANCY,FANCY-DETERGENT SOAP EWP 95 GM,EWRPK,95.000 GM,,,95.0,GM,0.0
0,2021-12-31,202112,126893914,1640860693761,99763004,123,SAPTARISHI SOAP INDS-NPL,RUCHI,RUCHI DETERGENT SOAP/100GM/EWP/SAPTARISHI SOAP INDS-NPL,10,EWP,100GM,,1640860693761-saptarishi soap inds-npl-ruchi.png,RECODING,5,10,99764734,151.0708,123,R.N.A PRODUCTION PVT LTD-NP,BIR,BIR,BIR-DETERGENT SOAP EWP 90 GM,EWRPK,90.000 GM,,,90.0,GM,10.0
1,2021-12-31,202112,133176664,1640854266905,99762895,118,AQUA NEPAL BISLERI-NEPAL,HAYAT,AQUA ABE HAYAT PBT 1000 ML,25,PBT,1000 ML,,1640854266905-aqua nepal bisleri-nepal-hayat.png,RECODING,5,1,99762895,35.02705,118,AQUA NEPAL BISLERI-NEPAL,AQUA ABE HAYAT,AQUA ABE HAYAT,PET 1000 ML,PET,1000.000 ML,,,1000.0,ML,25.0
1,2021-12-31,202112,133176664,1640854266905,99762895,118,AQUA NEPAL BISLERI-NEPAL,HAYAT,AQUA ABE HAYAT PBT 1000 ML,25,PBT,1000 ML,,1640854266905-aqua nepal bisleri-nepal-hayat.png,RECODING,5,2,40111004,103.781876,118,BISLERI NEPAL PVT. LTD.- NEPAL,BISLERI,BISLERI,PET 1000 ML,PET,1000.000 ML,,,1000.0,ML,0.0
1,2021-12-31,202112,133176664,1640854266905,99762895,118,AQUA NEPAL BISLERI-NEPAL,HAYAT,AQUA ABE HAYAT PBT 1000 ML,25,PBT,1000 ML,,1640854266905-aqua nepal bisleri-nepal-hayat.png,RECODING,5,3,40111005,104.112114,118,BISLERI NEPAL PVT. LTD.- NEPAL,BISLERI,BISLERI,PET 2000 ML,PET,2000.000 ML,,,2000.0,ML,0.0
1,2021-12-31,202112,133176664,1640854266905,99762895,118,AQUA NEPAL BISLERI-NEPAL,HAYAT,AQUA ABE HAYAT PBT 1000 ML,25,PBT,1000 ML,,1640854266905-aqua nepal bisleri-nepal-hayat.png,RECODING,5,4,40110810,107.22275,118,AQUA SUNDARI PVT LTD-NEPAL,AQUA DB,AQUA DB,PET 1000 ML,PET,1000.000 ML,,,1000.0,ML,0.0
1,2021-12-31,202112,133176664,1640854266905,99762895,118,AQUA NEPAL BISLERI-NEPAL,HAYAT,AQUA ABE HAYAT PBT 1000 ML,25,PBT,1000 ML,,1640854266905-aqua nepal bisleri-nepal-hayat.png,RECODING,5,5,40123908,111.44461,118,BIRATNEER JAL UDHYOG-NEPAL,PARIS AQUA,PARIS AQUA,PET 1000 ML,PET,1000.000 ML,,,1000.0,ML,0.0
1,2021-12-31,202112,133176664,1640854266905,99762895,118,AQUA NEPAL BISLERI-NEPAL,HAYAT,AQUA ABE HAYAT PBT 1000 ML,25,PBT,1000 ML,,1640854266905-aqua nepal bisleri-nepal-hayat.png,RECODING,5,6,40111006,112.10656,118,BISLERI NEPAL PVT. LTD.- NEPAL,BISLERI,BISLERI,PET 500 ML,PET,500.000 ML,,,500.0,ML,0.0
1,2021-12-31,202112,133176664,1640854266905,99762895,118,AQUA NEPAL BISLERI-NEPAL,HAYAT,AQUA ABE HAYAT PBT 1000 ML,25,PBT,1000 ML,,1640854266905-aqua nepal bisleri-nepal-hayat.png,RECODING,5,7,40121664,112.410355,118,AQUA SMART SPRING WATER-NEPAL,AQUA BISLE,AQUA BISLE,PET 1000 ML,PET,1000.000 ML,,,1000.0,ML,0.0
1,2021-12-31,202112,133176664,1640854266905,99762895,118,AQUA NEPAL BISLERI-NEPAL,HAYAT,AQUA ABE HAYAT PBT 1000 ML,25,PBT,1000 ML,,1640854266905-aqua nepal bisleri-nepal-hayat.png,RECODING,5,8,50790,112.61716,118,AQUA NEPAL BISLERI-NEPAL,GOOD DRINKS,GOOD DRINKS,PET 1000 ML,PET,1000.000 ML,,,1000.0,ML,0.0
1,2021-12-31,202112,133176664,1640854266905,99762895,118,AQUA NEPAL BISLERI-NEPAL,HAYAT,AQUA ABE HAYAT PBT 1000 ML,25,PBT,1000 ML,,1640854266905-aqua nepal bisleri-nepal-hayat.png,RECODING,5,9,52253,112.91432,118,PASHUPATI AQUA INDS-NEPAL,SATYAM,SATYAM,PET 1000 ML,PET,1000.000 ML,,,1000.0,ML,0.0
1,2021-12-31,202112,133176664,1640854266905,99762895,118,AQUA NEPAL BISLERI-NEPAL,HAYAT,AQUA ABE HAYAT PBT 1000 ML,25,PBT,1000 ML,,1640854266905-aqua nepal bisleri-nepal-hayat.png,RECODING,5,10,40110724,113.97952,118,NIRBESHWOR WATER IND-NEPAL,AQUA 4-U,AQUA 4-U,PET 1000 ML,PET,1000.000 ML,,,1000.0,ML,0.0
2,2021-12-31,202112,123582683,1640851670848,99762911,132,JASMINE HYGIENIC - NEPAL,CUDDLES PANTS OVER NIGHT,CUDDLES PANTS OVER NIGHT\52\ PCS,950,PPH,52PCS,New SKU,1640851670848-jasmine hygienic - nepal-cuddles pants over night.png,RECODING,5,1,99762689,46.855232,132,JASMINE HYGIENIC - NEPAL,CUDDLERS,CUDDLERS PANTS,CUDDLERS PANTS-OVERNITES SMALL(S) PPH 6 NOS,PLPCH,6.000 NO,,,6.0,NO,100.0
2,2021-12-31,202112,123582683,1640851670848,99762911,132,JASMINE HYGIENIC - NEPAL,CUDDLES PANTS OVER NIGHT,CUDDLES PANTS OVER NIGHT\52\ PCS,950,PPH,52PCS,New SKU,1640851670848-jasmine hygienic - nepal-cuddles pants over night.png,RECODING,5,2,99762911,48.953865,132,JASMINE HYGIENIC - NEPAL,CUDDLERS,CUDDLERS PANTS,CUDDLERS PANTS-OVERNITES MEDIUM (M) PPH 52 NOS,PLPCH,52.000 NO,,,52.0,NO,950.0
2,2021-12-31,202112,123582683,1640851670848,99762911,132,JASMINE HYGIENIC - NEPAL,CUDDLES PANTS OVER NIGHT,CUDDLES PANTS OVER NIGHT\52\ PCS,950,PPH,52PCS,New SKU,1640851670848-jasmine hygienic - nepal-cuddles pants over night.png,RECODING,5,3,99762687,48.972755,132,JASMINE HYGIENIC - NEPAL,CUDDLERS,CUDDLERS PANTS,CUDDLERS PANTS-OVERNITES SMALL(S) PPH 5 NOS,PLPCH,5.000 NO,,,5.0,NO,100.0
2,2021-12-31,202112,123582683,1640851670848,99762911,132,JASMINE HYGIENIC - NEPAL,CUDDLES PANTS OVER NIGHT,CUDDLES PANTS OVER NIGHT\52\ PCS,950,PPH,52PCS,New SKU,1640851670848-jasmine hygienic - nepal-cuddles pants over night.png,RECODING,5,4,99762657,50.039062,132,JASMINE HYGIENIC - NEPAL,CUDDLERS,CUDDLERS PANTS,CUDDLERS PANTS-OVERNITES LARGE(L) PPH 5 NOS,PLPCH,5.000 NO,,,5.0,NO,100.0
2,2021-12-31,202112,123582683,1640851670848,99762911,132,JASMINE HYGIENIC - NEPAL,CUDDLES PANTS OVER NIGHT,CUDDLES PANTS OVER NIGHT\52\ PCS,950,PPH,52PCS,New SKU,1640851670848-jasmine hygienic - nepal-cuddles pants over night.png,RECODING,5,5,99762688,50.255505,132,JASMINE HYGIENIC - NEPAL,CUDDLERS,CUDDLERS PANTS,CUDDLERS PANTS-OVERNITES MEDIUM (M) PPH 5 NOS,PLPCH,5.000 NO,,,5.0,NO,100.0
2,2021-12-31,202112,123582683,1640851670848,99762911,132,JASMINE HYGIENIC - NEPAL,CUDDLES PANTS OVER NIGHT,CUDDLES PANTS OVER NIGHT\52\ PCS,950,PPH,52PCS,New SKU,1640851670848-jasmine hygienic - nepal-cuddles pants over night.png,RECODING,5,6,99764405,51.329994,132,JASMINE HYGIENIC - NEPAL,CUDDLERS,CUDDLERS PANTS,CUDDLERS PANTS-OVERNITES LARGE(L) PPH 4 NOS,PLPCH,4.000 NO,,,4.0,NO,100.0
2,2021-12-31,202112,123582683,1640851670848,99762911,132,JASMINE HYGIENIC - NEPAL,CUDDLES PANTS OVER NIGHT,CUDDLES PANTS OVER NIGHT\52\ PCS,950,PPH,52PCS,New SKU,1640851670848-jasmine hygienic - nepal-cuddles pants over night.png,RECODING,5,7,99763061,53.405216,132,JASMINE HYGIENIC - NEPAL,CUDDLERS,CUDDLERS PANTS,CUDDLERS PANTS-OVERNITES LARGE(L) PPH 48 NOS,PLPCH,48.000 NO,,,48.0,NO,960.0
2,2021-12-31,202112,123582683,1640851670848,99762911,132,JASMINE HYGIENIC - NEPAL,CUDDLES PANTS OVER NIGHT,CUDDLES PANTS OVER NIGHT\52\ PCS,950,PPH,52PCS,New SKU,1640851670848-jasmine hygienic - nepal-cuddles pants over night.png,RECODING,5,8,99762705,56.45983,132,JASMINE HYGIENIC - NEPAL,CUDDLERS,CUDDLERS PANTS,CUDDLERS PANTS-SOFT & DRY LARGE(L) PPH 4 NOS,PLPCH,4.000 NO,,,4.0,NO,80.0
2,2021-12-31,202112,123582683,1640851670848,99762911,132,JASMINE HYGIENIC - NEPAL,CUDDLES PANTS OVER NIGHT,CUDDLES PANTS OVER NIGHT\52\ PCS,950,PPH,52PCS,New SKU,1640851670848-jasmine hygienic - nepal-cuddles pants over night.png,RECODING,5,9,99762706,56.835873,132,JASMINE HYGIENIC - NEPAL,CUDDLERS,CUDDLERS PANTS,CUDDLERS PANTS-SOFT & DRY SMALL (S) PPH 5 NOS,PLPCH,5.000 NO,,,5.0,NO,80.0
2,2021-12-31,202112,123582683,1640851670848,99762911,132,JASMINE HYGIENIC - NEPAL,CUDDLES PANTS OVER NIGHT,CUDDLES PANTS OVER NIGHT\52\ PCS,950,PPH,52PCS,New SKU,1640851670848-jasmine hygienic - nepal-cuddles pants over night.png,RECODING,5,10,99762623,59.036476,132,JASMINE HYGIENIC - NEPAL,CUDDLERS,CUDDLERS PANTS,CUDDLERS PANTS-OVERNITES EXTRA LARGE(XL) PPH 4 NOS,PLPCH,4.000 NO,,,4.0,NO,100.0
3,2021-12-31,202112,122528029,1640846910886,99762423,122,R.M. CHEMICALS NEPAL,ACTIVE WHEEL 2 IN 1,ACTIVE WHEEL 2 IN 1\750\GM,75,PPH,750GM,New SKU,1640846910886-r-m- chemicals nepal-active wheel 2 in 1.png,CROSS CODING,2,1,50274,133.51218,122,UNILEVER NEPAL LTD-NEPAL,WHEEL,WHEEL ACTIVE,WHEEL ACTIVE-2IN1 CLN FRS PPH 1000 GM+FR VIM BAR 85G,PLPCH,1000.000 GM,,,1000.0,GM,0.0
3,2021-12-31,202112,122528029,1640846910886,99762423,122,R.M. CHEMICALS NEPAL,ACTIVE WHEEL 2 IN 1,ACTIVE WHEEL 2 IN 1\750\GM,75,PPH,750GM,New SKU,1640846910886-r-m- chemicals nepal-active wheel 2 in 1.png,CROSS CODING,2,2,99762423,136.68033,122,UNILEVER NEPAL LTD-NEPAL,WHEEL,WHEEL ACTIVE,WHEEL ACTIVE-2IN1 CLEAN FRESH PPH 750 GM,PLPCH,750.000 GM,,,750.0,GM,75.0
3,2021-12-31,202112,122528029,1640846910886,99762423,122,R.M. CHEMICALS NEPAL,ACTIVE WHEEL 2 IN 1,ACTIVE WHEEL 2 IN 1\750\GM,75,PPH,750GM,New SKU,1640846910886-r-m- chemicals nepal-active wheel 2 in 1.png,CROSS CODING,2,3,99762424,138.11496,122,UNILEVER NEPAL LTD-NEPAL,WHEEL,WHEEL ACTIVE,WHEEL ACTIVE-2IN1 CLEAN FRESH PPH 200 GM,PLPCH,200.000 GM,,,200.0,GM,20.0
3,2021-12-31,202112,122528029,1640846910886,99762423,122,R.M. CHEMICALS NEPAL,ACTIVE WHEEL 2 IN 1,ACTIVE WHEEL 2 IN 1\750\GM,75,PPH,750GM,New SKU,1640846910886-r-m- chemicals nepal-active wheel 2 in 1.png,CROSS CODING,2,4,99764844,139.06375,122,UNILEVER NEPAL LTD-NEPAL,WHEEL,WHEEL ACTIVE,WHEEL ACTIVE-2IN1 CLEAN & FRESH PPH 150 GM,PLPCH,150.000 GM,,,150.0,GM,20.0
3,2021-12-31,202112,122528029,1640846910886,99762423,122,R.M. CHEMICALS NEPAL,ACTIVE WHEEL 2 IN 1,ACTIVE WHEEL 2 IN 1\750\GM,75,PPH,750GM,New SKU,1640846910886-r-m- chemicals nepal-active wheel 2 in 1.png,CROSS CODING,2,5,53599,139.06975,122,UNILEVER NEPAL LTD-NEPAL,WHEEL,WHEEL ACTIVE,WHEEL ACTIVE-2IN1 CLEAN FRESH PPH 160 GM,PLPCH,160.000 GM,,,160.0,GM,0.0
3,2021-12-31,202112,122528029,1640846910886,99762423,122,R.M. CHEMICALS NEPAL,ACTIVE WHEEL 2 IN 1,ACTIVE WHEEL 2 IN 1\750\GM,75,PPH,750GM,New SKU,1640846910886-r-m- chemicals nepal-active wheel 2 in 1.png,CROSS CODING,2,6,99764625,139.35876,122,UNILEVER NEPAL LTD-NEPAL,WHEEL,WHEEL ACTIVE,WHEEL ACTIVE-2IN1 CLEAN & FRESH PPH 900 GM,PLPCH,900.000 GM,,,900.0,GM,110.0
3,2021-12-31,202112,122528029,1640846910886,99762423,122,R.M. CHEMICALS NEPAL,ACTIVE WHEEL 2 IN 1,ACTIVE WHEEL 2 IN 1\750\GM,75,PPH,750GM,New SKU,1640846910886-r-m- chemicals nepal-active wheel 2 in 1.png,CROSS CODING,2,7,99763979,139.70975,122,UNILEVER NEPAL LTD-NEPAL,WHEEL,WHEEL ACTIVE,WHEEL ACTIVE-2IN1 CLEAN FRESH PPH 950 GM,PLPCH,950.000 GM,,,950.0,GM,110.0
3,2021-12-31,202112,122528029,1640846910886,99762423,122,R.M. CHEMICALS NEPAL,ACTIVE WHEEL 2 IN 1,ACTIVE WHEEL 2 IN 1\750\GM,75,PPH,750GM,New SKU,1640846910886-r-m- chemicals nepal-active wheel 2 in 1.png,CROSS CODING,2,8,99762769,139.73093,122,UNILEVER NEPAL LTD-NEPAL,WHEEL,WHEEL ACTIVE,WHEEL ACTIVE-2IN1 CLEAN & FRESH PPH 850 GM,PLPCH,850.000 GM,,,850.0,GM,75.0
3,2021-12-31,202112,122528029,1640846910886,99762423,122,R.M. CHEMICALS NEPAL,ACTIVE WHEEL 2 IN 1,ACTIVE WHEEL 2 IN 1\750\GM,75,PPH,750GM,New SKU,1640846910886-r-m- chemicals nepal-active wheel 2 in 1.png,CROSS CODING,2,9,49512,140.06006,122,UNILEVER NEPAL LTD-NEPAL,WHEEL,WHEEL ACTIVE,WHEEL ACTIVE-2IN1 CLEAN FRESH PPH 175 GM,PLPCH,175.000 GM,,,175.0,GM,0.0
3,2021-12-31,202112,122528029,1640846910886,99762423,122,R.M. CHEMICALS NEPAL,ACTIVE WHEEL 2 IN 1,ACTIVE WHEEL 2 IN 1\750\GM,75,PPH,750GM,New SKU,1640846910886-r-m- chemicals nepal-active wheel 2 in 1.png,CROSS CODING,2,10,99764088,140.16052,122,UNILEVER NEPAL LTD-NEPAL,WHEEL,WHEEL ACTIVE,WHEEL ACTIVE-2IN1 CLEAN & FRESH PPH 180 GM,PLPCH,180.000 GM,,,180.0,GM,20.0
4,2021-12-31,202112,122528029,1640846311402,99762901,123,HIMGIRI SOAP & CHEMICALS-NEPAL,DHONI LAUNDRY SOAP,DHONI LAUNDRY SOAP \500\HM,100,PPH,500GM,New SKU,1640846311402-himgiri soap - chemicals-nepal-dhoni laundry soap.png,RECODING,5,1,50150,17.284895,123,HIMGIRI SOAP & CHEMICALS-NEPAL,DHONI,DHONI,DHONI-LAUNDRY SOAP PPH 220 GM,PLPCH,220.000 GM,,,220.0,GM,0.0
4,2021-12-31,202112,122528029,1640846311402,99762901,123,HIMGIRI SOAP & CHEMICALS-NEPAL,DHONI LAUNDRY SOAP,DHONI LAUNDRY SOAP \500\HM,100,PPH,500GM,New SKU,1640846311402-himgiri soap - chemicals-nepal-dhoni laundry soap.png,RECODING,5,2,53650,18.134682,123,HIMGIRI SOAP & CHEMICALS-NEPAL,DHONI,DHONI,DHONI-LAUNDRY SOAP PPH 200 GM,PLPCH,200.000 GM,,,200.0,GM,0.0
4,2021-12-31,202112,122528029,1640846311402,99762901,123,HIMGIRI SOAP & CHEMICALS-NEPAL,DHONI LAUNDRY SOAP,DHONI LAUNDRY SOAP \500\HM,100,PPH,500GM,New SKU,1640846311402-himgiri soap - chemicals-nepal-dhoni laundry soap.png,RECODING,5,3,99763524,18.15898,123,HIMGIRI SOAP & CHEMICALS-NEPAL,DHONI,DHONI,DHONI-LAUNDRY SOAP PPH 3*300 GM [900GM],PLPCH,300.000 GM,,,900.0,GM,175.0
4,2021-12-31,202112,122528029,1640846311402,99762901,123,HIMGIRI SOAP & CHEMICALS-NEPAL,DHONI LAUNDRY SOAP,DHONI LAUNDRY SOAP \500\HM,100,PPH,500GM,New SKU,1640846311402-himgiri soap - chemicals-nepal-dhoni laundry soap.png,RECODING,5,4,49825,18.175446,123,HIMGIRI SOAP & CHEMICALS-NEPAL,DHONI,DHONI,DHONI-LAUNDRY SOAP PPH 210 GM,PLPCH,210.000 GM,,,210.0,GM,0.0
4,2021-12-31,202112,122528029,1640846311402,99762901,123,HIMGIRI SOAP & CHEMICALS-NEPAL,DHONI LAUNDRY SOAP,DHONI LAUNDRY SOAP \500\HM,100,PPH,500GM,New SKU,1640846311402-himgiri soap - chemicals-nepal-dhoni laundry soap.png,RECODING,5,5,99762901,18.791582,123,HIMGIRI SOAP & CHEMICALS-NEPAL,DHONI,DHONI,DHONI-LAUNDRY SOAP PPH 3*167 GM [500GM],PLPCH,167.000 GM,,,500.0,GM,100.0
4,2021-12-31,202112,122528029,1640846311402,99762901,123,HIMGIRI SOAP & CHEMICALS-NEPAL,DHONI LAUNDRY SOAP,DHONI LAUNDRY SOAP \500\HM,100,PPH,500GM,New SKU,1640846311402-himgiri soap - chemicals-nepal-dhoni laundry soap.png,RECODING,5,6,52448,19.482447,123,HIMGIRI SOAP & CHEMICALS-NEPAL,DHONI,DHONI,DHONI-LAUNDRY SOAP PPH 3*220 GM,PLPCH,220.000 GM,,,660.0,GM,0.0
4,2021-12-31,202112,122528029,1640846311402,99762901,123,HIMGIRI SOAP & CHEMICALS-NEPAL,DHONI LAUNDRY SOAP,DHONI LAUNDRY SOAP \500\HM,100,PPH,500GM,New SKU,1640846311402-himgiri soap - chemicals-nepal-dhoni laundry soap.png,RECODING,5,7,50548,20.625898,123,HIMGIRI SOAP & CHEMICALS-NEPAL,DHONI,DHONI,DHONI-XTRAA LAUNDRY SOAP PPH 6*200 GM,PLPCH,200.000 GM,,,1200.0,GM,0.0
4,2021-12-31,202112,122528029,1640846311402,99762901,123,HIMGIRI SOAP & CHEMICALS-NEPAL,DHONI LAUNDRY SOAP,DHONI LAUNDRY SOAP \500\HM,100,PPH,500GM,New SKU,1640846311402-himgiri soap - chemicals-nepal-dhoni laundry soap.png,RECODING,5,8,51127,20.628445,123,HIMGIRI SOAP & CHEMICALS-NEPAL,DHONI,DHONI,DHONI-XTRAA LAUNDRY SOAP PPH 105 GM,PLPCH,105.000 GM,,,105.0,GM,0.0
4,2021-12-31,202112,122528029,1640846311402,99762901,123,HIMGIRI SOAP & CHEMICALS-NEPAL,DHONI LAUNDRY SOAP,DHONI LAUNDRY SOAP \500\HM,100,PPH,500GM,New SKU,1640846311402-himgiri soap - chemicals-nepal-dhoni laundry soap.png,RECODING,5,9,46260,21.609058,123,HIMGIRI SOAP & CHEMICALS-NEPAL,DHONI,DHONI,DHONI-XTRAA LAUNDRY SOAP PPH 200 GM,PLPCH,200.000 GM,,,200.0,GM,0.0
4,2021-12-31,202112,122528029,1640846311402,99762901,123,HIMGIRI SOAP & CHEMICALS-NEPAL,DHONI LAUNDRY SOAP,DHONI LAUNDRY SOAP \500\HM,100,PPH,500GM,New SKU,1640846311402-himgiri soap - chemicals-nepal-dhoni laundry soap.png,RECODING,5,10,54377,21.851252,123,HIMGIRI SOAP & CHEMICALS-NEPAL,DHONI,DHONI,DHONI-XTRAA LAUNDRY SOAP PPH 210 GM,PLPCH,210.000 GM,,,210.0,GM,0.0
5,2021-12-31,202112,130283152,1640584449197,,118,NESCAFE HAZELNUT ,NESCAFE ,NESCAFE,35,TPK,180ML,,1640584449197-nescafe hazelnut -nescafe .png,DELETE THE ITEM,1,1,99763541,124.02104,118,NESTLE INDIA LTD. - INDIA,NESCAFE,NESCAFE HAZELNUT,HAZELNUT TPK 180 ML,TPK,180.000 ML,HAZELNUT,,180.0,ML,75.0
5,2021-12-31,202112,130283152,1640584449197,,118,NESCAFE HAZELNUT ,NESCAFE ,NESCAFE,35,TPK,180ML,,1640584449197-nescafe hazelnut -nescafe .png,DELETE THE ITEM,1,2,99763480,186.838,118,NESTLE INDIA LTD. - INDIA,NESCAFE,NESCAFE INTENSE CAFE,CAPPUCCINO TPK 180 ML,TPK,180.000 ML,CAPPUCCINO,,180.0,ML,75.0
5,2021-12-31,202112,130283152,1640584449197,,118,NESCAFE HAZELNUT ,NESCAFE ,NESCAFE,35,TPK,180ML,,1640584449197-nescafe hazelnut -nescafe .png,DELETE THE ITEM,1,3,99764953,196.94821,118,NESTLE INDIA LTD. - INDIA,NESCAFE,NESCAFE CHOCO MOCHA,CHOCO MOCHA TPK 180 ML,TPK,180.000 ML,CHOCOLATE,,180.0,ML,90.0
5,2021-12-31,202112,130283152,1640584449197,,118,NESCAFE HAZELNUT ,NESCAFE ,NESCAFE,35,TPK,180ML,,1640584449197-nescafe hazelnut -nescafe .png,DELETE THE ITEM,1,4,99763479,207.2674,118,NESTLE INDIA LTD. - INDIA,NESCAFE,NESCAFE CHILLED LATTE,COFFEE & MILK TPK 180 ML,TPK,180.000 ML,COFFEE,,180.0,ML,75.0
5,2021-12-31,202112,130283152,1640584449197,,118,NESCAFE HAZELNUT ,NESCAFE ,NESCAFE,35,TPK,180ML,,1640584449197-nescafe hazelnut -nescafe .png,DELETE THE ITEM,1,5,20110446,239.88322,118,RIJAL TASHI IND. PVT LTD-NEPAL,DRUK,DRUK,PINEAPPLE CAN 240 ML,CAN,240.000 ML,PINEAPPLE,,240.0,ML,0.0
5,2021-12-31,202112,130283152,1640584449197,,118,NESCAFE HAZELNUT ,NESCAFE ,NESCAFE,35,TPK,180ML,,1640584449197-nescafe hazelnut -nescafe .png,DELETE THE ITEM,1,6,99764248,241.08804,118,NESTLE INDIA LTD. - INDIA,NESTLE,NESTLE MILO,COCOA-MALT MILK TPK 180 ML,TPK,180.000 ML,COCOA-MALT MILK,,180.0,ML,70.0
5,2021-12-31,202112,130283152,1640584449197,,118,NESCAFE HAZELNUT ,NESCAFE ,NESCAFE,35,TPK,180ML,,1640584449197-nescafe hazelnut -nescafe .png,DELETE THE ITEM,1,7,54744,244.15384,118,SNK INTERNATIONAL-NEPAL,FREEZIK,FREEZIK,ALMOND DELIGHT CAN 180 ML,CAN,180.000 ML,ALMOND,,180.0,ML,0.0
5,2021-12-31,202112,130283152,1640584449197,,118,NESCAFE HAZELNUT ,NESCAFE ,NESCAFE,35,TPK,180ML,,1640584449197-nescafe hazelnut -nescafe .png,DELETE THE ITEM,1,8,20110151,244.35027,118,DEL MONTE PHILS - PHILIPINES,DEL MONTE,DEL MONTE,SWEETEND PINEAPLE CAN 240 ML,CAN,240.000 ML,PINEAPPLE,,240.0,ML,0.0
5,2021-12-31,202112,130283152,1640584449197,,118,NESCAFE HAZELNUT ,NESCAFE ,NESCAFE,35,TPK,180ML,,1640584449197-nescafe hazelnut -nescafe .png,DELETE THE ITEM,1,9,99763746,246.34949,118,AMRAPALI BEVERAGE-NEPAL,AMRAPALI,AMRAPALI KOOL,PINEAPPLE TPK 180 ML+20 ML FREE,TPK,180.000 ML,PINEAPPLE,,200.0,ML,25.0
5,2021-12-31,202112,130283152,1640584449197,,118,NESCAFE HAZELNUT ,NESCAFE ,NESCAFE,35,TPK,180ML,,1640584449197-nescafe hazelnut -nescafe .png,DELETE THE ITEM,1,10,20110217,246.86432,118,RIJAL TASHI IND. PVT LTD-NEPAL,DRUK,DRUK,PINEAPPLE TIN 425 ML,TIN,425.000 ML,PINEAPPLE,,425.0,ML,0.0
6,2021-12-31,202112,123455987,1640676811319,99762902,123,NEPAL GRAMODHYOG PVT LTD-NP,NEPAL GRAMODHYOG HERB YUKT,NEPAL GRAMODHYOG HERB YUKT\150\GM,20,PPH,150GM,New SKU,1640676811319-nepal gramodhyog pvt ltd-np-nepal gramodhyog herb yukt.png,RECODING,5,1,99762902,32.753155,123,NEPAL GRAMODHYOG PVT LTD-NP,NEPAL GRAMODHYOG,NEPAL GRAMODHYOG HERB YUKT,NEPAL GRAMODHYOG HERB YUKT-ASH & LEMON PPH 150 GM,PLPCH,150.000 GM,,,150.0,GM,20.0
6,2021-12-31,202112,123455987,1640676811319,99762902,123,NEPAL GRAMODHYOG PVT LTD-NP,NEPAL GRAMODHYOG HERB YUKT,NEPAL GRAMODHYOG HERB YUKT\150\GM,20,PPH,150GM,New SKU,1640676811319-nepal gramodhyog pvt ltd-np-nepal gramodhyog herb yukt.png,RECODING,5,2,50345,32.953136,123,NEPAL GRAMODHYOG PVT LTD-NP,NEPAL GRAMODHYOG,NEPAL GRAMODHYOG,NEPAL GRAMODHYOG-HERB YUKT EWP 280 GM,EWRPK,280.000 GM,,,280.0,GM,0.0
6,2021-12-31,202112,123455987,1640676811319,99762902,123,NEPAL GRAMODHYOG PVT LTD-NP,NEPAL GRAMODHYOG HERB YUKT,NEPAL GRAMODHYOG HERB YUKT\150\GM,20,PPH,150GM,New SKU,1640676811319-nepal gramodhyog pvt ltd-np-nepal gramodhyog herb yukt.png,RECODING,5,3,51834,35.343513,123,NEPAL GRAMODHYOG PVT LTD-NP,NEPAL GRAMODHYOG,NEPAL GRAMODHYOG,NEPAL GRAMODHYOG-HERB YUKT EWP 250 GM DTRGN CAK,EWRPK,250.000 GM,,,250.0,GM,0.0
6,2021-12-31,202112,123455987,1640676811319,99762902,123,NEPAL GRAMODHYOG PVT LTD-NP,NEPAL GRAMODHYOG HERB YUKT,NEPAL GRAMODHYOG HERB YUKT\150\GM,20,PPH,150GM,New SKU,1640676811319-nepal gramodhyog pvt ltd-np-nepal gramodhyog herb yukt.png,RECODING,5,4,99762991,38.068253,123,NEPAL GRAMODHYOG PVT LTD-NP,NEPAL GRAMODHYOG,NEPAL GRAMODHYOG,NEPAL GRAMODHYOG-HERB YUKTA EWP 90 GM,EWRPK,90.000 GM,,,90.0,GM,10.0
6,2021-12-31,202112,123455987,1640676811319,99762902,123,NEPAL GRAMODHYOG PVT LTD-NP,NEPAL GRAMODHYOG HERB YUKT,NEPAL GRAMODHYOG HERB YUKT\150\GM,20,PPH,150GM,New SKU,1640676811319-nepal gramodhyog pvt ltd-np-nepal gramodhyog herb yukt.png,RECODING,5,5,99763034,38.723557,123,NEPAL GRAMODHYOG PVT LTD-NP,NEPAL GRAMODHYOG,NEPAL GRAMODHYOG HERB YUKT,NEPAL GRAMODHYOG HERB YUKT-ASH & LEMON PPH 200 GM,PLPCH,200.000 GM,,,200.0,GM,22.0
6,2021-12-31,202112,123455987,1640676811319,99762902,123,NEPAL GRAMODHYOG PVT LTD-NP,NEPAL GRAMODHYOG HERB YUKT,NEPAL GRAMODHYOG HERB YUKT\150\GM,20,PPH,150GM,New SKU,1640676811319-nepal gramodhyog pvt ltd-np-nepal gramodhyog herb yukt.png,RECODING,5,6,49502,41.90463,123,NEPAL GRAMODHYOG PVT LTD-NP,NEPAL GRAMODHYOG,NEPAL GRAMODHYOG,NEPAL GRAMODHYOG-HERBAL YUKT EWP 175 GM,EWRPK,175.000 GM,,,175.0,GM,0.0
6,2021-12-31,202112,123455987,1640676811319,99762902,123,NEPAL GRAMODHYOG PVT LTD-NP,NEPAL GRAMODHYOG HERB YUKT,NEPAL GRAMODHYOG HERB YUKT\150\GM,20,PPH,150GM,New SKU,1640676811319-nepal gramodhyog pvt ltd-np-nepal gramodhyog herb yukt.png,RECODING,5,7,50740,88.94052,123,PATANJALI AYURVED PVT LTD-NEPAL,NEPAL GRAMODHYOG,NEPAL GRAMODHYOG,NEPAL GRAMODHYOG-HERB YUKTA EWP 95 GM,EWRPK,95.000 GM,,,95.0,GM,0.0
6,2021-12-31,202112,123455987,1640676811319,99762902,123,NEPAL GRAMODHYOG PVT LTD-NP,NEPAL GRAMODHYOG HERB YUKT,NEPAL GRAMODHYOG HERB YUKT\150\GM,20,PPH,150GM,New SKU,1640676811319-nepal gramodhyog pvt ltd-np-nepal gramodhyog herb yukt.png,RECODING,5,8,92927228,103.04901,123,NEPAL GRAMODHYOG PVT LTD-NP,PATANJALI,PATANJALI DTRGNT CAKE WTH HERB,PATANJALI DTRGNT CAKE WTH HERB-NEEM&ROSE,EWRPK,250.000 GM,,,250.0,GM,0.0
6,2021-12-31,202112,123455987,1640676811319,99762902,123,NEPAL GRAMODHYOG PVT LTD-NP,NEPAL GRAMODHYOG HERB YUKT,NEPAL GRAMODHYOG HERB YUKT\150\GM,20,PPH,150GM,New SKU,1640676811319-nepal gramodhyog pvt ltd-np-nepal gramodhyog herb yukt.png,RECODING,5,9,92926684,104.304306,123,NEPAL GRAMODHYOG PVT LTD-NP,PATANJALI,PATANJALI DTRGNT CAKE WTH HERB,PATANJALI DTRGNT CAKE WTH HERB-NEEM&LEMON,EWRPK,250.000 GM,,,250.0,GM,0.0
6,2021-12-31,202112,123455987,1640676811319,99762902,123,NEPAL GRAMODHYOG PVT LTD-NP,NEPAL GRAMODHYOG HERB YUKT,NEPAL GRAMODHYOG HERB YUKT\150\GM,20,PPH,150GM,New SKU,1640676811319-nepal gramodhyog pvt ltd-np-nepal gramodhyog herb yukt.png,RECODING,5,10,54384,115.27516,123,KWALITY CHEM PVT LTD-NEPAL,KWALITY,KWALITY,KWALITY-DIAL HERB NE&LEM PPH175G+25GFR,PLPCH,175.000 GM,,,200.0,GM,0.0
7,2021-12-31,202112,123455987,1640676367795,99762552,122,DINESH SOAP & HOUSEHOLD-NPL,DINESH 3 IN 1,DINESH 3 IN 1\500\GM,50,PPH,500GM,New SKU,1640676367795-dinesh soap - household-npl-dinesh 3 in 1.png,CROSS CODING,2,1,99762677,32.119022,122,DINESH SOAP & HOUSEHOLD-NPL,DINESH,DINESH 3IN1,DINESH 3IN1-PPH 1000 GM,PLPCH,1000.000 GM,,,1000.0,GM,90.0
7,2021-12-31,202112,123455987,1640676367795,99762552,122,DINESH SOAP & HOUSEHOLD-NPL,DINESH 3 IN 1,DINESH 3 IN 1\500\GM,50,PPH,500GM,New SKU,1640676367795-dinesh soap - household-npl-dinesh 3 in 1.png,CROSS CODING,2,2,52198,34.357246,122,DINESH SOAP & HOUSEHOLD-NPL,DINESH,DINESH 3IN1,DINESH 3IN1-PPH 250 GM,PLPCH,250.000 GM,,,250.0,GM,0.0
7,2021-12-31,202112,123455987,1640676367795,99762552,122,DINESH SOAP & HOUSEHOLD-NPL,DINESH 3 IN 1,DINESH 3 IN 1\500\GM,50,PPH,500GM,New SKU,1640676367795-dinesh soap - household-npl-dinesh 3 in 1.png,CROSS CODING,2,3,99762676,36.52066,122,DINESH SOAP & HOUSEHOLD-NPL,DINESH,DINESH 3IN1,DINESH 3IN1-PPH 200 GM,PLPCH,200.000 GM,,,200.0,GM,20.0
7,2021-12-31,202112,123455987,1640676367795,99762552,122,DINESH SOAP & HOUSEHOLD-NPL,DINESH 3 IN 1,DINESH 3 IN 1\500\GM,50,PPH,500GM,New SKU,1640676367795-dinesh soap - household-npl-dinesh 3 in 1.png,CROSS CODING,2,4,52462,38.786396,122,DINESH SOAP & HOUSEHOLD-NPL,DINESH,DINESH 3IN1,DINESH 3IN1-PPH 900 GM,PLPCH,900.000 GM,,,900.0,GM,0.0
7,2021-12-31,202112,123455987,1640676367795,99762552,122,DINESH SOAP & HOUSEHOLD-NPL,DINESH 3 IN 1,DINESH 3 IN 1\500\GM,50,PPH,500GM,New SKU,1640676367795-dinesh soap - household-npl-dinesh 3 in 1.png,CROSS CODING,2,5,99762552,40.258846,122,DINESH SOAP & HOUSEHOLD-NPL,DINESH,DINESH 3IN1,DINESH 3IN1-LIME GREEN PPH 500 GM,PLPCH,500.000 GM,,,500.0,GM,50.0
7,2021-12-31,202112,123455987,1640676367795,99762552,122,DINESH SOAP & HOUSEHOLD-NPL,DINESH 3 IN 1,DINESH 3 IN 1\500\GM,50,PPH,500GM,New SKU,1640676367795-dinesh soap - household-npl-dinesh 3 in 1.png,CROSS CODING,2,6,99764408,43.178078,122,DINESH SOAP & HOUSEHOLD-NPL,DINESH,DINESH 3IN1,DINESH 3IN1-LIME GREEN PPH 750 GM,PLPCH,750.000 GM,,,750.0,GM,100.0
7,2021-12-31,202112,123455987,1640676367795,99762552,122,DINESH SOAP & HOUSEHOLD-NPL,DINESH 3 IN 1,DINESH 3 IN 1\500\GM,50,PPH,500GM,New SKU,1640676367795-dinesh soap - household-npl-dinesh 3 in 1.png,CROSS CODING,2,7,52977,46.39419,122,DINESH SOAP & HOUSEHOLD-NPL,DINESH,DINESH 3IN1,DINESH 3IN1-LIME GREEN PPH 450 GM,PLPCH,450.000 GM,,,450.0,GM,0.0
7,2021-12-31,202112,123455987,1640676367795,99762552,122,DINESH SOAP & HOUSEHOLD-NPL,DINESH 3 IN 1,DINESH 3 IN 1\500\GM,50,PPH,500GM,New SKU,1640676367795-dinesh soap - household-npl-dinesh 3 in 1.png,CROSS CODING,2,8,99763634,46.73443,122,DINESH SOAP & HOUSEHOLD-NPL,DINESH,DINESH 3IN1,DINESH 3IN1-LIME GREEN PPH 5000 GM,PLPCH,5000.000 GM,,,5000.0,GM,556.0
7,2021-12-31,202112,123455987,1640676367795,99762552,122,DINESH SOAP & HOUSEHOLD-NPL,DINESH 3 IN 1,DINESH 3 IN 1\500\GM,50,PPH,500GM,New SKU,1640676367795-dinesh soap - household-npl-dinesh 3 in 1.png,CROSS CODING,2,9,54889,61.224483,122,DINESH SOAP & HOUSEHOLD-NPL,DINESH,DINESH 3IN1,DINESH 3IN1-LIME GREEN PCN 5000 GM,PLJAR,5000.000 GM,,,5000.0,GM,0.0
7,2021-12-31,202112,123455987,1640676367795,99762552,122,DINESH SOAP & HOUSEHOLD-NPL,DINESH 3 IN 1,DINESH 3 IN 1\500\GM,50,PPH,500GM,New SKU,1640676367795-dinesh soap - household-npl-dinesh 3 in 1.png,CROSS CODING,2,10,99762923,64.62446,122,DINESH SOAP & HOUSEHOLD-NPL,DINESH,DINESH SHAKTI,DINESH SHAKTI-PPH 1000 GM,PLPCH,1000.000 GM,,,1000.0,GM,125.0
8,2021-12-31,202112,122592893,1640667976561,,131,SPRETE PANCHAKANYA MULTI PURPOSE,U&P HONEY,U & P / 500/GM,350,PPH,500GM,New SKU,1640667976561-sprete panchakanya multi purpose-u-p honey.png,PARKER FOR NEXT MONTH,999,1,99763016,76.08112,131,UPRETI & PANCHAKANYA MULTI PURPOSE-NP,U & P,U & P HONEY,U & P HONEY-PCN 500 GM,PLJAR,500.000 GM,,,500.0,GM,500.0
8,2021-12-31,202112,122592893,1640667976561,,131,SPRETE PANCHAKANYA MULTI PURPOSE,U&P HONEY,U & P / 500/GM,350,PPH,500GM,New SKU,1640667976561-sprete panchakanya multi purpose-u-p honey.png,PARKER FOR NEXT MONTH,999,2,99763620,84.31794,131,UPRETI & PANCHAKANYA MULTI PURPOSE-NP,U & P,U & P HONEY,U & P HONEY-PCN 1000 GM,PLJAR,1000.000 GM,,,1000.0,GM,1000.0
8,2021-12-31,202112,122592893,1640667976561,,131,SPRETE PANCHAKANYA MULTI PURPOSE,U&P HONEY,U & P / 500/GM,350,PPH,500GM,New SKU,1640667976561-sprete panchakanya multi purpose-u-p honey.png,PARKER FOR NEXT MONTH,999,3,99762377,203.60376,131,APIS INDIA LIMITED-INDIA,APIS,APIS HIMALAYA HONEY,APIS HIMALAYA HONEY-PCN 500 GM,PLJAR,500.000 GM,,,500.0,GM,290.0
8,2021-12-31,202112,122592893,1640667976561,,131,SPRETE PANCHAKANYA MULTI PURPOSE,U&P HONEY,U & P / 500/GM,350,PPH,500GM,New SKU,1640667976561-sprete panchakanya multi purpose-u-p honey.png,PARKER FOR NEXT MONTH,999,4,99762524,205.53757,131,SWORGADWARI BEE CONCERN PVT LTD-NP,SWORGADWARI,SWORGADWARI HONEY,SWORGADWARI HONEY-PCN 500 GM,PLJAR,500.000 GM,,,500.0,GM,550.0
8,2021-12-31,202112,122592893,1640667976561,,131,SPRETE PANCHAKANYA MULTI PURPOSE,U&P HONEY,U & P / 500/GM,350,PPH,500GM,New SKU,1640667976561-sprete panchakanya multi purpose-u-p honey.png,PARKER FOR NEXT MONTH,999,5,99762472,216.79063,131,MARICO LIMITED - INDIA,SAFFOLA,SAFFOLA HONEY,SAFFOLA HONEY-PCN 250 GM,PLJAR,250.000 GM,,,250.0,GM,199.0
8,2021-12-31,202112,122592893,1640667976561,,131,SPRETE PANCHAKANYA MULTI PURPOSE,U&P HONEY,U & P / 500/GM,350,PPH,500GM,New SKU,1640667976561-sprete panchakanya multi purpose-u-p honey.png,PARKER FOR NEXT MONTH,999,6,99762371,217.94574,131,DABUR NEPAL LTD.-NEPAL,DABUR,DABUR HONEY SQUEEZY,DABUR HONEY SQUEEZY-PBT 400 GM,PLBOT,400.000 GM,,,400.0,GM,310.0
8,2021-12-31,202112,122592893,1640667976561,,131,SPRETE PANCHAKANYA MULTI PURPOSE,U&P HONEY,U & P / 500/GM,350,PPH,500GM,New SKU,1640667976561-sprete panchakanya multi purpose-u-p honey.png,PARKER FOR NEXT MONTH,999,7,99764736,221.11162,131,SWORGADWARI BEE CONCERN PVT LTD-NP,SWORGADWARI,SWORGADWARI HONEY,SWORGADWARI HONEY-PCN 1000 GM,PLJAR,1000.000 GM,,,1000.0,GM,675.0
8,2021-12-31,202112,122592893,1640667976561,,131,SPRETE PANCHAKANYA MULTI PURPOSE,U&P HONEY,U & P / 500/GM,350,PPH,500GM,New SKU,1640667976561-sprete panchakanya multi purpose-u-p honey.png,PARKER FOR NEXT MONTH,999,8,99762728,224.18434,131,GARDEN APIARY UDHYOG-NEPAL,GARDEN HONEY,GARDEN HONEY,GARDEN HONEY-PCN 1000 GM,PLJAR,1000.000 GM,,,1000.0,GM,620.0
8,2021-12-31,202112,122592893,1640667976561,,131,SPRETE PANCHAKANYA MULTI PURPOSE,U&P HONEY,U & P / 500/GM,350,PPH,500GM,New SKU,1640667976561-sprete panchakanya multi purpose-u-p honey.png,PARKER FOR NEXT MONTH,999,9,99762369,232.58128,131,DABUR NEPAL LTD.-NEPAL,DABUR,DABUR HONEY,DABUR HONEY-GBT 500 GM,GLBOT,500.000 GM,,,500.0,GM,360.0
8,2021-12-31,202112,122592893,1640667976561,,131,SPRETE PANCHAKANYA MULTI PURPOSE,U&P HONEY,U & P / 500/GM,350,PPH,500GM,New SKU,1640667976561-sprete panchakanya multi purpose-u-p honey.png,PARKER FOR NEXT MONTH,999,10,99762375,234.38083,131,SHREETARA FOODS & SPICES PACKAGING-NEPAL,SHREE TARA,SHREE TARA GOLD HONEY,SHREE TARA GOLD HONEY-PCN 500 GM,PLJAR,500.000 GM,,,500.0,GM,550.0
9,2022-01-01,202112,123453021,1640937304448,99762903,123,KWALITY CHEM PVT LTD-NEPAL,BISHAL 200GM,BISHAL \200\GM,40,PPH,200GM,New SKU,1640937304448-kwality chem pvt ltd-nepal-bishal 200gm.png,RECODING,5,1,99762903,18.013103,123,KWALITY CHEM PVT LTD-NEPAL,BISHAL,BISHAL,BISHAL-PPH 200 GM,PLPCH,200.000 GM,,,200.0,GM,40.0
9,2022-01-01,202112,123453021,1640937304448,99762903,123,KWALITY CHEM PVT LTD-NEPAL,BISHAL 200GM,BISHAL \200\GM,40,PPH,200GM,New SKU,1640937304448-kwality chem pvt ltd-nepal-bishal 200gm.png,RECODING,5,2,99763464,26.461994,123,KWALITY CHEM PVT LTD-NEPAL,BISHAL,BISHAL,BISHAL-PPH 250 GM,PLPCH,250.000 GM,,,250.0,GM,50.0
9,2022-01-01,202112,123453021,1640937304448,99762903,123,KWALITY CHEM PVT LTD-NEPAL,BISHAL 200GM,BISHAL \200\GM,40,PPH,200GM,New SKU,1640937304448-kwality chem pvt ltd-nepal-bishal 200gm.png,RECODING,5,3,99763047,27.643024,123,KWALITY CHEM PVT LTD-NEPAL,BISHAL,BISHAL,BISHAL-PPH 100 GM,PLPCH,100.000 GM,,,100.0,GM,20.0
9,2022-01-01,202112,123453021,1640937304448,99762903,123,KWALITY CHEM PVT LTD-NEPAL,BISHAL 200GM,BISHAL \200\GM,40,PPH,200GM,New SKU,1640937304448-kwality chem pvt ltd-nepal-bishal 200gm.png,RECODING,5,4,99762436,31.43998,123,KWALITY CHEM PVT LTD-NEPAL,BISHAL,BISHAL,BISHAL-PPH 150 GM,PLPCH,150.000 GM,,,150.0,GM,30.0
9,2022-01-01,202112,123453021,1640937304448,99762903,123,KWALITY CHEM PVT LTD-NEPAL,BISHAL 200GM,BISHAL \200\GM,40,PPH,200GM,New SKU,1640937304448-kwality chem pvt ltd-nepal-bishal 200gm.png,RECODING,5,5,99763585,45.95424,123,KWALITY CHEM PVT LTD-NEPAL,BISHAL,BISHAL GOLD,BISHAL GOLD-PPH 6*300GM [1800 GM],PLPCH,300.000 GM,,,1800.0,GM,350.0
9,2022-01-01,202112,123453021,1640937304448,99762903,123,KWALITY CHEM PVT LTD-NEPAL,BISHAL 200GM,BISHAL \200\GM,40,PPH,200GM,New SKU,1640937304448-kwality chem pvt ltd-nepal-bishal 200gm.png,RECODING,5,6,99762637,48.537884,123,KWALITY CHEM PVT LTD-NEPAL,BHANU,BHANU,BHANU-PPH 200 GM,PLPCH,200.000 GM,,,200.0,GM,30.0
9,2022-01-01,202112,123453021,1640937304448,99762903,123,KWALITY CHEM PVT LTD-NEPAL,BISHAL 200GM,BISHAL \200\GM,40,PPH,200GM,New SKU,1640937304448-kwality chem pvt ltd-nepal-bishal 200gm.png,RECODING,5,7,99763574,53.065865,123,KWALITY CHEM PVT LTD-NEPAL,BHANU,BHANU,BHANU-PPH 100 GM,PLPCH,100.000 GM,,,100.0,GM,20.0
9,2022-01-01,202112,123453021,1640937304448,99762903,123,KWALITY CHEM PVT LTD-NEPAL,BISHAL 200GM,BISHAL \200\GM,40,PPH,200GM,New SKU,1640937304448-kwality chem pvt ltd-nepal-bishal 200gm.png,RECODING,5,8,99763280,53.230583,123,KWALITY CHEM PVT LTD-NEPAL,BHANU,BHANU,BHANU-PPH 125 GM,PLPCH,125.000 GM,,,125.0,GM,20.0
9,2022-01-01,202112,123453021,1640937304448,99762903,123,KWALITY CHEM PVT LTD-NEPAL,BISHAL 200GM,BISHAL \200\GM,40,PPH,200GM,New SKU,1640937304448-kwality chem pvt ltd-nepal-bishal 200gm.png,RECODING,5,9,99762890,53.681953,123,KWALITY CHEM PVT LTD-NEPAL,BHANU,BHANU,BHANU-PPH 250 GM,PLPCH,250.000 GM,,,250.0,GM,50.0
9,2022-01-01,202112,123453021,1640937304448,99762903,123,KWALITY CHEM PVT LTD-NEPAL,BISHAL 200GM,BISHAL \200\GM,40,PPH,200GM,New SKU,1640937304448-kwality chem pvt ltd-nepal-bishal 200gm.png,RECODING,5,10,99762638,54.565388,123,KWALITY CHEM PVT LTD-NEPAL,BHANU,BHANU,BHANU-PPH 300 GM,PLPCH,300.000 GM,,,300.0,GM,50.0
10,2022-01-01,202112,132325971,1640938482551,99762896,118,BHAIRAV DRINKING WATER-NEPAL,V.D.W,AQUA V.D.W ,25,PBT,1000 ML,,1640938482551-bhairav drinking water-nepal-v-d-w.png,RECODING,5,1,99762896,23.890888,118,BHAIRAV DRINKING WATER-NEPAL,AQUA V.D.W,AQUA V.D.W,PET 1000 ML,PET,1000.000 ML,,,1000.0,ML,25.0
10,2022-01-01,202112,132325971,1640938482551,99762896,118,BHAIRAV DRINKING WATER-NEPAL,V.D.W,AQUA V.D.W ,25,PBT,1000 ML,,1640938482551-bhairav drinking water-nepal-v-d-w.png,RECODING,5,2,99762505,39.474697,118,BHAIRAV DRINKING WATER-NEPAL,AQUA BHAIRAV PURA,AQUA BHAIRAV PURA,PET 1000 ML,PET,1000.000 ML,,,1000.0,ML,20.0
10,2022-01-01,202112,132325971,1640938482551,99762896,118,BHAIRAV DRINKING WATER-NEPAL,V.D.W,AQUA V.D.W ,25,PBT,1000 ML,,1640938482551-bhairav drinking water-nepal-v-d-w.png,RECODING,5,3,99764546,69.40452,118,BHADRAKALI DRINKING WATER-NEPAL,KUBER JAL,KUBER JAL,PET 1000 ML,PET,1000.000 ML,,,1000.0,ML,25.0
10,2022-01-01,202112,132325971,1640938482551,99762896,118,BHAIRAV DRINKING WATER-NEPAL,V.D.W,AQUA V.D.W ,25,PBT,1000 ML,,1640938482551-bhairav drinking water-nepal-v-d-w.png,RECODING,5,4,99764964,89.37716,118,BHAIRAV BEVERAGE UDHYOG-NEPAL,H2O,H2O,PET 1000 ML,PET,1000.000 ML,,,1000.0,ML,25.0
10,2022-01-01,202112,132325971,1640938482551,99762896,118,BHAIRAV DRINKING WATER-NEPAL,V.D.W,AQUA V.D.W ,25,PBT,1000 ML,,1640938482551-bhairav drinking water-nepal-v-d-w.png,RECODING,5,5,40120885,93.24736,118,SIDDHARTHA DRINKING WATER-NEPAL,AQUA RAIN,AQUA RAIN,PET 1000 ML,PET,1000.000 ML,,,1000.0,ML,0.0
10,2022-01-01,202112,132325971,1640938482551,99762896,118,BHAIRAV DRINKING WATER-NEPAL,V.D.W,AQUA V.D.W ,25,PBT,1000 ML,,1640938482551-bhairav drinking water-nepal-v-d-w.png,RECODING,5,6,40110367,96.71448,118,NATURAL DRINKING WATER - NEPAL,AQUA SEVEN,AQUA SEVEN,PET 1000 ML,PET,1000.000 ML,,,1000.0,ML,0.0
10,2022-01-01,202112,132325971,1640938482551,99762896,118,BHAIRAV DRINKING WATER-NEPAL,V.D.W,AQUA V.D.W ,25,PBT,1000 ML,,1640938482551-bhairav drinking water-nepal-v-d-w.png,RECODING,5,7,40123849,97.03485,118,SIDDHARTHA DRINKING WATER-NEPAL,WEL COME,WEL COME,PET 1000 ML,PET,1000.000 ML,,,1000.0,ML,0.0
10,2022-01-01,202112,132325971,1640938482551,99762896,118,BHAIRAV DRINKING WATER-NEPAL,V.D.W,AQUA V.D.W ,25,PBT,1000 ML,,1640938482551-bhairav drinking water-nepal-v-d-w.png,RECODING,5,8,47588,98.44623,118,H.O DRINKING WATER INDS-NEPAL,H.O,H.O,PET 1000 ML,PET,1000.000 ML,,,1000.0,ML,0.0
10,2022-01-01,202112,132325971,1640938482551,99762896,118,BHAIRAV DRINKING WATER-NEPAL,V.D.W,AQUA V.D.W ,25,PBT,1000 ML,,1640938482551-bhairav drinking water-nepal-v-d-w.png,RECODING,5,9,47962,98.94451,118,S.P DRINKING WATER & BEV-NEPAL,AQUA SUNDAY,AQUA SUNDAY,PET 1000 ML,PET,1000.000 ML,,,1000.0,ML,0.0
10,2022-01-01,202112,132325971,1640938482551,99762896,118,BHAIRAV DRINKING WATER-NEPAL,V.D.W,AQUA V.D.W ,25,PBT,1000 ML,,1640938482551-bhairav drinking water-nepal-v-d-w.png,RECODING,5,10,99765171,99.585205,118,R.R. DRINKING WATER-NEPAL,R.R.,R.R.,PET 1000 ML,PET,1000.000 ML,,,1000.0,ML,30.0
11,2022-01-01,202112,128296706,1640941846703,99762891,123,RSPL LTD-INDIA,GHADI,GHADI/165GM/EWP,20,EWP,165GM,,1640941846703-rspl ltd-india-ghadi.png,CROSS CODING,2,1,99763599,25.633686,123,RSPL LTD-INDIA,GHADI,GHADI,GHADI-EWP 155 GM,EWRPK,155.000 GM,,,155.0,GM,20.0
11,2022-01-01,202112,128296706,1640941846703,99762891,123,RSPL LTD-INDIA,GHADI,GHADI/165GM/EWP,20,EWP,165GM,,1640941846703-rspl ltd-india-ghadi.png,CROSS CODING,2,2,99762611,26.687618,123,RSPL LTD-INDIA,GHADI,GHADI,GHADI-EWP 170 GMS,EWRPK,170.000 GM,,,170.0,GM,20.0
11,2022-01-01,202112,128296706,1640941846703,99762891,123,RSPL LTD-INDIA,GHADI,GHADI/165GM/EWP,20,EWP,165GM,,1640941846703-rspl ltd-india-ghadi.png,CROSS CODING,2,3,49995,28.32455,123,RSPL LTD-INDIA,GHADI,GHADI,GHADI-EWP 195 GMS,EWRPK,195.000 GM,,,195.0,GM,0.0
11,2022-01-01,202112,128296706,1640941846703,99762891,123,RSPL LTD-INDIA,GHADI,GHADI/165GM/EWP,20,EWP,165GM,,1640941846703-rspl ltd-india-ghadi.png,CROSS CODING,2,4,92919857,28.33438,123,RSPL LTD-INDIA,GHADI,GHADI,GHADI-EWP 85 GMS,EWRPK,85.000 GM,,,85.0,GM,0.0
11,2022-01-01,202112,128296706,1640941846703,99762891,123,RSPL LTD-INDIA,GHADI,GHADI/165GM/EWP,20,EWP,165GM,,1640941846703-rspl ltd-india-ghadi.png,CROSS CODING,2,5,92925201,28.338993,123,RSPL LTD-INDIA,GHADI,GHADI,GHADI-EWP 205 GMS,EWRPK,205.000 GM,,,205.0,GM,0.0
11,2022-01-01,202112,128296706,1640941846703,99762891,123,RSPL LTD-INDIA,GHADI,GHADI/165GM/EWP,20,EWP,165GM,,1640941846703-rspl ltd-india-ghadi.png,CROSS CODING,2,6,46251,28.655167,123,RSPL LTD-INDIA,GHADI,GHADI,GHADI-EWP 185 GMS,EWRPK,185.000 GM,,,185.0,GM,0.0
11,2022-01-01,202112,128296706,1640941846703,99762891,123,RSPL LTD-INDIA,GHADI,GHADI/165GM/EWP,20,EWP,165GM,,1640941846703-rspl ltd-india-ghadi.png,CROSS CODING,2,7,99764051,29.303278,123,RSPL LTD-INDIA,GHADI,GHADI,GHADI-EWP 140 GM,EWRPK,140.000 GM,,,140.0,GM,10.0
11,2022-01-01,202112,128296706,1640941846703,99762891,123,RSPL LTD-INDIA,GHADI,GHADI/165GM/EWP,20,EWP,165GM,,1640941846703-rspl ltd-india-ghadi.png,CROSS CODING,2,8,92921679,29.378754,123,RSPL LTD-INDIA,GHADI,GHADI,GHADI-EWP 215 GMS,EWRPK,215.000 GM,,,215.0,GM,0.0
11,2022-01-01,202112,128296706,1640941846703,99762891,123,RSPL LTD-INDIA,GHADI,GHADI/165GM/EWP,20,EWP,165GM,,1640941846703-rspl ltd-india-ghadi.png,CROSS CODING,2,9,92918449,29.65154,123,RSPL LTD-INDIA,GHADI,GHADI,GHADI-EWP 150 GMS,EWRPK,150.000 GM,,,150.0,GM,0.0
11,2022-01-01,202112,128296706,1640941846703,99762891,123,RSPL LTD-INDIA,GHADI,GHADI/165GM/EWP,20,EWP,165GM,,1640941846703-rspl ltd-india-ghadi.png,CROSS CODING,2,10,99762433,29.867931,123,RSPL LTD-INDIA,GHADI,GHADI,GHADI-EWP 80 GMS,EWRPK,80.000 GM,,,80.0,GM,10.0
12,2022-01-01,202112,124769721,1640939643973,99762898,122,RSPL LTD-INDIA,GHADI,GHADI/125GM/PPH,16,PPH,125GM ,,1640939643973-rspl ltd-india-ghadi.png,RECODING,5,1,99762898,26.92639,122,RSPL LTD-INDIA,GHADI,GHADI,GHADI-PPH 125 GMS,PLPCH,125.000 GM,,,125.0,GM,16.0
12,2022-01-01,202112,124769721,1640939643973,99762898,122,RSPL LTD-INDIA,GHADI,GHADI/125GM/PPH,16,PPH,125GM ,,1640939643973-rspl ltd-india-ghadi.png,RECODING,5,2,99763064,31.708214,122,RSPL LTD-INDIA,GHADI,GHADI,GHADI-PPH 120 GMS,PLPCH,120.000 GM,,,120.0,GM,16.0
12,2022-01-01,202112,124769721,1640939643973,99762898,122,RSPL LTD-INDIA,GHADI,GHADI/125GM/PPH,16,PPH,125GM ,,1640939643973-rspl ltd-india-ghadi.png,RECODING,5,3,99762422,34.17048,122,RSPL LTD-INDIA,GHADI,GHADI,GHADI-PPH 130 GMS,PLPCH,130.000 GM,,,130.0,GM,16.0
12,2022-01-01,202112,124769721,1640939643973,99762898,122,RSPL LTD-INDIA,GHADI,GHADI/125GM/PPH,16,PPH,125GM ,,1640939643973-rspl ltd-india-ghadi.png,RECODING,5,4,99762835,34.648476,122,RSPL LTD-INDIA,GHADI,GHADI,GHADI-PPH 65 GMS,PLPCH,65.000 GM,,,65.0,GM,10.0
12,2022-01-01,202112,124769721,1640939643973,99762898,122,RSPL LTD-INDIA,GHADI,GHADI/125GM/PPH,16,PPH,125GM ,,1640939643973-rspl ltd-india-ghadi.png,RECODING,5,5,48378,35.627827,122,RSPL LTD-INDIA,GHADI,GHADI,GHADI-PPH 165 GMS,PLPCH,165.000 GM,,,165.0,GM,0.0
12,2022-01-01,202112,124769721,1640939643973,99762898,122,RSPL LTD-INDIA,GHADI,GHADI/125GM/PPH,16,PPH,125GM ,,1640939643973-rspl ltd-india-ghadi.png,RECODING,5,6,93020707,35.788696,122,RSPL LTD-INDIA,GHADI,GHADI,GHADI-PPH 250 GMS,PLPCH,250.000 GM,,,250.0,GM,0.0
12,2022-01-01,202112,124769721,1640939643973,99762898,122,RSPL LTD-INDIA,GHADI,GHADI/125GM/PPH,16,PPH,125GM ,,1640939643973-rspl ltd-india-ghadi.png,RECODING,5,7,49513,35.910927,122,RSPL LTD-INDIA,GHADI,GHADI,GHADI-PPH 155 GMS,PLPCH,155.000 GM,,,155.0,GM,0.0
12,2022-01-01,202112,124769721,1640939643973,99762898,122,RSPL LTD-INDIA,GHADI,GHADI/125GM/PPH,16,PPH,125GM ,,1640939643973-rspl ltd-india-ghadi.png,RECODING,5,8,45708,36.197144,122,RSPL LTD-INDIA,GHADI,GHADI,GHADI-PPH 160 GMS,PLPCH,160.000 GM,,,160.0,GM,0.0
12,2022-01-01,202112,124769721,1640939643973,99762898,122,RSPL LTD-INDIA,GHADI,GHADI/125GM/PPH,16,PPH,125GM ,,1640939643973-rspl ltd-india-ghadi.png,RECODING,5,9,93027069,36.436066,122,RSPL LTD-INDIA,GHADI,GHADI,GHADI-PPH 175 GMS,PLPCH,175.000 GM,,,175.0,GM,0.0
12,2022-01-01,202112,124769721,1640939643973,99762898,122,RSPL LTD-INDIA,GHADI,GHADI/125GM/PPH,16,PPH,125GM ,,1640939643973-rspl ltd-india-ghadi.png,RECODING,5,10,53062,36.975304,122,RSPL LTD-INDIA,GHADI,GHADI,GHADI-PPH 145 GM,PLPCH,145.000 GM,,,145.0,GM,0.0
13,2022-01-01,202112,124769721,1640939408970,99762894,106,HIMADRI FOOD-NEPAL,PRAN KOKO,PRAN KOKO/MILK LOLLIPOP/10GM/PPH,5,PPH,10GM,,1640939408970-himadri food-nepal-pran koko.png,RECODING,5,1,99762894,17.4422,106,HIMADRI FOOD-NEPAL,PRAN,PRAN KOKO,PRAN KOKO-MILK LOLLIPOP EWP 10 GM,EWRPK,10.000 GM,MILK,,10.0,GM,5.0
13,2022-01-01,202112,124769721,1640939408970,99762894,106,HIMADRI FOOD-NEPAL,PRAN KOKO,PRAN KOKO/MILK LOLLIPOP/10GM/PPH,5,PPH,10GM,,1640939408970-himadri food-nepal-pran koko.png,RECODING,5,2,99764869,25.039162,106,HIMADRI FOOD-NEPAL,PRAN,PRAN KOKO,PRAN KOKO-MILK LOLLIPOP PCN 1000 GM,PLJAR,1000.000 GM,MILK,,1000.0,GM,430.0
13,2022-01-01,202112,124769721,1640939408970,99762894,106,HIMADRI FOOD-NEPAL,PRAN KOKO,PRAN KOKO/MILK LOLLIPOP/10GM/PPH,5,PPH,10GM,,1640939408970-himadri food-nepal-pran koko.png,RECODING,5,3,52807,69.7334,106,HIMADRI FOOD-NEPAL,PRAN,PRAN KOKO,PRAN KOKO-PEANUT PPH 4 GM,PLPCH,4.000 GM,PEANUT,,4.0,GM,0.0
13,2022-01-01,202112,124769721,1640939408970,99762894,106,HIMADRI FOOD-NEPAL,PRAN KOKO,PRAN KOKO/MILK LOLLIPOP/10GM/PPH,5,PPH,10GM,,1640939408970-himadri food-nepal-pran koko.png,RECODING,5,4,51633,69.74687,106,HIMADRI FOOD-NEPAL,PRAN,PRAN KOKO,PRAN KOKO-COCONUT PPH 4 GM,PLPCH,4.000 GM,COCONUT,,4.0,GM,0.0
13,2022-01-01,202112,124769721,1640939408970,99762894,106,HIMADRI FOOD-NEPAL,PRAN KOKO,PRAN KOKO/MILK LOLLIPOP/10GM/PPH,5,PPH,10GM,,1640939408970-himadri food-nepal-pran koko.png,RECODING,5,5,99764582,71.751656,106,HIMADRI FOOD-NEPAL,PRAN,PRAN LOLLIPOP,PRAN LOLLIPOP-ASSORTED PCN 1000 GM,PLJAR,1000.000 GM,ASSORTED,,1000.0,GM,400.0
13,2022-01-01,202112,124769721,1640939408970,99762894,106,HIMADRI FOOD-NEPAL,PRAN KOKO,PRAN KOKO/MILK LOLLIPOP/10GM/PPH,5,PPH,10GM,,1640939408970-himadri food-nepal-pran koko.png,RECODING,5,6,49476,75.01771,106,HIMADRI FOOD-NEPAL,PRAN,PRAN KOKO,PRAN KOKO-COCONUT EWP 10 GM,EWRPK,10.000 GM,COCONUT,,10.0,GM,0.0
13,2022-01-01,202112,124769721,1640939408970,99762894,106,HIMADRI FOOD-NEPAL,PRAN KOKO,PRAN KOKO/MILK LOLLIPOP/10GM/PPH,5,PPH,10GM,,1640939408970-himadri food-nepal-pran koko.png,RECODING,5,7,47611,75.37738,106,HIMADRI FOOD-NEPAL,PRAN,PRAN MILK CANDY,PRAN MILK CANDY-PPH 2.5 GM,PLPCH,2.500 GM,MILK,,2.5,GM,0.0
13,2022-01-01,202112,124769721,1640939408970,99762894,106,HIMADRI FOOD-NEPAL,PRAN KOKO,PRAN KOKO/MILK LOLLIPOP/10GM/PPH,5,PPH,10GM,,1640939408970-himadri food-nepal-pran koko.png,RECODING,5,8,47468,77.68059,106,HIMADRI FOOD-NEPAL,PRAN,PRAN MR. MANGO,PRAN MR. MANGO-LOLLIPOP EWP 9 GM,EWRPK,9.000 GM,MANGO,,9.0,GM,0.0
13,2022-01-01,202112,124769721,1640939408970,99762894,106,HIMADRI FOOD-NEPAL,PRAN KOKO,PRAN KOKO/MILK LOLLIPOP/10GM/PPH,5,PPH,10GM,,1640939408970-himadri food-nepal-pran koko.png,RECODING,5,9,48931,96.93885,106,HIMADRI FOOD-NEPAL,PRAN,PRAN AAPRAS,PRAN AAPRAS-PPH 2.5 GM,PLPCH,2.500 GM,UNSPECIFIED,,2.5,GM,0.0
13,2022-01-01,202112,124769721,1640939408970,99762894,106,HIMADRI FOOD-NEPAL,PRAN KOKO,PRAN KOKO/MILK LOLLIPOP/10GM/PPH,5,PPH,10GM,,1640939408970-himadri food-nepal-pran koko.png,RECODING,5,10,48229,96.95187,106,HIMADRI FOOD-NEPAL,PRAN,PRAN,PRAN-ASSORTED EWP 10 GM,EWRPK,10.000 GM,ASSORTED,,10.0,GM,0.0
14,2022-01-01,202112,124769721,1640937121342,99762899,122,NEPAL CHEM-NEPAL,SUN ULTRA,SUN ULTRA/200GM/PPH,20,PPH,200GM ,,1640937121342-nepal chem-nepal-sun ultra.png,RECODING,5,1,99762899,72.737045,122,NEPAL CHEM-NEPAL,SUN ULTRA,SUN ULTRA,SUN ULTRA-DETERGENT POWDER PPH 200 GM,PLPCH,200.000 GM,,,200.0,GM,20.0
14,2022-01-01,202112,124769721,1640937121342,99762899,122,NEPAL CHEM-NEPAL,SUN ULTRA,SUN ULTRA/200GM/PPH,20,PPH,200GM ,,1640937121342-nepal chem-nepal-sun ultra.png,RECODING,5,2,99762547,77.74178,122,NEPAL CHEM-NEPAL,SUN ULTRA,SUN ULTRA,SUN ULTRA-DETERGENT POWDER PPH 250 GM,PLPCH,250.000 GM,,,250.0,GM,20.0
14,2022-01-01,202112,124769721,1640937121342,99762899,122,NEPAL CHEM-NEPAL,SUN ULTRA,SUN ULTRA/200GM/PPH,20,PPH,200GM ,,1640937121342-nepal chem-nepal-sun ultra.png,RECODING,5,3,99762548,80.02142,122,NEPAL CHEM-NEPAL,SUN ULTRA,SUN ULTRA,SUN ULTRA-DETERGENT POWDER PPH 1000 GM,PLPCH,1000.000 GM,,,1000.0,GM,90.0
14,2022-01-01,202112,124769721,1640937121342,99762899,122,NEPAL CHEM-NEPAL,SUN ULTRA,SUN ULTRA/200GM/PPH,20,PPH,200GM ,,1640937121342-nepal chem-nepal-sun ultra.png,RECODING,5,4,99762619,86.56459,122,NEPAL CHEM-NEPAL,SUN ULTRA,SUN ULTRA,SUN ULTRA-DETERGENT POWDER PPH 500 GM,PLPCH,500.000 GM,,,500.0,GM,50.0
14,2022-01-01,202112,124769721,1640937121342,99762899,122,NEPAL CHEM-NEPAL,SUN ULTRA,SUN ULTRA/200GM/PPH,20,PPH,200GM ,,1640937121342-nepal chem-nepal-sun ultra.png,RECODING,5,5,99763157,132.59734,122,KWALITY CHEM PVT LTD-NEPAL,READY,READY,READY-COMPLETE CLEAN PPH 200 GM,PLPCH,200.000 GM,,,200.0,GM,20.0
14,2022-01-01,202112,124769721,1640937121342,99762899,122,NEPAL CHEM-NEPAL,SUN ULTRA,SUN ULTRA/200GM/PPH,20,PPH,200GM ,,1640937121342-nepal chem-nepal-sun ultra.png,RECODING,5,6,51223,142.35358,122,KWALITY CHEM PVT LTD-NEPAL,READY,READY,READY-COMPLETE CLEAN PPH 250 GM,PLPCH,250.000 GM,,,250.0,GM,0.0
14,2022-01-01,202112,124769721,1640937121342,99762899,122,NEPAL CHEM-NEPAL,SUN ULTRA,SUN ULTRA/200GM/PPH,20,PPH,200GM ,,1640937121342-nepal chem-nepal-sun ultra.png,RECODING,5,7,47111,145.81186,122,KWALITY CHEM PVT LTD-NEPAL,READY,READY,READY-COMPLETE CLEAN PPH 120 GM,PLPCH,120.000 GM,,,120.0,GM,0.0
14,2022-01-01,202112,124769721,1640937121342,99762899,122,NEPAL CHEM-NEPAL,SUN ULTRA,SUN ULTRA/200GM/PPH,20,PPH,200GM ,,1640937121342-nepal chem-nepal-sun ultra.png,RECODING,5,8,52000,146.40117,122,HERBO CHEME INDUSTRIES-NEPAL,SUPER LIGHT,SUPER LIGHT,SUPER LIGHT-PPH 220 GM,PLPCH,220.000 GM,,,220.0,GM,0.0
14,2022-01-01,202112,124769721,1640937121342,99762899,122,NEPAL CHEM-NEPAL,SUN ULTRA,SUN ULTRA/200GM/PPH,20,PPH,200GM ,,1640937121342-nepal chem-nepal-sun ultra.png,RECODING,5,9,49510,147.37543,122,HERBO CHEME INDUSTRIES-NEPAL,SUPER LIGHT,SUPER LIGHT,SUPER LIGHT-PPH 250 GM,PLPCH,250.000 GM,,,250.0,GM,0.0
14,2022-01-01,202112,124769721,1640937121342,99762899,122,NEPAL CHEM-NEPAL,SUN ULTRA,SUN ULTRA/200GM/PPH,20,PPH,200GM ,,1640937121342-nepal chem-nepal-sun ultra.png,RECODING,5,10,47112,149.75719,122,KWALITY CHEM PVT LTD-NEPAL,READY,READY,READY-COMPLETE CLEAN PPH 700 GM,PLPCH,700.000 GM,,,700.0,GM,0.0
15,2022-01-01,202112,124769721,1640937296601,99762900,122,SNEHA SOAP & CHEMICAL INDUSTRIES-NEPAL,SNEHA'S NATURE,SNEHAS NATURE/DETERGENT POWDER/200GM/PPH,20,PPH,200GM ,,1640937296601-sneha soap - chemical industries-nepal-sneha-s nature.png,RECODING,5,1,99762900,44.714943,122,SNEHA SOAP & CHEMICAL INDUSTRIES-NEPAL,SNEHA'S,SNEHA'S NATURE,SNEHA'S NATURE-PPH 200 GM,PLPCH,200.000 GM,,,200.0,GM,20.0
15,2022-01-01,202112,124769721,1640937296601,99762900,122,SNEHA SOAP & CHEMICAL INDUSTRIES-NEPAL,SNEHA'S NATURE,SNEHAS NATURE/DETERGENT POWDER/200GM/PPH,20,PPH,200GM ,,1640937296601-sneha soap - chemical industries-nepal-sneha-s nature.png,RECODING,5,2,99762679,48.333958,122,SNEHA SOAP & CHEMICAL INDUSTRIES-NEPAL,SNEHA'S,SNEHA'S NATURE,SNEHA'S NATURE-PPH 1000 GM,PLPCH,1000.000 GM,,,1000.0,GM,90.0
15,2022-01-01,202112,124769721,1640937296601,99762900,122,SNEHA SOAP & CHEMICAL INDUSTRIES-NEPAL,SNEHA'S NATURE,SNEHAS NATURE/DETERGENT POWDER/200GM/PPH,20,PPH,200GM ,,1640937296601-sneha soap - chemical industries-nepal-sneha-s nature.png,RECODING,5,3,99763021,49.040688,122,SNEHA SOAP & CHEMICAL INDUSTRIES-NEPAL,SNEHA'S,SNEHA'S NATURE,SNEHA'S NATURE-PPH 500 GM,PLPCH,500.000 GM,,,500.0,GM,60.0
15,2022-01-01,202112,124769721,1640937296601,99762900,122,SNEHA SOAP & CHEMICAL INDUSTRIES-NEPAL,SNEHA'S NATURE,SNEHAS NATURE/DETERGENT POWDER/200GM/PPH,20,PPH,200GM ,,1640937296601-sneha soap - chemical industries-nepal-sneha-s nature.png,RECODING,5,4,99764859,108.467514,122,GOPAL SOAP INDUSTRIES - NEPAL,RIT,RIT,RIT- DETERGENT POWDER PPH 200 GM,PLPCH,200.000 GM,,,200.0,GM,20.0
15,2022-01-01,202112,124769721,1640937296601,99762900,122,SNEHA SOAP & CHEMICAL INDUSTRIES-NEPAL,SNEHA'S NATURE,SNEHAS NATURE/DETERGENT POWDER/200GM/PPH,20,PPH,200GM ,,1640937296601-sneha soap - chemical industries-nepal-sneha-s nature.png,RECODING,5,5,99762937,111.52495,122,UNIQUE SOAP & CHEMICAL IND.-NEPAL,SUPER ULTRA,SUPER ULTRA,SUPER ULTRA-DETERGENT POWDER PPH 250 GM,PLPCH,250.000 GM,,,250.0,GM,20.0
15,2022-01-01,202112,124769721,1640937296601,99762900,122,SNEHA SOAP & CHEMICAL INDUSTRIES-NEPAL,SNEHA'S NATURE,SNEHAS NATURE/DETERGENT POWDER/200GM/PPH,20,PPH,200GM ,,1640937296601-sneha soap - chemical industries-nepal-sneha-s nature.png,RECODING,5,6,99762546,114.52263,122,GOPAL SOAP INDUSTRIES - NEPAL,RASNA,RASNA,RASNA- DETERGENT POWDER PPH 200 GM,PLPCH,200.000 GM,,,200.0,GM,20.0
15,2022-01-01,202112,124769721,1640937296601,99762900,122,SNEHA SOAP & CHEMICAL INDUSTRIES-NEPAL,SNEHA'S NATURE,SNEHAS NATURE/DETERGENT POWDER/200GM/PPH,20,PPH,200GM ,,1640937296601-sneha soap - chemical industries-nepal-sneha-s nature.png,RECODING,5,7,99764927,114.555885,122,GOPAL SOAP INDUSTRIES - NEPAL,RIT,RIT,RIT- DETERGENT POWDER PPH 900 GM,PLPCH,900.000 GM,,,900.0,GM,90.0
15,2022-01-01,202112,124769721,1640937296601,99762900,122,SNEHA SOAP & CHEMICAL INDUSTRIES-NEPAL,SNEHA'S NATURE,SNEHAS NATURE/DETERGENT POWDER/200GM/PPH,20,PPH,200GM ,,1640937296601-sneha soap - chemical industries-nepal-sneha-s nature.png,RECODING,5,8,99763828,117.46944,122,PADMA SOAP & CHEMICAL - NEPAL,A-ONE,A-ONE,A-ONE-DETERGENT POWDER PPH 200 GM,PLPCH,200.000 GM,,,200.0,GM,20.0
15,2022-01-01,202112,124769721,1640937296601,99762900,122,SNEHA SOAP & CHEMICAL INDUSTRIES-NEPAL,SNEHA'S NATURE,SNEHAS NATURE/DETERGENT POWDER/200GM/PPH,20,PPH,200GM ,,1640937296601-sneha soap - chemical industries-nepal-sneha-s nature.png,RECODING,5,9,99763484,117.78946,122,UNIQUE SOAP & CHEMICAL IND.-NEPAL,YOU LIKE,YOU LIKE,YOU LIKE-DETERGENT POWDER PPH 200 GM,PLPCH,200.000 GM,,,200.0,GM,20.0
15,2022-01-01,202112,124769721,1640937296601,99762900,122,SNEHA SOAP & CHEMICAL INDUSTRIES-NEPAL,SNEHA'S NATURE,SNEHAS NATURE/DETERGENT POWDER/200GM/PPH,20,PPH,200GM ,,1640937296601-sneha soap - chemical industries-nepal-sneha-s nature.png,RECODING,5,10,53839,118.788475,122,GOPAL SOAP INDUSTRIES - NEPAL,RASNA,RASNA,RASNA- DETERGENT POWDER PPH 225 GM,PLPCH,225.000 GM,,,225.0,GM,0.0
16,2022-01-01,202112,124631722,1640934002886,99762904,123,MAHASHAKTI SOAP & CHEM.- NEPAL,DANFE,DANFE PURE SOAP/100GM/PPH,20,PPH,100GM ,,1640934002886-mahashakti soap - chem-- nepal-danfe.png,RECODING,5,1,99762904,9.07655,123,MAHASHAKTI SOAP & CHEM.- NEPAL,DANFE,DANFE,DANFE-PURE SOAP PPH 100 GM,PLPCH,100.000 GM,,,100.0,GM,20.0
16,2022-01-01,202112,124631722,1640934002886,99762904,123,MAHASHAKTI SOAP & CHEM.- NEPAL,DANFE,DANFE PURE SOAP/100GM/PPH,20,PPH,100GM ,,1640934002886-mahashakti soap - chem-- nepal-danfe.png,RECODING,5,2,99762651,11.695017,123,MAHASHAKTI SOAP & CHEM.- NEPAL,DANFE,DANFE,DANFE-PURE SOAP PPH 200 GM,PLPCH,200.000 GM,,,200.0,GM,40.0
16,2022-01-01,202112,124631722,1640934002886,99762904,123,MAHASHAKTI SOAP & CHEM.- NEPAL,DANFE,DANFE PURE SOAP/100GM/PPH,20,PPH,100GM ,,1640934002886-mahashakti soap - chem-- nepal-danfe.png,RECODING,5,3,99763647,11.984619,123,MAHASHAKTI SOAP & CHEM.- NEPAL,DANFE,DANFE,DANFE-PURE SOAP PPH 150 GM,PLPCH,150.000 GM,,,150.0,GM,30.0
16,2022-01-01,202112,124631722,1640934002886,99762904,123,MAHASHAKTI SOAP & CHEM.- NEPAL,DANFE,DANFE PURE SOAP/100GM/PPH,20,PPH,100GM ,,1640934002886-mahashakti soap - chem-- nepal-danfe.png,RECODING,5,4,99764329,13.248947,123,MAHASHAKTI SOAP & CHEM.- NEPAL,DANFE,DANFE,DANFE-PURE SOAP PPH 250 GM,PLPCH,250.000 GM,,,250.0,GM,50.0
16,2022-01-01,202112,124631722,1640934002886,99762904,123,MAHASHAKTI SOAP & CHEM.- NEPAL,DANFE,DANFE PURE SOAP/100GM/PPH,20,PPH,100GM ,,1640934002886-mahashakti soap - chem-- nepal-danfe.png,RECODING,5,5,99764049,16.623741,123,MAHASHAKTI SOAP & CHEM.- NEPAL,DANFE,DANFE,DANFE-PURE SOAP PPH 3*150 GM [450 GM] ,PLPCH,150.000 GM,,,450.0,GM,100.0
16,2022-01-01,202112,124631722,1640934002886,99762904,123,MAHASHAKTI SOAP & CHEM.- NEPAL,DANFE,DANFE PURE SOAP/100GM/PPH,20,PPH,100GM ,,1640934002886-mahashakti soap - chem-- nepal-danfe.png,RECODING,5,6,99762626,58.82488,123,MAHASHAKTI SOAP & CHEM.- NEPAL,MAHASHAKTI,MAHASHAKTI,MAHASHAKTI-PPH 100 GM,PLPCH,100.000 GM,,,100.0,GM,20.0
16,2022-01-01,202112,124631722,1640934002886,99762904,123,MAHASHAKTI SOAP & CHEM.- NEPAL,DANFE,DANFE PURE SOAP/100GM/PPH,20,PPH,100GM ,,1640934002886-mahashakti soap - chem-- nepal-danfe.png,RECODING,5,7,99762522,62.41774,123,MAHASHAKTI SOAP & CHEM.- NEPAL,MAHASHAKTI,MAHASHAKTI,MAHASHAKTI-PPH 200 GM,PLPCH,200.000 GM,,,200.0,GM,40.0
16,2022-01-01,202112,124631722,1640934002886,99762904,123,MAHASHAKTI SOAP & CHEM.- NEPAL,DANFE,DANFE PURE SOAP/100GM/PPH,20,PPH,100GM ,,1640934002886-mahashakti soap - chem-- nepal-danfe.png,RECODING,5,8,99762931,62.688274,123,MAHASHAKTI SOAP & CHEM.- NEPAL,MAHASHAKTI,MAHASHAKTI,MAHASHAKTI-PPH 150 GM,PLPCH,150.000 GM,,,150.0,GM,30.0
16,2022-01-01,202112,124631722,1640934002886,99762904,123,MAHASHAKTI SOAP & CHEM.- NEPAL,DANFE,DANFE PURE SOAP/100GM/PPH,20,PPH,100GM ,,1640934002886-mahashakti soap - chem-- nepal-danfe.png,RECODING,5,9,99763818,63.986286,123,MAHASHAKTI SOAP & CHEM.- NEPAL,RARA,RARA,RARA-PURE SOAP PPH 100 GM,PLPCH,100.000 GM,,,100.0,GM,20.0
16,2022-01-01,202112,124631722,1640934002886,99762904,123,MAHASHAKTI SOAP & CHEM.- NEPAL,DANFE,DANFE PURE SOAP/100GM/PPH,20,PPH,100GM ,,1640934002886-mahashakti soap - chem-- nepal-danfe.png,RECODING,5,10,51377,64.13632,123,MAHASHAKTI SOAP & CHEM.- NEPAL,MAHASHAKTI,MAHASHAKTI,MAHASHAKTI-PPH 220 GM,PLPCH,220.000 GM,,,220.0,GM,0.0
17,2022-01-01,202112,124631722,1640933891355,,123,MAHASHAKTI SOAP & CHEM.- NEPAL,HIMKAN ,HIMKAN/100GM/UNWRP/,20,UNWRP ,100GM ,,1640933891355-mahashakti soap - chem-- nepal-himkan .png,PARKER FOR NEXT MONTH,999,1,99763015,40.475433,123,MAHASHAKTI SOAP & CHEM.- NEPAL,HIMKAN,HIMKAN,HIMKAN-PURE SOAP PPH 300 GM,PLPCH,300.000 GM,,,300.0,GM,50.0
17,2022-01-01,202112,124631722,1640933891355,,123,MAHASHAKTI SOAP & CHEM.- NEPAL,HIMKAN ,HIMKAN/100GM/UNWRP/,20,UNWRP ,100GM ,,1640933891355-mahashakti soap - chem-- nepal-himkan .png,PARKER FOR NEXT MONTH,999,2,99763327,40.550365,123,MAHASHAKTI SOAP & CHEM.- NEPAL,HIMKAN,HIMKAN,HIMKAN-PURE SOAP PPH 200 GM,PLPCH,200.000 GM,,,200.0,GM,40.0
17,2022-01-01,202112,124631722,1640933891355,,123,MAHASHAKTI SOAP & CHEM.- NEPAL,HIMKAN ,HIMKAN/100GM/UNWRP/,20,UNWRP ,100GM ,,1640933891355-mahashakti soap - chem-- nepal-himkan .png,PARKER FOR NEXT MONTH,999,3,99762775,40.84745,123,MAHASHAKTI SOAP & CHEM.- NEPAL,HIMKAN,HIMKAN,HIMKAN-PURE SOAP PPH 250 GM,PLPCH,250.000 GM,,,250.0,GM,45.0
17,2022-01-01,202112,124631722,1640933891355,,123,MAHASHAKTI SOAP & CHEM.- NEPAL,HIMKAN ,HIMKAN/100GM/UNWRP/,20,UNWRP ,100GM ,,1640933891355-mahashakti soap - chem-- nepal-himkan .png,PARKER FOR NEXT MONTH,999,4,99762821,41.494286,123,MAHASHAKTI SOAP & CHEM.- NEPAL,HIMKAN,HIMKAN,HIMKAN-PURE SOAP PPH 150 GM,PLPCH,150.000 GM,,,150.0,GM,30.0
17,2022-01-01,202112,124631722,1640933891355,,123,MAHASHAKTI SOAP & CHEM.- NEPAL,HIMKAN ,HIMKAN/100GM/UNWRP/,20,UNWRP ,100GM ,,1640933891355-mahashakti soap - chem-- nepal-himkan .png,PARKER FOR NEXT MONTH,999,5,99763683,41.948868,123,MAHASHAKTI SOAP & CHEM.- NEPAL,HIMKAN,HIMKAN,HIMKAN-PURE SOAP PPH 125 GM,PLPCH,125.000 GM,,,125.0,GM,25.0
17,2022-01-01,202112,124631722,1640933891355,,123,MAHASHAKTI SOAP & CHEM.- NEPAL,HIMKAN ,HIMKAN/100GM/UNWRP/,20,UNWRP ,100GM ,,1640933891355-mahashakti soap - chem-- nepal-himkan .png,PARKER FOR NEXT MONTH,999,6,53904,43.883194,123,MAHASHAKTI SOAP & CHEM.- NEPAL,HIMKAN,HIMKAN,HIMKAN-PPH 110 GMS,PLPCH,110.000 GM,,,110.0,GM,0.0
17,2022-01-01,202112,124631722,1640933891355,,123,MAHASHAKTI SOAP & CHEM.- NEPAL,HIMKAN ,HIMKAN/100GM/UNWRP/,20,UNWRP ,100GM ,,1640933891355-mahashakti soap - chem-- nepal-himkan .png,PARKER FOR NEXT MONTH,999,7,52054,46.351112,123,MAHASHAKTI SOAP & CHEM.- NEPAL,MAHASHAKTI,MAHASHAKTI,MAHASHAKTI-UNWRP 200 GM,UNWRP,200.000 GM,,,200.0,GM,0.0
17,2022-01-01,202112,124631722,1640933891355,,123,MAHASHAKTI SOAP & CHEM.- NEPAL,HIMKAN ,HIMKAN/100GM/UNWRP/,20,UNWRP ,100GM ,,1640933891355-mahashakti soap - chem-- nepal-himkan .png,PARKER FOR NEXT MONTH,999,8,92922179,46.361664,123,MAHASHAKTI SOAP & CHEM.- NEPAL,RARA 72%,RARA 72%,RARA 72%-UNWRP 200 GMS,UNWRP,200.000 GM,,,200.0,GM,0.0
17,2022-01-01,202112,124631722,1640933891355,,123,MAHASHAKTI SOAP & CHEM.- NEPAL,HIMKAN ,HIMKAN/100GM/UNWRP/,20,UNWRP ,100GM ,,1640933891355-mahashakti soap - chem-- nepal-himkan .png,PARKER FOR NEXT MONTH,999,9,92919933,47.3933,123,MAHASHAKTI SOAP & CHEM.- NEPAL,RARA 72%,RARA 72%,RARA 72%-UNWRP 100 GMS,UNWRP,100.000 GM,,,100.0,GM,0.0
17,2022-01-01,202112,124631722,1640933891355,,123,MAHASHAKTI SOAP & CHEM.- NEPAL,HIMKAN ,HIMKAN/100GM/UNWRP/,20,UNWRP ,100GM ,,1640933891355-mahashakti soap - chem-- nepal-himkan .png,PARKER FOR NEXT MONTH,999,10,92919960,47.54902,123,MAHASHAKTI SOAP & CHEM.- NEPAL,RARA 72%,RARA 72%,RARA 72%-UNWRP 150 GMS,UNWRP,150.000 GM,,,150.0,GM,0.0
18,2022-01-01,202112,124567392,1640945156642,99762908,129,SYNOKEM PHARMACEUTICALS LTD INDIA ,I-FREE 72,I-FREE 72/1 NOS/CBP,80,CBP,1 NOS,,1640945156642-synokem pharmaceuticals ltd india -i-free 72.png,RECODING,5,1,99762908,41.460953,129,SYNOKEM PHARMACEUTICALS LTD-INDIA,I-FREE 72,I-FREE 72,I-FREE 72-CBP 1 NOS,CDBOX,1.000 NO,,,1.0,NO,80.0
18,2022-01-01,202112,124567392,1640945156642,99762908,129,SYNOKEM PHARMACEUTICALS LTD INDIA ,I-FREE 72,I-FREE 72/1 NOS/CBP,80,CBP,1 NOS,,1640945156642-synokem pharmaceuticals ltd india -i-free 72.png,RECODING,5,2,90727057,151.13196,129,KWALITY PHARMACEUTICALS-INDIA,CLEAR 72,CLEAR 72,CLEAR 72-CBP 1 NOS,CDBOX,1.000 NO,,,1.0,NO,0.0
18,2022-01-01,202112,124567392,1640945156642,99762908,129,SYNOKEM PHARMACEUTICALS LTD INDIA ,I-FREE 72,I-FREE 72/1 NOS/CBP,80,CBP,1 NOS,,1640945156642-synokem pharmaceuticals ltd india -i-free 72.png,RECODING,5,3,99764788,195.75414,129,COOPER PHARMA LTD-INDIA,D-PILL,D-PILL,D-PILL-CBP 1 NOS,CDBOX,1.000 NO,,,1.0,NO,80.0
18,2022-01-01,202112,124567392,1640945156642,99762908,129,SYNOKEM PHARMACEUTICALS LTD INDIA ,I-FREE 72,I-FREE 72/1 NOS/CBP,80,CBP,1 NOS,,1640945156642-synokem pharmaceuticals ltd india -i-free 72.png,RECODING,5,4,90710186,215.73242,129,WYETH LAB. - INDIA,OVRAL,OVRAL - G,OVRAL - G-CBP 20 NOS,CDBOX,20.000 NO,,,20.0,NO,0.0
18,2022-01-01,202112,124567392,1640945156642,99762908,129,SYNOKEM PHARMACEUTICALS LTD INDIA ,I-FREE 72,I-FREE 72/1 NOS/CBP,80,CBP,1 NOS,,1640945156642-synokem pharmaceuticals ltd india -i-free 72.png,RECODING,5,5,90710185,215.92499,129,WYETH LAB. - INDIA,OVRAL,OVRAL,OVRAL-CBP 21 NOS,CDBOX,21.000 NO,,,21.0,NO,0.0
18,2022-01-01,202112,124567392,1640945156642,99762908,129,SYNOKEM PHARMACEUTICALS LTD INDIA ,I-FREE 72,I-FREE 72/1 NOS/CBP,80,CBP,1 NOS,,1640945156642-synokem pharmaceuticals ltd india -i-free 72.png,RECODING,5,6,90720003,223.43301,129,CIPLA LTD.-INDIA,I-PILL,I-PILL,I-PILL-PILL-CBP 1 NOS,CDBOX,1.000 NO,,,1.0,NO,0.0
18,2022-01-01,202112,124567392,1640945156642,99762908,129,SYNOKEM PHARMACEUTICALS LTD INDIA ,I-FREE 72,I-FREE 72/1 NOS/CBP,80,CBP,1 NOS,,1640945156642-synokem pharmaceuticals ltd india -i-free 72.png,RECODING,5,7,90710190,223.80804,129,WYETH LAB. - INDIA,OVRAL,OVRAL - L,OVRAL - L-CBP 21 NOS,CDBOX,21.000 NO,,,21.0,NO,0.0
18,2022-01-01,202112,124567392,1640945156642,99762908,129,SYNOKEM PHARMACEUTICALS LTD INDIA ,I-FREE 72,I-FREE 72/1 NOS/CBP,80,CBP,1 NOS,,1640945156642-synokem pharmaceuticals ltd india -i-free 72.png,RECODING,5,8,90721567,234.1193,129,MAX PHARMACEUTICAL-NEPAL,MAX 72,MAX 72,MAX 72-CBP 1 NOS,CDBOX,1.000 NO,,,1.0,NO,0.0
18,2022-01-01,202112,124567392,1640945156642,99762908,129,SYNOKEM PHARMACEUTICALS LTD INDIA ,I-FREE 72,I-FREE 72/1 NOS/CBP,80,CBP,1 NOS,,1640945156642-synokem pharmaceuticals ltd india -i-free 72.png,RECODING,5,9,90722988,234.63763,129,S R DRUG LAB - NEPAL,CONTRAGEST,CONTRAGEST,CONTRAGEST-CBP 2 NOS,CDBOX,2.000 NO,,,2.0,NO,0.0
18,2022-01-01,202112,124567392,1640945156642,99762908,129,SYNOKEM PHARMACEUTICALS LTD INDIA ,I-FREE 72,I-FREE 72/1 NOS/CBP,80,CBP,1 NOS,,1640945156642-synokem pharmaceuticals ltd india -i-free 72.png,RECODING,5,10,90712760,234.79176,129,GERMAN REMEDY LTD. - INDIA,TRIQUILAR,TRIQUILAR,TRIQUILAR-CBP 21 NOS,CDBOX,21.000 NO,,,21.0,NO,0.0
19,2022-01-01,202112,124567392,1640945928931,99762909,130,ARSH ENTERPRISES-INDIA,XPRESSION ,XPRESSION/BANANA FLAVOUR/3 PCS/CBP,80,CBP,3 NOS,,1640945928931-arsh enterprises-india-xpression .png,RECODING,5,1,99762909,76.20682,130,ARSH ENTERPRISES-INDIA,XPRESSION,XPRESSION,XPRESSION-BANANA CBP 3 NO,CDBOX,3.000 NO,,,3.0,NO,80.0
19,2022-01-01,202112,124567392,1640945928931,99762909,130,ARSH ENTERPRISES-INDIA,XPRESSION ,XPRESSION/BANANA FLAVOUR/3 PCS/CBP,80,CBP,3 NOS,,1640945928931-arsh enterprises-india-xpression .png,RECODING,5,2,99762854,137.34573,130,ARSH ENTERPRISES-INDIA,XPRESSION,XPRESSION,XPRESSION-STRAWBERRY CBP 3 NO,CDBOX,3.000 NO,,,3.0,NO,100.0
19,2022-01-01,202112,124567392,1640945928931,99762909,130,ARSH ENTERPRISES-INDIA,XPRESSION ,XPRESSION/BANANA FLAVOUR/3 PCS/CBP,80,CBP,3 NOS,,1640945928931-arsh enterprises-india-xpression .png,RECODING,5,3,99762853,148.09918,130,ARSH ENTERPRISES-INDIA,XPRESSION,XPRESSION,XPRESSION-CHOCOLATE CBP 3 NO,CDBOX,3.000 NO,,,3.0,NO,100.0
19,2022-01-01,202112,124567392,1640945928931,99762909,130,ARSH ENTERPRISES-INDIA,XPRESSION ,XPRESSION/BANANA FLAVOUR/3 PCS/CBP,80,CBP,3 NOS,,1640945928931-arsh enterprises-india-xpression .png,RECODING,5,4,51090,176.1093,130,PAHUPATI SEOHUNG LTD- INDIA,LOVE NIGHT,LOVE NIGHT,LOVE NIGHT-BANANA CBP 3 NO DOTTED,CDBOX,3.000 NO,,,3.0,NO,0.0
19,2022-01-01,202112,124567392,1640945928931,99762909,130,ARSH ENTERPRISES-INDIA,XPRESSION ,XPRESSION/BANANA FLAVOUR/3 PCS/CBP,80,CBP,3 NOS,,1640945928931-arsh enterprises-india-xpression .png,RECODING,5,5,99764418,177.43488,130,ARSH ENTERPRISES-INDIA,JAGUAR,JAGUAR PREMIUM,JAGUAR PREMIUM- CBP 3 NO,CDBOX,3.000 NO,,,3.0,NO,50.0
19,2022-01-01,202112,124567392,1640945928931,99762909,130,ARSH ENTERPRISES-INDIA,XPRESSION ,XPRESSION/BANANA FLAVOUR/3 PCS/CBP,80,CBP,3 NOS,,1640945928931-arsh enterprises-india-xpression .png,RECODING,5,6,99764372,179.01085,130,ARSH ENTERPRISES-INDIA,BLACK BIRD,BLACK BIRD PREMIUM,BLACK BIRD PREMIUM-STRAWBERRY CBP 3 NO,CDBOX,3.000 NO,,,3.0,NO,50.0
19,2022-01-01,202112,124567392,1640945928931,99762909,130,ARSH ENTERPRISES-INDIA,XPRESSION ,XPRESSION/BANANA FLAVOUR/3 PCS/CBP,80,CBP,3 NOS,,1640945928931-arsh enterprises-india-xpression .png,RECODING,5,7,90525611,183.13013,130,AABHA CONTRACEPTIVES PVT LTD-IND,HOT PLEASURE,HOT PLEASURE,HOT PLEASURE-BANANA CBP 3NO,CDBOX,3.000 NO,,,3.0,NO,0.0
19,2022-01-01,202112,124567392,1640945928931,99762909,130,ARSH ENTERPRISES-INDIA,XPRESSION ,XPRESSION/BANANA FLAVOUR/3 PCS/CBP,80,CBP,3 NOS,,1640945928931-arsh enterprises-india-xpression .png,RECODING,5,8,90511589,185.79718,130,J.K. ANSELL LTD. - INDIA,KAMASUTRA,KAMASUTRA SCENTED,KAMASUTRA SCENTED-BANANA CBP 3 NOS,CDBOX,3.000 NO,,,3.0,NO,0.0
19,2022-01-01,202112,124567392,1640945928931,99762909,130,ARSH ENTERPRISES-INDIA,XPRESSION ,XPRESSION/BANANA FLAVOUR/3 PCS/CBP,80,CBP,3 NOS,,1640945928931-arsh enterprises-india-xpression .png,RECODING,5,9,99764322,194.27768,130,RAYMOND CONSUMER CARE-INDIA,KAMASUTRA,KAMASUTRA DOTTED,KAMASUTRA DOTTED-BANANA CBP 10 NOS,CDBOX,10.000 NO,,,10.0,NO,200.0
19,2022-01-01,202112,124567392,1640945928931,99762909,130,ARSH ENTERPRISES-INDIA,XPRESSION ,XPRESSION/BANANA FLAVOUR/3 PCS/CBP,80,CBP,3 NOS,,1640945928931-arsh enterprises-india-xpression .png,RECODING,5,10,51735,196.42477,130,DESTINY PVT LTD-INDIA,POWER POINT,POWER POINT,POWER POINT-BANANA DOTTED CBP 3 NO,CDBOX,3.000 NO,,,3.0,NO,0.0
20,2022-01-02,202112,111741491,1640941184298,99762903,123,KWALITY CHEM PVT LTD-NEPAL,NISHAN ,NISHAN/200/GM/PPH,40,PPH,200 GM,,1640941184298-kwality chem pvt ltd-nepal-nishan .png,RECODING,2,1,99762637,40.746582,123,KWALITY CHEM PVT LTD-NEPAL,BHANU,BHANU,BHANU-PPH 200 GM,PLPCH,200.000 GM,,,200.0,GM,30.0
20,2022-01-02,202112,111741491,1640941184298,99762903,123,KWALITY CHEM PVT LTD-NEPAL,NISHAN ,NISHAN/200/GM/PPH,40,PPH,200 GM,,1640941184298-kwality chem pvt ltd-nepal-nishan .png,RECODING,2,2,99763574,45.20553,123,KWALITY CHEM PVT LTD-NEPAL,BHANU,BHANU,BHANU-PPH 100 GM,PLPCH,100.000 GM,,,100.0,GM,20.0
20,2022-01-02,202112,111741491,1640941184298,99762903,123,KWALITY CHEM PVT LTD-NEPAL,NISHAN ,NISHAN/200/GM/PPH,40,PPH,200 GM,,1640941184298-kwality chem pvt ltd-nepal-nishan .png,RECODING,2,3,99762903,45.377815,123,KWALITY CHEM PVT LTD-NEPAL,BISHAL,BISHAL,BISHAL-PPH 200 GM,PLPCH,200.000 GM,,,200.0,GM,40.0
20,2022-01-02,202112,111741491,1640941184298,99762903,123,KWALITY CHEM PVT LTD-NEPAL,NISHAN ,NISHAN/200/GM/PPH,40,PPH,200 GM,,1640941184298-kwality chem pvt ltd-nepal-nishan .png,RECODING,2,4,99762890,46.123596,123,KWALITY CHEM PVT LTD-NEPAL,BHANU,BHANU,BHANU-PPH 250 GM,PLPCH,250.000 GM,,,250.0,GM,50.0
20,2022-01-02,202112,111741491,1640941184298,99762903,123,KWALITY CHEM PVT LTD-NEPAL,NISHAN ,NISHAN/200/GM/PPH,40,PPH,200 GM,,1640941184298-kwality chem pvt ltd-nepal-nishan .png,RECODING,2,5,99762638,46.734756,123,KWALITY CHEM PVT LTD-NEPAL,BHANU,BHANU,BHANU-PPH 300 GM,PLPCH,300.000 GM,,,300.0,GM,50.0
20,2022-01-02,202112,111741491,1640941184298,99762903,123,KWALITY CHEM PVT LTD-NEPAL,NISHAN ,NISHAN/200/GM/PPH,40,PPH,200 GM,,1640941184298-kwality chem pvt ltd-nepal-nishan .png,RECODING,2,6,99763280,48.406548,123,KWALITY CHEM PVT LTD-NEPAL,BHANU,BHANU,BHANU-PPH 125 GM,PLPCH,125.000 GM,,,125.0,GM,20.0
20,2022-01-02,202112,111741491,1640941184298,99762903,123,KWALITY CHEM PVT LTD-NEPAL,NISHAN ,NISHAN/200/GM/PPH,40,PPH,200 GM,,1640941184298-kwality chem pvt ltd-nepal-nishan .png,RECODING,2,7,99763739,48.99511,123,KWALITY CHEM PVT LTD-NEPAL,BHANU,BHANU,BHANU-PPH 150 GM,PLPCH,150.000 GM,,,150.0,GM,30.0
20,2022-01-02,202112,111741491,1640941184298,99762903,123,KWALITY CHEM PVT LTD-NEPAL,NISHAN ,NISHAN/200/GM/PPH,40,PPH,200 GM,,1640941184298-kwality chem pvt ltd-nepal-nishan .png,RECODING,2,8,99763464,51.033104,123,KWALITY CHEM PVT LTD-NEPAL,BISHAL,BISHAL,BISHAL-PPH 250 GM,PLPCH,250.000 GM,,,250.0,GM,50.0
20,2022-01-02,202112,111741491,1640941184298,99762903,123,KWALITY CHEM PVT LTD-NEPAL,NISHAN ,NISHAN/200/GM/PPH,40,PPH,200 GM,,1640941184298-kwality chem pvt ltd-nepal-nishan .png,RECODING,2,9,99762488,51.131767,123,KWALITY CHEM PVT LTD-NEPAL,123,123 POWER,123 POWER-PPH 200 GM,PLPCH,200.000 GM,,,200.0,GM,40.0
20,2022-01-02,202112,111741491,1640941184298,99762903,123,KWALITY CHEM PVT LTD-NEPAL,NISHAN ,NISHAN/200/GM/PPH,40,PPH,200 GM,,1640941184298-kwality chem pvt ltd-nepal-nishan .png,RECODING,2,10,99763047,52.021004,123,KWALITY CHEM PVT LTD-NEPAL,BISHAL,BISHAL,BISHAL-PPH 100 GM,PLPCH,100.000 GM,,,100.0,GM,20.0
21,2022-01-02,202112,111741491,1640941085388,99762905,123,KARUNA SOAP & CHEMICALS-NEPAL,PALUWA,PALUWA/150/GM/,30,PPH,150 GM,,1640941085388-karuna soap - chemicals-nepal-paluwa.png,RECODING,5,1,99762905,26.466846,123,KARUNA SOAP & CHEMICALS-NEPAL,PALUWA,PALUWA,PALUWA-LAUNDRY SOAP PPH 150 GM,PLPCH,150.000 GM,,,150.0,GM,30.0
21,2022-01-02,202112,111741491,1640941085388,99762905,123,KARUNA SOAP & CHEMICALS-NEPAL,PALUWA,PALUWA/150/GM/,30,PPH,150 GM,,1640941085388-karuna soap - chemicals-nepal-paluwa.png,RECODING,5,2,99762531,29.775608,123,KARUNA SOAP & CHEMICALS-NEPAL,PALUWA,PALUWA,PALUWA-ASH & LEMON PPH 200 GM,PLPCH,200.000 GM,,,200.0,GM,20.0
21,2022-01-02,202112,111741491,1640941085388,99762905,123,KARUNA SOAP & CHEMICALS-NEPAL,PALUWA,PALUWA/150/GM/,30,PPH,150 GM,,1640941085388-karuna soap - chemicals-nepal-paluwa.png,RECODING,5,3,99764922,37.548157,123,KARUNA SOAP & CHEMICALS-NEPAL,PALUWA,PALUWA,PALUWA-EXTRA CLEAN LAUNDRY SOAP PPH 3*133 GM,PLPCH,133.000 GM,,,400.0,GM,100.0
21,2022-01-02,202112,111741491,1640941085388,99762905,123,KARUNA SOAP & CHEMICALS-NEPAL,PALUWA,PALUWA/150/GM/,30,PPH,150 GM,,1640941085388-karuna soap - chemicals-nepal-paluwa.png,RECODING,5,4,93021203,46.05323,123,KARUNA SOAP & CHEMICALS-NEPAL,KARUNA,KARUNA,KARUNA-PPH 1000 GMS,PLPCH,1000.000 GM,,,1000.0,GM,0.0
21,2022-01-02,202112,111741491,1640941085388,99762905,123,KARUNA SOAP & CHEMICALS-NEPAL,PALUWA,PALUWA/150/GM/,30,PPH,150 GM,,1640941085388-karuna soap - chemicals-nepal-paluwa.png,RECODING,5,5,99762751,52.16486,123,KARUNA SOAP & CHEMICALS-NEPAL,KARUNA,KARUNA GOLD,KARUNA GOLD-PPH 150 GM,PLPCH,150.000 GM,,,150.0,GM,30.0
21,2022-01-02,202112,111741491,1640941085388,99762905,123,KARUNA SOAP & CHEMICALS-NEPAL,PALUWA,PALUWA/150/GM/,30,PPH,150 GM,,1640941085388-karuna soap - chemicals-nepal-paluwa.png,RECODING,5,6,99764371,52.68372,123,KARUNA SOAP & CHEMICALS-NEPAL,MANJARI,MANJARI,MANJARI-LAUNDRY SOAP PPH 300 GM,PLPCH,300.000 GM,,,300.0,GM,50.0
21,2022-01-02,202112,111741491,1640941085388,99762905,123,KARUNA SOAP & CHEMICALS-NEPAL,PALUWA,PALUWA/150/GM/,30,PPH,150 GM,,1640941085388-karuna soap - chemicals-nepal-paluwa.png,RECODING,5,7,99763368,58.519733,123,KARUNA SOAP & CHEMICALS-NEPAL,KARUNA,KARUNA GOLD,KARUNA GOLD-PPH 100 GM,PLPCH,100.000 GM,,,100.0,GM,20.0
21,2022-01-02,202112,111741491,1640941085388,99762905,123,KARUNA SOAP & CHEMICALS-NEPAL,PALUWA,PALUWA/150/GM/,30,PPH,150 GM,,1640941085388-karuna soap - chemicals-nepal-paluwa.png,RECODING,5,8,99762713,58.644882,123,KARUNA SOAP & CHEMICALS-NEPAL,KARUNA,KARUNA GOLD,KARUNA GOLD-PPH 200 GM,PLPCH,200.000 GM,,,200.0,GM,40.0
21,2022-01-02,202112,111741491,1640941085388,99762905,123,KARUNA SOAP & CHEMICALS-NEPAL,PALUWA,PALUWA/150/GM/,30,PPH,150 GM,,1640941085388-karuna soap - chemicals-nepal-paluwa.png,RECODING,5,9,52442,59.63212,123,KARUNA SOAP & CHEMICALS-NEPAL,PARIJAT,PARIJAT,PARIJAT-CLEAN & LEMON PPH 85 GM,PLPCH,85.000 GM,,,85.0,GM,0.0
21,2022-01-02,202112,111741491,1640941085388,99762905,123,KARUNA SOAP & CHEMICALS-NEPAL,PALUWA,PALUWA/150/GM/,30,PPH,150 GM,,1640941085388-karuna soap - chemicals-nepal-paluwa.png,RECODING,5,10,53225,60.000805,123,KARUNA SOAP & CHEMICALS-NEPAL,KARUNA,KARUNA GOLD,KARUNA GOLD-PPH 210 GM,PLPCH,210.000 GM,,,210.0,GM,0.0
22,2022-01-02,202112,114623002,1640935728616,99762906,123,GOLDEN STAR SOAP IND-NEPAL,HERO,HERO/150/GM/PPH,30,PPH,150GM,,1640935728616-golden star soap ind-nepal-hero.png,RECODING,5,1,99762907,17.894161,123,GOLDEN STAR SOAP IND-NEPAL,HERO,HERO,HERO-PPH 150 GM,PLPCH,150.000 GM,,,150.0,GM,30.0
22,2022-01-02,202112,114623002,1640935728616,99762906,123,GOLDEN STAR SOAP IND-NEPAL,HERO,HERO/150/GM/PPH,30,PPH,150GM,,1640935728616-golden star soap ind-nepal-hero.png,RECODING,5,2,99763455,19.549652,123,GOLDEN STAR SOAP IND-NEPAL,HERO,HERO,HERO-PPH 300 GM,PLPCH,300.000 GM,,,300.0,GM,50.0
22,2022-01-02,202112,114623002,1640935728616,99762906,123,GOLDEN STAR SOAP IND-NEPAL,HERO,HERO/150/GM/PPH,30,PPH,150GM,,1640935728616-golden star soap ind-nepal-hero.png,RECODING,5,3,99763232,20.69722,123,GOLDEN STAR SOAP IND-NEPAL,HERO,HERO,HERO-PPH 250 GM,PLPCH,250.000 GM,,,250.0,GM,40.0
22,2022-01-02,202112,114623002,1640935728616,99762906,123,GOLDEN STAR SOAP IND-NEPAL,HERO,HERO/150/GM/PPH,30,PPH,150GM,,1640935728616-golden star soap ind-nepal-hero.png,RECODING,5,4,99762906,22.354492,123,GOLDEN STAR SOAP IND-NEPAL,HERO,HERO,HERO-PPH 100 GM,PLPCH,100.000 GM,,,100.0,GM,20.0
22,2022-01-02,202112,114623002,1640935728616,99762906,123,GOLDEN STAR SOAP IND-NEPAL,HERO,HERO/150/GM/PPH,30,PPH,150GM,,1640935728616-golden star soap ind-nepal-hero.png,RECODING,5,5,99763880,22.76521,123,GOLDEN STAR SOAP IND-NEPAL,HERO,HERO,HERO-PPH 200 GM,PLPCH,200.000 GM,,,200.0,GM,40.0
22,2022-01-02,202112,114623002,1640935728616,99762906,123,GOLDEN STAR SOAP IND-NEPAL,HERO,HERO/150/GM/PPH,30,PPH,150GM,,1640935728616-golden star soap ind-nepal-hero.png,RECODING,5,6,54988,55.698315,123,GOLDEN STAR SOAP IND-NEPAL,HERO,HERO,HERO-UNWRP 130 GMS,UNWRP,130.000 GM,,,130.0,GM,0.0
22,2022-01-02,202112,114623002,1640935728616,99762906,123,GOLDEN STAR SOAP IND-NEPAL,HERO,HERO/150/GM/PPH,30,PPH,150GM,,1640935728616-golden star soap ind-nepal-hero.png,RECODING,5,7,49683,67.05577,123,GOLDEN STAR SOAP IND-NEPAL,GOLDEN,GOLDEN PREMIUM,GOLDEN PREMIUM-PPH 200 GM+10% EXT[20G],PLPCH,200.000 GM,,,220.0,GM,0.0
22,2022-01-02,202112,114623002,1640935728616,99762906,123,GOLDEN STAR SOAP IND-NEPAL,HERO,HERO/150/GM/PPH,30,PPH,150GM,,1640935728616-golden star soap ind-nepal-hero.png,RECODING,5,8,54691,69.68742,123,GOLDEN STAR SOAP IND-NEPAL,AAYO,AAYO,AAYO-PPH 12*180 GM,PLPCH,180.000 GM,,,2160.0,GM,0.0
22,2022-01-02,202112,114623002,1640935728616,99762906,123,GOLDEN STAR SOAP IND-NEPAL,HERO,HERO/150/GM/PPH,30,PPH,150GM,,1640935728616-golden star soap ind-nepal-hero.png,RECODING,5,9,49401,73.06641,123,GOLDEN STAR SOAP IND-NEPAL,UNIK,UNIK,UNIK-PREMIUM PPH 6*240 GM[2040GM],PLPCH,240.000 GM,,,2040.0,GM,0.0
22,2022-01-02,202112,114623002,1640935728616,99762906,123,GOLDEN STAR SOAP IND-NEPAL,HERO,HERO/150/GM/PPH,30,PPH,150GM,,1640935728616-golden star soap ind-nepal-hero.png,RECODING,5,10,99764008,76.53574,123,GOLDEN STAR SOAP IND-NEPAL,AAYO,AAYO ULTRA,AAYO ULTRA-LAUNDRY SOAP PPH 3*167 GM [500 GM],PLPCH,167.000 GM,,,500.0,GM,100.0
23,2022-01-02,202112,114623002,1640935635806,99762907,123,GOLDEN STAR SOAP IND-NEPAL,HERO,HERO/100/GM/PPH,20,PPH,100 GM,,1640935635806-golden star soap ind-nepal-hero.png,RECODING,5,1,99762906,15.092937,123,GOLDEN STAR SOAP IND-NEPAL,HERO,HERO,HERO-PPH 100 GM,PLPCH,100.000 GM,,,100.0,GM,20.0
23,2022-01-02,202112,114623002,1640935635806,99762907,123,GOLDEN STAR SOAP IND-NEPAL,HERO,HERO/100/GM/PPH,20,PPH,100 GM,,1640935635806-golden star soap ind-nepal-hero.png,RECODING,5,2,99763880,22.192423,123,GOLDEN STAR SOAP IND-NEPAL,HERO,HERO,HERO-PPH 200 GM,PLPCH,200.000 GM,,,200.0,GM,40.0
23,2022-01-02,202112,114623002,1640935635806,99762907,123,GOLDEN STAR SOAP IND-NEPAL,HERO,HERO/100/GM/PPH,20,PPH,100 GM,,1640935635806-golden star soap ind-nepal-hero.png,RECODING,5,3,99763455,22.688034,123,GOLDEN STAR SOAP IND-NEPAL,HERO,HERO,HERO-PPH 300 GM,PLPCH,300.000 GM,,,300.0,GM,50.0
23,2022-01-02,202112,114623002,1640935635806,99762907,123,GOLDEN STAR SOAP IND-NEPAL,HERO,HERO/100/GM/PPH,20,PPH,100 GM,,1640935635806-golden star soap ind-nepal-hero.png,RECODING,5,4,99762907,23.090782,123,GOLDEN STAR SOAP IND-NEPAL,HERO,HERO,HERO-PPH 150 GM,PLPCH,150.000 GM,,,150.0,GM,30.0
23,2022-01-02,202112,114623002,1640935635806,99762907,123,GOLDEN STAR SOAP IND-NEPAL,HERO,HERO/100/GM/PPH,20,PPH,100 GM,,1640935635806-golden star soap ind-nepal-hero.png,RECODING,5,5,99763232,23.797083,123,GOLDEN STAR SOAP IND-NEPAL,HERO,HERO,HERO-PPH 250 GM,PLPCH,250.000 GM,,,250.0,GM,40.0
23,2022-01-02,202112,114623002,1640935635806,99762907,123,GOLDEN STAR SOAP IND-NEPAL,HERO,HERO/100/GM/PPH,20,PPH,100 GM,,1640935635806-golden star soap ind-nepal-hero.png,RECODING,5,6,54988,54.87993,123,GOLDEN STAR SOAP IND-NEPAL,HERO,HERO,HERO-UNWRP 130 GMS,UNWRP,130.000 GM,,,130.0,GM,0.0
23,2022-01-02,202112,114623002,1640935635806,99762907,123,GOLDEN STAR SOAP IND-NEPAL,HERO,HERO/100/GM/PPH,20,PPH,100 GM,,1640935635806-golden star soap ind-nepal-hero.png,RECODING,5,7,49683,68.06738,123,GOLDEN STAR SOAP IND-NEPAL,GOLDEN,GOLDEN PREMIUM,GOLDEN PREMIUM-PPH 200 GM+10% EXT[20G],PLPCH,200.000 GM,,,220.0,GM,0.0
23,2022-01-02,202112,114623002,1640935635806,99762907,123,GOLDEN STAR SOAP IND-NEPAL,HERO,HERO/100/GM/PPH,20,PPH,100 GM,,1640935635806-golden star soap ind-nepal-hero.png,RECODING,5,8,54691,69.407585,123,GOLDEN STAR SOAP IND-NEPAL,AAYO,AAYO,AAYO-PPH 12*180 GM,PLPCH,180.000 GM,,,2160.0,GM,0.0
23,2022-01-02,202112,114623002,1640935635806,99762907,123,GOLDEN STAR SOAP IND-NEPAL,HERO,HERO/100/GM/PPH,20,PPH,100 GM,,1640935635806-golden star soap ind-nepal-hero.png,RECODING,5,9,49401,75.19203,123,GOLDEN STAR SOAP IND-NEPAL,UNIK,UNIK,UNIK-PREMIUM PPH 6*240 GM[2040GM],PLPCH,240.000 GM,,,2040.0,GM,0.0
23,2022-01-02,202112,114623002,1640935635806,99762907,123,GOLDEN STAR SOAP IND-NEPAL,HERO,HERO/100/GM/PPH,20,PPH,100 GM,,1640935635806-golden star soap ind-nepal-hero.png,RECODING,5,10,99764008,79.00871,123,GOLDEN STAR SOAP IND-NEPAL,AAYO,AAYO ULTRA,AAYO ULTRA-LAUNDRY SOAP PPH 3*167 GM [500 GM],PLPCH,167.000 GM,,,500.0,GM,100.0
24,2022-01-03,202201,115069915,1641103178145,92927222,123,HIMGIRI HYGIENE PVT LTD-NEPAL,NIRMA,NIRMA /400/GM/PBT,55,PBT,400 GM,,1641103178145-himgiri hygiene pvt ltd-nepal-nirma.png,CROSS CODING,2,1,99763577,65.7065,123,HIMGIRI HYGIENE PVT LTD-NEPAL,NIRMA,NIRMA,NIRMA-EXTRA LIME POWER PCN 400 GM,PLJAR,400.000 GM,,,400.0,GM,55.0
24,2022-01-03,202201,115069915,1641103178145,92927222,123,HIMGIRI HYGIENE PVT LTD-NEPAL,NIRMA,NIRMA /400/GM/PBT,55,PBT,400 GM,,1641103178145-himgiri hygiene pvt ltd-nepal-nirma.png,CROSS CODING,2,2,99763002,73.18238,123,HIMGIRI HYGIENE PVT LTD-NEPAL,SHAKTI,SHAKTI,SHAKTI-PPH 250 GM,PLPCH,250.000 GM,,,250.0,GM,40.0
24,2022-01-03,202201,115069915,1641103178145,92927222,123,HIMGIRI HYGIENE PVT LTD-NEPAL,NIRMA,NIRMA /400/GM/PBT,55,PBT,400 GM,,1641103178145-himgiri hygiene pvt ltd-nepal-nirma.png,CROSS CODING,2,3,99763734,73.859436,123,HIMGIRI HYGIENE PVT LTD-NEPAL,NIRMA,NIRMA HERBAL,NIRMA HERBAL-ASHES & LEMON PPH 100 GM,PLPCH,100.000 GM,,,100.0,GM,10.0
24,2022-01-03,202201,115069915,1641103178145,92927222,123,HIMGIRI HYGIENE PVT LTD-NEPAL,NIRMA,NIRMA /400/GM/PBT,55,PBT,400 GM,,1641103178145-himgiri hygiene pvt ltd-nepal-nirma.png,CROSS CODING,2,4,99764416,74.79561,123,HIMGIRI HYGIENE PVT LTD-NEPAL,NIRMA,NIRMA HERBAL,NIRMA HERBAL-ASHES & LEMON PPH 75 GM,PLPCH,75.000 GM,,,75.0,GM,10.0
24,2022-01-03,202201,115069915,1641103178145,92927222,123,HIMGIRI HYGIENE PVT LTD-NEPAL,NIRMA,NIRMA /400/GM/PBT,55,PBT,400 GM,,1641103178145-himgiri hygiene pvt ltd-nepal-nirma.png,CROSS CODING,2,5,99763554,76.00639,123,HIMGIRI HYGIENE PVT LTD-NEPAL,SHAKTI,SHAKTI,SHAKTI-PPH 200 GM,PLPCH,200.000 GM,,,200.0,GM,40.0
24,2022-01-03,202201,115069915,1641103178145,92927222,123,HIMGIRI HYGIENE PVT LTD-NEPAL,NIRMA,NIRMA /400/GM/PBT,55,PBT,400 GM,,1641103178145-himgiri hygiene pvt ltd-nepal-nirma.png,CROSS CODING,2,6,99763552,77.81077,123,HIMGIRI HYGIENE PVT LTD-NEPAL,SHAKTI,SHAKTI,SHAKTI-PPH 100 GM,PLPCH,100.000 GM,,,100.0,GM,20.0
24,2022-01-03,202201,115069915,1641103178145,92927222,123,HIMGIRI HYGIENE PVT LTD-NEPAL,NIRMA,NIRMA /400/GM/PBT,55,PBT,400 GM,,1641103178145-himgiri hygiene pvt ltd-nepal-nirma.png,CROSS CODING,2,7,99763506,79.62412,123,HIMGIRI HYGIENE PVT LTD-NEPAL,SHOVA,SHOVA,SHOVA-PPH 300 GM,PLPCH,300.000 GM,,,300.0,GM,50.0
24,2022-01-03,202201,115069915,1641103178145,92927222,123,HIMGIRI HYGIENE PVT LTD-NEPAL,NIRMA,NIRMA /400/GM/PBT,55,PBT,400 GM,,1641103178145-himgiri hygiene pvt ltd-nepal-nirma.png,CROSS CODING,2,8,99763553,80.35679,123,HIMGIRI HYGIENE PVT LTD-NEPAL,SHAKTI,SHAKTI,SHAKTI-PPH 150 GM,PLPCH,150.000 GM,,,150.0,GM,30.0
24,2022-01-03,202201,115069915,1641103178145,92927222,123,HIMGIRI HYGIENE PVT LTD-NEPAL,NIRMA,NIRMA /400/GM/PBT,55,PBT,400 GM,,1641103178145-himgiri hygiene pvt ltd-nepal-nirma.png,CROSS CODING,2,9,99763163,81.81966,123,HIMGIRI HYGIENE PVT LTD-NEPAL,SHOVA,SHOVA,SHOVA-PPH 200 GM,PLPCH,200.000 GM,,,200.0,GM,40.0
24,2022-01-03,202201,115069915,1641103178145,92927222,123,HIMGIRI HYGIENE PVT LTD-NEPAL,NIRMA,NIRMA /400/GM/PBT,55,PBT,400 GM,,1641103178145-himgiri hygiene pvt ltd-nepal-nirma.png,CROSS CODING,2,10,99763248,83.311714,123,HIMGIRI HYGIENE PVT LTD-NEPAL,SHOVA,SHOVA,SHOVA-PPH 125 GM,PLPCH,125.000 GM,,,125.0,GM,20.0
25,2022-01-03,202201,124916559,1641096872587,99762897,120,SHREE JAYAKALI JADIBUTI UDY-NP,OKHATI PAPAYA,OKHATI PAPAYA/WHITENING +SUNSCREEN/125GM/CBP,110,CBP,125GM ,,1641096872587-shree jayakali jadibuti udy-np-okhati papaya.png,RECODING,5,1,50842,61.14764,120,SHREE JAYAKALI JADIBUTI UDY-NP,OKHATI,OKHATI PAPAYA,OKHATI PAPAYA-WHITENING CBP 100 GM,CDBOX,100.000 GM,,,100.0,GM,0.0
25,2022-01-03,202201,124916559,1641096872587,99762897,120,SHREE JAYAKALI JADIBUTI UDY-NP,OKHATI PAPAYA,OKHATI PAPAYA/WHITENING +SUNSCREEN/125GM/CBP,110,CBP,125GM ,,1641096872587-shree jayakali jadibuti udy-np-okhati papaya.png,RECODING,5,2,99762897,78.72746,120,SHREE JAYAKALI JADIBUTI UDY-NP,OKHATI,OKHATI PAPAYA,OKHATI PAPAYA-WHTNG SUNCRN CBP 125 GM,CDBOX,125.000 GM,,,125.0,GM,110.0
25,2022-01-03,202201,124916559,1641096872587,99762897,120,SHREE JAYAKALI JADIBUTI UDY-NP,OKHATI PAPAYA,OKHATI PAPAYA/WHITENING +SUNSCREEN/125GM/CBP,110,CBP,125GM ,,1641096872587-shree jayakali jadibuti udy-np-okhati papaya.png,RECODING,5,3,49221,89.06973,120,SHREE JAYAKALI JADIBUTI UDY-NP,OKHATI,OKHATI PAPAYA,OKHATI PAPAYA-WHTNG SUNCRN CBP 135 GM,CDBOX,135.000 GM,,,135.0,GM,0.0
25,2022-01-03,202201,124916559,1641096872587,99762897,120,SHREE JAYAKALI JADIBUTI UDY-NP,OKHATI PAPAYA,OKHATI PAPAYA/WHITENING +SUNSCREEN/125GM/CBP,110,CBP,125GM ,,1641096872587-shree jayakali jadibuti udy-np-okhati papaya.png,RECODING,5,4,92520406,127.576004,120,JAI KALI JADIBUTI UDHYOG-NEPAL,OKHATI,OKHATI AYURVEDIC,OKHATI AYURVEDIC- PAPAYA CBP 135 GMS,CDBOX,135.000 GM,,,135.0,GM,0.0
25,2022-01-03,202201,124916559,1641096872587,99762897,120,SHREE JAYAKALI JADIBUTI UDY-NP,OKHATI PAPAYA,OKHATI PAPAYA/WHITENING +SUNSCREEN/125GM/CBP,110,CBP,125GM ,,1641096872587-shree jayakali jadibuti udy-np-okhati papaya.png,RECODING,5,5,92525492,127.85632,120,NEW SAFAL HERBAL UDHYOG-NP,BISHWASH,BISHWASH PAPAYA WHITENING,BISHWASH PAPAYA WHITENING-CBP 50 GMS,CDBOX,50.000 GM,,,50.0,GM,0.0
25,2022-01-03,202201,124916559,1641096872587,99762897,120,SHREE JAYAKALI JADIBUTI UDY-NP,OKHATI PAPAYA,OKHATI PAPAYA/WHITENING +SUNSCREEN/125GM/CBP,110,CBP,125GM ,,1641096872587-shree jayakali jadibuti udy-np-okhati papaya.png,RECODING,5,6,92519481,128.16138,120,JAI KALI JADIBUTI UDHYOG-NEPAL,OKHATI,OKHATI AYURVEDIC,OKHATI AYURVEDIC- PAPAYA CBP 75 GMS,CDBOX,75.000 GM,,,75.0,GM,0.0
25,2022-01-03,202201,124916559,1641096872587,99762897,120,SHREE JAYAKALI JADIBUTI UDY-NP,OKHATI PAPAYA,OKHATI PAPAYA/WHITENING +SUNSCREEN/125GM/CBP,110,CBP,125GM ,,1641096872587-shree jayakali jadibuti udy-np-okhati papaya.png,RECODING,5,7,92519907,128.35458,120,JAI KALI JADIBUTI UDHYOG-NEPAL,OKHATI,OKHATI AYURVEDIC,OKHATI AYURVEDIC- PAPAYA CBP 85 GMS,CDBOX,85.000 GM,,,85.0,GM,0.0
25,2022-01-03,202201,124916559,1641096872587,99762897,120,SHREE JAYAKALI JADIBUTI UDY-NP,OKHATI PAPAYA,OKHATI PAPAYA/WHITENING +SUNSCREEN/125GM/CBP,110,CBP,125GM ,,1641096872587-shree jayakali jadibuti udy-np-okhati papaya.png,RECODING,5,8,92521799,130.8041,120,PRASHNA HERBAL UDHYOG-NP,MAGIC,MAGIC PAPAYA WHITENING SOAP,MAGIC PAPAYA WHITENING SOAP-CBP 130 GM,CDBOX,130.000 GM,,,130.0,GM,0.0
25,2022-01-03,202201,124916559,1641096872587,99762897,120,SHREE JAYAKALI JADIBUTI UDY-NP,OKHATI PAPAYA,OKHATI PAPAYA/WHITENING +SUNSCREEN/125GM/CBP,110,CBP,125GM ,,1641096872587-shree jayakali jadibuti udy-np-okhati papaya.png,RECODING,5,9,52295,131.06935,120,D.N HERBAL UDHYOG-NEPAL,SRIKHANDA,SRIKHANDA PAPAYA WHITENING SOP,SRIKHANDA PAPAYA WHITENING SOP-CBP 110 GMS,CDBOX,110.000 GM,,,110.0,GM,0.0
25,2022-01-03,202201,124916559,1641096872587,99762897,120,SHREE JAYAKALI JADIBUTI UDY-NP,OKHATI PAPAYA,OKHATI PAPAYA/WHITENING +SUNSCREEN/125GM/CBP,110,CBP,125GM ,,1641096872587-shree jayakali jadibuti udy-np-okhati papaya.png,RECODING,5,10,99764078,131.19731,120,NAMASTE HERBAL UDHYOG NEPAL-NP,SANCHO,SANCHO PAPAYA WHITENING,SANCHO PAPAYA WHITENING-TOTAL SKIN CARE CBP 60 GM,CDBOX,60.000 GM,,,60.0,GM,60.0
26,2022-01-03,202201,124916559,1641097734948,99762910,130,KAYMOND CONSUMER CARE LIMITED INDIA ,KAMASUTRA ,KAMASUTRA/MANGO FLAVOURED/10 NOS/CBP,180,CBP,10 NOS,,1641097734948-kaymond consumer care limited india -kamasutra .png,RECODING,5,1,99762910,104.827515,130,RAYMOND CONSUMER CARE-INDIA,KAMASUTRA,KAMASUTRA DOTTED,KAMASUTRA DOTTED-MANGO CBP 10 NOS,CDBOX,10.000 NO,,,10.0,NO,180.0
26,2022-01-03,202201,124916559,1641097734948,99762910,130,KAYMOND CONSUMER CARE LIMITED INDIA ,KAMASUTRA ,KAMASUTRA/MANGO FLAVOURED/10 NOS/CBP,180,CBP,10 NOS,,1641097734948-kaymond consumer care limited india -kamasutra .png,RECODING,5,2,99764166,108.62263,130,RAYMOND CONSUMER CARE-INDIA,KAMASUTRA,KAMASUTRA DOTTED,KAMASUTRA DOTTED-MANGO CBP 3 NOS,CDBOX,3.000 NO,,,3.0,NO,80.0
26,2022-01-03,202201,124916559,1641097734948,99762910,130,KAYMOND CONSUMER CARE LIMITED INDIA ,KAMASUTRA ,KAMASUTRA/MANGO FLAVOURED/10 NOS/CBP,180,CBP,10 NOS,,1641097734948-kaymond consumer care limited india -kamasutra .png,RECODING,5,3,99764322,131.54678,130,RAYMOND CONSUMER CARE-INDIA,KAMASUTRA,KAMASUTRA DOTTED,KAMASUTRA DOTTED-BANANA CBP 10 NOS,CDBOX,10.000 NO,,,10.0,NO,200.0
26,2022-01-03,202201,124916559,1641097734948,99762910,130,KAYMOND CONSUMER CARE LIMITED INDIA ,KAMASUTRA ,KAMASUTRA/MANGO FLAVOURED/10 NOS/CBP,180,CBP,10 NOS,,1641097734948-kaymond consumer care limited india -kamasutra .png,RECODING,5,4,99764320,142.63315,130,RAYMOND CONSUMER CARE-INDIA,KAMASUTRA,KAMASUTRA DOTTED,KAMASUTRA DOTTED-VANILLA CBP 10 NOS,CDBOX,10.000 NO,,,10.0,NO,200.0
26,2022-01-03,202201,124916559,1641097734948,99762910,130,KAYMOND CONSUMER CARE LIMITED INDIA ,KAMASUTRA ,KAMASUTRA/MANGO FLAVOURED/10 NOS/CBP,180,CBP,10 NOS,,1641097734948-kaymond consumer care limited india -kamasutra .png,RECODING,5,5,99764321,146.18327,130,RAYMOND CONSUMER CARE-INDIA,KAMASUTRA,KAMASUTRA DOTTED,KAMASUTRA DOTTED-CHOCOLATE CBP 10 NOS,CDBOX,10.000 NO,,,10.0,NO,200.0
26,2022-01-03,202201,124916559,1641097734948,99762910,130,KAYMOND CONSUMER CARE LIMITED INDIA ,KAMASUTRA ,KAMASUTRA/MANGO FLAVOURED/10 NOS/CBP,180,CBP,10 NOS,,1641097734948-kaymond consumer care limited india -kamasutra .png,RECODING,5,6,99764319,146.5299,130,RAYMOND CONSUMER CARE-INDIA,KAMASUTRA,KAMASUTRA DOTTED,KAMASUTRA DOTTED-BUTTERSCOTCH CBP 3 NOS,CDBOX,3.000 NO,,,3.0,NO,80.0
26,2022-01-03,202201,124916559,1641097734948,99762910,130,KAYMOND CONSUMER CARE LIMITED INDIA ,KAMASUTRA ,KAMASUTRA/MANGO FLAVOURED/10 NOS/CBP,180,CBP,10 NOS,,1641097734948-kaymond consumer care limited india -kamasutra .png,RECODING,5,7,99764165,147.31088,130,RAYMOND CONSUMER CARE-INDIA,KAMASUTRA,KAMASUTRA DOTTED,KAMASUTRA DOTTED-PINEAPPLE CBP 3 NOS,CDBOX,3.000 NO,,,3.0,NO,80.0
26,2022-01-03,202201,124916559,1641097734948,99762910,130,KAYMOND CONSUMER CARE LIMITED INDIA ,KAMASUTRA ,KAMASUTRA/MANGO FLAVOURED/10 NOS/CBP,180,CBP,10 NOS,,1641097734948-kaymond consumer care limited india -kamasutra .png,RECODING,5,8,99764116,149.50714,130,RAYMOND CONSUMER CARE-INDIA,KAMASUTRA,KAMASUTRA DOTTED,KAMASUTRA DOTTED-CHOCOLATE CBP 3 NOS,CDBOX,3.000 NO,,,3.0,NO,80.0
26,2022-01-03,202201,124916559,1641097734948,99762910,130,KAYMOND CONSUMER CARE LIMITED INDIA ,KAMASUTRA ,KAMASUTRA/MANGO FLAVOURED/10 NOS/CBP,180,CBP,10 NOS,,1641097734948-kaymond consumer care limited india -kamasutra .png,RECODING,5,9,99764621,155.6954,130,RAYMOND CONSUMER CARE-INDIA,KAMASUTRA,KAMASUTRA,KAMASUTRA-SUPER THIN CBP 3 NOS,CDBOX,3.000 NO,,,3.0,NO,80.0
26,2022-01-03,202201,124916559,1641097734948,99762910,130,KAYMOND CONSUMER CARE LIMITED INDIA ,KAMASUTRA ,KAMASUTRA/MANGO FLAVOURED/10 NOS/CBP,180,CBP,10 NOS,,1641097734948-kaymond consumer care limited india -kamasutra .png,RECODING,5,10,90510125,167.74078,130,J.K. ANSELL LTD. - INDIA,KAMASUTRA,KAMASUTRA SCENTED,KAMASUTRA SCENTED-LEMON CBP 3 NOS,CDBOX,3.000 NO,,,3.0,NO,0.0
27,2022-01-03,202201,124916559,1641098481322,99762912,132,KIMBERLY-CLARK-INDIA,HUGGIES WONDER PANTS COMFY,HUGGIES WONDER PANTS COMFY/XL/5 PANTS/PPH,160,PPH,5 NOS,,1641098481322-kimberly-clark-india-huggies wonder pants comfy.png,RECODING,5,1,99762912,21.202309,132,KIMBERLY-CLARK-INDIA,HUGGIES,HUGGIES WONDER PANTS COMFY,HUGGIES WONDER PANTS COMFY-EXTRA LARGE(XL) PPH 5 NOS,PLPCH,5.000 NO,,,5.0,NO,160.0
27,2022-01-03,202201,124916559,1641098481322,99762912,132,KIMBERLY-CLARK-INDIA,HUGGIES WONDER PANTS COMFY,HUGGIES WONDER PANTS COMFY/XL/5 PANTS/PPH,160,PPH,5 NOS,,1641098481322-kimberly-clark-india-huggies wonder pants comfy.png,RECODING,5,2,99763022,45.706207,132,KIMBERLY-CLARK-INDIA,HUGGIES,HUGGIES WONDER PANTS,HUGGIES WONDER PANTS-SMALL(S) PPH 5 NOS,PLPCH,5.000 NO,,,5.0,NO,100.0
27,2022-01-03,202201,124916559,1641098481322,99762912,132,KIMBERLY-CLARK-INDIA,HUGGIES WONDER PANTS COMFY,HUGGIES WONDER PANTS COMFY/XL/5 PANTS/PPH,160,PPH,5 NOS,,1641098481322-kimberly-clark-india-huggies wonder pants comfy.png,RECODING,5,3,99762792,53.57401,132,KIMBERLY-CLARK-INDIA,HUGGIES,HUGGIES WONDER PANTS,HUGGIES WONDER PANTS-SMALL(S) PPH 8 NOS,PLPCH,8.000 NO,,,8.0,NO,100.0
27,2022-01-03,202201,124916559,1641098481322,99762912,132,KIMBERLY-CLARK-INDIA,HUGGIES WONDER PANTS COMFY,HUGGIES WONDER PANTS COMFY/XL/5 PANTS/PPH,160,PPH,5 NOS,,1641098481322-kimberly-clark-india-huggies wonder pants comfy.png,RECODING,5,4,99762764,61.255325,132,KIMBERLY-CLARK-INDIA,HUGGIES,HUGGIES DRY PANTS,HUGGIES DRY PANTS-MEDIUM(M) PPH 5 NOS,PLPCH,5.000 NO,,,5.0,NO,100.0
27,2022-01-03,202201,124916559,1641098481322,99762912,132,KIMBERLY-CLARK-INDIA,HUGGIES WONDER PANTS COMFY,HUGGIES WONDER PANTS COMFY/XL/5 PANTS/PPH,160,PPH,5 NOS,,1641098481322-kimberly-clark-india-huggies wonder pants comfy.png,RECODING,5,5,99762770,62.798004,132,KIMBERLY-CLARK-INDIA,HUGGIES,HUGGIES DRY PANTS,HUGGIES DRY PANTS-LARGE(L) PPH 5 NOS,PLPCH,5.000 NO,,,5.0,NO,100.0
27,2022-01-03,202201,124916559,1641098481322,99762912,132,KIMBERLY-CLARK-INDIA,HUGGIES WONDER PANTS COMFY,HUGGIES WONDER PANTS COMFY/XL/5 PANTS/PPH,160,PPH,5 NOS,,1641098481322-kimberly-clark-india-huggies wonder pants comfy.png,RECODING,5,6,99762690,66.39719,132,KIMBERLY-CLARK-INDIA,HUGGIES,HUGGIES DRY PANTS,HUGGIES DRY PANTS-SMALL(S) PPH 5 NOS,PLPCH,5.000 NO,,,5.0,NO,100.0
27,2022-01-03,202201,124916559,1641098481322,99762912,132,KIMBERLY-CLARK-INDIA,HUGGIES WONDER PANTS COMFY,HUGGIES WONDER PANTS COMFY/XL/5 PANTS/PPH,160,PPH,5 NOS,,1641098481322-kimberly-clark-india-huggies wonder pants comfy.png,RECODING,5,7,99763023,67.26366,132,KIMBERLY-CLARK-INDIA,HUGGIES,HUGGIES DRY PANTS,HUGGIES DRY PANTS-MEDIUM(M) PPH 16 NOS,PLPCH,16.000 NO,,,16.0,NO,320.0
27,2022-01-03,202201,124916559,1641098481322,99762912,132,KIMBERLY-CLARK-INDIA,HUGGIES WONDER PANTS COMFY,HUGGIES WONDER PANTS COMFY/XL/5 PANTS/PPH,160,PPH,5 NOS,,1641098481322-kimberly-clark-india-huggies wonder pants comfy.png,RECODING,5,8,99763491,69.79607,132,KIMBERLY-CLARK-INDIA,HUGGIES,HUGGIES DRY PANTS,HUGGIES DRY PANTS-LARGE(L) PPH 13 NOS,PLPCH,13.000 NO,,,13.0,NO,320.0
27,2022-01-03,202201,124916559,1641098481322,99762912,132,KIMBERLY-CLARK-INDIA,HUGGIES WONDER PANTS COMFY,HUGGIES WONDER PANTS COMFY/XL/5 PANTS/PPH,160,PPH,5 NOS,,1641098481322-kimberly-clark-india-huggies wonder pants comfy.png,RECODING,5,9,99763621,75.15211,132,KIMBERLY-CLARK-INDIA,HUGGIES,HUGGIES DRY PANTS,HUGGIES DRY PANTS-SMALL(S) PPH 20 NOS,PLPCH,20.000 NO,,,20.0,NO,320.0
27,2022-01-03,202201,124916559,1641098481322,99762912,132,KIMBERLY-CLARK-INDIA,HUGGIES WONDER PANTS COMFY,HUGGIES WONDER PANTS COMFY/XL/5 PANTS/PPH,160,PPH,5 NOS,,1641098481322-kimberly-clark-india-huggies wonder pants comfy.png,RECODING,5,10,99764262,159.25406,132,PROCTER & GAMBLE - INDIA,PAMPERS,PAMPERS,PAMPERS-HAPPY SKIN PANTS-LARGE(L)PPH 7 NOS,PLPCH,7.000 NO,,,7.0,NO,160.0
28,2022-01-03,202201,124916559,1641098721157,99762913,132,JASMINE HYGIENIC - NEPAL,SOFT &DRY PREMIUM PANTS ,SOFT & DRY PREMIUM PANTS/SMALL/5 PCS/PPH,80,PPH,5 NOS,,1641098721157-jasmine hygienic - nepal-soft -dry premium pants .png,RECODING,5,1,99762913,13.004488,132,JASMINE HYGIENIC - NEPAL,SOFT & DRY,SOFT & DRY,SOFT & DRY-PREMIUM PANTS SMALL (S) PPH 5 NOS,PLPCH,5.000 NO,,,5.0,NO,80.0
28,2022-01-03,202201,124916559,1641098721157,99762913,132,JASMINE HYGIENIC - NEPAL,SOFT &DRY PREMIUM PANTS ,SOFT & DRY PREMIUM PANTS/SMALL/5 PCS/PPH,80,PPH,5 NOS,,1641098721157-jasmine hygienic - nepal-soft -dry premium pants .png,RECODING,5,2,99763859,17.497349,132,JASMINE HYGIENIC - NEPAL,SOFT & DRY,SOFT & DRY,SOFT & DRY-PREMIUM PANTS SMALL (S) PPH 60 NOS,PLPCH,60.000 NO,,,60.0,NO,999.0
28,2022-01-03,202201,124916559,1641098721157,99762913,132,JASMINE HYGIENIC - NEPAL,SOFT &DRY PREMIUM PANTS ,SOFT & DRY PREMIUM PANTS/SMALL/5 PCS/PPH,80,PPH,5 NOS,,1641098721157-jasmine hygienic - nepal-soft -dry premium pants .png,RECODING,5,3,99763457,19.932945,132,JASMINE HYGIENIC - NEPAL,SOFT & DRY,SOFT & DRY,SOFT & DRY-PREMIUM PANTS MEDIUM (M) PPH 5 NOS,PLPCH,5.000 NO,,,5.0,NO,100.0
28,2022-01-03,202201,124916559,1641098721157,99762913,132,JASMINE HYGIENIC - NEPAL,SOFT &DRY PREMIUM PANTS ,SOFT & DRY PREMIUM PANTS/SMALL/5 PCS/PPH,80,PPH,5 NOS,,1641098721157-jasmine hygienic - nepal-soft -dry premium pants .png,RECODING,5,4,99763036,22.96976,132,JASMINE HYGIENIC - NEPAL,SOFT & DRY,SOFT & DRY,SOFT & DRY-PREMIUM PANTS LARGE (L) PPH 4 NOS,PLPCH,4.000 NO,,,4.0,NO,100.0
28,2022-01-03,202201,124916559,1641098721157,99762913,132,JASMINE HYGIENIC - NEPAL,SOFT &DRY PREMIUM PANTS ,SOFT & DRY PREMIUM PANTS/SMALL/5 PCS/PPH,80,PPH,5 NOS,,1641098721157-jasmine hygienic - nepal-soft -dry premium pants .png,RECODING,5,5,99763609,26.720644,132,JASMINE HYGIENIC - NEPAL,SOFT & DRY,SOFT & DRY,SOFT & DRY-PREMIUM PANTS LARGE (L) PPH 46 NOS,PLPCH,46.000 NO,,,46.0,NO,999.0
28,2022-01-03,202201,124916559,1641098721157,99762913,132,JASMINE HYGIENIC - NEPAL,SOFT &DRY PREMIUM PANTS ,SOFT & DRY PREMIUM PANTS/SMALL/5 PCS/PPH,80,PPH,5 NOS,,1641098721157-jasmine hygienic - nepal-soft -dry premium pants .png,RECODING,5,6,99764896,28.127335,132,JASMINE HYGIENIC - NEPAL,SOFT & DRY,SOFT & DRY,SOFT & DRY-PREMIUM PANTS EXTRA LARGE (XL) PPH 4 NOS,PLPCH,4.000 NO,,,4.0,NO,100.0
28,2022-01-03,202201,124916559,1641098721157,99762913,132,JASMINE HYGIENIC - NEPAL,SOFT &DRY PREMIUM PANTS ,SOFT & DRY PREMIUM PANTS/SMALL/5 PCS/PPH,80,PPH,5 NOS,,1641098721157-jasmine hygienic - nepal-soft -dry premium pants .png,RECODING,5,7,99762706,83.3961,132,JASMINE HYGIENIC - NEPAL,CUDDLERS,CUDDLERS PANTS,CUDDLERS PANTS-SOFT & DRY SMALL (S) PPH 5 NOS,PLPCH,5.000 NO,,,5.0,NO,80.0
28,2022-01-03,202201,124916559,1641098721157,99762913,132,JASMINE HYGIENIC - NEPAL,SOFT &DRY PREMIUM PANTS ,SOFT & DRY PREMIUM PANTS/SMALL/5 PCS/PPH,80,PPH,5 NOS,,1641098721157-jasmine hygienic - nepal-soft -dry premium pants .png,RECODING,5,8,99762705,87.79109,132,JASMINE HYGIENIC - NEPAL,CUDDLERS,CUDDLERS PANTS,CUDDLERS PANTS-SOFT & DRY LARGE(L) PPH 4 NOS,PLPCH,4.000 NO,,,4.0,NO,80.0
28,2022-01-03,202201,124916559,1641098721157,99762913,132,JASMINE HYGIENIC - NEPAL,SOFT &DRY PREMIUM PANTS ,SOFT & DRY PREMIUM PANTS/SMALL/5 PCS/PPH,80,PPH,5 NOS,,1641098721157-jasmine hygienic - nepal-soft -dry premium pants .png,RECODING,5,9,99762688,97.72009,132,JASMINE HYGIENIC - NEPAL,CUDDLERS,CUDDLERS PANTS,CUDDLERS PANTS-OVERNITES MEDIUM (M) PPH 5 NOS,PLPCH,5.000 NO,,,5.0,NO,100.0
28,2022-01-03,202201,124916559,1641098721157,99762913,132,JASMINE HYGIENIC - NEPAL,SOFT &DRY PREMIUM PANTS ,SOFT & DRY PREMIUM PANTS/SMALL/5 PCS/PPH,80,PPH,5 NOS,,1641098721157-jasmine hygienic - nepal-soft -dry premium pants .png,RECODING,5,10,99762911,98.41316,132,JASMINE HYGIENIC - NEPAL,CUDDLERS,CUDDLERS PANTS,CUDDLERS PANTS-OVERNITES MEDIUM (M) PPH 52 NOS,PLPCH,52.000 NO,,,52.0,NO,950.0
29,2022-01-03,202112,124683707,1641105017078,,123,KWALITY CHEM PVT LTD-NEPAL,123 POWER,123 POWER/LAUNDRY SOAP/550GM/PPH,105,PPH,550GM ,,1641105017078-kwality chem pvt ltd-nepal-123 power.png,PARKER FOR NEXT MONTH,999,1,99762860,36.902817,123,KWALITY CHEM PVT LTD-NEPAL,KWALITY,KWALITY,KWALITY-LAUNDRY SOAP PPH 200 GM,PLPCH,200.000 GM,,,200.0,GM,40.0
29,2022-01-03,202112,124683707,1641105017078,,123,KWALITY CHEM PVT LTD-NEPAL,123 POWER,123 POWER/LAUNDRY SOAP/550GM/PPH,105,PPH,550GM ,,1641105017078-kwality chem pvt ltd-nepal-123 power.png,PARKER FOR NEXT MONTH,999,2,99762708,38.449455,123,KWALITY CHEM PVT LTD-NEPAL,KWALITY,KWALITY,KWALITY-LAUNDRY SOAP PPH 100 GM,PLPCH,100.000 GM,,,100.0,GM,20.0
29,2022-01-03,202112,124683707,1641105017078,,123,KWALITY CHEM PVT LTD-NEPAL,123 POWER,123 POWER/LAUNDRY SOAP/550GM/PPH,105,PPH,550GM ,,1641105017078-kwality chem pvt ltd-nepal-123 power.png,PARKER FOR NEXT MONTH,999,3,99763369,38.52712,123,KWALITY CHEM PVT LTD-NEPAL,KWALITY,KWALITY,KWALITY-LAUNDRY SOAP PPH 250 GM,PLPCH,250.000 GM,,,250.0,GM,50.0
29,2022-01-03,202112,124683707,1641105017078,,123,KWALITY CHEM PVT LTD-NEPAL,123 POWER,123 POWER/LAUNDRY SOAP/550GM/PPH,105,PPH,550GM ,,1641105017078-kwality chem pvt ltd-nepal-123 power.png,PARKER FOR NEXT MONTH,999,4,99763328,38.963726,123,KWALITY CHEM PVT LTD-NEPAL,KWALITY,KWALITY,KWALITY-LAUNDRY SOAP PPH 150 GM,PLPCH,150.000 GM,,,150.0,GM,30.0
29,2022-01-03,202112,124683707,1641105017078,,123,KWALITY CHEM PVT LTD-NEPAL,123 POWER,123 POWER/LAUNDRY SOAP/550GM/PPH,105,PPH,550GM ,,1641105017078-kwality chem pvt ltd-nepal-123 power.png,PARKER FOR NEXT MONTH,999,5,99763955,47.055473,123,KWALITY CHEM PVT LTD-NEPAL,PUREX,PUREX,PUREX-LAUNDRY SOAP PPH 200 GM,PLPCH,200.000 GM,,,200.0,GM,40.0
29,2022-01-03,202112,124683707,1641105017078,,123,KWALITY CHEM PVT LTD-NEPAL,123 POWER,123 POWER/LAUNDRY SOAP/550GM/PPH,105,PPH,550GM ,,1641105017078-kwality chem pvt ltd-nepal-123 power.png,PARKER FOR NEXT MONTH,999,6,99764431,47.91558,123,KWALITY CHEM PVT LTD-NEPAL,BISHAL,BISHAL,BISHAL-LAUNDRY SOAP PPH 125 GM,PLPCH,125.000 GM,,,125.0,GM,25.0
29,2022-01-03,202112,124683707,1641105017078,,123,KWALITY CHEM PVT LTD-NEPAL,123 POWER,123 POWER/LAUNDRY SOAP/550GM/PPH,105,PPH,550GM ,,1641105017078-kwality chem pvt ltd-nepal-123 power.png,PARKER FOR NEXT MONTH,999,7,99764786,48.274483,123,KWALITY CHEM PVT LTD-NEPAL,PUREX,PUREX,PUREX-LAUNDRY SOAP PPH 250 GM,PLPCH,250.000 GM,,,250.0,GM,50.0
29,2022-01-03,202112,124683707,1641105017078,,123,KWALITY CHEM PVT LTD-NEPAL,123 POWER,123 POWER/LAUNDRY SOAP/550GM/PPH,105,PPH,550GM ,,1641105017078-kwality chem pvt ltd-nepal-123 power.png,PARKER FOR NEXT MONTH,999,8,53913,52.352596,123,KWALITY CHEM PVT LTD-NEPAL,BISHAL,BISHAL,BISHAL-SUPER LAUNDRY SOAP PPH 220 GM,PLPCH,220.000 GM,,,220.0,GM,0.0
29,2022-01-03,202112,124683707,1641105017078,,123,KWALITY CHEM PVT LTD-NEPAL,123 POWER,123 POWER/LAUNDRY SOAP/550GM/PPH,105,PPH,550GM ,,1641105017078-kwality chem pvt ltd-nepal-123 power.png,PARKER FOR NEXT MONTH,999,9,99764452,54.4712,123,KWALITY CHEM PVT LTD-NEPAL,DHAMAL,DHAMAL,DHAMAL-LAUNDRY SOAP PPH 200 GM,PLPCH,200.000 GM,,,200.0,GM,45.0
29,2022-01-03,202112,124683707,1641105017078,,123,KWALITY CHEM PVT LTD-NEPAL,123 POWER,123 POWER/LAUNDRY SOAP/550GM/PPH,105,PPH,550GM ,,1641105017078-kwality chem pvt ltd-nepal-123 power.png,PARKER FOR NEXT MONTH,999,10,99762707,61.22457,123,KWALITY CHEM PVT LTD-NEPAL,KWALITY,KWALITY 2 IN 1,KWALITY 2 IN 1-BATH & WASH PERFUMED SOAP PPH 200 GM,PLPCH,200.000 GM,,,200.0,GM,40.0
30,2022-01-04,202201,127270878,1641190943498,,122,UNITED SURF & CLEANING INDUSTRIES-NEPAL,SUNSINE,SUNSINE/200GM/PPH/UNITED SURF & CLEANING INDUSTRIES-NEPAL,20,PPH,200GM,,1641190943498-united surf - cleaning industries-nepal-sunsine.png,PARKER FOR NEXT MONTH,999,1,99762899,123.464035,122,NEPAL CHEM-NEPAL,SUN ULTRA,SUN ULTRA,SUN ULTRA-DETERGENT POWDER PPH 200 GM,PLPCH,200.000 GM,,,200.0,GM,20.0
30,2022-01-04,202201,127270878,1641190943498,,122,UNITED SURF & CLEANING INDUSTRIES-NEPAL,SUNSINE,SUNSINE/200GM/PPH/UNITED SURF & CLEANING INDUSTRIES-NEPAL,20,PPH,200GM,,1641190943498-united surf - cleaning industries-nepal-sunsine.png,PARKER FOR NEXT MONTH,999,2,99762547,126.28611,122,NEPAL CHEM-NEPAL,SUN ULTRA,SUN ULTRA,SUN ULTRA-DETERGENT POWDER PPH 250 GM,PLPCH,250.000 GM,,,250.0,GM,20.0
30,2022-01-04,202201,127270878,1641190943498,,122,UNITED SURF & CLEANING INDUSTRIES-NEPAL,SUNSINE,SUNSINE/200GM/PPH/UNITED SURF & CLEANING INDUSTRIES-NEPAL,20,PPH,200GM,,1641190943498-united surf - cleaning industries-nepal-sunsine.png,PARKER FOR NEXT MONTH,999,3,99762548,128.78885,122,NEPAL CHEM-NEPAL,SUN ULTRA,SUN ULTRA,SUN ULTRA-DETERGENT POWDER PPH 1000 GM,PLPCH,1000.000 GM,,,1000.0,GM,90.0
30,2022-01-04,202201,127270878,1641190943498,,122,UNITED SURF & CLEANING INDUSTRIES-NEPAL,SUNSINE,SUNSINE/200GM/PPH/UNITED SURF & CLEANING INDUSTRIES-NEPAL,20,PPH,200GM,,1641190943498-united surf - cleaning industries-nepal-sunsine.png,PARKER FOR NEXT MONTH,999,4,99762619,131.35327,122,NEPAL CHEM-NEPAL,SUN ULTRA,SUN ULTRA,SUN ULTRA-DETERGENT POWDER PPH 500 GM,PLPCH,500.000 GM,,,500.0,GM,50.0
30,2022-01-04,202201,127270878,1641190943498,,122,UNITED SURF & CLEANING INDUSTRIES-NEPAL,SUNSINE,SUNSINE/200GM/PPH/UNITED SURF & CLEANING INDUSTRIES-NEPAL,20,PPH,200GM,,1641190943498-united surf - cleaning industries-nepal-sunsine.png,PARKER FOR NEXT MONTH,999,5,93023085,132.77179,122,ULTRA DETERGENT POWDER-NEPAL,SUN,SUN,SUN-PPH 220 GMS,PLPCH,220.000 GM,,,220.0,GM,0.0
30,2022-01-04,202201,127270878,1641190943498,,122,UNITED SURF & CLEANING INDUSTRIES-NEPAL,SUNSINE,SUNSINE/200GM/PPH/UNITED SURF & CLEANING INDUSTRIES-NEPAL,20,PPH,200GM,,1641190943498-united surf - cleaning industries-nepal-sunsine.png,PARKER FOR NEXT MONTH,999,6,93027022,135.41708,122,UNILEVER NEPAL LTD-NEPAL,SURF,SURF EXCEL,SURF EXCEL-QUICK WASH PPH 2000 GMS,PLPCH,2000.000 GM,,,2000.0,GM,0.0
30,2022-01-04,202201,127270878,1641190943498,,122,UNITED SURF & CLEANING INDUSTRIES-NEPAL,SUNSINE,SUNSINE/200GM/PPH/UNITED SURF & CLEANING INDUSTRIES-NEPAL,20,PPH,200GM,,1641190943498-united surf - cleaning industries-nepal-sunsine.png,PARKER FOR NEXT MONTH,999,7,93017552,135.7756,122,UNILEVER NEPAL LTD-NEPAL,SURF,SURF,SURF-PPH 425  GMS,PLPCH,425.000 GM,,,425.0,GM,0.0
30,2022-01-04,202201,127270878,1641190943498,,122,UNITED SURF & CLEANING INDUSTRIES-NEPAL,SUNSINE,SUNSINE/200GM/PPH/UNITED SURF & CLEANING INDUSTRIES-NEPAL,20,PPH,200GM,,1641190943498-united surf - cleaning industries-nepal-sunsine.png,PARKER FOR NEXT MONTH,999,8,93023084,136.20642,122,ULTRA DETERGENT POWDER-NEPAL,SUN,SUN,SUN-PPH 1000 GMS,PLPCH,1000.000 GM,,,1000.0,GM,0.0
30,2022-01-04,202201,127270878,1641190943498,,122,UNITED SURF & CLEANING INDUSTRIES-NEPAL,SUNSINE,SUNSINE/200GM/PPH/UNITED SURF & CLEANING INDUSTRIES-NEPAL,20,PPH,200GM,,1641190943498-united surf - cleaning industries-nepal-sunsine.png,PARKER FOR NEXT MONTH,999,9,93061002,136.83939,122,UNILEVER NEPAL LTD-NEPAL,SURF,SURF,SURF-PPH 300GM+10%+2 PCS 4ML CLINIC PLUS SHMP FRE,PLPCH,300.000 GM,,,330.0,GM,0.0
30,2022-01-04,202201,127270878,1641190943498,,122,UNITED SURF & CLEANING INDUSTRIES-NEPAL,SUNSINE,SUNSINE/200GM/PPH/UNITED SURF & CLEANING INDUSTRIES-NEPAL,20,PPH,200GM,,1641190943498-united surf - cleaning industries-nepal-sunsine.png,PARKER FOR NEXT MONTH,999,10,93018241,137.5838,122,UNILEVER NEPAL LTD-NEPAL,SURF,SURF,SURF-PPH  400 GMS,PLPCH,400.000 GM,,,400.0,GM,0.0
31,2022-01-04,202201,112104137,1641190905954,99762916,118,RAMRI FOOD & BEVERAGE PVT LTD,RAMRI ,RAMRI/1000/ML/PBT,25,PBT,1000 ML ,,1641190905954-ramri food - beverage pvt ltd-ramri .png,RECODING,5,1,99762916,102.60747,118,RAMRI FOOD & BEVERAGE-NEPAL,RAMRI,RAMRI,PET 1000 ML,PET,1000.000 ML,,,1000.0,ML,25.0
31,2022-01-04,202201,112104137,1641190905954,99762916,118,RAMRI FOOD & BEVERAGE PVT LTD,RAMRI ,RAMRI/1000/ML/PBT,25,PBT,1000 ML ,,1641190905954-ramri food - beverage pvt ltd-ramri .png,RECODING,5,2,99765154,149.93428,118,S.A.N.S BEVERAGE IND. PVT. LTD.-NPL,KABELI,KABELI,PET 1000 ML,PET,1000.000 ML,,,1000.0,ML,20.0
31,2022-01-04,202201,112104137,1641190905954,99762916,118,RAMRI FOOD & BEVERAGE PVT LTD,RAMRI ,RAMRI/1000/ML/PBT,25,PBT,1000 ML ,,1641190905954-ramri food - beverage pvt ltd-ramri .png,RECODING,5,3,99765246,150.01532,118,RAJSHREE PRODUCTS PVT. LTD.-NEPAL,AMRIT JAL,AMRIT JAL,PET 1000 ML,PET,1000.000 ML,,,1000.0,ML,25.0
31,2022-01-04,202201,112104137,1641190905954,99762916,118,RAMRI FOOD & BEVERAGE PVT LTD,RAMRI ,RAMRI/1000/ML/PBT,25,PBT,1000 ML ,,1641190905954-ramri food - beverage pvt ltd-ramri .png,RECODING,5,4,99765378,150.39433,118,KIRAN BEVERAGE NEPAL PVT LTD-NEPAL,NEPAL NEER,NEPAL NEER,PET 1000 ML,PET,1000.000 ML,,,1000.0,ML,25.0
31,2022-01-04,202201,112104137,1641190905954,99762916,118,RAMRI FOOD & BEVERAGE PVT LTD,RAMRI ,RAMRI/1000/ML/PBT,25,PBT,1000 ML ,,1641190905954-ramri food - beverage pvt ltd-ramri .png,RECODING,5,5,99762562,161.9613,118,AQUA KARANALI AMRIT & BEVERAGE-NP,HIMALI-PANI,HIMALI-PANI,PET 1000 ML,PET,1000.000 ML,,,1000.0,ML,25.0
31,2022-01-04,202201,112104137,1641190905954,99762916,118,RAMRI FOOD & BEVERAGE PVT LTD,RAMRI ,RAMRI/1000/ML/PBT,25,PBT,1000 ML ,,1641190905954-ramri food - beverage pvt ltd-ramri .png,RECODING,5,6,46050,162.81786,118,PROME AGRO FOOD LTD-BANGLEDESH,PROME,PROME,AAMRAS MANGO PET 250 ML,PET,250.000 ML,MANGO,,250.0,ML,0.0
31,2022-01-04,202201,112104137,1641190905954,99762916,118,RAMRI FOOD & BEVERAGE PVT LTD,RAMRI ,RAMRI/1000/ML/PBT,25,PBT,1000 ML ,,1641190905954-ramri food - beverage pvt ltd-ramri .png,RECODING,5,7,99762413,164.87674,118,NATIONAL WATER & BEVERAGE PVT LTD-NP,SHIRISH,SHIRISH,PET 1000 ML,PET,1000.000 ML,,,1000.0,ML,20.0
31,2022-01-04,202201,112104137,1641190905954,99762916,118,RAMRI FOOD & BEVERAGE PVT LTD,RAMRI ,RAMRI/1000/ML/PBT,25,PBT,1000 ML ,,1641190905954-ramri food - beverage pvt ltd-ramri .png,RECODING,5,8,99764990,166.31732,118,ANNAPURNA FOOD & BEVERAGE-NEPL,SOLTINI,SOLTINI,PET 1000 ML,PET,1000.000 ML,,,1000.0,ML,25.0
31,2022-01-04,202201,112104137,1641190905954,99762916,118,RAMRI FOOD & BEVERAGE PVT LTD,RAMRI ,RAMRI/1000/ML/PBT,25,PBT,1000 ML ,,1641190905954-ramri food - beverage pvt ltd-ramri .png,RECODING,5,9,99763444,166.4086,118,PARLE AGRO PVT LTD-INDIA,FIZZ,FIZZ,MALT PET 250 ML,PET,250.000 ML,MALT,,250.0,ML,30.0
31,2022-01-04,202201,112104137,1641190905954,99762916,118,RAMRI FOOD & BEVERAGE PVT LTD,RAMRI ,RAMRI/1000/ML/PBT,25,PBT,1000 ML ,,1641190905954-ramri food - beverage pvt ltd-ramri .png,RECODING,5,10,40120496,167.49988,118,SHREE SAIRAM DRINKING WATER PVT LTD-NP,SAIRAM,SAIRAM,PET 1000 ML,PET,1000.000 ML,,,1000.0,ML,0.0
32,2022-01-04,202201,115343342,1641190905954,99762916,118,RAMRI FOOD & BEVERAGE PVT LTD,RAMRI ,RAMRI/1000/ML/PBT,25,PBT,1000 ML ,,1641190905954-ramri food - beverage pvt ltd-ramri .png,RECODING,5,1,99762916,102.60747,118,RAMRI FOOD & BEVERAGE-NEPAL,RAMRI,RAMRI,PET 1000 ML,PET,1000.000 ML,,,1000.0,ML,25.0
32,2022-01-04,202201,115343342,1641190905954,99762916,118,RAMRI FOOD & BEVERAGE PVT LTD,RAMRI ,RAMRI/1000/ML/PBT,25,PBT,1000 ML ,,1641190905954-ramri food - beverage pvt ltd-ramri .png,RECODING,5,2,99765154,149.93428,118,S.A.N.S BEVERAGE IND. PVT. LTD.-NPL,KABELI,KABELI,PET 1000 ML,PET,1000.000 ML,,,1000.0,ML,20.0
32,2022-01-04,202201,115343342,1641190905954,99762916,118,RAMRI FOOD & BEVERAGE PVT LTD,RAMRI ,RAMRI/1000/ML/PBT,25,PBT,1000 ML ,,1641190905954-ramri food - beverage pvt ltd-ramri .png,RECODING,5,3,99765246,150.01532,118,RAJSHREE PRODUCTS PVT. LTD.-NEPAL,AMRIT JAL,AMRIT JAL,PET 1000 ML,PET,1000.000 ML,,,1000.0,ML,25.0
32,2022-01-04,202201,115343342,1641190905954,99762916,118,RAMRI FOOD & BEVERAGE PVT LTD,RAMRI ,RAMRI/1000/ML/PBT,25,PBT,1000 ML ,,1641190905954-ramri food - beverage pvt ltd-ramri .png,RECODING,5,4,99765378,150.39433,118,KIRAN BEVERAGE NEPAL PVT LTD-NEPAL,NEPAL NEER,NEPAL NEER,PET 1000 ML,PET,1000.000 ML,,,1000.0,ML,25.0
32,2022-01-04,202201,115343342,1641190905954,99762916,118,RAMRI FOOD & BEVERAGE PVT LTD,RAMRI ,RAMRI/1000/ML/PBT,25,PBT,1000 ML ,,1641190905954-ramri food - beverage pvt ltd-ramri .png,RECODING,5,5,99762562,161.9613,118,AQUA KARANALI AMRIT & BEVERAGE-NP,HIMALI-PANI,HIMALI-PANI,PET 1000 ML,PET,1000.000 ML,,,1000.0,ML,25.0
32,2022-01-04,202201,115343342,1641190905954,99762916,118,RAMRI FOOD & BEVERAGE PVT LTD,RAMRI ,RAMRI/1000/ML/PBT,25,PBT,1000 ML ,,1641190905954-ramri food - beverage pvt ltd-ramri .png,RECODING,5,6,46050,162.81786,118,PROME AGRO FOOD LTD-BANGLEDESH,PROME,PROME,AAMRAS MANGO PET 250 ML,PET,250.000 ML,MANGO,,250.0,ML,0.0
32,2022-01-04,202201,115343342,1641190905954,99762916,118,RAMRI FOOD & BEVERAGE PVT LTD,RAMRI ,RAMRI/1000/ML/PBT,25,PBT,1000 ML ,,1641190905954-ramri food - beverage pvt ltd-ramri .png,RECODING,5,7,99762413,164.87674,118,NATIONAL WATER & BEVERAGE PVT LTD-NP,SHIRISH,SHIRISH,PET 1000 ML,PET,1000.000 ML,,,1000.0,ML,20.0
32,2022-01-04,202201,115343342,1641190905954,99762916,118,RAMRI FOOD & BEVERAGE PVT LTD,RAMRI ,RAMRI/1000/ML/PBT,25,PBT,1000 ML ,,1641190905954-ramri food - beverage pvt ltd-ramri .png,RECODING,5,8,99764990,166.31732,118,ANNAPURNA FOOD & BEVERAGE-NEPL,SOLTINI,SOLTINI,PET 1000 ML,PET,1000.000 ML,,,1000.0,ML,25.0
32,2022-01-04,202201,115343342,1641190905954,99762916,118,RAMRI FOOD & BEVERAGE PVT LTD,RAMRI ,RAMRI/1000/ML/PBT,25,PBT,1000 ML ,,1641190905954-ramri food - beverage pvt ltd-ramri .png,RECODING,5,9,99763444,166.4086,118,PARLE AGRO PVT LTD-INDIA,FIZZ,FIZZ,MALT PET 250 ML,PET,250.000 ML,MALT,,250.0,ML,30.0
32,2022-01-04,202201,115343342,1641190905954,99762916,118,RAMRI FOOD & BEVERAGE PVT LTD,RAMRI ,RAMRI/1000/ML/PBT,25,PBT,1000 ML ,,1641190905954-ramri food - beverage pvt ltd-ramri .png,RECODING,5,10,40120496,167.49988,118,SHREE SAIRAM DRINKING WATER PVT LTD-NP,SAIRAM,SAIRAM,PET 1000 ML,PET,1000.000 ML,,,1000.0,ML,0.0
33,2022-01-04,202201,116640647,1641184992689,99762917,118,LUMBINI BEVERAGE-NEPAL,CUTE DEW ,CUTE DEW/250/ML/PBT,35,PBT,250 ML,,1641184992689-lumbini beverage-nepal-cute dew .png,RECODING,5,1,99762917,35.684414,118,LUMBINI BEVERAGE-NEPAL,CUTE,CUTE DEW,DEW PET 250 ML,PET,250.000 ML,LEMON,,250.0,ML,35.0
33,2022-01-04,202201,116640647,1641184992689,99762917,118,LUMBINI BEVERAGE-NEPAL,CUTE DEW ,CUTE DEW/250/ML/PBT,35,PBT,250 ML,,1641184992689-lumbini beverage-nepal-cute dew .png,RECODING,5,2,99762871,40.670204,118,LUMBINI BEVERAGE-NEPAL,CUTE,CUTE DEW,DEW PET 500 ML,PET,500.000 ML,LEMON,,500.0,ML,70.0
33,2022-01-04,202201,116640647,1641184992689,99762917,118,LUMBINI BEVERAGE-NEPAL,CUTE DEW ,CUTE DEW/250/ML/PBT,35,PBT,250 ML,,1641184992689-lumbini beverage-nepal-cute dew .png,RECODING,5,3,49834,71.479836,118,LUMBINI BEVERAGE-NEPAL,CUTE,CUTE,DEU PET 250 ML,PET,250.000 ML,LEMON,,250.0,ML,0.0
33,2022-01-04,202201,116640647,1641184992689,99762917,118,LUMBINI BEVERAGE-NEPAL,CUTE DEW ,CUTE DEW/250/ML/PBT,35,PBT,250 ML,,1641184992689-lumbini beverage-nepal-cute dew .png,RECODING,5,4,49153,77.75976,118,LUMBINI BEVERAGE-NEPAL,CUTE,CUTE,DEU PET 500 ML,PET,500.000 ML,LEMON,,500.0,ML,0.0
33,2022-01-04,202201,116640647,1641184992689,99762917,118,LUMBINI BEVERAGE-NEPAL,CUTE DEW ,CUTE DEW/250/ML/PBT,35,PBT,250 ML,,1641184992689-lumbini beverage-nepal-cute dew .png,RECODING,5,5,99762414,81.490715,118,LUMBINI BEVERAGE-NEPAL,CHISO,CHISO DEW,DEW PET 500 ML,PET,500.000 ML,LEMON,,500.0,ML,75.0
33,2022-01-04,202201,116640647,1641184992689,99762917,118,LUMBINI BEVERAGE-NEPAL,CUTE DEW ,CUTE DEW/250/ML/PBT,35,PBT,250 ML,,1641184992689-lumbini beverage-nepal-cute dew .png,RECODING,5,6,50046,82.080124,118,LUMBINI BEVERAGE-NEPAL,CUTE,CUTE,DEU PET 1500 ML,PET,1500.000 ML,LEMON,,1500.0,ML,0.0
33,2022-01-04,202201,116640647,1641184992689,99762917,118,LUMBINI BEVERAGE-NEPAL,CUTE DEW ,CUTE DEW/250/ML/PBT,35,PBT,250 ML,,1641184992689-lumbini beverage-nepal-cute dew .png,RECODING,5,7,52884,84.64711,118,LUMBINI BEVERAGE-NEPAL,CHISO,CHISO,DEW PET 250 ML,PET,250.000 ML,LEMON,,250.0,ML,0.0
33,2022-01-04,202201,116640647,1641184992689,99762917,118,LUMBINI BEVERAGE-NEPAL,CUTE DEW ,CUTE DEW/250/ML/PBT,35,PBT,250 ML,,1641184992689-lumbini beverage-nepal-cute dew .png,RECODING,5,8,99765002,88.18261,118,LUMBINI BEVERAGE-NEPAL,CUTE,CUTE COLA,COLA PET 2250 ML,PET,2250.000 ML,COLA,,2250.0,ML,250.0
33,2022-01-04,202201,116640647,1641184992689,99762917,118,LUMBINI BEVERAGE-NEPAL,CUTE DEW ,CUTE DEW/250/ML/PBT,35,PBT,250 ML,,1641184992689-lumbini beverage-nepal-cute dew .png,RECODING,5,9,49831,89.02074,118,LUMBINI BEVERAGE-NEPAL,CUTE,CUTE,COLA PET 250 ML,PET,250.000 ML,COLA,,250.0,ML,0.0
33,2022-01-04,202201,116640647,1641184992689,99762917,118,LUMBINI BEVERAGE-NEPAL,CUTE DEW ,CUTE DEW/250/ML/PBT,35,PBT,250 ML,,1641184992689-lumbini beverage-nepal-cute dew .png,RECODING,5,10,49833,96.72156,118,LUMBINI BEVERAGE-NEPAL,CUTE,CUTE,COLA PET 500 ML,PET,500.000 ML,COLA,,500.0,ML,0.0
34,2022-01-04,202201,124956421,1641202385669,99762945,123,HIMGIRI HYGIENE PVT LTD-NEPAL,DRINK 200G GM,DRUK\200\GM,40,200GM,PPH,New SKU,1641202385669-himgiri hygiene pvt ltd-nepal-drink 200g gm.png,RECODING,5,1,92919906,93.89815,123,HIMGIRI SOAP & CHEMICALS-NEPAL,DRUK,DRUK,DRUK- PPH 200 GMS,PLPCH,200.000 GM,,,200.0,GM,0.0
34,2022-01-04,202201,124956421,1641202385669,99762945,123,HIMGIRI HYGIENE PVT LTD-NEPAL,DRINK 200G GM,DRUK\200\GM,40,200GM,PPH,New SKU,1641202385669-himgiri hygiene pvt ltd-nepal-drink 200g gm.png,RECODING,5,2,99762945,111.48416,123,HIMGIRI HYGIENE PVT LTD-NEPAL,DRUK,DRUK,DRUK-LAUNDRY SOAP PPH 200 GM,PLPCH,200.000 GM,,,200.0,GM,40.0
34,2022-01-04,202201,124956421,1641202385669,99762945,123,HIMGIRI HYGIENE PVT LTD-NEPAL,DRINK 200G GM,DRUK\200\GM,40,200GM,PPH,New SKU,1641202385669-himgiri hygiene pvt ltd-nepal-drink 200g gm.png,RECODING,5,3,49272,113.608826,123,HIMGIRI SOAP & CHEMICALS-NEPAL,DRUK,DRUK GOLD,DRUK GOLD-PPH 12*190 GM [2280 GM],PLPCH,190.000 GM,,,2280.0,GM,0.0
34,2022-01-04,202201,124956421,1641202385669,99762945,123,HIMGIRI HYGIENE PVT LTD-NEPAL,DRINK 200G GM,DRUK\200\GM,40,200GM,PPH,New SKU,1641202385669-himgiri hygiene pvt ltd-nepal-drink 200g gm.png,RECODING,5,4,54985,113.945,123,HIMGIRI SOAP & CHEMICALS-NEPAL,DRUK,DRUK GOLD,DRUK GOLD-PPH 12*170 GM [2040 GM],PLPCH,170.000 GM,,,2040.0,GM,0.0
34,2022-01-04,202201,124956421,1641202385669,99762945,123,HIMGIRI HYGIENE PVT LTD-NEPAL,DRINK 200G GM,DRUK\200\GM,40,200GM,PPH,New SKU,1641202385669-himgiri hygiene pvt ltd-nepal-drink 200g gm.png,RECODING,5,5,92921265,115.9857,123,HIMGIRI SOAP & CHEMICALS-NEPAL,DRUK,DRUK,DRUK- UNWRP 200 GMS,UNWRP,200.000 GM,,,200.0,GM,0.0
34,2022-01-04,202201,124956421,1641202385669,99762945,123,HIMGIRI HYGIENE PVT LTD-NEPAL,DRINK 200G GM,DRUK\200\GM,40,200GM,PPH,New SKU,1641202385669-himgiri hygiene pvt ltd-nepal-drink 200g gm.png,RECODING,5,6,92919923,118.75127,123,HIMGIRI SOAP & CHEMICALS-NEPAL,DRUK,DRUK,DRUK- EWP 100 GMS,EWRPK,100.000 GM,,,100.0,GM,0.0
34,2022-01-04,202201,124956421,1641202385669,99762945,123,HIMGIRI HYGIENE PVT LTD-NEPAL,DRINK 200G GM,DRUK\200\GM,40,200GM,PPH,New SKU,1641202385669-himgiri hygiene pvt ltd-nepal-drink 200g gm.png,RECODING,5,7,99763554,120.7653,123,HIMGIRI HYGIENE PVT LTD-NEPAL,SHAKTI,SHAKTI,SHAKTI-PPH 200 GM,PLPCH,200.000 GM,,,200.0,GM,40.0
34,2022-01-04,202201,124956421,1641202385669,99762945,123,HIMGIRI HYGIENE PVT LTD-NEPAL,DRINK 200G GM,DRUK\200\GM,40,200GM,PPH,New SKU,1641202385669-himgiri hygiene pvt ltd-nepal-drink 200g gm.png,RECODING,5,8,92921001,120.97571,123,HIMGIRI SOAP & CHEMICALS-NEPAL,DRUK,DRUK,DRUK- UNWRP 125 GMS,UNWRP,125.000 GM,,,125.0,GM,0.0
34,2022-01-04,202201,124956421,1641202385669,99762945,123,HIMGIRI HYGIENE PVT LTD-NEPAL,DRINK 200G GM,DRUK\200\GM,40,200GM,PPH,New SKU,1641202385669-himgiri hygiene pvt ltd-nepal-drink 200g gm.png,RECODING,5,9,92923701,123.674164,123,HIMGIRI SOAP & CHEMICALS-NEPAL,DRUK,DRUK,DRUK- UNWRP 300 GMS,UNWRP,300.000 GM,,,300.0,GM,0.0
34,2022-01-04,202201,124956421,1641202385669,99762945,123,HIMGIRI HYGIENE PVT LTD-NEPAL,DRINK 200G GM,DRUK\200\GM,40,200GM,PPH,New SKU,1641202385669-himgiri hygiene pvt ltd-nepal-drink 200g gm.png,RECODING,5,10,92921002,124.93467,123,HIMGIRI SOAP & CHEMICALS-NEPAL,DRUK,DRUK,DRUK- UNWRP 150 GMS,UNWRP,150.000 GM,,,150.0,GM,0.0
35,2022-01-04,202201,124382843,1641193661920,99762915,111,DABUR NEPAL LTD.-NEPAL,DABUR AMLA ALOEVERA,DABUR AMLA ALOEVERA\90\ML,80,PPH,90ML,New SKU,1641193661920-dabur nepal ltd--nepal-dabur amla aloevera.png,RECODING,5,1,99762915,34.09226,111,DABUR NEPAL LTD.-NEPAL,DABUR,DABUR AMLA,DABUR AMLA-ALOEVERA PBT 90 ML,PLBOT,90.000 ML,,,90.0,ML,80.0
35,2022-01-04,202201,124382843,1641193661920,99762915,111,DABUR NEPAL LTD.-NEPAL,DABUR AMLA ALOEVERA,DABUR AMLA ALOEVERA\90\ML,80,PPH,90ML,New SKU,1641193661920-dabur nepal ltd--nepal-dabur amla aloevera.png,RECODING,5,2,99764198,43.41646,111,DABUR NEPAL LTD.-NEPAL,DABUR,DABUR AMLA,DABUR AMLA-ALOEVERA PBT 45 ML,PLBOT,45.000 ML,,,45.0,ML,35.0
35,2022-01-04,202201,124382843,1641193661920,99762915,111,DABUR NEPAL LTD.-NEPAL,DABUR AMLA ALOEVERA,DABUR AMLA ALOEVERA\90\ML,80,PPH,90ML,New SKU,1641193661920-dabur nepal ltd--nepal-dabur amla aloevera.png,RECODING,5,3,90862341,69.08763,111,DABUR NEPAL LTD.-NEPAL,DABUR,DABUR AMLA,DABUR AMLA-PBT 90 ML+40GM DABUR HERBAL TPASTE,PLBOT,90.000 ML,,,90.0,ML,0.0
35,2022-01-04,202201,124382843,1641193661920,99762915,111,DABUR NEPAL LTD.-NEPAL,DABUR AMLA ALOEVERA,DABUR AMLA ALOEVERA\90\ML,80,PPH,90ML,New SKU,1641193661920-dabur nepal ltd--nepal-dabur amla aloevera.png,RECODING,5,4,90862259,69.75959,111,DABUR NEPAL LTD.-NEPAL,DABUR,DABUR AMLA,DABUR AMLA-PBT 180 ML+40GM DABUR HERBAL T.P,PLBOT,180.000 ML,,,180.0,ML,0.0
35,2022-01-04,202201,124382843,1641193661920,99762915,111,DABUR NEPAL LTD.-NEPAL,DABUR AMLA ALOEVERA,DABUR AMLA ALOEVERA\90\ML,80,PPH,90ML,New SKU,1641193661920-dabur nepal ltd--nepal-dabur amla aloevera.png,RECODING,5,5,90862011,74.005226,111,DABUR NEPAL LTD.-NEPAL,DABUR,DABUR AMLA,DABUR AMLA-PBT 200 ML+DABUR HERBAL TP 40 GM,PLBOT,200.000 ML,,,200.0,ML,0.0
35,2022-01-04,202201,124382843,1641193661920,99762915,111,DABUR NEPAL LTD.-NEPAL,DABUR AMLA ALOEVERA,DABUR AMLA ALOEVERA\90\ML,80,PPH,90ML,New SKU,1641193661920-dabur nepal ltd--nepal-dabur amla aloevera.png,RECODING,5,6,90824870,76.82262,111,DABUR NEPAL LTD.-NEPAL,DABUR,DABUR AMLA,DABUR AMLA-PBT 90 ML,PLBOT,90.000 ML,,,90.0,ML,0.0
35,2022-01-04,202201,124382843,1641193661920,99762915,111,DABUR NEPAL LTD.-NEPAL,DABUR AMLA ALOEVERA,DABUR AMLA ALOEVERA\90\ML,80,PPH,90ML,New SKU,1641193661920-dabur nepal ltd--nepal-dabur amla aloevera.png,RECODING,5,7,90822531,77.27948,111,DABUR NEPAL LTD.-NEPAL,DABUR,DABUR AMLA,DABUR AMLA-SCT 2.7 ML,PLSCH,2.700 ML,,,2.7,ML,0.0
35,2022-01-04,202201,124382843,1641193661920,99762915,111,DABUR NEPAL LTD.-NEPAL,DABUR AMLA ALOEVERA,DABUR AMLA ALOEVERA\90\ML,80,PPH,90ML,New SKU,1641193661920-dabur nepal ltd--nepal-dabur amla aloevera.png,RECODING,5,8,90817194,78.446915,111,DABUR NEPAL LTD.-NEPAL,DABUR,DABUR ANMOL,DABUR ANMOL-MUSTARD AMLA PBT 100 ML,PLBOT,100.000 ML,,,100.0,ML,0.0
35,2022-01-04,202201,124382843,1641193661920,99762915,111,DABUR NEPAL LTD.-NEPAL,DABUR AMLA ALOEVERA,DABUR AMLA ALOEVERA\90\ML,80,PPH,90ML,New SKU,1641193661920-dabur nepal ltd--nepal-dabur amla aloevera.png,RECODING,5,9,90862323,79.75069,111,DABUR NEPAL LTD.-NEPAL,DABUR,DABUR AMLA,DABUR AMLA-PBT 175 ML+40GM DABUR HERBAL TPASTE,PLBOT,175.000 ML,,,175.0,ML,0.0
35,2022-01-04,202201,124382843,1641193661920,99762915,111,DABUR NEPAL LTD.-NEPAL,DABUR AMLA ALOEVERA,DABUR AMLA ALOEVERA\90\ML,80,PPH,90ML,New SKU,1641193661920-dabur nepal ltd--nepal-dabur amla aloevera.png,RECODING,5,10,90825100,80.53725,111,DABUR NEPAL LTD.-NEPAL,DABUR,DABUR SARSON AMLA,DABUR SARSON AMLA-PBT 60 ML,PLBOT,60.000 ML,,,60.0,ML,0.0
36,2022-01-04,202201,124382843,1641195806424,54776,122,R.M. CHEMICALS NEPAL,ACTIVE WHEEL 2 IN 1,ACTIVE WHEEL 2 IN 1\1000\GM,105,PPH,1000GM,New SKU,1641195806424-r-m- chemicals nepal-active wheel 2 in 1.png,CROSS CODING,2,1,50274,133.48093,122,UNILEVER NEPAL LTD-NEPAL,WHEEL,WHEEL ACTIVE,WHEEL ACTIVE-2IN1 CLN FRS PPH 1000 GM+FR VIM BAR 85G,PLPCH,1000.000 GM,,,1000.0,GM,0.0
36,2022-01-04,202201,124382843,1641195806424,54776,122,R.M. CHEMICALS NEPAL,ACTIVE WHEEL 2 IN 1,ACTIVE WHEEL 2 IN 1\1000\GM,105,PPH,1000GM,New SKU,1641195806424-r-m- chemicals nepal-active wheel 2 in 1.png,CROSS CODING,2,2,99763979,139.60326,122,UNILEVER NEPAL LTD-NEPAL,WHEEL,WHEEL ACTIVE,WHEEL ACTIVE-2IN1 CLEAN FRESH PPH 950 GM,PLPCH,950.000 GM,,,950.0,GM,110.0
36,2022-01-04,202201,124382843,1641195806424,54776,122,R.M. CHEMICALS NEPAL,ACTIVE WHEEL 2 IN 1,ACTIVE WHEEL 2 IN 1\1000\GM,105,PPH,1000GM,New SKU,1641195806424-r-m- chemicals nepal-active wheel 2 in 1.png,CROSS CODING,2,3,99764625,140.02931,122,UNILEVER NEPAL LTD-NEPAL,WHEEL,WHEEL ACTIVE,WHEEL ACTIVE-2IN1 CLEAN & FRESH PPH 900 GM,PLPCH,900.000 GM,,,900.0,GM,110.0
36,2022-01-04,202201,124382843,1641195806424,54776,122,R.M. CHEMICALS NEPAL,ACTIVE WHEEL 2 IN 1,ACTIVE WHEEL 2 IN 1\1000\GM,105,PPH,1000GM,New SKU,1641195806424-r-m- chemicals nepal-active wheel 2 in 1.png,CROSS CODING,2,4,99762424,140.06075,122,UNILEVER NEPAL LTD-NEPAL,WHEEL,WHEEL ACTIVE,WHEEL ACTIVE-2IN1 CLEAN FRESH PPH 200 GM,PLPCH,200.000 GM,,,200.0,GM,20.0
36,2022-01-04,202201,124382843,1641195806424,54776,122,R.M. CHEMICALS NEPAL,ACTIVE WHEEL 2 IN 1,ACTIVE WHEEL 2 IN 1\1000\GM,105,PPH,1000GM,New SKU,1641195806424-r-m- chemicals nepal-active wheel 2 in 1.png,CROSS CODING,2,5,45751,140.16946,122,UNILEVER NEPAL LTD-NEPAL,WHEEL,WHEEL ACTIVE,WHEEL ACTIVE-2IN1 CLEAN FRESH PPH 1000 GMS,PLPCH,1000.000 GM,,,1000.0,GM,0.0
36,2022-01-04,202201,124382843,1641195806424,54776,122,R.M. CHEMICALS NEPAL,ACTIVE WHEEL 2 IN 1,ACTIVE WHEEL 2 IN 1\1000\GM,105,PPH,1000GM,New SKU,1641195806424-r-m- chemicals nepal-active wheel 2 in 1.png,CROSS CODING,2,6,54776,140.79893,122,UNILEVER NEPAL LTD-NEPAL,WHEEL,WHEEL ACTIVE,WHEEL ACTIVE-2IN1 CLEAN FRESH PPH 1000 GM,PLPCH,1000.000 GM,,,1000.0,GM,0.0
36,2022-01-04,202201,124382843,1641195806424,54776,122,R.M. CHEMICALS NEPAL,ACTIVE WHEEL 2 IN 1,ACTIVE WHEEL 2 IN 1\1000\GM,105,PPH,1000GM,New SKU,1641195806424-r-m- chemicals nepal-active wheel 2 in 1.png,CROSS CODING,2,7,53599,141.40276,122,UNILEVER NEPAL LTD-NEPAL,WHEEL,WHEEL ACTIVE,WHEEL ACTIVE-2IN1 CLEAN FRESH PPH 160 GM,PLPCH,160.000 GM,,,160.0,GM,0.0
36,2022-01-04,202201,124382843,1641195806424,54776,122,R.M. CHEMICALS NEPAL,ACTIVE WHEEL 2 IN 1,ACTIVE WHEEL 2 IN 1\1000\GM,105,PPH,1000GM,New SKU,1641195806424-r-m- chemicals nepal-active wheel 2 in 1.png,CROSS CODING,2,8,99764844,141.48126,122,UNILEVER NEPAL LTD-NEPAL,WHEEL,WHEEL ACTIVE,WHEEL ACTIVE-2IN1 CLEAN & FRESH PPH 150 GM,PLPCH,150.000 GM,,,150.0,GM,20.0
36,2022-01-04,202201,124382843,1641195806424,54776,122,R.M. CHEMICALS NEPAL,ACTIVE WHEEL 2 IN 1,ACTIVE WHEEL 2 IN 1\1000\GM,105,PPH,1000GM,New SKU,1641195806424-r-m- chemicals nepal-active wheel 2 in 1.png,CROSS CODING,2,9,93020712,141.77531,122,UNILEVER NEPAL LTD-NEPAL,WHEEL,WHEEL ACTIVE,WHEEL ACTIVE-PPH 900 GMS,PLPCH,900.000 GM,,,900.0,GM,0.0
36,2022-01-04,202201,124382843,1641195806424,54776,122,R.M. CHEMICALS NEPAL,ACTIVE WHEEL 2 IN 1,ACTIVE WHEEL 2 IN 1\1000\GM,105,PPH,1000GM,New SKU,1641195806424-r-m- chemicals nepal-active wheel 2 in 1.png,CROSS CODING,2,10,49956,141.9199,122,UNILEVER NEPAL LTD-NEPAL,WHEEL,WHEEL ACTIVE,WHEEL ACTIVE-2IN1 CLEAN FRESH PPH 170 GM,PLPCH,170.000 GM,,,170.0,GM,0.0
37,2022-01-04,202201,124382843,1641189482313,99762424,122,R.M. CHEMICALS NEPAL,ACTIVE WHEEL 2IN 1,ACTIVE WHEEL 2 IN 1\200\GM,20,PPH,200GM,New SKU,1641189482313-r-m- chemicals nepal-active wheel 2in 1.png,CROSS CODING,2,1,50274,133.60278,122,UNILEVER NEPAL LTD-NEPAL,WHEEL,WHEEL ACTIVE,WHEEL ACTIVE-2IN1 CLN FRS PPH 1000 GM+FR VIM BAR 85G,PLPCH,1000.000 GM,,,1000.0,GM,0.0
37,2022-01-04,202201,124382843,1641189482313,99762424,122,R.M. CHEMICALS NEPAL,ACTIVE WHEEL 2IN 1,ACTIVE WHEEL 2 IN 1\200\GM,20,PPH,200GM,New SKU,1641189482313-r-m- chemicals nepal-active wheel 2in 1.png,CROSS CODING,2,2,99762424,134.76375,122,UNILEVER NEPAL LTD-NEPAL,WHEEL,WHEEL ACTIVE,WHEEL ACTIVE-2IN1 CLEAN FRESH PPH 200 GM,PLPCH,200.000 GM,,,200.0,GM,20.0
37,2022-01-04,202201,124382843,1641189482313,99762424,122,R.M. CHEMICALS NEPAL,ACTIVE WHEEL 2IN 1,ACTIVE WHEEL 2 IN 1\200\GM,20,PPH,200GM,New SKU,1641189482313-r-m- chemicals nepal-active wheel 2in 1.png,CROSS CODING,2,3,99764844,137.73975,122,UNILEVER NEPAL LTD-NEPAL,WHEEL,WHEEL ACTIVE,WHEEL ACTIVE-2IN1 CLEAN & FRESH PPH 150 GM,PLPCH,150.000 GM,,,150.0,GM,20.0
37,2022-01-04,202201,124382843,1641189482313,99762424,122,R.M. CHEMICALS NEPAL,ACTIVE WHEEL 2IN 1,ACTIVE WHEEL 2 IN 1\200\GM,20,PPH,200GM,New SKU,1641189482313-r-m- chemicals nepal-active wheel 2in 1.png,CROSS CODING,2,4,99764088,138.76503,122,UNILEVER NEPAL LTD-NEPAL,WHEEL,WHEEL ACTIVE,WHEEL ACTIVE-2IN1 CLEAN & FRESH PPH 180 GM,PLPCH,180.000 GM,,,180.0,GM,20.0
37,2022-01-04,202201,124382843,1641189482313,99762424,122,R.M. CHEMICALS NEPAL,ACTIVE WHEEL 2IN 1,ACTIVE WHEEL 2 IN 1\200\GM,20,PPH,200GM,New SKU,1641189482313-r-m- chemicals nepal-active wheel 2in 1.png,CROSS CODING,2,5,53599,139.41278,122,UNILEVER NEPAL LTD-NEPAL,WHEEL,WHEEL ACTIVE,WHEEL ACTIVE-2IN1 CLEAN FRESH PPH 160 GM,PLPCH,160.000 GM,,,160.0,GM,0.0
37,2022-01-04,202201,124382843,1641189482313,99762424,122,R.M. CHEMICALS NEPAL,ACTIVE WHEEL 2IN 1,ACTIVE WHEEL 2 IN 1\200\GM,20,PPH,200GM,New SKU,1641189482313-r-m- chemicals nepal-active wheel 2in 1.png,CROSS CODING,2,6,49956,139.77771,122,UNILEVER NEPAL LTD-NEPAL,WHEEL,WHEEL ACTIVE,WHEEL ACTIVE-2IN1 CLEAN FRESH PPH 170 GM,PLPCH,170.000 GM,,,170.0,GM,0.0
37,2022-01-04,202201,124382843,1641189482313,99762424,122,R.M. CHEMICALS NEPAL,ACTIVE WHEEL 2IN 1,ACTIVE WHEEL 2 IN 1\200\GM,20,PPH,200GM,New SKU,1641189482313-r-m- chemicals nepal-active wheel 2in 1.png,CROSS CODING,2,7,49512,140.34749,122,UNILEVER NEPAL LTD-NEPAL,WHEEL,WHEEL ACTIVE,WHEEL ACTIVE-2IN1 CLEAN FRESH PPH 175 GM,PLPCH,175.000 GM,,,175.0,GM,0.0
37,2022-01-04,202201,124382843,1641189482313,99762424,122,R.M. CHEMICALS NEPAL,ACTIVE WHEEL 2IN 1,ACTIVE WHEEL 2 IN 1\200\GM,20,PPH,200GM,New SKU,1641189482313-r-m- chemicals nepal-active wheel 2in 1.png,CROSS CODING,2,8,99763979,141.22836,122,UNILEVER NEPAL LTD-NEPAL,WHEEL,WHEEL ACTIVE,WHEEL ACTIVE-2IN1 CLEAN FRESH PPH 950 GM,PLPCH,950.000 GM,,,950.0,GM,110.0
37,2022-01-04,202201,124382843,1641189482313,99762424,122,R.M. CHEMICALS NEPAL,ACTIVE WHEEL 2IN 1,ACTIVE WHEEL 2 IN 1\200\GM,20,PPH,200GM,New SKU,1641189482313-r-m- chemicals nepal-active wheel 2in 1.png,CROSS CODING,2,9,99764625,141.78006,122,UNILEVER NEPAL LTD-NEPAL,WHEEL,WHEEL ACTIVE,WHEEL ACTIVE-2IN1 CLEAN & FRESH PPH 900 GM,PLPCH,900.000 GM,,,900.0,GM,110.0
37,2022-01-04,202201,124382843,1641189482313,99762424,122,R.M. CHEMICALS NEPAL,ACTIVE WHEEL 2IN 1,ACTIVE WHEEL 2 IN 1\200\GM,20,PPH,200GM,New SKU,1641189482313-r-m- chemicals nepal-active wheel 2in 1.png,CROSS CODING,2,10,50746,141.78737,122,UNILEVER NEPAL LTD-NEPAL,WHEEL,WHEEL ACTIVE,WHEEL ACTIVE-2IN1 CLEAN FRESH PPH 165 GM,PLPCH,165.000 GM,,,165.0,GM,0.0
38,2022-01-04,202201,124302976,1641189482313,99762424,122,R.M. CHEMICALS NEPAL,ACTIVE WHEEL 2IN 1,ACTIVE WHEEL 2 IN 1\200\GM,20,PPH,200GM,,1641189482313-r-m- chemicals nepal-active wheel 2in 1.png,CROSS CODING,2,1,50274,133.60278,122,UNILEVER NEPAL LTD-NEPAL,WHEEL,WHEEL ACTIVE,WHEEL ACTIVE-2IN1 CLN FRS PPH 1000 GM+FR VIM BAR 85G,PLPCH,1000.000 GM,,,1000.0,GM,0.0
38,2022-01-04,202201,124302976,1641189482313,99762424,122,R.M. CHEMICALS NEPAL,ACTIVE WHEEL 2IN 1,ACTIVE WHEEL 2 IN 1\200\GM,20,PPH,200GM,,1641189482313-r-m- chemicals nepal-active wheel 2in 1.png,CROSS CODING,2,2,99762424,134.76375,122,UNILEVER NEPAL LTD-NEPAL,WHEEL,WHEEL ACTIVE,WHEEL ACTIVE-2IN1 CLEAN FRESH PPH 200 GM,PLPCH,200.000 GM,,,200.0,GM,20.0
38,2022-01-04,202201,124302976,1641189482313,99762424,122,R.M. CHEMICALS NEPAL,ACTIVE WHEEL 2IN 1,ACTIVE WHEEL 2 IN 1\200\GM,20,PPH,200GM,,1641189482313-r-m- chemicals nepal-active wheel 2in 1.png,CROSS CODING,2,3,99764844,137.73975,122,UNILEVER NEPAL LTD-NEPAL,WHEEL,WHEEL ACTIVE,WHEEL ACTIVE-2IN1 CLEAN & FRESH PPH 150 GM,PLPCH,150.000 GM,,,150.0,GM,20.0
38,2022-01-04,202201,124302976,1641189482313,99762424,122,R.M. CHEMICALS NEPAL,ACTIVE WHEEL 2IN 1,ACTIVE WHEEL 2 IN 1\200\GM,20,PPH,200GM,,1641189482313-r-m- chemicals nepal-active wheel 2in 1.png,CROSS CODING,2,4,99764088,138.76503,122,UNILEVER NEPAL LTD-NEPAL,WHEEL,WHEEL ACTIVE,WHEEL ACTIVE-2IN1 CLEAN & FRESH PPH 180 GM,PLPCH,180.000 GM,,,180.0,GM,20.0
38,2022-01-04,202201,124302976,1641189482313,99762424,122,R.M. CHEMICALS NEPAL,ACTIVE WHEEL 2IN 1,ACTIVE WHEEL 2 IN 1\200\GM,20,PPH,200GM,,1641189482313-r-m- chemicals nepal-active wheel 2in 1.png,CROSS CODING,2,5,53599,139.41278,122,UNILEVER NEPAL LTD-NEPAL,WHEEL,WHEEL ACTIVE,WHEEL ACTIVE-2IN1 CLEAN FRESH PPH 160 GM,PLPCH,160.000 GM,,,160.0,GM,0.0
38,2022-01-04,202201,124302976,1641189482313,99762424,122,R.M. CHEMICALS NEPAL,ACTIVE WHEEL 2IN 1,ACTIVE WHEEL 2 IN 1\200\GM,20,PPH,200GM,,1641189482313-r-m- chemicals nepal-active wheel 2in 1.png,CROSS CODING,2,6,49956,139.77771,122,UNILEVER NEPAL LTD-NEPAL,WHEEL,WHEEL ACTIVE,WHEEL ACTIVE-2IN1 CLEAN FRESH PPH 170 GM,PLPCH,170.000 GM,,,170.0,GM,0.0
38,2022-01-04,202201,124302976,1641189482313,99762424,122,R.M. CHEMICALS NEPAL,ACTIVE WHEEL 2IN 1,ACTIVE WHEEL 2 IN 1\200\GM,20,PPH,200GM,,1641189482313-r-m- chemicals nepal-active wheel 2in 1.png,CROSS CODING,2,7,49512,140.34749,122,UNILEVER NEPAL LTD-NEPAL,WHEEL,WHEEL ACTIVE,WHEEL ACTIVE-2IN1 CLEAN FRESH PPH 175 GM,PLPCH,175.000 GM,,,175.0,GM,0.0
38,2022-01-04,202201,124302976,1641189482313,99762424,122,R.M. CHEMICALS NEPAL,ACTIVE WHEEL 2IN 1,ACTIVE WHEEL 2 IN 1\200\GM,20,PPH,200GM,,1641189482313-r-m- chemicals nepal-active wheel 2in 1.png,CROSS CODING,2,8,99763979,141.22836,122,UNILEVER NEPAL LTD-NEPAL,WHEEL,WHEEL ACTIVE,WHEEL ACTIVE-2IN1 CLEAN FRESH PPH 950 GM,PLPCH,950.000 GM,,,950.0,GM,110.0
38,2022-01-04,202201,124302976,1641189482313,99762424,122,R.M. CHEMICALS NEPAL,ACTIVE WHEEL 2IN 1,ACTIVE WHEEL 2 IN 1\200\GM,20,PPH,200GM,,1641189482313-r-m- chemicals nepal-active wheel 2in 1.png,CROSS CODING,2,9,99764625,141.78006,122,UNILEVER NEPAL LTD-NEPAL,WHEEL,WHEEL ACTIVE,WHEEL ACTIVE-2IN1 CLEAN & FRESH PPH 900 GM,PLPCH,900.000 GM,,,900.0,GM,110.0
38,2022-01-04,202201,124302976,1641189482313,99762424,122,R.M. CHEMICALS NEPAL,ACTIVE WHEEL 2IN 1,ACTIVE WHEEL 2 IN 1\200\GM,20,PPH,200GM,,1641189482313-r-m- chemicals nepal-active wheel 2in 1.png,CROSS CODING,2,10,50746,141.78737,122,UNILEVER NEPAL LTD-NEPAL,WHEEL,WHEEL ACTIVE,WHEEL ACTIVE-2IN1 CLEAN FRESH PPH 165 GM,PLPCH,165.000 GM,,,165.0,GM,0.0
39,2022-01-04,202201,113111788,1641197986128,99762914,106,NEBICO PVT LTD-NEPAL,NEBICO POP STICK,NEBICO POP STICK\8\GM,5,PPH,8 GM,,1641197986128-nebico pvt ltd-nepal-nebico pop stick.png,RECODING,5,1,99762665,30.524933,106,NEBICO PVT LTD-NEPAL,NEBICO,NEBICO POP STICK,NEBICO POP STICK-ASSORTED EWP 8 GM,EWRPK,8.000 GM,ASSORTED,,8.0,GM,5.0
39,2022-01-04,202201,113111788,1641197986128,99762914,106,NEBICO PVT LTD-NEPAL,NEBICO POP STICK,NEBICO POP STICK\8\GM,5,PPH,8 GM,,1641197986128-nebico pvt ltd-nepal-nebico pop stick.png,RECODING,5,2,99762914,87.18701,106,NEBICO PVT LTD-NEPAL,NEBICO,NEBICO POP STIX,NEBICO POP STIX-CARAMEL EWP 8 GM,EWRPK,8.000 GM,CARAMEL,,8.0,GM,5.0
39,2022-01-04,202201,113111788,1641197986128,99762914,106,NEBICO PVT LTD-NEPAL,NEBICO POP STICK,NEBICO POP STICK\8\GM,5,PPH,8 GM,,1641197986128-nebico pvt ltd-nepal-nebico pop stick.png,RECODING,5,3,45953,87.238625,106,NEBICO PVT LTD-NEPAL,NEBICO,NEBICO TUM TUM,NEBICO TUM TUM-CHATPATA CANDY PPH 3.6 GM,PLPCH,3.600 GM,UNSPECIFIED,,3.6,GM,0.0
39,2022-01-04,202201,113111788,1641197986128,99762914,106,NEBICO PVT LTD-NEPAL,NEBICO POP STICK,NEBICO POP STICK\8\GM,5,PPH,8 GM,,1641197986128-nebico pvt ltd-nepal-nebico pop stick.png,RECODING,5,4,47294,89.4322,106,NEBICO PVT LTD-NEPAL,NEBICO,NEBICO TUM TUM,NEBICO TUM TUM-CHATPATA CANDY PPH 3 GM,PLPCH,3.000 GM,UNSPECIFIED,,3.0,GM,0.0
39,2022-01-04,202201,113111788,1641197986128,99762914,106,NEBICO PVT LTD-NEPAL,NEBICO POP STICK,NEBICO POP STICK\8\GM,5,PPH,8 GM,,1641197986128-nebico pvt ltd-nepal-nebico pop stick.png,RECODING,5,5,99764634,92.65849,106,NEBICO PVT LTD-NEPAL,NEBICO,NEBICO POP STIX,NEBICO POP STIX-ASSORTED PCN 800 GM,PLJAR,800.000 GM,ASSORTED,,800.0,GM,500.0
39,2022-01-04,202201,113111788,1641197986128,99762914,106,NEBICO PVT LTD-NEPAL,NEBICO POP STICK,NEBICO POP STICK\8\GM,5,PPH,8 GM,,1641197986128-nebico pvt ltd-nepal-nebico pop stick.png,RECODING,5,6,99763120,93.72754,106,NEBICO PVT LTD-NEPAL,NEBICO,NEBICO POP STIX,NEBICO POP STIX-LITCHI EWP 8 GM,EWRPK,8.000 GM,LYCHEE,,8.0,GM,5.0
39,2022-01-04,202201,113111788,1641197986128,99762914,106,NEBICO PVT LTD-NEPAL,NEBICO POP STICK,NEBICO POP STICK\8\GM,5,PPH,8 GM,,1641197986128-nebico pvt ltd-nepal-nebico pop stick.png,RECODING,5,7,51802,97.81899,106,NEBICO PVT LTD-NEPAL,NEBICO,NEBICO FUN-FUN,NEBICO FUN-FUN-FUN-CHATPATA PPH 2.8 GM,PLPCH,2.800 GM,UNSPECIFIED,,2.8,GM,0.0
39,2022-01-04,202201,113111788,1641197986128,99762914,106,NEBICO PVT LTD-NEPAL,NEBICO POP STICK,NEBICO POP STICK\8\GM,5,PPH,8 GM,,1641197986128-nebico pvt ltd-nepal-nebico pop stick.png,RECODING,5,8,99764798,100.111664,106,NEBICO PVT LTD-NEPAL,NEBICO,NEBICO POP STIX,NEBICO POP STIX-CARAMEL PCN 800 GM,PLJAR,800.000 GM,CARAMEL,,800.0,GM,550.0
39,2022-01-04,202201,113111788,1641197986128,99762914,106,NEBICO PVT LTD-NEPAL,NEBICO POP STICK,NEBICO POP STICK\8\GM,5,PPH,8 GM,,1641197986128-nebico pvt ltd-nepal-nebico pop stick.png,RECODING,5,9,51445,102.521576,106,NEBICO PVT LTD-NEPAL,NEBICO,NEBICO MELON CANDY,NEBICO MELON CANDY-WATER MELON PPH 2.8 GM,PLPCH,2.800 GM,WATER MELON,,2.8,GM,0.0
39,2022-01-04,202201,113111788,1641197986128,99762914,106,NEBICO PVT LTD-NEPAL,NEBICO POP STICK,NEBICO POP STICK\8\GM,5,PPH,8 GM,,1641197986128-nebico pvt ltd-nepal-nebico pop stick.png,RECODING,5,10,91827183,117.76659,106,NEBICO PVT LTD-NEPAL,NEBICO,NEBICO FRUIT CREAM,NEBICO FRUIT CREAM- STRAWBERRY PPH 3.7 GM,PLPCH,3.700 GM,STRAWBERRY,,3.7,GM,0.0
40,2022-01-04,202201,111909057,1641194436225,99762918,122,KWALITY CHEM PVT LTD-NEPAL,DIAL, KWALITY DIAL/500GM,75,PPH,500GM,,1641194436225-kwality chem pvt ltd-nepal-dial.png,RECODING,5,1,99762828,71.034164,122,KWALITY CHEM PVT LTD-NEPAL,DIAL,DIAL,DIAL-XTRA CLEAN DETERGENT POWDER PPH 1000 GM,PLPCH,1000.000 GM,,,1000.0,GM,125.0
40,2022-01-04,202201,111909057,1641194436225,99762918,122,KWALITY CHEM PVT LTD-NEPAL,DIAL, KWALITY DIAL/500GM,75,PPH,500GM,,1641194436225-kwality chem pvt ltd-nepal-dial.png,RECODING,5,2,99762918,71.779465,122,KWALITY CHEM PVT LTD-NEPAL,DIAL,DIAL,DIAL-XTRA CLEAN DETERGENT POWDER PPH 500 GM,PLPCH,500.000 GM,,,500.0,GM,75.0
40,2022-01-04,202201,111909057,1641194436225,99762918,122,KWALITY CHEM PVT LTD-NEPAL,DIAL, KWALITY DIAL/500GM,75,PPH,500GM,,1641194436225-kwality chem pvt ltd-nepal-dial.png,RECODING,5,3,53845,73.96694,122,KWALITY CHEM PVT LTD-NEPAL,DIAL,DIAL,DIAL- DETERGENT POWDER PPH 900 GM,PLPCH,900.000 GM,,,900.0,GM,0.0
40,2022-01-04,202201,111909057,1641194436225,99762918,122,KWALITY CHEM PVT LTD-NEPAL,DIAL, KWALITY DIAL/500GM,75,PPH,500GM,,1641194436225-kwality chem pvt ltd-nepal-dial.png,RECODING,5,4,93019445,84.96645,122,KWALITY SOAPS & CHEM. - NEPAL,DIAL,DIAL,DIAL-PPH 400 GMS,PLPCH,400.000 GM,,,400.0,GM,0.0
40,2022-01-04,202201,111909057,1641194436225,99762918,122,KWALITY CHEM PVT LTD-NEPAL,DIAL, KWALITY DIAL/500GM,75,PPH,500GM,,1641194436225-kwality chem pvt ltd-nepal-dial.png,RECODING,5,5,99763157,99.42215,122,KWALITY CHEM PVT LTD-NEPAL,READY,READY,READY-COMPLETE CLEAN PPH 200 GM,PLPCH,200.000 GM,,,200.0,GM,20.0
40,2022-01-04,202201,111909057,1641194436225,99762918,122,KWALITY CHEM PVT LTD-NEPAL,DIAL, KWALITY DIAL/500GM,75,PPH,500GM,,1641194436225-kwality chem pvt ltd-nepal-dial.png,RECODING,5,6,54263,100.432465,122,KWALITY CHEM PVT LTD-NEPAL,READY,READY,READY-COMPLETE CLEAN PPH 115 GM,PLPCH,115.000 GM,,,115.0,GM,0.0
40,2022-01-04,202201,111909057,1641194436225,99762918,122,KWALITY CHEM PVT LTD-NEPAL,DIAL, KWALITY DIAL/500GM,75,PPH,500GM,,1641194436225-kwality chem pvt ltd-nepal-dial.png,RECODING,5,7,51223,100.5502,122,KWALITY CHEM PVT LTD-NEPAL,READY,READY,READY-COMPLETE CLEAN PPH 250 GM,PLPCH,250.000 GM,,,250.0,GM,0.0
40,2022-01-04,202201,111909057,1641194436225,99762918,122,KWALITY CHEM PVT LTD-NEPAL,DIAL, KWALITY DIAL/500GM,75,PPH,500GM,,1641194436225-kwality chem pvt ltd-nepal-dial.png,RECODING,5,8,47112,101.37741,122,KWALITY CHEM PVT LTD-NEPAL,READY,READY,READY-COMPLETE CLEAN PPH 700 GM,PLPCH,700.000 GM,,,700.0,GM,0.0
40,2022-01-04,202201,111909057,1641194436225,99762918,122,KWALITY CHEM PVT LTD-NEPAL,DIAL, KWALITY DIAL/500GM,75,PPH,500GM,,1641194436225-kwality chem pvt ltd-nepal-dial.png,RECODING,5,9,47111,101.42737,122,KWALITY CHEM PVT LTD-NEPAL,READY,READY,READY-COMPLETE CLEAN PPH 120 GM,PLPCH,120.000 GM,,,120.0,GM,0.0
40,2022-01-04,202201,111909057,1641194436225,99762918,122,KWALITY CHEM PVT LTD-NEPAL,DIAL, KWALITY DIAL/500GM,75,PPH,500GM,,1641194436225-kwality chem pvt ltd-nepal-dial.png,RECODING,5,10,53921,103.324554,122,KWALITY CHEM PVT LTD-NEPAL,READY,READY,READY-COMPLETE CLEAN PPH 3000 GM,PLPCH,3000.000 GM,,,3000.0,GM,0.0
41,2022-01-05,202201,116663950,1641288994083,99762926,123,DINESH SOAP & HOUSEHOLD-NPL,SHILPA GOLD,SHILPA GOLD/150/GM/PPH,30,PPH,150 GM,,1641288994083-dinesh soap - household-npl-shilpa gold.png,RECODING,5,1,99762926,8.469497,123,DINESH SOAP & HOUSEHOLD-NPL,SHILPA GOLD,SHILPA GOLD,SHILPA GOLD-PPH 150 GM,PLPCH,150.000 GM,,,150.0,GM,30.0
41,2022-01-05,202201,116663950,1641288994083,99762926,123,DINESH SOAP & HOUSEHOLD-NPL,SHILPA GOLD,SHILPA GOLD/150/GM/PPH,30,PPH,150 GM,,1641288994083-dinesh soap - household-npl-shilpa gold.png,RECODING,5,2,99764309,13.162277,123,DINESH SOAP & HOUSEHOLD-NPL,SHILPA GOLD,SHILPA GOLD,SHILPA GOLD-PPH 75 GM,PLPCH,75.000 GM,,,75.0,GM,10.0
41,2022-01-05,202201,116663950,1641288994083,99762926,123,DINESH SOAP & HOUSEHOLD-NPL,SHILPA GOLD,SHILPA GOLD/150/GM/PPH,30,PPH,150 GM,,1641288994083-dinesh soap - household-npl-shilpa gold.png,RECODING,5,3,99762893,13.962978,123,DINESH SOAP & HOUSEHOLD-NPL,SHILPA GOLD,SHILPA GOLD,SHILPA GOLD-PPH 200 GM,PLPCH,200.000 GM,,,200.0,GM,40.0
41,2022-01-05,202201,116663950,1641288994083,99762926,123,DINESH SOAP & HOUSEHOLD-NPL,SHILPA GOLD,SHILPA GOLD/150/GM/PPH,30,PPH,150 GM,,1641288994083-dinesh soap - household-npl-shilpa gold.png,RECODING,5,4,99763740,22.55597,123,DINESH SOAP & HOUSEHOLD-NPL,SHILPA GOLD,SHILPA GOLD,SHILPA GOLD-ASHES & LEMON PPH 100 GM,PLPCH,100.000 GM,,,100.0,GM,10.0
41,2022-01-05,202201,116663950,1641288994083,99762926,123,DINESH SOAP & HOUSEHOLD-NPL,SHILPA GOLD,SHILPA GOLD/150/GM/PPH,30,PPH,150 GM,,1641288994083-dinesh soap - household-npl-shilpa gold.png,RECODING,5,5,99764891,40.435467,123,DINESH SOAP & HOUSEHOLD-NPL,SHILPA GOLD,SHILPA GOLD,SHILPA GOLD-LEMON & ASH POWER PCN 400 GM+FREE SCRUBBER,PLJAR,400.000 GM,,,400.0,GM,65.0
41,2022-01-05,202201,116663950,1641288994083,99762926,123,DINESH SOAP & HOUSEHOLD-NPL,SHILPA GOLD,SHILPA GOLD/150/GM/PPH,30,PPH,150 GM,,1641288994083-dinesh soap - household-npl-shilpa gold.png,RECODING,5,6,99763026,72.94845,123,DINESH SOAP & HOUSEHOLD-NPL,DINESH,DINESH SUPER 7,DINESH SUPER 7-LAUNDRY SOAP PPH 150 GM,PLPCH,150.000 GM,,,150.0,GM,30.0
41,2022-01-05,202201,116663950,1641288994083,99762926,123,DINESH SOAP & HOUSEHOLD-NPL,SHILPA GOLD,SHILPA GOLD/150/GM/PPH,30,PPH,150 GM,,1641288994083-dinesh soap - household-npl-shilpa gold.png,RECODING,5,7,99764048,73.955635,123,DINESH SOAP & HOUSEHOLD-NPL,DINESH,DINESH,DINESH-PREMIUM LAUNDRY SOAP PPH 150 GM,PLPCH,150.000 GM,,,150.0,GM,30.0
41,2022-01-05,202201,116663950,1641288994083,99762926,123,DINESH SOAP & HOUSEHOLD-NPL,SHILPA GOLD,SHILPA GOLD/150/GM/PPH,30,PPH,150 GM,,1641288994083-dinesh soap - household-npl-shilpa gold.png,RECODING,5,8,99762768,74.74318,123,DINESH SOAP & HOUSEHOLD-NPL,DINESH,DINESH SUPER 7,DINESH SUPER 7-LAUNDRY SOAP PPH 100 GM,PLPCH,100.000 GM,,,100.0,GM,20.0
41,2022-01-05,202201,116663950,1641288994083,99762926,123,DINESH SOAP & HOUSEHOLD-NPL,SHILPA GOLD,SHILPA GOLD/150/GM/PPH,30,PPH,150 GM,,1641288994083-dinesh soap - household-npl-shilpa gold.png,RECODING,5,9,99762759,77.86247,123,DINESH SOAP & HOUSEHOLD-NPL,DINESH,DINESH SUPER 7,DINESH SUPER 7-LAUNDRY SOAP PPH 200 GM,PLPCH,200.000 GM,,,200.0,GM,40.0
41,2022-01-05,202201,116663950,1641288994083,99762926,123,DINESH SOAP & HOUSEHOLD-NPL,SHILPA GOLD,SHILPA GOLD/150/GM/PPH,30,PPH,150 GM,,1641288994083-dinesh soap - household-npl-shilpa gold.png,RECODING,5,10,53334,79.837746,123,DINESH SOAP & HOUSEHOLD-NPL,DINESH,DINESH,DINESH-PREMIUM LAUNDRY SOAP PPH 250 GM,PLPCH,250.000 GM,,,250.0,GM,0.0
42,2022-01-05,202201,113186075,1641284575841,99762934,132,HARCHAND RAY & SON,HI-Q PULL UPS,HI-Q\5\NOS,100,PPH,5 NOS,,1641284575841-harchand ray - son-hi-q pull ups.png,RECODING,5,1,99762934,94.3889,132,HARCHAND RAY & SONS-NEPAL,HI-Q,HI-Q,HI-Q-PULL-UPS SMALL(S)PPH 5 NOS,PLPCH,5.000 NO,,,5.0,NO,100.0
42,2022-01-05,202201,113186075,1641284575841,99762934,132,HARCHAND RAY & SON,HI-Q PULL UPS,HI-Q\5\NOS,100,PPH,5 NOS,,1641284575841-harchand ray - son-hi-q pull ups.png,RECODING,5,2,99764913,100.542206,132,HARCHAND RAY & SONS-NEPAL,HI-Q,HI-Q,HI-Q-PULL-UPS LARGE(L)PPH 5 NOS,PLPCH,5.000 NO,,,5.0,NO,100.0
42,2022-01-05,202201,113186075,1641284575841,99762934,132,HARCHAND RAY & SON,HI-Q PULL UPS,HI-Q\5\NOS,100,PPH,5 NOS,,1641284575841-harchand ray - son-hi-q pull ups.png,RECODING,5,3,99764816,242.33157,132,SMART SURGIMADE ENTERPRISES-NP,SOFT LITE,SOFT LITE BABY POKO PULLUPS,SOFT LITE BABY POKO PULLUPS-EXTRA LARGE(XL) PPH 4 NOS,PLPCH,4.000 NO,,,4.0,NO,100.0
42,2022-01-05,202201,113186075,1641284575841,99762934,132,HARCHAND RAY & SON,HI-Q PULL UPS,HI-Q\5\NOS,100,PPH,5 NOS,,1641284575841-harchand ray - son-hi-q pull ups.png,RECODING,5,4,99762969,244.63472,132,SMART SURGIMADE ENTERPRISES-NP,SOFT LITE,SOFT LITE BABY POKO PULLUPS,SOFT LITE BABY POKO PULLUPS-LARGE(L) PPH 4 NOS,PLPCH,4.000 NO,,,4.0,NO,100.0
42,2022-01-05,202201,113186075,1641284575841,99762934,132,HARCHAND RAY & SON,HI-Q PULL UPS,HI-Q\5\NOS,100,PPH,5 NOS,,1641284575841-harchand ray - son-hi-q pull ups.png,RECODING,5,5,99764817,245.0755,132,SMART SURGIMADE ENTERPRISES-NP,SOFT LITE,SOFT LITE BABY POKO PULLUPS,SOFT LITE BABY POKO PULLUPS-MEDIUM(M) PPH 5 NOS,PLPCH,5.000 NO,,,5.0,NO,100.0
42,2022-01-05,202201,113186075,1641284575841,99762934,132,HARCHAND RAY & SON,HI-Q PULL UPS,HI-Q\5\NOS,100,PPH,5 NOS,,1641284575841-harchand ray - son-hi-q pull ups.png,RECODING,5,6,99763370,245.72144,132,SMART SURGIMADE ENTERPRISES-NP,SOFT LITE,SOFT LITE BABY POKO PULLUPS,SOFT LITE BABY POKO PULLUPS-SMALL(S) PPH 5 NOS,PLPCH,5.000 NO,,,5.0,NO,100.0
42,2022-01-05,202201,113186075,1641284575841,99762934,132,HARCHAND RAY & SON,HI-Q PULL UPS,HI-Q\5\NOS,100,PPH,5 NOS,,1641284575841-harchand ray - son-hi-q pull ups.png,RECODING,5,7,99764139,249.17569,132,PAN HEALTHCARE PVT LTD-INDIA ,SUPER CUTE'S,SUPER CUTE'S,SUPER CUTE'S-WONDER PULLUPS-MEDIUM(M) PPH 1 NOS,PLPCH,1.000 NO,,,1.0,NO,18.0
42,2022-01-05,202201,113186075,1641284575841,99762934,132,HARCHAND RAY & SON,HI-Q PULL UPS,HI-Q\5\NOS,100,PPH,5 NOS,,1641284575841-harchand ray - son-hi-q pull ups.png,RECODING,5,8,99764138,251.87674,132,PAN HEALTHCARE PVT LTD-INDIA ,SUPER CUTE'S,SUPER CUTE'S,SUPER CUTE'S-WONDER PULLUPS-SMALL(S) PPH 1 NOS,PLPCH,1.000 NO,,,1.0,NO,16.0
42,2022-01-05,202201,113186075,1641284575841,99762934,132,HARCHAND RAY & SON,HI-Q PULL UPS,HI-Q\5\NOS,100,PPH,5 NOS,,1641284575841-harchand ray - son-hi-q pull ups.png,RECODING,5,9,99764594,258.6938,132,ANYTIME HYGIENE PVT LTD-NEPAL,ANYTIME,ANYTIME EZYWEAR PULL-UP,ANYTIME EZYWEAR PULL-UP - SMALL(S) PPH 12 NOS,PLPCH,12.000 NO,,,12.0,NO,260.0
42,2022-01-05,202201,113186075,1641284575841,99762934,132,HARCHAND RAY & SON,HI-Q PULL UPS,HI-Q\5\NOS,100,PPH,5 NOS,,1641284575841-harchand ray - son-hi-q pull ups.png,RECODING,5,10,99763025,262.78683,132,BRAJESHWORI INDUSTRIES-NEPAL,NYANO,NYANO BABY PULL UP PANTS,NYANO BABY PULL UP PANTS-SMALL(S) PPH 5 NOS,PLPCH,5.000 NO,,,5.0,NO,100.0
43,2022-01-05,202201,124329527,1641282306855,99762922,122,YS SOAP INDUSTRIESL,YS NAMASTE5000GM,YS NAMASTE\5000\GM,500,PPH,5000GM,New SKU,1641282306855-ys soap industriesl-ys namaste5000gm.png,RECODING,5,1,99762922,61.635834,122,YS SOAP INDUSTRIES-NEPAL,YS,YS NAMASTE,YS NAMASTE-PPH 5000 GM,PLPCH,5000.000 GM,,,5000.0,GM,500.0
43,2022-01-05,202201,124329527,1641282306855,99762922,122,YS SOAP INDUSTRIESL,YS NAMASTE5000GM,YS NAMASTE\5000\GM,500,PPH,5000GM,New SKU,1641282306855-ys soap industriesl-ys namaste5000gm.png,RECODING,5,2,52108,63.808784,122,YS SOAP INDUSTRIES-NEPAL,YS,YS NAMASTE,YS NAMASTE-PPH 1000 GM,PLPCH,1000.000 GM,,,1000.0,GM,0.0
43,2022-01-05,202201,124329527,1641282306855,99762922,122,YS SOAP INDUSTRIESL,YS NAMASTE5000GM,YS NAMASTE\5000\GM,500,PPH,5000GM,New SKU,1641282306855-ys soap industriesl-ys namaste5000gm.png,RECODING,5,3,52459,65.87808,122,YS SOAP INDUSTRIES-NEPAL,YS,YS NAMASTE,YS NAMASTE-PPH 250 GM,PLPCH,250.000 GM,,,250.0,GM,0.0
43,2022-01-05,202201,124329527,1641282306855,99762922,122,YS SOAP INDUSTRIESL,YS NAMASTE5000GM,YS NAMASTE\5000\GM,500,PPH,5000GM,New SKU,1641282306855-ys soap industriesl-ys namaste5000gm.png,RECODING,5,4,48977,71.95148,122,YS SOAP INDUSTRIES-NEPAL,YS,YS NAMASTE,YS NAMASTE-PPH 275 GM,PLPCH,275.000 GM,,,275.0,GM,0.0
43,2022-01-05,202201,124329527,1641282306855,99762922,122,YS SOAP INDUSTRIESL,YS NAMASTE5000GM,YS NAMASTE\5000\GM,500,PPH,5000GM,New SKU,1641282306855-ys soap industriesl-ys namaste5000gm.png,RECODING,5,5,45765,140.16882,122,SATYAWATI SOAP INDUSTRIES-NPL,AXN PLUS,AXN PLUS,AXN PLUS-PPH 1000 GMS,PLPCH,1000.000 GM,,,1000.0,GM,0.0
43,2022-01-05,202201,124329527,1641282306855,99762922,122,YS SOAP INDUSTRIESL,YS NAMASTE5000GM,YS NAMASTE\5000\GM,500,PPH,5000GM,New SKU,1641282306855-ys soap industriesl-ys namaste5000gm.png,RECODING,5,6,93024481,144.05481,122,SATYAWATI SOAP INDUSTRIES-NPL,AXN PLUS,AXN PLUS,AXN PLUS-PPH 300 GMS,PLPCH,300.000 GM,,,300.0,GM,0.0
43,2022-01-05,202201,124329527,1641282306855,99762922,122,YS SOAP INDUSTRIESL,YS NAMASTE5000GM,YS NAMASTE\5000\GM,500,PPH,5000GM,New SKU,1641282306855-ys soap industriesl-ys namaste5000gm.png,RECODING,5,7,51139,147.09917,122,JAY LAXMI SOAP WORKS-INDIA,SHAMBHU,SHAMBHU,SHAMBHU-SUPER WHITE PPH 1000 GM,PLPCH,1000.000 GM,,,1000.0,GM,0.0
43,2022-01-05,202201,124329527,1641282306855,99762922,122,YS SOAP INDUSTRIESL,YS NAMASTE5000GM,YS NAMASTE\5000\GM,500,PPH,5000GM,New SKU,1641282306855-ys soap industriesl-ys namaste5000gm.png,RECODING,5,8,51137,148.12016,122,BABA SOAP INDUSTRIES - NEPAL,SUBIDHA,SUBIDHA,SUBIDHA-PPH 250 GMS,PLPCH,250.000 GM,,,250.0,GM,0.0
43,2022-01-05,202201,124329527,1641282306855,99762922,122,YS SOAP INDUSTRIESL,YS NAMASTE5000GM,YS NAMASTE\5000\GM,500,PPH,5000GM,New SKU,1641282306855-ys soap industriesl-ys namaste5000gm.png,RECODING,5,9,99764143,148.3517,122,SATYAWATI SOAP INDUSTRIES-NPL,AXN PLUS,AXN PLUS,AXN PLUS-PPH 600 GM,PLPCH,600.000 GM,,,600.0,GM,50.0
43,2022-01-05,202201,124329527,1641282306855,99762922,122,YS SOAP INDUSTRIESL,YS NAMASTE5000GM,YS NAMASTE\5000\GM,500,PPH,5000GM,New SKU,1641282306855-ys soap industriesl-ys namaste5000gm.png,RECODING,5,10,93012700,149.37524,122,GOPAL SOAP - INDIA,T SERIES,T SERIES,T SERIES-PPH 500  GMS,PLPCH,500.000 GM,,,500.0,GM,0.0
44,2022-01-05,202201,124329527,1641281924613,99762932,123,MAHASHAKTI SOAP & CHEM.- NEPAL,MALA300GM,MALA\300\GM,50,PPH,300GM,New SKU,1641281924613-mahashakti soap - chem-- nepal-mala300gm.png,RECODING,5,1,99762932,28.588833,123,MAHASHAKTI SOAP & CHEM.- NEPAL,MALA,MALA,MALA-LAUNDRY SOAP PPH 300 GM,PLPCH,300.000 GM,,,300.0,GM,50.0
44,2022-01-05,202201,124329527,1641281924613,99762932,123,MAHASHAKTI SOAP & CHEM.- NEPAL,MALA300GM,MALA\300\GM,50,PPH,300GM,New SKU,1641281924613-mahashakti soap - chem-- nepal-mala300gm.png,RECODING,5,2,92920717,35.867355,123,MAHASHAKTI SOAP & CHEM.- NEPAL,MALA,MALA,MALA-EWP 150 GMS,EWRPK,150.000 GM,,,150.0,GM,0.0
44,2022-01-05,202201,124329527,1641281924613,99762932,123,MAHASHAKTI SOAP & CHEM.- NEPAL,MALA300GM,MALA\300\GM,50,PPH,300GM,New SKU,1641281924613-mahashakti soap - chem-- nepal-mala300gm.png,RECODING,5,3,92911458,38.374146,123,MAHASHAKTI SOAP & CHEM.- NEPAL,MALA,MALA,MALA-EWP 180 GMS,EWRPK,180.000 GM,,,180.0,GM,0.0
44,2022-01-05,202201,124329527,1641281924613,99762932,123,MAHASHAKTI SOAP & CHEM.- NEPAL,MALA300GM,MALA\300\GM,50,PPH,300GM,New SKU,1641281924613-mahashakti soap - chem-- nepal-mala300gm.png,RECODING,5,4,92915943,39.479458,123,MAHASHAKTI SOAP & CHEM.- NEPAL,MALA,MALA,MALA-EWP 200 GMS,EWRPK,200.000 GM,,,200.0,GM,0.0
44,2022-01-05,202201,124329527,1641281924613,99762932,123,MAHASHAKTI SOAP & CHEM.- NEPAL,MALA300GM,MALA\300\GM,50,PPH,300GM,New SKU,1641281924613-mahashakti soap - chem-- nepal-mala300gm.png,RECODING,5,5,99762931,41.042797,123,MAHASHAKTI SOAP & CHEM.- NEPAL,MAHASHAKTI,MAHASHAKTI,MAHASHAKTI-PPH 150 GM,PLPCH,150.000 GM,,,150.0,GM,30.0
44,2022-01-05,202201,124329527,1641281924613,99762932,123,MAHASHAKTI SOAP & CHEM.- NEPAL,MALA300GM,MALA\300\GM,50,PPH,300GM,New SKU,1641281924613-mahashakti soap - chem-- nepal-mala300gm.png,RECODING,5,6,99763285,42.340088,123,MAHASHAKTI SOAP & CHEM.- NEPAL,MAHASHAKTI,MAHASHAKTI,MAHASHAKTI-PPH 125 GM,PLPCH,125.000 GM,,,125.0,GM,25.0
44,2022-01-05,202201,124329527,1641281924613,99762932,123,MAHASHAKTI SOAP & CHEM.- NEPAL,MALA300GM,MALA\300\GM,50,PPH,300GM,New SKU,1641281924613-mahashakti soap - chem-- nepal-mala300gm.png,RECODING,5,7,99762522,43.78567,123,MAHASHAKTI SOAP & CHEM.- NEPAL,MAHASHAKTI,MAHASHAKTI,MAHASHAKTI-PPH 200 GM,PLPCH,200.000 GM,,,200.0,GM,40.0
44,2022-01-05,202201,124329527,1641281924613,99762932,123,MAHASHAKTI SOAP & CHEM.- NEPAL,MALA300GM,MALA\300\GM,50,PPH,300GM,New SKU,1641281924613-mahashakti soap - chem-- nepal-mala300gm.png,RECODING,5,8,51377,45.55858,123,MAHASHAKTI SOAP & CHEM.- NEPAL,MAHASHAKTI,MAHASHAKTI,MAHASHAKTI-PPH 220 GM,PLPCH,220.000 GM,,,220.0,GM,0.0
44,2022-01-05,202201,124329527,1641281924613,99762932,123,MAHASHAKTI SOAP & CHEM.- NEPAL,MALA300GM,MALA\300\GM,50,PPH,300GM,New SKU,1641281924613-mahashakti soap - chem-- nepal-mala300gm.png,RECODING,5,9,99762626,46.195168,123,MAHASHAKTI SOAP & CHEM.- NEPAL,MAHASHAKTI,MAHASHAKTI,MAHASHAKTI-PPH 100 GM,PLPCH,100.000 GM,,,100.0,GM,20.0
44,2022-01-05,202201,124329527,1641281924613,99762932,123,MAHASHAKTI SOAP & CHEM.- NEPAL,MALA300GM,MALA\300\GM,50,PPH,300GM,New SKU,1641281924613-mahashakti soap - chem-- nepal-mala300gm.png,RECODING,5,10,99763015,47.47756,123,MAHASHAKTI SOAP & CHEM.- NEPAL,HIMKAN,HIMKAN,HIMKAN-PURE SOAP PPH 300 GM,PLPCH,300.000 GM,,,300.0,GM,50.0
45,2022-01-05,202201,124866555,1641278876592,99762923,122,DINESH SOAP & HOUSEHOLD-NPL,DINESH SHAKTI ,DINESH SHAKTI/DETERGENT POWDER/1000GM/PPH,125,PPH,1000GM ,,1641278876592-dinesh soap - household-npl-dinesh shakti .png,RECODING,5,1,99764256,15.248617,122,DINESH SOAP & HOUSEHOLD-NPL,DINESH,DINESH SHAKTI,DINESH SHAKTI-DETERGENT POWDER PPH 500 GM,PLPCH,500.000 GM,,,500.0,GM,70.0
45,2022-01-05,202201,124866555,1641278876592,99762923,122,DINESH SOAP & HOUSEHOLD-NPL,DINESH SHAKTI ,DINESH SHAKTI/DETERGENT POWDER/1000GM/PPH,125,PPH,1000GM ,,1641278876592-dinesh soap - household-npl-dinesh shakti .png,RECODING,5,2,99762923,50.40341,122,DINESH SOAP & HOUSEHOLD-NPL,DINESH,DINESH SHAKTI,DINESH SHAKTI-PPH 1000 GM,PLPCH,1000.000 GM,,,1000.0,GM,125.0
45,2022-01-05,202201,124866555,1641278876592,99762923,122,DINESH SOAP & HOUSEHOLD-NPL,DINESH SHAKTI ,DINESH SHAKTI/DETERGENT POWDER/1000GM/PPH,125,PPH,1000GM ,,1641278876592-dinesh soap - household-npl-dinesh shakti .png,RECODING,5,3,99762677,65.1396,122,DINESH SOAP & HOUSEHOLD-NPL,DINESH,DINESH 3IN1,DINESH 3IN1-PPH 1000 GM,PLPCH,1000.000 GM,,,1000.0,GM,90.0
45,2022-01-05,202201,124866555,1641278876592,99762923,122,DINESH SOAP & HOUSEHOLD-NPL,DINESH SHAKTI ,DINESH SHAKTI/DETERGENT POWDER/1000GM/PPH,125,PPH,1000GM ,,1641278876592-dinesh soap - household-npl-dinesh shakti .png,RECODING,5,4,52198,69.653076,122,DINESH SOAP & HOUSEHOLD-NPL,DINESH,DINESH 3IN1,DINESH 3IN1-PPH 250 GM,PLPCH,250.000 GM,,,250.0,GM,0.0
45,2022-01-05,202201,124866555,1641278876592,99762923,122,DINESH SOAP & HOUSEHOLD-NPL,DINESH SHAKTI ,DINESH SHAKTI/DETERGENT POWDER/1000GM/PPH,125,PPH,1000GM ,,1641278876592-dinesh soap - household-npl-dinesh shakti .png,RECODING,5,5,99762676,70.32587,122,DINESH SOAP & HOUSEHOLD-NPL,DINESH,DINESH 3IN1,DINESH 3IN1-PPH 200 GM,PLPCH,200.000 GM,,,200.0,GM,20.0
45,2022-01-05,202201,124866555,1641278876592,99762923,122,DINESH SOAP & HOUSEHOLD-NPL,DINESH SHAKTI ,DINESH SHAKTI/DETERGENT POWDER/1000GM/PPH,125,PPH,1000GM ,,1641278876592-dinesh soap - household-npl-dinesh shakti .png,RECODING,5,6,99764408,72.42724,122,DINESH SOAP & HOUSEHOLD-NPL,DINESH,DINESH 3IN1,DINESH 3IN1-LIME GREEN PPH 750 GM,PLPCH,750.000 GM,,,750.0,GM,100.0
45,2022-01-05,202201,124866555,1641278876592,99762923,122,DINESH SOAP & HOUSEHOLD-NPL,DINESH SHAKTI ,DINESH SHAKTI/DETERGENT POWDER/1000GM/PPH,125,PPH,1000GM ,,1641278876592-dinesh soap - household-npl-dinesh shakti .png,RECODING,5,7,52462,73.8479,122,DINESH SOAP & HOUSEHOLD-NPL,DINESH,DINESH 3IN1,DINESH 3IN1-PPH 900 GM,PLPCH,900.000 GM,,,900.0,GM,0.0
45,2022-01-05,202201,124866555,1641278876592,99762923,122,DINESH SOAP & HOUSEHOLD-NPL,DINESH SHAKTI ,DINESH SHAKTI/DETERGENT POWDER/1000GM/PPH,125,PPH,1000GM ,,1641278876592-dinesh soap - household-npl-dinesh shakti .png,RECODING,5,8,99762552,74.86136,122,DINESH SOAP & HOUSEHOLD-NPL,DINESH,DINESH 3IN1,DINESH 3IN1-LIME GREEN PPH 500 GM,PLPCH,500.000 GM,,,500.0,GM,50.0
45,2022-01-05,202201,124866555,1641278876592,99762923,122,DINESH SOAP & HOUSEHOLD-NPL,DINESH SHAKTI ,DINESH SHAKTI/DETERGENT POWDER/1000GM/PPH,125,PPH,1000GM ,,1641278876592-dinesh soap - household-npl-dinesh shakti .png,RECODING,5,9,99763634,75.91578,122,DINESH SOAP & HOUSEHOLD-NPL,DINESH,DINESH 3IN1,DINESH 3IN1-LIME GREEN PPH 5000 GM,PLPCH,5000.000 GM,,,5000.0,GM,556.0
45,2022-01-05,202201,124866555,1641278876592,99762923,122,DINESH SOAP & HOUSEHOLD-NPL,DINESH SHAKTI ,DINESH SHAKTI/DETERGENT POWDER/1000GM/PPH,125,PPH,1000GM ,,1641278876592-dinesh soap - household-npl-dinesh shakti .png,RECODING,5,10,52977,78.15079,122,DINESH SOAP & HOUSEHOLD-NPL,DINESH,DINESH 3IN1,DINESH 3IN1-LIME GREEN PPH 450 GM,PLPCH,450.000 GM,,,450.0,GM,0.0
46,2022-01-05,202201,124866555,1641278717746,99762901,123,HIMGIRI HYGIENE PVT LTD-NEPAL,DHONI ,DHONI LAUNDRY SOAP/500GM/PPH,100,PPH,500GM,,1641278717746-himgiri hygiene pvt ltd-nepal-dhoni .png,RECODING,5,1,99763487,15.646864,123,HIMGIRI HYGIENE PVT LTD-NEPAL,DHONI,DHONI,DHONI-LAUNDRY SOAP PPH 250 GM,PLPCH,250.000 GM,,,250.0,GM,50.0
46,2022-01-05,202201,124866555,1641278717746,99762901,123,HIMGIRI HYGIENE PVT LTD-NEPAL,DHONI ,DHONI LAUNDRY SOAP/500GM/PPH,100,PPH,500GM,,1641278717746-himgiri hygiene pvt ltd-nepal-dhoni .png,RECODING,5,2,99763297,16.493713,123,HIMGIRI HYGIENE PVT LTD-NEPAL,DHONI,DHONI,DHONI-LAUNDRY SOAP PPH 100 GM,PLPCH,100.000 GM,,,100.0,GM,20.0
46,2022-01-05,202201,124866555,1641278717746,99762901,123,HIMGIRI HYGIENE PVT LTD-NEPAL,DHONI ,DHONI LAUNDRY SOAP/500GM/PPH,100,PPH,500GM,,1641278717746-himgiri hygiene pvt ltd-nepal-dhoni .png,RECODING,5,3,99764094,16.751547,123,HIMGIRI HYGIENE PVT LTD-NEPAL,DHONI,DHONI,DHONI-LAUNDRY SOAP PPH 200 GM,PLPCH,200.000 GM,,,200.0,GM,50.0
46,2022-01-05,202201,124866555,1641278717746,99762901,123,HIMGIRI HYGIENE PVT LTD-NEPAL,DHONI ,DHONI LAUNDRY SOAP/500GM/PPH,100,PPH,500GM,,1641278717746-himgiri hygiene pvt ltd-nepal-dhoni .png,RECODING,5,4,99763192,18.796429,123,HIMGIRI HYGIENE PVT LTD-NEPAL,DHONI,DHONI,DHONI-LAUNDRY SOAP PPH 4*250 GM [1000GM],PLPCH,250.000 GM,,,1000.0,GM,200.0
46,2022-01-05,202201,124866555,1641278717746,99762901,123,HIMGIRI HYGIENE PVT LTD-NEPAL,DHONI ,DHONI LAUNDRY SOAP/500GM/PPH,100,PPH,500GM,,1641278717746-himgiri hygiene pvt ltd-nepal-dhoni .png,RECODING,5,5,99762606,19.166761,123,HIMGIRI HYGIENE PVT LTD-NEPAL,DHONI,DHONI,DHONI-LAUNDRY SOAP PPH 125 GM,PLPCH,125.000 GM,,,125.0,GM,25.0
46,2022-01-05,202201,124866555,1641278717746,99762901,123,HIMGIRI HYGIENE PVT LTD-NEPAL,DHONI ,DHONI LAUNDRY SOAP/500GM/PPH,100,PPH,500GM,,1641278717746-himgiri hygiene pvt ltd-nepal-dhoni .png,RECODING,5,6,99764336,19.2127,123,HIMGIRI HYGIENE PVT LTD-NEPAL,DHONI,DHONI,DHONI-LAUNDRY SOAP PPH 4*225 GM [900GM],PLPCH,225.000 GM,,,900.0,GM,230.0
46,2022-01-05,202201,124866555,1641278717746,99762901,123,HIMGIRI HYGIENE PVT LTD-NEPAL,DHONI ,DHONI LAUNDRY SOAP/500GM/PPH,100,PPH,500GM,,1641278717746-himgiri hygiene pvt ltd-nepal-dhoni .png,RECODING,5,7,99763151,19.271719,123,HIMGIRI HYGIENE PVT LTD-NEPAL,DHONI,DHONI,DHONI-LAUNDRY SOAP PPH 150 GM,PLPCH,150.000 GM,,,150.0,GM,30.0
46,2022-01-05,202201,124866555,1641278717746,99762901,123,HIMGIRI HYGIENE PVT LTD-NEPAL,DHONI ,DHONI LAUNDRY SOAP/500GM/PPH,100,PPH,500GM,,1641278717746-himgiri hygiene pvt ltd-nepal-dhoni .png,RECODING,5,8,99763575,21.876404,123,HIMGIRI HYGIENE PVT LTD-NEPAL,DHONI,DHONI,DHONI-LAUNDRY SOAP PPH 3*150 GM [450GM],PLPCH,150.000 GM,,,450.0,GM,105.0
46,2022-01-05,202201,124866555,1641278717746,99762901,123,HIMGIRI HYGIENE PVT LTD-NEPAL,DHONI ,DHONI LAUNDRY SOAP/500GM/PPH,100,PPH,500GM,,1641278717746-himgiri hygiene pvt ltd-nepal-dhoni .png,RECODING,5,9,99764515,22.210037,123,HIMGIRI HYGIENE PVT LTD-NEPAL,DHONI XTRAA,DHONI XTRAA,DHONI XTRAA-LAUNDRY SOAP PPH 100 GM+50 GM,PLPCH,100.000 GM,,,150.0,GM,40.0
46,2022-01-05,202201,124866555,1641278717746,99762901,123,HIMGIRI HYGIENE PVT LTD-NEPAL,DHONI ,DHONI LAUNDRY SOAP/500GM/PPH,100,PPH,500GM,,1641278717746-himgiri hygiene pvt ltd-nepal-dhoni .png,RECODING,5,10,99764432,22.39378,123,HIMGIRI HYGIENE PVT LTD-NEPAL,DHONI XTRAA,DHONI XTRAA,DHONI XTRAA-LAUNDRY SOAP PPH 100 GM,PLPCH,100.000 GM,,,100.0,GM,20.0
47,2022-01-05,202201,124866555,1641278526612,99762928,123,HIMGIRI HYGIENE PVT LTD-NEPAL,TIKA,TIKA LAUNDRY SOAP/200GM/PPH,40,PPH,200GM,,1641278526612-himgiri hygiene pvt ltd-nepal-tika.png,RECODING,5,1,99762928,20.195103,123,HIMGIRI HYGIENE PVT LTD-NEPAL,TIKA,TIKA,TIKA-LAUNDRY SOAP PPH 200 GM,PLPCH,200.000 GM,,,200.0,GM,40.0
47,2022-01-05,202201,124866555,1641278526612,99762928,123,HIMGIRI HYGIENE PVT LTD-NEPAL,TIKA,TIKA LAUNDRY SOAP/200GM/PPH,40,PPH,200GM,,1641278526612-himgiri hygiene pvt ltd-nepal-tika.png,RECODING,5,2,99762930,24.37586,123,HIMGIRI HYGIENE PVT LTD-NEPAL,TIKA,TIKA,TIKA-LAUNDRY SOAP PPH 250 GM*4 NOS(1000GM),PLPCH,250.000 GM,,,1000.0,GM,200.0
47,2022-01-05,202201,124866555,1641278526612,99762928,123,HIMGIRI HYGIENE PVT LTD-NEPAL,TIKA,TIKA LAUNDRY SOAP/200GM/PPH,40,PPH,200GM,,1641278526612-himgiri hygiene pvt ltd-nepal-tika.png,RECODING,5,3,99762929,25.089645,123,HIMGIRI HYGIENE PVT LTD-NEPAL,TIKA,TIKA,TIKA-LAUNDRY SOAP PPH 250 GM,PLPCH,250.000 GM,,,250.0,GM,50.0
47,2022-01-05,202201,124866555,1641278526612,99762928,123,HIMGIRI HYGIENE PVT LTD-NEPAL,TIKA,TIKA LAUNDRY SOAP/200GM/PPH,40,PPH,200GM,,1641278526612-himgiri hygiene pvt ltd-nepal-tika.png,RECODING,5,4,99762859,26.832344,123,HIMGIRI HYGIENE PVT LTD-NEPAL,TIKA,TIKA,TIKA-LAUNDRY SOAP PPH 600 GM,PLPCH,600.000 GM,,,600.0,GM,100.0
47,2022-01-05,202201,124866555,1641278526612,99762928,123,HIMGIRI HYGIENE PVT LTD-NEPAL,TIKA,TIKA LAUNDRY SOAP/200GM/PPH,40,PPH,200GM,,1641278526612-himgiri hygiene pvt ltd-nepal-tika.png,RECODING,5,5,99762850,27.52032,123,HIMGIRI HYGIENE PVT LTD-NEPAL,TIKA,TIKA,TIKA-LAUNDRY SOAP PPH 100 GM,PLPCH,100.000 GM,,,100.0,GM,20.0
47,2022-01-05,202201,124866555,1641278526612,99762928,123,HIMGIRI HYGIENE PVT LTD-NEPAL,TIKA,TIKA LAUNDRY SOAP/200GM/PPH,40,PPH,200GM,,1641278526612-himgiri hygiene pvt ltd-nepal-tika.png,RECODING,5,6,99762927,27.936798,123,HIMGIRI HYGIENE PVT LTD-NEPAL,TIKA,TIKA,TIKA-LAUNDRY SOAP PPH 150 GM,PLPCH,150.000 GM,,,150.0,GM,30.0
47,2022-01-05,202201,124866555,1641278526612,99762928,123,HIMGIRI HYGIENE PVT LTD-NEPAL,TIKA,TIKA LAUNDRY SOAP/200GM/PPH,40,PPH,200GM,,1641278526612-himgiri hygiene pvt ltd-nepal-tika.png,RECODING,5,7,99764020,35.44546,123,HIMGIRI HYGIENE PVT LTD-NEPAL,TIKA,TIKA,TIKA-LAUNDRY SOAP PPH 3*167 GM [500 GM],PLPCH,167.000 GM,,,500.0,GM,105.0
47,2022-01-05,202201,124866555,1641278526612,99762928,123,HIMGIRI HYGIENE PVT LTD-NEPAL,TIKA,TIKA LAUNDRY SOAP/200GM/PPH,40,PPH,200GM,,1641278526612-himgiri hygiene pvt ltd-nepal-tika.png,RECODING,5,8,99762861,51.791737,123,HIMGIRI HYGIENE PVT LTD-NEPAL,WAHA 72%,WAHA 72%,WAHA 72%-LAUNDRY SOAP PPH 200 GM,PLPCH,200.000 GM,,,200.0,GM,35.0
47,2022-01-05,202201,124866555,1641278526612,99762928,123,HIMGIRI HYGIENE PVT LTD-NEPAL,TIKA,TIKA LAUNDRY SOAP/200GM/PPH,40,PPH,200GM,,1641278526612-himgiri hygiene pvt ltd-nepal-tika.png,RECODING,5,9,99762789,52.76693,123,HIMGIRI HYGIENE PVT LTD-NEPAL,WAHA 72%,WAHA 72%,WAHA 72%-LAUNDRY SOAP PPH 250 GM,PLPCH,250.000 GM,,,250.0,GM,40.0
47,2022-01-05,202201,124866555,1641278526612,99762928,123,HIMGIRI HYGIENE PVT LTD-NEPAL,TIKA,TIKA LAUNDRY SOAP/200GM/PPH,40,PPH,200GM,,1641278526612-himgiri hygiene pvt ltd-nepal-tika.png,RECODING,5,10,99764067,54.012596,123,HIMGIRI HYGIENE PVT LTD-NEPAL,VIJAYA,VIJAYA SUPER,VIJAYA SUPER-LAUNDRY SOAP PPH 250 GM,PLPCH,250.000 GM,,,250.0,GM,45.0
48,2022-01-05,202201,124866555,1641278011063,,123,HIMGIRI SOAP & CHEMICALS-NEPAL,DHONI XTRAA ,DHONI XTRAA!/LAUNDRY SOAP/180GM/PPH/10%EXTRA ,40,PPH,180GM ,,1641278011063-himgiri soap - chemicals-nepal-dhoni xtraa .png,PARKER FOR NEXT MONTH,999,1,54377,26.534033,123,HIMGIRI SOAP & CHEMICALS-NEPAL,DHONI,DHONI,DHONI-XTRAA LAUNDRY SOAP PPH 210 GM,PLPCH,210.000 GM,,,210.0,GM,0.0
48,2022-01-05,202201,124866555,1641278011063,,123,HIMGIRI SOAP & CHEMICALS-NEPAL,DHONI XTRAA ,DHONI XTRAA!/LAUNDRY SOAP/180GM/PPH/10%EXTRA ,40,PPH,180GM ,,1641278011063-himgiri soap - chemicals-nepal-dhoni xtraa .png,PARKER FOR NEXT MONTH,999,2,51127,26.931435,123,HIMGIRI SOAP & CHEMICALS-NEPAL,DHONI,DHONI,DHONI-XTRAA LAUNDRY SOAP PPH 105 GM,PLPCH,105.000 GM,,,105.0,GM,0.0
48,2022-01-05,202201,124866555,1641278011063,,123,HIMGIRI SOAP & CHEMICALS-NEPAL,DHONI XTRAA ,DHONI XTRAA!/LAUNDRY SOAP/180GM/PPH/10%EXTRA ,40,PPH,180GM ,,1641278011063-himgiri soap - chemicals-nepal-dhoni xtraa .png,PARKER FOR NEXT MONTH,999,3,50548,26.987988,123,HIMGIRI SOAP & CHEMICALS-NEPAL,DHONI,DHONI,DHONI-XTRAA LAUNDRY SOAP PPH 6*200 GM,PLPCH,200.000 GM,,,1200.0,GM,0.0
48,2022-01-05,202201,124866555,1641278011063,,123,HIMGIRI SOAP & CHEMICALS-NEPAL,DHONI XTRAA ,DHONI XTRAA!/LAUNDRY SOAP/180GM/PPH/10%EXTRA ,40,PPH,180GM ,,1641278011063-himgiri soap - chemicals-nepal-dhoni xtraa .png,PARKER FOR NEXT MONTH,999,4,46260,28.077518,123,HIMGIRI SOAP & CHEMICALS-NEPAL,DHONI,DHONI,DHONI-XTRAA LAUNDRY SOAP PPH 200 GM,PLPCH,200.000 GM,,,200.0,GM,0.0
48,2022-01-05,202201,124866555,1641278011063,,123,HIMGIRI SOAP & CHEMICALS-NEPAL,DHONI XTRAA ,DHONI XTRAA!/LAUNDRY SOAP/180GM/PPH/10%EXTRA ,40,PPH,180GM ,,1641278011063-himgiri soap - chemicals-nepal-dhoni xtraa .png,PARKER FOR NEXT MONTH,999,5,54311,30.162443,123,HIMGIRI SOAP & CHEMICALS-NEPAL,DHONI,DHONI,DHONI-XTRAA LAUNDRY SOAP PPH 6*190 GM,PLPCH,190.000 GM,,,1140.0,GM,0.0
48,2022-01-05,202201,124866555,1641278011063,,123,HIMGIRI SOAP & CHEMICALS-NEPAL,DHONI XTRAA ,DHONI XTRAA!/LAUNDRY SOAP/180GM/PPH/10%EXTRA ,40,PPH,180GM ,,1641278011063-himgiri soap - chemicals-nepal-dhoni xtraa .png,PARKER FOR NEXT MONTH,999,6,49869,30.528492,123,HIMGIRI SOAP & CHEMICALS-NEPAL,DHONI,DHONI,DHONI-XTRAA LAUNDRY SOAP PPH 280 GM,PLPCH,280.000 GM,,,280.0,GM,0.0
48,2022-01-05,202201,124866555,1641278011063,,123,HIMGIRI SOAP & CHEMICALS-NEPAL,DHONI XTRAA ,DHONI XTRAA!/LAUNDRY SOAP/180GM/PPH/10%EXTRA ,40,PPH,180GM ,,1641278011063-himgiri soap - chemicals-nepal-dhoni xtraa .png,PARKER FOR NEXT MONTH,999,7,99763524,32.490517,123,HIMGIRI SOAP & CHEMICALS-NEPAL,DHONI,DHONI,DHONI-LAUNDRY SOAP PPH 3*300 GM [900GM],PLPCH,300.000 GM,,,900.0,GM,175.0
48,2022-01-05,202201,124866555,1641278011063,,123,HIMGIRI SOAP & CHEMICALS-NEPAL,DHONI XTRAA ,DHONI XTRAA!/LAUNDRY SOAP/180GM/PPH/10%EXTRA ,40,PPH,180GM ,,1641278011063-himgiri soap - chemicals-nepal-dhoni xtraa .png,PARKER FOR NEXT MONTH,999,8,99762901,32.91504,123,HIMGIRI SOAP & CHEMICALS-NEPAL,DHONI,DHONI,DHONI-LAUNDRY SOAP PPH 3*167 GM [500GM],PLPCH,167.000 GM,,,500.0,GM,100.0
48,2022-01-05,202201,124866555,1641278011063,,123,HIMGIRI SOAP & CHEMICALS-NEPAL,DHONI XTRAA ,DHONI XTRAA!/LAUNDRY SOAP/180GM/PPH/10%EXTRA ,40,PPH,180GM ,,1641278011063-himgiri soap - chemicals-nepal-dhoni xtraa .png,PARKER FOR NEXT MONTH,999,9,49825,32.97942,123,HIMGIRI SOAP & CHEMICALS-NEPAL,DHONI,DHONI,DHONI-LAUNDRY SOAP PPH 210 GM,PLPCH,210.000 GM,,,210.0,GM,0.0
48,2022-01-05,202201,124866555,1641278011063,,123,HIMGIRI SOAP & CHEMICALS-NEPAL,DHONI XTRAA ,DHONI XTRAA!/LAUNDRY SOAP/180GM/PPH/10%EXTRA ,40,PPH,180GM ,,1641278011063-himgiri soap - chemicals-nepal-dhoni xtraa .png,PARKER FOR NEXT MONTH,999,10,47873,33.322784,123,HIMGIRI SOAP & CHEMICALS-NEPAL,DHONI,DHONI,DHONI-XTRAA LNDRY SOAP PPH 200 GM+10% EXT,PLPCH,200.000 GM,,,220.0,GM,0.0
49,2022-01-05,202201,124866555,1641280036408,99762935,132,KATYANI ENTERPRISES PVT.LTD NEPAL ,DIFUR DREAMZ PANT ,DIFUR DREAMZ PANT/SMALL/5 PANT/PPH,100,PPH,5 PANTS ,,1641280036408-katyani enterprises pvt-ltd nepal -difur dreamz pant .png,RECODING,5,1,99762935,145.00095,132,DREAMAX HEALTH CARE PVT LTD-IN,DIFUR,DIFUR DREAMZ PANT,DIFUR DREAMZ PANT-SMALL(S)PPH 5 NOS,PLPCH,5.000 NO,,,5.0,NO,100.0
49,2022-01-05,202201,124866555,1641280036408,99762935,132,KATYANI ENTERPRISES PVT.LTD NEPAL ,DIFUR DREAMZ PANT ,DIFUR DREAMZ PANT/SMALL/5 PANT/PPH,100,PPH,5 PANTS ,,1641280036408-katyani enterprises pvt-ltd nepal -difur dreamz pant .png,RECODING,5,2,99763210,154.19589,132,DREAMAX HEALTH CARE PVT LTD-IN,DIFUR,DIFUR DREAMZ PANT,DIFUR DREAMZ PANT-LARGE(L) PPH 5 NOS,PLPCH,5.000 NO,,,5.0,NO,100.0
49,2022-01-05,202201,124866555,1641280036408,99762935,132,KATYANI ENTERPRISES PVT.LTD NEPAL ,DIFUR DREAMZ PANT ,DIFUR DREAMZ PANT/SMALL/5 PANT/PPH,100,PPH,5 PANTS ,,1641280036408-katyani enterprises pvt-ltd nepal -difur dreamz pant .png,RECODING,5,3,99763025,165.11072,132,BRAJESHWORI INDUSTRIES-NEPAL,NYANO,NYANO BABY PULL UP PANTS,NYANO BABY PULL UP PANTS-SMALL(S) PPH 5 NOS,PLPCH,5.000 NO,,,5.0,NO,100.0
49,2022-01-05,202201,124866555,1641280036408,99762935,132,KATYANI ENTERPRISES PVT.LTD NEPAL ,DIFUR DREAMZ PANT ,DIFUR DREAMZ PANT/SMALL/5 PANT/PPH,100,PPH,5 PANTS ,,1641280036408-katyani enterprises pvt-ltd nepal -difur dreamz pant .png,RECODING,5,4,99763208,167.09624,132,BRAJESHWORI INDUSTRIES-NEPAL,NYANO,NYANO BABY PULL UP PANTS,NYANO BABY PULL UP PANTS-MEDIUM(M) PPH 5 NOS,PLPCH,5.000 NO,,,5.0,NO,100.0
49,2022-01-05,202201,124866555,1641280036408,99762935,132,KATYANI ENTERPRISES PVT.LTD NEPAL ,DIFUR DREAMZ PANT ,DIFUR DREAMZ PANT/SMALL/5 PANT/PPH,100,PPH,5 PANTS ,,1641280036408-katyani enterprises pvt-ltd nepal -difur dreamz pant .png,RECODING,5,5,99763587,173.13783,132,BRAJESHWORI INDUSTRIES-NEPAL,NYANO,NYANO BABY PULL UP PANTS,NYANO BABY PULL UP PANTS-LARGE(L) PPH 5 NOS,PLPCH,5.000 NO,,,5.0,NO,100.0
49,2022-01-05,202201,124866555,1641280036408,99762935,132,KATYANI ENTERPRISES PVT.LTD NEPAL ,DIFUR DREAMZ PANT ,DIFUR DREAMZ PANT/SMALL/5 PANT/PPH,100,PPH,5 PANTS ,,1641280036408-katyani enterprises pvt-ltd nepal -difur dreamz pant .png,RECODING,5,6,99764417,179.12682,132,BRAJESHWORI INDUSTRIES-NEPAL,NYANO,NYANO BABY PULL UP PANTS,NYANO BABY PULL UP PANTS-LARGE(L) PPH 4 NOS,PLPCH,4.000 NO,,,4.0,NO,100.0
49,2022-01-05,202201,124866555,1641280036408,99762935,132,KATYANI ENTERPRISES PVT.LTD NEPAL ,DIFUR DREAMZ PANT ,DIFUR DREAMZ PANT/SMALL/5 PANT/PPH,100,PPH,5 PANTS ,,1641280036408-katyani enterprises pvt-ltd nepal -difur dreamz pant .png,RECODING,5,7,99764738,180.08986,132,BRAJESHWORI INDUSTRIES-NEPAL,NYANO,NYANO BABY PULL UP PANTS,NYANO BABY PULL UP PANTS-EXTRA LARGE(XL) PPH 4 NOS,PLPCH,4.000 NO,,,4.0,NO,100.0
49,2022-01-05,202201,124866555,1641280036408,99762935,132,KATYANI ENTERPRISES PVT.LTD NEPAL ,DIFUR DREAMZ PANT ,DIFUR DREAMZ PANT/SMALL/5 PANT/PPH,100,PPH,5 PANTS ,,1641280036408-katyani enterprises pvt-ltd nepal -difur dreamz pant .png,RECODING,5,8,99762660,180.74763,132,A.G. HEALTH INDUSTRIES PVT LTD-NEPAL,SAGUN BABY,SAGUN BABY POKO PANTS,SAGUN BABY POKO PANTS-MEDIUM(M) PPH 5 NOS,PLPCH,5.000 NO,,,5.0,NO,100.0
49,2022-01-05,202201,124866555,1641280036408,99762935,132,KATYANI ENTERPRISES PVT.LTD NEPAL ,DIFUR DREAMZ PANT ,DIFUR DREAMZ PANT/SMALL/5 PANT/PPH,100,PPH,5 PANTS ,,1641280036408-katyani enterprises pvt-ltd nepal -difur dreamz pant .png,RECODING,5,9,99762604,180.86635,132,A.G. HEALTH INDUSTRIES PVT LTD-NEPAL,SAGUN BABY,SAGUN BABY POKO PANTS,SAGUN BABY POKO PANTS-SMALL(S) PPH 5 NOS,PLPCH,5.000 NO,,,5.0,NO,100.0
49,2022-01-05,202201,124866555,1641280036408,99762935,132,KATYANI ENTERPRISES PVT.LTD NEPAL ,DIFUR DREAMZ PANT ,DIFUR DREAMZ PANT/SMALL/5 PANT/PPH,100,PPH,5 PANTS ,,1641280036408-katyani enterprises pvt-ltd nepal -difur dreamz pant .png,RECODING,5,10,99762960,184.59293,132,A.G. HEALTH INDUSTRIES PVT LTD-NEPAL,SAGUN BABY,SAGUN BABY POKO PANTS,SAGUN BABY POKO PANTS-MEDIUM(M) PPH 36 NOS,PLPCH,36.000 NO,,,36.0,NO,800.0
50,2022-01-05,202201,124866555,1641278203189,99762930,123,HIMGIRI HYGIENE PVT LTD-NEPAL,TIKA,TIKA LAUNDRY SOAP/250Ã—4GM/PPH,200,PPH,250Ã—4GM,,1641278203189-himgiri hygiene pvt ltd-nepal-tika.png,RECODING,5,1,99762930,25.593086,123,HIMGIRI HYGIENE PVT LTD-NEPAL,TIKA,TIKA,TIKA-LAUNDRY SOAP PPH 250 GM*4 NOS(1000GM),PLPCH,250.000 GM,,,1000.0,GM,200.0
50,2022-01-05,202201,124866555,1641278203189,99762930,123,HIMGIRI HYGIENE PVT LTD-NEPAL,TIKA,TIKA LAUNDRY SOAP/250Ã—4GM/PPH,200,PPH,250Ã—4GM,,1641278203189-himgiri hygiene pvt ltd-nepal-tika.png,RECODING,5,2,99762929,27.332752,123,HIMGIRI HYGIENE PVT LTD-NEPAL,TIKA,TIKA,TIKA-LAUNDRY SOAP PPH 250 GM,PLPCH,250.000 GM,,,250.0,GM,50.0
50,2022-01-05,202201,124866555,1641278203189,99762930,123,HIMGIRI HYGIENE PVT LTD-NEPAL,TIKA,TIKA LAUNDRY SOAP/250Ã—4GM/PPH,200,PPH,250Ã—4GM,,1641278203189-himgiri hygiene pvt ltd-nepal-tika.png,RECODING,5,3,99762928,30.336533,123,HIMGIRI HYGIENE PVT LTD-NEPAL,TIKA,TIKA,TIKA-LAUNDRY SOAP PPH 200 GM,PLPCH,200.000 GM,,,200.0,GM,40.0
50,2022-01-05,202201,124866555,1641278203189,99762930,123,HIMGIRI HYGIENE PVT LTD-NEPAL,TIKA,TIKA LAUNDRY SOAP/250Ã—4GM/PPH,200,PPH,250Ã—4GM,,1641278203189-himgiri hygiene pvt ltd-nepal-tika.png,RECODING,5,4,99762927,31.932192,123,HIMGIRI HYGIENE PVT LTD-NEPAL,TIKA,TIKA,TIKA-LAUNDRY SOAP PPH 150 GM,PLPCH,150.000 GM,,,150.0,GM,30.0
50,2022-01-05,202201,124866555,1641278203189,99762930,123,HIMGIRI HYGIENE PVT LTD-NEPAL,TIKA,TIKA LAUNDRY SOAP/250Ã—4GM/PPH,200,PPH,250Ã—4GM,,1641278203189-himgiri hygiene pvt ltd-nepal-tika.png,RECODING,5,5,99762859,33.98481,123,HIMGIRI HYGIENE PVT LTD-NEPAL,TIKA,TIKA,TIKA-LAUNDRY SOAP PPH 600 GM,PLPCH,600.000 GM,,,600.0,GM,100.0
50,2022-01-05,202201,124866555,1641278203189,99762930,123,HIMGIRI HYGIENE PVT LTD-NEPAL,TIKA,TIKA LAUNDRY SOAP/250Ã—4GM/PPH,200,PPH,250Ã—4GM,,1641278203189-himgiri hygiene pvt ltd-nepal-tika.png,RECODING,5,6,99762850,35.7557,123,HIMGIRI HYGIENE PVT LTD-NEPAL,TIKA,TIKA,TIKA-LAUNDRY SOAP PPH 100 GM,PLPCH,100.000 GM,,,100.0,GM,20.0
50,2022-01-05,202201,124866555,1641278203189,99762930,123,HIMGIRI HYGIENE PVT LTD-NEPAL,TIKA,TIKA LAUNDRY SOAP/250Ã—4GM/PPH,200,PPH,250Ã—4GM,,1641278203189-himgiri hygiene pvt ltd-nepal-tika.png,RECODING,5,7,99764020,40.312447,123,HIMGIRI HYGIENE PVT LTD-NEPAL,TIKA,TIKA,TIKA-LAUNDRY SOAP PPH 3*167 GM [500 GM],PLPCH,167.000 GM,,,500.0,GM,105.0
50,2022-01-05,202201,124866555,1641278203189,99762930,123,HIMGIRI HYGIENE PVT LTD-NEPAL,TIKA,TIKA LAUNDRY SOAP/250Ã—4GM/PPH,200,PPH,250Ã—4GM,,1641278203189-himgiri hygiene pvt ltd-nepal-tika.png,RECODING,5,8,99764067,56.037876,123,HIMGIRI HYGIENE PVT LTD-NEPAL,VIJAYA,VIJAYA SUPER,VIJAYA SUPER-LAUNDRY SOAP PPH 250 GM,PLPCH,250.000 GM,,,250.0,GM,45.0
50,2022-01-05,202201,124866555,1641278203189,99762930,123,HIMGIRI HYGIENE PVT LTD-NEPAL,TIKA,TIKA LAUNDRY SOAP/250Ã—4GM/PPH,200,PPH,250Ã—4GM,,1641278203189-himgiri hygiene pvt ltd-nepal-tika.png,RECODING,5,9,99762789,56.99135,123,HIMGIRI HYGIENE PVT LTD-NEPAL,WAHA 72%,WAHA 72%,WAHA 72%-LAUNDRY SOAP PPH 250 GM,PLPCH,250.000 GM,,,250.0,GM,40.0
50,2022-01-05,202201,124866555,1641278203189,99762930,123,HIMGIRI HYGIENE PVT LTD-NEPAL,TIKA,TIKA LAUNDRY SOAP/250Ã—4GM/PPH,200,PPH,250Ã—4GM,,1641278203189-himgiri hygiene pvt ltd-nepal-tika.png,RECODING,5,10,99764068,58.068962,123,HIMGIRI HYGIENE PVT LTD-NEPAL,VIJAYA,VIJAYA SUPER,VIJAYA SUPER-LAUNDRY SOAP PPH 300 GM,PLPCH,300.000 GM,,,300.0,GM,50.0
51,2022-01-05,202201,124866555,1641279176676,99762927,123,HIMGIRI HYGIENE PVT LTD-NEPAL,TIKA ,TIKA LAUNDRY SOAP/150GM/PPH,30,PPH,150GM ,,1641279176676-himgiri hygiene pvt ltd-nepal-tika .png,RECODING,5,1,99762927,17.762978,123,HIMGIRI HYGIENE PVT LTD-NEPAL,TIKA,TIKA,TIKA-LAUNDRY SOAP PPH 150 GM,PLPCH,150.000 GM,,,150.0,GM,30.0
51,2022-01-05,202201,124866555,1641279176676,99762927,123,HIMGIRI HYGIENE PVT LTD-NEPAL,TIKA ,TIKA LAUNDRY SOAP/150GM/PPH,30,PPH,150GM ,,1641279176676-himgiri hygiene pvt ltd-nepal-tika .png,RECODING,5,2,99762929,20.50327,123,HIMGIRI HYGIENE PVT LTD-NEPAL,TIKA,TIKA,TIKA-LAUNDRY SOAP PPH 250 GM,PLPCH,250.000 GM,,,250.0,GM,50.0
51,2022-01-05,202201,124866555,1641279176676,99762927,123,HIMGIRI HYGIENE PVT LTD-NEPAL,TIKA ,TIKA LAUNDRY SOAP/150GM/PPH,30,PPH,150GM ,,1641279176676-himgiri hygiene pvt ltd-nepal-tika .png,RECODING,5,3,99762850,22.428635,123,HIMGIRI HYGIENE PVT LTD-NEPAL,TIKA,TIKA,TIKA-LAUNDRY SOAP PPH 100 GM,PLPCH,100.000 GM,,,100.0,GM,20.0
51,2022-01-05,202201,124866555,1641279176676,99762927,123,HIMGIRI HYGIENE PVT LTD-NEPAL,TIKA ,TIKA LAUNDRY SOAP/150GM/PPH,30,PPH,150GM ,,1641279176676-himgiri hygiene pvt ltd-nepal-tika .png,RECODING,5,4,99762928,23.367863,123,HIMGIRI HYGIENE PVT LTD-NEPAL,TIKA,TIKA,TIKA-LAUNDRY SOAP PPH 200 GM,PLPCH,200.000 GM,,,200.0,GM,40.0
51,2022-01-05,202201,124866555,1641279176676,99762927,123,HIMGIRI HYGIENE PVT LTD-NEPAL,TIKA ,TIKA LAUNDRY SOAP/150GM/PPH,30,PPH,150GM ,,1641279176676-himgiri hygiene pvt ltd-nepal-tika .png,RECODING,5,5,99762930,23.477106,123,HIMGIRI HYGIENE PVT LTD-NEPAL,TIKA,TIKA,TIKA-LAUNDRY SOAP PPH 250 GM*4 NOS(1000GM),PLPCH,250.000 GM,,,1000.0,GM,200.0
51,2022-01-05,202201,124866555,1641279176676,99762927,123,HIMGIRI HYGIENE PVT LTD-NEPAL,TIKA ,TIKA LAUNDRY SOAP/150GM/PPH,30,PPH,150GM ,,1641279176676-himgiri hygiene pvt ltd-nepal-tika .png,RECODING,5,6,99762859,23.502079,123,HIMGIRI HYGIENE PVT LTD-NEPAL,TIKA,TIKA,TIKA-LAUNDRY SOAP PPH 600 GM,PLPCH,600.000 GM,,,600.0,GM,100.0
51,2022-01-05,202201,124866555,1641279176676,99762927,123,HIMGIRI HYGIENE PVT LTD-NEPAL,TIKA ,TIKA LAUNDRY SOAP/150GM/PPH,30,PPH,150GM ,,1641279176676-himgiri hygiene pvt ltd-nepal-tika .png,RECODING,5,7,99764020,32.12785,123,HIMGIRI HYGIENE PVT LTD-NEPAL,TIKA,TIKA,TIKA-LAUNDRY SOAP PPH 3*167 GM [500 GM],PLPCH,167.000 GM,,,500.0,GM,105.0
51,2022-01-05,202201,124866555,1641279176676,99762927,123,HIMGIRI HYGIENE PVT LTD-NEPAL,TIKA ,TIKA LAUNDRY SOAP/150GM/PPH,30,PPH,150GM ,,1641279176676-himgiri hygiene pvt ltd-nepal-tika .png,RECODING,5,8,99764593,46.14223,123,HIMGIRI HYGIENE PVT LTD-NEPAL,SHOVA,SHOVA,SHOVA-LAUNDRY SOAP PPH 150 GM,PLPCH,150.000 GM,,,150.0,GM,30.0
51,2022-01-05,202201,124866555,1641279176676,99762927,123,HIMGIRI HYGIENE PVT LTD-NEPAL,TIKA ,TIKA LAUNDRY SOAP/150GM/PPH,30,PPH,150GM ,,1641279176676-himgiri hygiene pvt ltd-nepal-tika .png,RECODING,5,9,99763191,49.853363,123,HIMGIRI HYGIENE PVT LTD-NEPAL,WAHA 72%,WAHA 72%,WAHA 72%-LAUNDRY SOAP PPH 150 GM,PLPCH,150.000 GM,,,150.0,GM,25.0
51,2022-01-05,202201,124866555,1641279176676,99762927,123,HIMGIRI HYGIENE PVT LTD-NEPAL,TIKA ,TIKA LAUNDRY SOAP/150GM/PPH,30,PPH,150GM ,,1641279176676-himgiri hygiene pvt ltd-nepal-tika .png,RECODING,5,10,99764069,50.088615,123,HIMGIRI HYGIENE PVT LTD-NEPAL,VIJAYA,VIJAYA SUPER,VIJAYA SUPER-LAUNDRY SOAP PPH 150 GM,PLPCH,150.000 GM,,,150.0,GM,30.0
52,2022-01-05,202201,124866555,1641278324621,99762929,123,HIMGIRI HYGIENE PVT LTD-NEPAL,TIKA,TIKA LAUNDRY SOAP/250GM/PPH,50,PPH,250GM,,1641278324621-himgiri hygiene pvt ltd-nepal-tika.png,RECODING,5,1,99762929,18.493294,123,HIMGIRI HYGIENE PVT LTD-NEPAL,TIKA,TIKA,TIKA-LAUNDRY SOAP PPH 250 GM,PLPCH,250.000 GM,,,250.0,GM,50.0
52,2022-01-05,202201,124866555,1641278324621,99762929,123,HIMGIRI HYGIENE PVT LTD-NEPAL,TIKA,TIKA LAUNDRY SOAP/250GM/PPH,50,PPH,250GM,,1641278324621-himgiri hygiene pvt ltd-nepal-tika.png,RECODING,5,2,99762930,21.069368,123,HIMGIRI HYGIENE PVT LTD-NEPAL,TIKA,TIKA,TIKA-LAUNDRY SOAP PPH 250 GM*4 NOS(1000GM),PLPCH,250.000 GM,,,1000.0,GM,200.0
52,2022-01-05,202201,124866555,1641278324621,99762929,123,HIMGIRI HYGIENE PVT LTD-NEPAL,TIKA,TIKA LAUNDRY SOAP/250GM/PPH,50,PPH,250GM,,1641278324621-himgiri hygiene pvt ltd-nepal-tika.png,RECODING,5,3,99762927,24.54152,123,HIMGIRI HYGIENE PVT LTD-NEPAL,TIKA,TIKA,TIKA-LAUNDRY SOAP PPH 150 GM,PLPCH,150.000 GM,,,150.0,GM,30.0
52,2022-01-05,202201,124866555,1641278324621,99762929,123,HIMGIRI HYGIENE PVT LTD-NEPAL,TIKA,TIKA LAUNDRY SOAP/250GM/PPH,50,PPH,250GM,,1641278324621-himgiri hygiene pvt ltd-nepal-tika.png,RECODING,5,4,99762928,24.728775,123,HIMGIRI HYGIENE PVT LTD-NEPAL,TIKA,TIKA,TIKA-LAUNDRY SOAP PPH 200 GM,PLPCH,200.000 GM,,,200.0,GM,40.0
52,2022-01-05,202201,124866555,1641278324621,99762929,123,HIMGIRI HYGIENE PVT LTD-NEPAL,TIKA,TIKA LAUNDRY SOAP/250GM/PPH,50,PPH,250GM,,1641278324621-himgiri hygiene pvt ltd-nepal-tika.png,RECODING,5,5,99762859,25.353348,123,HIMGIRI HYGIENE PVT LTD-NEPAL,TIKA,TIKA,TIKA-LAUNDRY SOAP PPH 600 GM,PLPCH,600.000 GM,,,600.0,GM,100.0
52,2022-01-05,202201,124866555,1641278324621,99762929,123,HIMGIRI HYGIENE PVT LTD-NEPAL,TIKA,TIKA LAUNDRY SOAP/250GM/PPH,50,PPH,250GM,,1641278324621-himgiri hygiene pvt ltd-nepal-tika.png,RECODING,5,6,99762850,27.02892,123,HIMGIRI HYGIENE PVT LTD-NEPAL,TIKA,TIKA,TIKA-LAUNDRY SOAP PPH 100 GM,PLPCH,100.000 GM,,,100.0,GM,20.0
52,2022-01-05,202201,124866555,1641278324621,99762929,123,HIMGIRI HYGIENE PVT LTD-NEPAL,TIKA,TIKA LAUNDRY SOAP/250GM/PPH,50,PPH,250GM,,1641278324621-himgiri hygiene pvt ltd-nepal-tika.png,RECODING,5,7,99764020,32.662643,123,HIMGIRI HYGIENE PVT LTD-NEPAL,TIKA,TIKA,TIKA-LAUNDRY SOAP PPH 3*167 GM [500 GM],PLPCH,167.000 GM,,,500.0,GM,105.0
52,2022-01-05,202201,124866555,1641278324621,99762929,123,HIMGIRI HYGIENE PVT LTD-NEPAL,TIKA,TIKA LAUNDRY SOAP/250GM/PPH,50,PPH,250GM,,1641278324621-himgiri hygiene pvt ltd-nepal-tika.png,RECODING,5,8,99764067,50.164963,123,HIMGIRI HYGIENE PVT LTD-NEPAL,VIJAYA,VIJAYA SUPER,VIJAYA SUPER-LAUNDRY SOAP PPH 250 GM,PLPCH,250.000 GM,,,250.0,GM,45.0
52,2022-01-05,202201,124866555,1641278324621,99762929,123,HIMGIRI HYGIENE PVT LTD-NEPAL,TIKA,TIKA LAUNDRY SOAP/250GM/PPH,50,PPH,250GM,,1641278324621-himgiri hygiene pvt ltd-nepal-tika.png,RECODING,5,9,99762789,50.37243,123,HIMGIRI HYGIENE PVT LTD-NEPAL,WAHA 72%,WAHA 72%,WAHA 72%-LAUNDRY SOAP PPH 250 GM,PLPCH,250.000 GM,,,250.0,GM,40.0
52,2022-01-05,202201,124866555,1641278324621,99762929,123,HIMGIRI HYGIENE PVT LTD-NEPAL,TIKA,TIKA LAUNDRY SOAP/250GM/PPH,50,PPH,250GM,,1641278324621-himgiri hygiene pvt ltd-nepal-tika.png,RECODING,5,10,99764068,52.13716,123,HIMGIRI HYGIENE PVT LTD-NEPAL,VIJAYA,VIJAYA SUPER,VIJAYA SUPER-LAUNDRY SOAP PPH 300 GM,PLPCH,300.000 GM,,,300.0,GM,50.0
53,2022-01-05,202201,124866555,1641279794741,99762924,122,DEUTI SOAP & CHEMICAL-NEPAL,YASHODA,YASHODA DETERGENT POWDER/1000GM/PPH,100,PPH,1000GM ,,1641279794741-deuti soap - chemical-nepal-yashoda.png,RECODING,5,1,99762924,44.94407,122,DEUTI SOAP & CHEMICAL-NEPAL,YASHODA,YASHODA,YASHODA-QUICK WASH PPH 1000 GM,PLPCH,1000.000 GM,,,1000.0,GM,100.0
53,2022-01-05,202201,124866555,1641279794741,99762924,122,DEUTI SOAP & CHEMICAL-NEPAL,YASHODA,YASHODA DETERGENT POWDER/1000GM/PPH,100,PPH,1000GM ,,1641279794741-deuti soap - chemical-nepal-yashoda.png,RECODING,5,2,99762649,47.448708,122,DEUTI SOAP & CHEMICAL-NEPAL,YASHODA,YASHODA,YASHODA-QUICK WASH PPH 200 GM,PLPCH,200.000 GM,,,200.0,GM,20.0
53,2022-01-05,202201,124866555,1641279794741,99762924,122,DEUTI SOAP & CHEMICAL-NEPAL,YASHODA,YASHODA DETERGENT POWDER/1000GM/PPH,100,PPH,1000GM ,,1641279794741-deuti soap - chemical-nepal-yashoda.png,RECODING,5,3,99763178,48.009914,122,DEUTI SOAP & CHEMICAL-NEPAL,YASHODA,YASHODA,YASHODA-QUICK WASH PPH 5000 GM,PLPCH,5000.000 GM,,,5000.0,GM,600.0
53,2022-01-05,202201,124866555,1641279794741,99762924,122,DEUTI SOAP & CHEMICAL-NEPAL,YASHODA,YASHODA DETERGENT POWDER/1000GM/PPH,100,PPH,1000GM ,,1641279794741-deuti soap - chemical-nepal-yashoda.png,RECODING,5,4,99762885,49.304104,122,DEUTI SOAP & CHEMICAL-NEPAL,YASHODA,YASHODA,YASHODA-QUICK WASH PPH 500 GM,PLPCH,500.000 GM,,,500.0,GM,50.0
53,2022-01-05,202201,124866555,1641279794741,99762924,122,DEUTI SOAP & CHEMICAL-NEPAL,YASHODA,YASHODA DETERGENT POWDER/1000GM/PPH,100,PPH,1000GM ,,1641279794741-deuti soap - chemical-nepal-yashoda.png,RECODING,5,5,99763448,91.98665,122,DEUTI SOAP & CHEMICAL-NEPAL,BHERI,BHERI,BHERI-ULTRA WASH PPH 1000 GM,PLPCH,1000.000 GM,,,1000.0,GM,85.0
53,2022-01-05,202201,124866555,1641279794741,99762924,122,DEUTI SOAP & CHEMICAL-NEPAL,YASHODA,YASHODA DETERGENT POWDER/1000GM/PPH,100,PPH,1000GM ,,1641279794741-deuti soap - chemical-nepal-yashoda.png,RECODING,5,6,99763179,94.68674,122,DEUTI SOAP & CHEMICAL-NEPAL,BHERI,BHERI,BHERI-ULTRA WASH PPH 200 GM,PLPCH,200.000 GM,,,200.0,GM,20.0
53,2022-01-05,202201,124866555,1641279794741,99762924,122,DEUTI SOAP & CHEMICAL-NEPAL,YASHODA,YASHODA DETERGENT POWDER/1000GM/PPH,100,PPH,1000GM ,,1641279794741-deuti soap - chemical-nepal-yashoda.png,RECODING,5,7,99763180,96.28555,122,DEUTI SOAP & CHEMICAL-NEPAL,BHERI,BHERI,BHERI-ULTRA WASH PPH 500 GM,PLPCH,500.000 GM,,,500.0,GM,45.0
53,2022-01-05,202201,124866555,1641279794741,99762924,122,DEUTI SOAP & CHEMICAL-NEPAL,YASHODA,YASHODA DETERGENT POWDER/1000GM/PPH,100,PPH,1000GM ,,1641279794741-deuti soap - chemical-nepal-yashoda.png,RECODING,5,8,99764486,118.00606,122,HIMGIRI SOAP & CHEMICALS-NEPAL,SHAKTI,SHAKTI,SHAKTI-DETERGENT POWDER PPH 250 GM,PLPCH,250.000 GM,,,250.0,GM,20.0
53,2022-01-05,202201,124866555,1641279794741,99762924,122,DEUTI SOAP & CHEMICAL-NEPAL,YASHODA,YASHODA DETERGENT POWDER/1000GM/PPH,100,PPH,1000GM ,,1641279794741-deuti soap - chemical-nepal-yashoda.png,RECODING,5,9,99762937,123.554924,122,UNIQUE SOAP & CHEMICAL IND.-NEPAL,SUPER ULTRA,SUPER ULTRA,SUPER ULTRA-DETERGENT POWDER PPH 250 GM,PLPCH,250.000 GM,,,250.0,GM,20.0
53,2022-01-05,202201,124866555,1641279794741,99762924,122,DEUTI SOAP & CHEMICAL-NEPAL,YASHODA,YASHODA DETERGENT POWDER/1000GM/PPH,100,PPH,1000GM ,,1641279794741-deuti soap - chemical-nepal-yashoda.png,RECODING,5,10,99763485,123.790955,122,SHIVA SHAKTI SOAP - NEPAL,ALFA,ALFA,ALFA-DETERGEN POWDER PPH 250 GM,PLPCH,250.000 GM,,,250.0,GM,20.0
54,2022-01-05,202201,125764166,1641192376254,,106,NICE CONFECTIONERY-INDIA,MR.BIG,MR.BIG CHOCOLATE/6.7GM/PPH,2,PPH,6.7GM,,1641192376254-nice confectionery-india-mr-big.png,PARKER FOR NEXT MONTH,999,1,99764674,67.71488,106,NICE CONFECTIONERY-INDIA,BYE-BYE,BYE-BYE MR. BIG,BYE-BYE MR. BIG-CENTER FILLED CHOCOLATE PCN 625 GM,PLJAR,625.000 GM,CHOCOLATE,,625.0,GM,400.0
54,2022-01-05,202201,125764166,1641192376254,,106,NICE CONFECTIONERY-INDIA,MR.BIG,MR.BIG CHOCOLATE/6.7GM/PPH,2,PPH,6.7GM,,1641192376254-nice confectionery-india-mr-big.png,PARKER FOR NEXT MONTH,999,2,99763494,118.060196,106,NICE CONFECTIONERY-INDIA,BON 'N' VITA,BON 'N' VITA,BON 'N' VITA-PPH 3.5 GM,PLPCH,3.500 GM,CHOCOLATE,,3.5,GM,2.0
54,2022-01-05,202201,125764166,1641192376254,,106,NICE CONFECTIONERY-INDIA,MR.BIG,MR.BIG CHOCOLATE/6.7GM/PPH,2,PPH,6.7GM,,1641192376254-nice confectionery-india-mr-big.png,PARKER FOR NEXT MONTH,999,3,47138,121.85098,106,NICE CONFECTIONERY-INDIA,BYE-BYE,BYE-BYE,BYE-BYE-MILK CHOCOLATY CANDY PPH 4.33 GM,PLPCH,4.330 GM,MILK CHOCOLATE,,4.33,GM,0.0
54,2022-01-05,202201,125764166,1641192376254,,106,NICE CONFECTIONERY-INDIA,MR.BIG,MR.BIG CHOCOLATE/6.7GM/PPH,2,PPH,6.7GM,,1641192376254-nice confectionery-india-mr-big.png,PARKER FOR NEXT MONTH,999,4,91826961,162.25471,106,MONDELEZ INDIA PVT LTD -INDIA,CADBURY,CADBURY CHOCOLAIRS,CADBURY CHOCOLAIRS- EWP 3.5 GM,EWRPK,3.500 GM,CHOCOLATE,,3.5,GM,0.0
54,2022-01-05,202201,125764166,1641192376254,,106,NICE CONFECTIONERY-INDIA,MR.BIG,MR.BIG CHOCOLATE/6.7GM/PPH,2,PPH,6.7GM,,1641192376254-nice confectionery-india-mr-big.png,PARKER FOR NEXT MONTH,999,5,91826061,163.66245,106,MONDELEZ INDIA PVT LTD -INDIA,CADBURY,CADBURY CHOCOLAIRS,CADBURY CHOCOLAIRS- EWP 3.8 GM,EWRPK,3.800 GM,CHOCOLATE,,3.8,GM,0.0
54,2022-01-05,202201,125764166,1641192376254,,106,NICE CONFECTIONERY-INDIA,MR.BIG,MR.BIG CHOCOLATE/6.7GM/PPH,2,PPH,6.7GM,,1641192376254-nice confectionery-india-mr-big.png,PARKER FOR NEXT MONTH,999,6,91826972,165.22635,106,LOTTE INDIA-INDIA,LOTTE,LOTTE ECLAIRS,LOTTE ECLAIRS- CHOCO PPH 2.6 GM,PLPCH,2.600 GM,CHOCOLATE,,2.6,GM,0.0
54,2022-01-05,202201,125764166,1641192376254,,106,NICE CONFECTIONERY-INDIA,MR.BIG,MR.BIG CHOCOLATE/6.7GM/PPH,2,PPH,6.7GM,,1641192376254-nice confectionery-india-mr-big.png,PARKER FOR NEXT MONTH,999,7,46958,166.00247,106,GRV CONFECTIONERY-INDIA,KAMCO,KAMCO MOTU PATLU,KAMCO MOTU PATLU-CARAMEL CANDY PPH 3 GM,PLPCH,3.000 GM,CARAMEL,,3.0,GM,0.0
54,2022-01-05,202201,125764166,1641192376254,,106,NICE CONFECTIONERY-INDIA,MR.BIG,MR.BIG CHOCOLATE/6.7GM/PPH,2,PPH,6.7GM,,1641192376254-nice confectionery-india-mr-big.png,PARKER FOR NEXT MONTH,999,8,46491,167.34451,106,GOLDEN CHOCOLATE -INDIA,ERTAY,ERTAY MINI TRUFFLE,ERTAY MINI TRUFFLE-MILKY CHOCOLTY EWP 7 GM,EWRPK,7.000 GM,CHOCOLATE,,7.0,GM,0.0
54,2022-01-05,202201,125764166,1641192376254,,106,NICE CONFECTIONERY-INDIA,MR.BIG,MR.BIG CHOCOLATE/6.7GM/PPH,2,PPH,6.7GM,,1641192376254-nice confectionery-india-mr-big.png,PARKER FOR NEXT MONTH,999,9,99763185,168.42955,106,DURGA CONFECTIONERY-INDIA,MONARKO,MONARKO,MONARKO-NARIYAL CREAMY BUTTER CANDY PPH 2.4 GM,PLPCH,2.400 GM,COCONUT,,2.4,GM,1.0
54,2022-01-05,202201,125764166,1641192376254,,106,NICE CONFECTIONERY-INDIA,MR.BIG,MR.BIG CHOCOLATE/6.7GM/PPH,2,PPH,6.7GM,,1641192376254-nice confectionery-india-mr-big.png,PARKER FOR NEXT MONTH,999,10,99764140,169.79462,106,AMRIT CONFECTIONERY-INDIA,AMRIT,AMRIT MAST CHATPATI CANDY,AMRIT MAST CHATPATI CANDY-PPH 3 GM,PLPCH,3.000 GM,UNSPECIFIED,,3.0,GM,1.0
55,2022-01-05,202201,126777247,1641287598733,99762925,122,HIMGIRI HYGIENE PVT LTD-NEPAL,XTRAA! ACTIVE ,XTRAA! ACTIVE_DETERGENT POWDER/1000GM/PPH,100,PPH,1000GM ,,1641287598733-himgiri hygiene pvt ltd-nepal-xtraa- active .png,RECODING,5,1,99762925,24.14897,122,HIMGIRI HYGIENE PVT LTD-NEPAL,XTRAA,XTRAA ACTIVE,XTRAA ACTIVE-DETERGENT POWDER PPH 1000 GM,PLPCH,1000.000 GM,,,1000.0,GM,100.0
55,2022-01-05,202201,126777247,1641287598733,99762925,122,HIMGIRI HYGIENE PVT LTD-NEPAL,XTRAA! ACTIVE ,XTRAA! ACTIVE_DETERGENT POWDER/1000GM/PPH,100,PPH,1000GM ,,1641287598733-himgiri hygiene pvt ltd-nepal-xtraa- active .png,RECODING,5,2,99762827,27.382381,122,HIMGIRI HYGIENE PVT LTD-NEPAL,XTRAA,XTRAA ACTIVE,XTRAA ACTIVE-DETERGENT POWDER PPH 500 GM,PLPCH,500.000 GM,,,500.0,GM,55.0
55,2022-01-05,202201,126777247,1641287598733,99762925,122,HIMGIRI HYGIENE PVT LTD-NEPAL,XTRAA! ACTIVE ,XTRAA! ACTIVE_DETERGENT POWDER/1000GM/PPH,100,PPH,1000GM ,,1641287598733-himgiri hygiene pvt ltd-nepal-xtraa- active .png,RECODING,5,3,99764172,77.53151,122,HIMGIRI HYGIENE PVT LTD-NEPAL,SHAKTI,SHAKTI,SHAKTI-DETERGENT POWDER PPH 250 GM,PLPCH,250.000 GM,,,250.0,GM,20.0
55,2022-01-05,202201,126777247,1641287598733,99762925,122,HIMGIRI HYGIENE PVT LTD-NEPAL,XTRAA! ACTIVE ,XTRAA! ACTIVE_DETERGENT POWDER/1000GM/PPH,100,PPH,1000GM ,,1641287598733-himgiri hygiene pvt ltd-nepal-xtraa- active .png,RECODING,5,4,99764258,77.88429,122,HIMGIRI HYGIENE PVT LTD-NEPAL,SHAKTI,SHAKTI,SHAKTI-DETERGENT POWDER PPH 200 GM,PLPCH,200.000 GM,,,200.0,GM,20.0
55,2022-01-05,202201,126777247,1641287598733,99762925,122,HIMGIRI HYGIENE PVT LTD-NEPAL,XTRAA! ACTIVE ,XTRAA! ACTIVE_DETERGENT POWDER/1000GM/PPH,100,PPH,1000GM ,,1641287598733-himgiri hygiene pvt ltd-nepal-xtraa- active .png,RECODING,5,5,99764402,81.295,122,HIMGIRI HYGIENE PVT LTD-NEPAL,SHAKTI,SHAKTI,SHAKTI-DETERGENT POWDER PPH 350 GM,PLPCH,350.000 GM,,,350.0,GM,20.0
55,2022-01-05,202201,126777247,1641287598733,99762925,122,HIMGIRI HYGIENE PVT LTD-NEPAL,XTRAA! ACTIVE ,XTRAA! ACTIVE_DETERGENT POWDER/1000GM/PPH,100,PPH,1000GM ,,1641287598733-himgiri hygiene pvt ltd-nepal-xtraa- active .png,RECODING,5,6,99763783,99.152695,122,HIMGIRI HYGIENE PVT LTD-NEPAL,DHONI,DHONI HERBAL,DHONI HERBAL-DETERGENT POWDER PPH 1500 GM,PLPCH,1500.000 GM,,,1500.0,GM,190.0
55,2022-01-05,202201,126777247,1641287598733,99762925,122,HIMGIRI HYGIENE PVT LTD-NEPAL,XTRAA! ACTIVE ,XTRAA! ACTIVE_DETERGENT POWDER/1000GM/PPH,100,PPH,1000GM ,,1641287598733-himgiri hygiene pvt ltd-nepal-xtraa- active .png,RECODING,5,7,99764926,103.94081,122,HIMGIRI HYGIENE PVT LTD-NEPAL,SHAKTI,SHAKTI,SHAKTI-DETERGENT POWDER LEMON PPH 1000 GM,PLPCH,1000.000 GM,,,1000.0,GM,100.0
55,2022-01-05,202201,126777247,1641287598733,99762925,122,HIMGIRI HYGIENE PVT LTD-NEPAL,XTRAA! ACTIVE ,XTRAA! ACTIVE_DETERGENT POWDER/1000GM/PPH,100,PPH,1000GM ,,1641287598733-himgiri hygiene pvt ltd-nepal-xtraa- active .png,RECODING,5,8,99764486,105.36597,122,HIMGIRI SOAP & CHEMICALS-NEPAL,SHAKTI,SHAKTI,SHAKTI-DETERGENT POWDER PPH 250 GM,PLPCH,250.000 GM,,,250.0,GM,20.0
55,2022-01-05,202201,126777247,1641287598733,99762925,122,HIMGIRI HYGIENE PVT LTD-NEPAL,XTRAA! ACTIVE ,XTRAA! ACTIVE_DETERGENT POWDER/1000GM/PPH,100,PPH,1000GM ,,1641287598733-himgiri hygiene pvt ltd-nepal-xtraa- active .png,RECODING,5,9,50871,122.533,122,HIMGIRI SOAP & CHEMICALS-NEPAL,DHONI,DHONI ULTRA,DHONI ULTRA-DETERGENT POWDER PPH 3000 GM,PLPCH,3000.000 GM,,,3000.0,GM,0.0
55,2022-01-05,202201,126777247,1641287598733,99762925,122,HIMGIRI HYGIENE PVT LTD-NEPAL,XTRAA! ACTIVE ,XTRAA! ACTIVE_DETERGENT POWDER/1000GM/PPH,100,PPH,1000GM ,,1641287598733-himgiri hygiene pvt ltd-nepal-xtraa- active .png,RECODING,5,10,99763601,126.59247,122,HIDIMBA BUSINESS GROUP-NEPAL,YES,YES,YES-DETERGENT POWDER PPH 200 GM,PLPCH,200.000 GM,,,200.0,GM,20.0
56,2022-01-05,202201,126777247,1641287339756,99762931,123,MAHASHAKTI SOAP & CHEM.- NEPAL,MAHASHAKTI,MAHASHAKTI PURE SOAP/150GM/PPH,30,PPH,150GM ,,1641287339756-mahashakti soap - chem-- nepal-mahashakti.png,RECODING,5,1,99762931,20.498383,123,MAHASHAKTI SOAP & CHEM.- NEPAL,MAHASHAKTI,MAHASHAKTI,MAHASHAKTI-PPH 150 GM,PLPCH,150.000 GM,,,150.0,GM,30.0
56,2022-01-05,202201,126777247,1641287339756,99762931,123,MAHASHAKTI SOAP & CHEM.- NEPAL,MAHASHAKTI,MAHASHAKTI PURE SOAP/150GM/PPH,30,PPH,150GM ,,1641287339756-mahashakti soap - chem-- nepal-mahashakti.png,RECODING,5,2,99762626,21.568733,123,MAHASHAKTI SOAP & CHEM.- NEPAL,MAHASHAKTI,MAHASHAKTI,MAHASHAKTI-PPH 100 GM,PLPCH,100.000 GM,,,100.0,GM,20.0
56,2022-01-05,202201,126777247,1641287339756,99762931,123,MAHASHAKTI SOAP & CHEM.- NEPAL,MAHASHAKTI,MAHASHAKTI PURE SOAP/150GM/PPH,30,PPH,150GM ,,1641287339756-mahashakti soap - chem-- nepal-mahashakti.png,RECODING,5,3,99762522,24.13068,123,MAHASHAKTI SOAP & CHEM.- NEPAL,MAHASHAKTI,MAHASHAKTI,MAHASHAKTI-PPH 200 GM,PLPCH,200.000 GM,,,200.0,GM,40.0
56,2022-01-05,202201,126777247,1641287339756,99762931,123,MAHASHAKTI SOAP & CHEM.- NEPAL,MAHASHAKTI,MAHASHAKTI PURE SOAP/150GM/PPH,30,PPH,150GM ,,1641287339756-mahashakti soap - chem-- nepal-mahashakti.png,RECODING,5,4,99763285,24.191616,123,MAHASHAKTI SOAP & CHEM.- NEPAL,MAHASHAKTI,MAHASHAKTI,MAHASHAKTI-PPH 125 GM,PLPCH,125.000 GM,,,125.0,GM,25.0
56,2022-01-05,202201,126777247,1641287339756,99762931,123,MAHASHAKTI SOAP & CHEM.- NEPAL,MAHASHAKTI,MAHASHAKTI PURE SOAP/150GM/PPH,30,PPH,150GM ,,1641287339756-mahashakti soap - chem-- nepal-mahashakti.png,RECODING,5,5,51377,25.277493,123,MAHASHAKTI SOAP & CHEM.- NEPAL,MAHASHAKTI,MAHASHAKTI,MAHASHAKTI-PPH 220 GM,PLPCH,220.000 GM,,,220.0,GM,0.0
56,2022-01-05,202201,126777247,1641287339756,99762931,123,MAHASHAKTI SOAP & CHEM.- NEPAL,MAHASHAKTI,MAHASHAKTI PURE SOAP/150GM/PPH,30,PPH,150GM ,,1641287339756-mahashakti soap - chem-- nepal-mahashakti.png,RECODING,5,6,54336,26.25688,123,MAHASHAKTI SOAP & CHEM.- NEPAL,MAHASHAKTI,MAHASHAKTI,MAHASHAKTI-PPH 600 GM,PLPCH,600.000 GM,,,600.0,GM,0.0
56,2022-01-05,202201,126777247,1641287339756,99762931,123,MAHASHAKTI SOAP & CHEM.- NEPAL,MAHASHAKTI,MAHASHAKTI PURE SOAP/150GM/PPH,30,PPH,150GM ,,1641287339756-mahashakti soap - chem-- nepal-mahashakti.png,RECODING,5,7,99763818,36.062054,123,MAHASHAKTI SOAP & CHEM.- NEPAL,RARA,RARA,RARA-PURE SOAP PPH 100 GM,PLPCH,100.000 GM,,,100.0,GM,20.0
56,2022-01-05,202201,126777247,1641287339756,99762931,123,MAHASHAKTI SOAP & CHEM.- NEPAL,MAHASHAKTI,MAHASHAKTI PURE SOAP/150GM/PPH,30,PPH,150GM ,,1641287339756-mahashakti soap - chem-- nepal-mahashakti.png,RECODING,5,8,99763152,36.842377,123,MAHASHAKTI SOAP & CHEM.- NEPAL,RARA,RARA,RARA-PURE SOAP PPH 150 GM,PLPCH,150.000 GM,,,150.0,GM,25.0
56,2022-01-05,202201,126777247,1641287339756,99762931,123,MAHASHAKTI SOAP & CHEM.- NEPAL,MAHASHAKTI,MAHASHAKTI PURE SOAP/150GM/PPH,30,PPH,150GM ,,1641287339756-mahashakti soap - chem-- nepal-mahashakti.png,RECODING,5,9,99763107,37.264946,123,MAHASHAKTI SOAP & CHEM.- NEPAL,RARA,RARA,RARA-PURE SOAP PPH 300 GM,PLPCH,300.000 GM,,,300.0,GM,50.0
56,2022-01-05,202201,126777247,1641287339756,99762931,123,MAHASHAKTI SOAP & CHEM.- NEPAL,MAHASHAKTI,MAHASHAKTI PURE SOAP/150GM/PPH,30,PPH,150GM ,,1641287339756-mahashakti soap - chem-- nepal-mahashakti.png,RECODING,5,10,99763584,37.493076,123,MAHASHAKTI SOAP & CHEM.- NEPAL,RARA,RARA,RARA-PURE SOAP PPH 250 GM,PLPCH,250.000 GM,,,250.0,GM,50.0
57,2022-01-05,202201,124621587,1641271652495,99762933,132,PROCTER & GAMBLE - INDIA,PAMPERS,PAMPERS BABY DRY PANTS/LOTION WITH ALOE VERA/SMALL/4 PANTS/PPH,65,PPH,4 PANTS ,,1641271652495-procter - gamble - india-pampers.png,RECODING,5,1,99763916,43.788322,132,PROCTER & GAMBLE - INDIA,PAMPERS,PAMPERS,PAMPERS-BABY DRY PANTS-MEDIUM(M)PPH 4 NOS,PLPCH,4.000 NO,,,4.0,NO,80.0
57,2022-01-05,202201,124621587,1641271652495,99762933,132,PROCTER & GAMBLE - INDIA,PAMPERS,PAMPERS BABY DRY PANTS/LOTION WITH ALOE VERA/SMALL/4 PANTS/PPH,65,PPH,4 PANTS ,,1641271652495-procter - gamble - india-pampers.png,RECODING,5,2,99762933,44.384266,132,PROCTER & GAMBLE - INDIA,PAMPERS,PAMPERS,PAMPERS-BABY DRY PANTS-SMALL(S)PPH 4 NOS,PLPCH,4.000 NO,,,4.0,NO,65.0
57,2022-01-05,202201,124621587,1641271652495,99762933,132,PROCTER & GAMBLE - INDIA,PAMPERS,PAMPERS BABY DRY PANTS/LOTION WITH ALOE VERA/SMALL/4 PANTS/PPH,65,PPH,4 PANTS ,,1641271652495-procter - gamble - india-pampers.png,RECODING,5,3,99762797,46.826874,132,PROCTER & GAMBLE - INDIA,PAMPERS,PAMPERS,PAMPERS-BABY DRY PANTS-SMALL(S)PPH 9 NOS,PLPCH,9.000 NO,,,9.0,NO,160.0
57,2022-01-05,202201,124621587,1641271652495,99762933,132,PROCTER & GAMBLE - INDIA,PAMPERS,PAMPERS BABY DRY PANTS/LOTION WITH ALOE VERA/SMALL/4 PANTS/PPH,65,PPH,4 PANTS ,,1641271652495-procter - gamble - india-pampers.png,RECODING,5,4,99762771,47.204735,132,PROCTER & GAMBLE - INDIA,PAMPERS,PAMPERS,PAMPERS-BABY DRY PANTS-MEDIUM(M)PPH 8 NOS,PLPCH,8.000 NO,,,8.0,NO,100.0
57,2022-01-05,202201,124621587,1641271652495,99762933,132,PROCTER & GAMBLE - INDIA,PAMPERS,PAMPERS BABY DRY PANTS/LOTION WITH ALOE VERA/SMALL/4 PANTS/PPH,65,PPH,4 PANTS ,,1641271652495-procter - gamble - india-pampers.png,RECODING,5,5,99762585,47.291557,132,PROCTER & GAMBLE - INDIA,PAMPERS,PAMPERS,PAMPERS-BABY DRY PANTS-MEDIUM(M)PPH 54 NOS,PLPCH,54.000 NO,,,54.0,NO,1115.0
57,2022-01-05,202201,124621587,1641271652495,99762933,132,PROCTER & GAMBLE - INDIA,PAMPERS,PAMPERS BABY DRY PANTS/LOTION WITH ALOE VERA/SMALL/4 PANTS/PPH,65,PPH,4 PANTS ,,1641271652495-procter - gamble - india-pampers.png,RECODING,5,6,99762584,47.33219,132,PROCTER & GAMBLE - INDIA,PAMPERS,PAMPERS,PAMPERS-BABY DRY PANTS-MEDIUM(M)PPH 76 NOS,PLPCH,76.000 NO,,,76.0,NO,1838.0
57,2022-01-05,202201,124621587,1641271652495,99762933,132,PROCTER & GAMBLE - INDIA,PAMPERS,PAMPERS BABY DRY PANTS/LOTION WITH ALOE VERA/SMALL/4 PANTS/PPH,65,PPH,4 PANTS ,,1641271652495-procter - gamble - india-pampers.png,RECODING,5,7,99762631,49.966446,132,PROCTER & GAMBLE - INDIA,PAMPERS,PAMPERS,PAMPERS-BABY DRY PANTS-SMALL(S)PPH 58 NOS,PLPCH,58.000 NO,,,58.0,NO,1118.0
57,2022-01-05,202201,124621587,1641271652495,99762933,132,PROCTER & GAMBLE - INDIA,PAMPERS,PAMPERS BABY DRY PANTS/LOTION WITH ALOE VERA/SMALL/4 PANTS/PPH,65,PPH,4 PANTS ,,1641271652495-procter - gamble - india-pampers.png,RECODING,5,8,99762632,50.68221,132,PROCTER & GAMBLE - INDIA,PAMPERS,PAMPERS,PAMPERS-BABY DRY PANTS-LARGE(L)PPH 4 NOS,PLPCH,4.000 NO,,,4.0,NO,90.0
57,2022-01-05,202201,124621587,1641271652495,99762933,132,PROCTER & GAMBLE - INDIA,PAMPERS,PAMPERS BABY DRY PANTS/LOTION WITH ALOE VERA/SMALL/4 PANTS/PPH,65,PPH,4 PANTS ,,1641271652495-procter - gamble - india-pampers.png,RECODING,5,9,99762793,51.160778,132,PROCTER & GAMBLE - INDIA,PAMPERS,PAMPERS,PAMPERS-BABY DRY PANTS-LARGE(L)PPH 7 NOS,PLPCH,7.000 NO,,,7.0,NO,200.0
57,2022-01-05,202201,124621587,1641271652495,99762933,132,PROCTER & GAMBLE - INDIA,PAMPERS,PAMPERS BABY DRY PANTS/LOTION WITH ALOE VERA/SMALL/4 PANTS/PPH,65,PPH,4 PANTS ,,1641271652495-procter - gamble - india-pampers.png,RECODING,5,10,99763161,57.13343,132,PROCTER & GAMBLE - INDIA,PAMPERS,PAMPERS,PAMPERS-BABY DRY PANTS-EXTRA LARGE(XL)PPH 7 NOS,PLPCH,7.000 NO,,,7.0,NO,230.0
58,2022-01-05,202201,124621587,1641269472859,99762919,111,EMAMI LTD. -INDIA,EMAMI KESH KING,EMAMI KESH KING/SCALP AND HAIR MEDICINE/50ML/PBT,128,PBT,50ML,,1641269472859-emami ltd- -india-emami kesh king.png,RECODING,5,1,99762919,31.394978,111,EMAMI LTD. -INDIA,EMAMI,EMAMI KESH KING,EMAMI KESH KING-SCALP HAIR MEDICID PBT 50 ML,PLBOT,50.000 ML,,,50.0,ML,128.0
58,2022-01-05,202201,124621587,1641269472859,99762919,111,EMAMI LTD. -INDIA,EMAMI KESH KING,EMAMI KESH KING/SCALP AND HAIR MEDICINE/50ML/PBT,128,PBT,50ML,,1641269472859-emami ltd- -india-emami kesh king.png,RECODING,5,2,51930,36.058197,111,EMAMI LTD. -INDIA,EMAMI,EMAMI KESH KING,EMAMI KESH KING-SCALP HAIR MEDICID PBT 50 ML+20%EXT,PLBOT,50.000 ML,,,60.0,ML,0.0
58,2022-01-05,202201,124621587,1641269472859,99762919,111,EMAMI LTD. -INDIA,EMAMI KESH KING,EMAMI KESH KING/SCALP AND HAIR MEDICINE/50ML/PBT,128,PBT,50ML,,1641269472859-emami ltd- -india-emami kesh king.png,RECODING,5,3,50916,40.08265,111,EMAMI LTD. -INDIA,EMAMI,EMAMI KESH KING,EMAMI KESH KING-SCALP HAIR MED PBT 100 ML+FR ZANDU BALM,PLBOT,100.000 ML,,,100.0,ML,0.0
58,2022-01-05,202201,124621587,1641269472859,99762919,111,EMAMI LTD. -INDIA,EMAMI KESH KING,EMAMI KESH KING/SCALP AND HAIR MEDICINE/50ML/PBT,128,PBT,50ML,,1641269472859-emami ltd- -india-emami kesh king.png,RECODING,5,4,99762976,40.245235,111,EMAMI LTD. -INDIA,EMAMI,EMAMI KESH KING,EMAMI KESH KING-SCALP HAIR MEDICID PBT 300 ML+50%EXT,PLBOT,300.000 ML,,,450.0,ML,540.0
58,2022-01-05,202201,124621587,1641269472859,99762919,111,EMAMI LTD. -INDIA,EMAMI KESH KING,EMAMI KESH KING/SCALP AND HAIR MEDICINE/50ML/PBT,128,PBT,50ML,,1641269472859-emami ltd- -india-emami kesh king.png,RECODING,5,5,50921,41.651276,111,EMAMI LTD. -INDIA,EMAMI,EMAMI KESH KING,EMAMI KESH KING-SCALP HAIR MEDICID PBT 200 ML+50%EXT,PLBOT,200.000 ML,,,300.0,ML,0.0
58,2022-01-05,202201,124621587,1641269472859,99762919,111,EMAMI LTD. -INDIA,EMAMI KESH KING,EMAMI KESH KING/SCALP AND HAIR MEDICINE/50ML/PBT,128,PBT,50ML,,1641269472859-emami ltd- -india-emami kesh king.png,RECODING,5,6,52409,44.062233,111,EMAMI LTD. -INDIA,EMAMI,EMAMI KESH KING,EMAMI KESH KING-SCALP HAIR MEDICID PBT 60 ML,PLBOT,60.000 ML,,,60.0,ML,0.0
58,2022-01-05,202201,124621587,1641269472859,99762919,111,EMAMI LTD. -INDIA,EMAMI KESH KING,EMAMI KESH KING/SCALP AND HAIR MEDICINE/50ML/PBT,128,PBT,50ML,,1641269472859-emami ltd- -india-emami kesh king.png,RECODING,5,7,46066,46.13549,111,EMAMI LTD. -INDIA,EMAMI,EMAMI KESH KING,EMAMI KESH KING-SCALP HAIR MEDICID PBT 100 ML+20%EXT,PLBOT,100.000 ML,,,120.0,ML,0.0
58,2022-01-05,202201,124621587,1641269472859,99762919,111,EMAMI LTD. -INDIA,EMAMI KESH KING,EMAMI KESH KING/SCALP AND HAIR MEDICINE/50ML/PBT,128,PBT,50ML,,1641269472859-emami ltd- -india-emami kesh king.png,RECODING,5,8,50915,47.029633,111,EMAMI LTD. -INDIA,EMAMI,EMAMI KESH KING,EMAMI KESH KING-SCALP HAIR MEDICID PBT 100 ML,PLBOT,100.000 ML,,,100.0,ML,0.0
58,2022-01-05,202201,124621587,1641269472859,99762919,111,EMAMI LTD. -INDIA,EMAMI KESH KING,EMAMI KESH KING/SCALP AND HAIR MEDICINE/50ML/PBT,128,PBT,50ML,,1641269472859-emami ltd- -india-emami kesh king.png,RECODING,5,9,52159,57.61737,111,EMAMI LTD. -INDIA,EMAMI,EMAMI KESH KING PLUS,EMAMI KESH KING PLUS-HERBAL HAIR OIL PBT 100 ML+20% EXT,PLBOT,100.000 ML,,,120.0,ML,0.0
58,2022-01-05,202201,124621587,1641269472859,99762919,111,EMAMI LTD. -INDIA,EMAMI KESH KING,EMAMI KESH KING/SCALP AND HAIR MEDICINE/50ML/PBT,128,PBT,50ML,,1641269472859-emami ltd- -india-emami kesh king.png,RECODING,5,10,51330,67.33673,111,EMAMI LTD. -INDIA,EMAMI,EMAMI KESH KING,EMAMI KESH KING-SCALP HR MED PBT 110 ML+FR BOROPLUS 19ML,PLBOT,110.000 ML,,,110.0,ML,0.0
59,2022-01-05,202201,124621587,1641270289458,99762921,117,UNILEVER NEPAL LTD-NEPAL,DOVE NUTRITIVE SOLUTIONS ,DOVE NUTRITIVE SOLUTIONS/DAILY SHINE/175ML/PBT,165,PBT,175ML,,1641270289458-unilever nepal ltd-nepal-dove nutritive solutions .png,RECODING,5,1,99762921,17.664066,117,UNILEVER NEPAL LTD-NEPAL,DOVE,DOVE NUTRITIVE SOLUTIONS,DOVE NUTRITIVE SOLUTIONS-DAILY SHINE PBT 175 ML,PLBOT,175.000 ML,,,175.0,ML,165.0
59,2022-01-05,202201,124621587,1641270289458,99762921,117,UNILEVER NEPAL LTD-NEPAL,DOVE NUTRITIVE SOLUTIONS ,DOVE NUTRITIVE SOLUTIONS/DAILY SHINE/175ML/PBT,165,PBT,175ML,,1641270289458-unilever nepal ltd-nepal-dove nutritive solutions .png,RECODING,5,2,99762642,18.325336,117,UNILEVER NEPAL LTD-NEPAL,DOVE,DOVE NUTRITIVE SOLUTIONS,DOVE NUTRITIVE SOLUTIONS-DAILY SHINE PBT 165 ML,PLBOT,165.000 ML,,,165.0,ML,155.0
59,2022-01-05,202201,124621587,1641270289458,99762921,117,UNILEVER NEPAL LTD-NEPAL,DOVE NUTRITIVE SOLUTIONS ,DOVE NUTRITIVE SOLUTIONS/DAILY SHINE/175ML/PBT,165,PBT,175ML,,1641270289458-unilever nepal ltd-nepal-dove nutritive solutions .png,RECODING,5,3,99762500,18.950436,117,UNILEVER NEPAL LTD-NEPAL,DOVE,DOVE NUTRITIVE SOLUTIONS,DOVE NUTRITIVE SOLUTIONS-DAILY SHINE PBT 180 ML,PLBOT,180.000 ML,,,180.0,ML,175.0
59,2022-01-05,202201,124621587,1641270289458,99762921,117,UNILEVER NEPAL LTD-NEPAL,DOVE NUTRITIVE SOLUTIONS ,DOVE NUTRITIVE SOLUTIONS/DAILY SHINE/175ML/PBT,165,PBT,175ML,,1641270289458-unilever nepal ltd-nepal-dove nutritive solutions .png,RECODING,5,4,99764158,20.27863,117,UNILEVER NEPAL LTD-NEPAL,DOVE,DOVE NUTRITIVE SOLUTIONS,DOVE NUTRITIVE SOLUTIONS-DAILY SHINE PBT 625 ML,PLBOT,625.000 ML,,,625.0,ML,615.0
59,2022-01-05,202201,124621587,1641270289458,99762921,117,UNILEVER NEPAL LTD-NEPAL,DOVE NUTRITIVE SOLUTIONS ,DOVE NUTRITIVE SOLUTIONS/DAILY SHINE/175ML/PBT,165,PBT,175ML,,1641270289458-unilever nepal ltd-nepal-dove nutritive solutions .png,RECODING,5,5,99762667,21.249855,117,UNILEVER NEPAL LTD-NEPAL,DOVE,DOVE NUTRITIVE SOLUTIONS,DOVE NUTRITIVE SOLUTIONS-DAILY SHINE PBT 650 ML,PLBOT,650.000 ML,,,650.0,ML,595.0
59,2022-01-05,202201,124621587,1641270289458,99762921,117,UNILEVER NEPAL LTD-NEPAL,DOVE NUTRITIVE SOLUTIONS ,DOVE NUTRITIVE SOLUTIONS/DAILY SHINE/175ML/PBT,165,PBT,175ML,,1641270289458-unilever nepal ltd-nepal-dove nutritive solutions .png,RECODING,5,6,99764441,21.331993,117,UNILEVER NEPAL LTD-NEPAL,DOVE,DOVE NUTRITIVE SOLUTIONS,DOVE NUTRITIVE SOLUTIONS-DAILY SHINE PBT 640 ML,PLBOT,640.000 ML,,,640.0,ML,595.0
59,2022-01-05,202201,124621587,1641270289458,99762921,117,UNILEVER NEPAL LTD-NEPAL,DOVE NUTRITIVE SOLUTIONS ,DOVE NUTRITIVE SOLUTIONS/DAILY SHINE/175ML/PBT,165,PBT,175ML,,1641270289458-unilever nepal ltd-nepal-dove nutritive solutions .png,RECODING,5,7,99762392,21.52526,117,UNILEVER NEPAL LTD-NEPAL,DOVE,DOVE NUTRITIVE SOLUTIONS,DOVE NUTRITIVE SOLUTIONS-DAILY SHINE PBT 340 ML,PLBOT,340.000 ML,,,340.0,ML,325.0
59,2022-01-05,202201,124621587,1641270289458,99762921,117,UNILEVER NEPAL LTD-NEPAL,DOVE NUTRITIVE SOLUTIONS ,DOVE NUTRITIVE SOLUTIONS/DAILY SHINE/175ML/PBT,165,PBT,175ML,,1641270289458-unilever nepal ltd-nepal-dove nutritive solutions .png,RECODING,5,8,99764390,21.867449,117,UNILEVER NEPAL LTD-NEPAL,DOVE,DOVE NUTRITIVE SOLUTIONS,DOVE NUTRITIVE SOLUTIONS-DAILY SHINE PBT 325 ML,PLBOT,325.000 ML,,,325.0,ML,340.0
59,2022-01-05,202201,124621587,1641270289458,99762921,117,UNILEVER NEPAL LTD-NEPAL,DOVE NUTRITIVE SOLUTIONS ,DOVE NUTRITIVE SOLUTIONS/DAILY SHINE/175ML/PBT,165,PBT,175ML,,1641270289458-unilever nepal ltd-nepal-dove nutritive solutions .png,RECODING,5,9,46611,23.655216,117,UNILEVER NEPAL LTD-NEPAL,DOVE,DOVE NUTRITIVE SOLUTIONS,DOVE NUTRITIVE SOLUTIONS-DAILY SHINE PBT 700 ML,PLBOT,700.000 ML,,,700.0,ML,0.0
59,2022-01-05,202201,124621587,1641270289458,99762921,117,UNILEVER NEPAL LTD-NEPAL,DOVE NUTRITIVE SOLUTIONS ,DOVE NUTRITIVE SOLUTIONS/DAILY SHINE/175ML/PBT,165,PBT,175ML,,1641270289458-unilever nepal ltd-nepal-dove nutritive solutions .png,RECODING,5,10,51815,23.879114,117,UNILEVER NEPAL LTD-NEPAL,DOVE,DOVE NUTRITIVE SOLUTIONS,DOVE NUTRITIVE SOLUTIONS-DAILY SHINE SCT 5.5 ML,PLSCH,5.500 ML,,,5.5,ML,0.0
60,2022-01-05,202201,124621587,1641268699310,99762920,111,SESA CARE P LTD INDIA ,SESA,SESA AYURVEDIC/100ML/PBT,270,PBT,100ML,,1641268699310-sesa care p ltd india -sesa.png,RECODING,5,1,99762920,38.277283,111,SESA CARE PVT. LTD-INDIA,SESA,SESA AYURVEDIC,SESA AYURVEDIC-PBT 100 ML,PLBOT,100.000 ML,,,100.0,ML,270.0
60,2022-01-05,202201,124621587,1641268699310,99762920,111,SESA CARE P LTD INDIA ,SESA,SESA AYURVEDIC/100ML/PBT,270,PBT,100ML,,1641268699310-sesa care p ltd india -sesa.png,RECODING,5,2,99764805,56.85127,111,SESA CARE PVT. LTD-INDIA,SESA,SESA AYURVEDIC,SESA AYURVEDIC-PBT 50 ML,PLBOT,50.000 ML,,,50.0,ML,140.0
60,2022-01-05,202201,124621587,1641268699310,99762920,111,SESA CARE P LTD INDIA ,SESA,SESA AYURVEDIC/100ML/PBT,270,PBT,100ML,,1641268699310-sesa care p ltd india -sesa.png,RECODING,5,3,90861898,119.13302,111,BAN LABS PVT. LTD - INDIA,SESA,SESA,SESA-PBT 180 ML+80ML SESA DAILY SHINE SHAMP,PLBOT,180.000 ML,,,180.0,ML,0.0
60,2022-01-05,202201,124621587,1641268699310,99762920,111,SESA CARE P LTD INDIA ,SESA,SESA AYURVEDIC/100ML/PBT,270,PBT,100ML,,1641268699310-sesa care p ltd india -sesa.png,RECODING,5,4,90860709,121.874756,111,BAN LABS PVT. LTD - INDIA,SESA,SESA,SESA-PBT 90 ML + 6 ML SESA SHAM,PLBOT,90.000 ML,,,90.0,ML,0.0
60,2022-01-05,202201,124621587,1641268699310,99762920,111,SESA CARE P LTD INDIA ,SESA,SESA AYURVEDIC/100ML/PBT,270,PBT,100ML,,1641268699310-sesa care p ltd india -sesa.png,RECODING,5,5,90860438,129.91998,111,BAN LABS PVT. LTD - INDIA,SESA,SESA,SESA-GBT 100 ML + 6 ML SESA SHAMPOO,GLBOT,100.000 ML,,,100.0,ML,0.0
60,2022-01-05,202201,124621587,1641268699310,99762920,111,SESA CARE P LTD INDIA ,SESA,SESA AYURVEDIC/100ML/PBT,270,PBT,100ML,,1641268699310-sesa care p ltd india -sesa.png,RECODING,5,6,90860710,131.77696,111,BAN LABS PVT. LTD - INDIA,SESA,SESA,SESA-PBT 180 ML + 6 ML SESA SHAM 2 PCS,PLBOT,180.000 ML,,,180.0,ML,0.0
60,2022-01-05,202201,124621587,1641268699310,99762920,111,SESA CARE P LTD INDIA ,SESA,SESA AYURVEDIC/100ML/PBT,270,PBT,100ML,,1641268699310-sesa care p ltd india -sesa.png,RECODING,5,7,90860519,135.31934,111,BAN LABS PVT. LTD - INDIA,SESA,SESA,SESA-GBT 200ML+6ML SESA SHMP 2NOS,GLBOT,200.000 ML,,,200.0,ML,0.0
60,2022-01-05,202201,124621587,1641268699310,99762920,111,SESA CARE P LTD INDIA ,SESA,SESA AYURVEDIC/100ML/PBT,270,PBT,100ML,,1641268699310-sesa care p ltd india -sesa.png,RECODING,5,8,90821818,137.53242,111,BAN LABS PVT. LTD - INDIA,SESA,SESA,SESA-PBT 100 ML,PLBOT,100.000 ML,,,100.0,ML,0.0
60,2022-01-05,202201,124621587,1641268699310,99762920,111,SESA CARE P LTD INDIA ,SESA,SESA AYURVEDIC/100ML/PBT,270,PBT,100ML,,1641268699310-sesa care p ltd india -sesa.png,RECODING,5,9,90862492,138.7663,111,BAN LABS PVT. LTD - INDIA,SESA,SESA,SESA-PBT 90 ML + 25ML SESA HAIR CONDITIONER,PLBOT,90.000 ML,,,90.0,ML,0.0
60,2022-01-05,202201,124621587,1641268699310,99762920,111,SESA CARE P LTD INDIA ,SESA,SESA AYURVEDIC/100ML/PBT,270,PBT,100ML,,1641268699310-sesa care p ltd india -sesa.png,RECODING,5,10,90812772,139.02061,111,BAN LABS PVT. LTD - INDIA,SESA,SESA,SESA-GBT 100 ML,GLBOT,100.000 ML,,,100.0,ML,0.0
61,2022-01-06,202201,125956671,1641371335677,99762936,123,SHIVA SHAKTI SOAP - NEPAL,ALFA DETERGENT,ALFA DETERGENT\100\GM,100,PPH,100GM,New SKU,1641371335677-shiva shakti soap - nepal-alfa detergent.png,RECODING,5,1,99764369,22.662792,123,SHIVA SHAKTI SOAP - NEPAL,ALFA,ALFA,ALFA-DETERGENT SOAP PPH 75 GM,PLPCH,75.000 GM,,,75.0,GM,10.0
61,2022-01-06,202201,125956671,1641371335677,99762936,123,SHIVA SHAKTI SOAP - NEPAL,ALFA DETERGENT,ALFA DETERGENT\100\GM,100,PPH,100GM,New SKU,1641371335677-shiva shakti soap - nepal-alfa detergent.png,RECODING,5,2,99764435,24.630726,123,SHIVA SHAKTI SOAP - NEPAL,ALFA,ALFA,ALFA-DETERGENT SOAP PPH 150 GM,PLPCH,150.000 GM,,,150.0,GM,20.0
61,2022-01-06,202201,125956671,1641371335677,99762936,123,SHIVA SHAKTI SOAP - NEPAL,ALFA DETERGENT,ALFA DETERGENT\100\GM,100,PPH,100GM,New SKU,1641371335677-shiva shakti soap - nepal-alfa detergent.png,RECODING,5,3,50199,58.8357,123,SHIVA SHAKTI SOAP - NEPAL,ALFA,ALFA,ALFA-PPH 200 GMS SUPER,PLPCH,200.000 GM,,,200.0,GM,0.0
61,2022-01-06,202201,125956671,1641371335677,99762936,123,SHIVA SHAKTI SOAP - NEPAL,ALFA DETERGENT,ALFA DETERGENT\100\GM,100,PPH,100GM,New SKU,1641371335677-shiva shakti soap - nepal-alfa detergent.png,RECODING,5,4,99763217,61.648746,123,SHIVA SHAKTI SOAP - NEPAL,ALFA,ALFA,ALFA-EWP 100 GM,EWRPK,100.000 GM,,,100.0,GM,10.0
61,2022-01-06,202201,125956671,1641371335677,99762936,123,SHIVA SHAKTI SOAP - NEPAL,ALFA DETERGENT,ALFA DETERGENT\100\GM,100,PPH,100GM,New SKU,1641371335677-shiva shakti soap - nepal-alfa detergent.png,RECODING,5,5,99763995,65.46526,123,SHIVA SHAKTI SOAP - NEPAL,ALFA,ALFA,ALFA-EWP 75 GM,EWRPK,75.000 GM,,,75.0,GM,10.0
61,2022-01-06,202201,125956671,1641371335677,99762936,123,SHIVA SHAKTI SOAP - NEPAL,ALFA DETERGENT,ALFA DETERGENT\100\GM,100,PPH,100GM,New SKU,1641371335677-shiva shakti soap - nepal-alfa detergent.png,RECODING,5,6,99763528,68.38275,123,SHIVA SHAKTI SOAP - NEPAL,ALFA,ALFA HERBAL,ALFA HERBAL-LEMON & WOOD ASH-PPH 100 GM,PLPCH,100.000 GM,,,100.0,GM,10.0
61,2022-01-06,202201,125956671,1641371335677,99762936,123,SHIVA SHAKTI SOAP - NEPAL,ALFA DETERGENT,ALFA DETERGENT\100\GM,100,PPH,100GM,New SKU,1641371335677-shiva shakti soap - nepal-alfa detergent.png,RECODING,5,7,99764136,68.695175,123,SHIVA SHAKTI SOAP - NEPAL,RICH,RICH,RICH-DETERGENT SOAP EWP 75 GM,EWRPK,75.000 GM,,,75.0,GM,10.0
61,2022-01-06,202201,125956671,1641371335677,99762936,123,SHIVA SHAKTI SOAP - NEPAL,ALFA DETERGENT,ALFA DETERGENT\100\GM,100,PPH,100GM,New SKU,1641371335677-shiva shakti soap - nepal-alfa detergent.png,RECODING,5,8,99764147,68.89562,123,SHIVA SHAKTI SOAP - NEPAL,RICH,RICH,RICH-DETERGENT SOAP PPH 150 GM,PLPCH,150.000 GM,,,150.0,GM,20.0
61,2022-01-06,202201,125956671,1641371335677,99762936,123,SHIVA SHAKTI SOAP - NEPAL,ALFA DETERGENT,ALFA DETERGENT\100\GM,100,PPH,100GM,New SKU,1641371335677-shiva shakti soap - nepal-alfa detergent.png,RECODING,5,9,99763579,87.76671,123,SHIVA SHAKTI SOAP - NEPAL,SINDHU SHAKTI,SINDHU SHAKTI,SINDHU SHAKTI-PPH 200 GM,PLPCH,200.000 GM,,,200.0,GM,40.0
61,2022-01-06,202201,125956671,1641371335677,99762936,123,SHIVA SHAKTI SOAP - NEPAL,ALFA DETERGENT,ALFA DETERGENT\100\GM,100,PPH,100GM,New SKU,1641371335677-shiva shakti soap - nepal-alfa detergent.png,RECODING,5,10,99762936,88.055954,123,SHIVA SHAKTI SOAP - NEPAL,ALPHA,ALPHA,ALPHA-PPH 100 GM,PLPCH,100.000 GM,,,100.0,GM,10.0
62,2022-01-06,202201,125792418,1641361324391,99762937,122,UNIQUE SOAP & CHEMICAL INDUSTRIES,SUPER ULTRA DETERGENT POWER,SUPER ULTRA DETERGENT POWER\250\GM,20,PPH,250 GM,New SKU,1641361324391-unique soap - chemical industries-super ultra detergent power.png,RECODING,5,1,99762937,128.26636,122,UNIQUE SOAP & CHEMICAL IND.-NEPAL,SUPER ULTRA,SUPER ULTRA,SUPER ULTRA-DETERGENT POWDER PPH 250 GM,PLPCH,250.000 GM,,,250.0,GM,20.0
62,2022-01-06,202201,125792418,1641361324391,99762937,122,UNIQUE SOAP & CHEMICAL INDUSTRIES,SUPER ULTRA DETERGENT POWER,SUPER ULTRA DETERGENT POWER\250\GM,20,PPH,250 GM,New SKU,1641361324391-unique soap - chemical industries-super ultra detergent power.png,RECODING,5,2,99763147,137.36597,122,SRIPATI SOAP & DETRGNT UDYG-NP,SUPER,SUPER SHINE,SUPER SHINE-DETERGENT POWER PPH 200 GM,PLPCH,200.000 GM,,,200.0,GM,20.0
62,2022-01-06,202201,125792418,1641361324391,99762937,122,UNIQUE SOAP & CHEMICAL INDUSTRIES,SUPER ULTRA DETERGENT POWER,SUPER ULTRA DETERGENT POWER\250\GM,20,PPH,250 GM,New SKU,1641361324391-unique soap - chemical industries-super ultra detergent power.png,RECODING,5,3,52812,137.45212,122,SRIPATI SOAP & DETRGNT UDYG-NP,SUPER,SUPER SHINE,SUPER SHINE-DETERGENT POWER PPH 250 GM,PLPCH,250.000 GM,,,250.0,GM,0.0
62,2022-01-06,202201,125792418,1641361324391,99762937,122,UNIQUE SOAP & CHEMICAL INDUSTRIES,SUPER ULTRA DETERGENT POWER,SUPER ULTRA DETERGENT POWER\250\GM,20,PPH,250 GM,New SKU,1641361324391-unique soap - chemical industries-super ultra detergent power.png,RECODING,5,4,52685,144.20203,122,SRIPATI SOAP & DETRGNT UDYG-NP,SUPER,SUPER SHINE,SUPER SHINE-DETERGENT POWER PPH 1000 GM,PLPCH,1000.000 GM,,,1000.0,GM,0.0
62,2022-01-06,202201,125792418,1641361324391,99762937,122,UNIQUE SOAP & CHEMICAL INDUSTRIES,SUPER ULTRA DETERGENT POWER,SUPER ULTRA DETERGENT POWER\250\GM,20,PPH,250 GM,New SKU,1641361324391-unique soap - chemical industries-super ultra detergent power.png,RECODING,5,5,54246,155.83565,122,AARJU SOAP UDYOGH-NP,AARJU,AARJU,AARJU-ACTIVE DETERGENT POWER PPH 250 GM,PLPCH,250.000 GM,,,250.0,GM,0.0
62,2022-01-06,202201,125792418,1641361324391,99762937,122,UNIQUE SOAP & CHEMICAL INDUSTRIES,SUPER ULTRA DETERGENT POWER,SUPER ULTRA DETERGENT POWER\250\GM,20,PPH,250 GM,New SKU,1641361324391-unique soap - chemical industries-super ultra detergent power.png,RECODING,5,6,99762678,155.99608,122,K.M SOAP & DETERGENT POWDER INDUSTRIES-N,RELIANCE,RELIANCE,RELIANCE-OXYGEN POWER+LEMON PPH 1000 GM,PLPCH,1000.000 GM,,,1000.0,GM,90.0
62,2022-01-06,202201,125792418,1641361324391,99762937,122,UNIQUE SOAP & CHEMICAL INDUSTRIES,SUPER ULTRA DETERGENT POWER,SUPER ULTRA DETERGENT POWER\250\GM,20,PPH,250 GM,New SKU,1641361324391-unique soap - chemical industries-super ultra detergent power.png,RECODING,5,7,99764145,158.21753,122,R.K. SOAP & CHEMICAL INDUSTRIES-NPL,RK,RK OXIPOWER,RK OXIPOWER-COLOR EXPERT DETERGENT POWDER PPH 600GM,PLPCH,600.000 GM,,,600.0,GM,75.0
62,2022-01-06,202201,125792418,1641361324391,99762937,122,UNIQUE SOAP & CHEMICAL INDUSTRIES,SUPER ULTRA DETERGENT POWER,SUPER ULTRA DETERGENT POWER\250\GM,20,PPH,250 GM,New SKU,1641361324391-unique soap - chemical industries-super ultra detergent power.png,RECODING,5,8,99763063,161.07005,122,AARJU SOAP UDYOGH-NP,AARJU,AARJU,AARJU-ACTIVE DETERGENT POWER PPH 3000 GM,PLPCH,3000.000 GM,,,3000.0,GM,230.0
62,2022-01-06,202201,125792418,1641361324391,99762937,122,UNIQUE SOAP & CHEMICAL INDUSTRIES,SUPER ULTRA DETERGENT POWER,SUPER ULTRA DETERGENT POWER\250\GM,20,PPH,250 GM,New SKU,1641361324391-unique soap - chemical industries-super ultra detergent power.png,RECODING,5,9,99762746,163.59209,122,AARJU SOAP UDYOGH-NP,AARJU,AARJU,AARJU-ACTIVE DETERGENT POWER PPH 1000 GM,PLPCH,1000.000 GM,,,1000.0,GM,75.0
62,2022-01-06,202201,125792418,1641361324391,99762937,122,UNIQUE SOAP & CHEMICAL INDUSTRIES,SUPER ULTRA DETERGENT POWER,SUPER ULTRA DETERGENT POWER\250\GM,20,PPH,250 GM,New SKU,1641361324391-unique soap - chemical industries-super ultra detergent power.png,RECODING,5,10,51285,164.35239,122,SUPER TATA SOAP & CHEMICAL-NP,DON,DON XPERT,DON XPERT-PREMIUM DETERGENT PPH 1000 GM,PLPCH,1000.000 GM,,,1000.0,GM,0.0
63,2022-01-06,202201,126240640,1641359420813,51862,123,RYNA SOAP & CHEMICAL-NPL,RYNA GHADI WASHING POWER,RYAN GHADI WASHING POWER\250\GM,20,PPH,250GM,New SKU,1641359420813-ryna soap - chemical-npl-ryna ghadi washing power.png,CROSS CODING,2,1,49498,131.35867,123,RYNA SOAP & CHEMICAL-NPL,KLEANX,KLEANX,KLEANX-PCN 400 GM+FR SCRUBBER,PLJAR,400.000 GM,,,400.0,GM,0.0
63,2022-01-06,202201,126240640,1641359420813,51862,123,RYNA SOAP & CHEMICAL-NPL,RYNA GHADI WASHING POWER,RYAN GHADI WASHING POWER\250\GM,20,PPH,250GM,New SKU,1641359420813-ryna soap - chemical-npl-ryna ghadi washing power.png,CROSS CODING,2,2,49497,133.54202,123,RYNA SOAP & CHEMICAL-NPL,KLEANX,KLEANX,KLEANX-PCN 400 GM,PLJAR,400.000 GM,,,400.0,GM,0.0
63,2022-01-06,202201,126240640,1641359420813,51862,123,RYNA SOAP & CHEMICAL-NPL,RYNA GHADI WASHING POWER,RYAN GHADI WASHING POWER\250\GM,20,PPH,250GM,New SKU,1641359420813-ryna soap - chemical-npl-ryna ghadi washing power.png,CROSS CODING,2,3,51506,133.81451,123,RYNA SOAP & CHEMICAL-NPL,KLENAX,KLENAX,KLENAX-PPH 100 GM,PLPCH,100.000 GM,,,100.0,GM,0.0
63,2022-01-06,202201,126240640,1641359420813,51862,123,RYNA SOAP & CHEMICAL-NPL,RYNA GHADI WASHING POWER,RYAN GHADI WASHING POWER\250\GM,20,PPH,250GM,New SKU,1641359420813-ryna soap - chemical-npl-ryna ghadi washing power.png,CROSS CODING,2,4,99763406,156.99124,123,RAUTAMAI SABUN RA SURF UDYG-NP,RAUTA,RAUTA,RAUTA-LAUNDRY SOAP PPH 200 GM,PLPCH,200.000 GM,,,200.0,GM,40.0
63,2022-01-06,202201,126240640,1641359420813,51862,123,RYNA SOAP & CHEMICAL-NPL,RYNA GHADI WASHING POWER,RYAN GHADI WASHING POWER\250\GM,20,PPH,250GM,New SKU,1641359420813-ryna soap - chemical-npl-ryna ghadi washing power.png,CROSS CODING,2,5,99764591,165.70844,123,SAGARMATHA SABUN UDHYOG-NP,MARFA,MARFA,MARFA-PREMIUM LAUNDRY SOAP PPH 150 GM,PLPCH,150.000 GM,,,150.0,GM,35.0
63,2022-01-06,202201,126240640,1641359420813,51862,123,RYNA SOAP & CHEMICAL-NPL,RYNA GHADI WASHING POWER,RYAN GHADI WASHING POWER\250\GM,20,PPH,250GM,New SKU,1641359420813-ryna soap - chemical-npl-ryna ghadi washing power.png,CROSS CODING,2,6,99762561,166.13608,123,PUJA SOAP & HOUSEHOLD PROD-NPL,ROLI,ROLI,ROLI-LAUNDRY SOAP PPH 150 GM,PLPCH,150.000 GM,,,150.0,GM,38.0
63,2022-01-06,202201,126240640,1641359420813,51862,123,RYNA SOAP & CHEMICAL-NPL,RYNA GHADI WASHING POWER,RYAN GHADI WASHING POWER\250\GM,20,PPH,250GM,New SKU,1641359420813-ryna soap - chemical-npl-ryna ghadi washing power.png,CROSS CODING,2,7,99763385,166.62437,123,ROSHNI SABUN & SURF UDHYOG-NP,ROSHNI,ROSHNI,ROSHNI-LAUNDRY SOAP PPH 200 GM,PLPCH,200.000 GM,,,200.0,GM,40.0
63,2022-01-06,202201,126240640,1641359420813,51862,123,RYNA SOAP & CHEMICAL-NPL,RYNA GHADI WASHING POWER,RYAN GHADI WASHING POWER\250\GM,20,PPH,250GM,New SKU,1641359420813-ryna soap - chemical-npl-ryna ghadi washing power.png,CROSS CODING,2,8,99763197,168.78061,123,PUJA SOAP & HOUSEHOLD PROD-NPL,MOTI,MOTI,MOTI-LAUNDRY SOAP PPH 200 GM,PLPCH,200.000 GM,,,200.0,GM,40.0
63,2022-01-06,202201,126240640,1641359420813,51862,123,RYNA SOAP & CHEMICAL-NPL,RYNA GHADI WASHING POWER,RYAN GHADI WASHING POWER\250\GM,20,PPH,250GM,New SKU,1641359420813-ryna soap - chemical-npl-ryna ghadi washing power.png,CROSS CODING,2,9,99763109,169.99051,123,PUJA SOAP & HOUSEHOLD PROD-NPL,TRISHUL,TRISHUL,TRISHUL-LAUNDRY SOAP PPH 250 GM,PLPCH,250.000 GM,,,250.0,GM,40.0
63,2022-01-06,202201,126240640,1641359420813,51862,123,RYNA SOAP & CHEMICAL-NPL,RYNA GHADI WASHING POWER,RYAN GHADI WASHING POWER\250\GM,20,PPH,250GM,New SKU,1641359420813-ryna soap - chemical-npl-ryna ghadi washing power.png,CROSS CODING,2,10,99763490,170.05353,123,SUPER TATA SOAP & CHEMICAL-NP,JHATKA,JHATKA,JHATKA-LAUNDRY SOAP PPH 200 GM,PLPCH,200.000 GM,,,200.0,GM,40.0
64,2022-01-07,202201,124559840,1641189482313,99762424,122,R.M. CHEMICALS NEPAL,ACTIVE WHEEL 2IN 1,ACTIVE WHEEL 2 IN 1\200\GM,20,PPH,200GM,New SKU,1641189482313-r-m- chemicals nepal-active wheel 2in 1.png,CROSS CODING,2,1,50274,133.60278,122,UNILEVER NEPAL LTD-NEPAL,WHEEL,WHEEL ACTIVE,WHEEL ACTIVE-2IN1 CLN FRS PPH 1000 GM+FR VIM BAR 85G,PLPCH,1000.000 GM,,,1000.0,GM,0.0
64,2022-01-07,202201,124559840,1641189482313,99762424,122,R.M. CHEMICALS NEPAL,ACTIVE WHEEL 2IN 1,ACTIVE WHEEL 2 IN 1\200\GM,20,PPH,200GM,New SKU,1641189482313-r-m- chemicals nepal-active wheel 2in 1.png,CROSS CODING,2,2,99762424,134.76375,122,UNILEVER NEPAL LTD-NEPAL,WHEEL,WHEEL ACTIVE,WHEEL ACTIVE-2IN1 CLEAN FRESH PPH 200 GM,PLPCH,200.000 GM,,,200.0,GM,20.0
64,2022-01-07,202201,124559840,1641189482313,99762424,122,R.M. CHEMICALS NEPAL,ACTIVE WHEEL 2IN 1,ACTIVE WHEEL 2 IN 1\200\GM,20,PPH,200GM,New SKU,1641189482313-r-m- chemicals nepal-active wheel 2in 1.png,CROSS CODING,2,3,99764844,137.73975,122,UNILEVER NEPAL LTD-NEPAL,WHEEL,WHEEL ACTIVE,WHEEL ACTIVE-2IN1 CLEAN & FRESH PPH 150 GM,PLPCH,150.000 GM,,,150.0,GM,20.0
64,2022-01-07,202201,124559840,1641189482313,99762424,122,R.M. CHEMICALS NEPAL,ACTIVE WHEEL 2IN 1,ACTIVE WHEEL 2 IN 1\200\GM,20,PPH,200GM,New SKU,1641189482313-r-m- chemicals nepal-active wheel 2in 1.png,CROSS CODING,2,4,99764088,138.76503,122,UNILEVER NEPAL LTD-NEPAL,WHEEL,WHEEL ACTIVE,WHEEL ACTIVE-2IN1 CLEAN & FRESH PPH 180 GM,PLPCH,180.000 GM,,,180.0,GM,20.0
64,2022-01-07,202201,124559840,1641189482313,99762424,122,R.M. CHEMICALS NEPAL,ACTIVE WHEEL 2IN 1,ACTIVE WHEEL 2 IN 1\200\GM,20,PPH,200GM,New SKU,1641189482313-r-m- chemicals nepal-active wheel 2in 1.png,CROSS CODING,2,5,53599,139.41278,122,UNILEVER NEPAL LTD-NEPAL,WHEEL,WHEEL ACTIVE,WHEEL ACTIVE-2IN1 CLEAN FRESH PPH 160 GM,PLPCH,160.000 GM,,,160.0,GM,0.0
64,2022-01-07,202201,124559840,1641189482313,99762424,122,R.M. CHEMICALS NEPAL,ACTIVE WHEEL 2IN 1,ACTIVE WHEEL 2 IN 1\200\GM,20,PPH,200GM,New SKU,1641189482313-r-m- chemicals nepal-active wheel 2in 1.png,CROSS CODING,2,6,49956,139.77771,122,UNILEVER NEPAL LTD-NEPAL,WHEEL,WHEEL ACTIVE,WHEEL ACTIVE-2IN1 CLEAN FRESH PPH 170 GM,PLPCH,170.000 GM,,,170.0,GM,0.0
64,2022-01-07,202201,124559840,1641189482313,99762424,122,R.M. CHEMICALS NEPAL,ACTIVE WHEEL 2IN 1,ACTIVE WHEEL 2 IN 1\200\GM,20,PPH,200GM,New SKU,1641189482313-r-m- chemicals nepal-active wheel 2in 1.png,CROSS CODING,2,7,49512,140.34749,122,UNILEVER NEPAL LTD-NEPAL,WHEEL,WHEEL ACTIVE,WHEEL ACTIVE-2IN1 CLEAN FRESH PPH 175 GM,PLPCH,175.000 GM,,,175.0,GM,0.0
64,2022-01-07,202201,124559840,1641189482313,99762424,122,R.M. CHEMICALS NEPAL,ACTIVE WHEEL 2IN 1,ACTIVE WHEEL 2 IN 1\200\GM,20,PPH,200GM,New SKU,1641189482313-r-m- chemicals nepal-active wheel 2in 1.png,CROSS CODING,2,8,99763979,141.22836,122,UNILEVER NEPAL LTD-NEPAL,WHEEL,WHEEL ACTIVE,WHEEL ACTIVE-2IN1 CLEAN FRESH PPH 950 GM,PLPCH,950.000 GM,,,950.0,GM,110.0
64,2022-01-07,202201,124559840,1641189482313,99762424,122,R.M. CHEMICALS NEPAL,ACTIVE WHEEL 2IN 1,ACTIVE WHEEL 2 IN 1\200\GM,20,PPH,200GM,New SKU,1641189482313-r-m- chemicals nepal-active wheel 2in 1.png,CROSS CODING,2,9,99764625,141.78006,122,UNILEVER NEPAL LTD-NEPAL,WHEEL,WHEEL ACTIVE,WHEEL ACTIVE-2IN1 CLEAN & FRESH PPH 900 GM,PLPCH,900.000 GM,,,900.0,GM,110.0
64,2022-01-07,202201,124559840,1641189482313,99762424,122,R.M. CHEMICALS NEPAL,ACTIVE WHEEL 2IN 1,ACTIVE WHEEL 2 IN 1\200\GM,20,PPH,200GM,New SKU,1641189482313-r-m- chemicals nepal-active wheel 2in 1.png,CROSS CODING,2,10,50746,141.78737,122,UNILEVER NEPAL LTD-NEPAL,WHEEL,WHEEL ACTIVE,WHEEL ACTIVE-2IN1 CLEAN FRESH PPH 165 GM,PLPCH,165.000 GM,,,165.0,GM,0.0
65,2022-01-07,202201,124559840,1641371335677,99762936,123,SHIVA SHAKTI SOAP - NEPAL,ALFA DETERGENT,ALFA DETERGENT\100\GM,10,PPH,100GM,New SKU,1641371335677-shiva shakti soap - nepal-alfa detergent.png,RECODING,5,1,99764369,22.869797,123,SHIVA SHAKTI SOAP - NEPAL,ALFA,ALFA,ALFA-DETERGENT SOAP PPH 75 GM,PLPCH,75.000 GM,,,75.0,GM,10.0
65,2022-01-07,202201,124559840,1641371335677,99762936,123,SHIVA SHAKTI SOAP - NEPAL,ALFA DETERGENT,ALFA DETERGENT\100\GM,10,PPH,100GM,New SKU,1641371335677-shiva shakti soap - nepal-alfa detergent.png,RECODING,5,2,99764435,26.047377,123,SHIVA SHAKTI SOAP - NEPAL,ALFA,ALFA,ALFA-DETERGENT SOAP PPH 150 GM,PLPCH,150.000 GM,,,150.0,GM,20.0
65,2022-01-07,202201,124559840,1641371335677,99762936,123,SHIVA SHAKTI SOAP - NEPAL,ALFA DETERGENT,ALFA DETERGENT\100\GM,10,PPH,100GM,New SKU,1641371335677-shiva shakti soap - nepal-alfa detergent.png,RECODING,5,3,50199,61.119926,123,SHIVA SHAKTI SOAP - NEPAL,ALFA,ALFA,ALFA-PPH 200 GMS SUPER,PLPCH,200.000 GM,,,200.0,GM,0.0
65,2022-01-07,202201,124559840,1641371335677,99762936,123,SHIVA SHAKTI SOAP - NEPAL,ALFA DETERGENT,ALFA DETERGENT\100\GM,10,PPH,100GM,New SKU,1641371335677-shiva shakti soap - nepal-alfa detergent.png,RECODING,5,4,99763217,61.741673,123,SHIVA SHAKTI SOAP - NEPAL,ALFA,ALFA,ALFA-EWP 100 GM,EWRPK,100.000 GM,,,100.0,GM,10.0
65,2022-01-07,202201,124559840,1641371335677,99762936,123,SHIVA SHAKTI SOAP - NEPAL,ALFA DETERGENT,ALFA DETERGENT\100\GM,10,PPH,100GM,New SKU,1641371335677-shiva shakti soap - nepal-alfa detergent.png,RECODING,5,5,99763995,65.42404,123,SHIVA SHAKTI SOAP - NEPAL,ALFA,ALFA,ALFA-EWP 75 GM,EWRPK,75.000 GM,,,75.0,GM,10.0
65,2022-01-07,202201,124559840,1641371335677,99762936,123,SHIVA SHAKTI SOAP - NEPAL,ALFA DETERGENT,ALFA DETERGENT\100\GM,10,PPH,100GM,New SKU,1641371335677-shiva shakti soap - nepal-alfa detergent.png,RECODING,5,6,99763528,68.74852,123,SHIVA SHAKTI SOAP - NEPAL,ALFA,ALFA HERBAL,ALFA HERBAL-LEMON & WOOD ASH-PPH 100 GM,PLPCH,100.000 GM,,,100.0,GM,10.0
65,2022-01-07,202201,124559840,1641371335677,99762936,123,SHIVA SHAKTI SOAP - NEPAL,ALFA DETERGENT,ALFA DETERGENT\100\GM,10,PPH,100GM,New SKU,1641371335677-shiva shakti soap - nepal-alfa detergent.png,RECODING,5,7,99764136,69.22247,123,SHIVA SHAKTI SOAP - NEPAL,RICH,RICH,RICH-DETERGENT SOAP EWP 75 GM,EWRPK,75.000 GM,,,75.0,GM,10.0
65,2022-01-07,202201,124559840,1641371335677,99762936,123,SHIVA SHAKTI SOAP - NEPAL,ALFA DETERGENT,ALFA DETERGENT\100\GM,10,PPH,100GM,New SKU,1641371335677-shiva shakti soap - nepal-alfa detergent.png,RECODING,5,8,99764147,71.16238,123,SHIVA SHAKTI SOAP - NEPAL,RICH,RICH,RICH-DETERGENT SOAP PPH 150 GM,PLPCH,150.000 GM,,,150.0,GM,20.0
65,2022-01-07,202201,124559840,1641371335677,99762936,123,SHIVA SHAKTI SOAP - NEPAL,ALFA DETERGENT,ALFA DETERGENT\100\GM,10,PPH,100GM,New SKU,1641371335677-shiva shakti soap - nepal-alfa detergent.png,RECODING,5,9,99763579,89.96327,123,SHIVA SHAKTI SOAP - NEPAL,SINDHU SHAKTI,SINDHU SHAKTI,SINDHU SHAKTI-PPH 200 GM,PLPCH,200.000 GM,,,200.0,GM,40.0
65,2022-01-07,202201,124559840,1641371335677,99762936,123,SHIVA SHAKTI SOAP - NEPAL,ALFA DETERGENT,ALFA DETERGENT\100\GM,10,PPH,100GM,New SKU,1641371335677-shiva shakti soap - nepal-alfa detergent.png,RECODING,5,10,99764286,90.11339,123,SHIVA SHAKTI SOAP - NEPAL,ALPHA,ALPHA HERBAL,ALPHA HERBAL-LEMON & WOOD ASH-PPH 75 GM,PLPCH,75.000 GM,,,75.0,GM,10.0
66,2022-01-07,202201,130220517,1641269472859,99762919,111,EMAMI LTD. -INDIA,EMAMI KESH KING,EMAMI KESH KING/SCALP AND HAIR MEDICINE/50ML/PBT,128,PBT,50ML,,1641269472859-emami ltd- -india-emami kesh king.png,RECODING,5,1,99762919,31.394978,111,EMAMI LTD. -INDIA,EMAMI,EMAMI KESH KING,EMAMI KESH KING-SCALP HAIR MEDICID PBT 50 ML,PLBOT,50.000 ML,,,50.0,ML,128.0
66,2022-01-07,202201,130220517,1641269472859,99762919,111,EMAMI LTD. -INDIA,EMAMI KESH KING,EMAMI KESH KING/SCALP AND HAIR MEDICINE/50ML/PBT,128,PBT,50ML,,1641269472859-emami ltd- -india-emami kesh king.png,RECODING,5,2,51930,36.058197,111,EMAMI LTD. -INDIA,EMAMI,EMAMI KESH KING,EMAMI KESH KING-SCALP HAIR MEDICID PBT 50 ML+20%EXT,PLBOT,50.000 ML,,,60.0,ML,0.0
66,2022-01-07,202201,130220517,1641269472859,99762919,111,EMAMI LTD. -INDIA,EMAMI KESH KING,EMAMI KESH KING/SCALP AND HAIR MEDICINE/50ML/PBT,128,PBT,50ML,,1641269472859-emami ltd- -india-emami kesh king.png,RECODING,5,3,50916,40.08265,111,EMAMI LTD. -INDIA,EMAMI,EMAMI KESH KING,EMAMI KESH KING-SCALP HAIR MED PBT 100 ML+FR ZANDU BALM,PLBOT,100.000 ML,,,100.0,ML,0.0
66,2022-01-07,202201,130220517,1641269472859,99762919,111,EMAMI LTD. -INDIA,EMAMI KESH KING,EMAMI KESH KING/SCALP AND HAIR MEDICINE/50ML/PBT,128,PBT,50ML,,1641269472859-emami ltd- -india-emami kesh king.png,RECODING,5,4,99762976,40.245235,111,EMAMI LTD. -INDIA,EMAMI,EMAMI KESH KING,EMAMI KESH KING-SCALP HAIR MEDICID PBT 300 ML+50%EXT,PLBOT,300.000 ML,,,450.0,ML,540.0
66,2022-01-07,202201,130220517,1641269472859,99762919,111,EMAMI LTD. -INDIA,EMAMI KESH KING,EMAMI KESH KING/SCALP AND HAIR MEDICINE/50ML/PBT,128,PBT,50ML,,1641269472859-emami ltd- -india-emami kesh king.png,RECODING,5,5,50921,41.651276,111,EMAMI LTD. -INDIA,EMAMI,EMAMI KESH KING,EMAMI KESH KING-SCALP HAIR MEDICID PBT 200 ML+50%EXT,PLBOT,200.000 ML,,,300.0,ML,0.0
66,2022-01-07,202201,130220517,1641269472859,99762919,111,EMAMI LTD. -INDIA,EMAMI KESH KING,EMAMI KESH KING/SCALP AND HAIR MEDICINE/50ML/PBT,128,PBT,50ML,,1641269472859-emami ltd- -india-emami kesh king.png,RECODING,5,6,52409,44.062233,111,EMAMI LTD. -INDIA,EMAMI,EMAMI KESH KING,EMAMI KESH KING-SCALP HAIR MEDICID PBT 60 ML,PLBOT,60.000 ML,,,60.0,ML,0.0
66,2022-01-07,202201,130220517,1641269472859,99762919,111,EMAMI LTD. -INDIA,EMAMI KESH KING,EMAMI KESH KING/SCALP AND HAIR MEDICINE/50ML/PBT,128,PBT,50ML,,1641269472859-emami ltd- -india-emami kesh king.png,RECODING,5,7,46066,46.13549,111,EMAMI LTD. -INDIA,EMAMI,EMAMI KESH KING,EMAMI KESH KING-SCALP HAIR MEDICID PBT 100 ML+20%EXT,PLBOT,100.000 ML,,,120.0,ML,0.0
66,2022-01-07,202201,130220517,1641269472859,99762919,111,EMAMI LTD. -INDIA,EMAMI KESH KING,EMAMI KESH KING/SCALP AND HAIR MEDICINE/50ML/PBT,128,PBT,50ML,,1641269472859-emami ltd- -india-emami kesh king.png,RECODING,5,8,50915,47.029633,111,EMAMI LTD. -INDIA,EMAMI,EMAMI KESH KING,EMAMI KESH KING-SCALP HAIR MEDICID PBT 100 ML,PLBOT,100.000 ML,,,100.0,ML,0.0
66,2022-01-07,202201,130220517,1641269472859,99762919,111,EMAMI LTD. -INDIA,EMAMI KESH KING,EMAMI KESH KING/SCALP AND HAIR MEDICINE/50ML/PBT,128,PBT,50ML,,1641269472859-emami ltd- -india-emami kesh king.png,RECODING,5,9,52159,57.61737,111,EMAMI LTD. -INDIA,EMAMI,EMAMI KESH KING PLUS,EMAMI KESH KING PLUS-HERBAL HAIR OIL PBT 100 ML+20% EXT,PLBOT,100.000 ML,,,120.0,ML,0.0
66,2022-01-07,202201,130220517,1641269472859,99762919,111,EMAMI LTD. -INDIA,EMAMI KESH KING,EMAMI KESH KING/SCALP AND HAIR MEDICINE/50ML/PBT,128,PBT,50ML,,1641269472859-emami ltd- -india-emami kesh king.png,RECODING,5,10,51330,67.33673,111,EMAMI LTD. -INDIA,EMAMI,EMAMI KESH KING,EMAMI KESH KING-SCALP HR MED PBT 110 ML+FR BOROPLUS 19ML,PLBOT,110.000 ML,,,110.0,ML,0.0
67,2022-01-07,202201,128840459,1641458284608,99762938,111,MARICO BANGLADESH LTD-BANGLADESH,PARACHUTE,PARACHUTE/100% PURE COCONUT OIL/450ML/PCN,390,CAN,450ML,,1641458284608-marico bangladesh ltd-bangladesh-parachute.png,RECODING,5,1,99762938,20.497671,111,MARICO BANGLADESH LTD-BANGLADESH,PARACHUTE,PARACHUTE,PARACHUTE-100% PURE COCONUT OIL PCN 450 ML,PLJAR,450.000 ML,,,450.0,ML,390.0
67,2022-01-07,202201,128840459,1641458284608,99762938,111,MARICO BANGLADESH LTD-BANGLADESH,PARACHUTE,PARACHUTE/100% PURE COCONUT OIL/450ML/PCN,390,CAN,450ML,,1641458284608-marico bangladesh ltd-bangladesh-parachute.png,RECODING,5,2,99762777,25.22286,111,MARICO BANGLADESH LTD-BANGLADESH,PARACHUTE,PARACHUTE,PARACHUTE-100% PURE COCONUT OIL PCN 90 ML,PLJAR,90.000 ML,,,90.0,ML,90.0
67,2022-01-07,202201,128840459,1641458284608,99762938,111,MARICO BANGLADESH LTD-BANGLADESH,PARACHUTE,PARACHUTE/100% PURE COCONUT OIL/450ML/PCN,390,CAN,450ML,,1641458284608-marico bangladesh ltd-bangladesh-parachute.png,RECODING,5,3,99762778,26.473803,111,MARICO BANGLADESH LTD-BANGLADESH,PARACHUTE,PARACHUTE,PARACHUTE-100% PURE COCONUT OIL PCN 175 ML,PLJAR,175.000 ML,,,175.0,ML,175.0
67,2022-01-07,202201,128840459,1641458284608,99762938,111,MARICO BANGLADESH LTD-BANGLADESH,PARACHUTE,PARACHUTE/100% PURE COCONUT OIL/450ML/PCN,390,CAN,450ML,,1641458284608-marico bangladesh ltd-bangladesh-parachute.png,RECODING,5,4,99762975,27.565002,111,MARICO BANGLADESH LTD-BANGLADESH,PARACHUTE,PARACHUTE,PARACHUTE-100% PURE COCONUT OIL PBT 45 ML,PLBOT,45.000 ML,,,45.0,ML,45.0
67,2022-01-07,202201,128840459,1641458284608,99762938,111,MARICO BANGLADESH LTD-BANGLADESH,PARACHUTE,PARACHUTE/100% PURE COCONUT OIL/450ML/PCN,390,CAN,450ML,,1641458284608-marico bangladesh ltd-bangladesh-parachute.png,RECODING,5,5,99763306,30.053444,111,MARICO BANGLADESH LTD-BANGLADESH,PARACHUTE,PARACHUTE,PARACHUTE-100% PURE COCONUT OIL PBT 190 ML,PLBOT,190.000 ML,,,190.0,ML,145.0
67,2022-01-07,202201,128840459,1641458284608,99762938,111,MARICO BANGLADESH LTD-BANGLADESH,PARACHUTE,PARACHUTE/100% PURE COCONUT OIL/450ML/PCN,390,CAN,450ML,,1641458284608-marico bangladesh ltd-bangladesh-parachute.png,RECODING,5,6,99763043,30.910112,111,MARICO BANGLADESH LTD-BANGLADESH,PARACHUTE,PARACHUTE,PARACHUTE-100% PURE COCONUT OIL PBT 95 ML,PLBOT,95.000 ML,,,95.0,ML,75.0
67,2022-01-07,202201,128840459,1641458284608,99762938,111,MARICO BANGLADESH LTD-BANGLADESH,PARACHUTE,PARACHUTE/100% PURE COCONUT OIL/450ML/PCN,390,CAN,450ML,,1641458284608-marico bangladesh ltd-bangladesh-parachute.png,RECODING,5,7,53083,53.596176,111,MARICO LIMITED - INDIA,PARACHUTE,PARACHUTE,PARACHUTE-100% PURE COCONUT OIL PCN 475 ML,PLJAR,475.000 ML,,,475.0,ML,0.0
67,2022-01-07,202201,128840459,1641458284608,99762938,111,MARICO BANGLADESH LTD-BANGLADESH,PARACHUTE,PARACHUTE/100% PURE COCONUT OIL/450ML/PCN,390,CAN,450ML,,1641458284608-marico bangladesh ltd-bangladesh-parachute.png,RECODING,5,8,52914,57.083755,111,MARICO LIMITED - INDIA,PARACHUTE,PARACHUTE,PARACHUTE-100% COCONUT OIL PCN 190 ML,PLJAR,190.000 ML,,,190.0,ML,0.0
67,2022-01-07,202201,128840459,1641458284608,99762938,111,MARICO BANGLADESH LTD-BANGLADESH,PARACHUTE,PARACHUTE/100% PURE COCONUT OIL/450ML/PCN,390,CAN,450ML,,1641458284608-marico bangladesh ltd-bangladesh-parachute.png,RECODING,5,9,99764055,60.8377,111,MARICO LIMITED - INDIA,PARACHUTE,PARACHUTE,PARACHUTE-100% PURE COCONUT OIL PBT 175 ML,PLBOT,175.000 ML,,,175.0,ML,160.0
67,2022-01-07,202201,128840459,1641458284608,99762938,111,MARICO BANGLADESH LTD-BANGLADESH,PARACHUTE,PARACHUTE/100% PURE COCONUT OIL/450ML/PCN,390,CAN,450ML,,1641458284608-marico bangladesh ltd-bangladesh-parachute.png,RECODING,5,10,99764103,60.840607,111,MARICO LIMITED - INDIA,PARACHUTE,PARACHUTE,PARACHUTE-100% PURE COCONUT OIL PBT 90 ML,PLBOT,90.000 ML,,,90.0,ML,85.0
68,2022-01-07,202201,128840459,1641278717746,99762901,123,HIMGIRI HYGIENE PVT LTD-NEPAL,DHONI ,DHONI LAUNDRY SOAP/500GM/PPH,100,PPH,500GM,,1641278717746-himgiri hygiene pvt ltd-nepal-dhoni .png,RECODING,5,1,99763487,15.646864,123,HIMGIRI HYGIENE PVT LTD-NEPAL,DHONI,DHONI,DHONI-LAUNDRY SOAP PPH 250 GM,PLPCH,250.000 GM,,,250.0,GM,50.0
68,2022-01-07,202201,128840459,1641278717746,99762901,123,HIMGIRI HYGIENE PVT LTD-NEPAL,DHONI ,DHONI LAUNDRY SOAP/500GM/PPH,100,PPH,500GM,,1641278717746-himgiri hygiene pvt ltd-nepal-dhoni .png,RECODING,5,2,99763297,16.493713,123,HIMGIRI HYGIENE PVT LTD-NEPAL,DHONI,DHONI,DHONI-LAUNDRY SOAP PPH 100 GM,PLPCH,100.000 GM,,,100.0,GM,20.0
68,2022-01-07,202201,128840459,1641278717746,99762901,123,HIMGIRI HYGIENE PVT LTD-NEPAL,DHONI ,DHONI LAUNDRY SOAP/500GM/PPH,100,PPH,500GM,,1641278717746-himgiri hygiene pvt ltd-nepal-dhoni .png,RECODING,5,3,99764094,16.751547,123,HIMGIRI HYGIENE PVT LTD-NEPAL,DHONI,DHONI,DHONI-LAUNDRY SOAP PPH 200 GM,PLPCH,200.000 GM,,,200.0,GM,50.0
68,2022-01-07,202201,128840459,1641278717746,99762901,123,HIMGIRI HYGIENE PVT LTD-NEPAL,DHONI ,DHONI LAUNDRY SOAP/500GM/PPH,100,PPH,500GM,,1641278717746-himgiri hygiene pvt ltd-nepal-dhoni .png,RECODING,5,4,99763192,18.796429,123,HIMGIRI HYGIENE PVT LTD-NEPAL,DHONI,DHONI,DHONI-LAUNDRY SOAP PPH 4*250 GM [1000GM],PLPCH,250.000 GM,,,1000.0,GM,200.0
68,2022-01-07,202201,128840459,1641278717746,99762901,123,HIMGIRI HYGIENE PVT LTD-NEPAL,DHONI ,DHONI LAUNDRY SOAP/500GM/PPH,100,PPH,500GM,,1641278717746-himgiri hygiene pvt ltd-nepal-dhoni .png,RECODING,5,5,99762606,19.166761,123,HIMGIRI HYGIENE PVT LTD-NEPAL,DHONI,DHONI,DHONI-LAUNDRY SOAP PPH 125 GM,PLPCH,125.000 GM,,,125.0,GM,25.0
68,2022-01-07,202201,128840459,1641278717746,99762901,123,HIMGIRI HYGIENE PVT LTD-NEPAL,DHONI ,DHONI LAUNDRY SOAP/500GM/PPH,100,PPH,500GM,,1641278717746-himgiri hygiene pvt ltd-nepal-dhoni .png,RECODING,5,6,99764336,19.2127,123,HIMGIRI HYGIENE PVT LTD-NEPAL,DHONI,DHONI,DHONI-LAUNDRY SOAP PPH 4*225 GM [900GM],PLPCH,225.000 GM,,,900.0,GM,230.0
68,2022-01-07,202201,128840459,1641278717746,99762901,123,HIMGIRI HYGIENE PVT LTD-NEPAL,DHONI ,DHONI LAUNDRY SOAP/500GM/PPH,100,PPH,500GM,,1641278717746-himgiri hygiene pvt ltd-nepal-dhoni .png,RECODING,5,7,99763151,19.271719,123,HIMGIRI HYGIENE PVT LTD-NEPAL,DHONI,DHONI,DHONI-LAUNDRY SOAP PPH 150 GM,PLPCH,150.000 GM,,,150.0,GM,30.0
68,2022-01-07,202201,128840459,1641278717746,99762901,123,HIMGIRI HYGIENE PVT LTD-NEPAL,DHONI ,DHONI LAUNDRY SOAP/500GM/PPH,100,PPH,500GM,,1641278717746-himgiri hygiene pvt ltd-nepal-dhoni .png,RECODING,5,8,99763575,21.876404,123,HIMGIRI HYGIENE PVT LTD-NEPAL,DHONI,DHONI,DHONI-LAUNDRY SOAP PPH 3*150 GM [450GM],PLPCH,150.000 GM,,,450.0,GM,105.0
68,2022-01-07,202201,128840459,1641278717746,99762901,123,HIMGIRI HYGIENE PVT LTD-NEPAL,DHONI ,DHONI LAUNDRY SOAP/500GM/PPH,100,PPH,500GM,,1641278717746-himgiri hygiene pvt ltd-nepal-dhoni .png,RECODING,5,9,99764515,22.210037,123,HIMGIRI HYGIENE PVT LTD-NEPAL,DHONI XTRAA,DHONI XTRAA,DHONI XTRAA-LAUNDRY SOAP PPH 100 GM+50 GM,PLPCH,100.000 GM,,,150.0,GM,40.0
68,2022-01-07,202201,128840459,1641278717746,99762901,123,HIMGIRI HYGIENE PVT LTD-NEPAL,DHONI ,DHONI LAUNDRY SOAP/500GM/PPH,100,PPH,500GM,,1641278717746-himgiri hygiene pvt ltd-nepal-dhoni .png,RECODING,5,10,99764432,22.39378,123,HIMGIRI HYGIENE PVT LTD-NEPAL,DHONI XTRAA,DHONI XTRAA,DHONI XTRAA-LAUNDRY SOAP PPH 100 GM,PLPCH,100.000 GM,,,100.0,GM,20.0
69,2022-01-07,202201,128840459,1641451615354,99762943,123,DEUTI SOAP & CHEMICAL-NEPAL,YASHODA ,YASHODA LAUNDRY SOAP/200GM/PPH,40,PPH,200GM ,,1641451615354-deuti soap - chemical-nepal-yashoda .png,RECODING,5,1,99762943,14.003041,123,DEUTI SOAP & CHEMICAL-NEPAL,YASHODA,YASHODA,YASHODA-LAUNDRY SOAP PPH 200 GM,PLPCH,200.000 GM,,,200.0,GM,40.0
69,2022-01-07,202201,128840459,1641451615354,99762943,123,DEUTI SOAP & CHEMICAL-NEPAL,YASHODA ,YASHODA LAUNDRY SOAP/200GM/PPH,40,PPH,200GM ,,1641451615354-deuti soap - chemical-nepal-yashoda .png,RECODING,5,2,99763343,16.403725,123,DEUTI SOAP & CHEMICAL-NEPAL,YASHODA,YASHODA,YASHODA-LAUNDRY SOAP PPH 100 GM,PLPCH,100.000 GM,,,100.0,GM,20.0
69,2022-01-07,202201,128840459,1641451615354,99762943,123,DEUTI SOAP & CHEMICAL-NEPAL,YASHODA ,YASHODA LAUNDRY SOAP/200GM/PPH,40,PPH,200GM ,,1641451615354-deuti soap - chemical-nepal-yashoda .png,RECODING,5,3,99763027,16.966705,123,DEUTI SOAP & CHEMICAL-NEPAL,YASHODA,YASHODA,YASHODA-LAUNDRY SOAP PPH 250 GM,PLPCH,250.000 GM,,,250.0,GM,50.0
69,2022-01-07,202201,128840459,1641451615354,99762943,123,DEUTI SOAP & CHEMICAL-NEPAL,YASHODA ,YASHODA LAUNDRY SOAP/200GM/PPH,40,PPH,200GM ,,1641451615354-deuti soap - chemical-nepal-yashoda .png,RECODING,5,4,99763662,17.899221,123,DEUTI SOAP & CHEMICAL-NEPAL,YASHODA,YASHODA,YASHODA-LAUNDRY SOAP PPH 150 GM,PLPCH,150.000 GM,,,150.0,GM,30.0
69,2022-01-07,202201,128840459,1641451615354,99762943,123,DEUTI SOAP & CHEMICAL-NEPAL,YASHODA ,YASHODA LAUNDRY SOAP/200GM/PPH,40,PPH,200GM ,,1641451615354-deuti soap - chemical-nepal-yashoda .png,RECODING,5,5,99763915,19.348377,123,DEUTI SOAP & CHEMICAL-NEPAL,YASHODA,YASHODA,YASHODA-LAUNDRY SOAP PPH 3*200 GM [600 GM],PLPCH,200.000 GM,,,600.0,GM,120.0
69,2022-01-07,202201,128840459,1641451615354,99762943,123,DEUTI SOAP & CHEMICAL-NEPAL,YASHODA ,YASHODA LAUNDRY SOAP/200GM/PPH,40,PPH,200GM ,,1641451615354-deuti soap - chemical-nepal-yashoda .png,RECODING,5,6,99763525,19.391918,123,DEUTI SOAP & CHEMICAL-NEPAL,YASHODA,YASHODA,YASHODA-LAUNDRY SOAP PPH 6*300 GM [1800GM],PLPCH,300.000 GM,,,1800.0,GM,350.0
69,2022-01-07,202201,128840459,1641451615354,99762943,123,DEUTI SOAP & CHEMICAL-NEPAL,YASHODA ,YASHODA LAUNDRY SOAP/200GM/PPH,40,PPH,200GM ,,1641451615354-deuti soap - chemical-nepal-yashoda .png,RECODING,5,7,99762523,46.38952,123,DEUTI SOAP & CHEMICAL-NEPAL,YASHODA,YASHODA,YASHODA-LEMON EWP 100 GM,EWRPK,100.000 GM,,,100.0,GM,10.0
69,2022-01-07,202201,128840459,1641451615354,99762943,123,DEUTI SOAP & CHEMICAL-NEPAL,YASHODA ,YASHODA LAUNDRY SOAP/200GM/PPH,40,PPH,200GM ,,1641451615354-deuti soap - chemical-nepal-yashoda .png,RECODING,5,8,99763284,60.934082,123,DEUTI SOAP & CHEMICAL-NEPAL,YASHODA,YASHODA,YASHODA-DETERGENT CAKE PCN 400GM,PLJAR,400.000 GM,,,400.0,GM,55.0
69,2022-01-07,202201,128840459,1641451615354,99762943,123,DEUTI SOAP & CHEMICAL-NEPAL,YASHODA ,YASHODA LAUNDRY SOAP/200GM/PPH,40,PPH,200GM ,,1641451615354-deuti soap - chemical-nepal-yashoda .png,RECODING,5,9,99763283,64.00538,123,DEUTI SOAP & CHEMICAL-NEPAL,YASHODA,YASHODA,YASHODA-DETERGENT CAKE PCN 400GM+FREE SCRUBBER,PLJAR,400.000 GM,,,400.0,GM,55.0
69,2022-01-07,202201,128840459,1641451615354,99762943,123,DEUTI SOAP & CHEMICAL-NEPAL,YASHODA ,YASHODA LAUNDRY SOAP/200GM/PPH,40,PPH,200GM ,,1641451615354-deuti soap - chemical-nepal-yashoda .png,RECODING,5,10,99763949,76.466644,123,DEUTI SOAP & CHEMICAL-NEPAL,BHERI,BHERI,BHERI-CLEAN & FRESH PPH 200 GM,PLPCH,200.000 GM,,,200.0,GM,40.0
70,2022-01-07,202201,128840459,1641278203189,99762930,123,HIMGIRI HYGIENE PVT LTD-NEPAL,TIKA,TIKA LAUNDRY SOAP/250Ã—4GM/PPH,200,PPH,250Ã—4GM,,1641278203189-himgiri hygiene pvt ltd-nepal-tika.png,RECODING,5,1,99762930,25.593086,123,HIMGIRI HYGIENE PVT LTD-NEPAL,TIKA,TIKA,TIKA-LAUNDRY SOAP PPH 250 GM*4 NOS(1000GM),PLPCH,250.000 GM,,,1000.0,GM,200.0
70,2022-01-07,202201,128840459,1641278203189,99762930,123,HIMGIRI HYGIENE PVT LTD-NEPAL,TIKA,TIKA LAUNDRY SOAP/250Ã—4GM/PPH,200,PPH,250Ã—4GM,,1641278203189-himgiri hygiene pvt ltd-nepal-tika.png,RECODING,5,2,99762929,27.332752,123,HIMGIRI HYGIENE PVT LTD-NEPAL,TIKA,TIKA,TIKA-LAUNDRY SOAP PPH 250 GM,PLPCH,250.000 GM,,,250.0,GM,50.0
70,2022-01-07,202201,128840459,1641278203189,99762930,123,HIMGIRI HYGIENE PVT LTD-NEPAL,TIKA,TIKA LAUNDRY SOAP/250Ã—4GM/PPH,200,PPH,250Ã—4GM,,1641278203189-himgiri hygiene pvt ltd-nepal-tika.png,RECODING,5,3,99762928,30.336533,123,HIMGIRI HYGIENE PVT LTD-NEPAL,TIKA,TIKA,TIKA-LAUNDRY SOAP PPH 200 GM,PLPCH,200.000 GM,,,200.0,GM,40.0
70,2022-01-07,202201,128840459,1641278203189,99762930,123,HIMGIRI HYGIENE PVT LTD-NEPAL,TIKA,TIKA LAUNDRY SOAP/250Ã—4GM/PPH,200,PPH,250Ã—4GM,,1641278203189-himgiri hygiene pvt ltd-nepal-tika.png,RECODING,5,4,99762927,31.932192,123,HIMGIRI HYGIENE PVT LTD-NEPAL,TIKA,TIKA,TIKA-LAUNDRY SOAP PPH 150 GM,PLPCH,150.000 GM,,,150.0,GM,30.0
70,2022-01-07,202201,128840459,1641278203189,99762930,123,HIMGIRI HYGIENE PVT LTD-NEPAL,TIKA,TIKA LAUNDRY SOAP/250Ã—4GM/PPH,200,PPH,250Ã—4GM,,1641278203189-himgiri hygiene pvt ltd-nepal-tika.png,RECODING,5,5,99762859,33.98481,123,HIMGIRI HYGIENE PVT LTD-NEPAL,TIKA,TIKA,TIKA-LAUNDRY SOAP PPH 600 GM,PLPCH,600.000 GM,,,600.0,GM,100.0
70,2022-01-07,202201,128840459,1641278203189,99762930,123,HIMGIRI HYGIENE PVT LTD-NEPAL,TIKA,TIKA LAUNDRY SOAP/250Ã—4GM/PPH,200,PPH,250Ã—4GM,,1641278203189-himgiri hygiene pvt ltd-nepal-tika.png,RECODING,5,6,99762850,35.7557,123,HIMGIRI HYGIENE PVT LTD-NEPAL,TIKA,TIKA,TIKA-LAUNDRY SOAP PPH 100 GM,PLPCH,100.000 GM,,,100.0,GM,20.0
70,2022-01-07,202201,128840459,1641278203189,99762930,123,HIMGIRI HYGIENE PVT LTD-NEPAL,TIKA,TIKA LAUNDRY SOAP/250Ã—4GM/PPH,200,PPH,250Ã—4GM,,1641278203189-himgiri hygiene pvt ltd-nepal-tika.png,RECODING,5,7,99764020,40.312447,123,HIMGIRI HYGIENE PVT LTD-NEPAL,TIKA,TIKA,TIKA-LAUNDRY SOAP PPH 3*167 GM [500 GM],PLPCH,167.000 GM,,,500.0,GM,105.0
70,2022-01-07,202201,128840459,1641278203189,99762930,123,HIMGIRI HYGIENE PVT LTD-NEPAL,TIKA,TIKA LAUNDRY SOAP/250Ã—4GM/PPH,200,PPH,250Ã—4GM,,1641278203189-himgiri hygiene pvt ltd-nepal-tika.png,RECODING,5,8,99764067,56.037876,123,HIMGIRI HYGIENE PVT LTD-NEPAL,VIJAYA,VIJAYA SUPER,VIJAYA SUPER-LAUNDRY SOAP PPH 250 GM,PLPCH,250.000 GM,,,250.0,GM,45.0
70,2022-01-07,202201,128840459,1641278203189,99762930,123,HIMGIRI HYGIENE PVT LTD-NEPAL,TIKA,TIKA LAUNDRY SOAP/250Ã—4GM/PPH,200,PPH,250Ã—4GM,,1641278203189-himgiri hygiene pvt ltd-nepal-tika.png,RECODING,5,9,99762789,56.99135,123,HIMGIRI HYGIENE PVT LTD-NEPAL,WAHA 72%,WAHA 72%,WAHA 72%-LAUNDRY SOAP PPH 250 GM,PLPCH,250.000 GM,,,250.0,GM,40.0
70,2022-01-07,202201,128840459,1641278203189,99762930,123,HIMGIRI HYGIENE PVT LTD-NEPAL,TIKA,TIKA LAUNDRY SOAP/250Ã—4GM/PPH,200,PPH,250Ã—4GM,,1641278203189-himgiri hygiene pvt ltd-nepal-tika.png,RECODING,5,10,99764068,58.068962,123,HIMGIRI HYGIENE PVT LTD-NEPAL,VIJAYA,VIJAYA SUPER,VIJAYA SUPER-LAUNDRY SOAP PPH 300 GM,PLPCH,300.000 GM,,,300.0,GM,50.0
71,2022-01-07,202201,128840459,1641457955878,91927560,110,GODREJ CONSUMER PRODUCTS-INDIA,GODREJ NUPUR HENNA,GODREJ NUPUR HENNA/100% PURE HENNA/25GM/PPH,10,PPH,25GM,,1641457955878-godrej consumer products-india-godrej nupur henna.png,CROSS CODING,2,1,99763957,22.216455,110,GODREJ CONSUMER PRODUCTS-INDIA,GODREJ,GODREJ NUPUR HENNA,GODREJ NUPUR HENNA-100% PURE HEENA PPH 25 GM,PLPCH,25.000 GM,,UNSPECIFIED,25.0,GM,20.0
71,2022-01-07,202201,128840459,1641457955878,91927560,110,GODREJ CONSUMER PRODUCTS-INDIA,GODREJ NUPUR HENNA,GODREJ NUPUR HENNA/100% PURE HENNA/25GM/PPH,10,PPH,25GM,,1641457955878-godrej consumer products-india-godrej nupur henna.png,CROSS CODING,2,2,99762473,24.25093,110,GODREJ CONSUMER PRODUCTS-INDIA,GODREJ,GODREJ NUPUR HENNA,GODREJ NUPUR HENNA-100% PURE HEENA PPH 12 GM,PLPCH,12.000 GM,,UNSPECIFIED,12.0,GM,10.0
71,2022-01-07,202201,128840459,1641457955878,91927560,110,GODREJ CONSUMER PRODUCTS-INDIA,GODREJ NUPUR HENNA,GODREJ NUPUR HENNA/100% PURE HENNA/25GM/PPH,10,PPH,25GM,,1641457955878-godrej consumer products-india-godrej nupur henna.png,CROSS CODING,2,3,52839,26.488224,110,GODREJ CONSUMER PRODUCTS-INDIA,GODREJ,GODREJ NUPUR HENNA,GODREJ NUPUR HENNA-100% PURE HEENA PPH 50 GM,PLPCH,50.000 GM,,UNSPECIFIED,50.0,GM,0.0
71,2022-01-07,202201,128840459,1641457955878,91927560,110,GODREJ CONSUMER PRODUCTS-INDIA,GODREJ NUPUR HENNA,GODREJ NUPUR HENNA/100% PURE HENNA/25GM/PPH,10,PPH,25GM,,1641457955878-godrej consumer products-india-godrej nupur henna.png,CROSS CODING,2,4,50111,39.106003,110,GODREJ CONSUMER PRODUCTS-INDIA,GODREJ,GODREJ NUPUR HENNA,GODREJ NUPUR HENNA-PPH 50 GM+RS 16,PLPCH,50.000 GM,,UNSPECIFIED,50.0,GM,0.0
71,2022-01-07,202201,128840459,1641457955878,91927560,110,GODREJ CONSUMER PRODUCTS-INDIA,GODREJ NUPUR HENNA,GODREJ NUPUR HENNA/100% PURE HENNA/25GM/PPH,10,PPH,25GM,,1641457955878-godrej consumer products-india-godrej nupur henna.png,CROSS CODING,2,5,52286,40.308216,110,GODREJ CONSUMER PRODUCTS-INDIA,GODREJ,GODREJ NUPUR HENNA,GODREJ NUPUR HENNA-PPH 120 GM,PLPCH,120.000 GM,,UNSPECIFIED,120.0,GM,0.0
71,2022-01-07,202201,128840459,1641457955878,91927560,110,GODREJ CONSUMER PRODUCTS-INDIA,GODREJ NUPUR HENNA,GODREJ NUPUR HENNA/100% PURE HENNA/25GM/PPH,10,PPH,25GM,,1641457955878-godrej consumer products-india-godrej nupur henna.png,CROSS CODING,2,6,91927560,48.251,110,GODREJ CONSUMER PRODUCTS-INDIA,GODREJ,GODREJ NUPUR HENNA,GODREJ NUPUR HENNA-SILKY & SHINY HAIR GOODNESS 9 HERBS-PPH 25G,PLPCH,25.000 GM,,UNSPECIFIED,25.0,GM,0.0
71,2022-01-07,202201,128840459,1641457955878,91927560,110,GODREJ CONSUMER PRODUCTS-INDIA,GODREJ NUPUR HENNA,GODREJ NUPUR HENNA/100% PURE HENNA/25GM/PPH,10,PPH,25GM,,1641457955878-godrej consumer products-india-godrej nupur henna.png,CROSS CODING,2,7,91927693,49.135925,110,GODREJ CONSUMER PRODUCTS-INDIA,GODREJ,GODREJ NUPUR HENNA,GODREJ NUPUR HENNA-SILKY & SHINY HAIR GOODNESS 9 HERBS-PPH 60G,PLPCH,60.000 GM,,UNSPECIFIED,60.0,GM,0.0
71,2022-01-07,202201,128840459,1641457955878,91927560,110,GODREJ CONSUMER PRODUCTS-INDIA,GODREJ NUPUR HENNA,GODREJ NUPUR HENNA/100% PURE HENNA/25GM/PPH,10,PPH,25GM,,1641457955878-godrej consumer products-india-godrej nupur henna.png,CROSS CODING,2,8,91927452,50.02481,110,GODREJ CONSUMER PRODUCTS-INDIA,GODREJ,GODREJ NUPUR HENNA,GODREJ NUPUR HENNA-SILKY & SHINY HAIR GOODNESS 9 HERBS-PPH 50G,PLPCH,50.000 GM,,UNSPECIFIED,50.0,GM,0.0
71,2022-01-07,202201,128840459,1641457955878,91927560,110,GODREJ CONSUMER PRODUCTS-INDIA,GODREJ NUPUR HENNA,GODREJ NUPUR HENNA/100% PURE HENNA/25GM/PPH,10,PPH,25GM,,1641457955878-godrej consumer products-india-godrej nupur henna.png,CROSS CODING,2,9,54317,50.17153,110,GODREJ CONSUMER PRODUCTS-INDIA,GODREJ,GODREJ ABHA,GODREJ ABHA-HERBAL BLACK HENNA PPH 10 GM,PLPCH,10.000 GM,,BLACK,10.0,GM,0.0
71,2022-01-07,202201,128840459,1641457955878,91927560,110,GODREJ CONSUMER PRODUCTS-INDIA,GODREJ NUPUR HENNA,GODREJ NUPUR HENNA/100% PURE HENNA/25GM/PPH,10,PPH,25GM,,1641457955878-godrej consumer products-india-godrej nupur henna.png,CROSS CODING,2,10,52495,50.21557,110,GODREJ CONSUMER PRODUCTS-INDIA,GODREJ,GODREJ NUPUR HENNA,GODREJ NUPUR HENNA-SILKY & SHINY HAIR GOODNESS 9 HERBS-PPH 12G,PLPCH,12.000 GM,,UNSPECIFIED,12.0,GM,0.0
72,2022-01-07,202201,128840459,1641451805492,99762946,123,KWALITY CHEM PVT LTD-NEPAL,123 POWER,123 POWER/PERFUME LAUNDRY SOAP/150GM/PPH,30,PPH,150GM ,,1641451805492-kwality chem pvt ltd-nepal-123 power.png,RECODING,5,1,99763328,42.384834,123,KWALITY CHEM PVT LTD-NEPAL,KWALITY,KWALITY,KWALITY-LAUNDRY SOAP PPH 150 GM,PLPCH,150.000 GM,,,150.0,GM,30.0
72,2022-01-07,202201,128840459,1641451805492,99762946,123,KWALITY CHEM PVT LTD-NEPAL,123 POWER,123 POWER/PERFUME LAUNDRY SOAP/150GM/PPH,30,PPH,150GM ,,1641451805492-kwality chem pvt ltd-nepal-123 power.png,RECODING,5,2,99762860,44.2271,123,KWALITY CHEM PVT LTD-NEPAL,KWALITY,KWALITY,KWALITY-LAUNDRY SOAP PPH 200 GM,PLPCH,200.000 GM,,,200.0,GM,40.0
72,2022-01-07,202201,128840459,1641451805492,99762946,123,KWALITY CHEM PVT LTD-NEPAL,123 POWER,123 POWER/PERFUME LAUNDRY SOAP/150GM/PPH,30,PPH,150GM ,,1641451805492-kwality chem pvt ltd-nepal-123 power.png,RECODING,5,3,99763369,44.371407,123,KWALITY CHEM PVT LTD-NEPAL,KWALITY,KWALITY,KWALITY-LAUNDRY SOAP PPH 250 GM,PLPCH,250.000 GM,,,250.0,GM,50.0
72,2022-01-07,202201,128840459,1641451805492,99762946,123,KWALITY CHEM PVT LTD-NEPAL,123 POWER,123 POWER/PERFUME LAUNDRY SOAP/150GM/PPH,30,PPH,150GM ,,1641451805492-kwality chem pvt ltd-nepal-123 power.png,RECODING,5,4,99762708,44.39815,123,KWALITY CHEM PVT LTD-NEPAL,KWALITY,KWALITY,KWALITY-LAUNDRY SOAP PPH 100 GM,PLPCH,100.000 GM,,,100.0,GM,20.0
72,2022-01-07,202201,128840459,1641451805492,99762946,123,KWALITY CHEM PVT LTD-NEPAL,123 POWER,123 POWER/PERFUME LAUNDRY SOAP/150GM/PPH,30,PPH,150GM ,,1641451805492-kwality chem pvt ltd-nepal-123 power.png,RECODING,5,5,99762707,50.097984,123,KWALITY CHEM PVT LTD-NEPAL,KWALITY,KWALITY 2 IN 1,KWALITY 2 IN 1-BATH & WASH PERFUMED SOAP PPH 200 GM,PLPCH,200.000 GM,,,200.0,GM,40.0
72,2022-01-07,202201,128840459,1641451805492,99762946,123,KWALITY CHEM PVT LTD-NEPAL,123 POWER,123 POWER/PERFUME LAUNDRY SOAP/150GM/PPH,30,PPH,150GM ,,1641451805492-kwality chem pvt ltd-nepal-123 power.png,RECODING,5,6,99764431,52.817867,123,KWALITY CHEM PVT LTD-NEPAL,BISHAL,BISHAL,BISHAL-LAUNDRY SOAP PPH 125 GM,PLPCH,125.000 GM,,,125.0,GM,25.0
72,2022-01-07,202201,128840459,1641451805492,99762946,123,KWALITY CHEM PVT LTD-NEPAL,123 POWER,123 POWER/PERFUME LAUNDRY SOAP/150GM/PPH,30,PPH,150GM ,,1641451805492-kwality chem pvt ltd-nepal-123 power.png,RECODING,5,7,99763955,52.96409,123,KWALITY CHEM PVT LTD-NEPAL,PUREX,PUREX,PUREX-LAUNDRY SOAP PPH 200 GM,PLPCH,200.000 GM,,,200.0,GM,40.0
72,2022-01-07,202201,128840459,1641451805492,99762946,123,KWALITY CHEM PVT LTD-NEPAL,123 POWER,123 POWER/PERFUME LAUNDRY SOAP/150GM/PPH,30,PPH,150GM ,,1641451805492-kwality chem pvt ltd-nepal-123 power.png,RECODING,5,8,99764786,53.033012,123,KWALITY CHEM PVT LTD-NEPAL,PUREX,PUREX,PUREX-LAUNDRY SOAP PPH 250 GM,PLPCH,250.000 GM,,,250.0,GM,50.0
72,2022-01-07,202201,128840459,1641451805492,99762946,123,KWALITY CHEM PVT LTD-NEPAL,123 POWER,123 POWER/PERFUME LAUNDRY SOAP/150GM/PPH,30,PPH,150GM ,,1641451805492-kwality chem pvt ltd-nepal-123 power.png,RECODING,5,9,99764452,57.74276,123,KWALITY CHEM PVT LTD-NEPAL,DHAMAL,DHAMAL,DHAMAL-LAUNDRY SOAP PPH 200 GM,PLPCH,200.000 GM,,,200.0,GM,45.0
72,2022-01-07,202201,128840459,1641451805492,99762946,123,KWALITY CHEM PVT LTD-NEPAL,123 POWER,123 POWER/PERFUME LAUNDRY SOAP/150GM/PPH,30,PPH,150GM ,,1641451805492-kwality chem pvt ltd-nepal-123 power.png,RECODING,5,10,53913,57.78622,123,KWALITY CHEM PVT LTD-NEPAL,BISHAL,BISHAL,BISHAL-SUPER LAUNDRY SOAP PPH 220 GM,PLPCH,220.000 GM,,,220.0,GM,0.0
73,2022-01-07,202201,128840459,1641452705282,99762940,120,PT MEGASURYA MAS- INDONESIA,LARK BEAUTY SOAP,LARK BEAUTY SOAP/PEARL EXTRACT/150GM/EWP,100,EWP,150GM ,,1641452705282-pt megasurya mas- indonesia-lark beauty soap.png,RECODING,5,1,99762940,14.9074955,120,PT MEGASURYA MAS- INDONESIA,LARK,LARK BEAUTY SOAP,LARK BEAUTY SOAP-PEARL EXTRACT EWP 150 GM,EWRPK,150.000 GM,,,150.0,GM,100.0
73,2022-01-07,202201,128840459,1641452705282,99762940,120,PT MEGASURYA MAS- INDONESIA,LARK BEAUTY SOAP,LARK BEAUTY SOAP/PEARL EXTRACT/150GM/EWP,100,EWP,150GM ,,1641452705282-pt megasurya mas- indonesia-lark beauty soap.png,RECODING,5,2,92511218,122.95511,120,PT MEGASURYA MAS- INDONESIA,EVE,EVE CREAM SOAP,EVE CREAM SOAP-WHITE  CBP 80 GMS,CDBOX,80.000 GM,,,80.0,GM,0.0
73,2022-01-07,202201,128840459,1641452705282,99762940,120,PT MEGASURYA MAS- INDONESIA,LARK BEAUTY SOAP,LARK BEAUTY SOAP/PEARL EXTRACT/150GM/EWP,100,EWP,150GM ,,1641452705282-pt megasurya mas- indonesia-lark beauty soap.png,RECODING,5,3,92511242,127.4916,120,PT MUSAM MAS MEDAN - INDONESIA,LARK,LARK BEAUTY SOAP,LARK BEAUTY SOAP-WHITE  CBP 80 GMS,CDBOX,80.000 GM,,,80.0,GM,0.0
73,2022-01-07,202201,128840459,1641452705282,99762940,120,PT MEGASURYA MAS- INDONESIA,LARK BEAUTY SOAP,LARK BEAUTY SOAP/PEARL EXTRACT/150GM/EWP,100,EWP,150GM ,,1641452705282-pt megasurya mas- indonesia-lark beauty soap.png,RECODING,5,4,92511219,128.29846,120,PT MEGASURYA MAS- INDONESIA,EVE,EVE CREAM SOAP,EVE CREAM SOAP-GREEN  CBP 80 GMS,CDBOX,80.000 GM,,,80.0,GM,0.0
73,2022-01-07,202201,128840459,1641452705282,99762940,120,PT MEGASURYA MAS- INDONESIA,LARK BEAUTY SOAP,LARK BEAUTY SOAP/PEARL EXTRACT/150GM/EWP,100,EWP,150GM ,,1641452705282-pt megasurya mas- indonesia-lark beauty soap.png,RECODING,5,5,92512145,130.1196,120,PT MUSAM MAS MEDAN - INDONESIA,LARK,LARK BEAUTY SOAP,LARK BEAUTY SOAP-PINK  CBP 80 GMS,CDBOX,80.000 GM,,,80.0,GM,0.0
73,2022-01-07,202201,128840459,1641452705282,99762940,120,PT MEGASURYA MAS- INDONESIA,LARK BEAUTY SOAP,LARK BEAUTY SOAP/PEARL EXTRACT/150GM/EWP,100,EWP,150GM ,,1641452705282-pt megasurya mas- indonesia-lark beauty soap.png,RECODING,5,6,92515732,131.23734,120,PT BINA KARYA PRIYA -INDONESIA,LARK,LARK BEAUTY SOAP,LARK BEAUTY SOAP-WHITE CBP 80 GMS,CDBOX,80.000 GM,,,80.0,GM,0.0
73,2022-01-07,202201,128840459,1641452705282,99762940,120,PT MEGASURYA MAS- INDONESIA,LARK BEAUTY SOAP,LARK BEAUTY SOAP/PEARL EXTRACT/150GM/EWP,100,EWP,150GM ,,1641452705282-pt megasurya mas- indonesia-lark beauty soap.png,RECODING,5,7,92512144,132.62027,120,PT MUSAM MAS MEDAN - INDONESIA,LARK,LARK BEAUTY SOAP,LARK BEAUTY SOAP-GREEN  CBP 80 GMS,CDBOX,80.000 GM,,,80.0,GM,0.0
73,2022-01-07,202201,128840459,1641452705282,99762940,120,PT MEGASURYA MAS- INDONESIA,LARK BEAUTY SOAP,LARK BEAUTY SOAP/PEARL EXTRACT/150GM/EWP,100,EWP,150GM ,,1641452705282-pt megasurya mas- indonesia-lark beauty soap.png,RECODING,5,8,92515734,133.16455,120,PT BINA KARYA PRIYA -INDONESIA,LARK,LARK BEAUTY SOAP,LARK BEAUTY SOAP-PINK CBP 80 GMS,CDBOX,80.000 GM,,,80.0,GM,0.0
73,2022-01-07,202201,128840459,1641452705282,99762940,120,PT MEGASURYA MAS- INDONESIA,LARK BEAUTY SOAP,LARK BEAUTY SOAP/PEARL EXTRACT/150GM/EWP,100,EWP,150GM ,,1641452705282-pt megasurya mas- indonesia-lark beauty soap.png,RECODING,5,9,92515733,133.313,120,PT BINA KARYA PRIYA -INDONESIA,LARK,LARK BEAUTY SOAP,LARK BEAUTY SOAP-GREEN CBP 80 GMS,CDBOX,80.000 GM,,,80.0,GM,0.0
73,2022-01-07,202201,128840459,1641452705282,99762940,120,PT MEGASURYA MAS- INDONESIA,LARK BEAUTY SOAP,LARK BEAUTY SOAP/PEARL EXTRACT/150GM/EWP,100,EWP,150GM ,,1641452705282-pt megasurya mas- indonesia-lark beauty soap.png,RECODING,5,10,92515966,173.84369,120,PT MEGASURYA MAS- INDONESIA,HARMONY,HARMONY,HARMONY-GRAPE EWP 85 GMS,EWRPK,85.000 GM,,,85.0,GM,0.0
74,2022-01-07,202201,128840459,1641455948325,99762942,122,HINDUSTAN UNILEVER LTD-INDIA,SURF EXCEL,SURF EXCEL/EASY WASH/500GM/PPH,100,PPH,500GM ,,1641455948325-hindustan unilever ltd-india-surf excel.png,RECODING,5,1,99762942,17.342752,122,HINDUSTAN UNILEVER LTD-INDIA,SURF,SURF EXCEL,SURF EXCEL-EASY WASH PPH 500 GM,PLPCH,500.000 GM,,,500.0,GM,100.0
74,2022-01-07,202201,128840459,1641455948325,99762942,122,HINDUSTAN UNILEVER LTD-INDIA,SURF EXCEL,SURF EXCEL/EASY WASH/500GM/PPH,100,PPH,500GM ,,1641455948325-hindustan unilever ltd-india-surf excel.png,RECODING,5,2,99763341,18.146988,122,HINDUSTAN UNILEVER LTD-INDIA,SURF,SURF EXCEL,SURF EXCEL-EASY WASH PPH 1000 GM,PLPCH,1000.000 GM,,,1000.0,GM,215.0
74,2022-01-07,202201,128840459,1641455948325,99762942,122,HINDUSTAN UNILEVER LTD-INDIA,SURF EXCEL,SURF EXCEL/EASY WASH/500GM/PPH,100,PPH,500GM ,,1641455948325-hindustan unilever ltd-india-surf excel.png,RECODING,5,3,99763430,19.068039,122,HINDUSTAN UNILEVER LTD-INDIA,SURF,SURF EXCEL,SURF EXCEL-EASY WASH PPH 80 GM,PLPCH,80.000 GM,,,80.0,GM,20.0
74,2022-01-07,202201,128840459,1641455948325,99762942,122,HINDUSTAN UNILEVER LTD-INDIA,SURF EXCEL,SURF EXCEL/EASY WASH/500GM/PPH,100,PPH,500GM ,,1641455948325-hindustan unilever ltd-india-surf excel.png,RECODING,5,4,99762720,26.408276,122,HINDUSTAN UNILEVER LTD-INDIA,SURF,SURF EXCEL,SURF EXCEL-QUICK WASH PPH 12 GMS,PLPCH,12.000 GM,,,12.0,GM,4.0
74,2022-01-07,202201,128840459,1641455948325,99762942,122,HINDUSTAN UNILEVER LTD-INDIA,SURF EXCEL,SURF EXCEL/EASY WASH/500GM/PPH,100,PPH,500GM ,,1641455948325-hindustan unilever ltd-india-surf excel.png,RECODING,5,5,54257,76.436485,122,UNILEVER NEPAL LTD-NEPAL,SURF,SURF EXCEL,SURF EXCEL-EASY WASH PPH 500 GM+RS 9.6 OFF,PLPCH,500.000 GM,,,500.0,GM,0.0
74,2022-01-07,202201,128840459,1641455948325,99762942,122,HINDUSTAN UNILEVER LTD-INDIA,SURF EXCEL,SURF EXCEL/EASY WASH/500GM/PPH,100,PPH,500GM ,,1641455948325-hindustan unilever ltd-india-surf excel.png,RECODING,5,6,93062286,77.8719,122,UNILEVER NEPAL LTD-NEPAL,SURF,SURF EXCEL,SURF EXCEL-EASY WASH PPH 500 GM+RS 20.08 OFF,PLPCH,500.000 GM,,,500.0,GM,0.0
74,2022-01-07,202201,128840459,1641455948325,99762942,122,HINDUSTAN UNILEVER LTD-INDIA,SURF EXCEL,SURF EXCEL/EASY WASH/500GM/PPH,100,PPH,500GM ,,1641455948325-hindustan unilever ltd-india-surf excel.png,RECODING,5,7,50223,83.39876,122,UNILEVER NEPAL LTD-NEPAL,SURF,SURF EXCEL,SURF EXCEL-QUICK WASH PPH 500 GMS+RS16 OFF,PLPCH,500.000 GM,,,500.0,GM,0.0
74,2022-01-07,202201,128840459,1641455948325,99762942,122,HINDUSTAN UNILEVER LTD-INDIA,SURF EXCEL,SURF EXCEL/EASY WASH/500GM/PPH,100,PPH,500GM ,,1641455948325-hindustan unilever ltd-india-surf excel.png,RECODING,5,8,93027241,83.61167,122,UNILEVER NEPAL LTD-NEPAL,SURF,SURF EXCEL,SURF EXCEL-EASY WASH PPH 95 GMS,PLPCH,95.000 GM,,,95.0,GM,0.0
74,2022-01-07,202201,128840459,1641455948325,99762942,122,HINDUSTAN UNILEVER LTD-INDIA,SURF EXCEL,SURF EXCEL/EASY WASH/500GM/PPH,100,PPH,500GM ,,1641455948325-hindustan unilever ltd-india-surf excel.png,RECODING,5,9,47800,83.79979,122,UNILEVER NEPAL LTD-NEPAL,SURF,SURF EXCEL,SURF EXCEL-EASY WASH PPH 1500 GM+RS 32 OFF,PLPCH,1500.000 GM,,,1500.0,GM,0.0
74,2022-01-07,202201,128840459,1641455948325,99762942,122,HINDUSTAN UNILEVER LTD-INDIA,SURF EXCEL,SURF EXCEL/EASY WASH/500GM/PPH,100,PPH,500GM ,,1641455948325-hindustan unilever ltd-india-surf excel.png,RECODING,5,10,54648,84.33583,122,UNILEVER NEPAL LTD-NEPAL,SURF,SURF EXCEL,SURF EXCEL-QUICK WASH PPH 1000 GM+RS 24,PLPCH,1000.000 GM,,,1000.0,GM,0.0
75,2022-01-07,202201,128840459,1641451307077,,123,DINESH SOAP & HOUSEHOLD-NPL,DINESH PREMIUM LAUNDRY SOAP ,DINESH PREMIUM LAUNDRY SOAP/1200GM/PPH,210,PPH,1200GM,,1641451307077-dinesh soap - household-npl-dinesh premium laundry soap .png,PARKER FOR NEXT MONTH,999,1,53334,25.180435,123,DINESH SOAP & HOUSEHOLD-NPL,DINESH,DINESH,DINESH-PREMIUM LAUNDRY SOAP PPH 250 GM,PLPCH,250.000 GM,,,250.0,GM,0.0
75,2022-01-07,202201,128840459,1641451307077,,123,DINESH SOAP & HOUSEHOLD-NPL,DINESH PREMIUM LAUNDRY SOAP ,DINESH PREMIUM LAUNDRY SOAP/1200GM/PPH,210,PPH,1200GM,,1641451307077-dinesh soap - household-npl-dinesh premium laundry soap .png,PARKER FOR NEXT MONTH,999,2,53900,25.585804,123,DINESH SOAP & HOUSEHOLD-NPL,DINESH,DINESH,DINESH-PREMIUM LAUNDRY SOAP PPH 200 GM,PLPCH,200.000 GM,,,200.0,GM,0.0
75,2022-01-07,202201,128840459,1641451307077,,123,DINESH SOAP & HOUSEHOLD-NPL,DINESH PREMIUM LAUNDRY SOAP ,DINESH PREMIUM LAUNDRY SOAP/1200GM/PPH,210,PPH,1200GM,,1641451307077-dinesh soap - household-npl-dinesh premium laundry soap .png,PARKER FOR NEXT MONTH,999,3,99764048,25.981804,123,DINESH SOAP & HOUSEHOLD-NPL,DINESH,DINESH,DINESH-PREMIUM LAUNDRY SOAP PPH 150 GM,PLPCH,150.000 GM,,,150.0,GM,30.0
75,2022-01-07,202201,128840459,1641451307077,,123,DINESH SOAP & HOUSEHOLD-NPL,DINESH PREMIUM LAUNDRY SOAP ,DINESH PREMIUM LAUNDRY SOAP/1200GM/PPH,210,PPH,1200GM,,1641451307077-dinesh soap - household-npl-dinesh premium laundry soap .png,PARKER FOR NEXT MONTH,999,4,99763342,26.539501,123,DINESH SOAP & HOUSEHOLD-NPL,DINESH,DINESH,DINESH-PREMIUM LAUNDRY SOAP PPH 6*200 GM [1200 GM],PLPCH,200.000 GM,,,1200.0,GM,210.0
75,2022-01-07,202201,128840459,1641451307077,,123,DINESH SOAP & HOUSEHOLD-NPL,DINESH PREMIUM LAUNDRY SOAP ,DINESH PREMIUM LAUNDRY SOAP/1200GM/PPH,210,PPH,1200GM,,1641451307077-dinesh soap - household-npl-dinesh premium laundry soap .png,PARKER FOR NEXT MONTH,999,5,99764892,30.48335,123,DINESH SOAP & HOUSEHOLD-NPL,DINESH,DINESH,DINESH-PREMIUM LAUNDRY SOAP PPH 4*200 GM [800 GM],PLPCH,200.000 GM,,,800.0,GM,200.0
75,2022-01-07,202201,128840459,1641451307077,,123,DINESH SOAP & HOUSEHOLD-NPL,DINESH PREMIUM LAUNDRY SOAP ,DINESH PREMIUM LAUNDRY SOAP/1200GM/PPH,210,PPH,1200GM,,1641451307077-dinesh soap - household-npl-dinesh premium laundry soap .png,PARKER FOR NEXT MONTH,999,6,99762759,30.513695,123,DINESH SOAP & HOUSEHOLD-NPL,DINESH,DINESH SUPER 7,DINESH SUPER 7-LAUNDRY SOAP PPH 200 GM,PLPCH,200.000 GM,,,200.0,GM,40.0
75,2022-01-07,202201,128840459,1641451307077,,123,DINESH SOAP & HOUSEHOLD-NPL,DINESH PREMIUM LAUNDRY SOAP ,DINESH PREMIUM LAUNDRY SOAP/1200GM/PPH,210,PPH,1200GM,,1641451307077-dinesh soap - household-npl-dinesh premium laundry soap .png,PARKER FOR NEXT MONTH,999,7,99763026,31.395584,123,DINESH SOAP & HOUSEHOLD-NPL,DINESH,DINESH SUPER 7,DINESH SUPER 7-LAUNDRY SOAP PPH 150 GM,PLPCH,150.000 GM,,,150.0,GM,30.0
75,2022-01-07,202201,128840459,1641451307077,,123,DINESH SOAP & HOUSEHOLD-NPL,DINESH PREMIUM LAUNDRY SOAP ,DINESH PREMIUM LAUNDRY SOAP/1200GM/PPH,210,PPH,1200GM,,1641451307077-dinesh soap - household-npl-dinesh premium laundry soap .png,PARKER FOR NEXT MONTH,999,8,99762768,31.849709,123,DINESH SOAP & HOUSEHOLD-NPL,DINESH,DINESH SUPER 7,DINESH SUPER 7-LAUNDRY SOAP PPH 100 GM,PLPCH,100.000 GM,,,100.0,GM,20.0
75,2022-01-07,202201,128840459,1641451307077,,123,DINESH SOAP & HOUSEHOLD-NPL,DINESH PREMIUM LAUNDRY SOAP ,DINESH PREMIUM LAUNDRY SOAP/1200GM/PPH,210,PPH,1200GM,,1641451307077-dinesh soap - household-npl-dinesh premium laundry soap .png,PARKER FOR NEXT MONTH,999,9,53596,55.77144,123,DINESH SOAP & HOUSEHOLD-NPL,DINESH,DINESH,DINESH-NEW PPH 90 GM,PLPCH,90.000 GM,,,90.0,GM,0.0
75,2022-01-07,202201,128840459,1641451307077,,123,DINESH SOAP & HOUSEHOLD-NPL,DINESH PREMIUM LAUNDRY SOAP ,DINESH PREMIUM LAUNDRY SOAP/1200GM/PPH,210,PPH,1200GM,,1641451307077-dinesh soap - household-npl-dinesh premium laundry soap .png,PARKER FOR NEXT MONTH,999,10,99762811,63.15335,123,DINESH SOAP & HOUSEHOLD-NPL,DAZ,DAZ,DAZ-LAUNDARY SOAP PPH 200 GM,PLPCH,200.000 GM,,,200.0,GM,55.0
76,2022-01-07,202201,130187486,1641368742158,99762941,121,COLGATE PALMOLIVE INDIA ,COLGATE MAX FRESH GEL,COLGATE MAX FRESH/RED GEL COOLING CRYSTALS/19GM/TUBE/FREE 15% EXTRA ,16,TUBE ,19GM,,1641368742158-colgate palmolive india -colgate max fresh gel.png,RECODING,5,1,99762941,50.180817,121,COLGATE PALMOLIVE- NEPAL,COLGATE,COLGATE MAX FRESH GEL,COLGATE MAX FRESH GEL-RED COOLING CRYST TUB 19GM+15% EXTRA,TUBE,19.000 GM,,,22.0,GM,16.0
76,2022-01-07,202201,130187486,1641368742158,99762941,121,COLGATE PALMOLIVE INDIA ,COLGATE MAX FRESH GEL,COLGATE MAX FRESH/RED GEL COOLING CRYSTALS/19GM/TUBE/FREE 15% EXTRA ,16,TUBE ,19GM,,1641368742158-colgate palmolive india -colgate max fresh gel.png,RECODING,5,2,99762723,51.266167,121,COLGATE PALMOLIVE- NEPAL,COLGATE,COLGATE MAX FRESH GEL,COLGATE MAX FRESH GEL-RED COOLING CRYST TUB 18GM+15% EX[3G],TUBE,18.000 GM,,,21.0,GM,16.0
76,2022-01-07,202201,130187486,1641368742158,99762941,121,COLGATE PALMOLIVE INDIA ,COLGATE MAX FRESH GEL,COLGATE MAX FRESH/RED GEL COOLING CRYSTALS/19GM/TUBE/FREE 15% EXTRA ,16,TUBE ,19GM,,1641368742158-colgate palmolive india -colgate max fresh gel.png,RECODING,5,3,46208,52.95323,121,COLGATE PALMOLIVE- NEPAL,COLGATE,COLGATE MAX FRESH GEL,COLGATE MAX FRESH GEL-RED COOLING CRYSTL TUB 22GM,TUBE,22.000 GM,,,22.0,GM,0.0
76,2022-01-07,202201,130187486,1641368742158,99762941,121,COLGATE PALMOLIVE INDIA ,COLGATE MAX FRESH GEL,COLGATE MAX FRESH/RED GEL COOLING CRYSTALS/19GM/TUBE/FREE 15% EXTRA ,16,TUBE ,19GM,,1641368742158-colgate palmolive india -colgate max fresh gel.png,RECODING,5,4,99763292,53.002945,121,COLGATE PALMOLIVE- NEPAL,COLGATE,COLGATE MAX FRESH GEL,COLGATE MAX FRESH GEL-RED COOLING CRYST TUB 18GM,TUBE,18.000 GM,,,18.0,GM,20.0
76,2022-01-07,202201,130187486,1641368742158,99762941,121,COLGATE PALMOLIVE INDIA ,COLGATE MAX FRESH GEL,COLGATE MAX FRESH/RED GEL COOLING CRYSTALS/19GM/TUBE/FREE 15% EXTRA ,16,TUBE ,19GM,,1641368742158-colgate palmolive india -colgate max fresh gel.png,RECODING,5,5,53122,55.10115,121,COLGATE PALMOLIVE- NEPAL,COLGATE,COLGATE MAX FRESH GEL,COLGATE MAX FRESH GEL-RED COOLING CRYST TUB 20 GM,TUBE,20.000 GM,,,20.0,GM,0.0
76,2022-01-07,202201,130187486,1641368742158,99762941,121,COLGATE PALMOLIVE INDIA ,COLGATE MAX FRESH GEL,COLGATE MAX FRESH/RED GEL COOLING CRYSTALS/19GM/TUBE/FREE 15% EXTRA ,16,TUBE ,19GM,,1641368742158-colgate palmolive india -colgate max fresh gel.png,RECODING,5,6,54904,56.64261,121,COLGATE PALMOLIVE- NEPAL,COLGATE,COLGATE MAX FRESH GEL,COLGATE MAX FRESH GEL-REDCLNG CRYS TUB 20GM+15% EX[3G],TUBE,20.000 GM,,,23.0,GM,0.0
76,2022-01-07,202201,130187486,1641368742158,99762941,121,COLGATE PALMOLIVE INDIA ,COLGATE MAX FRESH GEL,COLGATE MAX FRESH/RED GEL COOLING CRYSTALS/19GM/TUBE/FREE 15% EXTRA ,16,TUBE ,19GM,,1641368742158-colgate palmolive india -colgate max fresh gel.png,RECODING,5,7,51369,57.98857,121,COLGATE PALMOLIVE- NEPAL,COLGATE,COLGATE MAX FRESH GEL,COLGATE MAX FRESH GEL-RED COOLNG CRYSTL TUB 70GM,TUBE,70.000 GM,,,70.0,GM,0.0
76,2022-01-07,202201,130187486,1641368742158,99762941,121,COLGATE PALMOLIVE INDIA ,COLGATE MAX FRESH GEL,COLGATE MAX FRESH/RED GEL COOLING CRYSTALS/19GM/TUBE/FREE 15% EXTRA ,16,TUBE ,19GM,,1641368742158-colgate palmolive india -colgate max fresh gel.png,RECODING,5,8,99762421,60.127594,121,COLGATE PALMOLIVE- NEPAL,COLGATE,COLGATE MAX FRESH GEL,COLGATE MAX FRESH GEL-RED TUB 19 GMS,TUBE,19.000 GM,,,19.0,GM,16.0
76,2022-01-07,202201,130187486,1641368742158,99762941,121,COLGATE PALMOLIVE INDIA ,COLGATE MAX FRESH GEL,COLGATE MAX FRESH/RED GEL COOLING CRYSTALS/19GM/TUBE/FREE 15% EXTRA ,16,TUBE ,19GM,,1641368742158-colgate palmolive india -colgate max fresh gel.png,RECODING,5,9,92725499,61.68387,121,COLGATE PALMOLIVE- NEPAL,COLGATE,COLGATE MAX FRESH GEL,COLGATE MAX FRESH GEL-RED TUB 15 GMS,TUBE,15.000 GM,,,15.0,GM,0.0
76,2022-01-07,202201,130187486,1641368742158,99762941,121,COLGATE PALMOLIVE INDIA ,COLGATE MAX FRESH GEL,COLGATE MAX FRESH/RED GEL COOLING CRYSTALS/19GM/TUBE/FREE 15% EXTRA ,16,TUBE ,19GM,,1641368742158-colgate palmolive india -colgate max fresh gel.png,RECODING,5,10,99763669,62.916737,121,COLGATE PALMOLIVE- NEPAL,COLGATE,COLGATE MAX FRESH GEL,COLGATE MAX FRESH GEL-RED TUB 36 GMS+20% EXT,TUBE,36.000 GM,,,43.0,GM,30.0
77,2022-01-07,202201,130187486,1641269472859,99762919,111,EMAMI LTD. -INDIA,EMAMI KESH KING,EMAMI KESH KING/SCALP AND HAIR MEDICINE/50ML/PBT,128,PBT,50ML,,1641269472859-emami ltd- -india-emami kesh king.png,RECODING,5,1,99762919,31.394978,111,EMAMI LTD. -INDIA,EMAMI,EMAMI KESH KING,EMAMI KESH KING-SCALP HAIR MEDICID PBT 50 ML,PLBOT,50.000 ML,,,50.0,ML,128.0
77,2022-01-07,202201,130187486,1641269472859,99762919,111,EMAMI LTD. -INDIA,EMAMI KESH KING,EMAMI KESH KING/SCALP AND HAIR MEDICINE/50ML/PBT,128,PBT,50ML,,1641269472859-emami ltd- -india-emami kesh king.png,RECODING,5,2,51930,36.058197,111,EMAMI LTD. -INDIA,EMAMI,EMAMI KESH KING,EMAMI KESH KING-SCALP HAIR MEDICID PBT 50 ML+20%EXT,PLBOT,50.000 ML,,,60.0,ML,0.0
77,2022-01-07,202201,130187486,1641269472859,99762919,111,EMAMI LTD. -INDIA,EMAMI KESH KING,EMAMI KESH KING/SCALP AND HAIR MEDICINE/50ML/PBT,128,PBT,50ML,,1641269472859-emami ltd- -india-emami kesh king.png,RECODING,5,3,50916,40.08265,111,EMAMI LTD. -INDIA,EMAMI,EMAMI KESH KING,EMAMI KESH KING-SCALP HAIR MED PBT 100 ML+FR ZANDU BALM,PLBOT,100.000 ML,,,100.0,ML,0.0
77,2022-01-07,202201,130187486,1641269472859,99762919,111,EMAMI LTD. -INDIA,EMAMI KESH KING,EMAMI KESH KING/SCALP AND HAIR MEDICINE/50ML/PBT,128,PBT,50ML,,1641269472859-emami ltd- -india-emami kesh king.png,RECODING,5,4,99762976,40.245235,111,EMAMI LTD. -INDIA,EMAMI,EMAMI KESH KING,EMAMI KESH KING-SCALP HAIR MEDICID PBT 300 ML+50%EXT,PLBOT,300.000 ML,,,450.0,ML,540.0
77,2022-01-07,202201,130187486,1641269472859,99762919,111,EMAMI LTD. -INDIA,EMAMI KESH KING,EMAMI KESH KING/SCALP AND HAIR MEDICINE/50ML/PBT,128,PBT,50ML,,1641269472859-emami ltd- -india-emami kesh king.png,RECODING,5,5,50921,41.651276,111,EMAMI LTD. -INDIA,EMAMI,EMAMI KESH KING,EMAMI KESH KING-SCALP HAIR MEDICID PBT 200 ML+50%EXT,PLBOT,200.000 ML,,,300.0,ML,0.0
77,2022-01-07,202201,130187486,1641269472859,99762919,111,EMAMI LTD. -INDIA,EMAMI KESH KING,EMAMI KESH KING/SCALP AND HAIR MEDICINE/50ML/PBT,128,PBT,50ML,,1641269472859-emami ltd- -india-emami kesh king.png,RECODING,5,6,52409,44.062233,111,EMAMI LTD. -INDIA,EMAMI,EMAMI KESH KING,EMAMI KESH KING-SCALP HAIR MEDICID PBT 60 ML,PLBOT,60.000 ML,,,60.0,ML,0.0
77,2022-01-07,202201,130187486,1641269472859,99762919,111,EMAMI LTD. -INDIA,EMAMI KESH KING,EMAMI KESH KING/SCALP AND HAIR MEDICINE/50ML/PBT,128,PBT,50ML,,1641269472859-emami ltd- -india-emami kesh king.png,RECODING,5,7,46066,46.13549,111,EMAMI LTD. -INDIA,EMAMI,EMAMI KESH KING,EMAMI KESH KING-SCALP HAIR MEDICID PBT 100 ML+20%EXT,PLBOT,100.000 ML,,,120.0,ML,0.0
77,2022-01-07,202201,130187486,1641269472859,99762919,111,EMAMI LTD. -INDIA,EMAMI KESH KING,EMAMI KESH KING/SCALP AND HAIR MEDICINE/50ML/PBT,128,PBT,50ML,,1641269472859-emami ltd- -india-emami kesh king.png,RECODING,5,8,50915,47.029633,111,EMAMI LTD. -INDIA,EMAMI,EMAMI KESH KING,EMAMI KESH KING-SCALP HAIR MEDICID PBT 100 ML,PLBOT,100.000 ML,,,100.0,ML,0.0
77,2022-01-07,202201,130187486,1641269472859,99762919,111,EMAMI LTD. -INDIA,EMAMI KESH KING,EMAMI KESH KING/SCALP AND HAIR MEDICINE/50ML/PBT,128,PBT,50ML,,1641269472859-emami ltd- -india-emami kesh king.png,RECODING,5,9,52159,57.61737,111,EMAMI LTD. -INDIA,EMAMI,EMAMI KESH KING PLUS,EMAMI KESH KING PLUS-HERBAL HAIR OIL PBT 100 ML+20% EXT,PLBOT,100.000 ML,,,120.0,ML,0.0
77,2022-01-07,202201,130187486,1641269472859,99762919,111,EMAMI LTD. -INDIA,EMAMI KESH KING,EMAMI KESH KING/SCALP AND HAIR MEDICINE/50ML/PBT,128,PBT,50ML,,1641269472859-emami ltd- -india-emami kesh king.png,RECODING,5,10,51330,67.33673,111,EMAMI LTD. -INDIA,EMAMI,EMAMI KESH KING,EMAMI KESH KING-SCALP HR MED PBT 110 ML+FR BOROPLUS 19ML,PLBOT,110.000 ML,,,110.0,ML,0.0
78,2022-01-07,202201,129020606,1641356301817,99762939,120,UNILEVER NEPAL LTD-NEPAL,LIFE BUOY,LIFE BUOY\95GM\EWP\TOTAL PORFECT ACTIVE SILVER SAVE RS.12.00 PACK OF 4NOSX95GM,120,EWP,95GM,,1641356301817-unilever nepal ltd-nepal-life buoy.png,RECODING,5,1,99762939,44.054573,120,UNILEVER NEPAL LTD-NEPAL,LIFE BUOY,LIFE BUOY TOTAL,LIFE BUOY TOTAL-ACTIV SILVER EWP 4*95 GM+SAVE RS12,EWRPK,95.000 GM,,,380.0,GM,140.0
78,2022-01-07,202201,129020606,1641356301817,99762939,120,UNILEVER NEPAL LTD-NEPAL,LIFE BUOY,LIFE BUOY\95GM\EWP\TOTAL PORFECT ACTIVE SILVER SAVE RS.12.00 PACK OF 4NOSX95GM,120,EWP,95GM,,1641356301817-unilever nepal ltd-nepal-life buoy.png,RECODING,5,2,99762416,44.94429,120,UNILEVER NEPAL LTD-NEPAL,LIFE BUOY,LIFE BUOY TOTAL,LIFE BUOY TOTAL-ACTIV SILVER EWP 4*95 GM+SAVE RS20,EWRPK,95.000 GM,,,380.0,GM,120.0
78,2022-01-07,202201,129020606,1641356301817,99762939,120,UNILEVER NEPAL LTD-NEPAL,LIFE BUOY,LIFE BUOY\95GM\EWP\TOTAL PORFECT ACTIVE SILVER SAVE RS.12.00 PACK OF 4NOSX95GM,120,EWP,95GM,,1641356301817-unilever nepal ltd-nepal-life buoy.png,RECODING,5,3,99763881,47.975285,120,UNILEVER NEPAL LTD-NEPAL,LIFE BUOY,LIFE BUOY TOTAL PROTECT,LIFE BUOY TOTAL PROTECT-ACTIV SILVER EWP 4*95 GM+SAVE RS 5,EWRPK,95.000 GM,,,380.0,GM,155.0
78,2022-01-07,202201,129020606,1641356301817,99762939,120,UNILEVER NEPAL LTD-NEPAL,LIFE BUOY,LIFE BUOY\95GM\EWP\TOTAL PORFECT ACTIVE SILVER SAVE RS.12.00 PACK OF 4NOSX95GM,120,EWP,95GM,,1641356301817-unilever nepal ltd-nepal-life buoy.png,RECODING,5,4,99763291,48.70881,120,UNILEVER NEPAL LTD-NEPAL,LIFE BUOY,LIFE BUOY TOTAL PROTECT,LIFE BUOY TOTAL PROTECT-ACTIV SILVER EWP 4*95 GM+SAVE RS12,EWRPK,95.000 GM,,,380.0,GM,140.0
78,2022-01-07,202201,129020606,1641356301817,99762939,120,UNILEVER NEPAL LTD-NEPAL,LIFE BUOY,LIFE BUOY\95GM\EWP\TOTAL PORFECT ACTIVE SILVER SAVE RS.12.00 PACK OF 4NOSX95GM,120,EWP,95GM,,1641356301817-unilever nepal ltd-nepal-life buoy.png,RECODING,5,5,99763126,48.995686,120,UNILEVER NEPAL LTD-NEPAL,LIFE BUOY,LIFE BUOY TOTAL PROTECT,LIFE BUOY TOTAL PROTECT-ACTIV SILVER EWP 4*95 GM+SAVE RS20,EWRPK,95.000 GM,,,380.0,GM,120.0
78,2022-01-07,202201,129020606,1641356301817,99762939,120,UNILEVER NEPAL LTD-NEPAL,LIFE BUOY,LIFE BUOY\95GM\EWP\TOTAL PORFECT ACTIVE SILVER SAVE RS.12.00 PACK OF 4NOSX95GM,120,EWP,95GM,,1641356301817-unilever nepal ltd-nepal-life buoy.png,RECODING,5,6,99763348,50.87685,120,UNILEVER NEPAL LTD-NEPAL,LIFE BUOY,LIFE BUOY TOTAL PROTECT,LIFE BUOY TOTAL PROTECT-ACTIV SILVER EWP 4*95 GM+SAVE RS10,EWRPK,95.000 GM,,,380.0,GM,138.0
78,2022-01-07,202201,129020606,1641356301817,99762939,120,UNILEVER NEPAL LTD-NEPAL,LIFE BUOY,LIFE BUOY\95GM\EWP\TOTAL PORFECT ACTIVE SILVER SAVE RS.12.00 PACK OF 4NOSX95GM,120,EWP,95GM,,1641356301817-unilever nepal ltd-nepal-life buoy.png,RECODING,5,7,99764478,50.993145,120,UNILEVER NEPAL LTD-NEPAL,LIFE BUOY,LIFE BUOY TOTAL PROTECT,LIFE BUOY TOTAL PROTECT-ACTIV SILVER EWP 4*90 GM+SAVE RS 5,EWRPK,90.000 GM,,,360.0,GM,155.0
78,2022-01-07,202201,129020606,1641356301817,99762939,120,UNILEVER NEPAL LTD-NEPAL,LIFE BUOY,LIFE BUOY\95GM\EWP\TOTAL PORFECT ACTIVE SILVER SAVE RS.12.00 PACK OF 4NOSX95GM,120,EWP,95GM,,1641356301817-unilever nepal ltd-nepal-life buoy.png,RECODING,5,8,52952,56.62861,120,UNILEVER NEPAL LTD-NEPAL,LIFE BUOY,LIFE BUOY TOTAL,LIFE BUOY TOTAL-ACTIV SILVER EWP 4*95 GM 100%SGP,EWRPK,95.000 GM,,,380.0,GM,0.0
78,2022-01-07,202201,129020606,1641356301817,99762939,120,UNILEVER NEPAL LTD-NEPAL,LIFE BUOY,LIFE BUOY\95GM\EWP\TOTAL PORFECT ACTIVE SILVER SAVE RS.12.00 PACK OF 4NOSX95GM,120,EWP,95GM,,1641356301817-unilever nepal ltd-nepal-life buoy.png,RECODING,5,9,51728,56.745354,120,UNILEVER NEPAL LTD-NEPAL,LIFE BUOY,LIFE BUOY TOTAL,LIFE BUOY TOTAL-ACTIV SILVER EWP 4*95 GM+RS10,EWRPK,95.000 GM,,,380.0,GM,0.0
78,2022-01-07,202201,129020606,1641356301817,99762939,120,UNILEVER NEPAL LTD-NEPAL,LIFE BUOY,LIFE BUOY\95GM\EWP\TOTAL PORFECT ACTIVE SILVER SAVE RS.12.00 PACK OF 4NOSX95GM,120,EWP,95GM,,1641356301817-unilever nepal ltd-nepal-life buoy.png,RECODING,5,10,52653,57.31369,120,UNILEVER NEPAL LTD-NEPAL,LIFE BUOY,LIFE BUOY TOTAL,LIFE BUOY TOTAL-SILVER SHLD EWP 4*65 GM 100%SGP,EWRPK,65.000 GM,,,260.0,GM,0.0
79,2022-01-07,202201,130000703,1641356301817,99762939,120,UNILEVER NEPAL LTD-NEPAL,LIFE BUOY,LIFE BUOY\95GM\EWP\TOTAL PORFECT ACTIVE SILVER SAVE RS.12.00 PACK OF 4NOSX95GM,120,EWP,95GM,,1641356301817-unilever nepal ltd-nepal-life buoy.png,RECODING,5,1,99762939,44.054573,120,UNILEVER NEPAL LTD-NEPAL,LIFE BUOY,LIFE BUOY TOTAL,LIFE BUOY TOTAL-ACTIV SILVER EWP 4*95 GM+SAVE RS12,EWRPK,95.000 GM,,,380.0,GM,140.0
79,2022-01-07,202201,130000703,1641356301817,99762939,120,UNILEVER NEPAL LTD-NEPAL,LIFE BUOY,LIFE BUOY\95GM\EWP\TOTAL PORFECT ACTIVE SILVER SAVE RS.12.00 PACK OF 4NOSX95GM,120,EWP,95GM,,1641356301817-unilever nepal ltd-nepal-life buoy.png,RECODING,5,2,99762416,44.94429,120,UNILEVER NEPAL LTD-NEPAL,LIFE BUOY,LIFE BUOY TOTAL,LIFE BUOY TOTAL-ACTIV SILVER EWP 4*95 GM+SAVE RS20,EWRPK,95.000 GM,,,380.0,GM,120.0
79,2022-01-07,202201,130000703,1641356301817,99762939,120,UNILEVER NEPAL LTD-NEPAL,LIFE BUOY,LIFE BUOY\95GM\EWP\TOTAL PORFECT ACTIVE SILVER SAVE RS.12.00 PACK OF 4NOSX95GM,120,EWP,95GM,,1641356301817-unilever nepal ltd-nepal-life buoy.png,RECODING,5,3,99763881,47.975285,120,UNILEVER NEPAL LTD-NEPAL,LIFE BUOY,LIFE BUOY TOTAL PROTECT,LIFE BUOY TOTAL PROTECT-ACTIV SILVER EWP 4*95 GM+SAVE RS 5,EWRPK,95.000 GM,,,380.0,GM,155.0
79,2022-01-07,202201,130000703,1641356301817,99762939,120,UNILEVER NEPAL LTD-NEPAL,LIFE BUOY,LIFE BUOY\95GM\EWP\TOTAL PORFECT ACTIVE SILVER SAVE RS.12.00 PACK OF 4NOSX95GM,120,EWP,95GM,,1641356301817-unilever nepal ltd-nepal-life buoy.png,RECODING,5,4,99763291,48.70881,120,UNILEVER NEPAL LTD-NEPAL,LIFE BUOY,LIFE BUOY TOTAL PROTECT,LIFE BUOY TOTAL PROTECT-ACTIV SILVER EWP 4*95 GM+SAVE RS12,EWRPK,95.000 GM,,,380.0,GM,140.0
79,2022-01-07,202201,130000703,1641356301817,99762939,120,UNILEVER NEPAL LTD-NEPAL,LIFE BUOY,LIFE BUOY\95GM\EWP\TOTAL PORFECT ACTIVE SILVER SAVE RS.12.00 PACK OF 4NOSX95GM,120,EWP,95GM,,1641356301817-unilever nepal ltd-nepal-life buoy.png,RECODING,5,5,99763126,48.995686,120,UNILEVER NEPAL LTD-NEPAL,LIFE BUOY,LIFE BUOY TOTAL PROTECT,LIFE BUOY TOTAL PROTECT-ACTIV SILVER EWP 4*95 GM+SAVE RS20,EWRPK,95.000 GM,,,380.0,GM,120.0
79,2022-01-07,202201,130000703,1641356301817,99762939,120,UNILEVER NEPAL LTD-NEPAL,LIFE BUOY,LIFE BUOY\95GM\EWP\TOTAL PORFECT ACTIVE SILVER SAVE RS.12.00 PACK OF 4NOSX95GM,120,EWP,95GM,,1641356301817-unilever nepal ltd-nepal-life buoy.png,RECODING,5,6,99763348,50.87685,120,UNILEVER NEPAL LTD-NEPAL,LIFE BUOY,LIFE BUOY TOTAL PROTECT,LIFE BUOY TOTAL PROTECT-ACTIV SILVER EWP 4*95 GM+SAVE RS10,EWRPK,95.000 GM,,,380.0,GM,138.0
79,2022-01-07,202201,130000703,1641356301817,99762939,120,UNILEVER NEPAL LTD-NEPAL,LIFE BUOY,LIFE BUOY\95GM\EWP\TOTAL PORFECT ACTIVE SILVER SAVE RS.12.00 PACK OF 4NOSX95GM,120,EWP,95GM,,1641356301817-unilever nepal ltd-nepal-life buoy.png,RECODING,5,7,99764478,50.993145,120,UNILEVER NEPAL LTD-NEPAL,LIFE BUOY,LIFE BUOY TOTAL PROTECT,LIFE BUOY TOTAL PROTECT-ACTIV SILVER EWP 4*90 GM+SAVE RS 5,EWRPK,90.000 GM,,,360.0,GM,155.0
79,2022-01-07,202201,130000703,1641356301817,99762939,120,UNILEVER NEPAL LTD-NEPAL,LIFE BUOY,LIFE BUOY\95GM\EWP\TOTAL PORFECT ACTIVE SILVER SAVE RS.12.00 PACK OF 4NOSX95GM,120,EWP,95GM,,1641356301817-unilever nepal ltd-nepal-life buoy.png,RECODING,5,8,52952,56.62861,120,UNILEVER NEPAL LTD-NEPAL,LIFE BUOY,LIFE BUOY TOTAL,LIFE BUOY TOTAL-ACTIV SILVER EWP 4*95 GM 100%SGP,EWRPK,95.000 GM,,,380.0,GM,0.0
79,2022-01-07,202201,130000703,1641356301817,99762939,120,UNILEVER NEPAL LTD-NEPAL,LIFE BUOY,LIFE BUOY\95GM\EWP\TOTAL PORFECT ACTIVE SILVER SAVE RS.12.00 PACK OF 4NOSX95GM,120,EWP,95GM,,1641356301817-unilever nepal ltd-nepal-life buoy.png,RECODING,5,9,51728,56.745354,120,UNILEVER NEPAL LTD-NEPAL,LIFE BUOY,LIFE BUOY TOTAL,LIFE BUOY TOTAL-ACTIV SILVER EWP 4*95 GM+RS10,EWRPK,95.000 GM,,,380.0,GM,0.0
79,2022-01-07,202201,130000703,1641356301817,99762939,120,UNILEVER NEPAL LTD-NEPAL,LIFE BUOY,LIFE BUOY\95GM\EWP\TOTAL PORFECT ACTIVE SILVER SAVE RS.12.00 PACK OF 4NOSX95GM,120,EWP,95GM,,1641356301817-unilever nepal ltd-nepal-life buoy.png,RECODING,5,10,52653,57.31369,120,UNILEVER NEPAL LTD-NEPAL,LIFE BUOY,LIFE BUOY TOTAL,LIFE BUOY TOTAL-SILVER SHLD EWP 4*65 GM 100%SGP,EWRPK,65.000 GM,,,260.0,GM,0.0
80,2022-01-07,202201,131065174,1641186790242,99762931,123,MAHASHAKTI SOAP & CHEM.- NEPAL,MAHASHAKTI,MAHASHAKTI\150GM\PPH\100%PURE WASHING  SOAP ,30,PPH,150GM,,1641186790242-mahashakti soap - chem-- nepal-mahashakti.png,RECODING,5,1,99762626,33.006706,123,MAHASHAKTI SOAP & CHEM.- NEPAL,MAHASHAKTI,MAHASHAKTI,MAHASHAKTI-PPH 100 GM,PLPCH,100.000 GM,,,100.0,GM,20.0
80,2022-01-07,202201,131065174,1641186790242,99762931,123,MAHASHAKTI SOAP & CHEM.- NEPAL,MAHASHAKTI,MAHASHAKTI\150GM\PPH\100%PURE WASHING  SOAP ,30,PPH,150GM,,1641186790242-mahashakti soap - chem-- nepal-mahashakti.png,RECODING,5,2,99762931,33.42405,123,MAHASHAKTI SOAP & CHEM.- NEPAL,MAHASHAKTI,MAHASHAKTI,MAHASHAKTI-PPH 150 GM,PLPCH,150.000 GM,,,150.0,GM,30.0
80,2022-01-07,202201,131065174,1641186790242,99762931,123,MAHASHAKTI SOAP & CHEM.- NEPAL,MAHASHAKTI,MAHASHAKTI\150GM\PPH\100%PURE WASHING  SOAP ,30,PPH,150GM,,1641186790242-mahashakti soap - chem-- nepal-mahashakti.png,RECODING,5,3,51377,36.5021,123,MAHASHAKTI SOAP & CHEM.- NEPAL,MAHASHAKTI,MAHASHAKTI,MAHASHAKTI-PPH 220 GM,PLPCH,220.000 GM,,,220.0,GM,0.0
80,2022-01-07,202201,131065174,1641186790242,99762931,123,MAHASHAKTI SOAP & CHEM.- NEPAL,MAHASHAKTI,MAHASHAKTI\150GM\PPH\100%PURE WASHING  SOAP ,30,PPH,150GM,,1641186790242-mahashakti soap - chem-- nepal-mahashakti.png,RECODING,5,4,99762522,36.51213,123,MAHASHAKTI SOAP & CHEM.- NEPAL,MAHASHAKTI,MAHASHAKTI,MAHASHAKTI-PPH 200 GM,PLPCH,200.000 GM,,,200.0,GM,40.0
80,2022-01-07,202201,131065174,1641186790242,99762931,123,MAHASHAKTI SOAP & CHEM.- NEPAL,MAHASHAKTI,MAHASHAKTI\150GM\PPH\100%PURE WASHING  SOAP ,30,PPH,150GM,,1641186790242-mahashakti soap - chem-- nepal-mahashakti.png,RECODING,5,5,54336,37.337784,123,MAHASHAKTI SOAP & CHEM.- NEPAL,MAHASHAKTI,MAHASHAKTI,MAHASHAKTI-PPH 600 GM,PLPCH,600.000 GM,,,600.0,GM,0.0
80,2022-01-07,202201,131065174,1641186790242,99762931,123,MAHASHAKTI SOAP & CHEM.- NEPAL,MAHASHAKTI,MAHASHAKTI\150GM\PPH\100%PURE WASHING  SOAP ,30,PPH,150GM,,1641186790242-mahashakti soap - chem-- nepal-mahashakti.png,RECODING,5,6,99763285,37.36364,123,MAHASHAKTI SOAP & CHEM.- NEPAL,MAHASHAKTI,MAHASHAKTI,MAHASHAKTI-PPH 125 GM,PLPCH,125.000 GM,,,125.0,GM,25.0
80,2022-01-07,202201,131065174,1641186790242,99762931,123,MAHASHAKTI SOAP & CHEM.- NEPAL,MAHASHAKTI,MAHASHAKTI\150GM\PPH\100%PURE WASHING  SOAP ,30,PPH,150GM,,1641186790242-mahashakti soap - chem-- nepal-mahashakti.png,RECODING,5,7,99763818,46.495255,123,MAHASHAKTI SOAP & CHEM.- NEPAL,RARA,RARA,RARA-PURE SOAP PPH 100 GM,PLPCH,100.000 GM,,,100.0,GM,20.0
80,2022-01-07,202201,131065174,1641186790242,99762931,123,MAHASHAKTI SOAP & CHEM.- NEPAL,MAHASHAKTI,MAHASHAKTI\150GM\PPH\100%PURE WASHING  SOAP ,30,PPH,150GM,,1641186790242-mahashakti soap - chem-- nepal-mahashakti.png,RECODING,5,8,51723,48.25019,123,MAHASHAKTI SOAP & CHEM.- NEPAL,LION,LION 100%,LION 100%-PURE WASHING SOAP PPH 220 GM,PLPCH,220.000 GM,,,220.0,GM,0.0
80,2022-01-07,202201,131065174,1641186790242,99762931,123,MAHASHAKTI SOAP & CHEM.- NEPAL,MAHASHAKTI,MAHASHAKTI\150GM\PPH\100%PURE WASHING  SOAP ,30,PPH,150GM,,1641186790242-mahashakti soap - chem-- nepal-mahashakti.png,RECODING,5,9,99762932,48.502834,123,MAHASHAKTI SOAP & CHEM.- NEPAL,MALA,MALA,MALA-LAUNDRY SOAP PPH 300 GM,PLPCH,300.000 GM,,,300.0,GM,50.0
80,2022-01-07,202201,131065174,1641186790242,99762931,123,MAHASHAKTI SOAP & CHEM.- NEPAL,MAHASHAKTI,MAHASHAKTI\150GM\PPH\100%PURE WASHING  SOAP ,30,PPH,150GM,,1641186790242-mahashakti soap - chem-- nepal-mahashakti.png,RECODING,5,10,99763152,48.756397,123,MAHASHAKTI SOAP & CHEM.- NEPAL,RARA,RARA,RARA-PURE SOAP PPH 150 GM,PLPCH,150.000 GM,,,150.0,GM,25.0
81,2022-01-07,202201,117347037,1641370996400,99762944,123,NAMASTE S.I (P)-NEPAL,DARSHAN,DARSHAN - PPH 200 GM,40,PPH,200 GM,,1641370996400-namaste s-i -p--nepal-darshan.png,RECODING,5,1,49406,66.32709,123,NAMASTE S.I (P)-NEPAL,DARSHAN,DARSHAN,DARSHAN-UNWRP 180 GM,UNWRP,180.000 GM,,,180.0,GM,0.0
81,2022-01-07,202201,117347037,1641370996400,99762944,123,NAMASTE S.I (P)-NEPAL,DARSHAN,DARSHAN - PPH 200 GM,40,PPH,200 GM,,1641370996400-namaste s-i -p--nepal-darshan.png,RECODING,5,2,51287,67.30891,123,NAMASTE S.I (P)-NEPAL,DARSHAN,DARSHAN,DARSHAN-UNWRP 110 GM,UNWRP,110.000 GM,,,110.0,GM,0.0
81,2022-01-07,202201,117347037,1641370996400,99762944,123,NAMASTE S.I (P)-NEPAL,DARSHAN,DARSHAN - PPH 200 GM,40,PPH,200 GM,,1641370996400-namaste s-i -p--nepal-darshan.png,RECODING,5,3,99762944,93.420784,123,NAMASTE S.I (P)-NEPAL,DARSHAN,DARSHAN,DARSHAN-PREMIUM LAUNDRY SOAP PPH 200 GM,PLPCH,200.000 GM,,,200.0,GM,40.0
81,2022-01-07,202201,117347037,1641370996400,99762944,123,NAMASTE S.I (P)-NEPAL,DARSHAN,DARSHAN - PPH 200 GM,40,PPH,200 GM,,1641370996400-namaste s-i -p--nepal-darshan.png,RECODING,5,4,50734,97.2943,123,NAMASTE S.I (P)-NEPAL,KAMANA,KAMANA,KAMANA-UNWRP 200 GM,UNWRP,200.000 GM,,,200.0,GM,0.0
81,2022-01-07,202201,117347037,1641370996400,99762944,123,NAMASTE S.I (P)-NEPAL,DARSHAN,DARSHAN - PPH 200 GM,40,PPH,200 GM,,1641370996400-namaste s-i -p--nepal-darshan.png,RECODING,5,5,50951,100.66984,123,NAMASTE S.I (P)-NEPAL,KAMANA,KAMANA,KAMANA-UNWRP 250 GM,UNWRP,250.000 GM,,,250.0,GM,0.0
81,2022-01-07,202201,117347037,1641370996400,99762944,123,NAMASTE S.I (P)-NEPAL,DARSHAN,DARSHAN - PPH 200 GM,40,PPH,200 GM,,1641370996400-namaste s-i -p--nepal-darshan.png,RECODING,5,6,99764741,101.30559,123,NAMASTE S.I (P)-NEPAL,DARSHAN,DARSHAN,DARSHAN-PREMIUM LAUNDRY SOAP PPH 250 GM,PLPCH,250.000 GM,,,250.0,GM,50.0
81,2022-01-07,202201,117347037,1641370996400,99762944,123,NAMASTE S.I (P)-NEPAL,DARSHAN,DARSHAN - PPH 200 GM,40,PPH,200 GM,,1641370996400-namaste s-i -p--nepal-darshan.png,RECODING,5,7,99762766,104.80699,123,NAMASTE S.I (P)-NEPAL,DARSHAN,DARSHAN,DARSHAN-PREMIUM LAUNDRY SOAP PPH 150 GM,PLPCH,150.000 GM,,,150.0,GM,30.0
81,2022-01-07,202201,117347037,1641370996400,99762944,123,NAMASTE S.I (P)-NEPAL,DARSHAN,DARSHAN - PPH 200 GM,40,PPH,200 GM,,1641370996400-namaste s-i -p--nepal-darshan.png,RECODING,5,8,54991,106.38235,123,P.S.S.I-NEPAL,GYAN,GYAN,GYAN-PPH 210 GM,PLPCH,210.000 GM,,,250.0,GM,0.0
81,2022-01-07,202201,117347037,1641370996400,99762944,123,NAMASTE S.I (P)-NEPAL,DARSHAN,DARSHAN - PPH 200 GM,40,PPH,200 GM,,1641370996400-namaste s-i -p--nepal-darshan.png,RECODING,5,9,51657,107.39288,123,NAMASTE S.I (P)-NEPAL,KAMANA,KAMANA,KAMANA-UNWRP 115 GM,UNWRP,115.000 GM,,,115.0,GM,0.0
81,2022-01-07,202201,117347037,1641370996400,99762944,123,NAMASTE S.I (P)-NEPAL,DARSHAN,DARSHAN - PPH 200 GM,40,PPH,200 GM,,1641370996400-namaste s-i -p--nepal-darshan.png,RECODING,5,10,51374,108.994095,123,NAMASTE S.I (P)-NEPAL,EXPRESS,EXPRESS,EXPRESS-EWP 95 GM,EWRPK,95.000 GM,,,95.0,GM,0.0
82,2022-01-07,202201,117347037,1641370886875,99762966,123,KWALITY CHEM PVT LTD-NEPAL,123 POWER,123 POWER-PPH 500 GM ,100,PPH,500 GM,,1641370886875-kwality chem pvt ltd-nepal-123 power.png,RECODING,5,1,99762600,12.1978,123,KWALITY CHEM PVT LTD-NEPAL,123,123 POWER,123 POWER-PPH 250 GM,PLPCH,250.000 GM,,,250.0,GM,50.0
82,2022-01-07,202201,117347037,1641370886875,99762966,123,KWALITY CHEM PVT LTD-NEPAL,123 POWER,123 POWER-PPH 500 GM ,100,PPH,500 GM,,1641370886875-kwality chem pvt ltd-nepal-123 power.png,RECODING,5,2,99762434,12.762714,123,KWALITY CHEM PVT LTD-NEPAL,123,123 POWER,123 POWER-PPH 100 GM,PLPCH,100.000 GM,,,100.0,GM,20.0
82,2022-01-07,202201,117347037,1641370886875,99762966,123,KWALITY CHEM PVT LTD-NEPAL,123 POWER,123 POWER-PPH 500 GM ,100,PPH,500 GM,,1641370886875-kwality chem pvt ltd-nepal-123 power.png,RECODING,5,3,99762488,12.884177,123,KWALITY CHEM PVT LTD-NEPAL,123,123 POWER,123 POWER-PPH 200 GM,PLPCH,200.000 GM,,,200.0,GM,40.0
82,2022-01-07,202201,117347037,1641370886875,99762966,123,KWALITY CHEM PVT LTD-NEPAL,123 POWER,123 POWER-PPH 500 GM ,100,PPH,500 GM,,1641370886875-kwality chem pvt ltd-nepal-123 power.png,RECODING,5,4,52141,15.171426,123,KWALITY CHEM PVT LTD-NEPAL,123,123 POWER,123 POWER-PPH 600 GM,PLPCH,600.000 GM,,,600.0,GM,0.0
82,2022-01-07,202201,117347037,1641370886875,99762966,123,KWALITY CHEM PVT LTD-NEPAL,123 POWER,123 POWER-PPH 500 GM ,100,PPH,500 GM,,1641370886875-kwality chem pvt ltd-nepal-123 power.png,RECODING,5,5,51663,16.282164,123,KWALITY CHEM PVT LTD-NEPAL,123,123 POWER,123 POWER-PPH 210 GM,PLPCH,210.000 GM,,,210.0,GM,0.0
82,2022-01-07,202201,117347037,1641370886875,99762966,123,KWALITY CHEM PVT LTD-NEPAL,123 POWER,123 POWER-PPH 500 GM ,100,PPH,500 GM,,1641370886875-kwality chem pvt ltd-nepal-123 power.png,RECODING,5,6,99762966,16.75566,123,KWALITY CHEM PVT LTD-NEPAL,123,123 POWER,123 POWER-PPH 3*167 GM [500GM],PLPCH,167.000 GM,,,500.0,GM,100.0
82,2022-01-07,202201,117347037,1641370886875,99762966,123,KWALITY CHEM PVT LTD-NEPAL,123 POWER,123 POWER-PPH 500 GM ,100,PPH,500 GM,,1641370886875-kwality chem pvt ltd-nepal-123 power.png,RECODING,5,7,99762946,17.236382,123,KWALITY CHEM PVT LTD-NEPAL,123,123 POWER,123 POWER-PPH 150 GM,PLPCH,150.000 GM,,,150.0,GM,30.0
82,2022-01-07,202201,117347037,1641370886875,99762966,123,KWALITY CHEM PVT LTD-NEPAL,123 POWER,123 POWER-PPH 500 GM ,100,PPH,500 GM,,1641370886875-kwality chem pvt ltd-nepal-123 power.png,RECODING,5,8,99763526,20.841532,123,KWALITY CHEM PVT LTD-NEPAL,123,123 POWER,123 POWER-PPH 3*184 GM [550GM],PLPCH,184.000 GM,,,550.0,GM,105.0
82,2022-01-07,202201,117347037,1641370886875,99762966,123,KWALITY CHEM PVT LTD-NEPAL,123 POWER,123 POWER-PPH 500 GM ,100,PPH,500 GM,,1641370886875-kwality chem pvt ltd-nepal-123 power.png,RECODING,5,9,99763574,36.626675,123,KWALITY CHEM PVT LTD-NEPAL,BHANU,BHANU,BHANU-PPH 100 GM,PLPCH,100.000 GM,,,100.0,GM,20.0
82,2022-01-07,202201,117347037,1641370886875,99762966,123,KWALITY CHEM PVT LTD-NEPAL,123 POWER,123 POWER-PPH 500 GM ,100,PPH,500 GM,,1641370886875-kwality chem pvt ltd-nepal-123 power.png,RECODING,5,10,99762638,37.966858,123,KWALITY CHEM PVT LTD-NEPAL,BHANU,BHANU,BHANU-PPH 300 GM,PLPCH,300.000 GM,,,300.0,GM,50.0
83,2022-01-07,202201,117185654,1641362552002,54541,110,LOREAL INDIA - INDIA,GARNIER BLACK NATURALS,GARNIER COLOR NATURALS- 3.16 BURGUNDY PBT 70 ML + 60 GM,290,PBT,70 ML + 60 GM,,1641362552002-loreal india - india-garnier black naturals.png,CROSS CODING,2,1,91927555,36.561604,110,LOREAL INDIA - INDIA,GARNIER,GARNIER BLACK NATURALS,GARNIER BLACK NATURALS-3.16 BURGUNDY-COLORENT 20G,PLPCH,40.000 GM,,BURGUNDY,40.0,GM,0.0
83,2022-01-07,202201,117185654,1641362552002,54541,110,LOREAL INDIA - INDIA,GARNIER BLACK NATURALS,GARNIER COLOR NATURALS- 3.16 BURGUNDY PBT 70 ML + 60 GM,290,PBT,70 ML + 60 GM,,1641362552002-loreal india - india-garnier black naturals.png,CROSS CODING,2,2,47275,37.701008,110,LOREAL INDIA - INDIA,GARNIER,GARNIER BLACK NATURALS,GARNIER BLACK NATURALS-3.16 BRGNDY-CLRNT 20G,PLPCH,40.000 GM,,BURGUNDY,40.0,GM,0.0
83,2022-01-07,202201,117185654,1641362552002,54541,110,LOREAL INDIA - INDIA,GARNIER BLACK NATURALS,GARNIER COLOR NATURALS- 3.16 BURGUNDY PBT 70 ML + 60 GM,290,PBT,70 ML + 60 GM,,1641362552002-loreal india - india-garnier black naturals.png,CROSS CODING,2,3,54541,56.96174,110,LOREAL INDIA - INDIA,GARNIER,GARNIER COLOR NATURALS,GARNIER COLOR NATURALS-3.16 BURGNDY CLRN 60G CBP 130 GM,CDBOX,130.000 GM,,BURGUNDY,130.0,GM,0.0
83,2022-01-07,202201,117185654,1641362552002,54541,110,LOREAL INDIA - INDIA,GARNIER BLACK NATURALS,GARNIER COLOR NATURALS- 3.16 BURGUNDY PBT 70 ML + 60 GM,290,PBT,70 ML + 60 GM,,1641362552002-loreal india - india-garnier black naturals.png,CROSS CODING,2,4,52075,57.17457,110,LOREAL INDIA - INDIA,GARNIER,GARNIER BLACK NATURALS,GARNIER BLACK NATURALS-3.0 BROWN BLACK-CLRN 20G,PLPCH,40.000 GM,,BLACK BROWN,40.0,GM,0.0
83,2022-01-07,202201,117185654,1641362552002,54541,110,LOREAL INDIA - INDIA,GARNIER BLACK NATURALS,GARNIER COLOR NATURALS- 3.16 BURGUNDY PBT 70 ML + 60 GM,290,PBT,70 ML + 60 GM,,1641362552002-loreal india - india-garnier black naturals.png,CROSS CODING,2,5,53987,57.17457,110,LOREAL INDIA - INDIA,GARNIER,GARNIER BLACK NATURALS,GARNIER BLACK NATURALS-3.0 BROWN BLACK-CLRN 20G,PLPCH,40.000 GM,,BLACK BROWN,40.0,GM,0.0
83,2022-01-07,202201,117185654,1641362552002,54541,110,LOREAL INDIA - INDIA,GARNIER BLACK NATURALS,GARNIER COLOR NATURALS- 3.16 BURGUNDY PBT 70 ML + 60 GM,290,PBT,70 ML + 60 GM,,1641362552002-loreal india - india-garnier black naturals.png,CROSS CODING,2,6,53989,57.3907,110,LOREAL INDIA - INDIA,GARNIER,GARNIER COLOR NATURALS,GARNIER COLOR NATURALS-3.16 BUR CLR30G CBP 65G+RS15OF,CDBOX,65.000 GM,,BURGUNDY,65.0,GM,0.0
83,2022-01-07,202201,117185654,1641362552002,54541,110,LOREAL INDIA - INDIA,GARNIER BLACK NATURALS,GARNIER COLOR NATURALS- 3.16 BURGUNDY PBT 70 ML + 60 GM,290,PBT,70 ML + 60 GM,,1641362552002-loreal india - india-garnier black naturals.png,CROSS CODING,2,7,49934,57.603783,110,LOREAL INDIA - INDIA,GARNIER,GARNIER COLOR NATURALS,GARNIER COLOR NATURALS-3.16 BURGNDY CLRN 60G CBP 130 GM+RS48,CDBOX,130.000 GM,,BURGUNDY,130.0,GM,0.0
83,2022-01-07,202201,117185654,1641362552002,54541,110,LOREAL INDIA - INDIA,GARNIER BLACK NATURALS,GARNIER COLOR NATURALS- 3.16 BURGUNDY PBT 70 ML + 60 GM,290,PBT,70 ML + 60 GM,,1641362552002-loreal india - india-garnier black naturals.png,CROSS CODING,2,8,91927554,61.631912,110,LOREAL INDIA - INDIA,GARNIER,GARNIER BLACK NATURALS,GARNIER BLACK NATURALS-1 NATURAL BLACK-COLORENT 20G,PLPCH,40.000 GM,,BLACK,40.0,GM,0.0
83,2022-01-07,202201,117185654,1641362552002,54541,110,LOREAL INDIA - INDIA,GARNIER BLACK NATURALS,GARNIER COLOR NATURALS- 3.16 BURGUNDY PBT 70 ML + 60 GM,290,PBT,70 ML + 60 GM,,1641362552002-loreal india - india-garnier black naturals.png,CROSS CODING,2,9,91927556,63.812595,110,LOREAL INDIA - INDIA,GARNIER,GARNIER BLACK NATURALS,GARNIER BLACK NATURALS-4 BROWN-COLORENT 20G,PLPCH,40.000 GM,,BROWN,40.0,GM,0.0
83,2022-01-07,202201,117185654,1641362552002,54541,110,LOREAL INDIA - INDIA,GARNIER BLACK NATURALS,GARNIER COLOR NATURALS- 3.16 BURGUNDY PBT 70 ML + 60 GM,290,PBT,70 ML + 60 GM,,1641362552002-loreal india - india-garnier black naturals.png,CROSS CODING,2,10,99763303,63.960358,110,LOREAL INDIA - INDIA,GARNIER,GARNIER COLOR NATURALS,GARNIER COLOR NATURALS-4.20 WINE BURGNDY CLRN 60G CBP 130 GM,CDBOX,130.000 GM,,WINE BURGUNDY,130.0,GM,400.0
84,2022-01-07,202201,117185654,1641362001981,,110,LOREAL INDIA - INDIA,GARNIER BLACK NATURALS,GARNIER BLACK NATURALS-4.0 NATURALS BROWN ,50,SCT,20 GM + 20 ML,Delete the Item,1641362001981-loreal india - india-garnier black naturals.png,DELETE THE ITEM,1,1,53952,35.531723,110,LOREAL INDIA - INDIA,GARNIER,GARNIER BLACK NATURALS,GARNIER BLACK NATURALS-4 BROWN-CLRNT 20G,PLPCH,40.000 GM,,BROWN,40.0,GM,0.0
84,2022-01-07,202201,117185654,1641362001981,,110,LOREAL INDIA - INDIA,GARNIER BLACK NATURALS,GARNIER BLACK NATURALS-4.0 NATURALS BROWN ,50,SCT,20 GM + 20 ML,Delete the Item,1641362001981-loreal india - india-garnier black naturals.png,DELETE THE ITEM,1,2,52075,35.734486,110,LOREAL INDIA - INDIA,GARNIER,GARNIER BLACK NATURALS,GARNIER BLACK NATURALS-3.0 BROWN BLACK-CLRN 20G,PLPCH,40.000 GM,,BLACK BROWN,40.0,GM,0.0
84,2022-01-07,202201,117185654,1641362001981,,110,LOREAL INDIA - INDIA,GARNIER BLACK NATURALS,GARNIER BLACK NATURALS-4.0 NATURALS BROWN ,50,SCT,20 GM + 20 ML,Delete the Item,1641362001981-loreal india - india-garnier black naturals.png,DELETE THE ITEM,1,3,53987,35.734486,110,LOREAL INDIA - INDIA,GARNIER,GARNIER BLACK NATURALS,GARNIER BLACK NATURALS-3.0 BROWN BLACK-CLRN 20G,PLPCH,40.000 GM,,BLACK BROWN,40.0,GM,0.0
84,2022-01-07,202201,117185654,1641362001981,,110,LOREAL INDIA - INDIA,GARNIER BLACK NATURALS,GARNIER BLACK NATURALS-4.0 NATURALS BROWN ,50,SCT,20 GM + 20 ML,Delete the Item,1641362001981-loreal india - india-garnier black naturals.png,DELETE THE ITEM,1,4,91927556,43.783424,110,LOREAL INDIA - INDIA,GARNIER,GARNIER BLACK NATURALS,GARNIER BLACK NATURALS-4 BROWN-COLORENT 20G,PLPCH,40.000 GM,,BROWN,40.0,GM,0.0
84,2022-01-07,202201,117185654,1641362001981,,110,LOREAL INDIA - INDIA,GARNIER BLACK NATURALS,GARNIER BLACK NATURALS-4.0 NATURALS BROWN ,50,SCT,20 GM + 20 ML,Delete the Item,1641362001981-loreal india - india-garnier black naturals.png,DELETE THE ITEM,1,5,53722,46.244156,110,LOREAL INDIA - INDIA,GARNIER,GARNIER BLACK NATURALS,GARNIER BLACK NATURALS-2 ORNGNL BLACK-CLRNT 20G,PLPCH,40.000 GM,,BLACK,40.0,GM,0.0
84,2022-01-07,202201,117185654,1641362001981,,110,LOREAL INDIA - INDIA,GARNIER BLACK NATURALS,GARNIER BLACK NATURALS-4.0 NATURALS BROWN ,50,SCT,20 GM + 20 ML,Delete the Item,1641362001981-loreal india - india-garnier black naturals.png,DELETE THE ITEM,1,6,47276,46.64408,110,LOREAL INDIA - INDIA,GARNIER,GARNIER BLACK NATURALS,GARNIER BLACK NATURALS-1 DEEP BLACK-CLRNT 20G,PLPCH,40.000 GM,,BLACK,40.0,GM,0.0
84,2022-01-07,202201,117185654,1641362001981,,110,LOREAL INDIA - INDIA,GARNIER BLACK NATURALS,GARNIER BLACK NATURALS-4.0 NATURALS BROWN ,50,SCT,20 GM + 20 ML,Delete the Item,1641362001981-loreal india - india-garnier black naturals.png,DELETE THE ITEM,1,7,50971,46.64408,110,LOREAL INDIA - INDIA,GARNIER,GARNIER BLACK NATURALS,GARNIER BLACK NATURALS-1 DEEP BLACK-CLRNT 20G,PLPCH,40.000 GM,,BLACK,40.0,GM,0.0
84,2022-01-07,202201,117185654,1641362001981,,110,LOREAL INDIA - INDIA,GARNIER BLACK NATURALS,GARNIER BLACK NATURALS-4.0 NATURALS BROWN ,50,SCT,20 GM + 20 ML,Delete the Item,1641362001981-loreal india - india-garnier black naturals.png,DELETE THE ITEM,1,8,47275,47.656372,110,LOREAL INDIA - INDIA,GARNIER,GARNIER BLACK NATURALS,GARNIER BLACK NATURALS-3.16 BRGNDY-CLRNT 20G,PLPCH,40.000 GM,,BURGUNDY,40.0,GM,0.0
84,2022-01-07,202201,117185654,1641362001981,,110,LOREAL INDIA - INDIA,GARNIER BLACK NATURALS,GARNIER BLACK NATURALS-4.0 NATURALS BROWN ,50,SCT,20 GM + 20 ML,Delete the Item,1641362001981-loreal india - india-garnier black naturals.png,DELETE THE ITEM,1,9,91927554,49.111313,110,LOREAL INDIA - INDIA,GARNIER,GARNIER BLACK NATURALS,GARNIER BLACK NATURALS-1 NATURAL BLACK-COLORENT 20G,PLPCH,40.000 GM,,BLACK,40.0,GM,0.0
84,2022-01-07,202201,117185654,1641362001981,,110,LOREAL INDIA - INDIA,GARNIER BLACK NATURALS,GARNIER BLACK NATURALS-4.0 NATURALS BROWN ,50,SCT,20 GM + 20 ML,Delete the Item,1641362001981-loreal india - india-garnier black naturals.png,DELETE THE ITEM,1,10,54540,60.023792,110,LOREAL INDIA - INDIA,GARNIER,GARNIER COLOR NATURALS,GARNIER COLOR NATURALS-7.3 GLDNBRWN CLRN 50G CBP 105M,CDBOX,105.000 ML,,GOLDEN BROWN,105.0,ML,0.0
85,2022-01-07,202201,117185654,1641359697388,99762924,122,DEUTI SOAP & CHEMICAL-NEPAL,YASHODA,YASHODA-QUICK WASH 1000 GM,100,PPH,1000 GM,,1641359697388-deuti soap - chemical-nepal-yashoda.png,RECODING,5,1,99762924,9.111075,122,DEUTI SOAP & CHEMICAL-NEPAL,YASHODA,YASHODA,YASHODA-QUICK WASH PPH 1000 GM,PLPCH,1000.000 GM,,,1000.0,GM,100.0
85,2022-01-07,202201,117185654,1641359697388,99762924,122,DEUTI SOAP & CHEMICAL-NEPAL,YASHODA,YASHODA-QUICK WASH 1000 GM,100,PPH,1000 GM,,1641359697388-deuti soap - chemical-nepal-yashoda.png,RECODING,5,2,99763178,12.003448,122,DEUTI SOAP & CHEMICAL-NEPAL,YASHODA,YASHODA,YASHODA-QUICK WASH PPH 5000 GM,PLPCH,5000.000 GM,,,5000.0,GM,600.0
85,2022-01-07,202201,117185654,1641359697388,99762924,122,DEUTI SOAP & CHEMICAL-NEPAL,YASHODA,YASHODA-QUICK WASH 1000 GM,100,PPH,1000 GM,,1641359697388-deuti soap - chemical-nepal-yashoda.png,RECODING,5,3,99762885,12.279575,122,DEUTI SOAP & CHEMICAL-NEPAL,YASHODA,YASHODA,YASHODA-QUICK WASH PPH 500 GM,PLPCH,500.000 GM,,,500.0,GM,50.0
85,2022-01-07,202201,117185654,1641359697388,99762924,122,DEUTI SOAP & CHEMICAL-NEPAL,YASHODA,YASHODA-QUICK WASH 1000 GM,100,PPH,1000 GM,,1641359697388-deuti soap - chemical-nepal-yashoda.png,RECODING,5,4,99762649,12.2851925,122,DEUTI SOAP & CHEMICAL-NEPAL,YASHODA,YASHODA,YASHODA-QUICK WASH PPH 200 GM,PLPCH,200.000 GM,,,200.0,GM,20.0
85,2022-01-07,202201,117185654,1641359697388,99762924,122,DEUTI SOAP & CHEMICAL-NEPAL,YASHODA,YASHODA-QUICK WASH 1000 GM,100,PPH,1000 GM,,1641359697388-deuti soap - chemical-nepal-yashoda.png,RECODING,5,5,99763448,78.60513,122,DEUTI SOAP & CHEMICAL-NEPAL,BHERI,BHERI,BHERI-ULTRA WASH PPH 1000 GM,PLPCH,1000.000 GM,,,1000.0,GM,85.0
85,2022-01-07,202201,117185654,1641359697388,99762924,122,DEUTI SOAP & CHEMICAL-NEPAL,YASHODA,YASHODA-QUICK WASH 1000 GM,100,PPH,1000 GM,,1641359697388-deuti soap - chemical-nepal-yashoda.png,RECODING,5,6,99763179,82.42093,122,DEUTI SOAP & CHEMICAL-NEPAL,BHERI,BHERI,BHERI-ULTRA WASH PPH 200 GM,PLPCH,200.000 GM,,,200.0,GM,20.0
85,2022-01-07,202201,117185654,1641359697388,99762924,122,DEUTI SOAP & CHEMICAL-NEPAL,YASHODA,YASHODA-QUICK WASH 1000 GM,100,PPH,1000 GM,,1641359697388-deuti soap - chemical-nepal-yashoda.png,RECODING,5,7,99763180,82.430756,122,DEUTI SOAP & CHEMICAL-NEPAL,BHERI,BHERI,BHERI-ULTRA WASH PPH 500 GM,PLPCH,500.000 GM,,,500.0,GM,45.0
85,2022-01-07,202201,117185654,1641359697388,99762924,122,DEUTI SOAP & CHEMICAL-NEPAL,YASHODA,YASHODA-QUICK WASH 1000 GM,100,PPH,1000 GM,,1641359697388-deuti soap - chemical-nepal-yashoda.png,RECODING,5,8,99764486,131.53893,122,HIMGIRI SOAP & CHEMICALS-NEPAL,SHAKTI,SHAKTI,SHAKTI-DETERGENT POWDER PPH 250 GM,PLPCH,250.000 GM,,,250.0,GM,20.0
85,2022-01-07,202201,117185654,1641359697388,99762924,122,DEUTI SOAP & CHEMICAL-NEPAL,YASHODA,YASHODA-QUICK WASH 1000 GM,100,PPH,1000 GM,,1641359697388-deuti soap - chemical-nepal-yashoda.png,RECODING,5,9,93021925,134.94156,122,HIMGIRI SOAP & CHEMICALS-NEPAL,SHOVA,SHOVA,SHOVA-PPH 300 GMS,PLPCH,300.000 GM,,,300.0,GM,0.0
85,2022-01-07,202201,117185654,1641359697388,99762924,122,DEUTI SOAP & CHEMICAL-NEPAL,YASHODA,YASHODA-QUICK WASH 1000 GM,100,PPH,1000 GM,,1641359697388-deuti soap - chemical-nepal-yashoda.png,RECODING,5,10,99764624,135.84633,122,GODAWARI SOAP INDUS-NEPAL,NAYA GHADI,NAYA GHADI,NAYA GHADI-DETERGENT POWDER PPH 1000 GM,PLPCH,1000.000 GM,,,1000.0,GM,110.0
86,2022-01-08,202201,131065176,1641540051863,99762948,106,ALKA AYURVEDIC PVT.LTD INDIA,COOLSA,COOLSA\2.5GM\PPH\COUGH DROPS MENTHOL,0.8,PPH,2.5GM,,1641540051863-alka ayurvedic pvt-ltd india-coolsa.png,RECODING,5,1,99762948,25.91852,106,ALKA AYURVEDIC PVT LTD-INDIA,COOLSA,COOLSA COUGH DROPS,COOLSA COUGH DROPS- MENTHOL PPH 2.5 GM,PLPCH,2.500 GM,MENTHOL,,2.5,GM,1.0
86,2022-01-08,202201,131065176,1641540051863,99762948,106,ALKA AYURVEDIC PVT.LTD INDIA,COOLSA,COOLSA\2.5GM\PPH\COUGH DROPS MENTHOL,0.8,PPH,2.5GM,,1641540051863-alka ayurvedic pvt-ltd india-coolsa.png,RECODING,5,2,99762947,68.0717,106,ALKA AYURVEDIC PVT LTD-INDIA,COOLSA,COOLSA COUGH DROPS,COOLSA COUGH DROPS- GINGER PPH 2.5 GM,PLPCH,2.500 GM,GINGER,,2.5,GM,1.0
86,2022-01-08,202201,131065176,1641540051863,99762948,106,ALKA AYURVEDIC PVT.LTD INDIA,COOLSA,COOLSA\2.5GM\PPH\COUGH DROPS MENTHOL,0.8,PPH,2.5GM,,1641540051863-alka ayurvedic pvt-ltd india-coolsa.png,RECODING,5,3,99762949,70.073364,106,ALKA AYURVEDIC PVT LTD-INDIA,COOLSA,COOLSA COUGH DROPS,COOLSA COUGH DROPS- HONEY PPH 2.5 GM,PLPCH,2.500 GM,HONEY,,2.5,GM,1.0
86,2022-01-08,202201,131065176,1641540051863,99762948,106,ALKA AYURVEDIC PVT.LTD INDIA,COOLSA,COOLSA\2.5GM\PPH\COUGH DROPS MENTHOL,0.8,PPH,2.5GM,,1641540051863-alka ayurvedic pvt-ltd india-coolsa.png,RECODING,5,4,47229,131.51993,106,MEHTA HERBALS - INDIA,COLDROP,COLDROP JUMBO,COLDROP JUMBO-COUGH DROP MENTHOLATED PPH 2.5 GM,PLPCH,2.500 GM,MENTHOL,,2.5,GM,0.0
86,2022-01-08,202201,131065176,1641540051863,99762948,106,ALKA AYURVEDIC PVT.LTD INDIA,COOLSA,COOLSA\2.5GM\PPH\COUGH DROPS MENTHOL,0.8,PPH,2.5GM,,1641540051863-alka ayurvedic pvt-ltd india-coolsa.png,RECODING,5,5,47830,144.8634,106,NARSONS PHARMA-INDIA,COLD CARE,COLD CARE,COLD CARE-MENTHOL PPH 2 GM,PLPCH,2.000 GM,MENTHOL,,2.0,GM,0.0
86,2022-01-08,202201,131065176,1641540051863,99762948,106,ALKA AYURVEDIC PVT.LTD INDIA,COOLSA,COOLSA\2.5GM\PPH\COUGH DROPS MENTHOL,0.8,PPH,2.5GM,,1641540051863-alka ayurvedic pvt-ltd india-coolsa.png,RECODING,5,6,47451,150.62338,106,MEHTA HERBALS - INDIA,COLDROP,COLDROP,COLDROP-COUGH DROPS PPH 1.8 GM,PLPCH,1.800 GM,UNSPECIFIED,,1.8,GM,0.0
86,2022-01-08,202201,131065176,1641540051863,99762948,106,ALKA AYURVEDIC PVT.LTD INDIA,COOLSA,COOLSA\2.5GM\PPH\COUGH DROPS MENTHOL,0.8,PPH,2.5GM,,1641540051863-alka ayurvedic pvt-ltd india-coolsa.png,RECODING,5,7,45924,150.86557,106,MEHTA HERBALS - INDIA,COLDROP,COLDROP,COLDROP-COUGH DROPS PPH 1.9 GM,PLPCH,1.900 GM,UNSPECIFIED,,1.9,GM,0.0
86,2022-01-08,202201,131065176,1641540051863,99762948,106,ALKA AYURVEDIC PVT.LTD INDIA,COOLSA,COOLSA\2.5GM\PPH\COUGH DROPS MENTHOL,0.8,PPH,2.5GM,,1641540051863-alka ayurvedic pvt-ltd india-coolsa.png,RECODING,5,8,91826284,155.2362,106,PROCTER & GAMBLE - INDIA,VICKS,VICKS COUGH DROPS,VICKS COUGH DROPS- MENTHOL PPH 2 GM,PLPCH,2.000 GM,MENTHOL,,2.0,GM,0.0
86,2022-01-08,202201,131065176,1641540051863,99762948,106,ALKA AYURVEDIC PVT.LTD INDIA,COOLSA,COOLSA\2.5GM\PPH\COUGH DROPS MENTHOL,0.8,PPH,2.5GM,,1641540051863-alka ayurvedic pvt-ltd india-coolsa.png,RECODING,5,9,91826597,158.36412,106,DR.KIM AYURVEDIC PHARMACY-IN,RELIEVE,RELIEVE,RELIEVE- PPH 3 GM,PLPCH,3.000 GM,MENTHOL,,3.0,GM,0.0
86,2022-01-08,202201,131065176,1641540051863,99762948,106,ALKA AYURVEDIC PVT.LTD INDIA,COOLSA,COOLSA\2.5GM\PPH\COUGH DROPS MENTHOL,0.8,PPH,2.5GM,,1641540051863-alka ayurvedic pvt-ltd india-coolsa.png,RECODING,5,10,99764664,158.67299,106,MEHTA HERBALS - INDIA,COLDROP,COLDROP,COLDROP-COUGH DROPS PCN 510 GM,PLJAR,510.000 GM,UNSPECIFIED,,510.0,GM,500.0
87,2022-01-08,202201,131065176,1641538065660,99762961,123,SATYAM INDUSTRIES-INDIA,TOWER,TOWER\150GM\EWP\JUMBO LAUNDRY SOAP +25GM FREE,25,EWP,150GM,,1641538065660-satyam industries-india-tower.png,RECODING,5,1,99762961,48.38814,123,SATYAM INDUSTRIES-INDIA,TOWER,TOWER JUMBO,TOWER JUMBO-LAUNDRY SOAP PPH 150 GM+25GM,PLPCH,150.000 GM,,,175.0,GM,25.0
87,2022-01-08,202201,131065176,1641538065660,99762961,123,SATYAM INDUSTRIES-INDIA,TOWER,TOWER\150GM\EWP\JUMBO LAUNDRY SOAP +25GM FREE,25,EWP,150GM,,1641538065660-satyam industries-india-tower.png,RECODING,5,2,99764686,174.80301,123,PUSHPANJALI SOAP & CHEMICALS-NEPAL,TOWER TOP,TOWER TOP,TOWER TOP-EXTRA WHITENER LAUNDRY SOAP PPH 150 GM,PLPCH,150.000 GM,,,150.0,GM,35.0
87,2022-01-08,202201,131065176,1641538065660,99762961,123,SATYAM INDUSTRIES-INDIA,TOWER,TOWER\150GM\EWP\JUMBO LAUNDRY SOAP +25GM FREE,25,EWP,150GM,,1641538065660-satyam industries-india-tower.png,RECODING,5,3,99763460,177.2906,123,SAGARMATHA SABUN UDHYOG-NP,OHO,OHO,OHO-A ONE LAUNDRY SOAP PPH 300 GM,PLPCH,300.000 GM,,,300.0,GM,55.0
87,2022-01-08,202201,131065176,1641538065660,99762961,123,SATYAM INDUSTRIES-INDIA,TOWER,TOWER\150GM\EWP\JUMBO LAUNDRY SOAP +25GM FREE,25,EWP,150GM,,1641538065660-satyam industries-india-tower.png,RECODING,5,4,51721,183.07149,123,SATYAM INDUSTRIES-INDIA,TOWER,TOWER ECONOMY,TOWER ECONOMY-PPH 300 GM,PLPCH,300.000 GM,,,300.0,GM,0.0
87,2022-01-08,202201,131065176,1641538065660,99762961,123,SATYAM INDUSTRIES-INDIA,TOWER,TOWER\150GM\EWP\JUMBO LAUNDRY SOAP +25GM FREE,25,EWP,150GM,,1641538065660-satyam industries-india-tower.png,RECODING,5,5,92922188,185.27048,123,SATYAWATI SOAP INDUSTRIES-NPL,SATYA,SATYA,SATYA-PPH 115 GMS,PLPCH,115.000 GM,,,115.0,GM,0.0
87,2022-01-08,202201,131065176,1641538065660,99762961,123,SATYAM INDUSTRIES-INDIA,TOWER,TOWER\150GM\EWP\JUMBO LAUNDRY SOAP +25GM FREE,25,EWP,150GM,,1641538065660-satyam industries-india-tower.png,RECODING,5,6,99763843,190.09628,123,AASIMALA SABUN UDHYOG-NEPAL ,AASIMALA,AASIMALA,AASIMALA-LAUNDRY SOAP PPH 200 GM,PLPCH,200.000 GM,,,200.0,GM,40.0
87,2022-01-08,202201,131065176,1641538065660,99762961,123,SATYAM INDUSTRIES-INDIA,TOWER,TOWER\150GM\EWP\JUMBO LAUNDRY SOAP +25GM FREE,25,EWP,150GM,,1641538065660-satyam industries-india-tower.png,RECODING,5,7,99762930,190.13712,123,HIMGIRI HYGIENE PVT LTD-NEPAL,TIKA,TIKA,TIKA-LAUNDRY SOAP PPH 250 GM*4 NOS(1000GM),PLPCH,250.000 GM,,,1000.0,GM,200.0
87,2022-01-08,202201,131065176,1641538065660,99762961,123,SATYAM INDUSTRIES-INDIA,TOWER,TOWER\150GM\EWP\JUMBO LAUNDRY SOAP +25GM FREE,25,EWP,150GM,,1641538065660-satyam industries-india-tower.png,RECODING,5,8,99764452,190.36642,123,KWALITY CHEM PVT LTD-NEPAL,DHAMAL,DHAMAL,DHAMAL-LAUNDRY SOAP PPH 200 GM,PLPCH,200.000 GM,,,200.0,GM,45.0
87,2022-01-08,202201,131065176,1641538065660,99762961,123,SATYAM INDUSTRIES-INDIA,TOWER,TOWER\150GM\EWP\JUMBO LAUNDRY SOAP +25GM FREE,25,EWP,150GM,,1641538065660-satyam industries-india-tower.png,RECODING,5,9,99764025,190.60242,123,SWADESHI SABUN UDHYOG-NEPAL,MADAL,MADAL,MADAL-LAUNDRY SOAP PPH 250 GM,PLPCH,250.000 GM,,,250.0,GM,50.0
87,2022-01-08,202201,131065176,1641538065660,99762961,123,SATYAM INDUSTRIES-INDIA,TOWER,TOWER\150GM\EWP\JUMBO LAUNDRY SOAP +25GM FREE,25,EWP,150GM,,1641538065660-satyam industries-india-tower.png,RECODING,5,10,99764069,190.65878,123,HIMGIRI HYGIENE PVT LTD-NEPAL,VIJAYA,VIJAYA SUPER,VIJAYA SUPER-LAUNDRY SOAP PPH 150 GM,PLPCH,150.000 GM,,,150.0,GM,30.0
88,2022-01-08,202201,131065176,1641540162945,99762949,106,ALKA AYURVEDIC PVT.LTD INDIA,COOLSA,COOLSA\2.5GM\PPH\COUGH DROPS HONEY,0.8,PPH,2.5GM,,1641540162945-alka ayurvedic pvt-ltd india-coolsa.png,RECODING,5,1,99762949,30.209444,106,ALKA AYURVEDIC PVT LTD-INDIA,COOLSA,COOLSA COUGH DROPS,COOLSA COUGH DROPS- HONEY PPH 2.5 GM,PLPCH,2.500 GM,HONEY,,2.5,GM,1.0
88,2022-01-08,202201,131065176,1641540162945,99762949,106,ALKA AYURVEDIC PVT.LTD INDIA,COOLSA,COOLSA\2.5GM\PPH\COUGH DROPS HONEY,0.8,PPH,2.5GM,,1641540162945-alka ayurvedic pvt-ltd india-coolsa.png,RECODING,5,2,99762947,57.9673,106,ALKA AYURVEDIC PVT LTD-INDIA,COOLSA,COOLSA COUGH DROPS,COOLSA COUGH DROPS- GINGER PPH 2.5 GM,PLPCH,2.500 GM,GINGER,,2.5,GM,1.0
88,2022-01-08,202201,131065176,1641540162945,99762949,106,ALKA AYURVEDIC PVT.LTD INDIA,COOLSA,COOLSA\2.5GM\PPH\COUGH DROPS HONEY,0.8,PPH,2.5GM,,1641540162945-alka ayurvedic pvt-ltd india-coolsa.png,RECODING,5,3,99762948,69.46635,106,ALKA AYURVEDIC PVT LTD-INDIA,COOLSA,COOLSA COUGH DROPS,COOLSA COUGH DROPS- MENTHOL PPH 2.5 GM,PLPCH,2.500 GM,MENTHOL,,2.5,GM,1.0
88,2022-01-08,202201,131065176,1641540162945,99762949,106,ALKA AYURVEDIC PVT.LTD INDIA,COOLSA,COOLSA\2.5GM\PPH\COUGH DROPS HONEY,0.8,PPH,2.5GM,,1641540162945-alka ayurvedic pvt-ltd india-coolsa.png,RECODING,5,4,47451,163.92471,106,MEHTA HERBALS - INDIA,COLDROP,COLDROP,COLDROP-COUGH DROPS PPH 1.8 GM,PLPCH,1.800 GM,UNSPECIFIED,,1.8,GM,0.0
88,2022-01-08,202201,131065176,1641540162945,99762949,106,ALKA AYURVEDIC PVT.LTD INDIA,COOLSA,COOLSA\2.5GM\PPH\COUGH DROPS HONEY,0.8,PPH,2.5GM,,1641540162945-alka ayurvedic pvt-ltd india-coolsa.png,RECODING,5,5,45924,164.09445,106,MEHTA HERBALS - INDIA,COLDROP,COLDROP,COLDROP-COUGH DROPS PPH 1.9 GM,PLPCH,1.900 GM,UNSPECIFIED,,1.9,GM,0.0
88,2022-01-08,202201,131065176,1641540162945,99762949,106,ALKA AYURVEDIC PVT.LTD INDIA,COOLSA,COOLSA\2.5GM\PPH\COUGH DROPS HONEY,0.8,PPH,2.5GM,,1641540162945-alka ayurvedic pvt-ltd india-coolsa.png,RECODING,5,6,99764664,173.21844,106,MEHTA HERBALS - INDIA,COLDROP,COLDROP,COLDROP-COUGH DROPS PCN 510 GM,PLJAR,510.000 GM,UNSPECIFIED,,510.0,GM,500.0
88,2022-01-08,202201,131065176,1641540162945,99762949,106,ALKA AYURVEDIC PVT.LTD INDIA,COOLSA,COOLSA\2.5GM\PPH\COUGH DROPS HONEY,0.8,PPH,2.5GM,,1641540162945-alka ayurvedic pvt-ltd india-coolsa.png,RECODING,5,7,91826283,176.03421,106,PROCTER & GAMBLE - INDIA,VICKS,VICKS COUGH DROPS,VICKS COUGH DROPS- HONEY PPH 2 GM,PLPCH,2.000 GM,HONEY,,2.0,GM,0.0
88,2022-01-08,202201,131065176,1641540162945,99762949,106,ALKA AYURVEDIC PVT.LTD INDIA,COOLSA,COOLSA\2.5GM\PPH\COUGH DROPS HONEY,0.8,PPH,2.5GM,,1641540162945-alka ayurvedic pvt-ltd india-coolsa.png,RECODING,5,8,47146,177.5849,106,CHANDESWORI INDUSTRIES-NEPAL,SOLU,SOLU,SOLU-COUGH DROPS PPH 3 GM,PLPCH,3.000 GM,UNSPECIFIED,,3.0,GM,0.0
88,2022-01-08,202201,131065176,1641540162945,99762949,106,ALKA AYURVEDIC PVT.LTD INDIA,COOLSA,COOLSA\2.5GM\PPH\COUGH DROPS HONEY,0.8,PPH,2.5GM,,1641540162945-alka ayurvedic pvt-ltd india-coolsa.png,RECODING,5,9,47229,178.55594,106,MEHTA HERBALS - INDIA,COLDROP,COLDROP JUMBO,COLDROP JUMBO-COUGH DROP MENTHOLATED PPH 2.5 GM,PLPCH,2.500 GM,MENTHOL,,2.5,GM,0.0
88,2022-01-08,202201,131065176,1641540162945,99762949,106,ALKA AYURVEDIC PVT.LTD INDIA,COOLSA,COOLSA\2.5GM\PPH\COUGH DROPS HONEY,0.8,PPH,2.5GM,,1641540162945-alka ayurvedic pvt-ltd india-coolsa.png,RECODING,5,10,91827319,180.85352,106,SMOOTH AYURVEDIC PHARMA P L-IN,KIMON,KIMON MASALA NIMBU,KIMON MASALA NIMBU- PPH 4 GM,PLPCH,4.000 GM,LEMON,,4.0,GM,0.0
89,2022-01-08,202201,131065176,1641539866759,99762947,106,ALKA AYURVEDIC PVT.LTD INDIA,COOLSA,COOLSA\2.5GM\PPH\COUGH DROPS GINGER ,0.8,PPH,2.5GM,,1641539866759-alka ayurvedic pvt-ltd india-coolsa.png,RECODING,5,1,99762947,32.440544,106,ALKA AYURVEDIC PVT LTD-INDIA,COOLSA,COOLSA COUGH DROPS,COOLSA COUGH DROPS- GINGER PPH 2.5 GM,PLPCH,2.500 GM,GINGER,,2.5,GM,1.0
89,2022-01-08,202201,131065176,1641539866759,99762947,106,ALKA AYURVEDIC PVT.LTD INDIA,COOLSA,COOLSA\2.5GM\PPH\COUGH DROPS GINGER ,0.8,PPH,2.5GM,,1641539866759-alka ayurvedic pvt-ltd india-coolsa.png,RECODING,5,2,99762949,74.41894,106,ALKA AYURVEDIC PVT LTD-INDIA,COOLSA,COOLSA COUGH DROPS,COOLSA COUGH DROPS- HONEY PPH 2.5 GM,PLPCH,2.500 GM,HONEY,,2.5,GM,1.0
89,2022-01-08,202201,131065176,1641539866759,99762947,106,ALKA AYURVEDIC PVT.LTD INDIA,COOLSA,COOLSA\2.5GM\PPH\COUGH DROPS GINGER ,0.8,PPH,2.5GM,,1641539866759-alka ayurvedic pvt-ltd india-coolsa.png,RECODING,5,3,99762948,81.13486,106,ALKA AYURVEDIC PVT LTD-INDIA,COOLSA,COOLSA COUGH DROPS,COOLSA COUGH DROPS- MENTHOL PPH 2.5 GM,PLPCH,2.500 GM,MENTHOL,,2.5,GM,1.0
89,2022-01-08,202201,131065176,1641539866759,99762947,106,ALKA AYURVEDIC PVT.LTD INDIA,COOLSA,COOLSA\2.5GM\PPH\COUGH DROPS GINGER ,0.8,PPH,2.5GM,,1641539866759-alka ayurvedic pvt-ltd india-coolsa.png,RECODING,5,4,47228,155.20169,106,MEHTA HERBALS - INDIA,COLDROP,COLDROP JUMBO,COLDROP JUMBO-COUGH DROP GINGER LEMON PPH 2.5 GM,PLPCH,2.500 GM,GINGER LEMON,,2.5,GM,0.0
89,2022-01-08,202201,131065176,1641539866759,99762947,106,ALKA AYURVEDIC PVT.LTD INDIA,COOLSA,COOLSA\2.5GM\PPH\COUGH DROPS GINGER ,0.8,PPH,2.5GM,,1641539866759-alka ayurvedic pvt-ltd india-coolsa.png,RECODING,5,5,47451,160.96773,106,MEHTA HERBALS - INDIA,COLDROP,COLDROP,COLDROP-COUGH DROPS PPH 1.8 GM,PLPCH,1.800 GM,UNSPECIFIED,,1.8,GM,0.0
89,2022-01-08,202201,131065176,1641539866759,99762947,106,ALKA AYURVEDIC PVT.LTD INDIA,COOLSA,COOLSA\2.5GM\PPH\COUGH DROPS GINGER ,0.8,PPH,2.5GM,,1641539866759-alka ayurvedic pvt-ltd india-coolsa.png,RECODING,5,6,45924,161.07031,106,MEHTA HERBALS - INDIA,COLDROP,COLDROP,COLDROP-COUGH DROPS PPH 1.9 GM,PLPCH,1.900 GM,UNSPECIFIED,,1.9,GM,0.0
89,2022-01-08,202201,131065176,1641539866759,99762947,106,ALKA AYURVEDIC PVT.LTD INDIA,COOLSA,COOLSA\2.5GM\PPH\COUGH DROPS GINGER ,0.8,PPH,2.5GM,,1641539866759-alka ayurvedic pvt-ltd india-coolsa.png,RECODING,5,7,99764664,166.7763,106,MEHTA HERBALS - INDIA,COLDROP,COLDROP,COLDROP-COUGH DROPS PCN 510 GM,PLJAR,510.000 GM,UNSPECIFIED,,510.0,GM,500.0
89,2022-01-08,202201,131065176,1641539866759,99762947,106,ALKA AYURVEDIC PVT.LTD INDIA,COOLSA,COOLSA\2.5GM\PPH\COUGH DROPS GINGER ,0.8,PPH,2.5GM,,1641539866759-alka ayurvedic pvt-ltd india-coolsa.png,RECODING,5,8,91826282,167.40831,106,PROCTER & GAMBLE - INDIA,VICKS,VICKS COUGH DROPS,VICKS COUGH DROPS- GINGER PPH 2 GM,PLPCH,2.000 GM,GINGER,,2.0,GM,0.0
89,2022-01-08,202201,131065176,1641539866759,99762947,106,ALKA AYURVEDIC PVT.LTD INDIA,COOLSA,COOLSA\2.5GM\PPH\COUGH DROPS GINGER ,0.8,PPH,2.5GM,,1641539866759-alka ayurvedic pvt-ltd india-coolsa.png,RECODING,5,9,47229,174.17355,106,MEHTA HERBALS - INDIA,COLDROP,COLDROP JUMBO,COLDROP JUMBO-COUGH DROP MENTHOLATED PPH 2.5 GM,PLPCH,2.500 GM,MENTHOL,,2.5,GM,0.0
89,2022-01-08,202201,131065176,1641539866759,99762947,106,ALKA AYURVEDIC PVT.LTD INDIA,COOLSA,COOLSA\2.5GM\PPH\COUGH DROPS GINGER ,0.8,PPH,2.5GM,,1641539866759-alka ayurvedic pvt-ltd india-coolsa.png,RECODING,5,10,91826316,174.31915,106,ARIHANT REMEDIES-INDIA,ARIHANT'S,ARIHANT'S DR MOUTH,ARIHANT'S DR MOUTH- GINGER PPH 3 GM,PLPCH,3.000 GM,GINGER,,3.0,GM,0.0
90,2022-01-08,202201,131065176,1641538661596,99762424,122,UNILEVER NEPAL LTD-NEPAL,WHEEL 2 IN 1,WHEEL ACTIVE\200GM\PPH\2 IN 1 CLEAN&FRESH,20,PPH,200GM,,1641538661596-unilever nepal ltd-nepal-wheel 2 in 1.png,CROSS CODING,2,1,99762424,23.545692,122,UNILEVER NEPAL LTD-NEPAL,WHEEL,WHEEL ACTIVE,WHEEL ACTIVE-2IN1 CLEAN FRESH PPH 200 GM,PLPCH,200.000 GM,,,200.0,GM,20.0
90,2022-01-08,202201,131065176,1641538661596,99762424,122,UNILEVER NEPAL LTD-NEPAL,WHEEL 2 IN 1,WHEEL ACTIVE\200GM\PPH\2 IN 1 CLEAN&FRESH,20,PPH,200GM,,1641538661596-unilever nepal ltd-nepal-wheel 2 in 1.png,CROSS CODING,2,2,99764088,25.814358,122,UNILEVER NEPAL LTD-NEPAL,WHEEL,WHEEL ACTIVE,WHEEL ACTIVE-2IN1 CLEAN & FRESH PPH 180 GM,PLPCH,180.000 GM,,,180.0,GM,20.0
90,2022-01-08,202201,131065176,1641538661596,99762424,122,UNILEVER NEPAL LTD-NEPAL,WHEEL 2 IN 1,WHEEL ACTIVE\200GM\PPH\2 IN 1 CLEAN&FRESH,20,PPH,200GM,,1641538661596-unilever nepal ltd-nepal-wheel 2 in 1.png,CROSS CODING,2,3,99764844,26.277458,122,UNILEVER NEPAL LTD-NEPAL,WHEEL,WHEEL ACTIVE,WHEEL ACTIVE-2IN1 CLEAN & FRESH PPH 150 GM,PLPCH,150.000 GM,,,150.0,GM,20.0
90,2022-01-08,202201,131065176,1641538661596,99762424,122,UNILEVER NEPAL LTD-NEPAL,WHEEL 2 IN 1,WHEEL ACTIVE\200GM\PPH\2 IN 1 CLEAN&FRESH,20,PPH,200GM,,1641538661596-unilever nepal ltd-nepal-wheel 2 in 1.png,CROSS CODING,2,4,53599,28.486298,122,UNILEVER NEPAL LTD-NEPAL,WHEEL,WHEEL ACTIVE,WHEEL ACTIVE-2IN1 CLEAN FRESH PPH 160 GM,PLPCH,160.000 GM,,,160.0,GM,0.0
90,2022-01-08,202201,131065176,1641538661596,99762424,122,UNILEVER NEPAL LTD-NEPAL,WHEEL 2 IN 1,WHEEL ACTIVE\200GM\PPH\2 IN 1 CLEAN&FRESH,20,PPH,200GM,,1641538661596-unilever nepal ltd-nepal-wheel 2 in 1.png,CROSS CODING,2,5,49512,28.516354,122,UNILEVER NEPAL LTD-NEPAL,WHEEL,WHEEL ACTIVE,WHEEL ACTIVE-2IN1 CLEAN FRESH PPH 175 GM,PLPCH,175.000 GM,,,175.0,GM,0.0
90,2022-01-08,202201,131065176,1641538661596,99762424,122,UNILEVER NEPAL LTD-NEPAL,WHEEL 2 IN 1,WHEEL ACTIVE\200GM\PPH\2 IN 1 CLEAN&FRESH,20,PPH,200GM,,1641538661596-unilever nepal ltd-nepal-wheel 2 in 1.png,CROSS CODING,2,6,99764625,29.121578,122,UNILEVER NEPAL LTD-NEPAL,WHEEL,WHEEL ACTIVE,WHEEL ACTIVE-2IN1 CLEAN & FRESH PPH 900 GM,PLPCH,900.000 GM,,,900.0,GM,110.0
90,2022-01-08,202201,131065176,1641538661596,99762424,122,UNILEVER NEPAL LTD-NEPAL,WHEEL 2 IN 1,WHEEL ACTIVE\200GM\PPH\2 IN 1 CLEAN&FRESH,20,PPH,200GM,,1641538661596-unilever nepal ltd-nepal-wheel 2 in 1.png,CROSS CODING,2,7,50746,29.497303,122,UNILEVER NEPAL LTD-NEPAL,WHEEL,WHEEL ACTIVE,WHEEL ACTIVE-2IN1 CLEAN FRESH PPH 165 GM,PLPCH,165.000 GM,,,165.0,GM,0.0
90,2022-01-08,202201,131065176,1641538661596,99762424,122,UNILEVER NEPAL LTD-NEPAL,WHEEL 2 IN 1,WHEEL ACTIVE\200GM\PPH\2 IN 1 CLEAN&FRESH,20,PPH,200GM,,1641538661596-unilever nepal ltd-nepal-wheel 2 in 1.png,CROSS CODING,2,8,49956,29.86599,122,UNILEVER NEPAL LTD-NEPAL,WHEEL,WHEEL ACTIVE,WHEEL ACTIVE-2IN1 CLEAN FRESH PPH 170 GM,PLPCH,170.000 GM,,,170.0,GM,0.0
90,2022-01-08,202201,131065176,1641538661596,99762424,122,UNILEVER NEPAL LTD-NEPAL,WHEEL 2 IN 1,WHEEL ACTIVE\200GM\PPH\2 IN 1 CLEAN&FRESH,20,PPH,200GM,,1641538661596-unilever nepal ltd-nepal-wheel 2 in 1.png,CROSS CODING,2,9,99762423,31.063744,122,UNILEVER NEPAL LTD-NEPAL,WHEEL,WHEEL ACTIVE,WHEEL ACTIVE-2IN1 CLEAN FRESH PPH 750 GM,PLPCH,750.000 GM,,,750.0,GM,75.0
90,2022-01-08,202201,131065176,1641538661596,99762424,122,UNILEVER NEPAL LTD-NEPAL,WHEEL 2 IN 1,WHEEL ACTIVE\200GM\PPH\2 IN 1 CLEAN&FRESH,20,PPH,200GM,,1641538661596-unilever nepal ltd-nepal-wheel 2 in 1.png,CROSS CODING,2,10,99762769,31.191092,122,UNILEVER NEPAL LTD-NEPAL,WHEEL,WHEEL ACTIVE,WHEEL ACTIVE-2IN1 CLEAN & FRESH PPH 850 GM,PLPCH,850.000 GM,,,850.0,GM,75.0
91,2022-01-08,202201,130646198,1641533460337,99762950,106,AMBER CONFECTIONERY-INDIA,AMBER,AMBER LYCHEE\3GM\PPH\ TWIST FLAVOUR CANDY ,1,PPH,3GM,,1641533460337-amber confectionery-india-amber.png,RECODING,5,1,99762950,42.02803,106,AMBER CONFECTIONERY-INDIA,AMBER,AMBER,AMBER-LYCHEE TWIST PPH 3 GM,PLPCH,3.000 GM,LYCHEE,,3.0,GM,1.0
91,2022-01-08,202201,130646198,1641533460337,99762950,106,AMBER CONFECTIONERY-INDIA,AMBER,AMBER LYCHEE\3GM\PPH\ TWIST FLAVOUR CANDY ,1,PPH,3GM,,1641533460337-amber confectionery-india-amber.png,RECODING,5,2,99764337,42.386803,106,AMBER CONFECTIONERY-INDIA,AMBER,AMBER,AMBER-LYCHEE TWIST PPH 2.8 GM,PLPCH,2.800 GM,LYCHEE,,2.8,GM,1.0
91,2022-01-08,202201,130646198,1641533460337,99762950,106,AMBER CONFECTIONERY-INDIA,AMBER,AMBER LYCHEE\3GM\PPH\ TWIST FLAVOUR CANDY ,1,PPH,3GM,,1641533460337-amber confectionery-india-amber.png,RECODING,5,3,48108,64.82725,106,AMBER CONFECTIONERY-INDIA,AMBER,AMBER,AMBER-SMOOTH LYCHEE PPH 3 GM,PLPCH,3.000 GM,LYCHEE,,3.0,GM,0.0
91,2022-01-08,202201,130646198,1641533460337,99762950,106,AMBER CONFECTIONERY-INDIA,AMBER,AMBER LYCHEE\3GM\PPH\ TWIST FLAVOUR CANDY ,1,PPH,3GM,,1641533460337-amber confectionery-india-amber.png,RECODING,5,4,99764269,85.50774,106,AMBER CONFECTIONERY-INDIA,AMBER,AMBER,AMBER-APPLE TWIST PPH 2.8 GM,PLPCH,2.800 GM,APPLE,,2.8,GM,1.0
91,2022-01-08,202201,130646198,1641533460337,99762950,106,AMBER CONFECTIONERY-INDIA,AMBER,AMBER LYCHEE\3GM\PPH\ TWIST FLAVOUR CANDY ,1,PPH,3GM,,1641533460337-amber confectionery-india-amber.png,RECODING,5,5,91826315,93.84253,106,AMBER CONFECTIONERY-INDIA,AMBER,AMBER TANGY TWIST,AMBER TANGY TWIST-MANGO MASALA PPH 3.15 GM,PLPCH,3.150 GM,MANGO,,3.15,GM,0.0
91,2022-01-08,202201,130646198,1641533460337,99762950,106,AMBER CONFECTIONERY-INDIA,AMBER,AMBER LYCHEE\3GM\PPH\ TWIST FLAVOUR CANDY ,1,PPH,3GM,,1641533460337-amber confectionery-india-amber.png,RECODING,5,6,99764576,101.697266,106,AMBER CONFECTIONERY-INDIA,AMBER,AMBER MANGO TWIST,AMBER MANGO TWIST-PPH 430 GM,PLPCH,430.000 GM,MANGO,,430.0,GM,128.0
91,2022-01-08,202201,130646198,1641533460337,99762950,106,AMBER CONFECTIONERY-INDIA,AMBER,AMBER LYCHEE\3GM\PPH\ TWIST FLAVOUR CANDY ,1,PPH,3GM,,1641533460337-amber confectionery-india-amber.png,RECODING,5,7,48047,104.97345,106,AMBER CONFECTIONERY-INDIA,AMBER,AMBER,AMBER-NARIYAL CRUSH PPH 4.2 GM,PLPCH,4.200 GM,COCONUT,,4.2,GM,0.0
91,2022-01-08,202201,130646198,1641533460337,99762950,106,AMBER CONFECTIONERY-INDIA,AMBER,AMBER LYCHEE\3GM\PPH\ TWIST FLAVOUR CANDY ,1,PPH,3GM,,1641533460337-amber confectionery-india-amber.png,RECODING,5,8,48102,107.81077,106,AMBER CONFECTIONERY-INDIA,AMBER,AMBER,AMBER-SMOOTH ORANGE PPH 3 GM,PLPCH,3.000 GM,ORANGE,,3.0,GM,0.0
91,2022-01-08,202201,130646198,1641533460337,99762950,106,AMBER CONFECTIONERY-INDIA,AMBER,AMBER LYCHEE\3GM\PPH\ TWIST FLAVOUR CANDY ,1,PPH,3GM,,1641533460337-amber confectionery-india-amber.png,RECODING,5,9,52764,108.18358,106,AMBER CONFECTIONERY-INDIA,AMBER,AMBER TAMARIND POP,AMBER TAMARIND POP-IMLY PPH 5.2 GM,PLPCH,5.200 GM,IMLI,,5.2,GM,0.0
91,2022-01-08,202201,130646198,1641533460337,99762950,106,AMBER CONFECTIONERY-INDIA,AMBER,AMBER LYCHEE\3GM\PPH\ TWIST FLAVOUR CANDY ,1,PPH,3GM,,1641533460337-amber confectionery-india-amber.png,RECODING,5,10,91826313,108.303925,106,AMBER CONFECTIONERY-INDIA,AMBER,AMBER,AMBER- IMLI PPH 3.15 GM,PLPCH,3.150 GM,IMLI,,3.15,GM,0.0
92,2022-01-08,202201,130646198,1641356301817,99762939,120,UNILEVER NEPAL LTD-NEPAL,LIFE BUOY,LIFE BUOY\95GM\EWP\TOTAL PORFECT ACTIVE SILVER SAVE RS.12.00 PACK OF 4NOSX95GM,120,EWP,95GM,,1641356301817-unilever nepal ltd-nepal-life buoy.png,RECODING,5,1,99762939,44.054573,120,UNILEVER NEPAL LTD-NEPAL,LIFE BUOY,LIFE BUOY TOTAL,LIFE BUOY TOTAL-ACTIV SILVER EWP 4*95 GM+SAVE RS12,EWRPK,95.000 GM,,,380.0,GM,140.0
92,2022-01-08,202201,130646198,1641356301817,99762939,120,UNILEVER NEPAL LTD-NEPAL,LIFE BUOY,LIFE BUOY\95GM\EWP\TOTAL PORFECT ACTIVE SILVER SAVE RS.12.00 PACK OF 4NOSX95GM,120,EWP,95GM,,1641356301817-unilever nepal ltd-nepal-life buoy.png,RECODING,5,2,99762416,44.94429,120,UNILEVER NEPAL LTD-NEPAL,LIFE BUOY,LIFE BUOY TOTAL,LIFE BUOY TOTAL-ACTIV SILVER EWP 4*95 GM+SAVE RS20,EWRPK,95.000 GM,,,380.0,GM,120.0
92,2022-01-08,202201,130646198,1641356301817,99762939,120,UNILEVER NEPAL LTD-NEPAL,LIFE BUOY,LIFE BUOY\95GM\EWP\TOTAL PORFECT ACTIVE SILVER SAVE RS.12.00 PACK OF 4NOSX95GM,120,EWP,95GM,,1641356301817-unilever nepal ltd-nepal-life buoy.png,RECODING,5,3,99763881,47.975285,120,UNILEVER NEPAL LTD-NEPAL,LIFE BUOY,LIFE BUOY TOTAL PROTECT,LIFE BUOY TOTAL PROTECT-ACTIV SILVER EWP 4*95 GM+SAVE RS 5,EWRPK,95.000 GM,,,380.0,GM,155.0
92,2022-01-08,202201,130646198,1641356301817,99762939,120,UNILEVER NEPAL LTD-NEPAL,LIFE BUOY,LIFE BUOY\95GM\EWP\TOTAL PORFECT ACTIVE SILVER SAVE RS.12.00 PACK OF 4NOSX95GM,120,EWP,95GM,,1641356301817-unilever nepal ltd-nepal-life buoy.png,RECODING,5,4,99763291,48.70881,120,UNILEVER NEPAL LTD-NEPAL,LIFE BUOY,LIFE BUOY TOTAL PROTECT,LIFE BUOY TOTAL PROTECT-ACTIV SILVER EWP 4*95 GM+SAVE RS12,EWRPK,95.000 GM,,,380.0,GM,140.0
92,2022-01-08,202201,130646198,1641356301817,99762939,120,UNILEVER NEPAL LTD-NEPAL,LIFE BUOY,LIFE BUOY\95GM\EWP\TOTAL PORFECT ACTIVE SILVER SAVE RS.12.00 PACK OF 4NOSX95GM,120,EWP,95GM,,1641356301817-unilever nepal ltd-nepal-life buoy.png,RECODING,5,5,99763126,48.995686,120,UNILEVER NEPAL LTD-NEPAL,LIFE BUOY,LIFE BUOY TOTAL PROTECT,LIFE BUOY TOTAL PROTECT-ACTIV SILVER EWP 4*95 GM+SAVE RS20,EWRPK,95.000 GM,,,380.0,GM,120.0
92,2022-01-08,202201,130646198,1641356301817,99762939,120,UNILEVER NEPAL LTD-NEPAL,LIFE BUOY,LIFE BUOY\95GM\EWP\TOTAL PORFECT ACTIVE SILVER SAVE RS.12.00 PACK OF 4NOSX95GM,120,EWP,95GM,,1641356301817-unilever nepal ltd-nepal-life buoy.png,RECODING,5,6,99763348,50.87685,120,UNILEVER NEPAL LTD-NEPAL,LIFE BUOY,LIFE BUOY TOTAL PROTECT,LIFE BUOY TOTAL PROTECT-ACTIV SILVER EWP 4*95 GM+SAVE RS10,EWRPK,95.000 GM,,,380.0,GM,138.0
92,2022-01-08,202201,130646198,1641356301817,99762939,120,UNILEVER NEPAL LTD-NEPAL,LIFE BUOY,LIFE BUOY\95GM\EWP\TOTAL PORFECT ACTIVE SILVER SAVE RS.12.00 PACK OF 4NOSX95GM,120,EWP,95GM,,1641356301817-unilever nepal ltd-nepal-life buoy.png,RECODING,5,7,99764478,50.993145,120,UNILEVER NEPAL LTD-NEPAL,LIFE BUOY,LIFE BUOY TOTAL PROTECT,LIFE BUOY TOTAL PROTECT-ACTIV SILVER EWP 4*90 GM+SAVE RS 5,EWRPK,90.000 GM,,,360.0,GM,155.0
92,2022-01-08,202201,130646198,1641356301817,99762939,120,UNILEVER NEPAL LTD-NEPAL,LIFE BUOY,LIFE BUOY\95GM\EWP\TOTAL PORFECT ACTIVE SILVER SAVE RS.12.00 PACK OF 4NOSX95GM,120,EWP,95GM,,1641356301817-unilever nepal ltd-nepal-life buoy.png,RECODING,5,8,52952,56.62861,120,UNILEVER NEPAL LTD-NEPAL,LIFE BUOY,LIFE BUOY TOTAL,LIFE BUOY TOTAL-ACTIV SILVER EWP 4*95 GM 100%SGP,EWRPK,95.000 GM,,,380.0,GM,0.0
92,2022-01-08,202201,130646198,1641356301817,99762939,120,UNILEVER NEPAL LTD-NEPAL,LIFE BUOY,LIFE BUOY\95GM\EWP\TOTAL PORFECT ACTIVE SILVER SAVE RS.12.00 PACK OF 4NOSX95GM,120,EWP,95GM,,1641356301817-unilever nepal ltd-nepal-life buoy.png,RECODING,5,9,51728,56.745354,120,UNILEVER NEPAL LTD-NEPAL,LIFE BUOY,LIFE BUOY TOTAL,LIFE BUOY TOTAL-ACTIV SILVER EWP 4*95 GM+RS10,EWRPK,95.000 GM,,,380.0,GM,0.0
92,2022-01-08,202201,130646198,1641356301817,99762939,120,UNILEVER NEPAL LTD-NEPAL,LIFE BUOY,LIFE BUOY\95GM\EWP\TOTAL PORFECT ACTIVE SILVER SAVE RS.12.00 PACK OF 4NOSX95GM,120,EWP,95GM,,1641356301817-unilever nepal ltd-nepal-life buoy.png,RECODING,5,10,52653,57.31369,120,UNILEVER NEPAL LTD-NEPAL,LIFE BUOY,LIFE BUOY TOTAL,LIFE BUOY TOTAL-SILVER SHLD EWP 4*65 GM 100%SGP,EWRPK,65.000 GM,,,260.0,GM,0.0
93,2022-01-08,202201,125781260,1641455757819,99762962,123,BABA SOAP INDUSTRIES - NEPAL,DOLPHIN,DOLPHIN\300\GM,50,PPH,300GM,New SKU,1641455757819-baba soap industries - nepal-dolphin.png,RECODING,5,1,99762962,34.243557,123,BABA SOAP INDUSTRIES - NEPAL,DOLPHIN,DOLPHIN,DOLPHIN-LAUNDRY SOAP PPH 300 GM,PLPCH,300.000 GM,,,300.0,GM,50.0
93,2022-01-08,202201,125781260,1641455757819,99762962,123,BABA SOAP INDUSTRIES - NEPAL,DOLPHIN,DOLPHIN\300\GM,50,PPH,300GM,New SKU,1641455757819-baba soap industries - nepal-dolphin.png,RECODING,5,2,99762815,40.834816,123,BABA SOAP INDUSTRIES - NEPAL,DOLPHIN,DOLPHIN,DOLPHIN-LAUNDRY SOAP PPH 200 GM,PLPCH,200.000 GM,,,200.0,GM,40.0
93,2022-01-08,202201,125781260,1641455757819,99762962,123,BABA SOAP INDUSTRIES - NEPAL,DOLPHIN,DOLPHIN\300\GM,50,PPH,300GM,New SKU,1641455757819-baba soap industries - nepal-dolphin.png,RECODING,5,3,51376,66.1265,123,BABA SOAP INDUSTRIES - NEPAL,DOLPHIN 72%,DOLPHIN 72%,DOLPHIN 72%-UNWRP 150 GM,UNWRP,150.000 GM,,,150.0,GM,0.0
93,2022-01-08,202201,125781260,1641455757819,99762962,123,BABA SOAP INDUSTRIES - NEPAL,DOLPHIN,DOLPHIN\300\GM,50,PPH,300GM,New SKU,1641455757819-baba soap industries - nepal-dolphin.png,RECODING,5,4,99764616,116.51638,123,BABA SOAP INDUSTRIES - NEPAL,BABA,BABA MAGIC,BABA MAGIC-SPL SUPER PPH 250 GM,PLPCH,250.000 GM,,,250.0,GM,55.0
93,2022-01-08,202201,125781260,1641455757819,99762962,123,BABA SOAP INDUSTRIES - NEPAL,DOLPHIN,DOLPHIN\300\GM,50,PPH,300GM,New SKU,1641455757819-baba soap industries - nepal-dolphin.png,RECODING,5,5,99762839,118.39389,123,BABA SOAP INDUSTRIES - NEPAL,BABA,BABA MAGIC,BABA MAGIC-SPL SUPER PPH 300 GM,PLPCH,300.000 GM,,,300.0,GM,60.0
93,2022-01-08,202201,125781260,1641455757819,99762962,123,BABA SOAP INDUSTRIES - NEPAL,DOLPHIN,DOLPHIN\300\GM,50,PPH,300GM,New SKU,1641455757819-baba soap industries - nepal-dolphin.png,RECODING,5,6,99763344,118.91481,123,BABA SOAP INDUSTRIES - NEPAL,BABA,BABA MAGIC,BABA MAGIC-SPL SUPER PPH 150 GM,PLPCH,150.000 GM,,,150.0,GM,30.0
93,2022-01-08,202201,125781260,1641455757819,99762962,123,BABA SOAP INDUSTRIES - NEPAL,DOLPHIN,DOLPHIN\300\GM,50,PPH,300GM,New SKU,1641455757819-baba soap industries - nepal-dolphin.png,RECODING,5,7,99762838,122.410255,123,BABA SOAP INDUSTRIES - NEPAL,BABA,BABA MAGIC,BABA MAGIC-SPL SUPER PPH 200 GM,PLPCH,200.000 GM,,,200.0,GM,40.0
93,2022-01-08,202201,125781260,1641455757819,99762962,123,BABA SOAP INDUSTRIES - NEPAL,DOLPHIN,DOLPHIN\300\GM,50,PPH,300GM,New SKU,1641455757819-baba soap industries - nepal-dolphin.png,RECODING,5,8,54337,124.74677,123,BABA SOAP INDUSTRIES - NEPAL,BABA,BABA MAGIC,BABA MAGIC-SPL SUPER PPH 3*200 GM,PLPCH,200.000 GM,,,600.0,GM,0.0
93,2022-01-08,202201,125781260,1641455757819,99762962,123,BABA SOAP INDUSTRIES - NEPAL,DOLPHIN,DOLPHIN\300\GM,50,PPH,300GM,New SKU,1641455757819-baba soap industries - nepal-dolphin.png,RECODING,5,9,51508,126.49696,123,BABA SOAP INDUSTRIES - NEPAL,BABA,BABA ZOOM,BABA ZOOM-PPH 220 GM,PLPCH,220.000 GM,,,220.0,GM,0.0
93,2022-01-08,202201,125781260,1641455757819,99762962,123,BABA SOAP INDUSTRIES - NEPAL,DOLPHIN,DOLPHIN\300\GM,50,PPH,300GM,New SKU,1641455757819-baba soap industries - nepal-dolphin.png,RECODING,5,10,54984,126.644714,123,BABA SOAP INDUSTRIES - NEPAL,BABA,BABA ZOOM,BABA ZOOM-PPH 210 GM,PLPCH,210.000 GM,,,210.0,GM,0.0
94,2022-01-08,202201,125781260,1641455966638,99762956,122,GOPAL SOAP INDUSTRIES - NEPAL,V- SERIES,V-SERIES ORANGE & LEMON\200\GM,20,PPH,200GM,New SKU,1641455966638-gopal soap industries - nepal-v- series.png,RECODING,5,1,99762956,21.876839,122,GOPAL SOAP INDUSTRIES - NEPAL,V SERIES,V SERIES,V SERIES-ORANGE & LEMON PPH 200 GM,PLPCH,200.000 GM,,,200.0,GM,20.0
94,2022-01-08,202201,125781260,1641455966638,99762956,122,GOPAL SOAP INDUSTRIES - NEPAL,V- SERIES,V-SERIES ORANGE & LEMON\200\GM,20,PPH,200GM,New SKU,1641455966638-gopal soap industries - nepal-v- series.png,RECODING,5,2,51133,25.802814,122,GOPAL SOAP INDUSTRIES - NEPAL,V SERIES,V SERIES,V SERIES-ORANGE & LEMON-PPH 225 GM,PLPCH,225.000 GM,,,225.0,GM,0.0
94,2022-01-08,202201,125781260,1641455966638,99762956,122,GOPAL SOAP INDUSTRIES - NEPAL,V- SERIES,V-SERIES ORANGE & LEMON\200\GM,20,PPH,200GM,New SKU,1641455966638-gopal soap industries - nepal-v- series.png,RECODING,5,3,49577,26.911446,122,GOPAL SOAP INDUSTRIES - NEPAL,V SERIES,V SERIES,V SERIES-ORANGE & LEMON-PPH 250 GM,PLPCH,250.000 GM,,,250.0,GM,0.0
94,2022-01-08,202201,125781260,1641455966638,99762956,122,GOPAL SOAP INDUSTRIES - NEPAL,V- SERIES,V-SERIES ORANGE & LEMON\200\GM,20,PPH,200GM,New SKU,1641455966638-gopal soap industries - nepal-v- series.png,RECODING,5,4,48263,28.749887,122,GOPAL SOAP INDUSTRIES - NEPAL,V SERIES,V SERIES,V SERIES-ORANGE & LEMON-PPH 120 GM,PLPCH,120.000 GM,,,120.0,GM,0.0
94,2022-01-08,202201,125781260,1641455966638,99762956,122,GOPAL SOAP INDUSTRIES - NEPAL,V- SERIES,V-SERIES ORANGE & LEMON\200\GM,20,PPH,200GM,New SKU,1641455966638-gopal soap industries - nepal-v- series.png,RECODING,5,5,51471,29.104889,122,GOPAL SOAP INDUSTRIES - NEPAL,V SERIES,V SERIES,V SERIES-ORANGE & LEMON-PPH 800 GM,PLPCH,800.000 GM,,,800.0,GM,0.0
94,2022-01-08,202201,125781260,1641455966638,99762956,122,GOPAL SOAP INDUSTRIES - NEPAL,V- SERIES,V-SERIES ORANGE & LEMON\200\GM,20,PPH,200GM,New SKU,1641455966638-gopal soap industries - nepal-v- series.png,RECODING,5,6,52196,29.292194,122,GOPAL SOAP INDUSTRIES - NEPAL,V SERIES,V SERIES,V SERIES-ORANGE & LEMON PPH 900 GM,PLPCH,900.000 GM,,,900.0,GM,0.0
94,2022-01-08,202201,125781260,1641455966638,99762956,122,GOPAL SOAP INDUSTRIES - NEPAL,V- SERIES,V-SERIES ORANGE & LEMON\200\GM,20,PPH,200GM,New SKU,1641455966638-gopal soap industries - nepal-v- series.png,RECODING,5,7,50934,29.671473,122,GOPAL SOAP INDUSTRIES - NEPAL,V SERIES,V SERIES,V SERIES-ORANGE & LEMON-PPH 600 GM,PLPCH,600.000 GM,,,600.0,GM,0.0
94,2022-01-08,202201,125781260,1641455966638,99762956,122,GOPAL SOAP INDUSTRIES - NEPAL,V- SERIES,V-SERIES ORANGE & LEMON\200\GM,20,PPH,200GM,New SKU,1641455966638-gopal soap industries - nepal-v- series.png,RECODING,5,8,46807,30.93114,122,GOPAL SOAP INDUSTRIES - NEPAL,V SERIES,V SERIES,V SERIES-ORANGE & LEMON-PPH 3000 GM,PLPCH,3000.000 GM,,,3000.0,GM,0.0
94,2022-01-08,202201,125781260,1641455966638,99762956,122,GOPAL SOAP INDUSTRIES - NEPAL,V- SERIES,V-SERIES ORANGE & LEMON\200\GM,20,PPH,200GM,New SKU,1641455966638-gopal soap industries - nepal-v- series.png,RECODING,5,9,93024808,30.969429,122,GOPAL SOAP INDUSTRIES - NEPAL,V SERIES,V SERIES,V SERIES-ORANGE & LEMON-PPH 270 GMS,PLPCH,270.000 GM,,,270.0,GM,0.0
94,2022-01-08,202201,125781260,1641455966638,99762956,122,GOPAL SOAP INDUSTRIES - NEPAL,V- SERIES,V-SERIES ORANGE & LEMON\200\GM,20,PPH,200GM,New SKU,1641455966638-gopal soap industries - nepal-v- series.png,RECODING,5,10,99763416,31.26646,122,GOPAL SOAP INDUSTRIES - NEPAL,V SERIES,V SERIES,V SERIES-ORANGE & LEMON PPH 500 GM,PLPCH,500.000 GM,,,500.0,GM,50.0
95,2022-01-08,202201,125938071,1641189482313,99762424,122,R.M. CHEMICALS NEPAL,ACTIVE WHEEL 2IN 1,ACTIVE WHEEL 2 IN 1\200\GM,20,PPH,200GM,New SKU,1641189482313-r-m- chemicals nepal-active wheel 2in 1.png,CROSS CODING,2,1,50274,133.60278,122,UNILEVER NEPAL LTD-NEPAL,WHEEL,WHEEL ACTIVE,WHEEL ACTIVE-2IN1 CLN FRS PPH 1000 GM+FR VIM BAR 85G,PLPCH,1000.000 GM,,,1000.0,GM,0.0
95,2022-01-08,202201,125938071,1641189482313,99762424,122,R.M. CHEMICALS NEPAL,ACTIVE WHEEL 2IN 1,ACTIVE WHEEL 2 IN 1\200\GM,20,PPH,200GM,New SKU,1641189482313-r-m- chemicals nepal-active wheel 2in 1.png,CROSS CODING,2,2,99762424,134.76375,122,UNILEVER NEPAL LTD-NEPAL,WHEEL,WHEEL ACTIVE,WHEEL ACTIVE-2IN1 CLEAN FRESH PPH 200 GM,PLPCH,200.000 GM,,,200.0,GM,20.0
95,2022-01-08,202201,125938071,1641189482313,99762424,122,R.M. CHEMICALS NEPAL,ACTIVE WHEEL 2IN 1,ACTIVE WHEEL 2 IN 1\200\GM,20,PPH,200GM,New SKU,1641189482313-r-m- chemicals nepal-active wheel 2in 1.png,CROSS CODING,2,3,99764844,137.73975,122,UNILEVER NEPAL LTD-NEPAL,WHEEL,WHEEL ACTIVE,WHEEL ACTIVE-2IN1 CLEAN & FRESH PPH 150 GM,PLPCH,150.000 GM,,,150.0,GM,20.0
95,2022-01-08,202201,125938071,1641189482313,99762424,122,R.M. CHEMICALS NEPAL,ACTIVE WHEEL 2IN 1,ACTIVE WHEEL 2 IN 1\200\GM,20,PPH,200GM,New SKU,1641189482313-r-m- chemicals nepal-active wheel 2in 1.png,CROSS CODING,2,4,99764088,138.76503,122,UNILEVER NEPAL LTD-NEPAL,WHEEL,WHEEL ACTIVE,WHEEL ACTIVE-2IN1 CLEAN & FRESH PPH 180 GM,PLPCH,180.000 GM,,,180.0,GM,20.0
95,2022-01-08,202201,125938071,1641189482313,99762424,122,R.M. CHEMICALS NEPAL,ACTIVE WHEEL 2IN 1,ACTIVE WHEEL 2 IN 1\200\GM,20,PPH,200GM,New SKU,1641189482313-r-m- chemicals nepal-active wheel 2in 1.png,CROSS CODING,2,5,53599,139.41278,122,UNILEVER NEPAL LTD-NEPAL,WHEEL,WHEEL ACTIVE,WHEEL ACTIVE-2IN1 CLEAN FRESH PPH 160 GM,PLPCH,160.000 GM,,,160.0,GM,0.0
95,2022-01-08,202201,125938071,1641189482313,99762424,122,R.M. CHEMICALS NEPAL,ACTIVE WHEEL 2IN 1,ACTIVE WHEEL 2 IN 1\200\GM,20,PPH,200GM,New SKU,1641189482313-r-m- chemicals nepal-active wheel 2in 1.png,CROSS CODING,2,6,49956,139.77771,122,UNILEVER NEPAL LTD-NEPAL,WHEEL,WHEEL ACTIVE,WHEEL ACTIVE-2IN1 CLEAN FRESH PPH 170 GM,PLPCH,170.000 GM,,,170.0,GM,0.0
95,2022-01-08,202201,125938071,1641189482313,99762424,122,R.M. CHEMICALS NEPAL,ACTIVE WHEEL 2IN 1,ACTIVE WHEEL 2 IN 1\200\GM,20,PPH,200GM,New SKU,1641189482313-r-m- chemicals nepal-active wheel 2in 1.png,CROSS CODING,2,7,49512,140.34749,122,UNILEVER NEPAL LTD-NEPAL,WHEEL,WHEEL ACTIVE,WHEEL ACTIVE-2IN1 CLEAN FRESH PPH 175 GM,PLPCH,175.000 GM,,,175.0,GM,0.0
95,2022-01-08,202201,125938071,1641189482313,99762424,122,R.M. CHEMICALS NEPAL,ACTIVE WHEEL 2IN 1,ACTIVE WHEEL 2 IN 1\200\GM,20,PPH,200GM,New SKU,1641189482313-r-m- chemicals nepal-active wheel 2in 1.png,CROSS CODING,2,8,99763979,141.22836,122,UNILEVER NEPAL LTD-NEPAL,WHEEL,WHEEL ACTIVE,WHEEL ACTIVE-2IN1 CLEAN FRESH PPH 950 GM,PLPCH,950.000 GM,,,950.0,GM,110.0
95,2022-01-08,202201,125938071,1641189482313,99762424,122,R.M. CHEMICALS NEPAL,ACTIVE WHEEL 2IN 1,ACTIVE WHEEL 2 IN 1\200\GM,20,PPH,200GM,New SKU,1641189482313-r-m- chemicals nepal-active wheel 2in 1.png,CROSS CODING,2,9,99764625,141.78006,122,UNILEVER NEPAL LTD-NEPAL,WHEEL,WHEEL ACTIVE,WHEEL ACTIVE-2IN1 CLEAN & FRESH PPH 900 GM,PLPCH,900.000 GM,,,900.0,GM,110.0
95,2022-01-08,202201,125938071,1641189482313,99762424,122,R.M. CHEMICALS NEPAL,ACTIVE WHEEL 2IN 1,ACTIVE WHEEL 2 IN 1\200\GM,20,PPH,200GM,New SKU,1641189482313-r-m- chemicals nepal-active wheel 2in 1.png,CROSS CODING,2,10,50746,141.78737,122,UNILEVER NEPAL LTD-NEPAL,WHEEL,WHEEL ACTIVE,WHEEL ACTIVE-2IN1 CLEAN FRESH PPH 165 GM,PLPCH,165.000 GM,,,165.0,GM,0.0
96,2022-01-08,202201,124370981,1641520004102,99762908,129,SYNOKEM PHARMACEUTICALS LTD INDIA,I - FREE 72,I-FREE 72 \ 1 \ STRIP,80,1 STRIP,EWP,New SKU,1641520004102-synokem pharmaceuticals ltd india-i - free 72.png,RECODING,5,1,99762908,89.12282,129,SYNOKEM PHARMACEUTICALS LTD-INDIA,I-FREE 72,I-FREE 72,I-FREE 72-CBP 1 NOS,CDBOX,1.000 NO,,,1.0,NO,80.0
96,2022-01-08,202201,124370981,1641520004102,99762908,129,SYNOKEM PHARMACEUTICALS LTD INDIA,I - FREE 72,I-FREE 72 \ 1 \ STRIP,80,1 STRIP,EWP,New SKU,1641520004102-synokem pharmaceuticals ltd india-i - free 72.png,RECODING,5,2,90727057,208.70523,129,KWALITY PHARMACEUTICALS-INDIA,CLEAR 72,CLEAR 72,CLEAR 72-CBP 1 NOS,CDBOX,1.000 NO,,,1.0,NO,0.0
96,2022-01-08,202201,124370981,1641520004102,99762908,129,SYNOKEM PHARMACEUTICALS LTD INDIA,I - FREE 72,I-FREE 72 \ 1 \ STRIP,80,1 STRIP,EWP,New SKU,1641520004102-synokem pharmaceuticals ltd india-i - free 72.png,RECODING,5,3,90710186,236.19867,129,WYETH LAB. - INDIA,OVRAL,OVRAL - G,OVRAL - G-CBP 20 NOS,CDBOX,20.000 NO,,,20.0,NO,0.0
96,2022-01-08,202201,124370981,1641520004102,99762908,129,SYNOKEM PHARMACEUTICALS LTD INDIA,I - FREE 72,I-FREE 72 \ 1 \ STRIP,80,1 STRIP,EWP,New SKU,1641520004102-synokem pharmaceuticals ltd india-i - free 72.png,RECODING,5,4,90710185,242.10263,129,WYETH LAB. - INDIA,OVRAL,OVRAL,OVRAL-CBP 21 NOS,CDBOX,21.000 NO,,,21.0,NO,0.0
96,2022-01-08,202201,124370981,1641520004102,99762908,129,SYNOKEM PHARMACEUTICALS LTD INDIA,I - FREE 72,I-FREE 72 \ 1 \ STRIP,80,1 STRIP,EWP,New SKU,1641520004102-synokem pharmaceuticals ltd india-i - free 72.png,RECODING,5,5,90710190,244.70996,129,WYETH LAB. - INDIA,OVRAL,OVRAL - L,OVRAL - L-CBP 21 NOS,CDBOX,21.000 NO,,,21.0,NO,0.0
96,2022-01-08,202201,124370981,1641520004102,99762908,129,SYNOKEM PHARMACEUTICALS LTD INDIA,I - FREE 72,I-FREE 72 \ 1 \ STRIP,80,1 STRIP,EWP,New SKU,1641520004102-synokem pharmaceuticals ltd india-i - free 72.png,RECODING,5,6,99764788,245.67029,129,COOPER PHARMA LTD-INDIA,D-PILL,D-PILL,D-PILL-CBP 1 NOS,CDBOX,1.000 NO,,,1.0,NO,80.0
96,2022-01-08,202201,124370981,1641520004102,99762908,129,SYNOKEM PHARMACEUTICALS LTD INDIA,I - FREE 72,I-FREE 72 \ 1 \ STRIP,80,1 STRIP,EWP,New SKU,1641520004102-synokem pharmaceuticals ltd india-i - free 72.png,RECODING,5,7,90712760,255.83199,129,GERMAN REMEDY LTD. - INDIA,TRIQUILAR,TRIQUILAR,TRIQUILAR-CBP 21 NOS,CDBOX,21.000 NO,,,21.0,NO,0.0
96,2022-01-08,202201,124370981,1641520004102,99762908,129,SYNOKEM PHARMACEUTICALS LTD INDIA,I - FREE 72,I-FREE 72 \ 1 \ STRIP,80,1 STRIP,EWP,New SKU,1641520004102-synokem pharmaceuticals ltd india-i - free 72.png,RECODING,5,8,90711626,267.0175,129,GERMAN REMEDY LTD. - INDIA,DUOLUTON,DUOLUTON - L,DUOLUTON - L-CBP 21 NOS,CDBOX,21.000 NO,,,21.0,NO,0.0
96,2022-01-08,202201,124370981,1641520004102,99762908,129,SYNOKEM PHARMACEUTICALS LTD INDIA,I - FREE 72,I-FREE 72 \ 1 \ STRIP,80,1 STRIP,EWP,New SKU,1641520004102-synokem pharmaceuticals ltd india-i - free 72.png,RECODING,5,9,90720003,267.50342,129,CIPLA LTD.-INDIA,I-PILL,I-PILL,I-PILL-PILL-CBP 1 NOS,CDBOX,1.000 NO,,,1.0,NO,0.0
96,2022-01-08,202201,124370981,1641520004102,99762908,129,SYNOKEM PHARMACEUTICALS LTD INDIA,I - FREE 72,I-FREE 72 \ 1 \ STRIP,80,1 STRIP,EWP,New SKU,1641520004102-synokem pharmaceuticals ltd india-i - free 72.png,RECODING,5,10,90722988,277.71924,129,S R DRUG LAB - NEPAL,CONTRAGEST,CONTRAGEST,CONTRAGEST-CBP 2 NOS,CDBOX,2.000 NO,,,2.0,NO,0.0
97,2022-01-08,202201,128643540,1641536334283,99762963,123,SIRMAUR SOAP AND ALLIED PRODUCTS PVT LTD,JIWAN GOLD,JIWAN GOLD\100\GM,16,PPH,100GM,,1641536334283-sirmaur soap and allied products pvt ltd-jiwan gold.png,RECODING,5,1,99762963,74.87946,123,SIRMAUR SOAP FACTORY-INDIA,JIWAN GOLD,JIWAN GOLD,JIWAN GOLD-LAUNDRY SOAP PPH 100 GM,PLPCH,100.000 GM,,,100.0,GM,16.0
97,2022-01-08,202201,128643540,1641536334283,99762963,123,SIRMAUR SOAP AND ALLIED PRODUCTS PVT LTD,JIWAN GOLD,JIWAN GOLD\100\GM,16,PPH,100GM,,1641536334283-sirmaur soap and allied products pvt ltd-jiwan gold.png,RECODING,5,2,99763079,82.60164,123,SIRMAUR SOAP FACTORY-INDIA,JIWAN GOLD,JIWAN GOLD,JIWAN GOLD-LAUNDRY SOAP PPH 200 GM,PLPCH,200.000 GM,,,200.0,GM,40.0
97,2022-01-08,202201,128643540,1641536334283,99762963,123,SIRMAUR SOAP AND ALLIED PRODUCTS PVT LTD,JIWAN GOLD,JIWAN GOLD\100\GM,16,PPH,100GM,,1641536334283-sirmaur soap and allied products pvt ltd-jiwan gold.png,RECODING,5,3,50738,157.65097,123,SIRMAUR SOAP FACTORY-INDIA,AMRIT,AMRIT,AMRIT-ULTRA CLEAN PPH 150 GM,PLPCH,150.000 GM,,,150.0,GM,0.0
97,2022-01-08,202201,128643540,1641536334283,99762963,123,SIRMAUR SOAP AND ALLIED PRODUCTS PVT LTD,JIWAN GOLD,JIWAN GOLD\100\GM,16,PPH,100GM,,1641536334283-sirmaur soap and allied products pvt ltd-jiwan gold.png,RECODING,5,4,49272,174.64534,123,HIMGIRI SOAP & CHEMICALS-NEPAL,DRUK,DRUK GOLD,DRUK GOLD-PPH 12*190 GM [2280 GM],PLPCH,190.000 GM,,,2280.0,GM,0.0
97,2022-01-08,202201,128643540,1641536334283,99762963,123,SIRMAUR SOAP AND ALLIED PRODUCTS PVT LTD,JIWAN GOLD,JIWAN GOLD\100\GM,16,PPH,100GM,,1641536334283-sirmaur soap and allied products pvt ltd-jiwan gold.png,RECODING,5,5,54985,175.02304,123,HIMGIRI SOAP & CHEMICALS-NEPAL,DRUK,DRUK GOLD,DRUK GOLD-PPH 12*170 GM [2040 GM],PLPCH,170.000 GM,,,2040.0,GM,0.0
97,2022-01-08,202201,128643540,1641536334283,99762963,123,SIRMAUR SOAP AND ALLIED PRODUCTS PVT LTD,JIWAN GOLD,JIWAN GOLD\100\GM,16,PPH,100GM,,1641536334283-sirmaur soap and allied products pvt ltd-jiwan gold.png,RECODING,5,6,51658,178.41936,123,BABA SOAP INDUSTRIES - NEPAL,BABA,BABA MAGIC,BABA MAGIC-DETERGENT WSHNG BAR PPH 70 GM,PLPCH,70.000 GM,,,70.0,GM,0.0
97,2022-01-08,202201,128643540,1641536334283,99762963,123,SIRMAUR SOAP AND ALLIED PRODUCTS PVT LTD,JIWAN GOLD,JIWAN GOLD\100\GM,16,PPH,100GM,,1641536334283-sirmaur soap and allied products pvt ltd-jiwan gold.png,RECODING,5,7,99762709,178.7901,123,BABA SOAP INDUSTRIES - NEPAL,AMAR,AMAR,AMAR-LAUNDRY SOAP PPH 100 GM,PLPCH,100.000 GM,,,100.0,GM,20.0
97,2022-01-08,202201,128643540,1641536334283,99762963,123,SIRMAUR SOAP AND ALLIED PRODUCTS PVT LTD,JIWAN GOLD,JIWAN GOLD\100\GM,16,PPH,100GM,,1641536334283-sirmaur soap and allied products pvt ltd-jiwan gold.png,RECODING,5,8,99764472,179.56938,123,KARUNA SOAP & CHEMICALS-NEPAL,KARUNA,KARUNA GOLD,KARUNA GOLD-EXTRA CLEAN LAUNDRY SOAP PPH 3*134 GM [400 GM],PLPCH,134.000 GM,,,400.0,GM,100.0
97,2022-01-08,202201,128643540,1641536334283,99762963,123,SIRMAUR SOAP AND ALLIED PRODUCTS PVT LTD,JIWAN GOLD,JIWAN GOLD\100\GM,16,PPH,100GM,,1641536334283-sirmaur soap and allied products pvt ltd-jiwan gold.png,RECODING,5,9,47221,180.23306,123,SATYAWATI SOAP INDUSTRIES-NPL,AXN PLUS,AXN PLUS SATYA,AXN PLUS SATYA-PCN 800 GM+FR SCURBBER,PLJAR,800.000 GM,,,800.0,GM,0.0
97,2022-01-08,202201,128643540,1641536334283,99762963,123,SIRMAUR SOAP AND ALLIED PRODUCTS PVT LTD,JIWAN GOLD,JIWAN GOLD\100\GM,16,PPH,100GM,,1641536334283-sirmaur soap and allied products pvt ltd-jiwan gold.png,RECODING,5,10,99764734,181.56331,123,R.N.A PRODUCTION PVT LTD-NP,BIR,BIR,BIR-DETERGENT SOAP EWP 90 GM,EWRPK,90.000 GM,,,90.0,GM,10.0
98,2022-01-08,202201,128643540,1641536618727,99762957,122,HINDUSTAN UNILEVER LTD-INDIA,SURF EXCEL,SURF EXCEL\85\GM,20,PPH,85GM,,1641536618727-hindustan unilever ltd-india-surf excel.png,RECODING,5,1,99763430,35.83801,122,HINDUSTAN UNILEVER LTD-INDIA,SURF,SURF EXCEL,SURF EXCEL-EASY WASH PPH 80 GM,PLPCH,80.000 GM,,,80.0,GM,20.0
98,2022-01-08,202201,128643540,1641536618727,99762957,122,HINDUSTAN UNILEVER LTD-INDIA,SURF EXCEL,SURF EXCEL\85\GM,20,PPH,85GM,,1641536618727-hindustan unilever ltd-india-surf excel.png,RECODING,5,2,99763341,41.503403,122,HINDUSTAN UNILEVER LTD-INDIA,SURF,SURF EXCEL,SURF EXCEL-EASY WASH PPH 1000 GM,PLPCH,1000.000 GM,,,1000.0,GM,215.0
98,2022-01-08,202201,128643540,1641536618727,99762957,122,HINDUSTAN UNILEVER LTD-INDIA,SURF EXCEL,SURF EXCEL\85\GM,20,PPH,85GM,,1641536618727-hindustan unilever ltd-india-surf excel.png,RECODING,5,3,99762720,43.082222,122,HINDUSTAN UNILEVER LTD-INDIA,SURF,SURF EXCEL,SURF EXCEL-QUICK WASH PPH 12 GMS,PLPCH,12.000 GM,,,12.0,GM,4.0
98,2022-01-08,202201,128643540,1641536618727,99762957,122,HINDUSTAN UNILEVER LTD-INDIA,SURF EXCEL,SURF EXCEL\85\GM,20,PPH,85GM,,1641536618727-hindustan unilever ltd-india-surf excel.png,RECODING,5,4,99762942,44.407455,122,HINDUSTAN UNILEVER LTD-INDIA,SURF,SURF EXCEL,SURF EXCEL-EASY WASH PPH 500 GM,PLPCH,500.000 GM,,,500.0,GM,100.0
98,2022-01-08,202201,128643540,1641536618727,99762957,122,HINDUSTAN UNILEVER LTD-INDIA,SURF EXCEL,SURF EXCEL\85\GM,20,PPH,85GM,,1641536618727-hindustan unilever ltd-india-surf excel.png,RECODING,5,5,99764761,90.80035,122,HINDUSTAN UNILEVER LTD-INDIA,SURF,SURF EXCEL MATIC,SURF EXCEL MATIC-FRONT LOAD CBP 6000 GM,CDBOX,6000.000 GM,,,6000.0,GM,2350.0
98,2022-01-08,202201,128643540,1641536618727,99762957,122,HINDUSTAN UNILEVER LTD-INDIA,SURF EXCEL,SURF EXCEL\85\GM,20,PPH,85GM,,1641536618727-hindustan unilever ltd-india-surf excel.png,RECODING,5,6,93025895,96.507095,122,UNILEVER NEPAL LTD-NEPAL,SURF,SURF EXCEL,SURF EXCEL-PPH 95 GMS,PLPCH,95.000 GM,,,95.0,GM,0.0
98,2022-01-08,202201,128643540,1641536618727,99762957,122,HINDUSTAN UNILEVER LTD-INDIA,SURF EXCEL,SURF EXCEL\85\GM,20,PPH,85GM,,1641536618727-hindustan unilever ltd-india-surf excel.png,RECODING,5,7,93011517,96.96832,122,UNILEVER NEPAL LTD-NEPAL,SURF,SURF EXCEL,SURF EXCEL-PPH 200  GMS,PLPCH,200.000 GM,,,200.0,GM,0.0
98,2022-01-08,202201,128643540,1641536618727,99762957,122,HINDUSTAN UNILEVER LTD-INDIA,SURF EXCEL,SURF EXCEL\85\GM,20,PPH,85GM,,1641536618727-hindustan unilever ltd-india-surf excel.png,RECODING,5,8,93019653,96.96832,122,UNILEVER NEPAL LTD-NEPAL,SURF,SURF EXCEL,SURF EXCEL-PPH 200 GMS,PLPCH,200.000 GM,,,200.0,GM,0.0
98,2022-01-08,202201,128643540,1641536618727,99762957,122,HINDUSTAN UNILEVER LTD-INDIA,SURF EXCEL,SURF EXCEL\85\GM,20,PPH,85GM,,1641536618727-hindustan unilever ltd-india-surf excel.png,RECODING,5,9,93017634,97.72679,122,UNILEVER NEPAL LTD-NEPAL,SURF,SURF EXCEL,SURF EXCEL-PPH 3000 GMS,PLPCH,3000.000 GM,,,3000.0,GM,0.0
98,2022-01-08,202201,128643540,1641536618727,99762957,122,HINDUSTAN UNILEVER LTD-INDIA,SURF EXCEL,SURF EXCEL\85\GM,20,PPH,85GM,,1641536618727-hindustan unilever ltd-india-surf excel.png,RECODING,5,10,99762957,97.94981,122,UNILEVER NEPAL LTD-NEPAL,SURF,SURF EXCEL,SURF EXCEL-EASY WASH PPH 85 GM,PLPCH,85.000 GM,,,85.0,GM,20.0
99,2022-01-08,202201,130375892,1641534356239,99762953,120,HINDUSTAN UNILEVER LTD-INDIA,LIFEBUOY ,LIFEBUOY/100% STRONGER GERM PROTECTION/4Ã—58GM/EWP,20,EWP,4Ã—58GM,,1641534356239-hindustan unilever ltd-india-lifebuoy .png,RECODING,5,1,99762953,65.76669,120,HINDUSTAN UNILEVER LTD-INDIA,LIFE BUOY,LIFE BUOY,LIFE BUOY-GERM PROTECTION SILVER SHLD EWP 4*58GM,EWRPK,58.000 GM,,,232.0,GM,65.0
99,2022-01-08,202201,130375892,1641534356239,99762953,120,HINDUSTAN UNILEVER LTD-INDIA,LIFEBUOY ,LIFEBUOY/100% STRONGER GERM PROTECTION/4Ã—58GM/EWP,20,EWP,4Ã—58GM,,1641534356239-hindustan unilever ltd-india-lifebuoy .png,RECODING,5,2,99763088,65.998955,120,HINDUSTAN UNILEVER LTD-INDIA,LIFE BUOY,LIFE BUOY,LIFE BUOY-GERM PROTECTION SILVER SHLD EWP 55 GM,EWRPK,55.000 GM,,,55.0,GM,20.0
99,2022-01-08,202201,130375892,1641534356239,99762953,120,HINDUSTAN UNILEVER LTD-INDIA,LIFEBUOY ,LIFEBUOY/100% STRONGER GERM PROTECTION/4Ã—58GM/EWP,20,EWP,4Ã—58GM,,1641534356239-hindustan unilever ltd-india-lifebuoy .png,RECODING,5,3,99763641,66.43082,120,HINDUSTAN UNILEVER LTD-INDIA,LIFE BUOY,LIFE BUOY,LIFE BUOY-GERM PROTECTION SILVER SHLD EWP 58 GM,EWRPK,58.000 GM,,,58.0,GM,20.0
99,2022-01-08,202201,130375892,1641534356239,99762953,120,HINDUSTAN UNILEVER LTD-INDIA,LIFEBUOY ,LIFEBUOY/100% STRONGER GERM PROTECTION/4Ã—58GM/EWP,20,EWP,4Ã—58GM,,1641534356239-hindustan unilever ltd-india-lifebuoy .png,RECODING,5,4,99762716,68.99696,120,HINDUSTAN UNILEVER LTD-INDIA,LIFE BUOY,LIFE BUOY,LIFE BUOY-SILVER DEFENCE+ GERM PROTECTION EWP 57GM,EWRPK,57.000 GM,,,57.0,GM,16.0
99,2022-01-08,202201,130375892,1641534356239,99762953,120,HINDUSTAN UNILEVER LTD-INDIA,LIFEBUOY ,LIFEBUOY/100% STRONGER GERM PROTECTION/4Ã—58GM/EWP,20,EWP,4Ã—58GM,,1641534356239-hindustan unilever ltd-india-lifebuoy .png,RECODING,5,5,99763998,77.4335,120,HINDUSTAN UNILEVER LTD-INDIA,LIFE BUOY,LIFE BUOY TOTAL,LIFE BUOY TOTAL-SILVER SHLD GERM PROTECTION EWP 125 GM,EWRPK,125.000 GM,,,125.0,GM,40.0
99,2022-01-08,202201,130375892,1641534356239,99762953,120,HINDUSTAN UNILEVER LTD-INDIA,LIFEBUOY ,LIFEBUOY/100% STRONGER GERM PROTECTION/4Ã—58GM/EWP,20,EWP,4Ã—58GM,,1641534356239-hindustan unilever ltd-india-lifebuoy .png,RECODING,5,6,99763243,103.507774,120,HINDUSTAN UNILEVER LTD-INDIA,LIFE BUOY,LIFE BUOY,LIFE BUOY-SILVER PROTECT PPH 25 GM,PLPCH,25.000 GM,,,25.0,GM,10.0
99,2022-01-08,202201,130375892,1641534356239,99762953,120,HINDUSTAN UNILEVER LTD-INDIA,LIFEBUOY ,LIFEBUOY/100% STRONGER GERM PROTECTION/4Ã—58GM/EWP,20,EWP,4Ã—58GM,,1641534356239-hindustan unilever ltd-india-lifebuoy .png,RECODING,5,7,99762518,117.365555,120,HINDUSTAN UNILEVER LTD-INDIA,LIFE BUOY,LIFE BUOY TOTAL,LIFE BUOY TOTAL-ACTIV SILVER EWP 59 GM+SAV 14%,EWRPK,59.000 GM,,,59.0,GM,20.0
99,2022-01-08,202201,130375892,1641534356239,99762953,120,HINDUSTAN UNILEVER LTD-INDIA,LIFEBUOY ,LIFEBUOY/100% STRONGER GERM PROTECTION/4Ã—58GM/EWP,20,EWP,4Ã—58GM,,1641534356239-hindustan unilever ltd-india-lifebuoy .png,RECODING,5,8,99762496,120.862976,120,HINDUSTAN UNILEVER LTD-INDIA,LIFE BUOY,LIFE BUOY TOTAL,LIFE BUOY TOTAL-SILVER SHLD EWP 4*125 GM+BUY3GET1,EWRPK,125.000 GM,,,500.0,GM,140.0
99,2022-01-08,202201,130375892,1641534356239,99762953,120,HINDUSTAN UNILEVER LTD-INDIA,LIFEBUOY ,LIFEBUOY/100% STRONGER GERM PROTECTION/4Ã—58GM/EWP,20,EWP,4Ã—58GM,,1641534356239-hindustan unilever ltd-india-lifebuoy .png,RECODING,5,9,99763897,122.425316,120,UNILEVER NEPAL LTD-NEPAL,LIFE BUOY,LIFE BUOY,LIFE BUOY-GERM PROTECTION SILVER SHLD EWP 4*52GM,EWRPK,52.000 GM,,,208.0,GM,65.0
99,2022-01-08,202201,130375892,1641534356239,99762953,120,HINDUSTAN UNILEVER LTD-INDIA,LIFEBUOY ,LIFEBUOY/100% STRONGER GERM PROTECTION/4Ã—58GM/EWP,20,EWP,4Ã—58GM,,1641534356239-hindustan unilever ltd-india-lifebuoy .png,RECODING,5,10,99763089,122.71747,120,UNILEVER NEPAL LTD-NEPAL,LIFE BUOY,LIFE BUOY,LIFE BUOY-SILVER DEFENCE+ GERM PROTECTION EWP 54GM,EWRPK,54.000 GM,,,54.0,GM,16.0
100,2022-01-08,202201,130403386,1641535291475,99762964,123,GOPAL N PRODUCT-NEPAL,ANKUR ,ANKUR LAUNDRY SOAP/250GM/PPH,50,PPH,250GM ,,1641535291475-gopal n product-nepal-ankur .png,RECODING,5,1,53137,73.93001,123,GOPAL N PRODUCT-NEPAL,V SERIES,V SERIES V PLUS,V SERIES V PLUS-WASHING SOAP PPH 220 GM,PLPCH,220.000 GM,,,220.0,GM,0.0
100,2022-01-08,202201,130403386,1641535291475,99762964,123,GOPAL N PRODUCT-NEPAL,ANKUR ,ANKUR LAUNDRY SOAP/250GM/PPH,50,PPH,250GM ,,1641535291475-gopal n product-nepal-ankur .png,RECODING,5,2,99762964,90.04121,123,GOPAL N PRODUCT-NEPAL,ANKUR,ANKUR,ANKUR-EXTRA WHITENER PPH 250 GM,PLPCH,250.000 GM,,,250.0,GM,50.0
100,2022-01-08,202201,130403386,1641535291475,99762964,123,GOPAL N PRODUCT-NEPAL,ANKUR ,ANKUR LAUNDRY SOAP/250GM/PPH,50,PPH,250GM ,,1641535291475-gopal n product-nepal-ankur .png,RECODING,5,3,99764829,92.41768,123,GOPAL N PRODUCT-NEPAL,ANKUR,ANKUR,ANKUR-EXTRA WHITENER PPH 200 GM,PLPCH,200.000 GM,,,200.0,GM,45.0
100,2022-01-08,202201,130403386,1641535291475,99762964,123,GOPAL N PRODUCT-NEPAL,ANKUR ,ANKUR LAUNDRY SOAP/250GM/PPH,50,PPH,250GM ,,1641535291475-gopal n product-nepal-ankur .png,RECODING,5,4,99762889,93.40523,123,GOPAL N PRODUCT-NEPAL,ANKUR,ANKUR,ANKUR-EXTRA WHITENER PPH 150 GM,PLPCH,150.000 GM,,,150.0,GM,30.0
100,2022-01-08,202201,130403386,1641535291475,99762964,123,GOPAL N PRODUCT-NEPAL,ANKUR ,ANKUR LAUNDRY SOAP/250GM/PPH,50,PPH,250GM ,,1641535291475-gopal n product-nepal-ankur .png,RECODING,5,5,99763644,93.5757,123,GOPAL N PRODUCT-NEPAL,ANKUR,ANKUR,ANKUR-EXTRA WHITENER PPH 300 GM,PLPCH,300.000 GM,,,300.0,GM,55.0
100,2022-01-08,202201,130403386,1641535291475,99762964,123,GOPAL N PRODUCT-NEPAL,ANKUR ,ANKUR LAUNDRY SOAP/250GM/PPH,50,PPH,250GM ,,1641535291475-gopal n product-nepal-ankur .png,RECODING,5,6,99762733,102.41198,123,GOPAL N PRODUCT-NEPAL,PRINCE,PRINCE,PRINCE-LAUNDRY SOAP PPH 200 GM,PLPCH,200.000 GM,,,200.0,GM,40.0
100,2022-01-08,202201,130403386,1641535291475,99762964,123,GOPAL N PRODUCT-NEPAL,ANKUR ,ANKUR LAUNDRY SOAP/250GM/PPH,50,PPH,250GM ,,1641535291475-gopal n product-nepal-ankur .png,RECODING,5,7,99762892,103.18672,123,GOPAL N PRODUCT-NEPAL,PRINCE,PRINCE,PRINCE-LAUNDRY SOAP PPH 100 GM,PLPCH,100.000 GM,,,100.0,GM,20.0
100,2022-01-08,202201,130403386,1641535291475,99762964,123,GOPAL N PRODUCT-NEPAL,ANKUR ,ANKUR LAUNDRY SOAP/250GM/PPH,50,PPH,250GM ,,1641535291475-gopal n product-nepal-ankur .png,RECODING,5,8,99764148,118.90535,123,BABA SOAP INDUSTRIES - NEPAL,ANMOL,ANMOL,ANMOL-LAUNDRY SOAP PPH 200 GM,PLPCH,200.000 GM,,,200.0,GM,40.0
100,2022-01-08,202201,130403386,1641535291475,99762964,123,GOPAL N PRODUCT-NEPAL,ANKUR ,ANKUR LAUNDRY SOAP/250GM/PPH,50,PPH,250GM ,,1641535291475-gopal n product-nepal-ankur .png,RECODING,5,9,99762930,120.633514,123,HIMGIRI HYGIENE PVT LTD-NEPAL,TIKA,TIKA,TIKA-LAUNDRY SOAP PPH 250 GM*4 NOS(1000GM),PLPCH,250.000 GM,,,1000.0,GM,200.0
100,2022-01-08,202201,130403386,1641535291475,99762964,123,GOPAL N PRODUCT-NEPAL,ANKUR ,ANKUR LAUNDRY SOAP/250GM/PPH,50,PPH,250GM ,,1641535291475-gopal n product-nepal-ankur .png,RECODING,5,10,99763778,123.035034,123,SHIKHAR SABUN UDHYOG-NEPAL,SHIKHAR,SHIKHAR,SHIKHAR-LAUNDRY SOAP PPH 250 GM,PLPCH,250.000 GM,,,250.0,GM,45.0
101,2022-01-08,202201,130403386,1641534746986,99762954,120,VVF LTD - INDIA,JO SPARKLING FRESH ,JO SPARKLING FRESH/LIME/100GM/EWP/BUY 3 GET 2 FREE,144,RWP,100GM ,,1641534746986-vvf ltd - india-jo sparkling fresh .png,RECODING,5,1,99762954,50.8221,120,VVF LTD - INDIA,JO,JO,JO-LIME SPARKLING FRESH EWP 5*100 GM+BUY 3 GET 2 FREE,EWRPK,100.000 GM,,,500.0,GM,145.0
101,2022-01-08,202201,130403386,1641534746986,99762954,120,VVF LTD - INDIA,JO SPARKLING FRESH ,JO SPARKLING FRESH/LIME/100GM/EWP/BUY 3 GET 2 FREE,144,RWP,100GM ,,1641534746986-vvf ltd - india-jo sparkling fresh .png,RECODING,5,2,99763877,57.695118,120,VVF LTD - INDIA,JO,JO,JO-LIME SPARKLING FRESH EWP 5*36 GM+BUY 4 GET 1 FREE,EWRPK,36.000 GM,,,180.0,GM,48.0
101,2022-01-08,202201,130403386,1641534746986,99762954,120,VVF LTD - INDIA,JO SPARKLING FRESH ,JO SPARKLING FRESH/LIME/100GM/EWP/BUY 3 GET 2 FREE,144,RWP,100GM ,,1641534746986-vvf ltd - india-jo sparkling fresh .png,RECODING,5,3,99763090,61.31724,120,VVF LTD - INDIA,JO,JO,JO-LIME SPARKLING FRESH EWP 5*40 GM+BUY 4 GET 1 FREE,EWRPK,40.000 GM,,,200.0,GM,48.0
101,2022-01-08,202201,130403386,1641534746986,99762954,120,VVF LTD - INDIA,JO SPARKLING FRESH ,JO SPARKLING FRESH/LIME/100GM/EWP/BUY 3 GET 2 FREE,144,RWP,100GM ,,1641534746986-vvf ltd - india-jo sparkling fresh .png,RECODING,5,4,92517688,90.749115,120,VVF LTD - INDIA,JO,JO,JO-LIME EWP  75 GMS,EWRPK,75.000 GM,,,75.0,GM,0.0
101,2022-01-08,202201,130403386,1641534746986,99762954,120,VVF LTD - INDIA,JO SPARKLING FRESH ,JO SPARKLING FRESH/LIME/100GM/EWP/BUY 3 GET 2 FREE,144,RWP,100GM ,,1641534746986-vvf ltd - india-jo sparkling fresh .png,RECODING,5,5,92527000,94.79677,120,VVF LTD - INDIA,JO,JO,JO-LIME EWP 30 GMS,EWRPK,30.000 GM,,,30.0,GM,0.0
101,2022-01-08,202201,130403386,1641534746986,99762954,120,VVF LTD - INDIA,JO SPARKLING FRESH ,JO SPARKLING FRESH/LIME/100GM/EWP/BUY 3 GET 2 FREE,144,RWP,100GM ,,1641534746986-vvf ltd - india-jo sparkling fresh .png,RECODING,5,6,92518988,95.56189,120,VVF LTD - INDIA,JO,JO,JO-LIME EWP 45 GMS,EWRPK,45.000 GM,,,45.0,GM,0.0
101,2022-01-08,202201,130403386,1641534746986,99762954,120,VVF LTD - INDIA,JO SPARKLING FRESH ,JO SPARKLING FRESH/LIME/100GM/EWP/BUY 3 GET 2 FREE,144,RWP,100GM ,,1641534746986-vvf ltd - india-jo sparkling fresh .png,RECODING,5,7,50650,96.772964,120,VVF LTD - INDIA,JO,JO,JO-LIME EWP 5*100 GM+SAV RS 96,EWRPK,100.000 GM,,,500.0,GM,0.0
101,2022-01-08,202201,130403386,1641534746986,99762954,120,VVF LTD - INDIA,JO SPARKLING FRESH ,JO SPARKLING FRESH/LIME/100GM/EWP/BUY 3 GET 2 FREE,144,RWP,100GM ,,1641534746986-vvf ltd - india-jo sparkling fresh .png,RECODING,5,8,92527368,96.82196,120,VVF LTD - INDIA,JO,JO,JO-LIME EWP 50 GMS,EWRPK,50.000 GM,,,50.0,GM,0.0
101,2022-01-08,202201,130403386,1641534746986,99762954,120,VVF LTD - INDIA,JO SPARKLING FRESH ,JO SPARKLING FRESH/LIME/100GM/EWP/BUY 3 GET 2 FREE,144,RWP,100GM ,,1641534746986-vvf ltd - india-jo sparkling fresh .png,RECODING,5,9,92519568,98.462685,120,VVF LTD - INDIA,JO,JO,JO-LIME EWP 70 GMS,EWRPK,70.000 GM,,,70.0,GM,0.0
101,2022-01-08,202201,130403386,1641534746986,99762954,120,VVF LTD - INDIA,JO SPARKLING FRESH ,JO SPARKLING FRESH/LIME/100GM/EWP/BUY 3 GET 2 FREE,144,RWP,100GM ,,1641534746986-vvf ltd - india-jo sparkling fresh .png,RECODING,5,10,49224,99.208115,120,VVF LTD - INDIA,JO,JO,JO-LIME EWP 5*50 GM+SAV RS 24,EWRPK,50.000 GM,,,250.0,GM,0.0
102,2022-01-08,202201,130403386,1641534575582,,120,VVF LTD - INDIA,JO SPARKLING FRESH ,JO SPARKLING FRESH/LIME/40GM/EWP/BUY 4 GET 1 FREE,48,EWP,40GM ,,1641534575582-vvf ltd - india-jo sparkling fresh .png,PARKER FOR NEXT MONTH,999,1,99763090,40.95923,120,VVF LTD - INDIA,JO,JO,JO-LIME SPARKLING FRESH EWP 5*40 GM+BUY 4 GET 1 FREE,EWRPK,40.000 GM,,,200.0,GM,48.0
102,2022-01-08,202201,130403386,1641534575582,,120,VVF LTD - INDIA,JO SPARKLING FRESH ,JO SPARKLING FRESH/LIME/40GM/EWP/BUY 4 GET 1 FREE,48,EWP,40GM ,,1641534575582-vvf ltd - india-jo sparkling fresh .png,PARKER FOR NEXT MONTH,999,2,99763877,46.875206,120,VVF LTD - INDIA,JO,JO,JO-LIME SPARKLING FRESH EWP 5*36 GM+BUY 4 GET 1 FREE,EWRPK,36.000 GM,,,180.0,GM,48.0
102,2022-01-08,202201,130403386,1641534575582,,120,VVF LTD - INDIA,JO SPARKLING FRESH ,JO SPARKLING FRESH/LIME/40GM/EWP/BUY 4 GET 1 FREE,48,EWP,40GM ,,1641534575582-vvf ltd - india-jo sparkling fresh .png,PARKER FOR NEXT MONTH,999,3,99762954,54.577423,120,VVF LTD - INDIA,JO,JO,JO-LIME SPARKLING FRESH EWP 5*100 GM+BUY 3 GET 2 FREE,EWRPK,100.000 GM,,,500.0,GM,145.0
102,2022-01-08,202201,130403386,1641534575582,,120,VVF LTD - INDIA,JO SPARKLING FRESH ,JO SPARKLING FRESH/LIME/40GM/EWP/BUY 4 GET 1 FREE,48,EWP,40GM ,,1641534575582-vvf ltd - india-jo sparkling fresh .png,PARKER FOR NEXT MONTH,999,4,92518988,84.02878,120,VVF LTD - INDIA,JO,JO,JO-LIME EWP 45 GMS,EWRPK,45.000 GM,,,45.0,GM,0.0
102,2022-01-08,202201,130403386,1641534575582,,120,VVF LTD - INDIA,JO SPARKLING FRESH ,JO SPARKLING FRESH/LIME/40GM/EWP/BUY 4 GET 1 FREE,48,EWP,40GM ,,1641534575582-vvf ltd - india-jo sparkling fresh .png,PARKER FOR NEXT MONTH,999,5,92527368,87.2124,120,VVF LTD - INDIA,JO,JO,JO-LIME EWP 50 GMS,EWRPK,50.000 GM,,,50.0,GM,0.0
102,2022-01-08,202201,130403386,1641534575582,,120,VVF LTD - INDIA,JO SPARKLING FRESH ,JO SPARKLING FRESH/LIME/40GM/EWP/BUY 4 GET 1 FREE,48,EWP,40GM ,,1641534575582-vvf ltd - india-jo sparkling fresh .png,PARKER FOR NEXT MONTH,999,6,49224,87.834915,120,VVF LTD - INDIA,JO,JO,JO-LIME EWP 5*50 GM+SAV RS 24,EWRPK,50.000 GM,,,250.0,GM,0.0
102,2022-01-08,202201,130403386,1641534575582,,120,VVF LTD - INDIA,JO SPARKLING FRESH ,JO SPARKLING FRESH/LIME/40GM/EWP/BUY 4 GET 1 FREE,48,EWP,40GM ,,1641534575582-vvf ltd - india-jo sparkling fresh .png,PARKER FOR NEXT MONTH,999,7,92527000,89.18399,120,VVF LTD - INDIA,JO,JO,JO-LIME EWP 30 GMS,EWRPK,30.000 GM,,,30.0,GM,0.0
102,2022-01-08,202201,130403386,1641534575582,,120,VVF LTD - INDIA,JO SPARKLING FRESH ,JO SPARKLING FRESH/LIME/40GM/EWP/BUY 4 GET 1 FREE,48,EWP,40GM ,,1641534575582-vvf ltd - india-jo sparkling fresh .png,PARKER FOR NEXT MONTH,999,8,92517688,90.506355,120,VVF LTD - INDIA,JO,JO,JO-LIME EWP  75 GMS,EWRPK,75.000 GM,,,75.0,GM,0.0
102,2022-01-08,202201,130403386,1641534575582,,120,VVF LTD - INDIA,JO SPARKLING FRESH ,JO SPARKLING FRESH/LIME/40GM/EWP/BUY 4 GET 1 FREE,48,EWP,40GM ,,1641534575582-vvf ltd - india-jo sparkling fresh .png,PARKER FOR NEXT MONTH,999,9,92519568,97.01799,120,VVF LTD - INDIA,JO,JO,JO-LIME EWP 70 GMS,EWRPK,70.000 GM,,,70.0,GM,0.0
102,2022-01-08,202201,130403386,1641534575582,,120,VVF LTD - INDIA,JO SPARKLING FRESH ,JO SPARKLING FRESH/LIME/40GM/EWP/BUY 4 GET 1 FREE,48,EWP,40GM ,,1641534575582-vvf ltd - india-jo sparkling fresh .png,PARKER FOR NEXT MONTH,999,10,50650,102.41722,120,VVF LTD - INDIA,JO,JO,JO-LIME EWP 5*100 GM+SAV RS 96,EWRPK,100.000 GM,,,500.0,GM,0.0
103,2022-01-08,202201,130403386,1641534356239,99762953,120,HINDUSTAN UNILEVER LTD-INDIA,LIFEBUOY ,LIFEBUOY/100% STRONGER GERM PROTECTION/4Ã—58GM/EWP,64,EWP,4Ã—58GM,,1641534356239-hindustan unilever ltd-india-lifebuoy .png,RECODING,5,1,99762953,64.11536,120,HINDUSTAN UNILEVER LTD-INDIA,LIFE BUOY,LIFE BUOY,LIFE BUOY-GERM PROTECTION SILVER SHLD EWP 4*58GM,EWRPK,58.000 GM,,,232.0,GM,65.0
103,2022-01-08,202201,130403386,1641534356239,99762953,120,HINDUSTAN UNILEVER LTD-INDIA,LIFEBUOY ,LIFEBUOY/100% STRONGER GERM PROTECTION/4Ã—58GM/EWP,64,EWP,4Ã—58GM,,1641534356239-hindustan unilever ltd-india-lifebuoy .png,RECODING,5,2,99763641,66.17096,120,HINDUSTAN UNILEVER LTD-INDIA,LIFE BUOY,LIFE BUOY,LIFE BUOY-GERM PROTECTION SILVER SHLD EWP 58 GM,EWRPK,58.000 GM,,,58.0,GM,20.0
103,2022-01-08,202201,130403386,1641534356239,99762953,120,HINDUSTAN UNILEVER LTD-INDIA,LIFEBUOY ,LIFEBUOY/100% STRONGER GERM PROTECTION/4Ã—58GM/EWP,64,EWP,4Ã—58GM,,1641534356239-hindustan unilever ltd-india-lifebuoy .png,RECODING,5,3,99763088,66.21367,120,HINDUSTAN UNILEVER LTD-INDIA,LIFE BUOY,LIFE BUOY,LIFE BUOY-GERM PROTECTION SILVER SHLD EWP 55 GM,EWRPK,55.000 GM,,,55.0,GM,20.0
103,2022-01-08,202201,130403386,1641534356239,99762953,120,HINDUSTAN UNILEVER LTD-INDIA,LIFEBUOY ,LIFEBUOY/100% STRONGER GERM PROTECTION/4Ã—58GM/EWP,64,EWP,4Ã—58GM,,1641534356239-hindustan unilever ltd-india-lifebuoy .png,RECODING,5,4,99762716,67.35122,120,HINDUSTAN UNILEVER LTD-INDIA,LIFE BUOY,LIFE BUOY,LIFE BUOY-SILVER DEFENCE+ GERM PROTECTION EWP 57GM,EWRPK,57.000 GM,,,57.0,GM,16.0
103,2022-01-08,202201,130403386,1641534356239,99762953,120,HINDUSTAN UNILEVER LTD-INDIA,LIFEBUOY ,LIFEBUOY/100% STRONGER GERM PROTECTION/4Ã—58GM/EWP,64,EWP,4Ã—58GM,,1641534356239-hindustan unilever ltd-india-lifebuoy .png,RECODING,5,5,99763998,76.00248,120,HINDUSTAN UNILEVER LTD-INDIA,LIFE BUOY,LIFE BUOY TOTAL,LIFE BUOY TOTAL-SILVER SHLD GERM PROTECTION EWP 125 GM,EWRPK,125.000 GM,,,125.0,GM,40.0
103,2022-01-08,202201,130403386,1641534356239,99762953,120,HINDUSTAN UNILEVER LTD-INDIA,LIFEBUOY ,LIFEBUOY/100% STRONGER GERM PROTECTION/4Ã—58GM/EWP,64,EWP,4Ã—58GM,,1641534356239-hindustan unilever ltd-india-lifebuoy .png,RECODING,5,6,99763243,103.3201,120,HINDUSTAN UNILEVER LTD-INDIA,LIFE BUOY,LIFE BUOY,LIFE BUOY-SILVER PROTECT PPH 25 GM,PLPCH,25.000 GM,,,25.0,GM,10.0
103,2022-01-08,202201,130403386,1641534356239,99762953,120,HINDUSTAN UNILEVER LTD-INDIA,LIFEBUOY ,LIFEBUOY/100% STRONGER GERM PROTECTION/4Ã—58GM/EWP,64,EWP,4Ã—58GM,,1641534356239-hindustan unilever ltd-india-lifebuoy .png,RECODING,5,7,99762518,116.97375,120,HINDUSTAN UNILEVER LTD-INDIA,LIFE BUOY,LIFE BUOY TOTAL,LIFE BUOY TOTAL-ACTIV SILVER EWP 59 GM+SAV 14%,EWRPK,59.000 GM,,,59.0,GM,20.0
103,2022-01-08,202201,130403386,1641534356239,99762953,120,HINDUSTAN UNILEVER LTD-INDIA,LIFEBUOY ,LIFEBUOY/100% STRONGER GERM PROTECTION/4Ã—58GM/EWP,64,EWP,4Ã—58GM,,1641534356239-hindustan unilever ltd-india-lifebuoy .png,RECODING,5,8,99762496,118.11481,120,HINDUSTAN UNILEVER LTD-INDIA,LIFE BUOY,LIFE BUOY TOTAL,LIFE BUOY TOTAL-SILVER SHLD EWP 4*125 GM+BUY3GET1,EWRPK,125.000 GM,,,500.0,GM,140.0
103,2022-01-08,202201,130403386,1641534356239,99762953,120,HINDUSTAN UNILEVER LTD-INDIA,LIFEBUOY ,LIFEBUOY/100% STRONGER GERM PROTECTION/4Ã—58GM/EWP,64,EWP,4Ã—58GM,,1641534356239-hindustan unilever ltd-india-lifebuoy .png,RECODING,5,9,99763897,120.33012,120,UNILEVER NEPAL LTD-NEPAL,LIFE BUOY,LIFE BUOY,LIFE BUOY-GERM PROTECTION SILVER SHLD EWP 4*52GM,EWRPK,52.000 GM,,,208.0,GM,65.0
103,2022-01-08,202201,130403386,1641534356239,99762953,120,HINDUSTAN UNILEVER LTD-INDIA,LIFEBUOY ,LIFEBUOY/100% STRONGER GERM PROTECTION/4Ã—58GM/EWP,64,EWP,4Ã—58GM,,1641534356239-hindustan unilever ltd-india-lifebuoy .png,RECODING,5,10,99763089,120.606735,120,UNILEVER NEPAL LTD-NEPAL,LIFE BUOY,LIFE BUOY,LIFE BUOY-SILVER DEFENCE+ GERM PROTECTION EWP 54GM,EWRPK,54.000 GM,,,54.0,GM,16.0
104,2022-01-08,202201,130403386,1641535520742,99762967,123,WONDER HYGIENE PRODUCTS-INDIA ,RUBB ANTI-BACTERIAL ,RUBB ANTI-BACTERIAL/LEMON & PUDINA FRAGRANCE/500GM/PCN,75,PCN,500GM ,,1641535520742-wonder hygiene products-india -rubb anti-bacterial .png,RECODING,5,1,99762967,33.34935,123,WONDER HYGIENE PRODUCT-INDIA,RUBB,RUBB,RUBB-ANTI BACTERIAL LEMON & PUDINA PCN 500 GM,PLJAR,500.000 GM,,,500.0,GM,75.0
104,2022-01-08,202201,130403386,1641535520742,99762967,123,WONDER HYGIENE PRODUCTS-INDIA ,RUBB ANTI-BACTERIAL ,RUBB ANTI-BACTERIAL/LEMON & PUDINA FRAGRANCE/500GM/PCN,75,PCN,500GM ,,1641535520742-wonder hygiene products-india -rubb anti-bacterial .png,RECODING,5,2,99764180,174.54523,123,SHIVAGARH SOAP AND CHEMICAL-INDIA,R.K.,R.K.,R.K.-LEMON PPH 100 GM,PLPCH,100.000 GM,,,100.0,GM,8.0
104,2022-01-08,202201,130403386,1641535520742,99762967,123,WONDER HYGIENE PRODUCTS-INDIA ,RUBB ANTI-BACTERIAL ,RUBB ANTI-BACTERIAL/LEMON & PUDINA FRAGRANCE/500GM/PCN,75,PCN,500GM ,,1641535520742-wonder hygiene products-india -rubb anti-bacterial .png,RECODING,5,3,99764312,185.91241,123,SHIVAGARH SOAP AND CHEMICAL-INDIA,R.K.,R.K.,R.K.-DISHWASH BAR-PCN 500 GM+FREE SCRUBBER,PLJAR,500.000 GM,,,500.0,GM,64.0
104,2022-01-08,202201,130403386,1641535520742,99762967,123,WONDER HYGIENE PRODUCTS-INDIA ,RUBB ANTI-BACTERIAL ,RUBB ANTI-BACTERIAL/LEMON & PUDINA FRAGRANCE/500GM/PCN,75,PCN,500GM ,,1641535520742-wonder hygiene products-india -rubb anti-bacterial .png,RECODING,5,4,54700,188.20546,123,HIMGIRI SOAP & CHEMICALS-NEPAL,DHONI,DHONI,DHONI-HERBAL ANTIBACRTL ASHES LIME PCN 400 GM,PLJAR,400.000 GM,,,400.0,GM,0.0
104,2022-01-08,202201,130403386,1641535520742,99762967,123,WONDER HYGIENE PRODUCTS-INDIA ,RUBB ANTI-BACTERIAL ,RUBB ANTI-BACTERIAL/LEMON & PUDINA FRAGRANCE/500GM/PCN,75,PCN,500GM ,,1641535520742-wonder hygiene products-india -rubb anti-bacterial .png,RECODING,5,5,50347,189.22629,123,MAHASHAKTI SOAP & CHEM.- NEPAL,PUJA,PUJA,PUJA-DETRGNT CAK PCN 400 GM+FR SCRUBER,PLJAR,400.000 GM,,,400.0,GM,0.0
104,2022-01-08,202201,130403386,1641535520742,99762967,123,WONDER HYGIENE PRODUCTS-INDIA ,RUBB ANTI-BACTERIAL ,RUBB ANTI-BACTERIAL/LEMON & PUDINA FRAGRANCE/500GM/PCN,75,PCN,500GM ,,1641535520742-wonder hygiene products-india -rubb anti-bacterial .png,RECODING,5,6,50799,190.4383,123,S.G.S PRODUCTS-INDIA,A-ONE,A-ONE,A-ONE-ONE-SUPER DISHWASH ROUND PCN 500 GM+FR SCRUBBER,PLJAR,500.000 GM,,,500.0,GM,0.0
104,2022-01-08,202201,130403386,1641535520742,99762967,123,WONDER HYGIENE PRODUCTS-INDIA ,RUBB ANTI-BACTERIAL ,RUBB ANTI-BACTERIAL/LEMON & PUDINA FRAGRANCE/500GM/PCN,75,PCN,500GM ,,1641535520742-wonder hygiene products-india -rubb anti-bacterial .png,RECODING,5,7,99763421,190.80377,123,SUVALAXMI SOAP & CHEMICALS-NPL,FANCY,FANCY HERBAL,FANCY HERBAL-DISHWASH BAR PPH 200 GM,PLPCH,200.000 GM,,,200.0,GM,20.0
104,2022-01-08,202201,130403386,1641535520742,99762967,123,WONDER HYGIENE PRODUCTS-INDIA ,RUBB ANTI-BACTERIAL ,RUBB ANTI-BACTERIAL/LEMON & PUDINA FRAGRANCE/500GM/PCN,75,PCN,500GM ,,1641535520742-wonder hygiene products-india -rubb anti-bacterial .png,RECODING,5,8,46993,191.97702,123,S.G.S PRODUCTS-INDIA,A-ONE,A-ONE,A-ONE-ONE-DISHWASH ROUND PCN 250 GM+FRE SCRUBER,PLJAR,250.000 GM,,,250.0,GM,0.0
104,2022-01-08,202201,130403386,1641535520742,99762967,123,WONDER HYGIENE PRODUCTS-INDIA ,RUBB ANTI-BACTERIAL ,RUBB ANTI-BACTERIAL/LEMON & PUDINA FRAGRANCE/500GM/PCN,75,PCN,500GM ,,1641535520742-wonder hygiene products-india -rubb anti-bacterial .png,RECODING,5,9,99763785,194.08255,123,MAHASHAKTI SOAP & CHEM.- NEPAL,LION,LION HERBAL,LION HERBAL-LEMON & NEEM PPH 200 GM,PLPCH,200.000 GM,,,200.0,GM,10.0
104,2022-01-08,202201,130403386,1641535520742,99762967,123,WONDER HYGIENE PRODUCTS-INDIA ,RUBB ANTI-BACTERIAL ,RUBB ANTI-BACTERIAL/LEMON & PUDINA FRAGRANCE/500GM/PCN,75,PCN,500GM ,,1641535520742-wonder hygiene products-india -rubb anti-bacterial .png,RECODING,5,10,99764097,194.73907,123,MAHASHAKTI SOAP & CHEM.- NEPAL,LION,LION HERBAL,LION HERBAL-LEMON & NEEM PPH 100 GM,PLPCH,100.000 GM,,,100.0,GM,10.0
105,2022-01-08,202201,130220638,1641544343495,99762959,122,SONY SOAP INDUSTRIES NEPAL ,SONA BRIGHT ,SONA BRIGHT/GOLD-MATRIC/50GM/PPH,20,PPH,50GM,,1641544343495-sony soap industries nepal -sona bright .png,RECODING,5,1,99762959,23.624763,122,SONY SOAP INDUSTRIES-NEPAL ,SONA BRIGHT,SONA BRIGHT,SONA BRIGHT-GOLD MATRIC PPH 50 GM,PLPCH,50.000 GM,,,50.0,GM,20.0
105,2022-01-08,202201,130220638,1641544343495,99762959,122,SONY SOAP INDUSTRIES NEPAL ,SONA BRIGHT ,SONA BRIGHT/GOLD-MATRIC/50GM/PPH,20,PPH,50GM,,1641544343495-sony soap industries nepal -sona bright .png,RECODING,5,2,99762958,43.493103,122,SONY SOAP INDUSTRIES-NEPAL ,SONA BRIGHT,SONA BRIGHT,SONA BRIGHT-2 IN 1 PPH 750 GM,PLPCH,750.000 GM,,,750.0,GM,75.0
105,2022-01-08,202201,130220638,1641544343495,99762959,122,SONY SOAP INDUSTRIES NEPAL ,SONA BRIGHT ,SONA BRIGHT/GOLD-MATRIC/50GM/PPH,20,PPH,50GM,,1641544343495-sony soap industries nepal -sona bright .png,RECODING,5,3,99763098,43.679123,122,SONY SOAP INDUSTRIES-NEPAL ,SONA BRIGHT,SONA BRIGHT,SONA BRIGHT-2 IN 1 PPH 200 GM,PLPCH,200.000 GM,,,200.0,GM,20.0
105,2022-01-08,202201,130220638,1641544343495,99762959,122,SONY SOAP INDUSTRIES NEPAL ,SONA BRIGHT ,SONA BRIGHT/GOLD-MATRIC/50GM/PPH,20,PPH,50GM,,1641544343495-sony soap industries nepal -sona bright .png,RECODING,5,4,99763486,48.624786,122,SONY SOAP INDUSTRIES-NEPAL ,SONA BRIGHT,SONA BRIGHT,SONA BRIGHT-2 IN 1 PPH 2500 GM,PLPCH,2500.000 GM,,,2500.0,GM,250.0
105,2022-01-08,202201,130220638,1641544343495,99762959,122,SONY SOAP INDUSTRIES NEPAL ,SONA BRIGHT ,SONA BRIGHT/GOLD-MATRIC/50GM/PPH,20,PPH,50GM,,1641544343495-sony soap industries nepal -sona bright .png,RECODING,5,5,93020227,100.79569,122,SHIVA SHAKTI SOAP - NEPAL,SONA BRIGHT,SONA BRIGHT,SONA BRIGHT-SUPER EXCEL PPH 400 GMS,PLPCH,400.000 GM,,,400.0,GM,0.0
105,2022-01-08,202201,130220638,1641544343495,99762959,122,SONY SOAP INDUSTRIES NEPAL ,SONA BRIGHT ,SONA BRIGHT/GOLD-MATRIC/50GM/PPH,20,PPH,50GM,,1641544343495-sony soap industries nepal -sona bright .png,RECODING,5,6,93020074,113.30026,122,SHIVA SHAKTI SOAP - NEPAL,SONA BRIGHT,SONA BRIGHT,SONA BRIGHT-LEMON PPH 350 GMS,PLPCH,350.000 GM,,,350.0,GM,0.0
105,2022-01-08,202201,130220638,1641544343495,99762959,122,SONY SOAP INDUSTRIES NEPAL ,SONA BRIGHT ,SONA BRIGHT/GOLD-MATRIC/50GM/PPH,20,PPH,50GM,,1641544343495-sony soap industries nepal -sona bright .png,RECODING,5,7,93012699,118.66632,122,PASHUPATI SOAP IND.- NEPAL,SONA,SONA 72%,SONA 72%-PPH 200  GMS,PLPCH,200.000 GM,,,200.0,GM,0.0
105,2022-01-08,202201,130220638,1641544343495,99762959,122,SONY SOAP INDUSTRIES NEPAL ,SONA BRIGHT ,SONA BRIGHT/GOLD-MATRIC/50GM/PPH,20,PPH,50GM,,1641544343495-sony soap industries nepal -sona bright .png,RECODING,5,8,93021961,124.97847,122,GOPAL SOAP INDUSTRIES - NEPAL,V SERIES,V SERIES GOLD,V SERIES GOLD-PPH 750 GMS,PLPCH,750.000 GM,,,750.0,GM,0.0
105,2022-01-08,202201,130220638,1641544343495,99762959,122,SONY SOAP INDUSTRIES NEPAL ,SONA BRIGHT ,SONA BRIGHT/GOLD-MATRIC/50GM/PPH,20,PPH,50GM,,1641544343495-sony soap industries nepal -sona bright .png,RECODING,5,9,93060858,127.9893,122,GOPAL SOAP INDUSTRIES - NEPAL,V SERIES,V SERIES GOLD,V SERIES GOLD-PPH 350 GMS + 50GM,PLPCH,350.000 GM,,,400.0,GM,0.0
105,2022-01-08,202201,130220638,1641544343495,99762959,122,SONY SOAP INDUSTRIES NEPAL ,SONA BRIGHT ,SONA BRIGHT/GOLD-MATRIC/50GM/PPH,20,PPH,50GM,,1641544343495-sony soap industries nepal -sona bright .png,RECODING,5,10,93019348,128.4166,122,GOPAL SOAP INDUSTRIES - NEPAL,V SERIES,V SERIES GOLD,V SERIES GOLD-PPH 800 GMS,PLPCH,800.000 GM,,,800.0,GM,0.0
106,2022-01-08,202201,130220638,1641544075664,99762951,117,HINDUSTAN UNILEVER INDIA ,DOVE NUTRITIVE SOLUTIONS ,DOVE NUTRITIVE SOLUTIONS/DAILY SHINE/4.2ML/SCT/40% EXTRA,4,SCT,4.2ML,,1641544075664-hindustan unilever india -dove nutritive solutions .png,RECODING,5,1,99762951,20.652023,117,HINDUSTAN UNILEVER LTD-INDIA,DOVE,DOVE NUTRITIVE SOLUTIONS,DOVE NUTRITIVE SOLUTIONS-DAILY SHINE SCT 4.2 ML+40% EXTRA,PLSCH,4.200 ML,,,6.0,ML,4.0
106,2022-01-08,202201,130220638,1641544075664,99762951,117,HINDUSTAN UNILEVER INDIA ,DOVE NUTRITIVE SOLUTIONS ,DOVE NUTRITIVE SOLUTIONS/DAILY SHINE/4.2ML/SCT/40% EXTRA,4,SCT,4.2ML,,1641544075664-hindustan unilever india -dove nutritive solutions .png,RECODING,5,2,99763755,37.562065,117,HINDUSTAN UNILEVER LTD-INDIA,DOVE,DOVE NUTRITIVE SOLUTIONS,DOVE NUTRITIVE SOLUTIONS-DAILY SHINE COND. SCT 7 ML,PLSCH,7.000 ML,,,7.0,ML,8.0
106,2022-01-08,202201,130220638,1641544075664,99762951,117,HINDUSTAN UNILEVER INDIA ,DOVE NUTRITIVE SOLUTIONS ,DOVE NUTRITIVE SOLUTIONS/DAILY SHINE/4.2ML/SCT/40% EXTRA,4,SCT,4.2ML,,1641544075664-hindustan unilever india -dove nutritive solutions .png,RECODING,5,3,51815,72.08586,117,UNILEVER NEPAL LTD-NEPAL,DOVE,DOVE NUTRITIVE SOLUTIONS,DOVE NUTRITIVE SOLUTIONS-DAILY SHINE SCT 5.5 ML,PLSCH,5.500 ML,,,5.5,ML,0.0
106,2022-01-08,202201,130220638,1641544075664,99762951,117,HINDUSTAN UNILEVER INDIA ,DOVE NUTRITIVE SOLUTIONS ,DOVE NUTRITIVE SOLUTIONS/DAILY SHINE/4.2ML/SCT/40% EXTRA,4,SCT,4.2ML,,1641544075664-hindustan unilever india -dove nutritive solutions .png,RECODING,5,4,53928,74.68723,117,UNILEVER NEPAL LTD-NEPAL,DOVE,DOVE NUTRITIVE SOLUTIONS,DOVE NUTRITIVE SOLUTIONS-DAILY SHINE SCT 6 ML,PLSCH,6.000 ML,,,6.0,ML,0.0
106,2022-01-08,202201,130220638,1641544075664,99762951,117,HINDUSTAN UNILEVER INDIA ,DOVE NUTRITIVE SOLUTIONS ,DOVE NUTRITIVE SOLUTIONS/DAILY SHINE/4.2ML/SCT/40% EXTRA,4,SCT,4.2ML,,1641544075664-hindustan unilever india -dove nutritive solutions .png,RECODING,5,5,99764441,91.05257,117,UNILEVER NEPAL LTD-NEPAL,DOVE,DOVE NUTRITIVE SOLUTIONS,DOVE NUTRITIVE SOLUTIONS-DAILY SHINE PBT 640 ML,PLBOT,640.000 ML,,,640.0,ML,595.0
106,2022-01-08,202201,130220638,1641544075664,99762951,117,HINDUSTAN UNILEVER INDIA ,DOVE NUTRITIVE SOLUTIONS ,DOVE NUTRITIVE SOLUTIONS/DAILY SHINE/4.2ML/SCT/40% EXTRA,4,SCT,4.2ML,,1641544075664-hindustan unilever india -dove nutritive solutions .png,RECODING,5,6,99764158,92.02103,117,UNILEVER NEPAL LTD-NEPAL,DOVE,DOVE NUTRITIVE SOLUTIONS,DOVE NUTRITIVE SOLUTIONS-DAILY SHINE PBT 625 ML,PLBOT,625.000 ML,,,625.0,ML,615.0
106,2022-01-08,202201,130220638,1641544075664,99762951,117,HINDUSTAN UNILEVER INDIA ,DOVE NUTRITIVE SOLUTIONS ,DOVE NUTRITIVE SOLUTIONS/DAILY SHINE/4.2ML/SCT/40% EXTRA,4,SCT,4.2ML,,1641544075664-hindustan unilever india -dove nutritive solutions .png,RECODING,5,7,99762392,92.39372,117,UNILEVER NEPAL LTD-NEPAL,DOVE,DOVE NUTRITIVE SOLUTIONS,DOVE NUTRITIVE SOLUTIONS-DAILY SHINE PBT 340 ML,PLBOT,340.000 ML,,,340.0,ML,325.0
106,2022-01-08,202201,130220638,1641544075664,99762951,117,HINDUSTAN UNILEVER INDIA ,DOVE NUTRITIVE SOLUTIONS ,DOVE NUTRITIVE SOLUTIONS/DAILY SHINE/4.2ML/SCT/40% EXTRA,4,SCT,4.2ML,,1641544075664-hindustan unilever india -dove nutritive solutions .png,RECODING,5,8,99762500,92.53247,117,UNILEVER NEPAL LTD-NEPAL,DOVE,DOVE NUTRITIVE SOLUTIONS,DOVE NUTRITIVE SOLUTIONS-DAILY SHINE PBT 180 ML,PLBOT,180.000 ML,,,180.0,ML,175.0
106,2022-01-08,202201,130220638,1641544075664,99762951,117,HINDUSTAN UNILEVER INDIA ,DOVE NUTRITIVE SOLUTIONS ,DOVE NUTRITIVE SOLUTIONS/DAILY SHINE/4.2ML/SCT/40% EXTRA,4,SCT,4.2ML,,1641544075664-hindustan unilever india -dove nutritive solutions .png,RECODING,5,9,99762642,92.93643,117,UNILEVER NEPAL LTD-NEPAL,DOVE,DOVE NUTRITIVE SOLUTIONS,DOVE NUTRITIVE SOLUTIONS-DAILY SHINE PBT 165 ML,PLBOT,165.000 ML,,,165.0,ML,155.0
106,2022-01-08,202201,130220638,1641544075664,99762951,117,HINDUSTAN UNILEVER INDIA ,DOVE NUTRITIVE SOLUTIONS ,DOVE NUTRITIVE SOLUTIONS/DAILY SHINE/4.2ML/SCT/40% EXTRA,4,SCT,4.2ML,,1641544075664-hindustan unilever india -dove nutritive solutions .png,RECODING,5,10,99764390,93.19625,117,UNILEVER NEPAL LTD-NEPAL,DOVE,DOVE NUTRITIVE SOLUTIONS,DOVE NUTRITIVE SOLUTIONS-DAILY SHINE PBT 325 ML,PLBOT,325.000 ML,,,325.0,ML,340.0
107,2022-01-08,202201,130220638,1641545895541,99762958,122,SONY SOAP INDUSTRIES NEPAL ,SONA 2IN1 BRIGHT ,SONA BRIGHT/2IN1/750GM/PPH,75,PPH,750GM,,1641545895541-sony soap industries nepal -sona 2in1 bright .png,RECODING,5,1,99762958,23.385738,122,SONY SOAP INDUSTRIES-NEPAL ,SONA BRIGHT,SONA BRIGHT,SONA BRIGHT-2 IN 1 PPH 750 GM,PLPCH,750.000 GM,,,750.0,GM,75.0
107,2022-01-08,202201,130220638,1641545895541,99762958,122,SONY SOAP INDUSTRIES NEPAL ,SONA 2IN1 BRIGHT ,SONA BRIGHT/2IN1/750GM/PPH,75,PPH,750GM,,1641545895541-sony soap industries nepal -sona 2in1 bright .png,RECODING,5,2,99763098,26.345076,122,SONY SOAP INDUSTRIES-NEPAL ,SONA BRIGHT,SONA BRIGHT,SONA BRIGHT-2 IN 1 PPH 200 GM,PLPCH,200.000 GM,,,200.0,GM,20.0
107,2022-01-08,202201,130220638,1641545895541,99762958,122,SONY SOAP INDUSTRIES NEPAL ,SONA 2IN1 BRIGHT ,SONA BRIGHT/2IN1/750GM/PPH,75,PPH,750GM,,1641545895541-sony soap industries nepal -sona 2in1 bright .png,RECODING,5,3,99763486,30.312084,122,SONY SOAP INDUSTRIES-NEPAL ,SONA BRIGHT,SONA BRIGHT,SONA BRIGHT-2 IN 1 PPH 2500 GM,PLPCH,2500.000 GM,,,2500.0,GM,250.0
107,2022-01-08,202201,130220638,1641545895541,99762958,122,SONY SOAP INDUSTRIES NEPAL ,SONA 2IN1 BRIGHT ,SONA BRIGHT/2IN1/750GM/PPH,75,PPH,750GM,,1641545895541-sony soap industries nepal -sona 2in1 bright .png,RECODING,5,4,99762959,44.32385,122,SONY SOAP INDUSTRIES-NEPAL ,SONA BRIGHT,SONA BRIGHT,SONA BRIGHT-GOLD MATRIC PPH 50 GM,PLPCH,50.000 GM,,,50.0,GM,20.0
107,2022-01-08,202201,130220638,1641545895541,99762958,122,SONY SOAP INDUSTRIES NEPAL ,SONA 2IN1 BRIGHT ,SONA BRIGHT/2IN1/750GM/PPH,75,PPH,750GM,,1641545895541-sony soap industries nepal -sona 2in1 bright .png,RECODING,5,5,93020227,107.15272,122,SHIVA SHAKTI SOAP - NEPAL,SONA BRIGHT,SONA BRIGHT,SONA BRIGHT-SUPER EXCEL PPH 400 GMS,PLPCH,400.000 GM,,,400.0,GM,0.0
107,2022-01-08,202201,130220638,1641545895541,99762958,122,SONY SOAP INDUSTRIES NEPAL ,SONA 2IN1 BRIGHT ,SONA BRIGHT/2IN1/750GM/PPH,75,PPH,750GM,,1641545895541-sony soap industries nepal -sona 2in1 bright .png,RECODING,5,6,93020074,113.78125,122,SHIVA SHAKTI SOAP - NEPAL,SONA BRIGHT,SONA BRIGHT,SONA BRIGHT-LEMON PPH 350 GMS,PLPCH,350.000 GM,,,350.0,GM,0.0
107,2022-01-08,202201,130220638,1641545895541,99762958,122,SONY SOAP INDUSTRIES NEPAL ,SONA 2IN1 BRIGHT ,SONA BRIGHT/2IN1/750GM/PPH,75,PPH,750GM,,1641545895541-sony soap industries nepal -sona 2in1 bright .png,RECODING,5,7,93012699,120.90671,122,PASHUPATI SOAP IND.- NEPAL,SONA,SONA 72%,SONA 72%-PPH 200  GMS,PLPCH,200.000 GM,,,200.0,GM,0.0
107,2022-01-08,202201,130220638,1641545895541,99762958,122,SONY SOAP INDUSTRIES NEPAL ,SONA 2IN1 BRIGHT ,SONA BRIGHT/2IN1/750GM/PPH,75,PPH,750GM,,1641545895541-sony soap industries nepal -sona 2in1 bright .png,RECODING,5,8,93018086,137.44469,122,GOPAL SOAP INDUSTRIES - NEPAL,V SERIES,V SERIES,V SERIES-PPH  450 GMS,PLPCH,450.000 GM,,,450.0,GM,0.0
107,2022-01-08,202201,130220638,1641545895541,99762958,122,SONY SOAP INDUSTRIES NEPAL ,SONA 2IN1 BRIGHT ,SONA BRIGHT/2IN1/750GM/PPH,75,PPH,750GM,,1641545895541-sony soap industries nepal -sona 2in1 bright .png,RECODING,5,9,52459,137.48373,122,YS SOAP INDUSTRIES-NEPAL,YS,YS NAMASTE,YS NAMASTE-PPH 250 GM,PLPCH,250.000 GM,,,250.0,GM,0.0
107,2022-01-08,202201,130220638,1641545895541,99762958,122,SONY SOAP INDUSTRIES NEPAL ,SONA 2IN1 BRIGHT ,SONA BRIGHT/2IN1/750GM/PPH,75,PPH,750GM,,1641545895541-sony soap industries nepal -sona 2in1 bright .png,RECODING,5,10,51137,137.58592,122,BABA SOAP INDUSTRIES - NEPAL,SUBIDHA,SUBIDHA,SUBIDHA-PPH 250 GMS,PLPCH,250.000 GM,,,250.0,GM,0.0
108,2022-01-08,202201,130252197,1641535291475,99762964,123,GOPAL N PRODUCT-NEPAL,ANKUR ,ANKUR LAUNDRY SOAP/250GM/PPH,50,PPH,250GM ,,1641535291475-gopal n product-nepal-ankur .png,RECODING,5,1,53137,73.93001,123,GOPAL N PRODUCT-NEPAL,V SERIES,V SERIES V PLUS,V SERIES V PLUS-WASHING SOAP PPH 220 GM,PLPCH,220.000 GM,,,220.0,GM,0.0
108,2022-01-08,202201,130252197,1641535291475,99762964,123,GOPAL N PRODUCT-NEPAL,ANKUR ,ANKUR LAUNDRY SOAP/250GM/PPH,50,PPH,250GM ,,1641535291475-gopal n product-nepal-ankur .png,RECODING,5,2,99762964,90.04121,123,GOPAL N PRODUCT-NEPAL,ANKUR,ANKUR,ANKUR-EXTRA WHITENER PPH 250 GM,PLPCH,250.000 GM,,,250.0,GM,50.0
108,2022-01-08,202201,130252197,1641535291475,99762964,123,GOPAL N PRODUCT-NEPAL,ANKUR ,ANKUR LAUNDRY SOAP/250GM/PPH,50,PPH,250GM ,,1641535291475-gopal n product-nepal-ankur .png,RECODING,5,3,99764829,92.41768,123,GOPAL N PRODUCT-NEPAL,ANKUR,ANKUR,ANKUR-EXTRA WHITENER PPH 200 GM,PLPCH,200.000 GM,,,200.0,GM,45.0
108,2022-01-08,202201,130252197,1641535291475,99762964,123,GOPAL N PRODUCT-NEPAL,ANKUR ,ANKUR LAUNDRY SOAP/250GM/PPH,50,PPH,250GM ,,1641535291475-gopal n product-nepal-ankur .png,RECODING,5,4,99762889,93.40523,123,GOPAL N PRODUCT-NEPAL,ANKUR,ANKUR,ANKUR-EXTRA WHITENER PPH 150 GM,PLPCH,150.000 GM,,,150.0,GM,30.0
108,2022-01-08,202201,130252197,1641535291475,99762964,123,GOPAL N PRODUCT-NEPAL,ANKUR ,ANKUR LAUNDRY SOAP/250GM/PPH,50,PPH,250GM ,,1641535291475-gopal n product-nepal-ankur .png,RECODING,5,5,99763644,93.5757,123,GOPAL N PRODUCT-NEPAL,ANKUR,ANKUR,ANKUR-EXTRA WHITENER PPH 300 GM,PLPCH,300.000 GM,,,300.0,GM,55.0
108,2022-01-08,202201,130252197,1641535291475,99762964,123,GOPAL N PRODUCT-NEPAL,ANKUR ,ANKUR LAUNDRY SOAP/250GM/PPH,50,PPH,250GM ,,1641535291475-gopal n product-nepal-ankur .png,RECODING,5,6,99762733,102.41198,123,GOPAL N PRODUCT-NEPAL,PRINCE,PRINCE,PRINCE-LAUNDRY SOAP PPH 200 GM,PLPCH,200.000 GM,,,200.0,GM,40.0
108,2022-01-08,202201,130252197,1641535291475,99762964,123,GOPAL N PRODUCT-NEPAL,ANKUR ,ANKUR LAUNDRY SOAP/250GM/PPH,50,PPH,250GM ,,1641535291475-gopal n product-nepal-ankur .png,RECODING,5,7,99762892,103.18672,123,GOPAL N PRODUCT-NEPAL,PRINCE,PRINCE,PRINCE-LAUNDRY SOAP PPH 100 GM,PLPCH,100.000 GM,,,100.0,GM,20.0
108,2022-01-08,202201,130252197,1641535291475,99762964,123,GOPAL N PRODUCT-NEPAL,ANKUR ,ANKUR LAUNDRY SOAP/250GM/PPH,50,PPH,250GM ,,1641535291475-gopal n product-nepal-ankur .png,RECODING,5,8,99764148,118.90535,123,BABA SOAP INDUSTRIES - NEPAL,ANMOL,ANMOL,ANMOL-LAUNDRY SOAP PPH 200 GM,PLPCH,200.000 GM,,,200.0,GM,40.0
108,2022-01-08,202201,130252197,1641535291475,99762964,123,GOPAL N PRODUCT-NEPAL,ANKUR ,ANKUR LAUNDRY SOAP/250GM/PPH,50,PPH,250GM ,,1641535291475-gopal n product-nepal-ankur .png,RECODING,5,9,99762930,120.633514,123,HIMGIRI HYGIENE PVT LTD-NEPAL,TIKA,TIKA,TIKA-LAUNDRY SOAP PPH 250 GM*4 NOS(1000GM),PLPCH,250.000 GM,,,1000.0,GM,200.0
108,2022-01-08,202201,130252197,1641535291475,99762964,123,GOPAL N PRODUCT-NEPAL,ANKUR ,ANKUR LAUNDRY SOAP/250GM/PPH,50,PPH,250GM ,,1641535291475-gopal n product-nepal-ankur .png,RECODING,5,10,99763778,123.035034,123,SHIKHAR SABUN UDHYOG-NEPAL,SHIKHAR,SHIKHAR,SHIKHAR-LAUNDRY SOAP PPH 250 GM,PLPCH,250.000 GM,,,250.0,GM,45.0
109,2022-01-08,202201,130258315,1641374748748,99762955,120,HINDUSTAN UNILEVER LTD-INDIA,LUX VELVET GLOW,LUX VELVET GLOW/JASMINE &VITAMIN E/100GM/EWP,40,EWP,100GM ,,1641374748748-hindustan unilever ltd-india-lux velvet glow.png,RECODING,5,1,99762955,12.838102,120,HINDUSTAN UNILEVER LTD-INDIA,LUX,LUX VELVET GLOW,LUX VELVET GLOW-JASMINE & VITAMIN E EWP 100 GM,EWRPK,100.000 GM,,,100.0,GM,40.0
109,2022-01-08,202201,130258315,1641374748748,99762955,120,HINDUSTAN UNILEVER LTD-INDIA,LUX VELVET GLOW,LUX VELVET GLOW/JASMINE &VITAMIN E/100GM/EWP,40,EWP,100GM ,,1641374748748-hindustan unilever ltd-india-lux velvet glow.png,RECODING,5,2,99763087,14.525491,120,HINDUSTAN UNILEVER LTD-INDIA,LUX,LUX VELVET GLOW,LUX VELVET GLOW-JASMINE & VITAMIN E EWP 50 GM,EWRPK,50.000 GM,,,50.0,GM,20.0
109,2022-01-08,202201,130258315,1641374748748,99762955,120,HINDUSTAN UNILEVER LTD-INDIA,LUX VELVET GLOW,LUX VELVET GLOW/JASMINE &VITAMIN E/100GM/EWP,40,EWP,100GM ,,1641374748748-hindustan unilever ltd-india-lux velvet glow.png,RECODING,5,3,99763482,17.724403,120,HINDUSTAN UNILEVER LTD-INDIA,LUX,LUX VELVET GLOW,LUX VELVET GLOW-JASMINE & VITAMIN E EWP 100G+[4+1],EWRPK,100.000 GM,,,500.0,GM,120.0
109,2022-01-08,202201,130258315,1641374748748,99762955,120,HINDUSTAN UNILEVER LTD-INDIA,LUX VELVET GLOW,LUX VELVET GLOW/JASMINE &VITAMIN E/100GM/EWP,40,EWP,100GM ,,1641374748748-hindustan unilever ltd-india-lux velvet glow.png,RECODING,5,4,99762875,29.984571,120,HINDUSTAN UNILEVER LTD-INDIA,LUX,LUX CREAMY GLOW,LUX CREAMY GLOW-JASMINE & VITAMIN E EWP 100 GM,EWRPK,100.000 GM,,,100.0,GM,35.0
109,2022-01-08,202201,130258315,1641374748748,99762955,120,HINDUSTAN UNILEVER LTD-INDIA,LUX VELVET GLOW,LUX VELVET GLOW/JASMINE &VITAMIN E/100GM/EWP,40,EWP,100GM ,,1641374748748-hindustan unilever ltd-india-lux velvet glow.png,RECODING,5,5,99763168,30.996414,120,HINDUSTAN UNILEVER LTD-INDIA,LUX,LUX CREAMY GLOW,LUX CREAMY GLOW-JASMINE & VITAMIN E EWP 50 GM,EWRPK,50.000 GM,,,50.0,GM,20.0
109,2022-01-08,202201,130258315,1641374748748,99762955,120,HINDUSTAN UNILEVER LTD-INDIA,LUX VELVET GLOW,LUX VELVET GLOW/JASMINE &VITAMIN E/100GM/EWP,40,EWP,100GM ,,1641374748748-hindustan unilever ltd-india-lux velvet glow.png,RECODING,5,6,99764641,32.149323,120,HINDUSTAN UNILEVER LTD-INDIA,LUX,LUX CREAMY GLOW,LUX CREAMY GLOW-JASMINE & VITAMIN E EWP 100 GM+(3+1),EWRPK,100.000 GM,,,400.0,GM,153.0
109,2022-01-08,202201,130258315,1641374748748,99762955,120,HINDUSTAN UNILEVER LTD-INDIA,LUX VELVET GLOW,LUX VELVET GLOW/JASMINE &VITAMIN E/100GM/EWP,40,EWP,100GM ,,1641374748748-hindustan unilever ltd-india-lux velvet glow.png,RECODING,5,7,99763895,33.160957,120,HINDUSTAN UNILEVER LTD-INDIA,LUX,LUX CREAMY GLOW,LUX CREAMY GLOW-JASMINE & VITAMIN E EWP 45 GM,EWRPK,45.000 GM,,,45.0,GM,16.0
109,2022-01-08,202201,130258315,1641374748748,99762955,120,HINDUSTAN UNILEVER LTD-INDIA,LUX VELVET GLOW,LUX VELVET GLOW/JASMINE &VITAMIN E/100GM/EWP,40,EWP,100GM ,,1641374748748-hindustan unilever ltd-india-lux velvet glow.png,RECODING,5,8,99764191,34.697,120,HINDUSTAN UNILEVER LTD-INDIA,LUX,LUX CREAMY GLOW,LUX CREAMY GLOW-JASMINE & VITAMIN E EWP 43 GM,EWRPK,43.000 GM,,,43.0,GM,16.0
109,2022-01-08,202201,130258315,1641374748748,99762955,120,HINDUSTAN UNILEVER LTD-INDIA,LUX VELVET GLOW,LUX VELVET GLOW/JASMINE &VITAMIN E/100GM/EWP,40,EWP,100GM ,,1641374748748-hindustan unilever ltd-india-lux velvet glow.png,RECODING,5,9,99762715,34.797283,120,HINDUSTAN UNILEVER LTD-INDIA,LUX,LUX CREAMY GLOW,LUX CREAMY GLOW-JASMINE & VITAMIN E EWP 53 GM,EWRPK,53.000 GM,,,53.0,GM,16.0
109,2022-01-08,202201,130258315,1641374748748,99762955,120,HINDUSTAN UNILEVER LTD-INDIA,LUX VELVET GLOW,LUX VELVET GLOW/JASMINE &VITAMIN E/100GM/EWP,40,EWP,100GM ,,1641374748748-hindustan unilever ltd-india-lux velvet glow.png,RECODING,5,10,99763674,36.81761,120,HINDUSTAN UNILEVER LTD-INDIA,LUX,LUX CREAMY GLOW,LUX CREAMY GLOW-JASMINE & VITAMIN E EWP 48 GM,EWRPK,48.000 GM,,,48.0,GM,16.0
110,2022-01-10,202201,124619982,1641720923517,,123,KARUNA SOAP & CHEMICALS-NEPAL,DHARTI500GM,DHARTI\500\GM (3 nos???),100,PPH,500GM,New SKU,1641720923517-karuna soap - chemicals-nepal-dharti500gm.png,PARKER FOR NEXT MONTH,999,1,99762597,35.007435,123,KARUNA SOAP & CHEMICALS-NEPAL,DHARTI,DHARTI,DHARTI-LAUNDRY SOAP PPH 200 GM,PLPCH,200.000 GM,,,200.0,GM,40.0
110,2022-01-10,202201,124619982,1641720923517,,123,KARUNA SOAP & CHEMICALS-NEPAL,DHARTI500GM,DHARTI\500\GM (3 nos???),100,PPH,500GM,New SKU,1641720923517-karuna soap - chemicals-nepal-dharti500gm.png,PARKER FOR NEXT MONTH,999,2,53339,36.173874,123,KARUNA SOAP & CHEMICALS-NEPAL,DHARTI,DHARTI,DHARTI-LAUNDRY SOAP PPH 600 GM,PLPCH,600.000 GM,,,600.0,GM,0.0
110,2022-01-10,202201,124619982,1641720923517,,123,KARUNA SOAP & CHEMICALS-NEPAL,DHARTI500GM,DHARTI\500\GM (3 nos???),100,PPH,500GM,New SKU,1641720923517-karuna soap - chemicals-nepal-dharti500gm.png,PARKER FOR NEXT MONTH,999,3,99764307,36.21698,123,KARUNA SOAP & CHEMICALS-NEPAL,DHARTI,DHARTI,DHARTI-LAUNDRY SOAP PPH 3*134 GM [400 GM],PLPCH,134.000 GM,,,400.0,GM,100.0
110,2022-01-10,202201,124619982,1641720923517,,123,KARUNA SOAP & CHEMICALS-NEPAL,DHARTI500GM,DHARTI\500\GM (3 nos???),100,PPH,500GM,New SKU,1641720923517-karuna soap - chemicals-nepal-dharti500gm.png,PARKER FOR NEXT MONTH,999,4,52134,37.903038,123,KARUNA SOAP & CHEMICALS-NEPAL,DHARTI,DHARTI,DHARTI-LAUNDRY SOAP PPH 220 GM,PLPCH,220.000 GM,,,220.0,GM,0.0
110,2022-01-10,202201,124619982,1641720923517,,123,KARUNA SOAP & CHEMICALS-NEPAL,DHARTI500GM,DHARTI\500\GM (3 nos???),100,PPH,500GM,New SKU,1641720923517-karuna soap - chemicals-nepal-dharti500gm.png,PARKER FOR NEXT MONTH,999,5,54309,39.997963,123,KARUNA SOAP & CHEMICALS-NEPAL,DHARTI,DHARTI,DHARTI-LAUNDRY SOAP PPH 210 GM,PLPCH,210.000 GM,,,210.0,GM,0.0
110,2022-01-10,202201,124619982,1641720923517,,123,KARUNA SOAP & CHEMICALS-NEPAL,DHARTI500GM,DHARTI\500\GM (3 nos???),100,PPH,500GM,New SKU,1641720923517-karuna soap - chemicals-nepal-dharti500gm.png,PARKER FOR NEXT MONTH,999,6,49500,46.422356,123,KARUNA SOAP & CHEMICALS-NEPAL,DHARTI,DHARTI,DHARTI-UNWRP 250 GMS,UNWRP,250.000 GM,,,250.0,GM,0.0
110,2022-01-10,202201,124619982,1641720923517,,123,KARUNA SOAP & CHEMICALS-NEPAL,DHARTI500GM,DHARTI\500\GM (3 nos???),100,PPH,500GM,New SKU,1641720923517-karuna soap - chemicals-nepal-dharti500gm.png,PARKER FOR NEXT MONTH,999,7,49579,48.6809,123,KARUNA SOAP & CHEMICALS-NEPAL,DHARTI,DHARTI,DHARTI-UNWRP 230 GMS,UNWRP,230.000 GM,,,230.0,GM,0.0
110,2022-01-10,202201,124619982,1641720923517,,123,KARUNA SOAP & CHEMICALS-NEPAL,DHARTI500GM,DHARTI\500\GM (3 nos???),100,PPH,500GM,New SKU,1641720923517-karuna soap - chemicals-nepal-dharti500gm.png,PARKER FOR NEXT MONTH,999,8,92925412,51.62927,123,KARUNA SOAP & CHEMICALS-NEPAL,DHARTI,DHARTI,DHARTI-UNWRP 1000 GMS,UNWRP,1000.000 GM,,,1000.0,GM,0.0
110,2022-01-10,202201,124619982,1641720923517,,123,KARUNA SOAP & CHEMICALS-NEPAL,DHARTI500GM,DHARTI\500\GM (3 nos???),100,PPH,500GM,New SKU,1641720923517-karuna soap - chemicals-nepal-dharti500gm.png,PARKER FOR NEXT MONTH,999,9,93021203,67.661156,123,KARUNA SOAP & CHEMICALS-NEPAL,KARUNA,KARUNA,KARUNA-PPH 1000 GMS,PLPCH,1000.000 GM,,,1000.0,GM,0.0
110,2022-01-10,202201,124619982,1641720923517,,123,KARUNA SOAP & CHEMICALS-NEPAL,DHARTI500GM,DHARTI\500\GM (3 nos???),100,PPH,500GM,New SKU,1641720923517-karuna soap - chemicals-nepal-dharti500gm.png,PARKER FOR NEXT MONTH,999,10,99764371,74.43362,123,KARUNA SOAP & CHEMICALS-NEPAL,MANJARI,MANJARI,MANJARI-LAUNDRY SOAP PPH 300 GM,PLPCH,300.000 GM,,,300.0,GM,50.0
111,2022-01-10,202201,125732947,1641189482313,99762424,122,R.M. CHEMICALS NEPAL,ACTIVE WHEEL 2IN 1,ACTIVE WHEEL 2 IN 1\200\GM,20,PPH,200GM,New SKU,1641189482313-r-m- chemicals nepal-active wheel 2in 1.png,CROSS CODING,2,1,50274,133.60278,122,UNILEVER NEPAL LTD-NEPAL,WHEEL,WHEEL ACTIVE,WHEEL ACTIVE-2IN1 CLN FRS PPH 1000 GM+FR VIM BAR 85G,PLPCH,1000.000 GM,,,1000.0,GM,0.0
111,2022-01-10,202201,125732947,1641189482313,99762424,122,R.M. CHEMICALS NEPAL,ACTIVE WHEEL 2IN 1,ACTIVE WHEEL 2 IN 1\200\GM,20,PPH,200GM,New SKU,1641189482313-r-m- chemicals nepal-active wheel 2in 1.png,CROSS CODING,2,2,99762424,134.76375,122,UNILEVER NEPAL LTD-NEPAL,WHEEL,WHEEL ACTIVE,WHEEL ACTIVE-2IN1 CLEAN FRESH PPH 200 GM,PLPCH,200.000 GM,,,200.0,GM,20.0
111,2022-01-10,202201,125732947,1641189482313,99762424,122,R.M. CHEMICALS NEPAL,ACTIVE WHEEL 2IN 1,ACTIVE WHEEL 2 IN 1\200\GM,20,PPH,200GM,New SKU,1641189482313-r-m- chemicals nepal-active wheel 2in 1.png,CROSS CODING,2,3,99764844,137.73975,122,UNILEVER NEPAL LTD-NEPAL,WHEEL,WHEEL ACTIVE,WHEEL ACTIVE-2IN1 CLEAN & FRESH PPH 150 GM,PLPCH,150.000 GM,,,150.0,GM,20.0
111,2022-01-10,202201,125732947,1641189482313,99762424,122,R.M. CHEMICALS NEPAL,ACTIVE WHEEL 2IN 1,ACTIVE WHEEL 2 IN 1\200\GM,20,PPH,200GM,New SKU,1641189482313-r-m- chemicals nepal-active wheel 2in 1.png,CROSS CODING,2,4,99764088,138.76503,122,UNILEVER NEPAL LTD-NEPAL,WHEEL,WHEEL ACTIVE,WHEEL ACTIVE-2IN1 CLEAN & FRESH PPH 180 GM,PLPCH,180.000 GM,,,180.0,GM,20.0
111,2022-01-10,202201,125732947,1641189482313,99762424,122,R.M. CHEMICALS NEPAL,ACTIVE WHEEL 2IN 1,ACTIVE WHEEL 2 IN 1\200\GM,20,PPH,200GM,New SKU,1641189482313-r-m- chemicals nepal-active wheel 2in 1.png,CROSS CODING,2,5,53599,139.41278,122,UNILEVER NEPAL LTD-NEPAL,WHEEL,WHEEL ACTIVE,WHEEL ACTIVE-2IN1 CLEAN FRESH PPH 160 GM,PLPCH,160.000 GM,,,160.0,GM,0.0
111,2022-01-10,202201,125732947,1641189482313,99762424,122,R.M. CHEMICALS NEPAL,ACTIVE WHEEL 2IN 1,ACTIVE WHEEL 2 IN 1\200\GM,20,PPH,200GM,New SKU,1641189482313-r-m- chemicals nepal-active wheel 2in 1.png,CROSS CODING,2,6,49956,139.77771,122,UNILEVER NEPAL LTD-NEPAL,WHEEL,WHEEL ACTIVE,WHEEL ACTIVE-2IN1 CLEAN FRESH PPH 170 GM,PLPCH,170.000 GM,,,170.0,GM,0.0
111,2022-01-10,202201,125732947,1641189482313,99762424,122,R.M. CHEMICALS NEPAL,ACTIVE WHEEL 2IN 1,ACTIVE WHEEL 2 IN 1\200\GM,20,PPH,200GM,New SKU,1641189482313-r-m- chemicals nepal-active wheel 2in 1.png,CROSS CODING,2,7,49512,140.34749,122,UNILEVER NEPAL LTD-NEPAL,WHEEL,WHEEL ACTIVE,WHEEL ACTIVE-2IN1 CLEAN FRESH PPH 175 GM,PLPCH,175.000 GM,,,175.0,GM,0.0
111,2022-01-10,202201,125732947,1641189482313,99762424,122,R.M. CHEMICALS NEPAL,ACTIVE WHEEL 2IN 1,ACTIVE WHEEL 2 IN 1\200\GM,20,PPH,200GM,New SKU,1641189482313-r-m- chemicals nepal-active wheel 2in 1.png,CROSS CODING,2,8,99763979,141.22836,122,UNILEVER NEPAL LTD-NEPAL,WHEEL,WHEEL ACTIVE,WHEEL ACTIVE-2IN1 CLEAN FRESH PPH 950 GM,PLPCH,950.000 GM,,,950.0,GM,110.0
111,2022-01-10,202201,125732947,1641189482313,99762424,122,R.M. CHEMICALS NEPAL,ACTIVE WHEEL 2IN 1,ACTIVE WHEEL 2 IN 1\200\GM,20,PPH,200GM,New SKU,1641189482313-r-m- chemicals nepal-active wheel 2in 1.png,CROSS CODING,2,9,99764625,141.78006,122,UNILEVER NEPAL LTD-NEPAL,WHEEL,WHEEL ACTIVE,WHEEL ACTIVE-2IN1 CLEAN & FRESH PPH 900 GM,PLPCH,900.000 GM,,,900.0,GM,110.0
111,2022-01-10,202201,125732947,1641189482313,99762424,122,R.M. CHEMICALS NEPAL,ACTIVE WHEEL 2IN 1,ACTIVE WHEEL 2 IN 1\200\GM,20,PPH,200GM,New SKU,1641189482313-r-m- chemicals nepal-active wheel 2in 1.png,CROSS CODING,2,10,50746,141.78737,122,UNILEVER NEPAL LTD-NEPAL,WHEEL,WHEEL ACTIVE,WHEEL ACTIVE-2IN1 CLEAN FRESH PPH 165 GM,PLPCH,165.000 GM,,,165.0,GM,0.0
112,2022-01-10,202201,125732947,1641533687560,99762965,123,HIMGIRI HYGIENE PVT LTD-NEPAL,BIJAYA SUPER,BIJAYA SUPER\250\GM,40,PPH,250GM,New SKU,1641533687560-himgiri hygiene pvt ltd-nepal-bijaya super.png,RECODING,5,1,99763163,73.37392,123,HIMGIRI HYGIENE PVT LTD-NEPAL,SHOVA,SHOVA,SHOVA-PPH 200 GM,PLPCH,200.000 GM,,,200.0,GM,40.0
112,2022-01-10,202201,125732947,1641533687560,99762965,123,HIMGIRI HYGIENE PVT LTD-NEPAL,BIJAYA SUPER,BIJAYA SUPER\250\GM,40,PPH,250GM,New SKU,1641533687560-himgiri hygiene pvt ltd-nepal-bijaya super.png,RECODING,5,2,99763248,74.643555,123,HIMGIRI HYGIENE PVT LTD-NEPAL,SHOVA,SHOVA,SHOVA-PPH 125 GM,PLPCH,125.000 GM,,,125.0,GM,20.0
112,2022-01-10,202201,125732947,1641533687560,99762965,123,HIMGIRI HYGIENE PVT LTD-NEPAL,BIJAYA SUPER,BIJAYA SUPER\250\GM,40,PPH,250GM,New SKU,1641533687560-himgiri hygiene pvt ltd-nepal-bijaya super.png,RECODING,5,3,99763506,75.794205,123,HIMGIRI HYGIENE PVT LTD-NEPAL,SHOVA,SHOVA,SHOVA-PPH 300 GM,PLPCH,300.000 GM,,,300.0,GM,50.0
112,2022-01-10,202201,125732947,1641533687560,99762965,123,HIMGIRI HYGIENE PVT LTD-NEPAL,BIJAYA SUPER,BIJAYA SUPER\250\GM,40,PPH,250GM,New SKU,1641533687560-himgiri hygiene pvt ltd-nepal-bijaya super.png,RECODING,5,4,99763002,77.41409,123,HIMGIRI HYGIENE PVT LTD-NEPAL,SHAKTI,SHAKTI,SHAKTI-PPH 250 GM,PLPCH,250.000 GM,,,250.0,GM,40.0
112,2022-01-10,202201,125732947,1641533687560,99762965,123,HIMGIRI HYGIENE PVT LTD-NEPAL,BIJAYA SUPER,BIJAYA SUPER\250\GM,40,PPH,250GM,New SKU,1641533687560-himgiri hygiene pvt ltd-nepal-bijaya super.png,RECODING,5,5,99763554,83.18463,123,HIMGIRI HYGIENE PVT LTD-NEPAL,SHAKTI,SHAKTI,SHAKTI-PPH 200 GM,PLPCH,200.000 GM,,,200.0,GM,40.0
112,2022-01-10,202201,125732947,1641533687560,99762965,123,HIMGIRI HYGIENE PVT LTD-NEPAL,BIJAYA SUPER,BIJAYA SUPER\250\GM,40,PPH,250GM,New SKU,1641533687560-himgiri hygiene pvt ltd-nepal-bijaya super.png,RECODING,5,6,99763552,88.46323,123,HIMGIRI HYGIENE PVT LTD-NEPAL,SHAKTI,SHAKTI,SHAKTI-PPH 100 GM,PLPCH,100.000 GM,,,100.0,GM,20.0
112,2022-01-10,202201,125732947,1641533687560,99762965,123,HIMGIRI HYGIENE PVT LTD-NEPAL,BIJAYA SUPER,BIJAYA SUPER\250\GM,40,PPH,250GM,New SKU,1641533687560-himgiri hygiene pvt ltd-nepal-bijaya super.png,RECODING,5,7,99763553,90.00977,123,HIMGIRI HYGIENE PVT LTD-NEPAL,SHAKTI,SHAKTI,SHAKTI-PPH 150 GM,PLPCH,150.000 GM,,,150.0,GM,30.0
112,2022-01-10,202201,125732947,1641533687560,99762965,123,HIMGIRI HYGIENE PVT LTD-NEPAL,BIJAYA SUPER,BIJAYA SUPER\250\GM,40,PPH,250GM,New SKU,1641533687560-himgiri hygiene pvt ltd-nepal-bijaya super.png,RECODING,5,8,92919595,92.49347,123,HIMGIRI SOAP & CHEMICALS-NEPAL,BIJAYA,BIJAYA,BIJAYA- EWP 180 GMS,EWRPK,180.000 GM,,,180.0,GM,0.0
112,2022-01-10,202201,125732947,1641533687560,99762965,123,HIMGIRI HYGIENE PVT LTD-NEPAL,BIJAYA SUPER,BIJAYA SUPER\250\GM,40,PPH,250GM,New SKU,1641533687560-himgiri hygiene pvt ltd-nepal-bijaya super.png,RECODING,5,9,99764763,94.8652,123,HIMGIRI HYGIENE PVT LTD-NEPAL,DHONI XTRAA,DHONI XTRAA,DHONI XTRAA-LAUNDRY SOAP PPH 4*250 GM [1000 GM],PLPCH,250.000 GM,,,1000.0,GM,220.0
112,2022-01-10,202201,125732947,1641533687560,99762965,123,HIMGIRI HYGIENE PVT LTD-NEPAL,BIJAYA SUPER,BIJAYA SUPER\250\GM,40,PPH,250GM,New SKU,1641533687560-himgiri hygiene pvt ltd-nepal-bijaya super.png,RECODING,5,10,99764471,95.66548,123,HIMGIRI HYGIENE PVT LTD-NEPAL,DHONI XTRAA,DHONI XTRAA PLUS,DHONI XTRAA PLUS-LAUNDRY SOAP PPH 200 GM,PLPCH,200.000 GM,,,200.0,GM,60.0
113,2022-01-10,202112,118069056,1640674566442,99762952,118,SINGAPORE BEVERAGE-NEPAL,JEERU,JEERU MASALA PBT 500 ML ,70,PBT,500 ML,,1640674566442-singapore beverage-nepal-jeeru.png,RECODING,5,1,99762952,28.686611,118,SINGAPORE BEVERAGE-NEPAL,JEERU,JEERU,JEERA MASALA PET 500 ML,PET,500.000 ML,JEERA,,500.0,ML,70.0
113,2022-01-10,202112,118069056,1640674566442,99762952,118,SINGAPORE BEVERAGE-NEPAL,JEERU,JEERU MASALA PBT 500 ML ,70,PBT,500 ML,,1640674566442-singapore beverage-nepal-jeeru.png,RECODING,5,2,53568,37.595543,118,SINGAPORE BEVERAGE-NEPAL,JEERU,JEERU,JEERA MASALA PET 250 ML,PET,250.000 ML,JEERA,,250.0,ML,0.0
113,2022-01-10,202112,118069056,1640674566442,99762952,118,SINGAPORE BEVERAGE-NEPAL,JEERU,JEERU MASALA PBT 500 ML ,70,PBT,500 ML,,1640674566442-singapore beverage-nepal-jeeru.png,RECODING,5,3,99764996,47.648796,118,SINGAPORE BEVERAGE-NEPAL,JEERU,JEERU,JEERA MASALA CAN 250 ML,CAN,250.000 ML,JEERA,,250.0,ML,90.0
113,2022-01-10,202112,118069056,1640674566442,99762952,118,SINGAPORE BEVERAGE-NEPAL,JEERU,JEERU MASALA PBT 500 ML ,70,PBT,500 ML,,1640674566442-singapore beverage-nepal-jeeru.png,RECODING,5,4,99763086,105.31271,118,SINGAPORE BEVERAGE-NEPAL,NIMBU PANI,NIMBU PANI,LEMON PET 250 ML,PET,250.000 ML,LEMON,,250.0,ML,40.0
113,2022-01-10,202112,118069056,1640674566442,99762952,118,SINGAPORE BEVERAGE-NEPAL,JEERU,JEERU MASALA PBT 500 ML ,70,PBT,500 ML,,1640674566442-singapore beverage-nepal-jeeru.png,RECODING,5,5,99764935,111.0656,118,SINGAPORE BEVERAGE-NEPAL,LEMONZAAAAA NIMBU PANI,LEMONZAAAAA NIMBU PANI,LEMON PET 250 ML,PET,250.000 ML,LEMON,,250.0,ML,50.0
113,2022-01-10,202112,118069056,1640674566442,99762952,118,SINGAPORE BEVERAGE-NEPAL,JEERU,JEERU MASALA PBT 500 ML ,70,PBT,500 ML,,1640674566442-singapore beverage-nepal-jeeru.png,RECODING,5,6,99765416,111.76547,118,SINGAPORE BEVERAGE-NEPAL,LEMONZAAAAA NIMBU PANI,LEMONZAAAAA NIMBU PANI,LEMON PET 1000 ML,PET,1000.000 ML,LEMON,,1000.0,ML,130.0
113,2022-01-10,202112,118069056,1640674566442,99762952,118,SINGAPORE BEVERAGE-NEPAL,JEERU,JEERU MASALA PBT 500 ML ,70,PBT,500 ML,,1640674566442-singapore beverage-nepal-jeeru.png,RECODING,5,7,99765324,112.23253,118,SINGAPORE BEVERAGE-NEPAL,LEMONZAAAAA NIMBU PANI,LEMONZAAAAA NIMBU PANI,LEMON PET 1500 ML,PET,1500.000 ML,LEMON,,1500.0,ML,190.0
113,2022-01-10,202112,118069056,1640674566442,99762952,118,SINGAPORE BEVERAGE-NEPAL,JEERU,JEERU MASALA PBT 500 ML ,70,PBT,500 ML,,1640674566442-singapore beverage-nepal-jeeru.png,RECODING,5,8,99765081,112.52819,118,SINGAPORE BEVERAGE-NEPAL,LEMONZAAAAA NIMBU PANI,LEMONZAAAAA NIMBU PANI,LEMON PET 600 ML,PET,600.000 ML,LEMON,,600.0,ML,80.0
113,2022-01-10,202112,118069056,1640674566442,99762952,118,SINGAPORE BEVERAGE-NEPAL,JEERU,JEERU MASALA PBT 500 ML ,70,PBT,500 ML,,1640674566442-singapore beverage-nepal-jeeru.png,RECODING,5,9,99765108,114.658424,118,SINGAPORE BEVERAGE-NEPAL,LEMONZAAAAA NIMBU PANI,LEMONZAAAAA NIMBU PANI,LEMON PET 2250 ML,PET,2250.000 ML,LEMON,,2250.0,ML,260.0
113,2022-01-10,202112,118069056,1640674566442,99762952,118,SINGAPORE BEVERAGE-NEPAL,JEERU,JEERU MASALA PBT 500 ML ,70,PBT,500 ML,,1640674566442-singapore beverage-nepal-jeeru.png,RECODING,5,10,99764332,122.53225,118,SINGAPORE BEVERAGE-NEPAL,NATURALS,NATURALS,MANGO PET 500 ML,PET,500.000 ML,MANGO,,500.0,ML,90.0
114,2022-01-10,202201,132326871,1641720679489,99762901,123,HIMGIRI HYGIENE PVT LTD-NEPAL,DHONI,DHONI-LAUNDRY SOAP PPH 500 GM,100,PPH,500 GM,,1641720679489-himgiri hygiene pvt ltd-nepal-dhoni.png,RECODING,5,1,99763487,8.378304,123,HIMGIRI HYGIENE PVT LTD-NEPAL,DHONI,DHONI,DHONI-LAUNDRY SOAP PPH 250 GM,PLPCH,250.000 GM,,,250.0,GM,50.0
114,2022-01-10,202201,132326871,1641720679489,99762901,123,HIMGIRI HYGIENE PVT LTD-NEPAL,DHONI,DHONI-LAUNDRY SOAP PPH 500 GM,100,PPH,500 GM,,1641720679489-himgiri hygiene pvt ltd-nepal-dhoni.png,RECODING,5,2,99764094,9.196091,123,HIMGIRI HYGIENE PVT LTD-NEPAL,DHONI,DHONI,DHONI-LAUNDRY SOAP PPH 200 GM,PLPCH,200.000 GM,,,200.0,GM,50.0
114,2022-01-10,202201,132326871,1641720679489,99762901,123,HIMGIRI HYGIENE PVT LTD-NEPAL,DHONI,DHONI-LAUNDRY SOAP PPH 500 GM,100,PPH,500 GM,,1641720679489-himgiri hygiene pvt ltd-nepal-dhoni.png,RECODING,5,3,99763297,9.216952,123,HIMGIRI HYGIENE PVT LTD-NEPAL,DHONI,DHONI,DHONI-LAUNDRY SOAP PPH 100 GM,PLPCH,100.000 GM,,,100.0,GM,20.0
114,2022-01-10,202201,132326871,1641720679489,99762901,123,HIMGIRI HYGIENE PVT LTD-NEPAL,DHONI,DHONI-LAUNDRY SOAP PPH 500 GM,100,PPH,500 GM,,1641720679489-himgiri hygiene pvt ltd-nepal-dhoni.png,RECODING,5,4,99763151,11.695852,123,HIMGIRI HYGIENE PVT LTD-NEPAL,DHONI,DHONI,DHONI-LAUNDRY SOAP PPH 150 GM,PLPCH,150.000 GM,,,150.0,GM,30.0
114,2022-01-10,202201,132326871,1641720679489,99762901,123,HIMGIRI HYGIENE PVT LTD-NEPAL,DHONI,DHONI-LAUNDRY SOAP PPH 500 GM,100,PPH,500 GM,,1641720679489-himgiri hygiene pvt ltd-nepal-dhoni.png,RECODING,5,5,99762606,11.873709,123,HIMGIRI HYGIENE PVT LTD-NEPAL,DHONI,DHONI,DHONI-LAUNDRY SOAP PPH 125 GM,PLPCH,125.000 GM,,,125.0,GM,25.0
114,2022-01-10,202201,132326871,1641720679489,99762901,123,HIMGIRI HYGIENE PVT LTD-NEPAL,DHONI,DHONI-LAUNDRY SOAP PPH 500 GM,100,PPH,500 GM,,1641720679489-himgiri hygiene pvt ltd-nepal-dhoni.png,RECODING,5,6,99763192,15.204334,123,HIMGIRI HYGIENE PVT LTD-NEPAL,DHONI,DHONI,DHONI-LAUNDRY SOAP PPH 4*250 GM [1000GM],PLPCH,250.000 GM,,,1000.0,GM,200.0
114,2022-01-10,202201,132326871,1641720679489,99762901,123,HIMGIRI HYGIENE PVT LTD-NEPAL,DHONI,DHONI-LAUNDRY SOAP PPH 500 GM,100,PPH,500 GM,,1641720679489-himgiri hygiene pvt ltd-nepal-dhoni.png,RECODING,5,7,99764336,15.974644,123,HIMGIRI HYGIENE PVT LTD-NEPAL,DHONI,DHONI,DHONI-LAUNDRY SOAP PPH 4*225 GM [900GM],PLPCH,225.000 GM,,,900.0,GM,230.0
114,2022-01-10,202201,132326871,1641720679489,99762901,123,HIMGIRI HYGIENE PVT LTD-NEPAL,DHONI,DHONI-LAUNDRY SOAP PPH 500 GM,100,PPH,500 GM,,1641720679489-himgiri hygiene pvt ltd-nepal-dhoni.png,RECODING,5,8,99764515,17.114744,123,HIMGIRI HYGIENE PVT LTD-NEPAL,DHONI XTRAA,DHONI XTRAA,DHONI XTRAA-LAUNDRY SOAP PPH 100 GM+50 GM,PLPCH,100.000 GM,,,150.0,GM,40.0
114,2022-01-10,202201,132326871,1641720679489,99762901,123,HIMGIRI HYGIENE PVT LTD-NEPAL,DHONI,DHONI-LAUNDRY SOAP PPH 500 GM,100,PPH,500 GM,,1641720679489-himgiri hygiene pvt ltd-nepal-dhoni.png,RECODING,5,9,99763787,17.232792,123,HIMGIRI HYGIENE PVT LTD-NEPAL,DHONI,DHONI,DHONI-XTRAA LAUNDRY SOAP PPH 150 GM,PLPCH,150.000 GM,,,150.0,GM,40.0
114,2022-01-10,202201,132326871,1641720679489,99762901,123,HIMGIRI HYGIENE PVT LTD-NEPAL,DHONI,DHONI-LAUNDRY SOAP PPH 500 GM,100,PPH,500 GM,,1641720679489-himgiri hygiene pvt ltd-nepal-dhoni.png,RECODING,5,10,99763386,17.338531,123,HIMGIRI HYGIENE PVT LTD-NEPAL,DHONI,DHONI,DHONI-LAUNDRY SOAP PPH 200 GM+50 GM FREE,PLPCH,200.000 GM,,,250.0,GM,50.0
115,2022-01-10,202201,132326871,1641370886875,99762966,123,KWALITY CHEM PVT LTD-NEPAL,123 POWER,123 POWER-PPH 500 GM ,100,PPH,500 GM,,1641370886875-kwality chem pvt ltd-nepal-123 power.png,RECODING,5,1,99762600,12.1978,123,KWALITY CHEM PVT LTD-NEPAL,123,123 POWER,123 POWER-PPH 250 GM,PLPCH,250.000 GM,,,250.0,GM,50.0
115,2022-01-10,202201,132326871,1641370886875,99762966,123,KWALITY CHEM PVT LTD-NEPAL,123 POWER,123 POWER-PPH 500 GM ,100,PPH,500 GM,,1641370886875-kwality chem pvt ltd-nepal-123 power.png,RECODING,5,2,99762434,12.762714,123,KWALITY CHEM PVT LTD-NEPAL,123,123 POWER,123 POWER-PPH 100 GM,PLPCH,100.000 GM,,,100.0,GM,20.0
115,2022-01-10,202201,132326871,1641370886875,99762966,123,KWALITY CHEM PVT LTD-NEPAL,123 POWER,123 POWER-PPH 500 GM ,100,PPH,500 GM,,1641370886875-kwality chem pvt ltd-nepal-123 power.png,RECODING,5,3,99762488,12.884177,123,KWALITY CHEM PVT LTD-NEPAL,123,123 POWER,123 POWER-PPH 200 GM,PLPCH,200.000 GM,,,200.0,GM,40.0
115,2022-01-10,202201,132326871,1641370886875,99762966,123,KWALITY CHEM PVT LTD-NEPAL,123 POWER,123 POWER-PPH 500 GM ,100,PPH,500 GM,,1641370886875-kwality chem pvt ltd-nepal-123 power.png,RECODING,5,4,52141,15.171426,123,KWALITY CHEM PVT LTD-NEPAL,123,123 POWER,123 POWER-PPH 600 GM,PLPCH,600.000 GM,,,600.0,GM,0.0
115,2022-01-10,202201,132326871,1641370886875,99762966,123,KWALITY CHEM PVT LTD-NEPAL,123 POWER,123 POWER-PPH 500 GM ,100,PPH,500 GM,,1641370886875-kwality chem pvt ltd-nepal-123 power.png,RECODING,5,5,51663,16.282164,123,KWALITY CHEM PVT LTD-NEPAL,123,123 POWER,123 POWER-PPH 210 GM,PLPCH,210.000 GM,,,210.0,GM,0.0
115,2022-01-10,202201,132326871,1641370886875,99762966,123,KWALITY CHEM PVT LTD-NEPAL,123 POWER,123 POWER-PPH 500 GM ,100,PPH,500 GM,,1641370886875-kwality chem pvt ltd-nepal-123 power.png,RECODING,5,6,99762966,16.75566,123,KWALITY CHEM PVT LTD-NEPAL,123,123 POWER,123 POWER-PPH 3*167 GM [500GM],PLPCH,167.000 GM,,,500.0,GM,100.0
115,2022-01-10,202201,132326871,1641370886875,99762966,123,KWALITY CHEM PVT LTD-NEPAL,123 POWER,123 POWER-PPH 500 GM ,100,PPH,500 GM,,1641370886875-kwality chem pvt ltd-nepal-123 power.png,RECODING,5,7,99762946,17.236382,123,KWALITY CHEM PVT LTD-NEPAL,123,123 POWER,123 POWER-PPH 150 GM,PLPCH,150.000 GM,,,150.0,GM,30.0
115,2022-01-10,202201,132326871,1641370886875,99762966,123,KWALITY CHEM PVT LTD-NEPAL,123 POWER,123 POWER-PPH 500 GM ,100,PPH,500 GM,,1641370886875-kwality chem pvt ltd-nepal-123 power.png,RECODING,5,8,99763526,20.841532,123,KWALITY CHEM PVT LTD-NEPAL,123,123 POWER,123 POWER-PPH 3*184 GM [550GM],PLPCH,184.000 GM,,,550.0,GM,105.0
115,2022-01-10,202201,132326871,1641370886875,99762966,123,KWALITY CHEM PVT LTD-NEPAL,123 POWER,123 POWER-PPH 500 GM ,100,PPH,500 GM,,1641370886875-kwality chem pvt ltd-nepal-123 power.png,RECODING,5,9,99763574,36.626675,123,KWALITY CHEM PVT LTD-NEPAL,BHANU,BHANU,BHANU-PPH 100 GM,PLPCH,100.000 GM,,,100.0,GM,20.0
115,2022-01-10,202201,132326871,1641370886875,99762966,123,KWALITY CHEM PVT LTD-NEPAL,123 POWER,123 POWER-PPH 500 GM ,100,PPH,500 GM,,1641370886875-kwality chem pvt ltd-nepal-123 power.png,RECODING,5,10,99762638,37.966858,123,KWALITY CHEM PVT LTD-NEPAL,BHANU,BHANU,BHANU-PPH 300 GM,PLPCH,300.000 GM,,,300.0,GM,50.0
116,2022-01-10,202201,132326871,1641721150458,99762960,132,A.G. HEALTH INDUSTRIES PVT LTD-NEPAL,SAGUN BABY POKO PANTS,SAGUN BABY POKO PANTS-MEDIUM(M) 36 NOS,800,PPH,MEDIUM ,,1641721150458-a-g- health industries pvt ltd-nepal-sagun baby poko pants.png,RECODING,5,1,99762960,15.096292,132,A.G. HEALTH INDUSTRIES PVT LTD-NEPAL,SAGUN BABY,SAGUN BABY POKO PANTS,SAGUN BABY POKO PANTS-MEDIUM(M) PPH 36 NOS,PLPCH,36.000 NO,,,36.0,NO,800.0
116,2022-01-10,202201,132326871,1641721150458,99762960,132,A.G. HEALTH INDUSTRIES PVT LTD-NEPAL,SAGUN BABY POKO PANTS,SAGUN BABY POKO PANTS-MEDIUM(M) 36 NOS,800,PPH,MEDIUM ,,1641721150458-a-g- health industries pvt ltd-nepal-sagun baby poko pants.png,RECODING,5,2,99762656,17.633406,132,A.G. HEALTH INDUSTRIES PVT LTD-NEPAL,SAGUN BABY,SAGUN BABY POKO PANTS,SAGUN BABY POKO PANTS-MEDIUM(M) PPH 4 NOS,PLPCH,4.000 NO,,,4.0,NO,80.0
116,2022-01-10,202201,132326871,1641721150458,99762960,132,A.G. HEALTH INDUSTRIES PVT LTD-NEPAL,SAGUN BABY POKO PANTS,SAGUN BABY POKO PANTS-MEDIUM(M) 36 NOS,800,PPH,MEDIUM ,,1641721150458-a-g- health industries pvt ltd-nepal-sagun baby poko pants.png,RECODING,5,3,99762660,18.81054,132,A.G. HEALTH INDUSTRIES PVT LTD-NEPAL,SAGUN BABY,SAGUN BABY POKO PANTS,SAGUN BABY POKO PANTS-MEDIUM(M) PPH 5 NOS,PLPCH,5.000 NO,,,5.0,NO,100.0
116,2022-01-10,202201,132326871,1641721150458,99762960,132,A.G. HEALTH INDUSTRIES PVT LTD-NEPAL,SAGUN BABY POKO PANTS,SAGUN BABY POKO PANTS-MEDIUM(M) 36 NOS,800,PPH,MEDIUM ,,1641721150458-a-g- health industries pvt ltd-nepal-sagun baby poko pants.png,RECODING,5,4,99763456,37.255898,132,A.G. HEALTH INDUSTRIES PVT LTD-NEPAL,SAGUN BABY,SAGUN BABY POKO PANTS,SAGUN BABY POKO PANTS-SMALL(S) PPH 42 NOS,PLPCH,42.000 NO,,,42.0,NO,800.0
116,2022-01-10,202201,132326871,1641721150458,99762960,132,A.G. HEALTH INDUSTRIES PVT LTD-NEPAL,SAGUN BABY POKO PANTS,SAGUN BABY POKO PANTS-MEDIUM(M) 36 NOS,800,PPH,MEDIUM ,,1641721150458-a-g- health industries pvt ltd-nepal-sagun baby poko pants.png,RECODING,5,5,99762604,38.015915,132,A.G. HEALTH INDUSTRIES PVT LTD-NEPAL,SAGUN BABY,SAGUN BABY POKO PANTS,SAGUN BABY POKO PANTS-SMALL(S) PPH 5 NOS,PLPCH,5.000 NO,,,5.0,NO,100.0
116,2022-01-10,202201,132326871,1641721150458,99762960,132,A.G. HEALTH INDUSTRIES PVT LTD-NEPAL,SAGUN BABY POKO PANTS,SAGUN BABY POKO PANTS-MEDIUM(M) 36 NOS,800,PPH,MEDIUM ,,1641721150458-a-g- health industries pvt ltd-nepal-sagun baby poko pants.png,RECODING,5,6,99762630,38.832687,132,A.G. HEALTH INDUSTRIES PVT LTD-NEPAL,SAGUN BABY,SAGUN BABY POKO PANTS,SAGUN BABY POKO PANTS-LARGE(L) PPH 5 NOS,PLPCH,5.000 NO,,,5.0,NO,100.0
116,2022-01-10,202201,132326871,1641721150458,99762960,132,A.G. HEALTH INDUSTRIES PVT LTD-NEPAL,SAGUN BABY POKO PANTS,SAGUN BABY POKO PANTS-MEDIUM(M) 36 NOS,800,PPH,MEDIUM ,,1641721150458-a-g- health industries pvt ltd-nepal-sagun baby poko pants.png,RECODING,5,7,99764623,39.410965,132,A.G. HEALTH INDUSTRIES PVT LTD-NEPAL,SAGUN BABY,SAGUN BABY POKO PANTS,SAGUN BABY POKO PANTS-LARGE(L) PPH 4 NOS,PLPCH,4.000 NO,,,4.0,NO,100.0
116,2022-01-10,202201,132326871,1641721150458,99762960,132,A.G. HEALTH INDUSTRIES PVT LTD-NEPAL,SAGUN BABY POKO PANTS,SAGUN BABY POKO PANTS-MEDIUM(M) 36 NOS,800,PPH,MEDIUM ,,1641721150458-a-g- health industries pvt ltd-nepal-sagun baby poko pants.png,RECODING,5,8,99763858,39.415985,132,A.G. HEALTH INDUSTRIES PVT LTD-NEPAL,SAGUN BABY,SAGUN BABY POKO PANTS,SAGUN BABY POKO PANTS-LARGE(L) PPH 32 NOS,PLPCH,32.000 NO,,,32.0,NO,800.0
116,2022-01-10,202201,132326871,1641721150458,99762960,132,A.G. HEALTH INDUSTRIES PVT LTD-NEPAL,SAGUN BABY POKO PANTS,SAGUN BABY POKO PANTS-MEDIUM(M) 36 NOS,800,PPH,MEDIUM ,,1641721150458-a-g- health industries pvt ltd-nepal-sagun baby poko pants.png,RECODING,5,9,99762683,46.18186,132,A.G. HEALTH INDUSTRIES PVT LTD-NEPAL,SAGUN BABY,SAGUN BABY POKO PANTS,SAGUN BABY POKO PANTS-EXTRA LARGE(XL) PPH 4 NOS,PLPCH,4.000 NO,,,4.0,NO,100.0
116,2022-01-10,202201,132326871,1641721150458,99762960,132,A.G. HEALTH INDUSTRIES PVT LTD-NEPAL,SAGUN BABY POKO PANTS,SAGUN BABY POKO PANTS-MEDIUM(M) 36 NOS,800,PPH,MEDIUM ,,1641721150458-a-g- health industries pvt ltd-nepal-sagun baby poko pants.png,RECODING,5,10,99764436,80.04434,132,A.G. HEALTH INDUSTRIES PVT LTD-NEPAL,SAGUN BABY,SAGUN BABY DIAPERS,SAGUN BABY DIAPERS-MEDIUM(M) PPH 5 NOS,PLPCH,5.000 NO,,,5.0,NO,100.0
117,2022-01-11,202201,128823642,1641546124518,99762968,106,PEPPE NUTRIRIONS .PVT.LTD INDIA,HOPPIN GOLD ,HOPPIN GOLD COFFEE\4.5GM\EWP\PEPPE NUTRITIONS.PVT.LTD INDIA,3,EWP,4.5GM,,1641546124518-peppe nutririons -pvt-ltd india-hoppin gold .png,RECODING,5,1,99762968,55.67523,106,PEPPE NUTRITIONS PVT LTD-IND,HOPPIN,HOPPIN GOLD COFFEE,HOPPIN GOLD COFFEE- PPH 4.5 GM,PLPCH,4.500 GM,COFFEE,,4.5,GM,3.0
117,2022-01-11,202201,128823642,1641546124518,99762968,106,PEPPE NUTRIRIONS .PVT.LTD INDIA,HOPPIN GOLD ,HOPPIN GOLD COFFEE\4.5GM\EWP\PEPPE NUTRITIONS.PVT.LTD INDIA,3,EWP,4.5GM,,1641546124518-peppe nutririons -pvt-ltd india-hoppin gold .png,RECODING,5,2,99764070,152.7829,106,PEPPE NUTRITIONS PVT LTD-IND,HOPPIN,HOPPIN RING POP,HOPPIN RING POP-PPH 5 GM,PLPCH,5.000 GM,IMLI,,5.0,GM,2.5
117,2022-01-11,202201,128823642,1641546124518,99762968,106,PEPPE NUTRIRIONS .PVT.LTD INDIA,HOPPIN GOLD ,HOPPIN GOLD COFFEE\4.5GM\EWP\PEPPE NUTRITIONS.PVT.LTD INDIA,3,EWP,4.5GM,,1641546124518-peppe nutririons -pvt-ltd india-hoppin gold .png,RECODING,5,3,54364,161.6571,106,NEPTUNE FOODS-INDIA,NEPTUNE,NEPTUNE KOFEECO,NEPTUNE KOFEECO-COFFEE PPH 4 GM,PLPCH,4.000 GM,COFFEE,,4.0,GM,0.0
117,2022-01-11,202201,128823642,1641546124518,99762968,106,PEPPE NUTRIRIONS .PVT.LTD INDIA,HOPPIN GOLD ,HOPPIN GOLD COFFEE\4.5GM\EWP\PEPPE NUTRITIONS.PVT.LTD INDIA,3,EWP,4.5GM,,1641546124518-peppe nutririons -pvt-ltd india-hoppin gold .png,RECODING,5,4,50818,161.8196,106,PERFETTI VAN MELLE-INDIA,ALPENLIEBE,ALPENLIEBE GOLD,ALPENLIEBE GOLD-RICH MILKY CARAMEL TOFFEE PPH 4 GM,PLPCH,4.000 GM,MILK & CARAMEL,,4.0,GM,0.0
117,2022-01-11,202201,128823642,1641546124518,99762968,106,PEPPE NUTRIRIONS .PVT.LTD INDIA,HOPPIN GOLD ,HOPPIN GOLD COFFEE\4.5GM\EWP\PEPPE NUTRITIONS.PVT.LTD INDIA,3,EWP,4.5GM,,1641546124518-peppe nutririons -pvt-ltd india-hoppin gold .png,RECODING,5,5,91826732,162.12862,106,PRAYAGH NUTRI PRODUCT-INDIA,CINTU,CINTU KOFILIK,CINTU KOFILIK- COFFEE PPH 4 GM,PLPCH,4.000 GM,COFFEE,,4.0,GM,0.0
117,2022-01-11,202201,128823642,1641546124518,99762968,106,PEPPE NUTRIRIONS .PVT.LTD INDIA,HOPPIN GOLD ,HOPPIN GOLD COFFEE\4.5GM\EWP\PEPPE NUTRITIONS.PVT.LTD INDIA,3,EWP,4.5GM,,1641546124518-peppe nutririons -pvt-ltd india-hoppin gold .png,RECODING,5,6,91826642,162.64687,106,KAYEMPEE FOODS PVT LTD - INDIA,AUSOME,AUSOME PIK POK,AUSOME PIK POK- RICH CAPPUCCINO CANDY PPH 4 GM,PLPCH,4.000 GM,COFFEE,,4.0,GM,0.0
117,2022-01-11,202201,128823642,1641546124518,99762968,106,PEPPE NUTRIRIONS .PVT.LTD INDIA,HOPPIN GOLD ,HOPPIN GOLD COFFEE\4.5GM\EWP\PEPPE NUTRITIONS.PVT.LTD INDIA,3,EWP,4.5GM,,1641546124518-peppe nutririons -pvt-ltd india-hoppin gold .png,RECODING,5,7,47601,163.09721,106,PARAS NUTRITION-INDIA,CANDY LAKE,CANDY LAKE,CANDY LAKE- COFFEE CAPPUCCINO HOT COFFEE PPH 4.5 GM,PLPCH,4.500 GM,COFFEE,,4.5,GM,0.0
117,2022-01-11,202201,128823642,1641546124518,99762968,106,PEPPE NUTRIRIONS .PVT.LTD INDIA,HOPPIN GOLD ,HOPPIN GOLD COFFEE\4.5GM\EWP\PEPPE NUTRITIONS.PVT.LTD INDIA,3,EWP,4.5GM,,1641546124518-peppe nutririons -pvt-ltd india-hoppin gold .png,RECODING,5,8,91826161,163.55536,106,PERFETTI VAN MELLE-INDIA,ALPENLIEBE,ALPENLIEBE GOLD,ALPENLIEBE GOLD- RICH MILKY CARAMEL TOFFEE PPH 3.4 GM,PLPCH,3.400 GM,MILK & CARAMEL,,3.4,GM,0.0
117,2022-01-11,202201,128823642,1641546124518,99762968,106,PEPPE NUTRIRIONS .PVT.LTD INDIA,HOPPIN GOLD ,HOPPIN GOLD COFFEE\4.5GM\EWP\PEPPE NUTRITIONS.PVT.LTD INDIA,3,EWP,4.5GM,,1641546124518-peppe nutririons -pvt-ltd india-hoppin gold .png,RECODING,5,9,91826960,164.54987,106,PERFETTI VAN MELLE-INDIA,ALPENLIEBE,ALPENLIEBE GOLD,ALPENLIEBE GOLD- RICH MILKY CARAMEL TOFFEE PPH 28 GM,PLPCH,28.000 GM,MILK & CARAMEL,,28.0,GM,0.0
117,2022-01-11,202201,128823642,1641546124518,99762968,106,PEPPE NUTRIRIONS .PVT.LTD INDIA,HOPPIN GOLD ,HOPPIN GOLD COFFEE\4.5GM\EWP\PEPPE NUTRITIONS.PVT.LTD INDIA,3,EWP,4.5GM,,1641546124518-peppe nutririons -pvt-ltd india-hoppin gold .png,RECODING,5,10,91826342,164.75777,106,PRAYAGH NUTRI PRODUCT-INDIA,CINTU,CINTU KULFI MALAI,CINTU KULFI MALAI- COFFEE EWP 4 GM,EWRPK,4.000 GM,COFFEE,,4.0,GM,0.0
118,2022-01-11,202201,122117535,1641538383256,99762969,132,SMART SURGIMED ENTERPRISES NEPAL,SOFT LITE,SOFT LITE BABY POKO PULLUPS\L 9-14KG\44PCS\SMART SURGIMED ENTERPRISES NEPAL,100,PPH,4PCS,,1641538383256-smart surgimed enterprises nepal-soft lite.png,RECODING,5,1,99762969,68.596596,132,SMART SURGIMADE ENTERPRISES-NP,SOFT LITE,SOFT LITE BABY POKO PULLUPS,SOFT LITE BABY POKO PULLUPS-LARGE(L) PPH 4 NOS,PLPCH,4.000 NO,,,4.0,NO,100.0
118,2022-01-11,202201,122117535,1641538383256,99762969,132,SMART SURGIMED ENTERPRISES NEPAL,SOFT LITE,SOFT LITE BABY POKO PULLUPS\L 9-14KG\44PCS\SMART SURGIMED ENTERPRISES NEPAL,100,PPH,4PCS,,1641538383256-smart surgimed enterprises nepal-soft lite.png,RECODING,5,2,99764816,70.739426,132,SMART SURGIMADE ENTERPRISES-NP,SOFT LITE,SOFT LITE BABY POKO PULLUPS,SOFT LITE BABY POKO PULLUPS-EXTRA LARGE(XL) PPH 4 NOS,PLPCH,4.000 NO,,,4.0,NO,100.0
118,2022-01-11,202201,122117535,1641538383256,99762969,132,SMART SURGIMED ENTERPRISES NEPAL,SOFT LITE,SOFT LITE BABY POKO PULLUPS\L 9-14KG\44PCS\SMART SURGIMED ENTERPRISES NEPAL,100,PPH,4PCS,,1641538383256-smart surgimed enterprises nepal-soft lite.png,RECODING,5,3,99764817,71.99446,132,SMART SURGIMADE ENTERPRISES-NP,SOFT LITE,SOFT LITE BABY POKO PULLUPS,SOFT LITE BABY POKO PULLUPS-MEDIUM(M) PPH 5 NOS,PLPCH,5.000 NO,,,5.0,NO,100.0
118,2022-01-11,202201,122117535,1641538383256,99762969,132,SMART SURGIMED ENTERPRISES NEPAL,SOFT LITE,SOFT LITE BABY POKO PULLUPS\L 9-14KG\44PCS\SMART SURGIMED ENTERPRISES NEPAL,100,PPH,4PCS,,1641538383256-smart surgimed enterprises nepal-soft lite.png,RECODING,5,4,99763370,73.668236,132,SMART SURGIMADE ENTERPRISES-NP,SOFT LITE,SOFT LITE BABY POKO PULLUPS,SOFT LITE BABY POKO PULLUPS-SMALL(S) PPH 5 NOS,PLPCH,5.000 NO,,,5.0,NO,100.0
118,2022-01-11,202201,122117535,1641538383256,99762969,132,SMART SURGIMED ENTERPRISES NEPAL,SOFT LITE,SOFT LITE BABY POKO PULLUPS\L 9-14KG\44PCS\SMART SURGIMED ENTERPRISES NEPAL,100,PPH,4PCS,,1641538383256-smart surgimed enterprises nepal-soft lite.png,RECODING,5,5,99763025,154.22174,132,BRAJESHWORI INDUSTRIES-NEPAL,NYANO,NYANO BABY PULL UP PANTS,NYANO BABY PULL UP PANTS-SMALL(S) PPH 5 NOS,PLPCH,5.000 NO,,,5.0,NO,100.0
118,2022-01-11,202201,122117535,1641538383256,99762969,132,SMART SURGIMED ENTERPRISES NEPAL,SOFT LITE,SOFT LITE BABY POKO PULLUPS\L 9-14KG\44PCS\SMART SURGIMED ENTERPRISES NEPAL,100,PPH,4PCS,,1641538383256-smart surgimed enterprises nepal-soft lite.png,RECODING,5,6,99763587,156.63585,132,BRAJESHWORI INDUSTRIES-NEPAL,NYANO,NYANO BABY PULL UP PANTS,NYANO BABY PULL UP PANTS-LARGE(L) PPH 5 NOS,PLPCH,5.000 NO,,,5.0,NO,100.0
118,2022-01-11,202201,122117535,1641538383256,99762969,132,SMART SURGIMED ENTERPRISES NEPAL,SOFT LITE,SOFT LITE BABY POKO PULLUPS\L 9-14KG\44PCS\SMART SURGIMED ENTERPRISES NEPAL,100,PPH,4PCS,,1641538383256-smart surgimed enterprises nepal-soft lite.png,RECODING,5,7,99763208,157.20035,132,BRAJESHWORI INDUSTRIES-NEPAL,NYANO,NYANO BABY PULL UP PANTS,NYANO BABY PULL UP PANTS-MEDIUM(M) PPH 5 NOS,PLPCH,5.000 NO,,,5.0,NO,100.0
118,2022-01-11,202201,122117535,1641538383256,99762969,132,SMART SURGIMED ENTERPRISES NEPAL,SOFT LITE,SOFT LITE BABY POKO PULLUPS\L 9-14KG\44PCS\SMART SURGIMED ENTERPRISES NEPAL,100,PPH,4PCS,,1641538383256-smart surgimed enterprises nepal-soft lite.png,RECODING,5,8,99764417,159.64142,132,BRAJESHWORI INDUSTRIES-NEPAL,NYANO,NYANO BABY PULL UP PANTS,NYANO BABY PULL UP PANTS-LARGE(L) PPH 4 NOS,PLPCH,4.000 NO,,,4.0,NO,100.0
118,2022-01-11,202201,122117535,1641538383256,99762969,132,SMART SURGIMED ENTERPRISES NEPAL,SOFT LITE,SOFT LITE BABY POKO PULLUPS\L 9-14KG\44PCS\SMART SURGIMED ENTERPRISES NEPAL,100,PPH,4PCS,,1641538383256-smart surgimed enterprises nepal-soft lite.png,RECODING,5,9,99764738,161.62186,132,BRAJESHWORI INDUSTRIES-NEPAL,NYANO,NYANO BABY PULL UP PANTS,NYANO BABY PULL UP PANTS-EXTRA LARGE(XL) PPH 4 NOS,PLPCH,4.000 NO,,,4.0,NO,100.0
118,2022-01-11,202201,122117535,1641538383256,99762969,132,SMART SURGIMED ENTERPRISES NEPAL,SOFT LITE,SOFT LITE BABY POKO PULLUPS\L 9-14KG\44PCS\SMART SURGIMED ENTERPRISES NEPAL,100,PPH,4PCS,,1641538383256-smart surgimed enterprises nepal-soft lite.png,RECODING,5,10,99763075,166.4324,132,BRAJESHWORI INDUSTRIES-NEPAL,TENDER TOUCH,TENDER TOUCH BABY PULL UP PANTS,TENDER TOUCH BABY PULL UP PANTS-LARGE(L) PPH 5 NOS,PLPCH,5.000 NO,,,5.0,NO,100.0
119,2022-01-11,202201,425724410118,1641190905954,99762916,118,RAMRI FOOD & BEVERAGE PVT LTD,RAMRI ,RAMRI/1000/ML/PBT,25,PBT,1000 ML ,,1641190905954-ramri food - beverage pvt ltd-ramri .png,RECODING,5,1,99762916,102.60747,118,RAMRI FOOD & BEVERAGE-NEPAL,RAMRI,RAMRI,PET 1000 ML,PET,1000.000 ML,,,1000.0,ML,25.0
119,2022-01-11,202201,425724410118,1641190905954,99762916,118,RAMRI FOOD & BEVERAGE PVT LTD,RAMRI ,RAMRI/1000/ML/PBT,25,PBT,1000 ML ,,1641190905954-ramri food - beverage pvt ltd-ramri .png,RECODING,5,2,99765154,149.93428,118,S.A.N.S BEVERAGE IND. PVT. LTD.-NPL,KABELI,KABELI,PET 1000 ML,PET,1000.000 ML,,,1000.0,ML,20.0
119,2022-01-11,202201,425724410118,1641190905954,99762916,118,RAMRI FOOD & BEVERAGE PVT LTD,RAMRI ,RAMRI/1000/ML/PBT,25,PBT,1000 ML ,,1641190905954-ramri food - beverage pvt ltd-ramri .png,RECODING,5,3,99765246,150.01532,118,RAJSHREE PRODUCTS PVT. LTD.-NEPAL,AMRIT JAL,AMRIT JAL,PET 1000 ML,PET,1000.000 ML,,,1000.0,ML,25.0
119,2022-01-11,202201,425724410118,1641190905954,99762916,118,RAMRI FOOD & BEVERAGE PVT LTD,RAMRI ,RAMRI/1000/ML/PBT,25,PBT,1000 ML ,,1641190905954-ramri food - beverage pvt ltd-ramri .png,RECODING,5,4,99765378,150.39433,118,KIRAN BEVERAGE NEPAL PVT LTD-NEPAL,NEPAL NEER,NEPAL NEER,PET 1000 ML,PET,1000.000 ML,,,1000.0,ML,25.0
119,2022-01-11,202201,425724410118,1641190905954,99762916,118,RAMRI FOOD & BEVERAGE PVT LTD,RAMRI ,RAMRI/1000/ML/PBT,25,PBT,1000 ML ,,1641190905954-ramri food - beverage pvt ltd-ramri .png,RECODING,5,5,99762562,161.9613,118,AQUA KARANALI AMRIT & BEVERAGE-NP,HIMALI-PANI,HIMALI-PANI,PET 1000 ML,PET,1000.000 ML,,,1000.0,ML,25.0
119,2022-01-11,202201,425724410118,1641190905954,99762916,118,RAMRI FOOD & BEVERAGE PVT LTD,RAMRI ,RAMRI/1000/ML/PBT,25,PBT,1000 ML ,,1641190905954-ramri food - beverage pvt ltd-ramri .png,RECODING,5,6,46050,162.81786,118,PROME AGRO FOOD LTD-BANGLEDESH,PROME,PROME,AAMRAS MANGO PET 250 ML,PET,250.000 ML,MANGO,,250.0,ML,0.0
119,2022-01-11,202201,425724410118,1641190905954,99762916,118,RAMRI FOOD & BEVERAGE PVT LTD,RAMRI ,RAMRI/1000/ML/PBT,25,PBT,1000 ML ,,1641190905954-ramri food - beverage pvt ltd-ramri .png,RECODING,5,7,99762413,164.87674,118,NATIONAL WATER & BEVERAGE PVT LTD-NP,SHIRISH,SHIRISH,PET 1000 ML,PET,1000.000 ML,,,1000.0,ML,20.0
119,2022-01-11,202201,425724410118,1641190905954,99762916,118,RAMRI FOOD & BEVERAGE PVT LTD,RAMRI ,RAMRI/1000/ML/PBT,25,PBT,1000 ML ,,1641190905954-ramri food - beverage pvt ltd-ramri .png,RECODING,5,8,99764990,166.31732,118,ANNAPURNA FOOD & BEVERAGE-NEPL,SOLTINI,SOLTINI,PET 1000 ML,PET,1000.000 ML,,,1000.0,ML,25.0
119,2022-01-11,202201,425724410118,1641190905954,99762916,118,RAMRI FOOD & BEVERAGE PVT LTD,RAMRI ,RAMRI/1000/ML/PBT,25,PBT,1000 ML ,,1641190905954-ramri food - beverage pvt ltd-ramri .png,RECODING,5,9,99763444,166.4086,118,PARLE AGRO PVT LTD-INDIA,FIZZ,FIZZ,MALT PET 250 ML,PET,250.000 ML,MALT,,250.0,ML,30.0
119,2022-01-11,202201,425724410118,1641190905954,99762916,118,RAMRI FOOD & BEVERAGE PVT LTD,RAMRI ,RAMRI/1000/ML/PBT,25,PBT,1000 ML ,,1641190905954-ramri food - beverage pvt ltd-ramri .png,RECODING,5,10,40120496,167.49988,118,SHREE SAIRAM DRINKING WATER PVT LTD-NP,SAIRAM,SAIRAM,PET 1000 ML,PET,1000.000 ML,,,1000.0,ML,0.0
120,2022-01-11,202201,125730187,1641546658179,99762597,123,KARUNA SOAP & CHEMICALS-NEPAL,DHARTI 200 GM,DHARTI\200\GM,40,PPH,200GM,New SKU,1641546658179-karuna soap - chemicals-nepal-dharti 200 gm.png,CROSS CODING,2,1,99762597,24.74522,123,KARUNA SOAP & CHEMICALS-NEPAL,DHARTI,DHARTI,DHARTI-LAUNDRY SOAP PPH 200 GM,PLPCH,200.000 GM,,,200.0,GM,40.0
120,2022-01-11,202201,125730187,1641546658179,99762597,123,KARUNA SOAP & CHEMICALS-NEPAL,DHARTI 200 GM,DHARTI\200\GM,40,PPH,200GM,New SKU,1641546658179-karuna soap - chemicals-nepal-dharti 200 gm.png,CROSS CODING,2,2,54309,30.504591,123,KARUNA SOAP & CHEMICALS-NEPAL,DHARTI,DHARTI,DHARTI-LAUNDRY SOAP PPH 210 GM,PLPCH,210.000 GM,,,210.0,GM,0.0
120,2022-01-11,202201,125730187,1641546658179,99762597,123,KARUNA SOAP & CHEMICALS-NEPAL,DHARTI 200 GM,DHARTI\200\GM,40,PPH,200GM,New SKU,1641546658179-karuna soap - chemicals-nepal-dharti 200 gm.png,CROSS CODING,2,3,52134,30.508398,123,KARUNA SOAP & CHEMICALS-NEPAL,DHARTI,DHARTI,DHARTI-LAUNDRY SOAP PPH 220 GM,PLPCH,220.000 GM,,,220.0,GM,0.0
120,2022-01-11,202201,125730187,1641546658179,99762597,123,KARUNA SOAP & CHEMICALS-NEPAL,DHARTI 200 GM,DHARTI\200\GM,40,PPH,200GM,New SKU,1641546658179-karuna soap - chemicals-nepal-dharti 200 gm.png,CROSS CODING,2,4,53339,31.774124,123,KARUNA SOAP & CHEMICALS-NEPAL,DHARTI,DHARTI,DHARTI-LAUNDRY SOAP PPH 600 GM,PLPCH,600.000 GM,,,600.0,GM,0.0
120,2022-01-11,202201,125730187,1641546658179,99762597,123,KARUNA SOAP & CHEMICALS-NEPAL,DHARTI 200 GM,DHARTI\200\GM,40,PPH,200GM,New SKU,1641546658179-karuna soap - chemicals-nepal-dharti 200 gm.png,CROSS CODING,2,5,99764307,34.6167,123,KARUNA SOAP & CHEMICALS-NEPAL,DHARTI,DHARTI,DHARTI-LAUNDRY SOAP PPH 3*134 GM [400 GM],PLPCH,134.000 GM,,,400.0,GM,100.0
120,2022-01-11,202201,125730187,1641546658179,99762597,123,KARUNA SOAP & CHEMICALS-NEPAL,DHARTI 200 GM,DHARTI\200\GM,40,PPH,200GM,New SKU,1641546658179-karuna soap - chemicals-nepal-dharti 200 gm.png,CROSS CODING,2,6,49500,41.470425,123,KARUNA SOAP & CHEMICALS-NEPAL,DHARTI,DHARTI,DHARTI-UNWRP 250 GMS,UNWRP,250.000 GM,,,250.0,GM,0.0
120,2022-01-11,202201,125730187,1641546658179,99762597,123,KARUNA SOAP & CHEMICALS-NEPAL,DHARTI 200 GM,DHARTI\200\GM,40,PPH,200GM,New SKU,1641546658179-karuna soap - chemicals-nepal-dharti 200 gm.png,CROSS CODING,2,7,49579,42.86508,123,KARUNA SOAP & CHEMICALS-NEPAL,DHARTI,DHARTI,DHARTI-UNWRP 230 GMS,UNWRP,230.000 GM,,,230.0,GM,0.0
120,2022-01-11,202201,125730187,1641546658179,99762597,123,KARUNA SOAP & CHEMICALS-NEPAL,DHARTI 200 GM,DHARTI\200\GM,40,PPH,200GM,New SKU,1641546658179-karuna soap - chemicals-nepal-dharti 200 gm.png,CROSS CODING,2,8,92925412,49.719852,123,KARUNA SOAP & CHEMICALS-NEPAL,DHARTI,DHARTI,DHARTI-UNWRP 1000 GMS,UNWRP,1000.000 GM,,,1000.0,GM,0.0
120,2022-01-11,202201,125730187,1641546658179,99762597,123,KARUNA SOAP & CHEMICALS-NEPAL,DHARTI 200 GM,DHARTI\200\GM,40,PPH,200GM,New SKU,1641546658179-karuna soap - chemicals-nepal-dharti 200 gm.png,CROSS CODING,2,9,93021203,64.46284,123,KARUNA SOAP & CHEMICALS-NEPAL,KARUNA,KARUNA,KARUNA-PPH 1000 GMS,PLPCH,1000.000 GM,,,1000.0,GM,0.0
120,2022-01-11,202201,125730187,1641546658179,99762597,123,KARUNA SOAP & CHEMICALS-NEPAL,DHARTI 200 GM,DHARTI\200\GM,40,PPH,200GM,New SKU,1641546658179-karuna soap - chemicals-nepal-dharti 200 gm.png,CROSS CODING,2,10,99764371,67.89717,123,KARUNA SOAP & CHEMICALS-NEPAL,MANJARI,MANJARI,MANJARI-LAUNDRY SOAP PPH 300 GM,PLPCH,300.000 GM,,,300.0,GM,50.0
121,2022-01-11,202201,131048882,1641793400672,99762970,132,UNICHARM INDIA LTD-INDIA,MAMYPOKO PANTS,MAMYPOKO PANTS\42NOS\PPH\STANDARD CRISSCROSS SHEET,640,PPH,42NOS,,1641793400672-unicharm india ltd-india-mamypoko pants.png,RECODING,5,1,99762970,40.90091,132,UNICHARM INDIA LTD-INDIA,MAMYPOKO PANTS,MAMYPOKO PANTS,MAMYPOKO PANTS-STANDARD-SMALL(S) PPH 42 NOS,PLPCH,42.000 NO,,,42.0,NO,640.0
121,2022-01-11,202201,131048882,1641793400672,99762970,132,UNICHARM INDIA LTD-INDIA,MAMYPOKO PANTS,MAMYPOKO PANTS\42NOS\PPH\STANDARD CRISSCROSS SHEET,640,PPH,42NOS,,1641793400672-unicharm india ltd-india-mamypoko pants.png,RECODING,5,2,99764238,42.55602,132,UNICHARM INDIA LTD-INDIA,MAMYPOKO PANTS,MAMYPOKO PANTS,MAMYPOKO PANTS-STANDARD-MEDIUM(M) PPH 4 NOS,PLPCH,4.000 NO,,,4.0,NO,72.0
121,2022-01-11,202201,131048882,1641793400672,99762970,132,UNICHARM INDIA LTD-INDIA,MAMYPOKO PANTS,MAMYPOKO PANTS\42NOS\PPH\STANDARD CRISSCROSS SHEET,640,PPH,42NOS,,1641793400672-unicharm india ltd-india-mamypoko pants.png,RECODING,5,3,99763653,46.057247,132,UNICHARM INDIA LTD-INDIA,MAMYPOKO PANTS,MAMYPOKO PANTS,MAMYPOKO PANTS-STANDARD-LARGE(L) PPH 44 NOS,PLPCH,44.000 NO,,,44.0,NO,1190.0
121,2022-01-11,202201,131048882,1641793400672,99762970,132,UNICHARM INDIA LTD-INDIA,MAMYPOKO PANTS,MAMYPOKO PANTS\42NOS\PPH\STANDARD CRISSCROSS SHEET,640,PPH,42NOS,,1641793400672-unicharm india ltd-india-mamypoko pants.png,RECODING,5,4,99763586,46.344162,132,UNICHARM INDIA LTD-INDIA,MAMYPOKO PANTS,MAMYPOKO PANTS,MAMYPOKO PANTS-STANDARD-SMALL(S) PPH 22 NOS,PLPCH,22.000 NO,,,22.0,NO,320.0
121,2022-01-11,202201,131048882,1641793400672,99762970,132,UNICHARM INDIA LTD-INDIA,MAMYPOKO PANTS,MAMYPOKO PANTS\42NOS\PPH\STANDARD CRISSCROSS SHEET,640,PPH,42NOS,,1641793400672-unicharm india ltd-india-mamypoko pants.png,RECODING,5,5,99763492,46.784313,132,UNICHARM INDIA LTD-INDIA,MAMYPOKO PANTS,MAMYPOKO PANTS,MAMYPOKO PANTS-STANDARD-SMALL(S) PPH 4 NOS,PLPCH,4.000 NO,,,4.0,NO,58.0
121,2022-01-11,202201,131048882,1641793400672,99762970,132,UNICHARM INDIA LTD-INDIA,MAMYPOKO PANTS,MAMYPOKO PANTS\42NOS\PPH\STANDARD CRISSCROSS SHEET,640,PPH,42NOS,,1641793400672-unicharm india ltd-india-mamypoko pants.png,RECODING,5,6,99763360,47.34698,132,UNICHARM INDIA LTD-INDIA,MAMYPOKO PANTS,MAMYPOKO PANTS,MAMYPOKO PANTS-STANDARD-LARGE(L) PPH 30 NOS,PLPCH,30.000 NO,,,30.0,NO,640.0
121,2022-01-11,202201,131048882,1641793400672,99762970,132,UNICHARM INDIA LTD-INDIA,MAMYPOKO PANTS,MAMYPOKO PANTS\42NOS\PPH\STANDARD CRISSCROSS SHEET,640,PPH,42NOS,,1641793400672-unicharm india ltd-india-mamypoko pants.png,RECODING,5,7,99763663,47.6727,132,UNICHARM INDIA LTD-INDIA,MAMYPOKO PANTS,MAMYPOKO PANTS,MAMYPOKO PANTS-STANDARD-SMALL(S) PPH 11 NOS,PLPCH,11.000 NO,,,11.0,NO,160.0
121,2022-01-11,202201,131048882,1641793400672,99762970,132,UNICHARM INDIA LTD-INDIA,MAMYPOKO PANTS,MAMYPOKO PANTS\42NOS\PPH\STANDARD CRISSCROSS SHEET,640,PPH,42NOS,,1641793400672-unicharm india ltd-india-mamypoko pants.png,RECODING,5,8,99764120,49.761063,132,UNICHARM INDIA LTD-INDIA,MAMYPOKO PANTS,MAMYPOKO PANTS,MAMYPOKO PANTS-STANDARD-SMALL(S) PPH 10 NOS,PLPCH,10.000 NO,,,10.0,NO,160.0
121,2022-01-11,202201,131048882,1641793400672,99762970,132,UNICHARM INDIA LTD-INDIA,MAMYPOKO PANTS,MAMYPOKO PANTS\42NOS\PPH\STANDARD CRISSCROSS SHEET,640,PPH,42NOS,,1641793400672-unicharm india ltd-india-mamypoko pants.png,RECODING,5,9,99763493,50.648693,132,UNICHARM INDIA LTD-INDIA,MAMYPOKO PANTS,MAMYPOKO PANTS,MAMYPOKO PANTS-STANDARD-LARGE(L) PPH 8 NOS,PLPCH,8.000 NO,,,8.0,NO,152.0
121,2022-01-11,202201,131048882,1641793400672,99762970,132,UNICHARM INDIA LTD-INDIA,MAMYPOKO PANTS,MAMYPOKO PANTS\42NOS\PPH\STANDARD CRISSCROSS SHEET,640,PPH,42NOS,,1641793400672-unicharm india ltd-india-mamypoko pants.png,RECODING,5,10,99763331,56.47741,132,UNICHARM INDIA LTD-INDIA,MAMYPOKO PANTS,MAMYPOKO PANTS,MAMYPOKO PANTS-EXTRA ABSORB-MEDIUM(M) PPH 46 NOS,PLPCH,46.000 NO,,,46.0,NO,900.0
122,2022-01-12,202201,425723810105,1641882600767,99762998,132,JASMINE HYGIENIC - NEPAL,SOFT LOVE,SOFT LOVE/4+1/PCS/M/AIZE/PPH,100,PPH,MEDIUM SIZE,,1641882600767-jasmine hygienic - nepal-soft love.png,RECODING,5,1,99762998,84.23165,132,JASMINE HYGIENIC - NEPAL,SOFTLOVE,SOFTLOVE,SOFTLOVE-PANT STYLE DIAPER MEDIUM(M) PPH 4+1NOS,PLPCH,4.000 NO,,,5.0,NO,100.0
122,2022-01-12,202201,425723810105,1641882600767,99762998,132,JASMINE HYGIENIC - NEPAL,SOFT LOVE,SOFT LOVE/4+1/PCS/M/AIZE/PPH,100,PPH,MEDIUM SIZE,,1641882600767-jasmine hygienic - nepal-soft love.png,RECODING,5,2,99762999,94.05853,132,JASMINE HYGIENIC - NEPAL,SOFTLOVE,SOFTLOVE,SOFTLOVE-PANT STYLE DIAPER LARGE(L) PPH 4+1NOS,PLPCH,4.000 NO,,,5.0,NO,100.0
122,2022-01-12,202201,425723810105,1641882600767,99762998,132,JASMINE HYGIENIC - NEPAL,SOFT LOVE,SOFT LOVE/4+1/PCS/M/AIZE/PPH,100,PPH,MEDIUM SIZE,,1641882600767-jasmine hygienic - nepal-soft love.png,RECODING,5,3,99763457,100.754845,132,JASMINE HYGIENIC - NEPAL,SOFT & DRY,SOFT & DRY,SOFT & DRY-PREMIUM PANTS MEDIUM (M) PPH 5 NOS,PLPCH,5.000 NO,,,5.0,NO,100.0
122,2022-01-12,202201,425723810105,1641882600767,99762998,132,JASMINE HYGIENIC - NEPAL,SOFT LOVE,SOFT LOVE/4+1/PCS/M/AIZE/PPH,100,PPH,MEDIUM SIZE,,1641882600767-jasmine hygienic - nepal-soft love.png,RECODING,5,4,99762913,104.83374,132,JASMINE HYGIENIC - NEPAL,SOFT & DRY,SOFT & DRY,SOFT & DRY-PREMIUM PANTS SMALL (S) PPH 5 NOS,PLPCH,5.000 NO,,,5.0,NO,80.0
122,2022-01-12,202201,425723810105,1641882600767,99762998,132,JASMINE HYGIENIC - NEPAL,SOFT LOVE,SOFT LOVE/4+1/PCS/M/AIZE/PPH,100,PPH,MEDIUM SIZE,,1641882600767-jasmine hygienic - nepal-soft love.png,RECODING,5,5,99763036,108.03087,132,JASMINE HYGIENIC - NEPAL,SOFT & DRY,SOFT & DRY,SOFT & DRY-PREMIUM PANTS LARGE (L) PPH 4 NOS,PLPCH,4.000 NO,,,4.0,NO,100.0
122,2022-01-12,202201,425723810105,1641882600767,99762998,132,JASMINE HYGIENIC - NEPAL,SOFT LOVE,SOFT LOVE/4+1/PCS/M/AIZE/PPH,100,PPH,MEDIUM SIZE,,1641882600767-jasmine hygienic - nepal-soft love.png,RECODING,5,6,99763859,110.25606,132,JASMINE HYGIENIC - NEPAL,SOFT & DRY,SOFT & DRY,SOFT & DRY-PREMIUM PANTS SMALL (S) PPH 60 NOS,PLPCH,60.000 NO,,,60.0,NO,999.0
122,2022-01-12,202201,425723810105,1641882600767,99762998,132,JASMINE HYGIENIC - NEPAL,SOFT LOVE,SOFT LOVE/4+1/PCS/M/AIZE/PPH,100,PPH,MEDIUM SIZE,,1641882600767-jasmine hygienic - nepal-soft love.png,RECODING,5,7,99764896,113.1932,132,JASMINE HYGIENIC - NEPAL,SOFT & DRY,SOFT & DRY,SOFT & DRY-PREMIUM PANTS EXTRA LARGE (XL) PPH 4 NOS,PLPCH,4.000 NO,,,4.0,NO,100.0
122,2022-01-12,202201,425723810105,1641882600767,99762998,132,JASMINE HYGIENIC - NEPAL,SOFT LOVE,SOFT LOVE/4+1/PCS/M/AIZE/PPH,100,PPH,MEDIUM SIZE,,1641882600767-jasmine hygienic - nepal-soft love.png,RECODING,5,8,99762688,114.935196,132,JASMINE HYGIENIC - NEPAL,CUDDLERS,CUDDLERS PANTS,CUDDLERS PANTS-OVERNITES MEDIUM (M) PPH 5 NOS,PLPCH,5.000 NO,,,5.0,NO,100.0
122,2022-01-12,202201,425723810105,1641882600767,99762998,132,JASMINE HYGIENIC - NEPAL,SOFT LOVE,SOFT LOVE/4+1/PCS/M/AIZE/PPH,100,PPH,MEDIUM SIZE,,1641882600767-jasmine hygienic - nepal-soft love.png,RECODING,5,9,99763330,117.93979,132,JASMINE HYGIENIC - NEPAL,CUDDLERS,CUDDLERS PANTS HERBAL,CUDDLERS PANTS HERBAL-MEDIUM(M) PPH 5 NOS,PLPCH,5.000 NO,,,5.0,NO,100.0
122,2022-01-12,202201,425723810105,1641882600767,99762998,132,JASMINE HYGIENIC - NEPAL,SOFT LOVE,SOFT LOVE/4+1/PCS/M/AIZE/PPH,100,PPH,MEDIUM SIZE,,1641882600767-jasmine hygienic - nepal-soft love.png,RECODING,5,10,99762911,118.55878,132,JASMINE HYGIENIC - NEPAL,CUDDLERS,CUDDLERS PANTS,CUDDLERS PANTS-OVERNITES MEDIUM (M) PPH 52 NOS,PLPCH,52.000 NO,,,52.0,NO,950.0
123,2022-01-12,202201,425723810130,1641881519426,99762988,122,CHIRANJIVI DETERGENT & SOAP-NP,STARJET GHADI,STARJET GHADI/2500/GM/PPH/,220,PPH,2500 GM,,1641881519426-chiranjivi detergent - soap-np-starjet ghadi.png,RECODING,5,1,99762988,8.670706,122,CHIRANJIVI DETERGENT & SOAP-NP,STARJET GHADI,STARJET GHADI,STARJET GHADI-DETERGENT POWD PPH 2500G,PLPCH,2500.000 GM,,,2500.0,GM,220.0
123,2022-01-12,202201,425723810130,1641881519426,99762988,122,CHIRANJIVI DETERGENT & SOAP-NP,STARJET GHADI,STARJET GHADI/2500/GM/PPH/,220,PPH,2500 GM,,1641881519426-chiranjivi detergent - soap-np-starjet ghadi.png,RECODING,5,2,99762425,10.946371,122,CHIRANJIVI DETERGENT & SOAP-NP,STARJET GHADI,STARJET GHADI,STARJET GHADI-DETERGENT POWD PPH 225 GM,PLPCH,225.000 GM,,,225.0,GM,20.0
123,2022-01-12,202201,425723810130,1641881519426,99762988,122,CHIRANJIVI DETERGENT & SOAP-NP,STARJET GHADI,STARJET GHADI/2500/GM/PPH/,220,PPH,2500 GM,,1641881519426-chiranjivi detergent - soap-np-starjet ghadi.png,RECODING,5,3,99762519,12.284105,122,CHIRANJIVI DETERGENT & SOAP-NP,STARJET GHADI,STARJET GHADI,STARJET GHADI-DETERGENT POWD PPH 180 GM,PLPCH,180.000 GM,,,180.0,GM,20.0
123,2022-01-12,202201,425723810130,1641881519426,99762988,122,CHIRANJIVI DETERGENT & SOAP-NP,STARJET GHADI,STARJET GHADI/2500/GM/PPH/,220,PPH,2500 GM,,1641881519426-chiranjivi detergent - soap-np-starjet ghadi.png,RECODING,5,4,99762426,12.371119,122,CHIRANJIVI DETERGENT & SOAP-NP,STARJET GHADI,STARJET GHADI,STARJET GHADI-DETERGENT POWD PPH 500 GM,PLPCH,500.000 GM,,,500.0,GM,50.0
123,2022-01-12,202201,425723810130,1641881519426,99762988,122,CHIRANJIVI DETERGENT & SOAP-NP,STARJET GHADI,STARJET GHADI/2500/GM/PPH/,220,PPH,2500 GM,,1641881519426-chiranjivi detergent - soap-np-starjet ghadi.png,RECODING,5,5,99762629,12.94013,122,CHIRANJIVI DETERGENT & SOAP-NP,STARJET GHADI,STARJET GHADI,STARJET GHADI-DETERGENT POWD PPH 550 GM,PLPCH,550.000 GM,,,550.0,GM,50.0
123,2022-01-12,202201,425723810130,1641881519426,99762988,122,CHIRANJIVI DETERGENT & SOAP-NP,STARJET GHADI,STARJET GHADI/2500/GM/PPH/,220,PPH,2500 GM,,1641881519426-chiranjivi detergent - soap-np-starjet ghadi.png,RECODING,5,6,53849,12.94944,122,CHIRANJIVI DETERGENT & SOAP-NP,STARJET GHADI,STARJET GHADI,STARJET GHADI-DETERGENT POWD PPH 1000G,PLPCH,1000.000 GM,,,1000.0,GM,0.0
123,2022-01-12,202201,425723810130,1641881519426,99762988,122,CHIRANJIVI DETERGENT & SOAP-NP,STARJET GHADI,STARJET GHADI/2500/GM/PPH/,220,PPH,2500 GM,,1641881519426-chiranjivi detergent - soap-np-starjet ghadi.png,RECODING,5,7,45705,90.08253,122,CHIRANJIVI DETERGENT & SOAP-NP,MANJU SHREE,MANJU SHREE,MANJU SHREE-PPH 250 GMS,PLPCH,250.000 GM,,,250.0,GM,0.0
123,2022-01-12,202201,425723810130,1641881519426,99762988,122,CHIRANJIVI DETERGENT & SOAP-NP,STARJET GHADI,STARJET GHADI/2500/GM/PPH/,220,PPH,2500 GM,,1641881519426-chiranjivi detergent - soap-np-starjet ghadi.png,RECODING,5,8,99763399,90.618996,122,CHIRANJIVI DETERGENT & SOAP-NP,MANJU SHREE,MANJU SHREE,MANJU SHREE-PPH 900 GM,PLPCH,900.000 GM,,,900.0,GM,70.0
123,2022-01-12,202201,425723810130,1641881519426,99762988,122,CHIRANJIVI DETERGENT & SOAP-NP,STARJET GHADI,STARJET GHADI/2500/GM/PPH/,220,PPH,2500 GM,,1641881519426-chiranjivi detergent - soap-np-starjet ghadi.png,RECODING,5,9,48379,91.29068,122,CHIRANJIVI DETERGENT & SOAP-NP,MANJU SHREE,MANJU SHREE,MANJU SHREE-PPH 650 GMS,PLPCH,650.000 GM,,,650.0,GM,0.0
123,2022-01-12,202201,425723810130,1641881519426,99762988,122,CHIRANJIVI DETERGENT & SOAP-NP,STARJET GHADI,STARJET GHADI/2500/GM/PPH/,220,PPH,2500 GM,,1641881519426-chiranjivi detergent - soap-np-starjet ghadi.png,RECODING,5,10,46665,91.88605,122,CHIRANJIVI DETERGENT & SOAP-NP,MANJU SHREE,MANJU SHREE,MANJU SHREE-PPH 700 GM,PLPCH,700.000 GM,,,700.0,GM,0.0
124,2022-01-12,202201,425723810130,1641881183767,99762999,132,JASMINE HYGIENIC - NEPAL,SOFT LOVE,SOFT LOVE/4+1/PCS/L/SIZE/PPH,100,PPH,LARGE SIZE,,1641881183767-jasmine hygienic - nepal-soft love.png,RECODING,5,1,99762999,84.771225,132,JASMINE HYGIENIC - NEPAL,SOFTLOVE,SOFTLOVE,SOFTLOVE-PANT STYLE DIAPER LARGE(L) PPH 4+1NOS,PLPCH,4.000 NO,,,5.0,NO,100.0
124,2022-01-12,202201,425723810130,1641881183767,99762999,132,JASMINE HYGIENIC - NEPAL,SOFT LOVE,SOFT LOVE/4+1/PCS/L/SIZE/PPH,100,PPH,LARGE SIZE,,1641881183767-jasmine hygienic - nepal-soft love.png,RECODING,5,2,99762998,97.42233,132,JASMINE HYGIENIC - NEPAL,SOFTLOVE,SOFTLOVE,SOFTLOVE-PANT STYLE DIAPER MEDIUM(M) PPH 4+1NOS,PLPCH,4.000 NO,,,5.0,NO,100.0
124,2022-01-12,202201,425723810130,1641881183767,99762999,132,JASMINE HYGIENIC - NEPAL,SOFT LOVE,SOFT LOVE/4+1/PCS/L/SIZE/PPH,100,PPH,LARGE SIZE,,1641881183767-jasmine hygienic - nepal-soft love.png,RECODING,5,3,99763036,99.025894,132,JASMINE HYGIENIC - NEPAL,SOFT & DRY,SOFT & DRY,SOFT & DRY-PREMIUM PANTS LARGE (L) PPH 4 NOS,PLPCH,4.000 NO,,,4.0,NO,100.0
124,2022-01-12,202201,425723810130,1641881183767,99762999,132,JASMINE HYGIENIC - NEPAL,SOFT LOVE,SOFT LOVE/4+1/PCS/L/SIZE/PPH,100,PPH,LARGE SIZE,,1641881183767-jasmine hygienic - nepal-soft love.png,RECODING,5,4,99764896,102.75743,132,JASMINE HYGIENIC - NEPAL,SOFT & DRY,SOFT & DRY,SOFT & DRY-PREMIUM PANTS EXTRA LARGE (XL) PPH 4 NOS,PLPCH,4.000 NO,,,4.0,NO,100.0
124,2022-01-12,202201,425723810130,1641881183767,99762999,132,JASMINE HYGIENIC - NEPAL,SOFT LOVE,SOFT LOVE/4+1/PCS/L/SIZE/PPH,100,PPH,LARGE SIZE,,1641881183767-jasmine hygienic - nepal-soft love.png,RECODING,5,5,99763609,109.03758,132,JASMINE HYGIENIC - NEPAL,SOFT & DRY,SOFT & DRY,SOFT & DRY-PREMIUM PANTS LARGE (L) PPH 46 NOS,PLPCH,46.000 NO,,,46.0,NO,999.0
124,2022-01-12,202201,425723810130,1641881183767,99762999,132,JASMINE HYGIENIC - NEPAL,SOFT LOVE,SOFT LOVE/4+1/PCS/L/SIZE/PPH,100,PPH,LARGE SIZE,,1641881183767-jasmine hygienic - nepal-soft love.png,RECODING,5,6,99762913,109.14254,132,JASMINE HYGIENIC - NEPAL,SOFT & DRY,SOFT & DRY,SOFT & DRY-PREMIUM PANTS SMALL (S) PPH 5 NOS,PLPCH,5.000 NO,,,5.0,NO,80.0
124,2022-01-12,202201,425723810130,1641881183767,99762999,132,JASMINE HYGIENIC - NEPAL,SOFT LOVE,SOFT LOVE/4+1/PCS/L/SIZE/PPH,100,PPH,LARGE SIZE,,1641881183767-jasmine hygienic - nepal-soft love.png,RECODING,5,7,99764405,111.22544,132,JASMINE HYGIENIC - NEPAL,CUDDLERS,CUDDLERS PANTS,CUDDLERS PANTS-OVERNITES LARGE(L) PPH 4 NOS,PLPCH,4.000 NO,,,4.0,NO,100.0
124,2022-01-12,202201,425723810130,1641881183767,99762999,132,JASMINE HYGIENIC - NEPAL,SOFT LOVE,SOFT LOVE/4+1/PCS/L/SIZE/PPH,100,PPH,LARGE SIZE,,1641881183767-jasmine hygienic - nepal-soft love.png,RECODING,5,8,99762657,111.23959,132,JASMINE HYGIENIC - NEPAL,CUDDLERS,CUDDLERS PANTS,CUDDLERS PANTS-OVERNITES LARGE(L) PPH 5 NOS,PLPCH,5.000 NO,,,5.0,NO,100.0
124,2022-01-12,202201,425723810130,1641881183767,99762999,132,JASMINE HYGIENIC - NEPAL,SOFT LOVE,SOFT LOVE/4+1/PCS/L/SIZE/PPH,100,PPH,LARGE SIZE,,1641881183767-jasmine hygienic - nepal-soft love.png,RECODING,5,9,99762623,112.00728,132,JASMINE HYGIENIC - NEPAL,CUDDLERS,CUDDLERS PANTS,CUDDLERS PANTS-OVERNITES EXTRA LARGE(XL) PPH 4 NOS,PLPCH,4.000 NO,,,4.0,NO,100.0
124,2022-01-12,202201,425723810130,1641881183767,99762999,132,JASMINE HYGIENIC - NEPAL,SOFT LOVE,SOFT LOVE/4+1/PCS/L/SIZE/PPH,100,PPH,LARGE SIZE,,1641881183767-jasmine hygienic - nepal-soft love.png,RECODING,5,10,99762705,112.25996,132,JASMINE HYGIENIC - NEPAL,CUDDLERS,CUDDLERS PANTS,CUDDLERS PANTS-SOFT & DRY LARGE(L) PPH 4 NOS,PLPCH,4.000 NO,,,4.0,NO,80.0
125,2022-01-12,202201,121565189,1641885655371,99762978,112,RIGHT INTL TRADERS PVT LTD-NEPAL ,FABVITA,FABVITA,300,PBT,500GM,,1641885655371-right intl traders pvt ltd-nepal -fabvita.png,RECODING,5,1,99762978,79.824425,112,RIGHT INTERNATIONAL TRADERS-NEPAL,FABVITA,FABVITA,FABVITA-REGULAR PCN 500 GM,PLJAR,500.000 GM,,,500.0,GM,300.0
125,2022-01-12,202201,121565189,1641885655371,99762978,112,RIGHT INTL TRADERS PVT LTD-NEPAL ,FABVITA,FABVITA,300,PBT,500GM,,1641885655371-right intl traders pvt ltd-nepal -fabvita.png,RECODING,5,2,51197,209.28044,112,MONDELEZ INDIA PVT LTD -INDIA,BOURNVITA,BOURNVITA,BOURNVITA-TN SKTI MN SHKT PCN 500 GM+75G PPH FRE,PLJAR,500.000 GM,,,500.0,GM,0.0
125,2022-01-12,202201,121565189,1641885655371,99762978,112,RIGHT INTL TRADERS PVT LTD-NEPAL ,FABVITA,FABVITA,300,PBT,500GM,,1641885655371-right intl traders pvt ltd-nepal -fabvita.png,RECODING,5,3,50923,211.31384,112,MONDELEZ INDIA PVT LTD -INDIA,BOURNVITA,BOURNVITA,BOURNVITA-TN KI SKTI MN SHKT PCN 500 GM,PLJAR,500.000 GM,,,500.0,GM,0.0
125,2022-01-12,202201,121565189,1641885655371,99762978,112,RIGHT INTL TRADERS PVT LTD-NEPAL ,FABVITA,FABVITA,300,PBT,500GM,,1641885655371-right intl traders pvt ltd-nepal -fabvita.png,RECODING,5,4,91462097,215.76773,112,MONDELEZ INDIA PVT LTD -INDIA,BOURNVITA,BOURNVITA,BOURNVITA-CHOC PCN 500G+2N OREO ORANG CR BISCIT 60G,PLJAR,500.000 GM,,,500.0,GM,0.0
125,2022-01-12,202201,121565189,1641885655371,99762978,112,RIGHT INTL TRADERS PVT LTD-NEPAL ,FABVITA,FABVITA,300,PBT,500GM,,1641885655371-right intl traders pvt ltd-nepal -fabvita.png,RECODING,5,5,91460257,217.99826,112,MONDELEZ INDIA PVT LTD -INDIA,BOURNVITA,BOURNVITA,BOURNVITA-CHOC PCN 500G+FLYNGCOMBTCHOPER,PLJAR,500.000 GM,,,500.0,GM,0.0
125,2022-01-12,202201,121565189,1641885655371,99762978,112,RIGHT INTL TRADERS PVT LTD-NEPAL ,FABVITA,FABVITA,300,PBT,500GM,,1641885655371-right intl traders pvt ltd-nepal -fabvita.png,RECODING,5,6,53628,218.25314,112,MONDELEZ INDIA PVT LTD -INDIA,BOURNVITA,BOURNVITA,BOURNVITA-TANN SKTI MANN SHAKTI PCN 200 GM,PLJAR,200.000 GM,,,200.0,GM,0.0
125,2022-01-12,202201,121565189,1641885655371,99762978,112,RIGHT INTL TRADERS PVT LTD-NEPAL ,FABVITA,FABVITA,300,PBT,500GM,,1641885655371-right intl traders pvt ltd-nepal -fabvita.png,RECODING,5,7,51556,218.84976,112,MONDELEZ INDIA PVT LTD -INDIA,BOURNVITA,BOURNVITA LIL CHAMPS,BOURNVITA LIL CHAMPS-TN KI SKTI MN KI SHKTI PCN 500 GM,PLJAR,500.000 GM,,,500.0,GM,0.0
125,2022-01-12,202201,121565189,1641885655371,99762978,112,RIGHT INTL TRADERS PVT LTD-NEPAL ,FABVITA,FABVITA,300,PBT,500GM,,1641885655371-right intl traders pvt ltd-nepal -fabvita.png,RECODING,5,8,91460996,225.59842,112,MONDELEZ INDIA PVT LTD -INDIA,BOURNVITA,BOURNVITA,BOURNVITA-CHOC PCN 500G+YOUNG ACHIEVERS HAND BOOKS,PLJAR,500.000 GM,,,500.0,GM,0.0
125,2022-01-12,202201,121565189,1641885655371,99762978,112,RIGHT INTL TRADERS PVT LTD-NEPAL ,FABVITA,FABVITA,300,PBT,500GM,,1641885655371-right intl traders pvt ltd-nepal -fabvita.png,RECODING,5,9,91462399,230.21812,112,MONDELEZ INDIA PVT LTD -INDIA,BOURNVITA,BOURNVITA,BOURNVITA-CHOC PCN 500G+75GM BOURNVITA SACHET FREE,PLJAR,500.000 GM,,,500.0,GM,0.0
125,2022-01-12,202201,121565189,1641885655371,99762978,112,RIGHT INTL TRADERS PVT LTD-NEPAL ,FABVITA,FABVITA,300,PBT,500GM,,1641885655371-right intl traders pvt ltd-nepal -fabvita.png,RECODING,5,10,91461675,231.33324,112,MONDELEZ INDIA PVT LTD -INDIA,BOURNVITA,BOURNVITA,BOURNVITA-CHOC PCN 500G+OREO BISCUIT 137.2 GM,PLJAR,500.000 GM,,,500.0,GM,0.0
126,2022-01-12,202112,131558772,1640854266905,99762895,118,AQUA NEPAL BISLERI-NEPAL,HAYAT,AQUA ABE HAYAT PBT 1000 ML,25,PBT,1000 ML,Any other reason,1640854266905-aqua nepal bisleri-nepal-hayat.png,RECODING,5,1,99762895,35.02705,118,AQUA NEPAL BISLERI-NEPAL,AQUA ABE HAYAT,AQUA ABE HAYAT,PET 1000 ML,PET,1000.000 ML,,,1000.0,ML,25.0
126,2022-01-12,202112,131558772,1640854266905,99762895,118,AQUA NEPAL BISLERI-NEPAL,HAYAT,AQUA ABE HAYAT PBT 1000 ML,25,PBT,1000 ML,Any other reason,1640854266905-aqua nepal bisleri-nepal-hayat.png,RECODING,5,2,40111004,103.781876,118,BISLERI NEPAL PVT. LTD.- NEPAL,BISLERI,BISLERI,PET 1000 ML,PET,1000.000 ML,,,1000.0,ML,0.0
126,2022-01-12,202112,131558772,1640854266905,99762895,118,AQUA NEPAL BISLERI-NEPAL,HAYAT,AQUA ABE HAYAT PBT 1000 ML,25,PBT,1000 ML,Any other reason,1640854266905-aqua nepal bisleri-nepal-hayat.png,RECODING,5,3,40111005,104.112114,118,BISLERI NEPAL PVT. LTD.- NEPAL,BISLERI,BISLERI,PET 2000 ML,PET,2000.000 ML,,,2000.0,ML,0.0
126,2022-01-12,202112,131558772,1640854266905,99762895,118,AQUA NEPAL BISLERI-NEPAL,HAYAT,AQUA ABE HAYAT PBT 1000 ML,25,PBT,1000 ML,Any other reason,1640854266905-aqua nepal bisleri-nepal-hayat.png,RECODING,5,4,40110810,107.22275,118,AQUA SUNDARI PVT LTD-NEPAL,AQUA DB,AQUA DB,PET 1000 ML,PET,1000.000 ML,,,1000.0,ML,0.0
126,2022-01-12,202112,131558772,1640854266905,99762895,118,AQUA NEPAL BISLERI-NEPAL,HAYAT,AQUA ABE HAYAT PBT 1000 ML,25,PBT,1000 ML,Any other reason,1640854266905-aqua nepal bisleri-nepal-hayat.png,RECODING,5,5,40123908,111.44461,118,BIRATNEER JAL UDHYOG-NEPAL,PARIS AQUA,PARIS AQUA,PET 1000 ML,PET,1000.000 ML,,,1000.0,ML,0.0
126,2022-01-12,202112,131558772,1640854266905,99762895,118,AQUA NEPAL BISLERI-NEPAL,HAYAT,AQUA ABE HAYAT PBT 1000 ML,25,PBT,1000 ML,Any other reason,1640854266905-aqua nepal bisleri-nepal-hayat.png,RECODING,5,6,40111006,112.10656,118,BISLERI NEPAL PVT. LTD.- NEPAL,BISLERI,BISLERI,PET 500 ML,PET,500.000 ML,,,500.0,ML,0.0
126,2022-01-12,202112,131558772,1640854266905,99762895,118,AQUA NEPAL BISLERI-NEPAL,HAYAT,AQUA ABE HAYAT PBT 1000 ML,25,PBT,1000 ML,Any other reason,1640854266905-aqua nepal bisleri-nepal-hayat.png,RECODING,5,7,40121664,112.410355,118,AQUA SMART SPRING WATER-NEPAL,AQUA BISLE,AQUA BISLE,PET 1000 ML,PET,1000.000 ML,,,1000.0,ML,0.0
126,2022-01-12,202112,131558772,1640854266905,99762895,118,AQUA NEPAL BISLERI-NEPAL,HAYAT,AQUA ABE HAYAT PBT 1000 ML,25,PBT,1000 ML,Any other reason,1640854266905-aqua nepal bisleri-nepal-hayat.png,RECODING,5,8,50790,112.61716,118,AQUA NEPAL BISLERI-NEPAL,GOOD DRINKS,GOOD DRINKS,PET 1000 ML,PET,1000.000 ML,,,1000.0,ML,0.0
126,2022-01-12,202112,131558772,1640854266905,99762895,118,AQUA NEPAL BISLERI-NEPAL,HAYAT,AQUA ABE HAYAT PBT 1000 ML,25,PBT,1000 ML,Any other reason,1640854266905-aqua nepal bisleri-nepal-hayat.png,RECODING,5,9,52253,112.91432,118,PASHUPATI AQUA INDS-NEPAL,SATYAM,SATYAM,PET 1000 ML,PET,1000.000 ML,,,1000.0,ML,0.0
126,2022-01-12,202112,131558772,1640854266905,99762895,118,AQUA NEPAL BISLERI-NEPAL,HAYAT,AQUA ABE HAYAT PBT 1000 ML,25,PBT,1000 ML,Any other reason,1640854266905-aqua nepal bisleri-nepal-hayat.png,RECODING,5,10,40110724,113.97952,118,NIRBESHWOR WATER IND-NEPAL,AQUA 4-U,AQUA 4-U,PET 1000 ML,PET,1000.000 ML,,,1000.0,ML,0.0
127,2022-01-12,202201,124768422,1640676811319,99762902,123,NEPAL GRAMODHYOG PVT LTD-NP,NEPAL GRAMODHYOG HERB YUKT,NEPAL GRAMODHYOG HERB YUKT\150\GM,20,PPH,150GM,New SKU,1640676811319-nepal gramodhyog pvt ltd-np-nepal gramodhyog herb yukt.png,RECODING,5,1,99762902,32.753155,123,NEPAL GRAMODHYOG PVT LTD-NP,NEPAL GRAMODHYOG,NEPAL GRAMODHYOG HERB YUKT,NEPAL GRAMODHYOG HERB YUKT-ASH & LEMON PPH 150 GM,PLPCH,150.000 GM,,,150.0,GM,20.0
127,2022-01-12,202201,124768422,1640676811319,99762902,123,NEPAL GRAMODHYOG PVT LTD-NP,NEPAL GRAMODHYOG HERB YUKT,NEPAL GRAMODHYOG HERB YUKT\150\GM,20,PPH,150GM,New SKU,1640676811319-nepal gramodhyog pvt ltd-np-nepal gramodhyog herb yukt.png,RECODING,5,2,50345,32.953136,123,NEPAL GRAMODHYOG PVT LTD-NP,NEPAL GRAMODHYOG,NEPAL GRAMODHYOG,NEPAL GRAMODHYOG-HERB YUKT EWP 280 GM,EWRPK,280.000 GM,,,280.0,GM,0.0
127,2022-01-12,202201,124768422,1640676811319,99762902,123,NEPAL GRAMODHYOG PVT LTD-NP,NEPAL GRAMODHYOG HERB YUKT,NEPAL GRAMODHYOG HERB YUKT\150\GM,20,PPH,150GM,New SKU,1640676811319-nepal gramodhyog pvt ltd-np-nepal gramodhyog herb yukt.png,RECODING,5,3,51834,35.343513,123,NEPAL GRAMODHYOG PVT LTD-NP,NEPAL GRAMODHYOG,NEPAL GRAMODHYOG,NEPAL GRAMODHYOG-HERB YUKT EWP 250 GM DTRGN CAK,EWRPK,250.000 GM,,,250.0,GM,0.0
127,2022-01-12,202201,124768422,1640676811319,99762902,123,NEPAL GRAMODHYOG PVT LTD-NP,NEPAL GRAMODHYOG HERB YUKT,NEPAL GRAMODHYOG HERB YUKT\150\GM,20,PPH,150GM,New SKU,1640676811319-nepal gramodhyog pvt ltd-np-nepal gramodhyog herb yukt.png,RECODING,5,4,99762991,38.068253,123,NEPAL GRAMODHYOG PVT LTD-NP,NEPAL GRAMODHYOG,NEPAL GRAMODHYOG,NEPAL GRAMODHYOG-HERB YUKTA EWP 90 GM,EWRPK,90.000 GM,,,90.0,GM,10.0
127,2022-01-12,202201,124768422,1640676811319,99762902,123,NEPAL GRAMODHYOG PVT LTD-NP,NEPAL GRAMODHYOG HERB YUKT,NEPAL GRAMODHYOG HERB YUKT\150\GM,20,PPH,150GM,New SKU,1640676811319-nepal gramodhyog pvt ltd-np-nepal gramodhyog herb yukt.png,RECODING,5,5,99763034,38.723557,123,NEPAL GRAMODHYOG PVT LTD-NP,NEPAL GRAMODHYOG,NEPAL GRAMODHYOG HERB YUKT,NEPAL GRAMODHYOG HERB YUKT-ASH & LEMON PPH 200 GM,PLPCH,200.000 GM,,,200.0,GM,22.0
127,2022-01-12,202201,124768422,1640676811319,99762902,123,NEPAL GRAMODHYOG PVT LTD-NP,NEPAL GRAMODHYOG HERB YUKT,NEPAL GRAMODHYOG HERB YUKT\150\GM,20,PPH,150GM,New SKU,1640676811319-nepal gramodhyog pvt ltd-np-nepal gramodhyog herb yukt.png,RECODING,5,6,49502,41.90463,123,NEPAL GRAMODHYOG PVT LTD-NP,NEPAL GRAMODHYOG,NEPAL GRAMODHYOG,NEPAL GRAMODHYOG-HERBAL YUKT EWP 175 GM,EWRPK,175.000 GM,,,175.0,GM,0.0
127,2022-01-12,202201,124768422,1640676811319,99762902,123,NEPAL GRAMODHYOG PVT LTD-NP,NEPAL GRAMODHYOG HERB YUKT,NEPAL GRAMODHYOG HERB YUKT\150\GM,20,PPH,150GM,New SKU,1640676811319-nepal gramodhyog pvt ltd-np-nepal gramodhyog herb yukt.png,RECODING,5,7,50740,88.94052,123,PATANJALI AYURVED PVT LTD-NEPAL,NEPAL GRAMODHYOG,NEPAL GRAMODHYOG,NEPAL GRAMODHYOG-HERB YUKTA EWP 95 GM,EWRPK,95.000 GM,,,95.0,GM,0.0
127,2022-01-12,202201,124768422,1640676811319,99762902,123,NEPAL GRAMODHYOG PVT LTD-NP,NEPAL GRAMODHYOG HERB YUKT,NEPAL GRAMODHYOG HERB YUKT\150\GM,20,PPH,150GM,New SKU,1640676811319-nepal gramodhyog pvt ltd-np-nepal gramodhyog herb yukt.png,RECODING,5,8,92927228,103.04901,123,NEPAL GRAMODHYOG PVT LTD-NP,PATANJALI,PATANJALI DTRGNT CAKE WTH HERB,PATANJALI DTRGNT CAKE WTH HERB-NEEM&ROSE,EWRPK,250.000 GM,,,250.0,GM,0.0
127,2022-01-12,202201,124768422,1640676811319,99762902,123,NEPAL GRAMODHYOG PVT LTD-NP,NEPAL GRAMODHYOG HERB YUKT,NEPAL GRAMODHYOG HERB YUKT\150\GM,20,PPH,150GM,New SKU,1640676811319-nepal gramodhyog pvt ltd-np-nepal gramodhyog herb yukt.png,RECODING,5,9,92926684,104.304306,123,NEPAL GRAMODHYOG PVT LTD-NP,PATANJALI,PATANJALI DTRGNT CAKE WTH HERB,PATANJALI DTRGNT CAKE WTH HERB-NEEM&LEMON,EWRPK,250.000 GM,,,250.0,GM,0.0
127,2022-01-12,202201,124768422,1640676811319,99762902,123,NEPAL GRAMODHYOG PVT LTD-NP,NEPAL GRAMODHYOG HERB YUKT,NEPAL GRAMODHYOG HERB YUKT\150\GM,20,PPH,150GM,New SKU,1640676811319-nepal gramodhyog pvt ltd-np-nepal gramodhyog herb yukt.png,RECODING,5,10,54384,115.27516,123,KWALITY CHEM PVT LTD-NEPAL,KWALITY,KWALITY,KWALITY-DIAL HERB NE&LEM PPH175G+25GFR,PLPCH,175.000 GM,,,200.0,GM,0.0
128,2022-01-12,202201,124768422,1641716094237,99762977,112,HINDUSTAN UNILEVER LTD-INDIA,HORLICKS CHOCOLATE DELIGHT,HORLICKS CHOCOLATE DELIGHT FLAVOUR\500\GM,400,500GM,PPH,New SKU,1641716094237-hindustan unilever ltd-india-horlicks chocolate delight.png,RECODING,5,1,99762977,44.611732,112,HINDUSTAN UNILEVER LTD-INDIA,HORLICKS,HORLICKS,HORLICKS-CHOCOLATE DELIGHT PCN 500 GM,PLJAR,500.000 GM,,,500.0,GM,400.0
128,2022-01-12,202201,124768422,1641716094237,99762977,112,HINDUSTAN UNILEVER LTD-INDIA,HORLICKS CHOCOLATE DELIGHT,HORLICKS CHOCOLATE DELIGHT FLAVOUR\500\GM,400,500GM,PPH,New SKU,1641716094237-hindustan unilever ltd-india-horlicks chocolate delight.png,RECODING,5,2,99764246,64.2441,112,HINDUSTAN UNILEVER LTD-INDIA,HORLICKS,HORLICKS WOMEN'S PLUS,HORLICKS WOMEN'S PLUS-CHOCOLATE PCN 400 GM,PLJAR,400.000 GM,,,400.0,GM,500.0
128,2022-01-12,202201,124768422,1641716094237,99762977,112,HINDUSTAN UNILEVER LTD-INDIA,HORLICKS CHOCOLATE DELIGHT,HORLICKS CHOCOLATE DELIGHT FLAVOUR\500\GM,400,500GM,PPH,New SKU,1641716094237-hindustan unilever ltd-india-horlicks chocolate delight.png,RECODING,5,3,99762483,78.62704,112,HINDUSTAN UNILEVER LTD-INDIA,HORLICKS,HORLICKS,HORLICKS-CLASSIC MALT PPH 20 GMS,PLPCH,20.000 GM,,,20.0,GM,16.0
128,2022-01-12,202201,124768422,1641716094237,99762977,112,HINDUSTAN UNILEVER LTD-INDIA,HORLICKS CHOCOLATE DELIGHT,HORLICKS CHOCOLATE DELIGHT FLAVOUR\500\GM,400,500GM,PPH,New SKU,1641716094237-hindustan unilever ltd-india-horlicks chocolate delight.png,RECODING,5,4,99763352,78.682785,112,HINDUSTAN UNILEVER LTD-INDIA,HORLICKS,HORLICKS,HORLICKS-CLASSIC MALT-PCN 500 GM+85G HORLICKS BISCUIT FREE,PLJAR,500.000 GM,,,500.0,GM,400.0
128,2022-01-12,202201,124768422,1641716094237,99762977,112,HINDUSTAN UNILEVER LTD-INDIA,HORLICKS CHOCOLATE DELIGHT,HORLICKS CHOCOLATE DELIGHT FLAVOUR\500\GM,400,500GM,PPH,New SKU,1641716094237-hindustan unilever ltd-india-horlicks chocolate delight.png,RECODING,5,5,99763672,79.7117,112,HINDUSTAN UNILEVER LTD-INDIA,HORLICKS,HORLICKS,HORLICKS-CLASSIC MALT PPH 20 GM+10% EXTRA,PLPCH,20.000 GM,,,22.0,GM,10.0
128,2022-01-12,202201,124768422,1641716094237,99762977,112,HINDUSTAN UNILEVER LTD-INDIA,HORLICKS CHOCOLATE DELIGHT,HORLICKS CHOCOLATE DELIGHT FLAVOUR\500\GM,400,500GM,PPH,New SKU,1641716094237-hindustan unilever ltd-india-horlicks chocolate delight.png,RECODING,5,6,99762469,83.50969,112,HINDUSTAN UNILEVER LTD-INDIA,HORLICKS,HORLICKS,HORLICKS-CLASSIC MALT-PCN 500 GMS,PLJAR,500.000 GM,,,500.0,GM,400.0
128,2022-01-12,202201,124768422,1641716094237,99762977,112,HINDUSTAN UNILEVER LTD-INDIA,HORLICKS CHOCOLATE DELIGHT,HORLICKS CHOCOLATE DELIGHT FLAVOUR\500\GM,400,500GM,PPH,New SKU,1641716094237-hindustan unilever ltd-india-horlicks chocolate delight.png,RECODING,5,7,99762537,87.93283,112,HINDUSTAN UNILEVER LTD-INDIA,HORLICKS,HORLICKS JUNIOR,HORLICKS JUNIOR-VANILLA PCN 500 GMS,PLJAR,500.000 GM,,,500.0,GM,400.0
128,2022-01-12,202201,124768422,1641716094237,99762977,112,HINDUSTAN UNILEVER LTD-INDIA,HORLICKS CHOCOLATE DELIGHT,HORLICKS CHOCOLATE DELIGHT FLAVOUR\500\GM,400,500GM,PPH,New SKU,1641716094237-hindustan unilever ltd-india-horlicks chocolate delight.png,RECODING,5,8,99762536,88.23072,112,HINDUSTAN UNILEVER LTD-INDIA,HORLICKS,HORLICKS,HORLICKS-CLASSIC MALT-PCN 200 GMS,PLJAR,200.000 GM,,,200.0,GM,190.0
128,2022-01-12,202201,124768422,1641716094237,99762977,112,HINDUSTAN UNILEVER LTD-INDIA,HORLICKS CHOCOLATE DELIGHT,HORLICKS CHOCOLATE DELIGHT FLAVOUR\500\GM,400,500GM,PPH,New SKU,1641716094237-hindustan unilever ltd-india-horlicks chocolate delight.png,RECODING,5,9,99763337,88.37389,112,HINDUSTAN UNILEVER LTD-INDIA,HORLICKS,HORLICKS WOMEN'S PLUS,HORLICKS WOMEN'S PLUS-CARAML PCN 400G+50G LUX VELVET GLOW SOP,PLJAR,400.000 GM,,,400.0,GM,528.0
128,2022-01-12,202201,124768422,1641716094237,99762977,112,HINDUSTAN UNILEVER LTD-INDIA,HORLICKS CHOCOLATE DELIGHT,HORLICKS CHOCOLATE DELIGHT FLAVOUR\500\GM,400,500GM,PPH,New SKU,1641716094237-hindustan unilever ltd-india-horlicks chocolate delight.png,RECODING,5,10,99762481,88.83922,112,HINDUSTAN UNILEVER LTD-INDIA,HORLICKS,HORLICKS,HORLICKS-CLASSIC MALT-PCN 1000 GMS,PLJAR,1000.000 GM,,,1000.0,GM,780.0
129,2022-01-12,202201,124768422,1641189482313,99762424,122,R.M. CHEMICALS NEPAL,ACTIVE WHEEL 2IN 1,ACTIVE WHEEL 2 IN 1\200\GM,20,PPH,200GM,New SKU,1641189482313-r-m- chemicals nepal-active wheel 2in 1.png,CROSS CODING,2,1,50274,133.60278,122,UNILEVER NEPAL LTD-NEPAL,WHEEL,WHEEL ACTIVE,WHEEL ACTIVE-2IN1 CLN FRS PPH 1000 GM+FR VIM BAR 85G,PLPCH,1000.000 GM,,,1000.0,GM,0.0
129,2022-01-12,202201,124768422,1641189482313,99762424,122,R.M. CHEMICALS NEPAL,ACTIVE WHEEL 2IN 1,ACTIVE WHEEL 2 IN 1\200\GM,20,PPH,200GM,New SKU,1641189482313-r-m- chemicals nepal-active wheel 2in 1.png,CROSS CODING,2,2,99762424,134.76375,122,UNILEVER NEPAL LTD-NEPAL,WHEEL,WHEEL ACTIVE,WHEEL ACTIVE-2IN1 CLEAN FRESH PPH 200 GM,PLPCH,200.000 GM,,,200.0,GM,20.0
129,2022-01-12,202201,124768422,1641189482313,99762424,122,R.M. CHEMICALS NEPAL,ACTIVE WHEEL 2IN 1,ACTIVE WHEEL 2 IN 1\200\GM,20,PPH,200GM,New SKU,1641189482313-r-m- chemicals nepal-active wheel 2in 1.png,CROSS CODING,2,3,99764844,137.73975,122,UNILEVER NEPAL LTD-NEPAL,WHEEL,WHEEL ACTIVE,WHEEL ACTIVE-2IN1 CLEAN & FRESH PPH 150 GM,PLPCH,150.000 GM,,,150.0,GM,20.0
129,2022-01-12,202201,124768422,1641189482313,99762424,122,R.M. CHEMICALS NEPAL,ACTIVE WHEEL 2IN 1,ACTIVE WHEEL 2 IN 1\200\GM,20,PPH,200GM,New SKU,1641189482313-r-m- chemicals nepal-active wheel 2in 1.png,CROSS CODING,2,4,99764088,138.76503,122,UNILEVER NEPAL LTD-NEPAL,WHEEL,WHEEL ACTIVE,WHEEL ACTIVE-2IN1 CLEAN & FRESH PPH 180 GM,PLPCH,180.000 GM,,,180.0,GM,20.0
129,2022-01-12,202201,124768422,1641189482313,99762424,122,R.M. CHEMICALS NEPAL,ACTIVE WHEEL 2IN 1,ACTIVE WHEEL 2 IN 1\200\GM,20,PPH,200GM,New SKU,1641189482313-r-m- chemicals nepal-active wheel 2in 1.png,CROSS CODING,2,5,53599,139.41278,122,UNILEVER NEPAL LTD-NEPAL,WHEEL,WHEEL ACTIVE,WHEEL ACTIVE-2IN1 CLEAN FRESH PPH 160 GM,PLPCH,160.000 GM,,,160.0,GM,0.0
129,2022-01-12,202201,124768422,1641189482313,99762424,122,R.M. CHEMICALS NEPAL,ACTIVE WHEEL 2IN 1,ACTIVE WHEEL 2 IN 1\200\GM,20,PPH,200GM,New SKU,1641189482313-r-m- chemicals nepal-active wheel 2in 1.png,CROSS CODING,2,6,49956,139.77771,122,UNILEVER NEPAL LTD-NEPAL,WHEEL,WHEEL ACTIVE,WHEEL ACTIVE-2IN1 CLEAN FRESH PPH 170 GM,PLPCH,170.000 GM,,,170.0,GM,0.0
129,2022-01-12,202201,124768422,1641189482313,99762424,122,R.M. CHEMICALS NEPAL,ACTIVE WHEEL 2IN 1,ACTIVE WHEEL 2 IN 1\200\GM,20,PPH,200GM,New SKU,1641189482313-r-m- chemicals nepal-active wheel 2in 1.png,CROSS CODING,2,7,49512,140.34749,122,UNILEVER NEPAL LTD-NEPAL,WHEEL,WHEEL ACTIVE,WHEEL ACTIVE-2IN1 CLEAN FRESH PPH 175 GM,PLPCH,175.000 GM,,,175.0,GM,0.0
129,2022-01-12,202201,124768422,1641189482313,99762424,122,R.M. CHEMICALS NEPAL,ACTIVE WHEEL 2IN 1,ACTIVE WHEEL 2 IN 1\200\GM,20,PPH,200GM,New SKU,1641189482313-r-m- chemicals nepal-active wheel 2in 1.png,CROSS CODING,2,8,99763979,141.22836,122,UNILEVER NEPAL LTD-NEPAL,WHEEL,WHEEL ACTIVE,WHEEL ACTIVE-2IN1 CLEAN FRESH PPH 950 GM,PLPCH,950.000 GM,,,950.0,GM,110.0
129,2022-01-12,202201,124768422,1641189482313,99762424,122,R.M. CHEMICALS NEPAL,ACTIVE WHEEL 2IN 1,ACTIVE WHEEL 2 IN 1\200\GM,20,PPH,200GM,New SKU,1641189482313-r-m- chemicals nepal-active wheel 2in 1.png,CROSS CODING,2,9,99764625,141.78006,122,UNILEVER NEPAL LTD-NEPAL,WHEEL,WHEEL ACTIVE,WHEEL ACTIVE-2IN1 CLEAN & FRESH PPH 900 GM,PLPCH,900.000 GM,,,900.0,GM,110.0
129,2022-01-12,202201,124768422,1641189482313,99762424,122,R.M. CHEMICALS NEPAL,ACTIVE WHEEL 2IN 1,ACTIVE WHEEL 2 IN 1\200\GM,20,PPH,200GM,New SKU,1641189482313-r-m- chemicals nepal-active wheel 2in 1.png,CROSS CODING,2,10,50746,141.78737,122,UNILEVER NEPAL LTD-NEPAL,WHEEL,WHEEL ACTIVE,WHEEL ACTIVE-2IN1 CLEAN FRESH PPH 165 GM,PLPCH,165.000 GM,,,165.0,GM,0.0
130,2022-01-12,202201,125728874,1641703251168,99762992,123,PUJA SOAP & HOUSEHOLD PROD-NPL,SELFY 500 GM,SEFLY\500\GM,100,PPH,500GM,New SKU,1641703251168-puja soap - household prod-npl-selfy 500 gm.png,RECODING,5,1,99762540,36.83339,123,PUJA SOAP & HOUSEHOLD PROD-NPL,SELFY,SELFY,SELFY-PPH 200 GM,PLPCH,200.000 GM,,,200.0,GM,40.0
130,2022-01-12,202201,125728874,1641703251168,99762992,123,PUJA SOAP & HOUSEHOLD PROD-NPL,SELFY 500 GM,SEFLY\500\GM,100,PPH,500GM,New SKU,1641703251168-puja soap - household prod-npl-selfy 500 gm.png,RECODING,5,2,53192,40.383156,123,PUJA SOAP & HOUSEHOLD PROD-NPL,SELFY,SELFY,SELFY-PPH 210 GM,PLPCH,210.000 GM,,,210.0,GM,0.0
130,2022-01-12,202201,125728874,1641703251168,99762992,123,PUJA SOAP & HOUSEHOLD PROD-NPL,SELFY 500 GM,SEFLY\500\GM,100,PPH,500GM,New SKU,1641703251168-puja soap - household prod-npl-selfy 500 gm.png,RECODING,5,3,99762992,42.339336,123,PUJA SOAP & HOUSEHOLD PROD-NPL,SELFY,SELFY,SELFY-LAUNDRY SOAP PPH 3*167 GM [500GM],PLPCH,167.000 GM,,,500.0,GM,100.0
130,2022-01-12,202201,125728874,1641703251168,99762992,123,PUJA SOAP & HOUSEHOLD PROD-NPL,SELFY 500 GM,SEFLY\500\GM,100,PPH,500GM,New SKU,1641703251168-puja soap - household prod-npl-selfy 500 gm.png,RECODING,5,4,99762554,50.890312,123,PUJA SOAP & HOUSEHOLD PROD-NPL,PUJA,PUJA,PUJA-PPH 200 GMS,PLPCH,200.000 GM,,,200.0,GM,40.0
130,2022-01-12,202201,125728874,1641703251168,99762992,123,PUJA SOAP & HOUSEHOLD PROD-NPL,SELFY 500 GM,SEFLY\500\GM,100,PPH,500GM,New SKU,1641703251168-puja soap - household prod-npl-selfy 500 gm.png,RECODING,5,5,99763077,50.96972,123,PUJA SOAP & HOUSEHOLD PROD-NPL,PUJA,PUJA,PUJA-PPH 250 GM,PLPCH,250.000 GM,,,250.0,GM,50.0
130,2022-01-12,202201,125728874,1641703251168,99762992,123,PUJA SOAP & HOUSEHOLD PROD-NPL,SELFY 500 GM,SEFLY\500\GM,100,PPH,500GM,New SKU,1641703251168-puja soap - household prod-npl-selfy 500 gm.png,RECODING,5,6,99764514,51.64787,123,PUJA SOAP & HOUSEHOLD PROD-NPL,PUJA 100%,PUJA 100%,PUJA 100%-PPH 200 GM,PLPCH,200.000 GM,,,200.0,GM,50.0
130,2022-01-12,202201,125728874,1641703251168,99762992,123,PUJA SOAP & HOUSEHOLD PROD-NPL,SELFY 500 GM,SEFLY\500\GM,100,PPH,500GM,New SKU,1641703251168-puja soap - household prod-npl-selfy 500 gm.png,RECODING,5,7,99762616,51.80771,123,PUJA SOAP & HOUSEHOLD PROD-NPL,PUJA,PUJA,PUJA-PPH 100 GM,PLPCH,100.000 GM,,,100.0,GM,20.0
130,2022-01-12,202201,125728874,1641703251168,99762992,123,PUJA SOAP & HOUSEHOLD PROD-NPL,SELFY 500 GM,SEFLY\500\GM,100,PPH,500GM,New SKU,1641703251168-puja soap - household prod-npl-selfy 500 gm.png,RECODING,5,8,99762439,52.999153,123,PUJA SOAP & HOUSEHOLD PROD-NPL,PUJA,PUJA,PUJA-EWP 200 GMS,EWRPK,200.000 GM,,,200.0,GM,40.0
130,2022-01-12,202201,125728874,1641703251168,99762992,123,PUJA SOAP & HOUSEHOLD PROD-NPL,SELFY 500 GM,SEFLY\500\GM,100,PPH,500GM,New SKU,1641703251168-puja soap - household prod-npl-selfy 500 gm.png,RECODING,5,9,99764318,53.364033,123,PUJA SOAP & HOUSEHOLD PROD-NPL,PUJA 100%,PUJA 100%,PUJA 100%-PPH 4*200 GM [800GM],PLPCH,200.000 GM,,,800.0,GM,200.0
130,2022-01-12,202201,125728874,1641703251168,99762992,123,PUJA SOAP & HOUSEHOLD PROD-NPL,SELFY 500 GM,SEFLY\500\GM,100,PPH,500GM,New SKU,1641703251168-puja soap - household prod-npl-selfy 500 gm.png,RECODING,5,10,50193,53.57406,123,PUJA SOAP & HOUSEHOLD PROD-NPL,PUJA,PUJA,PUJA-PPH 600 GM,PLPCH,600.000 GM,,,600.0,GM,0.0
131,2022-01-12,202201,125728874,1641703096851,99762993,123,GANAPATI VANASPATI PVT LTD-NP,SAFARI 300GM,SAFARI\300\GM,50,PPH,300GM,New SKU,1641703096851-ganapati vanaspati pvt ltd-np-safari 300gm.png,RECODING,5,1,99762993,88.69722,123,GANAPATI VANASPATI PVT LTD-NP,SAFARI,SAFARI,SAFARI-LAUNDRY SOAP PPH 300 GMS,PLPCH,300.000 GM,,,300.0,GM,50.0
131,2022-01-12,202201,125728874,1641703096851,99762993,123,GANAPATI VANASPATI PVT LTD-NP,SAFARI 300GM,SAFARI\300\GM,50,PPH,300GM,New SKU,1641703096851-ganapati vanaspati pvt ltd-np-safari 300gm.png,RECODING,5,2,92921815,89.47064,123,GANAPATI VANASPATI PVT LTD-NP,SAFARI 100%,SAFARI 100%,SAFARI 100%-UNWRP 150 GMS,UNWRP,150.000 GM,,,150.0,GM,0.0
131,2022-01-12,202201,125728874,1641703096851,99762993,123,GANAPATI VANASPATI PVT LTD-NP,SAFARI 300GM,SAFARI\300\GM,50,PPH,300GM,New SKU,1641703096851-ganapati vanaspati pvt ltd-np-safari 300gm.png,RECODING,5,3,92923073,91.14676,123,GANAPATI VANASPATI PVT LTD-NP,SAFARI 100%,SAFARI 100%,SAFARI 100%-UNWRP 200 GMS,UNWRP,200.000 GM,,,200.0,GM,0.0
131,2022-01-12,202201,125728874,1641703096851,99762993,123,GANAPATI VANASPATI PVT LTD-NP,SAFARI 300GM,SAFARI\300\GM,50,PPH,300GM,New SKU,1641703096851-ganapati vanaspati pvt ltd-np-safari 300gm.png,RECODING,5,4,92924531,95.972084,123,GANAPATI VANASPATI PVT LTD-NP,SAFARI 100%,SAFARI 100%,SAFARI 100%-UNWRP 100 GMS,UNWRP,100.000 GM,,,100.0,GM,0.0
131,2022-01-12,202201,125728874,1641703096851,99762993,123,GANAPATI VANASPATI PVT LTD-NP,SAFARI 300GM,SAFARI\300\GM,50,PPH,300GM,New SKU,1641703096851-ganapati vanaspati pvt ltd-np-safari 300gm.png,RECODING,5,5,99762559,97.82854,123,GANAPATI VANASPATI PVT LTD-NP,SAFARI,SAFARI,SAFARI-LAUNDRY SOAP PPH 150 GMS,PLPCH,150.000 GM,,,150.0,GM,25.0
131,2022-01-12,202201,125728874,1641703096851,99762993,123,GANAPATI VANASPATI PVT LTD-NP,SAFARI 300GM,SAFARI\300\GM,50,PPH,300GM,New SKU,1641703096851-ganapati vanaspati pvt ltd-np-safari 300gm.png,RECODING,5,6,99763622,99.35687,123,GANAPATI VANASPATI PVT LTD-NP,SAFARI,SAFARI,SAFARI-LAUNDRY SOAP PPH 125 GM,PLPCH,125.000 GM,,,125.0,GM,20.0
131,2022-01-12,202201,125728874,1641703096851,99762993,123,GANAPATI VANASPATI PVT LTD-NP,SAFARI 300GM,SAFARI\300\GM,50,PPH,300GM,New SKU,1641703096851-ganapati vanaspati pvt ltd-np-safari 300gm.png,RECODING,5,7,92920030,178.16147,123,GANAPATI VANASPATI PVT LTD-NP,LUCKY 72%,LUCKY 72%,LUCKY 72%-UNWRP 130 GMS,UNWRP,130.000 GM,,,130.0,GM,0.0
131,2022-01-12,202201,125728874,1641703096851,99762993,123,GANAPATI VANASPATI PVT LTD-NP,SAFARI 300GM,SAFARI\300\GM,50,PPH,300GM,New SKU,1641703096851-ganapati vanaspati pvt ltd-np-safari 300gm.png,RECODING,5,8,92920860,178.36998,123,GANAPATI VANASPATI PVT LTD-NP,LUCKY 72%,LUCKY 72%,LUCKY 72%-UNWRP 200 GMS,UNWRP,200.000 GM,,,200.0,GM,0.0
131,2022-01-12,202201,125728874,1641703096851,99762993,123,GANAPATI VANASPATI PVT LTD-NP,SAFARI 300GM,SAFARI\300\GM,50,PPH,300GM,New SKU,1641703096851-ganapati vanaspati pvt ltd-np-safari 300gm.png,RECODING,5,9,92923333,183.6553,123,SUVAKAMANA SABUN UDHYOG-NPL,SWAGAT,SWAGAT,SWAGAT-PPH 1000 GMS,PLPCH,1000.000 GM,,,1000.0,GM,0.0
131,2022-01-12,202201,125728874,1641703096851,99762993,123,GANAPATI VANASPATI PVT LTD-NP,SAFARI 300GM,SAFARI\300\GM,50,PPH,300GM,New SKU,1641703096851-ganapati vanaspati pvt ltd-np-safari 300gm.png,RECODING,5,10,92921707,184.2277,123,GANAPATI VANASPATI PVT LTD-NP,LUCKY 72%,LUCKY 72%,LUCKY 72%-UNWRP 100 GMS,UNWRP,100.000 GM,,,100.0,GM,0.0
132,2022-01-12,202201,527363110162,1641885998543,99762901,123,HIMGIRI HYGIENE PVT LTD-NEPAL,DHONI 100%,DHONI\500\GM,100,PPH,500GM,,1641885998543-himgiri hygiene pvt ltd-nepal-dhoni 100-.png,RECODING,5,1,99764438,45.35023,123,HIMGIRI HYGIENE PVT LTD-NEPAL,DHONI,DHONI,DHONI-LEMON PPH 100 GM,PLPCH,100.000 GM,,,100.0,GM,10.0
132,2022-01-12,202201,527363110162,1641885998543,99762901,123,HIMGIRI HYGIENE PVT LTD-NEPAL,DHONI 100%,DHONI\500\GM,100,PPH,500GM,,1641885998543-himgiri hygiene pvt ltd-nepal-dhoni 100-.png,RECODING,5,2,99762819,47.10292,123,HIMGIRI HYGIENE PVT LTD-NEPAL,DHONI,DHONI HERBAL,DHONI HERBAL-ASHES & LIME PPH 100 GMS,PLPCH,100.000 GM,,,100.0,GM,10.0
132,2022-01-12,202201,527363110162,1641885998543,99762901,123,HIMGIRI HYGIENE PVT LTD-NEPAL,DHONI 100%,DHONI\500\GM,100,PPH,500GM,,1641885998543-himgiri hygiene pvt ltd-nepal-dhoni 100-.png,RECODING,5,3,99764732,50.63258,123,HIMGIRI HYGIENE PVT LTD-NEPAL,DHONI,DHONI,DHONI-LEMON PPH 75 GM,PLPCH,75.000 GM,,,75.0,GM,10.0
132,2022-01-12,202201,527363110162,1641885998543,99762901,123,HIMGIRI HYGIENE PVT LTD-NEPAL,DHONI 100%,DHONI\500\GM,100,PPH,500GM,,1641885998543-himgiri hygiene pvt ltd-nepal-dhoni 100-.png,RECODING,5,4,99764095,51.78146,123,HIMGIRI HYGIENE PVT LTD-NEPAL,DHONI,DHONI HERBAL,DHONI HERBAL-ASHES & LIME PPH 75 GM,PLPCH,75.000 GM,,,75.0,GM,10.0
132,2022-01-12,202201,527363110162,1641885998543,99762901,123,HIMGIRI HYGIENE PVT LTD-NEPAL,DHONI 100%,DHONI\500\GM,100,PPH,500GM,,1641885998543-himgiri hygiene pvt ltd-nepal-dhoni 100-.png,RECODING,5,5,99763507,52.36163,123,HIMGIRI HYGIENE PVT LTD-NEPAL,DHONI,DHONI HERBAL,DHONI HERBAL-ASHES & LIME PPH 95 GM,PLPCH,95.000 GM,,,95.0,GM,10.0
132,2022-01-12,202201,527363110162,1641885998543,99762901,123,HIMGIRI HYGIENE PVT LTD-NEPAL,DHONI 100%,DHONI\500\GM,100,PPH,500GM,,1641885998543-himgiri hygiene pvt ltd-nepal-dhoni 100-.png,RECODING,5,6,99763635,53.791527,123,HIMGIRI HYGIENE PVT LTD-NEPAL,DHONI,DHONI HERBAL,DHONI HERBAL-ASHES & LIME PPH 150 GM,PLPCH,150.000 GM,,,150.0,GM,20.0
132,2022-01-12,202201,527363110162,1641885998543,99762901,123,HIMGIRI HYGIENE PVT LTD-NEPAL,DHONI 100%,DHONI\500\GM,100,PPH,500GM,,1641885998543-himgiri hygiene pvt ltd-nepal-dhoni 100-.png,RECODING,5,7,99763999,54.090927,123,HIMGIRI HYGIENE PVT LTD-NEPAL,DHONI,DHONI HERBAL,DHONI HERBAL-ASHES & LIME PPH 125 GM+25 GM EXTRA,PLPCH,125.000 GM,,,150.0,GM,20.0
132,2022-01-12,202201,527363110162,1641885998543,99762901,123,HIMGIRI HYGIENE PVT LTD-NEPAL,DHONI 100%,DHONI\500\GM,100,PPH,500GM,,1641885998543-himgiri hygiene pvt ltd-nepal-dhoni 100-.png,RECODING,5,8,99763453,54.830925,123,HIMGIRI HYGIENE PVT LTD-NEPAL,DHONI,DHONI HERBAL,DHONI HERBAL-ASHES & LIME PPH 200 GM,PLPCH,200.000 GM,,,200.0,GM,20.0
132,2022-01-12,202201,527363110162,1641885998543,99762901,123,HIMGIRI HYGIENE PVT LTD-NEPAL,DHONI 100%,DHONI\500\GM,100,PPH,500GM,,1641885998543-himgiri hygiene pvt ltd-nepal-dhoni 100-.png,RECODING,5,9,99764515,61.916603,123,HIMGIRI HYGIENE PVT LTD-NEPAL,DHONI XTRAA,DHONI XTRAA,DHONI XTRAA-LAUNDRY SOAP PPH 100 GM+50 GM,PLPCH,100.000 GM,,,150.0,GM,40.0
132,2022-01-12,202201,527363110162,1641885998543,99762901,123,HIMGIRI HYGIENE PVT LTD-NEPAL,DHONI 100%,DHONI\500\GM,100,PPH,500GM,,1641885998543-himgiri hygiene pvt ltd-nepal-dhoni 100-.png,RECODING,5,10,99763297,64.853806,123,HIMGIRI HYGIENE PVT LTD-NEPAL,DHONI,DHONI,DHONI-LAUNDRY SOAP PPH 100 GM,PLPCH,100.000 GM,,,100.0,GM,20.0
133,2022-01-12,202201,527363110143,1641879908932,,123,HIMGIRI HYGIENE PVT LTD-NEPAL,SOBHA,SOBHA\200\GM,35,PPH,200GM,,1641879908932-himgiri hygiene pvt ltd-nepal-sobha.png,PARKER FOR NEXT MONTH,999,1,99763163,50.94151,123,HIMGIRI HYGIENE PVT LTD-NEPAL,SHOVA,SHOVA,SHOVA-PPH 200 GM,PLPCH,200.000 GM,,,200.0,GM,40.0
133,2022-01-12,202201,527363110143,1641879908932,,123,HIMGIRI HYGIENE PVT LTD-NEPAL,SOBHA,SOBHA\200\GM,35,PPH,200GM,,1641879908932-himgiri hygiene pvt ltd-nepal-sobha.png,PARKER FOR NEXT MONTH,999,2,99763248,53.458084,123,HIMGIRI HYGIENE PVT LTD-NEPAL,SHOVA,SHOVA,SHOVA-PPH 125 GM,PLPCH,125.000 GM,,,125.0,GM,20.0
133,2022-01-12,202201,527363110143,1641879908932,,123,HIMGIRI HYGIENE PVT LTD-NEPAL,SOBHA,SOBHA\200\GM,35,PPH,200GM,,1641879908932-himgiri hygiene pvt ltd-nepal-sobha.png,PARKER FOR NEXT MONTH,999,3,99763506,54.316723,123,HIMGIRI HYGIENE PVT LTD-NEPAL,SHOVA,SHOVA,SHOVA-PPH 300 GM,PLPCH,300.000 GM,,,300.0,GM,50.0
133,2022-01-12,202201,527363110143,1641879908932,,123,HIMGIRI HYGIENE PVT LTD-NEPAL,SOBHA,SOBHA\200\GM,35,PPH,200GM,,1641879908932-himgiri hygiene pvt ltd-nepal-sobha.png,PARKER FOR NEXT MONTH,999,4,99763554,55.242672,123,HIMGIRI HYGIENE PVT LTD-NEPAL,SHAKTI,SHAKTI,SHAKTI-PPH 200 GM,PLPCH,200.000 GM,,,200.0,GM,40.0
133,2022-01-12,202201,527363110143,1641879908932,,123,HIMGIRI HYGIENE PVT LTD-NEPAL,SOBHA,SOBHA\200\GM,35,PPH,200GM,,1641879908932-himgiri hygiene pvt ltd-nepal-sobha.png,PARKER FOR NEXT MONTH,999,5,99763002,56.088577,123,HIMGIRI HYGIENE PVT LTD-NEPAL,SHAKTI,SHAKTI,SHAKTI-PPH 250 GM,PLPCH,250.000 GM,,,250.0,GM,40.0
133,2022-01-12,202201,527363110143,1641879908932,,123,HIMGIRI HYGIENE PVT LTD-NEPAL,SOBHA,SOBHA\200\GM,35,PPH,200GM,,1641879908932-himgiri hygiene pvt ltd-nepal-sobha.png,PARKER FOR NEXT MONTH,999,6,99763553,61.64951,123,HIMGIRI HYGIENE PVT LTD-NEPAL,SHAKTI,SHAKTI,SHAKTI-PPH 150 GM,PLPCH,150.000 GM,,,150.0,GM,30.0
133,2022-01-12,202201,527363110143,1641879908932,,123,HIMGIRI HYGIENE PVT LTD-NEPAL,SOBHA,SOBHA\200\GM,35,PPH,200GM,,1641879908932-himgiri hygiene pvt ltd-nepal-sobha.png,PARKER FOR NEXT MONTH,999,7,99763552,61.97489,123,HIMGIRI HYGIENE PVT LTD-NEPAL,SHAKTI,SHAKTI,SHAKTI-PPH 100 GM,PLPCH,100.000 GM,,,100.0,GM,20.0
133,2022-01-12,202201,527363110143,1641879908932,,123,HIMGIRI HYGIENE PVT LTD-NEPAL,SOBHA,SOBHA\200\GM,35,PPH,200GM,,1641879908932-himgiri hygiene pvt ltd-nepal-sobha.png,PARKER FOR NEXT MONTH,999,8,99762861,84.440094,123,HIMGIRI HYGIENE PVT LTD-NEPAL,WAHA 72%,WAHA 72%,WAHA 72%-LAUNDRY SOAP PPH 200 GM,PLPCH,200.000 GM,,,200.0,GM,35.0
133,2022-01-12,202201,527363110143,1641879908932,,123,HIMGIRI HYGIENE PVT LTD-NEPAL,SOBHA,SOBHA\200\GM,35,PPH,200GM,,1641879908932-himgiri hygiene pvt ltd-nepal-sobha.png,PARKER FOR NEXT MONTH,999,9,99762789,86.411804,123,HIMGIRI HYGIENE PVT LTD-NEPAL,WAHA 72%,WAHA 72%,WAHA 72%-LAUNDRY SOAP PPH 250 GM,PLPCH,250.000 GM,,,250.0,GM,40.0
133,2022-01-12,202201,527363110143,1641879908932,,123,HIMGIRI HYGIENE PVT LTD-NEPAL,SOBHA,SOBHA\200\GM,35,PPH,200GM,,1641879908932-himgiri hygiene pvt ltd-nepal-sobha.png,PARKER FOR NEXT MONTH,999,10,99763110,87.491035,123,HIMGIRI HYGIENE PVT LTD-NEPAL,WAHA 72%,WAHA 72%,WAHA 72%-LAUNDRY SOAP PPH 125 GM,PLPCH,125.000 GM,,,125.0,GM,25.0
134,2022-01-12,202201,527363110143,1641880061657,,123,KWALITY CHEM PVT LTD-NEPAL,MONICA,MONICA\100\GM,17,PPH,100GM,,1641880061657-kwality chem pvt ltd-nepal-monica.png,PARKER FOR NEXT MONTH,999,1,99763560,22.484293,123,KWALITY CHEM PVT LTD-NEPAL,MONICA,MONICA,MONICA-PPH 100 GM,PLPCH,100.000 GM,,,100.0,GM,20.0
134,2022-01-12,202201,527363110143,1641880061657,,123,KWALITY CHEM PVT LTD-NEPAL,MONICA,MONICA\100\GM,17,PPH,100GM,,1641880061657-kwality chem pvt ltd-nepal-monica.png,PARKER FOR NEXT MONTH,999,2,99763102,29.20475,123,KWALITY CHEM PVT LTD-NEPAL,MONICA,MONICA,MONICA-PPH 250 GM,PLPCH,250.000 GM,,,250.0,GM,40.0
134,2022-01-12,202201,527363110143,1641880061657,,123,KWALITY CHEM PVT LTD-NEPAL,MONICA,MONICA\100\GM,17,PPH,100GM,,1641880061657-kwality chem pvt ltd-nepal-monica.png,PARKER FOR NEXT MONTH,999,3,99763908,29.400349,123,KWALITY CHEM PVT LTD-NEPAL,MONICA,MONICA,MONICA-PPH 300 GM,PLPCH,300.000 GM,,,300.0,GM,50.0
134,2022-01-12,202201,527363110143,1641880061657,,123,KWALITY CHEM PVT LTD-NEPAL,MONICA,MONICA\100\GM,17,PPH,100GM,,1641880061657-kwality chem pvt ltd-nepal-monica.png,PARKER FOR NEXT MONTH,999,4,99762434,59.20948,123,KWALITY CHEM PVT LTD-NEPAL,123,123 POWER,123 POWER-PPH 100 GM,PLPCH,100.000 GM,,,100.0,GM,20.0
134,2022-01-12,202201,527363110143,1641880061657,,123,KWALITY CHEM PVT LTD-NEPAL,MONICA,MONICA\100\GM,17,PPH,100GM,,1641880061657-kwality chem pvt ltd-nepal-monica.png,PARKER FOR NEXT MONTH,999,5,99763047,59.636726,123,KWALITY CHEM PVT LTD-NEPAL,BISHAL,BISHAL,BISHAL-PPH 100 GM,PLPCH,100.000 GM,,,100.0,GM,20.0
134,2022-01-12,202201,527363110143,1641880061657,,123,KWALITY CHEM PVT LTD-NEPAL,MONICA,MONICA\100\GM,17,PPH,100GM,,1641880061657-kwality chem pvt ltd-nepal-monica.png,PARKER FOR NEXT MONTH,999,6,99763574,60.539257,123,KWALITY CHEM PVT LTD-NEPAL,BHANU,BHANU,BHANU-PPH 100 GM,PLPCH,100.000 GM,,,100.0,GM,20.0
134,2022-01-12,202201,527363110143,1641880061657,,123,KWALITY CHEM PVT LTD-NEPAL,MONICA,MONICA\100\GM,17,PPH,100GM,,1641880061657-kwality chem pvt ltd-nepal-monica.png,PARKER FOR NEXT MONTH,999,7,99763526,64.765495,123,KWALITY CHEM PVT LTD-NEPAL,123,123 POWER,123 POWER-PPH 3*184 GM [550GM],PLPCH,184.000 GM,,,550.0,GM,105.0
134,2022-01-12,202201,527363110143,1641880061657,,123,KWALITY CHEM PVT LTD-NEPAL,MONICA,MONICA\100\GM,17,PPH,100GM,,1641880061657-kwality chem pvt ltd-nepal-monica.png,PARKER FOR NEXT MONTH,999,8,99762966,65.473076,123,KWALITY CHEM PVT LTD-NEPAL,123,123 POWER,123 POWER-PPH 3*167 GM [500GM],PLPCH,167.000 GM,,,500.0,GM,100.0
134,2022-01-12,202201,527363110143,1641880061657,,123,KWALITY CHEM PVT LTD-NEPAL,MONICA,MONICA\100\GM,17,PPH,100GM,,1641880061657-kwality chem pvt ltd-nepal-monica.png,PARKER FOR NEXT MONTH,999,9,51663,66.45771,123,KWALITY CHEM PVT LTD-NEPAL,123,123 POWER,123 POWER-PPH 210 GM,PLPCH,210.000 GM,,,210.0,GM,0.0
134,2022-01-12,202201,527363110143,1641880061657,,123,KWALITY CHEM PVT LTD-NEPAL,MONICA,MONICA\100\GM,17,PPH,100GM,,1641880061657-kwality chem pvt ltd-nepal-monica.png,PARKER FOR NEXT MONTH,999,10,99762946,66.53963,123,KWALITY CHEM PVT LTD-NEPAL,123,123 POWER,123 POWER-PPH 150 GM,PLPCH,150.000 GM,,,150.0,GM,30.0
135,2022-01-12,202201,128195317,1641886711372,99762983,118,SPRING FOOD & BEVERAGE-NEPAL,PREETI,PREETI LITCHI/140ML,20,PBT,140 ML,,1641886711372-spring food - beverage-nepal-preeti.png,RECODING,5,1,99762983,30.067055,118,SPRING FOOD & BEVERAGE-NEPAL,PREETI,PREETI,LITCHI PET 140 ML,PET,140.000 ML,LYCHEE,,140.0,ML,20.0
135,2022-01-12,202201,128195317,1641886711372,99762983,118,SPRING FOOD & BEVERAGE-NEPAL,PREETI,PREETI LITCHI/140ML,20,PBT,140 ML,,1641886711372-spring food - beverage-nepal-preeti.png,RECODING,5,2,54087,36.395267,118,SPRING FOOD & BEVERAGE-NEPAL,PREETI,PREETI,LITCHI PET 150 ML,PET,150.000 ML,LYCHEE,,150.0,ML,0.0
135,2022-01-12,202201,128195317,1641886711372,99762983,118,SPRING FOOD & BEVERAGE-NEPAL,PREETI,PREETI LITCHI/140ML,20,PBT,140 ML,,1641886711372-spring food - beverage-nepal-preeti.png,RECODING,5,3,46054,49.988846,118,SPRING FOOD & BEVERAGE-NEPAL,PREETI,PREETI,LITCHI PET 150 ML+20 ML FREE,PET,150.000 ML,LYCHEE,,170.0,ML,0.0
135,2022-01-12,202201,128195317,1641886711372,99762983,118,SPRING FOOD & BEVERAGE-NEPAL,PREETI,PREETI LITCHI/140ML,20,PBT,140 ML,,1641886711372-spring food - beverage-nepal-preeti.png,RECODING,5,4,99763205,64.80102,118,SPRING FOOD & BEVERAGE-NEPAL,PERNA,PERNA,LITCHI PET 140 ML,PET,140.000 ML,LYCHEE,,140.0,ML,20.0
135,2022-01-12,202201,128195317,1641886711372,99762983,118,SPRING FOOD & BEVERAGE-NEPAL,PREETI,PREETI LITCHI/140ML,20,PBT,140 ML,,1641886711372-spring food - beverage-nepal-preeti.png,RECODING,5,5,99765209,66.76242,118,SPRING FOOD & BEVERAGE-NEPAL,PERNA,PERNA,LITCHI PET 110 ML,PET,110.000 ML,LYCHEE,,110.0,ML,20.0
135,2022-01-12,202201,128195317,1641886711372,99762983,118,SPRING FOOD & BEVERAGE-NEPAL,PREETI,PREETI LITCHI/140ML,20,PBT,140 ML,,1641886711372-spring food - beverage-nepal-preeti.png,RECODING,5,6,51964,68.13716,118,SPRING FOOD & BEVERAGE-NEPAL,PERNA,PERNA,LITCHI PET 150 ML+20 ML FRE,PET,150.000 ML,LYCHEE,,170.0,ML,0.0
135,2022-01-12,202201,128195317,1641886711372,99762983,118,SPRING FOOD & BEVERAGE-NEPAL,PREETI,PREETI LITCHI/140ML,20,PBT,140 ML,,1641886711372-spring food - beverage-nepal-preeti.png,RECODING,5,7,53564,69.52707,118,SPRING FOOD & BEVERAGE-NEPAL,PERNA,PERNA,LITCHI PET 150 ML,PET,150.000 ML,LYCHEE,,150.0,ML,0.0
135,2022-01-12,202201,128195317,1641886711372,99762983,118,SPRING FOOD & BEVERAGE-NEPAL,PREETI,PREETI LITCHI/140ML,20,PBT,140 ML,,1641886711372-spring food - beverage-nepal-preeti.png,RECODING,5,8,54086,78.31615,118,SPRING FOOD & BEVERAGE-NEPAL,PINKOO,PINKOO,LITCHI PET 150 ML,PET,150.000 ML,LYCHEE,,150.0,ML,0.0
135,2022-01-12,202201,128195317,1641886711372,99762983,118,SPRING FOOD & BEVERAGE-NEPAL,PREETI,PREETI LITCHI/140ML,20,PBT,140 ML,,1641886711372-spring food - beverage-nepal-preeti.png,RECODING,5,9,49749,82.207306,118,SPRING FOOD & BEVERAGE-NEPAL,PINKOO,PINKOO,LITCHI PET 150 ML+20 ML,PET,150.000 ML,LYCHEE,,170.0,ML,0.0
135,2022-01-12,202201,128195317,1641886711372,99762983,118,SPRING FOOD & BEVERAGE-NEPAL,PREETI,PREETI LITCHI/140ML,20,PBT,140 ML,,1641886711372-spring food - beverage-nepal-preeti.png,RECODING,5,10,20126692,97.002594,118,SPRING FOOD & BEVERAGE-NEPAL,PERNA,PERNA,LYCHEE PET 170 ML,PET,170.000 ML,LYCHEE,,170.0,ML,0.0
136,2022-01-13,202201,124265451,1641970562805,99762979,116,CARE & COMFORT PRODUCTS NEPAL ,CARE & COMFORT ,CARE & COMFORT/REGULAR/7 PADS/PPH,45,PPH,7 PADS,,1641970562805-care - comfort products nepal -care - comfort .png,RECODING,5,1,99762979,63.4153,116,CARE & COMFORT PRODUCTS-NEPAL,CARE & COMFORT,CARE & COMFORT,CARE & COMFORT-REGULAR PPH 7 NO,PLPCH,7.000 NO,,,7.0,NO,45.0
136,2022-01-13,202201,124265451,1641970562805,99762979,116,CARE & COMFORT PRODUCTS NEPAL ,CARE & COMFORT ,CARE & COMFORT/REGULAR/7 PADS/PPH,45,PPH,7 PADS,,1641970562805-care - comfort products nepal -care - comfort .png,RECODING,5,2,49191,172.10162,116,SKY WAY HYGIENE PRODUCTS-NEPAL,SECURE,SECURE,SECURE-REGULAR CHOICE ULTRA COMFORT PPH 6 NO,PLPCH,6.000 NO,,,6.0,NO,0.0
136,2022-01-13,202201,124265451,1641970562805,99762979,116,CARE & COMFORT PRODUCTS NEPAL ,CARE & COMFORT ,CARE & COMFORT/REGULAR/7 PADS/PPH,45,PPH,7 PADS,,1641970562805-care - comfort products nepal -care - comfort .png,RECODING,5,3,53087,177.46317,116,SKY WAY HYGIENE PRODUCTS-NEPAL,SECURE,SECURE COMFORT XL,SECURE COMFORT XL-ULTRA LIGHT PPH 8 NO,PLPCH,8.000 NO,,,8.0,NO,0.0
136,2022-01-13,202201,124265451,1641970562805,99762979,116,CARE & COMFORT PRODUCTS NEPAL ,CARE & COMFORT ,CARE & COMFORT/REGULAR/7 PADS/PPH,45,PPH,7 PADS,,1641970562805-care - comfort products nepal -care - comfort .png,RECODING,5,4,99764325,179.33513,116,A.G. HEALTH INDUSTRIES PVT LTD-NEPAL,SAGUN,SAGUN COTTON COMFORT,SAGUN COTTON COMFORT-ULTRA THIN PPH 6 NOS,PLPCH,6.000 NO,,,6.0,NO,60.0
136,2022-01-13,202201,124265451,1641970562805,99762979,116,CARE & COMFORT PRODUCTS NEPAL ,CARE & COMFORT ,CARE & COMFORT/REGULAR/7 PADS/PPH,45,PPH,7 PADS,,1641970562805-care - comfort products nepal -care - comfort .png,RECODING,5,5,92061009,181.60611,116,INTRNL. HYGENIC PRODUCT-NEPAL,ACTIVE,ACTIVE EXCEL,ACTIVE EXCEL-PPH 8 NOS+2 PADS,PLPCH,8.000 NO,,,10.0,NO,0.0
136,2022-01-13,202201,124265451,1641970562805,99762979,116,CARE & COMFORT PRODUCTS NEPAL ,CARE & COMFORT ,CARE & COMFORT/REGULAR/7 PADS/PPH,45,PPH,7 PADS,,1641970562805-care - comfort products nepal -care - comfort .png,RECODING,5,6,92017656,182.25876,116,GREAT BIRAT MEDI - NEPAL,SOFT CARE,SOFT CARE REGULAR,SOFT CARE REGULAR-PPH 10 NOS,PLPCH,10.000 NO,,,10.0,NO,0.0
136,2022-01-13,202201,124265451,1641970562805,99762979,116,CARE & COMFORT PRODUCTS NEPAL ,CARE & COMFORT ,CARE & COMFORT/REGULAR/7 PADS/PPH,45,PPH,7 PADS,,1641970562805-care - comfort products nepal -care - comfort .png,RECODING,5,7,92024881,182.7147,116,INDRENI HYGENIC PRODUCT-NEPAL,LADY CARE,LADY CARE REGULAR,LADY CARE REGULAR-PPH 8 NOS,PLPCH,8.000 NO,,,8.0,NO,0.0
136,2022-01-13,202201,124265451,1641970562805,99762979,116,CARE & COMFORT PRODUCTS NEPAL ,CARE & COMFORT ,CARE & COMFORT/REGULAR/7 PADS/PPH,45,PPH,7 PADS,,1641970562805-care - comfort products nepal -care - comfort .png,RECODING,5,8,51084,182.77632,116,SOFTY HYGIENE PVT LTD-NEPAL,SOFTY,SOFTY,SOFTY-ULTRA SUPER ABSORBENT CORE PPH 6 NO,PLPCH,6.000 NO,,,6.0,NO,0.0
136,2022-01-13,202201,124265451,1641970562805,99762979,116,CARE & COMFORT PRODUCTS NEPAL ,CARE & COMFORT ,CARE & COMFORT/REGULAR/7 PADS/PPH,45,PPH,7 PADS,,1641970562805-care - comfort products nepal -care - comfort .png,RECODING,5,9,92020252,186.17694,116,INTRNL. HYGENIC PRODUCT-NEPAL,ACTIVE ELITE,ACTIVE ELITE ULTRA,ACTIVE ELITE ULTRA-PPH 8 NOS,PLPCH,8.000 NO,,,8.0,NO,0.0
136,2022-01-13,202201,124265451,1641970562805,99762979,116,CARE & COMFORT PRODUCTS NEPAL ,CARE & COMFORT ,CARE & COMFORT/REGULAR/7 PADS/PPH,45,PPH,7 PADS,,1641970562805-care - comfort products nepal -care - comfort .png,RECODING,5,10,47163,186.87494,116,SKY WAY HYGIENE PRODUCTS-NEPAL,SECURE,SECURE,SECURE-REGULAR PPH 8 NO,PLPCH,8.000 NO,,,8.0,NO,0.0
137,2022-01-13,202201,124265451,1641970229012,,120,ROYAL NATIONAL HERBS PVT.LTD NEPAL ,SCAR SHINE ,SCAR SHINE/ANTI MARKS WHITENING FACE SOAP/60GM/CBP,150,CBP,60GM,,1641970229012-royal national herbs pvt-ltd nepal -scar shine .png,PARKER FOR NEXT MONTH,999,1,92519628,131.90556,120,E HERBAL UDHYOG - NEPAL,ROYAL,ROYAL FACE SOAP,ROYAL FACE SOAP- CBP 100 GMS,CDBOX,100.000 GM,,,100.0,GM,0.0
137,2022-01-13,202201,124265451,1641970229012,,120,ROYAL NATIONAL HERBS PVT.LTD NEPAL ,SCAR SHINE ,SCAR SHINE/ANTI MARKS WHITENING FACE SOAP/60GM/CBP,150,CBP,60GM,,1641970229012-royal national herbs pvt-ltd nepal -scar shine .png,PARKER FOR NEXT MONTH,999,2,92520605,140.29118,120,NAMASTE HERBAL UDHYOG NEPAL-NP,SANCHO,SANCHO AYURVEDIC FACE SOAP,SANCHO AYURVEDIC FACE SOAP-NEEM&ROSE CBP 100 GMS,CDBOX,100.000 GM,,,100.0,GM,0.0
137,2022-01-13,202201,124265451,1641970229012,,120,ROYAL NATIONAL HERBS PVT.LTD NEPAL ,SCAR SHINE ,SCAR SHINE/ANTI MARKS WHITENING FACE SOAP/60GM/CBP,150,CBP,60GM,,1641970229012-royal national herbs pvt-ltd nepal -scar shine .png,PARKER FOR NEXT MONTH,999,3,99764078,140.96054,120,NAMASTE HERBAL UDHYOG NEPAL-NP,SANCHO,SANCHO PAPAYA WHITENING,SANCHO PAPAYA WHITENING-TOTAL SKIN CARE CBP 60 GM,CDBOX,60.000 GM,,,60.0,GM,60.0
137,2022-01-13,202201,124265451,1641970229012,,120,ROYAL NATIONAL HERBS PVT.LTD NEPAL ,SCAR SHINE ,SCAR SHINE/ANTI MARKS WHITENING FACE SOAP/60GM/CBP,150,CBP,60GM,,1641970229012-royal national herbs pvt-ltd nepal -scar shine .png,PARKER FOR NEXT MONTH,999,4,92520550,141.06967,120,NAMASTE HERBAL UDHYOG NEPAL-NP,SANCHO,SANCHO AYURVEDIC FACE SOAP,SANCHO AYURVEDIC FACE SOAP-NEEM&ROSE CBP 50 GMS,CDBOX,50.000 GM,,,50.0,GM,0.0
137,2022-01-13,202201,124265451,1641970229012,,120,ROYAL NATIONAL HERBS PVT.LTD NEPAL ,SCAR SHINE ,SCAR SHINE/ANTI MARKS WHITENING FACE SOAP/60GM/CBP,150,CBP,60GM,,1641970229012-royal national herbs pvt-ltd nepal -scar shine .png,PARKER FOR NEXT MONTH,999,5,92519431,141.44376,120,D.S HERBAL LTD-NEPAL,ROSE MIX,ROSE MIX FACE SOAP,ROSE MIX FACE SOAP- CBP 40 GMS,CDBOX,40.000 GM,,,40.0,GM,0.0
137,2022-01-13,202201,124265451,1641970229012,,120,ROYAL NATIONAL HERBS PVT.LTD NEPAL ,SCAR SHINE ,SCAR SHINE/ANTI MARKS WHITENING FACE SOAP/60GM/CBP,150,CBP,60GM,,1641970229012-royal national herbs pvt-ltd nepal -scar shine .png,PARKER FOR NEXT MONTH,999,6,92519473,142.06705,120,D.S HERBAL LTD-NEPAL,D S FACE SOAP,D S FACE SOAP,D S FACE SOAP- CBP 40 GMS,CDBOX,40.000 GM,,,40.0,ML,0.0
137,2022-01-13,202201,124265451,1641970229012,,120,ROYAL NATIONAL HERBS PVT.LTD NEPAL ,SCAR SHINE ,SCAR SHINE/ANTI MARKS WHITENING FACE SOAP/60GM/CBP,150,CBP,60GM,,1641970229012-royal national herbs pvt-ltd nepal -scar shine .png,PARKER FOR NEXT MONTH,999,7,92519574,142.30772,120,E HERBAL UDHYOG - NEPAL,ROYAL,ROYAL FACE SOAP,ROYAL FACE SOAP- CBP 40 GMS,CDBOX,40.000 GM,,,40.0,GM,0.0
137,2022-01-13,202201,124265451,1641970229012,,120,ROYAL NATIONAL HERBS PVT.LTD NEPAL ,SCAR SHINE ,SCAR SHINE/ANTI MARKS WHITENING FACE SOAP/60GM/CBP,150,CBP,60GM,,1641970229012-royal national herbs pvt-ltd nepal -scar shine .png,PARKER FOR NEXT MONTH,999,8,92523060,145.1707,120,NATURAL SOAP INDUSTRIES-NEPAL,NATURAL,NATURAL PAPAYA WHITENING SOAP,NATURAL PAPAYA WHITENING SOAP-CBP 50 GMS,CDBOX,50.000 GM,,,50.0,GM,0.0
137,2022-01-13,202201,124265451,1641970229012,,120,ROYAL NATIONAL HERBS PVT.LTD NEPAL ,SCAR SHINE ,SCAR SHINE/ANTI MARKS WHITENING FACE SOAP/60GM/CBP,150,CBP,60GM,,1641970229012-royal national herbs pvt-ltd nepal -scar shine .png,PARKER FOR NEXT MONTH,999,9,92521398,145.36316,120,NATURAL SOAP INDUSTRIES-NEPAL,NATURAL,NATURAL PAPAYA WHITENING SOAP,NATURAL PAPAYA WHITENING SOAP-CBP 130 GMS,CDBOX,130.000 GM,,,130.0,GM,0.0
137,2022-01-13,202201,124265451,1641970229012,,120,ROYAL NATIONAL HERBS PVT.LTD NEPAL ,SCAR SHINE ,SCAR SHINE/ANTI MARKS WHITENING FACE SOAP/60GM/CBP,150,CBP,60GM,,1641970229012-royal national herbs pvt-ltd nepal -scar shine .png,PARKER FOR NEXT MONTH,999,10,92521333,145.7988,120,SAYAPATRI HERBAL UDHYOG-NEPAL,SAYAPATRI,SAYAPATRI WHITENING FACE SOAP,SAYAPATRI WHITENING FACE SOAP-PAPAYA CBP 60G,CDBOX,60.000 GM,,,60.0,GM,0.0
138,2022-01-13,202201,124265451,1641971011905,99762996,132,SOFTY HYGIENE PVT LTD-NEPAL,SOFTY BABY PANT,SOFTY BABY PANT/M CRAWLER/4 PICES/PPH,90,PPH,4 PICES,,1641971011905-softy hygiene pvt ltd-nepal-softy baby pant.png,RECODING,5,1,99762787,48.16508,132,SOFTY HYGIENE PVT LTD-NEPAL,SOFTY,SOFTY BABY PANT,SOFTY BABY PANT-SMALL(S) PPH 4 NOS,PLPCH,4.000 NO,,,4.0,NO,80.0
138,2022-01-13,202201,124265451,1641971011905,99762996,132,SOFTY HYGIENE PVT LTD-NEPAL,SOFTY BABY PANT,SOFTY BABY PANT/M CRAWLER/4 PICES/PPH,90,PPH,4 PICES,,1641971011905-softy hygiene pvt ltd-nepal-softy baby pant.png,RECODING,5,2,99762996,49.757637,132,SOFTY HYGIENE PVT LTD-NEPAL,SOFTY,SOFTY BABY PANT,SOFTY BABY PANT-MEDIUM(M) PPH 4 NOS,PLPCH,4.000 NO,,,4.0,NO,90.0
138,2022-01-13,202201,124265451,1641971011905,99762996,132,SOFTY HYGIENE PVT LTD-NEPAL,SOFTY BABY PANT,SOFTY BABY PANT/M CRAWLER/4 PICES/PPH,90,PPH,4 PICES,,1641971011905-softy hygiene pvt ltd-nepal-softy baby pant.png,RECODING,5,3,99762734,54.80609,132,SOFTY HYGIENE PVT LTD-NEPAL,SOFTY,SOFTY BABY PANT,SOFTY BABY PANT-LARGE(L) PPH 4 NOS,PLPCH,4.000 NO,,,4.0,NO,100.0
138,2022-01-13,202201,124265451,1641971011905,99762996,132,SOFTY HYGIENE PVT LTD-NEPAL,SOFTY BABY PANT,SOFTY BABY PANT/M CRAWLER/4 PICES/PPH,90,PPH,4 PICES,,1641971011905-softy hygiene pvt ltd-nepal-softy baby pant.png,RECODING,5,4,99763183,137.1978,132,BRAJESHWORI INDUSTRIES-NEPAL,TENDER TOUCH,TENDER TOUCH BABY PULL UP PANTS,TENDER TOUCH BABY PULL UP PANTS-MEDIUM(M) PPH 5 NOS,PLPCH,5.000 NO,,,5.0,NO,100.0
138,2022-01-13,202201,124265451,1641971011905,99762996,132,SOFTY HYGIENE PVT LTD-NEPAL,SOFTY BABY PANT,SOFTY BABY PANT/M CRAWLER/4 PICES/PPH,90,PPH,4 PICES,,1641971011905-softy hygiene pvt ltd-nepal-softy baby pant.png,RECODING,5,5,99763184,142.01483,132,BRAJESHWORI INDUSTRIES-NEPAL,TENDER TOUCH,TENDER TOUCH BABY PULL UP PANTS,TENDER TOUCH BABY PULL UP PANTS-SMALL(S) PPH 5 NOS,PLPCH,5.000 NO,,,5.0,NO,100.0
138,2022-01-13,202201,124265451,1641971011905,99762996,132,SOFTY HYGIENE PVT LTD-NEPAL,SOFTY BABY PANT,SOFTY BABY PANT/M CRAWLER/4 PICES/PPH,90,PPH,4 PICES,,1641971011905-softy hygiene pvt ltd-nepal-softy baby pant.png,RECODING,5,6,99763075,146.99686,132,BRAJESHWORI INDUSTRIES-NEPAL,TENDER TOUCH,TENDER TOUCH BABY PULL UP PANTS,TENDER TOUCH BABY PULL UP PANTS-LARGE(L) PPH 5 NOS,PLPCH,5.000 NO,,,5.0,NO,100.0
138,2022-01-13,202201,124265451,1641971011905,99762996,132,SOFTY HYGIENE PVT LTD-NEPAL,SOFTY BABY PANT,SOFTY BABY PANT/M CRAWLER/4 PICES/PPH,90,PPH,4 PICES,,1641971011905-softy hygiene pvt ltd-nepal-softy baby pant.png,RECODING,5,7,99762998,152.72208,132,JASMINE HYGIENIC - NEPAL,SOFTLOVE,SOFTLOVE,SOFTLOVE-PANT STYLE DIAPER MEDIUM(M) PPH 4+1NOS,PLPCH,4.000 NO,,,5.0,NO,100.0
138,2022-01-13,202201,124265451,1641971011905,99762996,132,SOFTY HYGIENE PVT LTD-NEPAL,SOFTY BABY PANT,SOFTY BABY PANT/M CRAWLER/4 PICES/PPH,90,PPH,4 PICES,,1641971011905-softy hygiene pvt ltd-nepal-softy baby pant.png,RECODING,5,8,99762999,153.34987,132,JASMINE HYGIENIC - NEPAL,SOFTLOVE,SOFTLOVE,SOFTLOVE-PANT STYLE DIAPER LARGE(L) PPH 4+1NOS,PLPCH,4.000 NO,,,5.0,NO,100.0
138,2022-01-13,202201,124265451,1641971011905,99762996,132,SOFTY HYGIENE PVT LTD-NEPAL,SOFTY BABY PANT,SOFTY BABY PANT/M CRAWLER/4 PICES/PPH,90,PPH,4 PICES,,1641971011905-softy hygiene pvt ltd-nepal-softy baby pant.png,RECODING,5,9,99763208,154.69379,132,BRAJESHWORI INDUSTRIES-NEPAL,NYANO,NYANO BABY PULL UP PANTS,NYANO BABY PULL UP PANTS-MEDIUM(M) PPH 5 NOS,PLPCH,5.000 NO,,,5.0,NO,100.0
138,2022-01-13,202201,124265451,1641971011905,99762996,132,SOFTY HYGIENE PVT LTD-NEPAL,SOFTY BABY PANT,SOFTY BABY PANT/M CRAWLER/4 PICES/PPH,90,PPH,4 PICES,,1641971011905-softy hygiene pvt ltd-nepal-softy baby pant.png,RECODING,5,10,99764818,157.03262,132,GLOW INTERNATIONAL PVT LTD-NEPAL,NANA,NANA BABY PANTS,NANA BABY PANTS-MEDIUM(M) PPH 4 NOS,PLPCH,4.000 NO,,,4.0,NO,100.0
139,2022-01-13,202201,121609101,1641968079261,99762971,106,SUJAL FOODS PVT LTD-NEPAL,SMART LOLLIPOP ,SMART LOLLYPOP PINEAPPLE ,5,PPH,10GM,,1641968079261-sujal foods pvt ltd-nepal-smart lollipop .png,RECODING,5,1,99762971,26.281115,106,SUJAL FOODS PVT LTD-NEPAL,SMART,SMART LOLLYPOP,SMART LOLLYPOP-PINEAPPLE PPH 10 GM,PLPCH,10.000 GM,PINEAPPLE,,10.0,GM,5.0
139,2022-01-13,202201,121609101,1641968079261,99762971,106,SUJAL FOODS PVT LTD-NEPAL,SMART LOLLIPOP ,SMART LOLLYPOP PINEAPPLE ,5,PPH,10GM,,1641968079261-sujal foods pvt ltd-nepal-smart lollipop .png,RECODING,5,2,99764457,38.308838,106,SUJAL FOODS PVT LTD-NEPAL,SMART,SMART LOLLYPOP,SMART LOLLYPOP- PINEAPPLE EWP 9 GM,EWRPK,9.000 GM,PINEAPPLE,,9.0,GM,5.0
139,2022-01-13,202201,121609101,1641968079261,99762971,106,SUJAL FOODS PVT LTD-NEPAL,SMART LOLLIPOP ,SMART LOLLYPOP PINEAPPLE ,5,PPH,10GM,,1641968079261-sujal foods pvt ltd-nepal-smart lollipop .png,RECODING,5,3,99764501,42.192364,106,SUJAL FOODS PVT LTD-NEPAL,SMART,SMART LOLLYPOP,SMART LOLLYPOP- PINEAPPLE PCN 900 GM,PLJAR,900.000 GM,PINEAPPLE,,900.0,GM,330.0
139,2022-01-13,202201,121609101,1641968079261,99762971,106,SUJAL FOODS PVT LTD-NEPAL,SMART LOLLIPOP ,SMART LOLLYPOP PINEAPPLE ,5,PPH,10GM,,1641968079261-sujal foods pvt ltd-nepal-smart lollipop .png,RECODING,5,4,50447,63.985832,106,SUJAL FOODS PVT LTD-NEPAL,SMART,SMART LOLLYPOP,SMART LOLLYPOP-WATERMELON PPH 10 GM,PLPCH,10.000 GM,WATER MELON,,10.0,GM,0.0
139,2022-01-13,202201,121609101,1641968079261,99762971,106,SUJAL FOODS PVT LTD-NEPAL,SMART LOLLIPOP ,SMART LOLLYPOP PINEAPPLE ,5,PPH,10GM,,1641968079261-sujal foods pvt ltd-nepal-smart lollipop .png,RECODING,5,5,54702,67.472824,106,SUJAL FOODS PVT LTD-NEPAL,SMART,SMART LOLLYPOP,SMART LOLLYPOP- COLA PPH 10 GM,PLPCH,10.000 GM,COLA,,10.0,GM,0.0
139,2022-01-13,202201,121609101,1641968079261,99762971,106,SUJAL FOODS PVT LTD-NEPAL,SMART LOLLIPOP ,SMART LOLLYPOP PINEAPPLE ,5,PPH,10GM,,1641968079261-sujal foods pvt ltd-nepal-smart lollipop .png,RECODING,5,6,91826264,67.80127,106,SUJAL FOODS PVT LTD-NEPAL,SMART,SMART LOLLYPOP,SMART LOLLYPOP- ORANGE PPH 6 GM,PLPCH,6.000 GM,ORANGE,,6.0,GM,0.0
139,2022-01-13,202201,121609101,1641968079261,99762971,106,SUJAL FOODS PVT LTD-NEPAL,SMART LOLLIPOP ,SMART LOLLYPOP PINEAPPLE ,5,PPH,10GM,,1641968079261-sujal foods pvt ltd-nepal-smart lollipop .png,RECODING,5,7,99763725,68.6642,106,SUJAL FOODS PVT LTD-NEPAL,SMART,SMART LOLLYPOP,SMART LOLLYPOP- PULPY ORANGE EWP 10 GM,EWRPK,10.000 GM,ORANGE,,10.0,GM,5.0
139,2022-01-13,202201,121609101,1641968079261,99762971,106,SUJAL FOODS PVT LTD-NEPAL,SMART LOLLIPOP ,SMART LOLLYPOP PINEAPPLE ,5,PPH,10GM,,1641968079261-sujal foods pvt ltd-nepal-smart lollipop .png,RECODING,5,8,46734,70.26491,106,SUJAL FOODS PVT LTD-NEPAL,SMART,SMART LOLLYPOP,SMART LOLLYPOP- LITCHI PPH 10 GM,PLPCH,10.000 GM,LYCHEE,,10.0,GM,0.0
139,2022-01-13,202201,121609101,1641968079261,99762971,106,SUJAL FOODS PVT LTD-NEPAL,SMART LOLLIPOP ,SMART LOLLYPOP PINEAPPLE ,5,PPH,10GM,,1641968079261-sujal foods pvt ltd-nepal-smart lollipop .png,RECODING,5,9,91826266,71.4587,106,SUJAL FOODS PVT LTD-NEPAL,SMART,SMART LOLLYPOP,SMART LOLLYPOP- COLA PPH 6 GM,PLPCH,6.000 GM,COLA,,6.0,GM,0.0
139,2022-01-13,202201,121609101,1641968079261,99762971,106,SUJAL FOODS PVT LTD-NEPAL,SMART LOLLIPOP ,SMART LOLLYPOP PINEAPPLE ,5,PPH,10GM,,1641968079261-sujal foods pvt ltd-nepal-smart lollipop .png,RECODING,5,10,99764739,72.85568,106,SUJAL FOODS PVT LTD-NEPAL,SMART,SMART LOLLYPOP,SMART LOLLYPOP- PULPY ORANGE PCN 1000 GM,PLJAR,1000.000 GM,ORANGE,,1000.0,GM,500.0
140,2022-01-13,202201,124618740,1641970869382,,123,UNIQUE SOAP AND CHEMICAL INDUSTRIES NEPAL ,UNIQUE FRESH,UNIQUE FRESH DISHWASH BAR,10,,100GM,,1641970869382-unique soap and chemical industries nepal -unique fresh.png,PARKER FOR NEXT MONTH,999,1,99763286,42.010708,123,UNIQUE SOAP & CHEMICAL IND.-NEPAL,UNIQUE,UNIQUE FRESH,UNIQUE FRESH-DISHWASH BAR PPH 100 GM,PLPCH,100.000 GM,,,100.0,GM,10.0
140,2022-01-13,202201,124618740,1641970869382,,123,UNIQUE SOAP AND CHEMICAL INDUSTRIES NEPAL ,UNIQUE FRESH,UNIQUE FRESH DISHWASH BAR,10,,100GM,,1641970869382-unique soap and chemical industries nepal -unique fresh.png,PARKER FOR NEXT MONTH,999,2,99764154,47.256798,123,UNIQUE SOAP & CHEMICAL IND.-NEPAL,UNIQUE,UNIQUE FRESH,UNIQUE FRESH-DISHWASH BAR PPH 200 GM,PLPCH,200.000 GM,,,200.0,GM,20.0
140,2022-01-13,202201,124618740,1641970869382,,123,UNIQUE SOAP AND CHEMICAL INDUSTRIES NEPAL ,UNIQUE FRESH,UNIQUE FRESH DISHWASH BAR,10,,100GM,,1641970869382-unique soap and chemical industries nepal -unique fresh.png,PARKER FOR NEXT MONTH,999,3,99764370,120.8817,123,UNIQUE SOAP & CHEMICAL IND.-NEPAL,UNIQUE,UNIQUE GAUNLE,UNIQUE GAUNLE-LAUNDRY SOAP PPH 250 GM,PLPCH,250.000 GM,,,250.0,GM,50.0
140,2022-01-13,202201,124618740,1641970869382,,123,UNIQUE SOAP AND CHEMICAL INDUSTRIES NEPAL ,UNIQUE FRESH,UNIQUE FRESH DISHWASH BAR,10,,100GM,,1641970869382-unique soap and chemical industries nepal -unique fresh.png,PARKER FOR NEXT MONTH,999,4,99763199,135.12267,123,SNEHA SOAP & CHEMICAL INDUSTRIES-NEPAL,SNEHA'S,SNEHA'S SUPER SHINE,SNEHA'S SUPER SHINE-DISHWASH BAR PPH 100 GM,PLPCH,100.000 GM,,,100.0,GM,10.0
140,2022-01-13,202201,124618740,1641970869382,,123,UNIQUE SOAP AND CHEMICAL INDUSTRIES NEPAL ,UNIQUE FRESH,UNIQUE FRESH DISHWASH BAR,10,,100GM,,1641970869382-unique soap and chemical industries nepal -unique fresh.png,PARKER FOR NEXT MONTH,999,5,50173,145.19946,123,GOPAL SOAP INDUSTRIES - NEPAL,V SERIES,V SERIES,V SERIES-DISHWASH BAR PPH 70 GM,PLPCH,70.000 GM,,,70.0,GM,0.0
140,2022-01-13,202201,124618740,1641970869382,,123,UNIQUE SOAP AND CHEMICAL INDUSTRIES NEPAL ,UNIQUE FRESH,UNIQUE FRESH DISHWASH BAR,10,,100GM,,1641970869382-unique soap and chemical industries nepal -unique fresh.png,PARKER FOR NEXT MONTH,999,6,92926646,150.12607,123,K. CHEMICAL-NEPAL,123,123,123-DISHWASH BAR PCN-400 GM,PLJAR,400.000 GM,,,400.0,GM,0.0
140,2022-01-13,202201,124618740,1641970869382,,123,UNIQUE SOAP AND CHEMICAL INDUSTRIES NEPAL ,UNIQUE FRESH,UNIQUE FRESH DISHWASH BAR,10,,100GM,,1641970869382-unique soap and chemical industries nepal -unique fresh.png,PARKER FOR NEXT MONTH,999,7,92962395,151.13857,123,K. CHEMICAL-NEPAL,123,123,123-DISHWASH BAR PCN-400 GM+SCRUBBER FREE,PLJAR,400.000 GM,,,400.0,GM,0.0
140,2022-01-13,202201,124618740,1641970869382,,123,UNIQUE SOAP AND CHEMICAL INDUSTRIES NEPAL ,UNIQUE FRESH,UNIQUE FRESH DISHWASH BAR,10,,100GM,,1641970869382-unique soap and chemical industries nepal -unique fresh.png,PARKER FOR NEXT MONTH,999,8,99763076,152.05727,123,BABA SOAP INDUSTRIES - NEPAL,MAGIC,MAGIC,MAGIC-HERBAL DISHWASH BAR PPH 95 GM,PLPCH,95.000 GM,,,95.0,GM,10.0
140,2022-01-13,202201,124618740,1641970869382,,123,UNIQUE SOAP AND CHEMICAL INDUSTRIES NEPAL ,UNIQUE FRESH,UNIQUE FRESH DISHWASH BAR,10,,100GM,,1641970869382-unique soap and chemical industries nepal -unique fresh.png,PARKER FOR NEXT MONTH,999,9,53912,152.8983,123,HIMGIRI SOAP & CHEMICALS-NEPAL,NIRMA,NIRMA,NIRMA-HERBAL DISHWASH BAR PPH 200 GM,PLPCH,200.000 GM,,,200.0,GM,0.0
140,2022-01-13,202201,124618740,1641970869382,,123,UNIQUE SOAP AND CHEMICAL INDUSTRIES NEPAL ,UNIQUE FRESH,UNIQUE FRESH DISHWASH BAR,10,,100GM,,1641970869382-unique soap and chemical industries nepal -unique fresh.png,PARKER FOR NEXT MONTH,999,10,99764811,156.4707,123,BABA SOAP INDUSTRIES - NEPAL,BABA,BABA MAGIC,BABA MAGIC-HERBA DISHWASH BAR PPH 150 GM,PLPCH,150.000 GM,,,150.0,GM,20.0
141,2022-01-13,202201,124618740,1641968079261,99762971,106,SUJAL FOODS PVT LTD-NEPAL,SMART LOLLIPOP ,SMART LOLLYPOP PINEAPPLE ,5,PPH,10GM,,1641968079261-sujal foods pvt ltd-nepal-smart lollipop .png,RECODING,5,1,99762971,26.281115,106,SUJAL FOODS PVT LTD-NEPAL,SMART,SMART LOLLYPOP,SMART LOLLYPOP-PINEAPPLE PPH 10 GM,PLPCH,10.000 GM,PINEAPPLE,,10.0,GM,5.0
141,2022-01-13,202201,124618740,1641968079261,99762971,106,SUJAL FOODS PVT LTD-NEPAL,SMART LOLLIPOP ,SMART LOLLYPOP PINEAPPLE ,5,PPH,10GM,,1641968079261-sujal foods pvt ltd-nepal-smart lollipop .png,RECODING,5,2,99764457,38.308838,106,SUJAL FOODS PVT LTD-NEPAL,SMART,SMART LOLLYPOP,SMART LOLLYPOP- PINEAPPLE EWP 9 GM,EWRPK,9.000 GM,PINEAPPLE,,9.0,GM,5.0
141,2022-01-13,202201,124618740,1641968079261,99762971,106,SUJAL FOODS PVT LTD-NEPAL,SMART LOLLIPOP ,SMART LOLLYPOP PINEAPPLE ,5,PPH,10GM,,1641968079261-sujal foods pvt ltd-nepal-smart lollipop .png,RECODING,5,3,99764501,42.192364,106,SUJAL FOODS PVT LTD-NEPAL,SMART,SMART LOLLYPOP,SMART LOLLYPOP- PINEAPPLE PCN 900 GM,PLJAR,900.000 GM,PINEAPPLE,,900.0,GM,330.0
141,2022-01-13,202201,124618740,1641968079261,99762971,106,SUJAL FOODS PVT LTD-NEPAL,SMART LOLLIPOP ,SMART LOLLYPOP PINEAPPLE ,5,PPH,10GM,,1641968079261-sujal foods pvt ltd-nepal-smart lollipop .png,RECODING,5,4,50447,63.985832,106,SUJAL FOODS PVT LTD-NEPAL,SMART,SMART LOLLYPOP,SMART LOLLYPOP-WATERMELON PPH 10 GM,PLPCH,10.000 GM,WATER MELON,,10.0,GM,0.0
141,2022-01-13,202201,124618740,1641968079261,99762971,106,SUJAL FOODS PVT LTD-NEPAL,SMART LOLLIPOP ,SMART LOLLYPOP PINEAPPLE ,5,PPH,10GM,,1641968079261-sujal foods pvt ltd-nepal-smart lollipop .png,RECODING,5,5,54702,67.472824,106,SUJAL FOODS PVT LTD-NEPAL,SMART,SMART LOLLYPOP,SMART LOLLYPOP- COLA PPH 10 GM,PLPCH,10.000 GM,COLA,,10.0,GM,0.0
141,2022-01-13,202201,124618740,1641968079261,99762971,106,SUJAL FOODS PVT LTD-NEPAL,SMART LOLLIPOP ,SMART LOLLYPOP PINEAPPLE ,5,PPH,10GM,,1641968079261-sujal foods pvt ltd-nepal-smart lollipop .png,RECODING,5,6,91826264,67.80127,106,SUJAL FOODS PVT LTD-NEPAL,SMART,SMART LOLLYPOP,SMART LOLLYPOP- ORANGE PPH 6 GM,PLPCH,6.000 GM,ORANGE,,6.0,GM,0.0
141,2022-01-13,202201,124618740,1641968079261,99762971,106,SUJAL FOODS PVT LTD-NEPAL,SMART LOLLIPOP ,SMART LOLLYPOP PINEAPPLE ,5,PPH,10GM,,1641968079261-sujal foods pvt ltd-nepal-smart lollipop .png,RECODING,5,7,99763725,68.6642,106,SUJAL FOODS PVT LTD-NEPAL,SMART,SMART LOLLYPOP,SMART LOLLYPOP- PULPY ORANGE EWP 10 GM,EWRPK,10.000 GM,ORANGE,,10.0,GM,5.0
141,2022-01-13,202201,124618740,1641968079261,99762971,106,SUJAL FOODS PVT LTD-NEPAL,SMART LOLLIPOP ,SMART LOLLYPOP PINEAPPLE ,5,PPH,10GM,,1641968079261-sujal foods pvt ltd-nepal-smart lollipop .png,RECODING,5,8,46734,70.26491,106,SUJAL FOODS PVT LTD-NEPAL,SMART,SMART LOLLYPOP,SMART LOLLYPOP- LITCHI PPH 10 GM,PLPCH,10.000 GM,LYCHEE,,10.0,GM,0.0
141,2022-01-13,202201,124618740,1641968079261,99762971,106,SUJAL FOODS PVT LTD-NEPAL,SMART LOLLIPOP ,SMART LOLLYPOP PINEAPPLE ,5,PPH,10GM,,1641968079261-sujal foods pvt ltd-nepal-smart lollipop .png,RECODING,5,9,91826266,71.4587,106,SUJAL FOODS PVT LTD-NEPAL,SMART,SMART LOLLYPOP,SMART LOLLYPOP- COLA PPH 6 GM,PLPCH,6.000 GM,COLA,,6.0,GM,0.0
141,2022-01-13,202201,124618740,1641968079261,99762971,106,SUJAL FOODS PVT LTD-NEPAL,SMART LOLLIPOP ,SMART LOLLYPOP PINEAPPLE ,5,PPH,10GM,,1641968079261-sujal foods pvt ltd-nepal-smart lollipop .png,RECODING,5,10,99764739,72.85568,106,SUJAL FOODS PVT LTD-NEPAL,SMART,SMART LOLLYPOP,SMART LOLLYPOP- PULPY ORANGE PCN 1000 GM,PLJAR,1000.000 GM,ORANGE,,1000.0,GM,500.0
142,2022-01-13,202201,123927752,1641971998882,99762985,120,GODREJ CONSUMER PRODUCTS-INDIA,NO 1 ,GODREJ/NO1 SANDAL TURMERIC/45GM/EWP,30,EWP,45 GM,,1641971998882-godrej consumer products-india-no 1 .png,RECODING,5,1,99762985,72.81137,120,GODREJ CONSUMER PRODUCTS-INDIA,GODREJ,GODREJ NO.1 BEAUTY SOAP,GODREJ NO.1 BEAUTY SOAP-SANDAL&TURMERIC EWP 45 GM,EWRPK,45.000 GM,,,45.0,GM,30.0
142,2022-01-13,202201,123927752,1641971998882,99762985,120,GODREJ CONSUMER PRODUCTS-INDIA,NO 1 ,GODREJ/NO1 SANDAL TURMERIC/45GM/EWP,30,EWP,45 GM,,1641971998882-godrej consumer products-india-no 1 .png,RECODING,5,2,99763898,74.814514,120,GODREJ CONSUMER PRODUCTS-INDIA,GODREJ,GODREJ NO.1 BEAUTY SOAP,GODREJ NO.1 BEAUTY SOAP-SANDAL TURMERIC EWP 53 GM,EWRPK,53.000 GM,,,53.0,GM,20.0
142,2022-01-13,202201,123927752,1641971998882,99762985,120,GODREJ CONSUMER PRODUCTS-INDIA,NO 1 ,GODREJ/NO1 SANDAL TURMERIC/45GM/EWP,30,EWP,45 GM,,1641971998882-godrej consumer products-india-no 1 .png,RECODING,5,3,92526667,77.34862,120,GODREJ CONSUMER PRODUCTS-INDIA,GODREJ,GODREJ NO.1 BEAUTY SOAP,GODREJ NO.1 BEAUTY SOAP-SANDAL&TURMERIC EWP 30 GM,EWRPK,30.000 GM,,,30.0,GM,0.0
142,2022-01-13,202201,123927752,1641971998882,99762985,120,GODREJ CONSUMER PRODUCTS-INDIA,NO 1 ,GODREJ/NO1 SANDAL TURMERIC/45GM/EWP,30,EWP,45 GM,,1641971998882-godrej consumer products-india-no 1 .png,RECODING,5,4,92523023,77.41988,120,GODREJ CONSUMER PRODUCTS-INDIA,GODREJ,GODREJ NO.1 BEAUTY SOAP,GODREJ NO.1 BEAUTY SOAP-SANDAL&TURMERIC EWP 60 GM,EWRPK,60.000 GM,,,60.0,GM,0.0
142,2022-01-13,202201,123927752,1641971998882,99762985,120,GODREJ CONSUMER PRODUCTS-INDIA,NO 1 ,GODREJ/NO1 SANDAL TURMERIC/45GM/EWP,30,EWP,45 GM,,1641971998882-godrej consumer products-india-no 1 .png,RECODING,5,5,92520937,78.05499,120,GODREJ CONSUMER PRODUCTS-INDIA,GODREJ,GODREJ NO.1 BEAUTY SOAP,GODREJ NO.1 BEAUTY SOAP-SANDAL&TURMERIC EWP 70 GM,EWRPK,70.000 GM,,,70.0,GM,0.0
142,2022-01-13,202201,123927752,1641971998882,99762985,120,GODREJ CONSUMER PRODUCTS-INDIA,NO 1 ,GODREJ/NO1 SANDAL TURMERIC/45GM/EWP,30,EWP,45 GM,,1641971998882-godrej consumer products-india-no 1 .png,RECODING,5,6,99764232,78.19818,120,GODREJ CONSUMER PRODUCTS-INDIA,GODREJ,GODREJ NO.1 BEAUTY SOAP,GODREJ NO.1 BEAUTY SOAP-SANDAL&TURMERIC EWP 61 GM,EWRPK,61.000 GM,,,61.0,GM,20.0
142,2022-01-13,202201,123927752,1641971998882,99762985,120,GODREJ CONSUMER PRODUCTS-INDIA,NO 1 ,GODREJ/NO1 SANDAL TURMERIC/45GM/EWP,30,EWP,45 GM,,1641971998882-godrej consumer products-india-no 1 .png,RECODING,5,7,99762987,78.87883,120,GODREJ CONSUMER PRODUCTS-INDIA,GODREJ,GODREJ NO.1 BEAUTY SOAP,GODREJ NO.1 BEAUTY SOAP-SANDAL&TURMERIC EWP 63 GM,EWRPK,63.000 GM,,,63.0,GM,20.0
142,2022-01-13,202201,123927752,1641971998882,99762985,120,GODREJ CONSUMER PRODUCTS-INDIA,NO 1 ,GODREJ/NO1 SANDAL TURMERIC/45GM/EWP,30,EWP,45 GM,,1641971998882-godrej consumer products-india-no 1 .png,RECODING,5,8,99762517,79.22356,120,GODREJ CONSUMER PRODUCTS-INDIA,GODREJ,GODREJ NO.1 BEAUTY SOAP,GODREJ NO.1 BEAUTY SOAP-SANDAL&TURMERIC EWP 75 GM,EWRPK,75.000 GM,,,75.0,GM,22.0
142,2022-01-13,202201,123927752,1641971998882,99762985,120,GODREJ CONSUMER PRODUCTS-INDIA,NO 1 ,GODREJ/NO1 SANDAL TURMERIC/45GM/EWP,30,EWP,45 GM,,1641971998882-godrej consumer products-india-no 1 .png,RECODING,5,9,52427,79.59761,120,GODREJ CONSUMER PRODUCTS-INDIA,GODREJ,GODREJ NO.1 BEAUTY SOAP,GODREJ NO.1 BEAUTY SOAP-SANDAL TURMERIC EWP 100 GM,EWRPK,100.000 GM,,,100.0,GM,0.0
142,2022-01-13,202201,123927752,1641971998882,99762985,120,GODREJ CONSUMER PRODUCTS-INDIA,NO 1 ,GODREJ/NO1 SANDAL TURMERIC/45GM/EWP,30,EWP,45 GM,,1641971998882-godrej consumer products-india-no 1 .png,RECODING,5,10,92562244,79.83954,120,GODREJ CONSUMER PRODUCTS-INDIA,GODREJ,GODREJ NO.1 BEAUTY SOAP,GODREJ NO.1 BEAUTY SOAP-SANDAL&TURMERIC EWP 58GM+20%,EWRPK,58.000 GM,,,69.6,GM,0.0
143,2022-01-13,202201,527374310035,1641982997935,99762972,106,SAGUN FOODS PVT LTD-NEPAL,FUNNY HALLZ,FUNNY HALLZ\3.1\GM,1,PPH,3.1GM,,1641982997935-sagun foods pvt ltd-nepal-funny hallz.png,RECODING,5,1,99762972,37.344532,106,SAGUN FOODS PVT LTD-NEPAL,FUNNY,FUNNY HALLZ,FUNNY HALLZ-COOL MINT PPH 3 GM,PLPCH,3.000 GM,MINT,,3.0,GM,1.0
143,2022-01-13,202201,527374310035,1641982997935,99762972,106,SAGUN FOODS PVT LTD-NEPAL,FUNNY HALLZ,FUNNY HALLZ\3.1\GM,1,PPH,3.1GM,,1641982997935-sagun foods pvt ltd-nepal-funny hallz.png,RECODING,5,2,48933,52.51778,106,SAGUN FOODS PVT LTD-NEPAL,FUNNY,FUNNY,FUNNY-FRUITS SWEET PPH 3 GM,PLPCH,3.000 GM,UNSPECIFIED,,3.0,GM,0.0
143,2022-01-13,202201,527374310035,1641982997935,99762972,106,SAGUN FOODS PVT LTD-NEPAL,FUNNY HALLZ,FUNNY HALLZ\3.1\GM,1,PPH,3.1GM,,1641982997935-sagun foods pvt ltd-nepal-funny hallz.png,RECODING,5,3,46527,55.90451,106,SAGUN FOODS PVT LTD-NEPAL,FUNNY,FUNNY,FUNNY- PREMIUM SWEET PPH 2.2 GM,PLPCH,2.200 GM,UNSPECIFIED,,2.2,GM,0.0
143,2022-01-13,202201,527374310035,1641982997935,99762972,106,SAGUN FOODS PVT LTD-NEPAL,FUNNY HALLZ,FUNNY HALLZ\3.1\GM,1,PPH,3.1GM,,1641982997935-sagun foods pvt ltd-nepal-funny hallz.png,RECODING,5,4,45923,57.435005,106,SAGUN FOODS PVT LTD-NEPAL,FUNNY,FUNNY,FUNNY-PREMIUM SWEET PPH 2.5 GM,PLPCH,2.500 GM,UNSPECIFIED,,2.5,GM,0.0
143,2022-01-13,202201,527374310035,1641982997935,99762972,106,SAGUN FOODS PVT LTD-NEPAL,FUNNY HALLZ,FUNNY HALLZ\3.1\GM,1,PPH,3.1GM,,1641982997935-sagun foods pvt ltd-nepal-funny hallz.png,RECODING,5,5,48941,59.13018,106,SAGUN FOODS PVT LTD-NEPAL,FUNNY,FUNNY,FUNNY-ORANGE PPH 4 GM,PLPCH,4.000 GM,ORANGE,,4.0,GM,0.0
143,2022-01-13,202201,527374310035,1641982997935,99762972,106,SAGUN FOODS PVT LTD-NEPAL,FUNNY HALLZ,FUNNY HALLZ\3.1\GM,1,PPH,3.1GM,,1641982997935-sagun foods pvt ltd-nepal-funny hallz.png,RECODING,5,6,48940,75.31477,106,SAGUN FOODS PVT LTD-NEPAL,FUNNY,FUNNY,FUNNY-MANGO PPH 4 GM,PLPCH,4.000 GM,MANGO,,4.0,GM,0.0
143,2022-01-13,202201,527374310035,1641982997935,99762972,106,SAGUN FOODS PVT LTD-NEPAL,FUNNY HALLZ,FUNNY HALLZ\3.1\GM,1,PPH,3.1GM,,1641982997935-sagun foods pvt ltd-nepal-funny hallz.png,RECODING,5,7,99763624,79.71012,106,SAGUN FOODS PVT LTD-NEPAL,FUNNY,FUNNY CHULBULE HAJMA CANDY,FUNNY CHULBULE HAJMA CANDY-PPH 3.5 GM,PLPCH,3.500 GM,UNSPECIFIED,,3.5,GM,1.0
143,2022-01-13,202201,527374310035,1641982997935,99762972,106,SAGUN FOODS PVT LTD-NEPAL,FUNNY HALLZ,FUNNY HALLZ\3.1\GM,1,PPH,3.1GM,,1641982997935-sagun foods pvt ltd-nepal-funny hallz.png,RECODING,5,8,91826837,81.33954,106,SAGUN FOODS PVT LTD-NEPAL,FUNNY,FUNNY,FUNNY- LICHY PPH 4 GM,PLPCH,4.000 GM,LYCHEE,,4.0,GM,0.0
143,2022-01-13,202201,527374310035,1641982997935,99762972,106,SAGUN FOODS PVT LTD-NEPAL,FUNNY HALLZ,FUNNY HALLZ\3.1\GM,1,PPH,3.1GM,,1641982997935-sagun foods pvt ltd-nepal-funny hallz.png,RECODING,5,9,48942,82.534256,106,SAGUN FOODS PVT LTD-NEPAL,FUNNY,FUNNY,FUNNY-LEMON PPH 4 GM,PLPCH,4.000 GM,LEMON,,4.0,GM,0.0
143,2022-01-13,202201,527374310035,1641982997935,99762972,106,SAGUN FOODS PVT LTD-NEPAL,FUNNY HALLZ,FUNNY HALLZ\3.1\GM,1,PPH,3.1GM,,1641982997935-sagun foods pvt ltd-nepal-funny hallz.png,RECODING,5,10,91827170,90.53497,106,SAGUN FOODS PVT LTD-NEPAL,FUNNY,FUNNY MANGO,FUNNY MANGO- SWEET & CHOCOLATE PPH 2.2 GM,PLPCH,2.200 GM,SWEET & CHOCOLATE,,2.2,GM,0.0
144,2022-01-13,202201,527373110006,1641973220029,,123,HIMGIRI HYGIENE PVT LTD-NEPAL,BIJAYA SUPER,BIJAYA SUPER\300\GM,43,PPH,300GM,,1641973220029-himgiri hygiene pvt ltd-nepal-bijaya super.png,PARKER FOR NEXT MONTH,999,1,99763506,74.17523,123,HIMGIRI HYGIENE PVT LTD-NEPAL,SHOVA,SHOVA,SHOVA-PPH 300 GM,PLPCH,300.000 GM,,,300.0,GM,50.0
144,2022-01-13,202201,527373110006,1641973220029,,123,HIMGIRI HYGIENE PVT LTD-NEPAL,BIJAYA SUPER,BIJAYA SUPER\300\GM,43,PPH,300GM,,1641973220029-himgiri hygiene pvt ltd-nepal-bijaya super.png,PARKER FOR NEXT MONTH,999,2,99763163,78.35438,123,HIMGIRI HYGIENE PVT LTD-NEPAL,SHOVA,SHOVA,SHOVA-PPH 200 GM,PLPCH,200.000 GM,,,200.0,GM,40.0
144,2022-01-13,202201,527373110006,1641973220029,,123,HIMGIRI HYGIENE PVT LTD-NEPAL,BIJAYA SUPER,BIJAYA SUPER\300\GM,43,PPH,300GM,,1641973220029-himgiri hygiene pvt ltd-nepal-bijaya super.png,PARKER FOR NEXT MONTH,999,3,99763248,79.33003,123,HIMGIRI HYGIENE PVT LTD-NEPAL,SHOVA,SHOVA,SHOVA-PPH 125 GM,PLPCH,125.000 GM,,,125.0,GM,20.0
144,2022-01-13,202201,527373110006,1641973220029,,123,HIMGIRI HYGIENE PVT LTD-NEPAL,BIJAYA SUPER,BIJAYA SUPER\300\GM,43,PPH,300GM,,1641973220029-himgiri hygiene pvt ltd-nepal-bijaya super.png,PARKER FOR NEXT MONTH,999,4,99763002,82.67195,123,HIMGIRI HYGIENE PVT LTD-NEPAL,SHAKTI,SHAKTI,SHAKTI-PPH 250 GM,PLPCH,250.000 GM,,,250.0,GM,40.0
144,2022-01-13,202201,527373110006,1641973220029,,123,HIMGIRI HYGIENE PVT LTD-NEPAL,BIJAYA SUPER,BIJAYA SUPER\300\GM,43,PPH,300GM,,1641973220029-himgiri hygiene pvt ltd-nepal-bijaya super.png,PARKER FOR NEXT MONTH,999,5,99763554,86.40752,123,HIMGIRI HYGIENE PVT LTD-NEPAL,SHAKTI,SHAKTI,SHAKTI-PPH 200 GM,PLPCH,200.000 GM,,,200.0,GM,40.0
144,2022-01-13,202201,527373110006,1641973220029,,123,HIMGIRI HYGIENE PVT LTD-NEPAL,BIJAYA SUPER,BIJAYA SUPER\300\GM,43,PPH,300GM,,1641973220029-himgiri hygiene pvt ltd-nepal-bijaya super.png,PARKER FOR NEXT MONTH,999,6,99763553,89.66284,123,HIMGIRI HYGIENE PVT LTD-NEPAL,SHAKTI,SHAKTI,SHAKTI-PPH 150 GM,PLPCH,150.000 GM,,,150.0,GM,30.0
144,2022-01-13,202201,527373110006,1641973220029,,123,HIMGIRI HYGIENE PVT LTD-NEPAL,BIJAYA SUPER,BIJAYA SUPER\300\GM,43,PPH,300GM,,1641973220029-himgiri hygiene pvt ltd-nepal-bijaya super.png,PARKER FOR NEXT MONTH,999,7,99763552,91.504715,123,HIMGIRI HYGIENE PVT LTD-NEPAL,SHAKTI,SHAKTI,SHAKTI-PPH 100 GM,PLPCH,100.000 GM,,,100.0,GM,20.0
144,2022-01-13,202201,527373110006,1641973220029,,123,HIMGIRI HYGIENE PVT LTD-NEPAL,BIJAYA SUPER,BIJAYA SUPER\300\GM,43,PPH,300GM,,1641973220029-himgiri hygiene pvt ltd-nepal-bijaya super.png,PARKER FOR NEXT MONTH,999,8,92919595,93.9657,123,HIMGIRI SOAP & CHEMICALS-NEPAL,BIJAYA,BIJAYA,BIJAYA- EWP 180 GMS,EWRPK,180.000 GM,,,180.0,GM,0.0
144,2022-01-13,202201,527373110006,1641973220029,,123,HIMGIRI HYGIENE PVT LTD-NEPAL,BIJAYA SUPER,BIJAYA SUPER\300\GM,43,PPH,300GM,,1641973220029-himgiri hygiene pvt ltd-nepal-bijaya super.png,PARKER FOR NEXT MONTH,999,9,99764733,95.04653,123,HIMGIRI HYGIENE PVT LTD-NEPAL,DHONI,DHONI,DHONI-LAUNDRY SOAP PPH 3*134 GM [400GM],PLPCH,134.000 GM,,,400.0,GM,110.0
144,2022-01-13,202201,527373110006,1641973220029,,123,HIMGIRI HYGIENE PVT LTD-NEPAL,BIJAYA SUPER,BIJAYA SUPER\300\GM,43,PPH,300GM,,1641973220029-himgiri hygiene pvt ltd-nepal-bijaya super.png,PARKER FOR NEXT MONTH,999,10,99763575,97.19006,123,HIMGIRI HYGIENE PVT LTD-NEPAL,DHONI,DHONI,DHONI-LAUNDRY SOAP PPH 3*150 GM [450GM],PLPCH,150.000 GM,,,450.0,GM,105.0
145,2022-01-13,202201,123875113,1641958124010,,123,HIMGIRI SOAP & CHEMICALS-NEPAL,DHONI XTRAA,XTRAA/LAUNDRY SOAP/180GM/PPH/10%EXTRA,40,PPH,180GM,,1641958124010-himgiri soap - chemicals-nepal-dhoni xtraa.png,PARKER FOR NEXT MONTH,999,1,54377,24.719322,123,HIMGIRI SOAP & CHEMICALS-NEPAL,DHONI,DHONI,DHONI-XTRAA LAUNDRY SOAP PPH 210 GM,PLPCH,210.000 GM,,,210.0,GM,0.0
145,2022-01-13,202201,123875113,1641958124010,,123,HIMGIRI SOAP & CHEMICALS-NEPAL,DHONI XTRAA,XTRAA/LAUNDRY SOAP/180GM/PPH/10%EXTRA,40,PPH,180GM,,1641958124010-himgiri soap - chemicals-nepal-dhoni xtraa.png,PARKER FOR NEXT MONTH,999,2,50548,24.951275,123,HIMGIRI SOAP & CHEMICALS-NEPAL,DHONI,DHONI,DHONI-XTRAA LAUNDRY SOAP PPH 6*200 GM,PLPCH,200.000 GM,,,1200.0,GM,0.0
145,2022-01-13,202201,123875113,1641958124010,,123,HIMGIRI SOAP & CHEMICALS-NEPAL,DHONI XTRAA,XTRAA/LAUNDRY SOAP/180GM/PPH/10%EXTRA,40,PPH,180GM,,1641958124010-himgiri soap - chemicals-nepal-dhoni xtraa.png,PARKER FOR NEXT MONTH,999,3,51127,25.275433,123,HIMGIRI SOAP & CHEMICALS-NEPAL,DHONI,DHONI,DHONI-XTRAA LAUNDRY SOAP PPH 105 GM,PLPCH,105.000 GM,,,105.0,GM,0.0
145,2022-01-13,202201,123875113,1641958124010,,123,HIMGIRI SOAP & CHEMICALS-NEPAL,DHONI XTRAA,XTRAA/LAUNDRY SOAP/180GM/PPH/10%EXTRA,40,PPH,180GM,,1641958124010-himgiri soap - chemicals-nepal-dhoni xtraa.png,PARKER FOR NEXT MONTH,999,4,46260,26.166706,123,HIMGIRI SOAP & CHEMICALS-NEPAL,DHONI,DHONI,DHONI-XTRAA LAUNDRY SOAP PPH 200 GM,PLPCH,200.000 GM,,,200.0,GM,0.0
145,2022-01-13,202201,123875113,1641958124010,,123,HIMGIRI SOAP & CHEMICALS-NEPAL,DHONI XTRAA,XTRAA/LAUNDRY SOAP/180GM/PPH/10%EXTRA,40,PPH,180GM,,1641958124010-himgiri soap - chemicals-nepal-dhoni xtraa.png,PARKER FOR NEXT MONTH,999,5,54311,28.870047,123,HIMGIRI SOAP & CHEMICALS-NEPAL,DHONI,DHONI,DHONI-XTRAA LAUNDRY SOAP PPH 6*190 GM,PLPCH,190.000 GM,,,1140.0,GM,0.0
145,2022-01-13,202201,123875113,1641958124010,,123,HIMGIRI SOAP & CHEMICALS-NEPAL,DHONI XTRAA,XTRAA/LAUNDRY SOAP/180GM/PPH/10%EXTRA,40,PPH,180GM,,1641958124010-himgiri soap - chemicals-nepal-dhoni xtraa.png,PARKER FOR NEXT MONTH,999,6,49869,29.046371,123,HIMGIRI SOAP & CHEMICALS-NEPAL,DHONI,DHONI,DHONI-XTRAA LAUNDRY SOAP PPH 280 GM,PLPCH,280.000 GM,,,280.0,GM,0.0
145,2022-01-13,202201,123875113,1641958124010,,123,HIMGIRI SOAP & CHEMICALS-NEPAL,DHONI XTRAA,XTRAA/LAUNDRY SOAP/180GM/PPH/10%EXTRA,40,PPH,180GM,,1641958124010-himgiri soap - chemicals-nepal-dhoni xtraa.png,PARKER FOR NEXT MONTH,999,7,47873,30.180826,123,HIMGIRI SOAP & CHEMICALS-NEPAL,DHONI,DHONI,DHONI-XTRAA LNDRY SOAP PPH 200 GM+10% EXT,PLPCH,200.000 GM,,,220.0,GM,0.0
145,2022-01-13,202201,123875113,1641958124010,,123,HIMGIRI SOAP & CHEMICALS-NEPAL,DHONI XTRAA,XTRAA/LAUNDRY SOAP/180GM/PPH/10%EXTRA,40,PPH,180GM,,1641958124010-himgiri soap - chemicals-nepal-dhoni xtraa.png,PARKER FOR NEXT MONTH,999,8,99763524,31.439882,123,HIMGIRI SOAP & CHEMICALS-NEPAL,DHONI,DHONI,DHONI-LAUNDRY SOAP PPH 3*300 GM [900GM],PLPCH,300.000 GM,,,900.0,GM,175.0
145,2022-01-13,202201,123875113,1641958124010,,123,HIMGIRI SOAP & CHEMICALS-NEPAL,DHONI XTRAA,XTRAA/LAUNDRY SOAP/180GM/PPH/10%EXTRA,40,PPH,180GM,,1641958124010-himgiri soap - chemicals-nepal-dhoni xtraa.png,PARKER FOR NEXT MONTH,999,9,49825,32.24693,123,HIMGIRI SOAP & CHEMICALS-NEPAL,DHONI,DHONI,DHONI-LAUNDRY SOAP PPH 210 GM,PLPCH,210.000 GM,,,210.0,GM,0.0
145,2022-01-13,202201,123875113,1641958124010,,123,HIMGIRI SOAP & CHEMICALS-NEPAL,DHONI XTRAA,XTRAA/LAUNDRY SOAP/180GM/PPH/10%EXTRA,40,PPH,180GM,,1641958124010-himgiri soap - chemicals-nepal-dhoni xtraa.png,PARKER FOR NEXT MONTH,999,10,50150,32.374146,123,HIMGIRI SOAP & CHEMICALS-NEPAL,DHONI,DHONI,DHONI-LAUNDRY SOAP PPH 220 GM,PLPCH,220.000 GM,,,220.0,GM,0.0
146,2022-01-13,202201,123875113,1641958736307,99762994,123,RSPL LTD-INDIA,GHADI,GHADI/70GM/EWP,10,EWP,70GM,,1641958736307-rspl ltd-india-ghadi.png,RECODING,5,1,99762433,31.902603,123,RSPL LTD-INDIA,GHADI,GHADI,GHADI-EWP 80 GMS,EWRPK,80.000 GM,,,80.0,GM,10.0
146,2022-01-13,202201,123875113,1641958736307,99762994,123,RSPL LTD-INDIA,GHADI,GHADI/70GM/EWP,10,EWP,70GM,,1641958736307-rspl ltd-india-ghadi.png,RECODING,5,2,99763599,32.30002,123,RSPL LTD-INDIA,GHADI,GHADI,GHADI-EWP 155 GM,EWRPK,155.000 GM,,,155.0,GM,20.0
146,2022-01-13,202201,123875113,1641958736307,99762994,123,RSPL LTD-INDIA,GHADI,GHADI/70GM/EWP,10,EWP,70GM,,1641958736307-rspl ltd-india-ghadi.png,RECODING,5,3,99764051,32.57576,123,RSPL LTD-INDIA,GHADI,GHADI,GHADI-EWP 140 GM,EWRPK,140.000 GM,,,140.0,GM,10.0
146,2022-01-13,202201,123875113,1641958736307,99762994,123,RSPL LTD-INDIA,GHADI,GHADI/70GM/EWP,10,EWP,70GM,,1641958736307-rspl ltd-india-ghadi.png,RECODING,5,4,92919016,32.638916,123,RSPL LTD-INDIA,GHADI,GHADI,GHADI- EWP 75 GMS,EWRPK,75.000 GM,,,75.0,GM,0.0
146,2022-01-13,202201,123875113,1641958736307,99762994,123,RSPL LTD-INDIA,GHADI,GHADI/70GM/EWP,10,EWP,70GM,,1641958736307-rspl ltd-india-ghadi.png,RECODING,5,5,92918447,33.762817,123,RSPL LTD-INDIA,GHADI,GHADI,GHADI-EWP 60 GMS,EWRPK,60.000 GM,,,60.0,GM,0.0
146,2022-01-13,202201,123875113,1641958736307,99762994,123,RSPL LTD-INDIA,GHADI,GHADI/70GM/EWP,10,EWP,70GM,,1641958736307-rspl ltd-india-ghadi.png,RECODING,5,6,92918448,34.14675,123,RSPL LTD-INDIA,GHADI,GHADI,GHADI-EWP 65 GMS,EWRPK,65.000 GM,,,65.0,GM,0.0
146,2022-01-13,202201,123875113,1641958736307,99762994,123,RSPL LTD-INDIA,GHADI,GHADI/70GM/EWP,10,EWP,70GM,,1641958736307-rspl ltd-india-ghadi.png,RECODING,5,7,92919855,34.506187,123,RSPL LTD-INDIA,GHADI,GHADI,GHADI-EWP 90 GMS,EWRPK,90.000 GM,,,90.0,GM,0.0
146,2022-01-13,202201,123875113,1641958736307,99762994,123,RSPL LTD-INDIA,GHADI,GHADI/70GM/EWP,10,EWP,70GM,,1641958736307-rspl ltd-india-ghadi.png,RECODING,5,8,99762611,34.878685,123,RSPL LTD-INDIA,GHADI,GHADI,GHADI-EWP 170 GMS,EWRPK,170.000 GM,,,170.0,GM,20.0
146,2022-01-13,202201,123875113,1641958736307,99762994,123,RSPL LTD-INDIA,GHADI,GHADI/70GM/EWP,10,EWP,70GM,,1641958736307-rspl ltd-india-ghadi.png,RECODING,5,9,92919857,35.6522,123,RSPL LTD-INDIA,GHADI,GHADI,GHADI-EWP 85 GMS,EWRPK,85.000 GM,,,85.0,GM,0.0
146,2022-01-13,202201,123875113,1641958736307,99762994,123,RSPL LTD-INDIA,GHADI,GHADI/70GM/EWP,10,EWP,70GM,,1641958736307-rspl ltd-india-ghadi.png,RECODING,5,10,92920492,36.259666,123,RSPL LTD-INDIA,GHADI,GHADI,GHADI- EWP 73 GMS,EWRPK,73.000 GM,,,73.0,GM,0.0
147,2022-01-13,202201,117260162,1641708321830,,123,PARTANI SOAP & SILICATE IND-NP,MANI,MANI LAUNDRY SOAP,40,PPH,200G,,1641708321830-partani soap - silicate ind-np-mani.png,PARKER FOR NEXT MONTH,999,1,99763249,25.333084,123,PARTANI SOAP & SILICATE IND-NP,MANI,MANI,MANI-LAUNDRY SOAP PPH 200 GM,PLPCH,200.000 GM,,,200.0,GM,40.0
147,2022-01-13,202201,117260162,1641708321830,,123,PARTANI SOAP & SILICATE IND-NP,MANI,MANI LAUNDRY SOAP,40,PPH,200G,,1641708321830-partani soap - silicate ind-np-mani.png,PARKER FOR NEXT MONTH,999,2,99763212,28.567715,123,PARTANI SOAP & SILICATE IND-NP,MANI,MANI,MANI-LAUNDRY SOAP PPH 250 GM,PLPCH,250.000 GM,,,250.0,GM,40.0
147,2022-01-13,202201,117260162,1641708321830,,123,PARTANI SOAP & SILICATE IND-NP,MANI,MANI LAUNDRY SOAP,40,PPH,200G,,1641708321830-partani soap - silicate ind-np-mani.png,PARKER FOR NEXT MONTH,999,3,99763419,70.36607,123,PARTANI SOAP & SILICATE IND-NP,GYAN,GYAN,GYAN-LAUNDRY SOAP PPH 300 GM,PLPCH,300.000 GM,,,300.0,GM,50.0
147,2022-01-13,202201,117260162,1641708321830,,123,PARTANI SOAP & SILICATE IND-NP,MANI,MANI LAUNDRY SOAP,40,PPH,200G,,1641708321830-partani soap - silicate ind-np-mani.png,PARKER FOR NEXT MONTH,999,4,50189,73.62569,123,PARTANI SOAP & SILICATE IND-NP,SUPER XING,SUPER XING,SUPER XING-PPH 200 GMS,PLPCH,200.000 GM,,,200.0,GM,0.0
147,2022-01-13,202201,117260162,1641708321830,,123,PARTANI SOAP & SILICATE IND-NP,MANI,MANI LAUNDRY SOAP,40,PPH,200G,,1641708321830-partani soap - silicate ind-np-mani.png,PARKER FOR NEXT MONTH,999,5,99763765,75.95728,123,PARTANI SOAP & SILICTED IND-NP,FINE,FINE SOCIETY,FINE SOCIETY-LAUNDRY SOAP PPH 200 GM,PLPCH,200.000 GM,,,200.0,GM,40.0
147,2022-01-13,202201,117260162,1641708321830,,123,PARTANI SOAP & SILICATE IND-NP,MANI,MANI LAUNDRY SOAP,40,PPH,200G,,1641708321830-partani soap - silicate ind-np-mani.png,PARKER FOR NEXT MONTH,999,6,99763250,80.28201,123,PARTANI SOAP & SILICATE IND-NP,CHANDANI,CHANDANI,CHANDANI-PPH 200 GM,PLPCH,200.000 GM,,,200.0,GM,35.0
147,2022-01-13,202201,117260162,1641708321830,,123,PARTANI SOAP & SILICATE IND-NP,MANI,MANI LAUNDRY SOAP,40,PPH,200G,,1641708321830-partani soap - silicate ind-np-mani.png,PARKER FOR NEXT MONTH,999,7,52053,85.054245,123,PARTANI SOAP & SILICATE IND-NP,FINE,FINE,FINE-PPH 210 GM,PLPCH,210.000 GM,,,210.0,GM,0.0
147,2022-01-13,202201,117260162,1641708321830,,123,PARTANI SOAP & SILICATE IND-NP,MANI,MANI LAUNDRY SOAP,40,PPH,200G,,1641708321830-partani soap - silicate ind-np-mani.png,PARKER FOR NEXT MONTH,999,8,99763322,90.3008,123,PARTANI SOAP & SILICATE IND-NP,CHANDANI,CHANDANI,CHANDANI-PPH 125 GM,PLPCH,125.000 GM,,,125.0,GM,25.0
147,2022-01-13,202201,117260162,1641708321830,,123,PARTANI SOAP & SILICATE IND-NP,MANI,MANI LAUNDRY SOAP,40,PPH,200G,,1641708321830-partani soap - silicate ind-np-mani.png,PARKER FOR NEXT MONTH,999,9,92927471,101.87707,123,PARTANI SOAP & SILICATE IND-NP,FINE,FINE,FINE-UNWRP-200 GMS,UNWRP,200.000 GM,,,200.0,GM,0.0
147,2022-01-13,202201,117260162,1641708321830,,123,PARTANI SOAP & SILICATE IND-NP,MANI,MANI LAUNDRY SOAP,40,PPH,200G,,1641708321830-partani soap - silicate ind-np-mani.png,PARKER FOR NEXT MONTH,999,10,99764640,141.66385,123,INDU SOAP & DETERGENT UDHYOG-NPL,RAZZ,RAZZ,RAZZ-LAUNDRY SOAP PPH 200 GM,PLPCH,200.000 GM,,,200.0,GM,45.0
148,2022-01-13,202201,117260162,1641708177533,,123,SWADESHI SABUN UDHYOG-NEPAL,MADAL,MADAL LAUNDRY SOAP,35,PPH,200G,,1641708177533-swadeshi sabun udhyog-nepal-madal.png,PARKER FOR NEXT MONTH,999,1,99764025,23.736076,123,SWADESHI SABUN UDHYOG-NEPAL,MADAL,MADAL,MADAL-LAUNDRY SOAP PPH 250 GM,PLPCH,250.000 GM,,,250.0,GM,50.0
148,2022-01-13,202201,117260162,1641708177533,,123,SWADESHI SABUN UDHYOG-NEPAL,MADAL,MADAL LAUNDRY SOAP,35,PPH,200G,,1641708177533-swadeshi sabun udhyog-nepal-madal.png,PARKER FOR NEXT MONTH,999,2,99763596,29.832623,123,SWADESHI SABUN UDHYOG-NEPAL,BADAL,BADAL,BADAL-LAUNDRY SOAP PPH 300 GM,PLPCH,300.000 GM,,,300.0,GM,50.0
148,2022-01-13,202201,117260162,1641708177533,,123,SWADESHI SABUN UDHYOG-NEPAL,MADAL,MADAL LAUNDRY SOAP,35,PPH,200G,,1641708177533-swadeshi sabun udhyog-nepal-madal.png,PARKER FOR NEXT MONTH,999,3,99764617,39.83264,123,SWADESHI SABUN UDHYOG-NEPAL,AAHA,AAHA,AAHA-LAUNDRY SOAP PPH 250 GM,PLPCH,250.000 GM,,,250.0,GM,55.0
148,2022-01-13,202201,117260162,1641708177533,,123,SWADESHI SABUN UDHYOG-NEPAL,MADAL,MADAL LAUNDRY SOAP,35,PPH,200G,,1641708177533-swadeshi sabun udhyog-nepal-madal.png,PARKER FOR NEXT MONTH,999,4,53459,44.621952,123,SWADESHI SABUN UDHYOG-NEPAL,AAHA,AAHA,AAHA-SUPER LAUNDRY SOAP PPH 3*200 GM,PLPCH,200.000 GM,,,600.0,GM,0.0
148,2022-01-13,202201,117260162,1641708177533,,123,SWADESHI SABUN UDHYOG-NEPAL,MADAL,MADAL LAUNDRY SOAP,35,PPH,200G,,1641708177533-swadeshi sabun udhyog-nepal-madal.png,PARKER FOR NEXT MONTH,999,5,99763912,65.51951,123,DHANGADHI SABUN UDHYOG-NEPAL ,DH SOAP ,DH SOAP ,DH SOAP-LAUNDRY SOAP PPH 200 GM,PLPCH,200.000 GM,,,200.0,GM,40.0
148,2022-01-13,202201,117260162,1641708177533,,123,SWADESHI SABUN UDHYOG-NEPAL,MADAL,MADAL LAUNDRY SOAP,35,PPH,200G,,1641708177533-swadeshi sabun udhyog-nepal-madal.png,PARKER FOR NEXT MONTH,999,6,99763505,68.51879,123,SUNLIGHT SABUN UDHYOG-NEPAL,BIHANI,BIHANI,BIHANI-LAUNDRY SOAP PPH 100 GM,PLPCH,100.000 GM,,,100.0,GM,20.0
148,2022-01-13,202201,117260162,1641708177533,,123,SWADESHI SABUN UDHYOG-NEPAL,MADAL,MADAL LAUNDRY SOAP,35,PPH,200G,,1641708177533-swadeshi sabun udhyog-nepal-madal.png,PARKER FOR NEXT MONTH,999,7,99763843,69.16459,123,AASIMALA SABUN UDHYOG-NEPAL ,AASIMALA,AASIMALA,AASIMALA-LAUNDRY SOAP PPH 200 GM,PLPCH,200.000 GM,,,200.0,GM,40.0
148,2022-01-13,202201,117260162,1641708177533,,123,SWADESHI SABUN UDHYOG-NEPAL,MADAL,MADAL LAUNDRY SOAP,35,PPH,200G,,1641708177533-swadeshi sabun udhyog-nepal-madal.png,PARKER FOR NEXT MONTH,999,8,99764618,76.84933,123,GAURISHANKAR SABUN UDHYOG-NEPAL,PANASH,PANASH,PANASH-LAUNDRY SOAP PPH 200 GM,PLPCH,200.000 GM,,,200.0,GM,40.0
148,2022-01-13,202201,117260162,1641708177533,,123,SWADESHI SABUN UDHYOG-NEPAL,MADAL,MADAL LAUNDRY SOAP,35,PPH,200G,,1641708177533-swadeshi sabun udhyog-nepal-madal.png,PARKER FOR NEXT MONTH,999,9,99763830,80.967415,123,LAXMI SABUN UDHYOG-NEPAL,LAXMI,LAXMI,LAXMI-LAUNDRY SOAP PPH 125 GM,PLPCH,125.000 GM,,,125.0,GM,20.0
148,2022-01-13,202201,117260162,1641708177533,,123,SWADESHI SABUN UDHYOG-NEPAL,MADAL,MADAL LAUNDRY SOAP,35,PPH,200G,,1641708177533-swadeshi sabun udhyog-nepal-madal.png,PARKER FOR NEXT MONTH,999,10,99763460,82.39396,123,SAGARMATHA SABUN UDHYOG-NP,OHO,OHO,OHO-A ONE LAUNDRY SOAP PPH 300 GM,PLPCH,300.000 GM,,,300.0,GM,55.0
149,2022-01-13,202201,117260162,1641708406316,,123,PARTANI SOAP & SILICATE IND-NP,MANI,MANI LAUNDRY SOAP ,45,PPH,250G,,1641708406316-partani soap - silicate ind-np-mani.png,PARKER FOR NEXT MONTH,999,1,99763212,28.158447,123,PARTANI SOAP & SILICATE IND-NP,MANI,MANI,MANI-LAUNDRY SOAP PPH 250 GM,PLPCH,250.000 GM,,,250.0,GM,40.0
149,2022-01-13,202201,117260162,1641708406316,,123,PARTANI SOAP & SILICATE IND-NP,MANI,MANI LAUNDRY SOAP ,45,PPH,250G,,1641708406316-partani soap - silicate ind-np-mani.png,PARKER FOR NEXT MONTH,999,2,99763249,33.924416,123,PARTANI SOAP & SILICATE IND-NP,MANI,MANI,MANI-LAUNDRY SOAP PPH 200 GM,PLPCH,200.000 GM,,,200.0,GM,40.0
149,2022-01-13,202201,117260162,1641708406316,,123,PARTANI SOAP & SILICATE IND-NP,MANI,MANI LAUNDRY SOAP ,45,PPH,250G,,1641708406316-partani soap - silicate ind-np-mani.png,PARKER FOR NEXT MONTH,999,3,99763419,70.045975,123,PARTANI SOAP & SILICATE IND-NP,GYAN,GYAN,GYAN-LAUNDRY SOAP PPH 300 GM,PLPCH,300.000 GM,,,300.0,GM,50.0
149,2022-01-13,202201,117260162,1641708406316,,123,PARTANI SOAP & SILICATE IND-NP,MANI,MANI LAUNDRY SOAP ,45,PPH,250G,,1641708406316-partani soap - silicate ind-np-mani.png,PARKER FOR NEXT MONTH,999,4,50189,84.04905,123,PARTANI SOAP & SILICATE IND-NP,SUPER XING,SUPER XING,SUPER XING-PPH 200 GMS,PLPCH,200.000 GM,,,200.0,GM,0.0
149,2022-01-13,202201,117260162,1641708406316,,123,PARTANI SOAP & SILICATE IND-NP,MANI,MANI LAUNDRY SOAP ,45,PPH,250G,,1641708406316-partani soap - silicate ind-np-mani.png,PARKER FOR NEXT MONTH,999,5,99763765,84.503334,123,PARTANI SOAP & SILICTED IND-NP,FINE,FINE SOCIETY,FINE SOCIETY-LAUNDRY SOAP PPH 200 GM,PLPCH,200.000 GM,,,200.0,GM,40.0
149,2022-01-13,202201,117260162,1641708406316,,123,PARTANI SOAP & SILICATE IND-NP,MANI,MANI LAUNDRY SOAP ,45,PPH,250G,,1641708406316-partani soap - silicate ind-np-mani.png,PARKER FOR NEXT MONTH,999,6,99763250,84.96265,123,PARTANI SOAP & SILICATE IND-NP,CHANDANI,CHANDANI,CHANDANI-PPH 200 GM,PLPCH,200.000 GM,,,200.0,GM,35.0
149,2022-01-13,202201,117260162,1641708406316,,123,PARTANI SOAP & SILICATE IND-NP,MANI,MANI LAUNDRY SOAP ,45,PPH,250G,,1641708406316-partani soap - silicate ind-np-mani.png,PARKER FOR NEXT MONTH,999,7,99763322,88.396324,123,PARTANI SOAP & SILICATE IND-NP,CHANDANI,CHANDANI,CHANDANI-PPH 125 GM,PLPCH,125.000 GM,,,125.0,GM,25.0
149,2022-01-13,202201,117260162,1641708406316,,123,PARTANI SOAP & SILICATE IND-NP,MANI,MANI LAUNDRY SOAP ,45,PPH,250G,,1641708406316-partani soap - silicate ind-np-mani.png,PARKER FOR NEXT MONTH,999,8,52053,90.5688,123,PARTANI SOAP & SILICATE IND-NP,FINE,FINE,FINE-PPH 210 GM,PLPCH,210.000 GM,,,210.0,GM,0.0
149,2022-01-13,202201,117260162,1641708406316,,123,PARTANI SOAP & SILICATE IND-NP,MANI,MANI LAUNDRY SOAP ,45,PPH,250G,,1641708406316-partani soap - silicate ind-np-mani.png,PARKER FOR NEXT MONTH,999,9,92927471,107.83646,123,PARTANI SOAP & SILICATE IND-NP,FINE,FINE,FINE-UNWRP-200 GMS,UNWRP,200.000 GM,,,200.0,GM,0.0
149,2022-01-13,202201,117260162,1641708406316,,123,PARTANI SOAP & SILICATE IND-NP,MANI,MANI LAUNDRY SOAP ,45,PPH,250G,,1641708406316-partani soap - silicate ind-np-mani.png,PARKER FOR NEXT MONTH,999,10,99763866,142.2654,123,PUJA SOAP & HOUSEHOLD PROD-NPL,MALA,MALA,MALA-LAUNDRY SOAP PPH 300 GM,PLPCH,300.000 GM,,,300.0,GM,50.0
150,2022-01-13,202201,128715435,1641452815221,,123,P.S.S.I-NEPAL,CHANDANI,CHANDANI LAUNDRY SOAP,40,PPH,200G,,1641452815221-p-s-s-i-nepal-chandani.png,PARKER FOR NEXT MONTH,999,1,99764748,79.38628,123,K.C. SOAP & CHEMICAL IND.-NEPAL,4X SOAP,4X SOAP,4X SOAP-LAUNDRY SOAP PPH 200 GM,PLPCH,200.000 GM,,,200.0,GM,45.0
150,2022-01-13,202201,128715435,1641452815221,,123,P.S.S.I-NEPAL,CHANDANI,CHANDANI LAUNDRY SOAP,40,PPH,200G,,1641452815221-p-s-s-i-nepal-chandani.png,PARKER FOR NEXT MONTH,999,2,99764179,86.03425,123,NAMASTE S.I (P)-NEPAL,JUN,JUN,JUN-LAUNDRY SOAP PPH 200 GM,PLPCH,200.000 GM,,,200.0,GM,40.0
150,2022-01-13,202201,128715435,1641452815221,,123,P.S.S.I-NEPAL,CHANDANI,CHANDANI LAUNDRY SOAP,40,PPH,200G,,1641452815221-p-s-s-i-nepal-chandani.png,PARKER FOR NEXT MONTH,999,3,99763843,90.00331,123,AASIMALA SABUN UDHYOG-NEPAL ,AASIMALA,AASIMALA,AASIMALA-LAUNDRY SOAP PPH 200 GM,PLPCH,200.000 GM,,,200.0,GM,40.0
150,2022-01-13,202201,128715435,1641452815221,,123,P.S.S.I-NEPAL,CHANDANI,CHANDANI LAUNDRY SOAP,40,PPH,200G,,1641452815221-p-s-s-i-nepal-chandani.png,PARKER FOR NEXT MONTH,999,4,99762944,91.37909,123,NAMASTE S.I (P)-NEPAL,DARSHAN,DARSHAN,DARSHAN-PREMIUM LAUNDRY SOAP PPH 200 GM,PLPCH,200.000 GM,,,200.0,GM,40.0
150,2022-01-13,202201,128715435,1641452815221,,123,P.S.S.I-NEPAL,CHANDANI,CHANDANI LAUNDRY SOAP,40,PPH,200G,,1641452815221-p-s-s-i-nepal-chandani.png,PARKER FOR NEXT MONTH,999,5,99763910,93.71533,123,NAMASTE S.I (P)-NEPAL,EXPRESS,EXPRESS,EXPRESS-LAUNDRY SOAP PPH 200 GM,PLPCH,200.000 GM,,,200.0,GM,45.0
150,2022-01-13,202201,128715435,1641452815221,,123,P.S.S.I-NEPAL,CHANDANI,CHANDANI LAUNDRY SOAP,40,PPH,200G,,1641452815221-p-s-s-i-nepal-chandani.png,PARKER FOR NEXT MONTH,999,6,99763505,94.238174,123,SUNLIGHT SABUN UDHYOG-NEPAL,BIHANI,BIHANI,BIHANI-LAUNDRY SOAP PPH 100 GM,PLPCH,100.000 GM,,,100.0,GM,20.0
150,2022-01-13,202201,128715435,1641452815221,,123,P.S.S.I-NEPAL,CHANDANI,CHANDANI LAUNDRY SOAP,40,PPH,200G,,1641452815221-p-s-s-i-nepal-chandani.png,PARKER FOR NEXT MONTH,999,7,99763912,96.03424,123,DHANGADHI SABUN UDHYOG-NEPAL ,DH SOAP ,DH SOAP ,DH SOAP-LAUNDRY SOAP PPH 200 GM,PLPCH,200.000 GM,,,200.0,GM,40.0
150,2022-01-13,202201,128715435,1641452815221,,123,P.S.S.I-NEPAL,CHANDANI,CHANDANI LAUNDRY SOAP,40,PPH,200G,,1641452815221-p-s-s-i-nepal-chandani.png,PARKER FOR NEXT MONTH,999,8,99764025,97.26333,123,SWADESHI SABUN UDHYOG-NEPAL,MADAL,MADAL,MADAL-LAUNDRY SOAP PPH 250 GM,PLPCH,250.000 GM,,,250.0,GM,50.0
150,2022-01-13,202201,128715435,1641452815221,,123,P.S.S.I-NEPAL,CHANDANI,CHANDANI LAUNDRY SOAP,40,PPH,200G,,1641452815221-p-s-s-i-nepal-chandani.png,PARKER FOR NEXT MONTH,999,9,99764741,97.78557,123,NAMASTE S.I (P)-NEPAL,DARSHAN,DARSHAN,DARSHAN-PREMIUM LAUNDRY SOAP PPH 250 GM,PLPCH,250.000 GM,,,250.0,GM,50.0
150,2022-01-13,202201,128715435,1641452815221,,123,P.S.S.I-NEPAL,CHANDANI,CHANDANI LAUNDRY SOAP,40,PPH,200G,,1641452815221-p-s-s-i-nepal-chandani.png,PARKER FOR NEXT MONTH,999,10,99764617,97.97211,123,SWADESHI SABUN UDHYOG-NEPAL,AAHA,AAHA,AAHA-LAUNDRY SOAP PPH 250 GM,PLPCH,250.000 GM,,,250.0,GM,55.0
151,2022-01-13,202201,129024572,1641451372959,99762975,111,MARICO BANGLADESH LTD-BANGLADESH,PARACHUTE,PARACHUTE 100% PURE COCONUT OIL,45,,,,1641451372959-marico bangladesh ltd-bangladesh-parachute.png,RECODING,5,1,99762975,23.571852,111,MARICO BANGLADESH LTD-BANGLADESH,PARACHUTE,PARACHUTE,PARACHUTE-100% PURE COCONUT OIL PBT 45 ML,PLBOT,45.000 ML,,,45.0,ML,45.0
151,2022-01-13,202201,129024572,1641451372959,99762975,111,MARICO BANGLADESH LTD-BANGLADESH,PARACHUTE,PARACHUTE 100% PURE COCONUT OIL,45,,,,1641451372959-marico bangladesh ltd-bangladesh-parachute.png,RECODING,5,2,99763043,24.350765,111,MARICO BANGLADESH LTD-BANGLADESH,PARACHUTE,PARACHUTE,PARACHUTE-100% PURE COCONUT OIL PBT 95 ML,PLBOT,95.000 ML,,,95.0,ML,75.0
151,2022-01-13,202201,129024572,1641451372959,99762975,111,MARICO BANGLADESH LTD-BANGLADESH,PARACHUTE,PARACHUTE 100% PURE COCONUT OIL,45,,,,1641451372959-marico bangladesh ltd-bangladesh-parachute.png,RECODING,5,3,99762938,26.460548,111,MARICO BANGLADESH LTD-BANGLADESH,PARACHUTE,PARACHUTE,PARACHUTE-100% PURE COCONUT OIL PCN 450 ML,PLJAR,450.000 ML,,,450.0,ML,390.0
151,2022-01-13,202201,129024572,1641451372959,99762975,111,MARICO BANGLADESH LTD-BANGLADESH,PARACHUTE,PARACHUTE 100% PURE COCONUT OIL,45,,,,1641451372959-marico bangladesh ltd-bangladesh-parachute.png,RECODING,5,4,99762777,26.620316,111,MARICO BANGLADESH LTD-BANGLADESH,PARACHUTE,PARACHUTE,PARACHUTE-100% PURE COCONUT OIL PCN 90 ML,PLJAR,90.000 ML,,,90.0,ML,90.0
151,2022-01-13,202201,129024572,1641451372959,99762975,111,MARICO BANGLADESH LTD-BANGLADESH,PARACHUTE,PARACHUTE 100% PURE COCONUT OIL,45,,,,1641451372959-marico bangladesh ltd-bangladesh-parachute.png,RECODING,5,5,99763306,26.675,111,MARICO BANGLADESH LTD-BANGLADESH,PARACHUTE,PARACHUTE,PARACHUTE-100% PURE COCONUT OIL PBT 190 ML,PLBOT,190.000 ML,,,190.0,ML,145.0
151,2022-01-13,202201,129024572,1641451372959,99762975,111,MARICO BANGLADESH LTD-BANGLADESH,PARACHUTE,PARACHUTE 100% PURE COCONUT OIL,45,,,,1641451372959-marico bangladesh ltd-bangladesh-parachute.png,RECODING,5,6,99762778,29.40796,111,MARICO BANGLADESH LTD-BANGLADESH,PARACHUTE,PARACHUTE,PARACHUTE-100% PURE COCONUT OIL PCN 175 ML,PLJAR,175.000 ML,,,175.0,ML,175.0
151,2022-01-13,202201,129024572,1641451372959,99762975,111,MARICO BANGLADESH LTD-BANGLADESH,PARACHUTE,PARACHUTE 100% PURE COCONUT OIL,45,,,,1641451372959-marico bangladesh ltd-bangladesh-parachute.png,RECODING,5,7,99764103,61.6874,111,MARICO LIMITED - INDIA,PARACHUTE,PARACHUTE,PARACHUTE-100% PURE COCONUT OIL PBT 90 ML,PLBOT,90.000 ML,,,90.0,ML,85.0
151,2022-01-13,202201,129024572,1641451372959,99762975,111,MARICO BANGLADESH LTD-BANGLADESH,PARACHUTE,PARACHUTE 100% PURE COCONUT OIL,45,,,,1641451372959-marico bangladesh ltd-bangladesh-parachute.png,RECODING,5,8,53083,61.73848,111,MARICO LIMITED - INDIA,PARACHUTE,PARACHUTE,PARACHUTE-100% PURE COCONUT OIL PCN 475 ML,PLJAR,475.000 ML,,,475.0,ML,0.0
151,2022-01-13,202201,129024572,1641451372959,99762975,111,MARICO BANGLADESH LTD-BANGLADESH,PARACHUTE,PARACHUTE 100% PURE COCONUT OIL,45,,,,1641451372959-marico bangladesh ltd-bangladesh-parachute.png,RECODING,5,9,99764055,62.836792,111,MARICO LIMITED - INDIA,PARACHUTE,PARACHUTE,PARACHUTE-100% PURE COCONUT OIL PBT 175 ML,PLBOT,175.000 ML,,,175.0,ML,160.0
151,2022-01-13,202201,129024572,1641451372959,99762975,111,MARICO BANGLADESH LTD-BANGLADESH,PARACHUTE,PARACHUTE 100% PURE COCONUT OIL,45,,,,1641451372959-marico bangladesh ltd-bangladesh-parachute.png,RECODING,5,10,52914,71.187195,111,MARICO LIMITED - INDIA,PARACHUTE,PARACHUTE,PARACHUTE-100% COCONUT OIL PCN 190 ML,PLJAR,190.000 ML,,,190.0,ML,0.0
152,2022-01-13,202201,132792028,1641383049435,99762901,123,HIMGIRI HYGIENE PVT LTD-NEPAL,DHONI,DHONI/500GM/PPH/HIMGIRI HYGIENE PVT LTD-NEPAL,100,PPH,500GM,,1641383049435-himgiri hygiene pvt ltd-nepal-dhoni.png,RECODING,5,1,99764438,37.08117,123,HIMGIRI HYGIENE PVT LTD-NEPAL,DHONI,DHONI,DHONI-LEMON PPH 100 GM,PLPCH,100.000 GM,,,100.0,GM,10.0
152,2022-01-13,202201,132792028,1641383049435,99762901,123,HIMGIRI HYGIENE PVT LTD-NEPAL,DHONI,DHONI/500GM/PPH/HIMGIRI HYGIENE PVT LTD-NEPAL,100,PPH,500GM,,1641383049435-himgiri hygiene pvt ltd-nepal-dhoni.png,RECODING,5,2,99764732,39.02059,123,HIMGIRI HYGIENE PVT LTD-NEPAL,DHONI,DHONI,DHONI-LEMON PPH 75 GM,PLPCH,75.000 GM,,,75.0,GM,10.0
152,2022-01-13,202201,132792028,1641383049435,99762901,123,HIMGIRI HYGIENE PVT LTD-NEPAL,DHONI,DHONI/500GM/PPH/HIMGIRI HYGIENE PVT LTD-NEPAL,100,PPH,500GM,,1641383049435-himgiri hygiene pvt ltd-nepal-dhoni.png,RECODING,5,3,99762819,40.455727,123,HIMGIRI HYGIENE PVT LTD-NEPAL,DHONI,DHONI HERBAL,DHONI HERBAL-ASHES & LIME PPH 100 GMS,PLPCH,100.000 GM,,,100.0,GM,10.0
152,2022-01-13,202201,132792028,1641383049435,99762901,123,HIMGIRI HYGIENE PVT LTD-NEPAL,DHONI,DHONI/500GM/PPH/HIMGIRI HYGIENE PVT LTD-NEPAL,100,PPH,500GM,,1641383049435-himgiri hygiene pvt ltd-nepal-dhoni.png,RECODING,5,4,99764095,41.983414,123,HIMGIRI HYGIENE PVT LTD-NEPAL,DHONI,DHONI HERBAL,DHONI HERBAL-ASHES & LIME PPH 75 GM,PLPCH,75.000 GM,,,75.0,GM,10.0
152,2022-01-13,202201,132792028,1641383049435,99762901,123,HIMGIRI HYGIENE PVT LTD-NEPAL,DHONI,DHONI/500GM/PPH/HIMGIRI HYGIENE PVT LTD-NEPAL,100,PPH,500GM,,1641383049435-himgiri hygiene pvt ltd-nepal-dhoni.png,RECODING,5,5,99763507,43.88393,123,HIMGIRI HYGIENE PVT LTD-NEPAL,DHONI,DHONI HERBAL,DHONI HERBAL-ASHES & LIME PPH 95 GM,PLPCH,95.000 GM,,,95.0,GM,10.0
152,2022-01-13,202201,132792028,1641383049435,99762901,123,HIMGIRI HYGIENE PVT LTD-NEPAL,DHONI,DHONI/500GM/PPH/HIMGIRI HYGIENE PVT LTD-NEPAL,100,PPH,500GM,,1641383049435-himgiri hygiene pvt ltd-nepal-dhoni.png,RECODING,5,6,99763453,44.364174,123,HIMGIRI HYGIENE PVT LTD-NEPAL,DHONI,DHONI HERBAL,DHONI HERBAL-ASHES & LIME PPH 200 GM,PLPCH,200.000 GM,,,200.0,GM,20.0
152,2022-01-13,202201,132792028,1641383049435,99762901,123,HIMGIRI HYGIENE PVT LTD-NEPAL,DHONI,DHONI/500GM/PPH/HIMGIRI HYGIENE PVT LTD-NEPAL,100,PPH,500GM,,1641383049435-himgiri hygiene pvt ltd-nepal-dhoni.png,RECODING,5,7,99763999,44.570534,123,HIMGIRI HYGIENE PVT LTD-NEPAL,DHONI,DHONI HERBAL,DHONI HERBAL-ASHES & LIME PPH 125 GM+25 GM EXTRA,PLPCH,125.000 GM,,,150.0,GM,20.0
152,2022-01-13,202201,132792028,1641383049435,99762901,123,HIMGIRI HYGIENE PVT LTD-NEPAL,DHONI,DHONI/500GM/PPH/HIMGIRI HYGIENE PVT LTD-NEPAL,100,PPH,500GM,,1641383049435-himgiri hygiene pvt ltd-nepal-dhoni.png,RECODING,5,8,99763635,45.31324,123,HIMGIRI HYGIENE PVT LTD-NEPAL,DHONI,DHONI HERBAL,DHONI HERBAL-ASHES & LIME PPH 150 GM,PLPCH,150.000 GM,,,150.0,GM,20.0
152,2022-01-13,202201,132792028,1641383049435,99762901,123,HIMGIRI HYGIENE PVT LTD-NEPAL,DHONI,DHONI/500GM/PPH/HIMGIRI HYGIENE PVT LTD-NEPAL,100,PPH,500GM,,1641383049435-himgiri hygiene pvt ltd-nepal-dhoni.png,RECODING,5,9,99763297,53.00844,123,HIMGIRI HYGIENE PVT LTD-NEPAL,DHONI,DHONI,DHONI-LAUNDRY SOAP PPH 100 GM,PLPCH,100.000 GM,,,100.0,GM,20.0
152,2022-01-13,202201,132792028,1641383049435,99762901,123,HIMGIRI HYGIENE PVT LTD-NEPAL,DHONI,DHONI/500GM/PPH/HIMGIRI HYGIENE PVT LTD-NEPAL,100,PPH,500GM,,1641383049435-himgiri hygiene pvt ltd-nepal-dhoni.png,RECODING,5,10,99763192,53.35595,123,HIMGIRI HYGIENE PVT LTD-NEPAL,DHONI,DHONI,DHONI-LAUNDRY SOAP PPH 4*250 GM [1000GM],PLPCH,250.000 GM,,,1000.0,GM,200.0
153,2022-01-13,202201,132792028,1640860693761,99763004,123,SAPTARISHI SOAP INDS-NPL,RUCHI,RUCHI DETERGENT SOAP/100GM/EWP/SAPTARISHI SOAP INDS-NPL,10,EWP,100GM,,1640860693761-saptarishi soap inds-npl-ruchi.png,RECODING,5,1,99763004,21.20723,123,SAPTARISHI SOAP INDS-NPL,RUCHI,RUCHI,RUCHI-DETERGENT SOAP EWP 100 GM,EWRPK,100.000 GM,,,100.0,GM,10.0
153,2022-01-13,202201,132792028,1640860693761,99763004,123,SAPTARISHI SOAP INDS-NPL,RUCHI,RUCHI DETERGENT SOAP/100GM/EWP/SAPTARISHI SOAP INDS-NPL,10,EWP,100GM,,1640860693761-saptarishi soap inds-npl-ruchi.png,RECODING,5,2,52438,116.70737,123,SAPTARISHI SOAP INDS-NPL,SEVEN STAR,SEVEN STAR,SEVEN STAR-EWP 95 GM,EWRPK,95.000 GM,,,95.0,GM,0.0
153,2022-01-13,202201,132792028,1640860693761,99763004,123,SAPTARISHI SOAP INDS-NPL,RUCHI,RUCHI DETERGENT SOAP/100GM/EWP/SAPTARISHI SOAP INDS-NPL,10,EWP,100GM,,1640860693761-saptarishi soap inds-npl-ruchi.png,RECODING,5,3,99764640,140.99591,123,INDU SOAP & DETERGENT UDHYOG-NPL,RAZZ,RAZZ,RAZZ-LAUNDRY SOAP PPH 200 GM,PLPCH,200.000 GM,,,200.0,GM,45.0
153,2022-01-13,202201,132792028,1640860693761,99763004,123,SAPTARISHI SOAP INDS-NPL,RUCHI,RUCHI DETERGENT SOAP/100GM/EWP/SAPTARISHI SOAP INDS-NPL,10,EWP,100GM,,1640860693761-saptarishi soap inds-npl-ruchi.png,RECODING,5,4,92917975,142.02051,123,SHREE SHAKAMBHARI SOAP IND-NEP,SAPANA,SAPANA,SAPANA-EWP 170 GMS,EWRPK,170.000 GM,,,170.0,GM,0.0
153,2022-01-13,202201,132792028,1640860693761,99763004,123,SAPTARISHI SOAP INDS-NPL,RUCHI,RUCHI DETERGENT SOAP/100GM/EWP/SAPTARISHI SOAP INDS-NPL,10,EWP,100GM,,1640860693761-saptarishi soap inds-npl-ruchi.png,RECODING,5,5,99762840,142.09615,123,SAPTARISHI SOAP INDS-NPL,SEVEN STAR,SEVEN STAR,SEVEN STAR-DISH WASH LEMON PCN 400 GM,PLJAR,400.000 GM,,,400.0,GM,55.0
153,2022-01-13,202201,132792028,1640860693761,99763004,123,SAPTARISHI SOAP INDS-NPL,RUCHI,RUCHI DETERGENT SOAP/100GM/EWP/SAPTARISHI SOAP INDS-NPL,10,EWP,100GM,,1640860693761-saptarishi soap inds-npl-ruchi.png,RECODING,5,6,92921976,145.49478,123,SUSHIL SOAP & CHEMICL INDS-NPL,WHITE DROP 72%,WHITE DROP 72%,WHITE DROP 72%-UNWRP 200 GMS,UNWRP,200.000 GM,,,200.0,GM,0.0
153,2022-01-13,202201,132792028,1640860693761,99763004,123,SAPTARISHI SOAP INDS-NPL,RUCHI,RUCHI DETERGENT SOAP/100GM/EWP/SAPTARISHI SOAP INDS-NPL,10,EWP,100GM,,1640860693761-saptarishi soap inds-npl-ruchi.png,RECODING,5,7,92921975,145.91623,123,SUSHIL SOAP & CHEMICL INDS-NPL,WHITE DROP 72%,WHITE DROP 72%,WHITE DROP 72%-UNWRP 150 GMS,UNWRP,150.000 GM,,,150.0,GM,0.0
153,2022-01-13,202201,132792028,1640860693761,99763004,123,SAPTARISHI SOAP INDS-NPL,RUCHI,RUCHI DETERGENT SOAP/100GM/EWP/SAPTARISHI SOAP INDS-NPL,10,EWP,100GM,,1640860693761-saptarishi soap inds-npl-ruchi.png,RECODING,5,8,92922223,147.33945,123,SUSHIL SOAP & CHEMICL INDS-NPL,WHITE DROP 72%,WHITE DROP 72%,WHITE DROP 72%-UNWRP 250 GMS,UNWRP,250.000 GM,,,250.0,GM,0.0
153,2022-01-13,202201,132792028,1640860693761,99763004,123,SAPTARISHI SOAP INDS-NPL,RUCHI,RUCHI DETERGENT SOAP/100GM/EWP/SAPTARISHI SOAP INDS-NPL,10,EWP,100GM,,1640860693761-saptarishi soap inds-npl-ruchi.png,RECODING,5,9,47863,147.71198,123,SUVALAXMI SOAP & CHEMICALS-NPL,FANCY,FANCY,FANCY-DETERGENT SOAP EWP 95 GM,EWRPK,95.000 GM,,,95.0,GM,0.0
153,2022-01-13,202201,132792028,1640860693761,99763004,123,SAPTARISHI SOAP INDS-NPL,RUCHI,RUCHI DETERGENT SOAP/100GM/EWP/SAPTARISHI SOAP INDS-NPL,10,EWP,100GM,,1640860693761-saptarishi soap inds-npl-ruchi.png,RECODING,5,10,99764734,151.0708,123,R.N.A PRODUCTION PVT LTD-NP,BIR,BIR,BIR-DETERGENT SOAP EWP 90 GM,EWRPK,90.000 GM,,,90.0,GM,10.0
154,2022-01-13,202201,132792028,1641383164730,,123,HIMGIRI HYGIENE PVT LTD-NEPAL,WAHA 72%,WAHA 72%/125GM/PPH/HIMGIRI HYGIENE PVT LTD-NEPAL,25,PPH,125GM,,1641383164730-himgiri hygiene pvt ltd-nepal-waha 72-.png,PARKER FOR NEXT MONTH,999,1,99763248,49.954178,123,HIMGIRI HYGIENE PVT LTD-NEPAL,SHOVA,SHOVA,SHOVA-PPH 125 GM,PLPCH,125.000 GM,,,125.0,GM,20.0
154,2022-01-13,202201,132792028,1641383164730,,123,HIMGIRI HYGIENE PVT LTD-NEPAL,WAHA 72%,WAHA 72%/125GM/PPH/HIMGIRI HYGIENE PVT LTD-NEPAL,25,PPH,125GM,,1641383164730-himgiri hygiene pvt ltd-nepal-waha 72-.png,PARKER FOR NEXT MONTH,999,2,99763002,56.909264,123,HIMGIRI HYGIENE PVT LTD-NEPAL,SHAKTI,SHAKTI,SHAKTI-PPH 250 GM,PLPCH,250.000 GM,,,250.0,GM,40.0
154,2022-01-13,202201,132792028,1641383164730,,123,HIMGIRI HYGIENE PVT LTD-NEPAL,WAHA 72%,WAHA 72%/125GM/PPH/HIMGIRI HYGIENE PVT LTD-NEPAL,25,PPH,125GM,,1641383164730-himgiri hygiene pvt ltd-nepal-waha 72-.png,PARKER FOR NEXT MONTH,999,3,99763163,58.930958,123,HIMGIRI HYGIENE PVT LTD-NEPAL,SHOVA,SHOVA,SHOVA-PPH 200 GM,PLPCH,200.000 GM,,,200.0,GM,40.0
154,2022-01-13,202201,132792028,1641383164730,,123,HIMGIRI HYGIENE PVT LTD-NEPAL,WAHA 72%,WAHA 72%/125GM/PPH/HIMGIRI HYGIENE PVT LTD-NEPAL,25,PPH,125GM,,1641383164730-himgiri hygiene pvt ltd-nepal-waha 72-.png,PARKER FOR NEXT MONTH,999,4,99763506,58.936985,123,HIMGIRI HYGIENE PVT LTD-NEPAL,SHOVA,SHOVA,SHOVA-PPH 300 GM,PLPCH,300.000 GM,,,300.0,GM,50.0
154,2022-01-13,202201,132792028,1641383164730,,123,HIMGIRI HYGIENE PVT LTD-NEPAL,WAHA 72%,WAHA 72%/125GM/PPH/HIMGIRI HYGIENE PVT LTD-NEPAL,25,PPH,125GM,,1641383164730-himgiri hygiene pvt ltd-nepal-waha 72-.png,PARKER FOR NEXT MONTH,999,5,99763554,60.34807,123,HIMGIRI HYGIENE PVT LTD-NEPAL,SHAKTI,SHAKTI,SHAKTI-PPH 200 GM,PLPCH,200.000 GM,,,200.0,GM,40.0
154,2022-01-13,202201,132792028,1641383164730,,123,HIMGIRI HYGIENE PVT LTD-NEPAL,WAHA 72%,WAHA 72%/125GM/PPH/HIMGIRI HYGIENE PVT LTD-NEPAL,25,PPH,125GM,,1641383164730-himgiri hygiene pvt ltd-nepal-waha 72-.png,PARKER FOR NEXT MONTH,999,6,99763553,61.712395,123,HIMGIRI HYGIENE PVT LTD-NEPAL,SHAKTI,SHAKTI,SHAKTI-PPH 150 GM,PLPCH,150.000 GM,,,150.0,GM,30.0
154,2022-01-13,202201,132792028,1641383164730,,123,HIMGIRI HYGIENE PVT LTD-NEPAL,WAHA 72%,WAHA 72%/125GM/PPH/HIMGIRI HYGIENE PVT LTD-NEPAL,25,PPH,125GM,,1641383164730-himgiri hygiene pvt ltd-nepal-waha 72-.png,PARKER FOR NEXT MONTH,999,7,99763552,62.88982,123,HIMGIRI HYGIENE PVT LTD-NEPAL,SHAKTI,SHAKTI,SHAKTI-PPH 100 GM,PLPCH,100.000 GM,,,100.0,GM,20.0
154,2022-01-13,202201,132792028,1641383164730,,123,HIMGIRI HYGIENE PVT LTD-NEPAL,WAHA 72%,WAHA 72%/125GM/PPH/HIMGIRI HYGIENE PVT LTD-NEPAL,25,PPH,125GM,,1641383164730-himgiri hygiene pvt ltd-nepal-waha 72-.png,PARKER FOR NEXT MONTH,999,8,99763110,63.476357,123,HIMGIRI HYGIENE PVT LTD-NEPAL,WAHA 72%,WAHA 72%,WAHA 72%-LAUNDRY SOAP PPH 125 GM,PLPCH,125.000 GM,,,125.0,GM,25.0
154,2022-01-13,202201,132792028,1641383164730,,123,HIMGIRI HYGIENE PVT LTD-NEPAL,WAHA 72%,WAHA 72%/125GM/PPH/HIMGIRI HYGIENE PVT LTD-NEPAL,25,PPH,125GM,,1641383164730-himgiri hygiene pvt ltd-nepal-waha 72-.png,PARKER FOR NEXT MONTH,999,9,99762789,68.66547,123,HIMGIRI HYGIENE PVT LTD-NEPAL,WAHA 72%,WAHA 72%,WAHA 72%-LAUNDRY SOAP PPH 250 GM,PLPCH,250.000 GM,,,250.0,GM,40.0
154,2022-01-13,202201,132792028,1641383164730,,123,HIMGIRI HYGIENE PVT LTD-NEPAL,WAHA 72%,WAHA 72%/125GM/PPH/HIMGIRI HYGIENE PVT LTD-NEPAL,25,PPH,125GM,,1641383164730-himgiri hygiene pvt ltd-nepal-waha 72-.png,PARKER FOR NEXT MONTH,999,10,99762861,70.73543,123,HIMGIRI HYGIENE PVT LTD-NEPAL,WAHA 72%,WAHA 72%,WAHA 72%-LAUNDRY SOAP PPH 200 GM,PLPCH,200.000 GM,,,200.0,GM,35.0
155,2022-01-13,202201,132779799,1641367476287,,117,KWALITY CHEM PVT.LTD-NEPAL,GIV ,GIV THICK & GLOSSY BLACK SHINE/5ML/SCT/PREVENT HAIR FALL/20%EXTRA/KWALITY CHEM PVT.LTD-NEPAL,2,SCT,5ML,,1641367476287-kwality chem pvt-ltd-nepal-giv .png,PARKER FOR NEXT MONTH,999,1,92162412,151.16223,117,UNILEVER NEPAL LTD-NEPAL,SUNSILK,SUNSILK BLACK SHINE,SUNSILK BLACK SHINE-SCT 5.5 ML+20% EXTRA,PLSCH,5.500 ML,,,6.6,ML,0.0
155,2022-01-13,202201,132779799,1641367476287,,117,KWALITY CHEM PVT.LTD-NEPAL,GIV ,GIV THICK & GLOSSY BLACK SHINE/5ML/SCT/PREVENT HAIR FALL/20%EXTRA/KWALITY CHEM PVT.LTD-NEPAL,2,SCT,5ML,,1641367476287-kwality chem pvt-ltd-nepal-giv .png,PARKER FOR NEXT MONTH,999,2,48124,152.11244,117,UNILEVER NEPAL LTD-NEPAL,SUNSILK,SUNSILK BLACK SHINE,SUNSILK BLACK SHINE-SCT 5 ML+20% EXTRA,PLSCH,5.000 ML,,,6.0,ML,0.0
155,2022-01-13,202201,132779799,1641367476287,,117,KWALITY CHEM PVT.LTD-NEPAL,GIV ,GIV THICK & GLOSSY BLACK SHINE/5ML/SCT/PREVENT HAIR FALL/20%EXTRA/KWALITY CHEM PVT.LTD-NEPAL,2,SCT,5ML,,1641367476287-kwality chem pvt-ltd-nepal-giv .png,PARKER FOR NEXT MONTH,999,3,54967,153.58347,117,UNILEVER NEPAL LTD-NEPAL,SUNSILK,SUNSILK BLACK SHINE CONDITIONR,SUNSILK BLACK SHINE CONDITIONR-SCT 7.5 ML,PLSCH,7.500 ML,,,7.5,ML,0.0
155,2022-01-13,202201,132779799,1641367476287,,117,KWALITY CHEM PVT.LTD-NEPAL,GIV ,GIV THICK & GLOSSY BLACK SHINE/5ML/SCT/PREVENT HAIR FALL/20%EXTRA/KWALITY CHEM PVT.LTD-NEPAL,2,SCT,5ML,,1641367476287-kwality chem pvt-ltd-nepal-giv .png,PARKER FOR NEXT MONTH,999,4,47170,153.85376,117,UNILEVER NEPAL LTD-NEPAL,SUNSILK,SUNSILK STUNNING BLACK SHINE,SUNSILK STUNNING BLACK SHINE-CONDITIONER SCT 7 ML,PLSCH,7.000 ML,,,7.0,ML,0.0
155,2022-01-13,202201,132779799,1641367476287,,117,KWALITY CHEM PVT.LTD-NEPAL,GIV ,GIV THICK & GLOSSY BLACK SHINE/5ML/SCT/PREVENT HAIR FALL/20%EXTRA/KWALITY CHEM PVT.LTD-NEPAL,2,SCT,5ML,,1641367476287-kwality chem pvt-ltd-nepal-giv .png,PARKER FOR NEXT MONTH,999,5,92126295,154.35883,117,UNILEVER NEPAL LTD-NEPAL,SUNSILK,SUNSILK BLACK SHINE CONDITIONR,SUNSILK BLACK SHINE CONDITIONR-SCT 6 ML,PLSCH,6.000 ML,,,6.0,ML,0.0
155,2022-01-13,202201,132779799,1641367476287,,117,KWALITY CHEM PVT.LTD-NEPAL,GIV ,GIV THICK & GLOSSY BLACK SHINE/5ML/SCT/PREVENT HAIR FALL/20%EXTRA/KWALITY CHEM PVT.LTD-NEPAL,2,SCT,5ML,,1641367476287-kwality chem pvt-ltd-nepal-giv .png,PARKER FOR NEXT MONTH,999,6,52208,155.56818,117,UNILEVER NEPAL LTD-NEPAL,SUNSILK,SUNSILK BLACK SHINE,SUNSILK BLACK SHINE-SCT 4 ML+50% EXT,PLSCH,4.000 ML,,,6.0,ML,0.0
155,2022-01-13,202201,132779799,1641367476287,,117,KWALITY CHEM PVT.LTD-NEPAL,GIV ,GIV THICK & GLOSSY BLACK SHINE/5ML/SCT/PREVENT HAIR FALL/20%EXTRA/KWALITY CHEM PVT.LTD-NEPAL,2,SCT,5ML,,1641367476287-kwality chem pvt-ltd-nepal-giv .png,PARKER FOR NEXT MONTH,999,7,51300,156.85843,117,UNILEVER NEPAL LTD-NEPAL,SUNSILK,SUNSILK STUNNING BLACK SHINE,SUNSILK STUNNING BLACK SHINE-CNDTNR SCT 7 ML+7% EXT,PLSCH,7.000 ML,,,7.5,ML,0.0
155,2022-01-13,202201,132779799,1641367476287,,117,KWALITY CHEM PVT.LTD-NEPAL,GIV ,GIV THICK & GLOSSY BLACK SHINE/5ML/SCT/PREVENT HAIR FALL/20%EXTRA/KWALITY CHEM PVT.LTD-NEPAL,2,SCT,5ML,,1641367476287-kwality chem pvt-ltd-nepal-giv .png,PARKER FOR NEXT MONTH,999,8,99763538,157.02592,117,DABUR NEPAL LTD.-NEPAL,DABUR,DABUR VATIKA NATURALS,DABUR VATIKA NATURALS-BLACK SHINE SCT 7 ML+40% EXTRA,PLSCH,7.000 ML,,,9.8,ML,2.0
155,2022-01-13,202201,132779799,1641367476287,,117,KWALITY CHEM PVT.LTD-NEPAL,GIV ,GIV THICK & GLOSSY BLACK SHINE/5ML/SCT/PREVENT HAIR FALL/20%EXTRA/KWALITY CHEM PVT.LTD-NEPAL,2,SCT,5ML,,1641367476287-kwality chem pvt-ltd-nepal-giv .png,PARKER FOR NEXT MONTH,999,9,92116945,157.57516,117,UNILEVER NEPAL LTD-NEPAL,LUX,LUX,LUX-RADIANT HAIR SCT 4    ML,PLSCH,4.000 ML,,,4.0,ML,0.0
155,2022-01-13,202201,132779799,1641367476287,,117,KWALITY CHEM PVT.LTD-NEPAL,GIV ,GIV THICK & GLOSSY BLACK SHINE/5ML/SCT/PREVENT HAIR FALL/20%EXTRA/KWALITY CHEM PVT.LTD-NEPAL,2,SCT,5ML,,1641367476287-kwality chem pvt-ltd-nepal-giv .png,PARKER FOR NEXT MONTH,999,10,92120439,158.29793,117,UNILEVER NEPAL LTD-NEPAL,SUNSILK,SUNSILK HAIR FAL SLTN CNDTNR,SUNSILK HAIR FAL SLTN CNDTNR-SCT 5 ML,PLSCH,5.000 ML,,,5.0,ML,0.0
156,2022-01-13,202201,123131763,1641896645354,99762995,123,RSPL LTD-INDIA,GHADI ,GHADI DETERGENT CAKE/160GM/EWP,20,EWP,160GM ,,1641896645354-rspl ltd-india-ghadi .png,RECODING,5,1,99762995,20.019981,123,RSPL LTD-INDIA,GHADI,GHADI,GHADI-DETERGENT CAKE EWP 160 GMS,EWRPK,160.000 GM,,,160.0,GM,20.0
156,2022-01-13,202201,123131763,1641896645354,99762995,123,RSPL LTD-INDIA,GHADI ,GHADI DETERGENT CAKE/160GM/EWP,20,EWP,160GM ,,1641896645354-rspl ltd-india-ghadi .png,RECODING,5,2,99762891,22.38349,123,RSPL LTD-INDIA,GHADI,GHADI,GHADI-DETERGENT CAKE EWP 165 GMS,EWRPK,165.000 GM,,,165.0,GM,20.0
156,2022-01-13,202201,123131763,1641896645354,99762995,123,RSPL LTD-INDIA,GHADI ,GHADI DETERGENT CAKE/160GM/EWP,20,EWP,160GM ,,1641896645354-rspl ltd-india-ghadi .png,RECODING,5,3,99762994,27.859196,123,RSPL LTD-INDIA,GHADI,GHADI,GHADI-DETERGENT CAKE EWP 70 GMS,EWRPK,70.000 GM,,,70.0,GM,10.0
156,2022-01-13,202201,123131763,1641896645354,99762995,123,RSPL LTD-INDIA,GHADI ,GHADI DETERGENT CAKE/160GM/EWP,20,EWP,160GM ,,1641896645354-rspl ltd-india-ghadi .png,RECODING,5,4,99764243,36.1246,123,RSPL LTD-INDIA,GHADI,GHADI,GHADI-DETERGENT CAKE PPH 60 GM,PLPCH,60.000 GM,,,60.0,GM,8.0
156,2022-01-13,202201,123131763,1641896645354,99762995,123,RSPL LTD-INDIA,GHADI ,GHADI DETERGENT CAKE/160GM/EWP,20,EWP,160GM ,,1641896645354-rspl ltd-india-ghadi .png,RECODING,5,5,99764224,38.48861,123,RSPL LTD-INDIA,GHADI,GHADI,GHADI-DETERGENT CAKE PPH 65 GM,PLPCH,65.000 GM,,,65.0,GM,10.0
156,2022-01-13,202201,123131763,1641896645354,99762995,123,RSPL LTD-INDIA,GHADI ,GHADI DETERGENT CAKE/160GM/EWP,20,EWP,160GM ,,1641896645354-rspl ltd-india-ghadi .png,RECODING,5,6,99764550,38.683456,123,RSPL LTD-INDIA,GHADI,GHADI,GHADI-DETERGENT CAKE PPH 70 GM,PLPCH,70.000 GM,,,70.0,GM,8.0
156,2022-01-13,202201,123131763,1641896645354,99762995,123,RSPL LTD-INDIA,GHADI ,GHADI DETERGENT CAKE/160GM/EWP,20,EWP,160GM ,,1641896645354-rspl ltd-india-ghadi .png,RECODING,5,7,99764451,38.739037,123,RSPL LTD-INDIA,GHADI,GHADI,GHADI-DETERGENT CAKE PPH 145 GM,PLPCH,145.000 GM,,,145.0,GM,16.0
156,2022-01-13,202201,123131763,1641896645354,99762995,123,RSPL LTD-INDIA,GHADI ,GHADI DETERGENT CAKE/160GM/EWP,20,EWP,160GM ,,1641896645354-rspl ltd-india-ghadi .png,RECODING,5,8,99763599,128.5005,123,RSPL LTD-INDIA,GHADI,GHADI,GHADI-EWP 155 GM,EWRPK,155.000 GM,,,155.0,GM,20.0
156,2022-01-13,202201,123131763,1641896645354,99762995,123,RSPL LTD-INDIA,GHADI ,GHADI DETERGENT CAKE/160GM/EWP,20,EWP,160GM ,,1641896645354-rspl ltd-india-ghadi .png,RECODING,5,9,47737,128.8252,123,G D INDUSTRIES-INDIA,KASHI,KASHI,KASHI-DETERGENT CAKE PPH 160 GM,PLPCH,160.000 GM,,,160.0,GM,0.0
156,2022-01-13,202201,123131763,1641896645354,99762995,123,RSPL LTD-INDIA,GHADI ,GHADI DETERGENT CAKE/160GM/EWP,20,EWP,160GM ,,1641896645354-rspl ltd-india-ghadi .png,RECODING,5,10,99762611,129.42337,123,RSPL LTD-INDIA,GHADI,GHADI,GHADI-EWP 170 GMS,EWRPK,170.000 GM,,,170.0,GM,20.0
157,2022-01-13,202201,123131763,1641896529331,99762994,123,RSPL LTD-INDIA,GHADI ,GHADI/DETERGENT CAKE/70GM/EWP,10,EWP,70GM,,1641896529331-rspl ltd-india-ghadi .png,RECODING,5,1,99762994,19.055592,123,RSPL LTD-INDIA,GHADI,GHADI,GHADI-DETERGENT CAKE EWP 70 GMS,EWRPK,70.000 GM,,,70.0,GM,10.0
157,2022-01-13,202201,123131763,1641896529331,99762994,123,RSPL LTD-INDIA,GHADI ,GHADI/DETERGENT CAKE/70GM/EWP,10,EWP,70GM,,1641896529331-rspl ltd-india-ghadi .png,RECODING,5,2,99762891,21.768831,123,RSPL LTD-INDIA,GHADI,GHADI,GHADI-DETERGENT CAKE EWP 165 GMS,EWRPK,165.000 GM,,,165.0,GM,20.0
157,2022-01-13,202201,123131763,1641896529331,99762994,123,RSPL LTD-INDIA,GHADI ,GHADI/DETERGENT CAKE/70GM/EWP,10,EWP,70GM,,1641896529331-rspl ltd-india-ghadi .png,RECODING,5,3,99762995,21.782534,123,RSPL LTD-INDIA,GHADI,GHADI,GHADI-DETERGENT CAKE EWP 160 GMS,EWRPK,160.000 GM,,,160.0,GM,20.0
157,2022-01-13,202201,123131763,1641896529331,99762994,123,RSPL LTD-INDIA,GHADI ,GHADI/DETERGENT CAKE/70GM/EWP,10,EWP,70GM,,1641896529331-rspl ltd-india-ghadi .png,RECODING,5,4,99764550,31.02293,123,RSPL LTD-INDIA,GHADI,GHADI,GHADI-DETERGENT CAKE PPH 70 GM,PLPCH,70.000 GM,,,70.0,GM,8.0
157,2022-01-13,202201,123131763,1641896529331,99762994,123,RSPL LTD-INDIA,GHADI ,GHADI/DETERGENT CAKE/70GM/EWP,10,EWP,70GM,,1641896529331-rspl ltd-india-ghadi .png,RECODING,5,5,99764243,32.55669,123,RSPL LTD-INDIA,GHADI,GHADI,GHADI-DETERGENT CAKE PPH 60 GM,PLPCH,60.000 GM,,,60.0,GM,8.0
157,2022-01-13,202201,123131763,1641896529331,99762994,123,RSPL LTD-INDIA,GHADI ,GHADI/DETERGENT CAKE/70GM/EWP,10,EWP,70GM,,1641896529331-rspl ltd-india-ghadi .png,RECODING,5,6,99764224,34.146687,123,RSPL LTD-INDIA,GHADI,GHADI,GHADI-DETERGENT CAKE PPH 65 GM,PLPCH,65.000 GM,,,65.0,GM,10.0
157,2022-01-13,202201,123131763,1641896529331,99762994,123,RSPL LTD-INDIA,GHADI ,GHADI/DETERGENT CAKE/70GM/EWP,10,EWP,70GM,,1641896529331-rspl ltd-india-ghadi .png,RECODING,5,7,99764451,39.52659,123,RSPL LTD-INDIA,GHADI,GHADI,GHADI-DETERGENT CAKE PPH 145 GM,PLPCH,145.000 GM,,,145.0,GM,16.0
157,2022-01-13,202201,123131763,1641896529331,99762994,123,RSPL LTD-INDIA,GHADI ,GHADI/DETERGENT CAKE/70GM/EWP,10,EWP,70GM,,1641896529331-rspl ltd-india-ghadi .png,RECODING,5,8,99763599,108.33741,123,RSPL LTD-INDIA,GHADI,GHADI,GHADI-EWP 155 GM,EWRPK,155.000 GM,,,155.0,GM,20.0
157,2022-01-13,202201,123131763,1641896529331,99762994,123,RSPL LTD-INDIA,GHADI ,GHADI/DETERGENT CAKE/70GM/EWP,10,EWP,70GM,,1641896529331-rspl ltd-india-ghadi .png,RECODING,5,9,99764051,109.95376,123,RSPL LTD-INDIA,GHADI,GHADI,GHADI-EWP 140 GM,EWRPK,140.000 GM,,,140.0,GM,10.0
157,2022-01-13,202201,123131763,1641896529331,99762994,123,RSPL LTD-INDIA,GHADI ,GHADI/DETERGENT CAKE/70GM/EWP,10,EWP,70GM,,1641896529331-rspl ltd-india-ghadi .png,RECODING,5,10,92919016,109.9709,123,RSPL LTD-INDIA,GHADI,GHADI,GHADI- EWP 75 GMS,EWRPK,75.000 GM,,,75.0,GM,0.0
158,2022-01-13,202201,123131763,1641898087979,99762986,120,UNILEVER NEPAL LTD-NEPAL,LIRIL,LIRIL LIME RUSH/4Ã—75GM/EWP/SAVE RS 10,110,EWP,4Ã—75GM,,1641898087979-unilever nepal ltd-nepal-liril.png,RECODING,5,1,92562465,36.85579,120,UNILEVER NEPAL LTD-NEPAL,LIRIL,LIRIL,LIRIL-LIME RUSH EWP 75 GM+SAVE RS. 3 ON 3 NOS PACK,EWRPK,75.000 GM,,,225.0,GM,0.0
158,2022-01-13,202201,123131763,1641898087979,99762986,120,UNILEVER NEPAL LTD-NEPAL,LIRIL,LIRIL LIME RUSH/4Ã—75GM/EWP/SAVE RS 10,110,EWP,4Ã—75GM,,1641898087979-unilever nepal ltd-nepal-liril.png,RECODING,5,2,99762986,39.961754,120,UNILEVER NEPAL LTD-NEPAL,LIRIL,LIRIL,LIRIL-LIME RUSH EWP 4*75 GM+SAV RS 10,EWRPK,75.000 GM,,,300.0,GM,110.0
158,2022-01-13,202201,123131763,1641898087979,99762986,120,UNILEVER NEPAL LTD-NEPAL,LIRIL,LIRIL LIME RUSH/4Ã—75GM/EWP/SAVE RS 10,110,EWP,4Ã—75GM,,1641898087979-unilever nepal ltd-nepal-liril.png,RECODING,5,3,99764280,41.55908,120,UNILEVER NEPAL LTD-NEPAL,LIRIL,LIRIL,LIRIL-LIME RUSH EWP 4*75 GM+SAV RS. 5,EWRPK,75.000 GM,,,300.0,GM,135.0
158,2022-01-13,202201,123131763,1641898087979,99762986,120,UNILEVER NEPAL LTD-NEPAL,LIRIL,LIRIL LIME RUSH/4Ã—75GM/EWP/SAVE RS 10,110,EWP,4Ã—75GM,,1641898087979-unilever nepal ltd-nepal-liril.png,RECODING,5,4,99764856,41.960136,120,UNILEVER NEPAL LTD-NEPAL,LIRIL,LIRIL,LIRIL-LIME RUSH EWP 4*75 GM+SAV RS. 7,EWRPK,75.000 GM,,,300.0,GM,145.0
158,2022-01-13,202201,123131763,1641898087979,99762986,120,UNILEVER NEPAL LTD-NEPAL,LIRIL,LIRIL LIME RUSH/4Ã—75GM/EWP/SAVE RS 10,110,EWP,4Ã—75GM,,1641898087979-unilever nepal ltd-nepal-liril.png,RECODING,5,5,99763244,42.915756,120,UNILEVER NEPAL LTD-NEPAL,LIRIL,LIRIL,LIRIL-LIME RUSH EWP 4*75 GM+SAV RS 12,EWRPK,75.000 GM,,,300.0,GM,120.0
158,2022-01-13,202201,123131763,1641898087979,99762986,120,UNILEVER NEPAL LTD-NEPAL,LIRIL,LIRIL LIME RUSH/4Ã—75GM/EWP/SAVE RS 10,110,EWP,4Ã—75GM,,1641898087979-unilever nepal ltd-nepal-liril.png,RECODING,5,6,51727,45.49482,120,UNILEVER NEPAL LTD-NEPAL,LIRIL,LIRIL,LIRIL-LIME RUSH EWP 4*75 GM+SAV RS 20,EWRPK,75.000 GM,,,300.0,GM,0.0
158,2022-01-13,202201,123131763,1641898087979,99762986,120,UNILEVER NEPAL LTD-NEPAL,LIRIL,LIRIL LIME RUSH/4Ã—75GM/EWP/SAVE RS 10,110,EWP,4Ã—75GM,,1641898087979-unilever nepal ltd-nepal-liril.png,RECODING,5,7,92527089,46.626465,120,UNILEVER NEPAL LTD-NEPAL,LIRIL,LIRIL,LIRIL-LIME RUSH EWP 75 GMS,EWRPK,75.000 GM,,,75.0,GM,0.0
158,2022-01-13,202201,123131763,1641898087979,99762986,120,UNILEVER NEPAL LTD-NEPAL,LIRIL,LIRIL LIME RUSH/4Ã—75GM/EWP/SAVE RS 10,110,EWP,4Ã—75GM,,1641898087979-unilever nepal ltd-nepal-liril.png,RECODING,5,8,49799,51.89676,120,UNILEVER NEPAL LTD-NEPAL,LIRIL,LIRIL,LIRIL-LIME RUSH EWP 5*75 GM+B4G1,EWRPK,75.000 GM,,,375.0,GM,0.0
158,2022-01-13,202201,123131763,1641898087979,99762986,120,UNILEVER NEPAL LTD-NEPAL,LIRIL,LIRIL LIME RUSH/4Ã—75GM/EWP/SAVE RS 10,110,EWP,4Ã—75GM,,1641898087979-unilever nepal ltd-nepal-liril.png,RECODING,5,9,92511234,73.45433,120,UNILEVER NEPAL LTD-NEPAL,JAI,JAI,JAI-LIME EWP 75 GMS,EWRPK,75.000 GM,,,75.0,GM,0.0
158,2022-01-13,202201,123131763,1641898087979,99762986,120,UNILEVER NEPAL LTD-NEPAL,LIRIL,LIRIL LIME RUSH/4Ã—75GM/EWP/SAVE RS 10,110,EWP,4Ã—75GM,,1641898087979-unilever nepal ltd-nepal-liril.png,RECODING,5,10,92560445,83.799095,120,UNILEVER NEPAL LTD-NEPAL,LIRIL,LIRIL,LIRIL-EWP  75 GMS +RS. 3.00/- OFF,EWRPK,75.000 GM,,,75.0,GM,0.0
159,2022-01-13,202201,123131763,1641899199553,99762989,122,GHARI CHEMICAL WORKS NEPAL ,HARAPATTA,HARAPATTA/GREENLEAF/3000GM/PPH,240,PPH,3000GM,,1641899199553-ghari chemical works nepal -harapatta.png,RECODING,5,1,99762989,43.368446,122,GHARI CHEMICAL WORKS-NEPAL,HARAPATTA,HARAPATTA,HARAPATTA-PPH 3000 GMS,PLPCH,3000.000 GM,,,3000.0,GM,240.0
159,2022-01-13,202201,123131763,1641899199553,99762989,122,GHARI CHEMICAL WORKS NEPAL ,HARAPATTA,HARAPATTA/GREENLEAF/3000GM/PPH,240,PPH,3000GM,,1641899199553-ghari chemical works nepal -harapatta.png,RECODING,5,2,99764660,47.074806,122,GHARI CHEMICAL WORKS-NEPAL,HARAPATTA,HARAPATTA,HARAPATTA-PPH 500 GM,PLPCH,500.000 GM,,,500.0,GM,50.0
159,2022-01-13,202201,123131763,1641899199553,99762989,122,GHARI CHEMICAL WORKS NEPAL ,HARAPATTA,HARAPATTA/GREENLEAF/3000GM/PPH,240,PPH,3000GM,,1641899199553-ghari chemical works nepal -harapatta.png,RECODING,5,3,99762887,111.412796,122,JAY CHEMICAL WORKS-INDIA,HARAPATTA,HARAPATTA,HARAPATTA-GREENLEAF PPH 125 GM,PLPCH,125.000 GM,,,125.0,GM,20.0
159,2022-01-13,202201,123131763,1641899199553,99762989,122,GHARI CHEMICAL WORKS NEPAL ,HARAPATTA,HARAPATTA/GREENLEAF/3000GM/PPH,240,PPH,3000GM,,1641899199553-ghari chemical works nepal -harapatta.png,RECODING,5,4,99762888,111.46646,122,JAY CHEMICAL WORKS-INDIA,HARAPATTA,HARAPATTA,HARAPATTA-GREENLEAF PPH 60 GM,PLPCH,60.000 GM,,,60.0,GM,10.0
159,2022-01-13,202201,123131763,1641899199553,99762989,122,GHARI CHEMICAL WORKS NEPAL ,HARAPATTA,HARAPATTA/GREENLEAF/3000GM/PPH,240,PPH,3000GM,,1641899199553-ghari chemical works nepal -harapatta.png,RECODING,5,5,48814,111.55221,122,JAY CHEMICAL WORKS-INDIA,HARAPATTA,HARAPATTA,HARAPATTA-GREENLEAF PPH 1000 GM,PLPCH,1000.000 GM,,,1000.0,GM,0.0
159,2022-01-13,202201,123131763,1641899199553,99762989,122,GHARI CHEMICAL WORKS NEPAL ,HARAPATTA,HARAPATTA/GREENLEAF/3000GM/PPH,240,PPH,3000GM,,1641899199553-ghari chemical works nepal -harapatta.png,RECODING,5,6,54895,111.94652,122,JAY CHEMICAL WORKS-INDIA,HARAPATTA,HARAPATTA,HARAPATTA-GREENLEAF PPH 140 GM,PLPCH,140.000 GM,,,140.0,GM,0.0
159,2022-01-13,202201,123131763,1641899199553,99762989,122,GHARI CHEMICAL WORKS NEPAL ,HARAPATTA,HARAPATTA/GREENLEAF/3000GM/PPH,240,PPH,3000GM,,1641899199553-ghari chemical works nepal -harapatta.png,RECODING,5,7,53841,112.7457,122,JAY CHEMICAL WORKS-INDIA,HARAPATTA,HARAPATTA,HARAPATTA-GREENLEAF PPH 145 GM,PLPCH,145.000 GM,,,145.0,GM,0.0
159,2022-01-13,202201,123131763,1641899199553,99762989,122,GHARI CHEMICAL WORKS NEPAL ,HARAPATTA,HARAPATTA/GREENLEAF/3000GM/PPH,240,PPH,3000GM,,1641899199553-ghari chemical works nepal -harapatta.png,RECODING,5,8,52537,112.92932,122,JAY CHEMICAL WORKS-INDIA,HARAPATTA,HARAPATTA,HARAPATTA-GREENLEAF PPH 150 GM,PLPCH,150.000 GM,,,150.0,GM,0.0
159,2022-01-13,202201,123131763,1641899199553,99762989,122,GHARI CHEMICAL WORKS NEPAL ,HARAPATTA,HARAPATTA/GREENLEAF/3000GM/PPH,240,PPH,3000GM,,1641899199553-ghari chemical works nepal -harapatta.png,RECODING,5,9,50937,113.86126,122,JAY CHEMICAL WORKS-INDIA,HARAPATTA,HARAPATTA,HARAPATTA-GREENLEAF PPH 155 GM,PLPCH,155.000 GM,,,155.0,GM,0.0
159,2022-01-13,202201,123131763,1641899199553,99762989,122,GHARI CHEMICAL WORKS NEPAL ,HARAPATTA,HARAPATTA/GREENLEAF/3000GM/PPH,240,PPH,3000GM,,1641899199553-ghari chemical works nepal -harapatta.png,RECODING,5,10,50933,115.2207,122,JAY CHEMICAL WORKS-INDIA,HARAPATTA,HARAPATTA,HARAPATTA-GREENLEAF PPH 500 GM,PLPCH,500.000 GM,,,500.0,GM,0.0
160,2022-01-13,202201,124067600,1641881113373,99762997,132,PAGODA INTERNATIONAL LTD-NPL,BABIES POKO PANTS,BARBIES POKO PANTS/MEDIUM/5 PCS/PPH,100,PPH,5 PCS ,,1641881113373-pagoda international ltd-npl-babies poko pants.png,RECODING,5,1,99762997,39.06312,132,PAGODA INTERNATIONAL LTD-NPL,BABIES POKO PANTS,BABIES POKO PANTS,BABIES POKO PANTS-SOFT & SECURE MEDIUM(M) PPH 5 NOS,PLPCH,5.000 NO,,,5.0,NO,100.0
160,2022-01-13,202201,124067600,1641881113373,99762997,132,PAGODA INTERNATIONAL LTD-NPL,BABIES POKO PANTS,BARBIES POKO PANTS/MEDIUM/5 PCS/PPH,100,PPH,5 PCS ,,1641881113373-pagoda international ltd-npl-babies poko pants.png,RECODING,5,2,99762605,42.142593,132,PAGODA INTERNATIONAL LTD-NPL,BABIES POKO PANTS,BABIES POKO PANTS,BABIES POKO PANTS-SOFT & SECURE SMALL(S) PPH 5 NOS,PLPCH,5.000 NO,,,5.0,NO,100.0
160,2022-01-13,202201,124067600,1641881113373,99762997,132,PAGODA INTERNATIONAL LTD-NPL,BABIES POKO PANTS,BARBIES POKO PANTS/MEDIUM/5 PCS/PPH,100,PPH,5 PCS ,,1641881113373-pagoda international ltd-npl-babies poko pants.png,RECODING,5,3,99764222,42.7531,132,PAGODA INTERNATIONAL LTD-NPL,BABIES POKO PANTS,BABIES POKO PANTS,BABIES POKO PANTS-SOFT & SECURE LARGE(L) PPH 5 NOS,PLPCH,5.000 NO,,,5.0,NO,100.0
160,2022-01-13,202201,124067600,1641881113373,99762997,132,PAGODA INTERNATIONAL LTD-NPL,BABIES POKO PANTS,BARBIES POKO PANTS/MEDIUM/5 PCS/PPH,100,PPH,5 PCS ,,1641881113373-pagoda international ltd-npl-babies poko pants.png,RECODING,5,4,99764818,197.43047,132,GLOW INTERNATIONAL PVT LTD-NEPAL,NANA,NANA BABY PANTS,NANA BABY PANTS-MEDIUM(M) PPH 4 NOS,PLPCH,4.000 NO,,,4.0,NO,100.0
160,2022-01-13,202201,124067600,1641881113373,99762997,132,PAGODA INTERNATIONAL LTD-NPL,BABIES POKO PANTS,BARBIES POKO PANTS/MEDIUM/5 PCS/PPH,100,PPH,5 PCS ,,1641881113373-pagoda international ltd-npl-babies poko pants.png,RECODING,5,5,99762960,197.64561,132,A.G. HEALTH INDUSTRIES PVT LTD-NEPAL,SAGUN BABY,SAGUN BABY POKO PANTS,SAGUN BABY POKO PANTS-MEDIUM(M) PPH 36 NOS,PLPCH,36.000 NO,,,36.0,NO,800.0
160,2022-01-13,202201,124067600,1641881113373,99762997,132,PAGODA INTERNATIONAL LTD-NPL,BABIES POKO PANTS,BARBIES POKO PANTS/MEDIUM/5 PCS/PPH,100,PPH,5 PCS ,,1641881113373-pagoda international ltd-npl-babies poko pants.png,RECODING,5,6,99764816,200.02042,132,SMART SURGIMADE ENTERPRISES-NP,SOFT LITE,SOFT LITE BABY POKO PULLUPS,SOFT LITE BABY POKO PULLUPS-EXTRA LARGE(XL) PPH 4 NOS,PLPCH,4.000 NO,,,4.0,NO,100.0
160,2022-01-13,202201,124067600,1641881113373,99762997,132,PAGODA INTERNATIONAL LTD-NPL,BABIES POKO PANTS,BARBIES POKO PANTS/MEDIUM/5 PCS/PPH,100,PPH,5 PCS ,,1641881113373-pagoda international ltd-npl-babies poko pants.png,RECODING,5,7,99762660,200.18791,132,A.G. HEALTH INDUSTRIES PVT LTD-NEPAL,SAGUN BABY,SAGUN BABY POKO PANTS,SAGUN BABY POKO PANTS-MEDIUM(M) PPH 5 NOS,PLPCH,5.000 NO,,,5.0,NO,100.0
160,2022-01-13,202201,124067600,1641881113373,99762997,132,PAGODA INTERNATIONAL LTD-NPL,BABIES POKO PANTS,BARBIES POKO PANTS/MEDIUM/5 PCS/PPH,100,PPH,5 PCS ,,1641881113373-pagoda international ltd-npl-babies poko pants.png,RECODING,5,8,99762683,201.59645,132,A.G. HEALTH INDUSTRIES PVT LTD-NEPAL,SAGUN BABY,SAGUN BABY POKO PANTS,SAGUN BABY POKO PANTS-EXTRA LARGE(XL) PPH 4 NOS,PLPCH,4.000 NO,,,4.0,NO,100.0
160,2022-01-13,202201,124067600,1641881113373,99762997,132,PAGODA INTERNATIONAL LTD-NPL,BABIES POKO PANTS,BARBIES POKO PANTS/MEDIUM/5 PCS/PPH,100,PPH,5 PCS ,,1641881113373-pagoda international ltd-npl-babies poko pants.png,RECODING,5,9,99764817,202.09886,132,SMART SURGIMADE ENTERPRISES-NP,SOFT LITE,SOFT LITE BABY POKO PULLUPS,SOFT LITE BABY POKO PULLUPS-MEDIUM(M) PPH 5 NOS,PLPCH,5.000 NO,,,5.0,NO,100.0
160,2022-01-13,202201,124067600,1641881113373,99762997,132,PAGODA INTERNATIONAL LTD-NPL,BABIES POKO PANTS,BARBIES POKO PANTS/MEDIUM/5 PCS/PPH,100,PPH,5 PCS ,,1641881113373-pagoda international ltd-npl-babies poko pants.png,RECODING,5,10,99762604,202.84753,132,A.G. HEALTH INDUSTRIES PVT LTD-NEPAL,SAGUN BABY,SAGUN BABY POKO PANTS,SAGUN BABY POKO PANTS-SMALL(S) PPH 5 NOS,PLPCH,5.000 NO,,,5.0,NO,100.0
161,2022-01-14,202201,118032553,1641964989516,,123,GOLDEN STAR SOAP IND-NEPAL,AAYO,AAYO- PPH 100 GM ,20,PPH ,100 GM,,1641964989516-golden star soap ind-nepal-aayo.png,PARKER FOR NEXT MONTH,999,1,54691,25.453392,123,GOLDEN STAR SOAP IND-NEPAL,AAYO,AAYO,AAYO-PPH 12*180 GM,PLPCH,180.000 GM,,,2160.0,GM,0.0
161,2022-01-14,202201,118032553,1641964989516,,123,GOLDEN STAR SOAP IND-NEPAL,AAYO,AAYO- PPH 100 GM ,20,PPH ,100 GM,,1641964989516-golden star soap ind-nepal-aayo.png,PARKER FOR NEXT MONTH,999,2,51381,27.646128,123,GOLDEN STAR SOAP IND-NEPAL,AAYO,AAYO ULTRA,AAYO ULTRA-PPH 200 GM+10% EXT,PLPCH,200.000 GM,,,220.0,GM,0.0
161,2022-01-14,202201,118032553,1641964989516,,123,GOLDEN STAR SOAP IND-NEPAL,AAYO,AAYO- PPH 100 GM ,20,PPH ,100 GM,,1641964989516-golden star soap ind-nepal-aayo.png,PARKER FOR NEXT MONTH,999,3,99764626,29.917921,123,GOLDEN STAR SOAP IND-NEPAL,AAYO,AAYO,AAYO-SMART CLEAN PPH 200 GM,PLPCH,200.000 GM,,,200.0,GM,45.0
161,2022-01-14,202201,118032553,1641964989516,,123,GOLDEN STAR SOAP IND-NEPAL,AAYO,AAYO- PPH 100 GM ,20,PPH ,100 GM,,1641964989516-golden star soap ind-nepal-aayo.png,PARKER FOR NEXT MONTH,999,4,99763420,31.787907,123,GOLDEN STAR SOAP IND-NEPAL,AAYO,AAYO,AAYO-LAUNDRY SOAP PPH 100 GM,PLPCH,100.000 GM,,,100.0,GM,20.0
161,2022-01-14,202201,118032553,1641964989516,,123,GOLDEN STAR SOAP IND-NEPAL,AAYO,AAYO- PPH 100 GM ,20,PPH ,100 GM,,1641964989516-golden star soap ind-nepal-aayo.png,PARKER FOR NEXT MONTH,999,5,99762785,34.620773,123,GOLDEN STAR SOAP IND-NEPAL,AAYO,AAYO ULTRA,AAYO ULTRA-SMART CLEAN PPH 150 GM,PLPCH,150.000 GM,,,150.0,GM,35.0
161,2022-01-14,202201,118032553,1641964989516,,123,GOLDEN STAR SOAP IND-NEPAL,AAYO,AAYO- PPH 100 GM ,20,PPH ,100 GM,,1641964989516-golden star soap ind-nepal-aayo.png,PARKER FOR NEXT MONTH,999,6,99764008,42.12539,123,GOLDEN STAR SOAP IND-NEPAL,AAYO,AAYO ULTRA,AAYO ULTRA-LAUNDRY SOAP PPH 3*167 GM [500 GM],PLPCH,167.000 GM,,,500.0,GM,100.0
161,2022-01-14,202201,118032553,1641964989516,,123,GOLDEN STAR SOAP IND-NEPAL,AAYO,AAYO- PPH 100 GM ,20,PPH ,100 GM,,1641964989516-golden star soap ind-nepal-aayo.png,PARKER FOR NEXT MONTH,999,7,92920656,49.744026,123,GOLDEN STAR SOAP IND-NEPAL,AAYO,AAYO 100%,AAYO 100%-UNWRP 150 GMS,UNWRP,150.000 GM,,,150.0,GM,0.0
161,2022-01-14,202201,118032553,1641964989516,,123,GOLDEN STAR SOAP IND-NEPAL,AAYO,AAYO- PPH 100 GM ,20,PPH ,100 GM,,1641964989516-golden star soap ind-nepal-aayo.png,PARKER FOR NEXT MONTH,999,8,92921603,50.53394,123,GOLDEN STAR SOAP IND-NEPAL,AAYO,AAYO 100%,AAYO 100%-UNWRP 250 GMS,UNWRP,250.000 GM,,,250.0,GM,0.0
161,2022-01-14,202201,118032553,1641964989516,,123,GOLDEN STAR SOAP IND-NEPAL,AAYO,AAYO- PPH 100 GM ,20,PPH ,100 GM,,1641964989516-golden star soap ind-nepal-aayo.png,PARKER FOR NEXT MONTH,999,9,92921659,50.63096,123,GOLDEN STAR SOAP IND-NEPAL,AAYO,AAYO 100%,AAYO 100%-UNWRP 130 GMS,UNWRP,130.000 GM,,,130.0,GM,0.0
161,2022-01-14,202201,118032553,1641964989516,,123,GOLDEN STAR SOAP IND-NEPAL,AAYO,AAYO- PPH 100 GM ,20,PPH ,100 GM,,1641964989516-golden star soap ind-nepal-aayo.png,PARKER FOR NEXT MONTH,999,10,92921604,51.61435,123,GOLDEN STAR SOAP IND-NEPAL,AAYO,AAYO 100%,AAYO 100%-UNWRP 320 GMS,UNWRP,320.000 GM,,,320.0,GM,0.0
162,2022-01-14,202201,112209679,1642072079151,,123,NAMASTE S.I (P)-NEPAL,EXPRESS,EXPRESS/LAUNDRY SOAP/200GM/PPH,40,PPH,200GM ,,1642072079151-namaste s-i -p--nepal-express.png,PARKER FOR NEXT MONTH,999,1,99763910,19.118652,123,NAMASTE S.I (P)-NEPAL,EXPRESS,EXPRESS,EXPRESS-LAUNDRY SOAP PPH 200 GM,PLPCH,200.000 GM,,,200.0,GM,45.0
162,2022-01-14,202201,112209679,1642072079151,,123,NAMASTE S.I (P)-NEPAL,EXPRESS,EXPRESS/LAUNDRY SOAP/200GM/PPH,40,PPH,200GM ,,1642072079151-namaste s-i -p--nepal-express.png,PARKER FOR NEXT MONTH,999,2,99763911,22.40783,123,NAMASTE S.I (P)-NEPAL,EXPRESS,EXPRESS,EXPRESS-LAUNDRY SOAP PPH 250 GM,PLPCH,250.000 GM,,,250.0,GM,55.0
162,2022-01-14,202201,112209679,1642072079151,,123,NAMASTE S.I (P)-NEPAL,EXPRESS,EXPRESS/LAUNDRY SOAP/200GM/PPH,40,PPH,200GM ,,1642072079151-namaste s-i -p--nepal-express.png,PARKER FOR NEXT MONTH,999,3,53457,49.935795,123,NAMASTE S.I (P)-NEPAL,EXPRESS,EXPRESS,EXPRESS-DETEGENT SOAP PPH 95 GM,PLPCH,95.000 GM,,,95.0,GM,0.0
162,2022-01-14,202201,112209679,1642072079151,,123,NAMASTE S.I (P)-NEPAL,EXPRESS,EXPRESS/LAUNDRY SOAP/200GM/PPH,40,PPH,200GM ,,1642072079151-namaste s-i -p--nepal-express.png,PARKER FOR NEXT MONTH,999,4,99764179,52.055443,123,NAMASTE S.I (P)-NEPAL,JUN,JUN,JUN-LAUNDRY SOAP PPH 200 GM,PLPCH,200.000 GM,,,200.0,GM,40.0
162,2022-01-14,202201,112209679,1642072079151,,123,NAMASTE S.I (P)-NEPAL,EXPRESS,EXPRESS/LAUNDRY SOAP/200GM/PPH,40,PPH,200GM ,,1642072079151-namaste s-i -p--nepal-express.png,PARKER FOR NEXT MONTH,999,5,99762767,60.04131,123,NAMASTE S.I (P)-NEPAL,JUN,JUN,JUN-LAUNDRY SOAP PPH 500 GM,PLPCH,500.000 GM,,,500.0,GM,100.0
162,2022-01-14,202201,112209679,1642072079151,,123,NAMASTE S.I (P)-NEPAL,EXPRESS,EXPRESS/LAUNDRY SOAP/200GM/PPH,40,PPH,200GM ,,1642072079151-namaste s-i -p--nepal-express.png,PARKER FOR NEXT MONTH,999,6,99762944,61.060028,123,NAMASTE S.I (P)-NEPAL,DARSHAN,DARSHAN,DARSHAN-PREMIUM LAUNDRY SOAP PPH 200 GM,PLPCH,200.000 GM,,,200.0,GM,40.0
162,2022-01-14,202201,112209679,1642072079151,,123,NAMASTE S.I (P)-NEPAL,EXPRESS,EXPRESS/LAUNDRY SOAP/200GM/PPH,40,PPH,200GM ,,1642072079151-namaste s-i -p--nepal-express.png,PARKER FOR NEXT MONTH,999,7,99764741,65.64453,123,NAMASTE S.I (P)-NEPAL,DARSHAN,DARSHAN,DARSHAN-PREMIUM LAUNDRY SOAP PPH 250 GM,PLPCH,250.000 GM,,,250.0,GM,50.0
162,2022-01-14,202201,112209679,1642072079151,,123,NAMASTE S.I (P)-NEPAL,EXPRESS,EXPRESS/LAUNDRY SOAP/200GM/PPH,40,PPH,200GM ,,1642072079151-namaste s-i -p--nepal-express.png,PARKER FOR NEXT MONTH,999,8,99762766,66.286606,123,NAMASTE S.I (P)-NEPAL,DARSHAN,DARSHAN,DARSHAN-PREMIUM LAUNDRY SOAP PPH 150 GM,PLPCH,150.000 GM,,,150.0,GM,30.0
162,2022-01-14,202201,112209679,1642072079151,,123,NAMASTE S.I (P)-NEPAL,EXPRESS,EXPRESS/LAUNDRY SOAP/200GM/PPH,40,PPH,200GM ,,1642072079151-namaste s-i -p--nepal-express.png,PARKER FOR NEXT MONTH,999,9,51664,84.64708,123,NAMASTE S.I (P)-NEPAL,NILAM,NILAM,NILAM-DETERGEN SOAP PPH 95 GM,PLPCH,95.000 GM,,,95.0,GM,0.0
162,2022-01-14,202201,112209679,1642072079151,,123,NAMASTE S.I (P)-NEPAL,EXPRESS,EXPRESS/LAUNDRY SOAP/200GM/PPH,40,PPH,200GM ,,1642072079151-namaste s-i -p--nepal-express.png,PARKER FOR NEXT MONTH,999,10,99764617,103.23071,123,SWADESHI SABUN UDHYOG-NEPAL,AAHA,AAHA,AAHA-LAUNDRY SOAP PPH 250 GM,PLPCH,250.000 GM,,,250.0,GM,55.0
163,2022-01-14,202201,222331710112,1642052356511,99762981,118,MUKUTESHWOR BEVRAGE P.LTD,SUNKOSHI,SUNKOSH DRINKING WATER \1000\ML,20,PPH,1000ML,New SKU,1642052356511-mukuteshwor bevrage p-ltd-sunkoshi.png,RECODING,5,1,99762351,139.04024,118,SWORGADWARI DRINKING WATER UDHYOG-NPL,SWORGADWARI,SWORGADWARI,PET 1000 ML,PET,1000.000 ML,,,1000.0,ML,20.0
163,2022-01-14,202201,222331710112,1642052356511,99762981,118,MUKUTESHWOR BEVRAGE P.LTD,SUNKOSHI,SUNKOSH DRINKING WATER \1000\ML,20,PPH,1000ML,New SKU,1642052356511-mukuteshwor bevrage p-ltd-sunkoshi.png,RECODING,5,2,40125379,140.82854,118,SAMABESI DRINKING WATER IND-NP,SPORTS,SPORTS,PET 1000 ML,PET,1000.000 ML,,,1000.0,ML,0.0
163,2022-01-14,202201,222331710112,1642052356511,99762981,118,MUKUTESHWOR BEVRAGE P.LTD,SUNKOSHI,SUNKOSH DRINKING WATER \1000\ML,20,PPH,1000ML,New SKU,1642052356511-mukuteshwor bevrage p-ltd-sunkoshi.png,RECODING,5,3,47251,141.20325,118,BALAJI DRINKING WATER UDHYG-NP,SIYA,SIYA,PET 1000 ML,PET,1000.000 ML,,,1000.0,ML,0.0
163,2022-01-14,202201,222331710112,1642052356511,99762981,118,MUKUTESHWOR BEVRAGE P.LTD,SUNKOSHI,SUNKOSH DRINKING WATER \1000\ML,20,PPH,1000ML,New SKU,1642052356511-mukuteshwor bevrage p-ltd-sunkoshi.png,RECODING,5,4,99765031,144.24576,118,AAYUSHMA DRINKING WATER UDYOG-NP,AAYUSHMA,AAYUSHMA,PET 1000 ML,PET,1000.000 ML,,,1000.0,ML,25.0
163,2022-01-14,202201,222331710112,1642052356511,99762981,118,MUKUTESHWOR BEVRAGE P.LTD,SUNKOSHI,SUNKOSH DRINKING WATER \1000\ML,20,PPH,1000ML,New SKU,1642052356511-mukuteshwor bevrage p-ltd-sunkoshi.png,RECODING,5,5,99765435,145.7486,118,MYAGDE CHHANGPATAN DRINKING WATER-NP,SATHI,SATHI,PET 1000 ML,PET,1000.000 ML,,,1000.0,ML,25.0
163,2022-01-14,202201,222331710112,1642052356511,99762981,118,MUKUTESHWOR BEVRAGE P.LTD,SUNKOSHI,SUNKOSH DRINKING WATER \1000\ML,20,PPH,1000ML,New SKU,1642052356511-mukuteshwor bevrage p-ltd-sunkoshi.png,RECODING,5,6,40110385,148.37659,118,SAPHA MINERAL WATER UDYOG - NE,SAPHA PANI,SAPHA PANI,PET 1000 ML,PET,1000.000 ML,,,1000.0,ML,0.0
163,2022-01-14,202201,222331710112,1642052356511,99762981,118,MUKUTESHWOR BEVRAGE P.LTD,SUNKOSHI,SUNKOSH DRINKING WATER \1000\ML,20,PPH,1000ML,New SKU,1642052356511-mukuteshwor bevrage p-ltd-sunkoshi.png,RECODING,5,7,40120496,151.1023,118,SHREE SAIRAM DRINKING WATER PVT LTD-NP,SAIRAM,SAIRAM,PET 1000 ML,PET,1000.000 ML,,,1000.0,ML,0.0
163,2022-01-14,202201,222331710112,1642052356511,99762981,118,MUKUTESHWOR BEVRAGE P.LTD,SUNKOSHI,SUNKOSH DRINKING WATER \1000\ML,20,PPH,1000ML,New SKU,1642052356511-mukuteshwor bevrage p-ltd-sunkoshi.png,RECODING,5,8,99764546,152.99614,118,BHADRAKALI DRINKING WATER-NEPAL,KUBER JAL,KUBER JAL,PET 1000 ML,PET,1000.000 ML,,,1000.0,ML,25.0
163,2022-01-14,202201,222331710112,1642052356511,99762981,118,MUKUTESHWOR BEVRAGE P.LTD,SUNKOSHI,SUNKOSH DRINKING WATER \1000\ML,20,PPH,1000ML,New SKU,1642052356511-mukuteshwor bevrage p-ltd-sunkoshi.png,RECODING,5,9,99762981,153.90733,118,MUKTESHWORI BEVERAGE-NEPAL,SUNKOSHI DROP,SUNKOSHI DROP,PET 1000 ML,PET,1000.000 ML,,,1000.0,ML,20.0
163,2022-01-14,202201,222331710112,1642052356511,99762981,118,MUKUTESHWOR BEVRAGE P.LTD,SUNKOSHI,SUNKOSH DRINKING WATER \1000\ML,20,PPH,1000ML,New SKU,1642052356511-mukuteshwor bevrage p-ltd-sunkoshi.png,RECODING,5,10,40120619,155.012,118,SANJIVANI DRINKING WATER-NEPAL,SANJIVANI,SANJIVANI,PET 1000 ML,PET,1000.000 ML,,,1000.0,ML,0.0
164,2022-01-14,202201,222332210120,1642052356511,99762981,118,MUKUTESHWOR BEVRAGE P.LTD,SUNKOSHI,SUNKOSH DRINKING WATER \1000\ML,20,PPH,1000ML,New SKU,1642052356511-mukuteshwor bevrage p-ltd-sunkoshi.png,RECODING,5,1,99762351,139.04024,118,SWORGADWARI DRINKING WATER UDHYOG-NPL,SWORGADWARI,SWORGADWARI,PET 1000 ML,PET,1000.000 ML,,,1000.0,ML,20.0
164,2022-01-14,202201,222332210120,1642052356511,99762981,118,MUKUTESHWOR BEVRAGE P.LTD,SUNKOSHI,SUNKOSH DRINKING WATER \1000\ML,20,PPH,1000ML,New SKU,1642052356511-mukuteshwor bevrage p-ltd-sunkoshi.png,RECODING,5,2,40125379,140.82854,118,SAMABESI DRINKING WATER IND-NP,SPORTS,SPORTS,PET 1000 ML,PET,1000.000 ML,,,1000.0,ML,0.0
164,2022-01-14,202201,222332210120,1642052356511,99762981,118,MUKUTESHWOR BEVRAGE P.LTD,SUNKOSHI,SUNKOSH DRINKING WATER \1000\ML,20,PPH,1000ML,New SKU,1642052356511-mukuteshwor bevrage p-ltd-sunkoshi.png,RECODING,5,3,47251,141.20325,118,BALAJI DRINKING WATER UDHYG-NP,SIYA,SIYA,PET 1000 ML,PET,1000.000 ML,,,1000.0,ML,0.0
164,2022-01-14,202201,222332210120,1642052356511,99762981,118,MUKUTESHWOR BEVRAGE P.LTD,SUNKOSHI,SUNKOSH DRINKING WATER \1000\ML,20,PPH,1000ML,New SKU,1642052356511-mukuteshwor bevrage p-ltd-sunkoshi.png,RECODING,5,4,99765031,144.24576,118,AAYUSHMA DRINKING WATER UDYOG-NP,AAYUSHMA,AAYUSHMA,PET 1000 ML,PET,1000.000 ML,,,1000.0,ML,25.0
164,2022-01-14,202201,222332210120,1642052356511,99762981,118,MUKUTESHWOR BEVRAGE P.LTD,SUNKOSHI,SUNKOSH DRINKING WATER \1000\ML,20,PPH,1000ML,New SKU,1642052356511-mukuteshwor bevrage p-ltd-sunkoshi.png,RECODING,5,5,99765435,145.7486,118,MYAGDE CHHANGPATAN DRINKING WATER-NP,SATHI,SATHI,PET 1000 ML,PET,1000.000 ML,,,1000.0,ML,25.0
164,2022-01-14,202201,222332210120,1642052356511,99762981,118,MUKUTESHWOR BEVRAGE P.LTD,SUNKOSHI,SUNKOSH DRINKING WATER \1000\ML,20,PPH,1000ML,New SKU,1642052356511-mukuteshwor bevrage p-ltd-sunkoshi.png,RECODING,5,6,40110385,148.37659,118,SAPHA MINERAL WATER UDYOG - NE,SAPHA PANI,SAPHA PANI,PET 1000 ML,PET,1000.000 ML,,,1000.0,ML,0.0
164,2022-01-14,202201,222332210120,1642052356511,99762981,118,MUKUTESHWOR BEVRAGE P.LTD,SUNKOSHI,SUNKOSH DRINKING WATER \1000\ML,20,PPH,1000ML,New SKU,1642052356511-mukuteshwor bevrage p-ltd-sunkoshi.png,RECODING,5,7,40120496,151.1023,118,SHREE SAIRAM DRINKING WATER PVT LTD-NP,SAIRAM,SAIRAM,PET 1000 ML,PET,1000.000 ML,,,1000.0,ML,0.0
164,2022-01-14,202201,222332210120,1642052356511,99762981,118,MUKUTESHWOR BEVRAGE P.LTD,SUNKOSHI,SUNKOSH DRINKING WATER \1000\ML,20,PPH,1000ML,New SKU,1642052356511-mukuteshwor bevrage p-ltd-sunkoshi.png,RECODING,5,8,99764546,152.99614,118,BHADRAKALI DRINKING WATER-NEPAL,KUBER JAL,KUBER JAL,PET 1000 ML,PET,1000.000 ML,,,1000.0,ML,25.0
164,2022-01-14,202201,222332210120,1642052356511,99762981,118,MUKUTESHWOR BEVRAGE P.LTD,SUNKOSHI,SUNKOSH DRINKING WATER \1000\ML,20,PPH,1000ML,New SKU,1642052356511-mukuteshwor bevrage p-ltd-sunkoshi.png,RECODING,5,9,99762981,153.90733,118,MUKTESHWORI BEVERAGE-NEPAL,SUNKOSHI DROP,SUNKOSHI DROP,PET 1000 ML,PET,1000.000 ML,,,1000.0,ML,20.0
164,2022-01-14,202201,222332210120,1642052356511,99762981,118,MUKUTESHWOR BEVRAGE P.LTD,SUNKOSHI,SUNKOSH DRINKING WATER \1000\ML,20,PPH,1000ML,New SKU,1642052356511-mukuteshwor bevrage p-ltd-sunkoshi.png,RECODING,5,10,40120619,155.012,118,SANJIVANI DRINKING WATER-NEPAL,SANJIVANI,SANJIVANI,PET 1000 ML,PET,1000.000 ML,,,1000.0,ML,0.0
165,2022-01-14,202201,222332210165,1642061960694,99762976,111,EMAMI LIMITED,EMAMI KESH KING,EMAMI KESH KING\300\ML,540,PPH,300ML,New SKU,1642061960694-emami limited-emami kesh king.png,RECODING,5,1,51330,88.29455,111,EMAMI LTD. -INDIA,EMAMI,EMAMI KESH KING,EMAMI KESH KING-SCALP HR MED PBT 110 ML+FR BOROPLUS 19ML,PLBOT,110.000 ML,,,110.0,ML,0.0
165,2022-01-14,202201,222332210165,1642061960694,99762976,111,EMAMI LIMITED,EMAMI KESH KING,EMAMI KESH KING\300\ML,540,PPH,300ML,New SKU,1642061960694-emami limited-emami kesh king.png,RECODING,5,2,51416,92.509445,111,EMAMI LTD. -INDIA,EMAMI,EMAMI KESH KING,EMAMI KESH KING-SCALP HR MED PBT 110 ML,PLBOT,110.000 ML,,,110.0,ML,0.0
165,2022-01-14,202201,222332210165,1642061960694,99762976,111,EMAMI LIMITED,EMAMI KESH KING,EMAMI KESH KING\300\ML,540,PPH,300ML,New SKU,1642061960694-emami limited-emami kesh king.png,RECODING,5,3,99762919,102.911415,111,EMAMI LTD. -INDIA,EMAMI,EMAMI KESH KING,EMAMI KESH KING-SCALP HAIR MEDICID PBT 50 ML,PLBOT,50.000 ML,,,50.0,ML,128.0
165,2022-01-14,202201,222332210165,1642061960694,99762976,111,EMAMI LIMITED,EMAMI KESH KING,EMAMI KESH KING\300\ML,540,PPH,300ML,New SKU,1642061960694-emami limited-emami kesh king.png,RECODING,5,4,99762976,106.0342,111,EMAMI LTD. -INDIA,EMAMI,EMAMI KESH KING,EMAMI KESH KING-SCALP HAIR MEDICID PBT 300 ML+50%EXT,PLBOT,300.000 ML,,,450.0,ML,540.0
165,2022-01-14,202201,222332210165,1642061960694,99762976,111,EMAMI LIMITED,EMAMI KESH KING,EMAMI KESH KING\300\ML,540,PPH,300ML,New SKU,1642061960694-emami limited-emami kesh king.png,RECODING,5,5,52409,108.14775,111,EMAMI LTD. -INDIA,EMAMI,EMAMI KESH KING,EMAMI KESH KING-SCALP HAIR MEDICID PBT 60 ML,PLBOT,60.000 ML,,,60.0,ML,0.0
165,2022-01-14,202201,222332210165,1642061960694,99762976,111,EMAMI LIMITED,EMAMI KESH KING,EMAMI KESH KING\300\ML,540,PPH,300ML,New SKU,1642061960694-emami limited-emami kesh king.png,RECODING,5,6,50915,110.04193,111,EMAMI LTD. -INDIA,EMAMI,EMAMI KESH KING,EMAMI KESH KING-SCALP HAIR MEDICID PBT 100 ML,PLBOT,100.000 ML,,,100.0,ML,0.0
165,2022-01-14,202201,222332210165,1642061960694,99762976,111,EMAMI LIMITED,EMAMI KESH KING,EMAMI KESH KING\300\ML,540,PPH,300ML,New SKU,1642061960694-emami limited-emami kesh king.png,RECODING,5,7,52159,110.68201,111,EMAMI LTD. -INDIA,EMAMI,EMAMI KESH KING PLUS,EMAMI KESH KING PLUS-HERBAL HAIR OIL PBT 100 ML+20% EXT,PLBOT,100.000 ML,,,120.0,ML,0.0
165,2022-01-14,202201,222332210165,1642061960694,99762976,111,EMAMI LIMITED,EMAMI KESH KING,EMAMI KESH KING\300\ML,540,PPH,300ML,New SKU,1642061960694-emami limited-emami kesh king.png,RECODING,5,8,50921,111.54292,111,EMAMI LTD. -INDIA,EMAMI,EMAMI KESH KING,EMAMI KESH KING-SCALP HAIR MEDICID PBT 200 ML+50%EXT,PLBOT,200.000 ML,,,300.0,ML,0.0
165,2022-01-14,202201,222332210165,1642061960694,99762976,111,EMAMI LIMITED,EMAMI KESH KING,EMAMI KESH KING\300\ML,540,PPH,300ML,New SKU,1642061960694-emami limited-emami kesh king.png,RECODING,5,9,51930,111.95361,111,EMAMI LTD. -INDIA,EMAMI,EMAMI KESH KING,EMAMI KESH KING-SCALP HAIR MEDICID PBT 50 ML+20%EXT,PLBOT,50.000 ML,,,60.0,ML,0.0
165,2022-01-14,202201,222332210165,1642061960694,99762976,111,EMAMI LIMITED,EMAMI KESH KING,EMAMI KESH KING\300\ML,540,PPH,300ML,New SKU,1642061960694-emami limited-emami kesh king.png,RECODING,5,10,46066,115.33487,111,EMAMI LTD. -INDIA,EMAMI,EMAMI KESH KING,EMAMI KESH KING-SCALP HAIR MEDICID PBT 100 ML+20%EXT,PLBOT,100.000 ML,,,120.0,ML,0.0
166,2022-01-14,202201,222332210159,1642052356511,99762981,118,MUKUTESHWOR BEVRAGE P.LTD,SUNKOSHI,SUNKOSH DRINKING WATER \1000\ML,20,PPH,1000ML,New SKU,1642052356511-mukuteshwor bevrage p-ltd-sunkoshi.png,RECODING,5,1,99762351,139.04024,118,SWORGADWARI DRINKING WATER UDHYOG-NPL,SWORGADWARI,SWORGADWARI,PET 1000 ML,PET,1000.000 ML,,,1000.0,ML,20.0
166,2022-01-14,202201,222332210159,1642052356511,99762981,118,MUKUTESHWOR BEVRAGE P.LTD,SUNKOSHI,SUNKOSH DRINKING WATER \1000\ML,20,PPH,1000ML,New SKU,1642052356511-mukuteshwor bevrage p-ltd-sunkoshi.png,RECODING,5,2,40125379,140.82854,118,SAMABESI DRINKING WATER IND-NP,SPORTS,SPORTS,PET 1000 ML,PET,1000.000 ML,,,1000.0,ML,0.0
166,2022-01-14,202201,222332210159,1642052356511,99762981,118,MUKUTESHWOR BEVRAGE P.LTD,SUNKOSHI,SUNKOSH DRINKING WATER \1000\ML,20,PPH,1000ML,New SKU,1642052356511-mukuteshwor bevrage p-ltd-sunkoshi.png,RECODING,5,3,47251,141.20325,118,BALAJI DRINKING WATER UDHYG-NP,SIYA,SIYA,PET 1000 ML,PET,1000.000 ML,,,1000.0,ML,0.0
166,2022-01-14,202201,222332210159,1642052356511,99762981,118,MUKUTESHWOR BEVRAGE P.LTD,SUNKOSHI,SUNKOSH DRINKING WATER \1000\ML,20,PPH,1000ML,New SKU,1642052356511-mukuteshwor bevrage p-ltd-sunkoshi.png,RECODING,5,4,99765031,144.24576,118,AAYUSHMA DRINKING WATER UDYOG-NP,AAYUSHMA,AAYUSHMA,PET 1000 ML,PET,1000.000 ML,,,1000.0,ML,25.0
166,2022-01-14,202201,222332210159,1642052356511,99762981,118,MUKUTESHWOR BEVRAGE P.LTD,SUNKOSHI,SUNKOSH DRINKING WATER \1000\ML,20,PPH,1000ML,New SKU,1642052356511-mukuteshwor bevrage p-ltd-sunkoshi.png,RECODING,5,5,99765435,145.7486,118,MYAGDE CHHANGPATAN DRINKING WATER-NP,SATHI,SATHI,PET 1000 ML,PET,1000.000 ML,,,1000.0,ML,25.0
166,2022-01-14,202201,222332210159,1642052356511,99762981,118,MUKUTESHWOR BEVRAGE P.LTD,SUNKOSHI,SUNKOSH DRINKING WATER \1000\ML,20,PPH,1000ML,New SKU,1642052356511-mukuteshwor bevrage p-ltd-sunkoshi.png,RECODING,5,6,40110385,148.37659,118,SAPHA MINERAL WATER UDYOG - NE,SAPHA PANI,SAPHA PANI,PET 1000 ML,PET,1000.000 ML,,,1000.0,ML,0.0
166,2022-01-14,202201,222332210159,1642052356511,99762981,118,MUKUTESHWOR BEVRAGE P.LTD,SUNKOSHI,SUNKOSH DRINKING WATER \1000\ML,20,PPH,1000ML,New SKU,1642052356511-mukuteshwor bevrage p-ltd-sunkoshi.png,RECODING,5,7,40120496,151.1023,118,SHREE SAIRAM DRINKING WATER PVT LTD-NP,SAIRAM,SAIRAM,PET 1000 ML,PET,1000.000 ML,,,1000.0,ML,0.0
166,2022-01-14,202201,222332210159,1642052356511,99762981,118,MUKUTESHWOR BEVRAGE P.LTD,SUNKOSHI,SUNKOSH DRINKING WATER \1000\ML,20,PPH,1000ML,New SKU,1642052356511-mukuteshwor bevrage p-ltd-sunkoshi.png,RECODING,5,8,99764546,152.99614,118,BHADRAKALI DRINKING WATER-NEPAL,KUBER JAL,KUBER JAL,PET 1000 ML,PET,1000.000 ML,,,1000.0,ML,25.0
166,2022-01-14,202201,222332210159,1642052356511,99762981,118,MUKUTESHWOR BEVRAGE P.LTD,SUNKOSHI,SUNKOSH DRINKING WATER \1000\ML,20,PPH,1000ML,New SKU,1642052356511-mukuteshwor bevrage p-ltd-sunkoshi.png,RECODING,5,9,99762981,153.90733,118,MUKTESHWORI BEVERAGE-NEPAL,SUNKOSHI DROP,SUNKOSHI DROP,PET 1000 ML,PET,1000.000 ML,,,1000.0,ML,20.0
166,2022-01-14,202201,222332210159,1642052356511,99762981,118,MUKUTESHWOR BEVRAGE P.LTD,SUNKOSHI,SUNKOSH DRINKING WATER \1000\ML,20,PPH,1000ML,New SKU,1642052356511-mukuteshwor bevrage p-ltd-sunkoshi.png,RECODING,5,10,40120619,155.012,118,SANJIVANI DRINKING WATER-NEPAL,SANJIVANI,SANJIVANI,PET 1000 ML,PET,1000.000 ML,,,1000.0,ML,0.0
167,2022-01-14,202201,222331710088,1642052356511,99762981,118,MUKUTESHWOR BEVRAGE P.LTD,SUNKOSHI,SUNKOSH DRINKING WATER \1000\ML,20,PPH,1000ML,New SKU,1642052356511-mukuteshwor bevrage p-ltd-sunkoshi.png,RECODING,5,1,99762351,139.04024,118,SWORGADWARI DRINKING WATER UDHYOG-NPL,SWORGADWARI,SWORGADWARI,PET 1000 ML,PET,1000.000 ML,,,1000.0,ML,20.0
167,2022-01-14,202201,222331710088,1642052356511,99762981,118,MUKUTESHWOR BEVRAGE P.LTD,SUNKOSHI,SUNKOSH DRINKING WATER \1000\ML,20,PPH,1000ML,New SKU,1642052356511-mukuteshwor bevrage p-ltd-sunkoshi.png,RECODING,5,2,40125379,140.82854,118,SAMABESI DRINKING WATER IND-NP,SPORTS,SPORTS,PET 1000 ML,PET,1000.000 ML,,,1000.0,ML,0.0
167,2022-01-14,202201,222331710088,1642052356511,99762981,118,MUKUTESHWOR BEVRAGE P.LTD,SUNKOSHI,SUNKOSH DRINKING WATER \1000\ML,20,PPH,1000ML,New SKU,1642052356511-mukuteshwor bevrage p-ltd-sunkoshi.png,RECODING,5,3,47251,141.20325,118,BALAJI DRINKING WATER UDHYG-NP,SIYA,SIYA,PET 1000 ML,PET,1000.000 ML,,,1000.0,ML,0.0
167,2022-01-14,202201,222331710088,1642052356511,99762981,118,MUKUTESHWOR BEVRAGE P.LTD,SUNKOSHI,SUNKOSH DRINKING WATER \1000\ML,20,PPH,1000ML,New SKU,1642052356511-mukuteshwor bevrage p-ltd-sunkoshi.png,RECODING,5,4,99765031,144.24576,118,AAYUSHMA DRINKING WATER UDYOG-NP,AAYUSHMA,AAYUSHMA,PET 1000 ML,PET,1000.000 ML,,,1000.0,ML,25.0
167,2022-01-14,202201,222331710088,1642052356511,99762981,118,MUKUTESHWOR BEVRAGE P.LTD,SUNKOSHI,SUNKOSH DRINKING WATER \1000\ML,20,PPH,1000ML,New SKU,1642052356511-mukuteshwor bevrage p-ltd-sunkoshi.png,RECODING,5,5,99765435,145.7486,118,MYAGDE CHHANGPATAN DRINKING WATER-NP,SATHI,SATHI,PET 1000 ML,PET,1000.000 ML,,,1000.0,ML,25.0
167,2022-01-14,202201,222331710088,1642052356511,99762981,118,MUKUTESHWOR BEVRAGE P.LTD,SUNKOSHI,SUNKOSH DRINKING WATER \1000\ML,20,PPH,1000ML,New SKU,1642052356511-mukuteshwor bevrage p-ltd-sunkoshi.png,RECODING,5,6,40110385,148.37659,118,SAPHA MINERAL WATER UDYOG - NE,SAPHA PANI,SAPHA PANI,PET 1000 ML,PET,1000.000 ML,,,1000.0,ML,0.0
167,2022-01-14,202201,222331710088,1642052356511,99762981,118,MUKUTESHWOR BEVRAGE P.LTD,SUNKOSHI,SUNKOSH DRINKING WATER \1000\ML,20,PPH,1000ML,New SKU,1642052356511-mukuteshwor bevrage p-ltd-sunkoshi.png,RECODING,5,7,40120496,151.1023,118,SHREE SAIRAM DRINKING WATER PVT LTD-NP,SAIRAM,SAIRAM,PET 1000 ML,PET,1000.000 ML,,,1000.0,ML,0.0
167,2022-01-14,202201,222331710088,1642052356511,99762981,118,MUKUTESHWOR BEVRAGE P.LTD,SUNKOSHI,SUNKOSH DRINKING WATER \1000\ML,20,PPH,1000ML,New SKU,1642052356511-mukuteshwor bevrage p-ltd-sunkoshi.png,RECODING,5,8,99764546,152.99614,118,BHADRAKALI DRINKING WATER-NEPAL,KUBER JAL,KUBER JAL,PET 1000 ML,PET,1000.000 ML,,,1000.0,ML,25.0
167,2022-01-14,202201,222331710088,1642052356511,99762981,118,MUKUTESHWOR BEVRAGE P.LTD,SUNKOSHI,SUNKOSH DRINKING WATER \1000\ML,20,PPH,1000ML,New SKU,1642052356511-mukuteshwor bevrage p-ltd-sunkoshi.png,RECODING,5,9,99762981,153.90733,118,MUKTESHWORI BEVERAGE-NEPAL,SUNKOSHI DROP,SUNKOSHI DROP,PET 1000 ML,PET,1000.000 ML,,,1000.0,ML,20.0
167,2022-01-14,202201,222331710088,1642052356511,99762981,118,MUKUTESHWOR BEVRAGE P.LTD,SUNKOSHI,SUNKOSH DRINKING WATER \1000\ML,20,PPH,1000ML,New SKU,1642052356511-mukuteshwor bevrage p-ltd-sunkoshi.png,RECODING,5,10,40120619,155.012,118,SANJIVANI DRINKING WATER-NEPAL,SANJIVANI,SANJIVANI,PET 1000 ML,PET,1000.000 ML,,,1000.0,ML,0.0
168,2022-01-14,202201,222331810120,1642052356511,99762981,118,MUKUTESHWOR BEVRAGE P.LTD,SUNKOSHI,SUNKOSH DRINKING WATER \1000\ML,20,PPH,1000ML,New SKU,1642052356511-mukuteshwor bevrage p-ltd-sunkoshi.png,RECODING,5,1,99762351,139.04024,118,SWORGADWARI DRINKING WATER UDHYOG-NPL,SWORGADWARI,SWORGADWARI,PET 1000 ML,PET,1000.000 ML,,,1000.0,ML,20.0
168,2022-01-14,202201,222331810120,1642052356511,99762981,118,MUKUTESHWOR BEVRAGE P.LTD,SUNKOSHI,SUNKOSH DRINKING WATER \1000\ML,20,PPH,1000ML,New SKU,1642052356511-mukuteshwor bevrage p-ltd-sunkoshi.png,RECODING,5,2,40125379,140.82854,118,SAMABESI DRINKING WATER IND-NP,SPORTS,SPORTS,PET 1000 ML,PET,1000.000 ML,,,1000.0,ML,0.0
168,2022-01-14,202201,222331810120,1642052356511,99762981,118,MUKUTESHWOR BEVRAGE P.LTD,SUNKOSHI,SUNKOSH DRINKING WATER \1000\ML,20,PPH,1000ML,New SKU,1642052356511-mukuteshwor bevrage p-ltd-sunkoshi.png,RECODING,5,3,47251,141.20325,118,BALAJI DRINKING WATER UDHYG-NP,SIYA,SIYA,PET 1000 ML,PET,1000.000 ML,,,1000.0,ML,0.0
168,2022-01-14,202201,222331810120,1642052356511,99762981,118,MUKUTESHWOR BEVRAGE P.LTD,SUNKOSHI,SUNKOSH DRINKING WATER \1000\ML,20,PPH,1000ML,New SKU,1642052356511-mukuteshwor bevrage p-ltd-sunkoshi.png,RECODING,5,4,99765031,144.24576,118,AAYUSHMA DRINKING WATER UDYOG-NP,AAYUSHMA,AAYUSHMA,PET 1000 ML,PET,1000.000 ML,,,1000.0,ML,25.0
168,2022-01-14,202201,222331810120,1642052356511,99762981,118,MUKUTESHWOR BEVRAGE P.LTD,SUNKOSHI,SUNKOSH DRINKING WATER \1000\ML,20,PPH,1000ML,New SKU,1642052356511-mukuteshwor bevrage p-ltd-sunkoshi.png,RECODING,5,5,99765435,145.7486,118,MYAGDE CHHANGPATAN DRINKING WATER-NP,SATHI,SATHI,PET 1000 ML,PET,1000.000 ML,,,1000.0,ML,25.0
168,2022-01-14,202201,222331810120,1642052356511,99762981,118,MUKUTESHWOR BEVRAGE P.LTD,SUNKOSHI,SUNKOSH DRINKING WATER \1000\ML,20,PPH,1000ML,New SKU,1642052356511-mukuteshwor bevrage p-ltd-sunkoshi.png,RECODING,5,6,40110385,148.37659,118,SAPHA MINERAL WATER UDYOG - NE,SAPHA PANI,SAPHA PANI,PET 1000 ML,PET,1000.000 ML,,,1000.0,ML,0.0
168,2022-01-14,202201,222331810120,1642052356511,99762981,118,MUKUTESHWOR BEVRAGE P.LTD,SUNKOSHI,SUNKOSH DRINKING WATER \1000\ML,20,PPH,1000ML,New SKU,1642052356511-mukuteshwor bevrage p-ltd-sunkoshi.png,RECODING,5,7,40120496,151.1023,118,SHREE SAIRAM DRINKING WATER PVT LTD-NP,SAIRAM,SAIRAM,PET 1000 ML,PET,1000.000 ML,,,1000.0,ML,0.0
168,2022-01-14,202201,222331810120,1642052356511,99762981,118,MUKUTESHWOR BEVRAGE P.LTD,SUNKOSHI,SUNKOSH DRINKING WATER \1000\ML,20,PPH,1000ML,New SKU,1642052356511-mukuteshwor bevrage p-ltd-sunkoshi.png,RECODING,5,8,99764546,152.99614,118,BHADRAKALI DRINKING WATER-NEPAL,KUBER JAL,KUBER JAL,PET 1000 ML,PET,1000.000 ML,,,1000.0,ML,25.0
168,2022-01-14,202201,222331810120,1642052356511,99762981,118,MUKUTESHWOR BEVRAGE P.LTD,SUNKOSHI,SUNKOSH DRINKING WATER \1000\ML,20,PPH,1000ML,New SKU,1642052356511-mukuteshwor bevrage p-ltd-sunkoshi.png,RECODING,5,9,99762981,153.90733,118,MUKTESHWORI BEVERAGE-NEPAL,SUNKOSHI DROP,SUNKOSHI DROP,PET 1000 ML,PET,1000.000 ML,,,1000.0,ML,20.0
168,2022-01-14,202201,222331810120,1642052356511,99762981,118,MUKUTESHWOR BEVRAGE P.LTD,SUNKOSHI,SUNKOSH DRINKING WATER \1000\ML,20,PPH,1000ML,New SKU,1642052356511-mukuteshwor bevrage p-ltd-sunkoshi.png,RECODING,5,10,40120619,155.012,118,SANJIVANI DRINKING WATER-NEPAL,SANJIVANI,SANJIVANI,PET 1000 ML,PET,1000.000 ML,,,1000.0,ML,0.0
169,2022-01-14,202201,222331710151,1642048313201,90221540,109,ZYDUS WELLNESS PRODUCTS LIMITED,GLUCON-D,GLUCON-D\500\GM,175,500GM,PPH,New SKU,1642048313201-zydus wellness products limited-glucon-d.png,CROSS CODING,2,1,99764167,80.16634,109,ZYDUS WELLNESS-INDIA,GLUCON,GLUCON - D,GLUCON - D-REGULAR PCN 450 GM+50M+FREE SIPPER,PLJAR,450.000 GM,,,500.0,GM,175.0
169,2022-01-14,202201,222331710151,1642048313201,90221540,109,ZYDUS WELLNESS PRODUCTS LIMITED,GLUCON-D,GLUCON-D\500\GM,175,500GM,PPH,New SKU,1642048313201-zydus wellness products limited-glucon-d.png,CROSS CODING,2,2,99763753,101.97578,109,ZYDUS WELLNESS-INDIA,GLUCON,GLUCON - D,GLUCON - D-NIMBU PANI CBP 75 GM+50 GM,CDBOX,75.000 GM,,,125.0,GM,40.0
169,2022-01-14,202201,222331710151,1642048313201,90221540,109,ZYDUS WELLNESS PRODUCTS LIMITED,GLUCON-D,GLUCON-D\500\GM,175,500GM,PPH,New SKU,1642048313201-zydus wellness products limited-glucon-d.png,CROSS CODING,2,3,49847,195.39108,109,PRINCE CARE - INDIA,GLUCOGAIN-D,GLUCOGAIN-D GLUCOSE-D,GLUCOGAIN-D GLUCOSE-D-PCN 500 GM+16 OFF,PLJAR,500.000 GM,,,500.0,GM,0.0
169,2022-01-14,202201,222331710151,1642048313201,90221540,109,ZYDUS WELLNESS PRODUCTS LIMITED,GLUCON-D,GLUCON-D\500\GM,175,500GM,PPH,New SKU,1642048313201-zydus wellness products limited-glucon-d.png,CROSS CODING,2,4,90261732,198.18048,109,HEINZ INDIA -INDIA,GLUCON,GLUCON - D,GLUCON - D-PCN 450 GMS+50GM+GLASS FREE,PLJAR,450.000 GM,,,500.0,GM,0.0
169,2022-01-14,202201,222331710151,1642048313201,90221540,109,ZYDUS WELLNESS PRODUCTS LIMITED,GLUCON-D,GLUCON-D\500\GM,175,500GM,PPH,New SKU,1642048313201-zydus wellness products limited-glucon-d.png,CROSS CODING,2,5,51549,198.58963,109,HEINZ INDIA -INDIA,GLUCON,GLUCON - D,GLUCON - D-REGULAR PCN 1000 GM+FR 150G NYCIL POWDER,PLJAR,1000.000 GM,,,1000.0,GM,0.0
169,2022-01-14,202201,222331710151,1642048313201,90221540,109,ZYDUS WELLNESS PRODUCTS LIMITED,GLUCON-D,GLUCON-D\500\GM,175,500GM,PPH,New SKU,1642048313201-zydus wellness products limited-glucon-d.png,CROSS CODING,2,6,90221540,199.37787,109,HEINZ INDIA -INDIA,GLUCON,GLUCON - D,GLUCON - D-PCN 450 GMS+50GM,PLJAR,450.000 GM,,,500.0,GM,0.0
169,2022-01-14,202201,222331710151,1642048313201,90221540,109,ZYDUS WELLNESS PRODUCTS LIMITED,GLUCON-D,GLUCON-D\500\GM,175,500GM,PPH,New SKU,1642048313201-zydus wellness products limited-glucon-d.png,CROSS CODING,2,7,45518,200.80348,109,HERBO CHEMICAL INDUSTRIES-NPL,GLUCOWIN,GLUCOWIN GLUCOSE - D,GLUCOWIN GLUCOSE - D-PCN 500 GMS+FR GLASS,PLJAR,500.000 GM,,,500.0,GM,0.0
169,2022-01-14,202201,222331710151,1642048313201,90221540,109,ZYDUS WELLNESS PRODUCTS LIMITED,GLUCON-D,GLUCON-D\500\GM,175,500GM,PPH,New SKU,1642048313201-zydus wellness products limited-glucon-d.png,CROSS CODING,2,8,45517,201.06532,109,HERBO CHEMICAL INDUSTRIES-NPL,GLUCOWIN,GLUCOWIN GLUCOSE - D,GLUCOWIN GLUCOSE - D-PCN 500 GMS,PLJAR,500.000 GM,,,500.0,GM,0.0
169,2022-01-14,202201,222331710151,1642048313201,90221540,109,ZYDUS WELLNESS PRODUCTS LIMITED,GLUCON-D,GLUCON-D\500\GM,175,500GM,PPH,New SKU,1642048313201-zydus wellness products limited-glucon-d.png,CROSS CODING,2,9,90261667,201.75687,109,HEINZ INDIA -INDIA,GLUCON,GLUCON - D,GLUCON - D-PCN 500 GMS + 25%,PLJAR,500.000 GM,,,625.0,GM,0.0
169,2022-01-14,202201,222331710151,1642048313201,90221540,109,ZYDUS WELLNESS PRODUCTS LIMITED,GLUCON-D,GLUCON-D\500\GM,175,500GM,PPH,New SKU,1642048313201-zydus wellness products limited-glucon-d.png,CROSS CODING,2,10,52221,201.8515,109,HEINZ INDIA -INDIA,GLUCON,GLUCON - D,GLUCON - D-REGULAR PCN 450 GM+50M+GLASS FR,PLJAR,450.000 GM,,,500.0,GM,0.0
170,2022-01-14,202201,113638667,1642057432488,99762973,106,SURYA NEPAL PVT LTD - NEPAL,TOFFICHO TADKA,TOFFICHOO TADKA,2.5,PPH,3.8GM,,1642057432488-surya nepal pvt ltd - nepal-tofficho tadka.png,RECODING,5,1,99764461,55.631588,106,SURYA NEPAL PVT LTD - NEPAL,TOFFICHOO TADKA,TOFFICHOO TADKA,TOFFICHO TADKA-CHAT MASALA LITCHI PPH 3.8 GM,PLPCH,3.800 GM,LYCHEE,,3.8,GM,2.5
170,2022-01-14,202201,113638667,1642057432488,99762973,106,SURYA NEPAL PVT LTD - NEPAL,TOFFICHO TADKA,TOFFICHOO TADKA,2.5,PPH,3.8GM,,1642057432488-surya nepal pvt ltd - nepal-tofficho tadka.png,RECODING,5,2,99762790,66.54439,106,SURYA NEPAL PVT LTD - NEPAL,TOFFICHOO,TOFFICHOO CRÈME LACTO,TOFFICHOO CRÈME LACTO-PPH 4 GM,PLPCH,4.000 GM,UNSPECIFIED,,4.0,GM,2.0
170,2022-01-14,202201,113638667,1642057432488,99762973,106,SURYA NEPAL PVT LTD - NEPAL,TOFFICHO TADKA,TOFFICHOO TADKA,2.5,PPH,3.8GM,,1642057432488-surya nepal pvt ltd - nepal-tofficho tadka.png,RECODING,5,3,99764612,69.32085,106,SURYA NEPAL PVT LTD - NEPAL,TOFFICHOO TADKA,TOFFICHOO TADKA,TOFFICHOO TADKA-CHAT MASALA LITCHI PCN 760GM,PLJAR,760.000 GM,LYCHEE,,760.0,GM,500.0
170,2022-01-14,202201,113638667,1642057432488,99762973,106,SURYA NEPAL PVT LTD - NEPAL,TOFFICHO TADKA,TOFFICHOO TADKA,2.5,PPH,3.8GM,,1642057432488-surya nepal pvt ltd - nepal-tofficho tadka.png,RECODING,5,4,99763434,72.7054,106,SURYA NEPAL PVT LTD - NEPAL,TOFFICHOO,TOFFICHOO DUOZ,TOFFICHOO DUOZ-STRAWBERRY PPH 3.75 GM,PLPCH,3.750 GM,STRAWBERRY,,3.75,GM,2.0
170,2022-01-14,202201,113638667,1642057432488,99762973,106,SURYA NEPAL PVT LTD - NEPAL,TOFFICHO TADKA,TOFFICHOO TADKA,2.5,PPH,3.8GM,,1642057432488-surya nepal pvt ltd - nepal-tofficho tadka.png,RECODING,5,5,48473,73.645195,106,SURYA NEPAL PVT LTD - NEPAL,TOFFICHO JELLICIOUS,TOFFICHO JELLICIOUS,TOFFICHO JELLICIOUS- ORANGE PPH 3.7 GM,PLPCH,3.700 GM,ORANGE,,3.7,GM,0.0
170,2022-01-14,202201,113638667,1642057432488,99762973,106,SURYA NEPAL PVT LTD - NEPAL,TOFFICHO TADKA,TOFFICHOO TADKA,2.5,PPH,3.8GM,,1642057432488-surya nepal pvt ltd - nepal-tofficho tadka.png,RECODING,5,6,45353,74.0727,106,SURYA NEPAL PVT LTD - NEPAL,TOFFICHO JELLICIOUS,TOFFICHO JELLICIOUS,TOFFICHO JELLICIOUS- ORANGE PPH 3.8 GM,PLPCH,3.800 GM,ORANGE,,3.8,GM,0.0
170,2022-01-14,202201,113638667,1642057432488,99762973,106,SURYA NEPAL PVT LTD - NEPAL,TOFFICHO TADKA,TOFFICHOO TADKA,2.5,PPH,3.8GM,,1642057432488-surya nepal pvt ltd - nepal-tofficho tadka.png,RECODING,5,7,99763522,78.94659,106,SURYA NEPAL PVT LTD - NEPAL,TOFFICHO TADKA,TOFFICHO TADKA,TOFFICHO TADKA-CHAT MASALA KACCHA MANGO PPH 3.8 GM,PLPCH,3.800 GM,MANGO,,3.8,GM,2.0
170,2022-01-14,202201,113638667,1642057432488,99762973,106,SURYA NEPAL PVT LTD - NEPAL,TOFFICHO TADKA,TOFFICHOO TADKA,2.5,PPH,3.8GM,,1642057432488-surya nepal pvt ltd - nepal-tofficho tadka.png,RECODING,5,8,99764545,82.17429,106,SURYA NEPAL PVT LTD - NEPAL,TOFFICHOO,TOFFICHOO CHATPATA FUN,TOFFICHOO CHATPATA FUN-MASALA PUNCH PPH 270 GM,PLPCH,270.000 GM,MASALA,,270.0,GM,85.0
170,2022-01-14,202201,113638667,1642057432488,99762973,106,SURYA NEPAL PVT LTD - NEPAL,TOFFICHO TADKA,TOFFICHOO TADKA,2.5,PPH,3.8GM,,1642057432488-surya nepal pvt ltd - nepal-tofficho tadka.png,RECODING,5,9,99764653,83.450195,106,SURYA NEPAL PVT LTD - NEPAL,TOFFICHOO,TOFFICHOO FRUITY DELITE,TOFFICHOO FRUITY DELITE-ASSORTED PCN 600 GM,PLJAR,600.000 GM,ASSORTED,,600.0,GM,400.0
170,2022-01-14,202201,113638667,1642057432488,99762973,106,SURYA NEPAL PVT LTD - NEPAL,TOFFICHO TADKA,TOFFICHOO TADKA,2.5,PPH,3.8GM,,1642057432488-surya nepal pvt ltd - nepal-tofficho tadka.png,RECODING,5,10,48026,84.39436,106,SURYA NEPAL PVT LTD - NEPAL,TOFFICHO TADKA,TOFFICHO TADKA,TOFFICHO TADKA-CHAT KACHA MANGO PPH 4 GM,PLPCH,4.000 GM,MANGO,,4.0,GM,0.0
171,2022-01-14,202201,113638667,1642058333312,99762974,106,SUJAL FOODS PVT LTD-NEPAL,RASILO CANDY,RASILO CANDY- CHATPAT SWODILO,1,PPH,3GM,,1642058333312-sujal foods pvt ltd-nepal-rasilo candy.png,RECODING,5,1,99762974,41.64198,106,SUJAL FOODS PVT LTD-NEPAL,RASILO CANDY,RASILO CANDY,RASILO CANDY- CHATPATA MAZZA PPH 3 GM,PLPCH,3.000 GM,UNSPECIFIED,,3.0,GM,1.0
171,2022-01-14,202201,113638667,1642058333312,99762974,106,SUJAL FOODS PVT LTD-NEPAL,RASILO CANDY,RASILO CANDY- CHATPAT SWODILO,1,PPH,3GM,,1642058333312-sujal foods pvt ltd-nepal-rasilo candy.png,RECODING,5,2,91826096,43.248894,106,SUJAL FOODS PVT LTD-NEPAL,RASILO CANDY,RASILO CANDY,RASILO CANDY- CHATPATA MAZZA PPH 3.2 GM,PLPCH,3.200 GM,UNSPECIFIED,,3.2,GM,0.0
171,2022-01-14,202201,113638667,1642058333312,99762974,106,SUJAL FOODS PVT LTD-NEPAL,RASILO CANDY,RASILO CANDY- CHATPAT SWODILO,1,PPH,3GM,,1642058333312-sujal foods pvt ltd-nepal-rasilo candy.png,RECODING,5,3,99764500,48.90853,106,SUJAL FOODS PVT LTD-NEPAL,RASILO CANDY,RASILO CANDY,RASILO CANDY- CHATPATA MAZZA PCN 600 GM,PLJAR,600.000 GM,UNSPECIFIED,,600.0,GM,165.0
171,2022-01-14,202201,113638667,1642058333312,99762974,106,SUJAL FOODS PVT LTD-NEPAL,RASILO CANDY,RASILO CANDY- CHATPAT SWODILO,1,PPH,3GM,,1642058333312-sujal foods pvt ltd-nepal-rasilo candy.png,RECODING,5,4,99764499,49.809395,106,SUJAL FOODS PVT LTD-NEPAL,RASILO CANDY,RASILO CANDY,RASILO CANDY- CHATPATA MAZZA PCN 560 GM,PLJAR,560.000 GM,UNSPECIFIED,,560.0,GM,150.0
171,2022-01-14,202201,113638667,1642058333312,99762974,106,SUJAL FOODS PVT LTD-NEPAL,RASILO CANDY,RASILO CANDY- CHATPAT SWODILO,1,PPH,3GM,,1642058333312-sujal foods pvt ltd-nepal-rasilo candy.png,RECODING,5,5,99764648,50.36643,106,SUJAL FOODS PVT LTD-NEPAL,RASILO CANDY,RASILO CANDY,RASILO CANDY- CHATPATA MAZZA PCN 1800 GM,PLJAR,1800.000 GM,UNSPECIFIED,,1800.0,GM,600.0
171,2022-01-14,202201,113638667,1642058333312,99762974,106,SUJAL FOODS PVT LTD-NEPAL,RASILO CANDY,RASILO CANDY- CHATPAT SWODILO,1,PPH,3GM,,1642058333312-sujal foods pvt ltd-nepal-rasilo candy.png,RECODING,5,6,99764917,52.30989,106,SUJAL FOODS PVT LTD-NEPAL,RASILO CANDY,RASILO CANDY,RASILO CANDY- CHATPATA MAZZA PPH 360 GM,PLPCH,360.000 GM,UNSPECIFIED,,360.0,GM,105.0
171,2022-01-14,202201,113638667,1642058333312,99762974,106,SUJAL FOODS PVT LTD-NEPAL,RASILO CANDY,RASILO CANDY- CHATPAT SWODILO,1,PPH,3GM,,1642058333312-sujal foods pvt ltd-nepal-rasilo candy.png,RECODING,5,7,99764700,52.40383,106,SUJAL FOODS PVT LTD-NEPAL,RASILO CANDY,RASILO CANDY,RASILO CANDY- CHATPATA MAZZA PPH 336 GM,PLPCH,336.000 GM,UNSPECIFIED,,336.0,GM,80.0
171,2022-01-14,202201,113638667,1642058333312,99762974,106,SUJAL FOODS PVT LTD-NEPAL,RASILO CANDY,RASILO CANDY- CHATPAT SWODILO,1,PPH,3GM,,1642058333312-sujal foods pvt ltd-nepal-rasilo candy.png,RECODING,5,8,99764584,52.691563,106,SUJAL FOODS PVT LTD-NEPAL,RASILO CANDY,RASILO CANDY,RASILO CANDY- CHATPATA MAZZA PPH 335 GM,PLPCH,335.000 GM,UNSPECIFIED,,335.0,GM,100.0
171,2022-01-14,202201,113638667,1642058333312,99762974,106,SUJAL FOODS PVT LTD-NEPAL,RASILO CANDY,RASILO CANDY- CHATPAT SWODILO,1,PPH,3GM,,1642058333312-sujal foods pvt ltd-nepal-rasilo candy.png,RECODING,5,9,99764534,55.879597,106,SUJAL FOODS PVT LTD-NEPAL,RASILO CANDY,RASILO CANDY,RASILO CANDY- CHATPATA MAZZA PCN 1680 GM,PLJAR,1680.000 GM,UNSPECIFIED,,1680.0,GM,500.0
171,2022-01-14,202201,113638667,1642058333312,99762974,106,SUJAL FOODS PVT LTD-NEPAL,RASILO CANDY,RASILO CANDY- CHATPAT SWODILO,1,PPH,3GM,,1642058333312-sujal foods pvt ltd-nepal-rasilo candy.png,RECODING,5,10,99764387,59.825043,106,SUJAL FOODS PVT LTD-NEPAL,RASILO CANDY,RASILO CANDY,RASILO CANDY- SPICY MAZZA PPH 3.2 GM,PLPCH,3.200 GM,UNSPECIFIED,,3.2,GM,1.0
172,2022-01-14,202201,124265451,1641970562805,99762979,116,CARE & COMFORT PRODUCTS NEPAL ,CARE & COMFORT ,CARE & COMFORT/REGULAR/7 PADS/PPH,45,PPH,7 PADS,,1641970562805-care - comfort products nepal -care - comfort .png,RECODING,5,1,99762979,63.4153,116,CARE & COMFORT PRODUCTS-NEPAL,CARE & COMFORT,CARE & COMFORT,CARE & COMFORT-REGULAR PPH 7 NO,PLPCH,7.000 NO,,,7.0,NO,45.0
172,2022-01-14,202201,124265451,1641970562805,99762979,116,CARE & COMFORT PRODUCTS NEPAL ,CARE & COMFORT ,CARE & COMFORT/REGULAR/7 PADS/PPH,45,PPH,7 PADS,,1641970562805-care - comfort products nepal -care - comfort .png,RECODING,5,2,49191,172.10162,116,SKY WAY HYGIENE PRODUCTS-NEPAL,SECURE,SECURE,SECURE-REGULAR CHOICE ULTRA COMFORT PPH 6 NO,PLPCH,6.000 NO,,,6.0,NO,0.0
172,2022-01-14,202201,124265451,1641970562805,99762979,116,CARE & COMFORT PRODUCTS NEPAL ,CARE & COMFORT ,CARE & COMFORT/REGULAR/7 PADS/PPH,45,PPH,7 PADS,,1641970562805-care - comfort products nepal -care - comfort .png,RECODING,5,3,53087,177.46317,116,SKY WAY HYGIENE PRODUCTS-NEPAL,SECURE,SECURE COMFORT XL,SECURE COMFORT XL-ULTRA LIGHT PPH 8 NO,PLPCH,8.000 NO,,,8.0,NO,0.0
172,2022-01-14,202201,124265451,1641970562805,99762979,116,CARE & COMFORT PRODUCTS NEPAL ,CARE & COMFORT ,CARE & COMFORT/REGULAR/7 PADS/PPH,45,PPH,7 PADS,,1641970562805-care - comfort products nepal -care - comfort .png,RECODING,5,4,99764325,179.33513,116,A.G. HEALTH INDUSTRIES PVT LTD-NEPAL,SAGUN,SAGUN COTTON COMFORT,SAGUN COTTON COMFORT-ULTRA THIN PPH 6 NOS,PLPCH,6.000 NO,,,6.0,NO,60.0
172,2022-01-14,202201,124265451,1641970562805,99762979,116,CARE & COMFORT PRODUCTS NEPAL ,CARE & COMFORT ,CARE & COMFORT/REGULAR/7 PADS/PPH,45,PPH,7 PADS,,1641970562805-care - comfort products nepal -care - comfort .png,RECODING,5,5,92061009,181.60611,116,INTRNL. HYGENIC PRODUCT-NEPAL,ACTIVE,ACTIVE EXCEL,ACTIVE EXCEL-PPH 8 NOS+2 PADS,PLPCH,8.000 NO,,,10.0,NO,0.0
172,2022-01-14,202201,124265451,1641970562805,99762979,116,CARE & COMFORT PRODUCTS NEPAL ,CARE & COMFORT ,CARE & COMFORT/REGULAR/7 PADS/PPH,45,PPH,7 PADS,,1641970562805-care - comfort products nepal -care - comfort .png,RECODING,5,6,92017656,182.25876,116,GREAT BIRAT MEDI - NEPAL,SOFT CARE,SOFT CARE REGULAR,SOFT CARE REGULAR-PPH 10 NOS,PLPCH,10.000 NO,,,10.0,NO,0.0
172,2022-01-14,202201,124265451,1641970562805,99762979,116,CARE & COMFORT PRODUCTS NEPAL ,CARE & COMFORT ,CARE & COMFORT/REGULAR/7 PADS/PPH,45,PPH,7 PADS,,1641970562805-care - comfort products nepal -care - comfort .png,RECODING,5,7,92024881,182.7147,116,INDRENI HYGENIC PRODUCT-NEPAL,LADY CARE,LADY CARE REGULAR,LADY CARE REGULAR-PPH 8 NOS,PLPCH,8.000 NO,,,8.0,NO,0.0
172,2022-01-14,202201,124265451,1641970562805,99762979,116,CARE & COMFORT PRODUCTS NEPAL ,CARE & COMFORT ,CARE & COMFORT/REGULAR/7 PADS/PPH,45,PPH,7 PADS,,1641970562805-care - comfort products nepal -care - comfort .png,RECODING,5,8,51084,182.77632,116,SOFTY HYGIENE PVT LTD-NEPAL,SOFTY,SOFTY,SOFTY-ULTRA SUPER ABSORBENT CORE PPH 6 NO,PLPCH,6.000 NO,,,6.0,NO,0.0
172,2022-01-14,202201,124265451,1641970562805,99762979,116,CARE & COMFORT PRODUCTS NEPAL ,CARE & COMFORT ,CARE & COMFORT/REGULAR/7 PADS/PPH,45,PPH,7 PADS,,1641970562805-care - comfort products nepal -care - comfort .png,RECODING,5,9,92020252,186.17694,116,INTRNL. HYGENIC PRODUCT-NEPAL,ACTIVE ELITE,ACTIVE ELITE ULTRA,ACTIVE ELITE ULTRA-PPH 8 NOS,PLPCH,8.000 NO,,,8.0,NO,0.0
172,2022-01-14,202201,124265451,1641970562805,99762979,116,CARE & COMFORT PRODUCTS NEPAL ,CARE & COMFORT ,CARE & COMFORT/REGULAR/7 PADS/PPH,45,PPH,7 PADS,,1641970562805-care - comfort products nepal -care - comfort .png,RECODING,5,10,47163,186.87494,116,SKY WAY HYGIENE PRODUCTS-NEPAL,SECURE,SECURE,SECURE-REGULAR PPH 8 NO,PLPCH,8.000 NO,,,8.0,NO,0.0
173,2022-01-15,202201,116637465,1642130906047,99762980,116,H H HEALTH & HYGIENE PRODUCT-NEPAL ,PADELUX PREMIUM ,PADELUX PREMIUM/SUPER COMFORT XL COTTONY SOFT/6 PADS/PPH,60,PPH,6 PADS,,1642130906047-h h health - hygiene product-nepal -padelux premium .png,RECODING,5,1,99762980,110.565056,116,HEALTY & HYGIENE PROD-NP,PADELUX,PADELUX,PADELUX-XL SUPER COMFORT PREMIUM PPH 6 NO,PLPCH,6.000 NO,,,6.0,NO,60.0
173,2022-01-15,202201,116637465,1642130906047,99762980,116,H H HEALTH & HYGIENE PRODUCT-NEPAL ,PADELUX PREMIUM ,PADELUX PREMIUM/SUPER COMFORT XL COTTONY SOFT/6 PADS/PPH,60,PPH,6 PADS,,1642130906047-h h health - hygiene product-nepal -padelux premium .png,RECODING,5,2,54598,126.50081,116,HEALTY & HYGIENE PROD-NP,PADELUX,PADELUX,PADELUX-XL ULTRA SUPER PREMIUM PPH 8 NO,PLPCH,8.000 NO,,,8.0,NO,0.0
173,2022-01-15,202201,116637465,1642130906047,99762980,116,H H HEALTH & HYGIENE PRODUCT-NEPAL ,PADELUX PREMIUM ,PADELUX PREMIUM/SUPER COMFORT XL COTTONY SOFT/6 PADS/PPH,60,PPH,6 PADS,,1642130906047-h h health - hygiene product-nepal -padelux premium .png,RECODING,5,3,99762639,131.19339,116,HEALTY & HYGIENE PROD-NP,PADELUX,PADELUX,PADELUX-COMFORT PLUS PPH 7 NO,PLPCH,7.000 NO,,,7.0,NO,50.0
173,2022-01-15,202201,116637465,1642130906047,99762980,116,H H HEALTH & HYGIENE PRODUCT-NEPAL ,PADELUX PREMIUM ,PADELUX PREMIUM/SUPER COMFORT XL COTTONY SOFT/6 PADS/PPH,60,PPH,6 PADS,,1642130906047-h h health - hygiene product-nepal -padelux premium .png,RECODING,5,4,99763452,131.41823,116,HEALTY & HYGIENE PROD-NP,PADELUX,PADELUX,PADELUX-COMFORT NIGHT XXL COTTONY SOFT PPH 10 NO,PLPCH,10.000 NO,,,10.0,NO,100.0
173,2022-01-15,202201,116637465,1642130906047,99762980,116,H H HEALTH & HYGIENE PRODUCT-NEPAL ,PADELUX PREMIUM ,PADELUX PREMIUM/SUPER COMFORT XL COTTONY SOFT/6 PADS/PPH,60,PPH,6 PADS,,1642130906047-h h health - hygiene product-nepal -padelux premium .png,RECODING,5,5,54547,134.73576,116,HEALTY & HYGIENE PROD-NP,PADELUX,PADELUX,PADELUX-COMFORT NIGHT XXL PPH 6 NO,PLPCH,6.000 NO,,,6.0,NO,0.0
173,2022-01-15,202201,116637465,1642130906047,99762980,116,H H HEALTH & HYGIENE PRODUCT-NEPAL ,PADELUX PREMIUM ,PADELUX PREMIUM/SUPER COMFORT XL COTTONY SOFT/6 PADS/PPH,60,PPH,6 PADS,,1642130906047-h h health - hygiene product-nepal -padelux premium .png,RECODING,5,6,99764710,137.22333,116,HEALTY & HYGIENE PROD-NP,PADELUX,PADELUX,PADELUX-ULTRA GOODNIGHT COTTONY SOFT XXL PPH 8 NO,PLPCH,8.000 NO,,,8.0,NO,100.0
173,2022-01-15,202201,116637465,1642130906047,99762980,116,H H HEALTH & HYGIENE PRODUCT-NEPAL ,PADELUX PREMIUM ,PADELUX PREMIUM/SUPER COMFORT XL COTTONY SOFT/6 PADS/PPH,60,PPH,6 PADS,,1642130906047-h h health - hygiene product-nepal -padelux premium .png,RECODING,5,7,92020252,138.27509,116,INTRNL. HYGENIC PRODUCT-NEPAL,ACTIVE ELITE,ACTIVE ELITE ULTRA,ACTIVE ELITE ULTRA-PPH 8 NOS,PLPCH,8.000 NO,,,8.0,NO,0.0
173,2022-01-15,202201,116637465,1642130906047,99762980,116,H H HEALTH & HYGIENE PRODUCT-NEPAL ,PADELUX PREMIUM ,PADELUX PREMIUM/SUPER COMFORT XL COTTONY SOFT/6 PADS/PPH,60,PPH,6 PADS,,1642130906047-h h health - hygiene product-nepal -padelux premium .png,RECODING,5,8,99763271,140.437,116,HEALTY & HYGIENE PROD-NP,PADELUX,PADELUX,PADELUX-REGULAR XL WITH WINGS PPH 7 NO,PLPCH,7.000 NO,,,7.0,NO,50.0
173,2022-01-15,202201,116637465,1642130906047,99762980,116,H H HEALTH & HYGIENE PRODUCT-NEPAL ,PADELUX PREMIUM ,PADELUX PREMIUM/SUPER COMFORT XL COTTONY SOFT/6 PADS/PPH,60,PPH,6 PADS,,1642130906047-h h health - hygiene product-nepal -padelux premium .png,RECODING,5,9,54938,144.84898,116,HEALTY & HYGIENE PROD-NP,PADELUX,PADELUX,PADELUX-XL WT WINGS PPH 7 NO,PLPCH,7.000 NO,,,7.0,NO,0.0
173,2022-01-15,202201,116637465,1642130906047,99762980,116,H H HEALTH & HYGIENE PRODUCT-NEPAL ,PADELUX PREMIUM ,PADELUX PREMIUM/SUPER COMFORT XL COTTONY SOFT/6 PADS/PPH,60,PPH,6 PADS,,1642130906047-h h health - hygiene product-nepal -padelux premium .png,RECODING,5,10,99762979,145.36334,116,CARE & COMFORT PRODUCTS-NEPAL,CARE & COMFORT,CARE & COMFORT,CARE & COMFORT-REGULAR PPH 7 NO,PLPCH,7.000 NO,,,7.0,NO,45.0
174,2022-01-15,202201,116637455,1642129211775,48245,116,JASMINE HYGIENIC - NEPAL,SOFTLOVE ,SOFTLOVE/ULTRA XL/8PADS/PPH,100,PPH,8 PADS,,1642129211775-jasmine hygienic - nepal-softlove .png,CROSS CODING,2,1,48245,77.13399,116,JASMINE HYGIENIC - NEPAL,SOFT LOVE,SOFT LOVE ULTRA,SOFT LOVE ULTRA-XL PPH 8 NOS,PLPCH,8.000 NO,,,8.0,NO,0.0
174,2022-01-15,202201,116637455,1642129211775,48245,116,JASMINE HYGIENIC - NEPAL,SOFTLOVE ,SOFTLOVE/ULTRA XL/8PADS/PPH,100,PPH,8 PADS,,1642129211775-jasmine hygienic - nepal-softlove .png,CROSS CODING,2,2,92021339,93.51073,116,JASMINE HYGIENIC - NEPAL,SOFT LOVE,SOFT LOVE ULTRA,SOFT LOVE ULTRA-PPH 8 NOS,PLPCH,8.000 NO,,,8.0,NO,0.0
174,2022-01-15,202201,116637455,1642129211775,48245,116,JASMINE HYGIENIC - NEPAL,SOFTLOVE ,SOFTLOVE/ULTRA XL/8PADS/PPH,100,PPH,8 PADS,,1642129211775-jasmine hygienic - nepal-softlove .png,CROSS CODING,2,3,48698,94.523575,116,JASMINE HYGIENIC - NEPAL,SOFT LOVE,SOFT LOVE MAXI,SOFT LOVE MAXI-XL PPH 7 NOS,PLPCH,7.000 NO,,,7.0,NO,0.0
174,2022-01-15,202201,116637455,1642129211775,48245,116,JASMINE HYGIENIC - NEPAL,SOFTLOVE ,SOFTLOVE/ULTRA XL/8PADS/PPH,100,PPH,8 PADS,,1642129211775-jasmine hygienic - nepal-softlove .png,CROSS CODING,2,4,92020129,104.64436,116,JASMINE HYGIENIC - NEPAL,SAFETY,SAFETY ULTRA XL,SAFETY ULTRA XL-PPH 8 NOS,PLPCH,8.000 NO,,,8.0,NO,0.0
174,2022-01-15,202201,116637455,1642129211775,48245,116,JASMINE HYGIENIC - NEPAL,SOFTLOVE ,SOFTLOVE/ULTRA XL/8PADS/PPH,100,PPH,8 PADS,,1642129211775-jasmine hygienic - nepal-softlove .png,CROSS CODING,2,5,49657,106.72686,116,JASMINE HYGIENIC - NEPAL,SAFETY,SAFETY ULTRA XL,SAFETY ULTRA XL-ALLNGT ALOEVRA PPH 8 NO+1 PC FR,PLPCH,8.000 NO,,,9.0,NO,0.0
174,2022-01-15,202201,116637455,1642129211775,48245,116,JASMINE HYGIENIC - NEPAL,SOFTLOVE ,SOFTLOVE/ULTRA XL/8PADS/PPH,100,PPH,8 PADS,,1642129211775-jasmine hygienic - nepal-softlove .png,CROSS CODING,2,6,54932,109.40202,116,JASMINE HYGIENIC - NEPAL,SOFT LOVE,SOFT LOVE MAXI,SOFT LOVE MAXI-PPH 7 NOS,PLPCH,7.000 NO,,,7.0,NO,0.0
174,2022-01-15,202201,116637455,1642129211775,48245,116,JASMINE HYGIENIC - NEPAL,SOFTLOVE ,SOFTLOVE/ULTRA XL/8PADS/PPH,100,PPH,8 PADS,,1642129211775-jasmine hygienic - nepal-softlove .png,CROSS CODING,2,7,92027499,110.780754,116,JASMINE HYGIENIC - NEPAL,SAFETY,SAFETY ULTRA XL,SAFETY ULTRA XL-ALL NIGHT PPH 8 NOS,PLPCH,8.000 NO,,,8.0,NO,0.0
174,2022-01-15,202201,116637455,1642129211775,48245,116,JASMINE HYGIENIC - NEPAL,SOFTLOVE ,SOFTLOVE/ULTRA XL/8PADS/PPH,100,PPH,8 PADS,,1642129211775-jasmine hygienic - nepal-softlove .png,CROSS CODING,2,8,92060349,110.81705,116,JASMINE HYGIENIC - NEPAL,SAFETY,SAFETY ULTRA,SAFETY ULTRA-PPH 8NOS+DABR VATKA 100G TSP,PLPCH,8.000 NO,,,8.0,NO,0.0
174,2022-01-15,202201,116637455,1642129211775,48245,116,JASMINE HYGIENIC - NEPAL,SOFTLOVE ,SOFTLOVE/ULTRA XL/8PADS/PPH,100,PPH,8 PADS,,1642129211775-jasmine hygienic - nepal-softlove .png,CROSS CODING,2,9,92021184,111.62457,116,JASMINE HYGIENIC - NEPAL,SOFT LOVE,SOFT LOVE MAXI,SOFT LOVE MAXI-PPH 8 NOS,PLPCH,8.000 NO,,,8.0,NO,0.0
174,2022-01-15,202201,116637455,1642129211775,48245,116,JASMINE HYGIENIC - NEPAL,SOFTLOVE ,SOFTLOVE/ULTRA XL/8PADS/PPH,100,PPH,8 PADS,,1642129211775-jasmine hygienic - nepal-softlove .png,CROSS CODING,2,10,54001,113.75162,116,JASMINE HYGIENIC - NEPAL,SAFETY,SAFETY ULTRA CHOICE,SAFETY ULTRA CHOICE-XL PPH 6 NOS,PLPCH,6.000 NO,,,6.0,NO,0.0
175,2022-01-15,202201,116637455,1642128957504,99762999,132,JASMINE HYGIENIC - NEPAL,SOFTLOVE PANT STYLE DIAPERS,SOFTLOVE PANT STYLE DIAPERS/LARGE/4+1 PICES/PPH,100,PPH,4+1,,1642128957504-jasmine hygienic - nepal-softlove pant style diapers.png,RECODING,5,1,99762999,22.888485,132,JASMINE HYGIENIC - NEPAL,SOFTLOVE,SOFTLOVE,SOFTLOVE-PANT STYLE DIAPER LARGE(L) PPH 4+1NOS,PLPCH,4.000 NO,,,5.0,NO,100.0
175,2022-01-15,202201,116637455,1642128957504,99762999,132,JASMINE HYGIENIC - NEPAL,SOFTLOVE PANT STYLE DIAPERS,SOFTLOVE PANT STYLE DIAPERS/LARGE/4+1 PICES/PPH,100,PPH,4+1,,1642128957504-jasmine hygienic - nepal-softlove pant style diapers.png,RECODING,5,2,99762998,35.25284,132,JASMINE HYGIENIC - NEPAL,SOFTLOVE,SOFTLOVE,SOFTLOVE-PANT STYLE DIAPER MEDIUM(M) PPH 4+1NOS,PLPCH,4.000 NO,,,5.0,NO,100.0
175,2022-01-15,202201,116637455,1642128957504,99762999,132,JASMINE HYGIENIC - NEPAL,SOFTLOVE PANT STYLE DIAPERS,SOFTLOVE PANT STYLE DIAPERS/LARGE/4+1 PICES/PPH,100,PPH,4+1,,1642128957504-jasmine hygienic - nepal-softlove pant style diapers.png,RECODING,5,3,99763036,101.360794,132,JASMINE HYGIENIC - NEPAL,SOFT & DRY,SOFT & DRY,SOFT & DRY-PREMIUM PANTS LARGE (L) PPH 4 NOS,PLPCH,4.000 NO,,,4.0,NO,100.0
175,2022-01-15,202201,116637455,1642128957504,99762999,132,JASMINE HYGIENIC - NEPAL,SOFTLOVE PANT STYLE DIAPERS,SOFTLOVE PANT STYLE DIAPERS/LARGE/4+1 PICES/PPH,100,PPH,4+1,,1642128957504-jasmine hygienic - nepal-softlove pant style diapers.png,RECODING,5,4,99764896,106.37384,132,JASMINE HYGIENIC - NEPAL,SOFT & DRY,SOFT & DRY,SOFT & DRY-PREMIUM PANTS EXTRA LARGE (XL) PPH 4 NOS,PLPCH,4.000 NO,,,4.0,NO,100.0
175,2022-01-15,202201,116637455,1642128957504,99762999,132,JASMINE HYGIENIC - NEPAL,SOFTLOVE PANT STYLE DIAPERS,SOFTLOVE PANT STYLE DIAPERS/LARGE/4+1 PICES/PPH,100,PPH,4+1,,1642128957504-jasmine hygienic - nepal-softlove pant style diapers.png,RECODING,5,5,99763457,106.78345,132,JASMINE HYGIENIC - NEPAL,SOFT & DRY,SOFT & DRY,SOFT & DRY-PREMIUM PANTS MEDIUM (M) PPH 5 NOS,PLPCH,5.000 NO,,,5.0,NO,100.0
175,2022-01-15,202201,116637455,1642128957504,99762999,132,JASMINE HYGIENIC - NEPAL,SOFTLOVE PANT STYLE DIAPERS,SOFTLOVE PANT STYLE DIAPERS/LARGE/4+1 PICES/PPH,100,PPH,4+1,,1642128957504-jasmine hygienic - nepal-softlove pant style diapers.png,RECODING,5,6,99763609,106.89137,132,JASMINE HYGIENIC - NEPAL,SOFT & DRY,SOFT & DRY,SOFT & DRY-PREMIUM PANTS LARGE (L) PPH 46 NOS,PLPCH,46.000 NO,,,46.0,NO,999.0
175,2022-01-15,202201,116637455,1642128957504,99762999,132,JASMINE HYGIENIC - NEPAL,SOFTLOVE PANT STYLE DIAPERS,SOFTLOVE PANT STYLE DIAPERS/LARGE/4+1 PICES/PPH,100,PPH,4+1,,1642128957504-jasmine hygienic - nepal-softlove pant style diapers.png,RECODING,5,7,99762913,107.596664,132,JASMINE HYGIENIC - NEPAL,SOFT & DRY,SOFT & DRY,SOFT & DRY-PREMIUM PANTS SMALL (S) PPH 5 NOS,PLPCH,5.000 NO,,,5.0,NO,80.0
175,2022-01-15,202201,116637455,1642128957504,99762999,132,JASMINE HYGIENIC - NEPAL,SOFTLOVE PANT STYLE DIAPERS,SOFTLOVE PANT STYLE DIAPERS/LARGE/4+1 PICES/PPH,100,PPH,4+1,,1642128957504-jasmine hygienic - nepal-softlove pant style diapers.png,RECODING,5,8,99763859,110.84562,132,JASMINE HYGIENIC - NEPAL,SOFT & DRY,SOFT & DRY,SOFT & DRY-PREMIUM PANTS SMALL (S) PPH 60 NOS,PLPCH,60.000 NO,,,60.0,NO,999.0
175,2022-01-15,202201,116637455,1642128957504,99762999,132,JASMINE HYGIENIC - NEPAL,SOFTLOVE PANT STYLE DIAPERS,SOFTLOVE PANT STYLE DIAPERS/LARGE/4+1 PICES/PPH,100,PPH,4+1,,1642128957504-jasmine hygienic - nepal-softlove pant style diapers.png,RECODING,5,9,99762705,116.08476,132,JASMINE HYGIENIC - NEPAL,CUDDLERS,CUDDLERS PANTS,CUDDLERS PANTS-SOFT & DRY LARGE(L) PPH 4 NOS,PLPCH,4.000 NO,,,4.0,NO,80.0
175,2022-01-15,202201,116637455,1642128957504,99762999,132,JASMINE HYGIENIC - NEPAL,SOFTLOVE PANT STYLE DIAPERS,SOFTLOVE PANT STYLE DIAPERS/LARGE/4+1 PICES/PPH,100,PPH,4+1,,1642128957504-jasmine hygienic - nepal-softlove pant style diapers.png,RECODING,5,10,99764405,124.33555,132,JASMINE HYGIENIC - NEPAL,CUDDLERS,CUDDLERS PANTS,CUDDLERS PANTS-OVERNITES LARGE(L) PPH 4 NOS,PLPCH,4.000 NO,,,4.0,NO,100.0
176,2022-01-15,202201,128809535,1641886711372,99762983,118,SPRING FOOD & BEVERAGE-NEPAL,PREETI,PREETI LITCHI/140ML,20,PBT,140 ML,,1641886711372-spring food - beverage-nepal-preeti.png,RECODING,5,1,99762983,30.067055,118,SPRING FOOD & BEVERAGE-NEPAL,PREETI,PREETI,LITCHI PET 140 ML,PET,140.000 ML,LYCHEE,,140.0,ML,20.0
176,2022-01-15,202201,128809535,1641886711372,99762983,118,SPRING FOOD & BEVERAGE-NEPAL,PREETI,PREETI LITCHI/140ML,20,PBT,140 ML,,1641886711372-spring food - beverage-nepal-preeti.png,RECODING,5,2,54087,36.395267,118,SPRING FOOD & BEVERAGE-NEPAL,PREETI,PREETI,LITCHI PET 150 ML,PET,150.000 ML,LYCHEE,,150.0,ML,0.0
176,2022-01-15,202201,128809535,1641886711372,99762983,118,SPRING FOOD & BEVERAGE-NEPAL,PREETI,PREETI LITCHI/140ML,20,PBT,140 ML,,1641886711372-spring food - beverage-nepal-preeti.png,RECODING,5,3,46054,49.988846,118,SPRING FOOD & BEVERAGE-NEPAL,PREETI,PREETI,LITCHI PET 150 ML+20 ML FREE,PET,150.000 ML,LYCHEE,,170.0,ML,0.0
176,2022-01-15,202201,128809535,1641886711372,99762983,118,SPRING FOOD & BEVERAGE-NEPAL,PREETI,PREETI LITCHI/140ML,20,PBT,140 ML,,1641886711372-spring food - beverage-nepal-preeti.png,RECODING,5,4,99763205,64.80102,118,SPRING FOOD & BEVERAGE-NEPAL,PERNA,PERNA,LITCHI PET 140 ML,PET,140.000 ML,LYCHEE,,140.0,ML,20.0
176,2022-01-15,202201,128809535,1641886711372,99762983,118,SPRING FOOD & BEVERAGE-NEPAL,PREETI,PREETI LITCHI/140ML,20,PBT,140 ML,,1641886711372-spring food - beverage-nepal-preeti.png,RECODING,5,5,99765209,66.76242,118,SPRING FOOD & BEVERAGE-NEPAL,PERNA,PERNA,LITCHI PET 110 ML,PET,110.000 ML,LYCHEE,,110.0,ML,20.0
176,2022-01-15,202201,128809535,1641886711372,99762983,118,SPRING FOOD & BEVERAGE-NEPAL,PREETI,PREETI LITCHI/140ML,20,PBT,140 ML,,1641886711372-spring food - beverage-nepal-preeti.png,RECODING,5,6,51964,68.13716,118,SPRING FOOD & BEVERAGE-NEPAL,PERNA,PERNA,LITCHI PET 150 ML+20 ML FRE,PET,150.000 ML,LYCHEE,,170.0,ML,0.0
176,2022-01-15,202201,128809535,1641886711372,99762983,118,SPRING FOOD & BEVERAGE-NEPAL,PREETI,PREETI LITCHI/140ML,20,PBT,140 ML,,1641886711372-spring food - beverage-nepal-preeti.png,RECODING,5,7,53564,69.52707,118,SPRING FOOD & BEVERAGE-NEPAL,PERNA,PERNA,LITCHI PET 150 ML,PET,150.000 ML,LYCHEE,,150.0,ML,0.0
176,2022-01-15,202201,128809535,1641886711372,99762983,118,SPRING FOOD & BEVERAGE-NEPAL,PREETI,PREETI LITCHI/140ML,20,PBT,140 ML,,1641886711372-spring food - beverage-nepal-preeti.png,RECODING,5,8,54086,78.31615,118,SPRING FOOD & BEVERAGE-NEPAL,PINKOO,PINKOO,LITCHI PET 150 ML,PET,150.000 ML,LYCHEE,,150.0,ML,0.0
176,2022-01-15,202201,128809535,1641886711372,99762983,118,SPRING FOOD & BEVERAGE-NEPAL,PREETI,PREETI LITCHI/140ML,20,PBT,140 ML,,1641886711372-spring food - beverage-nepal-preeti.png,RECODING,5,9,49749,82.207306,118,SPRING FOOD & BEVERAGE-NEPAL,PINKOO,PINKOO,LITCHI PET 150 ML+20 ML,PET,150.000 ML,LYCHEE,,170.0,ML,0.0
176,2022-01-15,202201,128809535,1641886711372,99762983,118,SPRING FOOD & BEVERAGE-NEPAL,PREETI,PREETI LITCHI/140ML,20,PBT,140 ML,,1641886711372-spring food - beverage-nepal-preeti.png,RECODING,5,10,20126692,97.002594,118,SPRING FOOD & BEVERAGE-NEPAL,PERNA,PERNA,LYCHEE PET 170 ML,PET,170.000 ML,LYCHEE,,170.0,ML,0.0
177,2022-01-15,202201,130097341,1642142846435,,123,GOPAL SOAP INDUSTRIES - NEPAL,V -SERIES PLUS,V-SERIES PLUS/85GM+15 GM,10,PPH,85GM,,1642142846435-gopal soap industries - nepal-v -series plus.png,PARKER FOR NEXT MONTH,999,1,47214,40.74201,123,GOPAL SOAP INDUSTRIES - NEPAL,V SERIES,V SERIES,V SERIES-EWP 250 GMS,EWRPK,250.000 GM,,,250.0,GM,0.0
177,2022-01-15,202201,130097341,1642142846435,,123,GOPAL SOAP INDUSTRIES - NEPAL,V -SERIES PLUS,V-SERIES PLUS/85GM+15 GM,10,PPH,85GM,,1642142846435-gopal soap industries - nepal-v -series plus.png,PARKER FOR NEXT MONTH,999,2,92918848,40.976013,123,GOPAL SOAP INDUSTRIES - NEPAL,V SERIES,V SERIES,V SERIES- EWP 115 GMS,EWRPK,115.000 GM,,,115.0,GM,0.0
177,2022-01-15,202201,130097341,1642142846435,,123,GOPAL SOAP INDUSTRIES - NEPAL,V -SERIES PLUS,V-SERIES PLUS/85GM+15 GM,10,PPH,85GM,,1642142846435-gopal soap industries - nepal-v -series plus.png,PARKER FOR NEXT MONTH,999,3,92925997,41.634277,123,GOPAL SOAP INDUSTRIES - NEPAL,V SERIES,V SERIES,V SERIES- EWP 95 GMS,EWRPK,95.000 GM,,,95.0,GM,0.0
177,2022-01-15,202201,130097341,1642142846435,,123,GOPAL SOAP INDUSTRIES - NEPAL,V -SERIES PLUS,V-SERIES PLUS/85GM+15 GM,10,PPH,85GM,,1642142846435-gopal soap industries - nepal-v -series plus.png,PARKER FOR NEXT MONTH,999,4,92917111,42.30221,123,GOPAL SOAP INDUSTRIES - NEPAL,V SERIES,V SERIES,V SERIES-EWP 125 GMS,EWRPK,125.000 GM,,,125.0,GM,0.0
177,2022-01-15,202201,130097341,1642142846435,,123,GOPAL SOAP INDUSTRIES - NEPAL,V -SERIES PLUS,V-SERIES PLUS/85GM+15 GM,10,PPH,85GM,,1642142846435-gopal soap industries - nepal-v -series plus.png,PARKER FOR NEXT MONTH,999,5,99764779,43.053284,123,GOPAL SOAP INDUSTRIES - NEPAL,V SERIES,V SERIES PLUS,V SERIES PLUS-HERBL LEMON&WOOD ASH PPH 120 GM+30GM EXTRA,PLPCH,120.000 GM,,,150.0,GM,20.0
177,2022-01-15,202201,130097341,1642142846435,,123,GOPAL SOAP INDUSTRIES - NEPAL,V -SERIES PLUS,V-SERIES PLUS/85GM+15 GM,10,PPH,85GM,,1642142846435-gopal soap industries - nepal-v -series plus.png,PARKER FOR NEXT MONTH,999,6,92917332,43.563393,123,GOPAL SOAP INDUSTRIES - NEPAL,V SERIES,V SERIES,V SERIES-EWP 100 GMS,EWRPK,100.000 GM,,,100.0,GM,0.0
177,2022-01-15,202201,130097341,1642142846435,,123,GOPAL SOAP INDUSTRIES - NEPAL,V -SERIES PLUS,V-SERIES PLUS/85GM+15 GM,10,PPH,85GM,,1642142846435-gopal soap industries - nepal-v -series plus.png,PARKER FOR NEXT MONTH,999,7,92921595,44.361855,123,GOPAL SOAP INDUSTRIES - NEPAL,V SERIES,V SERIES ACTIVE,V SERIES ACTIVE-EWP 95 GMS,EWRPK,95.000 GM,,,95.0,GM,0.0
177,2022-01-15,202201,130097341,1642142846435,,123,GOPAL SOAP INDUSTRIES - NEPAL,V -SERIES PLUS,V-SERIES PLUS/85GM+15 GM,10,PPH,85GM,,1642142846435-gopal soap industries - nepal-v -series plus.png,PARKER FOR NEXT MONTH,999,8,92921228,44.882698,123,GOPAL SOAP INDUSTRIES - NEPAL,V SERIES,V SERIES ACTIVE,V SERIES ACTIVE-EWP 100 GMS,EWRPK,100.000 GM,,,100.0,GM,0.0
177,2022-01-15,202201,130097341,1642142846435,,123,GOPAL SOAP INDUSTRIES - NEPAL,V -SERIES PLUS,V-SERIES PLUS/85GM+15 GM,10,PPH,85GM,,1642142846435-gopal soap industries - nepal-v -series plus.png,PARKER FOR NEXT MONTH,999,9,54994,44.89642,123,GOPAL SOAP INDUSTRIES - NEPAL,V SERIES,V SERIES PLUS,V SERIES PLUS-HRBL DISHWASH PPH 80 GM+15GM EX,PLPCH,80.000 GM,,,95.0,GM,0.0
177,2022-01-15,202201,130097341,1642142846435,,123,GOPAL SOAP INDUSTRIES - NEPAL,V -SERIES PLUS,V-SERIES PLUS/85GM+15 GM,10,PPH,85GM,,1642142846435-gopal soap industries - nepal-v -series plus.png,PARKER FOR NEXT MONTH,999,10,99764182,50.52578,123,GOPAL SOAP INDUSTRIES - NEPAL,V SERIES,V SERIES PLUS,V SERIES PLUS-LEMON & WOOD ASH PPH 60 GM+15 GM FREE,PLPCH,60.000 GM,,,75.0,GM,10.0
178,2022-01-15,202201,130097341,1642143047943,99762991,123,NEPAL GRAMODHYOG PVT LTD-NP,NEPAL GRAMODHYOG HERB YUKT,NEPAL GRAMODHYOG-HERB YUKT/90 GM,10,PPH,90 GM,,1642143047943-nepal gramodhyog pvt ltd-np-nepal gramodhyog herb yukt.png,RECODING,5,1,99762991,26.530626,123,NEPAL GRAMODHYOG PVT LTD-NP,NEPAL GRAMODHYOG,NEPAL GRAMODHYOG,NEPAL GRAMODHYOG-HERB YUKTA EWP 90 GM,EWRPK,90.000 GM,,,90.0,GM,10.0
178,2022-01-15,202201,130097341,1642143047943,99762991,123,NEPAL GRAMODHYOG PVT LTD-NP,NEPAL GRAMODHYOG HERB YUKT,NEPAL GRAMODHYOG-HERB YUKT/90 GM,10,PPH,90 GM,,1642143047943-nepal gramodhyog pvt ltd-np-nepal gramodhyog herb yukt.png,RECODING,5,2,50345,32.635685,123,NEPAL GRAMODHYOG PVT LTD-NP,NEPAL GRAMODHYOG,NEPAL GRAMODHYOG,NEPAL GRAMODHYOG-HERB YUKT EWP 280 GM,EWRPK,280.000 GM,,,280.0,GM,0.0
178,2022-01-15,202201,130097341,1642143047943,99762991,123,NEPAL GRAMODHYOG PVT LTD-NP,NEPAL GRAMODHYOG HERB YUKT,NEPAL GRAMODHYOG-HERB YUKT/90 GM,10,PPH,90 GM,,1642143047943-nepal gramodhyog pvt ltd-np-nepal gramodhyog herb yukt.png,RECODING,5,3,51834,36.67236,123,NEPAL GRAMODHYOG PVT LTD-NP,NEPAL GRAMODHYOG,NEPAL GRAMODHYOG,NEPAL GRAMODHYOG-HERB YUKT EWP 250 GM DTRGN CAK,EWRPK,250.000 GM,,,250.0,GM,0.0
178,2022-01-15,202201,130097341,1642143047943,99762991,123,NEPAL GRAMODHYOG PVT LTD-NP,NEPAL GRAMODHYOG HERB YUKT,NEPAL GRAMODHYOG-HERB YUKT/90 GM,10,PPH,90 GM,,1642143047943-nepal gramodhyog pvt ltd-np-nepal gramodhyog herb yukt.png,RECODING,5,4,99762902,38.165817,123,NEPAL GRAMODHYOG PVT LTD-NP,NEPAL GRAMODHYOG,NEPAL GRAMODHYOG HERB YUKT,NEPAL GRAMODHYOG HERB YUKT-ASH & LEMON PPH 150 GM,PLPCH,150.000 GM,,,150.0,GM,20.0
178,2022-01-15,202201,130097341,1642143047943,99762991,123,NEPAL GRAMODHYOG PVT LTD-NP,NEPAL GRAMODHYOG HERB YUKT,NEPAL GRAMODHYOG-HERB YUKT/90 GM,10,PPH,90 GM,,1642143047943-nepal gramodhyog pvt ltd-np-nepal gramodhyog herb yukt.png,RECODING,5,5,99763034,39.772842,123,NEPAL GRAMODHYOG PVT LTD-NP,NEPAL GRAMODHYOG,NEPAL GRAMODHYOG HERB YUKT,NEPAL GRAMODHYOG HERB YUKT-ASH & LEMON PPH 200 GM,PLPCH,200.000 GM,,,200.0,GM,22.0
178,2022-01-15,202201,130097341,1642143047943,99762991,123,NEPAL GRAMODHYOG PVT LTD-NP,NEPAL GRAMODHYOG HERB YUKT,NEPAL GRAMODHYOG-HERB YUKT/90 GM,10,PPH,90 GM,,1642143047943-nepal gramodhyog pvt ltd-np-nepal gramodhyog herb yukt.png,RECODING,5,6,49502,43.07759,123,NEPAL GRAMODHYOG PVT LTD-NP,NEPAL GRAMODHYOG,NEPAL GRAMODHYOG,NEPAL GRAMODHYOG-HERBAL YUKT EWP 175 GM,EWRPK,175.000 GM,,,175.0,GM,0.0
178,2022-01-15,202201,130097341,1642143047943,99762991,123,NEPAL GRAMODHYOG PVT LTD-NP,NEPAL GRAMODHYOG HERB YUKT,NEPAL GRAMODHYOG-HERB YUKT/90 GM,10,PPH,90 GM,,1642143047943-nepal gramodhyog pvt ltd-np-nepal gramodhyog herb yukt.png,RECODING,5,7,50740,82.89232,123,PATANJALI AYURVED PVT LTD-NEPAL,NEPAL GRAMODHYOG,NEPAL GRAMODHYOG,NEPAL GRAMODHYOG-HERB YUKTA EWP 95 GM,EWRPK,95.000 GM,,,95.0,GM,0.0
178,2022-01-15,202201,130097341,1642143047943,99762991,123,NEPAL GRAMODHYOG PVT LTD-NP,NEPAL GRAMODHYOG HERB YUKT,NEPAL GRAMODHYOG-HERB YUKT/90 GM,10,PPH,90 GM,,1642143047943-nepal gramodhyog pvt ltd-np-nepal gramodhyog herb yukt.png,RECODING,5,8,92927228,107.75347,123,NEPAL GRAMODHYOG PVT LTD-NP,PATANJALI,PATANJALI DTRGNT CAKE WTH HERB,PATANJALI DTRGNT CAKE WTH HERB-NEEM&ROSE,EWRPK,250.000 GM,,,250.0,GM,0.0
178,2022-01-15,202201,130097341,1642143047943,99762991,123,NEPAL GRAMODHYOG PVT LTD-NP,NEPAL GRAMODHYOG HERB YUKT,NEPAL GRAMODHYOG-HERB YUKT/90 GM,10,PPH,90 GM,,1642143047943-nepal gramodhyog pvt ltd-np-nepal gramodhyog herb yukt.png,RECODING,5,9,92926684,109.59047,123,NEPAL GRAMODHYOG PVT LTD-NP,PATANJALI,PATANJALI DTRGNT CAKE WTH HERB,PATANJALI DTRGNT CAKE WTH HERB-NEEM&LEMON,EWRPK,250.000 GM,,,250.0,GM,0.0
178,2022-01-15,202201,130097341,1642143047943,99762991,123,NEPAL GRAMODHYOG PVT LTD-NP,NEPAL GRAMODHYOG HERB YUKT,NEPAL GRAMODHYOG-HERB YUKT/90 GM,10,PPH,90 GM,,1642143047943-nepal gramodhyog pvt ltd-np-nepal gramodhyog herb yukt.png,RECODING,5,10,54384,131.69127,123,KWALITY CHEM PVT LTD-NEPAL,KWALITY,KWALITY,KWALITY-DIAL HERB NE&LEM PPH175G+25GFR,PLPCH,175.000 GM,,,200.0,GM,0.0
179,2022-01-15,202201,130097341,1642142176403,99762987,120,GODREJ CONSUMER PRODUCTS-INDIA,GODREJ NO.1 BEAUTY SOAP,GODREJ NO.1 BEAUTY SOAP-SANDAL TURMERIC/55GM +8 GM,20,EWP,55GM ,,1642142176403-godrej consumer products-india-godrej no-1 beauty soap.png,RECODING,5,1,99763898,10.652212,120,GODREJ CONSUMER PRODUCTS-INDIA,GODREJ,GODREJ NO.1 BEAUTY SOAP,GODREJ NO.1 BEAUTY SOAP-SANDAL TURMERIC EWP 53 GM,EWRPK,53.000 GM,,,53.0,GM,20.0
179,2022-01-15,202201,130097341,1642142176403,99762987,120,GODREJ CONSUMER PRODUCTS-INDIA,GODREJ NO.1 BEAUTY SOAP,GODREJ NO.1 BEAUTY SOAP-SANDAL TURMERIC/55GM +8 GM,20,EWP,55GM ,,1642142176403-godrej consumer products-india-godrej no-1 beauty soap.png,RECODING,5,2,92562244,11.5216875,120,GODREJ CONSUMER PRODUCTS-INDIA,GODREJ,GODREJ NO.1 BEAUTY SOAP,GODREJ NO.1 BEAUTY SOAP-SANDAL&TURMERIC EWP 58GM+20%,EWRPK,58.000 GM,,,69.6,GM,0.0
179,2022-01-15,202201,130097341,1642142176403,99762987,120,GODREJ CONSUMER PRODUCTS-INDIA,GODREJ NO.1 BEAUTY SOAP,GODREJ NO.1 BEAUTY SOAP-SANDAL TURMERIC/55GM +8 GM,20,EWP,55GM ,,1642142176403-godrej consumer products-india-godrej no-1 beauty soap.png,RECODING,5,3,92562333,11.639012,120,GODREJ CONSUMER PRODUCTS-INDIA,GODREJ,GODREJ NO.1 BEAUTY SOAP,GODREJ NO.1 BEAUTY SOAP-SANDAL&TURMERIC EWP 58GM+25%,EWRPK,58.000 GM,,,72.5,GM,0.0
179,2022-01-15,202201,130097341,1642142176403,99762987,120,GODREJ CONSUMER PRODUCTS-INDIA,GODREJ NO.1 BEAUTY SOAP,GODREJ NO.1 BEAUTY SOAP-SANDAL TURMERIC/55GM +8 GM,20,EWP,55GM ,,1642142176403-godrej consumer products-india-godrej no-1 beauty soap.png,RECODING,5,4,92562073,12.194553,120,GODREJ CONSUMER PRODUCTS-INDIA,GODREJ,GODREJ NO.1 BEAUTY SOAP,GODREJ NO.1 BEAUTY SOAP-SANDAL&TURMERIC EWP 58GM+10%,EWRPK,58.000 GM,,,63.8,GM,0.0
179,2022-01-15,202201,130097341,1642142176403,99762987,120,GODREJ CONSUMER PRODUCTS-INDIA,GODREJ NO.1 BEAUTY SOAP,GODREJ NO.1 BEAUTY SOAP-SANDAL TURMERIC/55GM +8 GM,20,EWP,55GM ,,1642142176403-godrej consumer products-india-godrej no-1 beauty soap.png,RECODING,5,5,99762987,14.816351,120,GODREJ CONSUMER PRODUCTS-INDIA,GODREJ,GODREJ NO.1 BEAUTY SOAP,GODREJ NO.1 BEAUTY SOAP-SANDAL&TURMERIC EWP 63 GM,EWRPK,63.000 GM,,,63.0,GM,20.0
179,2022-01-15,202201,130097341,1642142176403,99762987,120,GODREJ CONSUMER PRODUCTS-INDIA,GODREJ NO.1 BEAUTY SOAP,GODREJ NO.1 BEAUTY SOAP-SANDAL TURMERIC/55GM +8 GM,20,EWP,55GM ,,1642142176403-godrej consumer products-india-godrej no-1 beauty soap.png,RECODING,5,6,99762517,14.97241,120,GODREJ CONSUMER PRODUCTS-INDIA,GODREJ,GODREJ NO.1 BEAUTY SOAP,GODREJ NO.1 BEAUTY SOAP-SANDAL&TURMERIC EWP 75 GM,EWRPK,75.000 GM,,,75.0,GM,22.0
179,2022-01-15,202201,130097341,1642142176403,99762987,120,GODREJ CONSUMER PRODUCTS-INDIA,GODREJ NO.1 BEAUTY SOAP,GODREJ NO.1 BEAUTY SOAP-SANDAL TURMERIC/55GM +8 GM,20,EWP,55GM ,,1642142176403-godrej consumer products-india-godrej no-1 beauty soap.png,RECODING,5,7,99764232,15.330718,120,GODREJ CONSUMER PRODUCTS-INDIA,GODREJ,GODREJ NO.1 BEAUTY SOAP,GODREJ NO.1 BEAUTY SOAP-SANDAL&TURMERIC EWP 61 GM,EWRPK,61.000 GM,,,61.0,GM,20.0
179,2022-01-15,202201,130097341,1642142176403,99762987,120,GODREJ CONSUMER PRODUCTS-INDIA,GODREJ NO.1 BEAUTY SOAP,GODREJ NO.1 BEAUTY SOAP-SANDAL TURMERIC/55GM +8 GM,20,EWP,55GM ,,1642142176403-godrej consumer products-india-godrej no-1 beauty soap.png,RECODING,5,8,92523023,15.401594,120,GODREJ CONSUMER PRODUCTS-INDIA,GODREJ,GODREJ NO.1 BEAUTY SOAP,GODREJ NO.1 BEAUTY SOAP-SANDAL&TURMERIC EWP 60 GM,EWRPK,60.000 GM,,,60.0,GM,0.0
179,2022-01-15,202201,130097341,1642142176403,99762987,120,GODREJ CONSUMER PRODUCTS-INDIA,GODREJ NO.1 BEAUTY SOAP,GODREJ NO.1 BEAUTY SOAP-SANDAL TURMERIC/55GM +8 GM,20,EWP,55GM ,,1642142176403-godrej consumer products-india-godrej no-1 beauty soap.png,RECODING,5,9,99762985,15.582493,120,GODREJ CONSUMER PRODUCTS-INDIA,GODREJ,GODREJ NO.1 BEAUTY SOAP,GODREJ NO.1 BEAUTY SOAP-SANDAL&TURMERIC EWP 45 GM,EWRPK,45.000 GM,,,45.0,GM,30.0
179,2022-01-15,202201,130097341,1642142176403,99762987,120,GODREJ CONSUMER PRODUCTS-INDIA,GODREJ NO.1 BEAUTY SOAP,GODREJ NO.1 BEAUTY SOAP-SANDAL TURMERIC/55GM +8 GM,20,EWP,55GM ,,1642142176403-godrej consumer products-india-godrej no-1 beauty soap.png,RECODING,5,10,52427,15.953086,120,GODREJ CONSUMER PRODUCTS-INDIA,GODREJ,GODREJ NO.1 BEAUTY SOAP,GODREJ NO.1 BEAUTY SOAP-SANDAL TURMERIC EWP 100 GM,EWRPK,100.000 GM,,,100.0,GM,0.0
180,2022-01-15,202201,122043671,1641883305866,,120,GC IMP,PAPAYA WHITENING SOAP,GOLD SPA PAPAYA WHITENING SOAP\135GMS\CBP\RS:120,120,CBP,135GMS,New SKU,1641883305866-gc imp-papaya whitening soap.png,PARKER FOR NEXT MONTH,999,1,92521799,126.05045,120,PRASHNA HERBAL UDHYOG-NP,MAGIC,MAGIC PAPAYA WHITENING SOAP,MAGIC PAPAYA WHITENING SOAP-CBP 130 GM,CDBOX,130.000 GM,,,130.0,GM,0.0
180,2022-01-15,202201,122043671,1641883305866,,120,GC IMP,PAPAYA WHITENING SOAP,GOLD SPA PAPAYA WHITENING SOAP\135GMS\CBP\RS:120,120,CBP,135GMS,New SKU,1641883305866-gc imp-papaya whitening soap.png,PARKER FOR NEXT MONTH,999,2,92521800,131.73212,120,PRASHNA HERBAL UDHYOG-NP,MAGIC,MAGIC PAPAYA WHITENING SOAP,MAGIC PAPAYA WHITENING SOAP-CBP 50 GM,CDBOX,50.000 GM,,,50.0,GM,0.0
180,2022-01-15,202201,122043671,1641883305866,,120,GC IMP,PAPAYA WHITENING SOAP,GOLD SPA PAPAYA WHITENING SOAP\135GMS\CBP\RS:120,120,CBP,135GMS,New SKU,1641883305866-gc imp-papaya whitening soap.png,PARKER FOR NEXT MONTH,999,3,92521654,133.89755,120,UNITED GLOBAL HERBL PVT LTD-NP,UNIQUE,UNIQUE PAPAYA WHITENING SOAP,UNIQUE PAPAYA WHITENING SOAP-CBP 100 GMS,CDBOX,100.000 GM,,,100.0,GM,0.0
180,2022-01-15,202201,122043671,1641883305866,,120,GC IMP,PAPAYA WHITENING SOAP,GOLD SPA PAPAYA WHITENING SOAP\135GMS\CBP\RS:120,120,CBP,135GMS,New SKU,1641883305866-gc imp-papaya whitening soap.png,PARKER FOR NEXT MONTH,999,4,92519792,134.3753,120,RDL PHARMACEUTICAL-INDIA,PAPAYA,PAPAYA WHITENING SOAP,PAPAYA WHITENING SOAP-CBP 135 GMS,CDBOX,135.000 GM,,,135.0,GM,0.0
180,2022-01-15,202201,122043671,1641883305866,,120,GC IMP,PAPAYA WHITENING SOAP,GOLD SPA PAPAYA WHITENING SOAP\135GMS\CBP\RS:120,120,CBP,135GMS,New SKU,1641883305866-gc imp-papaya whitening soap.png,PARKER FOR NEXT MONTH,999,5,49800,135.44266,120,NEPAL HERBAL UDHYOG-NEPAL,PAPAYA,PAPAYA WHITENING SOAP,PAPAYA WHITENING SOAP-CBP 100 GM,CDBOX,100.000 GM,,,100.0,GM,0.0
180,2022-01-15,202201,122043671,1641883305866,,120,GC IMP,PAPAYA WHITENING SOAP,GOLD SPA PAPAYA WHITENING SOAP\135GMS\CBP\RS:120,120,CBP,135GMS,New SKU,1641883305866-gc imp-papaya whitening soap.png,PARKER FOR NEXT MONTH,999,6,92521398,136.49222,120,NATURAL SOAP INDUSTRIES-NEPAL,NATURAL,NATURAL PAPAYA WHITENING SOAP,NATURAL PAPAYA WHITENING SOAP-CBP 130 GMS,CDBOX,130.000 GM,,,130.0,GM,0.0
180,2022-01-15,202201,122043671,1641883305866,,120,GC IMP,PAPAYA WHITENING SOAP,GOLD SPA PAPAYA WHITENING SOAP\135GMS\CBP\RS:120,120,CBP,135GMS,New SKU,1641883305866-gc imp-papaya whitening soap.png,PARKER FOR NEXT MONTH,999,7,92522548,140.31857,120,PROGRESSIVE INTERNATIONAL-NP,FACE GUARD,FACE GUARD PAPAYA WHITENG SOAP,FACE GUARD PAPAYA WHITENG SOAP-CBP 40 G,CDBOX,40.000 GM,,,40.0,GM,0.0
180,2022-01-15,202201,122043671,1641883305866,,120,GC IMP,PAPAYA WHITENING SOAP,GOLD SPA PAPAYA WHITENING SOAP\135GMS\CBP\RS:120,120,CBP,135GMS,New SKU,1641883305866-gc imp-papaya whitening soap.png,PARKER FOR NEXT MONTH,999,8,92521200,141.84386,120,SAYAPATRI HERBAL UDHYOG-NEPAL,SAYAPATRI,SAYAPATRI WHITENING FACE SOAP,SAYAPATRI WHITENING FACE SOAP-PAPAYA CBP 135G,CDBOX,135.000 GM,,,135.0,GM,0.0
180,2022-01-15,202201,122043671,1641883305866,,120,GC IMP,PAPAYA WHITENING SOAP,GOLD SPA PAPAYA WHITENING SOAP\135GMS\CBP\RS:120,120,CBP,135GMS,New SKU,1641883305866-gc imp-papaya whitening soap.png,PARKER FOR NEXT MONTH,999,9,92520922,142.20674,120,RDL PHARMACEUTICAL-INDIA,PAPAYA,PAPAYA WHITENING SOAP,PAPAYA WHITENING SOAP-CBP 25 GMS,CDBOX,25.000 GM,,,25.0,GM,0.0
180,2022-01-15,202201,122043671,1641883305866,,120,GC IMP,PAPAYA WHITENING SOAP,GOLD SPA PAPAYA WHITENING SOAP\135GMS\CBP\RS:120,120,CBP,135GMS,New SKU,1641883305866-gc imp-papaya whitening soap.png,PARKER FOR NEXT MONTH,999,10,99763841,143.38559,120,NATURAL SOAP INDUSTRIES-NEPAL,NATURAL,NATURAL PAPAYA WHITENING SOAP,NATURAL PAPAYA WHITENING SOAP-CBP 100 GM,CDBOX,100.000 GM,,,100.0,GM,120.0
181,2022-01-15,202201,122043671,1641883622965,,110,MADHUR HERBAL INDUSTRIES CHINA,PROMINA ,PROMINA 10 MINUTES HERBAL BLACK HAIR SHAMPOO\5GMS\PPH\RS:35\MADHUR HERBAL INDUSTRIES CHINA,35,PPH,5GMS,,1641883622965-madhur herbal industries china-promina .png,PARKER FOR NEXT MONTH,999,1,51845,184.57867,110,IMPORTED - IMPORTED,DEXY,DEXY,DEXY-BLACK HAIR SHAMPOO PPH 25 ML,PLPCH,25.000 ML,,BLACK,25.0,ML,0.0
181,2022-01-15,202201,122043671,1641883622965,,110,MADHUR HERBAL INDUSTRIES CHINA,PROMINA ,PROMINA 10 MINUTES HERBAL BLACK HAIR SHAMPOO\5GMS\PPH\RS:35\MADHUR HERBAL INDUSTRIES CHINA,35,PPH,5GMS,,1641883622965-madhur herbal industries china-promina .png,PARKER FOR NEXT MONTH,999,2,91927444,185.00969,110,DEXE GROUP LTD-UK,DEXE,DEXE,DEXE-BLACK HAIR SHAMPOO-PPH 25 GM,PLPCH,25.000 GM,,BLACK,25.0,GM,0.0
181,2022-01-15,202201,122043671,1641883622965,,110,MADHUR HERBAL INDUSTRIES CHINA,PROMINA ,PROMINA 10 MINUTES HERBAL BLACK HAIR SHAMPOO\5GMS\PPH\RS:35\MADHUR HERBAL INDUSTRIES CHINA,35,PPH,5GMS,,1641883622965-madhur herbal industries china-promina .png,PARKER FOR NEXT MONTH,999,3,51729,185.26976,110,IMPORTED - IMPORTED,DEXE,DEXE,DEXE-BLACK HAIR SHAMPOO PPH 25 ML,PLPCH,25.000 ML,,BLACK,25.0,ML,0.0
181,2022-01-15,202201,122043671,1641883622965,,110,MADHUR HERBAL INDUSTRIES CHINA,PROMINA ,PROMINA 10 MINUTES HERBAL BLACK HAIR SHAMPOO\5GMS\PPH\RS:35\MADHUR HERBAL INDUSTRIES CHINA,35,PPH,5GMS,,1641883622965-madhur herbal industries china-promina .png,PARKER FOR NEXT MONTH,999,4,46769,186.44286,110,SISO IMPORTER & TRADERS-INDIA,SISO,SISO,SISO-HAIR COLOR SHAMPOO PPH 15 ML,PLPCH,15.000 ML,,BLACK,15.0,ML,0.0
181,2022-01-15,202201,122043671,1641883622965,,110,MADHUR HERBAL INDUSTRIES CHINA,PROMINA ,PROMINA 10 MINUTES HERBAL BLACK HAIR SHAMPOO\5GMS\PPH\RS:35\MADHUR HERBAL INDUSTRIES CHINA,35,PPH,5GMS,,1641883622965-madhur herbal industries china-promina .png,PARKER FOR NEXT MONTH,999,5,53434,195.4527,110,IMPORTED - IMPORTED,OLIVE,OLIVE,OLIVE-BLACK HAIR SHAMPOO PPH 25 ML,PLPCH,25.000 ML,,BLACK,25.0,ML,0.0
181,2022-01-15,202201,122043671,1641883622965,,110,MADHUR HERBAL INDUSTRIES CHINA,PROMINA ,PROMINA 10 MINUTES HERBAL BLACK HAIR SHAMPOO\5GMS\PPH\RS:35\MADHUR HERBAL INDUSTRIES CHINA,35,PPH,5GMS,,1641883622965-madhur herbal industries china-promina .png,PARKER FOR NEXT MONTH,999,6,50484,205.31155,110,DEXE GROUP LTD-UK,DEXE,DEXE,DEXE-BLACK HAIR SHAMPOO CLRNT 200 ML CBP 400 ML,CDBOX,400.000 ML,,BLACK,400.0,ML,0.0
181,2022-01-15,202201,122043671,1641883622965,,110,MADHUR HERBAL INDUSTRIES CHINA,PROMINA ,PROMINA 10 MINUTES HERBAL BLACK HAIR SHAMPOO\5GMS\PPH\RS:35\MADHUR HERBAL INDUSTRIES CHINA,35,PPH,5GMS,,1641883622965-madhur herbal industries china-promina .png,PARKER FOR NEXT MONTH,999,7,99764804,214.18315,110,ROYAL HERBAL PRODUCTS-INDIA,SHAAN,SHAAN,SHAAN-HAIR HENNA NATURAL BROWN PPH 15 GM,PLPCH,15.000 GM,,BROWN,15.0,GM,20.0
181,2022-01-15,202201,122043671,1641883622965,,110,MADHUR HERBAL INDUSTRIES CHINA,PROMINA ,PROMINA 10 MINUTES HERBAL BLACK HAIR SHAMPOO\5GMS\PPH\RS:35\MADHUR HERBAL INDUSTRIES CHINA,35,PPH,5GMS,,1641883622965-madhur herbal industries china-promina .png,PARKER FOR NEXT MONTH,999,8,91927564,217.40727,110,GODREJ CONSUMER PRODUCTS-INDIA,GODREJ,GODREJ NUPUR HENNA,GODREJ NUPUR HENNA-SILKY & SHNY HAIR GOODNESS 9 HERBS-PPH 130G,PLPCH,130.000 GM,,UNSPECIFIED,130.0,GM,0.0
181,2022-01-15,202201,122043671,1641883622965,,110,MADHUR HERBAL INDUSTRIES CHINA,PROMINA ,PROMINA 10 MINUTES HERBAL BLACK HAIR SHAMPOO\5GMS\PPH\RS:35\MADHUR HERBAL INDUSTRIES CHINA,35,PPH,5GMS,,1641883622965-madhur herbal industries china-promina .png,PARKER FOR NEXT MONTH,999,9,52344,218.32892,110,CAVIN KARE LTD - INDIA,INDICA,INDICA 10 MINUTES HERBAL,INDICA 10 MINUTES HERBAL-NTRL BLCK AMLA HENNA HBCUS SCT 5G,PLSCH,5.000 GM,,BLACK,5.0,GM,0.0
181,2022-01-15,202201,122043671,1641883622965,,110,MADHUR HERBAL INDUSTRIES CHINA,PROMINA ,PROMINA 10 MINUTES HERBAL BLACK HAIR SHAMPOO\5GMS\PPH\RS:35\MADHUR HERBAL INDUSTRIES CHINA,35,PPH,5GMS,,1641883622965-madhur herbal industries china-promina .png,PARKER FOR NEXT MONTH,999,10,91927563,220.41266,110,GODREJ CONSUMER PRODUCTS-INDIA,GODREJ,GODREJ NUPUR HENNA,GODREJ NUPUR HENNA-SILKY & SHNY HAIR GOODNESS 9 HERBS-PPH 120G,PLPCH,120.000 GM,,UNSPECIFIED,120.0,GM,0.0
182,2022-01-17,202201,132698584,1642312596727,99762982,118,DEVCHULI BEVERAGE PVT.LTD-NEPAL,AQUA DEVCHULI,AQUA DEVCHULI/1000ML/PBT/DEVCHULI BEVERAGE PVT.LTD-NEPAL,25,PBT,1000ML,,1642312596727-devchuli beverage pvt-ltd-nepal-aqua devchuli.png,RECODING,5,1,99762982,32.137672,118,DEVCHULI BEVERAGE PVT LTD-NEPAL,AQUA DEVCHULI,AQUA DEVCHULI,PET 1000 ML,PET,1000.000 ML,,,1000.0,ML,25.0
182,2022-01-17,202201,132698584,1642312596727,99762982,118,DEVCHULI BEVERAGE PVT.LTD-NEPAL,AQUA DEVCHULI,AQUA DEVCHULI/1000ML/PBT/DEVCHULI BEVERAGE PVT.LTD-NEPAL,25,PBT,1000ML,,1642312596727-devchuli beverage pvt-ltd-nepal-aqua devchuli.png,RECODING,5,2,99765378,106.12105,118,KIRAN BEVERAGE NEPAL PVT LTD-NEPAL,NEPAL NEER,NEPAL NEER,PET 1000 ML,PET,1000.000 ML,,,1000.0,ML,25.0
182,2022-01-17,202201,132698584,1642312596727,99762982,118,DEVCHULI BEVERAGE PVT.LTD-NEPAL,AQUA DEVCHULI,AQUA DEVCHULI/1000ML/PBT/DEVCHULI BEVERAGE PVT.LTD-NEPAL,25,PBT,1000ML,,1642312596727-devchuli beverage pvt-ltd-nepal-aqua devchuli.png,RECODING,5,3,99765245,109.32094,118,L.D WATER & FOOD BEVERAGE-NEPAL,AQUA KAMALAMAI YATRI,AQUA KAMALAMAI YATRI,PET 1000 ML,PET,1000.000 ML,,,1000.0,ML,25.0
182,2022-01-17,202201,132698584,1642312596727,99762982,118,DEVCHULI BEVERAGE PVT.LTD-NEPAL,AQUA DEVCHULI,AQUA DEVCHULI/1000ML/PBT/DEVCHULI BEVERAGE PVT.LTD-NEPAL,25,PBT,1000ML,,1642312596727-devchuli beverage pvt-ltd-nepal-aqua devchuli.png,RECODING,5,4,99765348,109.52638,118,P.S. BEVERAGE PVT. LTD.-NEPAL,DALMIA,DALMIA,PET 1000 ML,PET,1000.000 ML,,,1000.0,ML,20.0
182,2022-01-17,202201,132698584,1642312596727,99762982,118,DEVCHULI BEVERAGE PVT.LTD-NEPAL,AQUA DEVCHULI,AQUA DEVCHULI/1000ML/PBT/DEVCHULI BEVERAGE PVT.LTD-NEPAL,25,PBT,1000ML,,1642312596727-devchuli beverage pvt-ltd-nepal-aqua devchuli.png,RECODING,5,5,99764199,114.21675,118,A & B BEVERAGE INDUSTRIES-NEPAL,AQUA VOLCAN,AQUA VOLCAN,PET 1000 ML,PET,1000.000 ML,,,1000.0,ML,20.0
182,2022-01-17,202201,132698584,1642312596727,99762982,118,DEVCHULI BEVERAGE PVT.LTD-NEPAL,AQUA DEVCHULI,AQUA DEVCHULI/1000ML/PBT/DEVCHULI BEVERAGE PVT.LTD-NEPAL,25,PBT,1000ML,,1642312596727-devchuli beverage pvt-ltd-nepal-aqua devchuli.png,RECODING,5,6,40123684,115.19261,118,A & B BEVERAGE INDUSTRIES-NEPAL,AQUA A & B,AQUA A & B,PET 1000 ML,PET,1000.000 ML,,,1000.0,ML,0.0
182,2022-01-17,202201,132698584,1642312596727,99762982,118,DEVCHULI BEVERAGE PVT.LTD-NEPAL,AQUA DEVCHULI,AQUA DEVCHULI/1000ML/PBT/DEVCHULI BEVERAGE PVT.LTD-NEPAL,25,PBT,1000ML,,1642312596727-devchuli beverage pvt-ltd-nepal-aqua devchuli.png,RECODING,5,7,40124763,116.352844,118,A & B BEVERAGE INDUSTRIES-NEPAL,AQUA HIM SHIKHAR,AQUA HIM SHIKHAR,PET 1000 ML,PET,1000.000 ML,,,1000.0,ML,0.0
182,2022-01-17,202201,132698584,1642312596727,99762982,118,DEVCHULI BEVERAGE PVT.LTD-NEPAL,AQUA DEVCHULI,AQUA DEVCHULI/1000ML/PBT/DEVCHULI BEVERAGE PVT.LTD-NEPAL,25,PBT,1000ML,,1642312596727-devchuli beverage pvt-ltd-nepal-aqua devchuli.png,RECODING,5,8,40123261,117.67443,118,KANCHANJUNGHA BEVERAGE-NEPAL,AQUA KANCHANJUNGA,AQUA KANCHANJUNGA,PET 1000 ML,PET,1000.000 ML,,,1000.0,ML,0.0
182,2022-01-17,202201,132698584,1642312596727,99762982,118,DEVCHULI BEVERAGE PVT.LTD-NEPAL,AQUA DEVCHULI,AQUA DEVCHULI/1000ML/PBT/DEVCHULI BEVERAGE PVT.LTD-NEPAL,25,PBT,1000ML,,1642312596727-devchuli beverage pvt-ltd-nepal-aqua devchuli.png,RECODING,5,9,99763981,118.041565,118,N.B BEVERAGE PVT LTD-NEPAL,AQUA 2N,AQUA 2N,JAR 19000 ML,JAR,19000.000 ML,,,19000.0,ML,50.0
182,2022-01-17,202201,132698584,1642312596727,99762982,118,DEVCHULI BEVERAGE PVT.LTD-NEPAL,AQUA DEVCHULI,AQUA DEVCHULI/1000ML/PBT/DEVCHULI BEVERAGE PVT.LTD-NEPAL,25,PBT,1000ML,,1642312596727-devchuli beverage pvt-ltd-nepal-aqua devchuli.png,RECODING,5,10,52121,119.41599,118,KRITI BEVERAGE INDUSTRIES-NEPAL,AQUA SANJIVANI,AQUA SANJIVANI,PET 1000 ML,PET,1000.000 ML,,,1000.0,ML,0.0
183,2022-01-17,202201,132637763,1642312596727,99762982,118,DEVCHULI BEVERAGE PVT.LTD-NEPAL,AQUA DEVCHULI,AQUA DEVCHULI/1000ML/PBT/DEVCHULI BEVERAGE PVT.LTD-NEPAL,25,PBT,1000ML,Any other reason,1642312596727-devchuli beverage pvt-ltd-nepal-aqua devchuli.png,RECODING,5,1,99762982,32.137672,118,DEVCHULI BEVERAGE PVT LTD-NEPAL,AQUA DEVCHULI,AQUA DEVCHULI,PET 1000 ML,PET,1000.000 ML,,,1000.0,ML,25.0
183,2022-01-17,202201,132637763,1642312596727,99762982,118,DEVCHULI BEVERAGE PVT.LTD-NEPAL,AQUA DEVCHULI,AQUA DEVCHULI/1000ML/PBT/DEVCHULI BEVERAGE PVT.LTD-NEPAL,25,PBT,1000ML,Any other reason,1642312596727-devchuli beverage pvt-ltd-nepal-aqua devchuli.png,RECODING,5,2,99765378,106.12105,118,KIRAN BEVERAGE NEPAL PVT LTD-NEPAL,NEPAL NEER,NEPAL NEER,PET 1000 ML,PET,1000.000 ML,,,1000.0,ML,25.0
183,2022-01-17,202201,132637763,1642312596727,99762982,118,DEVCHULI BEVERAGE PVT.LTD-NEPAL,AQUA DEVCHULI,AQUA DEVCHULI/1000ML/PBT/DEVCHULI BEVERAGE PVT.LTD-NEPAL,25,PBT,1000ML,Any other reason,1642312596727-devchuli beverage pvt-ltd-nepal-aqua devchuli.png,RECODING,5,3,99765245,109.32094,118,L.D WATER & FOOD BEVERAGE-NEPAL,AQUA KAMALAMAI YATRI,AQUA KAMALAMAI YATRI,PET 1000 ML,PET,1000.000 ML,,,1000.0,ML,25.0
183,2022-01-17,202201,132637763,1642312596727,99762982,118,DEVCHULI BEVERAGE PVT.LTD-NEPAL,AQUA DEVCHULI,AQUA DEVCHULI/1000ML/PBT/DEVCHULI BEVERAGE PVT.LTD-NEPAL,25,PBT,1000ML,Any other reason,1642312596727-devchuli beverage pvt-ltd-nepal-aqua devchuli.png,RECODING,5,4,99765348,109.52638,118,P.S. BEVERAGE PVT. LTD.-NEPAL,DALMIA,DALMIA,PET 1000 ML,PET,1000.000 ML,,,1000.0,ML,20.0
183,2022-01-17,202201,132637763,1642312596727,99762982,118,DEVCHULI BEVERAGE PVT.LTD-NEPAL,AQUA DEVCHULI,AQUA DEVCHULI/1000ML/PBT/DEVCHULI BEVERAGE PVT.LTD-NEPAL,25,PBT,1000ML,Any other reason,1642312596727-devchuli beverage pvt-ltd-nepal-aqua devchuli.png,RECODING,5,5,99764199,114.21675,118,A & B BEVERAGE INDUSTRIES-NEPAL,AQUA VOLCAN,AQUA VOLCAN,PET 1000 ML,PET,1000.000 ML,,,1000.0,ML,20.0
183,2022-01-17,202201,132637763,1642312596727,99762982,118,DEVCHULI BEVERAGE PVT.LTD-NEPAL,AQUA DEVCHULI,AQUA DEVCHULI/1000ML/PBT/DEVCHULI BEVERAGE PVT.LTD-NEPAL,25,PBT,1000ML,Any other reason,1642312596727-devchuli beverage pvt-ltd-nepal-aqua devchuli.png,RECODING,5,6,40123684,115.19261,118,A & B BEVERAGE INDUSTRIES-NEPAL,AQUA A & B,AQUA A & B,PET 1000 ML,PET,1000.000 ML,,,1000.0,ML,0.0
183,2022-01-17,202201,132637763,1642312596727,99762982,118,DEVCHULI BEVERAGE PVT.LTD-NEPAL,AQUA DEVCHULI,AQUA DEVCHULI/1000ML/PBT/DEVCHULI BEVERAGE PVT.LTD-NEPAL,25,PBT,1000ML,Any other reason,1642312596727-devchuli beverage pvt-ltd-nepal-aqua devchuli.png,RECODING,5,7,40124763,116.352844,118,A & B BEVERAGE INDUSTRIES-NEPAL,AQUA HIM SHIKHAR,AQUA HIM SHIKHAR,PET 1000 ML,PET,1000.000 ML,,,1000.0,ML,0.0
183,2022-01-17,202201,132637763,1642312596727,99762982,118,DEVCHULI BEVERAGE PVT.LTD-NEPAL,AQUA DEVCHULI,AQUA DEVCHULI/1000ML/PBT/DEVCHULI BEVERAGE PVT.LTD-NEPAL,25,PBT,1000ML,Any other reason,1642312596727-devchuli beverage pvt-ltd-nepal-aqua devchuli.png,RECODING,5,8,40123261,117.67443,118,KANCHANJUNGHA BEVERAGE-NEPAL,AQUA KANCHANJUNGA,AQUA KANCHANJUNGA,PET 1000 ML,PET,1000.000 ML,,,1000.0,ML,0.0
183,2022-01-17,202201,132637763,1642312596727,99762982,118,DEVCHULI BEVERAGE PVT.LTD-NEPAL,AQUA DEVCHULI,AQUA DEVCHULI/1000ML/PBT/DEVCHULI BEVERAGE PVT.LTD-NEPAL,25,PBT,1000ML,Any other reason,1642312596727-devchuli beverage pvt-ltd-nepal-aqua devchuli.png,RECODING,5,9,99763981,118.041565,118,N.B BEVERAGE PVT LTD-NEPAL,AQUA 2N,AQUA 2N,JAR 19000 ML,JAR,19000.000 ML,,,19000.0,ML,50.0
183,2022-01-17,202201,132637763,1642312596727,99762982,118,DEVCHULI BEVERAGE PVT.LTD-NEPAL,AQUA DEVCHULI,AQUA DEVCHULI/1000ML/PBT/DEVCHULI BEVERAGE PVT.LTD-NEPAL,25,PBT,1000ML,Any other reason,1642312596727-devchuli beverage pvt-ltd-nepal-aqua devchuli.png,RECODING,5,10,52121,119.41599,118,KRITI BEVERAGE INDUSTRIES-NEPAL,AQUA SANJIVANI,AQUA SANJIVANI,PET 1000 ML,PET,1000.000 ML,,,1000.0,ML,0.0
184,2022-01-17,202201,132901006,1642312596727,99762982,118,DEVCHULI BEVERAGE PVT.LTD-NEPAL,AQUA DEVCHULI,AQUA DEVCHULI/1000ML/PBT/DEVCHULI BEVERAGE PVT.LTD-NEPAL,25,PBT,1000ML,,1642312596727-devchuli beverage pvt-ltd-nepal-aqua devchuli.png,RECODING,5,1,99762982,32.137672,118,DEVCHULI BEVERAGE PVT LTD-NEPAL,AQUA DEVCHULI,AQUA DEVCHULI,PET 1000 ML,PET,1000.000 ML,,,1000.0,ML,25.0
184,2022-01-17,202201,132901006,1642312596727,99762982,118,DEVCHULI BEVERAGE PVT.LTD-NEPAL,AQUA DEVCHULI,AQUA DEVCHULI/1000ML/PBT/DEVCHULI BEVERAGE PVT.LTD-NEPAL,25,PBT,1000ML,,1642312596727-devchuli beverage pvt-ltd-nepal-aqua devchuli.png,RECODING,5,2,99765378,106.12105,118,KIRAN BEVERAGE NEPAL PVT LTD-NEPAL,NEPAL NEER,NEPAL NEER,PET 1000 ML,PET,1000.000 ML,,,1000.0,ML,25.0
184,2022-01-17,202201,132901006,1642312596727,99762982,118,DEVCHULI BEVERAGE PVT.LTD-NEPAL,AQUA DEVCHULI,AQUA DEVCHULI/1000ML/PBT/DEVCHULI BEVERAGE PVT.LTD-NEPAL,25,PBT,1000ML,,1642312596727-devchuli beverage pvt-ltd-nepal-aqua devchuli.png,RECODING,5,3,99765245,109.32094,118,L.D WATER & FOOD BEVERAGE-NEPAL,AQUA KAMALAMAI YATRI,AQUA KAMALAMAI YATRI,PET 1000 ML,PET,1000.000 ML,,,1000.0,ML,25.0
184,2022-01-17,202201,132901006,1642312596727,99762982,118,DEVCHULI BEVERAGE PVT.LTD-NEPAL,AQUA DEVCHULI,AQUA DEVCHULI/1000ML/PBT/DEVCHULI BEVERAGE PVT.LTD-NEPAL,25,PBT,1000ML,,1642312596727-devchuli beverage pvt-ltd-nepal-aqua devchuli.png,RECODING,5,4,99765348,109.52638,118,P.S. BEVERAGE PVT. LTD.-NEPAL,DALMIA,DALMIA,PET 1000 ML,PET,1000.000 ML,,,1000.0,ML,20.0
184,2022-01-17,202201,132901006,1642312596727,99762982,118,DEVCHULI BEVERAGE PVT.LTD-NEPAL,AQUA DEVCHULI,AQUA DEVCHULI/1000ML/PBT/DEVCHULI BEVERAGE PVT.LTD-NEPAL,25,PBT,1000ML,,1642312596727-devchuli beverage pvt-ltd-nepal-aqua devchuli.png,RECODING,5,5,99764199,114.21675,118,A & B BEVERAGE INDUSTRIES-NEPAL,AQUA VOLCAN,AQUA VOLCAN,PET 1000 ML,PET,1000.000 ML,,,1000.0,ML,20.0
184,2022-01-17,202201,132901006,1642312596727,99762982,118,DEVCHULI BEVERAGE PVT.LTD-NEPAL,AQUA DEVCHULI,AQUA DEVCHULI/1000ML/PBT/DEVCHULI BEVERAGE PVT.LTD-NEPAL,25,PBT,1000ML,,1642312596727-devchuli beverage pvt-ltd-nepal-aqua devchuli.png,RECODING,5,6,40123684,115.19261,118,A & B BEVERAGE INDUSTRIES-NEPAL,AQUA A & B,AQUA A & B,PET 1000 ML,PET,1000.000 ML,,,1000.0,ML,0.0
184,2022-01-17,202201,132901006,1642312596727,99762982,118,DEVCHULI BEVERAGE PVT.LTD-NEPAL,AQUA DEVCHULI,AQUA DEVCHULI/1000ML/PBT/DEVCHULI BEVERAGE PVT.LTD-NEPAL,25,PBT,1000ML,,1642312596727-devchuli beverage pvt-ltd-nepal-aqua devchuli.png,RECODING,5,7,40124763,116.352844,118,A & B BEVERAGE INDUSTRIES-NEPAL,AQUA HIM SHIKHAR,AQUA HIM SHIKHAR,PET 1000 ML,PET,1000.000 ML,,,1000.0,ML,0.0
184,2022-01-17,202201,132901006,1642312596727,99762982,118,DEVCHULI BEVERAGE PVT.LTD-NEPAL,AQUA DEVCHULI,AQUA DEVCHULI/1000ML/PBT/DEVCHULI BEVERAGE PVT.LTD-NEPAL,25,PBT,1000ML,,1642312596727-devchuli beverage pvt-ltd-nepal-aqua devchuli.png,RECODING,5,8,40123261,117.67443,118,KANCHANJUNGHA BEVERAGE-NEPAL,AQUA KANCHANJUNGA,AQUA KANCHANJUNGA,PET 1000 ML,PET,1000.000 ML,,,1000.0,ML,0.0
184,2022-01-17,202201,132901006,1642312596727,99762982,118,DEVCHULI BEVERAGE PVT.LTD-NEPAL,AQUA DEVCHULI,AQUA DEVCHULI/1000ML/PBT/DEVCHULI BEVERAGE PVT.LTD-NEPAL,25,PBT,1000ML,,1642312596727-devchuli beverage pvt-ltd-nepal-aqua devchuli.png,RECODING,5,9,99763981,118.041565,118,N.B BEVERAGE PVT LTD-NEPAL,AQUA 2N,AQUA 2N,JAR 19000 ML,JAR,19000.000 ML,,,19000.0,ML,50.0
184,2022-01-17,202201,132901006,1642312596727,99762982,118,DEVCHULI BEVERAGE PVT.LTD-NEPAL,AQUA DEVCHULI,AQUA DEVCHULI/1000ML/PBT/DEVCHULI BEVERAGE PVT.LTD-NEPAL,25,PBT,1000ML,,1642312596727-devchuli beverage pvt-ltd-nepal-aqua devchuli.png,RECODING,5,10,52121,119.41599,118,KRITI BEVERAGE INDUSTRIES-NEPAL,AQUA SANJIVANI,AQUA SANJIVANI,PET 1000 ML,PET,1000.000 ML,,,1000.0,ML,0.0
185,2022-01-17,202201,212582710074,1642324778472,99763002,123,HIMGIRI HYGIENE PVT LTD-NEPAL,SHAKTI 250,SHAKTI \250\GM,40,EWP,250 GM,New SKU,1642324778472-himgiri hygiene pvt ltd-nepal-shakti 250.png,RECODING,5,1,99763002,36.826393,123,HIMGIRI HYGIENE PVT LTD-NEPAL,SHAKTI,SHAKTI,SHAKTI-PPH 250 GM,PLPCH,250.000 GM,,,250.0,GM,40.0
185,2022-01-17,202201,212582710074,1642324778472,99763002,123,HIMGIRI HYGIENE PVT LTD-NEPAL,SHAKTI 250,SHAKTI \250\GM,40,EWP,250 GM,New SKU,1642324778472-himgiri hygiene pvt ltd-nepal-shakti 250.png,RECODING,5,2,99763554,46.51217,123,HIMGIRI HYGIENE PVT LTD-NEPAL,SHAKTI,SHAKTI,SHAKTI-PPH 200 GM,PLPCH,200.000 GM,,,200.0,GM,40.0
185,2022-01-17,202201,212582710074,1642324778472,99763002,123,HIMGIRI HYGIENE PVT LTD-NEPAL,SHAKTI 250,SHAKTI \250\GM,40,EWP,250 GM,New SKU,1642324778472-himgiri hygiene pvt ltd-nepal-shakti 250.png,RECODING,5,3,99763552,48.176353,123,HIMGIRI HYGIENE PVT LTD-NEPAL,SHAKTI,SHAKTI,SHAKTI-PPH 100 GM,PLPCH,100.000 GM,,,100.0,GM,20.0
185,2022-01-17,202201,212582710074,1642324778472,99763002,123,HIMGIRI HYGIENE PVT LTD-NEPAL,SHAKTI 250,SHAKTI \250\GM,40,EWP,250 GM,New SKU,1642324778472-himgiri hygiene pvt ltd-nepal-shakti 250.png,RECODING,5,4,99763553,49.545364,123,HIMGIRI HYGIENE PVT LTD-NEPAL,SHAKTI,SHAKTI,SHAKTI-PPH 150 GM,PLPCH,150.000 GM,,,150.0,GM,30.0
185,2022-01-17,202201,212582710074,1642324778472,99763002,123,HIMGIRI HYGIENE PVT LTD-NEPAL,SHAKTI 250,SHAKTI \250\GM,40,EWP,250 GM,New SKU,1642324778472-himgiri hygiene pvt ltd-nepal-shakti 250.png,RECODING,5,5,99763506,77.41948,123,HIMGIRI HYGIENE PVT LTD-NEPAL,SHOVA,SHOVA,SHOVA-PPH 300 GM,PLPCH,300.000 GM,,,300.0,GM,50.0
185,2022-01-17,202201,212582710074,1642324778472,99763002,123,HIMGIRI HYGIENE PVT LTD-NEPAL,SHAKTI 250,SHAKTI \250\GM,40,EWP,250 GM,New SKU,1642324778472-himgiri hygiene pvt ltd-nepal-shakti 250.png,RECODING,5,6,99763248,80.507065,123,HIMGIRI HYGIENE PVT LTD-NEPAL,SHOVA,SHOVA,SHOVA-PPH 125 GM,PLPCH,125.000 GM,,,125.0,GM,20.0
185,2022-01-17,202201,212582710074,1642324778472,99763002,123,HIMGIRI HYGIENE PVT LTD-NEPAL,SHAKTI 250,SHAKTI \250\GM,40,EWP,250 GM,New SKU,1642324778472-himgiri hygiene pvt ltd-nepal-shakti 250.png,RECODING,5,7,99763163,81.696754,123,HIMGIRI HYGIENE PVT LTD-NEPAL,SHOVA,SHOVA,SHOVA-PPH 200 GM,PLPCH,200.000 GM,,,200.0,GM,40.0
185,2022-01-17,202201,212582710074,1642324778472,99763002,123,HIMGIRI HYGIENE PVT LTD-NEPAL,SHAKTI 250,SHAKTI \250\GM,40,EWP,250 GM,New SKU,1642324778472-himgiri hygiene pvt ltd-nepal-shakti 250.png,RECODING,5,8,92920662,83.13609,123,HIMGIRI SOAP & CHEMICALS-NEPAL,SHAKTI,SHAKTI,SHAKTI-EWP 150 GMS,EWRPK,150.000 GM,,,150.0,GM,0.0
185,2022-01-17,202201,212582710074,1642324778472,99763002,123,HIMGIRI HYGIENE PVT LTD-NEPAL,SHAKTI 250,SHAKTI \250\GM,40,EWP,250 GM,New SKU,1642324778472-himgiri hygiene pvt ltd-nepal-shakti 250.png,RECODING,5,9,92919981,83.52871,123,HIMGIRI SOAP & CHEMICALS-NEPAL,SHAKTI,SHAKTI,SHAKTI-EWP 160 GMS,EWRPK,160.000 GM,,,160.0,GM,0.0
185,2022-01-17,202201,212582710074,1642324778472,99763002,123,HIMGIRI HYGIENE PVT LTD-NEPAL,SHAKTI 250,SHAKTI \250\GM,40,EWP,250 GM,New SKU,1642324778472-himgiri hygiene pvt ltd-nepal-shakti 250.png,RECODING,5,10,92919980,85.65367,123,HIMGIRI SOAP & CHEMICALS-NEPAL,SHAKTI,SHAKTI,SHAKTI-EWP 100 GMS,EWRPK,100.000 GM,,,100.0,GM,0.0
186,2022-01-17,202201,212582710074,1642326670876,99762978,112,RIGHT INT'L TRADERS,FABVITA,FABVITA REGULAR MALT FOOD\500\GM,400,500 GM,PPH,New SKU,1642326670876-right int-l traders-fabvita.png,RECODING,5,1,99762978,158.62589,112,RIGHT INTERNATIONAL TRADERS-NEPAL,FABVITA,FABVITA,FABVITA-REGULAR PCN 500 GM,PLJAR,500.000 GM,,,500.0,GM,300.0
186,2022-01-17,202201,212582710074,1642326670876,99762978,112,RIGHT INT'L TRADERS,FABVITA,FABVITA REGULAR MALT FOOD\500\GM,400,500 GM,PPH,New SKU,1642326670876-right int-l traders-fabvita.png,RECODING,5,2,54840,192.1213,112,INSTANT MEAL PVT LTD-NP,MALTOZING,MALTOZING,MALTOZING-MALT DELIGHT PCN 500 GM,PLJAR,500.000 GM,,,500.0,GM,0.0
186,2022-01-17,202201,212582710074,1642326670876,99762978,112,RIGHT INT'L TRADERS,FABVITA,FABVITA REGULAR MALT FOOD\500\GM,400,500 GM,PPH,New SKU,1642326670876-right int-l traders-fabvita.png,RECODING,5,3,51197,193.02902,112,MONDELEZ INDIA PVT LTD -INDIA,BOURNVITA,BOURNVITA,BOURNVITA-TN SKTI MN SHKT PCN 500 GM+75G PPH FRE,PLJAR,500.000 GM,,,500.0,GM,0.0
186,2022-01-17,202201,212582710074,1642326670876,99762978,112,RIGHT INT'L TRADERS,FABVITA,FABVITA REGULAR MALT FOOD\500\GM,400,500 GM,PPH,New SKU,1642326670876-right int-l traders-fabvita.png,RECODING,5,4,91426679,203.28778,112,GOODRICH MALT-INDIA,MALTO RICH,MALTO RICH,MALTO RICH- ROYAL MALT PCN 500 GMS,PLJAR,500.000 GM,,,500.0,GM,0.0
186,2022-01-17,202201,212582710074,1642326670876,99762978,112,RIGHT INT'L TRADERS,FABVITA,FABVITA REGULAR MALT FOOD\500\GM,400,500 GM,PPH,New SKU,1642326670876-right int-l traders-fabvita.png,RECODING,5,5,50923,207.61708,112,MONDELEZ INDIA PVT LTD -INDIA,BOURNVITA,BOURNVITA,BOURNVITA-TN KI SKTI MN SHKT PCN 500 GM,PLJAR,500.000 GM,,,500.0,GM,0.0
186,2022-01-17,202201,212582710074,1642326670876,99762978,112,RIGHT INT'L TRADERS,FABVITA,FABVITA REGULAR MALT FOOD\500\GM,400,500 GM,PPH,New SKU,1642326670876-right int-l traders-fabvita.png,RECODING,5,6,50322,208.40556,112,MONDELEZ INDIA PVT LTD -INDIA,BOURNVITA,BOURNVITA,BOURNVITA-CHOC PPH 500G+75GM BOURNVITA SACHET FR,PLPCH,500.000 GM,,,500.0,GM,0.0
186,2022-01-17,202201,212582710074,1642326670876,99762978,112,RIGHT INT'L TRADERS,FABVITA,FABVITA REGULAR MALT FOOD\500\GM,400,500 GM,PPH,New SKU,1642326670876-right int-l traders-fabvita.png,RECODING,5,7,51061,208.6128,112,MONDELEZ INDIA PVT LTD -INDIA,BOURNVITA,BOURNVITA,BOURNVITA-INNER STRENGTH PPH 75 GM+RS3.2,PLPCH,75.000 GM,,,75.0,GM,0.0
186,2022-01-17,202201,212582710074,1642326670876,99762978,112,RIGHT INT'L TRADERS,FABVITA,FABVITA REGULAR MALT FOOD\500\GM,400,500 GM,PPH,New SKU,1642326670876-right int-l traders-fabvita.png,RECODING,5,8,52276,209.09885,112,GOODRICH MALT-INDIA,MALTOZING,MALTOZING,MALTOZING-CHOCO DELIGHT PCN 500 GM,PLJAR,500.000 GM,,,500.0,GM,0.0
186,2022-01-17,202201,212582710074,1642326670876,99762978,112,RIGHT INT'L TRADERS,FABVITA,FABVITA REGULAR MALT FOOD\500\GM,400,500 GM,PPH,New SKU,1642326670876-right int-l traders-fabvita.png,RECODING,5,9,91460257,209.71051,112,MONDELEZ INDIA PVT LTD -INDIA,BOURNVITA,BOURNVITA,BOURNVITA-CHOC PCN 500G+FLYNGCOMBTCHOPER,PLJAR,500.000 GM,,,500.0,GM,0.0
186,2022-01-17,202201,212582710074,1642326670876,99762978,112,RIGHT INT'L TRADERS,FABVITA,FABVITA REGULAR MALT FOOD\500\GM,400,500 GM,PPH,New SKU,1642326670876-right int-l traders-fabvita.png,RECODING,5,10,50939,212.01836,112,GOODRICH MALT-INDIA,MALTOZING,MALTOZING,MALTOZING-MALT DELIGHT PCN 500 GM,PLJAR,500.000 GM,,,500.0,GM,0.0
187,2022-01-17,202201,118307186,1642231337313,,123,GOPAL N PRODUCT-NEPAL,V SERIES,V SERIES PPH (150 GM * 12 ),360,PPH,150 GM *12,,1642231337313-gopal n product-nepal-v series.png,PARKER FOR NEXT MONTH,999,1,99763645,25.156906,123,GOPAL N PRODUCT-NEPAL,V SERIES,V SERIES PLUS,V SERIES PLUS-PPH 200 GM,PLPCH,200.000 GM,,,200.0,GM,40.0
187,2022-01-17,202201,118307186,1642231337313,,123,GOPAL N PRODUCT-NEPAL,V SERIES,V SERIES PPH (150 GM * 12 ),360,PPH,150 GM *12,,1642231337313-gopal n product-nepal-v series.png,PARKER FOR NEXT MONTH,999,2,99762783,39.699875,123,GOPAL N PRODUCT-NEPAL,V SERIES,V SERIES XPERT,V SERIES XPERT-PPH 200 GM,PLPCH,200.000 GM,,,200.0,GM,40.0
187,2022-01-17,202201,118307186,1642231337313,,123,GOPAL N PRODUCT-NEPAL,V SERIES,V SERIES PPH (150 GM * 12 ),360,PPH,150 GM *12,,1642231337313-gopal n product-nepal-v series.png,PARKER FOR NEXT MONTH,999,3,51129,44.13907,123,GOPAL N PRODUCT-NEPAL,V SERIES,V SERIES XPERT,V SERIES XPERT-PPH 220 GM,PLPCH,220.000 GM,,,220.0,GM,0.0
187,2022-01-17,202201,118307186,1642231337313,,123,GOPAL N PRODUCT-NEPAL,V SERIES,V SERIES PPH (150 GM * 12 ),360,PPH,150 GM *12,,1642231337313-gopal n product-nepal-v series.png,PARKER FOR NEXT MONTH,999,4,99763965,45.783134,123,GOPAL N PRODUCT-NEPAL,V SERIES,V SERIES,V SERIES-EXTRA WHITENER PPH 150 GM,PLPCH,150.000 GM,,,150.0,GM,30.0
187,2022-01-17,202201,118307186,1642231337313,,123,GOPAL N PRODUCT-NEPAL,V SERIES,V SERIES PPH (150 GM * 12 ),360,PPH,150 GM *12,,1642231337313-gopal n product-nepal-v series.png,PARKER FOR NEXT MONTH,999,5,99763763,50.311466,123,GOPAL N PRODUCT-NEPAL,V SERIES,V SERIES,V SERIES-EXTRA WHITENER PPH 200 GM,PLPCH,200.000 GM,,,200.0,GM,45.0
187,2022-01-17,202201,118307186,1642231337313,,123,GOPAL N PRODUCT-NEPAL,V SERIES,V SERIES PPH (150 GM * 12 ),360,PPH,150 GM *12,,1642231337313-gopal n product-nepal-v series.png,PARKER FOR NEXT MONTH,999,6,99763282,50.614502,123,GOPAL N PRODUCT-NEPAL,V SERIES,V SERIES,V SERIES-EXTRA WHITENER PPH 100 GM,PLPCH,100.000 GM,,,100.0,GM,20.0
187,2022-01-17,202201,118307186,1642231337313,,123,GOPAL N PRODUCT-NEPAL,V SERIES,V SERIES PPH (150 GM * 12 ),360,PPH,150 GM *12,,1642231337313-gopal n product-nepal-v series.png,PARKER FOR NEXT MONTH,999,7,99764226,71.118546,123,GOPAL N PRODUCT-NEPAL,V SERIES,V SERIES XPERT,V SERIES XPERT-LEMON & WOOD ASH PPH 60 GM+15 GM FREE,PLPCH,60.000 GM,,,75.0,GM,10.0
187,2022-01-17,202201,118307186,1642231337313,,123,GOPAL N PRODUCT-NEPAL,V SERIES,V SERIES PPH (150 GM * 12 ),360,PPH,150 GM *12,,1642231337313-gopal n product-nepal-v series.png,PARKER FOR NEXT MONTH,999,8,99763418,72.44482,123,GOPAL N PRODUCT-NEPAL,V SERIES,V SERIES XPERT,V SERIES XPERT-LEMON & WOOD ASH PPH 75 GM+15 GM FREE,PLPCH,75.000 GM,,,90.0,GM,10.0
187,2022-01-17,202201,118307186,1642231337313,,123,GOPAL N PRODUCT-NEPAL,V SERIES,V SERIES PPH (150 GM * 12 ),360,PPH,150 GM *12,,1642231337313-gopal n product-nepal-v series.png,PARKER FOR NEXT MONTH,999,9,99763235,75.05052,123,GOPAL N PRODUCT-NEPAL,V SERIES,V SERIES XPERT,V SERIES XPERT-LEMON & WOOD ASH PPH 170 GM+30 GM FREE,PLPCH,170.000 GM,,,200.0,GM,20.0
187,2022-01-17,202201,118307186,1642231337313,,123,GOPAL N PRODUCT-NEPAL,V SERIES,V SERIES PPH (150 GM * 12 ),360,PPH,150 GM *12,,1642231337313-gopal n product-nepal-v series.png,PARKER FOR NEXT MONTH,999,10,99763111,75.305176,123,GOPAL N PRODUCT-NEPAL,V SERIES,V SERIES XPERT,V SERIES XPERT-LEMON & WOOD ASH PPH 85 GM+15 GM FREE,PLPCH,85.000 GM,,,100.0,GM,10.0
188,2022-01-17,202201,118307186,1642230427930,99762990,122,HIMGIRI HYGIENE PVT LTD-NEPAL,DHONI ULTRA,DHONI ULTRA PPH 750 GM,110,PPH,750 GM,,1642230427930-himgiri hygiene pvt ltd-nepal-dhoni ultra.png,RECODING,5,1,99763160,14.042173,122,HIMGIRI HYGIENE PVT LTD-NEPAL,DHONI,DHONI ULTRA,DHONI ULTRA-PPH 500 GM,PLPCH,500.000 GM,,,500.0,GM,75.0
188,2022-01-17,202201,118307186,1642230427930,99762990,122,HIMGIRI HYGIENE PVT LTD-NEPAL,DHONI ULTRA,DHONI ULTRA PPH 750 GM,110,PPH,750 GM,,1642230427930-himgiri hygiene pvt ltd-nepal-dhoni ultra.png,RECODING,5,2,99764468,39.60994,122,HIMGIRI HYGIENE PVT LTD-NEPAL,DHONI,DHONI,DHONI-ULTRA CONCENTRATED DET.POWDER PPH 700 GM,PLPCH,700.000 GM,,,700.0,GM,110.0
188,2022-01-17,202201,118307186,1642230427930,99762990,122,HIMGIRI HYGIENE PVT LTD-NEPAL,DHONI ULTRA,DHONI ULTRA PPH 750 GM,110,PPH,750 GM,,1642230427930-himgiri hygiene pvt ltd-nepal-dhoni ultra.png,RECODING,5,3,99763783,63.50615,122,HIMGIRI HYGIENE PVT LTD-NEPAL,DHONI,DHONI HERBAL,DHONI HERBAL-DETERGENT POWDER PPH 1500 GM,PLPCH,1500.000 GM,,,1500.0,GM,190.0
188,2022-01-17,202201,118307186,1642230427930,99762990,122,HIMGIRI HYGIENE PVT LTD-NEPAL,DHONI ULTRA,DHONI ULTRA PPH 750 GM,110,PPH,750 GM,,1642230427930-himgiri hygiene pvt ltd-nepal-dhoni ultra.png,RECODING,5,4,99762990,66.365944,122,HIMGIRI HYGIENE PVT LTD-NEPAL,DHONI,DHONI ULTRA,DHONI ULTRA-PPH 750 GM+DHONI DISWAS BAR WORTH RS.10,PLPCH,750.000 GM,,,750.0,GM,110.0
188,2022-01-17,202201,118307186,1642230427930,99762990,122,HIMGIRI HYGIENE PVT LTD-NEPAL,DHONI ULTRA,DHONI ULTRA PPH 750 GM,110,PPH,750 GM,,1642230427930-himgiri hygiene pvt ltd-nepal-dhoni ultra.png,RECODING,5,5,46664,72.97756,122,HIMGIRI SOAP & CHEMICALS-NEPAL,DHONI,DHONI ULTRA,DHONI ULTRA- PPH 400 GM,PLPCH,400.000 GM,,,400.0,GM,0.0
188,2022-01-17,202201,118307186,1642230427930,99762990,122,HIMGIRI HYGIENE PVT LTD-NEPAL,DHONI ULTRA,DHONI ULTRA PPH 750 GM,110,PPH,750 GM,,1642230427930-himgiri hygiene pvt ltd-nepal-dhoni ultra.png,RECODING,5,6,93027441,74.02835,122,HIMGIRI SOAP & CHEMICALS-NEPAL,DHONI,DHONI ULTRA,DHONI ULTRA- PPH 800 GM,PLPCH,800.000 GM,,,800.0,GM,0.0
188,2022-01-17,202201,118307186,1642230427930,99762990,122,HIMGIRI HYGIENE PVT LTD-NEPAL,DHONI ULTRA,DHONI ULTRA PPH 750 GM,110,PPH,750 GM,,1642230427930-himgiri hygiene pvt ltd-nepal-dhoni ultra.png,RECODING,5,7,50870,74.9577,122,HIMGIRI SOAP & CHEMICALS-NEPAL,DHONI,DHONI ULTRA,DHONI ULTRA-PPH 3000 GM,PLPCH,3000.000 GM,,,3000.0,GM,0.0
188,2022-01-17,202201,118307186,1642230427930,99762990,122,HIMGIRI HYGIENE PVT LTD-NEPAL,DHONI ULTRA,DHONI ULTRA PPH 750 GM,110,PPH,750 GM,,1642230427930-himgiri hygiene pvt ltd-nepal-dhoni ultra.png,RECODING,5,8,50871,84.406876,122,HIMGIRI SOAP & CHEMICALS-NEPAL,DHONI,DHONI ULTRA,DHONI ULTRA-DETERGENT POWDER PPH 3000 GM,PLPCH,3000.000 GM,,,3000.0,GM,0.0
188,2022-01-17,202201,118307186,1642230427930,99762990,122,HIMGIRI HYGIENE PVT LTD-NEPAL,DHONI ULTRA,DHONI ULTRA PPH 750 GM,110,PPH,750 GM,,1642230427930-himgiri hygiene pvt ltd-nepal-dhoni ultra.png,RECODING,5,9,93020576,84.725395,122,HIMGIRI SOAP & CHEMICALS-NEPAL,DHONI,DHONI,DHONI- PPH 400 GMS,PLPCH,400.000 GM,,,400.0,GM,0.0
188,2022-01-17,202201,118307186,1642230427930,99762990,122,HIMGIRI HYGIENE PVT LTD-NEPAL,DHONI ULTRA,DHONI ULTRA PPH 750 GM,110,PPH,750 GM,,1642230427930-himgiri hygiene pvt ltd-nepal-dhoni ultra.png,RECODING,5,10,93062486,85.54819,122,HIMGIRI SOAP & CHEMICALS-NEPAL,DHONI,DHONI ULTRA,DHONI ULTRA- PPH 800 GM+95GM DHONI ORANGE SOAP,PLPCH,800.000 GM,,,800.0,GM,0.0
189,2022-01-17,202201,118032998,1642230635862,99762868,123,SUNLIGHT SABUN UDHYOG-NEPAL,BHAIRAV GOLD,BHAIRAV GOLD PPH 200 GM ,40,PPH,200 GM ,,1642230635862-sunlight sabun udhyog-nepal-bhairav gold.png,RECODING,5,1,99763060,16.615025,123,SUNLIGHT SABUN UDHYOG-NEPAL,BHAIRAV,BHAIRAV GOLD,BHAIRAV GOLD-PPH 200 GM+10% EXTRA,PLPCH,200.000 GM,,,220.0,GM,40.0
189,2022-01-17,202201,118032998,1642230635862,99762868,123,SUNLIGHT SABUN UDHYOG-NEPAL,BHAIRAV GOLD,BHAIRAV GOLD PPH 200 GM ,40,PPH,200 GM ,,1642230635862-sunlight sabun udhyog-nepal-bhairav gold.png,RECODING,5,2,99764310,18.343788,123,SUNLIGHT SABUN UDHYOG-NEPAL,BHAIRAV,BHAIRAV GOLD,BHAIRAV GOLD-PPH 100 GM,PLPCH,100.000 GM,,,100.0,GM,20.0
189,2022-01-17,202201,118032998,1642230635862,99762868,123,SUNLIGHT SABUN UDHYOG-NEPAL,BHAIRAV GOLD,BHAIRAV GOLD PPH 200 GM ,40,PPH,200 GM ,,1642230635862-sunlight sabun udhyog-nepal-bhairav gold.png,RECODING,5,3,99762868,45.387146,123,SUNLIGHT SABUN UDHYOG-NEPAL,BHAIRAV,BHAIRAV GOLD,BHAIRAV GOLD-NEEM & LEMON PPH 200 GM+10% EXT,PLPCH,200.000 GM,,,220.0,GM,40.0
189,2022-01-17,202201,118032998,1642230635862,99762868,123,SUNLIGHT SABUN UDHYOG-NEPAL,BHAIRAV GOLD,BHAIRAV GOLD PPH 200 GM ,40,PPH,200 GM ,,1642230635862-sunlight sabun udhyog-nepal-bhairav gold.png,RECODING,5,4,54039,68.33128,123,SUNLIGHT SABUN UDHYOG-NEPAL,BIHANI,BIHANI GOLD,BIHANI GOLD-NEEM LMN PPH 182 GM+10% EX[18G],PLPCH,182.000 GM,,,200.0,GM,0.0
189,2022-01-17,202201,118032998,1642230635862,99762868,123,SUNLIGHT SABUN UDHYOG-NEPAL,BHAIRAV GOLD,BHAIRAV GOLD PPH 200 GM ,40,PPH,200 GM ,,1642230635862-sunlight sabun udhyog-nepal-bhairav gold.png,RECODING,5,5,54693,112.74414,123,SWADESHI SABUN UDHYOG-NEPAL,AAHA,AAHA,AAHA-PPH 200 GM+10 GM FR,PLPCH,200.000 GM,,,210.0,GM,0.0
189,2022-01-17,202201,118032998,1642230635862,99762868,123,SUNLIGHT SABUN UDHYOG-NEPAL,BHAIRAV GOLD,BHAIRAV GOLD PPH 200 GM ,40,PPH,200 GM ,,1642230635862-sunlight sabun udhyog-nepal-bhairav gold.png,RECODING,5,6,47669,112.90509,123,SUNLIGHT SABUN UDHYOG-NEPAL,BIHANI,BIHANI,BIHANI-UNWRP 250 GM,UNWRP,250.000 GM,,,250.0,GM,0.0
189,2022-01-17,202201,118032998,1642230635862,99762868,123,SUNLIGHT SABUN UDHYOG-NEPAL,BHAIRAV GOLD,BHAIRAV GOLD PPH 200 GM ,40,PPH,200 GM ,,1642230635862-sunlight sabun udhyog-nepal-bhairav gold.png,RECODING,5,7,51916,114.5381,123,SWADESHI SABUN UDHYOG-NEPAL,AAHA,AAHA,AAHA-PPH 200 GM,PLPCH,200.000 GM,,,200.0,GM,0.0
189,2022-01-17,202201,118032998,1642230635862,99762868,123,SUNLIGHT SABUN UDHYOG-NEPAL,BHAIRAV GOLD,BHAIRAV GOLD PPH 200 GM ,40,PPH,200 GM ,,1642230635862-sunlight sabun udhyog-nepal-bhairav gold.png,RECODING,5,8,50126,116.56038,123,SWADESHI SABUN UDHYOG-NEPAL,AAHA,AAHA,AAHA-PPH 220 GM,PLPCH,220.000 GM,,,220.0,GM,0.0
189,2022-01-17,202201,118032998,1642230635862,99762868,123,SUNLIGHT SABUN UDHYOG-NEPAL,BHAIRAV GOLD,BHAIRAV GOLD PPH 200 GM ,40,PPH,200 GM ,,1642230635862-sunlight sabun udhyog-nepal-bhairav gold.png,RECODING,5,9,99763323,116.5959,123,SWADESHI SABUN UDHYOG-NEPAL,MADAL,MADAL,MADAL-PPH 200 GM,PLPCH,200.000 GM,,,200.0,GM,35.0
189,2022-01-17,202201,118032998,1642230635862,99762868,123,SUNLIGHT SABUN UDHYOG-NEPAL,BHAIRAV GOLD,BHAIRAV GOLD PPH 200 GM ,40,PPH,200 GM ,,1642230635862-sunlight sabun udhyog-nepal-bhairav gold.png,RECODING,5,10,47668,116.81682,123,SUNLIGHT SABUN UDHYOG-NEPAL,BIHANI,BIHANI,BIHANI-UNWRP 120 GM,UNWRP,120.000 GM,,,120.0,GM,0.0
190,2022-01-17,202201,118032998,1642230427930,99762990,122,HIMGIRI HYGIENE PVT LTD-NEPAL,DHONI ULTRA,DHONI ULTRA PPH 750 GM,110,PPH,750 GM,,1642230427930-himgiri hygiene pvt ltd-nepal-dhoni ultra.png,RECODING,5,1,99763160,14.042173,122,HIMGIRI HYGIENE PVT LTD-NEPAL,DHONI,DHONI ULTRA,DHONI ULTRA-PPH 500 GM,PLPCH,500.000 GM,,,500.0,GM,75.0
190,2022-01-17,202201,118032998,1642230427930,99762990,122,HIMGIRI HYGIENE PVT LTD-NEPAL,DHONI ULTRA,DHONI ULTRA PPH 750 GM,110,PPH,750 GM,,1642230427930-himgiri hygiene pvt ltd-nepal-dhoni ultra.png,RECODING,5,2,99764468,39.60994,122,HIMGIRI HYGIENE PVT LTD-NEPAL,DHONI,DHONI,DHONI-ULTRA CONCENTRATED DET.POWDER PPH 700 GM,PLPCH,700.000 GM,,,700.0,GM,110.0
190,2022-01-17,202201,118032998,1642230427930,99762990,122,HIMGIRI HYGIENE PVT LTD-NEPAL,DHONI ULTRA,DHONI ULTRA PPH 750 GM,110,PPH,750 GM,,1642230427930-himgiri hygiene pvt ltd-nepal-dhoni ultra.png,RECODING,5,3,99763783,63.50615,122,HIMGIRI HYGIENE PVT LTD-NEPAL,DHONI,DHONI HERBAL,DHONI HERBAL-DETERGENT POWDER PPH 1500 GM,PLPCH,1500.000 GM,,,1500.0,GM,190.0
190,2022-01-17,202201,118032998,1642230427930,99762990,122,HIMGIRI HYGIENE PVT LTD-NEPAL,DHONI ULTRA,DHONI ULTRA PPH 750 GM,110,PPH,750 GM,,1642230427930-himgiri hygiene pvt ltd-nepal-dhoni ultra.png,RECODING,5,4,99762990,66.365944,122,HIMGIRI HYGIENE PVT LTD-NEPAL,DHONI,DHONI ULTRA,DHONI ULTRA-PPH 750 GM+DHONI DISWAS BAR WORTH RS.10,PLPCH,750.000 GM,,,750.0,GM,110.0
190,2022-01-17,202201,118032998,1642230427930,99762990,122,HIMGIRI HYGIENE PVT LTD-NEPAL,DHONI ULTRA,DHONI ULTRA PPH 750 GM,110,PPH,750 GM,,1642230427930-himgiri hygiene pvt ltd-nepal-dhoni ultra.png,RECODING,5,5,46664,72.97756,122,HIMGIRI SOAP & CHEMICALS-NEPAL,DHONI,DHONI ULTRA,DHONI ULTRA- PPH 400 GM,PLPCH,400.000 GM,,,400.0,GM,0.0
190,2022-01-17,202201,118032998,1642230427930,99762990,122,HIMGIRI HYGIENE PVT LTD-NEPAL,DHONI ULTRA,DHONI ULTRA PPH 750 GM,110,PPH,750 GM,,1642230427930-himgiri hygiene pvt ltd-nepal-dhoni ultra.png,RECODING,5,6,93027441,74.02835,122,HIMGIRI SOAP & CHEMICALS-NEPAL,DHONI,DHONI ULTRA,DHONI ULTRA- PPH 800 GM,PLPCH,800.000 GM,,,800.0,GM,0.0
190,2022-01-17,202201,118032998,1642230427930,99762990,122,HIMGIRI HYGIENE PVT LTD-NEPAL,DHONI ULTRA,DHONI ULTRA PPH 750 GM,110,PPH,750 GM,,1642230427930-himgiri hygiene pvt ltd-nepal-dhoni ultra.png,RECODING,5,7,50870,74.9577,122,HIMGIRI SOAP & CHEMICALS-NEPAL,DHONI,DHONI ULTRA,DHONI ULTRA-PPH 3000 GM,PLPCH,3000.000 GM,,,3000.0,GM,0.0
190,2022-01-17,202201,118032998,1642230427930,99762990,122,HIMGIRI HYGIENE PVT LTD-NEPAL,DHONI ULTRA,DHONI ULTRA PPH 750 GM,110,PPH,750 GM,,1642230427930-himgiri hygiene pvt ltd-nepal-dhoni ultra.png,RECODING,5,8,50871,84.406876,122,HIMGIRI SOAP & CHEMICALS-NEPAL,DHONI,DHONI ULTRA,DHONI ULTRA-DETERGENT POWDER PPH 3000 GM,PLPCH,3000.000 GM,,,3000.0,GM,0.0
190,2022-01-17,202201,118032998,1642230427930,99762990,122,HIMGIRI HYGIENE PVT LTD-NEPAL,DHONI ULTRA,DHONI ULTRA PPH 750 GM,110,PPH,750 GM,,1642230427930-himgiri hygiene pvt ltd-nepal-dhoni ultra.png,RECODING,5,9,93020576,84.725395,122,HIMGIRI SOAP & CHEMICALS-NEPAL,DHONI,DHONI,DHONI- PPH 400 GMS,PLPCH,400.000 GM,,,400.0,GM,0.0
190,2022-01-17,202201,118032998,1642230427930,99762990,122,HIMGIRI HYGIENE PVT LTD-NEPAL,DHONI ULTRA,DHONI ULTRA PPH 750 GM,110,PPH,750 GM,,1642230427930-himgiri hygiene pvt ltd-nepal-dhoni ultra.png,RECODING,5,10,93062486,85.54819,122,HIMGIRI SOAP & CHEMICALS-NEPAL,DHONI,DHONI ULTRA,DHONI ULTRA- PPH 800 GM+95GM DHONI ORANGE SOAP,PLPCH,800.000 GM,,,800.0,GM,0.0
191,2022-01-17,202201,118111995,1642223120959,99762984,118,CHUDALI BUSINESS GROUP,ARGHAKHACHI,AQUA ARGHAKHACHI PBT 1000 ML,25,PBT,1000 ML,,1642223120959-chudali business group-arghakhachi.png,RECODING,5,1,99762984,100.4685,118,CHUDALI BUSINESS GROUP-NEPAL,ARGHAKHANCHI,ARGHAKHANCHI,PET 1000 ML,PET,1000.000 ML,,,1000.0,ML,25.0
191,2022-01-17,202201,118111995,1642223120959,99762984,118,CHUDALI BUSINESS GROUP,ARGHAKHACHI,AQUA ARGHAKHACHI PBT 1000 ML,25,PBT,1000 ML,,1642223120959-chudali business group-arghakhachi.png,RECODING,5,2,53866,171.34912,118,B & S KHANEPAL UDYG-NP,AQUA SAIRASH,AQUA SAIRASH,JAR 19000 ML,JAR,19000.000 ML,,,19000.0,ML,0.0
191,2022-01-17,202201,118111995,1642223120959,99762984,118,CHUDALI BUSINESS GROUP,ARGHAKHACHI,AQUA ARGHAKHACHI PBT 1000 ML,25,PBT,1000 ML,,1642223120959-chudali business group-arghakhachi.png,RECODING,5,3,99762982,176.85486,118,DEVCHULI BEVERAGE PVT LTD-NEPAL,AQUA DEVCHULI,AQUA DEVCHULI,PET 1000 ML,PET,1000.000 ML,,,1000.0,ML,25.0
191,2022-01-17,202201,118111995,1642223120959,99762984,118,CHUDALI BUSINESS GROUP,ARGHAKHACHI,AQUA ARGHAKHACHI PBT 1000 ML,25,PBT,1000 ML,,1642223120959-chudali business group-arghakhachi.png,RECODING,5,4,40121267,178.18912,118,HIM DHARA COMPANY PVT LTD-NEPL,AQUA UPAHAR,AQUA UPAHAR,PET 1000 ML,PET,1000.000 ML,,,1000.0,ML,0.0
191,2022-01-17,202201,118111995,1642223120959,99762984,118,CHUDALI BUSINESS GROUP,ARGHAKHACHI,AQUA ARGHAKHACHI PBT 1000 ML,25,PBT,1000 ML,,1642223120959-chudali business group-arghakhachi.png,RECODING,5,5,99762352,178.99362,118,AAROGYA MINERAL WATER & JUICE UDHYOG-NPL,AROGYA,AROGYA,PET 1000 ML,PET,1000.000 ML,,,1000.0,ML,20.0
191,2022-01-17,202201,118111995,1642223120959,99762984,118,CHUDALI BUSINESS GROUP,ARGHAKHACHI,AQUA ARGHAKHACHI PBT 1000 ML,25,PBT,1000 ML,,1642223120959-chudali business group-arghakhachi.png,RECODING,5,6,99765418,179.50833,118,AQUA PLUS SINDHULIGADHI PVT LTD-NP,A+ONE SINDHULIGADHI,A+ONE SINDHULIGADHI,PET 1000 ML,PET,1000.000 ML,,,1000.0,ML,20.0
191,2022-01-17,202201,118111995,1642223120959,99762984,118,CHUDALI BUSINESS GROUP,ARGHAKHACHI,AQUA ARGHAKHACHI PBT 1000 ML,25,PBT,1000 ML,,1642223120959-chudali business group-arghakhachi.png,RECODING,5,7,40110877,179.66562,118,BHUDEV BEVERAGE INDUSTRIES-NPL,AQUA JEEVAN,AQUA JEEVAN,PET 1000 ML,PET,1000.000 ML,,,1000.0,ML,0.0
191,2022-01-17,202201,118111995,1642223120959,99762984,118,CHUDALI BUSINESS GROUP,ARGHAKHACHI,AQUA ARGHAKHACHI PBT 1000 ML,25,PBT,1000 ML,,1642223120959-chudali business group-arghakhachi.png,RECODING,5,8,40125108,180.55646,118,PASHUPTI SPRNG WTR PVT LTD-NPL,AQUA EXPRESS,AQUA EXPRESS,PET 1000 ML,PET,1000.000 ML,,,1000.0,ML,0.0
191,2022-01-17,202201,118111995,1642223120959,99762984,118,CHUDALI BUSINESS GROUP,ARGHAKHACHI,AQUA ARGHAKHACHI PBT 1000 ML,25,PBT,1000 ML,,1642223120959-chudali business group-arghakhachi.png,RECODING,5,9,52487,180.9564,118,HIM DHARA COMPANY PVT LTD-NEPL,AQUA CHAHANA,AQUA CHAHANA,PET 1000 ML,PET,1000.000 ML,,,1000.0,ML,0.0
191,2022-01-17,202201,118111995,1642223120959,99762984,118,CHUDALI BUSINESS GROUP,ARGHAKHACHI,AQUA ARGHAKHACHI PBT 1000 ML,25,PBT,1000 ML,,1642223120959-chudali business group-arghakhachi.png,RECODING,5,10,40125789,181.18997,118,KAKREBIHAR WATER INDUSTRIES-NP,MASTA,MASTA,PET 1000 ML,PET,1000.000 ML,,,1000.0,ML,0.0
192,2022-01-18,202201,212582710078,1642324778472,99763002,123,HIMGIRI HYGIENE PVT LTD-NEPAL,SHAKTI 250,SHAKTI \250\GM,40,EWP,250 GM,New SKU,1642324778472-himgiri hygiene pvt ltd-nepal-shakti 250.png,RECODING,5,1,99763002,36.826393,123,HIMGIRI HYGIENE PVT LTD-NEPAL,SHAKTI,SHAKTI,SHAKTI-PPH 250 GM,PLPCH,250.000 GM,,,250.0,GM,40.0
192,2022-01-18,202201,212582710078,1642324778472,99763002,123,HIMGIRI HYGIENE PVT LTD-NEPAL,SHAKTI 250,SHAKTI \250\GM,40,EWP,250 GM,New SKU,1642324778472-himgiri hygiene pvt ltd-nepal-shakti 250.png,RECODING,5,2,99763554,46.51217,123,HIMGIRI HYGIENE PVT LTD-NEPAL,SHAKTI,SHAKTI,SHAKTI-PPH 200 GM,PLPCH,200.000 GM,,,200.0,GM,40.0
192,2022-01-18,202201,212582710078,1642324778472,99763002,123,HIMGIRI HYGIENE PVT LTD-NEPAL,SHAKTI 250,SHAKTI \250\GM,40,EWP,250 GM,New SKU,1642324778472-himgiri hygiene pvt ltd-nepal-shakti 250.png,RECODING,5,3,99763552,48.176353,123,HIMGIRI HYGIENE PVT LTD-NEPAL,SHAKTI,SHAKTI,SHAKTI-PPH 100 GM,PLPCH,100.000 GM,,,100.0,GM,20.0
192,2022-01-18,202201,212582710078,1642324778472,99763002,123,HIMGIRI HYGIENE PVT LTD-NEPAL,SHAKTI 250,SHAKTI \250\GM,40,EWP,250 GM,New SKU,1642324778472-himgiri hygiene pvt ltd-nepal-shakti 250.png,RECODING,5,4,99763553,49.545364,123,HIMGIRI HYGIENE PVT LTD-NEPAL,SHAKTI,SHAKTI,SHAKTI-PPH 150 GM,PLPCH,150.000 GM,,,150.0,GM,30.0
192,2022-01-18,202201,212582710078,1642324778472,99763002,123,HIMGIRI HYGIENE PVT LTD-NEPAL,SHAKTI 250,SHAKTI \250\GM,40,EWP,250 GM,New SKU,1642324778472-himgiri hygiene pvt ltd-nepal-shakti 250.png,RECODING,5,5,99763506,77.41948,123,HIMGIRI HYGIENE PVT LTD-NEPAL,SHOVA,SHOVA,SHOVA-PPH 300 GM,PLPCH,300.000 GM,,,300.0,GM,50.0
192,2022-01-18,202201,212582710078,1642324778472,99763002,123,HIMGIRI HYGIENE PVT LTD-NEPAL,SHAKTI 250,SHAKTI \250\GM,40,EWP,250 GM,New SKU,1642324778472-himgiri hygiene pvt ltd-nepal-shakti 250.png,RECODING,5,6,99763248,80.507065,123,HIMGIRI HYGIENE PVT LTD-NEPAL,SHOVA,SHOVA,SHOVA-PPH 125 GM,PLPCH,125.000 GM,,,125.0,GM,20.0
192,2022-01-18,202201,212582710078,1642324778472,99763002,123,HIMGIRI HYGIENE PVT LTD-NEPAL,SHAKTI 250,SHAKTI \250\GM,40,EWP,250 GM,New SKU,1642324778472-himgiri hygiene pvt ltd-nepal-shakti 250.png,RECODING,5,7,99763163,81.696754,123,HIMGIRI HYGIENE PVT LTD-NEPAL,SHOVA,SHOVA,SHOVA-PPH 200 GM,PLPCH,200.000 GM,,,200.0,GM,40.0
192,2022-01-18,202201,212582710078,1642324778472,99763002,123,HIMGIRI HYGIENE PVT LTD-NEPAL,SHAKTI 250,SHAKTI \250\GM,40,EWP,250 GM,New SKU,1642324778472-himgiri hygiene pvt ltd-nepal-shakti 250.png,RECODING,5,8,92920662,83.13609,123,HIMGIRI SOAP & CHEMICALS-NEPAL,SHAKTI,SHAKTI,SHAKTI-EWP 150 GMS,EWRPK,150.000 GM,,,150.0,GM,0.0
192,2022-01-18,202201,212582710078,1642324778472,99763002,123,HIMGIRI HYGIENE PVT LTD-NEPAL,SHAKTI 250,SHAKTI \250\GM,40,EWP,250 GM,New SKU,1642324778472-himgiri hygiene pvt ltd-nepal-shakti 250.png,RECODING,5,9,92919981,83.52871,123,HIMGIRI SOAP & CHEMICALS-NEPAL,SHAKTI,SHAKTI,SHAKTI-EWP 160 GMS,EWRPK,160.000 GM,,,160.0,GM,0.0
192,2022-01-18,202201,212582710078,1642324778472,99763002,123,HIMGIRI HYGIENE PVT LTD-NEPAL,SHAKTI 250,SHAKTI \250\GM,40,EWP,250 GM,New SKU,1642324778472-himgiri hygiene pvt ltd-nepal-shakti 250.png,RECODING,5,10,92919980,85.65367,123,HIMGIRI SOAP & CHEMICALS-NEPAL,SHAKTI,SHAKTI,SHAKTI-EWP 100 GMS,EWRPK,100.000 GM,,,100.0,GM,0.0
193,2022-01-18,202201,212581910093,1642322619570,99763000,118,SAMBHAVI FOOD AND BEVERAGE,SAMBHAVI CHISO COLA,MAINTAIN DEW\2.5\ML,225,PPH,2.5 ML,New SKU,1642322619570-sambhavi food and beverage-sambhavi chiso cola.png,RECODING,5,1,99762462,99.94708,118,SAMBHAVI BEVERAGE-NEPAL,CHISO,CHISO COLA,PET 250 ML,PET,250.000 ML,COLA,,250.0,ML,45.0
193,2022-01-18,202201,212581910093,1642322619570,99763000,118,SAMBHAVI FOOD AND BEVERAGE,SAMBHAVI CHISO COLA,MAINTAIN DEW\2.5\ML,225,PPH,2.5 ML,New SKU,1642322619570-sambhavi food and beverage-sambhavi chiso cola.png,RECODING,5,2,99762463,100.60701,118,SAMBHAVI BEVERAGE-NEPAL,CHISO,CHISO COLA,PET 500 ML,PET,500.000 ML,COLA,,500.0,ML,80.0
193,2022-01-18,202201,212581910093,1642322619570,99763000,118,SAMBHAVI FOOD AND BEVERAGE,SAMBHAVI CHISO COLA,MAINTAIN DEW\2.5\ML,225,PPH,2.5 ML,New SKU,1642322619570-sambhavi food and beverage-sambhavi chiso cola.png,RECODING,5,3,99763001,102.60739,118,SAMBHAVI BEVERAGE-NEPAL,CHISO,CHISO COLA,PET 2500 ML,PET,2500.000 ML,COLA,,2500.0,ML,225.0
193,2022-01-18,202201,212581910093,1642322619570,99763000,118,SAMBHAVI FOOD AND BEVERAGE,SAMBHAVI CHISO COLA,MAINTAIN DEW\2.5\ML,225,PPH,2.5 ML,New SKU,1642322619570-sambhavi food and beverage-sambhavi chiso cola.png,RECODING,5,4,99763572,104.26117,118,SAMBHAVI BEVERAGE-NEPAL,CHISO,CHISO COLA,PET 1500 ML,PET,1500.000 ML,COLA,,1500.0,ML,150.0
193,2022-01-18,202201,212581910093,1642322619570,99763000,118,SAMBHAVI FOOD AND BEVERAGE,SAMBHAVI CHISO COLA,MAINTAIN DEW\2.5\ML,225,PPH,2.5 ML,New SKU,1642322619570-sambhavi food and beverage-sambhavi chiso cola.png,RECODING,5,5,20124896,133.53891,118,SAMBHAVI BEVERAGE-NEPAL,SPEED DEW,SPEED DEW LEMON,LEMON PET 250 ML,PET,250.000 ML,LEMON,,250.0,ML,0.0
193,2022-01-18,202201,212581910093,1642322619570,99763000,118,SAMBHAVI FOOD AND BEVERAGE,SAMBHAVI CHISO COLA,MAINTAIN DEW\2.5\ML,225,PPH,2.5 ML,New SKU,1642322619570-sambhavi food and beverage-sambhavi chiso cola.png,RECODING,5,6,46397,134.7027,118,SAMBHAVI BEVERAGE-NEPAL,SPEED DEW,SPEED DEW LEMON,LEMON PET 500 ML,PET,500.000 ML,LEMON,,500.0,ML,0.0
193,2022-01-18,202201,212581910093,1642322619570,99763000,118,SAMBHAVI FOOD AND BEVERAGE,SAMBHAVI CHISO COLA,MAINTAIN DEW\2.5\ML,225,PPH,2.5 ML,New SKU,1642322619570-sambhavi food and beverage-sambhavi chiso cola.png,RECODING,5,7,51544,135.37456,118,SAMBHAVI BEVERAGE-NEPAL,MAINTAN DEW,MAINTAN DEW,PET 250 ML,PET,250.000 ML,LEMON,,250.0,ML,0.0
193,2022-01-18,202201,212581910093,1642322619570,99763000,118,SAMBHAVI FOOD AND BEVERAGE,SAMBHAVI CHISO COLA,MAINTAIN DEW\2.5\ML,225,PPH,2.5 ML,New SKU,1642322619570-sambhavi food and beverage-sambhavi chiso cola.png,RECODING,5,8,52746,136.0245,118,SAMBHAVI BEVERAGE-NEPAL,MAINTAN DEW,MAINTAN DEW,PET 500 ML,PET,500.000 ML,LEMON,,500.0,ML,0.0
193,2022-01-18,202201,212581910093,1642322619570,99763000,118,SAMBHAVI FOOD AND BEVERAGE,SAMBHAVI CHISO COLA,MAINTAIN DEW\2.5\ML,225,PPH,2.5 ML,New SKU,1642322619570-sambhavi food and beverage-sambhavi chiso cola.png,RECODING,5,9,99765445,136.59137,118,SHAMBHAVI FOOD & BEVERAGES-NEPAL,MAINTAIN DEW,MAINTAIN DEW,PET 2250 ML,PET,2250.000 ML,LEMON,,2250.0,ML,260.0
193,2022-01-18,202201,212581910093,1642322619570,99763000,118,SAMBHAVI FOOD AND BEVERAGE,SAMBHAVI CHISO COLA,MAINTAIN DEW\2.5\ML,225,PPH,2.5 ML,New SKU,1642322619570-sambhavi food and beverage-sambhavi chiso cola.png,RECODING,5,10,99763000,138.00453,118,SAMBHAVI BEVERAGE-NEPAL,MAINTAN DEW,MAINTAN DEW,PET 2500 ML,PET,2500.000 ML,LEMON,,2500.0,ML,225.0
194,2022-01-18,202201,212581910093,1642322464421,99763001,118,SAMBHAVI BEVERAGE-NEPAL,SAMBHAVI CHISO COLA,SAMBHAVI CHIS OCOLA\2.5\ML,225,PPH,2.5 ML,New SKU,1642322464421-sambhavi beverage-nepal-sambhavi chiso cola.png,RECODING,5,1,99762463,46.082363,118,SAMBHAVI BEVERAGE-NEPAL,CHISO,CHISO COLA,PET 500 ML,PET,500.000 ML,COLA,,500.0,ML,80.0
194,2022-01-18,202201,212581910093,1642322464421,99763001,118,SAMBHAVI BEVERAGE-NEPAL,SAMBHAVI CHISO COLA,SAMBHAVI CHIS OCOLA\2.5\ML,225,PPH,2.5 ML,New SKU,1642322464421-sambhavi beverage-nepal-sambhavi chiso cola.png,RECODING,5,2,99762462,46.905075,118,SAMBHAVI BEVERAGE-NEPAL,CHISO,CHISO COLA,PET 250 ML,PET,250.000 ML,COLA,,250.0,ML,45.0
194,2022-01-18,202201,212581910093,1642322464421,99763001,118,SAMBHAVI BEVERAGE-NEPAL,SAMBHAVI CHISO COLA,SAMBHAVI CHIS OCOLA\2.5\ML,225,PPH,2.5 ML,New SKU,1642322464421-sambhavi beverage-nepal-sambhavi chiso cola.png,RECODING,5,3,99763572,48.216484,118,SAMBHAVI BEVERAGE-NEPAL,CHISO,CHISO COLA,PET 1500 ML,PET,1500.000 ML,COLA,,1500.0,ML,150.0
194,2022-01-18,202201,212581910093,1642322464421,99763001,118,SAMBHAVI BEVERAGE-NEPAL,SAMBHAVI CHISO COLA,SAMBHAVI CHIS OCOLA\2.5\ML,225,PPH,2.5 ML,New SKU,1642322464421-sambhavi beverage-nepal-sambhavi chiso cola.png,RECODING,5,4,99763001,48.911255,118,SAMBHAVI BEVERAGE-NEPAL,CHISO,CHISO COLA,PET 2500 ML,PET,2500.000 ML,COLA,,2500.0,ML,225.0
194,2022-01-18,202201,212581910093,1642322464421,99763001,118,SAMBHAVI BEVERAGE-NEPAL,SAMBHAVI CHISO COLA,SAMBHAVI CHIS OCOLA\2.5\ML,225,PPH,2.5 ML,New SKU,1642322464421-sambhavi beverage-nepal-sambhavi chiso cola.png,RECODING,5,5,20120794,80.0338,118,SAMBHAVI BEVERAGE-NEPAL,CHOICE COLA,CHOICE COLA,PET 600 ML,PET,600.000 ML,COLA,,600.0,ML,0.0
194,2022-01-18,202201,212581910093,1642322464421,99763001,118,SAMBHAVI BEVERAGE-NEPAL,SAMBHAVI CHISO COLA,SAMBHAVI CHIS OCOLA\2.5\ML,225,PPH,2.5 ML,New SKU,1642322464421-sambhavi beverage-nepal-sambhavi chiso cola.png,RECODING,5,6,20120793,82.51155,118,SAMBHAVI BEVERAGE-NEPAL,CHOICE COLA,CHOICE COLA,PET 300 ML,PET,300.000 ML,COLA,,300.0,ML,0.0
194,2022-01-18,202201,212581910093,1642322464421,99763001,118,SAMBHAVI BEVERAGE-NEPAL,SAMBHAVI CHISO COLA,SAMBHAVI CHIS OCOLA\2.5\ML,225,PPH,2.5 ML,New SKU,1642322464421-sambhavi beverage-nepal-sambhavi chiso cola.png,RECODING,5,7,99763940,91.81245,118,SAMBHAVI BEVERAGE-NEPAL,CAMPA,CAMPA ORANGE,PET 250 ML,PET,250.000 ML,ORANGE,,250.0,ML,40.0
194,2022-01-18,202201,212581910093,1642322464421,99763001,118,SAMBHAVI BEVERAGE-NEPAL,SAMBHAVI CHISO COLA,SAMBHAVI CHIS OCOLA\2.5\ML,225,PPH,2.5 ML,New SKU,1642322464421-sambhavi beverage-nepal-sambhavi chiso cola.png,RECODING,5,8,46404,96.66283,118,SAMBHAVI BEVERAGE-NEPAL,CHOICE COLA,CHOICE COLA,COLA FLAVOUR PET 250 ML,PET,250.000 ML,COLA,,250.0,ML,0.0
194,2022-01-18,202201,212581910093,1642322464421,99763001,118,SAMBHAVI BEVERAGE-NEPAL,SAMBHAVI CHISO COLA,SAMBHAVI CHIS OCOLA\2.5\ML,225,PPH,2.5 ML,New SKU,1642322464421-sambhavi beverage-nepal-sambhavi chiso cola.png,RECODING,5,9,46402,98.2981,118,SAMBHAVI BEVERAGE-NEPAL,CHOICE COLA,CHOICE COLA,COLA FLAVOUR PET 500 ML,PET,500.000 ML,COLA,,500.0,ML,0.0
194,2022-01-18,202201,212581910093,1642322464421,99763001,118,SAMBHAVI BEVERAGE-NEPAL,SAMBHAVI CHISO COLA,SAMBHAVI CHIS OCOLA\2.5\ML,225,PPH,2.5 ML,New SKU,1642322464421-sambhavi beverage-nepal-sambhavi chiso cola.png,RECODING,5,10,20110833,99.32161,118,SAMBHAVI BEVERAGE-NEPAL,MALINGO,MALINGO,PET 250 ML,PET,250.000 ML,COLA,,250.0,ML,0.0
195,2022-01-18,202201,212581910166,1642320563767,,118,HYGEN PACKS NEPAL PVT LTD-NEPAL,MANIA ORANGE DRINK,MANIA ORANGE DRINK\250\ML,40,PPH,250 ML,New SKU,1642320563767-hygen packs nepal pvt ltd-nepal-mania orange drink.png,PARKER FOR NEXT MONTH,999,1,99765058,76.04927,118,HYGEN PACKS NEPAL PVT LTD-NEPAL,MANIA,MANIA WILD,CAN 250 ML+80 ML EXTRA,CAN,250.000 ML,,,330.0,ML,150.0
195,2022-01-18,202201,212581910166,1642320563767,,118,HYGEN PACKS NEPAL PVT LTD-NEPAL,MANIA ORANGE DRINK,MANIA ORANGE DRINK\250\ML,40,PPH,250 ML,New SKU,1642320563767-hygen packs nepal pvt ltd-nepal-mania orange drink.png,PARKER FOR NEXT MONTH,999,2,99762355,78.35697,118,HYGEN PACKS NEPAL PVT LTD-NEPAL,HYGEN,HYGEN MANIA,CAN 250 ML,CAN,250.000 ML,,,250.0,ML,120.0
195,2022-01-18,202201,212581910166,1642320563767,,118,HYGEN PACKS NEPAL PVT LTD-NEPAL,MANIA ORANGE DRINK,MANIA ORANGE DRINK\250\ML,40,PPH,250 ML,New SKU,1642320563767-hygen packs nepal pvt ltd-nepal-mania orange drink.png,PARKER FOR NEXT MONTH,999,3,99764473,79.968376,118,HYGEN PACKS NEPAL PVT LTD-NEPAL,HYGEN,HYGEN MANIA,CAN 330 ML,CAN,330.000 ML,,,330.0,ML,120.0
195,2022-01-18,202201,212581910166,1642320563767,,118,HYGEN PACKS NEPAL PVT LTD-NEPAL,MANIA ORANGE DRINK,MANIA ORANGE DRINK\250\ML,40,PPH,250 ML,New SKU,1642320563767-hygen packs nepal pvt ltd-nepal-mania orange drink.png,PARKER FOR NEXT MONTH,999,4,99763593,87.128426,118,HYGEN PACKS NEPAL PVT LTD-NEPAL,MANIA,MANIA DEW,PET 250 ML,PET,250.000 ML,LEMON,,250.0,ML,35.0
195,2022-01-18,202201,212581910166,1642320563767,,118,HYGEN PACKS NEPAL PVT LTD-NEPAL,MANIA ORANGE DRINK,MANIA ORANGE DRINK\250\ML,40,PPH,250 ML,New SKU,1642320563767-hygen packs nepal pvt ltd-nepal-mania orange drink.png,PARKER FOR NEXT MONTH,999,5,99765164,87.27364,118,HYGEN PACKS NEPAL PVT LTD-NEPAL,MANIA,MANIA MIX FRUIT,MIX FRUIT TPK 200 ML,TPK,200.000 ML,MIXED FRUIT,,200.0,ML,25.0
195,2022-01-18,202201,212581910166,1642320563767,,118,HYGEN PACKS NEPAL PVT LTD-NEPAL,MANIA ORANGE DRINK,MANIA ORANGE DRINK\250\ML,40,PPH,250 ML,New SKU,1642320563767-hygen packs nepal pvt ltd-nepal-mania orange drink.png,PARKER FOR NEXT MONTH,999,6,99765440,92.67858,118,HYGEN PACKS NEPAL PVT LTD-NEPAL,MANIA,MANIA NIMBOO,PET 250 ML,PET,250.000 ML,LEMON,,250.0,ML,50.0
195,2022-01-18,202201,212581910166,1642320563767,,118,HYGEN PACKS NEPAL PVT LTD-NEPAL,MANIA ORANGE DRINK,MANIA ORANGE DRINK\250\ML,40,PPH,250 ML,New SKU,1642320563767-hygen packs nepal pvt ltd-nepal-mania orange drink.png,PARKER FOR NEXT MONTH,999,7,99764475,94.87491,118,HYGEN PACKS NEPAL PVT LTD-NEPAL,MANIA,MANIA ZEERA MASALA,APPLE PET 250 ML,PET,250.000 ML,APPLE,,250.0,ML,40.0
195,2022-01-18,202201,212581910166,1642320563767,,118,HYGEN PACKS NEPAL PVT LTD-NEPAL,MANIA ORANGE DRINK,MANIA ORANGE DRINK\250\ML,40,PPH,250 ML,New SKU,1642320563767-hygen packs nepal pvt ltd-nepal-mania orange drink.png,PARKER FOR NEXT MONTH,999,8,99763057,102.635315,118,HYGEN PACKS NEPAL PVT LTD-NEPAL,MANIA,MANIA APPE,APPLE TPK 200 ML,TPK,200.000 ML,APPLE,,200.0,ML,25.0
195,2022-01-18,202201,212581910166,1642320563767,,118,HYGEN PACKS NEPAL PVT LTD-NEPAL,MANIA ORANGE DRINK,MANIA ORANGE DRINK\250\ML,40,PPH,250 ML,New SKU,1642320563767-hygen packs nepal pvt ltd-nepal-mania orange drink.png,PARKER FOR NEXT MONTH,999,9,99765238,104.73276,118,HYGEN PACKS NEPAL PVT LTD-NEPAL,HYGEN,HYGEN MANIA,GUAVA TPK 200 ML,TPK,200.000 ML,GUAVA,,200.0,ML,25.0
195,2022-01-18,202201,212581910166,1642320563767,,118,HYGEN PACKS NEPAL PVT LTD-NEPAL,MANIA ORANGE DRINK,MANIA ORANGE DRINK\250\ML,40,PPH,250 ML,New SKU,1642320563767-hygen packs nepal pvt ltd-nepal-mania orange drink.png,PARKER FOR NEXT MONTH,999,10,99763844,109.37938,118,HYGEN PACKS NEPAL PVT LTD-NEPAL,MANIA,MANIA MAGIC,MANGO TPK 180 ML+20 ML FREE,TPK,180.000 ML,MANGO,,200.0,ML,25.0
196,2022-01-18,202201,212581910166,1642320426184,,118,HYGEN PACKS NEPAL PVT LTD-NEPAL,MANIA 500 ML,MANIA\500\ML,70,PPH,500 ML,New SKU,1642320426184-hygen packs nepal pvt ltd-nepal-mania 500 ml.png,PARKER FOR NEXT MONTH,999,1,99764473,47.958374,118,HYGEN PACKS NEPAL PVT LTD-NEPAL,HYGEN,HYGEN MANIA,CAN 330 ML,CAN,330.000 ML,,,330.0,ML,120.0
196,2022-01-18,202201,212581910166,1642320426184,,118,HYGEN PACKS NEPAL PVT LTD-NEPAL,MANIA 500 ML,MANIA\500\ML,70,PPH,500 ML,New SKU,1642320426184-hygen packs nepal pvt ltd-nepal-mania 500 ml.png,PARKER FOR NEXT MONTH,999,2,99765058,49.160065,118,HYGEN PACKS NEPAL PVT LTD-NEPAL,MANIA,MANIA WILD,CAN 250 ML+80 ML EXTRA,CAN,250.000 ML,,,330.0,ML,150.0
196,2022-01-18,202201,212581910166,1642320426184,,118,HYGEN PACKS NEPAL PVT LTD-NEPAL,MANIA 500 ML,MANIA\500\ML,70,PPH,500 ML,New SKU,1642320426184-hygen packs nepal pvt ltd-nepal-mania 500 ml.png,PARKER FOR NEXT MONTH,999,3,99762355,52.36708,118,HYGEN PACKS NEPAL PVT LTD-NEPAL,HYGEN,HYGEN MANIA,CAN 250 ML,CAN,250.000 ML,,,250.0,ML,120.0
196,2022-01-18,202201,212581910166,1642320426184,,118,HYGEN PACKS NEPAL PVT LTD-NEPAL,MANIA 500 ML,MANIA\500\ML,70,PPH,500 ML,New SKU,1642320426184-hygen packs nepal pvt ltd-nepal-mania 500 ml.png,PARKER FOR NEXT MONTH,999,4,99763593,61.464764,118,HYGEN PACKS NEPAL PVT LTD-NEPAL,MANIA,MANIA DEW,PET 250 ML,PET,250.000 ML,LEMON,,250.0,ML,35.0
196,2022-01-18,202201,212581910166,1642320426184,,118,HYGEN PACKS NEPAL PVT LTD-NEPAL,MANIA 500 ML,MANIA\500\ML,70,PPH,500 ML,New SKU,1642320426184-hygen packs nepal pvt ltd-nepal-mania 500 ml.png,PARKER FOR NEXT MONTH,999,5,99765440,64.968796,118,HYGEN PACKS NEPAL PVT LTD-NEPAL,MANIA,MANIA NIMBOO,PET 250 ML,PET,250.000 ML,LEMON,,250.0,ML,50.0
196,2022-01-18,202201,212581910166,1642320426184,,118,HYGEN PACKS NEPAL PVT LTD-NEPAL,MANIA 500 ML,MANIA\500\ML,70,PPH,500 ML,New SKU,1642320426184-hygen packs nepal pvt ltd-nepal-mania 500 ml.png,PARKER FOR NEXT MONTH,999,6,99764475,67.494675,118,HYGEN PACKS NEPAL PVT LTD-NEPAL,MANIA,MANIA ZEERA MASALA,APPLE PET 250 ML,PET,250.000 ML,APPLE,,250.0,ML,40.0
196,2022-01-18,202201,212581910166,1642320426184,,118,HYGEN PACKS NEPAL PVT LTD-NEPAL,MANIA 500 ML,MANIA\500\ML,70,PPH,500 ML,New SKU,1642320426184-hygen packs nepal pvt ltd-nepal-mania 500 ml.png,PARKER FOR NEXT MONTH,999,7,99765420,71.44174,118,HYGEN PACKS NEPAL PVT LTD-NEPAL,MANIA,MANIA LITCHI,LITCHI PET 150 ML,PET,150.000 ML,LYCHEE,,150.0,ML,20.0
196,2022-01-18,202201,212581910166,1642320426184,,118,HYGEN PACKS NEPAL PVT LTD-NEPAL,MANIA 500 ML,MANIA\500\ML,70,PPH,500 ML,New SKU,1642320426184-hygen packs nepal pvt ltd-nepal-mania 500 ml.png,PARKER FOR NEXT MONTH,999,8,99764833,74.94187,118,HYGEN PACKS NEPAL PVT LTD-NEPAL,HYGEN,HYGEN MANIA,MANGO PET 500 ML,PET,500.000 ML,MANGO,,500.0,ML,80.0
196,2022-01-18,202201,212581910166,1642320426184,,118,HYGEN PACKS NEPAL PVT LTD-NEPAL,MANIA 500 ML,MANIA\500\ML,70,PPH,500 ML,New SKU,1642320426184-hygen packs nepal pvt ltd-nepal-mania 500 ml.png,PARKER FOR NEXT MONTH,999,9,99763057,75.52163,118,HYGEN PACKS NEPAL PVT LTD-NEPAL,MANIA,MANIA APPE,APPLE TPK 200 ML,TPK,200.000 ML,APPLE,,200.0,ML,25.0
196,2022-01-18,202201,212581910166,1642320426184,,118,HYGEN PACKS NEPAL PVT LTD-NEPAL,MANIA 500 ML,MANIA\500\ML,70,PPH,500 ML,New SKU,1642320426184-hygen packs nepal pvt ltd-nepal-mania 500 ml.png,PARKER FOR NEXT MONTH,999,10,99764995,78.485306,118,HYGEN PACKS NEPAL PVT LTD-NEPAL,HYGEN,HYGEN MANIA,MANGO PET 1000 ML,PET,1000.000 ML,MANGO,,1000.0,ML,170.0
197,2022-01-18,202201,212581910120,1642393019434,99763003,123,HIMGIRI HYGIENE PVT LTD-NEPAL,WAHA72%,WAHA72% LAUNDRY SOAP\300\GM,50,300GM,PPH,New SKU,1642393019434-himgiri hygiene pvt ltd-nepal-waha72-.png,RECODING,5,1,99763003,20.105574,123,HIMGIRI HYGIENE PVT LTD-NEPAL,WAHA 72%,WAHA 72%,WAHA 72%-LAUNDRY SOAP PPH 300 GM,PLPCH,300.000 GM,,,300.0,GM,50.0
197,2022-01-18,202201,212581910120,1642393019434,99763003,123,HIMGIRI HYGIENE PVT LTD-NEPAL,WAHA72%,WAHA72% LAUNDRY SOAP\300\GM,50,300GM,PPH,New SKU,1642393019434-himgiri hygiene pvt ltd-nepal-waha72-.png,RECODING,5,2,99762789,21.424091,123,HIMGIRI HYGIENE PVT LTD-NEPAL,WAHA 72%,WAHA 72%,WAHA 72%-LAUNDRY SOAP PPH 250 GM,PLPCH,250.000 GM,,,250.0,GM,40.0
197,2022-01-18,202201,212581910120,1642393019434,99763003,123,HIMGIRI HYGIENE PVT LTD-NEPAL,WAHA72%,WAHA72% LAUNDRY SOAP\300\GM,50,300GM,PPH,New SKU,1642393019434-himgiri hygiene pvt ltd-nepal-waha72-.png,RECODING,5,3,99762861,23.186386,123,HIMGIRI HYGIENE PVT LTD-NEPAL,WAHA 72%,WAHA 72%,WAHA 72%-LAUNDRY SOAP PPH 200 GM,PLPCH,200.000 GM,,,200.0,GM,35.0
197,2022-01-18,202201,212581910120,1642393019434,99763003,123,HIMGIRI HYGIENE PVT LTD-NEPAL,WAHA72%,WAHA72% LAUNDRY SOAP\300\GM,50,300GM,PPH,New SKU,1642393019434-himgiri hygiene pvt ltd-nepal-waha72-.png,RECODING,5,4,99763110,24.307049,123,HIMGIRI HYGIENE PVT LTD-NEPAL,WAHA 72%,WAHA 72%,WAHA 72%-LAUNDRY SOAP PPH 125 GM,PLPCH,125.000 GM,,,125.0,GM,25.0
197,2022-01-18,202201,212581910120,1642393019434,99763003,123,HIMGIRI HYGIENE PVT LTD-NEPAL,WAHA72%,WAHA72% LAUNDRY SOAP\300\GM,50,300GM,PPH,New SKU,1642393019434-himgiri hygiene pvt ltd-nepal-waha72-.png,RECODING,5,5,99763191,24.508572,123,HIMGIRI HYGIENE PVT LTD-NEPAL,WAHA 72%,WAHA 72%,WAHA 72%-LAUNDRY SOAP PPH 150 GM,PLPCH,150.000 GM,,,150.0,GM,25.0
197,2022-01-18,202201,212581910120,1642393019434,99763003,123,HIMGIRI HYGIENE PVT LTD-NEPAL,WAHA72%,WAHA72% LAUNDRY SOAP\300\GM,50,300GM,PPH,New SKU,1642393019434-himgiri hygiene pvt ltd-nepal-waha72-.png,RECODING,5,6,99762788,27.431114,123,HIMGIRI HYGIENE PVT LTD-NEPAL,WAHA 72%,WAHA 72%,WAHA 72%-LAUNDRY SOAP PPH 100 GM,PLPCH,100.000 GM,,,100.0,GM,20.0
197,2022-01-18,202201,212581910120,1642393019434,99763003,123,HIMGIRI HYGIENE PVT LTD-NEPAL,WAHA72%,WAHA72% LAUNDRY SOAP\300\GM,50,300GM,PPH,New SKU,1642393019434-himgiri hygiene pvt ltd-nepal-waha72-.png,RECODING,5,7,99764068,33.06803,123,HIMGIRI HYGIENE PVT LTD-NEPAL,VIJAYA,VIJAYA SUPER,VIJAYA SUPER-LAUNDRY SOAP PPH 300 GM,PLPCH,300.000 GM,,,300.0,GM,50.0
197,2022-01-18,202201,212581910120,1642393019434,99763003,123,HIMGIRI HYGIENE PVT LTD-NEPAL,WAHA72%,WAHA72% LAUNDRY SOAP\300\GM,50,300GM,PPH,New SKU,1642393019434-himgiri hygiene pvt ltd-nepal-waha72-.png,RECODING,5,8,99764067,36.350777,123,HIMGIRI HYGIENE PVT LTD-NEPAL,VIJAYA,VIJAYA SUPER,VIJAYA SUPER-LAUNDRY SOAP PPH 250 GM,PLPCH,250.000 GM,,,250.0,GM,45.0
197,2022-01-18,202201,212581910120,1642393019434,99763003,123,HIMGIRI HYGIENE PVT LTD-NEPAL,WAHA72%,WAHA72% LAUNDRY SOAP\300\GM,50,300GM,PPH,New SKU,1642393019434-himgiri hygiene pvt ltd-nepal-waha72-.png,RECODING,5,9,99764069,37.966263,123,HIMGIRI HYGIENE PVT LTD-NEPAL,VIJAYA,VIJAYA SUPER,VIJAYA SUPER-LAUNDRY SOAP PPH 150 GM,PLPCH,150.000 GM,,,150.0,GM,30.0
197,2022-01-18,202201,212581910120,1642393019434,99763003,123,HIMGIRI HYGIENE PVT LTD-NEPAL,WAHA72%,WAHA72% LAUNDRY SOAP\300\GM,50,300GM,PPH,New SKU,1642393019434-himgiri hygiene pvt ltd-nepal-waha72-.png,RECODING,5,10,99764593,38.19281,123,HIMGIRI HYGIENE PVT LTD-NEPAL,SHOVA,SHOVA,SHOVA-LAUNDRY SOAP PPH 150 GM,PLPCH,150.000 GM,,,150.0,GM,30.0
198,2022-01-18,202201,212581910120,1642392714279,53918,122,HIMALAYAN SOAP & CHEM.- NEPAL,NIRMA 1KG,NIRMA WASHING POWER\1000\KG,70,1000 KG,PPH,New SKU,1642392714279-himalayan soap - chem-- nepal-nirma 1kg.png,CROSS CODING,2,1,93022594,48.860012,122,HIMALAYAN SOAP & CHEM.- NEPAL,NIRMA,NIRMA,NIRMA-PPH 140 GMS,PLPCH,140.000 GM,,,140.0,GM,0.0
198,2022-01-18,202201,212581910120,1642392714279,53918,122,HIMALAYAN SOAP & CHEM.- NEPAL,NIRMA 1KG,NIRMA WASHING POWER\1000\KG,70,1000 KG,PPH,New SKU,1642392714279-himalayan soap - chem-- nepal-nirma 1kg.png,CROSS CODING,2,2,93025370,48.958115,122,HIMALAYAN SOAP & CHEM.- NEPAL,NIRMA,NIRMA,NIRMA-PPH 300 GMS,PLPCH,300.000 GM,,,300.0,GM,0.0
198,2022-01-18,202201,212581910120,1642392714279,53918,122,HIMALAYAN SOAP & CHEM.- NEPAL,NIRMA 1KG,NIRMA WASHING POWER\1000\KG,70,1000 KG,PPH,New SKU,1642392714279-himalayan soap - chem-- nepal-nirma 1kg.png,CROSS CODING,2,3,93019795,49.87366,122,HIMALAYAN SOAP & CHEM.- NEPAL,NIRMA,NIRMA,NIRMA-PPH 150 GMS,PLPCH,150.000 GM,,,150.0,GM,0.0
198,2022-01-18,202201,212581910120,1642392714279,53918,122,HIMALAYAN SOAP & CHEM.- NEPAL,NIRMA 1KG,NIRMA WASHING POWER\1000\KG,70,1000 KG,PPH,New SKU,1642392714279-himalayan soap - chem-- nepal-nirma 1kg.png,CROSS CODING,2,4,93020272,50.79123,122,HIMALAYAN SOAP & CHEM.- NEPAL,NIRMA,NIRMA,NIRMA-PPH 350 GMS,PLPCH,350.000 GM,,,350.0,GM,0.0
198,2022-01-18,202201,212581910120,1642392714279,53918,122,HIMALAYAN SOAP & CHEM.- NEPAL,NIRMA 1KG,NIRMA WASHING POWER\1000\KG,70,1000 KG,PPH,New SKU,1642392714279-himalayan soap - chem-- nepal-nirma 1kg.png,CROSS CODING,2,5,93024798,51.81472,122,HIMALAYAN SOAP & CHEM.- NEPAL,NIRMA,NIRMA,NIRMA-PPH 335 GMS,PLPCH,335.000 GM,,,335.0,GM,0.0
198,2022-01-18,202201,212581910120,1642392714279,53918,122,HIMALAYAN SOAP & CHEM.- NEPAL,NIRMA 1KG,NIRMA WASHING POWER\1000\KG,70,1000 KG,PPH,New SKU,1642392714279-himalayan soap - chem-- nepal-nirma 1kg.png,CROSS CODING,2,6,48728,88.07424,122,HIMGIRI SOAP & CHEMICALS-NEPAL,NIRMA,NIRMA POWER,NIRMA POWER-PPH 1000 GMS,PLPCH,1000.000 GM,,,1000.0,GM,0.0
198,2022-01-18,202201,212581910120,1642392714279,53918,122,HIMALAYAN SOAP & CHEM.- NEPAL,NIRMA 1KG,NIRMA WASHING POWER\1000\KG,70,1000 KG,PPH,New SKU,1642392714279-himalayan soap - chem-- nepal-nirma 1kg.png,CROSS CODING,2,7,99763415,88.81504,122,HIMGIRI SOAP & CHEMICALS-NEPAL,NIRMA,NIRMA POWER,NIRMA POWER-PPH 700 GM,PLPCH,700.000 GM,,,700.0,GM,50.0
198,2022-01-18,202201,212581910120,1642392714279,53918,122,HIMALAYAN SOAP & CHEM.- NEPAL,NIRMA 1KG,NIRMA WASHING POWER\1000\KG,70,1000 KG,PPH,New SKU,1642392714279-himalayan soap - chem-- nepal-nirma 1kg.png,CROSS CODING,2,8,99762430,91.31865,122,HIMGIRI SOAP & CHEMICALS-NEPAL,NIRMA,NIRMA POWER,NIRMA POWER-PPH 200 GMS,PLPCH,200.000 GM,,,200.0,GM,20.0
198,2022-01-18,202201,212581910120,1642392714279,53918,122,HIMALAYAN SOAP & CHEM.- NEPAL,NIRMA 1KG,NIRMA WASHING POWER\1000\KG,70,1000 KG,PPH,New SKU,1642392714279-himalayan soap - chem-- nepal-nirma 1kg.png,CROSS CODING,2,9,51224,92.726616,122,KWALITY SOAPS & CHEM. - NEPAL,123,123,123-PPH 3000 GM,PLPCH,3000.000 GM,,,3000.0,GM,0.0
198,2022-01-18,202201,212581910120,1642392714279,53918,122,HIMALAYAN SOAP & CHEM.- NEPAL,NIRMA 1KG,NIRMA WASHING POWER\1000\KG,70,1000 KG,PPH,New SKU,1642392714279-himalayan soap - chem-- nepal-nirma 1kg.png,CROSS CODING,2,10,51273,92.82211,122,HIMGIRI SOAP & CHEMICALS-NEPAL,NIRMA,NIRMA POWER,NIRMA POWER-PPH 5000 GMS,PLPCH,5000.000 GM,,,5000.0,GM,0.0
199,2022-01-18,202201,212582710074,1642322619570,99763000,118,SAMBHAVI FOOD AND BEVERAGE,SAMBHAVI CHISO COLA,MAINTAIN DEW\2.5\ML,225,PPH,2.5 ML,New SKU,1642322619570-sambhavi food and beverage-sambhavi chiso cola.png,RECODING,5,1,99762462,99.94708,118,SAMBHAVI BEVERAGE-NEPAL,CHISO,CHISO COLA,PET 250 ML,PET,250.000 ML,COLA,,250.0,ML,45.0
199,2022-01-18,202201,212582710074,1642322619570,99763000,118,SAMBHAVI FOOD AND BEVERAGE,SAMBHAVI CHISO COLA,MAINTAIN DEW\2.5\ML,225,PPH,2.5 ML,New SKU,1642322619570-sambhavi food and beverage-sambhavi chiso cola.png,RECODING,5,2,99762463,100.60701,118,SAMBHAVI BEVERAGE-NEPAL,CHISO,CHISO COLA,PET 500 ML,PET,500.000 ML,COLA,,500.0,ML,80.0
199,2022-01-18,202201,212582710074,1642322619570,99763000,118,SAMBHAVI FOOD AND BEVERAGE,SAMBHAVI CHISO COLA,MAINTAIN DEW\2.5\ML,225,PPH,2.5 ML,New SKU,1642322619570-sambhavi food and beverage-sambhavi chiso cola.png,RECODING,5,3,99763001,102.60739,118,SAMBHAVI BEVERAGE-NEPAL,CHISO,CHISO COLA,PET 2500 ML,PET,2500.000 ML,COLA,,2500.0,ML,225.0
199,2022-01-18,202201,212582710074,1642322619570,99763000,118,SAMBHAVI FOOD AND BEVERAGE,SAMBHAVI CHISO COLA,MAINTAIN DEW\2.5\ML,225,PPH,2.5 ML,New SKU,1642322619570-sambhavi food and beverage-sambhavi chiso cola.png,RECODING,5,4,99763572,104.26117,118,SAMBHAVI BEVERAGE-NEPAL,CHISO,CHISO COLA,PET 1500 ML,PET,1500.000 ML,COLA,,1500.0,ML,150.0
199,2022-01-18,202201,212582710074,1642322619570,99763000,118,SAMBHAVI FOOD AND BEVERAGE,SAMBHAVI CHISO COLA,MAINTAIN DEW\2.5\ML,225,PPH,2.5 ML,New SKU,1642322619570-sambhavi food and beverage-sambhavi chiso cola.png,RECODING,5,5,20124896,133.53891,118,SAMBHAVI BEVERAGE-NEPAL,SPEED DEW,SPEED DEW LEMON,LEMON PET 250 ML,PET,250.000 ML,LEMON,,250.0,ML,0.0
199,2022-01-18,202201,212582710074,1642322619570,99763000,118,SAMBHAVI FOOD AND BEVERAGE,SAMBHAVI CHISO COLA,MAINTAIN DEW\2.5\ML,225,PPH,2.5 ML,New SKU,1642322619570-sambhavi food and beverage-sambhavi chiso cola.png,RECODING,5,6,46397,134.7027,118,SAMBHAVI BEVERAGE-NEPAL,SPEED DEW,SPEED DEW LEMON,LEMON PET 500 ML,PET,500.000 ML,LEMON,,500.0,ML,0.0
199,2022-01-18,202201,212582710074,1642322619570,99763000,118,SAMBHAVI FOOD AND BEVERAGE,SAMBHAVI CHISO COLA,MAINTAIN DEW\2.5\ML,225,PPH,2.5 ML,New SKU,1642322619570-sambhavi food and beverage-sambhavi chiso cola.png,RECODING,5,7,51544,135.37456,118,SAMBHAVI BEVERAGE-NEPAL,MAINTAN DEW,MAINTAN DEW,PET 250 ML,PET,250.000 ML,LEMON,,250.0,ML,0.0
199,2022-01-18,202201,212582710074,1642322619570,99763000,118,SAMBHAVI FOOD AND BEVERAGE,SAMBHAVI CHISO COLA,MAINTAIN DEW\2.5\ML,225,PPH,2.5 ML,New SKU,1642322619570-sambhavi food and beverage-sambhavi chiso cola.png,RECODING,5,8,52746,136.0245,118,SAMBHAVI BEVERAGE-NEPAL,MAINTAN DEW,MAINTAN DEW,PET 500 ML,PET,500.000 ML,LEMON,,500.0,ML,0.0
199,2022-01-18,202201,212582710074,1642322619570,99763000,118,SAMBHAVI FOOD AND BEVERAGE,SAMBHAVI CHISO COLA,MAINTAIN DEW\2.5\ML,225,PPH,2.5 ML,New SKU,1642322619570-sambhavi food and beverage-sambhavi chiso cola.png,RECODING,5,9,99765445,136.59137,118,SHAMBHAVI FOOD & BEVERAGES-NEPAL,MAINTAIN DEW,MAINTAIN DEW,PET 2250 ML,PET,2250.000 ML,LEMON,,2250.0,ML,260.0
199,2022-01-18,202201,212582710074,1642322619570,99763000,118,SAMBHAVI FOOD AND BEVERAGE,SAMBHAVI CHISO COLA,MAINTAIN DEW\2.5\ML,225,PPH,2.5 ML,New SKU,1642322619570-sambhavi food and beverage-sambhavi chiso cola.png,RECODING,5,10,99763000,138.00453,118,SAMBHAVI BEVERAGE-NEPAL,MAINTAN DEW,MAINTAN DEW,PET 2500 ML,PET,2500.000 ML,LEMON,,2500.0,ML,225.0
200,2022-01-18,202201,212582710074,1642322464421,99763001,118,SAMBHAVI BEVERAGE-NEPAL,SAMBHAVI CHISO COLA,SAMBHAVI CHIS OCOLA\2.5\ML,225,PPH,2.5 ML,New SKU,1642322464421-sambhavi beverage-nepal-sambhavi chiso cola.png,RECODING,5,1,99762463,46.082363,118,SAMBHAVI BEVERAGE-NEPAL,CHISO,CHISO COLA,PET 500 ML,PET,500.000 ML,COLA,,500.0,ML,80.0
200,2022-01-18,202201,212582710074,1642322464421,99763001,118,SAMBHAVI BEVERAGE-NEPAL,SAMBHAVI CHISO COLA,SAMBHAVI CHIS OCOLA\2.5\ML,225,PPH,2.5 ML,New SKU,1642322464421-sambhavi beverage-nepal-sambhavi chiso cola.png,RECODING,5,2,99762462,46.905075,118,SAMBHAVI BEVERAGE-NEPAL,CHISO,CHISO COLA,PET 250 ML,PET,250.000 ML,COLA,,250.0,ML,45.0
200,2022-01-18,202201,212582710074,1642322464421,99763001,118,SAMBHAVI BEVERAGE-NEPAL,SAMBHAVI CHISO COLA,SAMBHAVI CHIS OCOLA\2.5\ML,225,PPH,2.5 ML,New SKU,1642322464421-sambhavi beverage-nepal-sambhavi chiso cola.png,RECODING,5,3,99763572,48.216484,118,SAMBHAVI BEVERAGE-NEPAL,CHISO,CHISO COLA,PET 1500 ML,PET,1500.000 ML,COLA,,1500.0,ML,150.0
200,2022-01-18,202201,212582710074,1642322464421,99763001,118,SAMBHAVI BEVERAGE-NEPAL,SAMBHAVI CHISO COLA,SAMBHAVI CHIS OCOLA\2.5\ML,225,PPH,2.5 ML,New SKU,1642322464421-sambhavi beverage-nepal-sambhavi chiso cola.png,RECODING,5,4,99763001,48.911255,118,SAMBHAVI BEVERAGE-NEPAL,CHISO,CHISO COLA,PET 2500 ML,PET,2500.000 ML,COLA,,2500.0,ML,225.0
200,2022-01-18,202201,212582710074,1642322464421,99763001,118,SAMBHAVI BEVERAGE-NEPAL,SAMBHAVI CHISO COLA,SAMBHAVI CHIS OCOLA\2.5\ML,225,PPH,2.5 ML,New SKU,1642322464421-sambhavi beverage-nepal-sambhavi chiso cola.png,RECODING,5,5,20120794,80.0338,118,SAMBHAVI BEVERAGE-NEPAL,CHOICE COLA,CHOICE COLA,PET 600 ML,PET,600.000 ML,COLA,,600.0,ML,0.0
200,2022-01-18,202201,212582710074,1642322464421,99763001,118,SAMBHAVI BEVERAGE-NEPAL,SAMBHAVI CHISO COLA,SAMBHAVI CHIS OCOLA\2.5\ML,225,PPH,2.5 ML,New SKU,1642322464421-sambhavi beverage-nepal-sambhavi chiso cola.png,RECODING,5,6,20120793,82.51155,118,SAMBHAVI BEVERAGE-NEPAL,CHOICE COLA,CHOICE COLA,PET 300 ML,PET,300.000 ML,COLA,,300.0,ML,0.0
200,2022-01-18,202201,212582710074,1642322464421,99763001,118,SAMBHAVI BEVERAGE-NEPAL,SAMBHAVI CHISO COLA,SAMBHAVI CHIS OCOLA\2.5\ML,225,PPH,2.5 ML,New SKU,1642322464421-sambhavi beverage-nepal-sambhavi chiso cola.png,RECODING,5,7,99763940,91.81245,118,SAMBHAVI BEVERAGE-NEPAL,CAMPA,CAMPA ORANGE,PET 250 ML,PET,250.000 ML,ORANGE,,250.0,ML,40.0
200,2022-01-18,202201,212582710074,1642322464421,99763001,118,SAMBHAVI BEVERAGE-NEPAL,SAMBHAVI CHISO COLA,SAMBHAVI CHIS OCOLA\2.5\ML,225,PPH,2.5 ML,New SKU,1642322464421-sambhavi beverage-nepal-sambhavi chiso cola.png,RECODING,5,8,46404,96.66283,118,SAMBHAVI BEVERAGE-NEPAL,CHOICE COLA,CHOICE COLA,COLA FLAVOUR PET 250 ML,PET,250.000 ML,COLA,,250.0,ML,0.0
200,2022-01-18,202201,212582710074,1642322464421,99763001,118,SAMBHAVI BEVERAGE-NEPAL,SAMBHAVI CHISO COLA,SAMBHAVI CHIS OCOLA\2.5\ML,225,PPH,2.5 ML,New SKU,1642322464421-sambhavi beverage-nepal-sambhavi chiso cola.png,RECODING,5,9,46402,98.2981,118,SAMBHAVI BEVERAGE-NEPAL,CHOICE COLA,CHOICE COLA,COLA FLAVOUR PET 500 ML,PET,500.000 ML,COLA,,500.0,ML,0.0
200,2022-01-18,202201,212582710074,1642322464421,99763001,118,SAMBHAVI BEVERAGE-NEPAL,SAMBHAVI CHISO COLA,SAMBHAVI CHIS OCOLA\2.5\ML,225,PPH,2.5 ML,New SKU,1642322464421-sambhavi beverage-nepal-sambhavi chiso cola.png,RECODING,5,10,20110833,99.32161,118,SAMBHAVI BEVERAGE-NEPAL,MALINGO,MALINGO,PET 250 ML,PET,250.000 ML,COLA,,250.0,ML,0.0
201,2022-01-18,202201,128238054,1642404089923,,132,BRAJESHWORI INDUSTRIES PVT LTD-NEPAL ,TENDER TOUCH ,TENDER TOUCH L 5,100,PPH,5NOS,,1642404089923-brajeshwori industries pvt ltd-nepal -tender touch .png,PARKER FOR NEXT MONTH,999,1,99763075,108.226456,132,BRAJESHWORI INDUSTRIES-NEPAL,TENDER TOUCH,TENDER TOUCH BABY PULL UP PANTS,TENDER TOUCH BABY PULL UP PANTS-LARGE(L) PPH 5 NOS,PLPCH,5.000 NO,,,5.0,NO,100.0
201,2022-01-18,202201,128238054,1642404089923,,132,BRAJESHWORI INDUSTRIES PVT LTD-NEPAL ,TENDER TOUCH ,TENDER TOUCH L 5,100,PPH,5NOS,,1642404089923-brajeshwori industries pvt ltd-nepal -tender touch .png,PARKER FOR NEXT MONTH,999,2,99763184,109.37119,132,BRAJESHWORI INDUSTRIES-NEPAL,TENDER TOUCH,TENDER TOUCH BABY PULL UP PANTS,TENDER TOUCH BABY PULL UP PANTS-SMALL(S) PPH 5 NOS,PLPCH,5.000 NO,,,5.0,NO,100.0
201,2022-01-18,202201,128238054,1642404089923,,132,BRAJESHWORI INDUSTRIES PVT LTD-NEPAL ,TENDER TOUCH ,TENDER TOUCH L 5,100,PPH,5NOS,,1642404089923-brajeshwori industries pvt ltd-nepal -tender touch .png,PARKER FOR NEXT MONTH,999,3,99763183,111.40282,132,BRAJESHWORI INDUSTRIES-NEPAL,TENDER TOUCH,TENDER TOUCH BABY PULL UP PANTS,TENDER TOUCH BABY PULL UP PANTS-MEDIUM(M) PPH 5 NOS,PLPCH,5.000 NO,,,5.0,NO,100.0
201,2022-01-18,202201,128238054,1642404089923,,132,BRAJESHWORI INDUSTRIES PVT LTD-NEPAL ,TENDER TOUCH ,TENDER TOUCH L 5,100,PPH,5NOS,,1642404089923-brajeshwori industries pvt ltd-nepal -tender touch .png,PARKER FOR NEXT MONTH,999,4,99763587,181.64452,132,BRAJESHWORI INDUSTRIES-NEPAL,NYANO,NYANO BABY PULL UP PANTS,NYANO BABY PULL UP PANTS-LARGE(L) PPH 5 NOS,PLPCH,5.000 NO,,,5.0,NO,100.0
201,2022-01-18,202201,128238054,1642404089923,,132,BRAJESHWORI INDUSTRIES PVT LTD-NEPAL ,TENDER TOUCH ,TENDER TOUCH L 5,100,PPH,5NOS,,1642404089923-brajeshwori industries pvt ltd-nepal -tender touch .png,PARKER FOR NEXT MONTH,999,5,99763025,181.7927,132,BRAJESHWORI INDUSTRIES-NEPAL,NYANO,NYANO BABY PULL UP PANTS,NYANO BABY PULL UP PANTS-SMALL(S) PPH 5 NOS,PLPCH,5.000 NO,,,5.0,NO,100.0
201,2022-01-18,202201,128238054,1642404089923,,132,BRAJESHWORI INDUSTRIES PVT LTD-NEPAL ,TENDER TOUCH ,TENDER TOUCH L 5,100,PPH,5NOS,,1642404089923-brajeshwori industries pvt ltd-nepal -tender touch .png,PARKER FOR NEXT MONTH,999,6,99764417,184.60316,132,BRAJESHWORI INDUSTRIES-NEPAL,NYANO,NYANO BABY PULL UP PANTS,NYANO BABY PULL UP PANTS-LARGE(L) PPH 4 NOS,PLPCH,4.000 NO,,,4.0,NO,100.0
201,2022-01-18,202201,128238054,1642404089923,,132,BRAJESHWORI INDUSTRIES PVT LTD-NEPAL ,TENDER TOUCH ,TENDER TOUCH L 5,100,PPH,5NOS,,1642404089923-brajeshwori industries pvt ltd-nepal -tender touch .png,PARKER FOR NEXT MONTH,999,7,99763208,185.64365,132,BRAJESHWORI INDUSTRIES-NEPAL,NYANO,NYANO BABY PULL UP PANTS,NYANO BABY PULL UP PANTS-MEDIUM(M) PPH 5 NOS,PLPCH,5.000 NO,,,5.0,NO,100.0
201,2022-01-18,202201,128238054,1642404089923,,132,BRAJESHWORI INDUSTRIES PVT LTD-NEPAL ,TENDER TOUCH ,TENDER TOUCH L 5,100,PPH,5NOS,,1642404089923-brajeshwori industries pvt ltd-nepal -tender touch .png,PARKER FOR NEXT MONTH,999,8,99764738,196.96815,132,BRAJESHWORI INDUSTRIES-NEPAL,NYANO,NYANO BABY PULL UP PANTS,NYANO BABY PULL UP PANTS-EXTRA LARGE(XL) PPH 4 NOS,PLPCH,4.000 NO,,,4.0,NO,100.0
201,2022-01-18,202201,128238054,1642404089923,,132,BRAJESHWORI INDUSTRIES PVT LTD-NEPAL ,TENDER TOUCH ,TENDER TOUCH L 5,100,PPH,5NOS,,1642404089923-brajeshwori industries pvt ltd-nepal -tender touch .png,PARKER FOR NEXT MONTH,999,9,99762630,199.75955,132,A.G. HEALTH INDUSTRIES PVT LTD-NEPAL,SAGUN BABY,SAGUN BABY POKO PANTS,SAGUN BABY POKO PANTS-LARGE(L) PPH 5 NOS,PLPCH,5.000 NO,,,5.0,NO,100.0
201,2022-01-18,202201,128238054,1642404089923,,132,BRAJESHWORI INDUSTRIES PVT LTD-NEPAL ,TENDER TOUCH ,TENDER TOUCH L 5,100,PPH,5NOS,,1642404089923-brajeshwori industries pvt ltd-nepal -tender touch .png,PARKER FOR NEXT MONTH,999,10,99762604,200.54605,132,A.G. HEALTH INDUSTRIES PVT LTD-NEPAL,SAGUN BABY,SAGUN BABY POKO PANTS,SAGUN BABY POKO PANTS-SMALL(S) PPH 5 NOS,PLPCH,5.000 NO,,,5.0,NO,100.0
202,2022-01-18,202201,128238054,1642404274776,,132,BRAJESHWORI INDUSTRIES PVT LTD-NEPAL ,TENDER TOUCH ,TENDER TOUCH S 5,100,PPH,5NOS,,1642404274776-brajeshwori industries pvt ltd-nepal -tender touch .png,PARKER FOR NEXT MONTH,999,1,99763184,110.62397,132,BRAJESHWORI INDUSTRIES-NEPAL,TENDER TOUCH,TENDER TOUCH BABY PULL UP PANTS,TENDER TOUCH BABY PULL UP PANTS-SMALL(S) PPH 5 NOS,PLPCH,5.000 NO,,,5.0,NO,100.0
202,2022-01-18,202201,128238054,1642404274776,,132,BRAJESHWORI INDUSTRIES PVT LTD-NEPAL ,TENDER TOUCH ,TENDER TOUCH S 5,100,PPH,5NOS,,1642404274776-brajeshwori industries pvt ltd-nepal -tender touch .png,PARKER FOR NEXT MONTH,999,2,99763075,112.211685,132,BRAJESHWORI INDUSTRIES-NEPAL,TENDER TOUCH,TENDER TOUCH BABY PULL UP PANTS,TENDER TOUCH BABY PULL UP PANTS-LARGE(L) PPH 5 NOS,PLPCH,5.000 NO,,,5.0,NO,100.0
202,2022-01-18,202201,128238054,1642404274776,,132,BRAJESHWORI INDUSTRIES PVT LTD-NEPAL ,TENDER TOUCH ,TENDER TOUCH S 5,100,PPH,5NOS,,1642404274776-brajeshwori industries pvt ltd-nepal -tender touch .png,PARKER FOR NEXT MONTH,999,3,99763183,113.05936,132,BRAJESHWORI INDUSTRIES-NEPAL,TENDER TOUCH,TENDER TOUCH BABY PULL UP PANTS,TENDER TOUCH BABY PULL UP PANTS-MEDIUM(M) PPH 5 NOS,PLPCH,5.000 NO,,,5.0,NO,100.0
202,2022-01-18,202201,128238054,1642404274776,,132,BRAJESHWORI INDUSTRIES PVT LTD-NEPAL ,TENDER TOUCH ,TENDER TOUCH S 5,100,PPH,5NOS,,1642404274776-brajeshwori industries pvt ltd-nepal -tender touch .png,PARKER FOR NEXT MONTH,999,4,99763025,179.92299,132,BRAJESHWORI INDUSTRIES-NEPAL,NYANO,NYANO BABY PULL UP PANTS,NYANO BABY PULL UP PANTS-SMALL(S) PPH 5 NOS,PLPCH,5.000 NO,,,5.0,NO,100.0
202,2022-01-18,202201,128238054,1642404274776,,132,BRAJESHWORI INDUSTRIES PVT LTD-NEPAL ,TENDER TOUCH ,TENDER TOUCH S 5,100,PPH,5NOS,,1642404274776-brajeshwori industries pvt ltd-nepal -tender touch .png,PARKER FOR NEXT MONTH,999,5,99763587,183.13046,132,BRAJESHWORI INDUSTRIES-NEPAL,NYANO,NYANO BABY PULL UP PANTS,NYANO BABY PULL UP PANTS-LARGE(L) PPH 5 NOS,PLPCH,5.000 NO,,,5.0,NO,100.0
202,2022-01-18,202201,128238054,1642404274776,,132,BRAJESHWORI INDUSTRIES PVT LTD-NEPAL ,TENDER TOUCH ,TENDER TOUCH S 5,100,PPH,5NOS,,1642404274776-brajeshwori industries pvt ltd-nepal -tender touch .png,PARKER FOR NEXT MONTH,999,6,99763208,184.25052,132,BRAJESHWORI INDUSTRIES-NEPAL,NYANO,NYANO BABY PULL UP PANTS,NYANO BABY PULL UP PANTS-MEDIUM(M) PPH 5 NOS,PLPCH,5.000 NO,,,5.0,NO,100.0
202,2022-01-18,202201,128238054,1642404274776,,132,BRAJESHWORI INDUSTRIES PVT LTD-NEPAL ,TENDER TOUCH ,TENDER TOUCH S 5,100,PPH,5NOS,,1642404274776-brajeshwori industries pvt ltd-nepal -tender touch .png,PARKER FOR NEXT MONTH,999,7,99764417,186.23708,132,BRAJESHWORI INDUSTRIES-NEPAL,NYANO,NYANO BABY PULL UP PANTS,NYANO BABY PULL UP PANTS-LARGE(L) PPH 4 NOS,PLPCH,4.000 NO,,,4.0,NO,100.0
202,2022-01-18,202201,128238054,1642404274776,,132,BRAJESHWORI INDUSTRIES PVT LTD-NEPAL ,TENDER TOUCH ,TENDER TOUCH S 5,100,PPH,5NOS,,1642404274776-brajeshwori industries pvt ltd-nepal -tender touch .png,PARKER FOR NEXT MONTH,999,8,99764738,197.52087,132,BRAJESHWORI INDUSTRIES-NEPAL,NYANO,NYANO BABY PULL UP PANTS,NYANO BABY PULL UP PANTS-EXTRA LARGE(XL) PPH 4 NOS,PLPCH,4.000 NO,,,4.0,NO,100.0
202,2022-01-18,202201,128238054,1642404274776,,132,BRAJESHWORI INDUSTRIES PVT LTD-NEPAL ,TENDER TOUCH ,TENDER TOUCH S 5,100,PPH,5NOS,,1642404274776-brajeshwori industries pvt ltd-nepal -tender touch .png,PARKER FOR NEXT MONTH,999,9,99762604,199.43365,132,A.G. HEALTH INDUSTRIES PVT LTD-NEPAL,SAGUN BABY,SAGUN BABY POKO PANTS,SAGUN BABY POKO PANTS-SMALL(S) PPH 5 NOS,PLPCH,5.000 NO,,,5.0,NO,100.0
202,2022-01-18,202201,128238054,1642404274776,,132,BRAJESHWORI INDUSTRIES PVT LTD-NEPAL ,TENDER TOUCH ,TENDER TOUCH S 5,100,PPH,5NOS,,1642404274776-brajeshwori industries pvt ltd-nepal -tender touch .png,PARKER FOR NEXT MONTH,999,10,99762630,201.47285,132,A.G. HEALTH INDUSTRIES PVT LTD-NEPAL,SAGUN BABY,SAGUN BABY POKO PANTS,SAGUN BABY POKO PANTS-LARGE(L) PPH 5 NOS,PLPCH,5.000 NO,,,5.0,NO,100.0
203,2022-01-18,202201,222691310150,1642320174722,,122,SEN SOAP IND - NEPAL,SAGAR,SAGAR/275GM,25,PPH,275GM,,1642320174722-sen soap ind - nepal-sagar.png,PARKER FOR NEXT MONTH,999,1,50250,76.85725,122,SEN SOAP IND - NEPAL,SUSEN,SUSEN,SUSEN-PPH 275 GM,PLPCH,275.000 GM,,,275.0,GM,0.0
203,2022-01-18,202201,222691310150,1642320174722,,122,SEN SOAP IND - NEPAL,SAGAR,SAGAR/275GM,25,PPH,275GM,,1642320174722-sen soap ind - nepal-sagar.png,PARKER FOR NEXT MONTH,999,2,93019255,90.68706,122,SEN SOAP IND - NEPAL,SUSSEN,SUSSEN,SUSSEN-PPH  400 GMS,PLPCH,400.000 GM,,,400.0,GM,0.0
203,2022-01-18,202201,222691310150,1642320174722,,122,SEN SOAP IND - NEPAL,SAGAR,SAGAR/275GM,25,PPH,275GM,,1642320174722-sen soap ind - nepal-sagar.png,PARKER FOR NEXT MONTH,999,3,93019044,130.72348,122,SAHARA SOAP & CHEM. - NEPAL,SEWA,SEWA,SEWA-PPH 375 GMS,PLPCH,375.000 GM,,,375.0,GM,0.0
203,2022-01-18,202201,222691310150,1642320174722,,122,SEN SOAP IND - NEPAL,SAGAR,SAGAR/275GM,25,PPH,275GM,,1642320174722-sen soap ind - nepal-sagar.png,PARKER FOR NEXT MONTH,999,4,93018327,130.77931,122,SAHARA SOAP & CHEM. - NEPAL,SEWA,SEWA,SEWA-PPH 475 GMS,PLPCH,475.000 GM,,,475.0,GM,0.0
203,2022-01-18,202201,222691310150,1642320174722,,122,SEN SOAP IND - NEPAL,SAGAR,SAGAR/275GM,25,PPH,275GM,,1642320174722-sen soap ind - nepal-sagar.png,PARKER FOR NEXT MONTH,999,5,51683,131.46977,122,KWALITY SOAPS & CHEM. - NEPAL,123,123,123-PPH 4500 GM+FR BUCKET FRE,PLPCH,4500.000 GM,,,4500.0,GM,0.0
203,2022-01-18,202201,222691310150,1642320174722,,122,SEN SOAP IND - NEPAL,SAGAR,SAGAR/275GM,25,PPH,275GM,,1642320174722-sen soap ind - nepal-sagar.png,PARKER FOR NEXT MONTH,999,6,50551,131.85242,122,KWALITY SOAPS & CHEM. - NEPAL,KWALITY,KWALITY SUBH SHAKTI,KWALITY SUBH SHAKTI-PPH 250 GM,PLPCH,250.000 GM,,,250.0,GM,0.0
203,2022-01-18,202201,222691310150,1642320174722,,122,SEN SOAP IND - NEPAL,SAGAR,SAGAR/275GM,25,PPH,275GM,,1642320174722-sen soap ind - nepal-sagar.png,PARKER FOR NEXT MONTH,999,7,93016730,132.69577,122,ROYAL SOAP IND - NEPAL,GO GO,GO GO,GO GO-PPH 250  GMS,PLPCH,250.000 GM,,,250.0,GM,0.0
203,2022-01-18,202201,222691310150,1642320174722,,122,SEN SOAP IND - NEPAL,SAGAR,SAGAR/275GM,25,PPH,275GM,,1642320174722-sen soap ind - nepal-sagar.png,PARKER FOR NEXT MONTH,999,8,93018550,132.72476,122,SAHARA SOAP & CHEM. - NEPAL,SEWA,SEWA,SEWA-PPH 180 GMS,PLPCH,180.000 GM,,,180.0,GM,0.0
203,2022-01-18,202201,222691310150,1642320174722,,122,SEN SOAP IND - NEPAL,SAGAR,SAGAR/275GM,25,PPH,275GM,,1642320174722-sen soap ind - nepal-sagar.png,PARKER FOR NEXT MONTH,999,9,54255,133.37352,122,KWALITY SOAPS & CHEM. - NEPAL,KWALITY,KWALITY SUBH SHAKTI,KWALITY SUBH SHAKTI-PPH 225 GM,PLPCH,225.000 GM,,,225.0,GM,0.0
203,2022-01-18,202201,222691310150,1642320174722,,122,SEN SOAP IND - NEPAL,SAGAR,SAGAR/275GM,25,PPH,275GM,,1642320174722-sen soap ind - nepal-sagar.png,PARKER FOR NEXT MONTH,999,10,93018762,133.4584,122,KWALITY SOAPS & CHEM. - NEPAL,SUBH,SUBH,SUBH-PPH 400 GMS,PLPCH,400.000 GM,,,400.0,GM,0.0
204,2022-01-19,202201,132701842,1642490767767,,123,DEUTI SOAP & CHEMICAL-NEPAL,YASHODA,YASHODA/400/GM/PBT,55,PBT,400 GM,,1642490767767-deuti soap - chemical-nepal-yashoda.png,PARKER FOR NEXT MONTH,999,1,99763343,29.674004,123,DEUTI SOAP & CHEMICAL-NEPAL,YASHODA,YASHODA,YASHODA-LAUNDRY SOAP PPH 100 GM,PLPCH,100.000 GM,,,100.0,GM,20.0
204,2022-01-19,202201,132701842,1642490767767,,123,DEUTI SOAP & CHEMICAL-NEPAL,YASHODA,YASHODA/400/GM/PBT,55,PBT,400 GM,,1642490767767-deuti soap - chemical-nepal-yashoda.png,PARKER FOR NEXT MONTH,999,2,99762943,29.692556,123,DEUTI SOAP & CHEMICAL-NEPAL,YASHODA,YASHODA,YASHODA-LAUNDRY SOAP PPH 200 GM,PLPCH,200.000 GM,,,200.0,GM,40.0
204,2022-01-19,202201,132701842,1642490767767,,123,DEUTI SOAP & CHEMICAL-NEPAL,YASHODA,YASHODA/400/GM/PBT,55,PBT,400 GM,,1642490767767-deuti soap - chemical-nepal-yashoda.png,PARKER FOR NEXT MONTH,999,3,99763027,30.028206,123,DEUTI SOAP & CHEMICAL-NEPAL,YASHODA,YASHODA,YASHODA-LAUNDRY SOAP PPH 250 GM,PLPCH,250.000 GM,,,250.0,GM,50.0
204,2022-01-19,202201,132701842,1642490767767,,123,DEUTI SOAP & CHEMICAL-NEPAL,YASHODA,YASHODA/400/GM/PBT,55,PBT,400 GM,,1642490767767-deuti soap - chemical-nepal-yashoda.png,PARKER FOR NEXT MONTH,999,4,99763662,31.765327,123,DEUTI SOAP & CHEMICAL-NEPAL,YASHODA,YASHODA,YASHODA-LAUNDRY SOAP PPH 150 GM,PLPCH,150.000 GM,,,150.0,GM,30.0
204,2022-01-19,202201,132701842,1642490767767,,123,DEUTI SOAP & CHEMICAL-NEPAL,YASHODA,YASHODA/400/GM/PBT,55,PBT,400 GM,,1642490767767-deuti soap - chemical-nepal-yashoda.png,PARKER FOR NEXT MONTH,999,5,99763915,32.639336,123,DEUTI SOAP & CHEMICAL-NEPAL,YASHODA,YASHODA,YASHODA-LAUNDRY SOAP PPH 3*200 GM [600 GM],PLPCH,200.000 GM,,,600.0,GM,120.0
204,2022-01-19,202201,132701842,1642490767767,,123,DEUTI SOAP & CHEMICAL-NEPAL,YASHODA,YASHODA/400/GM/PBT,55,PBT,400 GM,,1642490767767-deuti soap - chemical-nepal-yashoda.png,PARKER FOR NEXT MONTH,999,6,99763525,33.108383,123,DEUTI SOAP & CHEMICAL-NEPAL,YASHODA,YASHODA,YASHODA-LAUNDRY SOAP PPH 6*300 GM [1800GM],PLPCH,300.000 GM,,,1800.0,GM,350.0
204,2022-01-19,202201,132701842,1642490767767,,123,DEUTI SOAP & CHEMICAL-NEPAL,YASHODA,YASHODA/400/GM/PBT,55,PBT,400 GM,,1642490767767-deuti soap - chemical-nepal-yashoda.png,PARKER FOR NEXT MONTH,999,7,99762523,36.436653,123,DEUTI SOAP & CHEMICAL-NEPAL,YASHODA,YASHODA,YASHODA-LEMON EWP 100 GM,EWRPK,100.000 GM,,,100.0,GM,10.0
204,2022-01-19,202201,132701842,1642490767767,,123,DEUTI SOAP & CHEMICAL-NEPAL,YASHODA,YASHODA/400/GM/PBT,55,PBT,400 GM,,1642490767767-deuti soap - chemical-nepal-yashoda.png,PARKER FOR NEXT MONTH,999,8,99763284,55.348503,123,DEUTI SOAP & CHEMICAL-NEPAL,YASHODA,YASHODA,YASHODA-DETERGENT CAKE PCN 400GM,PLJAR,400.000 GM,,,400.0,GM,55.0
204,2022-01-19,202201,132701842,1642490767767,,123,DEUTI SOAP & CHEMICAL-NEPAL,YASHODA,YASHODA/400/GM/PBT,55,PBT,400 GM,,1642490767767-deuti soap - chemical-nepal-yashoda.png,PARKER FOR NEXT MONTH,999,9,99763283,61.189957,123,DEUTI SOAP & CHEMICAL-NEPAL,YASHODA,YASHODA,YASHODA-DETERGENT CAKE PCN 400GM+FREE SCRUBBER,PLJAR,400.000 GM,,,400.0,GM,55.0
204,2022-01-19,202201,132701842,1642490767767,,123,DEUTI SOAP & CHEMICAL-NEPAL,YASHODA,YASHODA/400/GM/PBT,55,PBT,400 GM,,1642490767767-deuti soap - chemical-nepal-yashoda.png,PARKER FOR NEXT MONTH,999,10,99763949,85.04923,123,DEUTI SOAP & CHEMICAL-NEPAL,BHERI,BHERI,BHERI-CLEAN & FRESH PPH 200 GM,PLPCH,200.000 GM,,,200.0,GM,40.0
205,2022-01-20,202201,132629138,1642571245522,,123,HIMGIRI HYGIENE PVT LTD-NEPAL,FIZZ,FIZZ/100/GM/PPH,20,PPH,100 GM,,1642571245522-himgiri hygiene pvt ltd-nepal-fizz.png,PARKER FOR NEXT MONTH,999,1,99764080,48.103638,123,HIMGIRI HYGIENE PVT LTD-NEPAL,FIZZ,FIZZ,FIZZ-LAUNDRY SOAP PPH 100 GM,PLPCH,100.000 GM,,,100.0,GM,20.0
205,2022-01-20,202201,132629138,1642571245522,,123,HIMGIRI HYGIENE PVT LTD-NEPAL,FIZZ,FIZZ/100/GM/PPH,20,PPH,100 GM,,1642571245522-himgiri hygiene pvt ltd-nepal-fizz.png,PARKER FOR NEXT MONTH,999,2,99763281,52.853893,123,HIMGIRI HYGIENE PVT LTD-NEPAL,FIZZ,FIZZ,FIZZ-LAUNDRY SOAP PPH 150 GM,PLPCH,150.000 GM,,,150.0,GM,30.0
205,2022-01-20,202201,132629138,1642571245522,,123,HIMGIRI HYGIENE PVT LTD-NEPAL,FIZZ,FIZZ/100/GM/PPH,20,PPH,100 GM,,1642571245522-himgiri hygiene pvt ltd-nepal-fizz.png,PARKER FOR NEXT MONTH,999,3,99763404,52.901108,123,HIMGIRI HYGIENE PVT LTD-NEPAL,FIZZ,FIZZ,FIZZ-LAUNDRY SOAP PPH 200 GM,PLPCH,200.000 GM,,,200.0,GM,40.0
205,2022-01-20,202201,132629138,1642571245522,,123,HIMGIRI HYGIENE PVT LTD-NEPAL,FIZZ,FIZZ/100/GM/PPH,20,PPH,100 GM,,1642571245522-himgiri hygiene pvt ltd-nepal-fizz.png,PARKER FOR NEXT MONTH,999,4,99763914,54.60375,123,HIMGIRI HYGIENE PVT LTD-NEPAL,FIZZ,FIZZ,FIZZ-LAUNDRY SOAP PPH 125 GM,PLPCH,125.000 GM,,,125.0,GM,25.0
205,2022-01-20,202201,132629138,1642571245522,,123,HIMGIRI HYGIENE PVT LTD-NEPAL,FIZZ,FIZZ/100/GM/PPH,20,PPH,100 GM,,1642571245522-himgiri hygiene pvt ltd-nepal-fizz.png,PARKER FOR NEXT MONTH,999,5,99763288,54.85087,123,HIMGIRI HYGIENE PVT LTD-NEPAL,FIZZ,FIZZ,FIZZ-LAUNDRY SOAP PPH 3*167 GM [500GM],PLPCH,167.000 GM,,,500.0,GM,100.0
205,2022-01-20,202201,132629138,1642571245522,,123,HIMGIRI HYGIENE PVT LTD-NEPAL,FIZZ,FIZZ/100/GM/PPH,20,PPH,100 GM,,1642571245522-himgiri hygiene pvt ltd-nepal-fizz.png,PARKER FOR NEXT MONTH,999,6,99763552,63.856564,123,HIMGIRI HYGIENE PVT LTD-NEPAL,SHAKTI,SHAKTI,SHAKTI-PPH 100 GM,PLPCH,100.000 GM,,,100.0,GM,20.0
205,2022-01-20,202201,132629138,1642571245522,,123,HIMGIRI HYGIENE PVT LTD-NEPAL,FIZZ,FIZZ/100/GM/PPH,20,PPH,100 GM,,1642571245522-himgiri hygiene pvt ltd-nepal-fizz.png,PARKER FOR NEXT MONTH,999,7,99763248,68.24414,123,HIMGIRI HYGIENE PVT LTD-NEPAL,SHOVA,SHOVA,SHOVA-PPH 125 GM,PLPCH,125.000 GM,,,125.0,GM,20.0
205,2022-01-20,202201,132629138,1642571245522,,123,HIMGIRI HYGIENE PVT LTD-NEPAL,FIZZ,FIZZ/100/GM/PPH,20,PPH,100 GM,,1642571245522-himgiri hygiene pvt ltd-nepal-fizz.png,PARKER FOR NEXT MONTH,999,8,99762549,69.05498,123,HIMGIRI SOAP & CHEMICALS-NEPAL,FIZZ,FIZZ,FIZZ-PPH 150 GM,PLPCH,150.000 GM,,,150.0,GM,30.0
205,2022-01-20,202201,132629138,1642571245522,,123,HIMGIRI HYGIENE PVT LTD-NEPAL,FIZZ,FIZZ/100/GM/PPH,20,PPH,100 GM,,1642571245522-himgiri hygiene pvt ltd-nepal-fizz.png,PARKER FOR NEXT MONTH,999,9,99763002,69.33498,123,HIMGIRI HYGIENE PVT LTD-NEPAL,SHAKTI,SHAKTI,SHAKTI-PPH 250 GM,PLPCH,250.000 GM,,,250.0,GM,40.0
205,2022-01-20,202201,132629138,1642571245522,,123,HIMGIRI HYGIENE PVT LTD-NEPAL,FIZZ,FIZZ/100/GM/PPH,20,PPH,100 GM,,1642571245522-himgiri hygiene pvt ltd-nepal-fizz.png,PARKER FOR NEXT MONTH,999,10,54382,69.62094,123,HIMGIRI SOAP & CHEMICALS-NEPAL,FIZZ,FIZZ,FIZZ-PPH 200 GM,PLPCH,200.000 GM,,,200.0,GM,0.0
