t_row_id,t_DATE,t_PERIOD,t_STORECODE,t_ITEMCODE,t_NEW_CODES,t_CATEGORY,t_MANUFACTURE,t_BRAND,t_ITEMDESC,t_MRP,t_PACKSIZE,t_PACKTYPE,t_COMMENTS,t_IMAGE,t_CODE COMMENT,t_FLAG,rank,matched_itemcode,distance,m_catcode,m_company,m_mbrand,m_brand,m_sku,m_packtype,m_base_pack,m_flavor,m_color,m_wght,m_uom,m_mrp
0,2022-11-23 00:00:00,202211.0,130254973.0,1669107381065.0,99764385.0,123.0,ALOK UDHYOG SAMITI-INDIA,JAY GREEN,JAY GREEN/DETERGENT CAKE/105GM/PPH,8.0,PPH,105GM,,1669107381065-alok udhyog samiti-india-jay green#3.png,RECODING,5.0,1.0,99764178,87.37017059326172,123.0,ALOK UDHYOG SAMITI-INDIA,JAY,JAY GREEN,JAY GREEN-DETERGENT CAKE PPH 220 GM,PLPCH,220.000 GM,,,220.0,GM,16.0
0,2022-11-23 00:00:00,202211.0,130254973.0,1669107381065.0,99764385.0,123.0,ALOK UDHYOG SAMITI-INDIA,JAY GREEN,JAY GREEN/DETERGENT CAKE/105GM/PPH,8.0,PPH,105GM,,1669107381065-alok udhyog samiti-india-jay green#3.png,RECODING,5.0,2.0,99764177,88.41732788085938,123.0,ALOK UDHYOG SAMITI-INDIA,JAY,JAY GREEN,JAY GREEN-DETERGENT CAKE PPH 210 GM,PLPCH,210.000 GM,,,210.0,GM,16.0
0,2022-11-23 00:00:00,202211.0,130254973.0,1669107381065.0,99764385.0,123.0,ALOK UDHYOG SAMITI-INDIA,JAY GREEN,JAY GREEN/DETERGENT CAKE/105GM/PPH,8.0,PPH,105GM,,1669107381065-alok udhyog samiti-india-jay green#3.png,RECODING,5.0,3.0,99764385,89.02294921875,123.0,ALOK UDHYOG SAMITI-INDIA,JAY,JAY GREEN,JAY GREEN-DETERGENT CAKE PPH 105 GM,PLPCH,105.000 GM,,,105.0,GM,8.0
0,2022-11-23 00:00:00,202211.0,130254973.0,1669107381065.0,99764385.0,123.0,ALOK UDHYOG SAMITI-INDIA,JAY GREEN,JAY GREEN/DETERGENT CAKE/105GM/PPH,8.0,PPH,105GM,,1669107381065-alok udhyog samiti-india-jay green#3.png,RECODING,5.0,4.0,50747,97.04817962646484,123.0,ALOK UDHYOG SAMITI-INDIA,JAY,JAY,JAY-GREEN DETERGENT CAKE PPH 150 GM,PLPCH,150.000 GM,,,150.0,GM,0.0
0,2022-11-23 00:00:00,202211.0,130254973.0,1669107381065.0,99764385.0,123.0,ALOK UDHYOG SAMITI-INDIA,JAY GREEN,JAY GREEN/DETERGENT CAKE/105GM/PPH,8.0,PPH,105GM,,1669107381065-alok udhyog samiti-india-jay green#3.png,RECODING,5.0,5.0,48003,97.15501403808594,123.0,ALOK UDHYOG SAMITI-INDIA,JAY,JAY,JAY-GREEN DETERGENT CAKE PPH 160 GM,PLPCH,160.000 GM,,,160.0,GM,0.0
0,2022-11-23 00:00:00,202211.0,130254973.0,1669107381065.0,99764385.0,123.0,ALOK UDHYOG SAMITI-INDIA,JAY GREEN,JAY GREEN/DETERGENT CAKE/105GM/PPH,8.0,PPH,105GM,,1669107381065-alok udhyog samiti-india-jay green#3.png,RECODING,5.0,6.0,99763762,98.02996826171875,123.0,ALOK UDHYOG SAMITI-INDIA,JAY,JAY,JAY-GREEN DETERGENT CAKE PPH 110 GM,PLPCH,110.000 GM,,,110.0,GM,10.0
0,2022-11-23 00:00:00,202211.0,130254973.0,1669107381065.0,99764385.0,123.0,ALOK UDHYOG SAMITI-INDIA,JAY GREEN,JAY GREEN/DETERGENT CAKE/105GM/PPH,8.0,PPH,105GM,,1669107381065-alok udhyog samiti-india-jay green#3.png,RECODING,5.0,7.0,46262,100.45957946777344,123.0,ALOK UDHYOG SAMITI-INDIA,JAY,JAY,JAY-GREEN DETERGENT CAKE PPH 350 GM,PLPCH,350.000 GM,,,350.0,GM,0.0
0,2022-11-23 00:00:00,202211.0,130254973.0,1669107381065.0,99764385.0,123.0,ALOK UDHYOG SAMITI-INDIA,JAY GREEN,JAY GREEN/DETERGENT CAKE/105GM/PPH,8.0,PPH,105GM,,1669107381065-alok udhyog samiti-india-jay green#3.png,RECODING,5.0,8.0,99763872,139.35452270507812,123.0,JAY ENTERPRISES-INDIA,DEEPAK,DEEPAK,DEEPAK-DETERGENT CAKE PPH 120 GM,PLPCH,120.000 GM,,,120.0,GM,10.0
0,2022-11-23 00:00:00,202211.0,130254973.0,1669107381065.0,99764385.0,123.0,ALOK UDHYOG SAMITI-INDIA,JAY GREEN,JAY GREEN/DETERGENT CAKE/105GM/PPH,8.0,PPH,105GM,,1669107381065-alok udhyog samiti-india-jay green#3.png,RECODING,5.0,9.0,47363,142.0266571044922,123.0,JAY ENTERPRISES-INDIA,DEEPAK,DEEPAK,DEEPAK-DETERGENT CAKE PPH 160 GM,PLPCH,160.000 GM,,,160.0,GM,0.0
0,2022-11-23 00:00:00,202211.0,130254973.0,1669107381065.0,99764385.0,123.0,ALOK UDHYOG SAMITI-INDIA,JAY GREEN,JAY GREEN/DETERGENT CAKE/105GM/PPH,8.0,PPH,105GM,,1669107381065-alok udhyog samiti-india-jay green#3.png,RECODING,5.0,10.0,54780,146.25352478027344,123.0,JAY CHEMICAL WORKS-INDIA,HARAPATTA,HARAPATTA,HARAPATTA-DETERGENT CAKE PPH 205 GM,PLPCH,205.000 GM,,,205.0,GM,0.0
1,2022-11-23 00:00:00,202211.0,130403386.0,1669100801737.0,99764386.0,132.0,A.G. HEALTH INDUSTRIES PVT LTD-NEPAL,SAGUN BABY DIAPERS,SAGUN BABY DIAPERS/SMALL/5 PCS/PPH,100.0,PPH,5 PCS,,1669100801737-a-g- health industries pvt ltd-nepal-sagun baby diapers#3.png,RECODING,5.0,1.0,99764386,94.40972900390625,132.0,A.G. HEALTH INDUSTRIES PVT LTD-NEPAL,SAGUN BABY,SAGUN BABY DIAPERS,SAGUN BABY DIAPERS-SMALL(S) PPH 5 NOS,PLPCH,5.000 NO,,,5.0,NO,100.0
1,2022-11-23 00:00:00,202211.0,130403386.0,1669100801737.0,99764386.0,132.0,A.G. HEALTH INDUSTRIES PVT LTD-NEPAL,SAGUN BABY DIAPERS,SAGUN BABY DIAPERS/SMALL/5 PCS/PPH,100.0,PPH,5 PCS,,1669100801737-a-g- health industries pvt ltd-nepal-sagun baby diapers#3.png,RECODING,5.0,2.0,99764436,99.95738220214844,132.0,A.G. HEALTH INDUSTRIES PVT LTD-NEPAL,SAGUN BABY,SAGUN BABY DIAPERS,SAGUN BABY DIAPERS-MEDIUM(M) PPH 5 NOS,PLPCH,5.000 NO,,,5.0,NO,100.0
1,2022-11-23 00:00:00,202211.0,130403386.0,1669100801737.0,99764386.0,132.0,A.G. HEALTH INDUSTRIES PVT LTD-NEPAL,SAGUN BABY DIAPERS,SAGUN BABY DIAPERS/SMALL/5 PCS/PPH,100.0,PPH,5 PCS,,1669100801737-a-g- health industries pvt ltd-nepal-sagun baby diapers#3.png,RECODING,5.0,3.0,99764737,106.87191009521484,132.0,A.G. HEALTH INDUSTRIES PVT LTD-NEPAL,SAGUN BABY,SAGUN BABY DIAPERS,SAGUN BABY DIAPERS-LARGE(L) PPH 4 NOS,PLPCH,4.000 NO,,,4.0,NO,100.0
1,2022-11-23 00:00:00,202211.0,130403386.0,1669100801737.0,99764386.0,132.0,A.G. HEALTH INDUSTRIES PVT LTD-NEPAL,SAGUN BABY DIAPERS,SAGUN BABY DIAPERS/SMALL/5 PCS/PPH,100.0,PPH,5 PCS,,1669100801737-a-g- health industries pvt ltd-nepal-sagun baby diapers#3.png,RECODING,5.0,4.0,99764825,110.22410583496094,132.0,A.G. HEALTH INDUSTRIES PVT LTD-NEPAL,SAGUN BABY,SAGUN BABY DIAPERS,SAGUN BABY DIAPERS-EXTRA LARGE(XL) PPH 4 NOS,PLPCH,4.000 NO,,,4.0,NO,100.0
1,2022-11-23 00:00:00,202211.0,130403386.0,1669100801737.0,99764386.0,132.0,A.G. HEALTH INDUSTRIES PVT LTD-NEPAL,SAGUN BABY DIAPERS,SAGUN BABY DIAPERS/SMALL/5 PCS/PPH,100.0,PPH,5 PCS,,1669100801737-a-g- health industries pvt ltd-nepal-sagun baby diapers#3.png,RECODING,5.0,5.0,99763456,135.67935180664062,132.0,A.G. HEALTH INDUSTRIES PVT LTD-NEPAL,SAGUN BABY,SAGUN BABY POKO PANTS,SAGUN BABY POKO PANTS-SMALL(S) PPH 42 NOS,PLPCH,42.000 NO,,,42.0,NO,800.0
1,2022-11-23 00:00:00,202211.0,130403386.0,1669100801737.0,99764386.0,132.0,A.G. HEALTH INDUSTRIES PVT LTD-NEPAL,SAGUN BABY DIAPERS,SAGUN BABY DIAPERS/SMALL/5 PCS/PPH,100.0,PPH,5 PCS,,1669100801737-a-g- health industries pvt ltd-nepal-sagun baby diapers#3.png,RECODING,5.0,6.0,99762604,135.81240844726562,132.0,A.G. HEALTH INDUSTRIES PVT LTD-NEPAL,SAGUN BABY,SAGUN BABY POKO PANTS,SAGUN BABY POKO PANTS-SMALL(S) PPH 5 NOS,PLPCH,5.000 NO,,,5.0,NO,100.0
1,2022-11-23 00:00:00,202211.0,130403386.0,1669100801737.0,99764386.0,132.0,A.G. HEALTH INDUSTRIES PVT LTD-NEPAL,SAGUN BABY DIAPERS,SAGUN BABY DIAPERS/SMALL/5 PCS/PPH,100.0,PPH,5 PCS,,1669100801737-a-g- health industries pvt ltd-nepal-sagun baby diapers#3.png,RECODING,5.0,7.0,99762960,140.00738525390625,132.0,A.G. HEALTH INDUSTRIES PVT LTD-NEPAL,SAGUN BABY,SAGUN BABY POKO PANTS,SAGUN BABY POKO PANTS-MEDIUM(M) PPH 36 NOS,PLPCH,36.000 NO,,,36.0,NO,800.0
1,2022-11-23 00:00:00,202211.0,130403386.0,1669100801737.0,99764386.0,132.0,A.G. HEALTH INDUSTRIES PVT LTD-NEPAL,SAGUN BABY DIAPERS,SAGUN BABY DIAPERS/SMALL/5 PCS/PPH,100.0,PPH,5 PCS,,1669100801737-a-g- health industries pvt ltd-nepal-sagun baby diapers#3.png,RECODING,5.0,8.0,99762660,141.5355224609375,132.0,A.G. HEALTH INDUSTRIES PVT LTD-NEPAL,SAGUN BABY,SAGUN BABY POKO PANTS,SAGUN BABY POKO PANTS-MEDIUM(M) PPH 5 NOS,PLPCH,5.000 NO,,,5.0,NO,100.0
1,2022-11-23 00:00:00,202211.0,130403386.0,1669100801737.0,99764386.0,132.0,A.G. HEALTH INDUSTRIES PVT LTD-NEPAL,SAGUN BABY DIAPERS,SAGUN BABY DIAPERS/SMALL/5 PCS/PPH,100.0,PPH,5 PCS,,1669100801737-a-g- health industries pvt ltd-nepal-sagun baby diapers#3.png,RECODING,5.0,9.0,99762630,144.01344299316406,132.0,A.G. HEALTH INDUSTRIES PVT LTD-NEPAL,SAGUN BABY,SAGUN BABY POKO PANTS,SAGUN BABY POKO PANTS-LARGE(L) PPH 5 NOS,PLPCH,5.000 NO,,,5.0,NO,100.0
1,2022-11-23 00:00:00,202211.0,130403386.0,1669100801737.0,99764386.0,132.0,A.G. HEALTH INDUSTRIES PVT LTD-NEPAL,SAGUN BABY DIAPERS,SAGUN BABY DIAPERS/SMALL/5 PCS/PPH,100.0,PPH,5 PCS,,1669100801737-a-g- health industries pvt ltd-nepal-sagun baby diapers#3.png,RECODING,5.0,10.0,99763858,144.69970703125,132.0,A.G. HEALTH INDUSTRIES PVT LTD-NEPAL,SAGUN BABY,SAGUN BABY POKO PANTS,SAGUN BABY POKO PANTS-LARGE(L) PPH 32 NOS,PLPCH,32.000 NO,,,32.0,NO,800.0
2,2022-11-23 00:00:00,202211.0,130403386.0,1669098022612.0,99764387.0,106.0,SUJAL FOODS PVT LTD-NEPAL,RASILO CANDY,RASILO CANDY/SPICY MAZZA/3.2GM/PPH,1.0,PPH,3.2GM,,1669098022612-sujal foods pvt ltd-nepal-rasilo candy#3.png,RECODING,5.0,1.0,99764387,102.49938201904297,106.0,SUJAL FOODS PVT LTD-NEPAL,RASILO CANDY,RASILO CANDY,RASILO CANDY- SPICY MAZZA PPH 3.2 GM,PLPCH,3.200 GM,UNSPECIFIED,,3.2,GM,1.0
2,2022-11-23 00:00:00,202211.0,130403386.0,1669098022612.0,99764387.0,106.0,SUJAL FOODS PVT LTD-NEPAL,RASILO CANDY,RASILO CANDY/SPICY MAZZA/3.2GM/PPH,1.0,PPH,3.2GM,,1669098022612-sujal foods pvt ltd-nepal-rasilo candy#3.png,RECODING,5.0,2.0,99764535,105.04972076416016,106.0,SUJAL FOODS PVT LTD-NEPAL,RASILO CANDY,RASILO CANDY,RASILO CANDY- SPICY MAZZA PCN 640 GM,PLJAR,640.000 GM,UNSPECIFIED,,640.0,GM,165.0
2,2022-11-23 00:00:00,202211.0,130403386.0,1669098022612.0,99764387.0,106.0,SUJAL FOODS PVT LTD-NEPAL,RASILO CANDY,RASILO CANDY/SPICY MAZZA/3.2GM/PPH,1.0,PPH,3.2GM,,1669098022612-sujal foods pvt ltd-nepal-rasilo candy#3.png,RECODING,5.0,3.0,91826096,115.28783416748047,106.0,SUJAL FOODS PVT LTD-NEPAL,RASILO CANDY,RASILO CANDY,RASILO CANDY- CHATPATA MAZZA PPH 3.2 GM,PLPCH,3.200 GM,UNSPECIFIED,,3.2,GM,0.0
2,2022-11-23 00:00:00,202211.0,130403386.0,1669098022612.0,99764387.0,106.0,SUJAL FOODS PVT LTD-NEPAL,RASILO CANDY,RASILO CANDY/SPICY MAZZA/3.2GM/PPH,1.0,PPH,3.2GM,,1669098022612-sujal foods pvt ltd-nepal-rasilo candy#3.png,RECODING,5.0,4.0,99764499,116.40735626220703,106.0,SUJAL FOODS PVT LTD-NEPAL,RASILO CANDY,RASILO CANDY,RASILO CANDY- CHATPATA MAZZA PCN 560 GM,PLJAR,560.000 GM,UNSPECIFIED,,560.0,GM,150.0
2,2022-11-23 00:00:00,202211.0,130403386.0,1669098022612.0,99764387.0,106.0,SUJAL FOODS PVT LTD-NEPAL,RASILO CANDY,RASILO CANDY/SPICY MAZZA/3.2GM/PPH,1.0,PPH,3.2GM,,1669098022612-sujal foods pvt ltd-nepal-rasilo candy#3.png,RECODING,5.0,5.0,99764584,116.69088745117188,106.0,SUJAL FOODS PVT LTD-NEPAL,RASILO CANDY,RASILO CANDY,RASILO CANDY- CHATPATA MAZZA PPH 335 GM,PLPCH,335.000 GM,UNSPECIFIED,,335.0,GM,100.0
2,2022-11-23 00:00:00,202211.0,130403386.0,1669098022612.0,99764387.0,106.0,SUJAL FOODS PVT LTD-NEPAL,RASILO CANDY,RASILO CANDY/SPICY MAZZA/3.2GM/PPH,1.0,PPH,3.2GM,,1669098022612-sujal foods pvt ltd-nepal-rasilo candy#3.png,RECODING,5.0,6.0,99762974,118.11487579345703,106.0,SUJAL FOODS PVT LTD-NEPAL,RASILO CANDY,RASILO CANDY,RASILO CANDY- CHATPATA MAZZA PPH 3 GM,PLPCH,3.000 GM,UNSPECIFIED,,3.0,GM,1.0
2,2022-11-23 00:00:00,202211.0,130403386.0,1669098022612.0,99764387.0,106.0,SUJAL FOODS PVT LTD-NEPAL,RASILO CANDY,RASILO CANDY/SPICY MAZZA/3.2GM/PPH,1.0,PPH,3.2GM,,1669098022612-sujal foods pvt ltd-nepal-rasilo candy#3.png,RECODING,5.0,7.0,99764700,118.11848449707031,106.0,SUJAL FOODS PVT LTD-NEPAL,RASILO CANDY,RASILO CANDY,RASILO CANDY- CHATPATA MAZZA PPH 336 GM,PLPCH,336.000 GM,UNSPECIFIED,,336.0,GM,80.0
2,2022-11-23 00:00:00,202211.0,130403386.0,1669098022612.0,99764387.0,106.0,SUJAL FOODS PVT LTD-NEPAL,RASILO CANDY,RASILO CANDY/SPICY MAZZA/3.2GM/PPH,1.0,PPH,3.2GM,,1669098022612-sujal foods pvt ltd-nepal-rasilo candy#3.png,RECODING,5.0,8.0,99764534,120.39167785644531,106.0,SUJAL FOODS PVT LTD-NEPAL,RASILO CANDY,RASILO CANDY,RASILO CANDY- CHATPATA MAZZA PCN 1680 GM,PLJAR,1680.000 GM,UNSPECIFIED,,1680.0,GM,500.0
2,2022-11-23 00:00:00,202211.0,130403386.0,1669098022612.0,99764387.0,106.0,SUJAL FOODS PVT LTD-NEPAL,RASILO CANDY,RASILO CANDY/SPICY MAZZA/3.2GM/PPH,1.0,PPH,3.2GM,,1669098022612-sujal foods pvt ltd-nepal-rasilo candy#3.png,RECODING,5.0,9.0,99764500,120.52912902832031,106.0,SUJAL FOODS PVT LTD-NEPAL,RASILO CANDY,RASILO CANDY,RASILO CANDY- CHATPATA MAZZA PCN 600 GM,PLJAR,600.000 GM,UNSPECIFIED,,600.0,GM,165.0
2,2022-11-23 00:00:00,202211.0,130403386.0,1669098022612.0,99764387.0,106.0,SUJAL FOODS PVT LTD-NEPAL,RASILO CANDY,RASILO CANDY/SPICY MAZZA/3.2GM/PPH,1.0,PPH,3.2GM,,1669098022612-sujal foods pvt ltd-nepal-rasilo candy#3.png,RECODING,5.0,10.0,99764648,120.5372085571289,106.0,SUJAL FOODS PVT LTD-NEPAL,RASILO CANDY,RASILO CANDY,RASILO CANDY- CHATPATA MAZZA PCN 1800 GM,PLJAR,1800.000 GM,UNSPECIFIED,,1800.0,GM,600.0
3,2022-11-23 00:00:00,202211.0,115069915.0,1669102737081.0,99764389.0,122.0,JANUKA & SONS INDUSTRIES-NEPAL,API GREEN HERBAL GHADI ,API GREEN HERBAL GHADI/750/GM/PPH,100.0,PPH,750 GM,,1669102737081-januka - sons industries-nepal-api green herbal ghadi #3.png,RECODING,5.0,1.0,99763733,94.54241943359375,122.0,JANUKA & SONS INDUSTRIES-NEPAL,API,API GREEN HERBAL GHADI,API GREEN HERBAL GHADI-PPH 2000 GM,PLPCH,2000.000 GM,,,2000.0,GM,200.0
3,2022-11-23 00:00:00,202211.0,115069915.0,1669102737081.0,99764389.0,122.0,JANUKA & SONS INDUSTRIES-NEPAL,API GREEN HERBAL GHADI ,API GREEN HERBAL GHADI/750/GM/PPH,100.0,PPH,750 GM,,1669102737081-januka - sons industries-nepal-api green herbal ghadi #3.png,RECODING,5.0,2.0,99764389,95.32310485839844,122.0,JANUKA & SONS INDUSTRIES-NEPAL,API,API GREEN HERBAL GHADI,API GREEN HERBAL GHADI-PPH 750 GM,PLPCH,750.000 GM,,,750.0,GM,100.0
3,2022-11-23 00:00:00,202211.0,115069915.0,1669102737081.0,99764389.0,122.0,JANUKA & SONS INDUSTRIES-NEPAL,API GREEN HERBAL GHADI ,API GREEN HERBAL GHADI/750/GM/PPH,100.0,PPH,750 GM,,1669102737081-januka - sons industries-nepal-api green herbal ghadi #3.png,RECODING,5.0,3.0,99764237,96.01882934570312,122.0,JANUKA & SONS INDUSTRIES-NEPAL,API,API GREEN HERBAL GHADI,API GREEN HERBAL GHADI-PPH 150 GM,PLPCH,150.000 GM,,,150.0,GM,20.0
3,2022-11-23 00:00:00,202211.0,115069915.0,1669102737081.0,99764389.0,122.0,JANUKA & SONS INDUSTRIES-NEPAL,API GREEN HERBAL GHADI ,API GREEN HERBAL GHADI/750/GM/PPH,100.0,PPH,750 GM,,1669102737081-januka - sons industries-nepal-api green herbal ghadi #3.png,RECODING,5.0,4.0,99764388,97.64212036132812,122.0,JANUKA & SONS INDUSTRIES-NEPAL,API,API GREEN HERBAL GHADI,API GREEN HERBAL GHADI-PPH 350 GM,PLPCH,350.000 GM,,,350.0,GM,50.0
3,2022-11-23 00:00:00,202211.0,115069915.0,1669102737081.0,99764389.0,122.0,JANUKA & SONS INDUSTRIES-NEPAL,API GREEN HERBAL GHADI ,API GREEN HERBAL GHADI/750/GM/PPH,100.0,PPH,750 GM,,1669102737081-januka - sons industries-nepal-api green herbal ghadi #3.png,RECODING,5.0,5.0,99764093,165.157958984375,122.0,JANUKA & SONS INDUSTRIES-NEPAL,STARJET GHADI,STARJET GHADI,STARJET GHADI-DETERGENT POWDER PPH 200 GM,PLPCH,200.000 GM,,,200.0,GM,20.0
3,2022-11-23 00:00:00,202211.0,115069915.0,1669102737081.0,99764389.0,122.0,JANUKA & SONS INDUSTRIES-NEPAL,API GREEN HERBAL GHADI ,API GREEN HERBAL GHADI/750/GM/PPH,100.0,PPH,750 GM,,1669102737081-januka - sons industries-nepal-api green herbal ghadi #3.png,RECODING,5.0,6.0,99764342,176.8056182861328,122.0,NEW GHADI SARAF UDHYOG-NEPAL,HARAPATTA,HARAPATTA,HARAPATTA-GREENLEAF PPH 1000 GM,PLPCH,1000.000 GM,,,1000.0,GM,100.0
3,2022-11-23 00:00:00,202211.0,115069915.0,1669102737081.0,99764389.0,122.0,JANUKA & SONS INDUSTRIES-NEPAL,API GREEN HERBAL GHADI ,API GREEN HERBAL GHADI/750/GM/PPH,100.0,PPH,750 GM,,1669102737081-januka - sons industries-nepal-api green herbal ghadi #3.png,RECODING,5.0,7.0,99764909,177.18002319335938,122.0,NEW GHADI SARAF UDHYOG-NEPAL,HARAPATTA,HARAPATTA,HARAPATTA-GREENLEAF PPH 500 GM,PLPCH,500.000 GM,,,500.0,GM,60.0
3,2022-11-23 00:00:00,202211.0,115069915.0,1669102737081.0,99764389.0,122.0,JANUKA & SONS INDUSTRIES-NEPAL,API GREEN HERBAL GHADI ,API GREEN HERBAL GHADI/750/GM/PPH,100.0,PPH,750 GM,,1669102737081-januka - sons industries-nepal-api green herbal ghadi #3.png,RECODING,5.0,8.0,93019701,177.27520751953125,122.0,J.K. PRODUCTS- NEPAL,ROSHNI,ROSHNI,ROSHNI-PPH 365 GMS,PLPCH,360.000 GM,,,365.0,GM,0.0
3,2022-11-23 00:00:00,202211.0,115069915.0,1669102737081.0,99764389.0,122.0,JANUKA & SONS INDUSTRIES-NEPAL,API GREEN HERBAL GHADI ,API GREEN HERBAL GHADI/750/GM/PPH,100.0,PPH,750 GM,,1669102737081-januka - sons industries-nepal-api green herbal ghadi #3.png,RECODING,5.0,9.0,93017674,178.66506958007812,122.0,NIKKI CHEMICALS - NEPAL,GHADI,GHADI,GHADI-PPH 500  GMS,PLPCH,500.000 GM,,,500.0,GM,0.0
3,2022-11-23 00:00:00,202211.0,115069915.0,1669102737081.0,99764389.0,122.0,JANUKA & SONS INDUSTRIES-NEPAL,API GREEN HERBAL GHADI ,API GREEN HERBAL GHADI/750/GM/PPH,100.0,PPH,750 GM,,1669102737081-januka - sons industries-nepal-api green herbal ghadi #3.png,RECODING,5.0,10.0,93017673,179.8975830078125,122.0,NIKKI CHEMICALS - NEPAL,GHADI,GHADI,GHADI-PPH  20  GMS,PLPCH,20.000 GM,,,20.0,GM,0.0
4,2022-11-23 00:00:00,202211.0,115069915.0,1669102870234.0,99764388.0,122.0,JANUKA & SONS INDUSTRIES-NEPAL,API GREEN HERBAL GHADI ,API GREEN HERBAL GHADI/350/GM/PPH,50.0,PPH,350 GM,,1669102870234-januka - sons industries-nepal-api green herbal ghadi #3.png,RECODING,5.0,1.0,99763733,88.40956115722656,122.0,JANUKA & SONS INDUSTRIES-NEPAL,API,API GREEN HERBAL GHADI,API GREEN HERBAL GHADI-PPH 2000 GM,PLPCH,2000.000 GM,,,2000.0,GM,200.0
4,2022-11-23 00:00:00,202211.0,115069915.0,1669102870234.0,99764388.0,122.0,JANUKA & SONS INDUSTRIES-NEPAL,API GREEN HERBAL GHADI ,API GREEN HERBAL GHADI/350/GM/PPH,50.0,PPH,350 GM,,1669102870234-januka - sons industries-nepal-api green herbal ghadi #3.png,RECODING,5.0,2.0,99764237,89.54779052734375,122.0,JANUKA & SONS INDUSTRIES-NEPAL,API,API GREEN HERBAL GHADI,API GREEN HERBAL GHADI-PPH 150 GM,PLPCH,150.000 GM,,,150.0,GM,20.0
4,2022-11-23 00:00:00,202211.0,115069915.0,1669102870234.0,99764388.0,122.0,JANUKA & SONS INDUSTRIES-NEPAL,API GREEN HERBAL GHADI ,API GREEN HERBAL GHADI/350/GM/PPH,50.0,PPH,350 GM,,1669102870234-januka - sons industries-nepal-api green herbal ghadi #3.png,RECODING,5.0,3.0,99764388,89.66139221191406,122.0,JANUKA & SONS INDUSTRIES-NEPAL,API,API GREEN HERBAL GHADI,API GREEN HERBAL GHADI-PPH 350 GM,PLPCH,350.000 GM,,,350.0,GM,50.0
4,2022-11-23 00:00:00,202211.0,115069915.0,1669102870234.0,99764388.0,122.0,JANUKA & SONS INDUSTRIES-NEPAL,API GREEN HERBAL GHADI ,API GREEN HERBAL GHADI/350/GM/PPH,50.0,PPH,350 GM,,1669102870234-januka - sons industries-nepal-api green herbal ghadi #3.png,RECODING,5.0,4.0,99764389,90.02493286132812,122.0,JANUKA & SONS INDUSTRIES-NEPAL,API,API GREEN HERBAL GHADI,API GREEN HERBAL GHADI-PPH 750 GM,PLPCH,750.000 GM,,,750.0,GM,100.0
4,2022-11-23 00:00:00,202211.0,115069915.0,1669102870234.0,99764388.0,122.0,JANUKA & SONS INDUSTRIES-NEPAL,API GREEN HERBAL GHADI ,API GREEN HERBAL GHADI/350/GM/PPH,50.0,PPH,350 GM,,1669102870234-januka - sons industries-nepal-api green herbal ghadi #3.png,RECODING,5.0,5.0,99764093,160.94244384765625,122.0,JANUKA & SONS INDUSTRIES-NEPAL,STARJET GHADI,STARJET GHADI,STARJET GHADI-DETERGENT POWDER PPH 200 GM,PLPCH,200.000 GM,,,200.0,GM,20.0
4,2022-11-23 00:00:00,202211.0,115069915.0,1669102870234.0,99764388.0,122.0,JANUKA & SONS INDUSTRIES-NEPAL,API GREEN HERBAL GHADI ,API GREEN HERBAL GHADI/350/GM/PPH,50.0,PPH,350 GM,,1669102870234-januka - sons industries-nepal-api green herbal ghadi #3.png,RECODING,5.0,6.0,99764909,169.53030395507812,122.0,NEW GHADI SARAF UDHYOG-NEPAL,HARAPATTA,HARAPATTA,HARAPATTA-GREENLEAF PPH 500 GM,PLPCH,500.000 GM,,,500.0,GM,60.0
4,2022-11-23 00:00:00,202211.0,115069915.0,1669102870234.0,99764388.0,122.0,JANUKA & SONS INDUSTRIES-NEPAL,API GREEN HERBAL GHADI ,API GREEN HERBAL GHADI/350/GM/PPH,50.0,PPH,350 GM,,1669102870234-januka - sons industries-nepal-api green herbal ghadi #3.png,RECODING,5.0,7.0,99764342,169.6876220703125,122.0,NEW GHADI SARAF UDHYOG-NEPAL,HARAPATTA,HARAPATTA,HARAPATTA-GREENLEAF PPH 1000 GM,PLPCH,1000.000 GM,,,1000.0,GM,100.0
4,2022-11-23 00:00:00,202211.0,115069915.0,1669102870234.0,99764388.0,122.0,JANUKA & SONS INDUSTRIES-NEPAL,API GREEN HERBAL GHADI ,API GREEN HERBAL GHADI/350/GM/PPH,50.0,PPH,350 GM,,1669102870234-januka - sons industries-nepal-api green herbal ghadi #3.png,RECODING,5.0,8.0,93019701,170.0857696533203,122.0,J.K. PRODUCTS- NEPAL,ROSHNI,ROSHNI,ROSHNI-PPH 365 GMS,PLPCH,360.000 GM,,,365.0,GM,0.0
4,2022-11-23 00:00:00,202211.0,115069915.0,1669102870234.0,99764388.0,122.0,JANUKA & SONS INDUSTRIES-NEPAL,API GREEN HERBAL GHADI ,API GREEN HERBAL GHADI/350/GM/PPH,50.0,PPH,350 GM,,1669102870234-januka - sons industries-nepal-api green herbal ghadi #3.png,RECODING,5.0,9.0,93017674,170.1661376953125,122.0,NIKKI CHEMICALS - NEPAL,GHADI,GHADI,GHADI-PPH 500  GMS,PLPCH,500.000 GM,,,500.0,GM,0.0
4,2022-11-23 00:00:00,202211.0,115069915.0,1669102870234.0,99764388.0,122.0,JANUKA & SONS INDUSTRIES-NEPAL,API GREEN HERBAL GHADI ,API GREEN HERBAL GHADI/350/GM/PPH,50.0,PPH,350 GM,,1669102870234-januka - sons industries-nepal-api green herbal ghadi #3.png,RECODING,5.0,10.0,93017673,171.62094116210938,122.0,NIKKI CHEMICALS - NEPAL,GHADI,GHADI,GHADI-PPH  20  GMS,PLPCH,20.000 GM,,,20.0,GM,0.0
5,2022-11-24 00:00:00,202211.0,128997655.0,1669181574420.0,99764390.0,117.0,UNILEVER NEPAL LTD-NEPAL,DOVE NUTRITIVE SOLUTIONS,DOVE NUTRITIVE SOLUTIONS/DAILY SHINE/325ML/PBT,340.0,PBT,325ML,,1669181574420-unilever nepal ltd-nepal-dove nutritive solutions#3.png,RECODING,5.0,1.0,46611,101.30940246582031,117.0,UNILEVER NEPAL LTD-NEPAL,DOVE,DOVE NUTRITIVE SOLUTIONS,DOVE NUTRITIVE SOLUTIONS-DAILY SHINE PBT 700 ML,PLBOT,700.000 ML,,,700.0,ML,0.0
5,2022-11-24 00:00:00,202211.0,128997655.0,1669181574420.0,99764390.0,117.0,UNILEVER NEPAL LTD-NEPAL,DOVE NUTRITIVE SOLUTIONS,DOVE NUTRITIVE SOLUTIONS/DAILY SHINE/325ML/PBT,340.0,PBT,325ML,,1669181574420-unilever nepal ltd-nepal-dove nutritive solutions#3.png,RECODING,5.0,2.0,99764158,101.43252563476562,117.0,UNILEVER NEPAL LTD-NEPAL,DOVE,DOVE NUTRITIVE SOLUTIONS,DOVE NUTRITIVE SOLUTIONS-DAILY SHINE PBT 625 ML,PLBOT,625.000 ML,,,625.0,ML,615.0
5,2022-11-24 00:00:00,202211.0,128997655.0,1669181574420.0,99764390.0,117.0,UNILEVER NEPAL LTD-NEPAL,DOVE NUTRITIVE SOLUTIONS,DOVE NUTRITIVE SOLUTIONS/DAILY SHINE/325ML/PBT,340.0,PBT,325ML,,1669181574420-unilever nepal ltd-nepal-dove nutritive solutions#3.png,RECODING,5.0,3.0,99764390,103.236083984375,117.0,UNILEVER NEPAL LTD-NEPAL,DOVE,DOVE NUTRITIVE SOLUTIONS,DOVE NUTRITIVE SOLUTIONS-DAILY SHINE PBT 325 ML,PLBOT,325.000 ML,,,325.0,ML,340.0
5,2022-11-24 00:00:00,202211.0,128997655.0,1669181574420.0,99764390.0,117.0,UNILEVER NEPAL LTD-NEPAL,DOVE NUTRITIVE SOLUTIONS,DOVE NUTRITIVE SOLUTIONS/DAILY SHINE/325ML/PBT,340.0,PBT,325ML,,1669181574420-unilever nepal ltd-nepal-dove nutritive solutions#3.png,RECODING,5.0,4.0,99762500,104.13021850585938,117.0,UNILEVER NEPAL LTD-NEPAL,DOVE,DOVE NUTRITIVE SOLUTIONS,DOVE NUTRITIVE SOLUTIONS-DAILY SHINE PBT 180 ML,PLBOT,180.000 ML,,,180.0,ML,175.0
5,2022-11-24 00:00:00,202211.0,128997655.0,1669181574420.0,99764390.0,117.0,UNILEVER NEPAL LTD-NEPAL,DOVE NUTRITIVE SOLUTIONS,DOVE NUTRITIVE SOLUTIONS/DAILY SHINE/325ML/PBT,340.0,PBT,325ML,,1669181574420-unilever nepal ltd-nepal-dove nutritive solutions#3.png,RECODING,5.0,5.0,99762921,104.18331909179688,117.0,UNILEVER NEPAL LTD-NEPAL,DOVE,DOVE NUTRITIVE SOLUTIONS,DOVE NUTRITIVE SOLUTIONS-DAILY SHINE PBT 175 ML,PLBOT,175.000 ML,,,175.0,ML,165.0
5,2022-11-24 00:00:00,202211.0,128997655.0,1669181574420.0,99764390.0,117.0,UNILEVER NEPAL LTD-NEPAL,DOVE NUTRITIVE SOLUTIONS,DOVE NUTRITIVE SOLUTIONS/DAILY SHINE/325ML/PBT,340.0,PBT,325ML,,1669181574420-unilever nepal ltd-nepal-dove nutritive solutions#3.png,RECODING,5.0,6.0,99764441,104.42811584472656,117.0,UNILEVER NEPAL LTD-NEPAL,DOVE,DOVE NUTRITIVE SOLUTIONS,DOVE NUTRITIVE SOLUTIONS-DAILY SHINE PBT 640 ML,PLBOT,640.000 ML,,,640.0,ML,595.0
5,2022-11-24 00:00:00,202211.0,128997655.0,1669181574420.0,99764390.0,117.0,UNILEVER NEPAL LTD-NEPAL,DOVE NUTRITIVE SOLUTIONS,DOVE NUTRITIVE SOLUTIONS/DAILY SHINE/325ML/PBT,340.0,PBT,325ML,,1669181574420-unilever nepal ltd-nepal-dove nutritive solutions#3.png,RECODING,5.0,7.0,99762392,104.63929748535156,117.0,UNILEVER NEPAL LTD-NEPAL,DOVE,DOVE NUTRITIVE SOLUTIONS,DOVE NUTRITIVE SOLUTIONS-DAILY SHINE PBT 340 ML,PLBOT,340.000 ML,,,340.0,ML,325.0
5,2022-11-24 00:00:00,202211.0,128997655.0,1669181574420.0,99764390.0,117.0,UNILEVER NEPAL LTD-NEPAL,DOVE NUTRITIVE SOLUTIONS,DOVE NUTRITIVE SOLUTIONS/DAILY SHINE/325ML/PBT,340.0,PBT,325ML,,1669181574420-unilever nepal ltd-nepal-dove nutritive solutions#3.png,RECODING,5.0,8.0,99762642,104.68548583984375,117.0,UNILEVER NEPAL LTD-NEPAL,DOVE,DOVE NUTRITIVE SOLUTIONS,DOVE NUTRITIVE SOLUTIONS-DAILY SHINE PBT 165 ML,PLBOT,165.000 ML,,,165.0,ML,155.0
5,2022-11-24 00:00:00,202211.0,128997655.0,1669181574420.0,99764390.0,117.0,UNILEVER NEPAL LTD-NEPAL,DOVE NUTRITIVE SOLUTIONS,DOVE NUTRITIVE SOLUTIONS/DAILY SHINE/325ML/PBT,340.0,PBT,325ML,,1669181574420-unilever nepal ltd-nepal-dove nutritive solutions#3.png,RECODING,5.0,9.0,99762667,104.8743896484375,117.0,UNILEVER NEPAL LTD-NEPAL,DOVE,DOVE NUTRITIVE SOLUTIONS,DOVE NUTRITIVE SOLUTIONS-DAILY SHINE PBT 650 ML,PLBOT,650.000 ML,,,650.0,ML,595.0
5,2022-11-24 00:00:00,202211.0,128997655.0,1669181574420.0,99764390.0,117.0,UNILEVER NEPAL LTD-NEPAL,DOVE NUTRITIVE SOLUTIONS,DOVE NUTRITIVE SOLUTIONS/DAILY SHINE/325ML/PBT,340.0,PBT,325ML,,1669181574420-unilever nepal ltd-nepal-dove nutritive solutions#3.png,RECODING,5.0,10.0,54335,105.50199890136719,117.0,UNILEVER NEPAL LTD-NEPAL,DOVE,DOVE NUTRITIVE SOLUTIONS,DOVE NUTRITIVE SOLUTIONS-DAILY SHINE PBT 350 ML,PLBOT,350.000 ML,,,350.0,ML,0.0
6,2022-11-24 00:00:00,202211.0,124916559.0,1669193517248.0,99764391.0,132.0,THE HIMALAYA DRUG COMPANY INDIA ,HIMALAYA TOTAL CARE BABY PANTS,HIMALAYA TOTAL CARE BABY PANTS/MEDIUM/9 PANTS/PPH,216.0,PPH,9 PANTS ,,1669193517248-the himalaya drug company india -himalaya total care baby pants#3.png,RECODING,5.0,1.0,99762588,127.43932342529297,132.0,MILLENNIUM BABY CARE-INDIA,HIMALAYA,HIMALAYA TOTAL CARE BABY PANTS,HIMALAYA TOTAL CARE BABY PANTS-SMALL(S)PPH 54 NOS,PLPCH,54.000 NO,,,54.0,NO,1020.0
6,2022-11-24 00:00:00,202211.0,124916559.0,1669193517248.0,99764391.0,132.0,THE HIMALAYA DRUG COMPANY INDIA ,HIMALAYA TOTAL CARE BABY PANTS,HIMALAYA TOTAL CARE BABY PANTS/MEDIUM/9 PANTS/PPH,216.0,PPH,9 PANTS ,,1669193517248-the himalaya drug company india -himalaya total care baby pants#3.png,RECODING,5.0,2.0,99764391,127.92301177978516,132.0,MILLENNIUM BABY CARE-INDIA,HIMALAYA,HIMALAYA TOTAL CARE BABY PANTS,HIMALAYA TOTAL CARE BABY PANTS-MEDIUM(M)PPH 9 NOS,PLPCH,9.000 NO,,,9.0,NO,216.0
6,2022-11-24 00:00:00,202211.0,124916559.0,1669193517248.0,99764391.0,132.0,THE HIMALAYA DRUG COMPANY INDIA ,HIMALAYA TOTAL CARE BABY PANTS,HIMALAYA TOTAL CARE BABY PANTS/MEDIUM/9 PANTS/PPH,216.0,PPH,9 PANTS ,,1669193517248-the himalaya drug company india -himalaya total care baby pants#3.png,RECODING,5.0,3.0,99762586,128.6545867919922,132.0,MILLENNIUM BABY CARE-INDIA,HIMALAYA,HIMALAYA TOTAL CARE BABY PANTS,HIMALAYA TOTAL CARE BABY PANTS-SMALL(S)PPH 80 NOS,PLPCH,80.000 NO,,,80.0,NO,1600.0
6,2022-11-24 00:00:00,202211.0,124916559.0,1669193517248.0,99764391.0,132.0,THE HIMALAYA DRUG COMPANY INDIA ,HIMALAYA TOTAL CARE BABY PANTS,HIMALAYA TOTAL CARE BABY PANTS/MEDIUM/9 PANTS/PPH,216.0,PPH,9 PANTS ,,1669193517248-the himalaya drug company india -himalaya total care baby pants#3.png,RECODING,5.0,4.0,99762587,129.7408447265625,132.0,MILLENNIUM BABY CARE-INDIA,HIMALAYA,HIMALAYA TOTAL CARE BABY PANTS,HIMALAYA TOTAL CARE BABY PANTS-MEDIUM(M)PPH 78 NOS,PLPCH,78.000 NO,,,78.0,NO,1680.0
6,2022-11-24 00:00:00,202211.0,124916559.0,1669193517248.0,99764391.0,132.0,THE HIMALAYA DRUG COMPANY INDIA ,HIMALAYA TOTAL CARE BABY PANTS,HIMALAYA TOTAL CARE BABY PANTS/MEDIUM/9 PANTS/PPH,216.0,PPH,9 PANTS ,,1669193517248-the himalaya drug company india -himalaya total care baby pants#3.png,RECODING,5.0,5.0,99762655,130.1643524169922,132.0,MILLENNIUM BABY CARE-INDIA,HIMALAYA,HIMALAYA TOTAL CARE BABY PANTS,HIMALAYA TOTAL CARE BABY PANTS-MEDIUM(M)PPH 54 NOS,PLPCH,54.000 NO,,,54.0,NO,1240.0
6,2022-11-24 00:00:00,202211.0,124916559.0,1669193517248.0,99764391.0,132.0,THE HIMALAYA DRUG COMPANY INDIA ,HIMALAYA TOTAL CARE BABY PANTS,HIMALAYA TOTAL CARE BABY PANTS/MEDIUM/9 PANTS/PPH,216.0,PPH,9 PANTS ,,1669193517248-the himalaya drug company india -himalaya total care baby pants#3.png,RECODING,5.0,6.0,99762589,130.91819763183594,132.0,MILLENNIUM BABY CARE-INDIA,HIMALAYA,HIMALAYA TOTAL CARE BABY PANTS,HIMALAYA TOTAL CARE BABY PANTS-LARGE(L)PPH 76 NOS,PLPCH,76.000 NO,,,76.0,NO,1920.0
6,2022-11-24 00:00:00,202211.0,124916559.0,1669193517248.0,99764391.0,132.0,THE HIMALAYA DRUG COMPANY INDIA ,HIMALAYA TOTAL CARE BABY PANTS,HIMALAYA TOTAL CARE BABY PANTS/MEDIUM/9 PANTS/PPH,216.0,PPH,9 PANTS ,,1669193517248-the himalaya drug company india -himalaya total care baby pants#3.png,RECODING,5.0,7.0,99762590,131.46099853515625,132.0,MILLENNIUM BABY CARE-INDIA,HIMALAYA,HIMALAYA TOTAL CARE BABY PANTS,HIMALAYA TOTAL CARE BABY PANTS-EXTRA LARGE(XL)PPH 74 NOS,PLPCH,74.000 NO,,,74.0,NO,2160.0
6,2022-11-24 00:00:00,202211.0,124916559.0,1669193517248.0,99764391.0,132.0,THE HIMALAYA DRUG COMPANY INDIA ,HIMALAYA TOTAL CARE BABY PANTS,HIMALAYA TOTAL CARE BABY PANTS/MEDIUM/9 PANTS/PPH,216.0,PPH,9 PANTS ,,1669193517248-the himalaya drug company india -himalaya total care baby pants#3.png,RECODING,5.0,8.0,99763724,134.83584594726562,132.0,MILLENNIUM BABY CARE-INDIA,HIMALAYA,HIMALAYA TOTAL CARE BABY PANTS,HIMALAYA TOTAL CARE BABY PANTS-EXTRA LARGE(XL)PPH 54 NOS,PLPCH,54.000 NO,,,54.0,NO,1600.0
6,2022-11-24 00:00:00,202211.0,124916559.0,1669193517248.0,99764391.0,132.0,THE HIMALAYA DRUG COMPANY INDIA ,HIMALAYA TOTAL CARE BABY PANTS,HIMALAYA TOTAL CARE BABY PANTS/MEDIUM/9 PANTS/PPH,216.0,PPH,9 PANTS ,,1669193517248-the himalaya drug company india -himalaya total care baby pants#3.png,RECODING,5.0,9.0,99763035,134.93048095703125,132.0,MILLENNIUM BABY CARE-INDIA,HIMALAYA,HIMALAYA TOTAL CARE BABY PANTS,HIMALAYA TOTAL CARE BABY PANTS-LARGE(L)PPH 54 NOS,PLPCH,54.000 NO,,,54.0,NO,1400.0
6,2022-11-24 00:00:00,202211.0,124916559.0,1669193517248.0,99764391.0,132.0,THE HIMALAYA DRUG COMPANY INDIA ,HIMALAYA TOTAL CARE BABY PANTS,HIMALAYA TOTAL CARE BABY PANTS/MEDIUM/9 PANTS/PPH,216.0,PPH,9 PANTS ,,1669193517248-the himalaya drug company india -himalaya total care baby pants#3.png,RECODING,5.0,10.0,99762960,151.1104278564453,132.0,A.G. HEALTH INDUSTRIES PVT LTD-NEPAL,SAGUN BABY,SAGUN BABY POKO PANTS,SAGUN BABY POKO PANTS-MEDIUM(M) PPH 36 NOS,PLPCH,36.000 NO,,,36.0,NO,800.0
7,2022-11-24 00:00:00,202211.0,124621587.0,1669187073514.0,99764392.0,110.0,PREM HENNA PVT LTD-INDIA,NISHA QUICK COLOR,NISHA QUICK COLOR SHAMPOO BASED HAIR COLOR/ORIGINAL BLACK/20ML/PPH,50.0,PPH,20ML,,1669187073514-prem henna pvt ltd-india-nisha quick color#3.png,RECODING,5.0,1.0,99764920,119.10575103759766,110.0,PREM HENNA PVT LTD-INDIA,NISHA,NISHA CRÈME HAIR COLOR,NISHA CRÈME HAIR COLOR-3.16 BURGUNDY-CLRNT 60G-CBP 120GM,CDBOX,120.000 GM,,BURGUNDY,120.0,GM,250.0
7,2022-11-24 00:00:00,202211.0,124621587.0,1669187073514.0,99764392.0,110.0,PREM HENNA PVT LTD-INDIA,NISHA QUICK COLOR,NISHA QUICK COLOR SHAMPOO BASED HAIR COLOR/ORIGINAL BLACK/20ML/PPH,50.0,PPH,20ML,,1669187073514-prem henna pvt ltd-india-nisha quick color#3.png,RECODING,5.0,2.0,99764392,132.96694946289062,110.0,PREM HENNA PVT LTD-INDIA,NISHA,NISHA QUICK COLOR,NISHA QUICK COLOR-5 MINUTE ORIGINAL BLACK-PPH 20 ML,PLPCH,20.000 ML,,BLACK,20.0,ML,50.0
7,2022-11-24 00:00:00,202211.0,124621587.0,1669187073514.0,99764392.0,110.0,PREM HENNA PVT LTD-INDIA,NISHA QUICK COLOR,NISHA QUICK COLOR SHAMPOO BASED HAIR COLOR/ORIGINAL BLACK/20ML/PPH,50.0,PPH,20ML,,1669187073514-prem henna pvt ltd-india-nisha quick color#3.png,RECODING,5.0,3.0,91927576,135.6645965576172,110.0,PREM HENNA PVT LTD-INDIA,NISHA,NISHA COLOR PERFECT,NISHA COLOR PERFECT-DARK BRWN 3.0-COLORNT 20G,PLPCH,40.000 GM,,DARK BROWN,40.0,GM,0.0
7,2022-11-24 00:00:00,202211.0,124621587.0,1669187073514.0,99764392.0,110.0,PREM HENNA PVT LTD-INDIA,NISHA QUICK COLOR,NISHA QUICK COLOR SHAMPOO BASED HAIR COLOR/ORIGINAL BLACK/20ML/PPH,50.0,PPH,20ML,,1669187073514-prem henna pvt ltd-india-nisha quick color#3.png,RECODING,5.0,4.0,46443,138.50588989257812,110.0,PREM HENNA PVT LTD-INDIA,NISHA,NISHA COLOR PERFECT,NISHA COLOR PERFECT-NTRL BRWN 4.0-COLORNT 20G,PLPCH,40.000 GM,,NATURAL BROWN,40.0,GM,0.0
7,2022-11-24 00:00:00,202211.0,124621587.0,1669187073514.0,99764392.0,110.0,PREM HENNA PVT LTD-INDIA,NISHA QUICK COLOR,NISHA QUICK COLOR SHAMPOO BASED HAIR COLOR/ORIGINAL BLACK/20ML/PPH,50.0,PPH,20ML,,1669187073514-prem henna pvt ltd-india-nisha quick color#3.png,RECODING,5.0,5.0,47258,139.89434814453125,110.0,PREM HENNA PVT LTD-INDIA,NISHA,NISHA COLOR PERFECT,NISHA COLOR PERFECT-NTRL BLACK 1.0-CLRNT 20G-PPH 40G,PLPCH,40.000 GM,,NATURAL BLACK,40.0,GM,0.0
7,2022-11-24 00:00:00,202211.0,124621587.0,1669187073514.0,99764392.0,110.0,PREM HENNA PVT LTD-INDIA,NISHA QUICK COLOR,NISHA QUICK COLOR SHAMPOO BASED HAIR COLOR/ORIGINAL BLACK/20ML/PPH,50.0,PPH,20ML,,1669187073514-prem henna pvt ltd-india-nisha quick color#3.png,RECODING,5.0,6.0,48244,141.95960998535156,110.0,PREM HENNA PVT LTD-INDIA,NISHA,NISHA COLOR SURE,NISHA COLOR SURE-1.5 LIGHT BLACK PPH 40 GM CLRNT 20ML,PLPCH,40.000 GM,,BLACK,40.0,GM,0.0
7,2022-11-24 00:00:00,202211.0,124621587.0,1669187073514.0,99764392.0,110.0,PREM HENNA PVT LTD-INDIA,NISHA QUICK COLOR,NISHA QUICK COLOR SHAMPOO BASED HAIR COLOR/ORIGINAL BLACK/20ML/PPH,50.0,PPH,20ML,,1669187073514-prem henna pvt ltd-india-nisha quick color#3.png,RECODING,5.0,7.0,91927574,142.14089965820312,110.0,PREM HENNA PVT LTD-INDIA,NISHA,NISHA QUICK COLOR,NISHA QUICK COLOR-5 MINUTE NTRL BLACK-SCT 10 GM,PLSCH,10.000 GM,,BLACK,10.0,GM,0.0
7,2022-11-24 00:00:00,202211.0,124621587.0,1669187073514.0,99764392.0,110.0,PREM HENNA PVT LTD-INDIA,NISHA QUICK COLOR,NISHA QUICK COLOR SHAMPOO BASED HAIR COLOR/ORIGINAL BLACK/20ML/PPH,50.0,PPH,20ML,,1669187073514-prem henna pvt ltd-india-nisha quick color#3.png,RECODING,5.0,8.0,47680,142.2216796875,110.0,PREM HENNA PVT LTD-INDIA,NISHA,NISHA COLOR PERFECT,NISHA COLOR PERFECT-LGHT BRWN 5.0-COLRNT 20G-PPH 40G,PLPCH,40.000 GM,,LIGHT BROWN,40.0,GM,0.0
7,2022-11-24 00:00:00,202211.0,124621587.0,1669187073514.0,99764392.0,110.0,PREM HENNA PVT LTD-INDIA,NISHA QUICK COLOR,NISHA QUICK COLOR SHAMPOO BASED HAIR COLOR/ORIGINAL BLACK/20ML/PPH,50.0,PPH,20ML,,1669187073514-prem henna pvt ltd-india-nisha quick color#3.png,RECODING,5.0,9.0,91927695,144.33688354492188,110.0,PREM HENNA PVT LTD-INDIA,NISHA,NISHA COLOR PERFECT,NISHA COLOR PERFECT-COPPER RED 5.64-COLORENT 20G,PLPCH,40.000 GM,,COPPER RED,40.0,GM,0.0
7,2022-11-24 00:00:00,202211.0,124621587.0,1669187073514.0,99764392.0,110.0,PREM HENNA PVT LTD-INDIA,NISHA QUICK COLOR,NISHA QUICK COLOR SHAMPOO BASED HAIR COLOR/ORIGINAL BLACK/20ML/PPH,50.0,PPH,20ML,,1669187073514-prem henna pvt ltd-india-nisha quick color#3.png,RECODING,5.0,10.0,91927577,146.1067352294922,110.0,PREM HENNA PVT LTD-INDIA,NISHA,NISHA COLOR PERFECT,NISHA COLOR PERFECT-BURGUNDY 3.16-COLORENT 20G,PLPCH,40.000 GM,,BURGUNDY,40.0,GM,0.0
8,2022-11-24 00:00:00,202211.0,124567392.0,1669184105457.0,99763729.0,116.0,PAGODA INTERNATIONAL LTD-NPL,BEAUTY PLUS,BEAUTY PLUS/FEEL COMFORT & CONFIDENCE/7PADS/PPH,60.0,PPH,7 PADS,,1669184105457-pagoda international ltd-npl-beauty plus#3.png,CROSS CODING,2.0,1.0,99764252,161.3599853515625,116.0,PAGODA INTERNATIONAL LTD-NPL,BEAUTY,BEAUTY PLUS,BEAUTY PLUS-ALL DAY ULTRA SOFT PPH 6 NOS,PLPCH,6.000 NO,,,6.0,NO,80.0
8,2022-11-24 00:00:00,202211.0,124567392.0,1669184105457.0,99763729.0,116.0,PAGODA INTERNATIONAL LTD-NPL,BEAUTY PLUS,BEAUTY PLUS/FEEL COMFORT & CONFIDENCE/7PADS/PPH,60.0,PPH,7 PADS,,1669184105457-pagoda international ltd-npl-beauty plus#3.png,CROSS CODING,2.0,2.0,99762489,171.06600952148438,116.0,PAGODA INTERNATIONAL LTD-NPL,BEAUTY,BEAUTY PLUS,BEAUTY PLUS-ALL NIGHT ULTRA DRY XXL PPH 8 NO,PLPCH,8.000 NO,,,8.0,NO,50.0
8,2022-11-24 00:00:00,202211.0,124567392.0,1669184105457.0,99763729.0,116.0,PAGODA INTERNATIONAL LTD-NPL,BEAUTY PLUS,BEAUTY PLUS/FEEL COMFORT & CONFIDENCE/7PADS/PPH,60.0,PPH,7 PADS,,1669184105457-pagoda international ltd-npl-beauty plus#3.png,CROSS CODING,2.0,3.0,50976,171.9244842529297,116.0,PAGODA INTERNATIONAL LTD-NPL,BEAUTY,BEAUTY PLUS,BEAUTY PLUS-ALL DAY & ALL NGT ULTRA DRY XL PPH 8 NO,PLPCH,8.000 NO,,,8.0,NO,0.0
8,2022-11-24 00:00:00,202211.0,124567392.0,1669184105457.0,99763729.0,116.0,PAGODA INTERNATIONAL LTD-NPL,BEAUTY PLUS,BEAUTY PLUS/FEEL COMFORT & CONFIDENCE/7PADS/PPH,60.0,PPH,7 PADS,,1669184105457-pagoda international ltd-npl-beauty plus#3.png,CROSS CODING,2.0,4.0,51983,172.9417724609375,116.0,PAGODA INTERNATIONAL LTD-NPL,BEAUTY,BEAUTY PLUS,BEAUTY PLUS-ALL NIGHT ULTRA DRY XL PPH 6 NO,PLPCH,6.000 NO,,,6.0,NO,0.0
8,2022-11-24 00:00:00,202211.0,124567392.0,1669184105457.0,99763729.0,116.0,PAGODA INTERNATIONAL LTD-NPL,BEAUTY PLUS,BEAUTY PLUS/FEEL COMFORT & CONFIDENCE/7PADS/PPH,60.0,PPH,7 PADS,,1669184105457-pagoda international ltd-npl-beauty plus#3.png,CROSS CODING,2.0,5.0,50835,175.305419921875,116.0,PAGODA INTERNATIONAL LTD-NPL,BEAUTY,BEAUTY PLUS,BEAUTY PLUS-EXTRA LONG WINGS PPH 7 NO,PLPCH,7.000 NO,,,7.0,NO,0.0
8,2022-11-24 00:00:00,202211.0,124567392.0,1669184105457.0,99763729.0,116.0,PAGODA INTERNATIONAL LTD-NPL,BEAUTY PLUS,BEAUTY PLUS/FEEL COMFORT & CONFIDENCE/7PADS/PPH,60.0,PPH,7 PADS,,1669184105457-pagoda international ltd-npl-beauty plus#3.png,CROSS CODING,2.0,6.0,92026481,175.9820556640625,116.0,PAGODA INTERNATIONAL LTD-NPL,BEAUTY,BEAUTY ULTRA THIN,BEAUTY ULTRA THIN-WINGS PPH 7 NOS,PLPCH,7.000 NO,,,7.0,NO,0.0
8,2022-11-24 00:00:00,202211.0,124567392.0,1669184105457.0,99763729.0,116.0,PAGODA INTERNATIONAL LTD-NPL,BEAUTY PLUS,BEAUTY PLUS/FEEL COMFORT & CONFIDENCE/7PADS/PPH,60.0,PPH,7 PADS,,1669184105457-pagoda international ltd-npl-beauty plus#3.png,CROSS CODING,2.0,7.0,92027329,176.86257934570312,116.0,PAGODA INTERNATIONAL LTD-NPL,BEAUTY,BEAUTY PLUS,BEAUTY PLUS-ALL NIGHT ULTRA THIN WINGS PPH 7 NOS,PLPCH,7.000 NO,,,7.0,NO,0.0
8,2022-11-24 00:00:00,202211.0,124567392.0,1669184105457.0,99763729.0,116.0,PAGODA INTERNATIONAL LTD-NPL,BEAUTY PLUS,BEAUTY PLUS/FEEL COMFORT & CONFIDENCE/7PADS/PPH,60.0,PPH,7 PADS,,1669184105457-pagoda international ltd-npl-beauty plus#3.png,CROSS CODING,2.0,8.0,92027328,178.24647521972656,116.0,PAGODA INTERNATIONAL LTD-NPL,BEAUTY,BEAUTY PLUS,BEAUTY PLUS-ALL DAY & ALL NIGHT ULTRA THIN WINGS PPH 6 NOS,PLPCH,6.000 NO,,,6.0,NO,0.0
8,2022-11-24 00:00:00,202211.0,124567392.0,1669184105457.0,99763729.0,116.0,PAGODA INTERNATIONAL LTD-NPL,BEAUTY PLUS,BEAUTY PLUS/FEEL COMFORT & CONFIDENCE/7PADS/PPH,60.0,PPH,7 PADS,,1669184105457-pagoda international ltd-npl-beauty plus#3.png,CROSS CODING,2.0,9.0,99763729,178.5957794189453,116.0,PAGODA INTERNATIONAL LTD-NPL,BEAUTY,BEAUTY PLUS,BEAUTY PLUS-REGULAR WITH WINGS PPH 7 NO,PLPCH,7.000 NO,,,7.0,NO,50.0
8,2022-11-24 00:00:00,202211.0,124567392.0,1669184105457.0,99763729.0,116.0,PAGODA INTERNATIONAL LTD-NPL,BEAUTY PLUS,BEAUTY PLUS/FEEL COMFORT & CONFIDENCE/7PADS/PPH,60.0,PPH,7 PADS,,1669184105457-pagoda international ltd-npl-beauty plus#3.png,CROSS CODING,2.0,10.0,50454,179.2236328125,116.0,PAGODA INTERNATIONAL LTD-NPL,BEAUTY,BEAUTY PLUS,BEAUTY PLUS-EXTRA LONG WINGS PPH 8 NO,PLPCH,8.000 NO,,,8.0,NO,0.0
9,2022-11-24 00:00:00,202211.0,124567392.0,1669183333025.0,99764393.0,130.0,SAFE GUARD CONTRACPTVS P LT-IN,D'LAY,D'LAY DOTTED/ORANGE/3 PCS/CBP,50.0,CBP,3 PCS,,1669183333025-safe guard contracptvs p lt-in-d-lay#3.png,RECODING,5.0,1.0,99764393,183.46743774414062,130.0,SAFE GUARD CONTRACPTVS P LT-IN,D'LAY,D'LAY,D'LAY-FLAVOURED DOTTED ORANGE CBP 3 NO,CDBOX,3.000 NO,,,3.0,NO,50.0
9,2022-11-24 00:00:00,202211.0,124567392.0,1669183333025.0,99764393.0,130.0,SAFE GUARD CONTRACPTVS P LT-IN,D'LAY,D'LAY DOTTED/ORANGE/3 PCS/CBP,50.0,CBP,3 PCS,,1669183333025-safe guard contracptvs p lt-in-d-lay#3.png,RECODING,5.0,2.0,90521525,201.8457794189453,130.0,SAFE GUARD CONTRACPTVS P LT-IN,KAMTRUPTI,KAMTRUPTI DOTTED,KAMTRUPTI DOTTED-BANANA CBP 10 NOS,CDBOX,10.000 NO,,,10.0,NO,0.0
9,2022-11-24 00:00:00,202211.0,124567392.0,1669183333025.0,99764393.0,130.0,SAFE GUARD CONTRACPTVS P LT-IN,D'LAY,D'LAY DOTTED/ORANGE/3 PCS/CBP,50.0,CBP,3 PCS,,1669183333025-safe guard contracptvs p lt-in-d-lay#3.png,RECODING,5.0,3.0,90524261,202.99803161621094,130.0,SAFE GUARD CONTRACPTVS P LT-IN,PMATES,PMATES PREMIUM FLAVOURD DOTTED,PMATES PREMIUM FLAVOURD DOTTED-STRAWBERY CBP 3NO,CDBOX,3.000 NO,,,3.0,NO,0.0
9,2022-11-24 00:00:00,202211.0,124567392.0,1669183333025.0,99764393.0,130.0,SAFE GUARD CONTRACPTVS P LT-IN,D'LAY,D'LAY DOTTED/ORANGE/3 PCS/CBP,50.0,CBP,3 PCS,,1669183333025-safe guard contracptvs p lt-in-d-lay#3.png,RECODING,5.0,4.0,53570,203.03469848632812,130.0,SAFE GUARD CONTRACPTVS P LT-IN,KAMTRUPTI,KAMTRUPTI DOTTED,KAMTRUPTI DOTTED-APPLE CBP 3 NO,CDBOX,3.000 NO,,,3.0,NO,0.0
9,2022-11-24 00:00:00,202211.0,124567392.0,1669183333025.0,99764393.0,130.0,SAFE GUARD CONTRACPTVS P LT-IN,D'LAY,D'LAY DOTTED/ORANGE/3 PCS/CBP,50.0,CBP,3 PCS,,1669183333025-safe guard contracptvs p lt-in-d-lay#3.png,RECODING,5.0,5.0,90523056,204.34674072265625,130.0,SAFE GUARD CONTRACPTVS P LT-IN,LOVE ME,LOVE ME PREMIUM DOTTED,LOVE ME PREMIUM DOTTED-CBP 10NO,CDBOX,10.000 NO,,,10.0,NO,0.0
9,2022-11-24 00:00:00,202211.0,124567392.0,1669183333025.0,99764393.0,130.0,SAFE GUARD CONTRACPTVS P LT-IN,D'LAY,D'LAY DOTTED/ORANGE/3 PCS/CBP,50.0,CBP,3 PCS,,1669183333025-safe guard contracptvs p lt-in-d-lay#3.png,RECODING,5.0,6.0,90524040,204.45889282226562,130.0,SAFE GUARD CONTRACPTVS P LT-IN,LOVE ME,LOVE ME PREMIUM DOTTED,LOVE ME PREMIUM DOTTED-CBP 3NO,CDBOX,3.000 NO,,,3.0,NO,0.0
9,2022-11-24 00:00:00,202211.0,124567392.0,1669183333025.0,99764393.0,130.0,SAFE GUARD CONTRACPTVS P LT-IN,D'LAY,D'LAY DOTTED/ORANGE/3 PCS/CBP,50.0,CBP,3 PCS,,1669183333025-safe guard contracptvs p lt-in-d-lay#3.png,RECODING,5.0,7.0,90522119,206.60891723632812,130.0,SAFE GUARD CONTRACPTVS P LT-IN,KAMTRUPTI,KAMTRUPTI PREMIUM DOTTED,KAMTRUPTI PREMIUM DOTTED-CBP 10NO,CDBOX,10.000 NO,,,10.0,NO,0.0
9,2022-11-24 00:00:00,202211.0,124567392.0,1669183333025.0,99764393.0,130.0,SAFE GUARD CONTRACPTVS P LT-IN,D'LAY,D'LAY DOTTED/ORANGE/3 PCS/CBP,50.0,CBP,3 PCS,,1669183333025-safe guard contracptvs p lt-in-d-lay#3.png,RECODING,5.0,8.0,90523932,207.442626953125,130.0,SAFE GUARD CONTRACPTVS P LT-IN,KAMTRUPTI,KAMTRUPTI PREMIUM DOTTED,KAMTRUPTI PREMIUM DOTTED-CBP 3NO,CDBOX,3.000 NO,,,3.0,NO,0.0
9,2022-11-24 00:00:00,202211.0,124567392.0,1669183333025.0,99764393.0,130.0,SAFE GUARD CONTRACPTVS P LT-IN,D'LAY,D'LAY DOTTED/ORANGE/3 PCS/CBP,50.0,CBP,3 PCS,,1669183333025-safe guard contracptvs p lt-in-d-lay#3.png,RECODING,5.0,9.0,90522578,209.1953125,130.0,SAFE GUARD CONTRACPTVS P LT-IN,LOVE 'N' ROLL,LOVE 'N' ROLL DOTTED,LOVE 'N' ROLL DOTTED-CBP 3 NO,CDBOX,3.000 NO,,,3.0,NO,0.0
9,2022-11-24 00:00:00,202211.0,124567392.0,1669183333025.0,99764393.0,130.0,SAFE GUARD CONTRACPTVS P LT-IN,D'LAY,D'LAY DOTTED/ORANGE/3 PCS/CBP,50.0,CBP,3 PCS,,1669183333025-safe guard contracptvs p lt-in-d-lay#3.png,RECODING,5.0,10.0,90522955,209.73374938964844,130.0,SAFE GUARD CONTRACPTVS P LT-IN,KAMTRUPTI,KAMTRUPTI DOTTED,KAMTRUPTI DOTTED-CHOCOLATE CBP 10 NOS,CDBOX,10.000 NO,,,10.0,NO,0.0
10,2022-11-25 00:00:00,202211.0,123262051.0,1669272565941.0,99764402.0,122.0,HIMGIRI HYGIENE PVT LTD-NEPAL,SHAKTI DETERGENT POWER,SHAKTI DETERGENT POWER\350\GM,20.0,PPH,350 GM,New SKU,1669272565941-himgiri hygiene pvt ltd-nepal-shakti detergent power#3.png,RECODING,5.0,1.0,99764258,117.42546081542969,122.0,HIMGIRI HYGIENE PVT LTD-NEPAL,SHAKTI,SHAKTI,SHAKTI-DETERGENT POWDER PPH 200 GM,PLPCH,200.000 GM,,,200.0,GM,20.0
10,2022-11-25 00:00:00,202211.0,123262051.0,1669272565941.0,99764402.0,122.0,HIMGIRI HYGIENE PVT LTD-NEPAL,SHAKTI DETERGENT POWER,SHAKTI DETERGENT POWER\350\GM,20.0,PPH,350 GM,New SKU,1669272565941-himgiri hygiene pvt ltd-nepal-shakti detergent power#3.png,RECODING,5.0,2.0,99764172,121.03265380859375,122.0,HIMGIRI HYGIENE PVT LTD-NEPAL,SHAKTI,SHAKTI,SHAKTI-DETERGENT POWDER PPH 250 GM,PLPCH,250.000 GM,,,250.0,GM,20.0
10,2022-11-25 00:00:00,202211.0,123262051.0,1669272565941.0,99764402.0,122.0,HIMGIRI HYGIENE PVT LTD-NEPAL,SHAKTI DETERGENT POWER,SHAKTI DETERGENT POWER\350\GM,20.0,PPH,350 GM,New SKU,1669272565941-himgiri hygiene pvt ltd-nepal-shakti detergent power#3.png,RECODING,5.0,3.0,99764402,122.15839385986328,122.0,HIMGIRI HYGIENE PVT LTD-NEPAL,SHAKTI,SHAKTI,SHAKTI-DETERGENT POWDER PPH 350 GM,PLPCH,350.000 GM,,,350.0,GM,20.0
10,2022-11-25 00:00:00,202211.0,123262051.0,1669272565941.0,99764402.0,122.0,HIMGIRI HYGIENE PVT LTD-NEPAL,SHAKTI DETERGENT POWER,SHAKTI DETERGENT POWER\350\GM,20.0,PPH,350 GM,New SKU,1669272565941-himgiri hygiene pvt ltd-nepal-shakti detergent power#3.png,RECODING,5.0,4.0,99764926,136.30123901367188,122.0,HIMGIRI HYGIENE PVT LTD-NEPAL,SHAKTI,SHAKTI,SHAKTI-DETERGENT POWDER LEMON PPH 1000 GM,PLPCH,1000.000 GM,,,1000.0,GM,100.0
10,2022-11-25 00:00:00,202211.0,123262051.0,1669272565941.0,99764402.0,122.0,HIMGIRI HYGIENE PVT LTD-NEPAL,SHAKTI DETERGENT POWER,SHAKTI DETERGENT POWER\350\GM,20.0,PPH,350 GM,New SKU,1669272565941-himgiri hygiene pvt ltd-nepal-shakti detergent power#3.png,RECODING,5.0,5.0,99764486,139.962890625,122.0,HIMGIRI SOAP & CHEMICALS-NEPAL,SHAKTI,SHAKTI,SHAKTI-DETERGENT POWDER PPH 250 GM,PLPCH,250.000 GM,,,250.0,GM,20.0
10,2022-11-25 00:00:00,202211.0,123262051.0,1669272565941.0,99764402.0,122.0,HIMGIRI HYGIENE PVT LTD-NEPAL,SHAKTI DETERGENT POWER,SHAKTI DETERGENT POWER\350\GM,20.0,PPH,350 GM,New SKU,1669272565941-himgiri hygiene pvt ltd-nepal-shakti detergent power#3.png,RECODING,5.0,6.0,99763554,141.66151428222656,123.0,HIMGIRI HYGIENE PVT LTD-NEPAL,SHAKTI,SHAKTI,SHAKTI-PPH 200 GM,PLPCH,200.000 GM,,,200.0,GM,40.0
10,2022-11-25 00:00:00,202211.0,123262051.0,1669272565941.0,99764402.0,122.0,HIMGIRI HYGIENE PVT LTD-NEPAL,SHAKTI DETERGENT POWER,SHAKTI DETERGENT POWER\350\GM,20.0,PPH,350 GM,New SKU,1669272565941-himgiri hygiene pvt ltd-nepal-shakti detergent power#3.png,RECODING,5.0,7.0,99763575,142.10317993164062,123.0,HIMGIRI HYGIENE PVT LTD-NEPAL,DHONI,DHONI,DHONI-LAUNDRY SOAP PPH 3*150 GM [450GM],PLPCH,150.000 GM,,,450.0,GM,105.0
10,2022-11-25 00:00:00,202211.0,123262051.0,1669272565941.0,99764402.0,122.0,HIMGIRI HYGIENE PVT LTD-NEPAL,SHAKTI DETERGENT POWER,SHAKTI DETERGENT POWER\350\GM,20.0,PPH,350 GM,New SKU,1669272565941-himgiri hygiene pvt ltd-nepal-shakti detergent power#3.png,RECODING,5.0,8.0,99764020,143.97137451171875,123.0,HIMGIRI HYGIENE PVT LTD-NEPAL,TIKA,TIKA,TIKA-LAUNDRY SOAP PPH 3*167 GM [500 GM],PLPCH,167.000 GM,,,500.0,GM,105.0
10,2022-11-25 00:00:00,202211.0,123262051.0,1669272565941.0,99764402.0,122.0,HIMGIRI HYGIENE PVT LTD-NEPAL,SHAKTI DETERGENT POWER,SHAKTI DETERGENT POWER\350\GM,20.0,PPH,350 GM,New SKU,1669272565941-himgiri hygiene pvt ltd-nepal-shakti detergent power#3.png,RECODING,5.0,9.0,99763192,143.97378540039062,123.0,HIMGIRI HYGIENE PVT LTD-NEPAL,DHONI,DHONI,DHONI-LAUNDRY SOAP PPH 4*250 GM [1000GM],PLPCH,250.000 GM,,,1000.0,GM,200.0
10,2022-11-25 00:00:00,202211.0,123262051.0,1669272565941.0,99764402.0,122.0,HIMGIRI HYGIENE PVT LTD-NEPAL,SHAKTI DETERGENT POWER,SHAKTI DETERGENT POWER\350\GM,20.0,PPH,350 GM,New SKU,1669272565941-himgiri hygiene pvt ltd-nepal-shakti detergent power#3.png,RECODING,5.0,10.0,99763357,144.3340301513672,123.0,HIMGIRI HYGIENE PVT LTD-NEPAL,DHONI,DHONI,DHONI-XTRAA LAUNDRY SOAP PPH 6*167 GM [1000 GM],PLPCH,167.000 GM,,,1000.0,GM,220.0
11,2022-11-25 00:00:00,202211.0,130971813.0,1669269954473.0,99764403.0,123.0,MAKALU SOAP-NEPAL,JHILKE ,JHILKE\250GM\PPH\PRIMIUM LAUNDRY SOAP ,55.0,PPH ,250GM,,1669269954473-makalu soap-nepal-jhilke #3.png,RECODING,5.0,1.0,99763994,110.63922119140625,123.0,MAKALU SOAP-NEPAL,JHILKE,JHILKE,JHILKE-PREMIUM LAUNDRY SOAP PPH 200 GM,PLPCH,200.000 GM,,,200.0,GM,40.0
11,2022-11-25 00:00:00,202211.0,130971813.0,1669269954473.0,99764403.0,123.0,MAKALU SOAP-NEPAL,JHILKE ,JHILKE\250GM\PPH\PRIMIUM LAUNDRY SOAP ,55.0,PPH ,250GM,,1669269954473-makalu soap-nepal-jhilke #3.png,RECODING,5.0,2.0,99764403,113.87112426757812,123.0,MAKALU SOAP-NEPAL,JHILKE,JHILKE,JHILKE-PREMIUM LAUNDRY SOAP PPH 250 GM,PLPCH,250.000 GM,,,250.0,GM,55.0
11,2022-11-25 00:00:00,202211.0,130971813.0,1669269954473.0,99764403.0,123.0,MAKALU SOAP-NEPAL,JHILKE ,JHILKE\250GM\PPH\PRIMIUM LAUNDRY SOAP ,55.0,PPH ,250GM,,1669269954473-makalu soap-nepal-jhilke #3.png,RECODING,5.0,3.0,99763150,114.45849609375,123.0,MAKALU SOAP-NEPAL,JHILKE,JHILKE,JHILKE-PREMIUM LAUNDRY SOAP PPH 150 GM,PLPCH,150.000 GM,,,150.0,GM,30.0
11,2022-11-25 00:00:00,202211.0,130971813.0,1669269954473.0,99764403.0,123.0,MAKALU SOAP-NEPAL,JHILKE ,JHILKE\250GM\PPH\PRIMIUM LAUNDRY SOAP ,55.0,PPH ,250GM,,1669269954473-makalu soap-nepal-jhilke #3.png,RECODING,5.0,4.0,99764179,133.08712768554688,123.0,NAMASTE S.I (P)-NEPAL,JUN,JUN,JUN-LAUNDRY SOAP PPH 200 GM,PLPCH,200.000 GM,,,200.0,GM,40.0
11,2022-11-25 00:00:00,202211.0,130971813.0,1669269954473.0,99764403.0,123.0,MAKALU SOAP-NEPAL,JHILKE ,JHILKE\250GM\PPH\PRIMIUM LAUNDRY SOAP ,55.0,PPH ,250GM,,1669269954473-makalu soap-nepal-jhilke #3.png,RECODING,5.0,5.0,99762767,133.51211547851562,123.0,NAMASTE S.I (P)-NEPAL,JUN,JUN,JUN-LAUNDRY SOAP PPH 500 GM,PLPCH,500.000 GM,,,500.0,GM,100.0
11,2022-11-25 00:00:00,202211.0,130971813.0,1669269954473.0,99764403.0,123.0,MAKALU SOAP-NEPAL,JHILKE ,JHILKE\250GM\PPH\PRIMIUM LAUNDRY SOAP ,55.0,PPH ,250GM,,1669269954473-makalu soap-nepal-jhilke #3.png,RECODING,5.0,6.0,99763930,140.70330810546875,123.0,MAKALU SOAP-NEPAL,LAHAR,LAHAR,LAHAR-LAUNDRY SOAP PPH 200 GM,PLPCH,200.000 GM,,,200.0,GM,40.0
11,2022-11-25 00:00:00,202211.0,130971813.0,1669269954473.0,99764403.0,123.0,MAKALU SOAP-NEPAL,JHILKE ,JHILKE\250GM\PPH\PRIMIUM LAUNDRY SOAP ,55.0,PPH ,250GM,,1669269954473-makalu soap-nepal-jhilke #3.png,RECODING,5.0,7.0,99764135,141.14309692382812,123.0,MAKALU SOAP-NEPAL,EKTA,EKTA,EKTA-LAUNDRY SOAP PPH 150 GM,PLPCH,150.000 GM,,,150.0,GM,25.0
11,2022-11-25 00:00:00,202211.0,130971813.0,1669269954473.0,99764403.0,123.0,MAKALU SOAP-NEPAL,JHILKE ,JHILKE\250GM\PPH\PRIMIUM LAUNDRY SOAP ,55.0,PPH ,250GM,,1669269954473-makalu soap-nepal-jhilke #3.png,RECODING,5.0,8.0,99764890,142.24830627441406,123.0,MAKALU SOAP-NEPAL,LAHAR,LAHAR,LAHAR-LAUNDRY SOAP PPH 100 GM,PLPCH,100.000 GM,,,100.0,GM,20.0
11,2022-11-25 00:00:00,202211.0,130971813.0,1669269954473.0,99764403.0,123.0,MAKALU SOAP-NEPAL,JHILKE ,JHILKE\250GM\PPH\PRIMIUM LAUNDRY SOAP ,55.0,PPH ,250GM,,1669269954473-makalu soap-nepal-jhilke #3.png,RECODING,5.0,9.0,99764024,142.66558837890625,123.0,MAKALU SOAP-NEPAL,EKTA,EKTA,EKTA-LAUNDRY SOAP PPH 125 GM,PLPCH,125.000 GM,,,125.0,GM,20.0
11,2022-11-25 00:00:00,202211.0,130971813.0,1669269954473.0,99764403.0,123.0,MAKALU SOAP-NEPAL,JHILKE ,JHILKE\250GM\PPH\PRIMIUM LAUNDRY SOAP ,55.0,PPH ,250GM,,1669269954473-makalu soap-nepal-jhilke #3.png,RECODING,5.0,10.0,99764004,142.89047241210938,123.0,MAKALU SOAP-NEPAL,EKTA,EKTA,EKTA-LAUNDRY SOAP PPH 300 GM,PLPCH,300.000 GM,,,300.0,GM,55.0
12,2022-11-25 00:00:00,202211.0,127031725.0,1669272981061.0,99764398.0,120.0,JYOTHY LABORATORIES LTD-INDIA,MARGO,MARGO\43GM\EWP\NEEM,16.0,EWP,43GM,,1669272981061-jyothy laboratories ltd-india-margo#3.png,RECODING,5.0,1.0,99764398,139.29080200195312,120.0,JYOTHY LABORATORIES LTD-INDIA,MARGO,MARGO,MARGO-NEEM EWP 43 GM,EWRPK,43.000 GM,,,43.0,GM,16.0
12,2022-11-25 00:00:00,202211.0,127031725.0,1669272981061.0,99764398.0,120.0,JYOTHY LABORATORIES LTD-INDIA,MARGO,MARGO\43GM\EWP\NEEM,16.0,EWP,43GM,,1669272981061-jyothy laboratories ltd-india-margo#3.png,RECODING,5.0,2.0,49269,140.05807495117188,120.0,JYOTHY LABORATORIES LTD-INDIA,MARGO,MARGO,MARGO-ORIGINAL NEEM EWP 5*75 GM+B4G1,EWRPK,75.000 GM,,,375.0,GM,0.0
12,2022-11-25 00:00:00,202211.0,127031725.0,1669272981061.0,99764398.0,120.0,JYOTHY LABORATORIES LTD-INDIA,MARGO,MARGO\43GM\EWP\NEEM,16.0,EWP,43GM,,1669272981061-jyothy laboratories ltd-india-margo#3.png,RECODING,5.0,3.0,92523830,145.84153747558594,120.0,JYOTHY LABORATORIES LTD-INDIA,MARGO,MARGO,MARGO-ORIGINAL NEEM EWP 75 GMS,EWRPK,75.000 GM,,,75.0,GM,0.0
12,2022-11-25 00:00:00,202211.0,127031725.0,1669272981061.0,99764398.0,120.0,JYOTHY LABORATORIES LTD-INDIA,MARGO,MARGO\43GM\EWP\NEEM,16.0,EWP,43GM,,1669272981061-jyothy laboratories ltd-india-margo#3.png,RECODING,5.0,4.0,92521888,148.33596801757812,120.0,JYOTHY LABORATORIES LTD-INDIA,MARGO,MARGO,MARGO-NEEM EWP 100 GMS,EWRPK,100.000 GM,,,100.0,GM,0.0
12,2022-11-25 00:00:00,202211.0,127031725.0,1669272981061.0,99764398.0,120.0,JYOTHY LABORATORIES LTD-INDIA,MARGO,MARGO\43GM\EWP\NEEM,16.0,EWP,43GM,,1669272981061-jyothy laboratories ltd-india-margo#3.png,RECODING,5.0,5.0,99762550,150.73318481445312,120.0,JYOTHY LABORATORIES LTD-INDIA,MARGO,MARGO,MARGO-NEEM EWP 100 GMS+25% EXTRA,EWRPK,100.000 GM,,,125.0,GM,52.0
12,2022-11-25 00:00:00,202211.0,127031725.0,1669272981061.0,99764398.0,120.0,JYOTHY LABORATORIES LTD-INDIA,MARGO,MARGO\43GM\EWP\NEEM,16.0,EWP,43GM,,1669272981061-jyothy laboratories ltd-india-margo#3.png,RECODING,5.0,6.0,49268,152.07443237304688,120.0,JYOTHY LABORATORIES LTD-INDIA,MARGO,MARGO,MARGO-ORIGNAL NEEM EWP 2*100 GM+RS 6.40,EWRPK,100.000 GM,,,200.0,GM,0.0
12,2022-11-25 00:00:00,202211.0,127031725.0,1669272981061.0,99764398.0,120.0,JYOTHY LABORATORIES LTD-INDIA,MARGO,MARGO\43GM\EWP\NEEM,16.0,EWP,43GM,,1669272981061-jyothy laboratories ltd-india-margo#3.png,RECODING,5.0,7.0,92923067,187.93145751953125,123.0,JYOTHY LABORATORIES LTD-INDIA,PRIL,PRIL,PRIL-EWP 145 GMS,EWRPK,145.000 GM,,,145.0,GM,0.0
12,2022-11-25 00:00:00,202211.0,127031725.0,1669272981061.0,99764398.0,120.0,JYOTHY LABORATORIES LTD-INDIA,MARGO,MARGO\43GM\EWP\NEEM,16.0,EWP,43GM,,1669272981061-jyothy laboratories ltd-india-margo#3.png,RECODING,5.0,8.0,92926516,193.3865966796875,123.0,JYOTHY LABORATORIES LTD-INDIA,PRIL,PRIL PERFECT,PRIL PERFECT-EWP 200 GMS,EWRPK,200.000 GM,,,200.0,GM,0.0
12,2022-11-25 00:00:00,202211.0,127031725.0,1669272981061.0,99764398.0,120.0,JYOTHY LABORATORIES LTD-INDIA,MARGO,MARGO\43GM\EWP\NEEM,16.0,EWP,43GM,,1669272981061-jyothy laboratories ltd-india-margo#3.png,RECODING,5.0,9.0,92922625,196.46066284179688,123.0,JYOTHY LABORATORIES LTD-INDIA,PRIL,PRIL PERFECT,PRIL PERFECT-EWP 400 GMS,EWRPK,400.000 GM,,,400.0,GM,0.0
12,2022-11-25 00:00:00,202211.0,127031725.0,1669272981061.0,99764398.0,120.0,JYOTHY LABORATORIES LTD-INDIA,MARGO,MARGO\43GM\EWP\NEEM,16.0,EWP,43GM,,1669272981061-jyothy laboratories ltd-india-margo#3.png,RECODING,5.0,10.0,92962391,198.74180603027344,123.0,JYOTHY LABORATORIES LTD-INDIA,PRIL,PRIL PERFECT,PRIL PERFECT-EWP 100 GM+45 GM,EWRPK,100.000 GM,,,145.0,GM,0.0
13,2022-11-25 00:00:00,202211.0,127031725.0,1669272663822.0,99764399.0,120.0,HINDUSTAN UNILEVER LTD-INDIA,LUX ,LUX\23GM\PPH\VELVETY GLOW ,8.0,PPH,23GM,,1669272663822-hindustan unilever ltd-india-lux #3.png,RECODING,5.0,1.0,99763482,154.76028442382812,120.0,HINDUSTAN UNILEVER LTD-INDIA,LUX,LUX VELVET GLOW,LUX VELVET GLOW-JASMINE & VITAMIN E EWP 100G+[4+1],EWRPK,100.000 GM,,,500.0,GM,120.0
13,2022-11-25 00:00:00,202211.0,127031725.0,1669272663822.0,99764399.0,120.0,HINDUSTAN UNILEVER LTD-INDIA,LUX ,LUX\23GM\PPH\VELVETY GLOW ,8.0,PPH,23GM,,1669272663822-hindustan unilever ltd-india-lux #3.png,RECODING,5.0,2.0,99763087,154.8626708984375,120.0,HINDUSTAN UNILEVER LTD-INDIA,LUX,LUX VELVET GLOW,LUX VELVET GLOW-JASMINE & VITAMIN E EWP 50 GM,EWRPK,50.000 GM,,,50.0,GM,20.0
13,2022-11-25 00:00:00,202211.0,127031725.0,1669272663822.0,99764399.0,120.0,HINDUSTAN UNILEVER LTD-INDIA,LUX ,LUX\23GM\PPH\VELVETY GLOW ,8.0,PPH,23GM,,1669272663822-hindustan unilever ltd-india-lux #3.png,RECODING,5.0,3.0,99762715,157.22299194335938,120.0,HINDUSTAN UNILEVER LTD-INDIA,LUX,LUX CREAMY GLOW,LUX CREAMY GLOW-JASMINE & VITAMIN E EWP 53 GM,EWRPK,53.000 GM,,,53.0,GM,16.0
13,2022-11-25 00:00:00,202211.0,127031725.0,1669272663822.0,99764399.0,120.0,HINDUSTAN UNILEVER LTD-INDIA,LUX ,LUX\23GM\PPH\VELVETY GLOW ,8.0,PPH,23GM,,1669272663822-hindustan unilever ltd-india-lux #3.png,RECODING,5.0,4.0,99762955,157.63327026367188,120.0,HINDUSTAN UNILEVER LTD-INDIA,LUX,LUX VELVET GLOW,LUX VELVET GLOW-JASMINE & VITAMIN E EWP 100 GM,EWRPK,100.000 GM,,,100.0,GM,40.0
13,2022-11-25 00:00:00,202211.0,127031725.0,1669272663822.0,99764399.0,120.0,HINDUSTAN UNILEVER LTD-INDIA,LUX ,LUX\23GM\PPH\VELVETY GLOW ,8.0,PPH,23GM,,1669272663822-hindustan unilever ltd-india-lux #3.png,RECODING,5.0,5.0,99763674,157.66812133789062,120.0,HINDUSTAN UNILEVER LTD-INDIA,LUX,LUX CREAMY GLOW,LUX CREAMY GLOW-JASMINE & VITAMIN E EWP 48 GM,EWRPK,48.000 GM,,,48.0,GM,16.0
13,2022-11-25 00:00:00,202211.0,127031725.0,1669272663822.0,99764399.0,120.0,HINDUSTAN UNILEVER LTD-INDIA,LUX ,LUX\23GM\PPH\VELVETY GLOW ,8.0,PPH,23GM,,1669272663822-hindustan unilever ltd-india-lux #3.png,RECODING,5.0,6.0,99764191,159.50169372558594,120.0,HINDUSTAN UNILEVER LTD-INDIA,LUX,LUX CREAMY GLOW,LUX CREAMY GLOW-JASMINE & VITAMIN E EWP 43 GM,EWRPK,43.000 GM,,,43.0,GM,16.0
13,2022-11-25 00:00:00,202211.0,127031725.0,1669272663822.0,99764399.0,120.0,HINDUSTAN UNILEVER LTD-INDIA,LUX ,LUX\23GM\PPH\VELVETY GLOW ,8.0,PPH,23GM,,1669272663822-hindustan unilever ltd-india-lux #3.png,RECODING,5.0,7.0,99763071,159.71783447265625,120.0,HINDUSTAN UNILEVER LTD-INDIA,LUX,LUX SOFT GLOWING SKIN,LUX SOFT GLOWING SKIN-JASMIN & VITMIN E EWP 59 GM,EWRPK,59.000 GM,,,59.0,GM,16.0
13,2022-11-25 00:00:00,202211.0,127031725.0,1669272663822.0,99764399.0,120.0,HINDUSTAN UNILEVER LTD-INDIA,LUX ,LUX\23GM\PPH\VELVETY GLOW ,8.0,PPH,23GM,,1669272663822-hindustan unilever ltd-india-lux #3.png,RECODING,5.0,8.0,99763070,161.21688842773438,120.0,HINDUSTAN UNILEVER LTD-INDIA,LUX,LUX SOFT GLOWING SKIN,LUX SOFT GLOWING SKIN-JASMIN & VITMIN E EWP 100 GM,EWRPK,100.000 GM,,,100.0,GM,35.0
13,2022-11-25 00:00:00,202211.0,127031725.0,1669272663822.0,99764399.0,120.0,HINDUSTAN UNILEVER LTD-INDIA,LUX ,LUX\23GM\PPH\VELVETY GLOW ,8.0,PPH,23GM,,1669272663822-hindustan unilever ltd-india-lux #3.png,RECODING,5.0,9.0,99764641,161.51971435546875,120.0,HINDUSTAN UNILEVER LTD-INDIA,LUX,LUX CREAMY GLOW,LUX CREAMY GLOW-JASMINE & VITAMIN E EWP 100 GM+(3+1),EWRPK,100.000 GM,,,400.0,GM,153.0
13,2022-11-25 00:00:00,202211.0,127031725.0,1669272663822.0,99764399.0,120.0,HINDUSTAN UNILEVER LTD-INDIA,LUX ,LUX\23GM\PPH\VELVETY GLOW ,8.0,PPH,23GM,,1669272663822-hindustan unilever ltd-india-lux #3.png,RECODING,5.0,10.0,99763168,162.70965576171875,120.0,HINDUSTAN UNILEVER LTD-INDIA,LUX,LUX CREAMY GLOW,LUX CREAMY GLOW-JASMINE & VITAMIN E EWP 50 GM,EWRPK,50.000 GM,,,50.0,GM,20.0
14,2022-11-25 00:00:00,202211.0,130646198.0,1669266335963.0,99764404.0,123.0,SHIV SHAKTI OIL & FATS-NP,SWIFT,SWIFT\250GM\PPH\LAUNDRY SOAP ,50.0,PPH,250GM,,1669266335963-shiv shakti oil - fats-np-swift#3.png,RECODING,5.0,1.0,99763381,130.28704833984375,123.0,SHIV SHAKTI OIL & FATS-NP,URJA,URJA,URJA-LAUNDRY SOAP PPH 125 GM,PLPCH,125.000 GM,,,125.0,GM,20.0
14,2022-11-25 00:00:00,202211.0,130646198.0,1669266335963.0,99764404.0,123.0,SHIV SHAKTI OIL & FATS-NP,SWIFT,SWIFT\250GM\PPH\LAUNDRY SOAP ,50.0,PPH,250GM,,1669266335963-shiv shakti oil - fats-np-swift#3.png,RECODING,5.0,2.0,99763153,130.29312133789062,123.0,SHIV SHAKTI OIL & FATS-NP,URJA,URJA,URJA-LAUNDRY SOAP PPH 200 GM,PLPCH,200.000 GM,,,200.0,GM,40.0
14,2022-11-25 00:00:00,202211.0,130646198.0,1669266335963.0,99764404.0,123.0,SHIV SHAKTI OIL & FATS-NP,SWIFT,SWIFT\250GM\PPH\LAUNDRY SOAP ,50.0,PPH,250GM,,1669266335963-shiv shakti oil - fats-np-swift#3.png,RECODING,5.0,3.0,99763051,132.6346435546875,123.0,SHIVA SHAKTI OIL&SOAP P LTD-NP,SWIFT,SWIFT,SWIFT-LAUNDRY SOAP PPH 200 GM,PLPCH,200.000 GM,,,200.0,GM,40.0
14,2022-11-25 00:00:00,202211.0,130646198.0,1669266335963.0,99764404.0,123.0,SHIV SHAKTI OIL & FATS-NP,SWIFT,SWIFT\250GM\PPH\LAUNDRY SOAP ,50.0,PPH,250GM,,1669266335963-shiv shakti oil - fats-np-swift#3.png,RECODING,5.0,4.0,99763561,134.77728271484375,123.0,SHIVA SHAKTI OIL&SOAP P LTD-NP,SWIFT,SWIFT,SWIFT-LAUNDRY SOAP PPH 150 GM,PLPCH,150.000 GM,,,150.0,GM,30.0
14,2022-11-25 00:00:00,202211.0,130646198.0,1669266335963.0,99764404.0,123.0,SHIV SHAKTI OIL & FATS-NP,SWIFT,SWIFT\250GM\PPH\LAUNDRY SOAP ,50.0,PPH,250GM,,1669266335963-shiv shakti oil - fats-np-swift#3.png,RECODING,5.0,5.0,99764404,136.3781280517578,123.0,SHIVA SHAKTI OIL&SOAP P LTD-NP,SWIFT,SWIFT,SWIFT-LAUNDRY SOAP PPH 250 GM,PLPCH,250.000 GM,,,250.0,GM,50.0
14,2022-11-25 00:00:00,202211.0,130646198.0,1669266335963.0,99764404.0,123.0,SHIV SHAKTI OIL & FATS-NP,SWIFT,SWIFT\250GM\PPH\LAUNDRY SOAP ,50.0,PPH,250GM,,1669266335963-shiv shakti oil - fats-np-swift#3.png,RECODING,5.0,6.0,99764287,146.05374145507812,123.0,SHIV SHAKTI OIL & FATS-NP,PARKER,PARKER,PARKER-LAUNDRY SOAP PPH 125 GM,PLPCH,125.000 GM,,,125.0,GM,25.0
14,2022-11-25 00:00:00,202211.0,130646198.0,1669266335963.0,99764404.0,123.0,SHIV SHAKTI OIL & FATS-NP,SWIFT,SWIFT\250GM\PPH\LAUNDRY SOAP ,50.0,PPH,250GM,,1669266335963-shiv shakti oil - fats-np-swift#3.png,RECODING,5.0,7.0,99764179,168.15850830078125,123.0,NAMASTE S.I (P)-NEPAL,JUN,JUN,JUN-LAUNDRY SOAP PPH 200 GM,PLPCH,200.000 GM,,,200.0,GM,40.0
14,2022-11-25 00:00:00,202211.0,130646198.0,1669266335963.0,99764404.0,123.0,SHIV SHAKTI OIL & FATS-NP,SWIFT,SWIFT\250GM\PPH\LAUNDRY SOAP ,50.0,PPH,250GM,,1669266335963-shiv shakti oil - fats-np-swift#3.png,RECODING,5.0,8.0,99762767,168.84890747070312,123.0,NAMASTE S.I (P)-NEPAL,JUN,JUN,JUN-LAUNDRY SOAP PPH 500 GM,PLPCH,500.000 GM,,,500.0,GM,100.0
14,2022-11-25 00:00:00,202211.0,130646198.0,1669266335963.0,99764404.0,123.0,SHIV SHAKTI OIL & FATS-NP,SWIFT,SWIFT\250GM\PPH\LAUNDRY SOAP ,50.0,PPH,250GM,,1669266335963-shiv shakti oil - fats-np-swift#3.png,RECODING,5.0,9.0,92926705,170.2567138671875,123.0,SHIV SHAKTI OIL & FATS-NP,SWIFT 72%,SWIFT 72%,SWIFT 72%-UNWRP 250 GMS,UNWRP,250.000 GM,,,250.0,GM,0.0
14,2022-11-25 00:00:00,202211.0,130646198.0,1669266335963.0,99764404.0,123.0,SHIV SHAKTI OIL & FATS-NP,SWIFT,SWIFT\250GM\PPH\LAUNDRY SOAP ,50.0,PPH,250GM,,1669266335963-shiv shakti oil - fats-np-swift#3.png,RECODING,5.0,10.0,99763993,171.66929626464844,123.0,GADHIMAI SOAP & CHEMICAL-NEPAL,SAMRAT,SAMRAT,SAMRAT-LAUNDRY SOAP PPH 125 GM,PLPCH,125.000 GM,,,125.0,GM,25.0
15,2022-11-25 00:00:00,202211.0,130646198.0,1669267666095.0,99764396.0,106.0,DAZZY PRODUCTS-PVT.LTDINDIA ,DAZZY  GOLD,DAZZY GOLD\6GM\PPH\MANGO,4.0,PPH,6GM,,1669267666095-dazzy products-pvt-ltdindia -dazzy  gold#3.png,RECODING,5.0,1.0,99764396,128.88758850097656,106.0,DAZZY PRODUCTS PVT LTD-INDIA,DAZZY,DAZZY GOLD,DAZZY GOLD-MANGO PPH 6 GM,PLPCH,6.000 GM,MANGO,,6.0,GM,4.0
15,2022-11-25 00:00:00,202211.0,130646198.0,1669267666095.0,99764396.0,106.0,DAZZY PRODUCTS-PVT.LTDINDIA ,DAZZY  GOLD,DAZZY GOLD\6GM\PPH\MANGO,4.0,PPH,6GM,,1669267666095-dazzy products-pvt-ltdindia -dazzy  gold#3.png,RECODING,5.0,2.0,99764394,150.85055541992188,106.0,DAZZY PRODUCTS PVT LTD-INDIA,DAZZY,DAZZY GOLD,DAZZY GOLD-COCONUT PPH 6 GM,PLPCH,6.000 GM,COCONUT,,6.0,GM,4.0
15,2022-11-25 00:00:00,202211.0,130646198.0,1669267666095.0,99764396.0,106.0,DAZZY PRODUCTS-PVT.LTDINDIA ,DAZZY  GOLD,DAZZY GOLD\6GM\PPH\MANGO,4.0,PPH,6GM,,1669267666095-dazzy products-pvt-ltdindia -dazzy  gold#3.png,RECODING,5.0,3.0,99764395,158.74220275878906,106.0,DAZZY PRODUCTS PVT LTD-INDIA,DAZZY,DAZZY GOLD,DAZZY GOLD-ROSE PPH 6 GM,PLPCH,6.000 GM,ROSE,,6.0,GM,4.0
15,2022-11-25 00:00:00,202211.0,130646198.0,1669267666095.0,99764396.0,106.0,DAZZY PRODUCTS-PVT.LTDINDIA ,DAZZY  GOLD,DAZZY GOLD\6GM\PPH\MANGO,4.0,PPH,6GM,,1669267666095-dazzy products-pvt-ltdindia -dazzy  gold#3.png,RECODING,5.0,4.0,48100,165.9867401123047,106.0,D.K INDUSTRIES-INDIA,DAZZY,DAZZY,DAZZY-ALMOND GOLD EWP 4.5 GM,EWRPK,4.500 GM,ALMOND,,4.5,GM,0.0
15,2022-11-25 00:00:00,202211.0,130646198.0,1669267666095.0,99764396.0,106.0,DAZZY PRODUCTS-PVT.LTDINDIA ,DAZZY  GOLD,DAZZY GOLD\6GM\PPH\MANGO,4.0,PPH,6GM,,1669267666095-dazzy products-pvt-ltdindia -dazzy  gold#3.png,RECODING,5.0,5.0,49653,169.88421630859375,106.0,D.K INDUSTRIES-INDIA,DAZZY,DAZZY ECLAIRS,DAZZY ECLAIRS-GOLD PPH 4.5 GM,PLPCH,4.500 GM,ECLAIRS,,4.5,GM,0.0
15,2022-11-25 00:00:00,202211.0,130646198.0,1669267666095.0,99764396.0,106.0,DAZZY PRODUCTS-PVT.LTDINDIA ,DAZZY  GOLD,DAZZY GOLD\6GM\PPH\MANGO,4.0,PPH,6GM,,1669267666095-dazzy products-pvt-ltdindia -dazzy  gold#3.png,RECODING,5.0,6.0,91827047,173.90737915039062,106.0,DAZZY FOOD INDUSTRIES-INDIA,DAZZY,DAZZY ALMOND GOLD,DAZZY ALMOND GOLD- PPH 5 GM,PLPCH,5.000 GM,ALMOND,,5.0,GM,0.0
15,2022-11-25 00:00:00,202211.0,130646198.0,1669267666095.0,99764396.0,106.0,DAZZY PRODUCTS-PVT.LTDINDIA ,DAZZY  GOLD,DAZZY GOLD\6GM\PPH\MANGO,4.0,PPH,6GM,,1669267666095-dazzy products-pvt-ltdindia -dazzy  gold#3.png,RECODING,5.0,7.0,91826200,179.03793334960938,106.0,DAZZY FOOD INDUSTRIES-INDIA,DAZZY,DAZZY,DAZZY- PAN MEETHA PPH 5.2 GM,PLPCH,5.200 GM,PAAN,,5.2,GM,0.0
15,2022-11-25 00:00:00,202211.0,130646198.0,1669267666095.0,99764396.0,106.0,DAZZY PRODUCTS-PVT.LTDINDIA ,DAZZY  GOLD,DAZZY GOLD\6GM\PPH\MANGO,4.0,PPH,6GM,,1669267666095-dazzy products-pvt-ltdindia -dazzy  gold#3.png,RECODING,5.0,8.0,91826351,183.01531982421875,106.0,DAZZY FOOD INDUSTRIES-INDIA,DAZZY,DAZZY TAMBLEY,DAZZY TAMBLEY- TAMARIND PPH 5 GM,PLPCH,5.000 GM,TAMARIND,,5.0,GM,0.0
15,2022-11-25 00:00:00,202211.0,130646198.0,1669267666095.0,99764396.0,106.0,DAZZY PRODUCTS-PVT.LTDINDIA ,DAZZY  GOLD,DAZZY GOLD\6GM\PPH\MANGO,4.0,PPH,6GM,,1669267666095-dazzy products-pvt-ltdindia -dazzy  gold#3.png,RECODING,5.0,9.0,45930,188.0222625732422,106.0,DAZZY FOOD INDUSTRIES-INDIA,DAZZY,DAZZY,DAZZY-MASALA KERY CANDY PPH 4 GM,PLPCH,4.000 GM,MASALA,,4.0,GM,0.0
15,2022-11-25 00:00:00,202211.0,130646198.0,1669267666095.0,99764396.0,106.0,DAZZY PRODUCTS-PVT.LTDINDIA ,DAZZY  GOLD,DAZZY GOLD\6GM\PPH\MANGO,4.0,PPH,6GM,,1669267666095-dazzy products-pvt-ltdindia -dazzy  gold#3.png,RECODING,5.0,10.0,91826537,190.63955688476562,106.0,DAZZY FOOD INDUSTRIES-INDIA,DAZZY,DAZZY,DAZZY- COCONUT BUTTER PPH 5 GM,PLPCH,5.000 GM,COCONUT,,5.0,GM,0.0
16,2022-11-25 00:00:00,202211.0,130646198.0,1669267848626.0,99764395.0,106.0,DAZZY PRODUCTS-PVT.LTDINDIA ,DAZZY  GOLD,DAZZY GOLD\6GM\PPH\ROSE,4.0,PPH,6GM,,1669267848626-dazzy products-pvt-ltdindia -dazzy  gold#3.png,RECODING,5.0,1.0,99764395,135.0358123779297,106.0,DAZZY PRODUCTS PVT LTD-INDIA,DAZZY,DAZZY GOLD,DAZZY GOLD-ROSE PPH 6 GM,PLPCH,6.000 GM,ROSE,,6.0,GM,4.0
16,2022-11-25 00:00:00,202211.0,130646198.0,1669267848626.0,99764395.0,106.0,DAZZY PRODUCTS-PVT.LTDINDIA ,DAZZY  GOLD,DAZZY GOLD\6GM\PPH\ROSE,4.0,PPH,6GM,,1669267848626-dazzy products-pvt-ltdindia -dazzy  gold#3.png,RECODING,5.0,2.0,99764394,152.82015991210938,106.0,DAZZY PRODUCTS PVT LTD-INDIA,DAZZY,DAZZY GOLD,DAZZY GOLD-COCONUT PPH 6 GM,PLPCH,6.000 GM,COCONUT,,6.0,GM,4.0
16,2022-11-25 00:00:00,202211.0,130646198.0,1669267848626.0,99764395.0,106.0,DAZZY PRODUCTS-PVT.LTDINDIA ,DAZZY  GOLD,DAZZY GOLD\6GM\PPH\ROSE,4.0,PPH,6GM,,1669267848626-dazzy products-pvt-ltdindia -dazzy  gold#3.png,RECODING,5.0,3.0,99764396,162.00941467285156,106.0,DAZZY PRODUCTS PVT LTD-INDIA,DAZZY,DAZZY GOLD,DAZZY GOLD-MANGO PPH 6 GM,PLPCH,6.000 GM,MANGO,,6.0,GM,4.0
16,2022-11-25 00:00:00,202211.0,130646198.0,1669267848626.0,99764395.0,106.0,DAZZY PRODUCTS-PVT.LTDINDIA ,DAZZY  GOLD,DAZZY GOLD\6GM\PPH\ROSE,4.0,PPH,6GM,,1669267848626-dazzy products-pvt-ltdindia -dazzy  gold#3.png,RECODING,5.0,4.0,49653,163.3509521484375,106.0,D.K INDUSTRIES-INDIA,DAZZY,DAZZY ECLAIRS,DAZZY ECLAIRS-GOLD PPH 4.5 GM,PLPCH,4.500 GM,ECLAIRS,,4.5,GM,0.0
16,2022-11-25 00:00:00,202211.0,130646198.0,1669267848626.0,99764395.0,106.0,DAZZY PRODUCTS-PVT.LTDINDIA ,DAZZY  GOLD,DAZZY GOLD\6GM\PPH\ROSE,4.0,PPH,6GM,,1669267848626-dazzy products-pvt-ltdindia -dazzy  gold#3.png,RECODING,5.0,5.0,48100,170.7323760986328,106.0,D.K INDUSTRIES-INDIA,DAZZY,DAZZY,DAZZY-ALMOND GOLD EWP 4.5 GM,EWRPK,4.500 GM,ALMOND,,4.5,GM,0.0
16,2022-11-25 00:00:00,202211.0,130646198.0,1669267848626.0,99764395.0,106.0,DAZZY PRODUCTS-PVT.LTDINDIA ,DAZZY  GOLD,DAZZY GOLD\6GM\PPH\ROSE,4.0,PPH,6GM,,1669267848626-dazzy products-pvt-ltdindia -dazzy  gold#3.png,RECODING,5.0,6.0,91827047,182.32081604003906,106.0,DAZZY FOOD INDUSTRIES-INDIA,DAZZY,DAZZY ALMOND GOLD,DAZZY ALMOND GOLD- PPH 5 GM,PLPCH,5.000 GM,ALMOND,,5.0,GM,0.0
16,2022-11-25 00:00:00,202211.0,130646198.0,1669267848626.0,99764395.0,106.0,DAZZY PRODUCTS-PVT.LTDINDIA ,DAZZY  GOLD,DAZZY GOLD\6GM\PPH\ROSE,4.0,PPH,6GM,,1669267848626-dazzy products-pvt-ltdindia -dazzy  gold#3.png,RECODING,5.0,7.0,91826200,190.45968627929688,106.0,DAZZY FOOD INDUSTRIES-INDIA,DAZZY,DAZZY,DAZZY- PAN MEETHA PPH 5.2 GM,PLPCH,5.200 GM,PAAN,,5.2,GM,0.0
16,2022-11-25 00:00:00,202211.0,130646198.0,1669267848626.0,99764395.0,106.0,DAZZY PRODUCTS-PVT.LTDINDIA ,DAZZY  GOLD,DAZZY GOLD\6GM\PPH\ROSE,4.0,PPH,6GM,,1669267848626-dazzy products-pvt-ltdindia -dazzy  gold#3.png,RECODING,5.0,8.0,91826351,192.42041015625,106.0,DAZZY FOOD INDUSTRIES-INDIA,DAZZY,DAZZY TAMBLEY,DAZZY TAMBLEY- TAMARIND PPH 5 GM,PLPCH,5.000 GM,TAMARIND,,5.0,GM,0.0
16,2022-11-25 00:00:00,202211.0,130646198.0,1669267848626.0,99764395.0,106.0,DAZZY PRODUCTS-PVT.LTDINDIA ,DAZZY  GOLD,DAZZY GOLD\6GM\PPH\ROSE,4.0,PPH,6GM,,1669267848626-dazzy products-pvt-ltdindia -dazzy  gold#3.png,RECODING,5.0,9.0,47603,201.18789672851562,106.0,DAZZY FOOD INDUSTRIES-INDIA,DAZZY,DAZZY ECLAIRS,DAZZY ECLAIRS-PPH 4.5 GM,PLPCH,4.500 GM,ECLAIRS,,4.5,GM,0.0
16,2022-11-25 00:00:00,202211.0,130646198.0,1669267848626.0,99764395.0,106.0,DAZZY PRODUCTS-PVT.LTDINDIA ,DAZZY  GOLD,DAZZY GOLD\6GM\PPH\ROSE,4.0,PPH,6GM,,1669267848626-dazzy products-pvt-ltdindia -dazzy  gold#3.png,RECODING,5.0,10.0,45930,202.09617614746094,106.0,DAZZY FOOD INDUSTRIES-INDIA,DAZZY,DAZZY,DAZZY-MASALA KERY CANDY PPH 4 GM,PLPCH,4.000 GM,MASALA,,4.0,GM,0.0
17,2022-11-25 00:00:00,202211.0,130646198.0,1669267935494.0,99764394.0,106.0,DAZZY PRODUCTS-PVT.LTDINDIA ,DAZZY  GOLD,DAZZY GOLD\6GM\PPH\COCONUT ,4.0,PPH,6GM,,1669267935494-dazzy products-pvt-ltdindia -dazzy  gold#3.png,RECODING,5.0,1.0,99764394,124.58169555664062,106.0,DAZZY PRODUCTS PVT LTD-INDIA,DAZZY,DAZZY GOLD,DAZZY GOLD-COCONUT PPH 6 GM,PLPCH,6.000 GM,COCONUT,,6.0,GM,4.0
17,2022-11-25 00:00:00,202211.0,130646198.0,1669267935494.0,99764394.0,106.0,DAZZY PRODUCTS-PVT.LTDINDIA ,DAZZY  GOLD,DAZZY GOLD\6GM\PPH\COCONUT ,4.0,PPH,6GM,,1669267935494-dazzy products-pvt-ltdindia -dazzy  gold#3.png,RECODING,5.0,2.0,99764395,159.11032104492188,106.0,DAZZY PRODUCTS PVT LTD-INDIA,DAZZY,DAZZY GOLD,DAZZY GOLD-ROSE PPH 6 GM,PLPCH,6.000 GM,ROSE,,6.0,GM,4.0
17,2022-11-25 00:00:00,202211.0,130646198.0,1669267935494.0,99764394.0,106.0,DAZZY PRODUCTS-PVT.LTDINDIA ,DAZZY  GOLD,DAZZY GOLD\6GM\PPH\COCONUT ,4.0,PPH,6GM,,1669267935494-dazzy products-pvt-ltdindia -dazzy  gold#3.png,RECODING,5.0,3.0,99764396,159.4668426513672,106.0,DAZZY PRODUCTS PVT LTD-INDIA,DAZZY,DAZZY GOLD,DAZZY GOLD-MANGO PPH 6 GM,PLPCH,6.000 GM,MANGO,,6.0,GM,4.0
17,2022-11-25 00:00:00,202211.0,130646198.0,1669267935494.0,99764394.0,106.0,DAZZY PRODUCTS-PVT.LTDINDIA ,DAZZY  GOLD,DAZZY GOLD\6GM\PPH\COCONUT ,4.0,PPH,6GM,,1669267935494-dazzy products-pvt-ltdindia -dazzy  gold#3.png,RECODING,5.0,4.0,49653,170.51272583007812,106.0,D.K INDUSTRIES-INDIA,DAZZY,DAZZY ECLAIRS,DAZZY ECLAIRS-GOLD PPH 4.5 GM,PLPCH,4.500 GM,ECLAIRS,,4.5,GM,0.0
17,2022-11-25 00:00:00,202211.0,130646198.0,1669267935494.0,99764394.0,106.0,DAZZY PRODUCTS-PVT.LTDINDIA ,DAZZY  GOLD,DAZZY GOLD\6GM\PPH\COCONUT ,4.0,PPH,6GM,,1669267935494-dazzy products-pvt-ltdindia -dazzy  gold#3.png,RECODING,5.0,5.0,91826537,171.83944702148438,106.0,DAZZY FOOD INDUSTRIES-INDIA,DAZZY,DAZZY,DAZZY- COCONUT BUTTER PPH 5 GM,PLPCH,5.000 GM,COCONUT,,5.0,GM,0.0
17,2022-11-25 00:00:00,202211.0,130646198.0,1669267935494.0,99764394.0,106.0,DAZZY PRODUCTS-PVT.LTDINDIA ,DAZZY  GOLD,DAZZY GOLD\6GM\PPH\COCONUT ,4.0,PPH,6GM,,1669267935494-dazzy products-pvt-ltdindia -dazzy  gold#3.png,RECODING,5.0,6.0,48100,172.25753784179688,106.0,D.K INDUSTRIES-INDIA,DAZZY,DAZZY,DAZZY-ALMOND GOLD EWP 4.5 GM,EWRPK,4.500 GM,ALMOND,,4.5,GM,0.0
17,2022-11-25 00:00:00,202211.0,130646198.0,1669267935494.0,99764394.0,106.0,DAZZY PRODUCTS-PVT.LTDINDIA ,DAZZY  GOLD,DAZZY GOLD\6GM\PPH\COCONUT ,4.0,PPH,6GM,,1669267935494-dazzy products-pvt-ltdindia -dazzy  gold#3.png,RECODING,5.0,7.0,48633,174.99061584472656,106.0,DAZZY FOOD INDUSTRIES-INDIA,DAZZY,DAZZY,DAZZY-COCONUT WATER PPH 4.5 GM,PLPCH,4.500 GM,COCONUT,,4.5,GM,0.0
17,2022-11-25 00:00:00,202211.0,130646198.0,1669267935494.0,99764394.0,106.0,DAZZY PRODUCTS-PVT.LTDINDIA ,DAZZY  GOLD,DAZZY GOLD\6GM\PPH\COCONUT ,4.0,PPH,6GM,,1669267935494-dazzy products-pvt-ltdindia -dazzy  gold#3.png,RECODING,5.0,8.0,91827047,181.0343780517578,106.0,DAZZY FOOD INDUSTRIES-INDIA,DAZZY,DAZZY ALMOND GOLD,DAZZY ALMOND GOLD- PPH 5 GM,PLPCH,5.000 GM,ALMOND,,5.0,GM,0.0
17,2022-11-25 00:00:00,202211.0,130646198.0,1669267935494.0,99764394.0,106.0,DAZZY PRODUCTS-PVT.LTDINDIA ,DAZZY  GOLD,DAZZY GOLD\6GM\PPH\COCONUT ,4.0,PPH,6GM,,1669267935494-dazzy products-pvt-ltdindia -dazzy  gold#3.png,RECODING,5.0,9.0,48625,181.60531616210938,106.0,D.K INDUSTRIES-INDIA,DAZZY,DAZZY,DAZZY-COCONUT BUTTER EWP 4.5 GM,EWRPK,4.500 GM,BUTTER COCONUT,,4.5,GM,0.0
17,2022-11-25 00:00:00,202211.0,130646198.0,1669267935494.0,99764394.0,106.0,DAZZY PRODUCTS-PVT.LTDINDIA ,DAZZY  GOLD,DAZZY GOLD\6GM\PPH\COCONUT ,4.0,PPH,6GM,,1669267935494-dazzy products-pvt-ltdindia -dazzy  gold#3.png,RECODING,5.0,10.0,47598,185.83050537109375,106.0,DAZZY FOOD INDUSTRIES-INDIA,DAZZY,DAZZY NATURAL,DAZZY NATURAL-COCONUT ORGANIC PPH 4.5 GM,EWRPK,4.500 GM,COCONUT,,4.5,GM,0.0
18,2022-11-25 00:00:00,202211.0,125735638.0,1669267863107.0,99764400.0,120.0,UNILEVER NEPAL LTD-NEPAL,LIFEBUOY NATURE,LIFEBUOY NATURE/ACTIV SILVER FORMULA/90GM/EWP,40.0,EWP,90GM ,,1669267863107-unilever nepal ltd-nepal-lifebuoy nature#3.png,RECODING,5.0,1.0,50717,123.29716491699219,120.0,UNILEVER NEPAL LTD-NEPAL,LIFE BUOY,LIFE BUOY NATURE,LIFE BUOY NATURE-ACTIV SILVER FORMULA EWP 95 GM,EWRPK,95.000 GM,,,95.0,GM,0.0
18,2022-11-25 00:00:00,202211.0,125735638.0,1669267863107.0,99764400.0,120.0,UNILEVER NEPAL LTD-NEPAL,LIFEBUOY NATURE,LIFEBUOY NATURE/ACTIV SILVER FORMULA/90GM/EWP,40.0,EWP,90GM ,,1669267863107-unilever nepal ltd-nepal-lifebuoy nature#3.png,RECODING,5.0,2.0,46980,125.26689147949219,120.0,UNILEVER NEPAL LTD-NEPAL,LIFE BUOY,LIFE BUOY NATURE,LIFE BUOY NATURE-ACTIV SILVER FORMULA EWP 100 GM,EWRPK,100.000 GM,,,100.0,GM,0.0
18,2022-11-25 00:00:00,202211.0,125735638.0,1669267863107.0,99764400.0,120.0,UNILEVER NEPAL LTD-NEPAL,LIFEBUOY NATURE,LIFEBUOY NATURE/ACTIV SILVER FORMULA/90GM/EWP,40.0,EWP,90GM ,,1669267863107-unilever nepal ltd-nepal-lifebuoy nature#3.png,RECODING,5.0,3.0,99764400,128.11549377441406,120.0,UNILEVER NEPAL LTD-NEPAL,LIFE BUOY,LIFE BUOY NATURE,LIFE BUOY NATURE-ACTIV SILVER FORMULA EWP 90 GM,EWRPK,90.000 GM,,,90.0,GM,40.0
18,2022-11-25 00:00:00,202211.0,125735638.0,1669267863107.0,99764400.0,120.0,UNILEVER NEPAL LTD-NEPAL,LIFEBUOY NATURE,LIFEBUOY NATURE/ACTIV SILVER FORMULA/90GM/EWP,40.0,EWP,90GM ,,1669267863107-unilever nepal ltd-nepal-lifebuoy nature#3.png,RECODING,5.0,4.0,46979,141.4775848388672,120.0,UNILEVER NEPAL LTD-NEPAL,LIFE BUOY,LIFE BUOY TOTAL 10,LIFE BUOY TOTAL 10-ACTIV SILVER FORMULA EWP 125 GM,EWRPK,125.000 GM,,,125.0,GM,0.0
18,2022-11-25 00:00:00,202211.0,125735638.0,1669267863107.0,99764400.0,120.0,UNILEVER NEPAL LTD-NEPAL,LIFEBUOY NATURE,LIFEBUOY NATURE/ACTIV SILVER FORMULA/90GM/EWP,40.0,EWP,90GM ,,1669267863107-unilever nepal ltd-nepal-lifebuoy nature#3.png,RECODING,5.0,5.0,53101,143.81362915039062,120.0,UNILEVER NEPAL LTD-NEPAL,LIFE BUOY,LIFE BUOY NATURE,LIFE BUOY NATURE-ACTIV SILVER 100% SGP EWP 95 GM,EWRPK,95.000 GM,,,95.0,GM,0.0
18,2022-11-25 00:00:00,202211.0,125735638.0,1669267863107.0,99764400.0,120.0,UNILEVER NEPAL LTD-NEPAL,LIFEBUOY NATURE,LIFEBUOY NATURE/ACTIV SILVER FORMULA/90GM/EWP,40.0,EWP,90GM ,,1669267863107-unilever nepal ltd-nepal-lifebuoy nature#3.png,RECODING,5.0,6.0,99764186,153.18617248535156,120.0,UNILEVER NEPAL LTD-NEPAL,LIFE BUOY,LIFE BUOY,LIFE BUOY-GERM PROTECTION SILVER SHLD EWP 4*49GM,EWRPK,49.000 GM,,,196.0,GM,65.0
18,2022-11-25 00:00:00,202211.0,125735638.0,1669267863107.0,99764400.0,120.0,UNILEVER NEPAL LTD-NEPAL,LIFEBUOY NATURE,LIFEBUOY NATURE/ACTIV SILVER FORMULA/90GM/EWP,40.0,EWP,90GM ,,1669267863107-unilever nepal ltd-nepal-lifebuoy nature#3.png,RECODING,5.0,7.0,53648,153.34153747558594,120.0,UNILEVER NEPAL LTD-NEPAL,LIFE BUOY,LIFE BUOY TOTAL,LIFE BUOY TOTAL-ACTIV SILVER 100%SGP EWP 4*95 GM+RS10,EWRPK,95.000 GM,,,380.0,GM,0.0
18,2022-11-25 00:00:00,202211.0,125735638.0,1669267863107.0,99764400.0,120.0,UNILEVER NEPAL LTD-NEPAL,LIFEBUOY NATURE,LIFEBUOY NATURE/ACTIV SILVER FORMULA/90GM/EWP,40.0,EWP,90GM ,,1669267863107-unilever nepal ltd-nepal-lifebuoy nature#3.png,RECODING,5.0,8.0,99763897,153.55934143066406,120.0,UNILEVER NEPAL LTD-NEPAL,LIFE BUOY,LIFE BUOY,LIFE BUOY-GERM PROTECTION SILVER SHLD EWP 4*52GM,EWRPK,52.000 GM,,,208.0,GM,65.0
18,2022-11-25 00:00:00,202211.0,125735638.0,1669267863107.0,99764400.0,120.0,UNILEVER NEPAL LTD-NEPAL,LIFEBUOY NATURE,LIFEBUOY NATURE/ACTIV SILVER FORMULA/90GM/EWP,40.0,EWP,90GM ,,1669267863107-unilever nepal ltd-nepal-lifebuoy nature#3.png,RECODING,5.0,9.0,99764234,154.20213317871094,120.0,UNILEVER NEPAL LTD-NEPAL,LIFE BUOY,LIFE BUOY,LIFE BUOY-GERM PROTECTION SILVER SHLD EWP 4*46GM,EWRPK,46.000 GM,,,184.0,GM,64.0
18,2022-11-25 00:00:00,202211.0,125735638.0,1669267863107.0,99764400.0,120.0,UNILEVER NEPAL LTD-NEPAL,LIFEBUOY NATURE,LIFEBUOY NATURE/ACTIV SILVER FORMULA/90GM/EWP,40.0,EWP,90GM ,,1669267863107-unilever nepal ltd-nepal-lifebuoy nature#3.png,RECODING,5.0,10.0,45836,155.0093231201172,120.0,UNILEVER NEPAL LTD-NEPAL,LIFE BUOY,LIFE BUOY TOTAL,LIFE BUOY TOTAL-ACTIV SILVER EWP 50 GMS,EWRPK,50.000 GM,,,50.0,GM,0.0
19,2022-11-25 00:00:00,202211.0,125735638.0,1669267979459.0,99764297.0,120.0,UNILEVER NEPAL LTD-NEPAL,LIFEBUOY CARE,LIFEBUOY CARE/ACTIV SILVER FORMULA/90GM/EWP,40.0,EWP,90GM ,,1669267979459-unilever nepal ltd-nepal-lifebuoy care#3.png,CROSS CODING,2.0,1.0,50717,150.9739227294922,120.0,UNILEVER NEPAL LTD-NEPAL,LIFE BUOY,LIFE BUOY NATURE,LIFE BUOY NATURE-ACTIV SILVER FORMULA EWP 95 GM,EWRPK,95.000 GM,,,95.0,GM,0.0
19,2022-11-25 00:00:00,202211.0,125735638.0,1669267979459.0,99764297.0,120.0,UNILEVER NEPAL LTD-NEPAL,LIFEBUOY CARE,LIFEBUOY CARE/ACTIV SILVER FORMULA/90GM/EWP,40.0,EWP,90GM ,,1669267979459-unilever nepal ltd-nepal-lifebuoy care#3.png,CROSS CODING,2.0,2.0,46980,154.372802734375,120.0,UNILEVER NEPAL LTD-NEPAL,LIFE BUOY,LIFE BUOY NATURE,LIFE BUOY NATURE-ACTIV SILVER FORMULA EWP 100 GM,EWRPK,100.000 GM,,,100.0,GM,0.0
19,2022-11-25 00:00:00,202211.0,125735638.0,1669267979459.0,99764297.0,120.0,UNILEVER NEPAL LTD-NEPAL,LIFEBUOY CARE,LIFEBUOY CARE/ACTIV SILVER FORMULA/90GM/EWP,40.0,EWP,90GM ,,1669267979459-unilever nepal ltd-nepal-lifebuoy care#3.png,CROSS CODING,2.0,3.0,46979,155.63604736328125,120.0,UNILEVER NEPAL LTD-NEPAL,LIFE BUOY,LIFE BUOY TOTAL 10,LIFE BUOY TOTAL 10-ACTIV SILVER FORMULA EWP 125 GM,EWRPK,125.000 GM,,,125.0,GM,0.0
19,2022-11-25 00:00:00,202211.0,125735638.0,1669267979459.0,99764297.0,120.0,UNILEVER NEPAL LTD-NEPAL,LIFEBUOY CARE,LIFEBUOY CARE/ACTIV SILVER FORMULA/90GM/EWP,40.0,EWP,90GM ,,1669267979459-unilever nepal ltd-nepal-lifebuoy care#3.png,CROSS CODING,2.0,4.0,99764400,156.85296630859375,120.0,UNILEVER NEPAL LTD-NEPAL,LIFE BUOY,LIFE BUOY NATURE,LIFE BUOY NATURE-ACTIV SILVER FORMULA EWP 90 GM,EWRPK,90.000 GM,,,90.0,GM,40.0
19,2022-11-25 00:00:00,202211.0,125735638.0,1669267979459.0,99764297.0,120.0,UNILEVER NEPAL LTD-NEPAL,LIFEBUOY CARE,LIFEBUOY CARE/ACTIV SILVER FORMULA/90GM/EWP,40.0,EWP,90GM ,,1669267979459-unilever nepal ltd-nepal-lifebuoy care#3.png,CROSS CODING,2.0,5.0,50489,157.1251220703125,120.0,UNILEVER NEPAL LTD-NEPAL,LIFE BUOY,LIFE BUOY CARE,LIFE BUOY CARE-ACTIV SILVER EWP 95 GM,EWRPK,95.000 GM,,,95.0,GM,0.0
19,2022-11-25 00:00:00,202211.0,125735638.0,1669267979459.0,99764297.0,120.0,UNILEVER NEPAL LTD-NEPAL,LIFEBUOY CARE,LIFEBUOY CARE/ACTIV SILVER FORMULA/90GM/EWP,40.0,EWP,90GM ,,1669267979459-unilever nepal ltd-nepal-lifebuoy care#3.png,CROSS CODING,2.0,6.0,47499,159.0417022705078,120.0,UNILEVER NEPAL LTD-NEPAL,LIFE BUOY,LIFE BUOY CARE,LIFE BUOY CARE-ACTIV SILVER EWP 100 GMS,EWRPK,100.000 GM,,,100.0,GM,0.0
19,2022-11-25 00:00:00,202211.0,125735638.0,1669267979459.0,99764297.0,120.0,UNILEVER NEPAL LTD-NEPAL,LIFEBUOY CARE,LIFEBUOY CARE/ACTIV SILVER FORMULA/90GM/EWP,40.0,EWP,90GM ,,1669267979459-unilever nepal ltd-nepal-lifebuoy care#3.png,CROSS CODING,2.0,7.0,99764297,162.11329650878906,120.0,UNILEVER NEPAL LTD-NEPAL,LIFE BUOY,LIFE BUOY CARE,LIFE BUOY CARE-ACTIV SILVER EWP 90 GM,EWRPK,90.000 GM,,,90.0,GM,40.0
19,2022-11-25 00:00:00,202211.0,125735638.0,1669267979459.0,99764297.0,120.0,UNILEVER NEPAL LTD-NEPAL,LIFEBUOY CARE,LIFEBUOY CARE/ACTIV SILVER FORMULA/90GM/EWP,40.0,EWP,90GM ,,1669267979459-unilever nepal ltd-nepal-lifebuoy care#3.png,CROSS CODING,2.0,8.0,53103,162.92196655273438,120.0,UNILEVER NEPAL LTD-NEPAL,LIFE BUOY,LIFE BUOY CARE,LIFE BUOY CARE-ACTIV SILVR 100% SGP EWP 95 GM,EWRPK,95.000 GM,,,95.0,GM,0.0
19,2022-11-25 00:00:00,202211.0,125735638.0,1669267979459.0,99764297.0,120.0,UNILEVER NEPAL LTD-NEPAL,LIFEBUOY CARE,LIFEBUOY CARE/ACTIV SILVER FORMULA/90GM/EWP,40.0,EWP,90GM ,,1669267979459-unilever nepal ltd-nepal-lifebuoy care#3.png,CROSS CODING,2.0,9.0,53648,164.51809692382812,120.0,UNILEVER NEPAL LTD-NEPAL,LIFE BUOY,LIFE BUOY TOTAL,LIFE BUOY TOTAL-ACTIV SILVER 100%SGP EWP 4*95 GM+RS10,EWRPK,95.000 GM,,,380.0,GM,0.0
19,2022-11-25 00:00:00,202211.0,125735638.0,1669267979459.0,99764297.0,120.0,UNILEVER NEPAL LTD-NEPAL,LIFEBUOY CARE,LIFEBUOY CARE/ACTIV SILVER FORMULA/90GM/EWP,40.0,EWP,90GM ,,1669267979459-unilever nepal ltd-nepal-lifebuoy care#3.png,CROSS CODING,2.0,10.0,99764186,164.73037719726562,120.0,UNILEVER NEPAL LTD-NEPAL,LIFE BUOY,LIFE BUOY,LIFE BUOY-GERM PROTECTION SILVER SHLD EWP 4*49GM,EWRPK,49.000 GM,,,196.0,GM,65.0
20,2022-11-25 00:00:00,202211.0,125735638.0,1669269184174.0,99764397.0,117.0,UNILEVER NEPAL LTD-NEPAL,DOVE NUTRITIVE SOLUTIONS ,DOVE NUTRITIVE SOLUTIONS/HAIR FALL RESCUE CONDITIONER/6.5ML/SCT,4.0,SCT,6.5ML,,1669269184174-unilever nepal ltd-nepal-dove nutritive solutions #3.png,RECODING,5.0,1.0,99764397,99.208251953125,117.0,UNILEVER NEPAL LTD-NEPAL,DOVE,DOVE NUTRITIVE SOLUTIONS,DOVE NUTRITIVE SOLUTIONS-HAIR FALL RESCUE COND SCT 6.5 ML,PLSCH,6.500 ML,,,6.5,ML,4.0
20,2022-11-25 00:00:00,202211.0,125735638.0,1669269184174.0,99764397.0,117.0,UNILEVER NEPAL LTD-NEPAL,DOVE NUTRITIVE SOLUTIONS ,DOVE NUTRITIVE SOLUTIONS/HAIR FALL RESCUE CONDITIONER/6.5ML/SCT,4.0,SCT,6.5ML,,1669269184174-unilever nepal ltd-nepal-dove nutritive solutions #3.png,RECODING,5.0,2.0,51745,100.59640502929688,117.0,UNILEVER NEPAL LTD-NEPAL,DOVE,DOVE NUTRITIVE SOLUTIONS,DOVE NUTRITIVE SOLUTIONS-HAIR FALL RESCUE SCT 5.5 ML,PLSCH,5.500 ML,,,5.5,ML,0.0
20,2022-11-25 00:00:00,202211.0,125735638.0,1669269184174.0,99764397.0,117.0,UNILEVER NEPAL LTD-NEPAL,DOVE NUTRITIVE SOLUTIONS ,DOVE NUTRITIVE SOLUTIONS/HAIR FALL RESCUE CONDITIONER/6.5ML/SCT,4.0,SCT,6.5ML,,1669269184174-unilever nepal ltd-nepal-dove nutritive solutions #3.png,RECODING,5.0,3.0,53244,101.38725280761719,117.0,UNILEVER NEPAL LTD-NEPAL,DOVE,DOVE NUTRITIVE SOLUTIONS,DOVE NUTRITIVE SOLUTIONS-HAIR FALL RESCUE COND SCT 6 ML,PLSCH,6.000 ML,,,6.0,ML,0.0
20,2022-11-25 00:00:00,202211.0,125735638.0,1669269184174.0,99764397.0,117.0,UNILEVER NEPAL LTD-NEPAL,DOVE NUTRITIVE SOLUTIONS ,DOVE NUTRITIVE SOLUTIONS/HAIR FALL RESCUE CONDITIONER/6.5ML/SCT,4.0,SCT,6.5ML,,1669269184174-unilever nepal ltd-nepal-dove nutritive solutions #3.png,RECODING,5.0,4.0,54344,104.546142578125,117.0,UNILEVER NEPAL LTD-NEPAL,DOVE,DOVE NUTRITIVE SOLUTIONS,DOVE NUTRITIVE SOLUTIONS-HAIR FALL RESCUE COND SCT 7 ML,PLSCH,7.000 ML,,,7.0,ML,0.0
20,2022-11-25 00:00:00,202211.0,125735638.0,1669269184174.0,99764397.0,117.0,UNILEVER NEPAL LTD-NEPAL,DOVE NUTRITIVE SOLUTIONS ,DOVE NUTRITIVE SOLUTIONS/HAIR FALL RESCUE CONDITIONER/6.5ML/SCT,4.0,SCT,6.5ML,,1669269184174-unilever nepal ltd-nepal-dove nutritive solutions #3.png,RECODING,5.0,5.0,53245,111.08616638183594,117.0,UNILEVER NEPAL LTD-NEPAL,DOVE,DOVE NUTRITIVE SOLUTIONS,DOVE NUTRITIVE SOLUTIONS-SHAMPO HAIR FALL RESCUE SCT 6 ML,PLSCH,6.000 ML,,,6.0,ML,0.0
20,2022-11-25 00:00:00,202211.0,125735638.0,1669269184174.0,99764397.0,117.0,UNILEVER NEPAL LTD-NEPAL,DOVE NUTRITIVE SOLUTIONS ,DOVE NUTRITIVE SOLUTIONS/HAIR FALL RESCUE CONDITIONER/6.5ML/SCT,4.0,SCT,6.5ML,,1669269184174-unilever nepal ltd-nepal-dove nutritive solutions #3.png,RECODING,5.0,6.0,46616,112.81777954101562,117.0,UNILEVER NEPAL LTD-NEPAL,DOVE,DOVE NUTRITIVE SOLUTIONS,DOVE NUTRITIVE SOLUTIONS-HAIR FALL RESCUE PBT 175 ML,PLBOT,175.000 ML,,,175.0,ML,0.0
20,2022-11-25 00:00:00,202211.0,125735638.0,1669269184174.0,99764397.0,117.0,UNILEVER NEPAL LTD-NEPAL,DOVE NUTRITIVE SOLUTIONS ,DOVE NUTRITIVE SOLUTIONS/HAIR FALL RESCUE CONDITIONER/6.5ML/SCT,4.0,SCT,6.5ML,,1669269184174-unilever nepal ltd-nepal-dove nutritive solutions #3.png,RECODING,5.0,7.0,99762501,131.76751708984375,117.0,UNILEVER NEPAL LTD-NEPAL,DOVE,DOVE CONDITIONER,DOVE-HAIR FALL RESCUE CONDI. PBT 320 ML,PLBOT,320.000 ML,,,320.0,ML,300.0
20,2022-11-25 00:00:00,202211.0,125735638.0,1669269184174.0,99764397.0,117.0,UNILEVER NEPAL LTD-NEPAL,DOVE NUTRITIVE SOLUTIONS ,DOVE NUTRITIVE SOLUTIONS/HAIR FALL RESCUE CONDITIONER/6.5ML/SCT,4.0,SCT,6.5ML,,1669269184174-unilever nepal ltd-nepal-dove nutritive solutions #3.png,RECODING,5.0,8.0,47845,139.95135498046875,117.0,UNILEVER NEPAL LTD-NEPAL,DOVE,DOVE HAIR THRPY DAILY SHINE,DOVE HAIR THRPY DAILY SHINE-CONDITIONER PBT 180 ML,PLBOT,180.000 ML,,,180.0,ML,0.0
20,2022-11-25 00:00:00,202211.0,125735638.0,1669269184174.0,99764397.0,117.0,UNILEVER NEPAL LTD-NEPAL,DOVE NUTRITIVE SOLUTIONS ,DOVE NUTRITIVE SOLUTIONS/HAIR FALL RESCUE CONDITIONER/6.5ML/SCT,4.0,SCT,6.5ML,,1669269184174-unilever nepal ltd-nepal-dove nutritive solutions #3.png,RECODING,5.0,9.0,49023,142.28997802734375,117.0,UNILEVER NEPAL LTD-NEPAL,DOVE,DOVE HAIR THRPY INTENSIVE REPR,DOVE HAIR THRPY INTENSIVE REPR-SCT 5ML+20%[1ML],PLSCH,5.000 ML,,,6.0,ML,0.0
20,2022-11-25 00:00:00,202211.0,125735638.0,1669269184174.0,99764397.0,117.0,UNILEVER NEPAL LTD-NEPAL,DOVE NUTRITIVE SOLUTIONS ,DOVE NUTRITIVE SOLUTIONS/HAIR FALL RESCUE CONDITIONER/6.5ML/SCT,4.0,SCT,6.5ML,,1669269184174-unilever nepal ltd-nepal-dove nutritive solutions #3.png,RECODING,5.0,10.0,48371,142.41310119628906,117.0,UNILEVER NEPAL LTD-NEPAL,DOVE,DOVE HAIR THRPY HR FAL RSCUE,DOVE HAIR THRPY HR FAL RSCUE-SCT 4.14ML+20%[0.86],PLSCH,4.140 ML,,,5.0,ML,0.0
21,2022-11-25 00:00:00,202211.0,126253338.0,1669274184394.0,99764401.0,120.0,UNILEVER NEPAL LTD-NEPAL,LIFEBUOY TOTAL PROTECT ,LIFEBUOY TOTAL PROTECT/ACTIV SILVER FORMULA/43GM/EWP,18.0,EWP,43GM ,,1669274184394-unilever nepal ltd-nepal-lifebuoy total protect #3.png,RECODING,5.0,1.0,99764401,123.1341323852539,120.0,UNILEVER NEPAL LTD-NEPAL,LIFE BUOY,LIFE BUOY TOTAL PROTECT,LIFE BUOY TOTAL PROTECT-ACTIV SILVER EWP 43 GM,EWRPK,43.000 GM,,,43.0,GM,18.0
21,2022-11-25 00:00:00,202211.0,126253338.0,1669274184394.0,99764401.0,120.0,UNILEVER NEPAL LTD-NEPAL,LIFEBUOY TOTAL PROTECT ,LIFEBUOY TOTAL PROTECT/ACTIV SILVER FORMULA/43GM/EWP,18.0,EWP,43GM ,,1669274184394-unilever nepal ltd-nepal-lifebuoy total protect #3.png,RECODING,5.0,2.0,99763277,128.0968475341797,120.0,UNILEVER NEPAL LTD-NEPAL,LIFE BUOY,LIFE BUOY TOTAL PROTECT,LIFE BUOY TOTAL PROTECT-ACTIV SILVER EWP 95 GM,EWRPK,95.000 GM,,,95.0,GM,35.0
21,2022-11-25 00:00:00,202211.0,126253338.0,1669274184394.0,99764401.0,120.0,UNILEVER NEPAL LTD-NEPAL,LIFEBUOY TOTAL PROTECT ,LIFEBUOY TOTAL PROTECT/ACTIV SILVER FORMULA/43GM/EWP,18.0,EWP,43GM ,,1669274184394-unilever nepal ltd-nepal-lifebuoy total protect #3.png,RECODING,5.0,3.0,99764885,129.15850830078125,120.0,UNILEVER NEPAL LTD-NEPAL,LIFE BUOY,LIFE BUOY TOTAL PROTECT,LIFE BUOY TOTAL PROTECT-ACTIV SILVER EWP 100 GM,EWRPK,100.000 GM,,,100.0,GM,45.0
21,2022-11-25 00:00:00,202211.0,126253338.0,1669274184394.0,99764401.0,120.0,UNILEVER NEPAL LTD-NEPAL,LIFEBUOY TOTAL PROTECT ,LIFEBUOY TOTAL PROTECT/ACTIV SILVER FORMULA/43GM/EWP,18.0,EWP,43GM ,,1669274184394-unilever nepal ltd-nepal-lifebuoy total protect #3.png,RECODING,5.0,4.0,99763348,129.82125854492188,120.0,UNILEVER NEPAL LTD-NEPAL,LIFE BUOY,LIFE BUOY TOTAL PROTECT,LIFE BUOY TOTAL PROTECT-ACTIV SILVER EWP 4*95 GM+SAVE RS10,EWRPK,95.000 GM,,,380.0,GM,138.0
21,2022-11-25 00:00:00,202211.0,126253338.0,1669274184394.0,99764401.0,120.0,UNILEVER NEPAL LTD-NEPAL,LIFEBUOY TOTAL PROTECT ,LIFEBUOY TOTAL PROTECT/ACTIV SILVER FORMULA/43GM/EWP,18.0,EWP,43GM ,,1669274184394-unilever nepal ltd-nepal-lifebuoy total protect #3.png,RECODING,5.0,5.0,99763126,131.24905395507812,120.0,UNILEVER NEPAL LTD-NEPAL,LIFE BUOY,LIFE BUOY TOTAL PROTECT,LIFE BUOY TOTAL PROTECT-ACTIV SILVER EWP 4*95 GM+SAVE RS20,EWRPK,95.000 GM,,,380.0,GM,120.0
21,2022-11-25 00:00:00,202211.0,126253338.0,1669274184394.0,99764401.0,120.0,UNILEVER NEPAL LTD-NEPAL,LIFEBUOY TOTAL PROTECT ,LIFEBUOY TOTAL PROTECT/ACTIV SILVER FORMULA/43GM/EWP,18.0,EWP,43GM ,,1669274184394-unilever nepal ltd-nepal-lifebuoy total protect #3.png,RECODING,5.0,6.0,99764184,131.27273559570312,120.0,UNILEVER NEPAL LTD-NEPAL,LIFE BUOY,LIFE BUOY TOTAL PROTECT,LIFE BUOY TOTAL PROTECT-ACTIV SILVER EWP 90 GM,EWRPK,90.000 GM,,,90.0,GM,40.0
21,2022-11-25 00:00:00,202211.0,126253338.0,1669274184394.0,99764401.0,120.0,UNILEVER NEPAL LTD-NEPAL,LIFEBUOY TOTAL PROTECT ,LIFEBUOY TOTAL PROTECT/ACTIV SILVER FORMULA/43GM/EWP,18.0,EWP,43GM ,,1669274184394-unilever nepal ltd-nepal-lifebuoy total protect #3.png,RECODING,5.0,7.0,99763291,131.83221435546875,120.0,UNILEVER NEPAL LTD-NEPAL,LIFE BUOY,LIFE BUOY TOTAL PROTECT,LIFE BUOY TOTAL PROTECT-ACTIV SILVER EWP 4*95 GM+SAVE RS12,EWRPK,95.000 GM,,,380.0,GM,140.0
21,2022-11-25 00:00:00,202211.0,126253338.0,1669274184394.0,99764401.0,120.0,UNILEVER NEPAL LTD-NEPAL,LIFEBUOY TOTAL PROTECT ,LIFEBUOY TOTAL PROTECT/ACTIV SILVER FORMULA/43GM/EWP,18.0,EWP,43GM ,,1669274184394-unilever nepal ltd-nepal-lifebuoy total protect #3.png,RECODING,5.0,8.0,99763881,131.89785766601562,120.0,UNILEVER NEPAL LTD-NEPAL,LIFE BUOY,LIFE BUOY TOTAL PROTECT,LIFE BUOY TOTAL PROTECT-ACTIV SILVER EWP 4*95 GM+SAVE RS 5,EWRPK,95.000 GM,,,380.0,GM,155.0
21,2022-11-25 00:00:00,202211.0,126253338.0,1669274184394.0,99764401.0,120.0,UNILEVER NEPAL LTD-NEPAL,LIFEBUOY TOTAL PROTECT ,LIFEBUOY TOTAL PROTECT/ACTIV SILVER FORMULA/43GM/EWP,18.0,EWP,43GM ,,1669274184394-unilever nepal ltd-nepal-lifebuoy total protect #3.png,RECODING,5.0,9.0,99764478,133.16969299316406,120.0,UNILEVER NEPAL LTD-NEPAL,LIFE BUOY,LIFE BUOY TOTAL PROTECT,LIFE BUOY TOTAL PROTECT-ACTIV SILVER EWP 4*90 GM+SAVE RS 5,EWRPK,90.000 GM,,,360.0,GM,155.0
21,2022-11-25 00:00:00,202211.0,126253338.0,1669274184394.0,99764401.0,120.0,UNILEVER NEPAL LTD-NEPAL,LIFEBUOY TOTAL PROTECT ,LIFEBUOY TOTAL PROTECT/ACTIV SILVER FORMULA/43GM/EWP,18.0,EWP,43GM ,,1669274184394-unilever nepal ltd-nepal-lifebuoy total protect #3.png,RECODING,5.0,10.0,46979,133.849609375,120.0,UNILEVER NEPAL LTD-NEPAL,LIFE BUOY,LIFE BUOY TOTAL 10,LIFE BUOY TOTAL 10-ACTIV SILVER FORMULA EWP 125 GM,EWRPK,125.000 GM,,,125.0,GM,0.0
22,2022-11-25 00:00:00,202211.0,126253338.0,1669272650101.0,99764405.0,132.0,JASMINE HYGIENIC - NEPAL,CUDDLERS PANTS,CUDDLERS PANTS OVERNIGHT/LARGE/4 PCS/PPH,100.0,PPH,4 PCS,,1669272650101-jasmine hygienic - nepal-cuddlers pants#3.png,RECODING,5.0,1.0,99762689,88.01270294189453,132.0,JASMINE HYGIENIC - NEPAL,CUDDLERS,CUDDLERS PANTS,CUDDLERS PANTS-OVERNITES SMALL(S) PPH 6 NOS,PLPCH,6.000 NO,,,6.0,NO,100.0
22,2022-11-25 00:00:00,202211.0,126253338.0,1669272650101.0,99764405.0,132.0,JASMINE HYGIENIC - NEPAL,CUDDLERS PANTS,CUDDLERS PANTS OVERNIGHT/LARGE/4 PCS/PPH,100.0,PPH,4 PCS,,1669272650101-jasmine hygienic - nepal-cuddlers pants#3.png,RECODING,5.0,2.0,99762687,88.28656768798828,132.0,JASMINE HYGIENIC - NEPAL,CUDDLERS,CUDDLERS PANTS,CUDDLERS PANTS-OVERNITES SMALL(S) PPH 5 NOS,PLPCH,5.000 NO,,,5.0,NO,100.0
22,2022-11-25 00:00:00,202211.0,126253338.0,1669272650101.0,99764405.0,132.0,JASMINE HYGIENIC - NEPAL,CUDDLERS PANTS,CUDDLERS PANTS OVERNIGHT/LARGE/4 PCS/PPH,100.0,PPH,4 PCS,,1669272650101-jasmine hygienic - nepal-cuddlers pants#3.png,RECODING,5.0,3.0,99762911,88.36273193359375,132.0,JASMINE HYGIENIC - NEPAL,CUDDLERS,CUDDLERS PANTS,CUDDLERS PANTS-OVERNITES MEDIUM (M) PPH 52 NOS,PLPCH,52.000 NO,,,52.0,NO,950.0
22,2022-11-25 00:00:00,202211.0,126253338.0,1669272650101.0,99764405.0,132.0,JASMINE HYGIENIC - NEPAL,CUDDLERS PANTS,CUDDLERS PANTS OVERNIGHT/LARGE/4 PCS/PPH,100.0,PPH,4 PCS,,1669272650101-jasmine hygienic - nepal-cuddlers pants#3.png,RECODING,5.0,4.0,99762688,89.20868682861328,132.0,JASMINE HYGIENIC - NEPAL,CUDDLERS,CUDDLERS PANTS,CUDDLERS PANTS-OVERNITES MEDIUM (M) PPH 5 NOS,PLPCH,5.000 NO,,,5.0,NO,100.0
22,2022-11-25 00:00:00,202211.0,126253338.0,1669272650101.0,99764405.0,132.0,JASMINE HYGIENIC - NEPAL,CUDDLERS PANTS,CUDDLERS PANTS OVERNIGHT/LARGE/4 PCS/PPH,100.0,PPH,4 PCS,,1669272650101-jasmine hygienic - nepal-cuddlers pants#3.png,RECODING,5.0,5.0,99763061,90.55886840820312,132.0,JASMINE HYGIENIC - NEPAL,CUDDLERS,CUDDLERS PANTS,CUDDLERS PANTS-OVERNITES LARGE(L) PPH 48 NOS,PLPCH,48.000 NO,,,48.0,NO,960.0
22,2022-11-25 00:00:00,202211.0,126253338.0,1669272650101.0,99764405.0,132.0,JASMINE HYGIENIC - NEPAL,CUDDLERS PANTS,CUDDLERS PANTS OVERNIGHT/LARGE/4 PCS/PPH,100.0,PPH,4 PCS,,1669272650101-jasmine hygienic - nepal-cuddlers pants#3.png,RECODING,5.0,6.0,99762657,91.05955505371094,132.0,JASMINE HYGIENIC - NEPAL,CUDDLERS,CUDDLERS PANTS,CUDDLERS PANTS-OVERNITES LARGE(L) PPH 5 NOS,PLPCH,5.000 NO,,,5.0,NO,100.0
22,2022-11-25 00:00:00,202211.0,126253338.0,1669272650101.0,99764405.0,132.0,JASMINE HYGIENIC - NEPAL,CUDDLERS PANTS,CUDDLERS PANTS OVERNIGHT/LARGE/4 PCS/PPH,100.0,PPH,4 PCS,,1669272650101-jasmine hygienic - nepal-cuddlers pants#3.png,RECODING,5.0,7.0,99762706,92.1939697265625,132.0,JASMINE HYGIENIC - NEPAL,CUDDLERS,CUDDLERS PANTS,CUDDLERS PANTS-SOFT & DRY SMALL (S) PPH 5 NOS,PLPCH,5.000 NO,,,5.0,NO,80.0
22,2022-11-25 00:00:00,202211.0,126253338.0,1669272650101.0,99764405.0,132.0,JASMINE HYGIENIC - NEPAL,CUDDLERS PANTS,CUDDLERS PANTS OVERNIGHT/LARGE/4 PCS/PPH,100.0,PPH,4 PCS,,1669272650101-jasmine hygienic - nepal-cuddlers pants#3.png,RECODING,5.0,8.0,99764405,92.77983856201172,132.0,JASMINE HYGIENIC - NEPAL,CUDDLERS,CUDDLERS PANTS,CUDDLERS PANTS-OVERNITES LARGE(L) PPH 4 NOS,PLPCH,4.000 NO,,,4.0,NO,100.0
22,2022-11-25 00:00:00,202211.0,126253338.0,1669272650101.0,99764405.0,132.0,JASMINE HYGIENIC - NEPAL,CUDDLERS PANTS,CUDDLERS PANTS OVERNIGHT/LARGE/4 PCS/PPH,100.0,PPH,4 PCS,,1669272650101-jasmine hygienic - nepal-cuddlers pants#3.png,RECODING,5.0,9.0,99762705,93.43643188476562,132.0,JASMINE HYGIENIC - NEPAL,CUDDLERS,CUDDLERS PANTS,CUDDLERS PANTS-SOFT & DRY LARGE(L) PPH 4 NOS,PLPCH,4.000 NO,,,4.0,NO,80.0
22,2022-11-25 00:00:00,202211.0,126253338.0,1669272650101.0,99764405.0,132.0,JASMINE HYGIENIC - NEPAL,CUDDLERS PANTS,CUDDLERS PANTS OVERNIGHT/LARGE/4 PCS/PPH,100.0,PPH,4 PCS,,1669272650101-jasmine hygienic - nepal-cuddlers pants#3.png,RECODING,5.0,10.0,99762623,95.49121856689453,132.0,JASMINE HYGIENIC - NEPAL,CUDDLERS,CUDDLERS PANTS,CUDDLERS PANTS-OVERNITES EXTRA LARGE(XL) PPH 4 NOS,PLPCH,4.000 NO,,,4.0,NO,100.0
23,2022-11-25 00:00:00,202211.0,126253338.0,1669269184174.0,99764397.0,117.0,UNILEVER NEPAL LTD-NEPAL,DOVE NUTRITIVE SOLUTIONS ,DOVE NUTRITIVE SOLUTIONS/HAIR FALL RESCUE CONDITIONER/6.5ML/SCT,6.0,SCT,6.5ML,,1669269184174-unilever nepal ltd-nepal-dove nutritive solutions #3.png,RECODING,5.0,1.0,99764397,98.16171264648438,117.0,UNILEVER NEPAL LTD-NEPAL,DOVE,DOVE NUTRITIVE SOLUTIONS,DOVE NUTRITIVE SOLUTIONS-HAIR FALL RESCUE COND SCT 6.5 ML,PLSCH,6.500 ML,,,6.5,ML,4.0
23,2022-11-25 00:00:00,202211.0,126253338.0,1669269184174.0,99764397.0,117.0,UNILEVER NEPAL LTD-NEPAL,DOVE NUTRITIVE SOLUTIONS ,DOVE NUTRITIVE SOLUTIONS/HAIR FALL RESCUE CONDITIONER/6.5ML/SCT,6.0,SCT,6.5ML,,1669269184174-unilever nepal ltd-nepal-dove nutritive solutions #3.png,RECODING,5.0,2.0,51745,99.64506530761719,117.0,UNILEVER NEPAL LTD-NEPAL,DOVE,DOVE NUTRITIVE SOLUTIONS,DOVE NUTRITIVE SOLUTIONS-HAIR FALL RESCUE SCT 5.5 ML,PLSCH,5.500 ML,,,5.5,ML,0.0
23,2022-11-25 00:00:00,202211.0,126253338.0,1669269184174.0,99764397.0,117.0,UNILEVER NEPAL LTD-NEPAL,DOVE NUTRITIVE SOLUTIONS ,DOVE NUTRITIVE SOLUTIONS/HAIR FALL RESCUE CONDITIONER/6.5ML/SCT,6.0,SCT,6.5ML,,1669269184174-unilever nepal ltd-nepal-dove nutritive solutions #3.png,RECODING,5.0,3.0,53244,100.32811737060547,117.0,UNILEVER NEPAL LTD-NEPAL,DOVE,DOVE NUTRITIVE SOLUTIONS,DOVE NUTRITIVE SOLUTIONS-HAIR FALL RESCUE COND SCT 6 ML,PLSCH,6.000 ML,,,6.0,ML,0.0
23,2022-11-25 00:00:00,202211.0,126253338.0,1669269184174.0,99764397.0,117.0,UNILEVER NEPAL LTD-NEPAL,DOVE NUTRITIVE SOLUTIONS ,DOVE NUTRITIVE SOLUTIONS/HAIR FALL RESCUE CONDITIONER/6.5ML/SCT,6.0,SCT,6.5ML,,1669269184174-unilever nepal ltd-nepal-dove nutritive solutions #3.png,RECODING,5.0,4.0,54344,103.62661743164062,117.0,UNILEVER NEPAL LTD-NEPAL,DOVE,DOVE NUTRITIVE SOLUTIONS,DOVE NUTRITIVE SOLUTIONS-HAIR FALL RESCUE COND SCT 7 ML,PLSCH,7.000 ML,,,7.0,ML,0.0
23,2022-11-25 00:00:00,202211.0,126253338.0,1669269184174.0,99764397.0,117.0,UNILEVER NEPAL LTD-NEPAL,DOVE NUTRITIVE SOLUTIONS ,DOVE NUTRITIVE SOLUTIONS/HAIR FALL RESCUE CONDITIONER/6.5ML/SCT,6.0,SCT,6.5ML,,1669269184174-unilever nepal ltd-nepal-dove nutritive solutions #3.png,RECODING,5.0,5.0,53245,110.11659240722656,117.0,UNILEVER NEPAL LTD-NEPAL,DOVE,DOVE NUTRITIVE SOLUTIONS,DOVE NUTRITIVE SOLUTIONS-SHAMPO HAIR FALL RESCUE SCT 6 ML,PLSCH,6.000 ML,,,6.0,ML,0.0
23,2022-11-25 00:00:00,202211.0,126253338.0,1669269184174.0,99764397.0,117.0,UNILEVER NEPAL LTD-NEPAL,DOVE NUTRITIVE SOLUTIONS ,DOVE NUTRITIVE SOLUTIONS/HAIR FALL RESCUE CONDITIONER/6.5ML/SCT,6.0,SCT,6.5ML,,1669269184174-unilever nepal ltd-nepal-dove nutritive solutions #3.png,RECODING,5.0,6.0,46616,112.15653991699219,117.0,UNILEVER NEPAL LTD-NEPAL,DOVE,DOVE NUTRITIVE SOLUTIONS,DOVE NUTRITIVE SOLUTIONS-HAIR FALL RESCUE PBT 175 ML,PLBOT,175.000 ML,,,175.0,ML,0.0
23,2022-11-25 00:00:00,202211.0,126253338.0,1669269184174.0,99764397.0,117.0,UNILEVER NEPAL LTD-NEPAL,DOVE NUTRITIVE SOLUTIONS ,DOVE NUTRITIVE SOLUTIONS/HAIR FALL RESCUE CONDITIONER/6.5ML/SCT,6.0,SCT,6.5ML,,1669269184174-unilever nepal ltd-nepal-dove nutritive solutions #3.png,RECODING,5.0,7.0,99762501,132.17384338378906,117.0,UNILEVER NEPAL LTD-NEPAL,DOVE,DOVE CONDITIONER,DOVE-HAIR FALL RESCUE CONDI. PBT 320 ML,PLBOT,320.000 ML,,,320.0,ML,300.0
23,2022-11-25 00:00:00,202211.0,126253338.0,1669269184174.0,99764397.0,117.0,UNILEVER NEPAL LTD-NEPAL,DOVE NUTRITIVE SOLUTIONS ,DOVE NUTRITIVE SOLUTIONS/HAIR FALL RESCUE CONDITIONER/6.5ML/SCT,6.0,SCT,6.5ML,,1669269184174-unilever nepal ltd-nepal-dove nutritive solutions #3.png,RECODING,5.0,8.0,47845,138.83900451660156,117.0,UNILEVER NEPAL LTD-NEPAL,DOVE,DOVE HAIR THRPY DAILY SHINE,DOVE HAIR THRPY DAILY SHINE-CONDITIONER PBT 180 ML,PLBOT,180.000 ML,,,180.0,ML,0.0
23,2022-11-25 00:00:00,202211.0,126253338.0,1669269184174.0,99764397.0,117.0,UNILEVER NEPAL LTD-NEPAL,DOVE NUTRITIVE SOLUTIONS ,DOVE NUTRITIVE SOLUTIONS/HAIR FALL RESCUE CONDITIONER/6.5ML/SCT,6.0,SCT,6.5ML,,1669269184174-unilever nepal ltd-nepal-dove nutritive solutions #3.png,RECODING,5.0,9.0,48371,142.12185668945312,117.0,UNILEVER NEPAL LTD-NEPAL,DOVE,DOVE HAIR THRPY HR FAL RSCUE,DOVE HAIR THRPY HR FAL RSCUE-SCT 4.14ML+20%[0.86],PLSCH,4.140 ML,,,5.0,ML,0.0
23,2022-11-25 00:00:00,202211.0,126253338.0,1669269184174.0,99764397.0,117.0,UNILEVER NEPAL LTD-NEPAL,DOVE NUTRITIVE SOLUTIONS ,DOVE NUTRITIVE SOLUTIONS/HAIR FALL RESCUE CONDITIONER/6.5ML/SCT,6.0,SCT,6.5ML,,1669269184174-unilever nepal ltd-nepal-dove nutritive solutions #3.png,RECODING,5.0,10.0,49023,142.2308349609375,117.0,UNILEVER NEPAL LTD-NEPAL,DOVE,DOVE HAIR THRPY INTENSIVE REPR,DOVE HAIR THRPY INTENSIVE REPR-SCT 5ML+20%[1ML],PLSCH,5.000 ML,,,6.0,ML,0.0
24,2022-11-26 00:00:00,202211.0,124866555.0,1669363010825.0,99764408.0,122.0,DINESH SOAP & HOUSEHOLD-NPL,DINESH 3IN1,DINESH 3IN1/GREEN LIME/750GM/PPH,100.0,PPH,750GM ,,1669363010825-dinesh soap - household-npl-dinesh 3in1#3.png,RECODING,5.0,1.0,54889,111.80445861816406,122.0,DINESH SOAP & HOUSEHOLD-NPL,DINESH,DINESH 3IN1,DINESH 3IN1-LIME GREEN PCN 5000 GM,PLJAR,5000.000 GM,,,5000.0,GM,0.0
24,2022-11-26 00:00:00,202211.0,124866555.0,1669363010825.0,99764408.0,122.0,DINESH SOAP & HOUSEHOLD-NPL,DINESH 3IN1,DINESH 3IN1/GREEN LIME/750GM/PPH,100.0,PPH,750GM ,,1669363010825-dinesh soap - household-npl-dinesh 3in1#3.png,RECODING,5.0,2.0,52977,113.44571685791016,122.0,DINESH SOAP & HOUSEHOLD-NPL,DINESH,DINESH 3IN1,DINESH 3IN1-LIME GREEN PPH 450 GM,PLPCH,450.000 GM,,,450.0,GM,0.0
24,2022-11-26 00:00:00,202211.0,124866555.0,1669363010825.0,99764408.0,122.0,DINESH SOAP & HOUSEHOLD-NPL,DINESH 3IN1,DINESH 3IN1/GREEN LIME/750GM/PPH,100.0,PPH,750GM ,,1669363010825-dinesh soap - household-npl-dinesh 3in1#3.png,RECODING,5.0,3.0,99763634,114.32733154296875,122.0,DINESH SOAP & HOUSEHOLD-NPL,DINESH,DINESH 3IN1,DINESH 3IN1-LIME GREEN PPH 5000 GM,PLPCH,5000.000 GM,,,5000.0,GM,556.0
24,2022-11-26 00:00:00,202211.0,124866555.0,1669363010825.0,99764408.0,122.0,DINESH SOAP & HOUSEHOLD-NPL,DINESH 3IN1,DINESH 3IN1/GREEN LIME/750GM/PPH,100.0,PPH,750GM ,,1669363010825-dinesh soap - household-npl-dinesh 3in1#3.png,RECODING,5.0,4.0,99762552,115.68321228027344,122.0,DINESH SOAP & HOUSEHOLD-NPL,DINESH,DINESH 3IN1,DINESH 3IN1-LIME GREEN PPH 500 GM,PLPCH,500.000 GM,,,500.0,GM,50.0
24,2022-11-26 00:00:00,202211.0,124866555.0,1669363010825.0,99764408.0,122.0,DINESH SOAP & HOUSEHOLD-NPL,DINESH 3IN1,DINESH 3IN1/GREEN LIME/750GM/PPH,100.0,PPH,750GM ,,1669363010825-dinesh soap - household-npl-dinesh 3in1#3.png,RECODING,5.0,5.0,99764408,118.34944915771484,122.0,DINESH SOAP & HOUSEHOLD-NPL,DINESH,DINESH 3IN1,DINESH 3IN1-LIME GREEN PPH 750 GM,PLPCH,750.000 GM,,,750.0,GM,100.0
24,2022-11-26 00:00:00,202211.0,124866555.0,1669363010825.0,99764408.0,122.0,DINESH SOAP & HOUSEHOLD-NPL,DINESH 3IN1,DINESH 3IN1/GREEN LIME/750GM/PPH,100.0,PPH,750GM ,,1669363010825-dinesh soap - household-npl-dinesh 3in1#3.png,RECODING,5.0,6.0,99762676,127.2327880859375,122.0,DINESH SOAP & HOUSEHOLD-NPL,DINESH,DINESH 3IN1,DINESH 3IN1-PPH 200 GM,PLPCH,200.000 GM,,,200.0,GM,20.0
24,2022-11-26 00:00:00,202211.0,124866555.0,1669363010825.0,99764408.0,122.0,DINESH SOAP & HOUSEHOLD-NPL,DINESH 3IN1,DINESH 3IN1/GREEN LIME/750GM/PPH,100.0,PPH,750GM ,,1669363010825-dinesh soap - household-npl-dinesh 3in1#3.png,RECODING,5.0,7.0,52462,128.06564331054688,122.0,DINESH SOAP & HOUSEHOLD-NPL,DINESH,DINESH 3IN1,DINESH 3IN1-PPH 900 GM,PLPCH,900.000 GM,,,900.0,GM,0.0
24,2022-11-26 00:00:00,202211.0,124866555.0,1669363010825.0,99764408.0,122.0,DINESH SOAP & HOUSEHOLD-NPL,DINESH 3IN1,DINESH 3IN1/GREEN LIME/750GM/PPH,100.0,PPH,750GM ,,1669363010825-dinesh soap - household-npl-dinesh 3in1#3.png,RECODING,5.0,8.0,53898,129.07763671875,123.0,DINESH SOAP & HOUSEHOLD-NPL,DINESH,DINESH,DINESH-UNWRP 148 GM,UNWRP,148.000 GM,,,148.0,GM,0.0
24,2022-11-26 00:00:00,202211.0,124866555.0,1669363010825.0,99764408.0,122.0,DINESH SOAP & HOUSEHOLD-NPL,DINESH 3IN1,DINESH 3IN1/GREEN LIME/750GM/PPH,100.0,PPH,750GM ,,1669363010825-dinesh soap - household-npl-dinesh 3in1#3.png,RECODING,5.0,9.0,52198,129.9781494140625,122.0,DINESH SOAP & HOUSEHOLD-NPL,DINESH,DINESH 3IN1,DINESH 3IN1-PPH 250 GM,PLPCH,250.000 GM,,,250.0,GM,0.0
24,2022-11-26 00:00:00,202211.0,124866555.0,1669363010825.0,99764408.0,122.0,DINESH SOAP & HOUSEHOLD-NPL,DINESH 3IN1,DINESH 3IN1/GREEN LIME/750GM/PPH,100.0,PPH,750GM ,,1669363010825-dinesh soap - household-npl-dinesh 3in1#3.png,RECODING,5.0,10.0,99762677,130.19923400878906,122.0,DINESH SOAP & HOUSEHOLD-NPL,DINESH,DINESH 3IN1,DINESH 3IN1-PPH 1000 GM,PLPCH,1000.000 GM,,,1000.0,GM,90.0
25,2022-11-26 00:00:00,202211.0,124866555.0,1669358295363.0,99764406.0,106.0,SUJAL FOODS PVT LTD-NEPAL,SMART LOLLYPOP,SMART LOLLIPOP/LITCHI/9GM/PPH,5.0,PPH,9GM,,1669358295363-sujal foods pvt ltd-nepal-smart lollypop#3.png,RECODING,5.0,1.0,91826264,110.51210021972656,106.0,SUJAL FOODS PVT LTD-NEPAL,SMART,SMART LOLLYPOP,SMART LOLLYPOP- ORANGE PPH 6 GM,PLPCH,6.000 GM,ORANGE,,6.0,GM,0.0
25,2022-11-26 00:00:00,202211.0,124866555.0,1669358295363.0,99764406.0,106.0,SUJAL FOODS PVT LTD-NEPAL,SMART LOLLYPOP,SMART LOLLIPOP/LITCHI/9GM/PPH,5.0,PPH,9GM,,1669358295363-sujal foods pvt ltd-nepal-smart lollypop#3.png,RECODING,5.0,2.0,46734,112.21681213378906,106.0,SUJAL FOODS PVT LTD-NEPAL,SMART,SMART LOLLYPOP,SMART LOLLYPOP- LITCHI PPH 10 GM,PLPCH,10.000 GM,LYCHEE,,10.0,GM,0.0
25,2022-11-26 00:00:00,202211.0,124866555.0,1669358295363.0,99764406.0,106.0,SUJAL FOODS PVT LTD-NEPAL,SMART LOLLYPOP,SMART LOLLIPOP/LITCHI/9GM/PPH,5.0,PPH,9GM,,1669358295363-sujal foods pvt ltd-nepal-smart lollypop#3.png,RECODING,5.0,3.0,99764537,112.36898803710938,106.0,SUJAL FOODS PVT LTD-NEPAL,SMART,SMART LOLLYPOP,SMART LOLLYPOP- LITCHI PCN 900 GM,PLJAR,900.000 GM,LYCHEE,,900.0,GM,500.0
25,2022-11-26 00:00:00,202211.0,124866555.0,1669358295363.0,99764406.0,106.0,SUJAL FOODS PVT LTD-NEPAL,SMART LOLLYPOP,SMART LOLLIPOP/LITCHI/9GM/PPH,5.0,PPH,9GM,,1669358295363-sujal foods pvt ltd-nepal-smart lollypop#3.png,RECODING,5.0,4.0,99764879,112.52521514892578,106.0,SUJAL FOODS PVT LTD-NEPAL,SMART,SMART LOLLYPOP,SMART LOLLYPOP- LITCHI PCN 1000 GM,PLJAR,1000.000 GM,LYCHEE,,1000.0,GM,420.0
25,2022-11-26 00:00:00,202211.0,124866555.0,1669358295363.0,99764406.0,106.0,SUJAL FOODS PVT LTD-NEPAL,SMART LOLLYPOP,SMART LOLLIPOP/LITCHI/9GM/PPH,5.0,PPH,9GM,,1669358295363-sujal foods pvt ltd-nepal-smart lollypop#3.png,RECODING,5.0,5.0,91826266,115.594482421875,106.0,SUJAL FOODS PVT LTD-NEPAL,SMART,SMART LOLLYPOP,SMART LOLLYPOP- COLA PPH 6 GM,PLPCH,6.000 GM,COLA,,6.0,GM,0.0
25,2022-11-26 00:00:00,202211.0,124866555.0,1669358295363.0,99764406.0,106.0,SUJAL FOODS PVT LTD-NEPAL,SMART LOLLYPOP,SMART LOLLIPOP/LITCHI/9GM/PPH,5.0,PPH,9GM,,1669358295363-sujal foods pvt ltd-nepal-smart lollypop#3.png,RECODING,5.0,6.0,99764536,116.20320892333984,106.0,SUJAL FOODS PVT LTD-NEPAL,SMART,SMART LOLLYPOP,SMART LOLLYPOP- COLA PCN 900 GM,PLJAR,900.000 GM,COLA,,900.0,GM,330.0
25,2022-11-26 00:00:00,202211.0,124866555.0,1669358295363.0,99764406.0,106.0,SUJAL FOODS PVT LTD-NEPAL,SMART LOLLYPOP,SMART LOLLIPOP/LITCHI/9GM/PPH,5.0,PPH,9GM,,1669358295363-sujal foods pvt ltd-nepal-smart lollypop#3.png,RECODING,5.0,7.0,99764406,116.63572692871094,106.0,SUJAL FOODS PVT LTD-NEPAL,SMART,SMART LOLLYPOP,SMART LOLLYPOP- LITCHI EWP 9 GM,EWRPK,9.000 GM,LYCHEE,,9.0,GM,5.0
25,2022-11-26 00:00:00,202211.0,124866555.0,1669358295363.0,99764406.0,106.0,SUJAL FOODS PVT LTD-NEPAL,SMART LOLLYPOP,SMART LOLLIPOP/LITCHI/9GM/PPH,5.0,PPH,9GM,,1669358295363-sujal foods pvt ltd-nepal-smart lollypop#3.png,RECODING,5.0,8.0,54702,117.53987121582031,106.0,SUJAL FOODS PVT LTD-NEPAL,SMART,SMART LOLLYPOP,SMART LOLLYPOP- COLA PPH 10 GM,PLPCH,10.000 GM,COLA,,10.0,GM,0.0
25,2022-11-26 00:00:00,202211.0,124866555.0,1669358295363.0,99764406.0,106.0,SUJAL FOODS PVT LTD-NEPAL,SMART LOLLYPOP,SMART LOLLIPOP/LITCHI/9GM/PPH,5.0,PPH,9GM,,1669358295363-sujal foods pvt ltd-nepal-smart lollypop#3.png,RECODING,5.0,9.0,50447,119.64425659179688,106.0,SUJAL FOODS PVT LTD-NEPAL,SMART,SMART LOLLYPOP,SMART LOLLYPOP-WATERMELON PPH 10 GM,PLPCH,10.000 GM,WATER MELON,,10.0,GM,0.0
25,2022-11-26 00:00:00,202211.0,124866555.0,1669358295363.0,99764406.0,106.0,SUJAL FOODS PVT LTD-NEPAL,SMART LOLLYPOP,SMART LOLLIPOP/LITCHI/9GM/PPH,5.0,PPH,9GM,,1669358295363-sujal foods pvt ltd-nepal-smart lollypop#3.png,RECODING,5.0,10.0,99764739,120.15914916992188,106.0,SUJAL FOODS PVT LTD-NEPAL,SMART,SMART LOLLYPOP,SMART LOLLYPOP- PULPY ORANGE PCN 1000 GM,PLJAR,1000.000 GM,ORANGE,,1000.0,GM,500.0
26,2022-11-26 00:00:00,202211.0,124866555.0,1669363381360.0,99764409.0,122.0,NEPCHEM GROUP-NEPAL,NEP-X,NEP-X PREMIUM/450GM/PPH,50.0,PPH,450GM ,,1669363381360-nepchem group-nepal-nep-x#3.png,RECODING,5.0,1.0,99764409,114.10709381103516,122.0,NEPCHEM GROUP-NEPAL,NEP-X,NEP-X,NEP-X-PREMIUM PPH 450 GM,PLPCH,450.000 GM,,,450.0,GM,50.0
26,2022-11-26 00:00:00,202211.0,124866555.0,1669363381360.0,99764409.0,122.0,NEPCHEM GROUP-NEPAL,NEP-X,NEP-X PREMIUM/450GM/PPH,50.0,PPH,450GM ,,1669363381360-nepchem group-nepal-nep-x#3.png,RECODING,5.0,2.0,99764683,114.12519836425781,122.0,NEPCHEM GROUP-NEPAL,NEP-X,NEP-X,NEP-X-PREMIUM PPH 200 GM,PLPCH,200.000 GM,,,200.0,GM,20.0
26,2022-11-26 00:00:00,202211.0,124866555.0,1669363381360.0,99764409.0,122.0,NEPCHEM GROUP-NEPAL,NEP-X,NEP-X PREMIUM/450GM/PPH,50.0,PPH,450GM ,,1669363381360-nepchem group-nepal-nep-x#3.png,RECODING,5.0,3.0,99763226,114.62250518798828,122.0,NEPCHEM GROUP-NEPAL,NEP-X,NEP-X,NEP-X-PREMIUM PPH 500 GM,PLPCH,500.000 GM,,,500.0,GM,50.0
26,2022-11-26 00:00:00,202211.0,124866555.0,1669363381360.0,99764409.0,122.0,NEPCHEM GROUP-NEPAL,NEP-X,NEP-X PREMIUM/450GM/PPH,50.0,PPH,450GM ,,1669363381360-nepchem group-nepal-nep-x#3.png,RECODING,5.0,4.0,51864,115.61514282226562,122.0,NEPCHEM GROUP-NEPAL,NEP-X,NEP-X,NEP-X-PREMIUM PPH 1000 GM,PLPCH,1000.000 GM,,,1000.0,GM,0.0
26,2022-11-26 00:00:00,202211.0,124866555.0,1669363381360.0,99764409.0,122.0,NEPCHEM GROUP-NEPAL,NEP-X,NEP-X PREMIUM/450GM/PPH,50.0,PPH,450GM ,,1669363381360-nepchem group-nepal-nep-x#3.png,RECODING,5.0,5.0,52050,118.41804504394531,122.0,NEPCHEM GROUP-NEPAL,NEP-X,NEP-X,NEP-X-PREMIUM PCN 5000 GM,PLJAR,5000.000 GM,,,5000.0,GM,0.0
26,2022-11-26 00:00:00,202211.0,124866555.0,1669363381360.0,99764409.0,122.0,NEPCHEM GROUP-NEPAL,NEP-X,NEP-X PREMIUM/450GM/PPH,50.0,PPH,450GM ,,1669363381360-nepchem group-nepal-nep-x#3.png,RECODING,5.0,6.0,99763031,126.3114013671875,122.0,NEPCHEM GROUP-NEPAL,NEP-X,NEP-X,NEP-X-LITE PPH 1000 GM,PLPCH,1000.000 GM,,,1000.0,GM,110.0
26,2022-11-26 00:00:00,202211.0,124866555.0,1669363381360.0,99764409.0,122.0,NEPCHEM GROUP-NEPAL,NEP-X,NEP-X PREMIUM/450GM/PPH,50.0,PPH,450GM ,,1669363381360-nepchem group-nepal-nep-x#3.png,RECODING,5.0,7.0,51860,150.8157958984375,122.0,NEPCHEM GROUP-NEPAL,NEP-X,NEP-X,NEP-X-2X ACTIVE MOLECULES PPH 600 GM,PLPCH,600.000 GM,,,600.0,GM,0.0
26,2022-11-26 00:00:00,202211.0,124866555.0,1669363381360.0,99764409.0,122.0,NEPCHEM GROUP-NEPAL,NEP-X,NEP-X PREMIUM/450GM/PPH,50.0,PPH,450GM ,,1669363381360-nepchem group-nepal-nep-x#3.png,RECODING,5.0,8.0,50864,151.3275146484375,122.0,NEPCHEM GROUP-NEPAL,NEP-X,NEP-X,NEP-X-2X ACTIVE MOLECULES PCN 5000 GM,PLJAR,5000.000 GM,,,5000.0,GM,0.0
26,2022-11-26 00:00:00,202211.0,124866555.0,1669363381360.0,99764409.0,122.0,NEPCHEM GROUP-NEPAL,NEP-X,NEP-X PREMIUM/450GM/PPH,50.0,PPH,450GM ,,1669363381360-nepchem group-nepal-nep-x#3.png,RECODING,5.0,9.0,51914,152.84979248046875,122.0,NEPCHEM GROUP-NEPAL,NEP-X,NEP-X,NEP-X-2X ACTIVE MOLECULES PPH 250 GM,PLPCH,250.000 GM,,,250.0,GM,0.0
26,2022-11-26 00:00:00,202211.0,124866555.0,1669363381360.0,99764409.0,122.0,NEPCHEM GROUP-NEPAL,NEP-X,NEP-X PREMIUM/450GM/PPH,50.0,PPH,450GM ,,1669363381360-nepchem group-nepal-nep-x#3.png,RECODING,5.0,10.0,50874,153.69268798828125,122.0,NEPCHEM GROUP-NEPAL,KWIK,KWIK,KWIK-PPH 1000 GM,PLPCH,1000.000 GM,,,1000.0,GM,0.0
27,2022-11-26 00:00:00,202211.0,124866555.0,1669098022612.0,99764387.0,106.0,SUJAL FOODS PVT LTD-NEPAL,RASILO CANDY,RASILO CANDY/SPICY MAZZA/3.2GM/PPH,1.0,PPH,3.2GM,,1669098022612-sujal foods pvt ltd-nepal-rasilo candy#3.png,RECODING,5.0,1.0,99764387,88.63325500488281,106.0,SUJAL FOODS PVT LTD-NEPAL,RASILO CANDY,RASILO CANDY,RASILO CANDY- SPICY MAZZA PPH 3.2 GM,PLPCH,3.200 GM,UNSPECIFIED,,3.2,GM,1.0
27,2022-11-26 00:00:00,202211.0,124866555.0,1669098022612.0,99764387.0,106.0,SUJAL FOODS PVT LTD-NEPAL,RASILO CANDY,RASILO CANDY/SPICY MAZZA/3.2GM/PPH,1.0,PPH,3.2GM,,1669098022612-sujal foods pvt ltd-nepal-rasilo candy#3.png,RECODING,5.0,2.0,99764535,93.60973358154297,106.0,SUJAL FOODS PVT LTD-NEPAL,RASILO CANDY,RASILO CANDY,RASILO CANDY- SPICY MAZZA PCN 640 GM,PLJAR,640.000 GM,UNSPECIFIED,,640.0,GM,165.0
27,2022-11-26 00:00:00,202211.0,124866555.0,1669098022612.0,99764387.0,106.0,SUJAL FOODS PVT LTD-NEPAL,RASILO CANDY,RASILO CANDY/SPICY MAZZA/3.2GM/PPH,1.0,PPH,3.2GM,,1669098022612-sujal foods pvt ltd-nepal-rasilo candy#3.png,RECODING,5.0,3.0,91826096,103.32891845703125,106.0,SUJAL FOODS PVT LTD-NEPAL,RASILO CANDY,RASILO CANDY,RASILO CANDY- CHATPATA MAZZA PPH 3.2 GM,PLPCH,3.200 GM,UNSPECIFIED,,3.2,GM,0.0
27,2022-11-26 00:00:00,202211.0,124866555.0,1669098022612.0,99764387.0,106.0,SUJAL FOODS PVT LTD-NEPAL,RASILO CANDY,RASILO CANDY/SPICY MAZZA/3.2GM/PPH,1.0,PPH,3.2GM,,1669098022612-sujal foods pvt ltd-nepal-rasilo candy#3.png,RECODING,5.0,4.0,99764499,106.04803466796875,106.0,SUJAL FOODS PVT LTD-NEPAL,RASILO CANDY,RASILO CANDY,RASILO CANDY- CHATPATA MAZZA PCN 560 GM,PLJAR,560.000 GM,UNSPECIFIED,,560.0,GM,150.0
27,2022-11-26 00:00:00,202211.0,124866555.0,1669098022612.0,99764387.0,106.0,SUJAL FOODS PVT LTD-NEPAL,RASILO CANDY,RASILO CANDY/SPICY MAZZA/3.2GM/PPH,1.0,PPH,3.2GM,,1669098022612-sujal foods pvt ltd-nepal-rasilo candy#3.png,RECODING,5.0,5.0,99764700,106.2587890625,106.0,SUJAL FOODS PVT LTD-NEPAL,RASILO CANDY,RASILO CANDY,RASILO CANDY- CHATPATA MAZZA PPH 336 GM,PLPCH,336.000 GM,UNSPECIFIED,,336.0,GM,80.0
27,2022-11-26 00:00:00,202211.0,124866555.0,1669098022612.0,99764387.0,106.0,SUJAL FOODS PVT LTD-NEPAL,RASILO CANDY,RASILO CANDY/SPICY MAZZA/3.2GM/PPH,1.0,PPH,3.2GM,,1669098022612-sujal foods pvt ltd-nepal-rasilo candy#3.png,RECODING,5.0,6.0,99764584,106.79432678222656,106.0,SUJAL FOODS PVT LTD-NEPAL,RASILO CANDY,RASILO CANDY,RASILO CANDY- CHATPATA MAZZA PPH 335 GM,PLPCH,335.000 GM,UNSPECIFIED,,335.0,GM,100.0
27,2022-11-26 00:00:00,202211.0,124866555.0,1669098022612.0,99764387.0,106.0,SUJAL FOODS PVT LTD-NEPAL,RASILO CANDY,RASILO CANDY/SPICY MAZZA/3.2GM/PPH,1.0,PPH,3.2GM,,1669098022612-sujal foods pvt ltd-nepal-rasilo candy#3.png,RECODING,5.0,7.0,99762974,106.94338989257812,106.0,SUJAL FOODS PVT LTD-NEPAL,RASILO CANDY,RASILO CANDY,RASILO CANDY- CHATPATA MAZZA PPH 3 GM,PLPCH,3.000 GM,UNSPECIFIED,,3.0,GM,1.0
27,2022-11-26 00:00:00,202211.0,124866555.0,1669098022612.0,99764387.0,106.0,SUJAL FOODS PVT LTD-NEPAL,RASILO CANDY,RASILO CANDY/SPICY MAZZA/3.2GM/PPH,1.0,PPH,3.2GM,,1669098022612-sujal foods pvt ltd-nepal-rasilo candy#3.png,RECODING,5.0,8.0,99764500,109.22679138183594,106.0,SUJAL FOODS PVT LTD-NEPAL,RASILO CANDY,RASILO CANDY,RASILO CANDY- CHATPATA MAZZA PCN 600 GM,PLJAR,600.000 GM,UNSPECIFIED,,600.0,GM,165.0
27,2022-11-26 00:00:00,202211.0,124866555.0,1669098022612.0,99764387.0,106.0,SUJAL FOODS PVT LTD-NEPAL,RASILO CANDY,RASILO CANDY/SPICY MAZZA/3.2GM/PPH,1.0,PPH,3.2GM,,1669098022612-sujal foods pvt ltd-nepal-rasilo candy#3.png,RECODING,5.0,9.0,99764534,110.00106811523438,106.0,SUJAL FOODS PVT LTD-NEPAL,RASILO CANDY,RASILO CANDY,RASILO CANDY- CHATPATA MAZZA PCN 1680 GM,PLJAR,1680.000 GM,UNSPECIFIED,,1680.0,GM,500.0
27,2022-11-26 00:00:00,202211.0,124866555.0,1669098022612.0,99764387.0,106.0,SUJAL FOODS PVT LTD-NEPAL,RASILO CANDY,RASILO CANDY/SPICY MAZZA/3.2GM/PPH,1.0,PPH,3.2GM,,1669098022612-sujal foods pvt ltd-nepal-rasilo candy#3.png,RECODING,5.0,10.0,99764917,110.54559326171875,106.0,SUJAL FOODS PVT LTD-NEPAL,RASILO CANDY,RASILO CANDY,RASILO CANDY- CHATPATA MAZZA PPH 360 GM,PLPCH,360.000 GM,UNSPECIFIED,,360.0,GM,105.0
28,2022-11-26 00:00:00,202211.0,124683707.0,1669355963081.0,99764410.0,123.0,SHIVANI DETERGENTS-INDIA,SARGAM PLUS,SARGAM PLUS/75GM/PPH/25GM FREE,8.0,PPH,75GM ,,1669355963081-shivani detergents-india-sargam plus#3.png,RECODING,5.0,1.0,99764410,103.80989837646484,123.0,SHIVANI DETERGENTS-INDIA,SARGAM,SARGAM PLUS,SARGAM PLUS-PPH 75 GM+25 GM FREE,PLPCH,75.000 GM,,,100.0,GM,8.0
28,2022-11-26 00:00:00,202211.0,124683707.0,1669355963081.0,99764410.0,123.0,SHIVANI DETERGENTS-INDIA,SARGAM PLUS,SARGAM PLUS/75GM/PPH/25GM FREE,8.0,PPH,75GM ,,1669355963081-shivani detergents-india-sargam plus#3.png,RECODING,5.0,2.0,47739,103.91709899902344,123.0,SHIVANI DETERGENTS-INDIA,SARGAM,SARGAM PLUS,SARGAM PLUS-PPH 120 GM+30 GM FREE,PLPCH,120.000 GM,,,150.0,GM,0.0
28,2022-11-26 00:00:00,202211.0,124683707.0,1669355963081.0,99764410.0,123.0,SHIVANI DETERGENTS-INDIA,SARGAM PLUS,SARGAM PLUS/75GM/PPH/25GM FREE,8.0,PPH,75GM ,,1669355963081-shivani detergents-india-sargam plus#3.png,RECODING,5.0,3.0,99763978,104.92204284667969,123.0,SHIVANI DETERGENTS-INDIA,SARGAM,SARGAM PLUS,SARGAM PLUS-PPH 150 GM+50 GM FREE,PLPCH,150.000 GM,,,200.0,GM,20.0
28,2022-11-26 00:00:00,202211.0,124683707.0,1669355963081.0,99764410.0,123.0,SHIVANI DETERGENTS-INDIA,SARGAM PLUS,SARGAM PLUS/75GM/PPH/25GM FREE,8.0,PPH,75GM ,,1669355963081-shivani detergents-india-sargam plus#3.png,RECODING,5.0,4.0,99763104,111.3096923828125,123.0,SHIVANI DETERGENTS-INDIA,SARGAM,SARGAM SHINE,SARGAM SHINE-PPH 65 GM+10 GM FREE,PLPCH,65.000 GM,,,75.0,GM,10.0
28,2022-11-26 00:00:00,202211.0,124683707.0,1669355963081.0,99764410.0,123.0,SHIVANI DETERGENTS-INDIA,SARGAM PLUS,SARGAM PLUS/75GM/PPH/25GM FREE,8.0,PPH,75GM ,,1669355963081-shivani detergents-india-sargam plus#3.png,RECODING,5.0,5.0,48723,111.47299194335938,123.0,SHIVANI DETERGENTS-INDIA,SARGAM,SARGAM SHINE,SARGAM SHINE-PPH 90 GM+10 GM FREE,PLPCH,90.000 GM,,,100.0,GM,0.0
28,2022-11-26 00:00:00,202211.0,124683707.0,1669355963081.0,99764410.0,123.0,SHIVANI DETERGENTS-INDIA,SARGAM PLUS,SARGAM PLUS/75GM/PPH/25GM FREE,8.0,PPH,75GM ,,1669355963081-shivani detergents-india-sargam plus#3.png,RECODING,5.0,6.0,99763324,111.76704406738281,123.0,SHIVANI DETERGENTS-INDIA,SARGAM,SARGAM SHINE,SARGAM SHINE-PPH 80 GM+10 GM FREE,PLPCH,80.000 GM,,,90.0,GM,8.0
28,2022-11-26 00:00:00,202211.0,124683707.0,1669355963081.0,99764410.0,123.0,SHIVANI DETERGENTS-INDIA,SARGAM PLUS,SARGAM PLUS/75GM/PPH/25GM FREE,8.0,PPH,75GM ,,1669355963081-shivani detergents-india-sargam plus#3.png,RECODING,5.0,7.0,99764911,116.48279571533203,123.0,SHIVANI DETERGENTS-INDIA,SARGAM,SARGAM PLUS,SARGAM PLUS-PPH 300 GM,PLPCH,300.000 GM,,,300.0,GM,27.0
28,2022-11-26 00:00:00,202211.0,124683707.0,1669355963081.0,99764410.0,123.0,SHIVANI DETERGENTS-INDIA,SARGAM PLUS,SARGAM PLUS/75GM/PPH/25GM FREE,8.0,PPH,75GM ,,1669355963081-shivani detergents-india-sargam plus#3.png,RECODING,5.0,8.0,99763870,117.38834381103516,123.0,SHIVANI DETERGENTS-INDIA,SARGAM,SARGAM SHINE,SARGAM SHINE-PPH 150 GM+BUY 3 GET 1 FREE,PLPCH,150.000 GM,,,600.0,GM,60.0
28,2022-11-26 00:00:00,202211.0,124683707.0,1669355963081.0,99764410.0,123.0,SHIVANI DETERGENTS-INDIA,SARGAM PLUS,SARGAM PLUS/75GM/PPH/25GM FREE,8.0,PPH,75GM ,,1669355963081-shivani detergents-india-sargam plus#3.png,RECODING,5.0,9.0,99763325,118.75752258300781,123.0,SHIVANI DETERGENTS-INDIA,SARGAM,SARGAM SHINE,SARGAM SHINE-PPH 125 GM+BUY 3 GET 1 FREE,PLPCH,125.000 GM,,,500.0,GM,77.0
28,2022-11-26 00:00:00,202211.0,124683707.0,1669355963081.0,99764410.0,123.0,SHIVANI DETERGENTS-INDIA,SARGAM PLUS,SARGAM PLUS/75GM/PPH/25GM FREE,8.0,PPH,75GM ,,1669355963081-shivani detergents-india-sargam plus#3.png,RECODING,5.0,10.0,99764414,118.98866271972656,123.0,SHIVANI DETERGENTS-INDIA,SARGAM,SARGAM SHINE,SARGAM SHINE-PPH 115 GM,PLPCH,115.000 GM,,,115.0,GM,16.0
29,2022-11-26 00:00:00,202211.0,124683707.0,1669274184394.0,99764401.0,120.0,UNILEVER NEPAL LTD-NEPAL,LIFEBUOY TOTAL PROTECT ,LIFEBUOY TOTAL PROTECT/ACTIV SILVER FORMULA/43GM/EWP,18.0,EWP,43GM ,,1669274184394-unilever nepal ltd-nepal-lifebuoy total protect #3.png,RECODING,5.0,1.0,99764401,120.60102081298828,120.0,UNILEVER NEPAL LTD-NEPAL,LIFE BUOY,LIFE BUOY TOTAL PROTECT,LIFE BUOY TOTAL PROTECT-ACTIV SILVER EWP 43 GM,EWRPK,43.000 GM,,,43.0,GM,18.0
29,2022-11-26 00:00:00,202211.0,124683707.0,1669274184394.0,99764401.0,120.0,UNILEVER NEPAL LTD-NEPAL,LIFEBUOY TOTAL PROTECT ,LIFEBUOY TOTAL PROTECT/ACTIV SILVER FORMULA/43GM/EWP,18.0,EWP,43GM ,,1669274184394-unilever nepal ltd-nepal-lifebuoy total protect #3.png,RECODING,5.0,2.0,99763277,126.39783477783203,120.0,UNILEVER NEPAL LTD-NEPAL,LIFE BUOY,LIFE BUOY TOTAL PROTECT,LIFE BUOY TOTAL PROTECT-ACTIV SILVER EWP 95 GM,EWRPK,95.000 GM,,,95.0,GM,35.0
29,2022-11-26 00:00:00,202211.0,124683707.0,1669274184394.0,99764401.0,120.0,UNILEVER NEPAL LTD-NEPAL,LIFEBUOY TOTAL PROTECT ,LIFEBUOY TOTAL PROTECT/ACTIV SILVER FORMULA/43GM/EWP,18.0,EWP,43GM ,,1669274184394-unilever nepal ltd-nepal-lifebuoy total protect #3.png,RECODING,5.0,3.0,99764885,126.50083923339844,120.0,UNILEVER NEPAL LTD-NEPAL,LIFE BUOY,LIFE BUOY TOTAL PROTECT,LIFE BUOY TOTAL PROTECT-ACTIV SILVER EWP 100 GM,EWRPK,100.000 GM,,,100.0,GM,45.0
29,2022-11-26 00:00:00,202211.0,124683707.0,1669274184394.0,99764401.0,120.0,UNILEVER NEPAL LTD-NEPAL,LIFEBUOY TOTAL PROTECT ,LIFEBUOY TOTAL PROTECT/ACTIV SILVER FORMULA/43GM/EWP,18.0,EWP,43GM ,,1669274184394-unilever nepal ltd-nepal-lifebuoy total protect #3.png,RECODING,5.0,4.0,99763348,127.36662292480469,120.0,UNILEVER NEPAL LTD-NEPAL,LIFE BUOY,LIFE BUOY TOTAL PROTECT,LIFE BUOY TOTAL PROTECT-ACTIV SILVER EWP 4*95 GM+SAVE RS10,EWRPK,95.000 GM,,,380.0,GM,138.0
29,2022-11-26 00:00:00,202211.0,124683707.0,1669274184394.0,99764401.0,120.0,UNILEVER NEPAL LTD-NEPAL,LIFEBUOY TOTAL PROTECT ,LIFEBUOY TOTAL PROTECT/ACTIV SILVER FORMULA/43GM/EWP,18.0,EWP,43GM ,,1669274184394-unilever nepal ltd-nepal-lifebuoy total protect #3.png,RECODING,5.0,5.0,99764184,128.34613037109375,120.0,UNILEVER NEPAL LTD-NEPAL,LIFE BUOY,LIFE BUOY TOTAL PROTECT,LIFE BUOY TOTAL PROTECT-ACTIV SILVER EWP 90 GM,EWRPK,90.000 GM,,,90.0,GM,40.0
29,2022-11-26 00:00:00,202211.0,124683707.0,1669274184394.0,99764401.0,120.0,UNILEVER NEPAL LTD-NEPAL,LIFEBUOY TOTAL PROTECT ,LIFEBUOY TOTAL PROTECT/ACTIV SILVER FORMULA/43GM/EWP,18.0,EWP,43GM ,,1669274184394-unilever nepal ltd-nepal-lifebuoy total protect #3.png,RECODING,5.0,6.0,99763126,129.02264404296875,120.0,UNILEVER NEPAL LTD-NEPAL,LIFE BUOY,LIFE BUOY TOTAL PROTECT,LIFE BUOY TOTAL PROTECT-ACTIV SILVER EWP 4*95 GM+SAVE RS20,EWRPK,95.000 GM,,,380.0,GM,120.0
29,2022-11-26 00:00:00,202211.0,124683707.0,1669274184394.0,99764401.0,120.0,UNILEVER NEPAL LTD-NEPAL,LIFEBUOY TOTAL PROTECT ,LIFEBUOY TOTAL PROTECT/ACTIV SILVER FORMULA/43GM/EWP,18.0,EWP,43GM ,,1669274184394-unilever nepal ltd-nepal-lifebuoy total protect #3.png,RECODING,5.0,7.0,99763291,129.85792541503906,120.0,UNILEVER NEPAL LTD-NEPAL,LIFE BUOY,LIFE BUOY TOTAL PROTECT,LIFE BUOY TOTAL PROTECT-ACTIV SILVER EWP 4*95 GM+SAVE RS12,EWRPK,95.000 GM,,,380.0,GM,140.0
29,2022-11-26 00:00:00,202211.0,124683707.0,1669274184394.0,99764401.0,120.0,UNILEVER NEPAL LTD-NEPAL,LIFEBUOY TOTAL PROTECT ,LIFEBUOY TOTAL PROTECT/ACTIV SILVER FORMULA/43GM/EWP,18.0,EWP,43GM ,,1669274184394-unilever nepal ltd-nepal-lifebuoy total protect #3.png,RECODING,5.0,8.0,99764478,130.18072509765625,120.0,UNILEVER NEPAL LTD-NEPAL,LIFE BUOY,LIFE BUOY TOTAL PROTECT,LIFE BUOY TOTAL PROTECT-ACTIV SILVER EWP 4*90 GM+SAVE RS 5,EWRPK,90.000 GM,,,360.0,GM,155.0
29,2022-11-26 00:00:00,202211.0,124683707.0,1669274184394.0,99764401.0,120.0,UNILEVER NEPAL LTD-NEPAL,LIFEBUOY TOTAL PROTECT ,LIFEBUOY TOTAL PROTECT/ACTIV SILVER FORMULA/43GM/EWP,18.0,EWP,43GM ,,1669274184394-unilever nepal ltd-nepal-lifebuoy total protect #3.png,RECODING,5.0,9.0,99763881,130.3306884765625,120.0,UNILEVER NEPAL LTD-NEPAL,LIFE BUOY,LIFE BUOY TOTAL PROTECT,LIFE BUOY TOTAL PROTECT-ACTIV SILVER EWP 4*95 GM+SAVE RS 5,EWRPK,95.000 GM,,,380.0,GM,155.0
29,2022-11-26 00:00:00,202211.0,124683707.0,1669274184394.0,99764401.0,120.0,UNILEVER NEPAL LTD-NEPAL,LIFEBUOY TOTAL PROTECT ,LIFEBUOY TOTAL PROTECT/ACTIV SILVER FORMULA/43GM/EWP,18.0,EWP,43GM ,,1669274184394-unilever nepal ltd-nepal-lifebuoy total protect #3.png,RECODING,5.0,10.0,99763642,131.658447265625,120.0,UNILEVER NEPAL LTD-NEPAL,LIFE BUOY,LIFE BUOY,LIFE BUOY-SILVER DEFENCE+ GERM PROTECTION EWP 51GM,EWRPK,51.000 GM,,,51.0,GM,16.0
30,2022-11-26 00:00:00,202211.0,124683707.0,1669358295363.0,99764406.0,106.0,SUJAL FOODS PVT LTD-NEPAL,SMART LOLLYPOP,SMART LOLLIPOP/LITCHI/9GM/PPH,5.0,PPH,9GM,,1669358295363-sujal foods pvt ltd-nepal-smart lollypop#3.png,RECODING,5.0,1.0,91826264,108.47429656982422,106.0,SUJAL FOODS PVT LTD-NEPAL,SMART,SMART LOLLYPOP,SMART LOLLYPOP- ORANGE PPH 6 GM,PLPCH,6.000 GM,ORANGE,,6.0,GM,0.0
30,2022-11-26 00:00:00,202211.0,124683707.0,1669358295363.0,99764406.0,106.0,SUJAL FOODS PVT LTD-NEPAL,SMART LOLLYPOP,SMART LOLLIPOP/LITCHI/9GM/PPH,5.0,PPH,9GM,,1669358295363-sujal foods pvt ltd-nepal-smart lollypop#3.png,RECODING,5.0,2.0,46734,109.85969543457031,106.0,SUJAL FOODS PVT LTD-NEPAL,SMART,SMART LOLLYPOP,SMART LOLLYPOP- LITCHI PPH 10 GM,PLPCH,10.000 GM,LYCHEE,,10.0,GM,0.0
30,2022-11-26 00:00:00,202211.0,124683707.0,1669358295363.0,99764406.0,106.0,SUJAL FOODS PVT LTD-NEPAL,SMART LOLLYPOP,SMART LOLLIPOP/LITCHI/9GM/PPH,5.0,PPH,9GM,,1669358295363-sujal foods pvt ltd-nepal-smart lollypop#3.png,RECODING,5.0,3.0,99764537,109.86983489990234,106.0,SUJAL FOODS PVT LTD-NEPAL,SMART,SMART LOLLYPOP,SMART LOLLYPOP- LITCHI PCN 900 GM,PLJAR,900.000 GM,LYCHEE,,900.0,GM,500.0
30,2022-11-26 00:00:00,202211.0,124683707.0,1669358295363.0,99764406.0,106.0,SUJAL FOODS PVT LTD-NEPAL,SMART LOLLYPOP,SMART LOLLIPOP/LITCHI/9GM/PPH,5.0,PPH,9GM,,1669358295363-sujal foods pvt ltd-nepal-smart lollypop#3.png,RECODING,5.0,4.0,99764879,110.07183837890625,106.0,SUJAL FOODS PVT LTD-NEPAL,SMART,SMART LOLLYPOP,SMART LOLLYPOP- LITCHI PCN 1000 GM,PLJAR,1000.000 GM,LYCHEE,,1000.0,GM,420.0
30,2022-11-26 00:00:00,202211.0,124683707.0,1669358295363.0,99764406.0,106.0,SUJAL FOODS PVT LTD-NEPAL,SMART LOLLYPOP,SMART LOLLIPOP/LITCHI/9GM/PPH,5.0,PPH,9GM,,1669358295363-sujal foods pvt ltd-nepal-smart lollypop#3.png,RECODING,5.0,5.0,99764406,113.8932113647461,106.0,SUJAL FOODS PVT LTD-NEPAL,SMART,SMART LOLLYPOP,SMART LOLLYPOP- LITCHI EWP 9 GM,EWRPK,9.000 GM,LYCHEE,,9.0,GM,5.0
30,2022-11-26 00:00:00,202211.0,124683707.0,1669358295363.0,99764406.0,106.0,SUJAL FOODS PVT LTD-NEPAL,SMART LOLLYPOP,SMART LOLLIPOP/LITCHI/9GM/PPH,5.0,PPH,9GM,,1669358295363-sujal foods pvt ltd-nepal-smart lollypop#3.png,RECODING,5.0,6.0,91826266,113.9332275390625,106.0,SUJAL FOODS PVT LTD-NEPAL,SMART,SMART LOLLYPOP,SMART LOLLYPOP- COLA PPH 6 GM,PLPCH,6.000 GM,COLA,,6.0,GM,0.0
30,2022-11-26 00:00:00,202211.0,124683707.0,1669358295363.0,99764406.0,106.0,SUJAL FOODS PVT LTD-NEPAL,SMART LOLLYPOP,SMART LOLLIPOP/LITCHI/9GM/PPH,5.0,PPH,9GM,,1669358295363-sujal foods pvt ltd-nepal-smart lollypop#3.png,RECODING,5.0,7.0,99764536,114.1767578125,106.0,SUJAL FOODS PVT LTD-NEPAL,SMART,SMART LOLLYPOP,SMART LOLLYPOP- COLA PCN 900 GM,PLJAR,900.000 GM,COLA,,900.0,GM,330.0
30,2022-11-26 00:00:00,202211.0,124683707.0,1669358295363.0,99764406.0,106.0,SUJAL FOODS PVT LTD-NEPAL,SMART LOLLYPOP,SMART LOLLIPOP/LITCHI/9GM/PPH,5.0,PPH,9GM,,1669358295363-sujal foods pvt ltd-nepal-smart lollypop#3.png,RECODING,5.0,8.0,54702,115.81902313232422,106.0,SUJAL FOODS PVT LTD-NEPAL,SMART,SMART LOLLYPOP,SMART LOLLYPOP- COLA PPH 10 GM,PLPCH,10.000 GM,COLA,,10.0,GM,0.0
30,2022-11-26 00:00:00,202211.0,124683707.0,1669358295363.0,99764406.0,106.0,SUJAL FOODS PVT LTD-NEPAL,SMART LOLLYPOP,SMART LOLLIPOP/LITCHI/9GM/PPH,5.0,PPH,9GM,,1669358295363-sujal foods pvt ltd-nepal-smart lollypop#3.png,RECODING,5.0,9.0,50447,117.42223358154297,106.0,SUJAL FOODS PVT LTD-NEPAL,SMART,SMART LOLLYPOP,SMART LOLLYPOP-WATERMELON PPH 10 GM,PLPCH,10.000 GM,WATER MELON,,10.0,GM,0.0
30,2022-11-26 00:00:00,202211.0,124683707.0,1669358295363.0,99764406.0,106.0,SUJAL FOODS PVT LTD-NEPAL,SMART LOLLYPOP,SMART LOLLIPOP/LITCHI/9GM/PPH,5.0,PPH,9GM,,1669358295363-sujal foods pvt ltd-nepal-smart lollypop#3.png,RECODING,5.0,10.0,99764739,118.14801025390625,106.0,SUJAL FOODS PVT LTD-NEPAL,SMART,SMART LOLLYPOP,SMART LOLLYPOP- PULPY ORANGE PCN 1000 GM,PLJAR,1000.000 GM,ORANGE,,1000.0,GM,500.0
31,2022-11-26 00:00:00,202211.0,124683707.0,1669100801737.0,99764386.0,132.0,A.G. HEALTH INDUSTRIES PVT LTD-NEPAL,SAGUN BABY DIAPERS,SAGUN BABY DIAPERS/SMALL/5 PCS/PPH,100.0,PPH,5 PCS,,1669100801737-a-g- health industries pvt ltd-nepal-sagun baby diapers#3.png,RECODING,5.0,1.0,99764386,83.72560119628906,132.0,A.G. HEALTH INDUSTRIES PVT LTD-NEPAL,SAGUN BABY,SAGUN BABY DIAPERS,SAGUN BABY DIAPERS-SMALL(S) PPH 5 NOS,PLPCH,5.000 NO,,,5.0,NO,100.0
31,2022-11-26 00:00:00,202211.0,124683707.0,1669100801737.0,99764386.0,132.0,A.G. HEALTH INDUSTRIES PVT LTD-NEPAL,SAGUN BABY DIAPERS,SAGUN BABY DIAPERS/SMALL/5 PCS/PPH,100.0,PPH,5 PCS,,1669100801737-a-g- health industries pvt ltd-nepal-sagun baby diapers#3.png,RECODING,5.0,2.0,99764436,89.0489501953125,132.0,A.G. HEALTH INDUSTRIES PVT LTD-NEPAL,SAGUN BABY,SAGUN BABY DIAPERS,SAGUN BABY DIAPERS-MEDIUM(M) PPH 5 NOS,PLPCH,5.000 NO,,,5.0,NO,100.0
31,2022-11-26 00:00:00,202211.0,124683707.0,1669100801737.0,99764386.0,132.0,A.G. HEALTH INDUSTRIES PVT LTD-NEPAL,SAGUN BABY DIAPERS,SAGUN BABY DIAPERS/SMALL/5 PCS/PPH,100.0,PPH,5 PCS,,1669100801737-a-g- health industries pvt ltd-nepal-sagun baby diapers#3.png,RECODING,5.0,3.0,99764737,95.62776184082031,132.0,A.G. HEALTH INDUSTRIES PVT LTD-NEPAL,SAGUN BABY,SAGUN BABY DIAPERS,SAGUN BABY DIAPERS-LARGE(L) PPH 4 NOS,PLPCH,4.000 NO,,,4.0,NO,100.0
31,2022-11-26 00:00:00,202211.0,124683707.0,1669100801737.0,99764386.0,132.0,A.G. HEALTH INDUSTRIES PVT LTD-NEPAL,SAGUN BABY DIAPERS,SAGUN BABY DIAPERS/SMALL/5 PCS/PPH,100.0,PPH,5 PCS,,1669100801737-a-g- health industries pvt ltd-nepal-sagun baby diapers#3.png,RECODING,5.0,4.0,99764825,99.45863342285156,132.0,A.G. HEALTH INDUSTRIES PVT LTD-NEPAL,SAGUN BABY,SAGUN BABY DIAPERS,SAGUN BABY DIAPERS-EXTRA LARGE(XL) PPH 4 NOS,PLPCH,4.000 NO,,,4.0,NO,100.0
31,2022-11-26 00:00:00,202211.0,124683707.0,1669100801737.0,99764386.0,132.0,A.G. HEALTH INDUSTRIES PVT LTD-NEPAL,SAGUN BABY DIAPERS,SAGUN BABY DIAPERS/SMALL/5 PCS/PPH,100.0,PPH,5 PCS,,1669100801737-a-g- health industries pvt ltd-nepal-sagun baby diapers#3.png,RECODING,5.0,5.0,99762604,122.72867584228516,132.0,A.G. HEALTH INDUSTRIES PVT LTD-NEPAL,SAGUN BABY,SAGUN BABY POKO PANTS,SAGUN BABY POKO PANTS-SMALL(S) PPH 5 NOS,PLPCH,5.000 NO,,,5.0,NO,100.0
31,2022-11-26 00:00:00,202211.0,124683707.0,1669100801737.0,99764386.0,132.0,A.G. HEALTH INDUSTRIES PVT LTD-NEPAL,SAGUN BABY DIAPERS,SAGUN BABY DIAPERS/SMALL/5 PCS/PPH,100.0,PPH,5 PCS,,1669100801737-a-g- health industries pvt ltd-nepal-sagun baby diapers#3.png,RECODING,5.0,6.0,99763456,123.4951171875,132.0,A.G. HEALTH INDUSTRIES PVT LTD-NEPAL,SAGUN BABY,SAGUN BABY POKO PANTS,SAGUN BABY POKO PANTS-SMALL(S) PPH 42 NOS,PLPCH,42.000 NO,,,42.0,NO,800.0
31,2022-11-26 00:00:00,202211.0,124683707.0,1669100801737.0,99764386.0,132.0,A.G. HEALTH INDUSTRIES PVT LTD-NEPAL,SAGUN BABY DIAPERS,SAGUN BABY DIAPERS/SMALL/5 PCS/PPH,100.0,PPH,5 PCS,,1669100801737-a-g- health industries pvt ltd-nepal-sagun baby diapers#3.png,RECODING,5.0,7.0,99762960,126.3509521484375,132.0,A.G. HEALTH INDUSTRIES PVT LTD-NEPAL,SAGUN BABY,SAGUN BABY POKO PANTS,SAGUN BABY POKO PANTS-MEDIUM(M) PPH 36 NOS,PLPCH,36.000 NO,,,36.0,NO,800.0
31,2022-11-26 00:00:00,202211.0,124683707.0,1669100801737.0,99764386.0,132.0,A.G. HEALTH INDUSTRIES PVT LTD-NEPAL,SAGUN BABY DIAPERS,SAGUN BABY DIAPERS/SMALL/5 PCS/PPH,100.0,PPH,5 PCS,,1669100801737-a-g- health industries pvt ltd-nepal-sagun baby diapers#3.png,RECODING,5.0,8.0,99762660,128.40011596679688,132.0,A.G. HEALTH INDUSTRIES PVT LTD-NEPAL,SAGUN BABY,SAGUN BABY POKO PANTS,SAGUN BABY POKO PANTS-MEDIUM(M) PPH 5 NOS,PLPCH,5.000 NO,,,5.0,NO,100.0
31,2022-11-26 00:00:00,202211.0,124683707.0,1669100801737.0,99764386.0,132.0,A.G. HEALTH INDUSTRIES PVT LTD-NEPAL,SAGUN BABY DIAPERS,SAGUN BABY DIAPERS/SMALL/5 PCS/PPH,100.0,PPH,5 PCS,,1669100801737-a-g- health industries pvt ltd-nepal-sagun baby diapers#3.png,RECODING,5.0,9.0,99762630,130.44952392578125,132.0,A.G. HEALTH INDUSTRIES PVT LTD-NEPAL,SAGUN BABY,SAGUN BABY POKO PANTS,SAGUN BABY POKO PANTS-LARGE(L) PPH 5 NOS,PLPCH,5.000 NO,,,5.0,NO,100.0
31,2022-11-26 00:00:00,202211.0,124683707.0,1669100801737.0,99764386.0,132.0,A.G. HEALTH INDUSTRIES PVT LTD-NEPAL,SAGUN BABY DIAPERS,SAGUN BABY DIAPERS/SMALL/5 PCS/PPH,100.0,PPH,5 PCS,,1669100801737-a-g- health industries pvt ltd-nepal-sagun baby diapers#3.png,RECODING,5.0,10.0,99762656,132.29141235351562,132.0,A.G. HEALTH INDUSTRIES PVT LTD-NEPAL,SAGUN BABY,SAGUN BABY POKO PANTS,SAGUN BABY POKO PANTS-MEDIUM(M) PPH 4 NOS,PLPCH,4.000 NO,,,4.0,NO,80.0
32,2022-11-26 00:00:00,202211.0,124654335.0,1669353653545.0,99764407.0,116.0,A.G. HEALTH INDUSTRIES PVT LTD-NEPAL,SAGUN ULTRA ,SAGUN ULTRA/XL WINGS/6 PADS/PPH,65.0,PPH,6 PADS,,1669353653545-a-g- health industries pvt ltd-nepal-sagun ultra #3.png,RECODING,5.0,1.0,99764407,96.65859985351562,116.0,A.G. HEALTH INDUSTRIES PVT LTD-NEPAL,SAGUN,SAGUN ULTRA,SAGUN ULTRA-XL WITH WINGS PPH 6 NOS,PLPCH,6.000 NO,,,6.0,NO,65.0
32,2022-11-26 00:00:00,202211.0,124654335.0,1669353653545.0,99764407.0,116.0,A.G. HEALTH INDUSTRIES PVT LTD-NEPAL,SAGUN ULTRA ,SAGUN ULTRA/XL WINGS/6 PADS/PPH,65.0,PPH,6 PADS,,1669353653545-a-g- health industries pvt ltd-nepal-sagun ultra #3.png,RECODING,5.0,2.0,99764325,124.13479614257812,116.0,A.G. HEALTH INDUSTRIES PVT LTD-NEPAL,SAGUN,SAGUN COTTON COMFORT,SAGUN COTTON COMFORT-ULTRA THIN PPH 6 NOS,PLPCH,6.000 NO,,,6.0,NO,60.0
32,2022-11-26 00:00:00,202211.0,124654335.0,1669353653545.0,99764407.0,116.0,A.G. HEALTH INDUSTRIES PVT LTD-NEPAL,SAGUN ULTRA ,SAGUN ULTRA/XL WINGS/6 PADS/PPH,65.0,PPH,6 PADS,,1669353653545-a-g- health industries pvt ltd-nepal-sagun ultra #3.png,RECODING,5.0,3.0,99762960,161.28070068359375,132.0,A.G. HEALTH INDUSTRIES PVT LTD-NEPAL,SAGUN BABY,SAGUN BABY POKO PANTS,SAGUN BABY POKO PANTS-MEDIUM(M) PPH 36 NOS,PLPCH,36.000 NO,,,36.0,NO,800.0
32,2022-11-26 00:00:00,202211.0,124654335.0,1669353653545.0,99764407.0,116.0,A.G. HEALTH INDUSTRIES PVT LTD-NEPAL,SAGUN ULTRA ,SAGUN ULTRA/XL WINGS/6 PADS/PPH,65.0,PPH,6 PADS,,1669353653545-a-g- health industries pvt ltd-nepal-sagun ultra #3.png,RECODING,5.0,4.0,99762660,162.515625,132.0,A.G. HEALTH INDUSTRIES PVT LTD-NEPAL,SAGUN BABY,SAGUN BABY POKO PANTS,SAGUN BABY POKO PANTS-MEDIUM(M) PPH 5 NOS,PLPCH,5.000 NO,,,5.0,NO,100.0
32,2022-11-26 00:00:00,202211.0,124654335.0,1669353653545.0,99764407.0,116.0,A.G. HEALTH INDUSTRIES PVT LTD-NEPAL,SAGUN ULTRA ,SAGUN ULTRA/XL WINGS/6 PADS/PPH,65.0,PPH,6 PADS,,1669353653545-a-g- health industries pvt ltd-nepal-sagun ultra #3.png,RECODING,5.0,5.0,99762630,164.12893676757812,132.0,A.G. HEALTH INDUSTRIES PVT LTD-NEPAL,SAGUN BABY,SAGUN BABY POKO PANTS,SAGUN BABY POKO PANTS-LARGE(L) PPH 5 NOS,PLPCH,5.000 NO,,,5.0,NO,100.0
32,2022-11-26 00:00:00,202211.0,124654335.0,1669353653545.0,99764407.0,116.0,A.G. HEALTH INDUSTRIES PVT LTD-NEPAL,SAGUN ULTRA ,SAGUN ULTRA/XL WINGS/6 PADS/PPH,65.0,PPH,6 PADS,,1669353653545-a-g- health industries pvt ltd-nepal-sagun ultra #3.png,RECODING,5.0,6.0,99763456,164.38233947753906,132.0,A.G. HEALTH INDUSTRIES PVT LTD-NEPAL,SAGUN BABY,SAGUN BABY POKO PANTS,SAGUN BABY POKO PANTS-SMALL(S) PPH 42 NOS,PLPCH,42.000 NO,,,42.0,NO,800.0
32,2022-11-26 00:00:00,202211.0,124654335.0,1669353653545.0,99764407.0,116.0,A.G. HEALTH INDUSTRIES PVT LTD-NEPAL,SAGUN ULTRA ,SAGUN ULTRA/XL WINGS/6 PADS/PPH,65.0,PPH,6 PADS,,1669353653545-a-g- health industries pvt ltd-nepal-sagun ultra #3.png,RECODING,5.0,7.0,99762604,164.88165283203125,132.0,A.G. HEALTH INDUSTRIES PVT LTD-NEPAL,SAGUN BABY,SAGUN BABY POKO PANTS,SAGUN BABY POKO PANTS-SMALL(S) PPH 5 NOS,PLPCH,5.000 NO,,,5.0,NO,100.0
32,2022-11-26 00:00:00,202211.0,124654335.0,1669353653545.0,99764407.0,116.0,A.G. HEALTH INDUSTRIES PVT LTD-NEPAL,SAGUN ULTRA ,SAGUN ULTRA/XL WINGS/6 PADS/PPH,65.0,PPH,6 PADS,,1669353653545-a-g- health industries pvt ltd-nepal-sagun ultra #3.png,RECODING,5.0,8.0,99762683,166.18771362304688,132.0,A.G. HEALTH INDUSTRIES PVT LTD-NEPAL,SAGUN BABY,SAGUN BABY POKO PANTS,SAGUN BABY POKO PANTS-EXTRA LARGE(XL) PPH 4 NOS,PLPCH,4.000 NO,,,4.0,NO,100.0
32,2022-11-26 00:00:00,202211.0,124654335.0,1669353653545.0,99764407.0,116.0,A.G. HEALTH INDUSTRIES PVT LTD-NEPAL,SAGUN ULTRA ,SAGUN ULTRA/XL WINGS/6 PADS/PPH,65.0,PPH,6 PADS,,1669353653545-a-g- health industries pvt ltd-nepal-sagun ultra #3.png,RECODING,5.0,9.0,99764623,166.3701934814453,132.0,A.G. HEALTH INDUSTRIES PVT LTD-NEPAL,SAGUN BABY,SAGUN BABY POKO PANTS,SAGUN BABY POKO PANTS-LARGE(L) PPH 4 NOS,PLPCH,4.000 NO,,,4.0,NO,100.0
32,2022-11-26 00:00:00,202211.0,124654335.0,1669353653545.0,99764407.0,116.0,A.G. HEALTH INDUSTRIES PVT LTD-NEPAL,SAGUN ULTRA ,SAGUN ULTRA/XL WINGS/6 PADS/PPH,65.0,PPH,6 PADS,,1669353653545-a-g- health industries pvt ltd-nepal-sagun ultra #3.png,RECODING,5.0,10.0,99762656,166.82373046875,132.0,A.G. HEALTH INDUSTRIES PVT LTD-NEPAL,SAGUN BABY,SAGUN BABY POKO PANTS,SAGUN BABY POKO PANTS-MEDIUM(M) PPH 4 NOS,PLPCH,4.000 NO,,,4.0,NO,80.0
33,2022-11-26 00:00:00,202211.0,124620444.0,1669360725092.0,99764411.0,132.0,PROCTER & GAMBLE - INDIA,PAMPERS ALL NIGHT ,PAMPERS ALL NIGHT/LARGE/23 PANTS/PPH,640.0,PPH,23 PANTS,,1669360725092-procter - gamble - india-pampers all night #3.png,RECODING,5.0,1.0,99764262,117.95999908447266,132.0,PROCTER & GAMBLE - INDIA,PAMPERS,PAMPERS,PAMPERS-HAPPY SKIN PANTS-LARGE(L)PPH 7 NOS,PLPCH,7.000 NO,,,7.0,NO,160.0
33,2022-11-26 00:00:00,202211.0,124620444.0,1669360725092.0,99764411.0,132.0,PROCTER & GAMBLE - INDIA,PAMPERS ALL NIGHT ,PAMPERS ALL NIGHT/LARGE/23 PANTS/PPH,640.0,PPH,23 PANTS,,1669360725092-procter - gamble - india-pampers all night #3.png,RECODING,5.0,2.0,99762693,120.01927947998047,132.0,PROCTER & GAMBLE - INDIA,PAMPERS,PAMPERS,PAMPERS-HAPPY SKIN PANTS-LARGE(L)PPH 4 NOS,PLPCH,4.000 NO,,,4.0,NO,90.0
33,2022-11-26 00:00:00,202211.0,124620444.0,1669360725092.0,99764411.0,132.0,PROCTER & GAMBLE - INDIA,PAMPERS ALL NIGHT ,PAMPERS ALL NIGHT/LARGE/23 PANTS/PPH,640.0,PPH,23 PANTS,,1669360725092-procter - gamble - india-pampers all night #3.png,RECODING,5.0,3.0,99764771,122.98041534423828,132.0,PROCTER & GAMBLE - INDIA,PAMPERS,PAMPERS,PAMPERS-HAPPY SKIN PANTS-SMALL(S)PPH 10 NOS,PLPCH,10.000 NO,,,10.0,NO,160.0
33,2022-11-26 00:00:00,202211.0,124620444.0,1669360725092.0,99764411.0,132.0,PROCTER & GAMBLE - INDIA,PAMPERS ALL NIGHT ,PAMPERS ALL NIGHT/LARGE/23 PANTS/PPH,640.0,PPH,23 PANTS,,1669360725092-procter - gamble - india-pampers all night #3.png,RECODING,5.0,4.0,99764524,124.809814453125,132.0,PROCTER & GAMBLE - INDIA,PAMPERS,PAMPERS,PAMPERS-HAPPY SKIN PANTS-MEDIUM(M)PPH 8 NOS,PLPCH,8.000 NO,,,8.0,NO,160.0
33,2022-11-26 00:00:00,202211.0,124620444.0,1669360725092.0,99764411.0,132.0,PROCTER & GAMBLE - INDIA,PAMPERS ALL NIGHT ,PAMPERS ALL NIGHT/LARGE/23 PANTS/PPH,640.0,PPH,23 PANTS,,1669360725092-procter - gamble - india-pampers all night #3.png,RECODING,5.0,5.0,99764411,124.8577651977539,132.0,PROCTER & GAMBLE - INDIA,PAMPERS,PAMPERS,PAMPERS-ALL ROUND PROTECTION-LARGE(L)PPH 23 NOS,PLPCH,23.000 NO,,,23.0,NO,640.0
33,2022-11-26 00:00:00,202211.0,124620444.0,1669360725092.0,99764411.0,132.0,PROCTER & GAMBLE - INDIA,PAMPERS ALL NIGHT ,PAMPERS ALL NIGHT/LARGE/23 PANTS/PPH,640.0,PPH,23 PANTS,,1669360725092-procter - gamble - india-pampers all night #3.png,RECODING,5.0,6.0,99762763,125.03662872314453,132.0,PROCTER & GAMBLE - INDIA,PAMPERS,PAMPERS,PAMPERS-HAPPY SKIN PANTS-SMALL(S)PPH 4 NOS,PLPCH,4.000 NO,,,4.0,NO,65.0
33,2022-11-26 00:00:00,202211.0,124620444.0,1669360725092.0,99764411.0,132.0,PROCTER & GAMBLE - INDIA,PAMPERS ALL NIGHT ,PAMPERS ALL NIGHT/LARGE/23 PANTS/PPH,640.0,PPH,23 PANTS,,1669360725092-procter - gamble - india-pampers all night #3.png,RECODING,5.0,7.0,99762692,125.41869354248047,132.0,PROCTER & GAMBLE - INDIA,PAMPERS,PAMPERS,PAMPERS-HAPPY SKIN PANTS-MEDIUM(M)PPH 4 NOS,PLPCH,4.000 NO,,,4.0,NO,80.0
33,2022-11-26 00:00:00,202211.0,124620444.0,1669360725092.0,99764411.0,132.0,PROCTER & GAMBLE - INDIA,PAMPERS ALL NIGHT ,PAMPERS ALL NIGHT/LARGE/23 PANTS/PPH,640.0,PPH,23 PANTS,,1669360725092-procter - gamble - india-pampers all night #3.png,RECODING,5.0,8.0,99763117,126.99028015136719,132.0,PROCTER & GAMBLE - INDIA,PAMPERS,PAMPERS,PAMPERS-ALL ROUND PROTECTION-MEDIUM(M)PPH 26 NOS,PLPCH,26.000 NO,,,26.0,NO,600.0
33,2022-11-26 00:00:00,202211.0,124620444.0,1669360725092.0,99764411.0,132.0,PROCTER & GAMBLE - INDIA,PAMPERS ALL NIGHT ,PAMPERS ALL NIGHT/LARGE/23 PANTS/PPH,640.0,PPH,23 PANTS,,1669360725092-procter - gamble - india-pampers all night #3.png,RECODING,5.0,9.0,99762583,128.11566162109375,132.0,PROCTER & GAMBLE - INDIA,PAMPERS,PAMPERS,PAMPERS-ALL ROUND PROTECTION-EXTRA LARGE(XL)PPH 56 NOS,PLPCH,56.000 NO,,,56.0,NO,1840.0
33,2022-11-26 00:00:00,202211.0,124620444.0,1669360725092.0,99764411.0,132.0,PROCTER & GAMBLE - INDIA,PAMPERS ALL NIGHT ,PAMPERS ALL NIGHT/LARGE/23 PANTS/PPH,640.0,PPH,23 PANTS,,1669360725092-procter - gamble - india-pampers all night #3.png,RECODING,5.0,10.0,99762793,130.58883666992188,132.0,PROCTER & GAMBLE - INDIA,PAMPERS,PAMPERS,PAMPERS-BABY DRY PANTS-LARGE(L)PPH 7 NOS,PLPCH,7.000 NO,,,7.0,NO,200.0
34,2022-11-27 00:00:00,202211.0,124902886.0,1669536314115.0,99764412.0,106.0,NAAMDEV FOOD PRODUCTS-INDIA ,SARDAR,SARDAR DELICIOUS/FRUIT LOLLY POP/10GM/PPH,5.0,PPH,10GM,,1669536314115-naamdev food products-india -sardar#3.png,RECODING,5.0,1.0,99764412,114.05059814453125,106.0,NAAMDEV FOOD PRODUCT-INDIA,SARDAR,SARDAR LOLLYPOP,SARDAR LOLLYPOP- FRUIT EWP 10 GM,EWRPK,10.000 GM,FRUIT,,10.0,GM,5.0
34,2022-11-27 00:00:00,202211.0,124902886.0,1669536314115.0,99764412.0,106.0,NAAMDEV FOOD PRODUCTS-INDIA ,SARDAR,SARDAR DELICIOUS/FRUIT LOLLY POP/10GM/PPH,5.0,PPH,10GM,,1669536314115-naamdev food products-india -sardar#3.png,RECODING,5.0,2.0,99763008,190.13397216796875,106.0,DURGA CONFECTIONERY-INDIA,MONARKO,MONARKO FRUITO POP,MONARKO FRUITO POP-FRUIT LOLLIPOP PPH 10 GM,PLPCH,10.000 GM,FRUIT,,10.0,GM,5.0
34,2022-11-27 00:00:00,202211.0,124902886.0,1669536314115.0,99764412.0,106.0,NAAMDEV FOOD PRODUCTS-INDIA ,SARDAR,SARDAR DELICIOUS/FRUIT LOLLY POP/10GM/PPH,5.0,PPH,10GM,,1669536314115-naamdev food products-india -sardar#3.png,RECODING,5.0,3.0,99764557,190.3622589111328,106.0,MAA BARADEVI NAMKEEN BHANDAR-INDIA ,PAAWAN,PAAWAN CREXY POP,PAAWAN CREXY POP-FRUIT LOLLIPOP PCN 700 GM,PLJAR,700.000 GM,FRUIT,,700.0,GM,120.0
34,2022-11-27 00:00:00,202211.0,124902886.0,1669536314115.0,99764412.0,106.0,NAAMDEV FOOD PRODUCTS-INDIA ,SARDAR,SARDAR DELICIOUS/FRUIT LOLLY POP/10GM/PPH,5.0,PPH,10GM,,1669536314115-naamdev food products-india -sardar#3.png,RECODING,5.0,4.0,99764722,190.95205688476562,106.0,DURGA CONFECTIONERY-INDIA,MONARKO,MONARKO FRUITO POP,MONARKO FRUITO POP-FRUIT LOLLIPOP PPH 500 GM,PLPCH,500.000 GM,FRUIT,,500.0,GM,200.0
34,2022-11-27 00:00:00,202211.0,124902886.0,1669536314115.0,99764412.0,106.0,NAAMDEV FOOD PRODUCTS-INDIA ,SARDAR,SARDAR DELICIOUS/FRUIT LOLLY POP/10GM/PPH,5.0,PPH,10GM,,1669536314115-naamdev food products-india -sardar#3.png,RECODING,5.0,5.0,99764155,194.09793090820312,106.0,MAYUR FOOD INDUSTRIES-INDIA,FAIRY,FAIRY FRUIT LOLLYPOP,FAIRY FRUIT LOLLYPOP-FRUIT EWP 10 GM,EWRPK,10.000 GM,FRUIT,,10.0,GM,5.0
34,2022-11-27 00:00:00,202211.0,124902886.0,1669536314115.0,99764412.0,106.0,NAAMDEV FOOD PRODUCTS-INDIA ,SARDAR,SARDAR DELICIOUS/FRUIT LOLLY POP/10GM/PPH,5.0,PPH,10GM,,1669536314115-naamdev food products-india -sardar#3.png,RECODING,5.0,6.0,48469,195.62606811523438,106.0,DELITE FOOD PROD-INDIA,REAL,REAL,REAL-FRESH FRUIT PPH 3 GM,PLPCH,3.000 GM,FRUIT,,3.0,GM,0.0
34,2022-11-27 00:00:00,202211.0,124902886.0,1669536314115.0,99764412.0,106.0,NAAMDEV FOOD PRODUCTS-INDIA ,SARDAR,SARDAR DELICIOUS/FRUIT LOLLY POP/10GM/PPH,5.0,PPH,10GM,,1669536314115-naamdev food products-india -sardar#3.png,RECODING,5.0,7.0,99764140,198.43861389160156,106.0,AMRIT CONFECTIONERY-INDIA,AMRIT,AMRIT MAST CHATPATI CANDY,AMRIT MAST CHATPATI CANDY-PPH 3 GM,PLPCH,3.000 GM,UNSPECIFIED,,3.0,GM,1.0
34,2022-11-27 00:00:00,202211.0,124902886.0,1669536314115.0,99764412.0,106.0,NAAMDEV FOOD PRODUCTS-INDIA ,SARDAR,SARDAR DELICIOUS/FRUIT LOLLY POP/10GM/PPH,5.0,PPH,10GM,,1669536314115-naamdev food products-india -sardar#3.png,RECODING,5.0,8.0,47821,201.23533630371094,106.0,HASHEM FOODS LTD-BANGLADESH,SAJEEB,SAJEEB,SAJEEB-LOLLI POP ORANGE PPH 10 GM,EWRPK,10.000 GM,ORANGE,,10.0,GM,0.0
34,2022-11-27 00:00:00,202211.0,124902886.0,1669536314115.0,99764412.0,106.0,NAAMDEV FOOD PRODUCTS-INDIA ,SARDAR,SARDAR DELICIOUS/FRUIT LOLLY POP/10GM/PPH,5.0,PPH,10GM,,1669536314115-naamdev food products-india -sardar#3.png,RECODING,5.0,9.0,47459,201.42579650878906,106.0,MAHADEV FOODZ-INDIA,AASSTHA,AASSTHA,AASSTHA-MEETHA PAN PPH 4 GM,PLPCH,4.000 GM,PAAN,,4.0,GM,0.0
34,2022-11-27 00:00:00,202211.0,124902886.0,1669536314115.0,99764412.0,106.0,NAAMDEV FOOD PRODUCTS-INDIA ,SARDAR,SARDAR DELICIOUS/FRUIT LOLLY POP/10GM/PPH,5.0,PPH,10GM,,1669536314115-naamdev food products-india -sardar#3.png,RECODING,5.0,10.0,99762773,201.82484436035156,106.0,RAJA FOOD INDUSTRIES-INDIA,DURGA,DURGA BIG POP LOLLIPOP,DURGA BIG POP LOLLIPOP-EWP 10 GM,EWRPK,10.000 GM,UNSPECIFIED,,10.0,GM,5.0
35,2022-11-27 00:00:00,202211.0,124769721.0,1669526396877.0,99764417.0,132.0,BRAJESHWORI INDUSTRIES-NEPAL,NYANO BABY PULL UP PANTS,NYANO BABY PULL UP PANTS/LARGE/4 PANTS/PPH,100.0,PPH,4 PANTS ,,1669526396877-brajeshwori industries-nepal-nyano baby pull up pants#3.png,RECODING,5.0,1.0,99763025,92.10057067871094,132.0,BRAJESHWORI INDUSTRIES-NEPAL,NYANO,NYANO BABY PULL UP PANTS,NYANO BABY PULL UP PANTS-SMALL(S) PPH 5 NOS,PLPCH,5.000 NO,,,5.0,NO,100.0
35,2022-11-27 00:00:00,202211.0,124769721.0,1669526396877.0,99764417.0,132.0,BRAJESHWORI INDUSTRIES-NEPAL,NYANO BABY PULL UP PANTS,NYANO BABY PULL UP PANTS/LARGE/4 PANTS/PPH,100.0,PPH,4 PANTS ,,1669526396877-brajeshwori industries-nepal-nyano baby pull up pants#3.png,RECODING,5.0,2.0,99763587,93.91551208496094,132.0,BRAJESHWORI INDUSTRIES-NEPAL,NYANO,NYANO BABY PULL UP PANTS,NYANO BABY PULL UP PANTS-LARGE(L) PPH 5 NOS,PLPCH,5.000 NO,,,5.0,NO,100.0
35,2022-11-27 00:00:00,202211.0,124769721.0,1669526396877.0,99764417.0,132.0,BRAJESHWORI INDUSTRIES-NEPAL,NYANO BABY PULL UP PANTS,NYANO BABY PULL UP PANTS/LARGE/4 PANTS/PPH,100.0,PPH,4 PANTS ,,1669526396877-brajeshwori industries-nepal-nyano baby pull up pants#3.png,RECODING,5.0,3.0,99763208,94.76364135742188,132.0,BRAJESHWORI INDUSTRIES-NEPAL,NYANO,NYANO BABY PULL UP PANTS,NYANO BABY PULL UP PANTS-MEDIUM(M) PPH 5 NOS,PLPCH,5.000 NO,,,5.0,NO,100.0
35,2022-11-27 00:00:00,202211.0,124769721.0,1669526396877.0,99764417.0,132.0,BRAJESHWORI INDUSTRIES-NEPAL,NYANO BABY PULL UP PANTS,NYANO BABY PULL UP PANTS/LARGE/4 PANTS/PPH,100.0,PPH,4 PANTS ,,1669526396877-brajeshwori industries-nepal-nyano baby pull up pants#3.png,RECODING,5.0,4.0,99764417,95.96348571777344,132.0,BRAJESHWORI INDUSTRIES-NEPAL,NYANO,NYANO BABY PULL UP PANTS,NYANO BABY PULL UP PANTS-LARGE(L) PPH 4 NOS,PLPCH,4.000 NO,,,4.0,NO,100.0
35,2022-11-27 00:00:00,202211.0,124769721.0,1669526396877.0,99764417.0,132.0,BRAJESHWORI INDUSTRIES-NEPAL,NYANO BABY PULL UP PANTS,NYANO BABY PULL UP PANTS/LARGE/4 PANTS/PPH,100.0,PPH,4 PANTS ,,1669526396877-brajeshwori industries-nepal-nyano baby pull up pants#3.png,RECODING,5.0,5.0,99764738,100.67550659179688,132.0,BRAJESHWORI INDUSTRIES-NEPAL,NYANO,NYANO BABY PULL UP PANTS,NYANO BABY PULL UP PANTS-EXTRA LARGE(XL) PPH 4 NOS,PLPCH,4.000 NO,,,4.0,NO,100.0
35,2022-11-27 00:00:00,202211.0,124769721.0,1669526396877.0,99764417.0,132.0,BRAJESHWORI INDUSTRIES-NEPAL,NYANO BABY PULL UP PANTS,NYANO BABY PULL UP PANTS/LARGE/4 PANTS/PPH,100.0,PPH,4 PANTS ,,1669526396877-brajeshwori industries-nepal-nyano baby pull up pants#3.png,RECODING,5.0,6.0,99763075,138.25711059570312,132.0,BRAJESHWORI INDUSTRIES-NEPAL,TENDER TOUCH,TENDER TOUCH BABY PULL UP PANTS,TENDER TOUCH BABY PULL UP PANTS-LARGE(L) PPH 5 NOS,PLPCH,5.000 NO,,,5.0,NO,100.0
35,2022-11-27 00:00:00,202211.0,124769721.0,1669526396877.0,99764417.0,132.0,BRAJESHWORI INDUSTRIES-NEPAL,NYANO BABY PULL UP PANTS,NYANO BABY PULL UP PANTS/LARGE/4 PANTS/PPH,100.0,PPH,4 PANTS ,,1669526396877-brajeshwori industries-nepal-nyano baby pull up pants#3.png,RECODING,5.0,7.0,99763184,139.91787719726562,132.0,BRAJESHWORI INDUSTRIES-NEPAL,TENDER TOUCH,TENDER TOUCH BABY PULL UP PANTS,TENDER TOUCH BABY PULL UP PANTS-SMALL(S) PPH 5 NOS,PLPCH,5.000 NO,,,5.0,NO,100.0
35,2022-11-27 00:00:00,202211.0,124769721.0,1669526396877.0,99764417.0,132.0,BRAJESHWORI INDUSTRIES-NEPAL,NYANO BABY PULL UP PANTS,NYANO BABY PULL UP PANTS/LARGE/4 PANTS/PPH,100.0,PPH,4 PANTS ,,1669526396877-brajeshwori industries-nepal-nyano baby pull up pants#3.png,RECODING,5.0,8.0,99763183,140.56967163085938,132.0,BRAJESHWORI INDUSTRIES-NEPAL,TENDER TOUCH,TENDER TOUCH BABY PULL UP PANTS,TENDER TOUCH BABY PULL UP PANTS-MEDIUM(M) PPH 5 NOS,PLPCH,5.000 NO,,,5.0,NO,100.0
35,2022-11-27 00:00:00,202211.0,124769721.0,1669526396877.0,99764417.0,132.0,BRAJESHWORI INDUSTRIES-NEPAL,NYANO BABY PULL UP PANTS,NYANO BABY PULL UP PANTS/LARGE/4 PANTS/PPH,100.0,PPH,4 PANTS ,,1669526396877-brajeshwori industries-nepal-nyano baby pull up pants#3.png,RECODING,5.0,9.0,99762960,166.55563354492188,132.0,A.G. HEALTH INDUSTRIES PVT LTD-NEPAL,SAGUN BABY,SAGUN BABY POKO PANTS,SAGUN BABY POKO PANTS-MEDIUM(M) PPH 36 NOS,PLPCH,36.000 NO,,,36.0,NO,800.0
35,2022-11-27 00:00:00,202211.0,124769721.0,1669526396877.0,99764417.0,132.0,BRAJESHWORI INDUSTRIES-NEPAL,NYANO BABY PULL UP PANTS,NYANO BABY PULL UP PANTS/LARGE/4 PANTS/PPH,100.0,PPH,4 PANTS ,,1669526396877-brajeshwori industries-nepal-nyano baby pull up pants#3.png,RECODING,5.0,10.0,99763456,167.8168487548828,132.0,A.G. HEALTH INDUSTRIES PVT LTD-NEPAL,SAGUN BABY,SAGUN BABY POKO PANTS,SAGUN BABY POKO PANTS-SMALL(S) PPH 42 NOS,PLPCH,42.000 NO,,,42.0,NO,800.0
36,2022-11-27 00:00:00,202211.0,124769721.0,1669527184225.0,99764414.0,123.0,SHIVANI DETERGENTS-INDIA,SARGAM SHINE,SARGAM SHINE/115GM/PPH,16.0,PPH,115GM ,,1669527184225-shivani detergents-india-sargam shine#3.png,RECODING,5.0,1.0,99764414,100.4973373413086,123.0,SHIVANI DETERGENTS-INDIA,SARGAM,SARGAM SHINE,SARGAM SHINE-PPH 115 GM,PLPCH,115.000 GM,,,115.0,GM,16.0
36,2022-11-27 00:00:00,202211.0,124769721.0,1669527184225.0,99764414.0,123.0,SHIVANI DETERGENTS-INDIA,SARGAM SHINE,SARGAM SHINE/115GM/PPH,16.0,PPH,115GM ,,1669527184225-shivani detergents-india-sargam shine#3.png,RECODING,5.0,2.0,48723,106.250244140625,123.0,SHIVANI DETERGENTS-INDIA,SARGAM,SARGAM SHINE,SARGAM SHINE-PPH 90 GM+10 GM FREE,PLPCH,90.000 GM,,,100.0,GM,0.0
36,2022-11-27 00:00:00,202211.0,124769721.0,1669527184225.0,99764414.0,123.0,SHIVANI DETERGENTS-INDIA,SARGAM SHINE,SARGAM SHINE/115GM/PPH,16.0,PPH,115GM ,,1669527184225-shivani detergents-india-sargam shine#3.png,RECODING,5.0,3.0,99763324,107.34515380859375,123.0,SHIVANI DETERGENTS-INDIA,SARGAM,SARGAM SHINE,SARGAM SHINE-PPH 80 GM+10 GM FREE,PLPCH,80.000 GM,,,90.0,GM,8.0
36,2022-11-27 00:00:00,202211.0,124769721.0,1669527184225.0,99764414.0,123.0,SHIVANI DETERGENTS-INDIA,SARGAM SHINE,SARGAM SHINE/115GM/PPH,16.0,PPH,115GM ,,1669527184225-shivani detergents-india-sargam shine#3.png,RECODING,5.0,4.0,99763104,108.10065460205078,123.0,SHIVANI DETERGENTS-INDIA,SARGAM,SARGAM SHINE,SARGAM SHINE-PPH 65 GM+10 GM FREE,PLPCH,65.000 GM,,,75.0,GM,10.0
36,2022-11-27 00:00:00,202211.0,124769721.0,1669527184225.0,99764414.0,123.0,SHIVANI DETERGENTS-INDIA,SARGAM SHINE,SARGAM SHINE/115GM/PPH,16.0,PPH,115GM ,,1669527184225-shivani detergents-india-sargam shine#3.png,RECODING,5.0,5.0,99763870,116.9803695678711,123.0,SHIVANI DETERGENTS-INDIA,SARGAM,SARGAM SHINE,SARGAM SHINE-PPH 150 GM+BUY 3 GET 1 FREE,PLPCH,150.000 GM,,,600.0,GM,60.0
36,2022-11-27 00:00:00,202211.0,124769721.0,1669527184225.0,99764414.0,123.0,SHIVANI DETERGENTS-INDIA,SARGAM SHINE,SARGAM SHINE/115GM/PPH,16.0,PPH,115GM ,,1669527184225-shivani detergents-india-sargam shine#3.png,RECODING,5.0,6.0,99763325,121.36030578613281,123.0,SHIVANI DETERGENTS-INDIA,SARGAM,SARGAM SHINE,SARGAM SHINE-PPH 125 GM+BUY 3 GET 1 FREE,PLPCH,125.000 GM,,,500.0,GM,77.0
36,2022-11-27 00:00:00,202211.0,124769721.0,1669527184225.0,99764414.0,123.0,SHIVANI DETERGENTS-INDIA,SARGAM SHINE,SARGAM SHINE/115GM/PPH,16.0,PPH,115GM ,,1669527184225-shivani detergents-india-sargam shine#3.png,RECODING,5.0,7.0,47739,124.42296600341797,123.0,SHIVANI DETERGENTS-INDIA,SARGAM,SARGAM PLUS,SARGAM PLUS-PPH 120 GM+30 GM FREE,PLPCH,120.000 GM,,,150.0,GM,0.0
36,2022-11-27 00:00:00,202211.0,124769721.0,1669527184225.0,99764414.0,123.0,SHIVANI DETERGENTS-INDIA,SARGAM SHINE,SARGAM SHINE/115GM/PPH,16.0,PPH,115GM ,,1669527184225-shivani detergents-india-sargam shine#3.png,RECODING,5.0,8.0,99764911,125.35070037841797,123.0,SHIVANI DETERGENTS-INDIA,SARGAM,SARGAM PLUS,SARGAM PLUS-PPH 300 GM,PLPCH,300.000 GM,,,300.0,GM,27.0
36,2022-11-27 00:00:00,202211.0,124769721.0,1669527184225.0,99764414.0,123.0,SHIVANI DETERGENTS-INDIA,SARGAM SHINE,SARGAM SHINE/115GM/PPH,16.0,PPH,115GM ,,1669527184225-shivani detergents-india-sargam shine#3.png,RECODING,5.0,9.0,99763978,125.68855285644531,123.0,SHIVANI DETERGENTS-INDIA,SARGAM,SARGAM PLUS,SARGAM PLUS-PPH 150 GM+50 GM FREE,PLPCH,150.000 GM,,,200.0,GM,20.0
36,2022-11-27 00:00:00,202211.0,124769721.0,1669527184225.0,99764414.0,123.0,SHIVANI DETERGENTS-INDIA,SARGAM SHINE,SARGAM SHINE/115GM/PPH,16.0,PPH,115GM ,,1669527184225-shivani detergents-india-sargam shine#3.png,RECODING,5.0,10.0,99764410,126.9428939819336,123.0,SHIVANI DETERGENTS-INDIA,SARGAM,SARGAM PLUS,SARGAM PLUS-PPH 75 GM+25 GM FREE,PLPCH,75.000 GM,,,100.0,GM,8.0
37,2022-11-27 00:00:00,202211.0,128416572.0,1669534204003.0,99764397.0,117.0,UNILEVER NEPAL LTD-NEPAL,DOVE,DOVE NUTRITIVE SOLUTIONS-HAIR FALL RESCUE PPH 6.5ML,4.0,PPH,6.5ML,,1669534204003-unilever nepal ltd-nepal-dove#3.png,RECODING,5.0,1.0,99764397,97.6315689086914,117.0,UNILEVER NEPAL LTD-NEPAL,DOVE,DOVE NUTRITIVE SOLUTIONS,DOVE NUTRITIVE SOLUTIONS-HAIR FALL RESCUE COND SCT 6.5 ML,PLSCH,6.500 ML,,,6.5,ML,4.0
37,2022-11-27 00:00:00,202211.0,128416572.0,1669534204003.0,99764397.0,117.0,UNILEVER NEPAL LTD-NEPAL,DOVE,DOVE NUTRITIVE SOLUTIONS-HAIR FALL RESCUE PPH 6.5ML,4.0,PPH,6.5ML,,1669534204003-unilever nepal ltd-nepal-dove#3.png,RECODING,5.0,2.0,53244,98.97015380859375,117.0,UNILEVER NEPAL LTD-NEPAL,DOVE,DOVE NUTRITIVE SOLUTIONS,DOVE NUTRITIVE SOLUTIONS-HAIR FALL RESCUE COND SCT 6 ML,PLSCH,6.000 ML,,,6.0,ML,0.0
37,2022-11-27 00:00:00,202211.0,128416572.0,1669534204003.0,99764397.0,117.0,UNILEVER NEPAL LTD-NEPAL,DOVE,DOVE NUTRITIVE SOLUTIONS-HAIR FALL RESCUE PPH 6.5ML,4.0,PPH,6.5ML,,1669534204003-unilever nepal ltd-nepal-dove#3.png,RECODING,5.0,3.0,51745,99.41377258300781,117.0,UNILEVER NEPAL LTD-NEPAL,DOVE,DOVE NUTRITIVE SOLUTIONS,DOVE NUTRITIVE SOLUTIONS-HAIR FALL RESCUE SCT 5.5 ML,PLSCH,5.500 ML,,,5.5,ML,0.0
37,2022-11-27 00:00:00,202211.0,128416572.0,1669534204003.0,99764397.0,117.0,UNILEVER NEPAL LTD-NEPAL,DOVE,DOVE NUTRITIVE SOLUTIONS-HAIR FALL RESCUE PPH 6.5ML,4.0,PPH,6.5ML,,1669534204003-unilever nepal ltd-nepal-dove#3.png,RECODING,5.0,4.0,54344,100.89213562011719,117.0,UNILEVER NEPAL LTD-NEPAL,DOVE,DOVE NUTRITIVE SOLUTIONS,DOVE NUTRITIVE SOLUTIONS-HAIR FALL RESCUE COND SCT 7 ML,PLSCH,7.000 ML,,,7.0,ML,0.0
37,2022-11-27 00:00:00,202211.0,128416572.0,1669534204003.0,99764397.0,117.0,UNILEVER NEPAL LTD-NEPAL,DOVE,DOVE NUTRITIVE SOLUTIONS-HAIR FALL RESCUE PPH 6.5ML,4.0,PPH,6.5ML,,1669534204003-unilever nepal ltd-nepal-dove#3.png,RECODING,5.0,5.0,46616,105.18791198730469,117.0,UNILEVER NEPAL LTD-NEPAL,DOVE,DOVE NUTRITIVE SOLUTIONS,DOVE NUTRITIVE SOLUTIONS-HAIR FALL RESCUE PBT 175 ML,PLBOT,175.000 ML,,,175.0,ML,0.0
37,2022-11-27 00:00:00,202211.0,128416572.0,1669534204003.0,99764397.0,117.0,UNILEVER NEPAL LTD-NEPAL,DOVE,DOVE NUTRITIVE SOLUTIONS-HAIR FALL RESCUE PPH 6.5ML,4.0,PPH,6.5ML,,1669534204003-unilever nepal ltd-nepal-dove#3.png,RECODING,5.0,6.0,53245,107.11522674560547,117.0,UNILEVER NEPAL LTD-NEPAL,DOVE,DOVE NUTRITIVE SOLUTIONS,DOVE NUTRITIVE SOLUTIONS-SHAMPO HAIR FALL RESCUE SCT 6 ML,PLSCH,6.000 ML,,,6.0,ML,0.0
37,2022-11-27 00:00:00,202211.0,128416572.0,1669534204003.0,99764397.0,117.0,UNILEVER NEPAL LTD-NEPAL,DOVE,DOVE NUTRITIVE SOLUTIONS-HAIR FALL RESCUE PPH 6.5ML,4.0,PPH,6.5ML,,1669534204003-unilever nepal ltd-nepal-dove#3.png,RECODING,5.0,7.0,99762501,123.9014663696289,117.0,UNILEVER NEPAL LTD-NEPAL,DOVE,DOVE CONDITIONER,DOVE-HAIR FALL RESCUE CONDI. PBT 320 ML,PLBOT,320.000 ML,,,320.0,ML,300.0
37,2022-11-27 00:00:00,202211.0,128416572.0,1669534204003.0,99764397.0,117.0,UNILEVER NEPAL LTD-NEPAL,DOVE,DOVE NUTRITIVE SOLUTIONS-HAIR FALL RESCUE PPH 6.5ML,4.0,PPH,6.5ML,,1669534204003-unilever nepal ltd-nepal-dove#3.png,RECODING,5.0,8.0,48371,134.53570556640625,117.0,UNILEVER NEPAL LTD-NEPAL,DOVE,DOVE HAIR THRPY HR FAL RSCUE,DOVE HAIR THRPY HR FAL RSCUE-SCT 4.14ML+20%[0.86],PLSCH,4.140 ML,,,5.0,ML,0.0
37,2022-11-27 00:00:00,202211.0,128416572.0,1669534204003.0,99764397.0,117.0,UNILEVER NEPAL LTD-NEPAL,DOVE,DOVE NUTRITIVE SOLUTIONS-HAIR FALL RESCUE PPH 6.5ML,4.0,PPH,6.5ML,,1669534204003-unilever nepal ltd-nepal-dove#3.png,RECODING,5.0,9.0,46116,136.29788208007812,117.0,UNILEVER NEPAL LTD-NEPAL,DOVE,DOVE HAIR THRPY HR FAL RSCUE,DOVE HAIR THRPY HR FAL RSCUE-SCT 4.14ML+32%[1.36],PLSCH,4.140 ML,,,5.5,ML,0.0
37,2022-11-27 00:00:00,202211.0,128416572.0,1669534204003.0,99764397.0,117.0,UNILEVER NEPAL LTD-NEPAL,DOVE,DOVE NUTRITIVE SOLUTIONS-HAIR FALL RESCUE PPH 6.5ML,4.0,PPH,6.5ML,,1669534204003-unilever nepal ltd-nepal-dove#3.png,RECODING,5.0,10.0,47615,139.49700927734375,117.0,UNILEVER NEPAL LTD-NEPAL,DOVE,DOVE HAIR THRPY HR FAL RSCUE,DOVE HAIR THRPY HR FAL RSCUE-SCT 5 ML,PLSCH,5.000 ML,,,5.0,ML,0.0
38,2022-11-27 00:00:00,202211.0,112782215.0,1669540196970.0,99764413.0,122.0,B.&D SURF UDHYOG,MHAYKHA,MHAYKHA MULTI FUNCTION DETERGENT POWDER/PPH/200GM/B.&D SURF UDHYOG,20.0,PPH,200GM,,1669540196970-b--d surf udhyog-mhaykha#3.png,RECODING,5.0,1.0,99764413,104.8126220703125,122.0,B & D SURF UDHYOG-NEPAL,MHAYKHA,MHAYKHA,MHAYKHA-MULTI FUNCTION DETERGENT POWDER PPH 200 GM,PLPCH,200.000 GM,,,200.0,GM,20.0
38,2022-11-27 00:00:00,202211.0,112782215.0,1669540196970.0,99764413.0,122.0,B.&D SURF UDHYOG,MHAYKHA,MHAYKHA MULTI FUNCTION DETERGENT POWDER/PPH/200GM/B.&D SURF UDHYOG,20.0,PPH,200GM,,1669540196970-b--d surf udhyog-mhaykha#3.png,RECODING,5.0,2.0,99764134,134.15548706054688,122.0,HARI HARI MAI SURF UDHYOG-NP,AAGAN,AAGAN,AAGAN-OXIPOWER DETERGENT POWDER PPH 3000 GM,PLPCH,3000.000 GM,,,3000.0,GM,290.0
38,2022-11-27 00:00:00,202211.0,112782215.0,1669540196970.0,99764413.0,122.0,B.&D SURF UDHYOG,MHAYKHA,MHAYKHA MULTI FUNCTION DETERGENT POWDER/PPH/200GM/B.&D SURF UDHYOG,20.0,PPH,200GM,,1669540196970-b--d surf udhyog-mhaykha#3.png,RECODING,5.0,3.0,99763676,138.542724609375,122.0,HARI HARI MAI SURF UDHYOG-NP,AAGAN,AAGAN,AAGAN-OXIPOWER DETERGENT POWDER PPH 1000 GM,PLPCH,1000.000 GM,,,1000.0,GM,100.0
38,2022-11-27 00:00:00,202211.0,112782215.0,1669540196970.0,99764413.0,122.0,B.&D SURF UDHYOG,MHAYKHA,MHAYKHA MULTI FUNCTION DETERGENT POWDER/PPH/200GM/B.&D SURF UDHYOG,20.0,PPH,200GM,,1669540196970-b--d surf udhyog-mhaykha#3.png,RECODING,5.0,4.0,93023084,169.85589599609375,122.0,ULTRA DETERGENT POWDER-NEPAL,SUN,SUN,SUN-PPH 1000 GMS,PLPCH,1000.000 GM,,,1000.0,GM,0.0
38,2022-11-27 00:00:00,202211.0,112782215.0,1669540196970.0,99764413.0,122.0,B.&D SURF UDHYOG,MHAYKHA,MHAYKHA MULTI FUNCTION DETERGENT POWDER/PPH/200GM/B.&D SURF UDHYOG,20.0,PPH,200GM,,1669540196970-b--d surf udhyog-mhaykha#3.png,RECODING,5.0,5.0,93023085,171.6221466064453,122.0,ULTRA DETERGENT POWDER-NEPAL,SUN,SUN,SUN-PPH 220 GMS,PLPCH,220.000 GM,,,220.0,GM,0.0
38,2022-11-27 00:00:00,202211.0,112782215.0,1669540196970.0,99764413.0,122.0,B.&D SURF UDHYOG,MHAYKHA,MHAYKHA MULTI FUNCTION DETERGENT POWDER/PPH/200GM/B.&D SURF UDHYOG,20.0,PPH,200GM,,1669540196970-b--d surf udhyog-mhaykha#3.png,RECODING,5.0,6.0,99763145,172.74456787109375,122.0,P.K. SURF PRODUCTS-NEPAL,ANJALI,ANJALI,ANJALI-DETERGENT POWDER PPH 1000 GM,PLPCH,1000.000 GM,,,1000.0,GM,80.0
38,2022-11-27 00:00:00,202211.0,112782215.0,1669540196970.0,99764413.0,122.0,B.&D SURF UDHYOG,MHAYKHA,MHAYKHA MULTI FUNCTION DETERGENT POWDER/PPH/200GM/B.&D SURF UDHYOG,20.0,PPH,200GM,,1669540196970-b--d surf udhyog-mhaykha#3.png,RECODING,5.0,7.0,46238,173.44027709960938,122.0,P.K. SURF PRODUCTS-NEPAL,ANJALI,ANJALI,ANJALI-DETERGENT POWDER PPH 275 GM,PLPCH,275.000 GM,,,275.0,GM,0.0
38,2022-11-27 00:00:00,202211.0,112782215.0,1669540196970.0,99764413.0,122.0,B.&D SURF UDHYOG,MHAYKHA,MHAYKHA MULTI FUNCTION DETERGENT POWDER/PPH/200GM/B.&D SURF UDHYOG,20.0,PPH,200GM,,1669540196970-b--d surf udhyog-mhaykha#3.png,RECODING,5.0,8.0,99763655,178.31515502929688,122.0,HASAN DETERGENT UDHYOG-NEPAL,NAVY,NAVY ACTIVE,NAVY ACTIVE-DETERGENT POWDER PPH 200 GM,PLPCH,200.000 GM,,,200.0,GM,20.0
38,2022-11-27 00:00:00,202211.0,112782215.0,1669540196970.0,99764413.0,122.0,B.&D SURF UDHYOG,MHAYKHA,MHAYKHA MULTI FUNCTION DETERGENT POWDER/PPH/200GM/B.&D SURF UDHYOG,20.0,PPH,200GM,,1669540196970-b--d surf udhyog-mhaykha#3.png,RECODING,5.0,9.0,99764363,180.669921875,122.0,UNILEVER ASIA PTE LTD-VIETNAM,SURF,SURF SUN FRESH,SURF SUN FRESH-DETERGENT POWDER PPH 500 GM,PLPCH,500.000 GM,,,500.0,GM,100.0
38,2022-11-27 00:00:00,202211.0,112782215.0,1669540196970.0,99764413.0,122.0,B.&D SURF UDHYOG,MHAYKHA,MHAYKHA MULTI FUNCTION DETERGENT POWDER/PPH/200GM/B.&D SURF UDHYOG,20.0,PPH,200GM,,1669540196970-b--d surf udhyog-mhaykha#3.png,RECODING,5.0,10.0,93020232,180.8166046142578,122.0,Y & B DETERGENT UDHYOG-NEPAL,SURYA,SURYA,SURYA-LEMON PPH 375 GMS,PLPCH,375.000 GM,,,375.0,GM,0.0
39,2022-11-27 00:00:00,202211.0,112782215.0,1669540409936.0,99763197.0,123.0,PUJA SOAP & HOUSEHOLD PROD-NPL,MOTU,MOTI LAUNDRY SOAP/PPH/200GM,50.0,PPH,200GM,,1669540409936-puja soap - household prod-npl-motu#3.png,CROSS CODING,2.0,1.0,99763677,119.7779541015625,123.0,PUJA SOAP & HOUSEHOLD PROD-NPL,MOTI,MOTI,MOTI-LAUNDRY SOAP PPH 3*167 GM [500GM],PLPCH,167.000 GM,,,500.0,GM,100.0
39,2022-11-27 00:00:00,202211.0,112782215.0,1669540409936.0,99763197.0,123.0,PUJA SOAP & HOUSEHOLD PROD-NPL,MOTU,MOTI LAUNDRY SOAP/PPH/200GM,50.0,PPH,200GM,,1669540409936-puja soap - household prod-npl-motu#3.png,CROSS CODING,2.0,2.0,99763197,120.59700012207031,123.0,PUJA SOAP & HOUSEHOLD PROD-NPL,MOTI,MOTI,MOTI-LAUNDRY SOAP PPH 200 GM,PLPCH,200.000 GM,,,200.0,GM,40.0
39,2022-11-27 00:00:00,202211.0,112782215.0,1669540409936.0,99763197.0,123.0,PUJA SOAP & HOUSEHOLD PROD-NPL,MOTU,MOTI LAUNDRY SOAP/PPH/200GM,50.0,PPH,200GM,,1669540409936-puja soap - household prod-npl-motu#3.png,CROSS CODING,2.0,3.0,51014,131.40203857421875,123.0,PUJA SOAP & HOUSEHOLD PROD-NPL,PUJA ACTIV,PUJA ACTIV,PUJA ACTIV-UNWRP 200 GM,UNWRP,200.000 GM,,,200.0,GM,0.0
39,2022-11-27 00:00:00,202211.0,112782215.0,1669540409936.0,99763197.0,123.0,PUJA SOAP & HOUSEHOLD PROD-NPL,MOTU,MOTI LAUNDRY SOAP/PPH/200GM,50.0,PPH,200GM,,1669540409936-puja soap - household prod-npl-motu#3.png,CROSS CODING,2.0,4.0,48713,132.35787963867188,123.0,PUJA SOAP & HOUSEHOLD PROD-NPL,PUJA,PUJA,PUJA-PPH 210 GM,PLPCH,210.000 GM,,,210.0,GM,0.0
39,2022-11-27 00:00:00,202211.0,112782215.0,1669540409936.0,99763197.0,123.0,PUJA SOAP & HOUSEHOLD PROD-NPL,MOTU,MOTI LAUNDRY SOAP/PPH/200GM,50.0,PPH,200GM,,1669540409936-puja soap - household prod-npl-motu#3.png,CROSS CODING,2.0,5.0,50546,133.8656005859375,123.0,PUJA SOAP & HOUSEHOLD PROD-NPL,PUJA,PUJA,PUJA-PPH 220 GM,PLPCH,220.000 GM,,,220.0,GM,0.0
39,2022-11-27 00:00:00,202211.0,112782215.0,1669540409936.0,99763197.0,123.0,PUJA SOAP & HOUSEHOLD PROD-NPL,MOTU,MOTI LAUNDRY SOAP/PPH/200GM,50.0,PPH,200GM,,1669540409936-puja soap - household prod-npl-motu#3.png,CROSS CODING,2.0,6.0,48712,135.84645080566406,123.0,PUJA SOAP & HOUSEHOLD PROD-NPL,PUJA,PUJA,PUJA-PPH 620 GM,PLPCH,620.000 GM,,,620.0,GM,0.0
39,2022-11-27 00:00:00,202211.0,112782215.0,1669540409936.0,99763197.0,123.0,PUJA SOAP & HOUSEHOLD PROD-NPL,MOTU,MOTI LAUNDRY SOAP/PPH/200GM,50.0,PPH,200GM,,1669540409936-puja soap - household prod-npl-motu#3.png,CROSS CODING,2.0,7.0,50193,136.00003051757812,123.0,PUJA SOAP & HOUSEHOLD PROD-NPL,PUJA,PUJA,PUJA-PPH 600 GM,PLPCH,600.000 GM,,,600.0,GM,0.0
39,2022-11-27 00:00:00,202211.0,112782215.0,1669540409936.0,99763197.0,123.0,PUJA SOAP & HOUSEHOLD PROD-NPL,MOTU,MOTI LAUNDRY SOAP/PPH/200GM,50.0,PPH,200GM,,1669540409936-puja soap - household prod-npl-motu#3.png,CROSS CODING,2.0,8.0,99762554,136.14935302734375,123.0,PUJA SOAP & HOUSEHOLD PROD-NPL,PUJA,PUJA,PUJA-PPH 200 GMS,PLPCH,200.000 GM,,,200.0,GM,40.0
39,2022-11-27 00:00:00,202211.0,112782215.0,1669540409936.0,99763197.0,123.0,PUJA SOAP & HOUSEHOLD PROD-NPL,MOTU,MOTI LAUNDRY SOAP/PPH/200GM,50.0,PPH,200GM,,1669540409936-puja soap - household prod-npl-motu#3.png,CROSS CODING,2.0,9.0,52441,136.33737182617188,123.0,PUJA SOAP & HOUSEHOLD PROD-NPL,PUJA,PUJA,PUJA-PPH 12*180 GM,PLPCH,180.000 GM,,,2160.0,GM,0.0
39,2022-11-27 00:00:00,202211.0,112782215.0,1669540409936.0,99763197.0,123.0,PUJA SOAP & HOUSEHOLD PROD-NPL,MOTU,MOTI LAUNDRY SOAP/PPH/200GM,50.0,PPH,200GM,,1669540409936-puja soap - household prod-npl-motu#3.png,CROSS CODING,2.0,10.0,99762992,137.73974609375,123.0,PUJA SOAP & HOUSEHOLD PROD-NPL,SELFY,SELFY,SELFY-LAUNDRY SOAP PPH 3*167 GM [500GM],PLPCH,167.000 GM,,,500.0,GM,100.0
40,2022-11-27 00:00:00,202211.0,116869964.0,1669467209323.0,99764415.0,123.0,HIMGIRI HYGIENE PVT LTD-NEPAL,DHONI XTRAA,DHONI XTRAA LAUNDRY SOAP PPH 150G,40.0,PPH,150G,,1669467209323-himgiri hygiene pvt ltd-nepal-dhoni xtraa#3.png,RECODING,5.0,1.0,99763787,95.17137145996094,123.0,HIMGIRI HYGIENE PVT LTD-NEPAL,DHONI,DHONI,DHONI-XTRAA LAUNDRY SOAP PPH 150 GM,PLPCH,150.000 GM,,,150.0,GM,40.0
40,2022-11-27 00:00:00,202211.0,116869964.0,1669467209323.0,99764415.0,123.0,HIMGIRI HYGIENE PVT LTD-NEPAL,DHONI XTRAA,DHONI XTRAA LAUNDRY SOAP PPH 150G,40.0,PPH,150G,,1669467209323-himgiri hygiene pvt ltd-nepal-dhoni xtraa#3.png,RECODING,5.0,2.0,99764415,96.51579284667969,123.0,HIMGIRI HYGIENE PVT LTD-NEPAL,DHONI XTRAA,DHONI XTRAA,DHONI XTRAA-LAUNDRY SOAP PPH 150 GM,PLPCH,150.000 GM,,,150.0,GM,40.0
40,2022-11-27 00:00:00,202211.0,116869964.0,1669467209323.0,99764415.0,123.0,HIMGIRI HYGIENE PVT LTD-NEPAL,DHONI XTRAA,DHONI XTRAA LAUNDRY SOAP PPH 150G,40.0,PPH,150G,,1669467209323-himgiri hygiene pvt ltd-nepal-dhoni xtraa#3.png,RECODING,5.0,3.0,99764432,98.54102325439453,123.0,HIMGIRI HYGIENE PVT LTD-NEPAL,DHONI XTRAA,DHONI XTRAA,DHONI XTRAA-LAUNDRY SOAP PPH 100 GM,PLPCH,100.000 GM,,,100.0,GM,20.0
40,2022-11-27 00:00:00,202211.0,116869964.0,1669467209323.0,99764415.0,123.0,HIMGIRI HYGIENE PVT LTD-NEPAL,DHONI XTRAA,DHONI XTRAA LAUNDRY SOAP PPH 150G,40.0,PPH,150G,,1669467209323-himgiri hygiene pvt ltd-nepal-dhoni xtraa#3.png,RECODING,5.0,4.0,99764515,100.14239501953125,123.0,HIMGIRI HYGIENE PVT LTD-NEPAL,DHONI XTRAA,DHONI XTRAA,DHONI XTRAA-LAUNDRY SOAP PPH 100 GM+50 GM,PLPCH,100.000 GM,,,150.0,GM,40.0
40,2022-11-27 00:00:00,202211.0,116869964.0,1669467209323.0,99764415.0,123.0,HIMGIRI HYGIENE PVT LTD-NEPAL,DHONI XTRAA,DHONI XTRAA LAUNDRY SOAP PPH 150G,40.0,PPH,150G,,1669467209323-himgiri hygiene pvt ltd-nepal-dhoni xtraa#3.png,RECODING,5.0,5.0,99763357,101.91116333007812,123.0,HIMGIRI HYGIENE PVT LTD-NEPAL,DHONI,DHONI,DHONI-XTRAA LAUNDRY SOAP PPH 6*167 GM [1000 GM],PLPCH,167.000 GM,,,1000.0,GM,220.0
40,2022-11-27 00:00:00,202211.0,116869964.0,1669467209323.0,99764415.0,123.0,HIMGIRI HYGIENE PVT LTD-NEPAL,DHONI XTRAA,DHONI XTRAA LAUNDRY SOAP PPH 150G,40.0,PPH,150G,,1669467209323-himgiri hygiene pvt ltd-nepal-dhoni xtraa#3.png,RECODING,5.0,6.0,99763575,102.06565856933594,123.0,HIMGIRI HYGIENE PVT LTD-NEPAL,DHONI,DHONI,DHONI-LAUNDRY SOAP PPH 3*150 GM [450GM],PLPCH,150.000 GM,,,450.0,GM,105.0
40,2022-11-27 00:00:00,202211.0,116869964.0,1669467209323.0,99764415.0,123.0,HIMGIRI HYGIENE PVT LTD-NEPAL,DHONI XTRAA,DHONI XTRAA LAUNDRY SOAP PPH 150G,40.0,PPH,150G,,1669467209323-himgiri hygiene pvt ltd-nepal-dhoni xtraa#3.png,RECODING,5.0,7.0,99764471,102.15594482421875,123.0,HIMGIRI HYGIENE PVT LTD-NEPAL,DHONI XTRAA,DHONI XTRAA PLUS,DHONI XTRAA PLUS-LAUNDRY SOAP PPH 200 GM,PLPCH,200.000 GM,,,200.0,GM,60.0
40,2022-11-27 00:00:00,202211.0,116869964.0,1669467209323.0,99764415.0,123.0,HIMGIRI HYGIENE PVT LTD-NEPAL,DHONI XTRAA,DHONI XTRAA LAUNDRY SOAP PPH 150G,40.0,PPH,150G,,1669467209323-himgiri hygiene pvt ltd-nepal-dhoni xtraa#3.png,RECODING,5.0,8.0,99764094,102.69686889648438,123.0,HIMGIRI HYGIENE PVT LTD-NEPAL,DHONI,DHONI,DHONI-LAUNDRY SOAP PPH 200 GM,PLPCH,200.000 GM,,,200.0,GM,50.0
40,2022-11-27 00:00:00,202211.0,116869964.0,1669467209323.0,99764415.0,123.0,HIMGIRI HYGIENE PVT LTD-NEPAL,DHONI XTRAA,DHONI XTRAA LAUNDRY SOAP PPH 150G,40.0,PPH,150G,,1669467209323-himgiri hygiene pvt ltd-nepal-dhoni xtraa#3.png,RECODING,5.0,9.0,99763151,102.75103759765625,123.0,HIMGIRI HYGIENE PVT LTD-NEPAL,DHONI,DHONI,DHONI-LAUNDRY SOAP PPH 150 GM,PLPCH,150.000 GM,,,150.0,GM,30.0
40,2022-11-27 00:00:00,202211.0,116869964.0,1669467209323.0,99764415.0,123.0,HIMGIRI HYGIENE PVT LTD-NEPAL,DHONI XTRAA,DHONI XTRAA LAUNDRY SOAP PPH 150G,40.0,PPH,150G,,1669467209323-himgiri hygiene pvt ltd-nepal-dhoni xtraa#3.png,RECODING,5.0,10.0,99764861,102.754638671875,123.0,HIMGIRI HYGIENE PVT LTD-NEPAL,DHONI XTRAA,DHONI XTRAA,DHONI XTRAA-LAUNDRY SOAP PPH 6*167 GM [1000 GM],PLPCH,167.000 GM,,,1000.0,GM,220.0
41,2022-11-27 00:00:00,202211.0,116869964.0,1669468983367.0,99764416.0,123.0,HIMGIRI HYGIENE PVT LTD-NEPAL,NIRMA HERBAL,NIRMA HERBAL DISH WASH BAR PPH 75 G,10.0,PPH,75G,,1669468983367-himgiri hygiene pvt ltd-nepal-nirma herbal#3.png,RECODING,5.0,1.0,53912,96.75717163085938,123.0,HIMGIRI SOAP & CHEMICALS-NEPAL,NIRMA,NIRMA,NIRMA-HERBAL DISHWASH BAR PPH 200 GM,PLPCH,200.000 GM,,,200.0,GM,0.0
41,2022-11-27 00:00:00,202211.0,116869964.0,1669468983367.0,99764416.0,123.0,HIMGIRI HYGIENE PVT LTD-NEPAL,NIRMA HERBAL,NIRMA HERBAL DISH WASH BAR PPH 75 G,10.0,PPH,75G,,1669468983367-himgiri hygiene pvt ltd-nepal-nirma herbal#3.png,RECODING,5.0,2.0,99764416,126.643798828125,123.0,HIMGIRI HYGIENE PVT LTD-NEPAL,NIRMA,NIRMA HERBAL,NIRMA HERBAL-ASHES & LEMON PPH 75 GM,PLPCH,75.000 GM,,,75.0,GM,10.0
41,2022-11-27 00:00:00,202211.0,116869964.0,1669468983367.0,99764416.0,123.0,HIMGIRI HYGIENE PVT LTD-NEPAL,NIRMA HERBAL,NIRMA HERBAL DISH WASH BAR PPH 75 G,10.0,PPH,75G,,1669468983367-himgiri hygiene pvt ltd-nepal-nirma herbal#3.png,RECODING,5.0,3.0,99763734,128.24041748046875,123.0,HIMGIRI HYGIENE PVT LTD-NEPAL,NIRMA,NIRMA HERBAL,NIRMA HERBAL-ASHES & LEMON PPH 100 GM,PLPCH,100.000 GM,,,100.0,GM,10.0
41,2022-11-27 00:00:00,202211.0,116869964.0,1669468983367.0,99764416.0,123.0,HIMGIRI HYGIENE PVT LTD-NEPAL,NIRMA HERBAL,NIRMA HERBAL DISH WASH BAR PPH 75 G,10.0,PPH,75G,,1669468983367-himgiri hygiene pvt ltd-nepal-nirma herbal#3.png,RECODING,5.0,4.0,46255,130.70834350585938,123.0,HIMGIRI SOAP & CHEMICALS-NEPAL,NIRMA,NIRMA,NIRMA-SUPER DETERGENT BAR PPH 150 GM,PLPCH,150.000 GM,,,150.0,GM,0.0
41,2022-11-27 00:00:00,202211.0,116869964.0,1669468983367.0,99764416.0,123.0,HIMGIRI HYGIENE PVT LTD-NEPAL,NIRMA HERBAL,NIRMA HERBAL DISH WASH BAR PPH 75 G,10.0,PPH,75G,,1669468983367-himgiri hygiene pvt ltd-nepal-nirma herbal#3.png,RECODING,5.0,5.0,93025518,133.4153289794922,122.0,HIMGIRI SOAP & CHEMICALS-NEPAL,NIRMA,NIRMA,NIRMA-PPH 270 GMS,PLPCH,270.000 GM,,,270.0,GM,0.0
41,2022-11-27 00:00:00,202211.0,116869964.0,1669468983367.0,99764416.0,123.0,HIMGIRI HYGIENE PVT LTD-NEPAL,NIRMA HERBAL,NIRMA HERBAL DISH WASH BAR PPH 75 G,10.0,PPH,75G,,1669468983367-himgiri hygiene pvt ltd-nepal-nirma herbal#3.png,RECODING,5.0,6.0,99762431,136.86297607421875,122.0,HIMGIRI SOAP & CHEMICALS-NEPAL,NIRMA,NIRMA ADVANCED,NIRMA ADVANCED-PPH 200 GM,PLPCH,200.000 GM,,,200.0,GM,20.0
41,2022-11-27 00:00:00,202211.0,116869964.0,1669468983367.0,99764416.0,123.0,HIMGIRI HYGIENE PVT LTD-NEPAL,NIRMA HERBAL,NIRMA HERBAL DISH WASH BAR PPH 75 G,10.0,PPH,75G,,1669468983367-himgiri hygiene pvt ltd-nepal-nirma herbal#3.png,RECODING,5.0,7.0,53653,136.8904571533203,122.0,HIMGIRI SOAP & CHEMICALS-NEPAL,NIRMA,NIRMA ADVANCED,NIRMA ADVANCED-PPH 1000 GM,PLPCH,1000.000 GM,,,1000.0,GM,0.0
41,2022-11-27 00:00:00,202211.0,116869964.0,1669468983367.0,99764416.0,123.0,HIMGIRI HYGIENE PVT LTD-NEPAL,NIRMA HERBAL,NIRMA HERBAL DISH WASH BAR PPH 75 G,10.0,PPH,75G,,1669468983367-himgiri hygiene pvt ltd-nepal-nirma herbal#3.png,RECODING,5.0,8.0,50554,137.43576049804688,122.0,HIMGIRI SOAP & CHEMICALS-NEPAL,NIRMA,NIRMA ADVANCED,NIRMA ADVANCED-PPH 675 GMS,PLPCH,675.000 GM,,,675.0,GM,0.0
41,2022-11-27 00:00:00,202211.0,116869964.0,1669468983367.0,99764416.0,123.0,HIMGIRI HYGIENE PVT LTD-NEPAL,NIRMA HERBAL,NIRMA HERBAL DISH WASH BAR PPH 75 G,10.0,PPH,75G,,1669468983367-himgiri hygiene pvt ltd-nepal-nirma herbal#3.png,RECODING,5.0,9.0,46660,137.6575469970703,122.0,HIMGIRI SOAP & CHEMICALS-NEPAL,NIRMA,NIRMA ADVANCED,NIRMA ADVANCED-PPH 275 GMS,PLPCH,275.000 GM,,,275.0,GM,0.0
41,2022-11-27 00:00:00,202211.0,116869964.0,1669468983367.0,99764416.0,123.0,HIMGIRI HYGIENE PVT LTD-NEPAL,NIRMA HERBAL,NIRMA HERBAL DISH WASH BAR PPH 75 G,10.0,PPH,75G,,1669468983367-himgiri hygiene pvt ltd-nepal-nirma herbal#3.png,RECODING,5.0,10.0,50866,137.77542114257812,122.0,HIMGIRI SOAP & CHEMICALS-NEPAL,NIRMA,NIRMA ADVANCED,NIRMA ADVANCED-PPH 250 GM,PLPCH,250.000 GM,,,250.0,GM,0.0
42,2022-11-28 00:00:00,202211.0,130403381.0,1669619671178.0,99764418.0,130.0,ARSH ENTERPRISES-INDIA,JAGUAR,JAGUAR PREMIUM CONDOMS/3 PCS/CBP/,50.0,CBP,3 PCS,,1669619671178-arsh enterprises-india-jaguar#3.png,RECODING,5.0,1.0,99764418,163.91748046875,130.0,ARSH ENTERPRISES-INDIA,JAGUAR,JAGUAR PREMIUM,JAGUAR PREMIUM- CBP 3 NO,CDBOX,3.000 NO,,,3.0,NO,50.0
42,2022-11-28 00:00:00,202211.0,130403381.0,1669619671178.0,99764418.0,130.0,ARSH ENTERPRISES-INDIA,JAGUAR,JAGUAR PREMIUM CONDOMS/3 PCS/CBP/,50.0,CBP,3 PCS,,1669619671178-arsh enterprises-india-jaguar#3.png,RECODING,5.0,2.0,90516993,216.05328369140625,130.0,J.K. ANSELL LTD. - INDIA,SAJAN,SAJAN DOTTED,SAJAN DOTTED-CBP 2 NOS,CDBOX,2.000 NO,,,2.0,NO,0.0
42,2022-11-28 00:00:00,202211.0,130403381.0,1669619671178.0,99764418.0,130.0,ARSH ENTERPRISES-INDIA,JAGUAR,JAGUAR PREMIUM CONDOMS/3 PCS/CBP/,50.0,CBP,3 PCS,,1669619671178-arsh enterprises-india-jaguar#3.png,RECODING,5.0,3.0,46940,218.47071838378906,112.0,HEINZ INDIA -INDIA,COMPLAN,COMPLAN,COMPLAN-PLAIN PPH 50 GM,PLPCH,50.000 GM,,,50.0,GM,0.0
42,2022-11-28 00:00:00,202211.0,130403381.0,1669619671178.0,99764418.0,130.0,ARSH ENTERPRISES-INDIA,JAGUAR,JAGUAR PREMIUM CONDOMS/3 PCS/CBP/,50.0,CBP,3 PCS,,1669619671178-arsh enterprises-india-jaguar#3.png,RECODING,5.0,4.0,46584,218.61141967773438,112.0,HEINZ INDIA -INDIA,COMPLAN,COMPLAN,COMPLAN-PLAIN CBP 500 GM,CDBOX,500.000 GM,,,500.0,GM,0.0
42,2022-11-28 00:00:00,202211.0,130403381.0,1669619671178.0,99764418.0,130.0,ARSH ENTERPRISES-INDIA,JAGUAR,JAGUAR PREMIUM CONDOMS/3 PCS/CBP/,50.0,CBP,3 PCS,,1669619671178-arsh enterprises-india-jaguar#3.png,RECODING,5.0,5.0,91417151,218.79969787597656,112.0,HEINZ INDIA -INDIA,COMPLAN,COMPLAN,COMPLAN-NATURAL CBP 500 GMS,CDBOX,500.000 GM,,,500.0,GM,0.0
42,2022-11-28 00:00:00,202211.0,130403381.0,1669619671178.0,99764418.0,130.0,ARSH ENTERPRISES-INDIA,JAGUAR,JAGUAR PREMIUM CONDOMS/3 PCS/CBP/,50.0,CBP,3 PCS,,1669619671178-arsh enterprises-india-jaguar#3.png,RECODING,5.0,6.0,90516757,219.13262939453125,130.0,J.K. ANSELL LTD. - INDIA,SAJAN,SAJAN DOTTED,SAJAN DOTTED-CBP 3 NOS,CDBOX,3.000 NO,,,3.0,NO,0.0
42,2022-11-28 00:00:00,202211.0,130403381.0,1669619671178.0,99764418.0,130.0,ARSH ENTERPRISES-INDIA,JAGUAR,JAGUAR PREMIUM CONDOMS/3 PCS/CBP/,50.0,CBP,3 PCS,,1669619671178-arsh enterprises-india-jaguar#3.png,RECODING,5.0,7.0,92515911,219.36036682128906,120.0,HENKEL SPIC INDIA LTD - INDIA,FA,FA,FA-EXOTIC GARDEN CBP 75 GMS,CDBOX,75.000 GM,,,75.0,GM,0.0
42,2022-11-28 00:00:00,202211.0,130403381.0,1669619671178.0,99764418.0,130.0,ARSH ENTERPRISES-INDIA,JAGUAR,JAGUAR PREMIUM CONDOMS/3 PCS/CBP/,50.0,CBP,3 PCS,,1669619671178-arsh enterprises-india-jaguar#3.png,RECODING,5.0,8.0,48611,219.650390625,112.0,HEINZ INDIA -INDIA,COMPLAN,COMPLAN,COMPLAN-KESAR BADAM CBP 500 GMS,CDBOX,500.000 GM,,,500.0,GM,0.0
42,2022-11-28 00:00:00,202211.0,130403381.0,1669619671178.0,99764418.0,130.0,ARSH ENTERPRISES-INDIA,JAGUAR,JAGUAR PREMIUM CONDOMS/3 PCS/CBP/,50.0,CBP,3 PCS,,1669619671178-arsh enterprises-india-jaguar#3.png,RECODING,5.0,9.0,99762909,219.87948608398438,130.0,ARSH ENTERPRISES-INDIA,XPRESSION,XPRESSION,XPRESSION-BANANA CBP 3 NO,CDBOX,3.000 NO,,,3.0,NO,80.0
42,2022-11-28 00:00:00,202211.0,130403381.0,1669619671178.0,99764418.0,130.0,ARSH ENTERPRISES-INDIA,JAGUAR,JAGUAR PREMIUM CONDOMS/3 PCS/CBP/,50.0,CBP,3 PCS,,1669619671178-arsh enterprises-india-jaguar#3.png,RECODING,5.0,10.0,91460259,220.61782836914062,112.0,HEINZ INDIA -INDIA,COMPLAN,COMPLAN,COMPLAN-NATURAL CBP 500 GMS+WRISTBEE,CDBOX,500.000 GM,,,500.0,GM,0.0
43,2022-11-30 00:00:00,202211.0,128827095.0,1669713969072.0,99764423.0,120.0,ANCHOR HEALTH - INDIA,DYNA PREMIUM BEAUTY,DYNA ALMOND & BEAUTY CREAMEWP 50G,20.0,EWP,50G,,1669713969072-anchor health - india-dyna premium beauty#3.png,RECODING,5.0,1.0,99764423,135.05384826660156,120.0,ANCHOR HEALTH - INDIA,DYNA,DYNA PREMIUM BEAUTY,DYNA PREMIUM BEAUTY-ALMOND & MILK CREAM EWP 50 GM,EWRPK,50.000 GM,,,50.0,GM,20.0
43,2022-11-30 00:00:00,202211.0,128827095.0,1669713969072.0,99764423.0,120.0,ANCHOR HEALTH - INDIA,DYNA PREMIUM BEAUTY,DYNA ALMOND & BEAUTY CREAMEWP 50G,20.0,EWP,50G,,1669713969072-anchor health - india-dyna premium beauty#3.png,RECODING,5.0,2.0,99763314,145.3172607421875,120.0,ANCHOR HEALTH - INDIA,DYNA,DYNA PREMIUM BEAUTY,DYNA PREMIUM BEAUTY-MILK CREAM & ALMOND OIL EWP 100 GM,EWRPK,100.000 GM,,,100.0,GM,50.0
43,2022-11-30 00:00:00,202211.0,128827095.0,1669713969072.0,99764423.0,120.0,ANCHOR HEALTH - INDIA,DYNA PREMIUM BEAUTY,DYNA ALMOND & BEAUTY CREAMEWP 50G,20.0,EWP,50G,,1669713969072-anchor health - india-dyna premium beauty#3.png,RECODING,5.0,3.0,92518081,152.70904541015625,120.0,ANCHOR HEALTH - INDIA,DYNA,DYNA,DYNA-MILK & ALMOND EWP 100 GMS,EWRPK,100.000 GM,,,100.0,GM,0.0
43,2022-11-30 00:00:00,202211.0,128827095.0,1669713969072.0,99764423.0,120.0,ANCHOR HEALTH - INDIA,DYNA PREMIUM BEAUTY,DYNA ALMOND & BEAUTY CREAMEWP 50G,20.0,EWP,50G,,1669713969072-anchor health - india-dyna premium beauty#3.png,RECODING,5.0,4.0,54784,154.259033203125,120.0,ANCHOR HEALTH - INDIA,DYNA,DYNA,DYNA-LAVENDER & MILK CREAM EWP 4*62 GM,EWRPK,62.000 GM,,,248.0,GM,0.0
43,2022-11-30 00:00:00,202211.0,128827095.0,1669713969072.0,99764423.0,120.0,ANCHOR HEALTH - INDIA,DYNA PREMIUM BEAUTY,DYNA ALMOND & BEAUTY CREAMEWP 50G,20.0,EWP,50G,,1669713969072-anchor health - india-dyna premium beauty#3.png,RECODING,5.0,5.0,92521285,155.264404296875,120.0,ANCHOR HEALTH - INDIA,DYNA,DYNA,DYNA-MILK & ALMOND EWP 85 GMS,EWRPK,85.000 GM,,,85.0,GM,0.0
43,2022-11-30 00:00:00,202211.0,128827095.0,1669713969072.0,99764423.0,120.0,ANCHOR HEALTH - INDIA,DYNA PREMIUM BEAUTY,DYNA ALMOND & BEAUTY CREAMEWP 50G,20.0,EWP,50G,,1669713969072-anchor health - india-dyna premium beauty#3.png,RECODING,5.0,6.0,50194,155.51626586914062,120.0,ANCHOR HEALTH - INDIA,DYNA,DYNA,DYNA-JASMINE & MILK CREAM EWP 4*62 GM,EWRPK,62.000 GM,,,248.0,GM,0.0
43,2022-11-30 00:00:00,202211.0,128827095.0,1669713969072.0,99764423.0,120.0,ANCHOR HEALTH - INDIA,DYNA PREMIUM BEAUTY,DYNA ALMOND & BEAUTY CREAMEWP 50G,20.0,EWP,50G,,1669713969072-anchor health - india-dyna premium beauty#3.png,RECODING,5.0,7.0,99763932,155.826171875,120.0,ANCHOR HEALTH - INDIA,DYNA,DYNA,DYNA-LAVENDER & MILK CREAM EWP 50 GM,EWRPK,50.000 GM,,,50.0,GM,20.0
43,2022-11-30 00:00:00,202211.0,128827095.0,1669713969072.0,99764423.0,120.0,ANCHOR HEALTH - INDIA,DYNA PREMIUM BEAUTY,DYNA ALMOND & BEAUTY CREAMEWP 50G,20.0,EWP,50G,,1669713969072-anchor health - india-dyna premium beauty#3.png,RECODING,5.0,8.0,50187,157.02565002441406,120.0,ANCHOR HEALTH - INDIA,DYNA,DYNA,DYNA-ROSE & MILK CREAM EWP 4*62 GM,EWRPK,62.000 GM,,,248.0,GM,0.0
43,2022-11-30 00:00:00,202211.0,128827095.0,1669713969072.0,99764423.0,120.0,ANCHOR HEALTH - INDIA,DYNA PREMIUM BEAUTY,DYNA ALMOND & BEAUTY CREAMEWP 50G,20.0,EWP,50G,,1669713969072-anchor health - india-dyna premium beauty#3.png,RECODING,5.0,9.0,49323,160.25144958496094,120.0,ANCHOR HEALTH - INDIA,DYNA,DYNA,DYNA-ROSE & MILK CREAM EWP 62 GM,EWRPK,62.000 GM,,,62.0,GM,0.0
43,2022-11-30 00:00:00,202211.0,128827095.0,1669713969072.0,99764423.0,120.0,ANCHOR HEALTH - INDIA,DYNA PREMIUM BEAUTY,DYNA ALMOND & BEAUTY CREAMEWP 50G,20.0,EWP,50G,,1669713969072-anchor health - india-dyna premium beauty#3.png,RECODING,5.0,10.0,99764424,161.06390380859375,120.0,ANCHOR HEALTH - INDIA,DYNA,DYNA PREMIUM BEAUTY,DYNA PREMIUM BEAUTY-SANDAL & SAFFRON EWP 50 GM,EWRPK,50.000 GM,,,50.0,GM,20.0
44,2022-11-30 00:00:00,202211.0,128827095.0,1669714110396.0,99764424.0,120.0,ANCHOR HEALTH - INDIA,DYNA PREMIUM BEAUTY,DYNA SANDAL & SAFFRON EWP 50G,20.0,EWP,50G,,1669714110396-anchor health - india-dyna premium beauty#3.png,RECODING,5.0,1.0,99764424,124.16156005859375,120.0,ANCHOR HEALTH - INDIA,DYNA,DYNA PREMIUM BEAUTY,DYNA PREMIUM BEAUTY-SANDAL & SAFFRON EWP 50 GM,EWRPK,50.000 GM,,,50.0,GM,20.0
44,2022-11-30 00:00:00,202211.0,128827095.0,1669714110396.0,99764424.0,120.0,ANCHOR HEALTH - INDIA,DYNA PREMIUM BEAUTY,DYNA SANDAL & SAFFRON EWP 50G,20.0,EWP,50G,,1669714110396-anchor health - india-dyna premium beauty#3.png,RECODING,5.0,2.0,50191,142.447998046875,120.0,ANCHOR HEALTH - INDIA,DYNA,DYNA,DYNA-SANDAL SAFFRON EXTRACT EWP 4*62 GM,EWRPK,62.000 GM,,,248.0,GM,0.0
44,2022-11-30 00:00:00,202211.0,128827095.0,1669714110396.0,99764424.0,120.0,ANCHOR HEALTH - INDIA,DYNA PREMIUM BEAUTY,DYNA SANDAL & SAFFRON EWP 50G,20.0,EWP,50G,,1669714110396-anchor health - india-dyna premium beauty#3.png,RECODING,5.0,3.0,53587,169.10565185546875,120.0,ANCHOR HEALTH - INDIA,DYNA,DYNA,DYNA-LIME & ALOEVERA EWP 4*50 GM+B3G1+RS 4.8 OF,EWRPK,50.000 GM,,,200.0,GM,0.0
44,2022-11-30 00:00:00,202211.0,128827095.0,1669714110396.0,99764424.0,120.0,ANCHOR HEALTH - INDIA,DYNA PREMIUM BEAUTY,DYNA SANDAL & SAFFRON EWP 50G,20.0,EWP,50G,,1669714110396-anchor health - india-dyna premium beauty#3.png,RECODING,5.0,4.0,48509,172.6479034423828,120.0,ANCHOR HEALTH - INDIA,DYNA,DYNA,DYNA-LIME & ALOEVERA EWP 45 GMS,EWRPK,45.000 GM,,,45.0,GM,0.0
44,2022-11-30 00:00:00,202211.0,128827095.0,1669714110396.0,99764424.0,120.0,ANCHOR HEALTH - INDIA,DYNA PREMIUM BEAUTY,DYNA SANDAL & SAFFRON EWP 50G,20.0,EWP,50G,,1669714110396-anchor health - india-dyna premium beauty#3.png,RECODING,5.0,5.0,92518119,175.3030548095703,120.0,ANCHOR HEALTH - INDIA,DYNA,DYNA,DYNA-LIME & ALOEVERA EWP  100 GMS,EWRPK,100.000 GM,,,100.0,GM,0.0
44,2022-11-30 00:00:00,202211.0,128827095.0,1669714110396.0,99764424.0,120.0,ANCHOR HEALTH - INDIA,DYNA PREMIUM BEAUTY,DYNA SANDAL & SAFFRON EWP 50G,20.0,EWP,50G,,1669714110396-anchor health - india-dyna premium beauty#3.png,RECODING,5.0,6.0,54784,178.92955017089844,120.0,ANCHOR HEALTH - INDIA,DYNA,DYNA,DYNA-LAVENDER & MILK CREAM EWP 4*62 GM,EWRPK,62.000 GM,,,248.0,GM,0.0
44,2022-11-30 00:00:00,202211.0,128827095.0,1669714110396.0,99764424.0,120.0,ANCHOR HEALTH - INDIA,DYNA PREMIUM BEAUTY,DYNA SANDAL & SAFFRON EWP 50G,20.0,EWP,50G,,1669714110396-anchor health - india-dyna premium beauty#3.png,RECODING,5.0,7.0,99763932,183.27774047851562,120.0,ANCHOR HEALTH - INDIA,DYNA,DYNA,DYNA-LAVENDER & MILK CREAM EWP 50 GM,EWRPK,50.000 GM,,,50.0,GM,20.0
44,2022-11-30 00:00:00,202211.0,128827095.0,1669714110396.0,99764424.0,120.0,ANCHOR HEALTH - INDIA,DYNA PREMIUM BEAUTY,DYNA SANDAL & SAFFRON EWP 50G,20.0,EWP,50G,,1669714110396-anchor health - india-dyna premium beauty#3.png,RECODING,5.0,8.0,51318,184.31622314453125,120.0,ANCHOR HEALTH - INDIA,DYNA,DYNA,DYNA-SKINCARE GLYCERN & AROMA OIL CBP 75G+33% EX,CDBOX,75.000 GM,,,100.0,GM,0.0
44,2022-11-30 00:00:00,202211.0,128827095.0,1669714110396.0,99764424.0,120.0,ANCHOR HEALTH - INDIA,DYNA PREMIUM BEAUTY,DYNA SANDAL & SAFFRON EWP 50G,20.0,EWP,50G,,1669714110396-anchor health - india-dyna premium beauty#3.png,RECODING,5.0,9.0,50187,184.56626892089844,120.0,ANCHOR HEALTH - INDIA,DYNA,DYNA,DYNA-ROSE & MILK CREAM EWP 4*62 GM,EWRPK,62.000 GM,,,248.0,GM,0.0
44,2022-11-30 00:00:00,202211.0,128827095.0,1669714110396.0,99764424.0,120.0,ANCHOR HEALTH - INDIA,DYNA PREMIUM BEAUTY,DYNA SANDAL & SAFFRON EWP 50G,20.0,EWP,50G,,1669714110396-anchor health - india-dyna premium beauty#3.png,RECODING,5.0,10.0,99764423,184.71434020996094,120.0,ANCHOR HEALTH - INDIA,DYNA,DYNA PREMIUM BEAUTY,DYNA PREMIUM BEAUTY-ALMOND & MILK CREAM EWP 50 GM,EWRPK,50.000 GM,,,50.0,GM,20.0
45,2022-11-30 00:00:00,202211.0,130377806.0,1669714935100.0,99764436.0,132.0,A.G. HEALTH INDUSTRIES PVT LTD-NEPAL,SAGUN BABY DIAPERS,SAGUN BABY DIAPERS/MEDIUM/5 PCS/PPH,100.0,PPH,5 PCS,,1669714935100-a-g- health industries pvt ltd-nepal-sagun baby diapers#3.png,RECODING,5.0,1.0,99764436,91.40476989746094,132.0,A.G. HEALTH INDUSTRIES PVT LTD-NEPAL,SAGUN BABY,SAGUN BABY DIAPERS,SAGUN BABY DIAPERS-MEDIUM(M) PPH 5 NOS,PLPCH,5.000 NO,,,5.0,NO,100.0
45,2022-11-30 00:00:00,202211.0,130377806.0,1669714935100.0,99764436.0,132.0,A.G. HEALTH INDUSTRIES PVT LTD-NEPAL,SAGUN BABY DIAPERS,SAGUN BABY DIAPERS/MEDIUM/5 PCS/PPH,100.0,PPH,5 PCS,,1669714935100-a-g- health industries pvt ltd-nepal-sagun baby diapers#3.png,RECODING,5.0,2.0,99764386,92.1460952758789,132.0,A.G. HEALTH INDUSTRIES PVT LTD-NEPAL,SAGUN BABY,SAGUN BABY DIAPERS,SAGUN BABY DIAPERS-SMALL(S) PPH 5 NOS,PLPCH,5.000 NO,,,5.0,NO,100.0
45,2022-11-30 00:00:00,202211.0,130377806.0,1669714935100.0,99764436.0,132.0,A.G. HEALTH INDUSTRIES PVT LTD-NEPAL,SAGUN BABY DIAPERS,SAGUN BABY DIAPERS/MEDIUM/5 PCS/PPH,100.0,PPH,5 PCS,,1669714935100-a-g- health industries pvt ltd-nepal-sagun baby diapers#3.png,RECODING,5.0,3.0,99764737,103.05598449707031,132.0,A.G. HEALTH INDUSTRIES PVT LTD-NEPAL,SAGUN BABY,SAGUN BABY DIAPERS,SAGUN BABY DIAPERS-LARGE(L) PPH 4 NOS,PLPCH,4.000 NO,,,4.0,NO,100.0
45,2022-11-30 00:00:00,202211.0,130377806.0,1669714935100.0,99764436.0,132.0,A.G. HEALTH INDUSTRIES PVT LTD-NEPAL,SAGUN BABY DIAPERS,SAGUN BABY DIAPERS/MEDIUM/5 PCS/PPH,100.0,PPH,5 PCS,,1669714935100-a-g- health industries pvt ltd-nepal-sagun baby diapers#3.png,RECODING,5.0,4.0,99764825,106.84750366210938,132.0,A.G. HEALTH INDUSTRIES PVT LTD-NEPAL,SAGUN BABY,SAGUN BABY DIAPERS,SAGUN BABY DIAPERS-EXTRA LARGE(XL) PPH 4 NOS,PLPCH,4.000 NO,,,4.0,NO,100.0
45,2022-11-30 00:00:00,202211.0,130377806.0,1669714935100.0,99764436.0,132.0,A.G. HEALTH INDUSTRIES PVT LTD-NEPAL,SAGUN BABY DIAPERS,SAGUN BABY DIAPERS/MEDIUM/5 PCS/PPH,100.0,PPH,5 PCS,,1669714935100-a-g- health industries pvt ltd-nepal-sagun baby diapers#3.png,RECODING,5.0,5.0,99762960,129.83795166015625,132.0,A.G. HEALTH INDUSTRIES PVT LTD-NEPAL,SAGUN BABY,SAGUN BABY POKO PANTS,SAGUN BABY POKO PANTS-MEDIUM(M) PPH 36 NOS,PLPCH,36.000 NO,,,36.0,NO,800.0
45,2022-11-30 00:00:00,202211.0,130377806.0,1669714935100.0,99764436.0,132.0,A.G. HEALTH INDUSTRIES PVT LTD-NEPAL,SAGUN BABY DIAPERS,SAGUN BABY DIAPERS/MEDIUM/5 PCS/PPH,100.0,PPH,5 PCS,,1669714935100-a-g- health industries pvt ltd-nepal-sagun baby diapers#3.png,RECODING,5.0,6.0,99762604,131.3635711669922,132.0,A.G. HEALTH INDUSTRIES PVT LTD-NEPAL,SAGUN BABY,SAGUN BABY POKO PANTS,SAGUN BABY POKO PANTS-SMALL(S) PPH 5 NOS,PLPCH,5.000 NO,,,5.0,NO,100.0
45,2022-11-30 00:00:00,202211.0,130377806.0,1669714935100.0,99764436.0,132.0,A.G. HEALTH INDUSTRIES PVT LTD-NEPAL,SAGUN BABY DIAPERS,SAGUN BABY DIAPERS/MEDIUM/5 PCS/PPH,100.0,PPH,5 PCS,,1669714935100-a-g- health industries pvt ltd-nepal-sagun baby diapers#3.png,RECODING,5.0,7.0,99762660,131.53549194335938,132.0,A.G. HEALTH INDUSTRIES PVT LTD-NEPAL,SAGUN BABY,SAGUN BABY POKO PANTS,SAGUN BABY POKO PANTS-MEDIUM(M) PPH 5 NOS,PLPCH,5.000 NO,,,5.0,NO,100.0
45,2022-11-30 00:00:00,202211.0,130377806.0,1669714935100.0,99764436.0,132.0,A.G. HEALTH INDUSTRIES PVT LTD-NEPAL,SAGUN BABY DIAPERS,SAGUN BABY DIAPERS/MEDIUM/5 PCS/PPH,100.0,PPH,5 PCS,,1669714935100-a-g- health industries pvt ltd-nepal-sagun baby diapers#3.png,RECODING,5.0,8.0,99763456,133.0333251953125,132.0,A.G. HEALTH INDUSTRIES PVT LTD-NEPAL,SAGUN BABY,SAGUN BABY POKO PANTS,SAGUN BABY POKO PANTS-SMALL(S) PPH 42 NOS,PLPCH,42.000 NO,,,42.0,NO,800.0
45,2022-11-30 00:00:00,202211.0,130377806.0,1669714935100.0,99764436.0,132.0,A.G. HEALTH INDUSTRIES PVT LTD-NEPAL,SAGUN BABY DIAPERS,SAGUN BABY DIAPERS/MEDIUM/5 PCS/PPH,100.0,PPH,5 PCS,,1669714935100-a-g- health industries pvt ltd-nepal-sagun baby diapers#3.png,RECODING,5.0,9.0,99762656,136.0208740234375,132.0,A.G. HEALTH INDUSTRIES PVT LTD-NEPAL,SAGUN BABY,SAGUN BABY POKO PANTS,SAGUN BABY POKO PANTS-MEDIUM(M) PPH 4 NOS,PLPCH,4.000 NO,,,4.0,NO,80.0
45,2022-11-30 00:00:00,202211.0,130377806.0,1669714935100.0,99764436.0,132.0,A.G. HEALTH INDUSTRIES PVT LTD-NEPAL,SAGUN BABY DIAPERS,SAGUN BABY DIAPERS/MEDIUM/5 PCS/PPH,100.0,PPH,5 PCS,,1669714935100-a-g- health industries pvt ltd-nepal-sagun baby diapers#3.png,RECODING,5.0,10.0,99762630,137.19161987304688,132.0,A.G. HEALTH INDUSTRIES PVT LTD-NEPAL,SAGUN BABY,SAGUN BABY POKO PANTS,SAGUN BABY POKO PANTS-LARGE(L) PPH 5 NOS,PLPCH,5.000 NO,,,5.0,NO,100.0
46,2022-11-30 00:00:00,202211.0,130515903.0,1669534204003.0,99764397.0,117.0,UNILEVER NEPAL LTD-NEPAL,DOVE,DOVE NUTRITIVE SOLUTIONS-HAIR FALL RESCUE PPH 6.5ML,4.0,PPH,6.5ML,,1669534204003-unilever nepal ltd-nepal-dove#3.png,RECODING,5.0,1.0,99764397,104.19223022460938,117.0,UNILEVER NEPAL LTD-NEPAL,DOVE,DOVE NUTRITIVE SOLUTIONS,DOVE NUTRITIVE SOLUTIONS-HAIR FALL RESCUE COND SCT 6.5 ML,PLSCH,6.500 ML,,,6.5,ML,4.0
46,2022-11-30 00:00:00,202211.0,130515903.0,1669534204003.0,99764397.0,117.0,UNILEVER NEPAL LTD-NEPAL,DOVE,DOVE NUTRITIVE SOLUTIONS-HAIR FALL RESCUE PPH 6.5ML,4.0,PPH,6.5ML,,1669534204003-unilever nepal ltd-nepal-dove#3.png,RECODING,5.0,2.0,53244,105.20513916015625,117.0,UNILEVER NEPAL LTD-NEPAL,DOVE,DOVE NUTRITIVE SOLUTIONS,DOVE NUTRITIVE SOLUTIONS-HAIR FALL RESCUE COND SCT 6 ML,PLSCH,6.000 ML,,,6.0,ML,0.0
46,2022-11-30 00:00:00,202211.0,130515903.0,1669534204003.0,99764397.0,117.0,UNILEVER NEPAL LTD-NEPAL,DOVE,DOVE NUTRITIVE SOLUTIONS-HAIR FALL RESCUE PPH 6.5ML,4.0,PPH,6.5ML,,1669534204003-unilever nepal ltd-nepal-dove#3.png,RECODING,5.0,3.0,51745,105.42219543457031,117.0,UNILEVER NEPAL LTD-NEPAL,DOVE,DOVE NUTRITIVE SOLUTIONS,DOVE NUTRITIVE SOLUTIONS-HAIR FALL RESCUE SCT 5.5 ML,PLSCH,5.500 ML,,,5.5,ML,0.0
46,2022-11-30 00:00:00,202211.0,130515903.0,1669534204003.0,99764397.0,117.0,UNILEVER NEPAL LTD-NEPAL,DOVE,DOVE NUTRITIVE SOLUTIONS-HAIR FALL RESCUE PPH 6.5ML,4.0,PPH,6.5ML,,1669534204003-unilever nepal ltd-nepal-dove#3.png,RECODING,5.0,4.0,54344,108.7216567993164,117.0,UNILEVER NEPAL LTD-NEPAL,DOVE,DOVE NUTRITIVE SOLUTIONS,DOVE NUTRITIVE SOLUTIONS-HAIR FALL RESCUE COND SCT 7 ML,PLSCH,7.000 ML,,,7.0,ML,0.0
46,2022-11-30 00:00:00,202211.0,130515903.0,1669534204003.0,99764397.0,117.0,UNILEVER NEPAL LTD-NEPAL,DOVE,DOVE NUTRITIVE SOLUTIONS-HAIR FALL RESCUE PPH 6.5ML,4.0,PPH,6.5ML,,1669534204003-unilever nepal ltd-nepal-dove#3.png,RECODING,5.0,5.0,46616,111.12870788574219,117.0,UNILEVER NEPAL LTD-NEPAL,DOVE,DOVE NUTRITIVE SOLUTIONS,DOVE NUTRITIVE SOLUTIONS-HAIR FALL RESCUE PBT 175 ML,PLBOT,175.000 ML,,,175.0,ML,0.0
46,2022-11-30 00:00:00,202211.0,130515903.0,1669534204003.0,99764397.0,117.0,UNILEVER NEPAL LTD-NEPAL,DOVE,DOVE NUTRITIVE SOLUTIONS-HAIR FALL RESCUE PPH 6.5ML,4.0,PPH,6.5ML,,1669534204003-unilever nepal ltd-nepal-dove#3.png,RECODING,5.0,6.0,53245,112.49066162109375,117.0,UNILEVER NEPAL LTD-NEPAL,DOVE,DOVE NUTRITIVE SOLUTIONS,DOVE NUTRITIVE SOLUTIONS-SHAMPO HAIR FALL RESCUE SCT 6 ML,PLSCH,6.000 ML,,,6.0,ML,0.0
46,2022-11-30 00:00:00,202211.0,130515903.0,1669534204003.0,99764397.0,117.0,UNILEVER NEPAL LTD-NEPAL,DOVE,DOVE NUTRITIVE SOLUTIONS-HAIR FALL RESCUE PPH 6.5ML,4.0,PPH,6.5ML,,1669534204003-unilever nepal ltd-nepal-dove#3.png,RECODING,5.0,7.0,99762501,127.38533782958984,117.0,UNILEVER NEPAL LTD-NEPAL,DOVE,DOVE CONDITIONER,DOVE-HAIR FALL RESCUE CONDI. PBT 320 ML,PLBOT,320.000 ML,,,320.0,ML,300.0
46,2022-11-30 00:00:00,202211.0,130515903.0,1669534204003.0,99764397.0,117.0,UNILEVER NEPAL LTD-NEPAL,DOVE,DOVE NUTRITIVE SOLUTIONS-HAIR FALL RESCUE PPH 6.5ML,4.0,PPH,6.5ML,,1669534204003-unilever nepal ltd-nepal-dove#3.png,RECODING,5.0,8.0,48371,138.09225463867188,117.0,UNILEVER NEPAL LTD-NEPAL,DOVE,DOVE HAIR THRPY HR FAL RSCUE,DOVE HAIR THRPY HR FAL RSCUE-SCT 4.14ML+20%[0.86],PLSCH,4.140 ML,,,5.0,ML,0.0
46,2022-11-30 00:00:00,202211.0,130515903.0,1669534204003.0,99764397.0,117.0,UNILEVER NEPAL LTD-NEPAL,DOVE,DOVE NUTRITIVE SOLUTIONS-HAIR FALL RESCUE PPH 6.5ML,4.0,PPH,6.5ML,,1669534204003-unilever nepal ltd-nepal-dove#3.png,RECODING,5.0,9.0,46116,139.02891540527344,117.0,UNILEVER NEPAL LTD-NEPAL,DOVE,DOVE HAIR THRPY HR FAL RSCUE,DOVE HAIR THRPY HR FAL RSCUE-SCT 4.14ML+32%[1.36],PLSCH,4.140 ML,,,5.5,ML,0.0
46,2022-11-30 00:00:00,202211.0,130515903.0,1669534204003.0,99764397.0,117.0,UNILEVER NEPAL LTD-NEPAL,DOVE,DOVE NUTRITIVE SOLUTIONS-HAIR FALL RESCUE PPH 6.5ML,4.0,PPH,6.5ML,,1669534204003-unilever nepal ltd-nepal-dove#3.png,RECODING,5.0,10.0,47615,142.3628387451172,117.0,UNILEVER NEPAL LTD-NEPAL,DOVE,DOVE HAIR THRPY HR FAL RSCUE,DOVE HAIR THRPY HR FAL RSCUE-SCT 5 ML,PLSCH,5.000 ML,,,5.0,ML,0.0
47,2022-11-30 00:00:00,202211.0,130515903.0,1669707119771.0,99764400.0,120.0,UNILEVER NEPAL LTD-NEPAL,LIFE BUOY,LIFE BUOY NATURE ACTIVE FORMULA EWP 90GM,40.0,EWP,90GM,,1669707119771-unilever nepal ltd-nepal-life buoy#3.png,RECODING,5.0,1.0,46980,111.20388793945312,120.0,UNILEVER NEPAL LTD-NEPAL,LIFE BUOY,LIFE BUOY NATURE,LIFE BUOY NATURE-ACTIV SILVER FORMULA EWP 100 GM,EWRPK,100.000 GM,,,100.0,GM,0.0
47,2022-11-30 00:00:00,202211.0,130515903.0,1669707119771.0,99764400.0,120.0,UNILEVER NEPAL LTD-NEPAL,LIFE BUOY,LIFE BUOY NATURE ACTIVE FORMULA EWP 90GM,40.0,EWP,90GM,,1669707119771-unilever nepal ltd-nepal-life buoy#3.png,RECODING,5.0,2.0,50717,111.63777923583984,120.0,UNILEVER NEPAL LTD-NEPAL,LIFE BUOY,LIFE BUOY NATURE,LIFE BUOY NATURE-ACTIV SILVER FORMULA EWP 95 GM,EWRPK,95.000 GM,,,95.0,GM,0.0
47,2022-11-30 00:00:00,202211.0,130515903.0,1669707119771.0,99764400.0,120.0,UNILEVER NEPAL LTD-NEPAL,LIFE BUOY,LIFE BUOY NATURE ACTIVE FORMULA EWP 90GM,40.0,EWP,90GM,,1669707119771-unilever nepal ltd-nepal-life buoy#3.png,RECODING,5.0,3.0,99764400,113.70535278320312,120.0,UNILEVER NEPAL LTD-NEPAL,LIFE BUOY,LIFE BUOY NATURE,LIFE BUOY NATURE-ACTIV SILVER FORMULA EWP 90 GM,EWRPK,90.000 GM,,,90.0,GM,40.0
47,2022-11-30 00:00:00,202211.0,130515903.0,1669707119771.0,99764400.0,120.0,UNILEVER NEPAL LTD-NEPAL,LIFE BUOY,LIFE BUOY NATURE ACTIVE FORMULA EWP 90GM,40.0,EWP,90GM,,1669707119771-unilever nepal ltd-nepal-life buoy#3.png,RECODING,5.0,4.0,46979,113.88994598388672,120.0,UNILEVER NEPAL LTD-NEPAL,LIFE BUOY,LIFE BUOY TOTAL 10,LIFE BUOY TOTAL 10-ACTIV SILVER FORMULA EWP 125 GM,EWRPK,125.000 GM,,,125.0,GM,0.0
47,2022-11-30 00:00:00,202211.0,130515903.0,1669707119771.0,99764400.0,120.0,UNILEVER NEPAL LTD-NEPAL,LIFE BUOY,LIFE BUOY NATURE ACTIVE FORMULA EWP 90GM,40.0,EWP,90GM,,1669707119771-unilever nepal ltd-nepal-life buoy#3.png,RECODING,5.0,5.0,92525839,122.07616424560547,120.0,UNILEVER NEPAL LTD-NEPAL,LIFE BUOY,LIFE BUOY TOTAL 10,LIFE BUOY TOTAL 10-EWP 100 GM(3 NOS PACK),EWRPK,100.000 GM,,,300.0,GM,0.0
47,2022-11-30 00:00:00,202211.0,130515903.0,1669707119771.0,99764400.0,120.0,UNILEVER NEPAL LTD-NEPAL,LIFE BUOY,LIFE BUOY NATURE ACTIVE FORMULA EWP 90GM,40.0,EWP,90GM,,1669707119771-unilever nepal ltd-nepal-life buoy#3.png,RECODING,5.0,6.0,92522126,122.37379455566406,120.0,UNILEVER NEPAL LTD-NEPAL,LIFE BUOY,LIFE BUOY ACTIVE RED,LIFE BUOY ACTIVE RED-EWP 62 GMS,EWRPK,62.000 GM,,,62.0,GM,0.0
47,2022-11-30 00:00:00,202211.0,130515903.0,1669707119771.0,99764400.0,120.0,UNILEVER NEPAL LTD-NEPAL,LIFE BUOY,LIFE BUOY NATURE ACTIVE FORMULA EWP 90GM,40.0,EWP,90GM,,1669707119771-unilever nepal ltd-nepal-life buoy#3.png,RECODING,5.0,7.0,92560918,122.60792541503906,120.0,UNILEVER NEPAL LTD-NEPAL,LIFE BUOY,LIFE BUOY ACTIV FRESH,LIFE BUOY ACTIV FRESH-EWP 90G+2PC7.5M CLINC PLS PTN,EWRPK,90.000 GM,,,90.0,GM,0.0
47,2022-11-30 00:00:00,202211.0,130515903.0,1669707119771.0,99764400.0,120.0,UNILEVER NEPAL LTD-NEPAL,LIFE BUOY,LIFE BUOY NATURE ACTIVE FORMULA EWP 90GM,40.0,EWP,90GM,,1669707119771-unilever nepal ltd-nepal-life buoy#3.png,RECODING,5.0,8.0,92526529,123.06049346923828,120.0,UNILEVER NEPAL LTD-NEPAL,LIFE BUOY,LIFE BUOY TOTAL,LIFE BUOY TOTAL-EWP 100 GMS (3 NOS PACK),EWRPK,100.000 GM,,,300.0,GM,0.0
47,2022-11-30 00:00:00,202211.0,130515903.0,1669707119771.0,99764400.0,120.0,UNILEVER NEPAL LTD-NEPAL,LIFE BUOY,LIFE BUOY NATURE ACTIVE FORMULA EWP 90GM,40.0,EWP,90GM,,1669707119771-unilever nepal ltd-nepal-life buoy#3.png,RECODING,5.0,9.0,92525102,123.17034149169922,120.0,UNILEVER NEPAL LTD-NEPAL,LIFE BUOY,LIFE BUOY TOTAL 10,LIFE BUOY TOTAL 10-EWP 62 GM,EWRPK,62.000 GM,,,62.0,GM,0.0
47,2022-11-30 00:00:00,202211.0,130515903.0,1669707119771.0,99764400.0,120.0,UNILEVER NEPAL LTD-NEPAL,LIFE BUOY,LIFE BUOY NATURE ACTIVE FORMULA EWP 90GM,40.0,EWP,90GM,,1669707119771-unilever nepal ltd-nepal-life buoy#3.png,RECODING,5.0,10.0,92517205,123.18660736083984,120.0,UNILEVER NEPAL LTD-NEPAL,LIFE BUOY,LIFE BUOY ACTIVE RED,LIFE BUOY ACTIVE RED-EWP 50 GMS,EWRPK,50.000 GM,,,50.0,GM,0.0
48,2022-11-30 00:00:00,202211.0,123582683.0,1669619009597.0,99764425.0,121.0,UNILEVER NEPAL LTD-NEPAL,PEPSODENT HERBAL,PEPSODENT HERBAL\170\GM\RS115,115.0,TUBE,170 GM,Any other reason,1669619009597-unilever nepal ltd-nepal-pepsodent herbal#3.png,RECODING,5.0,1.0,92722175,118.78091430664062,121.0,UNILEVER NEPAL LTD-NEPAL,PEPSODENT,PEPSODENT HERBAL,PEPSODENT HERBAL-TUBE 200 GMS,TUBE,200.000 GM,,,200.0,GM,0.0
48,2022-11-30 00:00:00,202211.0,123582683.0,1669619009597.0,99764425.0,121.0,UNILEVER NEPAL LTD-NEPAL,PEPSODENT HERBAL,PEPSODENT HERBAL\170\GM\RS115,115.0,TUBE,170 GM,Any other reason,1669619009597-unilever nepal ltd-nepal-pepsodent herbal#3.png,RECODING,5.0,2.0,92719010,119.09111022949219,121.0,UNILEVER NEPAL LTD-NEPAL,PEPSODENT,PEPSODENT HERBAL,PEPSODENT HERBAL-TUBE 190 GMS,TUBE,190.000 GM,,,190.0,GM,0.0
48,2022-11-30 00:00:00,202211.0,123582683.0,1669619009597.0,99764425.0,121.0,UNILEVER NEPAL LTD-NEPAL,PEPSODENT HERBAL,PEPSODENT HERBAL\170\GM\RS115,115.0,TUBE,170 GM,Any other reason,1669619009597-unilever nepal ltd-nepal-pepsodent herbal#3.png,RECODING,5.0,3.0,92720289,120.8656005859375,121.0,UNILEVER NEPAL LTD-NEPAL,PEPSODENT,PEPSODENT HERBAL,PEPSODENT HERBAL-TUBE 80 GMS,TUBE,80.000 GM,,,80.0,GM,0.0
48,2022-11-30 00:00:00,202211.0,123582683.0,1669619009597.0,99764425.0,121.0,UNILEVER NEPAL LTD-NEPAL,PEPSODENT HERBAL,PEPSODENT HERBAL\170\GM\RS115,115.0,TUBE,170 GM,Any other reason,1669619009597-unilever nepal ltd-nepal-pepsodent herbal#3.png,RECODING,5.0,4.0,92719009,122.01107788085938,121.0,UNILEVER NEPAL LTD-NEPAL,PEPSODENT,PEPSODENT HERBAL,PEPSODENT HERBAL-TUBE 120 GMS,TUBE,120.000 GM,,,120.0,GM,0.0
48,2022-11-30 00:00:00,202211.0,123582683.0,1669619009597.0,99764425.0,121.0,UNILEVER NEPAL LTD-NEPAL,PEPSODENT HERBAL,PEPSODENT HERBAL\170\GM\RS115,115.0,TUBE,170 GM,Any other reason,1669619009597-unilever nepal ltd-nepal-pepsodent herbal#3.png,RECODING,5.0,5.0,92720409,122.24957275390625,121.0,UNILEVER NEPAL LTD-NEPAL,PEPSODENT,PEPSODENT HERBAL,PEPSODENT HERBAL-TUBE 40 GMS,TUBE,40.000 GM,,,40.0,GM,0.0
48,2022-11-30 00:00:00,202211.0,123582683.0,1669619009597.0,99764425.0,121.0,UNILEVER NEPAL LTD-NEPAL,PEPSODENT HERBAL,PEPSODENT HERBAL\170\GM\RS115,115.0,TUBE,170 GM,Any other reason,1669619009597-unilever nepal ltd-nepal-pepsodent herbal#3.png,RECODING,5.0,6.0,92720288,122.392333984375,121.0,UNILEVER NEPAL LTD-NEPAL,PEPSODENT,PEPSODENT HERBAL,PEPSODENT HERBAL-TUBE 175 GMS,TUBE,175.000 GM,,,175.0,GM,0.0
48,2022-11-30 00:00:00,202211.0,123582683.0,1669619009597.0,99764425.0,121.0,UNILEVER NEPAL LTD-NEPAL,PEPSODENT HERBAL,PEPSODENT HERBAL\170\GM\RS115,115.0,TUBE,170 GM,Any other reason,1669619009597-unilever nepal ltd-nepal-pepsodent herbal#3.png,RECODING,5.0,7.0,54175,125.57942199707031,121.0,UNILEVER NEPAL LTD-NEPAL,PEPSODENT,PEPSODENT HERBAL,PEPSODENT HERBAL-NAUTRE ESSTENTIAL TUBE 175 GM,TUBE,175.000 GM,,,175.0,GM,0.0
48,2022-11-30 00:00:00,202211.0,123582683.0,1669619009597.0,99764425.0,121.0,UNILEVER NEPAL LTD-NEPAL,PEPSODENT HERBAL,PEPSODENT HERBAL\170\GM\RS115,115.0,TUBE,170 GM,Any other reason,1669619009597-unilever nepal ltd-nepal-pepsodent herbal#3.png,RECODING,5.0,8.0,54496,125.76560974121094,121.0,UNILEVER NEPAL LTD-NEPAL,PEPSODENT,PEPSODENT HERBAL,PEPSODENT HERBAL-NATURE ESSTENTIAL TUBE 40 GM,TUBE,40.000 GM,,,40.0,GM,0.0
48,2022-11-30 00:00:00,202211.0,123582683.0,1669619009597.0,99764425.0,121.0,UNILEVER NEPAL LTD-NEPAL,PEPSODENT HERBAL,PEPSODENT HERBAL\170\GM\RS115,115.0,TUBE,170 GM,Any other reason,1669619009597-unilever nepal ltd-nepal-pepsodent herbal#3.png,RECODING,5.0,9.0,99764425,126.30241394042969,121.0,UNILEVER NEPAL LTD-NEPAL,PEPSODENT,PEPSODENT HERBAL,PEPSODENT HERBAL-NAUTRE ESSTENTIAL TUBE 170 GM,TUBE,170.000 GM,,,170.0,GM,115.0
48,2022-11-30 00:00:00,202211.0,123582683.0,1669619009597.0,99764425.0,121.0,UNILEVER NEPAL LTD-NEPAL,PEPSODENT HERBAL,PEPSODENT HERBAL\170\GM\RS115,115.0,TUBE,170 GM,Any other reason,1669619009597-unilever nepal ltd-nepal-pepsodent herbal#3.png,RECODING,5.0,10.0,54907,127.76080322265625,121.0,UNILEVER NEPAL LTD-NEPAL,PEPSODENT,PEPSODENT HERBAL,PEPSODENT HERBAL-NATURE ESSENTIAL TUBE 80 GM,TUBE,80.000 GM,,,80.0,GM,0.0
49,2022-11-30 00:00:00,202211.0,123582683.0,1669614101045.0,99764428.0,122.0,JYOTHY LABORATORIES LTD-INDIA,HENKO 3+1,HENKO\3+1KG\RS 1056,1050.0,PPH,3+1 KG,New SKU,1669614101045-jyothy laboratories ltd-india-henko 3-1#3.png,RECODING,5.0,1.0,47123,150.0537109375,123.0,JYOTHY LABORATORIES LTD-INDIA,HENKO,HENKO STAIN CHAMPION,HENKO STAIN CHAMPION-PPH 400 GMS,PLPCH,400.000 GM,,,400.0,GM,0.0
49,2022-11-30 00:00:00,202211.0,123582683.0,1669614101045.0,99764428.0,122.0,JYOTHY LABORATORIES LTD-INDIA,HENKO 3+1,HENKO\3+1KG\RS 1056,1050.0,PPH,3+1 KG,New SKU,1669614101045-jyothy laboratories ltd-india-henko 3-1#3.png,RECODING,5.0,2.0,51390,155.4869384765625,122.0,JYOTHY LABORATORIES LTD-INDIA,HENKO,HENKO MATIC,HENKO MATIC-CBP 1000 GM+FR 500 GM,CDBOX,1000.000 GM,,,1500.0,GM,0.0
49,2022-11-30 00:00:00,202211.0,123582683.0,1669614101045.0,99764428.0,122.0,JYOTHY LABORATORIES LTD-INDIA,HENKO 3+1,HENKO\3+1KG\RS 1056,1050.0,PPH,3+1 KG,New SKU,1669614101045-jyothy laboratories ltd-india-henko 3-1#3.png,RECODING,5.0,3.0,51225,155.567138671875,122.0,JYOTHY LABORATORIES LTD-INDIA,HENKO,HENKO STAIN CARE,HENKO STAIN CARE-PPH 1000 GM+RS 41.6,PLPCH,1000.000 GM,,,1000.0,GM,0.0
49,2022-11-30 00:00:00,202211.0,123582683.0,1669614101045.0,99764428.0,122.0,JYOTHY LABORATORIES LTD-INDIA,HENKO 3+1,HENKO\3+1KG\RS 1056,1050.0,PPH,3+1 KG,New SKU,1669614101045-jyothy laboratories ltd-india-henko 3-1#3.png,RECODING,5.0,4.0,50744,156.76217651367188,123.0,JYOTHY LABORATORIES LTD-INDIA,PRIL,PRIL,PRIL-PPH 3*200 GM+RS 6.4 OFF,PLPCH,200.000 GM,,,600.0,GM,0.0
49,2022-11-30 00:00:00,202211.0,123582683.0,1669614101045.0,99764428.0,122.0,JYOTHY LABORATORIES LTD-INDIA,HENKO 3+1,HENKO\3+1KG\RS 1056,1050.0,PPH,3+1 KG,New SKU,1669614101045-jyothy laboratories ltd-india-henko 3-1#3.png,RECODING,5.0,5.0,93023582,157.94064331054688,122.0,JYOTHY LABORATORIES LTD-INDIA,SUPER,SUPER CHEK,SUPER CHEK-ORANGE FRESH PPH 1000 GMS,PLPCH,1000.000 GM,,,1000.0,GM,0.0
49,2022-11-30 00:00:00,202211.0,123582683.0,1669614101045.0,99764428.0,122.0,JYOTHY LABORATORIES LTD-INDIA,HENKO 3+1,HENKO\3+1KG\RS 1056,1050.0,PPH,3+1 KG,New SKU,1669614101045-jyothy laboratories ltd-india-henko 3-1#3.png,RECODING,5.0,6.0,52682,158.118408203125,122.0,JYOTHY LABORATORIES LTD-INDIA,HENKO,HENKO STAIN CARE,HENKO STAIN CARE-PPH 500 GM+RS 22.40,PLPCH,500.000 GM,,,500.0,GM,0.0
49,2022-11-30 00:00:00,202211.0,123582683.0,1669614101045.0,99764428.0,122.0,JYOTHY LABORATORIES LTD-INDIA,HENKO 3+1,HENKO\3+1KG\RS 1056,1050.0,PPH,3+1 KG,New SKU,1669614101045-jyothy laboratories ltd-india-henko 3-1#3.png,RECODING,5.0,7.0,93023724,158.30831909179688,122.0,JYOTHY LABORATORIES LTD-INDIA,SUPER,SUPER CHEK,SUPER CHEK-ORANGE FRESH PPH 500 GMS,PLPCH,500.000 GM,,,500.0,GM,0.0
49,2022-11-30 00:00:00,202211.0,123582683.0,1669614101045.0,99764428.0,122.0,JYOTHY LABORATORIES LTD-INDIA,HENKO 3+1,HENKO\3+1KG\RS 1056,1050.0,PPH,3+1 KG,New SKU,1669614101045-jyothy laboratories ltd-india-henko 3-1#3.png,RECODING,5.0,8.0,92923067,159.58197021484375,123.0,JYOTHY LABORATORIES LTD-INDIA,PRIL,PRIL,PRIL-EWP 145 GMS,EWRPK,145.000 GM,,,145.0,GM,0.0
49,2022-11-30 00:00:00,202211.0,123582683.0,1669614101045.0,99764428.0,122.0,JYOTHY LABORATORIES LTD-INDIA,HENKO 3+1,HENKO\3+1KG\RS 1056,1050.0,PPH,3+1 KG,New SKU,1669614101045-jyothy laboratories ltd-india-henko 3-1#3.png,RECODING,5.0,9.0,99763776,159.66757202148438,122.0,JYOTHY LABORATORIES LTD-INDIA,HENKO,HENKO STAIN CARE,HENKO STAIN CARE-PPH 1000 GM+SAVE RS.40,PLPCH,1000.000 GM,,,1000.0,GM,155.0
49,2022-11-30 00:00:00,202211.0,123582683.0,1669614101045.0,99764428.0,122.0,JYOTHY LABORATORIES LTD-INDIA,HENKO 3+1,HENKO\3+1KG\RS 1056,1050.0,PPH,3+1 KG,New SKU,1669614101045-jyothy laboratories ltd-india-henko 3-1#3.png,RECODING,5.0,10.0,99764860,159.83181762695312,122.0,JYOTHY LABORATORIES LTD-INDIA,HENKO,HENKO MATIC,HENKO MATIC-FRONT LOAD CBP 1000 GM+RS 56 OFF,CDBOX,1000.000 GM,,,1000.0,GM,496.0
50,2022-11-30 00:00:00,202211.0,123582683.0,1669613483545.0,99764422.0,106.0,PERFETTI VAN MELLE-INDIA,MINI MENTOS RAINBOW,MENTOS RAINBOW\1000\GM\RS1000 ,1000.0,PCN,1000GM,New SKU,1669613483545-perfetti van melle-india-mini mentos rainbow#3.png,RECODING,5.0,1.0,99764422,130.0660400390625,106.0,PERFETTI VAN MELLE-INDIA,MENTOS,MENTOS MINI RAINBOW,MENTOS MINI RAINBOW-ASSORTED PCN 1000 GM,PLJAR,1000.000 GM,ASSORTED,,1000.0,GM,1000.0
50,2022-11-30 00:00:00,202211.0,123582683.0,1669613483545.0,99764422.0,106.0,PERFETTI VAN MELLE-INDIA,MINI MENTOS RAINBOW,MENTOS RAINBOW\1000\GM\RS1000 ,1000.0,PCN,1000GM,New SKU,1669613483545-perfetti van melle-india-mini mentos rainbow#3.png,RECODING,5.0,2.0,99762754,151.45660400390625,106.0,PERFETTI VAN MELLE-INDIA,MENTOS,MENTOS RAINBOW,MENTOS RAINBOW MINI-EWP 10 GM,EWRPK,10.000 GM,FRUIT,,10.0,GM,10.0
50,2022-11-30 00:00:00,202211.0,123582683.0,1669613483545.0,99764422.0,106.0,PERFETTI VAN MELLE-INDIA,MINI MENTOS RAINBOW,MENTOS RAINBOW\1000\GM\RS1000 ,1000.0,PCN,1000GM,New SKU,1669613483545-perfetti van melle-india-mini mentos rainbow#3.png,RECODING,5.0,3.0,91826575,152.38323974609375,106.0,PERFETTI VAN MELLE-INDIA,MENTOS,MENTOS RAINBOW,MENTOS RAINBOW- EWP 31.2 GM,EWRPK,31.200 GM,FRUIT,,31.2,GM,0.0
50,2022-11-30 00:00:00,202211.0,123582683.0,1669613483545.0,99764422.0,106.0,PERFETTI VAN MELLE-INDIA,MINI MENTOS RAINBOW,MENTOS RAINBOW\1000\GM\RS1000 ,1000.0,PCN,1000GM,New SKU,1669613483545-perfetti van melle-india-mini mentos rainbow#3.png,RECODING,5.0,4.0,51338,159.06094360351562,106.0,PERFETTI VAN MELLE-INDIA,MENTOS,MENTOS RAINBOW,MENTOS RAINBOW-EWP 28.6 GM,EWRPK,28.600 GM,FRUIT,,28.6,GM,0.0
50,2022-11-30 00:00:00,202211.0,123582683.0,1669613483545.0,99764422.0,106.0,PERFETTI VAN MELLE-INDIA,MINI MENTOS RAINBOW,MENTOS RAINBOW\1000\GM\RS1000 ,1000.0,PCN,1000GM,New SKU,1669613483545-perfetti van melle-india-mini mentos rainbow#3.png,RECODING,5.0,5.0,51340,164.17953491210938,106.0,PERFETTI VAN MELLE-INDIA,MENTOS,MENTOS RAINBOW,MENTOS RAINBOW-EWP 28.6 GM+FR EMENTICONS,EWRPK,28.600 GM,FRUIT,,28.6,GM,0.0
50,2022-11-30 00:00:00,202211.0,123582683.0,1669613483545.0,99764422.0,106.0,PERFETTI VAN MELLE-INDIA,MINI MENTOS RAINBOW,MENTOS RAINBOW\1000\GM\RS1000 ,1000.0,PCN,1000GM,New SKU,1669613483545-perfetti van melle-india-mini mentos rainbow#3.png,RECODING,5.0,6.0,91826233,171.71429443359375,106.0,PERFETTI VAN MELLE-INDIA,MENTOS,MENTOS,MENTOS- ORANGE PPH 3.5 GM,PLPCH,3.500 GM,ORANGE,,3.5,GM,0.0
50,2022-11-30 00:00:00,202211.0,123582683.0,1669613483545.0,99764422.0,106.0,PERFETTI VAN MELLE-INDIA,MINI MENTOS RAINBOW,MENTOS RAINBOW\1000\GM\RS1000 ,1000.0,PCN,1000GM,New SKU,1669613483545-perfetti van melle-india-mini mentos rainbow#3.png,RECODING,5.0,7.0,91826238,172.65447998046875,106.0,PERFETTI VAN MELLE-INDIA,MENTOS,MENTOS,MENTOS- ORANGE EWP 31.2 GM,EWRPK,31.200 GM,ORANGE,,31.2,GM,0.0
50,2022-11-30 00:00:00,202211.0,123582683.0,1669613483545.0,99764422.0,106.0,PERFETTI VAN MELLE-INDIA,MINI MENTOS RAINBOW,MENTOS RAINBOW\1000\GM\RS1000 ,1000.0,PCN,1000GM,New SKU,1669613483545-perfetti van melle-india-mini mentos rainbow#3.png,RECODING,5.0,8.0,91826227,172.7068328857422,106.0,PERFETTI VAN MELLE-INDIA,MENTOS,MENTOS,MENTOS- ORANGE PPH 3.4 GM,PLPCH,3.400 GM,ORANGE,,3.4,GM,0.0
50,2022-11-30 00:00:00,202211.0,123582683.0,1669613483545.0,99764422.0,106.0,PERFETTI VAN MELLE-INDIA,MINI MENTOS RAINBOW,MENTOS RAINBOW\1000\GM\RS1000 ,1000.0,PCN,1000GM,New SKU,1669613483545-perfetti van melle-india-mini mentos rainbow#3.png,RECODING,5.0,9.0,52919,172.7677001953125,106.0,PERFETTI VAN MELLE-INDIA,MENTOS,MENTOS,MENTOS-ORANGE PPH 20.8 GM,PLPCH,20.800 GM,ORANGE,,20.8,GM,0.0
50,2022-11-30 00:00:00,202211.0,123582683.0,1669613483545.0,99764422.0,106.0,PERFETTI VAN MELLE-INDIA,MINI MENTOS RAINBOW,MENTOS RAINBOW\1000\GM\RS1000 ,1000.0,PCN,1000GM,New SKU,1669613483545-perfetti van melle-india-mini mentos rainbow#3.png,RECODING,5.0,10.0,99764530,174.75262451171875,106.0,PERFETTI VAN MELLE-INDIA,MENTOS,MENTOS,MENTOS-ASSORTED PCN 520 GM,PLJAR,520.000 GM,ASSORTED,,520.0,GM,200.0
51,2022-11-30 00:00:00,202211.0,113268388.0,1669707881773.0,99764430.0,123.0,TILOTTAMA SOAP-NEPAL,MOON ULTRA,MOON ULTRA-DETERGENT SOAP PPH 100 GM,10.0,PPH,100 GM,,1669707881773-tilottama soap-nepal-moon ultra#3.png,RECODING,5.0,1.0,99764430,116.13861846923828,123.0,TILOTTAMA SOAP-NEPAL,MOON ULTRA,MOON ULTRA,MOON ULTRA-DETERGENT SOAP PPH 100 GM,PLPCH,100.000 GM,,,100.0,GM,10.0
51,2022-11-30 00:00:00,202211.0,113268388.0,1669707881773.0,99764430.0,123.0,TILOTTAMA SOAP-NEPAL,MOON ULTRA,MOON ULTRA-DETERGENT SOAP PPH 100 GM,10.0,PPH,100 GM,,1669707881773-tilottama soap-nepal-moon ultra#3.png,RECODING,5.0,2.0,54387,116.99124908447266,123.0,TILOTTAMA SOAP-NEPAL,MOON ULTRA,MOON ULTRA,MOON ULTRA-DETERGENT SOAP PPH 90 GM,PLPCH,90.000 GM,,,90.0,GM,0.0
51,2022-11-30 00:00:00,202211.0,113268388.0,1669707881773.0,99764430.0,123.0,TILOTTAMA SOAP-NEPAL,MOON ULTRA,MOON ULTRA-DETERGENT SOAP PPH 100 GM,10.0,PPH,100 GM,,1669707881773-tilottama soap-nepal-moon ultra#3.png,RECODING,5.0,3.0,54509,117.39686584472656,123.0,TILOTTAMA SOAP-NEPAL,MOON ULTRA,MOON ULTRA,MOON ULTRA-DETERGENT SOAP PPH 180 GM,PLPCH,180.000 GM,,,180.0,GM,0.0
51,2022-11-30 00:00:00,202211.0,113268388.0,1669707881773.0,99764430.0,123.0,TILOTTAMA SOAP-NEPAL,MOON ULTRA,MOON ULTRA-DETERGENT SOAP PPH 100 GM,10.0,PPH,100 GM,,1669707881773-tilottama soap-nepal-moon ultra#3.png,RECODING,5.0,4.0,50349,121.40595245361328,123.0,TILOTTAMA SOAP-NEPAL,MOON ULTRA,MOON ULTRA,MOON ULTRA-DISHWASHER PCN 400 GM,PLJAR,400.000 GM,,,400.0,GM,0.0
51,2022-11-30 00:00:00,202211.0,113268388.0,1669707881773.0,99764430.0,123.0,TILOTTAMA SOAP-NEPAL,MOON ULTRA,MOON ULTRA-DETERGENT SOAP PPH 100 GM,10.0,PPH,100 GM,,1669707881773-tilottama soap-nepal-moon ultra#3.png,RECODING,5.0,5.0,46814,126.26918029785156,123.0,TILOTTAMA SOAP-NEPAL,MOON ULTRA,MOON ULTRA,MOON ULTRA-DETERGENT SOAP EWP 95 GM,EWRPK,95.000 GM,,,95.0,GM,0.0
51,2022-11-30 00:00:00,202211.0,113268388.0,1669707881773.0,99764430.0,123.0,TILOTTAMA SOAP-NEPAL,MOON ULTRA,MOON ULTRA-DETERGENT SOAP PPH 100 GM,10.0,PPH,100 GM,,1669707881773-tilottama soap-nepal-moon ultra#3.png,RECODING,5.0,6.0,49408,137.06890869140625,122.0,TILOTTAMA SOAP-NEPAL,MOON ULTRA,MOON ULTRA,MOON ULTRA-OXYGEN POWER NEEM LMN & ORNG PPH 250GM,PLPCH,250.000 GM,,,250.0,GM,0.0
51,2022-11-30 00:00:00,202211.0,113268388.0,1669707881773.0,99764430.0,123.0,TILOTTAMA SOAP-NEPAL,MOON ULTRA,MOON ULTRA-DETERGENT SOAP PPH 100 GM,10.0,PPH,100 GM,,1669707881773-tilottama soap-nepal-moon ultra#3.png,RECODING,5.0,7.0,49576,138.36048889160156,122.0,TILOTTAMA SOAP-NEPAL,MOON ULTRA,MOON ULTRA,MOON ULTRA-OXYGEN POWER NEEM LMN & ORNG PPH 1 KG,PLPCH,1000.000 GM,,,1000.0,GM,0.0
51,2022-11-30 00:00:00,202211.0,113268388.0,1669707881773.0,99764430.0,123.0,TILOTTAMA SOAP-NEPAL,MOON ULTRA,MOON ULTRA-DETERGENT SOAP PPH 100 GM,10.0,PPH,100 GM,,1669707881773-tilottama soap-nepal-moon ultra#3.png,RECODING,5.0,8.0,47118,138.69265747070312,122.0,TILOTTAMA SOAP-NEPAL,MOON ULTRA,MOON ULTRA,MOON ULTRA-OXYGEN POWER NEEM LMN & ORNG PPH 650GM,PLPCH,650.000 GM,,,650.0,GM,0.0
51,2022-11-30 00:00:00,202211.0,113268388.0,1669707881773.0,99764430.0,123.0,TILOTTAMA SOAP-NEPAL,MOON ULTRA,MOON ULTRA-DETERGENT SOAP PPH 100 GM,10.0,PPH,100 GM,,1669707881773-tilottama soap-nepal-moon ultra#3.png,RECODING,5.0,9.0,46239,139.546630859375,122.0,TILOTTAMA SOAP-NEPAL,MOON ULTRA,MOON ULTRA,MOON ULTRA-OXYGEN POWER NEEM LMN & ORNG PPH 275GM,PLPCH,275.000 GM,,,275.0,GM,0.0
51,2022-11-30 00:00:00,202211.0,113268388.0,1669707881773.0,99764430.0,123.0,TILOTTAMA SOAP-NEPAL,MOON ULTRA,MOON ULTRA-DETERGENT SOAP PPH 100 GM,10.0,PPH,100 GM,,1669707881773-tilottama soap-nepal-moon ultra#3.png,RECODING,5.0,10.0,99764179,162.4361572265625,123.0,NAMASTE S.I (P)-NEPAL,JUN,JUN,JUN-LAUNDRY SOAP PPH 200 GM,PLPCH,200.000 GM,,,200.0,GM,40.0
52,2022-12-01 00:00:00,202211.0,129824754.0,1669781286677.0,99764401.0,120.0,UNILEVER NEPAL LTD-NEPAL,LIFE BUOY TOTAL PROTECT,LIFE BUOY\43GN\EWP\TOTAL PROTECT ACTIVE SILVER ,18.0,EWP,43GM,,1669781286677-unilever nepal ltd-nepal-life buoy total protect#3.png,RECODING,5.0,1.0,99764401,99.96087646484375,120.0,UNILEVER NEPAL LTD-NEPAL,LIFE BUOY,LIFE BUOY TOTAL PROTECT,LIFE BUOY TOTAL PROTECT-ACTIV SILVER EWP 43 GM,EWRPK,43.000 GM,,,43.0,GM,18.0
52,2022-12-01 00:00:00,202211.0,129824754.0,1669781286677.0,99764401.0,120.0,UNILEVER NEPAL LTD-NEPAL,LIFE BUOY TOTAL PROTECT,LIFE BUOY\43GN\EWP\TOTAL PROTECT ACTIVE SILVER ,18.0,EWP,43GM,,1669781286677-unilever nepal ltd-nepal-life buoy total protect#3.png,RECODING,5.0,2.0,99764885,102.92341613769531,120.0,UNILEVER NEPAL LTD-NEPAL,LIFE BUOY,LIFE BUOY TOTAL PROTECT,LIFE BUOY TOTAL PROTECT-ACTIV SILVER EWP 100 GM,EWRPK,100.000 GM,,,100.0,GM,45.0
52,2022-12-01 00:00:00,202211.0,129824754.0,1669781286677.0,99764401.0,120.0,UNILEVER NEPAL LTD-NEPAL,LIFE BUOY TOTAL PROTECT,LIFE BUOY\43GN\EWP\TOTAL PROTECT ACTIVE SILVER ,18.0,EWP,43GM,,1669781286677-unilever nepal ltd-nepal-life buoy total protect#3.png,RECODING,5.0,3.0,99763277,103.61686706542969,120.0,UNILEVER NEPAL LTD-NEPAL,LIFE BUOY,LIFE BUOY TOTAL PROTECT,LIFE BUOY TOTAL PROTECT-ACTIV SILVER EWP 95 GM,EWRPK,95.000 GM,,,95.0,GM,35.0
52,2022-12-01 00:00:00,202211.0,129824754.0,1669781286677.0,99764401.0,120.0,UNILEVER NEPAL LTD-NEPAL,LIFE BUOY TOTAL PROTECT,LIFE BUOY\43GN\EWP\TOTAL PROTECT ACTIVE SILVER ,18.0,EWP,43GM,,1669781286677-unilever nepal ltd-nepal-life buoy total protect#3.png,RECODING,5.0,4.0,99764184,105.62355041503906,120.0,UNILEVER NEPAL LTD-NEPAL,LIFE BUOY,LIFE BUOY TOTAL PROTECT,LIFE BUOY TOTAL PROTECT-ACTIV SILVER EWP 90 GM,EWRPK,90.000 GM,,,90.0,GM,40.0
52,2022-12-01 00:00:00,202211.0,129824754.0,1669781286677.0,99764401.0,120.0,UNILEVER NEPAL LTD-NEPAL,LIFE BUOY TOTAL PROTECT,LIFE BUOY\43GN\EWP\TOTAL PROTECT ACTIVE SILVER ,18.0,EWP,43GM,,1669781286677-unilever nepal ltd-nepal-life buoy total protect#3.png,RECODING,5.0,5.0,99764186,106.299560546875,120.0,UNILEVER NEPAL LTD-NEPAL,LIFE BUOY,LIFE BUOY,LIFE BUOY-GERM PROTECTION SILVER SHLD EWP 4*49GM,EWRPK,49.000 GM,,,196.0,GM,65.0
52,2022-12-01 00:00:00,202211.0,129824754.0,1669781286677.0,99764401.0,120.0,UNILEVER NEPAL LTD-NEPAL,LIFE BUOY TOTAL PROTECT,LIFE BUOY\43GN\EWP\TOTAL PROTECT ACTIVE SILVER ,18.0,EWP,43GM,,1669781286677-unilever nepal ltd-nepal-life buoy total protect#3.png,RECODING,5.0,6.0,99763291,106.5296401977539,120.0,UNILEVER NEPAL LTD-NEPAL,LIFE BUOY,LIFE BUOY TOTAL PROTECT,LIFE BUOY TOTAL PROTECT-ACTIV SILVER EWP 4*95 GM+SAVE RS12,EWRPK,95.000 GM,,,380.0,GM,140.0
52,2022-12-01 00:00:00,202211.0,129824754.0,1669781286677.0,99764401.0,120.0,UNILEVER NEPAL LTD-NEPAL,LIFE BUOY TOTAL PROTECT,LIFE BUOY\43GN\EWP\TOTAL PROTECT ACTIVE SILVER ,18.0,EWP,43GM,,1669781286677-unilever nepal ltd-nepal-life buoy total protect#3.png,RECODING,5.0,7.0,99763642,107.22407531738281,120.0,UNILEVER NEPAL LTD-NEPAL,LIFE BUOY,LIFE BUOY,LIFE BUOY-SILVER DEFENCE+ GERM PROTECTION EWP 51GM,EWRPK,51.000 GM,,,51.0,GM,16.0
52,2022-12-01 00:00:00,202211.0,129824754.0,1669781286677.0,99764401.0,120.0,UNILEVER NEPAL LTD-NEPAL,LIFE BUOY TOTAL PROTECT,LIFE BUOY\43GN\EWP\TOTAL PROTECT ACTIVE SILVER ,18.0,EWP,43GM,,1669781286677-unilever nepal ltd-nepal-life buoy total protect#3.png,RECODING,5.0,8.0,99763896,107.91346740722656,120.0,UNILEVER NEPAL LTD-NEPAL,LIFE BUOY,LIFE BUOY,LIFE BUOY-SILVER DEFENCE+ GERM PROTECTION EWP 46GM,EWRPK,46.000 GM,,,46.0,GM,16.0
52,2022-12-01 00:00:00,202211.0,129824754.0,1669781286677.0,99764401.0,120.0,UNILEVER NEPAL LTD-NEPAL,LIFE BUOY TOTAL PROTECT,LIFE BUOY\43GN\EWP\TOTAL PROTECT ACTIVE SILVER ,18.0,EWP,43GM,,1669781286677-unilever nepal ltd-nepal-life buoy total protect#3.png,RECODING,5.0,9.0,99764234,108.64439392089844,120.0,UNILEVER NEPAL LTD-NEPAL,LIFE BUOY,LIFE BUOY,LIFE BUOY-GERM PROTECTION SILVER SHLD EWP 4*46GM,EWRPK,46.000 GM,,,184.0,GM,64.0
52,2022-12-01 00:00:00,202211.0,129824754.0,1669781286677.0,99764401.0,120.0,UNILEVER NEPAL LTD-NEPAL,LIFE BUOY TOTAL PROTECT,LIFE BUOY\43GN\EWP\TOTAL PROTECT ACTIVE SILVER ,18.0,EWP,43GM,,1669781286677-unilever nepal ltd-nepal-life buoy total protect#3.png,RECODING,5.0,10.0,99763348,108.70045471191406,120.0,UNILEVER NEPAL LTD-NEPAL,LIFE BUOY,LIFE BUOY TOTAL PROTECT,LIFE BUOY TOTAL PROTECT-ACTIV SILVER EWP 4*95 GM+SAVE RS10,EWRPK,95.000 GM,,,380.0,GM,138.0
53,2022-12-01 00:00:00,202211.0,128841141.0,1669783012525.0,99764431.0,123.0,KWALITY CHEM PVT LTD-NEPAL,BISHAL,BISHAL\125GM\PPH\WASHING SOAP ,25.0,PPH,125GM,,1669783012525-kwality chem pvt ltd-nepal-bishal#3.png,RECODING,5.0,1.0,99764431,121.30146789550781,123.0,KWALITY CHEM PVT LTD-NEPAL,BISHAL,BISHAL,BISHAL-LAUNDRY SOAP PPH 125 GM,PLPCH,125.000 GM,,,125.0,GM,25.0
53,2022-12-01 00:00:00,202211.0,128841141.0,1669783012525.0,99764431.0,123.0,KWALITY CHEM PVT LTD-NEPAL,BISHAL,BISHAL\125GM\PPH\WASHING SOAP ,25.0,PPH,125GM,,1669783012525-kwality chem pvt ltd-nepal-bishal#3.png,RECODING,5.0,2.0,53913,121.416015625,123.0,KWALITY CHEM PVT LTD-NEPAL,BISHAL,BISHAL,BISHAL-SUPER LAUNDRY SOAP PPH 220 GM,PLPCH,220.000 GM,,,220.0,GM,0.0
53,2022-12-01 00:00:00,202211.0,128841141.0,1669783012525.0,99764431.0,123.0,KWALITY CHEM PVT LTD-NEPAL,BISHAL,BISHAL\125GM\PPH\WASHING SOAP ,25.0,PPH,125GM,,1669783012525-kwality chem pvt ltd-nepal-bishal#3.png,RECODING,5.0,3.0,99764179,129.54177856445312,123.0,NAMASTE S.I (P)-NEPAL,JUN,JUN,JUN-LAUNDRY SOAP PPH 200 GM,PLPCH,200.000 GM,,,200.0,GM,40.0
53,2022-12-01 00:00:00,202211.0,128841141.0,1669783012525.0,99764431.0,123.0,KWALITY CHEM PVT LTD-NEPAL,BISHAL,BISHAL\125GM\PPH\WASHING SOAP ,25.0,PPH,125GM,,1669783012525-kwality chem pvt ltd-nepal-bishal#3.png,RECODING,5.0,4.0,99762767,131.82012939453125,123.0,NAMASTE S.I (P)-NEPAL,JUN,JUN,JUN-LAUNDRY SOAP PPH 500 GM,PLPCH,500.000 GM,,,500.0,GM,100.0
53,2022-12-01 00:00:00,202211.0,128841141.0,1669783012525.0,99764431.0,123.0,KWALITY CHEM PVT LTD-NEPAL,BISHAL,BISHAL\125GM\PPH\WASHING SOAP ,25.0,PPH,125GM,,1669783012525-kwality chem pvt ltd-nepal-bishal#3.png,RECODING,5.0,5.0,99762860,132.6788330078125,123.0,KWALITY CHEM PVT LTD-NEPAL,KWALITY,KWALITY,KWALITY-LAUNDRY SOAP PPH 200 GM,PLPCH,200.000 GM,,,200.0,GM,40.0
53,2022-12-01 00:00:00,202211.0,128841141.0,1669783012525.0,99764431.0,123.0,KWALITY CHEM PVT LTD-NEPAL,BISHAL,BISHAL\125GM\PPH\WASHING SOAP ,25.0,PPH,125GM,,1669783012525-kwality chem pvt ltd-nepal-bishal#3.png,RECODING,5.0,6.0,99762708,133.94265747070312,123.0,KWALITY CHEM PVT LTD-NEPAL,KWALITY,KWALITY,KWALITY-LAUNDRY SOAP PPH 100 GM,PLPCH,100.000 GM,,,100.0,GM,20.0
53,2022-12-01 00:00:00,202211.0,128841141.0,1669783012525.0,99764431.0,123.0,KWALITY CHEM PVT LTD-NEPAL,BISHAL,BISHAL\125GM\PPH\WASHING SOAP ,25.0,PPH,125GM,,1669783012525-kwality chem pvt ltd-nepal-bishal#3.png,RECODING,5.0,7.0,99763369,135.09225463867188,123.0,KWALITY CHEM PVT LTD-NEPAL,KWALITY,KWALITY,KWALITY-LAUNDRY SOAP PPH 250 GM,PLPCH,250.000 GM,,,250.0,GM,50.0
53,2022-12-01 00:00:00,202211.0,128841141.0,1669783012525.0,99764431.0,123.0,KWALITY CHEM PVT LTD-NEPAL,BISHAL,BISHAL\125GM\PPH\WASHING SOAP ,25.0,PPH,125GM,,1669783012525-kwality chem pvt ltd-nepal-bishal#3.png,RECODING,5.0,8.0,51682,135.55001831054688,122.0,KWALITY SOAPS & CHEM. - NEPAL,123,123,123-PPH 4500 GM,PLPCH,4500.000 GM,,,4500.0,GM,0.0
53,2022-12-01 00:00:00,202211.0,128841141.0,1669783012525.0,99764431.0,123.0,KWALITY CHEM PVT LTD-NEPAL,BISHAL,BISHAL\125GM\PPH\WASHING SOAP ,25.0,PPH,125GM,,1669783012525-kwality chem pvt ltd-nepal-bishal#3.png,RECODING,5.0,9.0,99763328,137.57907104492188,123.0,KWALITY CHEM PVT LTD-NEPAL,KWALITY,KWALITY,KWALITY-LAUNDRY SOAP PPH 150 GM,PLPCH,150.000 GM,,,150.0,GM,30.0
53,2022-12-01 00:00:00,202211.0,128841141.0,1669783012525.0,99764431.0,123.0,KWALITY CHEM PVT LTD-NEPAL,BISHAL,BISHAL\125GM\PPH\WASHING SOAP ,25.0,PPH,125GM,,1669783012525-kwality chem pvt ltd-nepal-bishal#3.png,RECODING,5.0,10.0,99762707,139.48602294921875,123.0,KWALITY CHEM PVT LTD-NEPAL,KWALITY,KWALITY 2 IN 1,KWALITY 2 IN 1-BATH & WASH PERFUMED SOAP PPH 200 GM,PLPCH,200.000 GM,,,200.0,GM,40.0
54,2022-12-01 00:00:00,202211.0,128702098.0,1669785461299.0,99764432.0,123.0,HIMALAYAN SOAP & CHEM.- NEPAL,DHONI XTRAA,DHONI XTRAA\100GM\PPH\LAUNDRY SOAP ,20.0,PPH ,100GM,,1669785461299-himalayan soap - chem-- nepal-dhoni xtraa#3.png,RECODING,5.0,1.0,54377,111.41875457763672,123.0,HIMGIRI SOAP & CHEMICALS-NEPAL,DHONI,DHONI,DHONI-XTRAA LAUNDRY SOAP PPH 210 GM,PLPCH,210.000 GM,,,210.0,GM,0.0
54,2022-12-01 00:00:00,202211.0,128702098.0,1669785461299.0,99764432.0,123.0,HIMALAYAN SOAP & CHEM.- NEPAL,DHONI XTRAA,DHONI XTRAA\100GM\PPH\LAUNDRY SOAP ,20.0,PPH ,100GM,,1669785461299-himalayan soap - chem-- nepal-dhoni xtraa#3.png,RECODING,5.0,2.0,46260,111.51702880859375,123.0,HIMGIRI SOAP & CHEMICALS-NEPAL,DHONI,DHONI,DHONI-XTRAA LAUNDRY SOAP PPH 200 GM,PLPCH,200.000 GM,,,200.0,GM,0.0
54,2022-12-01 00:00:00,202211.0,128702098.0,1669785461299.0,99764432.0,123.0,HIMALAYAN SOAP & CHEM.- NEPAL,DHONI XTRAA,DHONI XTRAA\100GM\PPH\LAUNDRY SOAP ,20.0,PPH ,100GM,,1669785461299-himalayan soap - chem-- nepal-dhoni xtraa#3.png,RECODING,5.0,3.0,50548,112.4082260131836,123.0,HIMGIRI SOAP & CHEMICALS-NEPAL,DHONI,DHONI,DHONI-XTRAA LAUNDRY SOAP PPH 6*200 GM,PLPCH,200.000 GM,,,1200.0,GM,0.0
54,2022-12-01 00:00:00,202211.0,128702098.0,1669785461299.0,99764432.0,123.0,HIMALAYAN SOAP & CHEM.- NEPAL,DHONI XTRAA,DHONI XTRAA\100GM\PPH\LAUNDRY SOAP ,20.0,PPH ,100GM,,1669785461299-himalayan soap - chem-- nepal-dhoni xtraa#3.png,RECODING,5.0,4.0,51127,113.3526840209961,123.0,HIMGIRI SOAP & CHEMICALS-NEPAL,DHONI,DHONI,DHONI-XTRAA LAUNDRY SOAP PPH 105 GM,PLPCH,105.000 GM,,,105.0,GM,0.0
54,2022-12-01 00:00:00,202211.0,128702098.0,1669785461299.0,99764432.0,123.0,HIMALAYAN SOAP & CHEM.- NEPAL,DHONI XTRAA,DHONI XTRAA\100GM\PPH\LAUNDRY SOAP ,20.0,PPH ,100GM,,1669785461299-himalayan soap - chem-- nepal-dhoni xtraa#3.png,RECODING,5.0,5.0,49869,113.79010009765625,123.0,HIMGIRI SOAP & CHEMICALS-NEPAL,DHONI,DHONI,DHONI-XTRAA LAUNDRY SOAP PPH 280 GM,PLPCH,280.000 GM,,,280.0,GM,0.0
54,2022-12-01 00:00:00,202211.0,128702098.0,1669785461299.0,99764432.0,123.0,HIMALAYAN SOAP & CHEM.- NEPAL,DHONI XTRAA,DHONI XTRAA\100GM\PPH\LAUNDRY SOAP ,20.0,PPH ,100GM,,1669785461299-himalayan soap - chem-- nepal-dhoni xtraa#3.png,RECODING,5.0,6.0,54311,114.99713134765625,123.0,HIMGIRI SOAP & CHEMICALS-NEPAL,DHONI,DHONI,DHONI-XTRAA LAUNDRY SOAP PPH 6*190 GM,PLPCH,190.000 GM,,,1140.0,GM,0.0
54,2022-12-01 00:00:00,202211.0,128702098.0,1669785461299.0,99764432.0,123.0,HIMALAYAN SOAP & CHEM.- NEPAL,DHONI XTRAA,DHONI XTRAA\100GM\PPH\LAUNDRY SOAP ,20.0,PPH ,100GM,,1669785461299-himalayan soap - chem-- nepal-dhoni xtraa#3.png,RECODING,5.0,7.0,99762901,117.88473510742188,123.0,HIMGIRI SOAP & CHEMICALS-NEPAL,DHONI,DHONI,DHONI-LAUNDRY SOAP PPH 3*167 GM [500GM],PLPCH,167.000 GM,,,500.0,GM,100.0
54,2022-12-01 00:00:00,202211.0,128702098.0,1669785461299.0,99764432.0,123.0,HIMALAYAN SOAP & CHEM.- NEPAL,DHONI XTRAA,DHONI XTRAA\100GM\PPH\LAUNDRY SOAP ,20.0,PPH ,100GM,,1669785461299-himalayan soap - chem-- nepal-dhoni xtraa#3.png,RECODING,5.0,8.0,52448,118.97145080566406,123.0,HIMGIRI SOAP & CHEMICALS-NEPAL,DHONI,DHONI,DHONI-LAUNDRY SOAP PPH 3*220 GM,PLPCH,220.000 GM,,,660.0,GM,0.0
54,2022-12-01 00:00:00,202211.0,128702098.0,1669785461299.0,99764432.0,123.0,HIMALAYAN SOAP & CHEM.- NEPAL,DHONI XTRAA,DHONI XTRAA\100GM\PPH\LAUNDRY SOAP ,20.0,PPH ,100GM,,1669785461299-himalayan soap - chem-- nepal-dhoni xtraa#3.png,RECODING,5.0,9.0,53650,120.23928833007812,123.0,HIMGIRI SOAP & CHEMICALS-NEPAL,DHONI,DHONI,DHONI-LAUNDRY SOAP PPH 200 GM,PLPCH,200.000 GM,,,200.0,GM,0.0
54,2022-12-01 00:00:00,202211.0,128702098.0,1669785461299.0,99764432.0,123.0,HIMALAYAN SOAP & CHEM.- NEPAL,DHONI XTRAA,DHONI XTRAA\100GM\PPH\LAUNDRY SOAP ,20.0,PPH ,100GM,,1669785461299-himalayan soap - chem-- nepal-dhoni xtraa#3.png,RECODING,5.0,10.0,49825,120.54768371582031,123.0,HIMGIRI SOAP & CHEMICALS-NEPAL,DHONI,DHONI,DHONI-LAUNDRY SOAP PPH 210 GM,PLPCH,210.000 GM,,,210.0,GM,0.0
55,2022-12-01 00:00:00,202211.0,128702098.0,1669786429636.0,99764429.0,122.0,PROCTER & GAMBLE - INDIA,ARIEL,ARIEL\11GM\PPH\PERFECT WASH,3.2,PPH ,11GN,,1669786429636-procter - gamble - india-ariel#3.png,RECODING,5.0,1.0,51865,115.24565124511719,122.0,PROCTER & GAMBLE - INDIA,ARIEL,ARIEL,ARIEL-PERFECT WASH PPH 12 GM,PLPCH,12.000 GM,,,12.0,GM,0.0
55,2022-12-01 00:00:00,202211.0,128702098.0,1669786429636.0,99764429.0,122.0,PROCTER & GAMBLE - INDIA,ARIEL,ARIEL\11GM\PPH\PERFECT WASH,3.2,PPH ,11GN,,1669786429636-procter - gamble - india-ariel#3.png,RECODING,5.0,2.0,54975,118.96528625488281,122.0,PROCTER & GAMBLE - INDIA,ARIEL,ARIEL,ARIEL-PERFECT WASH PPH 500 GM,PLPCH,500.000 GM,,,500.0,GM,0.0
55,2022-12-01 00:00:00,202211.0,128702098.0,1669786429636.0,99764429.0,122.0,PROCTER & GAMBLE - INDIA,ARIEL,ARIEL\11GM\PPH\PERFECT WASH,3.2,PPH ,11GN,,1669786429636-procter - gamble - india-ariel#3.png,RECODING,5.0,3.0,52535,119.14830017089844,122.0,PROCTER & GAMBLE - INDIA,ARIEL,ARIEL,ARIEL-PERFECT WASH PPH 60 GM,PLPCH,60.000 GM,,,60.0,GM,0.0
55,2022-12-01 00:00:00,202211.0,128702098.0,1669786429636.0,99764429.0,122.0,PROCTER & GAMBLE - INDIA,ARIEL,ARIEL\11GM\PPH\PERFECT WASH,3.2,PPH ,11GN,,1669786429636-procter - gamble - india-ariel#3.png,RECODING,5.0,4.0,99764429,120.33824157714844,122.0,PROCTER & GAMBLE - INDIA,ARIEL,ARIEL,ARIEL-PERFECT WASH PPH 11 GM,PLPCH,11.000 GM,,,11.0,GM,5.0
55,2022-12-01 00:00:00,202211.0,128702098.0,1669786429636.0,99764429.0,122.0,PROCTER & GAMBLE - INDIA,ARIEL,ARIEL\11GM\PPH\PERFECT WASH,3.2,PPH ,11GN,,1669786429636-procter - gamble - india-ariel#3.png,RECODING,5.0,5.0,51866,122.86998748779297,122.0,PROCTER & GAMBLE - INDIA,ARIEL,ARIEL,ARIEL-PERFECT WASH PPH 55 GM+25 GM EXT,PLPCH,55.000 GM,,,80.0,GM,0.0
55,2022-12-01 00:00:00,202211.0,128702098.0,1669786429636.0,99764429.0,122.0,PROCTER & GAMBLE - INDIA,ARIEL,ARIEL\11GM\PPH\PERFECT WASH,3.2,PPH ,11GN,,1669786429636-procter - gamble - india-ariel#3.png,RECODING,5.0,6.0,51313,123.515380859375,122.0,PROCTER & GAMBLE - INDIA,ARIEL,ARIEL,ARIEL-PERFECT WASH PPH 60 GM+25 GM EXT,PLPCH,60.000 GM,,,85.0,GM,0.0
55,2022-12-01 00:00:00,202211.0,128702098.0,1669786429636.0,99764429.0,122.0,PROCTER & GAMBLE - INDIA,ARIEL,ARIEL\11GM\PPH\PERFECT WASH,3.2,PPH ,11GN,,1669786429636-procter - gamble - india-ariel#3.png,RECODING,5.0,7.0,49106,123.6629638671875,122.0,PROCTER & GAMBLE - INDIA,ARIEL,ARIEL,ARIEL-PERFECT WASH PPH 11 GM+30% EXT [3.3G],PLPCH,11.000 GM,,,14.3,GM,0.0
55,2022-12-01 00:00:00,202211.0,128702098.0,1669786429636.0,99764429.0,122.0,PROCTER & GAMBLE - INDIA,ARIEL,ARIEL\11GM\PPH\PERFECT WASH,3.2,PPH ,11GN,,1669786429636-procter - gamble - india-ariel#3.png,RECODING,5.0,8.0,50560,132.0314483642578,122.0,PROCTER & GAMBLE - INDIA,ARIEL,ARIEL,ARIEL-PPH 2000 GM,PLPCH,2000.000 GM,,,2000.0,GM,0.0
55,2022-12-01 00:00:00,202211.0,128702098.0,1669786429636.0,99764429.0,122.0,PROCTER & GAMBLE - INDIA,ARIEL,ARIEL\11GM\PPH\PERFECT WASH,3.2,PPH ,11GN,,1669786429636-procter - gamble - india-ariel#3.png,RECODING,5.0,9.0,51605,134.71841430664062,122.0,PROCTER & GAMBLE - INDIA,ARIEL,ARIEL,ARIEL-PPH 1000 GM,PLPCH,1000.000 GM,,,1000.0,GM,0.0
55,2022-12-01 00:00:00,202211.0,128702098.0,1669786429636.0,99764429.0,122.0,PROCTER & GAMBLE - INDIA,ARIEL,ARIEL\11GM\PPH\PERFECT WASH,3.2,PPH ,11GN,,1669786429636-procter - gamble - india-ariel#3.png,RECODING,5.0,10.0,51221,136.36395263671875,122.0,PROCTER & GAMBLE - INDIA,ARIEL,ARIEL COMPLETE,ARIEL COMPLETE-PPH 200 GM,PLPCH,200.000 GM,,,200.0,GM,0.0
56,2022-12-01 00:00:00,202211.0,128715435.0,1669789663068.0,99764419.0,106.0,ASIAN BISCUITS & CONFECTNRY-NP,GOODLIFE COFFEE TIME,GOODLIFE COFFEE TIME,1.0,EWP,3G,,1669789663068-asian biscuits - confectnry-np-goodlife coffee time#3.png,RECODING,5.0,1.0,99764419,113.96051025390625,106.0,ASIAN BISCUITS & CONFECTNRY-NP,GOODLIFE,GOODLIFE COFFEE TIME,GOODLIFE COFFEE TIME-COFFEE EWP 3 GM,EWRPK,3.000 GM,COFFEE,,3.0,GM,1.0
56,2022-12-01 00:00:00,202211.0,128715435.0,1669789663068.0,99764419.0,106.0,ASIAN BISCUITS & CONFECTNRY-NP,GOODLIFE COFFEE TIME,GOODLIFE COFFEE TIME,1.0,EWP,3G,,1669789663068-asian biscuits - confectnry-np-goodlife coffee time#3.png,RECODING,5.0,2.0,91826550,153.7463836669922,106.0,ASIAN BISCUITS & CONFECTNRY-NP,GOODLIFE,GOODLIFE COFFINO,GOODLIFE COFFINO- COFFEE PPH 4 GM,PLPCH,4.000 GM,COFFEE,,4.0,GM,0.0
56,2022-12-01 00:00:00,202211.0,128715435.0,1669789663068.0,99764419.0,106.0,ASIAN BISCUITS & CONFECTNRY-NP,GOODLIFE COFFEE TIME,GOODLIFE COFFEE TIME,1.0,EWP,3G,,1669789663068-asian biscuits - confectnry-np-goodlife coffee time#3.png,RECODING,5.0,3.0,47832,176.06492614746094,106.0,ASIAN BISCUITS & CONFECTNRY-NP,GOODLIFE,GOODLIFE DOUBLE BREAK,GOODLIFE DOUBLE BREAK-EWP 3 GM,PLPCH,3.000 GM,UNSPECIFIED,,3.0,GM,0.0
56,2022-12-01 00:00:00,202211.0,128715435.0,1669789663068.0,99764419.0,106.0,ASIAN BISCUITS & CONFECTNRY-NP,GOODLIFE COFFEE TIME,GOODLIFE COFFEE TIME,1.0,EWP,3G,,1669789663068-asian biscuits - confectnry-np-goodlife coffee time#3.png,RECODING,5.0,4.0,99764421,177.4766387939453,106.0,ASIAN BISCUITS & CONFECTNRY-NP,GOODLIFE,GOODLIFE CHATAK,GOODLIFE CHATAK-PPH 3 GM,PLPCH,3.000 GM,UNSPECIFIED,,3.0,GM,1.0
56,2022-12-01 00:00:00,202211.0,128715435.0,1669789663068.0,99764419.0,106.0,ASIAN BISCUITS & CONFECTNRY-NP,GOODLIFE COFFEE TIME,GOODLIFE COFFEE TIME,1.0,EWP,3G,,1669789663068-asian biscuits - confectnry-np-goodlife coffee time#3.png,RECODING,5.0,5.0,91826548,182.44921875,106.0,ASIAN BISCUITS & CONFECTNRY-NP,GOODLIFE,GOODLIFE,GOODLIFE- PPH 10 GM,PLPCH,10.000 GM,FRUIT,,10.0,GM,0.0
56,2022-12-01 00:00:00,202211.0,128715435.0,1669789663068.0,99764419.0,106.0,ASIAN BISCUITS & CONFECTNRY-NP,GOODLIFE COFFEE TIME,GOODLIFE COFFEE TIME,1.0,EWP,3G,,1669789663068-asian biscuits - confectnry-np-goodlife coffee time#3.png,RECODING,5.0,6.0,45920,183.55096435546875,106.0,ASIAN BISCUITS & CONFECTNRY-NP,GOODLIFE,GOODLIFE JUMBO POP,GOODLIFE JUMBO POP-FRUIT LOLLIPOP PPH 12 GM,PLPCH,12.000 GM,FRUIT,,12.0,GM,0.0
56,2022-12-01 00:00:00,202211.0,128715435.0,1669789663068.0,99764419.0,106.0,ASIAN BISCUITS & CONFECTNRY-NP,GOODLIFE COFFEE TIME,GOODLIFE COFFEE TIME,1.0,EWP,3G,,1669789663068-asian biscuits - confectnry-np-goodlife coffee time#3.png,RECODING,5.0,7.0,91826742,184.6414794921875,106.0,ASIAN BISCUITS & CONFECTNRY-NP,GOODLIFE,GOODLIFE,GOODLIFE- COLA PPH 4.00 GM,PLPCH,4.000 GM,COLA,,4.0,GM,0.0
56,2022-12-01 00:00:00,202211.0,128715435.0,1669789663068.0,99764419.0,106.0,ASIAN BISCUITS & CONFECTNRY-NP,GOODLIFE COFFEE TIME,GOODLIFE COFFEE TIME,1.0,EWP,3G,,1669789663068-asian biscuits - confectnry-np-goodlife coffee time#3.png,RECODING,5.0,8.0,91826552,187.3090057373047,106.0,ASIAN BISCUITS & CONFECTNRY-NP,GOODLIFE,GOODLIFE DOUBLE BREAK,GOODLIFE DOUBLE BREAK-PPH 4 GM,PLPCH,4.000 GM,MILK,,4.0,GM,0.0
56,2022-12-01 00:00:00,202211.0,128715435.0,1669789663068.0,99764419.0,106.0,ASIAN BISCUITS & CONFECTNRY-NP,GOODLIFE COFFEE TIME,GOODLIFE COFFEE TIME,1.0,EWP,3G,,1669789663068-asian biscuits - confectnry-np-goodlife coffee time#3.png,RECODING,5.0,9.0,91827434,187.44305419921875,106.0,ASIAN BISCUITS & CONFECTNRY-NP,GOODLIFE,GOODLIFE DOUBLE BREAK,GOODLIFE DOUBLE BREAK-CLASSIC CHOCLAT TOFEE PPH 4GM,PLPCH,4.000 GM,CHOCOLATE,,4.0,GM,0.0
56,2022-12-01 00:00:00,202211.0,128715435.0,1669789663068.0,99764419.0,106.0,ASIAN BISCUITS & CONFECTNRY-NP,GOODLIFE COFFEE TIME,GOODLIFE COFFEE TIME,1.0,EWP,3G,,1669789663068-asian biscuits - confectnry-np-goodlife coffee time#3.png,RECODING,5.0,10.0,99764629,189.91677856445312,106.0,ASIAN BISCUITS & CONFECTNRY-NP,GOODLIFE,GOODLIFE DOUBLE TWIX,GOODLIFE DOUBLE TWIX-EWP 3 GM,EWRPK,3.000 GM,MILK,,3.0,GM,1.0
57,2022-12-01 00:00:00,202211.0,128715435.0,1669790004873.0,99764406.0,106.0,SUJAL FOODS PVT LTD-NEPAL,SMART LOLLYPOP,SMART LOLLYPOP LITCHI EWP 9G,5.0,EWP,9G,,1669790004873-sujal foods pvt ltd-nepal-smart lollypop#3.png,RECODING,5.0,1.0,99764537,124.51072692871094,106.0,SUJAL FOODS PVT LTD-NEPAL,SMART,SMART LOLLYPOP,SMART LOLLYPOP- LITCHI PCN 900 GM,PLJAR,900.000 GM,LYCHEE,,900.0,GM,500.0
57,2022-12-01 00:00:00,202211.0,128715435.0,1669790004873.0,99764406.0,106.0,SUJAL FOODS PVT LTD-NEPAL,SMART LOLLYPOP,SMART LOLLYPOP LITCHI EWP 9G,5.0,EWP,9G,,1669790004873-sujal foods pvt ltd-nepal-smart lollypop#3.png,RECODING,5.0,2.0,99764879,124.58680725097656,106.0,SUJAL FOODS PVT LTD-NEPAL,SMART,SMART LOLLYPOP,SMART LOLLYPOP- LITCHI PCN 1000 GM,PLJAR,1000.000 GM,LYCHEE,,1000.0,GM,420.0
57,2022-12-01 00:00:00,202211.0,128715435.0,1669790004873.0,99764406.0,106.0,SUJAL FOODS PVT LTD-NEPAL,SMART LOLLYPOP,SMART LOLLYPOP LITCHI EWP 9G,5.0,EWP,9G,,1669790004873-sujal foods pvt ltd-nepal-smart lollypop#3.png,RECODING,5.0,3.0,99764406,125.13933563232422,106.0,SUJAL FOODS PVT LTD-NEPAL,SMART,SMART LOLLYPOP,SMART LOLLYPOP- LITCHI EWP 9 GM,EWRPK,9.000 GM,LYCHEE,,9.0,GM,5.0
57,2022-12-01 00:00:00,202211.0,128715435.0,1669790004873.0,99764406.0,106.0,SUJAL FOODS PVT LTD-NEPAL,SMART LOLLYPOP,SMART LOLLYPOP LITCHI EWP 9G,5.0,EWP,9G,,1669790004873-sujal foods pvt ltd-nepal-smart lollypop#3.png,RECODING,5.0,4.0,46734,128.05142211914062,106.0,SUJAL FOODS PVT LTD-NEPAL,SMART,SMART LOLLYPOP,SMART LOLLYPOP- LITCHI PPH 10 GM,PLPCH,10.000 GM,LYCHEE,,10.0,GM,0.0
57,2022-12-01 00:00:00,202211.0,128715435.0,1669790004873.0,99764406.0,106.0,SUJAL FOODS PVT LTD-NEPAL,SMART LOLLYPOP,SMART LOLLYPOP LITCHI EWP 9G,5.0,EWP,9G,,1669790004873-sujal foods pvt ltd-nepal-smart lollypop#3.png,RECODING,5.0,5.0,91826264,128.79202270507812,106.0,SUJAL FOODS PVT LTD-NEPAL,SMART,SMART LOLLYPOP,SMART LOLLYPOP- ORANGE PPH 6 GM,PLPCH,6.000 GM,ORANGE,,6.0,GM,0.0
57,2022-12-01 00:00:00,202211.0,128715435.0,1669790004873.0,99764406.0,106.0,SUJAL FOODS PVT LTD-NEPAL,SMART LOLLYPOP,SMART LOLLYPOP LITCHI EWP 9G,5.0,EWP,9G,,1669790004873-sujal foods pvt ltd-nepal-smart lollypop#3.png,RECODING,5.0,6.0,99764536,129.10580444335938,106.0,SUJAL FOODS PVT LTD-NEPAL,SMART,SMART LOLLYPOP,SMART LOLLYPOP- COLA PCN 900 GM,PLJAR,900.000 GM,COLA,,900.0,GM,330.0
57,2022-12-01 00:00:00,202211.0,128715435.0,1669790004873.0,99764406.0,106.0,SUJAL FOODS PVT LTD-NEPAL,SMART LOLLYPOP,SMART LOLLYPOP LITCHI EWP 9G,5.0,EWP,9G,,1669790004873-sujal foods pvt ltd-nepal-smart lollypop#3.png,RECODING,5.0,7.0,99764373,133.09725952148438,106.0,SUJAL FOODS PVT LTD-NEPAL,SMART,SMART LOLLYPOP,SMART LOLLYPOP- COLA EWP 5 GM,EWRPK,5.000 GM,COLA,,5.0,GM,2.0
57,2022-12-01 00:00:00,202211.0,128715435.0,1669790004873.0,99764406.0,106.0,SUJAL FOODS PVT LTD-NEPAL,SMART LOLLYPOP,SMART LOLLYPOP LITCHI EWP 9G,5.0,EWP,9G,,1669790004873-sujal foods pvt ltd-nepal-smart lollypop#3.png,RECODING,5.0,8.0,99764333,133.1099395751953,106.0,SUJAL FOODS PVT LTD-NEPAL,SMART,SMART LOLLYPOP,SMART LOLLYPOP- COLA EWP 9 GM,EWRPK,9.000 GM,COLA,,9.0,GM,5.0
57,2022-12-01 00:00:00,202211.0,128715435.0,1669790004873.0,99764406.0,106.0,SUJAL FOODS PVT LTD-NEPAL,SMART LOLLYPOP,SMART LOLLYPOP LITCHI EWP 9G,5.0,EWP,9G,,1669790004873-sujal foods pvt ltd-nepal-smart lollypop#3.png,RECODING,5.0,9.0,91826266,134.20468139648438,106.0,SUJAL FOODS PVT LTD-NEPAL,SMART,SMART LOLLYPOP,SMART LOLLYPOP- COLA PPH 6 GM,PLPCH,6.000 GM,COLA,,6.0,GM,0.0
57,2022-12-01 00:00:00,202211.0,128715435.0,1669790004873.0,99764406.0,106.0,SUJAL FOODS PVT LTD-NEPAL,SMART LOLLYPOP,SMART LOLLYPOP LITCHI EWP 9G,5.0,EWP,9G,,1669790004873-sujal foods pvt ltd-nepal-smart lollypop#3.png,RECODING,5.0,10.0,99764739,134.64413452148438,106.0,SUJAL FOODS PVT LTD-NEPAL,SMART,SMART LOLLYPOP,SMART LOLLYPOP- PULPY ORANGE PCN 1000 GM,PLJAR,1000.000 GM,ORANGE,,1000.0,GM,500.0
58,2022-12-01 00:00:00,202211.0,128715435.0,1669789318392.0,99764420.0,106.0,ASIAN BISCUITS & CONFECTNRY-NP,GOODLIFE,GOODLIFE DOUBLE MINT EWP 3G,1.0,1,3G,,1669789318392-asian biscuits - confectnry-np-goodlife#3.png,RECODING,5.0,1.0,99764420,136.93240356445312,106.0,ASIAN BISCUITS & CONFECTNRY-NP,GOODLIFE,GOODLIFE DOUBLE MINT,GOODLIFE DOUBLE MINT-MINT EWP 3 GM,EWRPK,3.000 GM,MINT,,3.0,GM,1.0
58,2022-12-01 00:00:00,202211.0,128715435.0,1669789318392.0,99764420.0,106.0,ASIAN BISCUITS & CONFECTNRY-NP,GOODLIFE,GOODLIFE DOUBLE MINT EWP 3G,1.0,1,3G,,1669789318392-asian biscuits - confectnry-np-goodlife#3.png,RECODING,5.0,2.0,47832,140.07894897460938,106.0,ASIAN BISCUITS & CONFECTNRY-NP,GOODLIFE,GOODLIFE DOUBLE BREAK,GOODLIFE DOUBLE BREAK-EWP 3 GM,PLPCH,3.000 GM,UNSPECIFIED,,3.0,GM,0.0
58,2022-12-01 00:00:00,202211.0,128715435.0,1669789318392.0,99764420.0,106.0,ASIAN BISCUITS & CONFECTNRY-NP,GOODLIFE,GOODLIFE DOUBLE MINT EWP 3G,1.0,1,3G,,1669789318392-asian biscuits - confectnry-np-goodlife#3.png,RECODING,5.0,3.0,45920,147.36215209960938,106.0,ASIAN BISCUITS & CONFECTNRY-NP,GOODLIFE,GOODLIFE JUMBO POP,GOODLIFE JUMBO POP-FRUIT LOLLIPOP PPH 12 GM,PLPCH,12.000 GM,FRUIT,,12.0,GM,0.0
58,2022-12-01 00:00:00,202211.0,128715435.0,1669789318392.0,99764420.0,106.0,ASIAN BISCUITS & CONFECTNRY-NP,GOODLIFE,GOODLIFE DOUBLE MINT EWP 3G,1.0,1,3G,,1669789318392-asian biscuits - confectnry-np-goodlife#3.png,RECODING,5.0,4.0,91826551,147.95236206054688,106.0,ASIAN BISCUITS & CONFECTNRY-NP,GOODLIFE,GOODLIFE MINT MOOD,GOODLIFE MINT MOOD- MINT PPH 4 GM,PLPCH,4.000 GM,MINT,,4.0,GM,0.0
58,2022-12-01 00:00:00,202211.0,128715435.0,1669789318392.0,99764420.0,106.0,ASIAN BISCUITS & CONFECTNRY-NP,GOODLIFE,GOODLIFE DOUBLE MINT EWP 3G,1.0,1,3G,,1669789318392-asian biscuits - confectnry-np-goodlife#3.png,RECODING,5.0,5.0,91826548,148.9716033935547,106.0,ASIAN BISCUITS & CONFECTNRY-NP,GOODLIFE,GOODLIFE,GOODLIFE- PPH 10 GM,PLPCH,10.000 GM,FRUIT,,10.0,GM,0.0
58,2022-12-01 00:00:00,202211.0,128715435.0,1669789318392.0,99764420.0,106.0,ASIAN BISCUITS & CONFECTNRY-NP,GOODLIFE,GOODLIFE DOUBLE MINT EWP 3G,1.0,1,3G,,1669789318392-asian biscuits - confectnry-np-goodlife#3.png,RECODING,5.0,6.0,99764629,150.8164825439453,106.0,ASIAN BISCUITS & CONFECTNRY-NP,GOODLIFE,GOODLIFE DOUBLE TWIX,GOODLIFE DOUBLE TWIX-EWP 3 GM,EWRPK,3.000 GM,MILK,,3.0,GM,1.0
58,2022-12-01 00:00:00,202211.0,128715435.0,1669789318392.0,99764420.0,106.0,ASIAN BISCUITS & CONFECTNRY-NP,GOODLIFE,GOODLIFE DOUBLE MINT EWP 3G,1.0,1,3G,,1669789318392-asian biscuits - confectnry-np-goodlife#3.png,RECODING,5.0,7.0,99764421,151.5124969482422,106.0,ASIAN BISCUITS & CONFECTNRY-NP,GOODLIFE,GOODLIFE CHATAK,GOODLIFE CHATAK-PPH 3 GM,PLPCH,3.000 GM,UNSPECIFIED,,3.0,GM,1.0
58,2022-12-01 00:00:00,202211.0,128715435.0,1669789318392.0,99764420.0,106.0,ASIAN BISCUITS & CONFECTNRY-NP,GOODLIFE,GOODLIFE DOUBLE MINT EWP 3G,1.0,1,3G,,1669789318392-asian biscuits - confectnry-np-goodlife#3.png,RECODING,5.0,8.0,99763302,154.53524780273438,106.0,ASIAN BISCUITS & CONFECTNRY-NP,GOODLIFE,GOODLIFE CENTER FREEZ,GOODLIFE CENTER FREEZ-ENDLESS MINT PPH 3.4 GM,PLPCH,3.400 GM,MINT,,3.4,GM,3.0
58,2022-12-01 00:00:00,202211.0,128715435.0,1669789318392.0,99764420.0,106.0,ASIAN BISCUITS & CONFECTNRY-NP,GOODLIFE,GOODLIFE DOUBLE MINT EWP 3G,1.0,1,3G,,1669789318392-asian biscuits - confectnry-np-goodlife#3.png,RECODING,5.0,9.0,99764562,154.78897094726562,106.0,ASIAN BISCUITS & CONFECTNRY-NP,GOODLIFE,GOODLIFE CENTER FREEZ,GOODLIFE CENTER FREEZ-ENDLESS MINT PCN 510 GM,PLJAR,510.000 GM,MINT,,510.0,GM,300.0
58,2022-12-01 00:00:00,202211.0,128715435.0,1669789318392.0,99764420.0,106.0,ASIAN BISCUITS & CONFECTNRY-NP,GOODLIFE,GOODLIFE DOUBLE MINT EWP 3G,1.0,1,3G,,1669789318392-asian biscuits - confectnry-np-goodlife#3.png,RECODING,5.0,10.0,91827434,158.66824340820312,106.0,ASIAN BISCUITS & CONFECTNRY-NP,GOODLIFE,GOODLIFE DOUBLE BREAK,GOODLIFE DOUBLE BREAK-CLASSIC CHOCLAT TOFEE PPH 4GM,PLPCH,4.000 GM,CHOCOLATE,,4.0,GM,0.0
59,2022-12-01 00:00:00,202211.0,128715435.0,1669791237873.0,99764433.0,123.0,SRIPATI SOAP & DETRGNT UDYG-NP,DALIMA,DALIMA HERBAL DISH BAR PPH 175G+25G ,20.0,PPH,175G+25GEXTRA,,1669791237873-sripati soap - detrgnt udyg-np-dalima#3.png,RECODING,5.0,1.0,99764433,131.23277282714844,123.0,SRIPATI SOAP & DETRGNT UDYG-NP,DALIMA,DALIMA HERBAL,DALIMA HERBAL-PPH 175 GM+25 GM EXTRA,PLPCH,175.000 GM,,,200.0,GM,20.0
59,2022-12-01 00:00:00,202211.0,128715435.0,1669791237873.0,99764433.0,123.0,SRIPATI SOAP & DETRGNT UDYG-NP,DALIMA,DALIMA HERBAL DISH BAR PPH 175G+25G ,20.0,PPH,175G+25GEXTRA,,1669791237873-sripati soap - detrgnt udyg-np-dalima#3.png,RECODING,5.0,2.0,52811,176.48744201660156,123.0,SRIPATI SOAP & DETRGNT UDYG-NP,SUPER SHINE,SUPER SHINE,SUPER SHINE-LEMON PPH 95 GM,PLPCH,95.000 GM,,,95.0,GM,0.0
59,2022-12-01 00:00:00,202211.0,128715435.0,1669791237873.0,99764433.0,123.0,SRIPATI SOAP & DETRGNT UDYG-NP,DALIMA,DALIMA HERBAL DISH BAR PPH 175G+25G ,20.0,PPH,175G+25GEXTRA,,1669791237873-sripati soap - detrgnt udyg-np-dalima#3.png,RECODING,5.0,3.0,52685,180.58917236328125,122.0,SRIPATI SOAP & DETRGNT UDYG-NP,SUPER,SUPER SHINE,SUPER SHINE-DETERGENT POWER PPH 1000 GM,PLPCH,1000.000 GM,,,1000.0,GM,0.0
59,2022-12-01 00:00:00,202211.0,128715435.0,1669791237873.0,99764433.0,123.0,SRIPATI SOAP & DETRGNT UDYG-NP,DALIMA,DALIMA HERBAL DISH BAR PPH 175G+25G ,20.0,PPH,175G+25GEXTRA,,1669791237873-sripati soap - detrgnt udyg-np-dalima#3.png,RECODING,5.0,4.0,92520986,182.10934448242188,120.0,JAI KALI JADIBUTI UDHYOG-NEPAL,OKHATI,OKHATI AYURVEDIC FACE SOAP,OKHATI AYURVEDIC FACE SOAP- CBP 50 GMS,CDBOX,50.000 GM,,,50.0,GM,0.0
59,2022-12-01 00:00:00,202211.0,128715435.0,1669791237873.0,99764433.0,123.0,SRIPATI SOAP & DETRGNT UDYG-NP,DALIMA,DALIMA HERBAL DISH BAR PPH 175G+25G ,20.0,PPH,175G+25GEXTRA,,1669791237873-sripati soap - detrgnt udyg-np-dalima#3.png,RECODING,5.0,5.0,99763498,183.84811401367188,122.0,SRIPATI SOAP & DETRGNT UDYG-NP,SUNSHINE,SUNSHINE ACTIVE OXYGEN,SUNSHINE ACTIVE OXYGEN-DETERGENT POWER PPH 1000 GM,PLPCH,1000.000 GM,,,1000.0,GM,100.0
59,2022-12-01 00:00:00,202211.0,128715435.0,1669791237873.0,99764433.0,123.0,SRIPATI SOAP & DETRGNT UDYG-NP,DALIMA,DALIMA HERBAL DISH BAR PPH 175G+25G ,20.0,PPH,175G+25GEXTRA,,1669791237873-sripati soap - detrgnt udyg-np-dalima#3.png,RECODING,5.0,6.0,99763287,184.98648071289062,123.0,SWADESHI SABUN UDHYOG-NEPAL,AAHA,AAHA HERBAL,AAHA HERBAL-DISHWASH BAR PPH 200 GM,PLPCH,200.000 GM,,,200.0,GM,20.0
59,2022-12-01 00:00:00,202211.0,128715435.0,1669791237873.0,99764433.0,123.0,SRIPATI SOAP & DETRGNT UDYG-NP,DALIMA,DALIMA HERBAL DISH BAR PPH 175G+25G ,20.0,PPH,175G+25GEXTRA,,1669791237873-sripati soap - detrgnt udyg-np-dalima#3.png,RECODING,5.0,7.0,52812,184.9916229248047,122.0,SRIPATI SOAP & DETRGNT UDYG-NP,SUPER,SUPER SHINE,SUPER SHINE-DETERGENT POWER PPH 250 GM,PLPCH,250.000 GM,,,250.0,GM,0.0
59,2022-12-01 00:00:00,202211.0,128715435.0,1669791237873.0,99764433.0,123.0,SRIPATI SOAP & DETRGNT UDYG-NP,DALIMA,DALIMA HERBAL DISH BAR PPH 175G+25G ,20.0,PPH,175G+25GEXTRA,,1669791237873-sripati soap - detrgnt udyg-np-dalima#3.png,RECODING,5.0,8.0,99763147,185.45376586914062,122.0,SRIPATI SOAP & DETRGNT UDYG-NP,SUPER,SUPER SHINE,SUPER SHINE-DETERGENT POWER PPH 200 GM,PLPCH,200.000 GM,,,200.0,GM,20.0
59,2022-12-01 00:00:00,202211.0,128715435.0,1669791237873.0,99764433.0,123.0,SRIPATI SOAP & DETRGNT UDYG-NP,DALIMA,DALIMA HERBAL DISH BAR PPH 175G+25G ,20.0,PPH,175G+25GEXTRA,,1669791237873-sripati soap - detrgnt udyg-np-dalima#3.png,RECODING,5.0,9.0,92960171,185.7364501953125,123.0,BHAGWATI SOAP IND - NEPAL,DALIMA,DALIMA,DALIMA-EWP 200GM+DALIMA WSH.PWD 15 GM,EWRPK,200.000 GM,,,200.0,GM,0.0
59,2022-12-01 00:00:00,202211.0,128715435.0,1669791237873.0,99764433.0,123.0,SRIPATI SOAP & DETRGNT UDYG-NP,DALIMA,DALIMA HERBAL DISH BAR PPH 175G+25G ,20.0,PPH,175G+25GEXTRA,,1669791237873-sripati soap - detrgnt udyg-np-dalima#3.png,RECODING,5.0,10.0,99763912,186.052734375,123.0,DHANGADHI SABUN UDHYOG-NEPAL ,DH SOAP ,DH SOAP ,DH SOAP-LAUNDRY SOAP PPH 200 GM,PLPCH,200.000 GM,,,200.0,GM,40.0
60,2022-12-01 00:00:00,202211.0,128715435.0,1669790296686.0,99764421.0,106.0,ASIAN BISCUITS & CONFECTNRY-NP,GOODLIFE CHATAK,GOODLIFE CHATAK,1.0,PPH,3G,,1669790296686-asian biscuits - confectnry-np-goodlife chatak#3.png,RECODING,5.0,1.0,99764421,111.95074462890625,106.0,ASIAN BISCUITS & CONFECTNRY-NP,GOODLIFE,GOODLIFE CHATAK,GOODLIFE CHATAK-PPH 3 GM,PLPCH,3.000 GM,UNSPECIFIED,,3.0,GM,1.0
60,2022-12-01 00:00:00,202211.0,128715435.0,1669790296686.0,99764421.0,106.0,ASIAN BISCUITS & CONFECTNRY-NP,GOODLIFE CHATAK,GOODLIFE CHATAK,1.0,PPH,3G,,1669790296686-asian biscuits - confectnry-np-goodlife chatak#3.png,RECODING,5.0,2.0,91826744,146.32122802734375,106.0,ASIAN BISCUITS & CONFECTNRY-NP,GOODLIFE,GOODLIFE ROCHAK,GOODLIFE ROCHAK- KHATTI MITHI PPH 4 GM,PLPCH,4.000 GM,KHATTI MITTHI,,4.0,GM,0.0
60,2022-12-01 00:00:00,202211.0,128715435.0,1669790296686.0,99764421.0,106.0,ASIAN BISCUITS & CONFECTNRY-NP,GOODLIFE CHATAK,GOODLIFE CHATAK,1.0,PPH,3G,,1669790296686-asian biscuits - confectnry-np-goodlife chatak#3.png,RECODING,5.0,3.0,91826548,147.9751434326172,106.0,ASIAN BISCUITS & CONFECTNRY-NP,GOODLIFE,GOODLIFE,GOODLIFE- PPH 10 GM,PLPCH,10.000 GM,FRUIT,,10.0,GM,0.0
60,2022-12-01 00:00:00,202211.0,128715435.0,1669790296686.0,99764421.0,106.0,ASIAN BISCUITS & CONFECTNRY-NP,GOODLIFE CHATAK,GOODLIFE CHATAK,1.0,PPH,3G,,1669790296686-asian biscuits - confectnry-np-goodlife chatak#3.png,RECODING,5.0,4.0,45920,153.5519256591797,106.0,ASIAN BISCUITS & CONFECTNRY-NP,GOODLIFE,GOODLIFE JUMBO POP,GOODLIFE JUMBO POP-FRUIT LOLLIPOP PPH 12 GM,PLPCH,12.000 GM,FRUIT,,12.0,GM,0.0
60,2022-12-01 00:00:00,202211.0,128715435.0,1669790296686.0,99764421.0,106.0,ASIAN BISCUITS & CONFECTNRY-NP,GOODLIFE CHATAK,GOODLIFE CHATAK,1.0,PPH,3G,,1669790296686-asian biscuits - confectnry-np-goodlife chatak#3.png,RECODING,5.0,5.0,91826742,154.70510864257812,106.0,ASIAN BISCUITS & CONFECTNRY-NP,GOODLIFE,GOODLIFE,GOODLIFE- COLA PPH 4.00 GM,PLPCH,4.000 GM,COLA,,4.0,GM,0.0
60,2022-12-01 00:00:00,202211.0,128715435.0,1669790296686.0,99764421.0,106.0,ASIAN BISCUITS & CONFECTNRY-NP,GOODLIFE CHATAK,GOODLIFE CHATAK,1.0,PPH,3G,,1669790296686-asian biscuits - confectnry-np-goodlife chatak#3.png,RECODING,5.0,6.0,47832,155.8353729248047,106.0,ASIAN BISCUITS & CONFECTNRY-NP,GOODLIFE,GOODLIFE DOUBLE BREAK,GOODLIFE DOUBLE BREAK-EWP 3 GM,PLPCH,3.000 GM,UNSPECIFIED,,3.0,GM,0.0
60,2022-12-01 00:00:00,202211.0,128715435.0,1669790296686.0,99764421.0,106.0,ASIAN BISCUITS & CONFECTNRY-NP,GOODLIFE CHATAK,GOODLIFE CHATAK,1.0,PPH,3G,,1669790296686-asian biscuits - confectnry-np-goodlife chatak#3.png,RECODING,5.0,7.0,99764562,159.876953125,106.0,ASIAN BISCUITS & CONFECTNRY-NP,GOODLIFE,GOODLIFE CENTER FREEZ,GOODLIFE CENTER FREEZ-ENDLESS MINT PCN 510 GM,PLJAR,510.000 GM,MINT,,510.0,GM,300.0
60,2022-12-01 00:00:00,202211.0,128715435.0,1669790296686.0,99764421.0,106.0,ASIAN BISCUITS & CONFECTNRY-NP,GOODLIFE CHATAK,GOODLIFE CHATAK,1.0,PPH,3G,,1669790296686-asian biscuits - confectnry-np-goodlife chatak#3.png,RECODING,5.0,8.0,99763302,161.78274536132812,106.0,ASIAN BISCUITS & CONFECTNRY-NP,GOODLIFE,GOODLIFE CENTER FREEZ,GOODLIFE CENTER FREEZ-ENDLESS MINT PPH 3.4 GM,PLPCH,3.400 GM,MINT,,3.4,GM,3.0
60,2022-12-01 00:00:00,202211.0,128715435.0,1669790296686.0,99764421.0,106.0,ASIAN BISCUITS & CONFECTNRY-NP,GOODLIFE CHATAK,GOODLIFE CHATAK,1.0,PPH,3G,,1669790296686-asian biscuits - confectnry-np-goodlife chatak#3.png,RECODING,5.0,9.0,91826285,162.72659301757812,106.0,ASIAN BISCUITS & CONFECTNRY-NP,GOODLIFE,GOODLIFE,GOODLIFE- LYCHEE PPH 4.00 GM,PLPCH,4.000 GM,LYCHEE,,4.0,GM,0.0
60,2022-12-01 00:00:00,202211.0,128715435.0,1669790296686.0,99764421.0,106.0,ASIAN BISCUITS & CONFECTNRY-NP,GOODLIFE CHATAK,GOODLIFE CHATAK,1.0,PPH,3G,,1669790296686-asian biscuits - confectnry-np-goodlife chatak#3.png,RECODING,5.0,10.0,91826552,163.881103515625,106.0,ASIAN BISCUITS & CONFECTNRY-NP,GOODLIFE,GOODLIFE DOUBLE BREAK,GOODLIFE DOUBLE BREAK-PPH 4 GM,PLPCH,4.000 GM,MILK,,4.0,GM,0.0
61,2022-12-01 00:00:00,202211.0,121565189.0,1669707119771.0,99764400.0,120.0,UNILEVER NEPAL LTD-NEPAL,LIFE BUOY,LIFE BUOY NATURE ACTIVE FORMULA EWP 90GM,40.0,EWP,90GM,,1669707119771-unilever nepal ltd-nepal-life buoy#3.png,RECODING,5.0,1.0,46980,108.69586181640625,120.0,UNILEVER NEPAL LTD-NEPAL,LIFE BUOY,LIFE BUOY NATURE,LIFE BUOY NATURE-ACTIV SILVER FORMULA EWP 100 GM,EWRPK,100.000 GM,,,100.0,GM,0.0
61,2022-12-01 00:00:00,202211.0,121565189.0,1669707119771.0,99764400.0,120.0,UNILEVER NEPAL LTD-NEPAL,LIFE BUOY,LIFE BUOY NATURE ACTIVE FORMULA EWP 90GM,40.0,EWP,90GM,,1669707119771-unilever nepal ltd-nepal-life buoy#3.png,RECODING,5.0,2.0,50717,109.24424743652344,120.0,UNILEVER NEPAL LTD-NEPAL,LIFE BUOY,LIFE BUOY NATURE,LIFE BUOY NATURE-ACTIV SILVER FORMULA EWP 95 GM,EWRPK,95.000 GM,,,95.0,GM,0.0
61,2022-12-01 00:00:00,202211.0,121565189.0,1669707119771.0,99764400.0,120.0,UNILEVER NEPAL LTD-NEPAL,LIFE BUOY,LIFE BUOY NATURE ACTIVE FORMULA EWP 90GM,40.0,EWP,90GM,,1669707119771-unilever nepal ltd-nepal-life buoy#3.png,RECODING,5.0,3.0,46979,110.26839447021484,120.0,UNILEVER NEPAL LTD-NEPAL,LIFE BUOY,LIFE BUOY TOTAL 10,LIFE BUOY TOTAL 10-ACTIV SILVER FORMULA EWP 125 GM,EWRPK,125.000 GM,,,125.0,GM,0.0
61,2022-12-01 00:00:00,202211.0,121565189.0,1669707119771.0,99764400.0,120.0,UNILEVER NEPAL LTD-NEPAL,LIFE BUOY,LIFE BUOY NATURE ACTIVE FORMULA EWP 90GM,40.0,EWP,90GM,,1669707119771-unilever nepal ltd-nepal-life buoy#3.png,RECODING,5.0,4.0,99764400,112.80937194824219,120.0,UNILEVER NEPAL LTD-NEPAL,LIFE BUOY,LIFE BUOY NATURE,LIFE BUOY NATURE-ACTIV SILVER FORMULA EWP 90 GM,EWRPK,90.000 GM,,,90.0,GM,40.0
61,2022-12-01 00:00:00,202211.0,121565189.0,1669707119771.0,99764400.0,120.0,UNILEVER NEPAL LTD-NEPAL,LIFE BUOY,LIFE BUOY NATURE ACTIVE FORMULA EWP 90GM,40.0,EWP,90GM,,1669707119771-unilever nepal ltd-nepal-life buoy#3.png,RECODING,5.0,5.0,92522126,115.09841918945312,120.0,UNILEVER NEPAL LTD-NEPAL,LIFE BUOY,LIFE BUOY ACTIVE RED,LIFE BUOY ACTIVE RED-EWP 62 GMS,EWRPK,62.000 GM,,,62.0,GM,0.0
61,2022-12-01 00:00:00,202211.0,121565189.0,1669707119771.0,99764400.0,120.0,UNILEVER NEPAL LTD-NEPAL,LIFE BUOY,LIFE BUOY NATURE ACTIVE FORMULA EWP 90GM,40.0,EWP,90GM,,1669707119771-unilever nepal ltd-nepal-life buoy#3.png,RECODING,5.0,6.0,92517205,116.02920532226562,120.0,UNILEVER NEPAL LTD-NEPAL,LIFE BUOY,LIFE BUOY ACTIVE RED,LIFE BUOY ACTIVE RED-EWP 50 GMS,EWRPK,50.000 GM,,,50.0,GM,0.0
61,2022-12-01 00:00:00,202211.0,121565189.0,1669707119771.0,99764400.0,120.0,UNILEVER NEPAL LTD-NEPAL,LIFE BUOY,LIFE BUOY NATURE ACTIVE FORMULA EWP 90GM,40.0,EWP,90GM,,1669707119771-unilever nepal ltd-nepal-life buoy#3.png,RECODING,5.0,7.0,92516905,116.21839904785156,120.0,UNILEVER NEPAL LTD-NEPAL,LIFE BUOY,LIFE BUOY ACTIVE RED,LIFE BUOY ACTIVE RED-EWP 125 GMS,EWRPK,125.000 GM,,,125.0,GM,0.0
61,2022-12-01 00:00:00,202211.0,121565189.0,1669707119771.0,99764400.0,120.0,UNILEVER NEPAL LTD-NEPAL,LIFE BUOY,LIFE BUOY NATURE ACTIVE FORMULA EWP 90GM,40.0,EWP,90GM,,1669707119771-unilever nepal ltd-nepal-life buoy#3.png,RECODING,5.0,8.0,92516906,116.751220703125,120.0,UNILEVER NEPAL LTD-NEPAL,LIFE BUOY,LIFE BUOY ACTIVE RED,LIFE BUOY ACTIVE RED-EWP 100 GMS,EWRPK,100.000 GM,,,100.0,GM,0.0
61,2022-12-01 00:00:00,202211.0,121565189.0,1669707119771.0,99764400.0,120.0,UNILEVER NEPAL LTD-NEPAL,LIFE BUOY,LIFE BUOY NATURE ACTIVE FORMULA EWP 90GM,40.0,EWP,90GM,,1669707119771-unilever nepal ltd-nepal-life buoy#3.png,RECODING,5.0,9.0,92517172,119.80288696289062,120.0,UNILEVER NEPAL LTD-NEPAL,LIFE BUOY,LIFE BUOY ACTIVE RED,LIFE BUOY ACTIVE RED-EWP 70 GMS,EWRPK,70.000 GM,,,70.0,GM,0.0
61,2022-12-01 00:00:00,202211.0,121565189.0,1669707119771.0,99764400.0,120.0,UNILEVER NEPAL LTD-NEPAL,LIFE BUOY,LIFE BUOY NATURE ACTIVE FORMULA EWP 90GM,40.0,EWP,90GM,,1669707119771-unilever nepal ltd-nepal-life buoy#3.png,RECODING,5.0,10.0,92527373,121.47337341308594,120.0,UNILEVER NEPAL LTD-NEPAL,LIFE BUOY,LIFE BUOY NATURE,LIFE BUOY NATURE-EWP 125 GMS,EWRPK,125.000 GM,,,125.0,GM,0.0
62,2022-12-01 00:00:00,202211.0,121565189.0,1669789078130.0,99764426.0,121.0,PATANJALI AYURVED PVT LTD-NEPAL,PATANJALI DANT KANTI,PATANJALI DANT KANTI RED TUBE 75GM,55.0,TUBE,75GM,,1669789078130-patanjali ayurved pvt ltd-nepal-patanjali dant kanti#3.png,RECODING,5.0,1.0,99764426,112.47410583496094,121.0,PATANJALI AYURVED PVT LTD-NEPAL,PATANJALI,PATANJALI DANT KANTI,PATANJALI DANT KANTI-RED TUBE 75 GM,TUBE,75.000 GM,,,75.0,GM,55.0
62,2022-12-01 00:00:00,202211.0,121565189.0,1669789078130.0,99764426.0,121.0,PATANJALI AYURVED PVT LTD-NEPAL,PATANJALI DANT KANTI,PATANJALI DANT KANTI RED TUBE 75GM,55.0,TUBE,75GM,,1669789078130-patanjali ayurved pvt ltd-nepal-patanjali dant kanti#3.png,RECODING,5.0,2.0,53113,115.34089660644531,121.0,PATANJALI AYURVED PVT LTD-NEPAL,PATANJALI,PATANJALI DANT KANTI,PATANJALI DANT KANTI-ADV DENTL CRM TUBE 200 GM,TUBE,200.000 GM,,,200.0,GM,0.0
62,2022-12-01 00:00:00,202211.0,121565189.0,1669789078130.0,99764426.0,121.0,PATANJALI AYURVED PVT LTD-NEPAL,PATANJALI DANT KANTI,PATANJALI DANT KANTI RED TUBE 75GM,55.0,TUBE,75GM,,1669789078130-patanjali ayurved pvt ltd-nepal-patanjali dant kanti#3.png,RECODING,5.0,3.0,53114,118.77851867675781,121.0,PATANJALI AYURVED PVT LTD-NEPAL,PATANJALI,PATANJALI DANT KANTI,PATANJALI DANT KANTI-ADV DENTL CRM TUBE 50 GM,TUBE,50.000 GM,,,50.0,GM,0.0
62,2022-12-01 00:00:00,202211.0,121565189.0,1669789078130.0,99764426.0,121.0,PATANJALI AYURVED PVT LTD-NEPAL,PATANJALI DANT KANTI,PATANJALI DANT KANTI RED TUBE 75GM,55.0,TUBE,75GM,,1669789078130-patanjali ayurved pvt ltd-nepal-patanjali dant kanti#3.png,RECODING,5.0,4.0,49225,120.02029418945312,121.0,PATANJALI AYURVED PVT LTD-NEPAL,PATANJALI,PATANJALI DANT KANTI,PATANJALI DANT KANTI-ADV DENTL CRM TUBE 100 GM,TUBE,100.000 GM,,,100.0,GM,0.0
62,2022-12-01 00:00:00,202211.0,121565189.0,1669789078130.0,99764426.0,121.0,PATANJALI AYURVED PVT LTD-NEPAL,PATANJALI DANT KANTI,PATANJALI DANT KANTI RED TUBE 75GM,55.0,TUBE,75GM,,1669789078130-patanjali ayurved pvt ltd-nepal-patanjali dant kanti#3.png,RECODING,5.0,5.0,99764220,123.67040252685547,121.0,PATANJALI AYURVED PVT LTD-NEPAL,PATANJALI,PATANJALI DANT KANTI,PATANJALI DANT KANTI-NATURAL TUBE 50 GM,TUBE,50.000 GM,,,50.0,GM,32.0
62,2022-12-01 00:00:00,202211.0,121565189.0,1669789078130.0,99764426.0,121.0,PATANJALI AYURVED PVT LTD-NEPAL,PATANJALI DANT KANTI,PATANJALI DANT KANTI RED TUBE 75GM,55.0,TUBE,75GM,,1669789078130-patanjali ayurved pvt ltd-nepal-patanjali dant kanti#3.png,RECODING,5.0,6.0,99764255,128.45899963378906,121.0,PATANJALI AYURVED PVT LTD-NEPAL,PATANJALI,PATANJALI DANT KANTI,PATANJALI DANT KANTI-NATURAL TUBE 100 GM,TUBE,100.000 GM,,,100.0,GM,75.0
62,2022-12-01 00:00:00,202211.0,121565189.0,1669789078130.0,99764426.0,121.0,PATANJALI AYURVED PVT LTD-NEPAL,PATANJALI DANT KANTI,PATANJALI DANT KANTI RED TUBE 75GM,55.0,TUBE,75GM,,1669789078130-patanjali ayurved pvt ltd-nepal-patanjali dant kanti#3.png,RECODING,5.0,7.0,53330,131.258544921875,121.0,PATANJALI AYURVED PVT LTD-NEPAL,PATANJALI,PATANJALI DANT KANTI,PATANJALI DANT KANTI-DENTLE CREAM TUBE 100 GM,TUBE,100.000 GM,,,100.0,GM,0.0
62,2022-12-01 00:00:00,202211.0,121565189.0,1669789078130.0,99764426.0,121.0,PATANJALI AYURVED PVT LTD-NEPAL,PATANJALI DANT KANTI,PATANJALI DANT KANTI RED TUBE 75GM,55.0,TUBE,75GM,,1669789078130-patanjali ayurved pvt ltd-nepal-patanjali dant kanti#3.png,RECODING,5.0,8.0,47878,132.47207641601562,122.0,PATANJALI AYURVED PVT LTD-NEPAL,PATANJALI,PATANJALI,PATANJALI-ANTIBCTRL NEEM CTRS LMN PPH 2000 GM,PLPCH,2000.000 GM,,,2000.0,GM,0.0
62,2022-12-01 00:00:00,202211.0,121565189.0,1669789078130.0,99764426.0,121.0,PATANJALI AYURVED PVT LTD-NEPAL,PATANJALI DANT KANTI,PATANJALI DANT KANTI RED TUBE 75GM,55.0,TUBE,75GM,,1669789078130-patanjali ayurved pvt ltd-nepal-patanjali dant kanti#3.png,RECODING,5.0,9.0,52468,132.69190979003906,122.0,PATANJALI AYURVED PVT LTD-NEPAL,PATANJALI,PATANJALI,PATANJALI-ANTIBCTRL NEEM CTRS LMN PPH 500 GM,PLPCH,500.000 GM,,,500.0,GM,0.0
62,2022-12-01 00:00:00,202211.0,121565189.0,1669789078130.0,99764426.0,121.0,PATANJALI AYURVED PVT LTD-NEPAL,PATANJALI DANT KANTI,PATANJALI DANT KANTI RED TUBE 75GM,55.0,TUBE,75GM,,1669789078130-patanjali ayurved pvt ltd-nepal-patanjali dant kanti#3.png,RECODING,5.0,10.0,52451,137.32308959960938,123.0,PATANJALI AYURVED PVT LTD-NEPAL,PATANJALI,PATANJALI SUPER,PATANJALI SUPER-EWP 175 GM,EWRPK,175.000 GM,,,175.0,GM,0.0
63,2022-12-01 00:00:00,202211.0,114467761.0,1669796057089.0,99764437.0,134.0,BINDHYABASINI FOOD & BEVRG-NP,MANJARI,MANJARI\DRINKING WATER\BINDHYABASINI\2000LTR\JAR,50.0,JAR,2000LTR,New SKU,1669796057089-bindhyabasini food - bevrg-np-manjari#3.png,RECODING,5.0,1.0,99764437,140.68040466308594,118.0,BINDHYABASINI FOOD & BEVRG-NP,MANJARI,MANJARI,JAR 20000 ML,JAR,20000.000 ML,,,20000.0,ML,50.0
63,2022-12-01 00:00:00,202211.0,114467761.0,1669796057089.0,99764437.0,134.0,BINDHYABASINI FOOD & BEVRG-NP,MANJARI,MANJARI\DRINKING WATER\BINDHYABASINI\2000LTR\JAR,50.0,JAR,2000LTR,New SKU,1669796057089-bindhyabasini food - bevrg-np-manjari#3.png,RECODING,5.0,2.0,48425,174.35275268554688,118.0,BINDHYABASINI FOOD & BEVRG-NP,ANJULI,ANJULI,JAR 19000 ML,JAR,19000.000 ML,,,19000.0,ML,0.0
63,2022-12-01 00:00:00,202211.0,114467761.0,1669796057089.0,99764437.0,134.0,BINDHYABASINI FOOD & BEVRG-NP,MANJARI,MANJARI\DRINKING WATER\BINDHYABASINI\2000LTR\JAR,50.0,JAR,2000LTR,New SKU,1669796057089-bindhyabasini food - bevrg-np-manjari#3.png,RECODING,5.0,3.0,40110733,214.05673217773438,118.0,S.P DRINKING WATER & BEV-NEPAL,ATMOS,ATMOS,JAR 20000 ML,JAR,20000.000 ML,,,20000.0,ML,0.0
63,2022-12-01 00:00:00,202211.0,114467761.0,1669796057089.0,99764437.0,134.0,BINDHYABASINI FOOD & BEVRG-NP,MANJARI,MANJARI\DRINKING WATER\BINDHYABASINI\2000LTR\JAR,50.0,JAR,2000LTR,New SKU,1669796057089-bindhyabasini food - bevrg-np-manjari#3.png,RECODING,5.0,4.0,53982,216.5972442626953,118.0,SIDDHARTHA DRINKING WATER-NEPAL,WEL COME,WEL COME,JAR 20000 ML,JAR,20000.000 ML,,,20000.0,ML,0.0
63,2022-12-01 00:00:00,202211.0,114467761.0,1669796057089.0,99764437.0,134.0,BINDHYABASINI FOOD & BEVRG-NP,MANJARI,MANJARI\DRINKING WATER\BINDHYABASINI\2000LTR\JAR,50.0,JAR,2000LTR,New SKU,1669796057089-bindhyabasini food - bevrg-np-manjari#3.png,RECODING,5.0,5.0,99762725,219.33802795410156,123.0,SWADESHI SABUN UDHYOG-NEPAL,AAHA,AAHA,AAHA-DISHWASH LEMON PCN 400 GM,PLJAR,400.000 GM,,,400.0,GM,60.0
63,2022-12-01 00:00:00,202211.0,114467761.0,1669796057089.0,99764437.0,134.0,BINDHYABASINI FOOD & BEVRG-NP,MANJARI,MANJARI\DRINKING WATER\BINDHYABASINI\2000LTR\JAR,50.0,JAR,2000LTR,New SKU,1669796057089-bindhyabasini food - bevrg-np-manjari#3.png,RECODING,5.0,6.0,40110645,219.854736328125,118.0,SAPHA MINERAL WATER UDYOG - NE,SAPHA PANI,SAPHA PANI,JAR 20000 ML,JAR,20000.000 ML,,,20000.0,ML,0.0
63,2022-12-01 00:00:00,202211.0,114467761.0,1669796057089.0,99764437.0,134.0,BINDHYABASINI FOOD & BEVRG-NP,MANJARI,MANJARI\DRINKING WATER\BINDHYABASINI\2000LTR\JAR,50.0,JAR,2000LTR,New SKU,1669796057089-bindhyabasini food - bevrg-np-manjari#3.png,RECODING,5.0,7.0,99764992,221.3826904296875,118.0,JAY HANUMAN DRINKING WATER UDHYOG-NP,SARLAHI REFRESH,SARLAHI REFRESH,PET 1000 ML,PET,1000.000 ML,,,1000.0,ML,25.0
63,2022-12-01 00:00:00,202211.0,114467761.0,1669796057089.0,99764437.0,134.0,BINDHYABASINI FOOD & BEVRG-NP,MANJARI,MANJARI\DRINKING WATER\BINDHYABASINI\2000LTR\JAR,50.0,JAR,2000LTR,New SKU,1669796057089-bindhyabasini food - bevrg-np-manjari#3.png,RECODING,5.0,8.0,54781,221.6096954345703,123.0,SHREE BALAJI GRAMODYOG-INDIA,NAHATA,NAHATA SKY,NAHATA SKY-LIME DISHWASH PCN 400 GM,PLJAR,400.000 GM,,,400.0,GM,0.0
63,2022-12-01 00:00:00,202211.0,114467761.0,1669796057089.0,99764437.0,134.0,BINDHYABASINI FOOD & BEVRG-NP,MANJARI,MANJARI\DRINKING WATER\BINDHYABASINI\2000LTR\JAR,50.0,JAR,2000LTR,New SKU,1669796057089-bindhyabasini food - bevrg-np-manjari#3.png,RECODING,5.0,9.0,40110537,222.9287109375,118.0,ANNAPURNA MINERAL WATER-NEPAL,REFRESH,REFRESH,JAR 20000 ML,JAR,20000.000 ML,,,20000.0,ML,0.0
63,2022-12-01 00:00:00,202211.0,114467761.0,1669796057089.0,99764437.0,134.0,BINDHYABASINI FOOD & BEVRG-NP,MANJARI,MANJARI\DRINKING WATER\BINDHYABASINI\2000LTR\JAR,50.0,JAR,2000LTR,New SKU,1669796057089-bindhyabasini food - bevrg-np-manjari#3.png,RECODING,5.0,10.0,54749,222.9287109375,118.0,ANNAPURNA MINERAL WATER-NEPAL,REFRESH,REFRESH,JAR 20000 ML,JAR,20000.000 ML,,,20000.0,ML,0.0
64,2022-12-01 00:00:00,202211.0,130220638.0,1669788890737.0,99764434.0,123.0,VUMI INDUSTRIES-NEPAL ,VUMI ,VUMI/DETERGENT SOAP/75GM/EWP,10.0,EWP,75GM ,,1669788890737-vumi industries-nepal -vumi #3.png,RECODING,5.0,1.0,99764434,123.90782928466797,123.0,VUMI INDUSTRIES-NEPAL,VUMI,VUMI,VUMI-DETERGENT SOAP EWP 75 GM,EWRPK,75.000 GM,,,75.0,GM,10.0
64,2022-12-01 00:00:00,202211.0,130220638.0,1669788890737.0,99764434.0,123.0,VUMI INDUSTRIES-NEPAL ,VUMI ,VUMI/DETERGENT SOAP/75GM/EWP,10.0,EWP,75GM ,,1669788890737-vumi industries-nepal -vumi #3.png,RECODING,5.0,2.0,99764613,152.77853393554688,122.0,VUMI INDUSTRIES-NEPAL,VUMI,VUMI,VUMI-DETERGENT POWDER PPH 400 GM,PLPCH,400.000 GM,,,400.0,GM,50.0
64,2022-12-01 00:00:00,202211.0,130220638.0,1669788890737.0,99764434.0,123.0,VUMI INDUSTRIES-NEPAL ,VUMI ,VUMI/DETERGENT SOAP/75GM/EWP,10.0,EWP,75GM ,,1669788890737-vumi industries-nepal -vumi #3.png,RECODING,5.0,3.0,99764303,152.89752197265625,122.0,VUMI INDUSTRIES-NEPAL,VUMI,VUMI,VUMI-DETERGENT POWDER PPH 500 GM,PLPCH,500.000 GM,,,500.0,GM,50.0
64,2022-12-01 00:00:00,202211.0,130220638.0,1669788890737.0,99764434.0,123.0,VUMI INDUSTRIES-NEPAL ,VUMI ,VUMI/DETERGENT SOAP/75GM/EWP,10.0,EWP,75GM ,,1669788890737-vumi industries-nepal -vumi #3.png,RECODING,5.0,4.0,99764839,155.7118682861328,122.0,VUMI INDUSTRIES-NEPAL,VUMI,VUMI,VUMI-DETERGENT POWDER PPH 150 GM,PLPCH,150.000 GM,,,150.0,GM,20.0
64,2022-12-01 00:00:00,202211.0,130220638.0,1669788890737.0,99764434.0,123.0,VUMI INDUSTRIES-NEPAL ,VUMI ,VUMI/DETERGENT SOAP/75GM/EWP,10.0,EWP,75GM ,,1669788890737-vumi industries-nepal -vumi #3.png,RECODING,5.0,5.0,99764179,181.72886657714844,123.0,NAMASTE S.I (P)-NEPAL,JUN,JUN,JUN-LAUNDRY SOAP PPH 200 GM,PLPCH,200.000 GM,,,200.0,GM,40.0
64,2022-12-01 00:00:00,202211.0,130220638.0,1669788890737.0,99764434.0,123.0,VUMI INDUSTRIES-NEPAL ,VUMI ,VUMI/DETERGENT SOAP/75GM/EWP,10.0,EWP,75GM ,,1669788890737-vumi industries-nepal -vumi #3.png,RECODING,5.0,6.0,99763505,185.5424346923828,123.0,SUNLIGHT SABUN UDHYOG-NEPAL,BIHANI,BIHANI,BIHANI-LAUNDRY SOAP PPH 100 GM,PLPCH,100.000 GM,,,100.0,GM,20.0
64,2022-12-01 00:00:00,202211.0,130220638.0,1669788890737.0,99764434.0,123.0,VUMI INDUSTRIES-NEPAL ,VUMI ,VUMI/DETERGENT SOAP/75GM/EWP,10.0,EWP,75GM ,,1669788890737-vumi industries-nepal -vumi #3.png,RECODING,5.0,7.0,99762767,186.22357177734375,123.0,NAMASTE S.I (P)-NEPAL,JUN,JUN,JUN-LAUNDRY SOAP PPH 500 GM,PLPCH,500.000 GM,,,500.0,GM,100.0
64,2022-12-01 00:00:00,202211.0,130220638.0,1669788890737.0,99764434.0,123.0,VUMI INDUSTRIES-NEPAL ,VUMI ,VUMI/DETERGENT SOAP/75GM/EWP,10.0,EWP,75GM ,,1669788890737-vumi industries-nepal -vumi #3.png,RECODING,5.0,8.0,50749,188.42880249023438,122.0,GOPAL SOAP INDUSTRIES - NEPAL,V SERIES,V SERIES XPERT,V SERIES XPERT-PPH 3000 GM,PLPCH,3000.000 GM,,,3000.0,GM,0.0
64,2022-12-01 00:00:00,202211.0,130220638.0,1669788890737.0,99764434.0,123.0,VUMI INDUSTRIES-NEPAL ,VUMI ,VUMI/DETERGENT SOAP/75GM/EWP,10.0,EWP,75GM ,,1669788890737-vumi industries-nepal -vumi #3.png,RECODING,5.0,9.0,47224,191.54148864746094,123.0,N.K SOAP INDUSTRY-NEPAL,CHAHANA,CHAHANA,CHAHANA-UNWRP 100 GM,UNWRP,100.000 GM,,,100.0,GM,0.0
64,2022-12-01 00:00:00,202211.0,130220638.0,1669788890737.0,99764434.0,123.0,VUMI INDUSTRIES-NEPAL ,VUMI ,VUMI/DETERGENT SOAP/75GM/EWP,10.0,EWP,75GM ,,1669788890737-vumi industries-nepal -vumi #3.png,RECODING,5.0,10.0,93019757,192.16265869140625,122.0,KATHMANDU SOAP IND - NEPAL,VEEM,VEEM ULTRA,VEEM ULTRA-PPH 500 GMS,PLPCH,500.000 GM,,,500.0,GM,0.0
65,2022-12-01 00:00:00,202211.0,130375892.0,1669363381360.0,99764409.0,122.0,NEPCHEM GROUP-NEPAL,NEP-X,NEP-X PREMIUM/450GM/PPH,50.0,PPH,450GM ,,1669363381360-nepchem group-nepal-nep-x#3.png,RECODING,5.0,1.0,51864,113.49484252929688,122.0,NEPCHEM GROUP-NEPAL,NEP-X,NEP-X,NEP-X-PREMIUM PPH 1000 GM,PLPCH,1000.000 GM,,,1000.0,GM,0.0
65,2022-12-01 00:00:00,202211.0,130375892.0,1669363381360.0,99764409.0,122.0,NEPCHEM GROUP-NEPAL,NEP-X,NEP-X PREMIUM/450GM/PPH,50.0,PPH,450GM ,,1669363381360-nepchem group-nepal-nep-x#3.png,RECODING,5.0,2.0,99764683,113.62223815917969,122.0,NEPCHEM GROUP-NEPAL,NEP-X,NEP-X,NEP-X-PREMIUM PPH 200 GM,PLPCH,200.000 GM,,,200.0,GM,20.0
65,2022-12-01 00:00:00,202211.0,130375892.0,1669363381360.0,99764409.0,122.0,NEPCHEM GROUP-NEPAL,NEP-X,NEP-X PREMIUM/450GM/PPH,50.0,PPH,450GM ,,1669363381360-nepchem group-nepal-nep-x#3.png,RECODING,5.0,3.0,99763226,114.19793701171875,122.0,NEPCHEM GROUP-NEPAL,NEP-X,NEP-X,NEP-X-PREMIUM PPH 500 GM,PLPCH,500.000 GM,,,500.0,GM,50.0
65,2022-12-01 00:00:00,202211.0,130375892.0,1669363381360.0,99764409.0,122.0,NEPCHEM GROUP-NEPAL,NEP-X,NEP-X PREMIUM/450GM/PPH,50.0,PPH,450GM ,,1669363381360-nepchem group-nepal-nep-x#3.png,RECODING,5.0,4.0,52050,114.79948425292969,122.0,NEPCHEM GROUP-NEPAL,NEP-X,NEP-X,NEP-X-PREMIUM PCN 5000 GM,PLJAR,5000.000 GM,,,5000.0,GM,0.0
65,2022-12-01 00:00:00,202211.0,130375892.0,1669363381360.0,99764409.0,122.0,NEPCHEM GROUP-NEPAL,NEP-X,NEP-X PREMIUM/450GM/PPH,50.0,PPH,450GM ,,1669363381360-nepchem group-nepal-nep-x#3.png,RECODING,5.0,5.0,99764409,115.61967468261719,122.0,NEPCHEM GROUP-NEPAL,NEP-X,NEP-X,NEP-X-PREMIUM PPH 450 GM,PLPCH,450.000 GM,,,450.0,GM,50.0
65,2022-12-01 00:00:00,202211.0,130375892.0,1669363381360.0,99764409.0,122.0,NEPCHEM GROUP-NEPAL,NEP-X,NEP-X PREMIUM/450GM/PPH,50.0,PPH,450GM ,,1669363381360-nepchem group-nepal-nep-x#3.png,RECODING,5.0,6.0,99763031,120.92376708984375,122.0,NEPCHEM GROUP-NEPAL,NEP-X,NEP-X,NEP-X-LITE PPH 1000 GM,PLPCH,1000.000 GM,,,1000.0,GM,110.0
65,2022-12-01 00:00:00,202211.0,130375892.0,1669363381360.0,99764409.0,122.0,NEPCHEM GROUP-NEPAL,NEP-X,NEP-X PREMIUM/450GM/PPH,50.0,PPH,450GM ,,1669363381360-nepchem group-nepal-nep-x#3.png,RECODING,5.0,7.0,50874,149.6263427734375,122.0,NEPCHEM GROUP-NEPAL,KWIK,KWIK,KWIK-PPH 1000 GM,PLPCH,1000.000 GM,,,1000.0,GM,0.0
65,2022-12-01 00:00:00,202211.0,130375892.0,1669363381360.0,99764409.0,122.0,NEPCHEM GROUP-NEPAL,NEP-X,NEP-X PREMIUM/450GM/PPH,50.0,PPH,450GM ,,1669363381360-nepchem group-nepal-nep-x#3.png,RECODING,5.0,8.0,50864,152.434814453125,122.0,NEPCHEM GROUP-NEPAL,NEP-X,NEP-X,NEP-X-2X ACTIVE MOLECULES PCN 5000 GM,PLJAR,5000.000 GM,,,5000.0,GM,0.0
65,2022-12-01 00:00:00,202211.0,130375892.0,1669363381360.0,99764409.0,122.0,NEPCHEM GROUP-NEPAL,NEP-X,NEP-X PREMIUM/450GM/PPH,50.0,PPH,450GM ,,1669363381360-nepchem group-nepal-nep-x#3.png,RECODING,5.0,9.0,51860,153.53720092773438,122.0,NEPCHEM GROUP-NEPAL,NEP-X,NEP-X,NEP-X-2X ACTIVE MOLECULES PPH 600 GM,PLPCH,600.000 GM,,,600.0,GM,0.0
65,2022-12-01 00:00:00,202211.0,130375892.0,1669363381360.0,99764409.0,122.0,NEPCHEM GROUP-NEPAL,NEP-X,NEP-X PREMIUM/450GM/PPH,50.0,PPH,450GM ,,1669363381360-nepchem group-nepal-nep-x#3.png,RECODING,5.0,10.0,51914,156.7496337890625,122.0,NEPCHEM GROUP-NEPAL,NEP-X,NEP-X,NEP-X-2X ACTIVE MOLECULES PPH 250 GM,PLPCH,250.000 GM,,,250.0,GM,0.0
66,2022-12-01 00:00:00,202211.0,130375892.0,1669783153204.0,99764427.0,122.0,PADMA SOAP & CHEMICAL - NEPAL,NAULO GHADI,NAULO GHADI/DETERGENT POWDER/1000GM/PPH,100.0,PPH,1000GM ,,1669783153204-padma soap - chemical - nepal-naulo ghadi#3.png,RECODING,5.0,1.0,99764427,87.79903411865234,122.0,PADMA SOAP & CHEMICAL - NEPAL,NAULO,NAULO GHADI,NAULO GHADI-DETERGENT POWDER PPH 1000 GM,PLPCH,1000.000 GM,,,1000.0,GM,100.0
66,2022-12-01 00:00:00,202211.0,130375892.0,1669783153204.0,99764427.0,122.0,PADMA SOAP & CHEMICAL - NEPAL,NAULO GHADI,NAULO GHADI/DETERGENT POWDER/1000GM/PPH,100.0,PPH,1000GM ,,1669783153204-padma soap - chemical - nepal-naulo ghadi#3.png,RECODING,5.0,2.0,99764365,88.35904693603516,122.0,PADMA SOAP & CHEMICAL - NEPAL,NAULO,NAULO GHADI,NAULO GHADI-DETERGENT POWDER PPH 500 GM,PLPCH,500.000 GM,,,500.0,GM,50.0
66,2022-12-01 00:00:00,202211.0,130375892.0,1669783153204.0,99764427.0,122.0,PADMA SOAP & CHEMICAL - NEPAL,NAULO GHADI,NAULO GHADI/DETERGENT POWDER/1000GM/PPH,100.0,PPH,1000GM ,,1669783153204-padma soap - chemical - nepal-naulo ghadi#3.png,RECODING,5.0,3.0,99763198,121.38069915771484,123.0,PADMA SOAP & CHEMICAL - NEPAL,NAULO,NAULO,NAULO-LAUNDRY SOAP PPH 150 GM,PLPCH,150.000 GM,,,150.0,GM,30.0
66,2022-12-01 00:00:00,202211.0,130375892.0,1669783153204.0,99764427.0,122.0,PADMA SOAP & CHEMICAL - NEPAL,NAULO GHADI,NAULO GHADI/DETERGENT POWDER/1000GM/PPH,100.0,PPH,1000GM ,,1669783153204-padma soap - chemical - nepal-naulo ghadi#3.png,RECODING,5.0,4.0,93019872,122.6342544555664,122.0,PADMA SOAP & CHEMICAL - NEPAL,NAULO,NAULO,NAULO-PPH 400 GMS,PLPCH,400.000 GM,,,400.0,GM,0.0
66,2022-12-01 00:00:00,202211.0,130375892.0,1669783153204.0,99764427.0,122.0,PADMA SOAP & CHEMICAL - NEPAL,NAULO GHADI,NAULO GHADI/DETERGENT POWDER/1000GM/PPH,100.0,PPH,1000GM ,,1669783153204-padma soap - chemical - nepal-naulo ghadi#3.png,RECODING,5.0,5.0,93019854,126.37039184570312,122.0,PADMA SOAP & CHEMICAL - NEPAL,NAULO,NAULO,NAULO-PPH 375 GMS,PLPCH,375.000 GM,,,375.0,GM,0.0
66,2022-12-01 00:00:00,202211.0,130375892.0,1669783153204.0,99764427.0,122.0,PADMA SOAP & CHEMICAL - NEPAL,NAULO GHADI,NAULO GHADI/DETERGENT POWDER/1000GM/PPH,100.0,PPH,1000GM ,,1669783153204-padma soap - chemical - nepal-naulo ghadi#3.png,RECODING,5.0,6.0,51472,130.0009307861328,122.0,PADMA SOAP & CHEMICAL - NEPAL,NAULO,NAULO ACTIVE,NAULO ACTIVE-PPH 1000 GM,PLPCH,1000.000 GM,,,1000.0,GM,0.0
66,2022-12-01 00:00:00,202211.0,130375892.0,1669783153204.0,99764427.0,122.0,PADMA SOAP & CHEMICAL - NEPAL,NAULO GHADI,NAULO GHADI/DETERGENT POWDER/1000GM/PPH,100.0,PPH,1000GM ,,1669783153204-padma soap - chemical - nepal-naulo ghadi#3.png,RECODING,5.0,7.0,51656,130.74172973632812,123.0,PADMA SOAP & CHEMICAL - NEPAL,NAULO,NAULO,NAULO-UNWRP 115 GM,UNWRP,115.000 GM,,,115.0,GM,0.0
66,2022-12-01 00:00:00,202211.0,130375892.0,1669783153204.0,99764427.0,122.0,PADMA SOAP & CHEMICAL - NEPAL,NAULO GHADI,NAULO GHADI/DETERGENT POWDER/1000GM/PPH,100.0,PPH,1000GM ,,1669783153204-padma soap - chemical - nepal-naulo ghadi#3.png,RECODING,5.0,8.0,99763948,131.076416015625,122.0,PADMA SOAP & CHEMICAL - NEPAL,A-ONE,A-ONE,A-ONE-DETERGENT POWDER PPH 500 GM,PLPCH,500.000 GM,,,500.0,GM,50.0
66,2022-12-01 00:00:00,202211.0,130375892.0,1669783153204.0,99764427.0,122.0,PADMA SOAP & CHEMICAL - NEPAL,NAULO GHADI,NAULO GHADI/DETERGENT POWDER/1000GM/PPH,100.0,PPH,1000GM ,,1669783153204-padma soap - chemical - nepal-naulo ghadi#3.png,RECODING,5.0,9.0,52048,131.37460327148438,122.0,PADMA SOAP & CHEMICAL - NEPAL,NAULO,NAULO ACTIVE,NAULO ACTIVE-PPH 700 GM,PLPCH,700.000 GM,,,700.0,GM,0.0
66,2022-12-01 00:00:00,202211.0,130375892.0,1669783153204.0,99764427.0,122.0,PADMA SOAP & CHEMICAL - NEPAL,NAULO GHADI,NAULO GHADI/DETERGENT POWDER/1000GM/PPH,100.0,PPH,1000GM ,,1669783153204-padma soap - chemical - nepal-naulo ghadi#3.png,RECODING,5.0,10.0,99763828,132.0836639404297,122.0,PADMA SOAP & CHEMICAL - NEPAL,A-ONE,A-ONE,A-ONE-DETERGENT POWDER PPH 200 GM,PLPCH,200.000 GM,,,200.0,GM,20.0
67,2022-12-01 00:00:00,202211.0,130375892.0,1669107381065.0,99764385.0,123.0,ALOK UDHYOG SAMITI-INDIA,JAY GREEN,JAY GREEN/DETERGENT CAKE/105GM/PPH,10.0,PPH,105GM,,1669107381065-alok udhyog samiti-india-jay green#3.png,RECODING,5.0,1.0,99764178,84.00144958496094,123.0,ALOK UDHYOG SAMITI-INDIA,JAY,JAY GREEN,JAY GREEN-DETERGENT CAKE PPH 220 GM,PLPCH,220.000 GM,,,220.0,GM,16.0
67,2022-12-01 00:00:00,202211.0,130375892.0,1669107381065.0,99764385.0,123.0,ALOK UDHYOG SAMITI-INDIA,JAY GREEN,JAY GREEN/DETERGENT CAKE/105GM/PPH,10.0,PPH,105GM,,1669107381065-alok udhyog samiti-india-jay green#3.png,RECODING,5.0,2.0,99764385,86.31974029541016,123.0,ALOK UDHYOG SAMITI-INDIA,JAY,JAY GREEN,JAY GREEN-DETERGENT CAKE PPH 105 GM,PLPCH,105.000 GM,,,105.0,GM,8.0
67,2022-12-01 00:00:00,202211.0,130375892.0,1669107381065.0,99764385.0,123.0,ALOK UDHYOG SAMITI-INDIA,JAY GREEN,JAY GREEN/DETERGENT CAKE/105GM/PPH,10.0,PPH,105GM,,1669107381065-alok udhyog samiti-india-jay green#3.png,RECODING,5.0,3.0,99764177,86.45344543457031,123.0,ALOK UDHYOG SAMITI-INDIA,JAY,JAY GREEN,JAY GREEN-DETERGENT CAKE PPH 210 GM,PLPCH,210.000 GM,,,210.0,GM,16.0
67,2022-12-01 00:00:00,202211.0,130375892.0,1669107381065.0,99764385.0,123.0,ALOK UDHYOG SAMITI-INDIA,JAY GREEN,JAY GREEN/DETERGENT CAKE/105GM/PPH,10.0,PPH,105GM,,1669107381065-alok udhyog samiti-india-jay green#3.png,RECODING,5.0,4.0,48003,91.5171127319336,123.0,ALOK UDHYOG SAMITI-INDIA,JAY,JAY,JAY-GREEN DETERGENT CAKE PPH 160 GM,PLPCH,160.000 GM,,,160.0,GM,0.0
67,2022-12-01 00:00:00,202211.0,130375892.0,1669107381065.0,99764385.0,123.0,ALOK UDHYOG SAMITI-INDIA,JAY GREEN,JAY GREEN/DETERGENT CAKE/105GM/PPH,10.0,PPH,105GM,,1669107381065-alok udhyog samiti-india-jay green#3.png,RECODING,5.0,5.0,50747,92.65705108642578,123.0,ALOK UDHYOG SAMITI-INDIA,JAY,JAY,JAY-GREEN DETERGENT CAKE PPH 150 GM,PLPCH,150.000 GM,,,150.0,GM,0.0
67,2022-12-01 00:00:00,202211.0,130375892.0,1669107381065.0,99764385.0,123.0,ALOK UDHYOG SAMITI-INDIA,JAY GREEN,JAY GREEN/DETERGENT CAKE/105GM/PPH,10.0,PPH,105GM,,1669107381065-alok udhyog samiti-india-jay green#3.png,RECODING,5.0,6.0,99763762,92.88652801513672,123.0,ALOK UDHYOG SAMITI-INDIA,JAY,JAY,JAY-GREEN DETERGENT CAKE PPH 110 GM,PLPCH,110.000 GM,,,110.0,GM,10.0
67,2022-12-01 00:00:00,202211.0,130375892.0,1669107381065.0,99764385.0,123.0,ALOK UDHYOG SAMITI-INDIA,JAY GREEN,JAY GREEN/DETERGENT CAKE/105GM/PPH,10.0,PPH,105GM,,1669107381065-alok udhyog samiti-india-jay green#3.png,RECODING,5.0,7.0,46262,94.28958892822266,123.0,ALOK UDHYOG SAMITI-INDIA,JAY,JAY,JAY-GREEN DETERGENT CAKE PPH 350 GM,PLPCH,350.000 GM,,,350.0,GM,0.0
67,2022-12-01 00:00:00,202211.0,130375892.0,1669107381065.0,99764385.0,123.0,ALOK UDHYOG SAMITI-INDIA,JAY GREEN,JAY GREEN/DETERGENT CAKE/105GM/PPH,10.0,PPH,105GM,,1669107381065-alok udhyog samiti-india-jay green#3.png,RECODING,5.0,8.0,99763872,135.88104248046875,123.0,JAY ENTERPRISES-INDIA,DEEPAK,DEEPAK,DEEPAK-DETERGENT CAKE PPH 120 GM,PLPCH,120.000 GM,,,120.0,GM,10.0
67,2022-12-01 00:00:00,202211.0,130375892.0,1669107381065.0,99764385.0,123.0,ALOK UDHYOG SAMITI-INDIA,JAY GREEN,JAY GREEN/DETERGENT CAKE/105GM/PPH,10.0,PPH,105GM,,1669107381065-alok udhyog samiti-india-jay green#3.png,RECODING,5.0,9.0,47363,141.39691162109375,123.0,JAY ENTERPRISES-INDIA,DEEPAK,DEEPAK,DEEPAK-DETERGENT CAKE PPH 160 GM,PLPCH,160.000 GM,,,160.0,GM,0.0
67,2022-12-01 00:00:00,202211.0,130375892.0,1669107381065.0,99764385.0,123.0,ALOK UDHYOG SAMITI-INDIA,JAY GREEN,JAY GREEN/DETERGENT CAKE/105GM/PPH,10.0,PPH,105GM,,1669107381065-alok udhyog samiti-india-jay green#3.png,RECODING,5.0,10.0,54780,145.21719360351562,123.0,JAY CHEMICAL WORKS-INDIA,HARAPATTA,HARAPATTA,HARAPATTA-DETERGENT CAKE PPH 205 GM,PLPCH,205.000 GM,,,205.0,GM,0.0
68,2022-12-01 00:00:00,202211.0,130375892.0,1669098022612.0,99764387.0,106.0,SUJAL FOODS PVT LTD-NEPAL,RASILO CANDY,RASILO CANDY/SPICY MAZZA/3.2GM/PPH,1.0,PPH,3.2GM,,1669098022612-sujal foods pvt ltd-nepal-rasilo candy#3.png,RECODING,5.0,1.0,99764387,97.25296020507812,106.0,SUJAL FOODS PVT LTD-NEPAL,RASILO CANDY,RASILO CANDY,RASILO CANDY- SPICY MAZZA PPH 3.2 GM,PLPCH,3.200 GM,UNSPECIFIED,,3.2,GM,1.0
68,2022-12-01 00:00:00,202211.0,130375892.0,1669098022612.0,99764387.0,106.0,SUJAL FOODS PVT LTD-NEPAL,RASILO CANDY,RASILO CANDY/SPICY MAZZA/3.2GM/PPH,1.0,PPH,3.2GM,,1669098022612-sujal foods pvt ltd-nepal-rasilo candy#3.png,RECODING,5.0,2.0,99764535,100.30928802490234,106.0,SUJAL FOODS PVT LTD-NEPAL,RASILO CANDY,RASILO CANDY,RASILO CANDY- SPICY MAZZA PCN 640 GM,PLJAR,640.000 GM,UNSPECIFIED,,640.0,GM,165.0
68,2022-12-01 00:00:00,202211.0,130375892.0,1669098022612.0,99764387.0,106.0,SUJAL FOODS PVT LTD-NEPAL,RASILO CANDY,RASILO CANDY/SPICY MAZZA/3.2GM/PPH,1.0,PPH,3.2GM,,1669098022612-sujal foods pvt ltd-nepal-rasilo candy#3.png,RECODING,5.0,3.0,91826096,111.7330551147461,106.0,SUJAL FOODS PVT LTD-NEPAL,RASILO CANDY,RASILO CANDY,RASILO CANDY- CHATPATA MAZZA PPH 3.2 GM,PLPCH,3.200 GM,UNSPECIFIED,,3.2,GM,0.0
68,2022-12-01 00:00:00,202211.0,130375892.0,1669098022612.0,99764387.0,106.0,SUJAL FOODS PVT LTD-NEPAL,RASILO CANDY,RASILO CANDY/SPICY MAZZA/3.2GM/PPH,1.0,PPH,3.2GM,,1669098022612-sujal foods pvt ltd-nepal-rasilo candy#3.png,RECODING,5.0,4.0,99764700,113.34648132324219,106.0,SUJAL FOODS PVT LTD-NEPAL,RASILO CANDY,RASILO CANDY,RASILO CANDY- CHATPATA MAZZA PPH 336 GM,PLPCH,336.000 GM,UNSPECIFIED,,336.0,GM,80.0
68,2022-12-01 00:00:00,202211.0,130375892.0,1669098022612.0,99764387.0,106.0,SUJAL FOODS PVT LTD-NEPAL,RASILO CANDY,RASILO CANDY/SPICY MAZZA/3.2GM/PPH,1.0,PPH,3.2GM,,1669098022612-sujal foods pvt ltd-nepal-rasilo candy#3.png,RECODING,5.0,5.0,99764584,113.61691284179688,106.0,SUJAL FOODS PVT LTD-NEPAL,RASILO CANDY,RASILO CANDY,RASILO CANDY- CHATPATA MAZZA PPH 335 GM,PLPCH,335.000 GM,UNSPECIFIED,,335.0,GM,100.0
68,2022-12-01 00:00:00,202211.0,130375892.0,1669098022612.0,99764387.0,106.0,SUJAL FOODS PVT LTD-NEPAL,RASILO CANDY,RASILO CANDY/SPICY MAZZA/3.2GM/PPH,1.0,PPH,3.2GM,,1669098022612-sujal foods pvt ltd-nepal-rasilo candy#3.png,RECODING,5.0,6.0,99764534,114.54203796386719,106.0,SUJAL FOODS PVT LTD-NEPAL,RASILO CANDY,RASILO CANDY,RASILO CANDY- CHATPATA MAZZA PCN 1680 GM,PLJAR,1680.000 GM,UNSPECIFIED,,1680.0,GM,500.0
68,2022-12-01 00:00:00,202211.0,130375892.0,1669098022612.0,99764387.0,106.0,SUJAL FOODS PVT LTD-NEPAL,RASILO CANDY,RASILO CANDY/SPICY MAZZA/3.2GM/PPH,1.0,PPH,3.2GM,,1669098022612-sujal foods pvt ltd-nepal-rasilo candy#3.png,RECODING,5.0,7.0,99762974,114.66294860839844,106.0,SUJAL FOODS PVT LTD-NEPAL,RASILO CANDY,RASILO CANDY,RASILO CANDY- CHATPATA MAZZA PPH 3 GM,PLPCH,3.000 GM,UNSPECIFIED,,3.0,GM,1.0
68,2022-12-01 00:00:00,202211.0,130375892.0,1669098022612.0,99764387.0,106.0,SUJAL FOODS PVT LTD-NEPAL,RASILO CANDY,RASILO CANDY/SPICY MAZZA/3.2GM/PPH,1.0,PPH,3.2GM,,1669098022612-sujal foods pvt ltd-nepal-rasilo candy#3.png,RECODING,5.0,8.0,99764499,116.42596435546875,106.0,SUJAL FOODS PVT LTD-NEPAL,RASILO CANDY,RASILO CANDY,RASILO CANDY- CHATPATA MAZZA PCN 560 GM,PLJAR,560.000 GM,UNSPECIFIED,,560.0,GM,150.0
68,2022-12-01 00:00:00,202211.0,130375892.0,1669098022612.0,99764387.0,106.0,SUJAL FOODS PVT LTD-NEPAL,RASILO CANDY,RASILO CANDY/SPICY MAZZA/3.2GM/PPH,1.0,PPH,3.2GM,,1669098022612-sujal foods pvt ltd-nepal-rasilo candy#3.png,RECODING,5.0,9.0,99764500,117.00088500976562,106.0,SUJAL FOODS PVT LTD-NEPAL,RASILO CANDY,RASILO CANDY,RASILO CANDY- CHATPATA MAZZA PCN 600 GM,PLJAR,600.000 GM,UNSPECIFIED,,600.0,GM,165.0
68,2022-12-01 00:00:00,202211.0,130375892.0,1669098022612.0,99764387.0,106.0,SUJAL FOODS PVT LTD-NEPAL,RASILO CANDY,RASILO CANDY/SPICY MAZZA/3.2GM/PPH,1.0,PPH,3.2GM,,1669098022612-sujal foods pvt ltd-nepal-rasilo candy#3.png,RECODING,5.0,10.0,99764648,117.26933288574219,106.0,SUJAL FOODS PVT LTD-NEPAL,RASILO CANDY,RASILO CANDY,RASILO CANDY- CHATPATA MAZZA PCN 1800 GM,PLJAR,1800.000 GM,UNSPECIFIED,,1800.0,GM,600.0
69,2022-12-01 00:00:00,202211.0,111742468.0,1669787728768.0,99764435.0,123.0,SHIVA SHAKTI SOAP - NEPAL,ALFA,ALFA-PPH 150 GM,20.0,PPH,150 GM,,1669787728768-shiva shakti soap - nepal-alfa#3.png,RECODING,5.0,1.0,50199,134.388671875,123.0,SHIVA SHAKTI SOAP - NEPAL,ALFA,ALFA,ALFA-PPH 200 GMS SUPER,PLPCH,200.000 GM,,,200.0,GM,0.0
69,2022-12-01 00:00:00,202211.0,111742468.0,1669787728768.0,99764435.0,123.0,SHIVA SHAKTI SOAP - NEPAL,ALFA,ALFA-PPH 150 GM,20.0,PPH,150 GM,,1669787728768-shiva shakti soap - nepal-alfa#3.png,RECODING,5.0,2.0,99764435,146.1417999267578,123.0,SHIVA SHAKTI SOAP - NEPAL,ALFA,ALFA,ALFA-DETERGENT SOAP PPH 150 GM,PLPCH,150.000 GM,,,150.0,GM,20.0
69,2022-12-01 00:00:00,202211.0,111742468.0,1669787728768.0,99764435.0,123.0,SHIVA SHAKTI SOAP - NEPAL,ALFA,ALFA-PPH 150 GM,20.0,PPH,150 GM,,1669787728768-shiva shakti soap - nepal-alfa#3.png,RECODING,5.0,3.0,99764369,149.2609100341797,123.0,SHIVA SHAKTI SOAP - NEPAL,ALFA,ALFA,ALFA-DETERGENT SOAP PPH 75 GM,PLPCH,75.000 GM,,,75.0,GM,10.0
69,2022-12-01 00:00:00,202211.0,111742468.0,1669787728768.0,99764435.0,123.0,SHIVA SHAKTI SOAP - NEPAL,ALFA,ALFA-PPH 150 GM,20.0,PPH,150 GM,,1669787728768-shiva shakti soap - nepal-alfa#3.png,RECODING,5.0,4.0,48731,149.93548583984375,122.0,SHIVA SHAKTI SOAP - NEPAL,ALFA,ALFA,ALFA-DETERGEN POWDER PPH 1000 GM,PLPCH,1000.000 GM,,,1000.0,GM,0.0
69,2022-12-01 00:00:00,202211.0,111742468.0,1669787728768.0,99764435.0,123.0,SHIVA SHAKTI SOAP - NEPAL,ALFA,ALFA-PPH 150 GM,20.0,PPH,150 GM,,1669787728768-shiva shakti soap - nepal-alfa#3.png,RECODING,5.0,5.0,99763579,149.9560546875,123.0,SHIVA SHAKTI SOAP - NEPAL,SINDHU SHAKTI,SINDHU SHAKTI,SINDHU SHAKTI-PPH 200 GM,PLPCH,200.000 GM,,,200.0,GM,40.0
69,2022-12-01 00:00:00,202211.0,111742468.0,1669787728768.0,99764435.0,123.0,SHIVA SHAKTI SOAP - NEPAL,ALFA,ALFA-PPH 150 GM,20.0,PPH,150 GM,,1669787728768-shiva shakti soap - nepal-alfa#3.png,RECODING,5.0,6.0,93024191,150.20465087890625,122.0,SHIVA SHAKTI SOAP - NEPAL,ALPHA,ALPHA,ALPHA-PPH 3000 GMS,PLPCH,3000.000 GM,,,3000.0,GM,0.0
69,2022-12-01 00:00:00,202211.0,111742468.0,1669787728768.0,99764435.0,123.0,SHIVA SHAKTI SOAP - NEPAL,ALFA,ALFA-PPH 150 GM,20.0,PPH,150 GM,,1669787728768-shiva shakti soap - nepal-alfa#3.png,RECODING,5.0,7.0,93020820,150.38107299804688,122.0,SHIVA SHAKTI SOAP - NEPAL,ALPHA,ALPHA,ALPHA-PPH 325 GMS,PLPCH,325.000 GM,,,325.0,GM,0.0
69,2022-12-01 00:00:00,202211.0,111742468.0,1669787728768.0,99764435.0,123.0,SHIVA SHAKTI SOAP - NEPAL,ALFA,ALFA-PPH 150 GM,20.0,PPH,150 GM,,1669787728768-shiva shakti soap - nepal-alfa#3.png,RECODING,5.0,8.0,93018450,152.22804260253906,122.0,SHIVA SHAKTI SOAP - NEPAL,ALPHA,ALPHA,ALPHA-PPH 400  GMS,PLPCH,400.000 GM,,,400.0,GM,0.0
69,2022-12-01 00:00:00,202211.0,111742468.0,1669787728768.0,99764435.0,123.0,SHIVA SHAKTI SOAP - NEPAL,ALFA,ALFA-PPH 150 GM,20.0,PPH,150 GM,,1669787728768-shiva shakti soap - nepal-alfa#3.png,RECODING,5.0,9.0,93012231,152.64053344726562,122.0,SHIVA SHAKTI SOAP - NEPAL,ALPHA,ALPHA,ALPHA-PPH 500  GMS,PLPCH,500.000 GM,,,500.0,GM,0.0
69,2022-12-01 00:00:00,202211.0,111742468.0,1669787728768.0,99764435.0,123.0,SHIVA SHAKTI SOAP - NEPAL,ALFA,ALFA-PPH 150 GM,20.0,PPH,150 GM,,1669787728768-shiva shakti soap - nepal-alfa#3.png,RECODING,5.0,10.0,53515,152.8769989013672,122.0,SHIVA SHAKTI SOAP - NEPAL,ALPHA,ALPHA,ALPHA-PPH 1000 GM,PLPCH,1000.000 GM,,,1000.0,GM,0.0
70,2022-12-02 00:00:00,202212.0,132577913.0,1669358295363.0,99764406.0,106.0,SUJAL FOODS PVT LTD-NEPAL,SMART LOLLYPOP,SMART LOLLIPOP/LITCHI/9GM/PPH,5.0,PPH,9GM,,1669358295363-sujal foods pvt ltd-nepal-smart lollypop#3.png,RECODING,5.0,1.0,99764879,131.7047119140625,106.0,SUJAL FOODS PVT LTD-NEPAL,SMART,SMART LOLLYPOP,SMART LOLLYPOP- LITCHI PCN 1000 GM,PLJAR,1000.000 GM,LYCHEE,,1000.0,GM,420.0
70,2022-12-02 00:00:00,202212.0,132577913.0,1669358295363.0,99764406.0,106.0,SUJAL FOODS PVT LTD-NEPAL,SMART LOLLYPOP,SMART LOLLIPOP/LITCHI/9GM/PPH,5.0,PPH,9GM,,1669358295363-sujal foods pvt ltd-nepal-smart lollypop#3.png,RECODING,5.0,2.0,99764537,132.4794464111328,106.0,SUJAL FOODS PVT LTD-NEPAL,SMART,SMART LOLLYPOP,SMART LOLLYPOP- LITCHI PCN 900 GM,PLJAR,900.000 GM,LYCHEE,,900.0,GM,500.0
70,2022-12-02 00:00:00,202212.0,132577913.0,1669358295363.0,99764406.0,106.0,SUJAL FOODS PVT LTD-NEPAL,SMART LOLLYPOP,SMART LOLLIPOP/LITCHI/9GM/PPH,5.0,PPH,9GM,,1669358295363-sujal foods pvt ltd-nepal-smart lollypop#3.png,RECODING,5.0,3.0,46734,132.96023559570312,106.0,SUJAL FOODS PVT LTD-NEPAL,SMART,SMART LOLLYPOP,SMART LOLLYPOP- LITCHI PPH 10 GM,PLPCH,10.000 GM,LYCHEE,,10.0,GM,0.0
70,2022-12-02 00:00:00,202212.0,132577913.0,1669358295363.0,99764406.0,106.0,SUJAL FOODS PVT LTD-NEPAL,SMART LOLLYPOP,SMART LOLLIPOP/LITCHI/9GM/PPH,5.0,PPH,9GM,,1669358295363-sujal foods pvt ltd-nepal-smart lollypop#3.png,RECODING,5.0,4.0,91826264,133.84434509277344,106.0,SUJAL FOODS PVT LTD-NEPAL,SMART,SMART LOLLYPOP,SMART LOLLYPOP- ORANGE PPH 6 GM,PLPCH,6.000 GM,ORANGE,,6.0,GM,0.0
70,2022-12-02 00:00:00,202212.0,132577913.0,1669358295363.0,99764406.0,106.0,SUJAL FOODS PVT LTD-NEPAL,SMART LOLLYPOP,SMART LOLLIPOP/LITCHI/9GM/PPH,5.0,PPH,9GM,,1669358295363-sujal foods pvt ltd-nepal-smart lollypop#3.png,RECODING,5.0,5.0,99764536,137.80636596679688,106.0,SUJAL FOODS PVT LTD-NEPAL,SMART,SMART LOLLYPOP,SMART LOLLYPOP- COLA PCN 900 GM,PLJAR,900.000 GM,COLA,,900.0,GM,330.0
70,2022-12-02 00:00:00,202212.0,132577913.0,1669358295363.0,99764406.0,106.0,SUJAL FOODS PVT LTD-NEPAL,SMART LOLLYPOP,SMART LOLLIPOP/LITCHI/9GM/PPH,5.0,PPH,9GM,,1669358295363-sujal foods pvt ltd-nepal-smart lollypop#3.png,RECODING,5.0,6.0,99764406,139.26220703125,106.0,SUJAL FOODS PVT LTD-NEPAL,SMART,SMART LOLLYPOP,SMART LOLLYPOP- LITCHI EWP 9 GM,EWRPK,9.000 GM,LYCHEE,,9.0,GM,5.0
70,2022-12-02 00:00:00,202212.0,132577913.0,1669358295363.0,99764406.0,106.0,SUJAL FOODS PVT LTD-NEPAL,SMART LOLLYPOP,SMART LOLLIPOP/LITCHI/9GM/PPH,5.0,PPH,9GM,,1669358295363-sujal foods pvt ltd-nepal-smart lollypop#3.png,RECODING,5.0,7.0,54702,139.97451782226562,106.0,SUJAL FOODS PVT LTD-NEPAL,SMART,SMART LOLLYPOP,SMART LOLLYPOP- COLA PPH 10 GM,PLPCH,10.000 GM,COLA,,10.0,GM,0.0
70,2022-12-02 00:00:00,202212.0,132577913.0,1669358295363.0,99764406.0,106.0,SUJAL FOODS PVT LTD-NEPAL,SMART LOLLYPOP,SMART LOLLIPOP/LITCHI/9GM/PPH,5.0,PPH,9GM,,1669358295363-sujal foods pvt ltd-nepal-smart lollypop#3.png,RECODING,5.0,8.0,91826266,140.03048706054688,106.0,SUJAL FOODS PVT LTD-NEPAL,SMART,SMART LOLLYPOP,SMART LOLLYPOP- COLA PPH 6 GM,PLPCH,6.000 GM,COLA,,6.0,GM,0.0
70,2022-12-02 00:00:00,202212.0,132577913.0,1669358295363.0,99764406.0,106.0,SUJAL FOODS PVT LTD-NEPAL,SMART LOLLYPOP,SMART LOLLIPOP/LITCHI/9GM/PPH,5.0,PPH,9GM,,1669358295363-sujal foods pvt ltd-nepal-smart lollypop#3.png,RECODING,5.0,9.0,50447,140.58114624023438,106.0,SUJAL FOODS PVT LTD-NEPAL,SMART,SMART LOLLYPOP,SMART LOLLYPOP-WATERMELON PPH 10 GM,PLPCH,10.000 GM,WATER MELON,,10.0,GM,0.0
70,2022-12-02 00:00:00,202212.0,132577913.0,1669358295363.0,99764406.0,106.0,SUJAL FOODS PVT LTD-NEPAL,SMART LOLLYPOP,SMART LOLLIPOP/LITCHI/9GM/PPH,5.0,PPH,9GM,,1669358295363-sujal foods pvt ltd-nepal-smart lollypop#3.png,RECODING,5.0,10.0,99764739,140.93875122070312,106.0,SUJAL FOODS PVT LTD-NEPAL,SMART,SMART LOLLYPOP,SMART LOLLYPOP- PULPY ORANGE PCN 1000 GM,PLJAR,1000.000 GM,ORANGE,,1000.0,GM,500.0
71,2022-12-02 00:00:00,202212.0,130944237.0,1669098022612.0,99764387.0,106.0,SUJAL FOODS PVT LTD-NEPAL,RASILO CANDY,RASILO CANDY/SPICY MAZZA/3.2GM/PPH,1.0,PPH,3.2GM,,1669098022612-sujal foods pvt ltd-nepal-rasilo candy#3.png,RECODING,5.0,1.0,99764387,101.552490234375,106.0,SUJAL FOODS PVT LTD-NEPAL,RASILO CANDY,RASILO CANDY,RASILO CANDY- SPICY MAZZA PPH 3.2 GM,PLPCH,3.200 GM,UNSPECIFIED,,3.2,GM,1.0
71,2022-12-02 00:00:00,202212.0,130944237.0,1669098022612.0,99764387.0,106.0,SUJAL FOODS PVT LTD-NEPAL,RASILO CANDY,RASILO CANDY/SPICY MAZZA/3.2GM/PPH,1.0,PPH,3.2GM,,1669098022612-sujal foods pvt ltd-nepal-rasilo candy#3.png,RECODING,5.0,2.0,99764535,104.0303726196289,106.0,SUJAL FOODS PVT LTD-NEPAL,RASILO CANDY,RASILO CANDY,RASILO CANDY- SPICY MAZZA PCN 640 GM,PLJAR,640.000 GM,UNSPECIFIED,,640.0,GM,165.0
71,2022-12-02 00:00:00,202212.0,130944237.0,1669098022612.0,99764387.0,106.0,SUJAL FOODS PVT LTD-NEPAL,RASILO CANDY,RASILO CANDY/SPICY MAZZA/3.2GM/PPH,1.0,PPH,3.2GM,,1669098022612-sujal foods pvt ltd-nepal-rasilo candy#3.png,RECODING,5.0,3.0,91826096,115.82164764404297,106.0,SUJAL FOODS PVT LTD-NEPAL,RASILO CANDY,RASILO CANDY,RASILO CANDY- CHATPATA MAZZA PPH 3.2 GM,PLPCH,3.200 GM,UNSPECIFIED,,3.2,GM,0.0
71,2022-12-02 00:00:00,202212.0,130944237.0,1669098022612.0,99764387.0,106.0,SUJAL FOODS PVT LTD-NEPAL,RASILO CANDY,RASILO CANDY/SPICY MAZZA/3.2GM/PPH,1.0,PPH,3.2GM,,1669098022612-sujal foods pvt ltd-nepal-rasilo candy#3.png,RECODING,5.0,4.0,99764700,118.02607727050781,106.0,SUJAL FOODS PVT LTD-NEPAL,RASILO CANDY,RASILO CANDY,RASILO CANDY- CHATPATA MAZZA PPH 336 GM,PLPCH,336.000 GM,UNSPECIFIED,,336.0,GM,80.0
71,2022-12-02 00:00:00,202212.0,130944237.0,1669098022612.0,99764387.0,106.0,SUJAL FOODS PVT LTD-NEPAL,RASILO CANDY,RASILO CANDY/SPICY MAZZA/3.2GM/PPH,1.0,PPH,3.2GM,,1669098022612-sujal foods pvt ltd-nepal-rasilo candy#3.png,RECODING,5.0,5.0,99764584,118.48135375976562,106.0,SUJAL FOODS PVT LTD-NEPAL,RASILO CANDY,RASILO CANDY,RASILO CANDY- CHATPATA MAZZA PPH 335 GM,PLPCH,335.000 GM,UNSPECIFIED,,335.0,GM,100.0
71,2022-12-02 00:00:00,202212.0,130944237.0,1669098022612.0,99764387.0,106.0,SUJAL FOODS PVT LTD-NEPAL,RASILO CANDY,RASILO CANDY/SPICY MAZZA/3.2GM/PPH,1.0,PPH,3.2GM,,1669098022612-sujal foods pvt ltd-nepal-rasilo candy#3.png,RECODING,5.0,6.0,99764534,118.68452453613281,106.0,SUJAL FOODS PVT LTD-NEPAL,RASILO CANDY,RASILO CANDY,RASILO CANDY- CHATPATA MAZZA PCN 1680 GM,PLJAR,1680.000 GM,UNSPECIFIED,,1680.0,GM,500.0
71,2022-12-02 00:00:00,202212.0,130944237.0,1669098022612.0,99764387.0,106.0,SUJAL FOODS PVT LTD-NEPAL,RASILO CANDY,RASILO CANDY/SPICY MAZZA/3.2GM/PPH,1.0,PPH,3.2GM,,1669098022612-sujal foods pvt ltd-nepal-rasilo candy#3.png,RECODING,5.0,7.0,99762974,119.95906829833984,106.0,SUJAL FOODS PVT LTD-NEPAL,RASILO CANDY,RASILO CANDY,RASILO CANDY- CHATPATA MAZZA PPH 3 GM,PLPCH,3.000 GM,UNSPECIFIED,,3.0,GM,1.0
71,2022-12-02 00:00:00,202212.0,130944237.0,1669098022612.0,99764387.0,106.0,SUJAL FOODS PVT LTD-NEPAL,RASILO CANDY,RASILO CANDY/SPICY MAZZA/3.2GM/PPH,1.0,PPH,3.2GM,,1669098022612-sujal foods pvt ltd-nepal-rasilo candy#3.png,RECODING,5.0,8.0,99764499,120.8685302734375,106.0,SUJAL FOODS PVT LTD-NEPAL,RASILO CANDY,RASILO CANDY,RASILO CANDY- CHATPATA MAZZA PCN 560 GM,PLJAR,560.000 GM,UNSPECIFIED,,560.0,GM,150.0
71,2022-12-02 00:00:00,202212.0,130944237.0,1669098022612.0,99764387.0,106.0,SUJAL FOODS PVT LTD-NEPAL,RASILO CANDY,RASILO CANDY/SPICY MAZZA/3.2GM/PPH,1.0,PPH,3.2GM,,1669098022612-sujal foods pvt ltd-nepal-rasilo candy#3.png,RECODING,5.0,9.0,99764648,121.03496551513672,106.0,SUJAL FOODS PVT LTD-NEPAL,RASILO CANDY,RASILO CANDY,RASILO CANDY- CHATPATA MAZZA PCN 1800 GM,PLJAR,1800.000 GM,UNSPECIFIED,,1800.0,GM,600.0
71,2022-12-02 00:00:00,202212.0,130944237.0,1669098022612.0,99764387.0,106.0,SUJAL FOODS PVT LTD-NEPAL,RASILO CANDY,RASILO CANDY/SPICY MAZZA/3.2GM/PPH,1.0,PPH,3.2GM,,1669098022612-sujal foods pvt ltd-nepal-rasilo candy#3.png,RECODING,5.0,10.0,99764500,121.25146484375,106.0,SUJAL FOODS PVT LTD-NEPAL,RASILO CANDY,RASILO CANDY,RASILO CANDY- CHATPATA MAZZA PCN 600 GM,PLJAR,600.000 GM,UNSPECIFIED,,600.0,GM,165.0
72,2022-12-02 00:00:00,202212.0,129042789.0,1669791970425.0,99764438.0,123.0,HIMGIRI HYGIENE PVT LTD-NEPAL,DHONI LEMON,DHONI LEMON DISH WASH BAR PPH 100G,10.0,PPH,100G,,1669791970425-himgiri hygiene pvt ltd-nepal-dhoni lemon#3.png,RECODING,5.0,1.0,99764732,125.249267578125,123.0,HIMGIRI HYGIENE PVT LTD-NEPAL,DHONI,DHONI,DHONI-LEMON PPH 75 GM,PLPCH,75.000 GM,,,75.0,GM,10.0
72,2022-12-02 00:00:00,202212.0,129042789.0,1669791970425.0,99764438.0,123.0,HIMGIRI HYGIENE PVT LTD-NEPAL,DHONI LEMON,DHONI LEMON DISH WASH BAR PPH 100G,10.0,PPH,100G,,1669791970425-himgiri hygiene pvt ltd-nepal-dhoni lemon#3.png,RECODING,5.0,2.0,99764438,125.60987091064453,123.0,HIMGIRI HYGIENE PVT LTD-NEPAL,DHONI,DHONI,DHONI-LEMON PPH 100 GM,PLPCH,100.000 GM,,,100.0,GM,10.0
72,2022-12-02 00:00:00,202212.0,129042789.0,1669791970425.0,99764438.0,123.0,HIMGIRI HYGIENE PVT LTD-NEPAL,DHONI LEMON,DHONI LEMON DISH WASH BAR PPH 100G,10.0,PPH,100G,,1669791970425-himgiri hygiene pvt ltd-nepal-dhoni lemon#3.png,RECODING,5.0,3.0,49700,144.60154724121094,122.0,HIMGIRI SOAP & CHEMICALS-NEPAL,DHONI,DHONI,DHONI-LEMON & LAVENDER PPH 500 GM,PLPCH,500.000 GM,,,500.0,GM,0.0
72,2022-12-02 00:00:00,202212.0,129042789.0,1669791970425.0,99764438.0,123.0,HIMGIRI HYGIENE PVT LTD-NEPAL,DHONI LEMON,DHONI LEMON DISH WASH BAR PPH 100G,10.0,PPH,100G,,1669791970425-himgiri hygiene pvt ltd-nepal-dhoni lemon#3.png,RECODING,5.0,4.0,92925501,146.7444610595703,123.0,HIMGIRI SOAP & CHEMICALS-NEPAL,DHONI,DHONI,DHONI-LEMON PPH 95 GMS,PLPCH,95.000 GM,,,95.0,GM,0.0
72,2022-12-02 00:00:00,202212.0,129042789.0,1669791970425.0,99764438.0,123.0,HIMGIRI HYGIENE PVT LTD-NEPAL,DHONI LEMON,DHONI LEMON DISH WASH BAR PPH 100G,10.0,PPH,100G,,1669791970425-himgiri hygiene pvt ltd-nepal-dhoni lemon#3.png,RECODING,5.0,5.0,99763297,152.29348754882812,123.0,HIMGIRI HYGIENE PVT LTD-NEPAL,DHONI,DHONI,DHONI-LAUNDRY SOAP PPH 100 GM,PLPCH,100.000 GM,,,100.0,GM,20.0
72,2022-12-02 00:00:00,202212.0,129042789.0,1669791970425.0,99764438.0,123.0,HIMGIRI HYGIENE PVT LTD-NEPAL,DHONI LEMON,DHONI LEMON DISH WASH BAR PPH 100G,10.0,PPH,100G,,1669791970425-himgiri hygiene pvt ltd-nepal-dhoni lemon#3.png,RECODING,5.0,6.0,92925272,152.49864196777344,123.0,HIMGIRI SOAP & CHEMICALS-NEPAL,DHONI,DHONI,DHONI-LEMON EWP 100 GMS,EWRPK,100.000 GM,,,100.0,GM,0.0
72,2022-12-02 00:00:00,202212.0,129042789.0,1669791970425.0,99764438.0,123.0,HIMGIRI HYGIENE PVT LTD-NEPAL,DHONI LEMON,DHONI LEMON DISH WASH BAR PPH 100G,10.0,PPH,100G,,1669791970425-himgiri hygiene pvt ltd-nepal-dhoni lemon#3.png,RECODING,5.0,7.0,99764094,152.72805786132812,123.0,HIMGIRI HYGIENE PVT LTD-NEPAL,DHONI,DHONI,DHONI-LAUNDRY SOAP PPH 200 GM,PLPCH,200.000 GM,,,200.0,GM,50.0
72,2022-12-02 00:00:00,202212.0,129042789.0,1669791970425.0,99764438.0,123.0,HIMGIRI HYGIENE PVT LTD-NEPAL,DHONI LEMON,DHONI LEMON DISH WASH BAR PPH 100G,10.0,PPH,100G,,1669791970425-himgiri hygiene pvt ltd-nepal-dhoni lemon#3.png,RECODING,5.0,8.0,52670,153.24240112304688,123.0,HIMGIRI SOAP & CHEMICALS-NEPAL,DHONI,DHONI,DHONI-ORANGE PPH 250 GM DETERGNT BAR,PLPCH,250.000 GM,,,250.0,GM,0.0
72,2022-12-02 00:00:00,202212.0,129042789.0,1669791970425.0,99764438.0,123.0,HIMGIRI HYGIENE PVT LTD-NEPAL,DHONI LEMON,DHONI LEMON DISH WASH BAR PPH 100G,10.0,PPH,100G,,1669791970425-himgiri hygiene pvt ltd-nepal-dhoni lemon#3.png,RECODING,5.0,9.0,47543,154.189208984375,123.0,HIMGIRI SOAP & CHEMICALS-NEPAL,DHONI,DHONI,DHONI-ROUND DISH WASH PCN 400 GM,PLJAR,400.000 GM,,,400.0,GM,0.0
72,2022-12-02 00:00:00,202212.0,129042789.0,1669791970425.0,99764438.0,123.0,HIMGIRI HYGIENE PVT LTD-NEPAL,DHONI LEMON,DHONI LEMON DISH WASH BAR PPH 100G,10.0,PPH,100G,,1669791970425-himgiri hygiene pvt ltd-nepal-dhoni lemon#3.png,RECODING,5.0,10.0,99764336,154.73089599609375,123.0,HIMGIRI HYGIENE PVT LTD-NEPAL,DHONI,DHONI,DHONI-LAUNDRY SOAP PPH 4*225 GM [900GM],PLPCH,225.000 GM,,,900.0,GM,230.0
73,2022-12-02 00:00:00,202212.0,126806790.0,1669534204003.0,99764397.0,117.0,UNILEVER NEPAL LTD-NEPAL,DOVE,DOVE NUTRITIVE SOLUTIONS-HAIR FALL RESCUE PPH 6.5ML,4.0,PPH,6.5ML,,1669534204003-unilever nepal ltd-nepal-dove#3.png,RECODING,5.0,1.0,99764397,119.95065307617188,117.0,UNILEVER NEPAL LTD-NEPAL,DOVE,DOVE NUTRITIVE SOLUTIONS,DOVE NUTRITIVE SOLUTIONS-HAIR FALL RESCUE COND SCT 6.5 ML,PLSCH,6.500 ML,,,6.5,ML,4.0
73,2022-12-02 00:00:00,202212.0,126806790.0,1669534204003.0,99764397.0,117.0,UNILEVER NEPAL LTD-NEPAL,DOVE,DOVE NUTRITIVE SOLUTIONS-HAIR FALL RESCUE PPH 6.5ML,4.0,PPH,6.5ML,,1669534204003-unilever nepal ltd-nepal-dove#3.png,RECODING,5.0,2.0,53244,120.31749725341797,117.0,UNILEVER NEPAL LTD-NEPAL,DOVE,DOVE NUTRITIVE SOLUTIONS,DOVE NUTRITIVE SOLUTIONS-HAIR FALL RESCUE COND SCT 6 ML,PLSCH,6.000 ML,,,6.0,ML,0.0
73,2022-12-02 00:00:00,202212.0,126806790.0,1669534204003.0,99764397.0,117.0,UNILEVER NEPAL LTD-NEPAL,DOVE,DOVE NUTRITIVE SOLUTIONS-HAIR FALL RESCUE PPH 6.5ML,4.0,PPH,6.5ML,,1669534204003-unilever nepal ltd-nepal-dove#3.png,RECODING,5.0,3.0,51745,122.30029296875,117.0,UNILEVER NEPAL LTD-NEPAL,DOVE,DOVE NUTRITIVE SOLUTIONS,DOVE NUTRITIVE SOLUTIONS-HAIR FALL RESCUE SCT 5.5 ML,PLSCH,5.500 ML,,,5.5,ML,0.0
73,2022-12-02 00:00:00,202212.0,126806790.0,1669534204003.0,99764397.0,117.0,UNILEVER NEPAL LTD-NEPAL,DOVE,DOVE NUTRITIVE SOLUTIONS-HAIR FALL RESCUE PPH 6.5ML,4.0,PPH,6.5ML,,1669534204003-unilever nepal ltd-nepal-dove#3.png,RECODING,5.0,4.0,46616,123.07109069824219,117.0,UNILEVER NEPAL LTD-NEPAL,DOVE,DOVE NUTRITIVE SOLUTIONS,DOVE NUTRITIVE SOLUTIONS-HAIR FALL RESCUE PBT 175 ML,PLBOT,175.000 ML,,,175.0,ML,0.0
73,2022-12-02 00:00:00,202212.0,126806790.0,1669534204003.0,99764397.0,117.0,UNILEVER NEPAL LTD-NEPAL,DOVE,DOVE NUTRITIVE SOLUTIONS-HAIR FALL RESCUE PPH 6.5ML,4.0,PPH,6.5ML,,1669534204003-unilever nepal ltd-nepal-dove#3.png,RECODING,5.0,5.0,54344,124.211181640625,117.0,UNILEVER NEPAL LTD-NEPAL,DOVE,DOVE NUTRITIVE SOLUTIONS,DOVE NUTRITIVE SOLUTIONS-HAIR FALL RESCUE COND SCT 7 ML,PLSCH,7.000 ML,,,7.0,ML,0.0
73,2022-12-02 00:00:00,202212.0,126806790.0,1669534204003.0,99764397.0,117.0,UNILEVER NEPAL LTD-NEPAL,DOVE,DOVE NUTRITIVE SOLUTIONS-HAIR FALL RESCUE PPH 6.5ML,4.0,PPH,6.5ML,,1669534204003-unilever nepal ltd-nepal-dove#3.png,RECODING,5.0,6.0,53245,129.31640625,117.0,UNILEVER NEPAL LTD-NEPAL,DOVE,DOVE NUTRITIVE SOLUTIONS,DOVE NUTRITIVE SOLUTIONS-SHAMPO HAIR FALL RESCUE SCT 6 ML,PLSCH,6.000 ML,,,6.0,ML,0.0
73,2022-12-02 00:00:00,202212.0,126806790.0,1669534204003.0,99764397.0,117.0,UNILEVER NEPAL LTD-NEPAL,DOVE,DOVE NUTRITIVE SOLUTIONS-HAIR FALL RESCUE PPH 6.5ML,4.0,PPH,6.5ML,,1669534204003-unilever nepal ltd-nepal-dove#3.png,RECODING,5.0,7.0,99762501,142.37606811523438,117.0,UNILEVER NEPAL LTD-NEPAL,DOVE,DOVE CONDITIONER,DOVE-HAIR FALL RESCUE CONDI. PBT 320 ML,PLBOT,320.000 ML,,,320.0,ML,300.0
73,2022-12-02 00:00:00,202212.0,126806790.0,1669534204003.0,99764397.0,117.0,UNILEVER NEPAL LTD-NEPAL,DOVE,DOVE NUTRITIVE SOLUTIONS-HAIR FALL RESCUE PPH 6.5ML,4.0,PPH,6.5ML,,1669534204003-unilever nepal ltd-nepal-dove#3.png,RECODING,5.0,8.0,46116,152.185546875,117.0,UNILEVER NEPAL LTD-NEPAL,DOVE,DOVE HAIR THRPY HR FAL RSCUE,DOVE HAIR THRPY HR FAL RSCUE-SCT 4.14ML+32%[1.36],PLSCH,4.140 ML,,,5.5,ML,0.0
73,2022-12-02 00:00:00,202212.0,126806790.0,1669534204003.0,99764397.0,117.0,UNILEVER NEPAL LTD-NEPAL,DOVE,DOVE NUTRITIVE SOLUTIONS-HAIR FALL RESCUE PPH 6.5ML,4.0,PPH,6.5ML,,1669534204003-unilever nepal ltd-nepal-dove#3.png,RECODING,5.0,9.0,50153,152.35377502441406,117.0,UNILEVER NEPAL LTD-NEPAL,DOVE,DOVE HAIR THRPY HR FAL RSCUE,DOVE HAIR THRPY HR FAL RSCUE-PBT 650 ML,PLBOT,650.000 ML,,,650.0,ML,0.0
73,2022-12-02 00:00:00,202212.0,126806790.0,1669534204003.0,99764397.0,117.0,UNILEVER NEPAL LTD-NEPAL,DOVE,DOVE NUTRITIVE SOLUTIONS-HAIR FALL RESCUE PPH 6.5ML,4.0,PPH,6.5ML,,1669534204003-unilever nepal ltd-nepal-dove#3.png,RECODING,5.0,10.0,48371,152.6988983154297,117.0,UNILEVER NEPAL LTD-NEPAL,DOVE,DOVE HAIR THRPY HR FAL RSCUE,DOVE HAIR THRPY HR FAL RSCUE-SCT 4.14ML+20%[0.86],PLSCH,4.140 ML,,,5.0,ML,0.0
74,2022-12-02 00:00:00,202212.0,121609101.0,1669707119771.0,99764400.0,120.0,UNILEVER NEPAL LTD-NEPAL,LIFE BUOY,LIFE BUOY NATURE ACTIVE FORMULA EWP 90GM,40.0,EWP,90GM,,1669707119771-unilever nepal ltd-nepal-life buoy#3.png,RECODING,5.0,1.0,46980,117.37113952636719,120.0,UNILEVER NEPAL LTD-NEPAL,LIFE BUOY,LIFE BUOY NATURE,LIFE BUOY NATURE-ACTIV SILVER FORMULA EWP 100 GM,EWRPK,100.000 GM,,,100.0,GM,0.0
74,2022-12-02 00:00:00,202212.0,121609101.0,1669707119771.0,99764400.0,120.0,UNILEVER NEPAL LTD-NEPAL,LIFE BUOY,LIFE BUOY NATURE ACTIVE FORMULA EWP 90GM,40.0,EWP,90GM,,1669707119771-unilever nepal ltd-nepal-life buoy#3.png,RECODING,5.0,2.0,50717,117.74832153320312,120.0,UNILEVER NEPAL LTD-NEPAL,LIFE BUOY,LIFE BUOY NATURE,LIFE BUOY NATURE-ACTIV SILVER FORMULA EWP 95 GM,EWRPK,95.000 GM,,,95.0,GM,0.0
74,2022-12-02 00:00:00,202212.0,121609101.0,1669707119771.0,99764400.0,120.0,UNILEVER NEPAL LTD-NEPAL,LIFE BUOY,LIFE BUOY NATURE ACTIVE FORMULA EWP 90GM,40.0,EWP,90GM,,1669707119771-unilever nepal ltd-nepal-life buoy#3.png,RECODING,5.0,3.0,46979,118.88027954101562,120.0,UNILEVER NEPAL LTD-NEPAL,LIFE BUOY,LIFE BUOY TOTAL 10,LIFE BUOY TOTAL 10-ACTIV SILVER FORMULA EWP 125 GM,EWRPK,125.000 GM,,,125.0,GM,0.0
74,2022-12-02 00:00:00,202212.0,121609101.0,1669707119771.0,99764400.0,120.0,UNILEVER NEPAL LTD-NEPAL,LIFE BUOY,LIFE BUOY NATURE ACTIVE FORMULA EWP 90GM,40.0,EWP,90GM,,1669707119771-unilever nepal ltd-nepal-life buoy#3.png,RECODING,5.0,4.0,99764400,121.33584594726562,120.0,UNILEVER NEPAL LTD-NEPAL,LIFE BUOY,LIFE BUOY NATURE,LIFE BUOY NATURE-ACTIV SILVER FORMULA EWP 90 GM,EWRPK,90.000 GM,,,90.0,GM,40.0
74,2022-12-02 00:00:00,202212.0,121609101.0,1669707119771.0,99764400.0,120.0,UNILEVER NEPAL LTD-NEPAL,LIFE BUOY,LIFE BUOY NATURE ACTIVE FORMULA EWP 90GM,40.0,EWP,90GM,,1669707119771-unilever nepal ltd-nepal-life buoy#3.png,RECODING,5.0,5.0,92522126,122.55023956298828,120.0,UNILEVER NEPAL LTD-NEPAL,LIFE BUOY,LIFE BUOY ACTIVE RED,LIFE BUOY ACTIVE RED-EWP 62 GMS,EWRPK,62.000 GM,,,62.0,GM,0.0
74,2022-12-02 00:00:00,202212.0,121609101.0,1669707119771.0,99764400.0,120.0,UNILEVER NEPAL LTD-NEPAL,LIFE BUOY,LIFE BUOY NATURE ACTIVE FORMULA EWP 90GM,40.0,EWP,90GM,,1669707119771-unilever nepal ltd-nepal-life buoy#3.png,RECODING,5.0,6.0,92516905,124.03968048095703,120.0,UNILEVER NEPAL LTD-NEPAL,LIFE BUOY,LIFE BUOY ACTIVE RED,LIFE BUOY ACTIVE RED-EWP 125 GMS,EWRPK,125.000 GM,,,125.0,GM,0.0
74,2022-12-02 00:00:00,202212.0,121609101.0,1669707119771.0,99764400.0,120.0,UNILEVER NEPAL LTD-NEPAL,LIFE BUOY,LIFE BUOY NATURE ACTIVE FORMULA EWP 90GM,40.0,EWP,90GM,,1669707119771-unilever nepal ltd-nepal-life buoy#3.png,RECODING,5.0,7.0,92517205,124.39081573486328,120.0,UNILEVER NEPAL LTD-NEPAL,LIFE BUOY,LIFE BUOY ACTIVE RED,LIFE BUOY ACTIVE RED-EWP 50 GMS,EWRPK,50.000 GM,,,50.0,GM,0.0
74,2022-12-02 00:00:00,202212.0,121609101.0,1669707119771.0,99764400.0,120.0,UNILEVER NEPAL LTD-NEPAL,LIFE BUOY,LIFE BUOY NATURE ACTIVE FORMULA EWP 90GM,40.0,EWP,90GM,,1669707119771-unilever nepal ltd-nepal-life buoy#3.png,RECODING,5.0,8.0,92516906,125.0969467163086,120.0,UNILEVER NEPAL LTD-NEPAL,LIFE BUOY,LIFE BUOY ACTIVE RED,LIFE BUOY ACTIVE RED-EWP 100 GMS,EWRPK,100.000 GM,,,100.0,GM,0.0
74,2022-12-02 00:00:00,202212.0,121609101.0,1669707119771.0,99764400.0,120.0,UNILEVER NEPAL LTD-NEPAL,LIFE BUOY,LIFE BUOY NATURE ACTIVE FORMULA EWP 90GM,40.0,EWP,90GM,,1669707119771-unilever nepal ltd-nepal-life buoy#3.png,RECODING,5.0,9.0,92517172,127.86930847167969,120.0,UNILEVER NEPAL LTD-NEPAL,LIFE BUOY,LIFE BUOY ACTIVE RED,LIFE BUOY ACTIVE RED-EWP 70 GMS,EWRPK,70.000 GM,,,70.0,GM,0.0
74,2022-12-02 00:00:00,202212.0,121609101.0,1669707119771.0,99764400.0,120.0,UNILEVER NEPAL LTD-NEPAL,LIFE BUOY,LIFE BUOY NATURE ACTIVE FORMULA EWP 90GM,40.0,EWP,90GM,,1669707119771-unilever nepal ltd-nepal-life buoy#3.png,RECODING,5.0,10.0,92527373,129.29029846191406,120.0,UNILEVER NEPAL LTD-NEPAL,LIFE BUOY,LIFE BUOY NATURE,LIFE BUOY NATURE-EWP 125 GMS,EWRPK,125.000 GM,,,125.0,GM,0.0
75,2022-12-05 00:00:00,202212.0,130609425.0,1670128647648.0,51745.0,117.0,UNILEVER NEPAL LTD-NEPAL,GHADI,DOVE\5.5ML\SCT\NUTRIVE SOLUTIONS HAIR FALL RESCUE,3.2,SCT,5.5ML,,1670128647648-unilever nepal ltd-nepal-ghadi#3.png,CROSS CODING,2.0,1.0,99764397,143.6949462890625,117.0,UNILEVER NEPAL LTD-NEPAL,DOVE,DOVE NUTRITIVE SOLUTIONS,DOVE NUTRITIVE SOLUTIONS-HAIR FALL RESCUE COND SCT 6.5 ML,PLSCH,6.500 ML,,,6.5,ML,4.0
75,2022-12-05 00:00:00,202212.0,130609425.0,1670128647648.0,51745.0,117.0,UNILEVER NEPAL LTD-NEPAL,GHADI,DOVE\5.5ML\SCT\NUTRIVE SOLUTIONS HAIR FALL RESCUE,3.2,SCT,5.5ML,,1670128647648-unilever nepal ltd-nepal-ghadi#3.png,CROSS CODING,2.0,2.0,53244,143.75802612304688,117.0,UNILEVER NEPAL LTD-NEPAL,DOVE,DOVE NUTRITIVE SOLUTIONS,DOVE NUTRITIVE SOLUTIONS-HAIR FALL RESCUE COND SCT 6 ML,PLSCH,6.000 ML,,,6.0,ML,0.0
75,2022-12-05 00:00:00,202212.0,130609425.0,1670128647648.0,51745.0,117.0,UNILEVER NEPAL LTD-NEPAL,GHADI,DOVE\5.5ML\SCT\NUTRIVE SOLUTIONS HAIR FALL RESCUE,3.2,SCT,5.5ML,,1670128647648-unilever nepal ltd-nepal-ghadi#3.png,CROSS CODING,2.0,3.0,51745,144.2847137451172,117.0,UNILEVER NEPAL LTD-NEPAL,DOVE,DOVE NUTRITIVE SOLUTIONS,DOVE NUTRITIVE SOLUTIONS-HAIR FALL RESCUE SCT 5.5 ML,PLSCH,5.500 ML,,,5.5,ML,0.0
75,2022-12-05 00:00:00,202212.0,130609425.0,1670128647648.0,51745.0,117.0,UNILEVER NEPAL LTD-NEPAL,GHADI,DOVE\5.5ML\SCT\NUTRIVE SOLUTIONS HAIR FALL RESCUE,3.2,SCT,5.5ML,,1670128647648-unilever nepal ltd-nepal-ghadi#3.png,CROSS CODING,2.0,4.0,46616,147.4560546875,117.0,UNILEVER NEPAL LTD-NEPAL,DOVE,DOVE NUTRITIVE SOLUTIONS,DOVE NUTRITIVE SOLUTIONS-HAIR FALL RESCUE PBT 175 ML,PLBOT,175.000 ML,,,175.0,ML,0.0
75,2022-12-05 00:00:00,202212.0,130609425.0,1670128647648.0,51745.0,117.0,UNILEVER NEPAL LTD-NEPAL,GHADI,DOVE\5.5ML\SCT\NUTRIVE SOLUTIONS HAIR FALL RESCUE,3.2,SCT,5.5ML,,1670128647648-unilever nepal ltd-nepal-ghadi#3.png,CROSS CODING,2.0,5.0,54344,147.8614501953125,117.0,UNILEVER NEPAL LTD-NEPAL,DOVE,DOVE NUTRITIVE SOLUTIONS,DOVE NUTRITIVE SOLUTIONS-HAIR FALL RESCUE COND SCT 7 ML,PLSCH,7.000 ML,,,7.0,ML,0.0
75,2022-12-05 00:00:00,202212.0,130609425.0,1670128647648.0,51745.0,117.0,UNILEVER NEPAL LTD-NEPAL,GHADI,DOVE\5.5ML\SCT\NUTRIVE SOLUTIONS HAIR FALL RESCUE,3.2,SCT,5.5ML,,1670128647648-unilever nepal ltd-nepal-ghadi#3.png,CROSS CODING,2.0,6.0,53245,151.83401489257812,117.0,UNILEVER NEPAL LTD-NEPAL,DOVE,DOVE NUTRITIVE SOLUTIONS,DOVE NUTRITIVE SOLUTIONS-SHAMPO HAIR FALL RESCUE SCT 6 ML,PLSCH,6.000 ML,,,6.0,ML,0.0
75,2022-12-05 00:00:00,202212.0,130609425.0,1670128647648.0,51745.0,117.0,UNILEVER NEPAL LTD-NEPAL,GHADI,DOVE\5.5ML\SCT\NUTRIVE SOLUTIONS HAIR FALL RESCUE,3.2,SCT,5.5ML,,1670128647648-unilever nepal ltd-nepal-ghadi#3.png,CROSS CODING,2.0,7.0,99762501,158.7000732421875,117.0,UNILEVER NEPAL LTD-NEPAL,DOVE,DOVE CONDITIONER,DOVE-HAIR FALL RESCUE CONDI. PBT 320 ML,PLBOT,320.000 ML,,,320.0,ML,300.0
75,2022-12-05 00:00:00,202212.0,130609425.0,1670128647648.0,51745.0,117.0,UNILEVER NEPAL LTD-NEPAL,GHADI,DOVE\5.5ML\SCT\NUTRIVE SOLUTIONS HAIR FALL RESCUE,3.2,SCT,5.5ML,,1670128647648-unilever nepal ltd-nepal-ghadi#3.png,CROSS CODING,2.0,8.0,48837,160.03831481933594,117.0,UNILEVER NEPAL LTD-NEPAL,DOVE,DOVE HAIR THRPY HR FAL RSCUE,DOVE HAIR THRPY HR FAL RSCUE-SCT 5 ML+20% EX[1ML],PLSCH,5.000 ML,,,6.0,ML,0.0
75,2022-12-05 00:00:00,202212.0,130609425.0,1670128647648.0,51745.0,117.0,UNILEVER NEPAL LTD-NEPAL,GHADI,DOVE\5.5ML\SCT\NUTRIVE SOLUTIONS HAIR FALL RESCUE,3.2,SCT,5.5ML,,1670128647648-unilever nepal ltd-nepal-ghadi#3.png,CROSS CODING,2.0,9.0,46116,161.06773376464844,117.0,UNILEVER NEPAL LTD-NEPAL,DOVE,DOVE HAIR THRPY HR FAL RSCUE,DOVE HAIR THRPY HR FAL RSCUE-SCT 4.14ML+32%[1.36],PLSCH,4.140 ML,,,5.5,ML,0.0
75,2022-12-05 00:00:00,202212.0,130609425.0,1670128647648.0,51745.0,117.0,UNILEVER NEPAL LTD-NEPAL,GHADI,DOVE\5.5ML\SCT\NUTRIVE SOLUTIONS HAIR FALL RESCUE,3.2,SCT,5.5ML,,1670128647648-unilever nepal ltd-nepal-ghadi#3.png,CROSS CODING,2.0,10.0,48371,161.11968994140625,117.0,UNILEVER NEPAL LTD-NEPAL,DOVE,DOVE HAIR THRPY HR FAL RSCUE,DOVE HAIR THRPY HR FAL RSCUE-SCT 4.14ML+20%[0.86],PLSCH,4.140 ML,,,5.0,ML,0.0
76,2022-12-05 00:00:00,202212.0,130609425.0,1670129753128.0,99764448.0,120.0,JAISANSHU MEDICARE PVT.LTD INDIA,KETOSOFT,KETOSOFT\75GM\CBP\KETOCONAZOLE,200.0,CBP ,75GM,,1670129753128-jaisanshu medicare pvt-ltd india-ketosoft#3.png,RECODING,5.0,1.0,99764448,118.57411193847656,120.0,JAISANSHU MEDICARE PVT LTD-INDIA,KETOSOFT,KETOSOFT,KETOSOFT-KETOCONAZOLE SOAP CBP 75 GM,CDBOX,75.000 GM,,,75.0,GM,200.0
76,2022-12-05 00:00:00,202212.0,130609425.0,1670129753128.0,99764448.0,120.0,JAISANSHU MEDICARE PVT.LTD INDIA,KETOSOFT,KETOSOFT\75GM\CBP\KETOCONAZOLE,200.0,CBP ,75GM,,1670129753128-jaisanshu medicare pvt-ltd india-ketosoft#3.png,RECODING,5.0,2.0,47498,158.0760498046875,120.0,OREGON HEALTHCARE-INDIA,KETOFUR,KETOFUR,KETOFUR-KETOCONAZOLE CBP 75 GM,CDBOX,75.000 GM,,,75.0,GM,0.0
76,2022-12-05 00:00:00,202212.0,130609425.0,1670129753128.0,99764448.0,120.0,JAISANSHU MEDICARE PVT.LTD INDIA,KETOSOFT,KETOSOFT\75GM\CBP\KETOCONAZOLE,200.0,CBP ,75GM,,1670129753128-jaisanshu medicare pvt-ltd india-ketosoft#3.png,RECODING,5.0,3.0,99763481,158.56517028808594,120.0,GLESSOM COSMED-INDIA,KETSOME,KETSOME KETOCONAZOLE,KETSOME KETOCONAZOLE-CBP 75 GM,CDBOX,75.000 GM,,,75.0,GM,200.0
76,2022-12-05 00:00:00,202212.0,130609425.0,1670129753128.0,99764448.0,120.0,JAISANSHU MEDICARE PVT.LTD INDIA,KETOSOFT,KETOSOFT\75GM\CBP\KETOCONAZOLE,200.0,CBP ,75GM,,1670129753128-jaisanshu medicare pvt-ltd india-ketosoft#3.png,RECODING,5.0,4.0,49801,160.77395629882812,120.0,BRD HEALTH SCIENCES-INDIA,CONABIT,CONABIT,CONABIT-KETOCONAZOLE CBP 75 GM,CDBOX,75.000 GM,,,75.0,GM,0.0
76,2022-12-05 00:00:00,202212.0,130609425.0,1670129753128.0,99764448.0,120.0,JAISANSHU MEDICARE PVT.LTD INDIA,KETOSOFT,KETOSOFT\75GM\CBP\KETOCONAZOLE,200.0,CBP ,75GM,,1670129753128-jaisanshu medicare pvt-ltd india-ketosoft#3.png,RECODING,5.0,5.0,52166,161.51390075683594,120.0,HELBREDE HEALTHCARE-INDIA,SENTOC,SENTOC,SENTOC-KETOCONAZOLE ANTIFUNGAL CBP 75 GM,CDBOX,75.000 GM,,,75.0,GM,0.0
76,2022-12-05 00:00:00,202212.0,130609425.0,1670129753128.0,99764448.0,120.0,JAISANSHU MEDICARE PVT.LTD INDIA,KETOSOFT,KETOSOFT\75GM\CBP\KETOCONAZOLE,200.0,CBP ,75GM,,1670129753128-jaisanshu medicare pvt-ltd india-ketosoft#3.png,RECODING,5.0,6.0,99764757,161.62615966796875,117.0,SAGARMATHA HEALTH CARE-INDIA,KETOKLAN-Z,KETOKLAN-Z,KETOKLAN-Z-KETOKONAZOLE & ZINC PYRITHIONE PBT 75 ML,PLBOT,75.000 ML,,,75.0,ML,336.0
76,2022-12-05 00:00:00,202212.0,130609425.0,1670129753128.0,99764448.0,120.0,JAISANSHU MEDICARE PVT.LTD INDIA,KETOSOFT,KETOSOFT\75GM\CBP\KETOCONAZOLE,200.0,CBP ,75GM,,1670129753128-jaisanshu medicare pvt-ltd india-ketosoft#3.png,RECODING,5.0,7.0,48272,166.44241333007812,120.0,LANARK LABOROTORIES-INDIA,ONON,ONON,ONON-KETOCONAZOLE MEDICATED CBP 75 GM,CDBOX,75.000 GM,,,75.0,GM,0.0
76,2022-12-05 00:00:00,202212.0,130609425.0,1670129753128.0,99764448.0,120.0,JAISANSHU MEDICARE PVT.LTD INDIA,KETOSOFT,KETOSOFT\75GM\CBP\KETOCONAZOLE,200.0,CBP ,75GM,,1670129753128-jaisanshu medicare pvt-ltd india-ketosoft#3.png,RECODING,5.0,8.0,50497,169.36863708496094,120.0,GARY PHARMA-INDIA,KETICON,KETICON,KETICON-KETOCONAZOLE CBP 75 GM,CDBOX,75.000 GM,,,75.0,GM,0.0
76,2022-12-05 00:00:00,202212.0,130609425.0,1670129753128.0,99764448.0,120.0,JAISANSHU MEDICARE PVT.LTD INDIA,KETOSOFT,KETOSOFT\75GM\CBP\KETOCONAZOLE,200.0,CBP ,75GM,,1670129753128-jaisanshu medicare pvt-ltd india-ketosoft#3.png,RECODING,5.0,9.0,54030,170.44171142578125,120.0,PLUZINE HEALTHCARE-INDIA,KETZA,KETZA,KETZA-KETOCONAZOLE CBP 75 GM,CDBOX,75.000 GM,,,75.0,GM,0.0
76,2022-12-05 00:00:00,202212.0,130609425.0,1670129753128.0,99764448.0,120.0,JAISANSHU MEDICARE PVT.LTD INDIA,KETOSOFT,KETOSOFT\75GM\CBP\KETOCONAZOLE,200.0,CBP ,75GM,,1670129753128-jaisanshu medicare pvt-ltd india-ketosoft#3.png,RECODING,5.0,10.0,92527083,170.83541870117188,120.0,BIO NOVA LIFE SCIENCE-INDIA,KETOSH,KETOSH KETOCONAZOLE,KETOSH KETOCONAZOLE-CBP 75 GMS,CDBOX,75.000 GM,,,75.0,GM,0.0
77,2022-12-05 00:00:00,202212.0,130609425.0,1670127815972.0,99764450.0,122.0,RSPL LTD-INDIA,GHADI,GHADI\110GM\PPH,16.0,PPH,110GM,,1670127815972-rspl ltd-india-ghadi#3.png,RECODING,5.0,1.0,93021370,111.99915313720703,122.0,RSPL LTD-INDIA,GHADI,GHADI,GHADI-PPH 220 GMS,PLPCH,220.000 GM,,,220.0,GM,0.0
77,2022-12-05 00:00:00,202212.0,130609425.0,1670127815972.0,99764450.0,122.0,RSPL LTD-INDIA,GHADI,GHADI\110GM\PPH,16.0,PPH,110GM,,1670127815972-rspl ltd-india-ghadi#3.png,RECODING,5.0,2.0,93021072,113.3953628540039,122.0,RSPL LTD-INDIA,GHADI,GHADI,GHADI- PPH 105 GMS,PLPCH,105.000 GM,,,105.0,GM,0.0
77,2022-12-05 00:00:00,202212.0,130609425.0,1670127815972.0,99764450.0,122.0,RSPL LTD-INDIA,GHADI,GHADI\110GM\PPH,16.0,PPH,110GM,,1670127815972-rspl ltd-india-ghadi#3.png,RECODING,5.0,3.0,93018058,114.05863952636719,122.0,RSPL LTD-INDIA,GHADI,GHADI,GHADI-PPH 425 GMS,PLPCH,425.000 GM,,,425.0,GM,0.0
77,2022-12-05 00:00:00,202212.0,130609425.0,1670127815972.0,99764450.0,122.0,RSPL LTD-INDIA,GHADI,GHADI\110GM\PPH,16.0,PPH,110GM,,1670127815972-rspl ltd-india-ghadi#3.png,RECODING,5.0,4.0,93021786,114.75235748291016,122.0,RSPL LTD-INDIA,GHADI,GHADI,GHADI-PPH 210 GMS,PLPCH,210.000 GM,,,210.0,GM,0.0
77,2022-12-05 00:00:00,202212.0,130609425.0,1670127815972.0,99764450.0,122.0,RSPL LTD-INDIA,GHADI,GHADI\110GM\PPH,16.0,PPH,110GM,,1670127815972-rspl ltd-india-ghadi#3.png,RECODING,5.0,5.0,93021878,115.27904510498047,122.0,RSPL LTD-INDIA,GHADI,GHADI,GHADI-PPH 200 GMS,PLPCH,200.000 GM,,,200.0,GM,0.0
77,2022-12-05 00:00:00,202212.0,130609425.0,1670127815972.0,99764450.0,122.0,RSPL LTD-INDIA,GHADI,GHADI\110GM\PPH,16.0,PPH,110GM,,1670127815972-rspl ltd-india-ghadi#3.png,RECODING,5.0,6.0,46248,115.50270080566406,122.0,RSPL LTD-INDIA,GHADI,GHADI,GHADI-PPH 3000 GMS,PLPCH,3000.000 GM,,,3000.0,GM,0.0
77,2022-12-05 00:00:00,202212.0,130609425.0,1670127815972.0,99764450.0,122.0,RSPL LTD-INDIA,GHADI,GHADI\110GM\PPH,16.0,PPH,110GM,,1670127815972-rspl ltd-india-ghadi#3.png,RECODING,5.0,7.0,99763064,115.83527374267578,122.0,RSPL LTD-INDIA,GHADI,GHADI,GHADI-PPH 120 GMS,PLPCH,120.000 GM,,,120.0,GM,16.0
77,2022-12-05 00:00:00,202212.0,130609425.0,1670127815972.0,99764450.0,122.0,RSPL LTD-INDIA,GHADI,GHADI\110GM\PPH,16.0,PPH,110GM,,1670127815972-rspl ltd-india-ghadi#3.png,RECODING,5.0,8.0,93017587,116.763916015625,122.0,RSPL LTD-INDIA,GHADI,GHADI,GHADI-PPH 25   GMS,PLPCH,25.000 GM,,,25.0,GM,0.0
77,2022-12-05 00:00:00,202212.0,130609425.0,1670127815972.0,99764450.0,122.0,RSPL LTD-INDIA,GHADI,GHADI\110GM\PPH,16.0,PPH,110GM,,1670127815972-rspl ltd-india-ghadi#3.png,RECODING,5.0,9.0,93027070,116.78266906738281,122.0,RSPL LTD-INDIA,GHADI,GHADI,GHADI-PPH 75 GMS,PLPCH,75.000 GM,,,75.0,GM,0.0
77,2022-12-05 00:00:00,202212.0,130609425.0,1670127815972.0,99764450.0,122.0,RSPL LTD-INDIA,GHADI,GHADI\110GM\PPH,16.0,PPH,110GM,,1670127815972-rspl ltd-india-ghadi#3.png,RECODING,5.0,10.0,99762898,116.80150604248047,122.0,RSPL LTD-INDIA,GHADI,GHADI,GHADI-PPH 125 GMS,PLPCH,125.000 GM,,,125.0,GM,16.0
78,2022-12-05 00:00:00,202212.0,112219037.0,1670133943599.0,99764439.0,106.0,SURYA NEPAL PVT LTD - NEPAL,TOFFICHO TADKA,TOFFICHOO TADKA/WITH CHAT MASALA/PCN/760 GM/PCN,500.0,PCN,760GM,,1670133943599-surya nepal pvt ltd - nepal-tofficho tadka#3.png,RECODING,5.0,1.0,99764612,123.50459289550781,106.0,SURYA NEPAL PVT LTD - NEPAL,TOFFICHOO TADKA,TOFFICHOO TADKA,TOFFICHOO TADKA-CHAT MASALA LITCHI PCN 760GM,PLJAR,760.000 GM,LYCHEE,,760.0,GM,500.0
78,2022-12-05 00:00:00,202212.0,112219037.0,1670133943599.0,99764439.0,106.0,SURYA NEPAL PVT LTD - NEPAL,TOFFICHO TADKA,TOFFICHOO TADKA/WITH CHAT MASALA/PCN/760 GM/PCN,500.0,PCN,760GM,,1670133943599-surya nepal pvt ltd - nepal-tofficho tadka#3.png,RECODING,5.0,2.0,99764461,132.23458862304688,106.0,SURYA NEPAL PVT LTD - NEPAL,TOFFICHOO TADKA,TOFFICHOO TADKA,TOFFICHO TADKA-CHAT MASALA LITCHI PPH 3.8 GM,PLPCH,3.800 GM,LYCHEE,,3.8,GM,2.5
78,2022-12-05 00:00:00,202212.0,112219037.0,1670133943599.0,99764439.0,106.0,SURYA NEPAL PVT LTD - NEPAL,TOFFICHO TADKA,TOFFICHOO TADKA/WITH CHAT MASALA/PCN/760 GM/PCN,500.0,PCN,760GM,,1670133943599-surya nepal pvt ltd - nepal-tofficho tadka#3.png,RECODING,5.0,3.0,99764544,142.4272003173828,106.0,SURYA NEPAL PVT LTD - NEPAL,TOFFICHOO TADKA,TOFFICHOO TADKA,TOFFICHOO TADKA-CHAT MASALA KACHHA MANGO&PINEAPPLE PCN 760GM,PLJAR,760.000 GM,ASSORTED,,760.0,GM,500.0
78,2022-12-05 00:00:00,202212.0,112219037.0,1670133943599.0,99764439.0,106.0,SURYA NEPAL PVT LTD - NEPAL,TOFFICHO TADKA,TOFFICHOO TADKA/WITH CHAT MASALA/PCN/760 GM/PCN,500.0,PCN,760GM,,1670133943599-surya nepal pvt ltd - nepal-tofficho tadka#3.png,RECODING,5.0,4.0,99764439,142.43759155273438,106.0,SURYA NEPAL PVT LTD - NEPAL,TOFFICHOO TADKA,TOFFICHOO TADKA,TOFFICHOO TADKA-CHAT MASALA PINEAPPLE PCN 760 GM,PLJAR,760.000 GM,PINEAPPLE,,760.0,GM,500.0
78,2022-12-05 00:00:00,202212.0,112219037.0,1670133943599.0,99764439.0,106.0,SURYA NEPAL PVT LTD - NEPAL,TOFFICHO TADKA,TOFFICHOO TADKA/WITH CHAT MASALA/PCN/760 GM/PCN,500.0,PCN,760GM,,1670133943599-surya nepal pvt ltd - nepal-tofficho tadka#3.png,RECODING,5.0,5.0,99764585,142.51443481445312,106.0,SURYA NEPAL PVT LTD - NEPAL,TOFFICHOO TADKA,TOFFICHOO TADKA,TOFFICHOO TADKA-CHAT MASALA PINEAPPLE PCN 760GM,PLJAR,760.000 GM,PINEAPPLE,,760.0,GM,500.0
78,2022-12-05 00:00:00,202212.0,112219037.0,1670133943599.0,99764439.0,106.0,SURYA NEPAL PVT LTD - NEPAL,TOFFICHO TADKA,TOFFICHOO TADKA/WITH CHAT MASALA/PCN/760 GM/PCN,500.0,PCN,760GM,,1670133943599-surya nepal pvt ltd - nepal-tofficho tadka#3.png,RECODING,5.0,6.0,99763522,146.15090942382812,106.0,SURYA NEPAL PVT LTD - NEPAL,TOFFICHO TADKA,TOFFICHO TADKA,TOFFICHO TADKA-CHAT MASALA KACCHA MANGO PPH 3.8 GM,PLPCH,3.800 GM,MANGO,,3.8,GM,2.0
78,2022-12-05 00:00:00,202212.0,112219037.0,1670133943599.0,99764439.0,106.0,SURYA NEPAL PVT LTD - NEPAL,TOFFICHO TADKA,TOFFICHOO TADKA/WITH CHAT MASALA/PCN/760 GM/PCN,500.0,PCN,760GM,,1670133943599-surya nepal pvt ltd - nepal-tofficho tadka#3.png,RECODING,5.0,7.0,99764555,146.26321411132812,106.0,SURYA NEPAL PVT LTD - NEPAL,TOFFICHOO,TOFFICHOO CHATPATA FUN,TOFFICHOO CHATPATA FUN-MASALA PUNCH PCN 720 GM,PLJAR,720.000 GM,MASALA,,720.0,GM,300.0
78,2022-12-05 00:00:00,202212.0,112219037.0,1670133943599.0,99764439.0,106.0,SURYA NEPAL PVT LTD - NEPAL,TOFFICHO TADKA,TOFFICHOO TADKA/WITH CHAT MASALA/PCN/760 GM/PCN,500.0,PCN,760GM,,1670133943599-surya nepal pvt ltd - nepal-tofficho tadka#3.png,RECODING,5.0,8.0,99764502,150.8460693359375,106.0,SURYA NEPAL PVT LTD - NEPAL,TOFFICHOO,TOFFICHOO CRÈME LACTO,TOFFICHOO CRÈME LACTO-PCN 800 GM,PLJAR,800.000 GM,UNSPECIFIED,,800.0,GM,500.0
78,2022-12-05 00:00:00,202212.0,112219037.0,1670133943599.0,99764439.0,106.0,SURYA NEPAL PVT LTD - NEPAL,TOFFICHO TADKA,TOFFICHOO TADKA/WITH CHAT MASALA/PCN/760 GM/PCN,500.0,PCN,760GM,,1670133943599-surya nepal pvt ltd - nepal-tofficho tadka#3.png,RECODING,5.0,9.0,99762790,153.84278869628906,106.0,SURYA NEPAL PVT LTD - NEPAL,TOFFICHOO,TOFFICHOO CRÈME LACTO,TOFFICHOO CRÈME LACTO-PPH 4 GM,PLPCH,4.000 GM,UNSPECIFIED,,4.0,GM,2.0
78,2022-12-05 00:00:00,202212.0,112219037.0,1670133943599.0,99764439.0,106.0,SURYA NEPAL PVT LTD - NEPAL,TOFFICHO TADKA,TOFFICHOO TADKA/WITH CHAT MASALA/PCN/760 GM/PCN,500.0,PCN,760GM,,1670133943599-surya nepal pvt ltd - nepal-tofficho tadka#3.png,RECODING,5.0,10.0,48026,155.37742614746094,106.0,SURYA NEPAL PVT LTD - NEPAL,TOFFICHO TADKA,TOFFICHO TADKA,TOFFICHO TADKA-CHAT KACHA MANGO PPH 4 GM,PLPCH,4.000 GM,MANGO,,4.0,GM,0.0
79,2022-12-05 00:00:00,202212.0,112167898.0,1670134157978.0,99764440.0,106.0,SIGHANIA FOODS INTL-INDIA,LOTTEE LOLLIES,LOTTE LOLLIES/PCN/600+100GM,480.0,PCN,600+100 GM,,1670134157978-sighania foods intl-india-lottee lollies#3.png,RECODING,5.0,1.0,99764440,159.45977783203125,106.0,LOTTE INDIA-INDIA,LOTTE,LOTTE LOLLIES,LOTTE LOLLIES-STRAWBERRY PCN 600 GM+100 GM,PLJAR,600.000 GM,STRAWBERRY,,700.0,GM,480.0
79,2022-12-05 00:00:00,202212.0,112167898.0,1670134157978.0,99764440.0,106.0,SIGHANIA FOODS INTL-INDIA,LOTTEE LOLLIES,LOTTE LOLLIES/PCN/600+100GM,480.0,PCN,600+100 GM,,1670134157978-sighania foods intl-india-lottee lollies#3.png,RECODING,5.0,2.0,99764870,162.360595703125,106.0,LOTTE INDIA-INDIA,LOTTE,LOTTE LOLLIES,LOTTE LOLLIES-STRAWBERRY&BLUEBERRY PCN 600 GM+100 GM,PLJAR,600.000 GM,ASSORTED,,700.0,GM,480.0
79,2022-12-05 00:00:00,202212.0,112167898.0,1670134157978.0,99764440.0,106.0,SIGHANIA FOODS INTL-INDIA,LOTTEE LOLLIES,LOTTE LOLLIES/PCN/600+100GM,480.0,PCN,600+100 GM,,1670134157978-sighania foods intl-india-lottee lollies#3.png,RECODING,5.0,3.0,99763333,186.18222045898438,106.0,LOTTE INDIA-INDIA,LOTTE,LOTTE LOLLIES,LOTTE LOLLIES-STRAWBERRY EWP 10 GM,EWRPK,10.000 GM,STRAWBERRY,,10.0,GM,10.0
79,2022-12-05 00:00:00,202212.0,112167898.0,1670134157978.0,99764440.0,106.0,SIGHANIA FOODS INTL-INDIA,LOTTEE LOLLIES,LOTTE LOLLIES/PCN/600+100GM,480.0,PCN,600+100 GM,,1670134157978-sighania foods intl-india-lottee lollies#3.png,RECODING,5.0,4.0,99764723,191.9203643798828,106.0,LOTTE INDIA-INDIA,LOTTE,LOTTE COFFY BITE,LOTTE COFFY BITE-RICH COFFEE TOFFEE PCN 836 GM,PLJAR,836.000 GM,COFFEE,,836.0,GM,500.0
79,2022-12-05 00:00:00,202212.0,112167898.0,1670134157978.0,99764440.0,106.0,SIGHANIA FOODS INTL-INDIA,LOTTEE LOLLIES,LOTTE LOLLIES/PCN/600+100GM,480.0,PCN,600+100 GM,,1670134157978-sighania foods intl-india-lottee lollies#3.png,RECODING,5.0,5.0,99764497,193.92222595214844,106.0,LOTTE INDIA-INDIA,LOTTE,LOTTE ECLAIRS,LOTTE ECLAIRS- CHOCO PCN 714 GM,PLJAR,714.000 GM,CHOCOLATE,,714.0,GM,500.0
79,2022-12-05 00:00:00,202212.0,112167898.0,1670134157978.0,99764440.0,106.0,SIGHANIA FOODS INTL-INDIA,LOTTEE LOLLIES,LOTTE LOLLIES/PCN/600+100GM,480.0,PCN,600+100 GM,,1670134157978-sighania foods intl-india-lottee lollies#3.png,RECODING,5.0,6.0,99764746,198.94970703125,106.0,LOTTE INDIA-INDIA,LOTTE,LOTTE JUICIES,LOTTE JUICIES-ASSORRED PCN 840 GM,PLJAR,840.000 GM,ASSORTED,,840.0,GM,500.0
79,2022-12-05 00:00:00,202212.0,112167898.0,1670134157978.0,99764440.0,106.0,SIGHANIA FOODS INTL-INDIA,LOTTEE LOLLIES,LOTTE LOLLIES/PCN/600+100GM,480.0,PCN,600+100 GM,,1670134157978-sighania foods intl-india-lottee lollies#3.png,RECODING,5.0,7.0,91826974,206.1016845703125,106.0,LOTTE INDIA-INDIA,LOTTE,LOTTE ECLAIRS,LOTTE ECLAIRS- ORANGE PPH 5.2 GM,PLPCH,5.200 GM,ORANGE,,5.2,GM,0.0
79,2022-12-05 00:00:00,202212.0,112167898.0,1670134157978.0,99764440.0,106.0,SIGHANIA FOODS INTL-INDIA,LOTTEE LOLLIES,LOTTE LOLLIES/PCN/600+100GM,480.0,PCN,600+100 GM,,1670134157978-sighania foods intl-india-lottee lollies#3.png,RECODING,5.0,8.0,53720,206.506591796875,106.0,LOTTE INDIA-INDIA,LOTTE,LOTTE COFFY BITE,LOTTE COFFY BITE-RICE COFFEE TOFFEE EWP 23 GM,EWRPK,23.000 GM,COFFEE,,23.0,GM,0.0
79,2022-12-05 00:00:00,202212.0,112167898.0,1670134157978.0,99764440.0,106.0,SIGHANIA FOODS INTL-INDIA,LOTTEE LOLLIES,LOTTE LOLLIES/PCN/600+100GM,480.0,PCN,600+100 GM,,1670134157978-sighania foods intl-india-lottee lollies#3.png,RECODING,5.0,9.0,53644,207.52468872070312,106.0,LOTTE INDIA-INDIA,LOTTE,LOTTE FRUITZ,LOTTE FRUITZ-LOLLIPOP STRAWBERRY EWP 10 GM,EWRPK,10.000 GM,STRAWBERRY,,10.0,GM,0.0
79,2022-12-05 00:00:00,202212.0,112167898.0,1670134157978.0,99764440.0,106.0,SIGHANIA FOODS INTL-INDIA,LOTTEE LOLLIES,LOTTE LOLLIES/PCN/600+100GM,480.0,PCN,600+100 GM,,1670134157978-sighania foods intl-india-lottee lollies#3.png,RECODING,5.0,10.0,91826971,208.8265838623047,106.0,LOTTE INDIA-INDIA,LOTTE,LOTTE BOOPROO,LOTTE BOOPROO- PINEAPPLE PPH 3.2 GM,PLPCH,3.200 GM,PINEAPPLE,,3.2,GM,0.0
80,2022-12-05 00:00:00,202212.0,112167898.0,1670133943599.0,99764439.0,106.0,SURYA NEPAL PVT LTD - NEPAL,TOFFICHO TADKA,TOFFICHOO TADKA/WITH CHAT MASALA/PCN/760 GM/PCN,500.0,PCN,760GM,New SKU,1670133943599-surya nepal pvt ltd - nepal-tofficho tadka#3.png,RECODING,5.0,1.0,99764612,120.78125762939453,106.0,SURYA NEPAL PVT LTD - NEPAL,TOFFICHOO TADKA,TOFFICHOO TADKA,TOFFICHOO TADKA-CHAT MASALA LITCHI PCN 760GM,PLJAR,760.000 GM,LYCHEE,,760.0,GM,500.0
80,2022-12-05 00:00:00,202212.0,112167898.0,1670133943599.0,99764439.0,106.0,SURYA NEPAL PVT LTD - NEPAL,TOFFICHO TADKA,TOFFICHOO TADKA/WITH CHAT MASALA/PCN/760 GM/PCN,500.0,PCN,760GM,New SKU,1670133943599-surya nepal pvt ltd - nepal-tofficho tadka#3.png,RECODING,5.0,2.0,99764461,130.0448455810547,106.0,SURYA NEPAL PVT LTD - NEPAL,TOFFICHOO TADKA,TOFFICHOO TADKA,TOFFICHO TADKA-CHAT MASALA LITCHI PPH 3.8 GM,PLPCH,3.800 GM,LYCHEE,,3.8,GM,2.5
80,2022-12-05 00:00:00,202212.0,112167898.0,1670133943599.0,99764439.0,106.0,SURYA NEPAL PVT LTD - NEPAL,TOFFICHO TADKA,TOFFICHOO TADKA/WITH CHAT MASALA/PCN/760 GM/PCN,500.0,PCN,760GM,New SKU,1670133943599-surya nepal pvt ltd - nepal-tofficho tadka#3.png,RECODING,5.0,3.0,99764544,141.71578979492188,106.0,SURYA NEPAL PVT LTD - NEPAL,TOFFICHOO TADKA,TOFFICHOO TADKA,TOFFICHOO TADKA-CHAT MASALA KACHHA MANGO&PINEAPPLE PCN 760GM,PLJAR,760.000 GM,ASSORTED,,760.0,GM,500.0
80,2022-12-05 00:00:00,202212.0,112167898.0,1670133943599.0,99764439.0,106.0,SURYA NEPAL PVT LTD - NEPAL,TOFFICHO TADKA,TOFFICHOO TADKA/WITH CHAT MASALA/PCN/760 GM/PCN,500.0,PCN,760GM,New SKU,1670133943599-surya nepal pvt ltd - nepal-tofficho tadka#3.png,RECODING,5.0,4.0,99764439,142.2006378173828,106.0,SURYA NEPAL PVT LTD - NEPAL,TOFFICHOO TADKA,TOFFICHOO TADKA,TOFFICHOO TADKA-CHAT MASALA PINEAPPLE PCN 760 GM,PLJAR,760.000 GM,PINEAPPLE,,760.0,GM,500.0
80,2022-12-05 00:00:00,202212.0,112167898.0,1670133943599.0,99764439.0,106.0,SURYA NEPAL PVT LTD - NEPAL,TOFFICHO TADKA,TOFFICHOO TADKA/WITH CHAT MASALA/PCN/760 GM/PCN,500.0,PCN,760GM,New SKU,1670133943599-surya nepal pvt ltd - nepal-tofficho tadka#3.png,RECODING,5.0,5.0,99764585,142.33859252929688,106.0,SURYA NEPAL PVT LTD - NEPAL,TOFFICHOO TADKA,TOFFICHOO TADKA,TOFFICHOO TADKA-CHAT MASALA PINEAPPLE PCN 760GM,PLJAR,760.000 GM,PINEAPPLE,,760.0,GM,500.0
80,2022-12-05 00:00:00,202212.0,112167898.0,1670133943599.0,99764439.0,106.0,SURYA NEPAL PVT LTD - NEPAL,TOFFICHO TADKA,TOFFICHOO TADKA/WITH CHAT MASALA/PCN/760 GM/PCN,500.0,PCN,760GM,New SKU,1670133943599-surya nepal pvt ltd - nepal-tofficho tadka#3.png,RECODING,5.0,6.0,99763522,144.12315368652344,106.0,SURYA NEPAL PVT LTD - NEPAL,TOFFICHO TADKA,TOFFICHO TADKA,TOFFICHO TADKA-CHAT MASALA KACCHA MANGO PPH 3.8 GM,PLPCH,3.800 GM,MANGO,,3.8,GM,2.0
80,2022-12-05 00:00:00,202212.0,112167898.0,1670133943599.0,99764439.0,106.0,SURYA NEPAL PVT LTD - NEPAL,TOFFICHO TADKA,TOFFICHOO TADKA/WITH CHAT MASALA/PCN/760 GM/PCN,500.0,PCN,760GM,New SKU,1670133943599-surya nepal pvt ltd - nepal-tofficho tadka#3.png,RECODING,5.0,7.0,99764555,147.059814453125,106.0,SURYA NEPAL PVT LTD - NEPAL,TOFFICHOO,TOFFICHOO CHATPATA FUN,TOFFICHOO CHATPATA FUN-MASALA PUNCH PCN 720 GM,PLJAR,720.000 GM,MASALA,,720.0,GM,300.0
80,2022-12-05 00:00:00,202212.0,112167898.0,1670133943599.0,99764439.0,106.0,SURYA NEPAL PVT LTD - NEPAL,TOFFICHO TADKA,TOFFICHOO TADKA/WITH CHAT MASALA/PCN/760 GM/PCN,500.0,PCN,760GM,New SKU,1670133943599-surya nepal pvt ltd - nepal-tofficho tadka#3.png,RECODING,5.0,8.0,99764502,149.91465759277344,106.0,SURYA NEPAL PVT LTD - NEPAL,TOFFICHOO,TOFFICHOO CRÈME LACTO,TOFFICHOO CRÈME LACTO-PCN 800 GM,PLJAR,800.000 GM,UNSPECIFIED,,800.0,GM,500.0
80,2022-12-05 00:00:00,202212.0,112167898.0,1670133943599.0,99764439.0,106.0,SURYA NEPAL PVT LTD - NEPAL,TOFFICHO TADKA,TOFFICHOO TADKA/WITH CHAT MASALA/PCN/760 GM/PCN,500.0,PCN,760GM,New SKU,1670133943599-surya nepal pvt ltd - nepal-tofficho tadka#3.png,RECODING,5.0,9.0,48026,152.06192016601562,106.0,SURYA NEPAL PVT LTD - NEPAL,TOFFICHO TADKA,TOFFICHO TADKA,TOFFICHO TADKA-CHAT KACHA MANGO PPH 4 GM,PLPCH,4.000 GM,MANGO,,4.0,GM,0.0
80,2022-12-05 00:00:00,202212.0,112167898.0,1670133943599.0,99764439.0,106.0,SURYA NEPAL PVT LTD - NEPAL,TOFFICHO TADKA,TOFFICHOO TADKA/WITH CHAT MASALA/PCN/760 GM/PCN,500.0,PCN,760GM,New SKU,1670133943599-surya nepal pvt ltd - nepal-tofficho tadka#3.png,RECODING,5.0,10.0,99762790,152.51419067382812,106.0,SURYA NEPAL PVT LTD - NEPAL,TOFFICHOO,TOFFICHOO CRÈME LACTO,TOFFICHOO CRÈME LACTO-PPH 4 GM,PLPCH,4.000 GM,UNSPECIFIED,,4.0,GM,2.0
81,2022-12-05 00:00:00,202212.0,129381493.0,1670043468418.0,99764453.0,134.0,HILL SIDE DRINKING WATER-NEPAL,MITHO,MITHO\2000ML\JAR\RS:60\HILL SIDE DRINKING WATER PVT.LTD NEPAL ,60.0,JAR,2000ML,New SKU,1670043468418-hill side drinking water-nepal-mitho#3.png,RECODING,5.0,1.0,99764453,89.63648986816406,118.0,HILL SIDE DRINKING WATER-NEPAL,MITHO,MITHO,JAR 20000 ML,JAR,20000.000 ML,,,20000.0,ML,50.0
81,2022-12-05 00:00:00,202212.0,129381493.0,1670043468418.0,99764453.0,134.0,HILL SIDE DRINKING WATER-NEPAL,MITHO,MITHO\2000ML\JAR\RS:60\HILL SIDE DRINKING WATER PVT.LTD NEPAL ,60.0,JAR,2000ML,New SKU,1670043468418-hill side drinking water-nepal-mitho#3.png,RECODING,5.0,2.0,52223,112.87393951416016,118.0,HILL SIDE DRINKING WATER-NEPAL,MITHO,MITHO,PET 1000 ML,PET,1000.000 ML,,,1000.0,ML,0.0
81,2022-12-05 00:00:00,202212.0,129381493.0,1670043468418.0,99764453.0,134.0,HILL SIDE DRINKING WATER-NEPAL,MITHO,MITHO\2000ML\JAR\RS:60\HILL SIDE DRINKING WATER PVT.LTD NEPAL ,60.0,JAR,2000ML,New SKU,1670043468418-hill side drinking water-nepal-mitho#3.png,RECODING,5.0,3.0,52311,144.68963623046875,118.0,HILL SIDE DRINKING WATER-NEPAL,HEYDAY,HEYDAY,PET 1000 ML,PET,1000.000 ML,,,1000.0,ML,0.0
81,2022-12-05 00:00:00,202212.0,129381493.0,1670043468418.0,99764453.0,134.0,HILL SIDE DRINKING WATER-NEPAL,MITHO,MITHO\2000ML\JAR\RS:60\HILL SIDE DRINKING WATER PVT.LTD NEPAL ,60.0,JAR,2000ML,New SKU,1670043468418-hill side drinking water-nepal-mitho#3.png,RECODING,5.0,4.0,40110661,145.96810913085938,118.0,TOPHA DRINKING WATER-NEPAL,TOPHA,TOPHA,JAR 20000 ML,JAR,20000.000 ML,,,20000.0,ML,0.0
81,2022-12-05 00:00:00,202212.0,129381493.0,1670043468418.0,99764453.0,134.0,HILL SIDE DRINKING WATER-NEPAL,MITHO,MITHO\2000ML\JAR\RS:60\HILL SIDE DRINKING WATER PVT.LTD NEPAL ,60.0,JAR,2000ML,New SKU,1670043468418-hill side drinking water-nepal-mitho#3.png,RECODING,5.0,5.0,54748,146.36941528320312,118.0,H.O DRINKING WATER INDS-NEPAL,H.O,H.O,JAR 20000 ML,JAR,20000.000 ML,,,20000.0,ML,0.0
81,2022-12-05 00:00:00,202212.0,129381493.0,1670043468418.0,99764453.0,134.0,HILL SIDE DRINKING WATER-NEPAL,MITHO,MITHO\2000ML\JAR\RS:60\HILL SIDE DRINKING WATER PVT.LTD NEPAL ,60.0,JAR,2000ML,New SKU,1670043468418-hill side drinking water-nepal-mitho#3.png,RECODING,5.0,6.0,53982,159.72824096679688,118.0,SIDDHARTHA DRINKING WATER-NEPAL,WEL COME,WEL COME,JAR 20000 ML,JAR,20000.000 ML,,,20000.0,ML,0.0
81,2022-12-05 00:00:00,202212.0,129381493.0,1670043468418.0,99764453.0,134.0,HILL SIDE DRINKING WATER-NEPAL,MITHO,MITHO\2000ML\JAR\RS:60\HILL SIDE DRINKING WATER PVT.LTD NEPAL ,60.0,JAR,2000ML,New SKU,1670043468418-hill side drinking water-nepal-mitho#3.png,RECODING,5.0,7.0,40110733,160.8789825439453,118.0,S.P DRINKING WATER & BEV-NEPAL,ATMOS,ATMOS,JAR 20000 ML,JAR,20000.000 ML,,,20000.0,ML,0.0
81,2022-12-05 00:00:00,202212.0,129381493.0,1670043468418.0,99764453.0,134.0,HILL SIDE DRINKING WATER-NEPAL,MITHO,MITHO\2000ML\JAR\RS:60\HILL SIDE DRINKING WATER PVT.LTD NEPAL ,60.0,JAR,2000ML,New SKU,1670043468418-hill side drinking water-nepal-mitho#3.png,RECODING,5.0,8.0,40110541,161.403076171875,118.0,TOPHA DRINKING WATER-NEPAL,TOPHA,TOPHA,PET 1000 ML,PET,1000.000 ML,,,1000.0,ML,0.0
81,2022-12-05 00:00:00,202212.0,129381493.0,1670043468418.0,99764453.0,134.0,HILL SIDE DRINKING WATER-NEPAL,MITHO,MITHO\2000ML\JAR\RS:60\HILL SIDE DRINKING WATER PVT.LTD NEPAL ,60.0,JAR,2000ML,New SKU,1670043468418-hill side drinking water-nepal-mitho#3.png,RECODING,5.0,9.0,40110707,161.88198852539062,118.0,ANNAPURNA MINERAL WATER-NEPAL,REFRESH,REFRESH,JAR 19000 ML,JAR,19000.000 ML,,,19000.0,ML,0.0
81,2022-12-05 00:00:00,202212.0,129381493.0,1670043468418.0,99764453.0,134.0,HILL SIDE DRINKING WATER-NEPAL,MITHO,MITHO\2000ML\JAR\RS:60\HILL SIDE DRINKING WATER PVT.LTD NEPAL ,60.0,JAR,2000ML,New SKU,1670043468418-hill side drinking water-nepal-mitho#3.png,RECODING,5.0,10.0,99763543,162.5337677001953,118.0,WATER WORKS PVT LTD-NEPAL,SAYAPATRI,SAYAPATRI,JAR 20000 ML,JAR,20000.000 ML,,,20000.0,ML,60.0
82,2022-12-05 00:00:00,202212.0,124618740.0,1669961336704.0,99764446.0,120.0,ITC-INDIA,VIVEL ,VIVEL ALOE VERA CBP 100GM,55.0,CBP,100GM,Any other reason,1669961336704-itc-india-vivel #3.png,RECODING,5.0,1.0,99764446,152.7588653564453,120.0,ITC-INDIA,VIVEL,VIVEL ALOEVERA,VIVEL ALOEVERA-SATIN SOFT SKIN CBP 100 GM,CDBOX,100.000 GM,,,100.0,GM,55.0
82,2022-12-05 00:00:00,202212.0,124618740.0,1669961336704.0,99764446.0,120.0,ITC-INDIA,VIVEL ,VIVEL ALOE VERA CBP 100GM,55.0,CBP,100GM,Any other reason,1669961336704-itc-india-vivel #3.png,RECODING,5.0,2.0,50496,157.9488067626953,120.0,ITC-INDIA,VIVEL,VIVEL ALOEVERA,VIVEL ALOEVERA-SATIN SOFT SKIN EWP 50 GM+7 GM EXT,EWRPK,50.000 GM,,,57.0,GM,0.0
82,2022-12-05 00:00:00,202212.0,124618740.0,1669961336704.0,99764446.0,120.0,ITC-INDIA,VIVEL ,VIVEL ALOE VERA CBP 100GM,55.0,CBP,100GM,Any other reason,1669961336704-itc-india-vivel #3.png,RECODING,5.0,3.0,92518863,198.52127075195312,120.0,JOHNSON & JOHNSON - INDIA,SAVLON,SAVLON,SAVLON-ALOEVERA CBP 65 GMS,CDBOX,65.000 GM,,,65.0,GM,0.0
82,2022-12-05 00:00:00,202212.0,124618740.0,1669961336704.0,99764446.0,120.0,ITC-INDIA,VIVEL ,VIVEL ALOE VERA CBP 100GM,55.0,CBP,100GM,Any other reason,1669961336704-itc-india-vivel #3.png,RECODING,5.0,4.0,92523061,204.53985595703125,120.0,JAI KALI JADIBUTI UDHYOG-NEPAL,OKHATI,OKHATI AYURVEDIC,OKHATI AYURVEDIC-ALOEVERA CBP 50 GMS,CDBOX,50.000 GM,,,50.0,GM,0.0
82,2022-12-05 00:00:00,202212.0,124618740.0,1669961336704.0,99764446.0,120.0,ITC-INDIA,VIVEL ,VIVEL ALOE VERA CBP 100GM,55.0,CBP,100GM,Any other reason,1669961336704-itc-india-vivel #3.png,RECODING,5.0,5.0,99764447,204.84149169921875,120.0,ITC-INDIA,VIVEL,VIVEL LOTUS OIL,VIVEL LOTUS OIL-SOFT GLOWING SKIN CBP 100 GM,CDBOX,100.000 GM,,,100.0,GM,60.0
82,2022-12-05 00:00:00,202212.0,124618740.0,1669961336704.0,99764446.0,120.0,ITC-INDIA,VIVEL ,VIVEL ALOE VERA CBP 100GM,55.0,CBP,100GM,Any other reason,1669961336704-itc-india-vivel #3.png,RECODING,5.0,6.0,50288,209.332763671875,120.0,VVF LTD - INDIA,JO,JO,JO-NEEM ALOEVERA TULSI EWP 50 GM,EWRPK,50.000 GM,,,50.0,GM,0.0
82,2022-12-05 00:00:00,202212.0,124618740.0,1669961336704.0,99764446.0,120.0,ITC-INDIA,VIVEL ,VIVEL ALOE VERA CBP 100GM,55.0,CBP,100GM,Any other reason,1669961336704-itc-india-vivel #3.png,RECODING,5.0,7.0,51651,210.17984008789062,120.0,ITC-INDIA,SUPERIA,SUPERIA GANGAGAL,SUPERIA GANGAGAL-SANDL ALMND EWP 4*58 GM+B3G1,EWRPK,58.000 GM,,,232.0,GM,0.0
82,2022-12-05 00:00:00,202212.0,124618740.0,1669961336704.0,99764446.0,120.0,ITC-INDIA,VIVEL ,VIVEL ALOE VERA CBP 100GM,55.0,CBP,100GM,Any other reason,1669961336704-itc-india-vivel #3.png,RECODING,5.0,8.0,92521723,213.76780700683594,120.0,JAI KALI JADIBUTI UDHYOG-NEPAL,OKHATI,OKHATI AYURVEDIC,OKHATI AYURVEDIC- ROSE & LEMON CBP 50 GMS,CDBOX,50.000 GM,,,50.0,GM,0.0
82,2022-12-05 00:00:00,202212.0,124618740.0,1669961336704.0,99764446.0,120.0,ITC-INDIA,VIVEL ,VIVEL ALOE VERA CBP 100GM,55.0,CBP,100GM,Any other reason,1669961336704-itc-india-vivel #3.png,RECODING,5.0,9.0,92520069,215.511962890625,120.0,SAYAPATRI HERBAL UDHYOG-NEPAL,SAYAPATRI,SAYAPATRI,SAYAPATRI-NEEM & ALOEVERA CBP 85 GMS,CDBOX,85.000 GM,,,85.0,GM,0.0
82,2022-12-05 00:00:00,202212.0,124618740.0,1669961336704.0,99764446.0,120.0,ITC-INDIA,VIVEL ,VIVEL ALOE VERA CBP 100GM,55.0,CBP,100GM,Any other reason,1669961336704-itc-india-vivel #3.png,RECODING,5.0,10.0,92519481,216.77915954589844,120.0,JAI KALI JADIBUTI UDHYOG-NEPAL,OKHATI,OKHATI AYURVEDIC,OKHATI AYURVEDIC- PAPAYA CBP 75 GMS,CDBOX,75.000 GM,,,75.0,GM,0.0
83,2022-12-05 00:00:00,202212.0,124618740.0,1669959533051.0,99764447.0,120.0,ITC-INDIA,VIVEL ,VIVEL LOTUS OIL CBP 100GM,60.0,CBP,100GM,Any other reason,1669959533051-itc-india-vivel #3.png,RECODING,5.0,1.0,99764447,151.78932189941406,120.0,ITC-INDIA,VIVEL,VIVEL LOTUS OIL,VIVEL LOTUS OIL-SOFT GLOWING SKIN CBP 100 GM,CDBOX,100.000 GM,,,100.0,GM,60.0
83,2022-12-05 00:00:00,202212.0,124618740.0,1669959533051.0,99764447.0,120.0,ITC-INDIA,VIVEL ,VIVEL LOTUS OIL CBP 100GM,60.0,CBP,100GM,Any other reason,1669959533051-itc-india-vivel #3.png,RECODING,5.0,2.0,99764446,192.77410888671875,120.0,ITC-INDIA,VIVEL,VIVEL ALOEVERA,VIVEL ALOEVERA-SATIN SOFT SKIN CBP 100 GM,CDBOX,100.000 GM,,,100.0,GM,55.0
83,2022-12-05 00:00:00,202212.0,124618740.0,1669959533051.0,99764447.0,120.0,ITC-INDIA,VIVEL ,VIVEL LOTUS OIL CBP 100GM,60.0,CBP,100GM,Any other reason,1669959533051-itc-india-vivel #3.png,RECODING,5.0,3.0,50496,196.26722717285156,120.0,ITC-INDIA,VIVEL,VIVEL ALOEVERA,VIVEL ALOEVERA-SATIN SOFT SKIN EWP 50 GM+7 GM EXT,EWRPK,50.000 GM,,,57.0,GM,0.0
83,2022-12-05 00:00:00,202212.0,124618740.0,1669959533051.0,99764447.0,120.0,ITC-INDIA,VIVEL ,VIVEL LOTUS OIL CBP 100GM,60.0,CBP,100GM,Any other reason,1669959533051-itc-india-vivel #3.png,RECODING,5.0,4.0,92518863,214.34988403320312,120.0,JOHNSON & JOHNSON - INDIA,SAVLON,SAVLON,SAVLON-ALOEVERA CBP 65 GMS,CDBOX,65.000 GM,,,65.0,GM,0.0
83,2022-12-05 00:00:00,202212.0,124618740.0,1669959533051.0,99764447.0,120.0,ITC-INDIA,VIVEL ,VIVEL LOTUS OIL CBP 100GM,60.0,CBP,100GM,Any other reason,1669959533051-itc-india-vivel #3.png,RECODING,5.0,5.0,99764354,222.32098388671875,111.0,G.P.L.OIL COMPANY-INDIA,SRI UTTAM JEE,SRI UTTAM JEE,SRI UTTAM JEE-COCONUT PCN 180 ML,PLJAR,180.000 ML,,,180.0,ML,88.0
83,2022-12-05 00:00:00,202212.0,124618740.0,1669959533051.0,99764447.0,120.0,ITC-INDIA,VIVEL ,VIVEL LOTUS OIL CBP 100GM,60.0,CBP,100GM,Any other reason,1669959533051-itc-india-vivel #3.png,RECODING,5.0,6.0,46473,223.3726806640625,111.0,G.P.L.OIL COMPANY-INDIA,KESH NIKHAR,KESH NIKHAR,KESH NIKHAR-JASMINE NN STK COCNT PBT 100 ML,PLBOT,100.000 ML,,,100.0,ML,0.0
83,2022-12-05 00:00:00,202212.0,124618740.0,1669959533051.0,99764447.0,120.0,ITC-INDIA,VIVEL ,VIVEL LOTUS OIL CBP 100GM,60.0,CBP,100GM,Any other reason,1669959533051-itc-india-vivel #3.png,RECODING,5.0,7.0,92511296,224.0006103515625,120.0,TATA OIL MILLS CO.- INDIA,RIA,RIA,RIA-LIME  CBP 200 GMS,CDBOX,200.000 GM,,,200.0,GM,0.0
83,2022-12-05 00:00:00,202212.0,124618740.0,1669959533051.0,99764447.0,120.0,ITC-INDIA,VIVEL ,VIVEL LOTUS OIL CBP 100GM,60.0,CBP,100GM,Any other reason,1669959533051-itc-india-vivel #3.png,RECODING,5.0,8.0,92521723,224.40203857421875,120.0,JAI KALI JADIBUTI UDHYOG-NEPAL,OKHATI,OKHATI AYURVEDIC,OKHATI AYURVEDIC- ROSE & LEMON CBP 50 GMS,CDBOX,50.000 GM,,,50.0,GM,0.0
83,2022-12-05 00:00:00,202212.0,124618740.0,1669959533051.0,99764447.0,120.0,ITC-INDIA,VIVEL ,VIVEL LOTUS OIL CBP 100GM,60.0,CBP,100GM,Any other reason,1669959533051-itc-india-vivel #3.png,RECODING,5.0,9.0,92527483,225.58981323242188,120.0,CHOLAYIL PVT LTD-INDIA,MEDIMIX,MEDIMIX AYURVEDIC,MEDIMIX AYURVEDIC-18 HERBS WT NATURAL OIL CBP 125G,CDBOX,125.000 GM,,,125.0,GM,0.0
83,2022-12-05 00:00:00,202212.0,124618740.0,1669959533051.0,99764447.0,120.0,ITC-INDIA,VIVEL ,VIVEL LOTUS OIL CBP 100GM,60.0,CBP,100GM,Any other reason,1669959533051-itc-india-vivel #3.png,RECODING,5.0,10.0,47189,225.95333862304688,120.0,CHOLAYIL PVT LTD-INDIA,MEDIMIX,MEDIMIX AYURVEDIC,MEDIMIX AYURVEDIC-TURMERIC ARGAN OIL CBP 125 GM,CDBOX,125.000 GM,,,125.0,GM,0.0
84,2022-12-05 00:00:00,202212.0,132121849.0,1669714935100.0,99764436.0,132.0,A.G. HEALTH INDUSTRIES PVT LTD-NEPAL,SAGUN BABY DIAPERS,SAGUN BABY DIAPERS/MEDIUM/5 PCS/PPH,100.0,PPH,5 PCS,,1669714935100-a-g- health industries pvt ltd-nepal-sagun baby diapers#3.png,RECODING,5.0,1.0,99764436,86.51423645019531,132.0,A.G. HEALTH INDUSTRIES PVT LTD-NEPAL,SAGUN BABY,SAGUN BABY DIAPERS,SAGUN BABY DIAPERS-MEDIUM(M) PPH 5 NOS,PLPCH,5.000 NO,,,5.0,NO,100.0
84,2022-12-05 00:00:00,202212.0,132121849.0,1669714935100.0,99764436.0,132.0,A.G. HEALTH INDUSTRIES PVT LTD-NEPAL,SAGUN BABY DIAPERS,SAGUN BABY DIAPERS/MEDIUM/5 PCS/PPH,100.0,PPH,5 PCS,,1669714935100-a-g- health industries pvt ltd-nepal-sagun baby diapers#3.png,RECODING,5.0,2.0,99764386,88.2320556640625,132.0,A.G. HEALTH INDUSTRIES PVT LTD-NEPAL,SAGUN BABY,SAGUN BABY DIAPERS,SAGUN BABY DIAPERS-SMALL(S) PPH 5 NOS,PLPCH,5.000 NO,,,5.0,NO,100.0
84,2022-12-05 00:00:00,202212.0,132121849.0,1669714935100.0,99764436.0,132.0,A.G. HEALTH INDUSTRIES PVT LTD-NEPAL,SAGUN BABY DIAPERS,SAGUN BABY DIAPERS/MEDIUM/5 PCS/PPH,100.0,PPH,5 PCS,,1669714935100-a-g- health industries pvt ltd-nepal-sagun baby diapers#3.png,RECODING,5.0,3.0,99764737,99.94789123535156,132.0,A.G. HEALTH INDUSTRIES PVT LTD-NEPAL,SAGUN BABY,SAGUN BABY DIAPERS,SAGUN BABY DIAPERS-LARGE(L) PPH 4 NOS,PLPCH,4.000 NO,,,4.0,NO,100.0
84,2022-12-05 00:00:00,202212.0,132121849.0,1669714935100.0,99764436.0,132.0,A.G. HEALTH INDUSTRIES PVT LTD-NEPAL,SAGUN BABY DIAPERS,SAGUN BABY DIAPERS/MEDIUM/5 PCS/PPH,100.0,PPH,5 PCS,,1669714935100-a-g- health industries pvt ltd-nepal-sagun baby diapers#3.png,RECODING,5.0,4.0,99764825,102.2838134765625,132.0,A.G. HEALTH INDUSTRIES PVT LTD-NEPAL,SAGUN BABY,SAGUN BABY DIAPERS,SAGUN BABY DIAPERS-EXTRA LARGE(XL) PPH 4 NOS,PLPCH,4.000 NO,,,4.0,NO,100.0
84,2022-12-05 00:00:00,202212.0,132121849.0,1669714935100.0,99764436.0,132.0,A.G. HEALTH INDUSTRIES PVT LTD-NEPAL,SAGUN BABY DIAPERS,SAGUN BABY DIAPERS/MEDIUM/5 PCS/PPH,100.0,PPH,5 PCS,,1669714935100-a-g- health industries pvt ltd-nepal-sagun baby diapers#3.png,RECODING,5.0,5.0,99762660,126.29402160644531,132.0,A.G. HEALTH INDUSTRIES PVT LTD-NEPAL,SAGUN BABY,SAGUN BABY POKO PANTS,SAGUN BABY POKO PANTS-MEDIUM(M) PPH 5 NOS,PLPCH,5.000 NO,,,5.0,NO,100.0
84,2022-12-05 00:00:00,202212.0,132121849.0,1669714935100.0,99764436.0,132.0,A.G. HEALTH INDUSTRIES PVT LTD-NEPAL,SAGUN BABY DIAPERS,SAGUN BABY DIAPERS/MEDIUM/5 PCS/PPH,100.0,PPH,5 PCS,,1669714935100-a-g- health industries pvt ltd-nepal-sagun baby diapers#3.png,RECODING,5.0,6.0,99762960,126.72555541992188,132.0,A.G. HEALTH INDUSTRIES PVT LTD-NEPAL,SAGUN BABY,SAGUN BABY POKO PANTS,SAGUN BABY POKO PANTS-MEDIUM(M) PPH 36 NOS,PLPCH,36.000 NO,,,36.0,NO,800.0
84,2022-12-05 00:00:00,202212.0,132121849.0,1669714935100.0,99764436.0,132.0,A.G. HEALTH INDUSTRIES PVT LTD-NEPAL,SAGUN BABY DIAPERS,SAGUN BABY DIAPERS/MEDIUM/5 PCS/PPH,100.0,PPH,5 PCS,,1669714935100-a-g- health industries pvt ltd-nepal-sagun baby diapers#3.png,RECODING,5.0,7.0,99762604,126.81233215332031,132.0,A.G. HEALTH INDUSTRIES PVT LTD-NEPAL,SAGUN BABY,SAGUN BABY POKO PANTS,SAGUN BABY POKO PANTS-SMALL(S) PPH 5 NOS,PLPCH,5.000 NO,,,5.0,NO,100.0
84,2022-12-05 00:00:00,202212.0,132121849.0,1669714935100.0,99764436.0,132.0,A.G. HEALTH INDUSTRIES PVT LTD-NEPAL,SAGUN BABY DIAPERS,SAGUN BABY DIAPERS/MEDIUM/5 PCS/PPH,100.0,PPH,5 PCS,,1669714935100-a-g- health industries pvt ltd-nepal-sagun baby diapers#3.png,RECODING,5.0,8.0,99763456,130.01486206054688,132.0,A.G. HEALTH INDUSTRIES PVT LTD-NEPAL,SAGUN BABY,SAGUN BABY POKO PANTS,SAGUN BABY POKO PANTS-SMALL(S) PPH 42 NOS,PLPCH,42.000 NO,,,42.0,NO,800.0
84,2022-12-05 00:00:00,202212.0,132121849.0,1669714935100.0,99764436.0,132.0,A.G. HEALTH INDUSTRIES PVT LTD-NEPAL,SAGUN BABY DIAPERS,SAGUN BABY DIAPERS/MEDIUM/5 PCS/PPH,100.0,PPH,5 PCS,,1669714935100-a-g- health industries pvt ltd-nepal-sagun baby diapers#3.png,RECODING,5.0,9.0,99762656,131.53729248046875,132.0,A.G. HEALTH INDUSTRIES PVT LTD-NEPAL,SAGUN BABY,SAGUN BABY POKO PANTS,SAGUN BABY POKO PANTS-MEDIUM(M) PPH 4 NOS,PLPCH,4.000 NO,,,4.0,NO,80.0
84,2022-12-05 00:00:00,202212.0,132121849.0,1669714935100.0,99764436.0,132.0,A.G. HEALTH INDUSTRIES PVT LTD-NEPAL,SAGUN BABY DIAPERS,SAGUN BABY DIAPERS/MEDIUM/5 PCS/PPH,100.0,PPH,5 PCS,,1669714935100-a-g- health industries pvt ltd-nepal-sagun baby diapers#3.png,RECODING,5.0,10.0,99762630,133.22628784179688,132.0,A.G. HEALTH INDUSTRIES PVT LTD-NEPAL,SAGUN BABY,SAGUN BABY POKO PANTS,SAGUN BABY POKO PANTS-LARGE(L) PPH 5 NOS,PLPCH,5.000 NO,,,5.0,NO,100.0
85,2022-12-05 00:00:00,202212.0,131489028.0,1669963425054.0,99764451.0,123.0,RSPL LTD-INDIA,GHADI ,GHADI/145GM/PPH,16.0,PPH,145GM,,1669963425054-rspl ltd-india-ghadi #3.png,RECODING,5.0,1.0,93021370,115.2772445678711,122.0,RSPL LTD-INDIA,GHADI,GHADI,GHADI-PPH 220 GMS,PLPCH,220.000 GM,,,220.0,GM,0.0
85,2022-12-05 00:00:00,202212.0,131489028.0,1669963425054.0,99764451.0,123.0,RSPL LTD-INDIA,GHADI ,GHADI/145GM/PPH,16.0,PPH,145GM,,1669963425054-rspl ltd-india-ghadi #3.png,RECODING,5.0,2.0,93021072,116.11650848388672,122.0,RSPL LTD-INDIA,GHADI,GHADI,GHADI- PPH 105 GMS,PLPCH,105.000 GM,,,105.0,GM,0.0
85,2022-12-05 00:00:00,202212.0,131489028.0,1669963425054.0,99764451.0,123.0,RSPL LTD-INDIA,GHADI ,GHADI/145GM/PPH,16.0,PPH,145GM,,1669963425054-rspl ltd-india-ghadi #3.png,RECODING,5.0,3.0,93018058,117.36091613769531,122.0,RSPL LTD-INDIA,GHADI,GHADI,GHADI-PPH 425 GMS,PLPCH,425.000 GM,,,425.0,GM,0.0
85,2022-12-05 00:00:00,202212.0,131489028.0,1669963425054.0,99764451.0,123.0,RSPL LTD-INDIA,GHADI ,GHADI/145GM/PPH,16.0,PPH,145GM,,1669963425054-rspl ltd-india-ghadi #3.png,RECODING,5.0,4.0,93021878,118.892333984375,122.0,RSPL LTD-INDIA,GHADI,GHADI,GHADI-PPH 200 GMS,PLPCH,200.000 GM,,,200.0,GM,0.0
85,2022-12-05 00:00:00,202212.0,131489028.0,1669963425054.0,99764451.0,123.0,RSPL LTD-INDIA,GHADI ,GHADI/145GM/PPH,16.0,PPH,145GM,,1669963425054-rspl ltd-india-ghadi #3.png,RECODING,5.0,5.0,99763064,119.22150421142578,122.0,RSPL LTD-INDIA,GHADI,GHADI,GHADI-PPH 120 GMS,PLPCH,120.000 GM,,,120.0,GM,16.0
85,2022-12-05 00:00:00,202212.0,131489028.0,1669963425054.0,99764451.0,123.0,RSPL LTD-INDIA,GHADI ,GHADI/145GM/PPH,16.0,PPH,145GM,,1669963425054-rspl ltd-india-ghadi #3.png,RECODING,5.0,6.0,93021786,119.3093032836914,122.0,RSPL LTD-INDIA,GHADI,GHADI,GHADI-PPH 210 GMS,PLPCH,210.000 GM,,,210.0,GM,0.0
85,2022-12-05 00:00:00,202212.0,131489028.0,1669963425054.0,99764451.0,123.0,RSPL LTD-INDIA,GHADI ,GHADI/145GM/PPH,16.0,PPH,145GM,,1669963425054-rspl ltd-india-ghadi #3.png,RECODING,5.0,7.0,99762898,119.67864990234375,122.0,RSPL LTD-INDIA,GHADI,GHADI,GHADI-PPH 125 GMS,PLPCH,125.000 GM,,,125.0,GM,16.0
85,2022-12-05 00:00:00,202212.0,131489028.0,1669963425054.0,99764451.0,123.0,RSPL LTD-INDIA,GHADI ,GHADI/145GM/PPH,16.0,PPH,145GM,,1669963425054-rspl ltd-india-ghadi #3.png,RECODING,5.0,8.0,46248,119.7314453125,122.0,RSPL LTD-INDIA,GHADI,GHADI,GHADI-PPH 3000 GMS,PLPCH,3000.000 GM,,,3000.0,GM,0.0
85,2022-12-05 00:00:00,202212.0,131489028.0,1669963425054.0,99764451.0,123.0,RSPL LTD-INDIA,GHADI ,GHADI/145GM/PPH,16.0,PPH,145GM,,1669963425054-rspl ltd-india-ghadi #3.png,RECODING,5.0,9.0,53062,119.7376937866211,122.0,RSPL LTD-INDIA,GHADI,GHADI,GHADI-PPH 145 GM,PLPCH,145.000 GM,,,145.0,GM,0.0
85,2022-12-05 00:00:00,202212.0,131489028.0,1669963425054.0,99764451.0,123.0,RSPL LTD-INDIA,GHADI ,GHADI/145GM/PPH,16.0,PPH,145GM,,1669963425054-rspl ltd-india-ghadi #3.png,RECODING,5.0,10.0,53281,119.7376937866211,122.0,RSPL LTD-INDIA,GHADI,GHADI,GHADI-PPH 145 GM,PLPCH,145.000 GM,,,145.0,GM,0.0
86,2022-12-05 00:00:00,202212.0,122117535.0,1669959756253.0,99764452.0,123.0,KWALITY CHEM PVT LTD-NEPAL,DHAMAL,DHAMAL\200GM\PPH\RS:45\KWALITY CHEM PVT.LTD NEPAL,45.0,PPH,200GM,New SKU,1669959756253-kwality chem pvt ltd-nepal-dhamal#3.png,RECODING,5.0,1.0,99762637,125.44891357421875,123.0,KWALITY CHEM PVT LTD-NEPAL,BHANU,BHANU,BHANU-PPH 200 GM,PLPCH,200.000 GM,,,200.0,GM,30.0
86,2022-12-05 00:00:00,202212.0,122117535.0,1669959756253.0,99764452.0,123.0,KWALITY CHEM PVT LTD-NEPAL,DHAMAL,DHAMAL\200GM\PPH\RS:45\KWALITY CHEM PVT.LTD NEPAL,45.0,PPH,200GM,New SKU,1669959756253-kwality chem pvt ltd-nepal-dhamal#3.png,RECODING,5.0,2.0,99763280,125.62247467041016,123.0,KWALITY CHEM PVT LTD-NEPAL,BHANU,BHANU,BHANU-PPH 125 GM,PLPCH,125.000 GM,,,125.0,GM,20.0
86,2022-12-05 00:00:00,202212.0,122117535.0,1669959756253.0,99764452.0,123.0,KWALITY CHEM PVT LTD-NEPAL,DHAMAL,DHAMAL\200GM\PPH\RS:45\KWALITY CHEM PVT.LTD NEPAL,45.0,PPH,200GM,New SKU,1669959756253-kwality chem pvt ltd-nepal-dhamal#3.png,RECODING,5.0,3.0,99763574,127.19145965576172,123.0,KWALITY CHEM PVT LTD-NEPAL,BHANU,BHANU,BHANU-PPH 100 GM,PLPCH,100.000 GM,,,100.0,GM,20.0
86,2022-12-05 00:00:00,202212.0,122117535.0,1669959756253.0,99764452.0,123.0,KWALITY CHEM PVT LTD-NEPAL,DHAMAL,DHAMAL\200GM\PPH\RS:45\KWALITY CHEM PVT.LTD NEPAL,45.0,PPH,200GM,New SKU,1669959756253-kwality chem pvt ltd-nepal-dhamal#3.png,RECODING,5.0,4.0,99762638,129.68833923339844,123.0,KWALITY CHEM PVT LTD-NEPAL,BHANU,BHANU,BHANU-PPH 300 GM,PLPCH,300.000 GM,,,300.0,GM,50.0
86,2022-12-05 00:00:00,202212.0,122117535.0,1669959756253.0,99764452.0,123.0,KWALITY CHEM PVT LTD-NEPAL,DHAMAL,DHAMAL\200GM\PPH\RS:45\KWALITY CHEM PVT.LTD NEPAL,45.0,PPH,200GM,New SKU,1669959756253-kwality chem pvt ltd-nepal-dhamal#3.png,RECODING,5.0,5.0,99764452,129.9008331298828,123.0,KWALITY CHEM PVT LTD-NEPAL,DHAMAL,DHAMAL,DHAMAL-LAUNDRY SOAP PPH 200 GM,PLPCH,200.000 GM,,,200.0,GM,45.0
86,2022-12-05 00:00:00,202212.0,122117535.0,1669959756253.0,99764452.0,123.0,KWALITY CHEM PVT LTD-NEPAL,DHAMAL,DHAMAL\200GM\PPH\RS:45\KWALITY CHEM PVT.LTD NEPAL,45.0,PPH,200GM,New SKU,1669959756253-kwality chem pvt ltd-nepal-dhamal#3.png,RECODING,5.0,6.0,99762890,130.02374267578125,123.0,KWALITY CHEM PVT LTD-NEPAL,BHANU,BHANU,BHANU-PPH 250 GM,PLPCH,250.000 GM,,,250.0,GM,50.0
86,2022-12-05 00:00:00,202212.0,122117535.0,1669959756253.0,99764452.0,123.0,KWALITY CHEM PVT LTD-NEPAL,DHAMAL,DHAMAL\200GM\PPH\RS:45\KWALITY CHEM PVT.LTD NEPAL,45.0,PPH,200GM,New SKU,1669959756253-kwality chem pvt ltd-nepal-dhamal#3.png,RECODING,5.0,7.0,52115,130.94393920898438,123.0,KWALITY CHEM PVT LTD-NEPAL,KWALITY,KWALITY,KWALITY-PPH 65 GM,PLPCH,65.000 GM,,,65.0,GM,0.0
86,2022-12-05 00:00:00,202212.0,122117535.0,1669959756253.0,99764452.0,123.0,KWALITY CHEM PVT LTD-NEPAL,DHAMAL,DHAMAL\200GM\PPH\RS:45\KWALITY CHEM PVT.LTD NEPAL,45.0,PPH,200GM,New SKU,1669959756253-kwality chem pvt ltd-nepal-dhamal#3.png,RECODING,5.0,8.0,99763739,131.22157287597656,123.0,KWALITY CHEM PVT LTD-NEPAL,BHANU,BHANU,BHANU-PPH 150 GM,PLPCH,150.000 GM,,,150.0,GM,30.0
86,2022-12-05 00:00:00,202212.0,122117535.0,1669959756253.0,99764452.0,123.0,KWALITY CHEM PVT LTD-NEPAL,DHAMAL,DHAMAL\200GM\PPH\RS:45\KWALITY CHEM PVT.LTD NEPAL,45.0,PPH,200GM,New SKU,1669959756253-kwality chem pvt ltd-nepal-dhamal#3.png,RECODING,5.0,9.0,48726,131.4088134765625,123.0,KWALITY CHEM PVT LTD-NEPAL,KWALITY,KWALITY,KWALITY-PPH 950 GM,PLPCH,950.000 GM,,,950.0,GM,0.0
86,2022-12-05 00:00:00,202212.0,122117535.0,1669959756253.0,99764452.0,123.0,KWALITY CHEM PVT LTD-NEPAL,DHAMAL,DHAMAL\200GM\PPH\RS:45\KWALITY CHEM PVT.LTD NEPAL,45.0,PPH,200GM,New SKU,1669959756253-kwality chem pvt ltd-nepal-dhamal#3.png,RECODING,5.0,10.0,50195,134.74359130859375,123.0,KWALITY CHEM PVT LTD-NEPAL,KWALITY,KWALITY,KWALITY-PPH 70 GM,PLPCH,70.000 GM,,,70.0,GM,0.0
87,2022-12-05 00:00:00,202212.0,122117535.0,1669959446963.0,99764449.0,121.0,COLGATE PALMOLIVE- NEPAL,COLGATE,COLGATE MAX FRESH GEL RED\TUBE\70GM\15%EXTRA\RS:75\COLGATE PALMOLIVE NEPAL\NEPAL,75.0,TUBE,70GM,New SKU,1669959446963-colgate palmolive- nepal-colgate#3.png,RECODING,5.0,1.0,51369,88.17431640625,121.0,COLGATE PALMOLIVE- NEPAL,COLGATE,COLGATE MAX FRESH GEL,COLGATE MAX FRESH GEL-RED COOLNG CRYSTL TUB 70GM,TUBE,70.000 GM,,,70.0,GM,0.0
87,2022-12-05 00:00:00,202212.0,122117535.0,1669959446963.0,99764449.0,121.0,COLGATE PALMOLIVE- NEPAL,COLGATE,COLGATE MAX FRESH GEL RED\TUBE\70GM\15%EXTRA\RS:75\COLGATE PALMOLIVE NEPAL\NEPAL,75.0,TUBE,70GM,New SKU,1669959446963-colgate palmolive- nepal-colgate#3.png,RECODING,5.0,2.0,92725024,89.31356811523438,121.0,COLGATE PALMOLIVE- NEPAL,COLGATE,COLGATE MAX FRESH GEL,COLGATE MAX FRESH GEL-RED TUB 26 GMS,TUBE,26.000 GM,,,26.0,GM,0.0
87,2022-12-05 00:00:00,202212.0,122117535.0,1669959446963.0,99764449.0,121.0,COLGATE PALMOLIVE- NEPAL,COLGATE,COLGATE MAX FRESH GEL RED\TUBE\70GM\15%EXTRA\RS:75\COLGATE PALMOLIVE NEPAL\NEPAL,75.0,TUBE,70GM,New SKU,1669959446963-colgate palmolive- nepal-colgate#3.png,RECODING,5.0,3.0,92721067,89.7812728881836,121.0,COLGATE PALMOLIVE- NEPAL,COLGATE,COLGATE MAX FRESH GEL,COLGATE MAX FRESH GEL-RED TUB 30 GMS,TUBE,30.000 GM,,,30.0,GM,0.0
87,2022-12-05 00:00:00,202212.0,122117535.0,1669959446963.0,99764449.0,121.0,COLGATE PALMOLIVE- NEPAL,COLGATE,COLGATE MAX FRESH GEL RED\TUBE\70GM\15%EXTRA\RS:75\COLGATE PALMOLIVE NEPAL\NEPAL,75.0,TUBE,70GM,New SKU,1669959446963-colgate palmolive- nepal-colgate#3.png,RECODING,5.0,4.0,53278,89.86456298828125,121.0,COLGATE PALMOLIVE- NEPAL,COLGATE,COLGATE MAX FRESH GEL,COLGATE MAX FRESH GEL-RED CLNG CRYS TUB 50 GM+RS11.20,TUBE,50.000 GM,,,50.0,GM,0.0
87,2022-12-05 00:00:00,202212.0,122117535.0,1669959446963.0,99764449.0,121.0,COLGATE PALMOLIVE- NEPAL,COLGATE,COLGATE MAX FRESH GEL RED\TUBE\70GM\15%EXTRA\RS:75\COLGATE PALMOLIVE NEPAL\NEPAL,75.0,TUBE,70GM,New SKU,1669959446963-colgate palmolive- nepal-colgate#3.png,RECODING,5.0,5.0,99763669,89.97918701171875,121.0,COLGATE PALMOLIVE- NEPAL,COLGATE,COLGATE MAX FRESH GEL,COLGATE MAX FRESH GEL-RED TUB 36 GMS+20% EXT,TUBE,36.000 GM,,,43.0,GM,30.0
87,2022-12-05 00:00:00,202212.0,122117535.0,1669959446963.0,99764449.0,121.0,COLGATE PALMOLIVE- NEPAL,COLGATE,COLGATE MAX FRESH GEL RED\TUBE\70GM\15%EXTRA\RS:75\COLGATE PALMOLIVE NEPAL\NEPAL,75.0,TUBE,70GM,New SKU,1669959446963-colgate palmolive- nepal-colgate#3.png,RECODING,5.0,6.0,92726632,90.3500747680664,121.0,COLGATE PALMOLIVE- NEPAL,COLGATE,COLGATE MAX FRESH GEL,COLGATE MAX FRESH GEL-RED TUB 24 GMS,TUBE,24.000 GM,,,24.0,GM,0.0
87,2022-12-05 00:00:00,202212.0,122117535.0,1669959446963.0,99764449.0,121.0,COLGATE PALMOLIVE- NEPAL,COLGATE,COLGATE MAX FRESH GEL RED\TUBE\70GM\15%EXTRA\RS:75\COLGATE PALMOLIVE NEPAL\NEPAL,75.0,TUBE,70GM,New SKU,1669959446963-colgate palmolive- nepal-colgate#3.png,RECODING,5.0,7.0,99763196,90.58316040039062,121.0,COLGATE PALMOLIVE- NEPAL,COLGATE,COLGATE MAX FRESH GEL,COLGATE MAX FRESH GEL-RED TUB 38 GMS+20%,TUBE,38.000 GM,,,46.0,GM,25.0
87,2022-12-05 00:00:00,202212.0,122117535.0,1669959446963.0,99764449.0,121.0,COLGATE PALMOLIVE- NEPAL,COLGATE,COLGATE MAX FRESH GEL RED\TUBE\70GM\15%EXTRA\RS:75\COLGATE PALMOLIVE NEPAL\NEPAL,75.0,TUBE,70GM,New SKU,1669959446963-colgate palmolive- nepal-colgate#3.png,RECODING,5.0,8.0,99762420,90.7186279296875,121.0,COLGATE PALMOLIVE- NEPAL,COLGATE,COLGATE MAX FRESH GEL,COLGATE MAX FRESH GEL-RED TUB 40 GMS+20%,TUBE,40.000 GM,,,48.0,GM,25.0
87,2022-12-05 00:00:00,202212.0,122117535.0,1669959446963.0,99764449.0,121.0,COLGATE PALMOLIVE- NEPAL,COLGATE,COLGATE MAX FRESH GEL RED\TUBE\70GM\15%EXTRA\RS:75\COLGATE PALMOLIVE NEPAL\NEPAL,75.0,TUBE,70GM,New SKU,1669959446963-colgate palmolive- nepal-colgate#3.png,RECODING,5.0,9.0,54904,90.7193603515625,121.0,COLGATE PALMOLIVE- NEPAL,COLGATE,COLGATE MAX FRESH GEL,COLGATE MAX FRESH GEL-REDCLNG CRYS TUB 20GM+15% EX[3G],TUBE,20.000 GM,,,23.0,GM,0.0
87,2022-12-05 00:00:00,202212.0,122117535.0,1669959446963.0,99764449.0,121.0,COLGATE PALMOLIVE- NEPAL,COLGATE,COLGATE MAX FRESH GEL RED\TUBE\70GM\15%EXTRA\RS:75\COLGATE PALMOLIVE NEPAL\NEPAL,75.0,TUBE,70GM,New SKU,1669959446963-colgate palmolive- nepal-colgate#3.png,RECODING,5.0,10.0,54182,90.89923095703125,121.0,COLGATE PALMOLIVE- NEPAL,COLGATE,COLGATE MAX FRESH GEL,COLGATE MAX FRESH GEL-RED CLNG CRYS TUB 48 GM+RS9.6,TUBE,48.000 GM,,,50.0,GM,0.0
88,2022-12-05 00:00:00,202212.0,121838548.0,1669963733562.0,99764454.0,134.0,CHABAA CO. LTD - THAILAND,CHABAA,CHABAA APPLE & GRAPE WITH ALOE VERA\230ML\CAN\RS:100\CHABAA BANKOK CO.LTD THAILAND,100.0,CAN,230ML,New SKU,1669963733562-chabaa co- ltd - thailand-chabaa#3.png,RECODING,5.0,1.0,99764454,103.49082946777344,118.0,CHABAA CO. LTD - THAILAND,CHABAA,CHABAA,APPLE & GRAPE WITH ALOEVERA CAN 230 ML,CAN,230.000 ML,MIXED FRUIT,,230.0,ML,100.0
88,2022-12-05 00:00:00,202212.0,121838548.0,1669963733562.0,99764454.0,134.0,CHABAA CO. LTD - THAILAND,CHABAA,CHABAA APPLE & GRAPE WITH ALOE VERA\230ML\CAN\RS:100\CHABAA BANKOK CO.LTD THAILAND,100.0,CAN,230ML,New SKU,1669963733562-chabaa co- ltd - thailand-chabaa#3.png,RECODING,5.0,2.0,20110624,113.1246566772461,118.0,CHABAA CO. LTD - THAILAND,CHABAA,CHABAA,RED APPLE & WHITE GRAPE CAN 230 ML,CAN,230.000 ML,MIXED FRUIT,,230.0,ML,0.0
88,2022-12-05 00:00:00,202212.0,121838548.0,1669963733562.0,99764454.0,134.0,CHABAA CO. LTD - THAILAND,CHABAA,CHABAA APPLE & GRAPE WITH ALOE VERA\230ML\CAN\RS:100\CHABAA BANKOK CO.LTD THAILAND,100.0,CAN,230ML,New SKU,1669963733562-chabaa co- ltd - thailand-chabaa#3.png,RECODING,5.0,3.0,20110291,116.30331420898438,118.0,CHABAA CO. LTD - THAILAND,CHABAA,CHABAA,RED APPLE CAN 240 ML,CAN,240.000 ML,APPLE,,240.0,ML,0.0
88,2022-12-05 00:00:00,202212.0,121838548.0,1669963733562.0,99764454.0,134.0,CHABAA CO. LTD - THAILAND,CHABAA,CHABAA APPLE & GRAPE WITH ALOE VERA\230ML\CAN\RS:100\CHABAA BANKOK CO.LTD THAILAND,100.0,CAN,230ML,New SKU,1669963733562-chabaa co- ltd - thailand-chabaa#3.png,RECODING,5.0,4.0,20124866,118.31438446044922,118.0,CHABAA CO. LTD - THAILAND,CHABAA,CHABAA,ALOEVERA CAN 230 ML,CAN,230.000 ML,ALOEVERA,,230.0,ML,0.0
88,2022-12-05 00:00:00,202212.0,121838548.0,1669963733562.0,99764454.0,134.0,CHABAA CO. LTD - THAILAND,CHABAA,CHABAA APPLE & GRAPE WITH ALOE VERA\230ML\CAN\RS:100\CHABAA BANKOK CO.LTD THAILAND,100.0,CAN,230ML,New SKU,1669963733562-chabaa co- ltd - thailand-chabaa#3.png,RECODING,5.0,5.0,20120729,119.52191162109375,118.0,CHABAA CO. LTD - THAILAND,CHABAA,CHABAA,RED APPLE CAN 230 ML,CAN,230.000 ML,APPLE,,230.0,ML,0.0
88,2022-12-05 00:00:00,202212.0,121838548.0,1669963733562.0,99764454.0,134.0,CHABAA CO. LTD - THAILAND,CHABAA,CHABAA APPLE & GRAPE WITH ALOE VERA\230ML\CAN\RS:100\CHABAA BANKOK CO.LTD THAILAND,100.0,CAN,230ML,New SKU,1669963733562-chabaa co- ltd - thailand-chabaa#3.png,RECODING,5.0,6.0,20110286,119.97377014160156,118.0,CHABAA CO. LTD - THAILAND,CHABAA,CHABAA,APPLE CAN 240 ML,CAN,240.000 ML,APPLE,,240.0,ML,0.0
88,2022-12-05 00:00:00,202212.0,121838548.0,1669963733562.0,99764454.0,134.0,CHABAA CO. LTD - THAILAND,CHABAA,CHABAA APPLE & GRAPE WITH ALOE VERA\230ML\CAN\RS:100\CHABAA BANKOK CO.LTD THAILAND,100.0,CAN,230ML,New SKU,1669963733562-chabaa co- ltd - thailand-chabaa#3.png,RECODING,5.0,7.0,20110597,121.20669555664062,118.0,CHABAA CO. LTD - THAILAND,CHABAA,CHABAA,APPLE & GRAPE TPK 1000 ML,TPK,1000.000 ML,MIXED FRUIT,,1000.0,ML,0.0
88,2022-12-05 00:00:00,202212.0,121838548.0,1669963733562.0,99764454.0,134.0,CHABAA CO. LTD - THAILAND,CHABAA,CHABAA APPLE & GRAPE WITH ALOE VERA\230ML\CAN\RS:100\CHABAA BANKOK CO.LTD THAILAND,100.0,CAN,230ML,New SKU,1669963733562-chabaa co- ltd - thailand-chabaa#3.png,RECODING,5.0,8.0,20110591,125.25171661376953,118.0,CHABAA CO. LTD - THAILAND,CHABAA,CHABAA,APPLE CAN 230 ML,CAN,230.000 ML,APPLE,,230.0,ML,0.0
88,2022-12-05 00:00:00,202212.0,121838548.0,1669963733562.0,99764454.0,134.0,CHABAA CO. LTD - THAILAND,CHABAA,CHABAA APPLE & GRAPE WITH ALOE VERA\230ML\CAN\RS:100\CHABAA BANKOK CO.LTD THAILAND,100.0,CAN,230ML,New SKU,1669963733562-chabaa co- ltd - thailand-chabaa#3.png,RECODING,5.0,9.0,20110792,130.53680419921875,118.0,CHABAA CO. LTD - THAILAND,CHABAA,CHABAA,RED GRAPE CAN 230 ML,CAN,230.000 ML,RED GRAPE,,230.0,ML,0.0
88,2022-12-05 00:00:00,202212.0,121838548.0,1669963733562.0,99764454.0,134.0,CHABAA CO. LTD - THAILAND,CHABAA,CHABAA APPLE & GRAPE WITH ALOE VERA\230ML\CAN\RS:100\CHABAA BANKOK CO.LTD THAILAND,100.0,CAN,230ML,New SKU,1669963733562-chabaa co- ltd - thailand-chabaa#3.png,RECODING,5.0,10.0,20110499,131.8192138671875,118.0,CHABAA CO. LTD - THAILAND,CHABAA,CHABAA,RED GRAPE TPK 1000 ML,TPK,1000.000 ML,GRAPE,,1000.0,ML,0.0
89,2022-12-05 00:00:00,202212.0,129024572.0,1669192682364.0,99764441.0,117.0,UNILEVER NEPAL LTD-NEPAL,DOVE NUTRITIVE SOLUTIONS,DOVE NUTRITIVE SOLUTIONS DAILY SHINE PBT 640ML,595.0,PBT,640ML,,1669192682364-unilever nepal ltd-nepal-dove nutritive solutions#3.png,RECODING,5.0,1.0,99764158,108.33799743652344,117.0,UNILEVER NEPAL LTD-NEPAL,DOVE,DOVE NUTRITIVE SOLUTIONS,DOVE NUTRITIVE SOLUTIONS-DAILY SHINE PBT 625 ML,PLBOT,625.000 ML,,,625.0,ML,615.0
89,2022-12-05 00:00:00,202212.0,129024572.0,1669192682364.0,99764441.0,117.0,UNILEVER NEPAL LTD-NEPAL,DOVE NUTRITIVE SOLUTIONS,DOVE NUTRITIVE SOLUTIONS DAILY SHINE PBT 640ML,595.0,PBT,640ML,,1669192682364-unilever nepal ltd-nepal-dove nutritive solutions#3.png,RECODING,5.0,2.0,46611,109.62654113769531,117.0,UNILEVER NEPAL LTD-NEPAL,DOVE,DOVE NUTRITIVE SOLUTIONS,DOVE NUTRITIVE SOLUTIONS-DAILY SHINE PBT 700 ML,PLBOT,700.000 ML,,,700.0,ML,0.0
89,2022-12-05 00:00:00,202212.0,129024572.0,1669192682364.0,99764441.0,117.0,UNILEVER NEPAL LTD-NEPAL,DOVE NUTRITIVE SOLUTIONS,DOVE NUTRITIVE SOLUTIONS DAILY SHINE PBT 640ML,595.0,PBT,640ML,,1669192682364-unilever nepal ltd-nepal-dove nutritive solutions#3.png,RECODING,5.0,3.0,99762667,110.46477508544922,117.0,UNILEVER NEPAL LTD-NEPAL,DOVE,DOVE NUTRITIVE SOLUTIONS,DOVE NUTRITIVE SOLUTIONS-DAILY SHINE PBT 650 ML,PLBOT,650.000 ML,,,650.0,ML,595.0
89,2022-12-05 00:00:00,202212.0,129024572.0,1669192682364.0,99764441.0,117.0,UNILEVER NEPAL LTD-NEPAL,DOVE NUTRITIVE SOLUTIONS,DOVE NUTRITIVE SOLUTIONS DAILY SHINE PBT 640ML,595.0,PBT,640ML,,1669192682364-unilever nepal ltd-nepal-dove nutritive solutions#3.png,RECODING,5.0,4.0,99762392,111.49887084960938,117.0,UNILEVER NEPAL LTD-NEPAL,DOVE,DOVE NUTRITIVE SOLUTIONS,DOVE NUTRITIVE SOLUTIONS-DAILY SHINE PBT 340 ML,PLBOT,340.000 ML,,,340.0,ML,325.0
89,2022-12-05 00:00:00,202212.0,129024572.0,1669192682364.0,99764441.0,117.0,UNILEVER NEPAL LTD-NEPAL,DOVE NUTRITIVE SOLUTIONS,DOVE NUTRITIVE SOLUTIONS DAILY SHINE PBT 640ML,595.0,PBT,640ML,,1669192682364-unilever nepal ltd-nepal-dove nutritive solutions#3.png,RECODING,5.0,5.0,99762921,111.53250122070312,117.0,UNILEVER NEPAL LTD-NEPAL,DOVE,DOVE NUTRITIVE SOLUTIONS,DOVE NUTRITIVE SOLUTIONS-DAILY SHINE PBT 175 ML,PLBOT,175.000 ML,,,175.0,ML,165.0
89,2022-12-05 00:00:00,202212.0,129024572.0,1669192682364.0,99764441.0,117.0,UNILEVER NEPAL LTD-NEPAL,DOVE NUTRITIVE SOLUTIONS,DOVE NUTRITIVE SOLUTIONS DAILY SHINE PBT 640ML,595.0,PBT,640ML,,1669192682364-unilever nepal ltd-nepal-dove nutritive solutions#3.png,RECODING,5.0,6.0,99762500,111.76918029785156,117.0,UNILEVER NEPAL LTD-NEPAL,DOVE,DOVE NUTRITIVE SOLUTIONS,DOVE NUTRITIVE SOLUTIONS-DAILY SHINE PBT 180 ML,PLBOT,180.000 ML,,,180.0,ML,175.0
89,2022-12-05 00:00:00,202212.0,129024572.0,1669192682364.0,99764441.0,117.0,UNILEVER NEPAL LTD-NEPAL,DOVE NUTRITIVE SOLUTIONS,DOVE NUTRITIVE SOLUTIONS DAILY SHINE PBT 640ML,595.0,PBT,640ML,,1669192682364-unilever nepal ltd-nepal-dove nutritive solutions#3.png,RECODING,5.0,7.0,99764441,112.04866027832031,117.0,UNILEVER NEPAL LTD-NEPAL,DOVE,DOVE NUTRITIVE SOLUTIONS,DOVE NUTRITIVE SOLUTIONS-DAILY SHINE PBT 640 ML,PLBOT,640.000 ML,,,640.0,ML,595.0
89,2022-12-05 00:00:00,202212.0,129024572.0,1669192682364.0,99764441.0,117.0,UNILEVER NEPAL LTD-NEPAL,DOVE NUTRITIVE SOLUTIONS,DOVE NUTRITIVE SOLUTIONS DAILY SHINE PBT 640ML,595.0,PBT,640ML,,1669192682364-unilever nepal ltd-nepal-dove nutritive solutions#3.png,RECODING,5.0,8.0,99762642,112.91937255859375,117.0,UNILEVER NEPAL LTD-NEPAL,DOVE,DOVE NUTRITIVE SOLUTIONS,DOVE NUTRITIVE SOLUTIONS-DAILY SHINE PBT 165 ML,PLBOT,165.000 ML,,,165.0,ML,155.0
89,2022-12-05 00:00:00,202212.0,129024572.0,1669192682364.0,99764441.0,117.0,UNILEVER NEPAL LTD-NEPAL,DOVE NUTRITIVE SOLUTIONS,DOVE NUTRITIVE SOLUTIONS DAILY SHINE PBT 640ML,595.0,PBT,640ML,,1669192682364-unilever nepal ltd-nepal-dove nutritive solutions#3.png,RECODING,5.0,9.0,99764390,112.98429870605469,117.0,UNILEVER NEPAL LTD-NEPAL,DOVE,DOVE NUTRITIVE SOLUTIONS,DOVE NUTRITIVE SOLUTIONS-DAILY SHINE PBT 325 ML,PLBOT,325.000 ML,,,325.0,ML,340.0
89,2022-12-05 00:00:00,202212.0,129024572.0,1669192682364.0,99764441.0,117.0,UNILEVER NEPAL LTD-NEPAL,DOVE NUTRITIVE SOLUTIONS,DOVE NUTRITIVE SOLUTIONS DAILY SHINE PBT 640ML,595.0,PBT,640ML,,1669192682364-unilever nepal ltd-nepal-dove nutritive solutions#3.png,RECODING,5.0,10.0,54335,114.30574035644531,117.0,UNILEVER NEPAL LTD-NEPAL,DOVE,DOVE NUTRITIVE SOLUTIONS,DOVE NUTRITIVE SOLUTIONS-DAILY SHINE PBT 350 ML,PLBOT,350.000 ML,,,350.0,ML,0.0
90,2022-12-05 00:00:00,202212.0,129024572.0,1669189874589.0,99764442.0,117.0,RAYMOND CONSUMER CARE-INDIA,PARK AVENUE COCO WATER,PARK AVENUE COCO WATER SHAMPOO PBT 180ML,260.0,PBT,180ML,,1669189874589-raymond consumer care-india-park avenue coco water#3.png,RECODING,5.0,1.0,99764442,115.5223617553711,117.0,RAYMOND CONSUMER CARE-INDIA,PARK AVENUE,PARK AVENUE COCO WATER,PARK AVENUE COCO WATER-FRESH DAILY CLEANSE PBT 180 ML,PLBOT,180.000 ML,,,180.0,ML,248.0
90,2022-12-05 00:00:00,202212.0,129024572.0,1669189874589.0,99764442.0,117.0,RAYMOND CONSUMER CARE-INDIA,PARK AVENUE COCO WATER,PARK AVENUE COCO WATER SHAMPOO PBT 180ML,260.0,PBT,180ML,,1669189874589-raymond consumer care-india-park avenue coco water#3.png,RECODING,5.0,2.0,99764292,184.64492797851562,117.0,RAYMOND CONSUMER CARE-INDIA,PARK AVENUE,PARK AVENUE APPLE CIDER,PARK AVENUE APPLE CIDER-REVITALIZE & SHINE PBT 180 ML,PLBOT,180.000 ML,,,180.0,ML,248.0
90,2022-12-05 00:00:00,202212.0,129024572.0,1669189874589.0,99764442.0,117.0,RAYMOND CONSUMER CARE-INDIA,PARK AVENUE COCO WATER,PARK AVENUE COCO WATER SHAMPOO PBT 180ML,260.0,PBT,180ML,,1669189874589-raymond consumer care-india-park avenue coco water#3.png,RECODING,5.0,3.0,99764293,186.15440368652344,117.0,RAYMOND CONSUMER CARE-INDIA,PARK AVENUE,PARK AVENUE BEER,PARK AVENUE BEER-HAIR FALL CONTROL PBT 180 ML,PLBOT,180.000 ML,,,180.0,ML,272.0
90,2022-12-05 00:00:00,202212.0,129024572.0,1669189874589.0,99764442.0,117.0,RAYMOND CONSUMER CARE-INDIA,PARK AVENUE COCO WATER,PARK AVENUE COCO WATER SHAMPOO PBT 180ML,260.0,PBT,180ML,,1669189874589-raymond consumer care-india-park avenue coco water#3.png,RECODING,5.0,4.0,46875,199.49197387695312,117.0,COSMONOVA-INDIA,FOLACE,FOLACE,FOLACE-CONDITING SHAMPOO PBT 200 ML,PLBOT,200.000 ML,,,200.0,ML,0.0
90,2022-12-05 00:00:00,202212.0,129024572.0,1669189874589.0,99764442.0,117.0,RAYMOND CONSUMER CARE-INDIA,PARK AVENUE COCO WATER,PARK AVENUE COCO WATER SHAMPOO PBT 180ML,260.0,PBT,180ML,,1669189874589-raymond consumer care-india-park avenue coco water#3.png,RECODING,5.0,5.0,45908,206.76785278320312,117.0,LOREAL INDIA - INDIA,GARNIER,GARNIER FRUCTIS,GARNIER FRUCTIS-STRNGNG TRPE NUTRTN SHAMPOO PBT 340ML,PLBOT,340.000 ML,,,340.0,ML,0.0
90,2022-12-05 00:00:00,202212.0,129024572.0,1669189874589.0,99764442.0,117.0,RAYMOND CONSUMER CARE-INDIA,PARK AVENUE COCO WATER,PARK AVENUE COCO WATER SHAMPOO PBT 180ML,260.0,PBT,180ML,,1669189874589-raymond consumer care-india-park avenue coco water#3.png,RECODING,5.0,6.0,50122,207.93701171875,117.0,PRC-CHINA,HEAD & SHAMPOOS,HEAD & SHAMPOOS,HEAD & SHAMPOOS-MOIST HRCAR REBORN FRESH ANTIGREASE PBT 200ML,PLBOT,200.000 ML,,,200.0,ML,0.0
90,2022-12-05 00:00:00,202212.0,129024572.0,1669189874589.0,99764442.0,117.0,RAYMOND CONSUMER CARE-INDIA,PARK AVENUE COCO WATER,PARK AVENUE COCO WATER SHAMPOO PBT 180ML,260.0,PBT,180ML,,1669189874589-raymond consumer care-india-park avenue coco water#3.png,RECODING,5.0,7.0,51320,207.95767211914062,117.0,PRC-CHINA,HEAD & SHAMPOOS,HEAD & SHAMPOOS,HEAD & SHAMPOOS-MOIST HRCAR REBORN FRESH ANTIGREASE PBT 400ML,PLBOT,400.000 ML,,,400.0,ML,0.0
90,2022-12-05 00:00:00,202212.0,129024572.0,1669189874589.0,99764442.0,117.0,RAYMOND CONSUMER CARE-INDIA,PARK AVENUE COCO WATER,PARK AVENUE COCO WATER SHAMPOO PBT 180ML,260.0,PBT,180ML,,1669189874589-raymond consumer care-india-park avenue coco water#3.png,RECODING,5.0,8.0,49388,211.94979858398438,117.0,SHANTOU BOMEI COSMETIC-CHINA,SHAMPOO,SHAMPOO,SHAMPOO-COCONUT PBT 400 ML,PLBOT,400.000 ML,,,400.0,ML,0.0
90,2022-12-05 00:00:00,202212.0,129024572.0,1669189874589.0,99764442.0,117.0,RAYMOND CONSUMER CARE-INDIA,PARK AVENUE COCO WATER,PARK AVENUE COCO WATER SHAMPOO PBT 180ML,260.0,PBT,180ML,,1669189874589-raymond consumer care-india-park avenue coco water#3.png,RECODING,5.0,9.0,90820165,212.39016723632812,111.0,A.G.A. CHEMICAL - INDIA,COCOSTAR,COCOSTAR,COCOSTAR-PBT 100 ML,PLBOT,100.000 ML,,,100.0,ML,0.0
90,2022-12-05 00:00:00,202212.0,129024572.0,1669189874589.0,99764442.0,117.0,RAYMOND CONSUMER CARE-INDIA,PARK AVENUE COCO WATER,PARK AVENUE COCO WATER SHAMPOO PBT 180ML,260.0,PBT,180ML,,1669189874589-raymond consumer care-india-park avenue coco water#3.png,RECODING,5.0,10.0,92125867,214.68641662597656,117.0,PRC-CHINA,HEAD & SHAMPOOS,HEAD & SHAMPOOS ANTIDANDRUFF,HEAD & SHAMPOOS ANTIDANDRUFF-REBORN OCEAN ENERGY PBT 400M,PLBOT,400.000 ML,,,400.0,ML,0.0
91,2022-12-05 00:00:00,202212.0,129024572.0,1669191953753.0,99764443.0,117.0,UNILEVER NEPAL LTD-NEPAL,SUNSILK DAMAGE RESTORE,SUNSILK DAMAGE RESTORE CONDITONER PBT 300ML,345.0,PBT,300ML,,1669191953753-unilever nepal ltd-nepal-sunsilk damage restore#3.png,RECODING,5.0,1.0,99764443,82.81050109863281,117.0,UNILEVER NEPAL LTD-NEPAL,SUNSILK,SUNSILK DAMAGE RESTORE CONDR,SUNSILK DAMAGE RESTORE CONDR-PBT 300 ML,PLBOT,300.000 ML,,,300.0,ML,345.0
91,2022-12-05 00:00:00,202212.0,129024572.0,1669191953753.0,99764443.0,117.0,UNILEVER NEPAL LTD-NEPAL,SUNSILK DAMAGE RESTORE,SUNSILK DAMAGE RESTORE CONDITONER PBT 300ML,345.0,PBT,300ML,,1669191953753-unilever nepal ltd-nepal-sunsilk damage restore#3.png,RECODING,5.0,2.0,92126136,83.72052764892578,117.0,UNILEVER NEPAL LTD-NEPAL,SUNSILK,SUNSILK DAMAGE RESTORE CONDR,SUNSILK DAMAGE RESTORE CONDR-PBT 320 ML,PLBOT,320.000 ML,,,320.0,ML,0.0
91,2022-12-05 00:00:00,202212.0,129024572.0,1669191953753.0,99764443.0,117.0,UNILEVER NEPAL LTD-NEPAL,SUNSILK DAMAGE RESTORE,SUNSILK DAMAGE RESTORE CONDITONER PBT 300ML,345.0,PBT,300ML,,1669191953753-unilever nepal ltd-nepal-sunsilk damage restore#3.png,RECODING,5.0,3.0,92127021,85.05691528320312,117.0,UNILEVER NEPAL LTD-NEPAL,SUNSILK,SUNSILK DAMAGE RESTORE CONDR,SUNSILK DAMAGE RESTORE CONDR-PBT 160 ML,PLBOT,160.000 ML,,,160.0,ML,0.0
91,2022-12-05 00:00:00,202212.0,129024572.0,1669191953753.0,99764443.0,117.0,UNILEVER NEPAL LTD-NEPAL,SUNSILK DAMAGE RESTORE,SUNSILK DAMAGE RESTORE CONDITONER PBT 300ML,345.0,PBT,300ML,,1669191953753-unilever nepal ltd-nepal-sunsilk damage restore#3.png,RECODING,5.0,4.0,99762670,85.53312683105469,117.0,UNILEVER NEPAL LTD-NEPAL,SUNSILK,SUNSILK DAMAGE RESTORE,SUNSILK DAMAGE RESTORE-PBT 320 ML,PLBOT,320.000 ML,,,320.0,ML,285.0
91,2022-12-05 00:00:00,202212.0,129024572.0,1669191953753.0,99764443.0,117.0,UNILEVER NEPAL LTD-NEPAL,SUNSILK DAMAGE RESTORE,SUNSILK DAMAGE RESTORE CONDITONER PBT 300ML,345.0,PBT,300ML,,1669191953753-unilever nepal ltd-nepal-sunsilk damage restore#3.png,RECODING,5.0,5.0,50989,94.03907012939453,117.0,UNILEVER NEPAL LTD-NEPAL,SUNSILK,SUNSILK,SUNSILK-DAMAGED RESTORE PBT 160 ML,PLBOT,160.000 ML,,,160.0,ML,0.0
91,2022-12-05 00:00:00,202212.0,129024572.0,1669191953753.0,99764443.0,117.0,UNILEVER NEPAL LTD-NEPAL,SUNSILK DAMAGE RESTORE,SUNSILK DAMAGE RESTORE CONDITONER PBT 300ML,345.0,PBT,300ML,,1669191953753-unilever nepal ltd-nepal-sunsilk damage restore#3.png,RECODING,5.0,6.0,92118224,103.950927734375,117.0,UNILEVER NEPAL LTD-NEPAL,SUNSILK,SUNSILK,SUNSILK-DAMAGED REPAIR PBT 200 ML,PLBOT,200.000 ML,,,200.0,ML,0.0
91,2022-12-05 00:00:00,202212.0,129024572.0,1669191953753.0,99764443.0,117.0,UNILEVER NEPAL LTD-NEPAL,SUNSILK DAMAGE RESTORE,SUNSILK DAMAGE RESTORE CONDITONER PBT 300ML,345.0,PBT,300ML,,1669191953753-unilever nepal ltd-nepal-sunsilk damage restore#3.png,RECODING,5.0,7.0,49942,104.92442321777344,117.0,UNILEVER NEPAL LTD-NEPAL,SUNSILK,SUNSILK DAMAGE RECONSTRUCTION,SUNSILK DAMAGE RECONSTRUCTION-PBT 320 ML,PLBOT,320.000 ML,,,320.0,ML,0.0
91,2022-12-05 00:00:00,202212.0,129024572.0,1669191953753.0,99764443.0,117.0,UNILEVER NEPAL LTD-NEPAL,SUNSILK DAMAGE RESTORE,SUNSILK DAMAGE RESTORE CONDITONER PBT 300ML,345.0,PBT,300ML,,1669191953753-unilever nepal ltd-nepal-sunsilk damage restore#3.png,RECODING,5.0,8.0,92112586,122.12364196777344,117.0,UNILEVER NEPAL LTD-NEPAL,SUNSILK,SUNSILK,SUNSILK-DAMAGED HAIR  PBT 100 ML,PLBOT,100.000 ML,,,100.0,ML,0.0
91,2022-12-05 00:00:00,202212.0,129024572.0,1669191953753.0,99764443.0,117.0,UNILEVER NEPAL LTD-NEPAL,SUNSILK DAMAGE RESTORE,SUNSILK DAMAGE RESTORE CONDITONER PBT 300ML,345.0,PBT,300ML,,1669191953753-unilever nepal ltd-nepal-sunsilk damage restore#3.png,RECODING,5.0,9.0,92110971,130.84439086914062,117.0,UNILEVER NEPAL LTD-NEPAL,SUNSILK,SUNSILK,SUNSILK-DRY & DAMAGED HAIR  PBT 200 ML,PLBOT,200.000 ML,,,200.0,ML,0.0
91,2022-12-05 00:00:00,202212.0,129024572.0,1669191953753.0,99764443.0,117.0,UNILEVER NEPAL LTD-NEPAL,SUNSILK DAMAGE RESTORE,SUNSILK DAMAGE RESTORE CONDITONER PBT 300ML,345.0,PBT,300ML,,1669191953753-unilever nepal ltd-nepal-sunsilk damage restore#3.png,RECODING,5.0,10.0,99764295,141.84152221679688,117.0,UNILEVER NEPAL LTD-NEPAL,SUNSILK,SUNSILK PERFECT STRAIGHT CONDI.,SUNSILK PERFECT STRAIGHT CONDITIONER-PBT 300 ML,PLBOT,300.000 ML,,,300.0,ML,365.0
92,2022-12-05 00:00:00,202212.0,129024572.0,1669190664924.0,99764444.0,117.0,MARICO LIMITED - INDIA,PARACHUTE NATURALE,PARACHUTE NATURALE DAMAGE REPAIR PBT 340ML,300.0,PBT,340ML,,1669190664924-marico limited - india-parachute naturale#3.png,RECODING,5.0,1.0,99764444,103.90545654296875,117.0,MARICO LIMITED - INDIA,PARACHUTE,PARACHUTE NATURALE,PARACHUTE NATURALE-DAMAGE REPAIR PBT 340 ML,PLBOT,340.000 ML,,,340.0,ML,300.0
92,2022-12-05 00:00:00,202212.0,129024572.0,1669190664924.0,99764444.0,117.0,MARICO LIMITED - INDIA,PARACHUTE NATURALE,PARACHUTE NATURALE DAMAGE REPAIR PBT 340ML,300.0,PBT,340ML,,1669190664924-marico limited - india-parachute naturale#3.png,RECODING,5.0,2.0,92117203,152.43704223632812,117.0,MARICO LIMITED - INDIA,PARACHUTE,PARACHUTE CONDITIONER,PARACHUTE CONDITIONER-PBT 100 ML,PLBOT,100.000 ML,,,100.0,ML,0.0
92,2022-12-05 00:00:00,202212.0,129024572.0,1669190664924.0,99764444.0,117.0,MARICO LIMITED - INDIA,PARACHUTE NATURALE,PARACHUTE NATURALE DAMAGE REPAIR PBT 340ML,300.0,PBT,340ML,,1669190664924-marico limited - india-parachute naturale#3.png,RECODING,5.0,3.0,99764445,166.09280395507812,117.0,MARICO LIMITED - INDIA,PARACHUTE,PARACHUTE NATURALE,PARACHUTE NATURALE-ANTI HAIR FALL PBT 340 ML,PLBOT,340.000 ML,,,340.0,ML,300.0
92,2022-12-05 00:00:00,202212.0,129024572.0,1669190664924.0,99764444.0,117.0,MARICO LIMITED - INDIA,PARACHUTE NATURALE,PARACHUTE NATURALE DAMAGE REPAIR PBT 340ML,300.0,PBT,340ML,,1669190664924-marico limited - india-parachute naturale#3.png,RECODING,5.0,4.0,92117202,167.49978637695312,117.0,MARICO LIMITED - INDIA,PARACHUTE,PARACHUTE CLEANSING,PARACHUTE CLEANSING-PBT 100 ML,PLBOT,100.000 ML,,,100.0,ML,0.0
92,2022-12-05 00:00:00,202212.0,129024572.0,1669190664924.0,99764444.0,117.0,MARICO LIMITED - INDIA,PARACHUTE NATURALE,PARACHUTE NATURALE DAMAGE REPAIR PBT 340ML,300.0,PBT,340ML,,1669190664924-marico limited - india-parachute naturale#3.png,RECODING,5.0,5.0,99763807,168.44317626953125,117.0,MARICO LIMITED - INDIA,PARACHUTE,PARACHUTE NATURALE,PARACHUTE NATURALE-NOURISHING CARE PBT 340 ML,PLBOT,340.000 ML,,,340.0,ML,300.0
92,2022-12-05 00:00:00,202212.0,129024572.0,1669190664924.0,99764444.0,117.0,MARICO LIMITED - INDIA,PARACHUTE NATURALE,PARACHUTE NATURALE DAMAGE REPAIR PBT 340ML,300.0,PBT,340ML,,1669190664924-marico limited - india-parachute naturale#3.png,RECODING,5.0,6.0,99764806,170.60450744628906,117.0,MARICO LIMITED - INDIA,PARACHUTE,PARACHUTE NATURALE,PARACHUTE NATURALE-ANTI HAIR FALL PBT 650 ML,PLBOT,650.000 ML,,,650.0,ML,660.0
92,2022-12-05 00:00:00,202212.0,129024572.0,1669190664924.0,99764444.0,117.0,MARICO LIMITED - INDIA,PARACHUTE NATURALE,PARACHUTE NATURALE DAMAGE REPAIR PBT 340ML,300.0,PBT,340ML,,1669190664924-marico limited - india-parachute naturale#3.png,RECODING,5.0,7.0,90820448,175.0288848876953,111.0,MARICO LIMITED - INDIA,PARACHUTE,PARACHUTE ADVANSED,PARACHUTE ADVANSED-PBT 300 ML,PLBOT,300.000 ML,,,300.0,ML,0.0
92,2022-12-05 00:00:00,202212.0,129024572.0,1669190664924.0,99764444.0,117.0,MARICO LIMITED - INDIA,PARACHUTE NATURALE,PARACHUTE NATURALE DAMAGE REPAIR PBT 340ML,300.0,PBT,340ML,,1669190664924-marico limited - india-parachute naturale#3.png,RECODING,5.0,8.0,90817837,175.30184936523438,111.0,MARICO LIMITED - INDIA,PARACHUTE,PARACHUTE ADVANSED,PARACHUTE ADVANSED-PBT 170 ML,PLBOT,170.000 ML,,,170.0,ML,0.0
92,2022-12-05 00:00:00,202212.0,129024572.0,1669190664924.0,99764444.0,117.0,MARICO LIMITED - INDIA,PARACHUTE NATURALE,PARACHUTE NATURALE DAMAGE REPAIR PBT 340ML,300.0,PBT,340ML,,1669190664924-marico limited - india-parachute naturale#3.png,RECODING,5.0,9.0,90812768,176.02980041503906,111.0,MARICO LIMITED - INDIA,PARACHUTE,PARACHUTE,PARACHUTE-PBT 50 ML,PLBOT,50.000 ML,,,50.0,ML,0.0
92,2022-12-05 00:00:00,202212.0,129024572.0,1669190664924.0,99764444.0,117.0,MARICO LIMITED - INDIA,PARACHUTE NATURALE,PARACHUTE NATURALE DAMAGE REPAIR PBT 340ML,300.0,PBT,340ML,,1669190664924-marico limited - india-parachute naturale#3.png,RECODING,5.0,10.0,92117201,178.05970764160156,117.0,MARICO LIMITED - INDIA,PARACHUTE,PARACHUTE CONDITIONER,PARACHUTE CONDITIONER-SCT  4  ML,PLSCH,4.000 ML,,,4.0,ML,0.0
93,2022-12-05 00:00:00,202212.0,129024572.0,1669190428661.0,99764445.0,117.0,MARICO LIMITED - INDIA,PARACHUTE NATURALE,PARACHUTE NATURALE ANTI HAIR FALL PBT 340ML,300.0,PBT,340ML,,1669190428661-marico limited - india-parachute naturale#3.png,RECODING,5.0,1.0,99764445,110.3202133178711,117.0,MARICO LIMITED - INDIA,PARACHUTE,PARACHUTE NATURALE,PARACHUTE NATURALE-ANTI HAIR FALL PBT 340 ML,PLBOT,340.000 ML,,,340.0,ML,300.0
93,2022-12-05 00:00:00,202212.0,129024572.0,1669190428661.0,99764445.0,117.0,MARICO LIMITED - INDIA,PARACHUTE NATURALE,PARACHUTE NATURALE ANTI HAIR FALL PBT 340ML,300.0,PBT,340ML,,1669190428661-marico limited - india-parachute naturale#3.png,RECODING,5.0,2.0,99764806,114.10533905029297,117.0,MARICO LIMITED - INDIA,PARACHUTE,PARACHUTE NATURALE,PARACHUTE NATURALE-ANTI HAIR FALL PBT 650 ML,PLBOT,650.000 ML,,,650.0,ML,660.0
93,2022-12-05 00:00:00,202212.0,129024572.0,1669190428661.0,99764445.0,117.0,MARICO LIMITED - INDIA,PARACHUTE NATURALE,PARACHUTE NATURALE ANTI HAIR FALL PBT 340ML,300.0,PBT,340ML,,1669190428661-marico limited - india-parachute naturale#3.png,RECODING,5.0,3.0,92117203,149.98312377929688,117.0,MARICO LIMITED - INDIA,PARACHUTE,PARACHUTE CONDITIONER,PARACHUTE CONDITIONER-PBT 100 ML,PLBOT,100.000 ML,,,100.0,ML,0.0
93,2022-12-05 00:00:00,202212.0,129024572.0,1669190428661.0,99764445.0,117.0,MARICO LIMITED - INDIA,PARACHUTE NATURALE,PARACHUTE NATURALE ANTI HAIR FALL PBT 340ML,300.0,PBT,340ML,,1669190428661-marico limited - india-parachute naturale#3.png,RECODING,5.0,4.0,99764444,157.19625854492188,117.0,MARICO LIMITED - INDIA,PARACHUTE,PARACHUTE NATURALE,PARACHUTE NATURALE-DAMAGE REPAIR PBT 340 ML,PLBOT,340.000 ML,,,340.0,ML,300.0
93,2022-12-05 00:00:00,202212.0,129024572.0,1669190428661.0,99764445.0,117.0,MARICO LIMITED - INDIA,PARACHUTE NATURALE,PARACHUTE NATURALE ANTI HAIR FALL PBT 340ML,300.0,PBT,340ML,,1669190428661-marico limited - india-parachute naturale#3.png,RECODING,5.0,5.0,99763807,162.9854736328125,117.0,MARICO LIMITED - INDIA,PARACHUTE,PARACHUTE NATURALE,PARACHUTE NATURALE-NOURISHING CARE PBT 340 ML,PLBOT,340.000 ML,,,340.0,ML,300.0
93,2022-12-05 00:00:00,202212.0,129024572.0,1669190428661.0,99764445.0,117.0,MARICO LIMITED - INDIA,PARACHUTE NATURALE,PARACHUTE NATURALE ANTI HAIR FALL PBT 340ML,300.0,PBT,340ML,,1669190428661-marico limited - india-parachute naturale#3.png,RECODING,5.0,6.0,49564,168.07998657226562,111.0,MARICO LIMITED - INDIA,PARACHUTE,PARACHUTE ADVANSED JASMINE,PARACHUTE ADVANSED JASMINE-PBT 100 ML+RS 7,PLBOT,100.000 ML,,,100.0,ML,0.0
93,2022-12-05 00:00:00,202212.0,129024572.0,1669190428661.0,99764445.0,117.0,MARICO LIMITED - INDIA,PARACHUTE NATURALE,PARACHUTE NATURALE ANTI HAIR FALL PBT 340ML,300.0,PBT,340ML,,1669190428661-marico limited - india-parachute naturale#3.png,RECODING,5.0,7.0,90861632,168.20242309570312,111.0,MARICO LIMITED - INDIA,PARACHUTE,PARACHUTE JASMINE,PARACHUTE JASMINE-PBT 100ML+7ML BOROPLUS ANTISEPTIC CRM,PLBOT,100.000 ML,,,100.0,ML,0.0
93,2022-12-05 00:00:00,202212.0,129024572.0,1669190428661.0,99764445.0,117.0,MARICO LIMITED - INDIA,PARACHUTE NATURALE,PARACHUTE NATURALE ANTI HAIR FALL PBT 340ML,300.0,PBT,340ML,,1669190428661-marico limited - india-parachute naturale#3.png,RECODING,5.0,8.0,92117201,168.6859893798828,117.0,MARICO LIMITED - INDIA,PARACHUTE,PARACHUTE CONDITIONER,PARACHUTE CONDITIONER-SCT  4  ML,PLSCH,4.000 ML,,,4.0,ML,0.0
93,2022-12-05 00:00:00,202212.0,129024572.0,1669190428661.0,99764445.0,117.0,MARICO LIMITED - INDIA,PARACHUTE NATURALE,PARACHUTE NATURALE ANTI HAIR FALL PBT 340ML,300.0,PBT,340ML,,1669190428661-marico limited - india-parachute naturale#3.png,RECODING,5.0,9.0,52913,170.1370849609375,111.0,MARICO LIMITED - INDIA,PARACHUTE,PARACHUTE ADVANSED JASMINE,PARACHUTE ADVANSED JASMINE-PBT 200 ML,PLBOT,200.000 ML,,,200.0,ML,0.0
93,2022-12-05 00:00:00,202212.0,129024572.0,1669190428661.0,99764445.0,117.0,MARICO LIMITED - INDIA,PARACHUTE NATURALE,PARACHUTE NATURALE ANTI HAIR FALL PBT 340ML,300.0,PBT,340ML,,1669190428661-marico limited - india-parachute naturale#3.png,RECODING,5.0,10.0,90861644,170.22195434570312,111.0,MARICO LIMITED - INDIA,PARACHUTE,PARACHUTE JASMINE,PARACHUTE JASMINE-PBT 200ML+20MCLEAN&CLEAR FACE WSH,PLBOT,200.000 ML,,,200.0,ML,0.0
94,2022-12-05 00:00:00,202212.0,112824936.0,1669965486085.0,99764455.0,134.0,PRABHAT BEVERAGE PVT. LTD.-NEPAL,SUBHA PRABHAT,SUBHA PRAHAT\20 LTRS\JAR\PRABHAT BEVERAGE PVT.LTD NEPAL,47.0,JAR,20 LTRS,Any other reason,1669965486085-prabhat beverage pvt- ltd--nepal-subha prabhat#3.png,RECODING,5.0,1.0,99764455,151.5818634033203,118.0,PRABHAT BEVERAGE PVT. LTD.-NEPAL,SHUVA PRABHAT,SHUVA PRABHAT,JAR 20000 ML,JAR,20000.000 ML,,,20000.0,ML,50.0
94,2022-12-05 00:00:00,202212.0,112824936.0,1669965486085.0,99764455.0,134.0,PRABHAT BEVERAGE PVT. LTD.-NEPAL,SUBHA PRABHAT,SUBHA PRAHAT\20 LTRS\JAR\PRABHAT BEVERAGE PVT.LTD NEPAL,47.0,JAR,20 LTRS,Any other reason,1669965486085-prabhat beverage pvt- ltd--nepal-subha prabhat#3.png,RECODING,5.0,2.0,40110666,159.42755126953125,118.0,PRABHAT BEVERAGE PVT. LTD.-NEPAL,PRABHAT,PRABHAT,PET 1000 ML,PET,1000.000 ML,,,1000.0,ML,0.0
94,2022-12-05 00:00:00,202212.0,112824936.0,1669965486085.0,99764455.0,134.0,PRABHAT BEVERAGE PVT. LTD.-NEPAL,SUBHA PRABHAT,SUBHA PRAHAT\20 LTRS\JAR\PRABHAT BEVERAGE PVT.LTD NEPAL,47.0,JAR,20 LTRS,Any other reason,1669965486085-prabhat beverage pvt- ltd--nepal-subha prabhat#3.png,RECODING,5.0,3.0,99762508,168.81228637695312,122.0,PRABHU SOAP INDUSTRIES-NEPAL,PRABHU GHADI,PRABHU GHADI,PRABHU GHADI-PPH 500 GM,PLPCH,500.000 GM,,,500.0,GM,55.0
94,2022-12-05 00:00:00,202212.0,112824936.0,1669965486085.0,99764455.0,134.0,PRABHAT BEVERAGE PVT. LTD.-NEPAL,SUBHA PRABHAT,SUBHA PRAHAT\20 LTRS\JAR\PRABHAT BEVERAGE PVT.LTD NEPAL,47.0,JAR,20 LTRS,Any other reason,1669965486085-prabhat beverage pvt- ltd--nepal-subha prabhat#3.png,RECODING,5.0,4.0,99762509,169.15003967285156,122.0,PRABHU SOAP INDUSTRIES-NEPAL,PRABHU GHADI,PRABHU GHADI,PRABHU GHADI-PPH 1000 GM,PLPCH,1000.000 GM,,,1000.0,GM,100.0
94,2022-12-05 00:00:00,202212.0,112824936.0,1669965486085.0,99764455.0,134.0,PRABHAT BEVERAGE PVT. LTD.-NEPAL,SUBHA PRABHAT,SUBHA PRAHAT\20 LTRS\JAR\PRABHAT BEVERAGE PVT.LTD NEPAL,47.0,JAR,20 LTRS,Any other reason,1669965486085-prabhat beverage pvt- ltd--nepal-subha prabhat#3.png,RECODING,5.0,5.0,54260,169.3665008544922,122.0,DIYA SODA SABUN UDHYOG-NEPAL,MAMTA GHAR AANGAN,MAMTA GHAR AANGAN,MAMTA GHAR AANGAN-PPH 2000 GM,PLPCH,2000.000 GM,,,2000.0,GM,0.0
94,2022-12-05 00:00:00,202212.0,112824936.0,1669965486085.0,99764455.0,134.0,PRABHAT BEVERAGE PVT. LTD.-NEPAL,SUBHA PRABHAT,SUBHA PRAHAT\20 LTRS\JAR\PRABHAT BEVERAGE PVT.LTD NEPAL,47.0,JAR,20 LTRS,Any other reason,1669965486085-prabhat beverage pvt- ltd--nepal-subha prabhat#3.png,RECODING,5.0,6.0,99762507,170.75924682617188,122.0,PRABHU SOAP INDUSTRIES-NEPAL,PRABHU GHADI,PRABHU GHADI,PRABHU GHADI-PPH 180 GM,PLPCH,180.000 GM,,,180.0,GM,20.0
94,2022-12-05 00:00:00,202212.0,112824936.0,1669965486085.0,99764455.0,134.0,PRABHAT BEVERAGE PVT. LTD.-NEPAL,SUBHA PRABHAT,SUBHA PRAHAT\20 LTRS\JAR\PRABHAT BEVERAGE PVT.LTD NEPAL,47.0,JAR,20 LTRS,Any other reason,1669965486085-prabhat beverage pvt- ltd--nepal-subha prabhat#3.png,RECODING,5.0,7.0,99764066,180.29212951660156,122.0,PRABHU SOAP INDUSTRIES-NEPAL,DHANYABAD,DHANYABAD,DHANYABAD-PPH 5000 GM,PLPCH,5000.000 GM,,,5000.0,GM,310.0
94,2022-12-05 00:00:00,202212.0,112824936.0,1669965486085.0,99764455.0,134.0,PRABHAT BEVERAGE PVT. LTD.-NEPAL,SUBHA PRABHAT,SUBHA PRAHAT\20 LTRS\JAR\PRABHAT BEVERAGE PVT.LTD NEPAL,47.0,JAR,20 LTRS,Any other reason,1669965486085-prabhat beverage pvt- ltd--nepal-subha prabhat#3.png,RECODING,5.0,8.0,99763904,182.8646240234375,122.0,PRABHU SOAP INDUSTRIES-NEPAL,DHANYABAD,DHANYABAD,DHANYABAD-PPH 200 GM,PLPCH,200.000 GM,,,200.0,GM,20.0
94,2022-12-05 00:00:00,202212.0,112824936.0,1669965486085.0,99764455.0,134.0,PRABHAT BEVERAGE PVT. LTD.-NEPAL,SUBHA PRABHAT,SUBHA PRAHAT\20 LTRS\JAR\PRABHAT BEVERAGE PVT.LTD NEPAL,47.0,JAR,20 LTRS,Any other reason,1669965486085-prabhat beverage pvt- ltd--nepal-subha prabhat#3.png,RECODING,5.0,9.0,46261,183.81491088867188,123.0,BABA SOAP INDUSTRIES - NEPAL,SUBIDHA,SUBIDHA,SUBIDHA-NIMBU SHAKTI PCN 400 GM,PLJAR,400.000 GM,,,400.0,GM,0.0
94,2022-12-05 00:00:00,202212.0,112824936.0,1669965486085.0,99764455.0,134.0,PRABHAT BEVERAGE PVT. LTD.-NEPAL,SUBHA PRABHAT,SUBHA PRAHAT\20 LTRS\JAR\PRABHAT BEVERAGE PVT.LTD NEPAL,47.0,JAR,20 LTRS,Any other reason,1669965486085-prabhat beverage pvt- ltd--nepal-subha prabhat#3.png,RECODING,5.0,10.0,99763073,184.38433837890625,123.0,SIDDHI BINAYAK CHEMICALS-NEPAL,RUKH CHHAP,RUKH CHHAP DALLO SABUN,RUKH CHHAP DALLO SABUN-PPH 3*250 GM [750 GM],PLPCH,250.000 GM,,,750.0,GM,100.0
95,2022-12-05 00:00:00,202212.0,112824936.0,1669964710713.0,99764456.0,134.0,SANGRILLA SPRING DRNK&BEVRG-NP,SANGRILLA SPRINGS,SANGRILLA SPRINGS\1000\ML\PBT\SANGRILLA SPRING DRINKS & BEVERAGE \NEPAL,16.0,PBT,1000 ML,Any other reason,1669964710713-sangrilla spring drnk-bevrg-np-sangrilla springs#3.png,RECODING,5.0,1.0,99764456,154.75064086914062,118.0,SANGRILLA SPRING DRNK&BEVRG-NP,SANGRILLA SPRINGS,SANGRILLA SPRINGS,PET 1000 ML,PET,1000.000 ML,,,1000.0,ML,16.0
95,2022-12-05 00:00:00,202212.0,112824936.0,1669964710713.0,99764456.0,134.0,SANGRILLA SPRING DRNK&BEVRG-NP,SANGRILLA SPRINGS,SANGRILLA SPRINGS\1000\ML\PBT\SANGRILLA SPRING DRINKS & BEVERAGE \NEPAL,16.0,PBT,1000 ML,Any other reason,1669964710713-sangrilla spring drnk-bevrg-np-sangrilla springs#3.png,RECODING,5.0,2.0,40124893,160.91510009765625,118.0,SANGRILLA SPRING DRNK&BEVRG-NP,SANGRILLA,SANGRILLA,PET 1000 ML,PET,1000.000 ML,,,1000.0,ML,0.0
95,2022-12-05 00:00:00,202212.0,112824936.0,1669964710713.0,99764456.0,134.0,SANGRILLA SPRING DRNK&BEVRG-NP,SANGRILLA SPRINGS,SANGRILLA SPRINGS\1000\ML\PBT\SANGRILLA SPRING DRINKS & BEVERAGE \NEPAL,16.0,PBT,1000 ML,Any other reason,1669964710713-sangrilla spring drnk-bevrg-np-sangrilla springs#3.png,RECODING,5.0,3.0,99765347,171.62205505371094,118.0,SANGRILLA SPRING DRNK&BEVRG-NP,HIMALAYAN SANGRILLA,HIMALAYAN SANGRILLA,PET 1000 ML,PET,1000.000 ML,,,1000.0,ML,20.0
95,2022-12-05 00:00:00,202212.0,112824936.0,1669964710713.0,99764456.0,134.0,SANGRILLA SPRING DRNK&BEVRG-NP,SANGRILLA SPRINGS,SANGRILLA SPRINGS\1000\ML\PBT\SANGRILLA SPRING DRINKS & BEVERAGE \NEPAL,16.0,PBT,1000 ML,Any other reason,1669964710713-sangrilla spring drnk-bevrg-np-sangrilla springs#3.png,RECODING,5.0,4.0,99765475,209.1092529296875,118.0,RAYBOT SPRING'S MINERAL WATER-NEPAL,RAYBOT,RAYBOT REFRESH COLA,PET 250 ML,PET,250.000 ML,COLA,,250.0,ML,50.0
95,2022-12-05 00:00:00,202212.0,112824936.0,1669964710713.0,99764456.0,134.0,SANGRILLA SPRING DRNK&BEVRG-NP,SANGRILLA SPRINGS,SANGRILLA SPRINGS\1000\ML\PBT\SANGRILLA SPRING DRINKS & BEVERAGE \NEPAL,16.0,PBT,1000 ML,Any other reason,1669964710713-sangrilla spring drnk-bevrg-np-sangrilla springs#3.png,RECODING,5.0,5.0,40120495,212.5766143798828,118.0,REFRESH DRINKING WATER PVT LTD-NEPAL,CREST,CREST,PET 1000 ML,PET,1000.000 ML,,,1000.0,ML,0.0
95,2022-12-05 00:00:00,202212.0,112824936.0,1669964710713.0,99764456.0,134.0,SANGRILLA SPRING DRNK&BEVRG-NP,SANGRILLA SPRINGS,SANGRILLA SPRINGS\1000\ML\PBT\SANGRILLA SPRING DRINKS & BEVERAGE \NEPAL,16.0,PBT,1000 ML,Any other reason,1669964710713-sangrilla spring drnk-bevrg-np-sangrilla springs#3.png,RECODING,5.0,6.0,93027370,212.77978515625,122.0,SANGAM INDUSTRIES-NEPAL,KOFIL,KOFIL LEMON & ORANGE,KOFIL LEMON & ORANGE-PPH 270 GMS,PLPCH,270.000 GM,,,270.0,GM,0.0
95,2022-12-05 00:00:00,202212.0,112824936.0,1669964710713.0,99764456.0,134.0,SANGRILLA SPRING DRNK&BEVRG-NP,SANGRILLA SPRINGS,SANGRILLA SPRINGS\1000\ML\PBT\SANGRILLA SPRING DRINKS & BEVERAGE \NEPAL,16.0,PBT,1000 ML,Any other reason,1669964710713-sangrilla spring drnk-bevrg-np-sangrilla springs#3.png,RECODING,5.0,7.0,20126298,212.8395233154297,118.0,DABUR NEPAL LTD.-NEPAL,REAL,REAL BURRST,POMEGRANATE TPK 1000 ML,TPK,1000.000 ML,POMEGRANATE,,1000.0,ML,0.0
95,2022-12-05 00:00:00,202212.0,112824936.0,1669964710713.0,99764456.0,134.0,SANGRILLA SPRING DRNK&BEVRG-NP,SANGRILLA SPRINGS,SANGRILLA SPRINGS\1000\ML\PBT\SANGRILLA SPRING DRINKS & BEVERAGE \NEPAL,16.0,PBT,1000 ML,Any other reason,1669964710713-sangrilla spring drnk-bevrg-np-sangrilla springs#3.png,RECODING,5.0,8.0,54260,212.95574951171875,122.0,DIYA SODA SABUN UDHYOG-NEPAL,MAMTA GHAR AANGAN,MAMTA GHAR AANGAN,MAMTA GHAR AANGAN-PPH 2000 GM,PLPCH,2000.000 GM,,,2000.0,GM,0.0
95,2022-12-05 00:00:00,202212.0,112824936.0,1669964710713.0,99764456.0,134.0,SANGRILLA SPRING DRNK&BEVRG-NP,SANGRILLA SPRINGS,SANGRILLA SPRINGS\1000\ML\PBT\SANGRILLA SPRING DRINKS & BEVERAGE \NEPAL,16.0,PBT,1000 ML,Any other reason,1669964710713-sangrilla spring drnk-bevrg-np-sangrilla springs#3.png,RECODING,5.0,9.0,20110393,213.46426391601562,118.0,DABUR NEPAL LTD.-NEPAL,REAL,REAL,POMEGRANATE TPK 1000 ML,TPK,1000.000 ML,POMEGRANATE,,1000.0,ML,0.0
95,2022-12-05 00:00:00,202212.0,112824936.0,1669964710713.0,99764456.0,134.0,SANGRILLA SPRING DRNK&BEVRG-NP,SANGRILLA SPRINGS,SANGRILLA SPRINGS\1000\ML\PBT\SANGRILLA SPRING DRINKS & BEVERAGE \NEPAL,16.0,PBT,1000 ML,Any other reason,1669964710713-sangrilla spring drnk-bevrg-np-sangrilla springs#3.png,RECODING,5.0,10.0,51617,213.53924560546875,118.0,DABUR NEPAL LTD.-NEPAL,REAL,REAL FRUIT POWER,POMEGRANATE TPK 1000 ML,TPK,1000.000 ML,POMEGRANATE,,1000.0,ML,0.0
96,2022-12-06 00:00:00,202212.0,233775810039.0,1670216698609.0,99764458.0,106.0,ABBER CONFECTIONERY PVT.LTD INDIA ,AMBER KAJU BUTTER ,AMBER KAJU BUTTER\4.5GM\PPH\CASHEW FLAVOUR ,1.6,PPH,4.5GM,,1670216698609-abber confectionery pvt-ltd india -amber kaju butter #3.png,RECODING,5.0,1.0,99764458,133.11248779296875,106.0,AMBER CONFECTIONERY-INDIA,AMBER,AMBER KAJU BUTTER,AMBER KAJU BUTTER-CASHEW EWP 4.5 GM,EWRPK,4.500 GM,CASHEW,,4.5,GM,1.6
96,2022-12-06 00:00:00,202212.0,233775810039.0,1670216698609.0,99764458.0,106.0,ABBER CONFECTIONERY PVT.LTD INDIA ,AMBER KAJU BUTTER ,AMBER KAJU BUTTER\4.5GM\PPH\CASHEW FLAVOUR ,1.6,PPH,4.5GM,,1670216698609-abber confectionery pvt-ltd india -amber kaju butter #3.png,RECODING,5.0,2.0,47467,172.95413208007812,106.0,AMAN FOOD PRODUCTS-INDIA,RICHBERI'S,RICHBERI'S KAJU FUN,RICHBERI'S KAJU FUN-CASHEW PPH 4.5 GM,PLPCH,4.500 GM,CASHEW,,4.5,GM,0.0
96,2022-12-06 00:00:00,202212.0,233775810039.0,1670216698609.0,99764458.0,106.0,ABBER CONFECTIONERY PVT.LTD INDIA ,AMBER KAJU BUTTER ,AMBER KAJU BUTTER\4.5GM\PPH\CASHEW FLAVOUR ,1.6,PPH,4.5GM,,1670216698609-abber confectionery pvt-ltd india -amber kaju butter #3.png,RECODING,5.0,3.0,49786,191.41549682617188,106.0,AMBER CONFECTIONERY-INDIA,AMBER,AMBER,AMBER-SMOOTH BUTTER PPH 3.15 GM,PLPCH,3.150 GM,BUTTER,,3.15,GM,0.0
96,2022-12-06 00:00:00,202212.0,233775810039.0,1670216698609.0,99764458.0,106.0,ABBER CONFECTIONERY PVT.LTD INDIA ,AMBER KAJU BUTTER ,AMBER KAJU BUTTER\4.5GM\PPH\CASHEW FLAVOUR ,1.6,PPH,4.5GM,,1670216698609-abber confectionery pvt-ltd india -amber kaju butter #3.png,RECODING,5.0,4.0,52603,200.01019287109375,106.0,AMBER NUTRITION PVT LTD-INDIA,R & J,R & J,R & J-BUTTER PPH 3.15 GM,PLPCH,3.150 GM,BUTTER,,3.15,GM,0.0
96,2022-12-06 00:00:00,202212.0,233775810039.0,1670216698609.0,99764458.0,106.0,ABBER CONFECTIONERY PVT.LTD INDIA ,AMBER KAJU BUTTER ,AMBER KAJU BUTTER\4.5GM\PPH\CASHEW FLAVOUR ,1.6,PPH,4.5GM,,1670216698609-abber confectionery pvt-ltd india -amber kaju butter #3.png,RECODING,5.0,5.0,99763780,204.00665283203125,106.0,AMAN FOOD PRODUCTS-INDIA,KESHRI,KESHRI KAJU BUTTER,KESHRI KAJU BUTTER-EWP 4 GM,EWRPK,4.000 GM,KAJU BUTTER,,4.0,GM,2.0
96,2022-12-06 00:00:00,202212.0,233775810039.0,1670216698609.0,99764458.0,106.0,ABBER CONFECTIONERY PVT.LTD INDIA ,AMBER KAJU BUTTER ,AMBER KAJU BUTTER\4.5GM\PPH\CASHEW FLAVOUR ,1.6,PPH,4.5GM,,1670216698609-abber confectionery pvt-ltd india -amber kaju butter #3.png,RECODING,5.0,6.0,99764576,206.42733764648438,106.0,AMBER CONFECTIONERY-INDIA,AMBER,AMBER MANGO TWIST,AMBER MANGO TWIST-PPH 430 GM,PLPCH,430.000 GM,MANGO,,430.0,GM,128.0
96,2022-12-06 00:00:00,202212.0,233775810039.0,1670216698609.0,99764458.0,106.0,ABBER CONFECTIONERY PVT.LTD INDIA ,AMBER KAJU BUTTER ,AMBER KAJU BUTTER\4.5GM\PPH\CASHEW FLAVOUR ,1.6,PPH,4.5GM,,1670216698609-abber confectionery pvt-ltd india -amber kaju butter #3.png,RECODING,5.0,7.0,91826745,208.55007934570312,106.0,SHAKTI FOOD PRODUCTS - INDIA,JANU,JANU,JANU- KAJU BUTTER ROLL TOFFEE PPH 4 GM,PLPCH,4.000 GM,KAJU,,4.0,GM,0.0
96,2022-12-06 00:00:00,202212.0,233775810039.0,1670216698609.0,99764458.0,106.0,ABBER CONFECTIONERY PVT.LTD INDIA ,AMBER KAJU BUTTER ,AMBER KAJU BUTTER\4.5GM\PPH\CASHEW FLAVOUR ,1.6,PPH,4.5GM,,1670216698609-abber confectionery pvt-ltd india -amber kaju butter #3.png,RECODING,5.0,8.0,47306,209.27850341796875,106.0,AMBEY SHAKTI FOODS-INDIA,MILDEN,MILDEN DELIGHT CREAM,MILDEN DELIGHT CREAM-ROYAL BUTTERY PPH 3.33 GM,PLPCH,3.330 GM,BUTTER,,3.33,GM,0.0
96,2022-12-06 00:00:00,202212.0,233775810039.0,1670216698609.0,99764458.0,106.0,ABBER CONFECTIONERY PVT.LTD INDIA ,AMBER KAJU BUTTER ,AMBER KAJU BUTTER\4.5GM\PPH\CASHEW FLAVOUR ,1.6,PPH,4.5GM,,1670216698609-abber confectionery pvt-ltd india -amber kaju butter #3.png,RECODING,5.0,9.0,50108,209.73455810546875,106.0,AMBER CONFECTIONERY-INDIA,AMBER,AMBER,AMBER-SMOOTH CARAMEL PPH 6 GM,PLPCH,6.000 GM,CARAMEL,,6.0,GM,0.0
96,2022-12-06 00:00:00,202212.0,233775810039.0,1670216698609.0,99764458.0,106.0,ABBER CONFECTIONERY PVT.LTD INDIA ,AMBER KAJU BUTTER ,AMBER KAJU BUTTER\4.5GM\PPH\CASHEW FLAVOUR ,1.6,PPH,4.5GM,,1670216698609-abber confectionery pvt-ltd india -amber kaju butter #3.png,RECODING,5.0,10.0,91826315,210.41943359375,106.0,AMBER CONFECTIONERY-INDIA,AMBER,AMBER TANGY TWIST,AMBER TANGY TWIST-MANGO MASALA PPH 3.15 GM,PLPCH,3.150 GM,MANGO,,3.15,GM,0.0
97,2022-12-06 00:00:00,202212.0,233775810039.0,1670217039515.0,99764459.0,106.0,NYRA CHOCOLATES PVT LTD-INDIA,NYRA LACTO CLASSIC ,NYRA LACTO CLASSIC\4.25\PPH\MILKY FLAVOUR ,1.6,PPH,4.25GM,,1670217039515-nyra chocolates pvt ltd-india-nyra lacto classic #3.png,RECODING,5.0,1.0,99764459,103.4144287109375,106.0,NYRA CHOCOLATES PVT LTD-INDIA,NYRA,NYRA LACTO CLASSIC,NYRA LACTO CLASSIC-MILKY PPH 4.25 GM,PLPCH,4.250 GM,MILK,,4.25,GM,1.6
97,2022-12-06 00:00:00,202212.0,233775810039.0,1670217039515.0,99764459.0,106.0,NYRA CHOCOLATES PVT LTD-INDIA,NYRA LACTO CLASSIC ,NYRA LACTO CLASSIC\4.25\PPH\MILKY FLAVOUR ,1.6,PPH,4.25GM,,1670217039515-nyra chocolates pvt ltd-india-nyra lacto classic #3.png,RECODING,5.0,2.0,99764717,129.48910522460938,106.0,NYRA CHOCOLATES PVT LTD-INDIA,NYRA,NYRA MILKIE MILKY,NYRA MILKIE MILKY-CARAMEL CANDY PCN 680 GM,PLJAR,680.000 GM,CARAMEL,,680.0,GM,256.0
97,2022-12-06 00:00:00,202212.0,233775810039.0,1670217039515.0,99764459.0,106.0,NYRA CHOCOLATES PVT LTD-INDIA,NYRA LACTO CLASSIC ,NYRA LACTO CLASSIC\4.25\PPH\MILKY FLAVOUR ,1.6,PPH,4.25GM,,1670217039515-nyra chocolates pvt ltd-india-nyra lacto classic #3.png,RECODING,5.0,3.0,99763135,154.56787109375,106.0,NYRA CHOCOLATES PVT LTD-INDIA,NYRA CHOCO PAN,NYRA CHOCO PAN,NYRA CHOCO PAN-PAN EWP 4.5 GM,EWRPK,4.500 GM,PAAN,,4.5,GM,2.0
97,2022-12-06 00:00:00,202212.0,233775810039.0,1670217039515.0,99764459.0,106.0,NYRA CHOCOLATES PVT LTD-INDIA,NYRA LACTO CLASSIC ,NYRA LACTO CLASSIC\4.25\PPH\MILKY FLAVOUR ,1.6,PPH,4.25GM,,1670217039515-nyra chocolates pvt ltd-india-nyra lacto classic #3.png,RECODING,5.0,4.0,91826085,173.6205596923828,106.0,NESTLE INDIA LTD. - INDIA,NESTLE,NESTLE ECLAIRS,NESTLE ECLAIRS- PPH 2.4 GM,PLPCH,2.400 GM,CHOCOLATE,,2.4,GM,0.0
97,2022-12-06 00:00:00,202212.0,233775810039.0,1670217039515.0,99764459.0,106.0,NYRA CHOCOLATES PVT LTD-INDIA,NYRA LACTO CLASSIC ,NYRA LACTO CLASSIC\4.25\PPH\MILKY FLAVOUR ,1.6,PPH,4.25GM,,1670217039515-nyra chocolates pvt ltd-india-nyra lacto classic #3.png,RECODING,5.0,5.0,91826244,184.19027709960938,106.0,NESTLE INDIA LTD. - INDIA,NESTLE,NESTLE MILKY BAR ECLAIRS,NESTLE MILKY BAR ECLAIRS- PPH 3.4 GM,PLPCH,3.400 GM,MILK,,3.4,GM,0.0
97,2022-12-06 00:00:00,202212.0,233775810039.0,1670217039515.0,99764459.0,106.0,NYRA CHOCOLATES PVT LTD-INDIA,NYRA LACTO CLASSIC ,NYRA LACTO CLASSIC\4.25\PPH\MILKY FLAVOUR ,1.6,PPH,4.25GM,,1670217039515-nyra chocolates pvt ltd-india-nyra lacto classic #3.png,RECODING,5.0,6.0,91424814,186.65078735351562,112.0,MONDELEZ INDIA PVT LTD -INDIA,BOURNVITA,BOURNVITA,BOURNVITA-CHOCOLATE PPH 12 GMS,PLPCH,12.000 GM,,,12.0,GM,0.0
97,2022-12-06 00:00:00,202212.0,233775810039.0,1670217039515.0,99764459.0,106.0,NYRA CHOCOLATES PVT LTD-INDIA,NYRA LACTO CLASSIC ,NYRA LACTO CLASSIC\4.25\PPH\MILKY FLAVOUR ,1.6,PPH,4.25GM,,1670217039515-nyra chocolates pvt ltd-india-nyra lacto classic #3.png,RECODING,5.0,7.0,50681,187.20361328125,112.0,GLAXO SMITHKLINE-INDIA,HORLICKS,HORLICKS CHOCOLATE DELIGHT,HORLICKS CHOCOLATE DELIGHT-PPH 75 GM,PLPCH,75.000 GM,,,75.0,GM,0.0
97,2022-12-06 00:00:00,202212.0,233775810039.0,1670217039515.0,99764459.0,106.0,NYRA CHOCOLATES PVT LTD-INDIA,NYRA LACTO CLASSIC ,NYRA LACTO CLASSIC\4.25\PPH\MILKY FLAVOUR ,1.6,PPH,4.25GM,,1670217039515-nyra chocolates pvt ltd-india-nyra lacto classic #3.png,RECODING,5.0,8.0,47138,188.80560302734375,106.0,NICE CONFECTIONERY-INDIA,BYE-BYE,BYE-BYE,BYE-BYE-MILK CHOCOLATY CANDY PPH 4.33 GM,PLPCH,4.330 GM,MILK CHOCOLATE,,4.33,GM,0.0
97,2022-12-06 00:00:00,202212.0,233775810039.0,1670217039515.0,99764459.0,106.0,NYRA CHOCOLATES PVT LTD-INDIA,NYRA LACTO CLASSIC ,NYRA LACTO CLASSIC\4.25\PPH\MILKY FLAVOUR ,1.6,PPH,4.25GM,,1670217039515-nyra chocolates pvt ltd-india-nyra lacto classic #3.png,RECODING,5.0,9.0,91417143,189.8932647705078,112.0,MONDELEZ INDIA PVT LTD -INDIA,BOURNVITA,BOURNVITA,BOURNVITA-CHOCOLATE PPH 500 GMS,PLPCH,500.000 GM,,,500.0,GM,0.0
97,2022-12-06 00:00:00,202212.0,233775810039.0,1670217039515.0,99764459.0,106.0,NYRA CHOCOLATES PVT LTD-INDIA,NYRA LACTO CLASSIC ,NYRA LACTO CLASSIC\4.25\PPH\MILKY FLAVOUR ,1.6,PPH,4.25GM,,1670217039515-nyra chocolates pvt ltd-india-nyra lacto classic #3.png,RECODING,5.0,10.0,50682,191.19808959960938,112.0,GLAXO SMITHKLINE-INDIA,HORLICKS,HORLICKS CHOCOLATE DELIGHT,HORLICKS CHOCOLATE DELIGHT-PCN 500 GM+FR 75G PPH,PLJAR,500.000 GM,,,500.0,GM,0.0
98,2022-12-06 00:00:00,202212.0,233775810039.0,1670216328205.0,99763261.0,106.0,GANGOTRI HOLY PRODUCTS-INDIA,EATALIA DOUBLE MANGO ,EATALIA DOUBLE MANGO\2.95GM\PPH\ADHA MEETHA ADHA KHATTA,1.0,PPH,2.95GM,,1670216328205-gangotri holy products-india-eatalia double mango #3.png,CROSS CODING,2.0,1.0,99763261,152.3001708984375,106.0,GANGOTRI HOLY PRODUCTS-INDIA,DOUBLE MANGO,DOUBLE MANGO,DOUBLE MANGO-PPH 2.95 GM,PLPCH,2.950 GM,MANGO,,2.95,GM,1.0
98,2022-12-06 00:00:00,202212.0,233775810039.0,1670216328205.0,99763261.0,106.0,GANGOTRI HOLY PRODUCTS-INDIA,EATALIA DOUBLE MANGO ,EATALIA DOUBLE MANGO\2.95GM\PPH\ADHA MEETHA ADHA KHATTA,1.0,PPH,2.95GM,,1670216328205-gangotri holy products-india-eatalia double mango #3.png,CROSS CODING,2.0,2.0,49650,177.3302459716797,106.0,PRAYAGH NUTRI PRODUCT-INDIA,CINTU,CINTU,CINTU-MANGO DOUBLES PPH 4.5 GM,PLPCH,4.500 GM,MANGO,,4.5,GM,0.0
98,2022-12-06 00:00:00,202212.0,233775810039.0,1670216328205.0,99763261.0,106.0,GANGOTRI HOLY PRODUCTS-INDIA,EATALIA DOUBLE MANGO ,EATALIA DOUBLE MANGO\2.95GM\PPH\ADHA MEETHA ADHA KHATTA,1.0,PPH,2.95GM,,1670216328205-gangotri holy products-india-eatalia double mango #3.png,CROSS CODING,2.0,3.0,99764638,178.1386260986328,106.0,PRAYAGH NUTRI PRODUCT-INDIA,CINTU,CINTU MANGO DOUBLES,CINTU MANGO DOUBLES-PCN 936 GM,PLJAR,936.000 GM,MANGO,,936.0,GM,500.0
98,2022-12-06 00:00:00,202212.0,233775810039.0,1670216328205.0,99763261.0,106.0,GANGOTRI HOLY PRODUCTS-INDIA,EATALIA DOUBLE MANGO ,EATALIA DOUBLE MANGO\2.95GM\PPH\ADHA MEETHA ADHA KHATTA,1.0,PPH,2.95GM,,1670216328205-gangotri holy products-india-eatalia double mango #3.png,CROSS CODING,2.0,4.0,99764013,182.3990020751953,106.0,GANGOTRI HOLY PRODUCTS-INDIA,EATALIA,EATALIA NARIYAL PANI,EATALIA NARIYAL PANI-COCONUT PPH 2.95 GM,PLPCH,2.950 GM,COCONUT,,2.95,GM,1.0
98,2022-12-06 00:00:00,202212.0,233775810039.0,1670216328205.0,99763261.0,106.0,GANGOTRI HOLY PRODUCTS-INDIA,EATALIA DOUBLE MANGO ,EATALIA DOUBLE MANGO\2.95GM\PPH\ADHA MEETHA ADHA KHATTA,1.0,PPH,2.95GM,,1670216328205-gangotri holy products-india-eatalia double mango #3.png,CROSS CODING,2.0,5.0,47311,182.93930053710938,106.0,SEERAT NUTRIFOOD-INDIA,CLEAR CUT,CLEAR CUT,CLEAR CUT-MANGO PPH 2.9 GM,PLPCH,2.900 GM,MANGO,,2.9,GM,0.0
98,2022-12-06 00:00:00,202212.0,233775810039.0,1670216328205.0,99763261.0,106.0,GANGOTRI HOLY PRODUCTS-INDIA,EATALIA DOUBLE MANGO ,EATALIA DOUBLE MANGO\2.95GM\PPH\ADHA MEETHA ADHA KHATTA,1.0,PPH,2.95GM,,1670216328205-gangotri holy products-india-eatalia double mango #3.png,CROSS CODING,2.0,6.0,99763769,186.31414794921875,106.0,PRAKASH CONFECTIONERY-INDIA,BUNTY,BUNTY DOUBLE MANGO,BUNTY DOUBLE MANGO-PPH 3 GM,PLPCH,3.000 GM,MANGO,,3.0,GM,2.5
98,2022-12-06 00:00:00,202212.0,233775810039.0,1670216328205.0,99763261.0,106.0,GANGOTRI HOLY PRODUCTS-INDIA,EATALIA DOUBLE MANGO ,EATALIA DOUBLE MANGO\2.95GM\PPH\ADHA MEETHA ADHA KHATTA,1.0,PPH,2.95GM,,1670216328205-gangotri holy products-india-eatalia double mango #3.png,CROSS CODING,2.0,7.0,20110747,189.40655517578125,118.0,GODREJ CONSUMER PRODUCTS-INDIA,JUMPIN,JUMPIN,MANGO TPK 200 ML,TPK,200.000 ML,MANGO,,200.0,ML,0.0
98,2022-12-06 00:00:00,202212.0,233775810039.0,1670216328205.0,99763261.0,106.0,GANGOTRI HOLY PRODUCTS-INDIA,EATALIA DOUBLE MANGO ,EATALIA DOUBLE MANGO\2.95GM\PPH\ADHA MEETHA ADHA KHATTA,1.0,PPH,2.95GM,,1670216328205-gangotri holy products-india-eatalia double mango #3.png,CROSS CODING,2.0,8.0,45937,189.58084106445312,106.0,PRAYAGH NUTRI PRODUCT-INDIA,CINTU,CINTU,CINTU-EXPRESS MANGO CANDY PPH 4.2 GM,PLPCH,4.200 GM,MANGO,,4.2,GM,0.0
98,2022-12-06 00:00:00,202212.0,233775810039.0,1670216328205.0,99763261.0,106.0,GANGOTRI HOLY PRODUCTS-INDIA,EATALIA DOUBLE MANGO ,EATALIA DOUBLE MANGO\2.95GM\PPH\ADHA MEETHA ADHA KHATTA,1.0,PPH,2.95GM,,1670216328205-gangotri holy products-india-eatalia double mango #3.png,CROSS CODING,2.0,9.0,91826335,189.94256591796875,106.0,PRAYAGH NUTRI PRODUCT-INDIA,CINTU,CINTU,CINTU- MANGO CHATPAT PPH 2.9 GM,PLPCH,2.900 GM,MANGO,,2.9,GM,0.0
98,2022-12-06 00:00:00,202212.0,233775810039.0,1670216328205.0,99763261.0,106.0,GANGOTRI HOLY PRODUCTS-INDIA,EATALIA DOUBLE MANGO ,EATALIA DOUBLE MANGO\2.95GM\PPH\ADHA MEETHA ADHA KHATTA,1.0,PPH,2.95GM,,1670216328205-gangotri holy products-india-eatalia double mango #3.png,CROSS CODING,2.0,10.0,91826574,190.94236755371094,106.0,MAPRO FOODS - INDIA,MAPRO,MAPRO FALERO,MAPRO FALERO- KACHI KAIRI PPH 3.8,PLPCH,3.800 GM,RAW MANGO,,3.8,GM,0.0
99,2022-12-06 00:00:00,202212.0,115439898.0,1669457233864.0,99764474.0,134.0,HYGEN PACKS NEPAL PVT LTD-NEPAL,FIZZY APPLE,FIZZY MANIAAPPLE\SOFT DRINKS\HYGEN\250ML\PBT,45.0,PBT,250ML,New SKU,1669457233864-hygen packs nepal pvt ltd-nepal-fizzy apple#3.png,RECODING,5.0,1.0,99764474,124.64766693115234,118.0,HYGEN PACKS NEPAL PVT LTD-NEPAL,FIZZY,FIZZY MANIA,APPLE PET 250 ML,PET,250.000 ML,APPLE,,250.0,ML,45.0
99,2022-12-06 00:00:00,202212.0,115439898.0,1669457233864.0,99764474.0,134.0,HYGEN PACKS NEPAL PVT LTD-NEPAL,FIZZY APPLE,FIZZY MANIAAPPLE\SOFT DRINKS\HYGEN\250ML\PBT,45.0,PBT,250ML,New SKU,1669457233864-hygen packs nepal pvt ltd-nepal-fizzy apple#3.png,RECODING,5.0,2.0,99763057,142.52577209472656,118.0,HYGEN PACKS NEPAL PVT LTD-NEPAL,MANIA,MANIA APPE,APPLE TPK 200 ML,TPK,200.000 ML,APPLE,,200.0,ML,25.0
99,2022-12-06 00:00:00,202212.0,115439898.0,1669457233864.0,99764474.0,134.0,HYGEN PACKS NEPAL PVT LTD-NEPAL,FIZZY APPLE,FIZZY MANIAAPPLE\SOFT DRINKS\HYGEN\250ML\PBT,45.0,PBT,250ML,New SKU,1669457233864-hygen packs nepal pvt ltd-nepal-fizzy apple#3.png,RECODING,5.0,3.0,99764475,151.58697509765625,118.0,HYGEN PACKS NEPAL PVT LTD-NEPAL,MANIA,MANIA ZEERA MASALA,APPLE PET 250 ML,PET,250.000 ML,APPLE,,250.0,ML,40.0
99,2022-12-06 00:00:00,202212.0,115439898.0,1669457233864.0,99764474.0,134.0,HYGEN PACKS NEPAL PVT LTD-NEPAL,FIZZY APPLE,FIZZY MANIAAPPLE\SOFT DRINKS\HYGEN\250ML\PBT,45.0,PBT,250ML,New SKU,1669457233864-hygen packs nepal pvt ltd-nepal-fizzy apple#3.png,RECODING,5.0,4.0,99763224,159.02769470214844,118.0,HYGEN PACKS NEPAL PVT LTD-NEPAL,HYGEN,HYGEN MANIA,MANGO TPK 200 ML,TPK,200.000 ML,MANGO,,200.0,ML,25.0
99,2022-12-06 00:00:00,202212.0,115439898.0,1669457233864.0,99764474.0,134.0,HYGEN PACKS NEPAL PVT LTD-NEPAL,FIZZY APPLE,FIZZY MANIAAPPLE\SOFT DRINKS\HYGEN\250ML\PBT,45.0,PBT,250ML,New SKU,1669457233864-hygen packs nepal pvt ltd-nepal-fizzy apple#3.png,RECODING,5.0,5.0,99765238,161.18960571289062,118.0,HYGEN PACKS NEPAL PVT LTD-NEPAL,HYGEN,HYGEN MANIA,GUAVA TPK 200 ML,TPK,200.000 ML,GUAVA,,200.0,ML,25.0
99,2022-12-06 00:00:00,202212.0,115439898.0,1669457233864.0,99764474.0,134.0,HYGEN PACKS NEPAL PVT LTD-NEPAL,FIZZY APPLE,FIZZY MANIAAPPLE\SOFT DRINKS\HYGEN\250ML\PBT,45.0,PBT,250ML,New SKU,1669457233864-hygen packs nepal pvt ltd-nepal-fizzy apple#3.png,RECODING,5.0,6.0,99764247,162.13125610351562,118.0,HYGEN PACKS NEPAL PVT LTD-NEPAL,HYGEN,HYGEN RUHSH,MANGO TPK 200 ML,TPK,200.000 ML,MANGO,,200.0,ML,25.0
99,2022-12-06 00:00:00,202212.0,115439898.0,1669457233864.0,99764474.0,134.0,HYGEN PACKS NEPAL PVT LTD-NEPAL,FIZZY APPLE,FIZZY MANIAAPPLE\SOFT DRINKS\HYGEN\250ML\PBT,45.0,PBT,250ML,New SKU,1669457233864-hygen packs nepal pvt ltd-nepal-fizzy apple#3.png,RECODING,5.0,7.0,99765000,166.62791442871094,118.0,SOUTH ASIAN BEVERAGES P. LTD-NEPAL,APPY,APPY FIZZ APPLE,APPLE PET 250 ML,PET,250.000 ML,APPLE,,250.0,ML,50.0
99,2022-12-06 00:00:00,202212.0,115439898.0,1669457233864.0,99764474.0,134.0,HYGEN PACKS NEPAL PVT LTD-NEPAL,FIZZY APPLE,FIZZY MANIAAPPLE\SOFT DRINKS\HYGEN\250ML\PBT,45.0,PBT,250ML,New SKU,1669457233864-hygen packs nepal pvt ltd-nepal-fizzy apple#3.png,RECODING,5.0,8.0,99765164,167.68768310546875,118.0,HYGEN PACKS NEPAL PVT LTD-NEPAL,MANIA,MANIA MIX FRUIT,MIX FRUIT TPK 200 ML,TPK,200.000 ML,MIXED FRUIT,,200.0,ML,25.0
99,2022-12-06 00:00:00,202212.0,115439898.0,1669457233864.0,99764474.0,134.0,HYGEN PACKS NEPAL PVT LTD-NEPAL,FIZZY APPLE,FIZZY MANIAAPPLE\SOFT DRINKS\HYGEN\250ML\PBT,45.0,PBT,250ML,New SKU,1669457233864-hygen packs nepal pvt ltd-nepal-fizzy apple#3.png,RECODING,5.0,9.0,99764921,168.99850463867188,118.0,SOUTH ASIAN BEVERAGES P. LTD-NEPAL,APPY,APPY FIZZ APPLE,APPLE PET 160 ML,PET,160.000 ML,APPLE,,160.0,ML,30.0
99,2022-12-06 00:00:00,202212.0,115439898.0,1669457233864.0,99764474.0,134.0,HYGEN PACKS NEPAL PVT LTD-NEPAL,FIZZY APPLE,FIZZY MANIAAPPLE\SOFT DRINKS\HYGEN\250ML\PBT,45.0,PBT,250ML,New SKU,1669457233864-hygen packs nepal pvt ltd-nepal-fizzy apple#3.png,RECODING,5.0,10.0,99763844,169.80526733398438,118.0,HYGEN PACKS NEPAL PVT LTD-NEPAL,MANIA,MANIA MAGIC,MANGO TPK 180 ML+20 ML FREE,TPK,180.000 ML,MANGO,,200.0,ML,25.0
100,2022-12-06 00:00:00,202212.0,115439898.0,1669456471499.0,99764473.0,134.0,HYGEN PACKS NEPAL PVT LTD-NEPAL,MANIA ENERGY DRINKS,HYGEN MANIA\ENERGY DRINKS\HYGEN\330ML\CAN,120.0,CAN,330ML,New SKU,1669456471499-hygen packs nepal pvt ltd-nepal-mania energy drinks#3.png,RECODING,5.0,1.0,99762355,114.95030212402344,118.0,HYGEN PACKS NEPAL PVT LTD-NEPAL,HYGEN,HYGEN MANIA,CAN 250 ML,CAN,250.000 ML,,,250.0,ML,120.0
100,2022-12-06 00:00:00,202212.0,115439898.0,1669456471499.0,99764473.0,134.0,HYGEN PACKS NEPAL PVT LTD-NEPAL,MANIA ENERGY DRINKS,HYGEN MANIA\ENERGY DRINKS\HYGEN\330ML\CAN,120.0,CAN,330ML,New SKU,1669456471499-hygen packs nepal pvt ltd-nepal-mania energy drinks#3.png,RECODING,5.0,2.0,99764473,114.9784164428711,118.0,HYGEN PACKS NEPAL PVT LTD-NEPAL,HYGEN,HYGEN MANIA,CAN 330 ML,CAN,330.000 ML,,,330.0,ML,120.0
100,2022-12-06 00:00:00,202212.0,115439898.0,1669456471499.0,99764473.0,134.0,HYGEN PACKS NEPAL PVT LTD-NEPAL,MANIA ENERGY DRINKS,HYGEN MANIA\ENERGY DRINKS\HYGEN\330ML\CAN,120.0,CAN,330ML,New SKU,1669456471499-hygen packs nepal pvt ltd-nepal-mania energy drinks#3.png,RECODING,5.0,3.0,99765058,128.93540954589844,118.0,HYGEN PACKS NEPAL PVT LTD-NEPAL,MANIA,MANIA WILD,CAN 250 ML+80 ML EXTRA,CAN,250.000 ML,,,330.0,ML,150.0
100,2022-12-06 00:00:00,202212.0,115439898.0,1669456471499.0,99764473.0,134.0,HYGEN PACKS NEPAL PVT LTD-NEPAL,MANIA ENERGY DRINKS,HYGEN MANIA\ENERGY DRINKS\HYGEN\330ML\CAN,120.0,CAN,330ML,New SKU,1669456471499-hygen packs nepal pvt ltd-nepal-mania energy drinks#3.png,RECODING,5.0,4.0,99765238,130.31593322753906,118.0,HYGEN PACKS NEPAL PVT LTD-NEPAL,HYGEN,HYGEN MANIA,GUAVA TPK 200 ML,TPK,200.000 ML,GUAVA,,200.0,ML,25.0
100,2022-12-06 00:00:00,202212.0,115439898.0,1669456471499.0,99764473.0,134.0,HYGEN PACKS NEPAL PVT LTD-NEPAL,MANIA ENERGY DRINKS,HYGEN MANIA\ENERGY DRINKS\HYGEN\330ML\CAN,120.0,CAN,330ML,New SKU,1669456471499-hygen packs nepal pvt ltd-nepal-mania energy drinks#3.png,RECODING,5.0,5.0,99765440,139.1822509765625,118.0,HYGEN PACKS NEPAL PVT LTD-NEPAL,MANIA,MANIA NIMBOO,PET 250 ML,PET,250.000 ML,LEMON,,250.0,ML,50.0
100,2022-12-06 00:00:00,202212.0,115439898.0,1669456471499.0,99764473.0,134.0,HYGEN PACKS NEPAL PVT LTD-NEPAL,MANIA ENERGY DRINKS,HYGEN MANIA\ENERGY DRINKS\HYGEN\330ML\CAN,120.0,CAN,330ML,New SKU,1669456471499-hygen packs nepal pvt ltd-nepal-mania energy drinks#3.png,RECODING,5.0,6.0,99763593,142.61668395996094,118.0,HYGEN PACKS NEPAL PVT LTD-NEPAL,MANIA,MANIA DEW,PET 250 ML,PET,250.000 ML,LEMON,,250.0,ML,35.0
100,2022-12-06 00:00:00,202212.0,115439898.0,1669456471499.0,99764473.0,134.0,HYGEN PACKS NEPAL PVT LTD-NEPAL,MANIA ENERGY DRINKS,HYGEN MANIA\ENERGY DRINKS\HYGEN\330ML\CAN,120.0,CAN,330ML,New SKU,1669456471499-hygen packs nepal pvt ltd-nepal-mania energy drinks#3.png,RECODING,5.0,7.0,99765164,142.9708709716797,118.0,HYGEN PACKS NEPAL PVT LTD-NEPAL,MANIA,MANIA MIX FRUIT,MIX FRUIT TPK 200 ML,TPK,200.000 ML,MIXED FRUIT,,200.0,ML,25.0
100,2022-12-06 00:00:00,202212.0,115439898.0,1669456471499.0,99764473.0,134.0,HYGEN PACKS NEPAL PVT LTD-NEPAL,MANIA ENERGY DRINKS,HYGEN MANIA\ENERGY DRINKS\HYGEN\330ML\CAN,120.0,CAN,330ML,New SKU,1669456471499-hygen packs nepal pvt ltd-nepal-mania energy drinks#3.png,RECODING,5.0,8.0,99762608,145.64996337890625,118.0,HYGEN PACKS NEPAL PVT LTD-NEPAL,EVIL,EVIL,CAN 250 ML,CAN,250.000 ML,,,250.0,ML,120.0
100,2022-12-06 00:00:00,202212.0,115439898.0,1669456471499.0,99764473.0,134.0,HYGEN PACKS NEPAL PVT LTD-NEPAL,MANIA ENERGY DRINKS,HYGEN MANIA\ENERGY DRINKS\HYGEN\330ML\CAN,120.0,CAN,330ML,New SKU,1669456471499-hygen packs nepal pvt ltd-nepal-mania energy drinks#3.png,RECODING,5.0,9.0,99763124,146.4654998779297,118.0,HYGEN PACKS NEPAL PVT LTD-NEPAL,EVIL,EVIL,CAN 330 ML,CAN,330.000 ML,,,330.0,ML,120.0
100,2022-12-06 00:00:00,202212.0,115439898.0,1669456471499.0,99764473.0,134.0,HYGEN PACKS NEPAL PVT LTD-NEPAL,MANIA ENERGY DRINKS,HYGEN MANIA\ENERGY DRINKS\HYGEN\330ML\CAN,120.0,CAN,330ML,New SKU,1669456471499-hygen packs nepal pvt ltd-nepal-mania energy drinks#3.png,RECODING,5.0,10.0,99763057,146.681640625,118.0,HYGEN PACKS NEPAL PVT LTD-NEPAL,MANIA,MANIA APPE,APPLE TPK 200 ML,TPK,200.000 ML,APPLE,,200.0,ML,25.0
101,2022-12-06 00:00:00,202212.0,115439898.0,1669456999400.0,99764475.0,134.0,HYGEN PACKS NEPAL PVT LTD-NEPAL,ZEERA MASALA,MANIA ZEERA MASALA\SOFT DRINKS\HYGEN\250ML\PBT,40.0,PBT,250ML,New SKU,1669456999400-hygen packs nepal pvt ltd-nepal-zeera masala#3.png,RECODING,5.0,1.0,99765238,147.98104858398438,118.0,HYGEN PACKS NEPAL PVT LTD-NEPAL,HYGEN,HYGEN MANIA,GUAVA TPK 200 ML,TPK,200.000 ML,GUAVA,,200.0,ML,25.0
101,2022-12-06 00:00:00,202212.0,115439898.0,1669456999400.0,99764475.0,134.0,HYGEN PACKS NEPAL PVT LTD-NEPAL,ZEERA MASALA,MANIA ZEERA MASALA\SOFT DRINKS\HYGEN\250ML\PBT,40.0,PBT,250ML,New SKU,1669456999400-hygen packs nepal pvt ltd-nepal-zeera masala#3.png,RECODING,5.0,2.0,99764475,151.105224609375,118.0,HYGEN PACKS NEPAL PVT LTD-NEPAL,MANIA,MANIA ZEERA MASALA,APPLE PET 250 ML,PET,250.000 ML,APPLE,,250.0,ML,40.0
101,2022-12-06 00:00:00,202212.0,115439898.0,1669456999400.0,99764475.0,134.0,HYGEN PACKS NEPAL PVT LTD-NEPAL,ZEERA MASALA,MANIA ZEERA MASALA\SOFT DRINKS\HYGEN\250ML\PBT,40.0,PBT,250ML,New SKU,1669456999400-hygen packs nepal pvt ltd-nepal-zeera masala#3.png,RECODING,5.0,3.0,99763224,152.04672241210938,118.0,HYGEN PACKS NEPAL PVT LTD-NEPAL,HYGEN,HYGEN MANIA,MANGO TPK 200 ML,TPK,200.000 ML,MANGO,,200.0,ML,25.0
101,2022-12-06 00:00:00,202212.0,115439898.0,1669456999400.0,99764475.0,134.0,HYGEN PACKS NEPAL PVT LTD-NEPAL,ZEERA MASALA,MANIA ZEERA MASALA\SOFT DRINKS\HYGEN\250ML\PBT,40.0,PBT,250ML,New SKU,1669456999400-hygen packs nepal pvt ltd-nepal-zeera masala#3.png,RECODING,5.0,4.0,99764247,152.88809204101562,118.0,HYGEN PACKS NEPAL PVT LTD-NEPAL,HYGEN,HYGEN RUHSH,MANGO TPK 200 ML,TPK,200.000 ML,MANGO,,200.0,ML,25.0
101,2022-12-06 00:00:00,202212.0,115439898.0,1669456999400.0,99764475.0,134.0,HYGEN PACKS NEPAL PVT LTD-NEPAL,ZEERA MASALA,MANIA ZEERA MASALA\SOFT DRINKS\HYGEN\250ML\PBT,40.0,PBT,250ML,New SKU,1669456999400-hygen packs nepal pvt ltd-nepal-zeera masala#3.png,RECODING,5.0,5.0,54260,154.68861389160156,122.0,DIYA SODA SABUN UDHYOG-NEPAL,MAMTA GHAR AANGAN,MAMTA GHAR AANGAN,MAMTA GHAR AANGAN-PPH 2000 GM,PLPCH,2000.000 GM,,,2000.0,GM,0.0
101,2022-12-06 00:00:00,202212.0,115439898.0,1669456999400.0,99764475.0,134.0,HYGEN PACKS NEPAL PVT LTD-NEPAL,ZEERA MASALA,MANIA ZEERA MASALA\SOFT DRINKS\HYGEN\250ML\PBT,40.0,PBT,250ML,New SKU,1669456999400-hygen packs nepal pvt ltd-nepal-zeera masala#3.png,RECODING,5.0,6.0,99763844,161.10018920898438,118.0,HYGEN PACKS NEPAL PVT LTD-NEPAL,MANIA,MANIA MAGIC,MANGO TPK 180 ML+20 ML FREE,TPK,180.000 ML,MANGO,,200.0,ML,25.0
101,2022-12-06 00:00:00,202212.0,115439898.0,1669456999400.0,99764475.0,134.0,HYGEN PACKS NEPAL PVT LTD-NEPAL,ZEERA MASALA,MANIA ZEERA MASALA\SOFT DRINKS\HYGEN\250ML\PBT,40.0,PBT,250ML,New SKU,1669456999400-hygen packs nepal pvt ltd-nepal-zeera masala#3.png,RECODING,5.0,7.0,99762355,167.06275939941406,118.0,HYGEN PACKS NEPAL PVT LTD-NEPAL,HYGEN,HYGEN MANIA,CAN 250 ML,CAN,250.000 ML,,,250.0,ML,120.0
101,2022-12-06 00:00:00,202212.0,115439898.0,1669456999400.0,99764475.0,134.0,HYGEN PACKS NEPAL PVT LTD-NEPAL,ZEERA MASALA,MANIA ZEERA MASALA\SOFT DRINKS\HYGEN\250ML\PBT,40.0,PBT,250ML,New SKU,1669456999400-hygen packs nepal pvt ltd-nepal-zeera masala#3.png,RECODING,5.0,8.0,99764476,167.82711791992188,118.0,HYGEN PACKS NEPAL PVT LTD-NEPAL,HYGEN,HYGEN MANIA,MANGO PET 250 ML,PET,250.000 ML,MANGO,,250.0,ML,50.0
101,2022-12-06 00:00:00,202212.0,115439898.0,1669456999400.0,99764475.0,134.0,HYGEN PACKS NEPAL PVT LTD-NEPAL,ZEERA MASALA,MANIA ZEERA MASALA\SOFT DRINKS\HYGEN\250ML\PBT,40.0,PBT,250ML,New SKU,1669456999400-hygen packs nepal pvt ltd-nepal-zeera masala#3.png,RECODING,5.0,9.0,99764995,167.90853881835938,118.0,HYGEN PACKS NEPAL PVT LTD-NEPAL,HYGEN,HYGEN MANIA,MANGO PET 1000 ML,PET,1000.000 ML,MANGO,,1000.0,ML,170.0
101,2022-12-06 00:00:00,202212.0,115439898.0,1669456999400.0,99764475.0,134.0,HYGEN PACKS NEPAL PVT LTD-NEPAL,ZEERA MASALA,MANIA ZEERA MASALA\SOFT DRINKS\HYGEN\250ML\PBT,40.0,PBT,250ML,New SKU,1669456999400-hygen packs nepal pvt ltd-nepal-zeera masala#3.png,RECODING,5.0,10.0,99763057,170.16249084472656,118.0,HYGEN PACKS NEPAL PVT LTD-NEPAL,MANIA,MANIA APPE,APPLE TPK 200 ML,TPK,200.000 ML,APPLE,,200.0,ML,25.0
102,2022-12-06 00:00:00,202212.0,115439898.0,1669456185758.0,99764476.0,134.0,HYGEN PACKS NEPAL PVT LTD-NEPAL,MANIA MANGO,MANIA\SOFT DRINKS\HYGEN\250ML\PBT,50.0,PBT,250ML,New SKU,1669456185758-hygen packs nepal pvt ltd-nepal-mania mango#3.png,RECODING,5.0,1.0,99763224,111.21780395507812,118.0,HYGEN PACKS NEPAL PVT LTD-NEPAL,HYGEN,HYGEN MANIA,MANGO TPK 200 ML,TPK,200.000 ML,MANGO,,200.0,ML,25.0
102,2022-12-06 00:00:00,202212.0,115439898.0,1669456185758.0,99764476.0,134.0,HYGEN PACKS NEPAL PVT LTD-NEPAL,MANIA MANGO,MANIA\SOFT DRINKS\HYGEN\250ML\PBT,50.0,PBT,250ML,New SKU,1669456185758-hygen packs nepal pvt ltd-nepal-mania mango#3.png,RECODING,5.0,2.0,99763844,114.84058380126953,118.0,HYGEN PACKS NEPAL PVT LTD-NEPAL,MANIA,MANIA MAGIC,MANGO TPK 180 ML+20 ML FREE,TPK,180.000 ML,MANGO,,200.0,ML,25.0
102,2022-12-06 00:00:00,202212.0,115439898.0,1669456185758.0,99764476.0,134.0,HYGEN PACKS NEPAL PVT LTD-NEPAL,MANIA MANGO,MANIA\SOFT DRINKS\HYGEN\250ML\PBT,50.0,PBT,250ML,New SKU,1669456185758-hygen packs nepal pvt ltd-nepal-mania mango#3.png,RECODING,5.0,3.0,99764247,123.57222747802734,118.0,HYGEN PACKS NEPAL PVT LTD-NEPAL,HYGEN,HYGEN RUHSH,MANGO TPK 200 ML,TPK,200.000 ML,MANGO,,200.0,ML,25.0
102,2022-12-06 00:00:00,202212.0,115439898.0,1669456185758.0,99764476.0,134.0,HYGEN PACKS NEPAL PVT LTD-NEPAL,MANIA MANGO,MANIA\SOFT DRINKS\HYGEN\250ML\PBT,50.0,PBT,250ML,New SKU,1669456185758-hygen packs nepal pvt ltd-nepal-mania mango#3.png,RECODING,5.0,4.0,99764476,124.00791931152344,118.0,HYGEN PACKS NEPAL PVT LTD-NEPAL,HYGEN,HYGEN MANIA,MANGO PET 250 ML,PET,250.000 ML,MANGO,,250.0,ML,50.0
102,2022-12-06 00:00:00,202212.0,115439898.0,1669456185758.0,99764476.0,134.0,HYGEN PACKS NEPAL PVT LTD-NEPAL,MANIA MANGO,MANIA\SOFT DRINKS\HYGEN\250ML\PBT,50.0,PBT,250ML,New SKU,1669456185758-hygen packs nepal pvt ltd-nepal-mania mango#3.png,RECODING,5.0,5.0,99764995,124.4300308227539,118.0,HYGEN PACKS NEPAL PVT LTD-NEPAL,HYGEN,HYGEN MANIA,MANGO PET 1000 ML,PET,1000.000 ML,MANGO,,1000.0,ML,170.0
102,2022-12-06 00:00:00,202212.0,115439898.0,1669456185758.0,99764476.0,134.0,HYGEN PACKS NEPAL PVT LTD-NEPAL,MANIA MANGO,MANIA\SOFT DRINKS\HYGEN\250ML\PBT,50.0,PBT,250ML,New SKU,1669456185758-hygen packs nepal pvt ltd-nepal-mania mango#3.png,RECODING,5.0,6.0,99764833,127.72542572021484,118.0,HYGEN PACKS NEPAL PVT LTD-NEPAL,HYGEN,HYGEN MANIA,MANGO PET 500 ML,PET,500.000 ML,MANGO,,500.0,ML,80.0
102,2022-12-06 00:00:00,202212.0,115439898.0,1669456185758.0,99764476.0,134.0,HYGEN PACKS NEPAL PVT LTD-NEPAL,MANIA MANGO,MANIA\SOFT DRINKS\HYGEN\250ML\PBT,50.0,PBT,250ML,New SKU,1669456185758-hygen packs nepal pvt ltd-nepal-mania mango#3.png,RECODING,5.0,7.0,99765238,132.99603271484375,118.0,HYGEN PACKS NEPAL PVT LTD-NEPAL,HYGEN,HYGEN MANIA,GUAVA TPK 200 ML,TPK,200.000 ML,GUAVA,,200.0,ML,25.0
102,2022-12-06 00:00:00,202212.0,115439898.0,1669456185758.0,99764476.0,134.0,HYGEN PACKS NEPAL PVT LTD-NEPAL,MANIA MANGO,MANIA\SOFT DRINKS\HYGEN\250ML\PBT,50.0,PBT,250ML,New SKU,1669456185758-hygen packs nepal pvt ltd-nepal-mania mango#3.png,RECODING,5.0,8.0,99765164,135.98117065429688,118.0,HYGEN PACKS NEPAL PVT LTD-NEPAL,MANIA,MANIA MIX FRUIT,MIX FRUIT TPK 200 ML,TPK,200.000 ML,MIXED FRUIT,,200.0,ML,25.0
102,2022-12-06 00:00:00,202212.0,115439898.0,1669456185758.0,99764476.0,134.0,HYGEN PACKS NEPAL PVT LTD-NEPAL,MANIA MANGO,MANIA\SOFT DRINKS\HYGEN\250ML\PBT,50.0,PBT,250ML,New SKU,1669456185758-hygen packs nepal pvt ltd-nepal-mania mango#3.png,RECODING,5.0,9.0,99764475,139.51885986328125,118.0,HYGEN PACKS NEPAL PVT LTD-NEPAL,MANIA,MANIA ZEERA MASALA,APPLE PET 250 ML,PET,250.000 ML,APPLE,,250.0,ML,40.0
102,2022-12-06 00:00:00,202212.0,115439898.0,1669456185758.0,99764476.0,134.0,HYGEN PACKS NEPAL PVT LTD-NEPAL,MANIA MANGO,MANIA\SOFT DRINKS\HYGEN\250ML\PBT,50.0,PBT,250ML,New SKU,1669456185758-hygen packs nepal pvt ltd-nepal-mania mango#3.png,RECODING,5.0,10.0,99763057,140.41827392578125,118.0,HYGEN PACKS NEPAL PVT LTD-NEPAL,MANIA,MANIA APPE,APPLE TPK 200 ML,TPK,200.000 ML,APPLE,,200.0,ML,25.0
103,2022-12-06 00:00:00,202212.0,132792028.0,1669966267745.0,99764471.0,123.0,HIMGIRI HYGIENE PVT LTD-NEPAL,DHONI XTRAA PLUS,DHONI XTRAA PLUS LAUNDRY SOAP/200GM/PPH/HIMGIRI HYGIENE PVT LTD-NEPAL,60.0,PPH,200GM,,1669966267745-himgiri hygiene pvt ltd-nepal-dhoni xtraa plus#3.png,RECODING,5.0,1.0,99764471,93.45040893554688,123.0,HIMGIRI HYGIENE PVT LTD-NEPAL,DHONI XTRAA,DHONI XTRAA PLUS,DHONI XTRAA PLUS-LAUNDRY SOAP PPH 200 GM,PLPCH,200.000 GM,,,200.0,GM,60.0
103,2022-12-06 00:00:00,202212.0,132792028.0,1669966267745.0,99764471.0,123.0,HIMGIRI HYGIENE PVT LTD-NEPAL,DHONI XTRAA PLUS,DHONI XTRAA PLUS LAUNDRY SOAP/200GM/PPH/HIMGIRI HYGIENE PVT LTD-NEPAL,60.0,PPH,200GM,,1669966267745-himgiri hygiene pvt ltd-nepal-dhoni xtraa plus#3.png,RECODING,5.0,2.0,99764432,95.21641540527344,123.0,HIMGIRI HYGIENE PVT LTD-NEPAL,DHONI XTRAA,DHONI XTRAA,DHONI XTRAA-LAUNDRY SOAP PPH 100 GM,PLPCH,100.000 GM,,,100.0,GM,20.0
103,2022-12-06 00:00:00,202212.0,132792028.0,1669966267745.0,99764471.0,123.0,HIMGIRI HYGIENE PVT LTD-NEPAL,DHONI XTRAA PLUS,DHONI XTRAA PLUS LAUNDRY SOAP/200GM/PPH/HIMGIRI HYGIENE PVT LTD-NEPAL,60.0,PPH,200GM,,1669966267745-himgiri hygiene pvt ltd-nepal-dhoni xtraa plus#3.png,RECODING,5.0,3.0,99763787,95.53755187988281,123.0,HIMGIRI HYGIENE PVT LTD-NEPAL,DHONI,DHONI,DHONI-XTRAA LAUNDRY SOAP PPH 150 GM,PLPCH,150.000 GM,,,150.0,GM,40.0
103,2022-12-06 00:00:00,202212.0,132792028.0,1669966267745.0,99764471.0,123.0,HIMGIRI HYGIENE PVT LTD-NEPAL,DHONI XTRAA PLUS,DHONI XTRAA PLUS LAUNDRY SOAP/200GM/PPH/HIMGIRI HYGIENE PVT LTD-NEPAL,60.0,PPH,200GM,,1669966267745-himgiri hygiene pvt ltd-nepal-dhoni xtraa plus#3.png,RECODING,5.0,4.0,99764515,95.8270263671875,123.0,HIMGIRI HYGIENE PVT LTD-NEPAL,DHONI XTRAA,DHONI XTRAA,DHONI XTRAA-LAUNDRY SOAP PPH 100 GM+50 GM,PLPCH,100.000 GM,,,150.0,GM,40.0
103,2022-12-06 00:00:00,202212.0,132792028.0,1669966267745.0,99764471.0,123.0,HIMGIRI HYGIENE PVT LTD-NEPAL,DHONI XTRAA PLUS,DHONI XTRAA PLUS LAUNDRY SOAP/200GM/PPH/HIMGIRI HYGIENE PVT LTD-NEPAL,60.0,PPH,200GM,,1669966267745-himgiri hygiene pvt ltd-nepal-dhoni xtraa plus#3.png,RECODING,5.0,5.0,99764415,97.53382873535156,123.0,HIMGIRI HYGIENE PVT LTD-NEPAL,DHONI XTRAA,DHONI XTRAA,DHONI XTRAA-LAUNDRY SOAP PPH 150 GM,PLPCH,150.000 GM,,,150.0,GM,40.0
103,2022-12-06 00:00:00,202212.0,132792028.0,1669966267745.0,99764471.0,123.0,HIMGIRI HYGIENE PVT LTD-NEPAL,DHONI XTRAA PLUS,DHONI XTRAA PLUS LAUNDRY SOAP/200GM/PPH/HIMGIRI HYGIENE PVT LTD-NEPAL,60.0,PPH,200GM,,1669966267745-himgiri hygiene pvt ltd-nepal-dhoni xtraa plus#3.png,RECODING,5.0,6.0,99763357,98.12738037109375,123.0,HIMGIRI HYGIENE PVT LTD-NEPAL,DHONI,DHONI,DHONI-XTRAA LAUNDRY SOAP PPH 6*167 GM [1000 GM],PLPCH,167.000 GM,,,1000.0,GM,220.0
103,2022-12-06 00:00:00,202212.0,132792028.0,1669966267745.0,99764471.0,123.0,HIMGIRI HYGIENE PVT LTD-NEPAL,DHONI XTRAA PLUS,DHONI XTRAA PLUS LAUNDRY SOAP/200GM/PPH/HIMGIRI HYGIENE PVT LTD-NEPAL,60.0,PPH,200GM,,1669966267745-himgiri hygiene pvt ltd-nepal-dhoni xtraa plus#3.png,RECODING,5.0,7.0,99764861,98.59709930419922,123.0,HIMGIRI HYGIENE PVT LTD-NEPAL,DHONI XTRAA,DHONI XTRAA,DHONI XTRAA-LAUNDRY SOAP PPH 6*167 GM [1000 GM],PLPCH,167.000 GM,,,1000.0,GM,220.0
103,2022-12-06 00:00:00,202212.0,132792028.0,1669966267745.0,99764471.0,123.0,HIMGIRI HYGIENE PVT LTD-NEPAL,DHONI XTRAA PLUS,DHONI XTRAA PLUS LAUNDRY SOAP/200GM/PPH/HIMGIRI HYGIENE PVT LTD-NEPAL,60.0,PPH,200GM,,1669966267745-himgiri hygiene pvt ltd-nepal-dhoni xtraa plus#3.png,RECODING,5.0,8.0,99764094,100.9736557006836,123.0,HIMGIRI HYGIENE PVT LTD-NEPAL,DHONI,DHONI,DHONI-LAUNDRY SOAP PPH 200 GM,PLPCH,200.000 GM,,,200.0,GM,50.0
103,2022-12-06 00:00:00,202212.0,132792028.0,1669966267745.0,99764471.0,123.0,HIMGIRI HYGIENE PVT LTD-NEPAL,DHONI XTRAA PLUS,DHONI XTRAA PLUS LAUNDRY SOAP/200GM/PPH/HIMGIRI HYGIENE PVT LTD-NEPAL,60.0,PPH,200GM,,1669966267745-himgiri hygiene pvt ltd-nepal-dhoni xtraa plus#3.png,RECODING,5.0,9.0,99764763,101.13459777832031,123.0,HIMGIRI HYGIENE PVT LTD-NEPAL,DHONI XTRAA,DHONI XTRAA,DHONI XTRAA-LAUNDRY SOAP PPH 4*250 GM [1000 GM],PLPCH,250.000 GM,,,1000.0,GM,220.0
103,2022-12-06 00:00:00,202212.0,132792028.0,1669966267745.0,99764471.0,123.0,HIMGIRI HYGIENE PVT LTD-NEPAL,DHONI XTRAA PLUS,DHONI XTRAA PLUS LAUNDRY SOAP/200GM/PPH/HIMGIRI HYGIENE PVT LTD-NEPAL,60.0,PPH,200GM,,1669966267745-himgiri hygiene pvt ltd-nepal-dhoni xtraa plus#3.png,RECODING,5.0,10.0,99763297,101.54367065429688,123.0,HIMGIRI HYGIENE PVT LTD-NEPAL,DHONI,DHONI,DHONI-LAUNDRY SOAP PPH 100 GM,PLPCH,100.000 GM,,,100.0,GM,20.0
104,2022-12-06 00:00:00,202212.0,117667009.0,1670226009516.0,99764466.0,120.0,DEWCARE CONCEPT-INDIA,SCALICE,SCALICE/PERMETHRIN SOAP/75GM/CBP,160.0,CBP,75GM ,,1670226009516-dewcare concept-india-scalice#3.png,RECODING,5.0,1.0,99764466,105.94263458251953,120.0,DEWCARE CONCEPT-INDIA,SCALICE,SCALICE,SCALICE-PERMETHRIN SOAP CBP 75 GM,CDBOX,75.000 GM,,,75.0,GM,160.0
104,2022-12-06 00:00:00,202212.0,117667009.0,1670226009516.0,99764466.0,120.0,DEWCARE CONCEPT-INDIA,SCALICE,SCALICE/PERMETHRIN SOAP/75GM/CBP,160.0,CBP,75GM ,,1670226009516-dewcare concept-india-scalice#3.png,RECODING,5.0,2.0,47491,177.58084106445312,120.0,DEWCARE CONCEPT-INDIA,VELKIN-P,VELKIN-P,VELKIN-P-P-ANTIBCTRL SCBDL CBP 75 GM,CDBOX,75.000 GM,,,75.0,GM,0.0
104,2022-12-06 00:00:00,202212.0,117667009.0,1670226009516.0,99764466.0,120.0,DEWCARE CONCEPT-INDIA,SCALICE,SCALICE/PERMETHRIN SOAP/75GM/CBP,160.0,CBP,75GM ,,1670226009516-dewcare concept-india-scalice#3.png,RECODING,5.0,3.0,92518009,185.58242797851562,120.0,DERMA CARE INDIA PVT.LTD-INDIA,SCABENIL,SCABENIL MEDICATED SOAP,SCABENIL MEDICATED SOAP-CBP 75 GMS,CDBOX,75.000 GM,,,75.0,GM,0.0
104,2022-12-06 00:00:00,202212.0,117667009.0,1670226009516.0,99764466.0,120.0,DEWCARE CONCEPT-INDIA,SCALICE,SCALICE/PERMETHRIN SOAP/75GM/CBP,160.0,CBP,75GM ,,1670226009516-dewcare concept-india-scalice#3.png,RECODING,5.0,4.0,99764015,188.21218872070312,120.0,BRILLIANCE DERMO CARE-INDIA,PERMI CLEAR,PERMI CLEAR,PERMI CLEAR-PERMETHRIN SOAP CBP 75 GM,CDBOX,75.000 GM,,,75.0,GM,200.0
104,2022-12-06 00:00:00,202212.0,117667009.0,1670226009516.0,99764466.0,120.0,DEWCARE CONCEPT-INDIA,SCALICE,SCALICE/PERMETHRIN SOAP/75GM/CBP,160.0,CBP,75GM ,,1670226009516-dewcare concept-india-scalice#3.png,RECODING,5.0,5.0,51108,193.4747314453125,120.0,DEWCARE CONCEPT-INDIA,KOIZ,KOIZ,KOIZ-KETOCONAZOLE CBP 75 GM,CDBOX,75.000 GM,,,75.0,GM,0.0
104,2022-12-06 00:00:00,202212.0,117667009.0,1670226009516.0,99764466.0,120.0,DEWCARE CONCEPT-INDIA,SCALICE,SCALICE/PERMETHRIN SOAP/75GM/CBP,160.0,CBP,75GM ,,1670226009516-dewcare concept-india-scalice#3.png,RECODING,5.0,6.0,92518010,194.8575439453125,120.0,DERMA CARE INDIA PVT.LTD-INDIA,SKINDEW,SKINDEW MOISTURISING SOAP,SKINDEW MOISTURISING SOAP-CBP 75 GMS,CDBOX,75.000 GM,,,75.0,GM,0.0
104,2022-12-06 00:00:00,202212.0,117667009.0,1670226009516.0,99764466.0,120.0,DEWCARE CONCEPT-INDIA,SCALICE,SCALICE/PERMETHRIN SOAP/75GM/CBP,160.0,CBP,75GM ,,1670226009516-dewcare concept-india-scalice#3.png,RECODING,5.0,7.0,92518861,195.6900634765625,120.0,JAI KALI JADIBUTI UDHYOG-NEPAL,OKHATI,OKHATI MEDICATED FACE SOAP,OKHATI MEDICATED FACE SOAP- CBP 50 GMS,CDBOX,50.000 GM,,,50.0,GM,0.0
104,2022-12-06 00:00:00,202212.0,117667009.0,1670226009516.0,99764466.0,120.0,DEWCARE CONCEPT-INDIA,SCALICE,SCALICE/PERMETHRIN SOAP/75GM/CBP,160.0,CBP,75GM ,,1670226009516-dewcare concept-india-scalice#3.png,RECODING,5.0,8.0,92520986,196.39805603027344,120.0,JAI KALI JADIBUTI UDHYOG-NEPAL,OKHATI,OKHATI AYURVEDIC FACE SOAP,OKHATI AYURVEDIC FACE SOAP- CBP 50 GMS,CDBOX,50.000 GM,,,50.0,GM,0.0
104,2022-12-06 00:00:00,202212.0,117667009.0,1670226009516.0,99764466.0,120.0,DEWCARE CONCEPT-INDIA,SCALICE,SCALICE/PERMETHRIN SOAP/75GM/CBP,160.0,CBP,75GM ,,1670226009516-dewcare concept-india-scalice#3.png,RECODING,5.0,9.0,47961,201.4813690185547,120.0,HALE DEW REMIDIES-INDIA,ACNOVEL,ACNOVEL,ACNOVEL-CLEANS ACNE CBP 75 GM,CDBOX,75.000 GM,,,75.0,GM,0.0
104,2022-12-06 00:00:00,202212.0,117667009.0,1670226009516.0,99764466.0,120.0,DEWCARE CONCEPT-INDIA,SCALICE,SCALICE/PERMETHRIN SOAP/75GM/CBP,160.0,CBP,75GM ,,1670226009516-dewcare concept-india-scalice#3.png,RECODING,5.0,10.0,92525716,201.69761657714844,120.0,JAI KALI JADIBUTI UDHYOG-NEPAL,OKHATI,OKHATI AYURVEDIC BEAUTY SOAP,OKHATI AYURVEDIC BEAUTY SOAP- CBP 100 GMS,CDBOX,100.000 GM,,,100.0,GM,0.0
105,2022-12-06 00:00:00,202212.0,128840459.0,1670128896799.0,99764468.0,122.0,HIMGIRI HYGIENE PVT LTD-NEPAL,DHONI ULTRA,DHONI ULTRA CONCENTRATED/700GM/PPH,110.0,PPH,700GM ,,1670128896799-himgiri hygiene pvt ltd-nepal-dhoni ultra#3.png,RECODING,5.0,1.0,99763160,94.61744689941406,122.0,HIMGIRI HYGIENE PVT LTD-NEPAL,DHONI,DHONI ULTRA,DHONI ULTRA-PPH 500 GM,PLPCH,500.000 GM,,,500.0,GM,75.0
105,2022-12-06 00:00:00,202212.0,128840459.0,1670128896799.0,99764468.0,122.0,HIMGIRI HYGIENE PVT LTD-NEPAL,DHONI ULTRA,DHONI ULTRA CONCENTRATED/700GM/PPH,110.0,PPH,700GM ,,1670128896799-himgiri hygiene pvt ltd-nepal-dhoni ultra#3.png,RECODING,5.0,2.0,99764468,102.17678833007812,122.0,HIMGIRI HYGIENE PVT LTD-NEPAL,DHONI,DHONI,DHONI-ULTRA CONCENTRATED DET.POWDER PPH 700 GM,PLPCH,700.000 GM,,,700.0,GM,110.0
105,2022-12-06 00:00:00,202212.0,128840459.0,1670128896799.0,99764468.0,122.0,HIMGIRI HYGIENE PVT LTD-NEPAL,DHONI ULTRA,DHONI ULTRA CONCENTRATED/700GM/PPH,110.0,PPH,700GM ,,1670128896799-himgiri hygiene pvt ltd-nepal-dhoni ultra#3.png,RECODING,5.0,3.0,99764732,112.30686950683594,123.0,HIMGIRI HYGIENE PVT LTD-NEPAL,DHONI,DHONI,DHONI-LEMON PPH 75 GM,PLPCH,75.000 GM,,,75.0,GM,10.0
105,2022-12-06 00:00:00,202212.0,128840459.0,1670128896799.0,99764468.0,122.0,HIMGIRI HYGIENE PVT LTD-NEPAL,DHONI ULTRA,DHONI ULTRA CONCENTRATED/700GM/PPH,110.0,PPH,700GM ,,1670128896799-himgiri hygiene pvt ltd-nepal-dhoni ultra#3.png,RECODING,5.0,4.0,99764438,113.39950561523438,123.0,HIMGIRI HYGIENE PVT LTD-NEPAL,DHONI,DHONI,DHONI-LEMON PPH 100 GM,PLPCH,100.000 GM,,,100.0,GM,10.0
105,2022-12-06 00:00:00,202212.0,128840459.0,1670128896799.0,99764468.0,122.0,HIMGIRI HYGIENE PVT LTD-NEPAL,DHONI ULTRA,DHONI ULTRA CONCENTRATED/700GM/PPH,110.0,PPH,700GM ,,1670128896799-himgiri hygiene pvt ltd-nepal-dhoni ultra#3.png,RECODING,5.0,5.0,99763453,119.56910705566406,123.0,HIMGIRI HYGIENE PVT LTD-NEPAL,DHONI,DHONI HERBAL,DHONI HERBAL-ASHES & LIME PPH 200 GM,PLPCH,200.000 GM,,,200.0,GM,20.0
105,2022-12-06 00:00:00,202212.0,128840459.0,1670128896799.0,99764468.0,122.0,HIMGIRI HYGIENE PVT LTD-NEPAL,DHONI ULTRA,DHONI ULTRA CONCENTRATED/700GM/PPH,110.0,PPH,700GM ,,1670128896799-himgiri hygiene pvt ltd-nepal-dhoni ultra#3.png,RECODING,5.0,6.0,99764733,120.81539916992188,123.0,HIMGIRI HYGIENE PVT LTD-NEPAL,DHONI,DHONI,DHONI-LAUNDRY SOAP PPH 3*134 GM [400GM],PLPCH,134.000 GM,,,400.0,GM,110.0
105,2022-12-06 00:00:00,202212.0,128840459.0,1670128896799.0,99764468.0,122.0,HIMGIRI HYGIENE PVT LTD-NEPAL,DHONI ULTRA,DHONI ULTRA CONCENTRATED/700GM/PPH,110.0,PPH,700GM ,,1670128896799-himgiri hygiene pvt ltd-nepal-dhoni ultra#3.png,RECODING,5.0,7.0,99763575,121.34672546386719,123.0,HIMGIRI HYGIENE PVT LTD-NEPAL,DHONI,DHONI,DHONI-LAUNDRY SOAP PPH 3*150 GM [450GM],PLPCH,150.000 GM,,,450.0,GM,105.0
105,2022-12-06 00:00:00,202212.0,128840459.0,1670128896799.0,99764468.0,122.0,HIMGIRI HYGIENE PVT LTD-NEPAL,DHONI ULTRA,DHONI ULTRA CONCENTRATED/700GM/PPH,110.0,PPH,700GM ,,1670128896799-himgiri hygiene pvt ltd-nepal-dhoni ultra#3.png,RECODING,5.0,8.0,99764095,121.51092529296875,123.0,HIMGIRI HYGIENE PVT LTD-NEPAL,DHONI,DHONI HERBAL,DHONI HERBAL-ASHES & LIME PPH 75 GM,PLPCH,75.000 GM,,,75.0,GM,10.0
105,2022-12-06 00:00:00,202212.0,128840459.0,1670128896799.0,99764468.0,122.0,HIMGIRI HYGIENE PVT LTD-NEPAL,DHONI ULTRA,DHONI ULTRA CONCENTRATED/700GM/PPH,110.0,PPH,700GM ,,1670128896799-himgiri hygiene pvt ltd-nepal-dhoni ultra#3.png,RECODING,5.0,9.0,99764336,121.96417236328125,123.0,HIMGIRI HYGIENE PVT LTD-NEPAL,DHONI,DHONI,DHONI-LAUNDRY SOAP PPH 4*225 GM [900GM],PLPCH,225.000 GM,,,900.0,GM,230.0
105,2022-12-06 00:00:00,202212.0,128840459.0,1670128896799.0,99764468.0,122.0,HIMGIRI HYGIENE PVT LTD-NEPAL,DHONI ULTRA,DHONI ULTRA CONCENTRATED/700GM/PPH,110.0,PPH,700GM ,,1670128896799-himgiri hygiene pvt ltd-nepal-dhoni ultra#3.png,RECODING,5.0,10.0,99763192,122.04981231689453,123.0,HIMGIRI HYGIENE PVT LTD-NEPAL,DHONI,DHONI,DHONI-LAUNDRY SOAP PPH 4*250 GM [1000GM],PLPCH,250.000 GM,,,1000.0,GM,200.0
106,2022-12-06 00:00:00,202212.0,128840459.0,1670129682364.0,99764469.0,122.0,MAHASHAKTI SOAP & CHEM.- NEPAL,PUJA PREMIUM ,PUJA PREMIUM/1000GM/PPH,100.0,PPH,1000GM ,,1670129682364-mahashakti soap - chem-- nepal-puja premium #3.png,RECODING,5.0,1.0,50865,66.4329605102539,122.0,MAHASHAKTI SOAP & CHEM.- NEPAL,PUJA,PUJA,PUJA-PPH 1000 GM,PLPCH,1000.000 GM,,,1000.0,GM,0.0
106,2022-12-06 00:00:00,202212.0,128840459.0,1670129682364.0,99764469.0,122.0,MAHASHAKTI SOAP & CHEM.- NEPAL,PUJA PREMIUM ,PUJA PREMIUM/1000GM/PPH,100.0,PPH,1000GM ,,1670129682364-mahashakti soap - chem-- nepal-puja premium #3.png,RECODING,5.0,2.0,93011511,66.89947509765625,122.0,MAHASHAKTI SOAP & CHEM.- NEPAL,PUJA,PUJA,PUJA-PPH 1000 GMS,PLPCH,1000.000 GM,,,1000.0,GM,0.0
106,2022-12-06 00:00:00,202212.0,128840459.0,1670129682364.0,99764469.0,122.0,MAHASHAKTI SOAP & CHEM.- NEPAL,PUJA PREMIUM ,PUJA PREMIUM/1000GM/PPH,100.0,PPH,1000GM ,,1670129682364-mahashakti soap - chem-- nepal-puja premium #3.png,RECODING,5.0,3.0,93013661,66.99028778076172,122.0,MAHASHAKTI SOAP & CHEM.- NEPAL,PUJA,PUJA,PUJA-PPH 500  GMS,PLPCH,500.000 GM,,,500.0,GM,0.0
106,2022-12-06 00:00:00,202212.0,128840459.0,1670129682364.0,99764469.0,122.0,MAHASHAKTI SOAP & CHEM.- NEPAL,PUJA PREMIUM ,PUJA PREMIUM/1000GM/PPH,100.0,PPH,1000GM ,,1670129682364-mahashakti soap - chem-- nepal-puja premium #3.png,RECODING,5.0,4.0,53513,67.8541259765625,122.0,MAHASHAKTI SOAP & CHEM.- NEPAL,PUJA,PUJA,PUJA-PPH 225 GM,PLPCH,225.000 GM,,,225.0,GM,0.0
106,2022-12-06 00:00:00,202212.0,128840459.0,1670129682364.0,99764469.0,122.0,MAHASHAKTI SOAP & CHEM.- NEPAL,PUJA PREMIUM ,PUJA PREMIUM/1000GM/PPH,100.0,PPH,1000GM ,,1670129682364-mahashakti soap - chem-- nepal-puja premium #3.png,RECODING,5.0,5.0,51474,67.87614440917969,122.0,MAHASHAKTI SOAP & CHEM.- NEPAL,PUJA,PUJA,PUJA-PPH 600 GMS,PLPCH,600.000 GM,,,600.0,GM,0.0
106,2022-12-06 00:00:00,202212.0,128840459.0,1670129682364.0,99764469.0,122.0,MAHASHAKTI SOAP & CHEM.- NEPAL,PUJA PREMIUM ,PUJA PREMIUM/1000GM/PPH,100.0,PPH,1000GM ,,1670129682364-mahashakti soap - chem-- nepal-puja premium #3.png,RECODING,5.0,6.0,48975,68.41215515136719,122.0,MAHASHAKTI SOAP & CHEM.- NEPAL,PUJA,PUJA,PUJA-PPH 650 GMS,PLPCH,650.000 GM,,,650.0,GM,0.0
106,2022-12-06 00:00:00,202212.0,128840459.0,1670129682364.0,99764469.0,122.0,MAHASHAKTI SOAP & CHEM.- NEPAL,PUJA PREMIUM ,PUJA PREMIUM/1000GM/PPH,100.0,PPH,1000GM ,,1670129682364-mahashakti soap - chem-- nepal-puja premium #3.png,RECODING,5.0,7.0,93017675,68.52081298828125,122.0,MAHASHAKTI SOAP & CHEM.- NEPAL,PUJA,PUJA,PUJA-PPH 400  GMS,PLPCH,400.000 GM,,,400.0,GM,0.0
106,2022-12-06 00:00:00,202212.0,128840459.0,1670129682364.0,99764469.0,122.0,MAHASHAKTI SOAP & CHEM.- NEPAL,PUJA PREMIUM ,PUJA PREMIUM/1000GM/PPH,100.0,PPH,1000GM ,,1670129682364-mahashakti soap - chem-- nepal-puja premium #3.png,RECODING,5.0,8.0,99764469,68.68206024169922,122.0,MAHASHAKTI SOAP & CHEM.- NEPAL,PUJA,PUJA PREMIUM,PUJA PREMIUM-EXTRA CLEAN PPH 1000 GM,PLPCH,1000.000 GM,,,1000.0,GM,100.0
106,2022-12-06 00:00:00,202212.0,128840459.0,1670129682364.0,99764469.0,122.0,MAHASHAKTI SOAP & CHEM.- NEPAL,PUJA PREMIUM ,PUJA PREMIUM/1000GM/PPH,100.0,PPH,1000GM ,,1670129682364-mahashakti soap - chem-- nepal-puja premium #3.png,RECODING,5.0,9.0,93021585,68.82154846191406,122.0,MAHASHAKTI SOAP & CHEM.- NEPAL,PUJA,PUJA,PUJA-PPH 300  GMS,PLPCH,300.000 GM,,,300.0,GM,0.0
106,2022-12-06 00:00:00,202212.0,128840459.0,1670129682364.0,99764469.0,122.0,MAHASHAKTI SOAP & CHEM.- NEPAL,PUJA PREMIUM ,PUJA PREMIUM/1000GM/PPH,100.0,PPH,1000GM ,,1670129682364-mahashakti soap - chem-- nepal-puja premium #3.png,RECODING,5.0,10.0,93017235,68.91365051269531,122.0,MAHASHAKTI SOAP & CHEM.- NEPAL,PUJA,PUJA,PUJA-PPH  20  GMS,PLPCH,20.000 GM,,,20.0,GM,0.0
107,2022-12-06 00:00:00,202212.0,128840459.0,1670130689688.0,99764457.0,106.0,SUJAL FOODS PVT LTD-NEPAL,SMART LOLLYPOP,SMART LOLLYPOP/PINEAPPLE/9GM/PPH,5.0,PPH,9GM,,1670130689688-sujal foods pvt ltd-nepal-smart lollypop#3.png,RECODING,5.0,1.0,99762971,97.90249633789062,106.0,SUJAL FOODS PVT LTD-NEPAL,SMART,SMART LOLLYPOP,SMART LOLLYPOP-PINEAPPLE PPH 10 GM,PLPCH,10.000 GM,PINEAPPLE,,10.0,GM,5.0
107,2022-12-06 00:00:00,202212.0,128840459.0,1670130689688.0,99764457.0,106.0,SUJAL FOODS PVT LTD-NEPAL,SMART LOLLYPOP,SMART LOLLYPOP/PINEAPPLE/9GM/PPH,5.0,PPH,9GM,,1670130689688-sujal foods pvt ltd-nepal-smart lollypop#3.png,RECODING,5.0,2.0,99764501,98.21348571777344,106.0,SUJAL FOODS PVT LTD-NEPAL,SMART,SMART LOLLYPOP,SMART LOLLYPOP- PINEAPPLE PCN 900 GM,PLJAR,900.000 GM,PINEAPPLE,,900.0,GM,330.0
107,2022-12-06 00:00:00,202212.0,128840459.0,1670130689688.0,99764457.0,106.0,SUJAL FOODS PVT LTD-NEPAL,SMART LOLLYPOP,SMART LOLLYPOP/PINEAPPLE/9GM/PPH,5.0,PPH,9GM,,1670130689688-sujal foods pvt ltd-nepal-smart lollypop#3.png,RECODING,5.0,3.0,99764457,103.73756408691406,106.0,SUJAL FOODS PVT LTD-NEPAL,SMART,SMART LOLLYPOP,SMART LOLLYPOP- PINEAPPLE EWP 9 GM,EWRPK,9.000 GM,PINEAPPLE,,9.0,GM,5.0
107,2022-12-06 00:00:00,202212.0,128840459.0,1670130689688.0,99764457.0,106.0,SUJAL FOODS PVT LTD-NEPAL,SMART LOLLYPOP,SMART LOLLYPOP/PINEAPPLE/9GM/PPH,5.0,PPH,9GM,,1670130689688-sujal foods pvt ltd-nepal-smart lollypop#3.png,RECODING,5.0,4.0,91826264,123.86370849609375,106.0,SUJAL FOODS PVT LTD-NEPAL,SMART,SMART LOLLYPOP,SMART LOLLYPOP- ORANGE PPH 6 GM,PLPCH,6.000 GM,ORANGE,,6.0,GM,0.0
107,2022-12-06 00:00:00,202212.0,128840459.0,1670130689688.0,99764457.0,106.0,SUJAL FOODS PVT LTD-NEPAL,SMART LOLLYPOP,SMART LOLLYPOP/PINEAPPLE/9GM/PPH,5.0,PPH,9GM,,1670130689688-sujal foods pvt ltd-nepal-smart lollypop#3.png,RECODING,5.0,5.0,99764739,128.06785583496094,106.0,SUJAL FOODS PVT LTD-NEPAL,SMART,SMART LOLLYPOP,SMART LOLLYPOP- PULPY ORANGE PCN 1000 GM,PLJAR,1000.000 GM,ORANGE,,1000.0,GM,500.0
107,2022-12-06 00:00:00,202212.0,128840459.0,1670130689688.0,99764457.0,106.0,SUJAL FOODS PVT LTD-NEPAL,SMART LOLLYPOP,SMART LOLLYPOP/PINEAPPLE/9GM/PPH,5.0,PPH,9GM,,1670130689688-sujal foods pvt ltd-nepal-smart lollypop#3.png,RECODING,5.0,6.0,50447,128.4566192626953,106.0,SUJAL FOODS PVT LTD-NEPAL,SMART,SMART LOLLYPOP,SMART LOLLYPOP-WATERMELON PPH 10 GM,PLPCH,10.000 GM,WATER MELON,,10.0,GM,0.0
107,2022-12-06 00:00:00,202212.0,128840459.0,1670130689688.0,99764457.0,106.0,SUJAL FOODS PVT LTD-NEPAL,SMART LOLLYPOP,SMART LOLLYPOP/PINEAPPLE/9GM/PPH,5.0,PPH,9GM,,1670130689688-sujal foods pvt ltd-nepal-smart lollypop#3.png,RECODING,5.0,7.0,99764536,128.96328735351562,106.0,SUJAL FOODS PVT LTD-NEPAL,SMART,SMART LOLLYPOP,SMART LOLLYPOP- COLA PCN 900 GM,PLJAR,900.000 GM,COLA,,900.0,GM,330.0
107,2022-12-06 00:00:00,202212.0,128840459.0,1670130689688.0,99764457.0,106.0,SUJAL FOODS PVT LTD-NEPAL,SMART LOLLYPOP,SMART LOLLYPOP/PINEAPPLE/9GM/PPH,5.0,PPH,9GM,,1670130689688-sujal foods pvt ltd-nepal-smart lollypop#3.png,RECODING,5.0,8.0,99764670,129.88983154296875,106.0,SUJAL FOODS PVT LTD-NEPAL,SMART,SMART LOLLYPOP,SMART LOLLYPOP- PULPY ORANGE PCN 900 GM,PLJAR,900.000 GM,ORANGE,,900.0,GM,300.0
107,2022-12-06 00:00:00,202212.0,128840459.0,1670130689688.0,99764457.0,106.0,SUJAL FOODS PVT LTD-NEPAL,SMART LOLLYPOP,SMART LOLLYPOP/PINEAPPLE/9GM/PPH,5.0,PPH,9GM,,1670130689688-sujal foods pvt ltd-nepal-smart lollypop#3.png,RECODING,5.0,9.0,91826266,131.88040161132812,106.0,SUJAL FOODS PVT LTD-NEPAL,SMART,SMART LOLLYPOP,SMART LOLLYPOP- COLA PPH 6 GM,PLPCH,6.000 GM,COLA,,6.0,GM,0.0
107,2022-12-06 00:00:00,202212.0,128840459.0,1670130689688.0,99764457.0,106.0,SUJAL FOODS PVT LTD-NEPAL,SMART LOLLYPOP,SMART LOLLYPOP/PINEAPPLE/9GM/PPH,5.0,PPH,9GM,,1670130689688-sujal foods pvt ltd-nepal-smart lollypop#3.png,RECODING,5.0,10.0,91827438,132.6553192138672,106.0,SUJAL FOODS PVT LTD-NEPAL,SMART,SMART LOLLYPOP,SMART LOLLYPOP- STRAWBERRY PPH 9 GM,PLPCH,9.000 GM,STRAWBERRY,,9.0,GM,0.0
108,2022-12-06 00:00:00,202212.0,128840459.0,1670128126334.0,99764467.0,120.0,GODREJ CONSUMER PRODUCTS-INDIA,GODREJ NO.1 ,GODREJ NO.1/LIME ALOE VERA/45GM/EWP,20.0,EWP,45GM,,1670128126334-godrej consumer products-india-godrej no-1 #3.png,RECODING,5.0,1.0,99763865,119.28961944580078,120.0,GODREJ CONSUMER PRODUCTS-INDIA,GODREJ,GODREJ NO.1 BEAUTY SOAP,GODREJ NO.1 BEAUTY SOAP-LIME ALOEVERA EWP 57 GM,EWRPK,57.000 GM,,,57.0,GM,20.0
108,2022-12-06 00:00:00,202212.0,128840459.0,1670128126334.0,99764467.0,120.0,GODREJ CONSUMER PRODUCTS-INDIA,GODREJ NO.1 ,GODREJ NO.1/LIME ALOE VERA/45GM/EWP,20.0,EWP,45GM,,1670128126334-godrej consumer products-india-godrej no-1 #3.png,RECODING,5.0,2.0,48259,119.75023651123047,120.0,GODREJ CONSUMER PRODUCTS-INDIA,GODREJ,GODREJ CINTHOL,GODREJ CINTHOL-LIME REFRESHNG DEO EWP 50 GM,EWRPK,50.000 GM,,,50.0,GM,0.0
108,2022-12-06 00:00:00,202212.0,128840459.0,1670128126334.0,99764467.0,120.0,GODREJ CONSUMER PRODUCTS-INDIA,GODREJ NO.1 ,GODREJ NO.1/LIME ALOE VERA/45GM/EWP,20.0,EWP,45GM,,1670128126334-godrej consumer products-india-godrej no-1 #3.png,RECODING,5.0,3.0,99763355,120.16018676757812,120.0,GODREJ CONSUMER PRODUCTS-INDIA,GODREJ,GODREJ NO.1 BEAUTY SOAP,GODREJ NO.1 BEAUTY SOAP-LIME ALOEVERA EWP 63 GM,EWRPK,63.000 GM,,,63.0,GM,20.0
108,2022-12-06 00:00:00,202212.0,128840459.0,1670128126334.0,99764467.0,120.0,GODREJ CONSUMER PRODUCTS-INDIA,GODREJ NO.1 ,GODREJ NO.1/LIME ALOE VERA/45GM/EWP,20.0,EWP,45GM,,1670128126334-godrej consumer products-india-godrej no-1 #3.png,RECODING,5.0,4.0,99763855,121.55436706542969,120.0,GODREJ CONSUMER PRODUCTS-INDIA,GODREJ,GODREJ NO.1 BEAUTY SOAP,GODREJ NO.1 BEAUTY SOAP-LIME ALOEVERA EWP 53 GM,EWRPK,53.000 GM,,,53.0,GM,20.0
108,2022-12-06 00:00:00,202212.0,128840459.0,1670128126334.0,99764467.0,120.0,GODREJ CONSUMER PRODUCTS-INDIA,GODREJ NO.1 ,GODREJ NO.1/LIME ALOE VERA/45GM/EWP,20.0,EWP,45GM,,1670128126334-godrej consumer products-india-godrej no-1 #3.png,RECODING,5.0,5.0,99764721,121.99044799804688,120.0,GODREJ CONSUMER PRODUCTS-INDIA,GODREJ,GODREJ NO.1 BEAUTY SOAP,GODREJ NO.1 BEAUTY SOAP-LIME ALOEVERA EWP 75 GM,EWRPK,75.000 GM,,,75.0,GM,24.0
108,2022-12-06 00:00:00,202212.0,128840459.0,1670128126334.0,99764467.0,120.0,GODREJ CONSUMER PRODUCTS-INDIA,GODREJ NO.1 ,GODREJ NO.1/LIME ALOE VERA/45GM/EWP,20.0,EWP,45GM,,1670128126334-godrej consumer products-india-godrej no-1 #3.png,RECODING,5.0,6.0,99763758,122.80241394042969,120.0,GODREJ CONSUMER PRODUCTS-INDIA,GODREJ,GODREJ NO.1 BEAUTY SOAP,GODREJ NO.1 BEAUTY SOAP-LIME ALOEVERA EWP 4*50 GM,EWRPK,50.000 GM,,,200.0,GM,65.0
108,2022-12-06 00:00:00,202212.0,128840459.0,1670128126334.0,99764467.0,120.0,GODREJ CONSUMER PRODUCTS-INDIA,GODREJ NO.1 ,GODREJ NO.1/LIME ALOE VERA/45GM/EWP,20.0,EWP,45GM,,1670128126334-godrej consumer products-india-godrej no-1 #3.png,RECODING,5.0,7.0,99764467,123.20112609863281,120.0,GODREJ CONSUMER PRODUCTS-INDIA,GODREJ,GODREJ NO.1 BEAUTY SOAP,GODREJ NO.1 BEAUTY SOAP-LIME ALOEVERA EWP 45 GM,EWRPK,45.000 GM,,,45.0,GM,20.0
108,2022-12-06 00:00:00,202212.0,128840459.0,1670128126334.0,99764467.0,120.0,GODREJ CONSUMER PRODUCTS-INDIA,GODREJ NO.1 ,GODREJ NO.1/LIME ALOE VERA/45GM/EWP,20.0,EWP,45GM,,1670128126334-godrej consumer products-india-godrej no-1 #3.png,RECODING,5.0,8.0,99763827,125.19328308105469,120.0,GODREJ CONSUMER PRODUCTS-INDIA,GODREJ,GODREJ NO.1 BEAUTY SOAP,GODREJ NO.1 BEAUTY SOAP-LIME ALOEVERA EWP 55G+6GM,EWRPK,55.000 GM,,,61.0,GM,20.0
108,2022-12-06 00:00:00,202212.0,128840459.0,1670128126334.0,99764467.0,120.0,GODREJ CONSUMER PRODUCTS-INDIA,GODREJ NO.1 ,GODREJ NO.1/LIME ALOE VERA/45GM/EWP,20.0,EWP,45GM,,1670128126334-godrej consumer products-india-godrej no-1 #3.png,RECODING,5.0,9.0,49317,125.58575439453125,120.0,GODREJ CONSUMER PRODUCTS-INDIA,GODREJ,GODREJ NO.1 BEAUTY SOAP,GODREJ NO.1 BEAUTY SOAP-LIME & ALOEVERA PPH 30 GM,PLPCH,30.000 GM,,,30.0,GM,0.0
108,2022-12-06 00:00:00,202212.0,128840459.0,1670128126334.0,99764467.0,120.0,GODREJ CONSUMER PRODUCTS-INDIA,GODREJ NO.1 ,GODREJ NO.1/LIME ALOE VERA/45GM/EWP,20.0,EWP,45GM,,1670128126334-godrej consumer products-india-godrej no-1 #3.png,RECODING,5.0,10.0,46277,125.65097045898438,120.0,GODREJ CONSUMER PRODUCTS-INDIA,GODREJ,GODREJ NO.1 BEAUTY SOAP,GODREJ NO.1 BEAUTY SOAP-LIME & ALOEVERA EWP 30 GM,EWRPK,30.000 GM,,,30.0,GM,0.0
109,2022-12-06 00:00:00,202212.0,127522338.0,1670219776687.0,99764472.0,123.0,KARUNA SOAP & CHEMICALS-NEPAL,KARUNA GOLD,KARUNA GOLD PPH 400GM,100.0,PPH,400GM,,1670219776687-karuna soap - chemicals-nepal-karuna gold#3.png,RECODING,5.0,1.0,53781,100.53828430175781,122.0,KARUNA SOAP & CHEMICALS-NEPAL,KARUNA,KARUNA GOLD,KARUNA GOLD-PPH 5000 GM,PLPCH,5000.000 GM,,,5000.0,GM,0.0
109,2022-12-06 00:00:00,202212.0,127522338.0,1670219776687.0,99764472.0,123.0,KARUNA SOAP & CHEMICALS-NEPAL,KARUNA GOLD,KARUNA GOLD PPH 400GM,100.0,PPH,400GM,,1670219776687-karuna soap - chemicals-nepal-karuna gold#3.png,RECODING,5.0,2.0,53225,105.0699234008789,123.0,KARUNA SOAP & CHEMICALS-NEPAL,KARUNA,KARUNA GOLD,KARUNA GOLD-PPH 210 GM,PLPCH,210.000 GM,,,210.0,GM,0.0
109,2022-12-06 00:00:00,202212.0,127522338.0,1670219776687.0,99764472.0,123.0,KARUNA SOAP & CHEMICALS-NEPAL,KARUNA GOLD,KARUNA GOLD PPH 400GM,100.0,PPH,400GM,,1670219776687-karuna soap - chemicals-nepal-karuna gold#3.png,RECODING,5.0,3.0,99762713,105.74610900878906,123.0,KARUNA SOAP & CHEMICALS-NEPAL,KARUNA,KARUNA GOLD,KARUNA GOLD-PPH 200 GM,PLPCH,200.000 GM,,,200.0,GM,40.0
109,2022-12-06 00:00:00,202212.0,127522338.0,1670219776687.0,99764472.0,123.0,KARUNA SOAP & CHEMICALS-NEPAL,KARUNA GOLD,KARUNA GOLD PPH 400GM,100.0,PPH,400GM,,1670219776687-karuna soap - chemicals-nepal-karuna gold#3.png,RECODING,5.0,4.0,99763368,106.14048767089844,123.0,KARUNA SOAP & CHEMICALS-NEPAL,KARUNA,KARUNA GOLD,KARUNA GOLD-PPH 100 GM,PLPCH,100.000 GM,,,100.0,GM,20.0
109,2022-12-06 00:00:00,202212.0,127522338.0,1670219776687.0,99764472.0,123.0,KARUNA SOAP & CHEMICALS-NEPAL,KARUNA GOLD,KARUNA GOLD PPH 400GM,100.0,PPH,400GM,,1670219776687-karuna soap - chemicals-nepal-karuna gold#3.png,RECODING,5.0,5.0,99764472,106.79620361328125,123.0,KARUNA SOAP & CHEMICALS-NEPAL,KARUNA,KARUNA GOLD,KARUNA GOLD-EXTRA CLEAN LAUNDRY SOAP PPH 3*134 GM [400 GM],PLPCH,134.000 GM,,,400.0,GM,100.0
109,2022-12-06 00:00:00,202212.0,127522338.0,1670219776687.0,99764472.0,123.0,KARUNA SOAP & CHEMICALS-NEPAL,KARUNA GOLD,KARUNA GOLD PPH 400GM,100.0,PPH,400GM,,1670219776687-karuna soap - chemicals-nepal-karuna gold#3.png,RECODING,5.0,6.0,92926671,107.89128112792969,123.0,KARUNA SOAP & CHEMICALS-NEPAL,KARUNA,KARUNA GOLD,KARUNA GOLD-UNWRP 200 GMS,UNWRP,200.000 GM,,,200.0,GM,0.0
109,2022-12-06 00:00:00,202212.0,127522338.0,1670219776687.0,99764472.0,123.0,KARUNA SOAP & CHEMICALS-NEPAL,KARUNA GOLD,KARUNA GOLD PPH 400GM,100.0,PPH,400GM,,1670219776687-karuna soap - chemicals-nepal-karuna gold#3.png,RECODING,5.0,7.0,99762751,110.65960693359375,123.0,KARUNA SOAP & CHEMICALS-NEPAL,KARUNA,KARUNA GOLD,KARUNA GOLD-PPH 150 GM,PLPCH,150.000 GM,,,150.0,GM,30.0
109,2022-12-06 00:00:00,202212.0,127522338.0,1670219776687.0,99764472.0,123.0,KARUNA SOAP & CHEMICALS-NEPAL,KARUNA GOLD,KARUNA GOLD PPH 400GM,100.0,PPH,400GM,,1670219776687-karuna soap - chemicals-nepal-karuna gold#3.png,RECODING,5.0,8.0,93021203,119.70983123779297,123.0,KARUNA SOAP & CHEMICALS-NEPAL,KARUNA,KARUNA,KARUNA-PPH 1000 GMS,PLPCH,1000.000 GM,,,1000.0,GM,0.0
109,2022-12-06 00:00:00,202212.0,127522338.0,1670219776687.0,99764472.0,123.0,KARUNA SOAP & CHEMICALS-NEPAL,KARUNA GOLD,KARUNA GOLD PPH 400GM,100.0,PPH,400GM,,1670219776687-karuna soap - chemicals-nepal-karuna gold#3.png,RECODING,5.0,9.0,92925166,125.19052124023438,123.0,KARUNA SOAP & CHEMICALS-NEPAL,KARUNA,KARUNA,KARUNA-UNWRP 1000 GMS,UNWRP,1000.000 GM,,,1000.0,GM,0.0
109,2022-12-06 00:00:00,202212.0,127522338.0,1670219776687.0,99764472.0,123.0,KARUNA SOAP & CHEMICALS-NEPAL,KARUNA GOLD,KARUNA GOLD PPH 400GM,100.0,PPH,400GM,,1670219776687-karuna soap - chemicals-nepal-karuna gold#3.png,RECODING,5.0,10.0,99762598,127.74559020996094,122.0,KARUNA SOAP & CHEMICALS-NEPAL,PARIJAT,PARIJAT,PARIJAT-CLEAN FRESH PPH 500 GM,PLPCH,500.000 GM,,,500.0,GM,50.0
110,2022-12-06 00:00:00,202212.0,114637656.0,1670234465710.0,99764464.0,117.0,WELLSHINE INDUSTRIES INDIA,KIMBO KERATIN,KIMBOO KERATIN/INTENSE HAIR REPAIR,850.0,PBT,300ML,New SKU,1670234465710-wellshine industries india-kimbo keratin#3.png,RECODING,5.0,1.0,99764464,100.66285705566406,117.0,WELLSHINE INDUSTRIES-INDIA,KIMBO,KIMBO KERATIN,KIMBO KERATIN-INTENSE HAIR REPAIR PBT 300 ML,PLBOT,300.000 ML,,,300.0,ML,850.0
110,2022-12-06 00:00:00,202212.0,114637656.0,1670234465710.0,99764464.0,117.0,WELLSHINE INDUSTRIES INDIA,KIMBO KERATIN,KIMBOO KERATIN/INTENSE HAIR REPAIR,850.0,PBT,300ML,New SKU,1670234465710-wellshine industries india-kimbo keratin#3.png,RECODING,5.0,2.0,92117179,189.65748596191406,117.0,DABUR NEPAL LTD.-NEPAL,DABUR,DABUR VATIKA CONDITIONING SHMP,DABUR VATIKA CONDITIONING SHMP-DRY/DAMAGED HAIR PBT 200 ML,PLBOT,200.000 ML,,,200.0,ML,0.0
110,2022-12-06 00:00:00,202212.0,114637656.0,1670234465710.0,99764464.0,117.0,WELLSHINE INDUSTRIES INDIA,KIMBO KERATIN,KIMBOO KERATIN/INTENSE HAIR REPAIR,850.0,PBT,300ML,New SKU,1670234465710-wellshine industries india-kimbo keratin#3.png,RECODING,5.0,3.0,92117180,201.9200439453125,117.0,DABUR NEPAL LTD.-NEPAL,DABUR,DABUR VATIKA CONDITIONING SHMP,DABUR VATIKA CONDITIONING SHMP-OILY HAIR PBT 200 ML,PLBOT,200.000 ML,,,200.0,ML,0.0
110,2022-12-06 00:00:00,202212.0,114637656.0,1670234465710.0,99764464.0,117.0,WELLSHINE INDUSTRIES INDIA,KIMBO KERATIN,KIMBOO KERATIN/INTENSE HAIR REPAIR,850.0,PBT,300ML,New SKU,1670234465710-wellshine industries india-kimbo keratin#3.png,RECODING,5.0,4.0,92115788,203.26609802246094,117.0,ELIDA FABERGE LTD.- UK,TIMOTEI,TIMOTEI,TIMOTEI-DRY & DAMAGED HAIR PBT 400 ML,PLBOT,400.000 ML,,,400.0,ML,0.0
110,2022-12-06 00:00:00,202212.0,114637656.0,1670234465710.0,99764464.0,117.0,WELLSHINE INDUSTRIES INDIA,KIMBO KERATIN,KIMBOO KERATIN/INTENSE HAIR REPAIR,850.0,PBT,300ML,New SKU,1670234465710-wellshine industries india-kimbo keratin#3.png,RECODING,5.0,5.0,92110984,203.82911682128906,117.0,ELIDA FABERGE LTD.- UK,TIMOTEI,TIMOTEI,TIMOTEI-DRY & DAMAGED HAIR PBT 200 ML,PLBOT,200.000 ML,,,200.0,ML,0.0
110,2022-12-06 00:00:00,202212.0,114637656.0,1670234465710.0,99764464.0,117.0,WELLSHINE INDUSTRIES INDIA,KIMBO KERATIN,KIMBOO KERATIN/INTENSE HAIR REPAIR,850.0,PBT,300ML,New SKU,1670234465710-wellshine industries india-kimbo keratin#3.png,RECODING,5.0,6.0,50916,205.1953582763672,111.0,EMAMI LTD. -INDIA,EMAMI,EMAMI KESH KING,EMAMI KESH KING-SCALP HAIR MED PBT 100 ML+FR ZANDU BALM,PLBOT,100.000 ML,,,100.0,ML,0.0
110,2022-12-06 00:00:00,202212.0,114637656.0,1670234465710.0,99764464.0,117.0,WELLSHINE INDUSTRIES INDIA,KIMBO KERATIN,KIMBOO KERATIN/INTENSE HAIR REPAIR,850.0,PBT,300ML,New SKU,1670234465710-wellshine industries india-kimbo keratin#3.png,RECODING,5.0,7.0,51930,206.4746551513672,111.0,EMAMI LTD. -INDIA,EMAMI,EMAMI KESH KING,EMAMI KESH KING-SCALP HAIR MEDICID PBT 50 ML+20%EXT,PLBOT,50.000 ML,,,60.0,ML,0.0
110,2022-12-06 00:00:00,202212.0,114637656.0,1670234465710.0,99764464.0,117.0,WELLSHINE INDUSTRIES INDIA,KIMBO KERATIN,KIMBOO KERATIN/INTENSE HAIR REPAIR,850.0,PBT,300ML,New SKU,1670234465710-wellshine industries india-kimbo keratin#3.png,RECODING,5.0,8.0,46066,206.6925048828125,111.0,EMAMI LTD. -INDIA,EMAMI,EMAMI KESH KING,EMAMI KESH KING-SCALP HAIR MEDICID PBT 100 ML+20%EXT,PLBOT,100.000 ML,,,120.0,ML,0.0
110,2022-12-06 00:00:00,202212.0,114637656.0,1670234465710.0,99764464.0,117.0,WELLSHINE INDUSTRIES INDIA,KIMBO KERATIN,KIMBOO KERATIN/INTENSE HAIR REPAIR,850.0,PBT,300ML,New SKU,1670234465710-wellshine industries india-kimbo keratin#3.png,RECODING,5.0,9.0,50921,208.01902770996094,111.0,EMAMI LTD. -INDIA,EMAMI,EMAMI KESH KING,EMAMI KESH KING-SCALP HAIR MEDICID PBT 200 ML+50%EXT,PLBOT,200.000 ML,,,300.0,ML,0.0
110,2022-12-06 00:00:00,202212.0,114637656.0,1670234465710.0,99764464.0,117.0,WELLSHINE INDUSTRIES INDIA,KIMBO KERATIN,KIMBOO KERATIN/INTENSE HAIR REPAIR,850.0,PBT,300ML,New SKU,1670234465710-wellshine industries india-kimbo keratin#3.png,RECODING,5.0,10.0,92113166,208.75323486328125,117.0,ELIDA FABERGE LTD.- UK,TIMOTEI,TIMOTEI 2 IN 1,TIMOTEI 2 IN 1-DRY & DAMAGED HAIR PBT 400 ML,PLBOT,400.000 ML,,,400.0,ML,0.0
111,2022-12-06 00:00:00,202212.0,111740394.0,1670232625653.0,99764460.0,106.0,SUJAL FOODS PVT LTD-NEPAL,CRAVE FRESHO, CRAVEFRESHO /MENTHA LYPTUS/HARD BOLD CANDEY,200.0,PCN,500GM,New SKU,1670232625653-sujal foods pvt ltd-nepal-crave fresho#3.png,RECODING,5.0,1.0,99764460,90.8060302734375,106.0,SUJAL FOODS PVT LTD-NEPAL,CRAVE,CRAVE FRESHO,CRAVE FRESHO- MENTHA-LYPTUS PCN 500 GM,PLJAR,500.000 GM,MINT,,500.0,GM,200.0
111,2022-12-06 00:00:00,202212.0,111740394.0,1670232625653.0,99764460.0,106.0,SUJAL FOODS PVT LTD-NEPAL,CRAVE FRESHO, CRAVEFRESHO /MENTHA LYPTUS/HARD BOLD CANDEY,200.0,PCN,500GM,New SKU,1670232625653-sujal foods pvt ltd-nepal-crave fresho#3.png,RECODING,5.0,2.0,99764609,90.8060302734375,106.0,SUJAL FOODS PVT LTD-NEPAL,CRAVE,CRAVE FRESHO,CRAVE FRESHO- MENTHA-LYPTUS PCN 500 GM,PLJAR,500.000 GM,MINT,,500.0,GM,200.0
111,2022-12-06 00:00:00,202212.0,111740394.0,1670232625653.0,99764460.0,106.0,SUJAL FOODS PVT LTD-NEPAL,CRAVE FRESHO, CRAVEFRESHO /MENTHA LYPTUS/HARD BOLD CANDEY,200.0,PCN,500GM,New SKU,1670232625653-sujal foods pvt ltd-nepal-crave fresho#3.png,RECODING,5.0,3.0,99764608,91.04963684082031,106.0,SUJAL FOODS PVT LTD-NEPAL,CRAVE,CRAVE FRESHO,CRAVE FRESHO- MENTHA-LYPTUS PCN 825 GM,PLJAR,825.000 GM,MINT,,825.0,GM,250.0
111,2022-12-06 00:00:00,202212.0,111740394.0,1670232625653.0,99764460.0,106.0,SUJAL FOODS PVT LTD-NEPAL,CRAVE FRESHO, CRAVEFRESHO /MENTHA LYPTUS/HARD BOLD CANDEY,200.0,PCN,500GM,New SKU,1670232625653-sujal foods pvt ltd-nepal-crave fresho#3.png,RECODING,5.0,4.0,99764533,92.39682006835938,106.0,SUJAL FOODS PVT LTD-NEPAL,CRAVE,CRAVE FRESHO,CRAVE FRESHO- MENTHA-LYPTUS PCN 750 GM,PLJAR,750.000 GM,MINT,,750.0,GM,300.0
111,2022-12-06 00:00:00,202212.0,111740394.0,1670232625653.0,99764460.0,106.0,SUJAL FOODS PVT LTD-NEPAL,CRAVE FRESHO, CRAVEFRESHO /MENTHA LYPTUS/HARD BOLD CANDEY,200.0,PCN,500GM,New SKU,1670232625653-sujal foods pvt ltd-nepal-crave fresho#3.png,RECODING,5.0,5.0,99764491,92.88790893554688,106.0,SUJAL FOODS PVT LTD-NEPAL,CRAVE,CRAVE FRESHO,CRAVE FRESHO- MENTHA-LYPTUS PCN 550 GM,PLJAR,550.000 GM,MINT,,550.0,GM,175.0
111,2022-12-06 00:00:00,202212.0,111740394.0,1670232625653.0,99764460.0,106.0,SUJAL FOODS PVT LTD-NEPAL,CRAVE FRESHO, CRAVEFRESHO /MENTHA LYPTUS/HARD BOLD CANDEY,200.0,PCN,500GM,New SKU,1670232625653-sujal foods pvt ltd-nepal-crave fresho#3.png,RECODING,5.0,6.0,99764581,96.70345306396484,106.0,SUJAL FOODS PVT LTD-NEPAL,CRAVE,CRAVE FRESHO,CRAVE FRESHO- MENTHA-LYPTUS PPH 300 GM,PLPCH,300.000 GM,MINT,,300.0,GM,100.0
111,2022-12-06 00:00:00,202212.0,111740394.0,1670232625653.0,99764460.0,106.0,SUJAL FOODS PVT LTD-NEPAL,CRAVE FRESHO, CRAVEFRESHO /MENTHA LYPTUS/HARD BOLD CANDEY,200.0,PCN,500GM,New SKU,1670232625653-sujal foods pvt ltd-nepal-crave fresho#3.png,RECODING,5.0,7.0,91826069,111.17701721191406,106.0,SUJAL FOODS PVT LTD-NEPAL,CRAVE,CRAVE FRESHO,CRAVE FRESHO- MENTHALYPTUS MINT PPH 2.75 GM,PLPCH,2.750 GM,MINT,,2.75,GM,0.0
111,2022-12-06 00:00:00,202212.0,111740394.0,1670232625653.0,99764460.0,106.0,SUJAL FOODS PVT LTD-NEPAL,CRAVE FRESHO, CRAVEFRESHO /MENTHA LYPTUS/HARD BOLD CANDEY,200.0,PCN,500GM,New SKU,1670232625653-sujal foods pvt ltd-nepal-crave fresho#3.png,RECODING,5.0,8.0,91826187,136.0285186767578,106.0,SUJAL FOODS PVT LTD-NEPAL,SUJAL,SUJAL CRAVE,SUJAL CRAVE- COFFEE PPH 2.8 GM,PLPCH,2.800 GM,COFFEE,,2.8,GM,0.0
111,2022-12-06 00:00:00,202212.0,111740394.0,1670232625653.0,99764460.0,106.0,SUJAL FOODS PVT LTD-NEPAL,CRAVE FRESHO, CRAVEFRESHO /MENTHA LYPTUS/HARD BOLD CANDEY,200.0,PCN,500GM,New SKU,1670232625653-sujal foods pvt ltd-nepal-crave fresho#3.png,RECODING,5.0,9.0,99764611,156.32424926757812,106.0,SUJAL FOODS PVT LTD-NEPAL,SUJAL,SUJAL CRAVE,SUJAL CRAVE- BUTTER SCOTCH PCN 1680 GM,PLJAR,1680.000 GM,BUTTERSCOTCH,,1680.0,GM,460.0
111,2022-12-06 00:00:00,202212.0,111740394.0,1670232625653.0,99764460.0,106.0,SUJAL FOODS PVT LTD-NEPAL,CRAVE FRESHO, CRAVEFRESHO /MENTHA LYPTUS/HARD BOLD CANDEY,200.0,PCN,500GM,New SKU,1670232625653-sujal foods pvt ltd-nepal-crave fresho#3.png,RECODING,5.0,10.0,91826188,158.5125732421875,106.0,SUJAL FOODS PVT LTD-NEPAL,SUJAL,SUJAL CRAVE,SUJAL CRAVE- BUTTER SCOTCH PPH 2.8 GM,PLPCH,2.800 GM,BUTTERSCOTCH,,2.8,GM,0.0
112,2022-12-06 00:00:00,202211.0,122344338.0,1670055516132.0,99764470.0,122.0,PROCTER & GAMBLE - INDIA,TIDE DOUBLEBPOWER,TIDE DOUBLE POWER JASMINE ROSE 75GM,16.0,PPH,45GM+30GM,,1670055516132-procter - gamble - india-tide doublebpower#3.png,RECODING,5.0,1.0,99764810,99.37732696533203,122.0,PROCTER & GAMBLE - INDIA,TIDE,TIDE,TIDE-DOUBLE POWER JASMINE&ROSE PPH 1000 GM,PLPCH,1000.000 GM,,,1000.0,GM,220.0
112,2022-12-06 00:00:00,202211.0,122344338.0,1670055516132.0,99764470.0,122.0,PROCTER & GAMBLE - INDIA,TIDE DOUBLEBPOWER,TIDE DOUBLE POWER JASMINE ROSE 75GM,16.0,PPH,45GM+30GM,,1670055516132-procter - gamble - india-tide doublebpower#3.png,RECODING,5.0,2.0,99764470,100.85345458984375,122.0,PROCTER & GAMBLE - INDIA,TIDE,TIDE,TIDE-DOUBLE POWER JASMINE&ROSE PPH 45 GM+30 GM EXT,PLPCH,75.000 GM,,,75.0,GM,16.0
112,2022-12-06 00:00:00,202211.0,122344338.0,1670055516132.0,99764470.0,122.0,PROCTER & GAMBLE - INDIA,TIDE DOUBLEBPOWER,TIDE DOUBLE POWER JASMINE ROSE 75GM,16.0,PPH,45GM+30GM,,1670055516132-procter - gamble - india-tide doublebpower#3.png,RECODING,5.0,3.0,99763550,101.44681549072266,122.0,PROCTER & GAMBLE - INDIA,TIDE,TIDE,TIDE-DOUBLE POWER JASMINE&ROSE PPH 500 GM,PLPCH,500.000 GM,,,500.0,GM,100.0
112,2022-12-06 00:00:00,202211.0,122344338.0,1670055516132.0,99764470.0,122.0,PROCTER & GAMBLE - INDIA,TIDE DOUBLEBPOWER,TIDE DOUBLE POWER JASMINE ROSE 75GM,16.0,PPH,45GM+30GM,,1670055516132-procter - gamble - india-tide doublebpower#3.png,RECODING,5.0,4.0,99763403,106.04183197021484,122.0,PROCTER & GAMBLE - INDIA,TIDE,TIDE,TIDE-DOUBLE POWER JASMINE&ROSE PPH 6000 GM+BUCKET FREE,PLPCH,6000.000 GM,,,6000.0,GM,1350.0
112,2022-12-06 00:00:00,202211.0,122344338.0,1670055516132.0,99764470.0,122.0,PROCTER & GAMBLE - INDIA,TIDE DOUBLEBPOWER,TIDE DOUBLE POWER JASMINE ROSE 75GM,16.0,PPH,45GM+30GM,,1670055516132-procter - gamble - india-tide doublebpower#3.png,RECODING,5.0,5.0,52472,107.50700378417969,122.0,PROCTER & GAMBLE - INDIA,TIDE,TIDE PLUS,TIDE PLUS-EXTRA POWER JASMINE ROSE PPH 1000 GM,PLPCH,1000.000 GM,,,1000.0,GM,0.0
112,2022-12-06 00:00:00,202211.0,122344338.0,1670055516132.0,99764470.0,122.0,PROCTER & GAMBLE - INDIA,TIDE DOUBLEBPOWER,TIDE DOUBLE POWER JASMINE ROSE 75GM,16.0,PPH,45GM+30GM,,1670055516132-procter - gamble - india-tide doublebpower#3.png,RECODING,5.0,6.0,50873,110.25074005126953,122.0,PROCTER & GAMBLE - INDIA,TIDE,TIDE PLUS,TIDE PLUS-EXTRA POWER JASMINE ROSE PPH 90 GM+20 GM EXT,PLPCH,90.000 GM,,,110.0,GM,0.0
112,2022-12-06 00:00:00,202211.0,122344338.0,1670055516132.0,99764470.0,122.0,PROCTER & GAMBLE - INDIA,TIDE DOUBLEBPOWER,TIDE DOUBLE POWER JASMINE ROSE 75GM,16.0,PPH,45GM+30GM,,1670055516132-procter - gamble - india-tide doublebpower#3.png,RECODING,5.0,7.0,99762804,111.96369934082031,122.0,PROCTER & GAMBLE - INDIA,TIDE,TIDE PLUS,TIDE PLUS-EXTRA POWER JASMINE ROSE PPH 500 GM+RS 8 OFF,PLPCH,500.000 GM,,,500.0,GM,85.0
112,2022-12-06 00:00:00,202211.0,122344338.0,1670055516132.0,99764470.0,122.0,PROCTER & GAMBLE - INDIA,TIDE DOUBLEBPOWER,TIDE DOUBLE POWER JASMINE ROSE 75GM,16.0,PPH,45GM+30GM,,1670055516132-procter - gamble - india-tide doublebpower#3.png,RECODING,5.0,8.0,51587,115.71373748779297,122.0,PROCTER & GAMBLE - INDIA,TIDE,TIDE PLUS,TIDE PLUS-JASMINE AND ROSE PPH 500 GM,PLPCH,500.000 GM,,,500.0,GM,0.0
112,2022-12-06 00:00:00,202211.0,122344338.0,1670055516132.0,99764470.0,122.0,PROCTER & GAMBLE - INDIA,TIDE DOUBLEBPOWER,TIDE DOUBLE POWER JASMINE ROSE 75GM,16.0,PPH,45GM+30GM,,1670055516132-procter - gamble - india-tide doublebpower#3.png,RECODING,5.0,9.0,99762801,115.87411499023438,122.0,PROCTER & GAMBLE - INDIA,TIDE,TIDE PLUS,TIDE PLUS-EXTRA POWER JASMINE ROSE PPH 1000 GM+RS 16 OFF,PLPCH,1000.000 GM,,,1000.0,GM,170.0
112,2022-12-06 00:00:00,202211.0,122344338.0,1670055516132.0,99764470.0,122.0,PROCTER & GAMBLE - INDIA,TIDE DOUBLEBPOWER,TIDE DOUBLE POWER JASMINE ROSE 75GM,16.0,PPH,45GM+30GM,,1670055516132-procter - gamble - india-tide doublebpower#3.png,RECODING,5.0,10.0,49882,116.91612243652344,122.0,PROCTER & GAMBLE - INDIA,TIDE,TIDE PLUS,TIDE PLUS-JASMINE ROSE PPH 1000 GM,PLPCH,1000.000 GM,,,1000.0,GM,0.0
113,2022-12-07 00:00:00,202212.0,123116200.0,1670221737823.0,99764465.0,117.0,ROYAL NATIONAL HERBS PVT. LTD. NEPAL,GINGER ONION SHAMPOO,NATIONAL HERBS GINGER ONION SHAMPOO PBT 200ML,195.0,PBT,200ML,,1670221737823-royal national herbs pvt- ltd- nepal-ginger onion shampoo#3.png,RECODING,5.0,1.0,99764465,146.17715454101562,117.0,ROYAL NATIONAL HERBS-NEPAL,NATIONAL HERBS,NATIONAL HERBS GINGER ONION,NATIONAL HERBS GINGER ONION-ANTI DANDRUF&HAIR FAL CNTRL PBT 400 ML,PLBOT,200.000 ML,,,200.0,ML,195.0
113,2022-12-07 00:00:00,202212.0,123116200.0,1670221737823.0,99764465.0,117.0,ROYAL NATIONAL HERBS PVT. LTD. NEPAL,GINGER ONION SHAMPOO,NATIONAL HERBS GINGER ONION SHAMPOO PBT 200ML,195.0,PBT,200ML,,1670221737823-royal national herbs pvt- ltd- nepal-ginger onion shampoo#3.png,RECODING,5.0,2.0,92125510,152.517333984375,117.0,GLOBAL SOAP & HERBAL - NEPAL,GINGER,GINGER SHAMPOO,GINGER SHAMPOO-PBT 200 ML,PLBOT,200.000 ML,,,200.0,ML,0.0
113,2022-12-07 00:00:00,202212.0,123116200.0,1670221737823.0,99764465.0,117.0,ROYAL NATIONAL HERBS PVT. LTD. NEPAL,GINGER ONION SHAMPOO,NATIONAL HERBS GINGER ONION SHAMPOO PBT 200ML,195.0,PBT,200ML,,1670221737823-royal national herbs pvt- ltd- nepal-ginger onion shampoo#3.png,RECODING,5.0,3.0,92125509,156.15980529785156,117.0,GLOBAL SOAP & HERBAL - NEPAL,GINGER,GINGER SHAMPOO+CONDITIONER,GINGER SHAMPOO+CONDITIONER-PBT 200 ML,PLBOT,200.000 ML,,,200.0,ML,0.0
113,2022-12-07 00:00:00,202212.0,123116200.0,1670221737823.0,99764465.0,117.0,ROYAL NATIONAL HERBS PVT. LTD. NEPAL,GINGER ONION SHAMPOO,NATIONAL HERBS GINGER ONION SHAMPOO PBT 200ML,195.0,PBT,200ML,,1670221737823-royal national herbs pvt- ltd- nepal-ginger onion shampoo#3.png,RECODING,5.0,4.0,99764271,163.84344482421875,111.0,A.S. HERBAL INDUSTRY-NEPAL,LARRY,LARRY HERBALS,LARRY HERBALS-ONION HAIR OIL PBT 120 ML,PLBOT,120.000 ML,,,120.0,ML,475.0
113,2022-12-07 00:00:00,202212.0,123116200.0,1670221737823.0,99764465.0,117.0,ROYAL NATIONAL HERBS PVT. LTD. NEPAL,GINGER ONION SHAMPOO,NATIONAL HERBS GINGER ONION SHAMPOO PBT 200ML,195.0,PBT,200ML,,1670221737823-royal national herbs pvt- ltd- nepal-ginger onion shampoo#3.png,RECODING,5.0,5.0,54355,166.26254272460938,117.0,GLOBAL SOAP & HERBAL - NEPAL,GLOBAL,GLOBAL GINGER,GLOBAL GINGER-SHAMPO+CONDTNR-PBT 400 ML,PLBOT,400.000 ML,,,400.0,ML,0.0
113,2022-12-07 00:00:00,202212.0,123116200.0,1670221737823.0,99764465.0,117.0,ROYAL NATIONAL HERBS PVT. LTD. NEPAL,GINGER ONION SHAMPOO,NATIONAL HERBS GINGER ONION SHAMPOO PBT 200ML,195.0,PBT,200ML,,1670221737823-royal national herbs pvt- ltd- nepal-ginger onion shampoo#3.png,RECODING,5.0,6.0,51040,166.31497192382812,117.0,ROYAL NATIONAL HERBS-NEPAL,NATIONAL HERBS,NATIONAL HERBS,NATIONAL HERBS-GINGER PBT 400 ML,PLBOT,400.000 ML,,,400.0,ML,0.0
113,2022-12-07 00:00:00,202212.0,123116200.0,1670221737823.0,99764465.0,117.0,ROYAL NATIONAL HERBS PVT. LTD. NEPAL,GINGER ONION SHAMPOO,NATIONAL HERBS GINGER ONION SHAMPOO PBT 200ML,195.0,PBT,200ML,,1670221737823-royal national herbs pvt- ltd- nepal-ginger onion shampoo#3.png,RECODING,5.0,7.0,99764054,168.16571044921875,111.0,A.S. HERBAL INDUSTRY-NEPAL,LARRY,LARRY HERBALS,LARRY HERBALS-ONION HAIR OIL PBT 50 ML,PLBOT,50.000 ML,,,50.0,ML,270.0
113,2022-12-07 00:00:00,202212.0,123116200.0,1670221737823.0,99764465.0,117.0,ROYAL NATIONAL HERBS PVT. LTD. NEPAL,GINGER ONION SHAMPOO,NATIONAL HERBS GINGER ONION SHAMPOO PBT 200ML,195.0,PBT,200ML,,1670221737823-royal national herbs pvt- ltd- nepal-ginger onion shampoo#3.png,RECODING,5.0,8.0,45895,171.13719177246094,117.0,NATIONAL HERBAL UDHYOG-NEPAL,FRESHMA,FRESHMA,FRESHMA-GREEN GINGER SHMPO PBT 500 ML,PLBOT,500.000 ML,,,500.0,ML,0.0
113,2022-12-07 00:00:00,202212.0,123116200.0,1670221737823.0,99764465.0,117.0,ROYAL NATIONAL HERBS PVT. LTD. NEPAL,GINGER ONION SHAMPOO,NATIONAL HERBS GINGER ONION SHAMPOO PBT 200ML,195.0,PBT,200ML,,1670221737823-royal national herbs pvt- ltd- nepal-ginger onion shampoo#3.png,RECODING,5.0,9.0,92112823,174.46942138671875,117.0,FLEUR HIMALAYA LTD.- NEPAL,ALOE,ALOE HERBAL CONDITIONER,ALOE HERBAL CONDITIONER-DRY HAIR  PBT 50   ML,PLBOT,50.000 ML,,,50.0,ML,0.0
113,2022-12-07 00:00:00,202212.0,123116200.0,1670221737823.0,99764465.0,117.0,ROYAL NATIONAL HERBS PVT. LTD. NEPAL,GINGER ONION SHAMPOO,NATIONAL HERBS GINGER ONION SHAMPOO PBT 200ML,195.0,PBT,200ML,,1670221737823-royal national herbs pvt- ltd- nepal-ginger onion shampoo#3.png,RECODING,5.0,10.0,92114121,176.45452880859375,117.0,FLEUR HIMALAYA LTD.- NEPAL,ALOE,ALOE HERBAL CONDITIONER,ALOE HERBAL CONDITIONER-NORMAL HAIR  PBT 90   ML,PLBOT,90.000 ML,,,90.0,ML,0.0
114,2022-12-07 00:00:00,202212.0,124690935.0,1669619009597.0,99764425.0,121.0,UNILEVER NEPAL LTD-NEPAL,PEPSODENT HERBAL,PEPSODENT HERBAL\170\GM\RS115,110.0,TUBE,170 GM,New SKU,1669619009597-unilever nepal ltd-nepal-pepsodent herbal#3.png,RECODING,5.0,1.0,92722175,115.41693115234375,121.0,UNILEVER NEPAL LTD-NEPAL,PEPSODENT,PEPSODENT HERBAL,PEPSODENT HERBAL-TUBE 200 GMS,TUBE,200.000 GM,,,200.0,GM,0.0
114,2022-12-07 00:00:00,202212.0,124690935.0,1669619009597.0,99764425.0,121.0,UNILEVER NEPAL LTD-NEPAL,PEPSODENT HERBAL,PEPSODENT HERBAL\170\GM\RS115,110.0,TUBE,170 GM,New SKU,1669619009597-unilever nepal ltd-nepal-pepsodent herbal#3.png,RECODING,5.0,2.0,92719009,116.56084442138672,121.0,UNILEVER NEPAL LTD-NEPAL,PEPSODENT,PEPSODENT HERBAL,PEPSODENT HERBAL-TUBE 120 GMS,TUBE,120.000 GM,,,120.0,GM,0.0
114,2022-12-07 00:00:00,202212.0,124690935.0,1669619009597.0,99764425.0,121.0,UNILEVER NEPAL LTD-NEPAL,PEPSODENT HERBAL,PEPSODENT HERBAL\170\GM\RS115,110.0,TUBE,170 GM,New SKU,1669619009597-unilever nepal ltd-nepal-pepsodent herbal#3.png,RECODING,5.0,3.0,92720289,119.53302001953125,121.0,UNILEVER NEPAL LTD-NEPAL,PEPSODENT,PEPSODENT HERBAL,PEPSODENT HERBAL-TUBE 80 GMS,TUBE,80.000 GM,,,80.0,GM,0.0
114,2022-12-07 00:00:00,202212.0,124690935.0,1669619009597.0,99764425.0,121.0,UNILEVER NEPAL LTD-NEPAL,PEPSODENT HERBAL,PEPSODENT HERBAL\170\GM\RS115,110.0,TUBE,170 GM,New SKU,1669619009597-unilever nepal ltd-nepal-pepsodent herbal#3.png,RECODING,5.0,4.0,92720288,121.16194152832031,121.0,UNILEVER NEPAL LTD-NEPAL,PEPSODENT,PEPSODENT HERBAL,PEPSODENT HERBAL-TUBE 175 GMS,TUBE,175.000 GM,,,175.0,GM,0.0
114,2022-12-07 00:00:00,202212.0,124690935.0,1669619009597.0,99764425.0,121.0,UNILEVER NEPAL LTD-NEPAL,PEPSODENT HERBAL,PEPSODENT HERBAL\170\GM\RS115,110.0,TUBE,170 GM,New SKU,1669619009597-unilever nepal ltd-nepal-pepsodent herbal#3.png,RECODING,5.0,5.0,92720409,121.65562438964844,121.0,UNILEVER NEPAL LTD-NEPAL,PEPSODENT,PEPSODENT HERBAL,PEPSODENT HERBAL-TUBE 40 GMS,TUBE,40.000 GM,,,40.0,GM,0.0
114,2022-12-07 00:00:00,202212.0,124690935.0,1669619009597.0,99764425.0,121.0,UNILEVER NEPAL LTD-NEPAL,PEPSODENT HERBAL,PEPSODENT HERBAL\170\GM\RS115,110.0,TUBE,170 GM,New SKU,1669619009597-unilever nepal ltd-nepal-pepsodent herbal#3.png,RECODING,5.0,6.0,92719010,122.0273208618164,121.0,UNILEVER NEPAL LTD-NEPAL,PEPSODENT,PEPSODENT HERBAL,PEPSODENT HERBAL-TUBE 190 GMS,TUBE,190.000 GM,,,190.0,GM,0.0
114,2022-12-07 00:00:00,202212.0,124690935.0,1669619009597.0,99764425.0,121.0,UNILEVER NEPAL LTD-NEPAL,PEPSODENT HERBAL,PEPSODENT HERBAL\170\GM\RS115,110.0,TUBE,170 GM,New SKU,1669619009597-unilever nepal ltd-nepal-pepsodent herbal#3.png,RECODING,5.0,7.0,54175,124.21145629882812,121.0,UNILEVER NEPAL LTD-NEPAL,PEPSODENT,PEPSODENT HERBAL,PEPSODENT HERBAL-NAUTRE ESSTENTIAL TUBE 175 GM,TUBE,175.000 GM,,,175.0,GM,0.0
114,2022-12-07 00:00:00,202212.0,124690935.0,1669619009597.0,99764425.0,121.0,UNILEVER NEPAL LTD-NEPAL,PEPSODENT HERBAL,PEPSODENT HERBAL\170\GM\RS115,110.0,TUBE,170 GM,New SKU,1669619009597-unilever nepal ltd-nepal-pepsodent herbal#3.png,RECODING,5.0,8.0,99764425,124.60110473632812,121.0,UNILEVER NEPAL LTD-NEPAL,PEPSODENT,PEPSODENT HERBAL,PEPSODENT HERBAL-NAUTRE ESSTENTIAL TUBE 170 GM,TUBE,170.000 GM,,,170.0,GM,115.0
114,2022-12-07 00:00:00,202212.0,124690935.0,1669619009597.0,99764425.0,121.0,UNILEVER NEPAL LTD-NEPAL,PEPSODENT HERBAL,PEPSODENT HERBAL\170\GM\RS115,110.0,TUBE,170 GM,New SKU,1669619009597-unilever nepal ltd-nepal-pepsodent herbal#3.png,RECODING,5.0,9.0,54496,125.82534790039062,121.0,UNILEVER NEPAL LTD-NEPAL,PEPSODENT,PEPSODENT HERBAL,PEPSODENT HERBAL-NATURE ESSTENTIAL TUBE 40 GM,TUBE,40.000 GM,,,40.0,GM,0.0
114,2022-12-07 00:00:00,202212.0,124690935.0,1669619009597.0,99764425.0,121.0,UNILEVER NEPAL LTD-NEPAL,PEPSODENT HERBAL,PEPSODENT HERBAL\170\GM\RS115,110.0,TUBE,170 GM,New SKU,1669619009597-unilever nepal ltd-nepal-pepsodent herbal#3.png,RECODING,5.0,10.0,54907,126.76200866699219,121.0,UNILEVER NEPAL LTD-NEPAL,PEPSODENT,PEPSODENT HERBAL,PEPSODENT HERBAL-NATURE ESSENTIAL TUBE 80 GM,TUBE,80.000 GM,,,80.0,GM,0.0
115,2022-12-07 00:00:00,202212.0,122216788.0,1670308274504.0,99764463.0,116.0,UNICLAN HYGIENE PVT LTD INDIA,WOWPAD ANION,WOWPAD ANION ANTI BACTERIAL 6NOS,75.0,PPH,6 NOS,,1670308274504-uniclan hygiene pvt ltd india-wowpad anion#3.png,RECODING,5.0,1.0,99764463,138.43211364746094,116.0,UNICLAN HYGIENE PVT LTD-INDIA,WOWPAD,WOWPAD ANION,WOWPAD ANION-XL ULTRA THIN PPH 6 NOS,PLPCH,6.000 NO,,,6.0,NO,75.0
115,2022-12-07 00:00:00,202212.0,122216788.0,1670308274504.0,99764463.0,116.0,UNICLAN HYGIENE PVT LTD INDIA,WOWPAD ANION,WOWPAD ANION ANTI BACTERIAL 6NOS,75.0,PPH,6 NOS,,1670308274504-uniclan hygiene pvt ltd india-wowpad anion#3.png,RECODING,5.0,2.0,99764356,203.46926879882812,116.0,ANYTIME HYGIENE PVT LTD-NEPAL,ANYTIME,ANYTIME ANION,ANYTIME ANION-PADS OVER NIGHT PPH 7 NOS,PLPCH,7.000 NO,,,7.0,NO,120.0
115,2022-12-07 00:00:00,202212.0,122216788.0,1670308274504.0,99764463.0,116.0,UNICLAN HYGIENE PVT LTD INDIA,WOWPAD ANION,WOWPAD ANION ANTI BACTERIAL 6NOS,75.0,PPH,6 NOS,,1670308274504-uniclan hygiene pvt ltd india-wowpad anion#3.png,RECODING,5.0,3.0,99762765,205.72445678710938,132.0,UNICLAN HEALTHCARE PVT LTD-INDIA,WOWPER,WOWPER,WOWPER-FRESH PANTS MEDIUM(M) PPH 5 NOS,PLPCH,5.000 NO,,,5.0,NO,100.0
115,2022-12-07 00:00:00,202212.0,122216788.0,1670308274504.0,99764463.0,116.0,UNICLAN HYGIENE PVT LTD INDIA,WOWPAD ANION,WOWPAD ANION ANTI BACTERIAL 6NOS,75.0,PPH,6 NOS,,1670308274504-uniclan hygiene pvt ltd india-wowpad anion#3.png,RECODING,5.0,4.0,99763868,210.1480712890625,132.0,UNICLAN HEALTHCARE PVT LTD-INDIA,WOWPER,WOWPER,WOWPER-FRESH PANTS LARGE(L) PPH 5 NOS,PLPCH,5.000 NO,,,5.0,NO,100.0
115,2022-12-07 00:00:00,202212.0,122216788.0,1670308274504.0,99764463.0,116.0,UNICLAN HYGIENE PVT LTD INDIA,WOWPAD ANION,WOWPAD ANION ANTI BACTERIAL 6NOS,75.0,PPH,6 NOS,,1670308274504-uniclan hygiene pvt ltd india-wowpad anion#3.png,RECODING,5.0,5.0,52620,212.24517822265625,116.0,UNICHARM INDIA LTD-INDIA,SOFY,SOFY,SOFY-ANTIBACTERIA EXTRA LONG PPH 7 NO,PLPCH,7.000 NO,,,7.0,NO,0.0
115,2022-12-07 00:00:00,202212.0,122216788.0,1670308274504.0,99764463.0,116.0,UNICLAN HYGIENE PVT LTD INDIA,WOWPAD ANION,WOWPAD ANION ANTI BACTERIAL 6NOS,75.0,PPH,6 NOS,,1670308274504-uniclan hygiene pvt ltd india-wowpad anion#3.png,RECODING,5.0,6.0,99763279,214.0227813720703,122.0,PATANJALI AYURVED PVT LTD-NEPAL,PATANJALI,PATANJALI,PATANJALI-ANTI BACTERIAL NEEM FRESH ROSE PPH 2000GM,PLPCH,2000.000 GM,,,2000.0,GM,190.0
115,2022-12-07 00:00:00,202212.0,122216788.0,1670308274504.0,99764463.0,116.0,UNICLAN HYGIENE PVT LTD INDIA,WOWPAD ANION,WOWPAD ANION ANTI BACTERIAL 6NOS,75.0,PPH,6 NOS,,1670308274504-uniclan hygiene pvt ltd india-wowpad anion#3.png,RECODING,5.0,7.0,99764046,214.8550567626953,122.0,PATANJALI AYURVED PVT LTD-NEPAL,PATANJALI,PATANJALI,PATANJALI-ANTI BACTERIAL NEEM FRESH ROSE PPH 750GM+20% EXTRA,PLPCH,750.000 GM,,,900.0,GM,100.0
115,2022-12-07 00:00:00,202212.0,122216788.0,1670308274504.0,99764463.0,116.0,UNICLAN HYGIENE PVT LTD INDIA,WOWPAD ANION,WOWPAD ANION ANTI BACTERIAL 6NOS,75.0,PPH,6 NOS,,1670308274504-uniclan hygiene pvt ltd india-wowpad anion#3.png,RECODING,5.0,8.0,99763956,215.64285278320312,122.0,PATANJALI AYURVED PVT LTD-NEPAL,PATANJALI,PATANJALI,PATANJALI-ANTI BACTERIAL NEEM FRESH ROSE PPH 500GM,PLPCH,500.000 GM,,,500.0,GM,55.0
115,2022-12-07 00:00:00,202212.0,122216788.0,1670308274504.0,99764463.0,116.0,UNICLAN HYGIENE PVT LTD INDIA,WOWPAD ANION,WOWPAD ANION ANTI BACTERIAL 6NOS,75.0,PPH,6 NOS,,1670308274504-uniclan hygiene pvt ltd india-wowpad anion#3.png,RECODING,5.0,9.0,54912,217.6031494140625,120.0,WIPRO LTD.- INDIA,SANTOOR,SANTOOR HAND WASH,SANTOOR HAND WASH-CLASC SNDLTULSI PPH 750 ML+FR 2*180M HNWS,PLPCH,750.000 ML,,,750.0,ML,0.0
115,2022-12-07 00:00:00,202212.0,122216788.0,1670308274504.0,99764463.0,116.0,UNICLAN HYGIENE PVT LTD INDIA,WOWPAD ANION,WOWPAD ANION ANTI BACTERIAL 6NOS,75.0,PPH,6 NOS,,1670308274504-uniclan hygiene pvt ltd india-wowpad anion#3.png,RECODING,5.0,10.0,99762967,217.76710510253906,123.0,WONDER HYGIENE PRODUCT-INDIA,RUBB,RUBB,RUBB-ANTI BACTERIAL LEMON & PUDINA PCN 500 GM,PLJAR,500.000 GM,,,500.0,GM,75.0
116,2022-12-07 00:00:00,202212.0,122216788.0,1670307794224.0,99764462.0,116.0,JASMINE HYGIENIC - NEPAL,SAFETY ULTRA XXL,SAFETY ULTRA XXL- PPH 10NOS ALL NIGHT PROTECTION ,100.0,PPH,10NOS,,1670307794224-jasmine hygienic - nepal-safety ultra xxl#3.png,RECODING,5.0,1.0,99764462,113.55410766601562,116.0,JASMINE HYGIENIC - NEPAL,SAFETY,SAFETY ULTRA,SAFETY ULTRA-XXL ALL NIGHT PROTECTION PPH 10 NOS,PLPCH,10.000 NO,,,10.0,NO,100.0
116,2022-12-07 00:00:00,202212.0,122216788.0,1670307794224.0,99764462.0,116.0,JASMINE HYGIENIC - NEPAL,SAFETY ULTRA XXL,SAFETY ULTRA XXL- PPH 10NOS ALL NIGHT PROTECTION ,100.0,PPH,10NOS,,1670307794224-jasmine hygienic - nepal-safety ultra xxl#3.png,RECODING,5.0,2.0,92027499,131.22970581054688,116.0,JASMINE HYGIENIC - NEPAL,SAFETY,SAFETY ULTRA XL,SAFETY ULTRA XL-ALL NIGHT PPH 8 NOS,PLPCH,8.000 NO,,,8.0,NO,0.0
116,2022-12-07 00:00:00,202212.0,122216788.0,1670307794224.0,99764462.0,116.0,JASMINE HYGIENIC - NEPAL,SAFETY ULTRA XXL,SAFETY ULTRA XXL- PPH 10NOS ALL NIGHT PROTECTION ,100.0,PPH,10NOS,,1670307794224-jasmine hygienic - nepal-safety ultra xxl#3.png,RECODING,5.0,3.0,49989,133.56430053710938,116.0,JASMINE HYGIENIC - NEPAL,SAFETY,SAFETY CONFIDENT,SAFETY CONFIDENT-ALL NIGHT PPH 6 NO ULTRA XL,PLPCH,6.000 NO,,,6.0,NO,0.0
116,2022-12-07 00:00:00,202212.0,122216788.0,1670307794224.0,99764462.0,116.0,JASMINE HYGIENIC - NEPAL,SAFETY ULTRA XXL,SAFETY ULTRA XXL- PPH 10NOS ALL NIGHT PROTECTION ,100.0,PPH,10NOS,,1670307794224-jasmine hygienic - nepal-safety ultra xxl#3.png,RECODING,5.0,4.0,92017879,137.64190673828125,116.0,JASMINE HYGIENIC - NEPAL,SAFETY,SAFETY ECO ULTRA,SAFETY ECO ULTRA-PPH 10 NOS,PLPCH,10.000 NO,,,10.0,NO,0.0
116,2022-12-07 00:00:00,202212.0,122216788.0,1670307794224.0,99764462.0,116.0,JASMINE HYGIENIC - NEPAL,SAFETY ULTRA XXL,SAFETY ULTRA XXL- PPH 10NOS ALL NIGHT PROTECTION ,100.0,PPH,10NOS,,1670307794224-jasmine hygienic - nepal-safety ultra xxl#3.png,RECODING,5.0,5.0,99763409,139.94004821777344,116.0,JASMINE HYGIENIC - NEPAL,SAFETY,SAFETY,SAFETY-DAY & NIGHT ADVANCED 4 WINGS PPH 10 NOS,PLPCH,10.000 NO,,,10.0,NO,100.0
116,2022-12-07 00:00:00,202212.0,122216788.0,1670307794224.0,99764462.0,116.0,JASMINE HYGIENIC - NEPAL,SAFETY ULTRA XXL,SAFETY ULTRA XXL- PPH 10NOS ALL NIGHT PROTECTION ,100.0,PPH,10NOS,,1670307794224-jasmine hygienic - nepal-safety ultra xxl#3.png,RECODING,5.0,6.0,92017826,140.0421142578125,116.0,JASMINE HYGIENIC - NEPAL,SAFETY,SAFETY ULTRA,SAFETY ULTRA-PPH 10 NOS,PLPCH,10.000 NO,,,10.0,NO,0.0
116,2022-12-07 00:00:00,202212.0,122216788.0,1670307794224.0,99764462.0,116.0,JASMINE HYGIENIC - NEPAL,SAFETY ULTRA XXL,SAFETY ULTRA XXL- PPH 10NOS ALL NIGHT PROTECTION ,100.0,PPH,10NOS,,1670307794224-jasmine hygienic - nepal-safety ultra xxl#3.png,RECODING,5.0,7.0,49657,140.95681762695312,116.0,JASMINE HYGIENIC - NEPAL,SAFETY,SAFETY ULTRA XL,SAFETY ULTRA XL-ALLNGT ALOEVRA PPH 8 NO+1 PC FR,PLPCH,8.000 NO,,,9.0,NO,0.0
116,2022-12-07 00:00:00,202212.0,122216788.0,1670307794224.0,99764462.0,116.0,JASMINE HYGIENIC - NEPAL,SAFETY ULTRA XXL,SAFETY ULTRA XXL- PPH 10NOS ALL NIGHT PROTECTION ,100.0,PPH,10NOS,,1670307794224-jasmine hygienic - nepal-safety ultra xxl#3.png,RECODING,5.0,8.0,92020129,142.13137817382812,116.0,JASMINE HYGIENIC - NEPAL,SAFETY,SAFETY ULTRA XL,SAFETY ULTRA XL-PPH 8 NOS,PLPCH,8.000 NO,,,8.0,NO,0.0
116,2022-12-07 00:00:00,202212.0,122216788.0,1670307794224.0,99764462.0,116.0,JASMINE HYGIENIC - NEPAL,SAFETY ULTRA XXL,SAFETY ULTRA XXL- PPH 10NOS ALL NIGHT PROTECTION ,100.0,PPH,10NOS,,1670307794224-jasmine hygienic - nepal-safety ultra xxl#3.png,RECODING,5.0,9.0,92060431,142.14804077148438,116.0,JASMINE HYGIENIC - NEPAL,SAFETY,SAFETY ULTRA,SAFETY ULTRA-PPH 10 NOS +  RS. 10.00/-  OFF,PLPCH,10.000 NO,,,10.0,NO,0.0
116,2022-12-07 00:00:00,202212.0,122216788.0,1670307794224.0,99764462.0,116.0,JASMINE HYGIENIC - NEPAL,SAFETY ULTRA XXL,SAFETY ULTRA XXL- PPH 10NOS ALL NIGHT PROTECTION ,100.0,PPH,10NOS,,1670307794224-jasmine hygienic - nepal-safety ultra xxl#3.png,RECODING,5.0,10.0,99763986,142.75389099121094,116.0,JASMINE HYGIENIC - NEPAL,SAFETY,SAFETY ALWAYS,SAFETY ALWAYS-XXL PLUS PPH 7 NO,PLPCH,7.000 NO,,,7.0,NO,70.0
117,2022-12-07 00:00:00,202212.0,122531509.0,1670312274073.0,99764449.0,121.0,COLGATE PALMOLIVE- NEPAL,COLGATE MAX FRESH GEL,COLGATE MAX FRESH GEL-RED TUB 70 GM+15%EXTRA ,70.0,TUB,70GM+15%EXTRA ,,1670312274073-colgate palmolive- nepal-colgate max fresh gel#3.png,RECODING,5.0,1.0,92725024,96.22760772705078,121.0,COLGATE PALMOLIVE- NEPAL,COLGATE,COLGATE MAX FRESH GEL,COLGATE MAX FRESH GEL-RED TUB 26 GMS,TUBE,26.000 GM,,,26.0,GM,0.0
117,2022-12-07 00:00:00,202212.0,122531509.0,1670312274073.0,99764449.0,121.0,COLGATE PALMOLIVE- NEPAL,COLGATE MAX FRESH GEL,COLGATE MAX FRESH GEL-RED TUB 70 GM+15%EXTRA ,70.0,TUB,70GM+15%EXTRA ,,1670312274073-colgate palmolive- nepal-colgate max fresh gel#3.png,RECODING,5.0,2.0,92726632,97.11734771728516,121.0,COLGATE PALMOLIVE- NEPAL,COLGATE,COLGATE MAX FRESH GEL,COLGATE MAX FRESH GEL-RED TUB 24 GMS,TUBE,24.000 GM,,,24.0,GM,0.0
117,2022-12-07 00:00:00,202212.0,122531509.0,1670312274073.0,99764449.0,121.0,COLGATE PALMOLIVE- NEPAL,COLGATE MAX FRESH GEL,COLGATE MAX FRESH GEL-RED TUB 70 GM+15%EXTRA ,70.0,TUB,70GM+15%EXTRA ,,1670312274073-colgate palmolive- nepal-colgate max fresh gel#3.png,RECODING,5.0,3.0,92721067,97.42872619628906,121.0,COLGATE PALMOLIVE- NEPAL,COLGATE,COLGATE MAX FRESH GEL,COLGATE MAX FRESH GEL-RED TUB 30 GMS,TUBE,30.000 GM,,,30.0,GM,0.0
117,2022-12-07 00:00:00,202212.0,122531509.0,1670312274073.0,99764449.0,121.0,COLGATE PALMOLIVE- NEPAL,COLGATE MAX FRESH GEL,COLGATE MAX FRESH GEL-RED TUB 70 GM+15%EXTRA ,70.0,TUB,70GM+15%EXTRA ,,1670312274073-colgate palmolive- nepal-colgate max fresh gel#3.png,RECODING,5.0,4.0,53278,98.18035888671875,121.0,COLGATE PALMOLIVE- NEPAL,COLGATE,COLGATE MAX FRESH GEL,COLGATE MAX FRESH GEL-RED CLNG CRYS TUB 50 GM+RS11.20,TUBE,50.000 GM,,,50.0,GM,0.0
117,2022-12-07 00:00:00,202212.0,122531509.0,1670312274073.0,99764449.0,121.0,COLGATE PALMOLIVE- NEPAL,COLGATE MAX FRESH GEL,COLGATE MAX FRESH GEL-RED TUB 70 GM+15%EXTRA ,70.0,TUB,70GM+15%EXTRA ,,1670312274073-colgate palmolive- nepal-colgate max fresh gel#3.png,RECODING,5.0,5.0,99763196,98.25648498535156,121.0,COLGATE PALMOLIVE- NEPAL,COLGATE,COLGATE MAX FRESH GEL,COLGATE MAX FRESH GEL-RED TUB 38 GMS+20%,TUBE,38.000 GM,,,46.0,GM,25.0
117,2022-12-07 00:00:00,202212.0,122531509.0,1670312274073.0,99764449.0,121.0,COLGATE PALMOLIVE- NEPAL,COLGATE MAX FRESH GEL,COLGATE MAX FRESH GEL-RED TUB 70 GM+15%EXTRA ,70.0,TUB,70GM+15%EXTRA ,,1670312274073-colgate palmolive- nepal-colgate max fresh gel#3.png,RECODING,5.0,6.0,92720268,98.26263427734375,121.0,COLGATE PALMOLIVE- NEPAL,COLGATE,COLGATE MAX FRESH GEL,COLGATE MAX FRESH GEL-RED TUB 150 GMS,TUBE,150.000 GM,,,150.0,GM,0.0
117,2022-12-07 00:00:00,202212.0,122531509.0,1670312274073.0,99764449.0,121.0,COLGATE PALMOLIVE- NEPAL,COLGATE MAX FRESH GEL,COLGATE MAX FRESH GEL-RED TUB 70 GM+15%EXTRA ,70.0,TUB,70GM+15%EXTRA ,,1670312274073-colgate palmolive- nepal-colgate max fresh gel#3.png,RECODING,5.0,7.0,99762420,98.30363464355469,121.0,COLGATE PALMOLIVE- NEPAL,COLGATE,COLGATE MAX FRESH GEL,COLGATE MAX FRESH GEL-RED TUB 40 GMS+20%,TUBE,40.000 GM,,,48.0,GM,25.0
117,2022-12-07 00:00:00,202212.0,122531509.0,1670312274073.0,99764449.0,121.0,COLGATE PALMOLIVE- NEPAL,COLGATE MAX FRESH GEL,COLGATE MAX FRESH GEL-RED TUB 70 GM+15%EXTRA ,70.0,TUB,70GM+15%EXTRA ,,1670312274073-colgate palmolive- nepal-colgate max fresh gel#3.png,RECODING,5.0,8.0,51369,98.31633758544922,121.0,COLGATE PALMOLIVE- NEPAL,COLGATE,COLGATE MAX FRESH GEL,COLGATE MAX FRESH GEL-RED COOLNG CRYSTL TUB 70GM,TUBE,70.000 GM,,,70.0,GM,0.0
117,2022-12-07 00:00:00,202212.0,122531509.0,1670312274073.0,99764449.0,121.0,COLGATE PALMOLIVE- NEPAL,COLGATE MAX FRESH GEL,COLGATE MAX FRESH GEL-RED TUB 70 GM+15%EXTRA ,70.0,TUB,70GM+15%EXTRA ,,1670312274073-colgate palmolive- nepal-colgate max fresh gel#3.png,RECODING,5.0,9.0,92721859,98.43635559082031,121.0,COLGATE PALMOLIVE- NEPAL,COLGATE,COLGATE MAX FRESH GEL,COLGATE MAX FRESH GEL-RED TUB 28 GMS,TUBE,28.000 GM,,,28.0,GM,0.0
117,2022-12-07 00:00:00,202212.0,122531509.0,1670312274073.0,99764449.0,121.0,COLGATE PALMOLIVE- NEPAL,COLGATE MAX FRESH GEL,COLGATE MAX FRESH GEL-RED TUB 70 GM+15%EXTRA ,70.0,TUB,70GM+15%EXTRA ,,1670312274073-colgate palmolive- nepal-colgate max fresh gel#3.png,RECODING,5.0,10.0,92720267,98.85676574707031,121.0,COLGATE PALMOLIVE- NEPAL,COLGATE,COLGATE MAX FRESH GEL,COLGATE MAX FRESH GEL-RED TUB 80 GMS,TUBE,80.000 GM,,,80.0,GM,0.0
118,2022-12-07 00:00:00,202212.0,122531509.0,1669707119771.0,99764400.0,120.0,UNILEVER NEPAL LTD-NEPAL,LIFE BUOY,LIFE BUOY NATURE ACTIVE FORMULA EWP 90GM,40.0,EWP,90GM,,1669707119771-unilever nepal ltd-nepal-life buoy#3.png,RECODING,5.0,1.0,46980,108.20858764648438,120.0,UNILEVER NEPAL LTD-NEPAL,LIFE BUOY,LIFE BUOY NATURE,LIFE BUOY NATURE-ACTIV SILVER FORMULA EWP 100 GM,EWRPK,100.000 GM,,,100.0,GM,0.0
118,2022-12-07 00:00:00,202212.0,122531509.0,1669707119771.0,99764400.0,120.0,UNILEVER NEPAL LTD-NEPAL,LIFE BUOY,LIFE BUOY NATURE ACTIVE FORMULA EWP 90GM,40.0,EWP,90GM,,1669707119771-unilever nepal ltd-nepal-life buoy#3.png,RECODING,5.0,2.0,50717,108.25078582763672,120.0,UNILEVER NEPAL LTD-NEPAL,LIFE BUOY,LIFE BUOY NATURE,LIFE BUOY NATURE-ACTIV SILVER FORMULA EWP 95 GM,EWRPK,95.000 GM,,,95.0,GM,0.0
118,2022-12-07 00:00:00,202212.0,122531509.0,1669707119771.0,99764400.0,120.0,UNILEVER NEPAL LTD-NEPAL,LIFE BUOY,LIFE BUOY NATURE ACTIVE FORMULA EWP 90GM,40.0,EWP,90GM,,1669707119771-unilever nepal ltd-nepal-life buoy#3.png,RECODING,5.0,3.0,46979,108.60741424560547,120.0,UNILEVER NEPAL LTD-NEPAL,LIFE BUOY,LIFE BUOY TOTAL 10,LIFE BUOY TOTAL 10-ACTIV SILVER FORMULA EWP 125 GM,EWRPK,125.000 GM,,,125.0,GM,0.0
118,2022-12-07 00:00:00,202212.0,122531509.0,1669707119771.0,99764400.0,120.0,UNILEVER NEPAL LTD-NEPAL,LIFE BUOY,LIFE BUOY NATURE ACTIVE FORMULA EWP 90GM,40.0,EWP,90GM,,1669707119771-unilever nepal ltd-nepal-life buoy#3.png,RECODING,5.0,4.0,99764400,112.05497741699219,120.0,UNILEVER NEPAL LTD-NEPAL,LIFE BUOY,LIFE BUOY NATURE,LIFE BUOY NATURE-ACTIV SILVER FORMULA EWP 90 GM,EWRPK,90.000 GM,,,90.0,GM,40.0
118,2022-12-07 00:00:00,202212.0,122531509.0,1669707119771.0,99764400.0,120.0,UNILEVER NEPAL LTD-NEPAL,LIFE BUOY,LIFE BUOY NATURE ACTIVE FORMULA EWP 90GM,40.0,EWP,90GM,,1669707119771-unilever nepal ltd-nepal-life buoy#3.png,RECODING,5.0,5.0,92522126,116.25146484375,120.0,UNILEVER NEPAL LTD-NEPAL,LIFE BUOY,LIFE BUOY ACTIVE RED,LIFE BUOY ACTIVE RED-EWP 62 GMS,EWRPK,62.000 GM,,,62.0,GM,0.0
118,2022-12-07 00:00:00,202212.0,122531509.0,1669707119771.0,99764400.0,120.0,UNILEVER NEPAL LTD-NEPAL,LIFE BUOY,LIFE BUOY NATURE ACTIVE FORMULA EWP 90GM,40.0,EWP,90GM,,1669707119771-unilever nepal ltd-nepal-life buoy#3.png,RECODING,5.0,6.0,92516905,117.23043823242188,120.0,UNILEVER NEPAL LTD-NEPAL,LIFE BUOY,LIFE BUOY ACTIVE RED,LIFE BUOY ACTIVE RED-EWP 125 GMS,EWRPK,125.000 GM,,,125.0,GM,0.0
118,2022-12-07 00:00:00,202212.0,122531509.0,1669707119771.0,99764400.0,120.0,UNILEVER NEPAL LTD-NEPAL,LIFE BUOY,LIFE BUOY NATURE ACTIVE FORMULA EWP 90GM,40.0,EWP,90GM,,1669707119771-unilever nepal ltd-nepal-life buoy#3.png,RECODING,5.0,7.0,92517205,117.50582885742188,120.0,UNILEVER NEPAL LTD-NEPAL,LIFE BUOY,LIFE BUOY ACTIVE RED,LIFE BUOY ACTIVE RED-EWP 50 GMS,EWRPK,50.000 GM,,,50.0,GM,0.0
118,2022-12-07 00:00:00,202212.0,122531509.0,1669707119771.0,99764400.0,120.0,UNILEVER NEPAL LTD-NEPAL,LIFE BUOY,LIFE BUOY NATURE ACTIVE FORMULA EWP 90GM,40.0,EWP,90GM,,1669707119771-unilever nepal ltd-nepal-life buoy#3.png,RECODING,5.0,8.0,92516906,118.25912475585938,120.0,UNILEVER NEPAL LTD-NEPAL,LIFE BUOY,LIFE BUOY ACTIVE RED,LIFE BUOY ACTIVE RED-EWP 100 GMS,EWRPK,100.000 GM,,,100.0,GM,0.0
118,2022-12-07 00:00:00,202212.0,122531509.0,1669707119771.0,99764400.0,120.0,UNILEVER NEPAL LTD-NEPAL,LIFE BUOY,LIFE BUOY NATURE ACTIVE FORMULA EWP 90GM,40.0,EWP,90GM,,1669707119771-unilever nepal ltd-nepal-life buoy#3.png,RECODING,5.0,9.0,92517172,119.1452865600586,120.0,UNILEVER NEPAL LTD-NEPAL,LIFE BUOY,LIFE BUOY ACTIVE RED,LIFE BUOY ACTIVE RED-EWP 70 GMS,EWRPK,70.000 GM,,,70.0,GM,0.0
118,2022-12-07 00:00:00,202212.0,122531509.0,1669707119771.0,99764400.0,120.0,UNILEVER NEPAL LTD-NEPAL,LIFE BUOY,LIFE BUOY NATURE ACTIVE FORMULA EWP 90GM,40.0,EWP,90GM,,1669707119771-unilever nepal ltd-nepal-life buoy#3.png,RECODING,5.0,10.0,92527373,120.21630096435547,120.0,UNILEVER NEPAL LTD-NEPAL,LIFE BUOY,LIFE BUOY NATURE,LIFE BUOY NATURE-EWP 125 GMS,EWRPK,125.000 GM,,,125.0,GM,0.0
119,2022-12-07 00:00:00,202212.0,122531509.0,1670314010271.0,99764461.0,106.0,SURYA NEPAL PVT LTD - NEPAL,TOFFICHO TADKA,TOFFICHOO TADKA LITCHI PPH 3.8 GM,2.5,PPH,3.8GM,,1670314010271-surya nepal pvt ltd - nepal-tofficho tadka#3.png,RECODING,5.0,1.0,99764612,147.69171142578125,106.0,SURYA NEPAL PVT LTD - NEPAL,TOFFICHOO TADKA,TOFFICHOO TADKA,TOFFICHOO TADKA-CHAT MASALA LITCHI PCN 760GM,PLJAR,760.000 GM,LYCHEE,,760.0,GM,500.0
119,2022-12-07 00:00:00,202212.0,122531509.0,1670314010271.0,99764461.0,106.0,SURYA NEPAL PVT LTD - NEPAL,TOFFICHO TADKA,TOFFICHOO TADKA LITCHI PPH 3.8 GM,2.5,PPH,3.8GM,,1670314010271-surya nepal pvt ltd - nepal-tofficho tadka#3.png,RECODING,5.0,2.0,99764461,150.91140747070312,106.0,SURYA NEPAL PVT LTD - NEPAL,TOFFICHOO TADKA,TOFFICHOO TADKA,TOFFICHO TADKA-CHAT MASALA LITCHI PPH 3.8 GM,PLPCH,3.800 GM,LYCHEE,,3.8,GM,2.5
119,2022-12-07 00:00:00,202212.0,122531509.0,1670314010271.0,99764461.0,106.0,SURYA NEPAL PVT LTD - NEPAL,TOFFICHO TADKA,TOFFICHOO TADKA LITCHI PPH 3.8 GM,2.5,PPH,3.8GM,,1670314010271-surya nepal pvt ltd - nepal-tofficho tadka#3.png,RECODING,5.0,3.0,99762790,156.50912475585938,106.0,SURYA NEPAL PVT LTD - NEPAL,TOFFICHOO,TOFFICHOO CRÈME LACTO,TOFFICHOO CRÈME LACTO-PPH 4 GM,PLPCH,4.000 GM,UNSPECIFIED,,4.0,GM,2.0
119,2022-12-07 00:00:00,202212.0,122531509.0,1670314010271.0,99764461.0,106.0,SURYA NEPAL PVT LTD - NEPAL,TOFFICHO TADKA,TOFFICHOO TADKA LITCHI PPH 3.8 GM,2.5,PPH,3.8GM,,1670314010271-surya nepal pvt ltd - nepal-tofficho tadka#3.png,RECODING,5.0,4.0,99764502,158.13427734375,106.0,SURYA NEPAL PVT LTD - NEPAL,TOFFICHOO,TOFFICHOO CRÈME LACTO,TOFFICHOO CRÈME LACTO-PCN 800 GM,PLJAR,800.000 GM,UNSPECIFIED,,800.0,GM,500.0
119,2022-12-07 00:00:00,202212.0,122531509.0,1670314010271.0,99764461.0,106.0,SURYA NEPAL PVT LTD - NEPAL,TOFFICHO TADKA,TOFFICHOO TADKA LITCHI PPH 3.8 GM,2.5,PPH,3.8GM,,1670314010271-surya nepal pvt ltd - nepal-tofficho tadka#3.png,RECODING,5.0,5.0,46667,159.98910522460938,123.0,B.S.I PVT LTD-NEPAL,SURYA,SURYA,SURYA-UNWRP 200 GMS,UNWRP,200.000 GM,,,200.0,GM,0.0
119,2022-12-07 00:00:00,202212.0,122531509.0,1670314010271.0,99764461.0,106.0,SURYA NEPAL PVT LTD - NEPAL,TOFFICHO TADKA,TOFFICHOO TADKA LITCHI PPH 3.8 GM,2.5,PPH,3.8GM,,1670314010271-surya nepal pvt ltd - nepal-tofficho tadka#3.png,RECODING,5.0,6.0,99764653,160.4891357421875,106.0,SURYA NEPAL PVT LTD - NEPAL,TOFFICHOO,TOFFICHOO FRUITY DELITE,TOFFICHOO FRUITY DELITE-ASSORTED PCN 600 GM,PLJAR,600.000 GM,ASSORTED,,600.0,GM,400.0
119,2022-12-07 00:00:00,202212.0,122531509.0,1670314010271.0,99764461.0,106.0,SURYA NEPAL PVT LTD - NEPAL,TOFFICHO TADKA,TOFFICHOO TADKA LITCHI PPH 3.8 GM,2.5,PPH,3.8GM,,1670314010271-surya nepal pvt ltd - nepal-tofficho tadka#3.png,RECODING,5.0,7.0,53474,161.97174072265625,123.0,K.S.C.I(P) LTD-NEPAL,PARIJAT,PARIJAT,PARIJAT-UNWRP 200 GM,UNWRP,200.000 GM,,,200.0,GM,0.0
119,2022-12-07 00:00:00,202212.0,122531509.0,1670314010271.0,99764461.0,106.0,SURYA NEPAL PVT LTD - NEPAL,TOFFICHO TADKA,TOFFICHOO TADKA LITCHI PPH 3.8 GM,2.5,PPH,3.8GM,,1670314010271-surya nepal pvt ltd - nepal-tofficho tadka#3.png,RECODING,5.0,8.0,53472,167.02725219726562,123.0,K.S.C.I(P) LTD-NEPAL,PARIJAT,PARIJAT,PARIJAT-UNWRP 120 GM,UNWRP,120.000 GM,,,120.0,GM,0.0
119,2022-12-07 00:00:00,202212.0,122531509.0,1670314010271.0,99764461.0,106.0,SURYA NEPAL PVT LTD - NEPAL,TOFFICHO TADKA,TOFFICHOO TADKA LITCHI PPH 3.8 GM,2.5,PPH,3.8GM,,1670314010271-surya nepal pvt ltd - nepal-tofficho tadka#3.png,RECODING,5.0,9.0,99764544,168.55282592773438,106.0,SURYA NEPAL PVT LTD - NEPAL,TOFFICHOO TADKA,TOFFICHOO TADKA,TOFFICHOO TADKA-CHAT MASALA KACHHA MANGO&PINEAPPLE PCN 760GM,PLJAR,760.000 GM,ASSORTED,,760.0,GM,500.0
119,2022-12-07 00:00:00,202212.0,122531509.0,1670314010271.0,99764461.0,106.0,SURYA NEPAL PVT LTD - NEPAL,TOFFICHO TADKA,TOFFICHOO TADKA LITCHI PPH 3.8 GM,2.5,PPH,3.8GM,,1670314010271-surya nepal pvt ltd - nepal-tofficho tadka#3.png,RECODING,5.0,10.0,48473,169.31893920898438,106.0,SURYA NEPAL PVT LTD - NEPAL,TOFFICHO JELLICIOUS,TOFFICHO JELLICIOUS,TOFFICHO JELLICIOUS- ORANGE PPH 3.7 GM,PLPCH,3.700 GM,ORANGE,,3.7,GM,0.0
120,2022-12-09 00:00:00,202212.0,116492009.0,1670403196733.0,99764477.0,122.0,HIMGIRI HYGIENE PVT LTD-NEPAL,XTRAA,XTRAA MACHINE WASH,20.0,PPH,60G,Any other reason,1670403196733-himgiri hygiene pvt ltd-nepal-xtraa#3.png,RECODING,5.0,1.0,99764477,113.54960632324219,122.0,HIMGIRI HYGIENE PVT LTD-NEPAL,XTRAA,XTRAA MACHINE WASH,XTRAA MACHINE WASH-LEMON & LAVENDER PPH 60 GM,PLPCH,60.000 GM,,,60.0,GM,20.0
120,2022-12-09 00:00:00,202212.0,116492009.0,1670403196733.0,99764477.0,122.0,HIMGIRI HYGIENE PVT LTD-NEPAL,XTRAA,XTRAA MACHINE WASH,20.0,PPH,60G,Any other reason,1670403196733-himgiri hygiene pvt ltd-nepal-xtraa#3.png,RECODING,5.0,2.0,99763357,145.86453247070312,123.0,HIMGIRI HYGIENE PVT LTD-NEPAL,DHONI,DHONI,DHONI-XTRAA LAUNDRY SOAP PPH 6*167 GM [1000 GM],PLPCH,167.000 GM,,,1000.0,GM,220.0
120,2022-12-09 00:00:00,202212.0,116492009.0,1670403196733.0,99764477.0,122.0,HIMGIRI HYGIENE PVT LTD-NEPAL,XTRAA,XTRAA MACHINE WASH,20.0,PPH,60G,Any other reason,1670403196733-himgiri hygiene pvt ltd-nepal-xtraa#3.png,RECODING,5.0,3.0,99764020,146.69122314453125,123.0,HIMGIRI HYGIENE PVT LTD-NEPAL,TIKA,TIKA,TIKA-LAUNDRY SOAP PPH 3*167 GM [500 GM],PLPCH,167.000 GM,,,500.0,GM,105.0
120,2022-12-09 00:00:00,202212.0,116492009.0,1670403196733.0,99764477.0,122.0,HIMGIRI HYGIENE PVT LTD-NEPAL,XTRAA,XTRAA MACHINE WASH,20.0,PPH,60G,Any other reason,1670403196733-himgiri hygiene pvt ltd-nepal-xtraa#3.png,RECODING,5.0,4.0,99763787,148.55535888671875,123.0,HIMGIRI HYGIENE PVT LTD-NEPAL,DHONI,DHONI,DHONI-XTRAA LAUNDRY SOAP PPH 150 GM,PLPCH,150.000 GM,,,150.0,GM,40.0
120,2022-12-09 00:00:00,202212.0,116492009.0,1670403196733.0,99764477.0,122.0,HIMGIRI HYGIENE PVT LTD-NEPAL,XTRAA,XTRAA MACHINE WASH,20.0,PPH,60G,Any other reason,1670403196733-himgiri hygiene pvt ltd-nepal-xtraa#3.png,RECODING,5.0,5.0,99764861,151.4204864501953,123.0,HIMGIRI HYGIENE PVT LTD-NEPAL,DHONI XTRAA,DHONI XTRAA,DHONI XTRAA-LAUNDRY SOAP PPH 6*167 GM [1000 GM],PLPCH,167.000 GM,,,1000.0,GM,220.0
120,2022-12-09 00:00:00,202212.0,116492009.0,1670403196733.0,99764477.0,122.0,HIMGIRI HYGIENE PVT LTD-NEPAL,XTRAA,XTRAA MACHINE WASH,20.0,PPH,60G,Any other reason,1670403196733-himgiri hygiene pvt ltd-nepal-xtraa#3.png,RECODING,5.0,6.0,99764068,153.67190551757812,123.0,HIMGIRI HYGIENE PVT LTD-NEPAL,VIJAYA,VIJAYA SUPER,VIJAYA SUPER-LAUNDRY SOAP PPH 300 GM,PLPCH,300.000 GM,,,300.0,GM,50.0
120,2022-12-09 00:00:00,202212.0,116492009.0,1670403196733.0,99764477.0,122.0,HIMGIRI HYGIENE PVT LTD-NEPAL,XTRAA,XTRAA MACHINE WASH,20.0,PPH,60G,Any other reason,1670403196733-himgiri hygiene pvt ltd-nepal-xtraa#3.png,RECODING,5.0,7.0,99762928,154.52220153808594,123.0,HIMGIRI HYGIENE PVT LTD-NEPAL,TIKA,TIKA,TIKA-LAUNDRY SOAP PPH 200 GM,PLPCH,200.000 GM,,,200.0,GM,40.0
120,2022-12-09 00:00:00,202212.0,116492009.0,1670403196733.0,99764477.0,122.0,HIMGIRI HYGIENE PVT LTD-NEPAL,XTRAA,XTRAA MACHINE WASH,20.0,PPH,60G,Any other reason,1670403196733-himgiri hygiene pvt ltd-nepal-xtraa#3.png,RECODING,5.0,8.0,99764471,154.59230041503906,123.0,HIMGIRI HYGIENE PVT LTD-NEPAL,DHONI XTRAA,DHONI XTRAA PLUS,DHONI XTRAA PLUS-LAUNDRY SOAP PPH 200 GM,PLPCH,200.000 GM,,,200.0,GM,60.0
120,2022-12-09 00:00:00,202212.0,116492009.0,1670403196733.0,99764477.0,122.0,HIMGIRI HYGIENE PVT LTD-NEPAL,XTRAA,XTRAA MACHINE WASH,20.0,PPH,60G,Any other reason,1670403196733-himgiri hygiene pvt ltd-nepal-xtraa#3.png,RECODING,5.0,9.0,99764069,154.75357055664062,123.0,HIMGIRI HYGIENE PVT LTD-NEPAL,VIJAYA,VIJAYA SUPER,VIJAYA SUPER-LAUNDRY SOAP PPH 150 GM,PLPCH,150.000 GM,,,150.0,GM,30.0
120,2022-12-09 00:00:00,202212.0,116492009.0,1670403196733.0,99764477.0,122.0,HIMGIRI HYGIENE PVT LTD-NEPAL,XTRAA,XTRAA MACHINE WASH,20.0,PPH,60G,Any other reason,1670403196733-himgiri hygiene pvt ltd-nepal-xtraa#3.png,RECODING,5.0,10.0,99764415,155.202880859375,123.0,HIMGIRI HYGIENE PVT LTD-NEPAL,DHONI XTRAA,DHONI XTRAA,DHONI XTRAA-LAUNDRY SOAP PPH 150 GM,PLPCH,150.000 GM,,,150.0,GM,40.0
121,2022-12-09 00:00:00,202212.0,116492009.0,1670402342854.0,99764478.0,120.0,UNILEVER NEPAL LTD-NEPAL,LIFE BUOY TOTAL PROTECT,LIFE BUOY TOTAL PROTECT ACTIV SILVER EWP 90G*4,155.0,EWP,90G*4,Any other reason,1670402342854-unilever nepal ltd-nepal-life buoy total protect#3.png,RECODING,5.0,1.0,99764186,100.49491119384766,120.0,UNILEVER NEPAL LTD-NEPAL,LIFE BUOY,LIFE BUOY,LIFE BUOY-GERM PROTECTION SILVER SHLD EWP 4*49GM,EWRPK,49.000 GM,,,196.0,GM,65.0
121,2022-12-09 00:00:00,202212.0,116492009.0,1670402342854.0,99764478.0,120.0,UNILEVER NEPAL LTD-NEPAL,LIFE BUOY TOTAL PROTECT,LIFE BUOY TOTAL PROTECT ACTIV SILVER EWP 90G*4,155.0,EWP,90G*4,Any other reason,1670402342854-unilever nepal ltd-nepal-life buoy total protect#3.png,RECODING,5.0,2.0,99764885,101.43922424316406,120.0,UNILEVER NEPAL LTD-NEPAL,LIFE BUOY,LIFE BUOY TOTAL PROTECT,LIFE BUOY TOTAL PROTECT-ACTIV SILVER EWP 100 GM,EWRPK,100.000 GM,,,100.0,GM,45.0
121,2022-12-09 00:00:00,202212.0,116492009.0,1670402342854.0,99764478.0,120.0,UNILEVER NEPAL LTD-NEPAL,LIFE BUOY TOTAL PROTECT,LIFE BUOY TOTAL PROTECT ACTIV SILVER EWP 90G*4,155.0,EWP,90G*4,Any other reason,1670402342854-unilever nepal ltd-nepal-life buoy total protect#3.png,RECODING,5.0,3.0,99764401,101.69786071777344,120.0,UNILEVER NEPAL LTD-NEPAL,LIFE BUOY,LIFE BUOY TOTAL PROTECT,LIFE BUOY TOTAL PROTECT-ACTIV SILVER EWP 43 GM,EWRPK,43.000 GM,,,43.0,GM,18.0
121,2022-12-09 00:00:00,202212.0,116492009.0,1670402342854.0,99764478.0,120.0,UNILEVER NEPAL LTD-NEPAL,LIFE BUOY TOTAL PROTECT,LIFE BUOY TOTAL PROTECT ACTIV SILVER EWP 90G*4,155.0,EWP,90G*4,Any other reason,1670402342854-unilever nepal ltd-nepal-life buoy total protect#3.png,RECODING,5.0,4.0,99764184,102.45796203613281,120.0,UNILEVER NEPAL LTD-NEPAL,LIFE BUOY,LIFE BUOY TOTAL PROTECT,LIFE BUOY TOTAL PROTECT-ACTIV SILVER EWP 90 GM,EWRPK,90.000 GM,,,90.0,GM,40.0
121,2022-12-09 00:00:00,202212.0,116492009.0,1670402342854.0,99764478.0,120.0,UNILEVER NEPAL LTD-NEPAL,LIFE BUOY TOTAL PROTECT,LIFE BUOY TOTAL PROTECT ACTIV SILVER EWP 90G*4,155.0,EWP,90G*4,Any other reason,1670402342854-unilever nepal ltd-nepal-life buoy total protect#3.png,RECODING,5.0,5.0,99763348,102.55489349365234,120.0,UNILEVER NEPAL LTD-NEPAL,LIFE BUOY,LIFE BUOY TOTAL PROTECT,LIFE BUOY TOTAL PROTECT-ACTIV SILVER EWP 4*95 GM+SAVE RS10,EWRPK,95.000 GM,,,380.0,GM,138.0
121,2022-12-09 00:00:00,202212.0,116492009.0,1670402342854.0,99764478.0,120.0,UNILEVER NEPAL LTD-NEPAL,LIFE BUOY TOTAL PROTECT,LIFE BUOY TOTAL PROTECT ACTIV SILVER EWP 90G*4,155.0,EWP,90G*4,Any other reason,1670402342854-unilever nepal ltd-nepal-life buoy total protect#3.png,RECODING,5.0,6.0,99763277,102.66993713378906,120.0,UNILEVER NEPAL LTD-NEPAL,LIFE BUOY,LIFE BUOY TOTAL PROTECT,LIFE BUOY TOTAL PROTECT-ACTIV SILVER EWP 95 GM,EWRPK,95.000 GM,,,95.0,GM,35.0
121,2022-12-09 00:00:00,202212.0,116492009.0,1670402342854.0,99764478.0,120.0,UNILEVER NEPAL LTD-NEPAL,LIFE BUOY TOTAL PROTECT,LIFE BUOY TOTAL PROTECT ACTIV SILVER EWP 90G*4,155.0,EWP,90G*4,Any other reason,1670402342854-unilever nepal ltd-nepal-life buoy total protect#3.png,RECODING,5.0,7.0,99763291,103.01274108886719,120.0,UNILEVER NEPAL LTD-NEPAL,LIFE BUOY,LIFE BUOY TOTAL PROTECT,LIFE BUOY TOTAL PROTECT-ACTIV SILVER EWP 4*95 GM+SAVE RS12,EWRPK,95.000 GM,,,380.0,GM,140.0
121,2022-12-09 00:00:00,202212.0,116492009.0,1670402342854.0,99764478.0,120.0,UNILEVER NEPAL LTD-NEPAL,LIFE BUOY TOTAL PROTECT,LIFE BUOY TOTAL PROTECT ACTIV SILVER EWP 90G*4,155.0,EWP,90G*4,Any other reason,1670402342854-unilever nepal ltd-nepal-life buoy total protect#3.png,RECODING,5.0,8.0,99763897,103.30755615234375,120.0,UNILEVER NEPAL LTD-NEPAL,LIFE BUOY,LIFE BUOY,LIFE BUOY-GERM PROTECTION SILVER SHLD EWP 4*52GM,EWRPK,52.000 GM,,,208.0,GM,65.0
121,2022-12-09 00:00:00,202212.0,116492009.0,1670402342854.0,99764478.0,120.0,UNILEVER NEPAL LTD-NEPAL,LIFE BUOY TOTAL PROTECT,LIFE BUOY TOTAL PROTECT ACTIV SILVER EWP 90G*4,155.0,EWP,90G*4,Any other reason,1670402342854-unilever nepal ltd-nepal-life buoy total protect#3.png,RECODING,5.0,9.0,99764234,103.59477233886719,120.0,UNILEVER NEPAL LTD-NEPAL,LIFE BUOY,LIFE BUOY,LIFE BUOY-GERM PROTECTION SILVER SHLD EWP 4*46GM,EWRPK,46.000 GM,,,184.0,GM,64.0
121,2022-12-09 00:00:00,202212.0,116492009.0,1670402342854.0,99764478.0,120.0,UNILEVER NEPAL LTD-NEPAL,LIFE BUOY TOTAL PROTECT,LIFE BUOY TOTAL PROTECT ACTIV SILVER EWP 90G*4,155.0,EWP,90G*4,Any other reason,1670402342854-unilever nepal ltd-nepal-life buoy total protect#3.png,RECODING,5.0,10.0,99764478,104.31314086914062,120.0,UNILEVER NEPAL LTD-NEPAL,LIFE BUOY,LIFE BUOY TOTAL PROTECT,LIFE BUOY TOTAL PROTECT-ACTIV SILVER EWP 4*90 GM+SAVE RS 5,EWRPK,90.000 GM,,,360.0,GM,155.0
122,2022-12-09 00:00:00,202212.0,116492009.0,1670402882713.0,99764479.0,120.0,UNILEVER NEPAL LTD-NEPAL,LUX WHITE,LUX WHITE VELVET TOUCH,175.0,EWP,90G*4,Any other reason,1670402882713-unilever nepal ltd-nepal-lux white#3.png,RECODING,5.0,1.0,92523918,110.03694152832031,120.0,UNILEVER NEPAL LTD-NEPAL,LUX,LUX WHITE,LUX WHITE- VELVET TOUCH EWP 54 GMS,EWRPK,54.000 GM,,,54.0,GM,0.0
122,2022-12-09 00:00:00,202212.0,116492009.0,1670402882713.0,99764479.0,120.0,UNILEVER NEPAL LTD-NEPAL,LUX WHITE,LUX WHITE VELVET TOUCH,175.0,EWP,90G*4,Any other reason,1670402882713-unilever nepal ltd-nepal-lux white#3.png,RECODING,5.0,2.0,92525209,110.07940673828125,120.0,UNILEVER NEPAL LTD-NEPAL,LUX,LUX WHITE,LUX WHITE- VELVET TOUCH EWP 62 GMS,EWRPK,62.000 GM,,,62.0,GM,0.0
122,2022-12-09 00:00:00,202212.0,116492009.0,1670402882713.0,99764479.0,120.0,UNILEVER NEPAL LTD-NEPAL,LUX WHITE,LUX WHITE VELVET TOUCH,175.0,EWP,90G*4,Any other reason,1670402882713-unilever nepal ltd-nepal-lux white#3.png,RECODING,5.0,3.0,92527600,110.92579650878906,120.0,UNILEVER NEPAL LTD-NEPAL,LUX,LUX WHITE,LUX WHITE- VELVET TOUCH EWP 50 GM,EWRPK,50.000 GM,,,50.0,GM,0.0
122,2022-12-09 00:00:00,202212.0,116492009.0,1670402882713.0,99764479.0,120.0,UNILEVER NEPAL LTD-NEPAL,LUX WHITE,LUX WHITE VELVET TOUCH,175.0,EWP,90G*4,Any other reason,1670402882713-unilever nepal ltd-nepal-lux white#3.png,RECODING,5.0,4.0,53730,110.92579650878906,120.0,UNILEVER NEPAL LTD-NEPAL,LUX,LUX WHITE,LUX WHITE-VELVET TOUCH EWP 50 GM,EWRPK,50.000 GM,,,50.0,GM,0.0
122,2022-12-09 00:00:00,202212.0,116492009.0,1670402882713.0,99764479.0,120.0,UNILEVER NEPAL LTD-NEPAL,LUX WHITE,LUX WHITE VELVET TOUCH,175.0,EWP,90G*4,Any other reason,1670402882713-unilever nepal ltd-nepal-lux white#3.png,RECODING,5.0,5.0,52856,111.58940124511719,120.0,UNILEVER NEPAL LTD-NEPAL,LUX,LUX WHITE,LUX WHITE-VELVET TOUCH EWP 115 GM,EWRPK,115.000 GM,,,115.0,GM,0.0
122,2022-12-09 00:00:00,202212.0,116492009.0,1670402882713.0,99764479.0,120.0,UNILEVER NEPAL LTD-NEPAL,LUX WHITE,LUX WHITE VELVET TOUCH,175.0,EWP,90G*4,Any other reason,1670402882713-unilever nepal ltd-nepal-lux white#3.png,RECODING,5.0,6.0,51027,112.02590942382812,120.0,UNILEVER NEPAL LTD-NEPAL,LUX,LUX WHITE,LUX WHITE-VELVET TOUCH EWP 4*100 GM+B4G1 FR,EWRPK,100.000 GM,,,500.0,GM,0.0
122,2022-12-09 00:00:00,202212.0,116492009.0,1670402882713.0,99764479.0,120.0,UNILEVER NEPAL LTD-NEPAL,LUX WHITE,LUX WHITE VELVET TOUCH,175.0,EWP,90G*4,Any other reason,1670402882713-unilever nepal ltd-nepal-lux white#3.png,RECODING,5.0,7.0,51114,113.40469360351562,120.0,UNILEVER NEPAL LTD-NEPAL,LUX,LUX WHITE,LUX WHITE-VELVET TOUCH EWP 100 GM,EWRPK,100.000 GM,,,100.0,GM,0.0
122,2022-12-09 00:00:00,202212.0,116492009.0,1670402882713.0,99764479.0,120.0,UNILEVER NEPAL LTD-NEPAL,LUX WHITE,LUX WHITE VELVET TOUCH,175.0,EWP,90G*4,Any other reason,1670402882713-unilever nepal ltd-nepal-lux white#3.png,RECODING,5.0,8.0,92525210,113.43717956542969,120.0,UNILEVER NEPAL LTD-NEPAL,LUX,LUX WHITE,LUX WHITE- VELVET TOUCH EWP 120 GMS,EWRPK,120.000 GM,,,120.0,GM,0.0
122,2022-12-09 00:00:00,202212.0,116492009.0,1670402882713.0,99764479.0,120.0,UNILEVER NEPAL LTD-NEPAL,LUX WHITE,LUX WHITE VELVET TOUCH,175.0,EWP,90G*4,Any other reason,1670402882713-unilever nepal ltd-nepal-lux white#3.png,RECODING,5.0,9.0,92525023,113.63406372070312,120.0,UNILEVER NEPAL LTD-NEPAL,LUX,LUX WHITE,LUX WHITE- VELVET TOUCH EWP 85 GMS,EWRPK,85.000 GM,,,85.0,GM,0.0
122,2022-12-09 00:00:00,202212.0,116492009.0,1670402882713.0,99764479.0,120.0,UNILEVER NEPAL LTD-NEPAL,LUX WHITE,LUX WHITE VELVET TOUCH,175.0,EWP,90G*4,Any other reason,1670402882713-unilever nepal ltd-nepal-lux white#3.png,RECODING,5.0,10.0,92525844,113.68922424316406,120.0,UNILEVER NEPAL LTD-NEPAL,LUX,LUX WHITE,LUX WHITE- VELVET TOUCH EWP 100 GMS,EWRPK,100.000 GM,,,100.0,GM,0.0
123,2022-12-09 00:00:00,202212.0,121211810059.0,1670391332925.0,99764480.0,123.0,PUJA SOAP & HOUSEHOLD PROD-NPL,KAZI,KAZI-LAUNDRY SOAP PPH 250GM,50.0,PPH,250GM,,1670391332925-puja soap - household prod-npl-kazi#3.png,RECODING,5.0,1.0,99762813,94.15213012695312,123.0,PUJA SOAP & HOUSEHOLD PROD-NPL,KAZI,KAZI,KAZI-LAUNDRY SOAP PPH 100 GM,PLPCH,100.000 GM,,,100.0,GM,20.0
123,2022-12-09 00:00:00,202212.0,121211810059.0,1670391332925.0,99764480.0,123.0,PUJA SOAP & HOUSEHOLD PROD-NPL,KAZI,KAZI-LAUNDRY SOAP PPH 250GM,50.0,PPH,250GM,,1670391332925-puja soap - household prod-npl-kazi#3.png,RECODING,5.0,2.0,99764480,98.22019958496094,123.0,PUJA SOAP & HOUSEHOLD PROD-NPL,KAZI,KAZI,KAZI-LAUNDRY SOAP PPH 250 GM,PLPCH,250.000 GM,,,250.0,GM,50.0
123,2022-12-09 00:00:00,202212.0,121211810059.0,1670391332925.0,99764480.0,123.0,PUJA SOAP & HOUSEHOLD PROD-NPL,KAZI,KAZI-LAUNDRY SOAP PPH 250GM,50.0,PPH,250GM,,1670391332925-puja soap - household prod-npl-kazi#3.png,RECODING,5.0,3.0,48713,131.76181030273438,123.0,PUJA SOAP & HOUSEHOLD PROD-NPL,PUJA,PUJA,PUJA-PPH 210 GM,PLPCH,210.000 GM,,,210.0,GM,0.0
123,2022-12-09 00:00:00,202212.0,121211810059.0,1670391332925.0,99764480.0,123.0,PUJA SOAP & HOUSEHOLD PROD-NPL,KAZI,KAZI-LAUNDRY SOAP PPH 250GM,50.0,PPH,250GM,,1670391332925-puja soap - household prod-npl-kazi#3.png,RECODING,5.0,4.0,50546,131.9227294921875,123.0,PUJA SOAP & HOUSEHOLD PROD-NPL,PUJA,PUJA,PUJA-PPH 220 GM,PLPCH,220.000 GM,,,220.0,GM,0.0
123,2022-12-09 00:00:00,202212.0,121211810059.0,1670391332925.0,99764480.0,123.0,PUJA SOAP & HOUSEHOLD PROD-NPL,KAZI,KAZI-LAUNDRY SOAP PPH 250GM,50.0,PPH,250GM,,1670391332925-puja soap - household prod-npl-kazi#3.png,RECODING,5.0,5.0,50193,133.24777221679688,123.0,PUJA SOAP & HOUSEHOLD PROD-NPL,PUJA,PUJA,PUJA-PPH 600 GM,PLPCH,600.000 GM,,,600.0,GM,0.0
123,2022-12-09 00:00:00,202212.0,121211810059.0,1670391332925.0,99764480.0,123.0,PUJA SOAP & HOUSEHOLD PROD-NPL,KAZI,KAZI-LAUNDRY SOAP PPH 250GM,50.0,PPH,250GM,,1670391332925-puja soap - household prod-npl-kazi#3.png,RECODING,5.0,6.0,47121,133.35775756835938,123.0,PUJA SOAP & HOUSEHOLD PROD-NPL,PUJA,PUJA,PUJA-PPH 650 GM,PLPCH,650.000 GM,,,650.0,GM,0.0
123,2022-12-09 00:00:00,202212.0,121211810059.0,1670391332925.0,99764480.0,123.0,PUJA SOAP & HOUSEHOLD PROD-NPL,KAZI,KAZI-LAUNDRY SOAP PPH 250GM,50.0,PPH,250GM,,1670391332925-puja soap - household prod-npl-kazi#3.png,RECODING,5.0,7.0,52441,133.7527618408203,123.0,PUJA SOAP & HOUSEHOLD PROD-NPL,PUJA,PUJA,PUJA-PPH 12*180 GM,PLPCH,180.000 GM,,,2160.0,GM,0.0
123,2022-12-09 00:00:00,202212.0,121211810059.0,1670391332925.0,99764480.0,123.0,PUJA SOAP & HOUSEHOLD PROD-NPL,KAZI,KAZI-LAUNDRY SOAP PPH 250GM,50.0,PPH,250GM,,1670391332925-puja soap - household prod-npl-kazi#3.png,RECODING,5.0,8.0,48712,134.8582305908203,123.0,PUJA SOAP & HOUSEHOLD PROD-NPL,PUJA,PUJA,PUJA-PPH 620 GM,PLPCH,620.000 GM,,,620.0,GM,0.0
123,2022-12-09 00:00:00,202212.0,121211810059.0,1670391332925.0,99764480.0,123.0,PUJA SOAP & HOUSEHOLD PROD-NPL,KAZI,KAZI-LAUNDRY SOAP PPH 250GM,50.0,PPH,250GM,,1670391332925-puja soap - household prod-npl-kazi#3.png,RECODING,5.0,9.0,99762554,135.65109252929688,123.0,PUJA SOAP & HOUSEHOLD PROD-NPL,PUJA,PUJA,PUJA-PPH 200 GMS,PLPCH,200.000 GM,,,200.0,GM,40.0
123,2022-12-09 00:00:00,202212.0,121211810059.0,1670391332925.0,99764480.0,123.0,PUJA SOAP & HOUSEHOLD PROD-NPL,KAZI,KAZI-LAUNDRY SOAP PPH 250GM,50.0,PPH,250GM,,1670391332925-puja soap - household prod-npl-kazi#3.png,RECODING,5.0,10.0,99763639,136.27755737304688,123.0,PUJA SOAP & HOUSEHOLD PROD-NPL,PUJA,PUJA,PUJA-PPH 125 GM,PLPCH,125.000 GM,,,125.0,GM,20.0
124,2022-12-09 00:00:00,202212.0,131563410392.0,1670474063331.0,99764481.0,123.0,GOLDEN STAR SOAP IND-NEPAL,UNIK ULTRA,UNIK ULTRA\200GM\PPH\SMART CLEAN,45.0,PPH,200GM,,1670474063331-golden star soap ind-nepal-unik ultra#3.png,RECODING,5.0,1.0,99764481,104.80181884765625,123.0,GOLDEN STAR SOAP IND-NEPAL,UNIK,UNIK ULTRA,UNIK ULTRA-SMART CLEAN PPH 200 GM,PLPCH,200.000 GM,,,200.0,GM,45.0
124,2022-12-09 00:00:00,202212.0,131563410392.0,1670474063331.0,99764481.0,123.0,GOLDEN STAR SOAP IND-NEPAL,UNIK ULTRA,UNIK ULTRA\200GM\PPH\SMART CLEAN,45.0,PPH,200GM,,1670474063331-golden star soap ind-nepal-unik ultra#3.png,RECODING,5.0,2.0,99763953,107.44284057617188,123.0,GOLDEN STAR SOAP IND-NEPAL,UNIK,UNIK ULTRA,UNIK ULTRA-SMART CLEAN PPH 150 GM,PLPCH,150.000 GM,,,150.0,GM,35.0
124,2022-12-09 00:00:00,202212.0,131563410392.0,1670474063331.0,99764481.0,123.0,GOLDEN STAR SOAP IND-NEPAL,UNIK ULTRA,UNIK ULTRA\200GM\PPH\SMART CLEAN,45.0,PPH,200GM,,1670474063331-golden star soap ind-nepal-unik ultra#3.png,RECODING,5.0,3.0,50742,117.08121490478516,123.0,GOLDEN STAR SOAP IND-NEPAL,UNIK,UNIK ULTRA,UNIK ULTRA-PPH 200 GM+10% EXT,PLPCH,200.000 GM,,,220.0,GM,0.0
124,2022-12-09 00:00:00,202212.0,131563410392.0,1670474063331.0,99764481.0,123.0,GOLDEN STAR SOAP IND-NEPAL,UNIK ULTRA,UNIK ULTRA\200GM\PPH\SMART CLEAN,45.0,PPH,200GM,,1670474063331-golden star soap ind-nepal-unik ultra#3.png,RECODING,5.0,4.0,49401,122.88946533203125,123.0,GOLDEN STAR SOAP IND-NEPAL,UNIK,UNIK,UNIK-PREMIUM PPH 6*240 GM[2040GM],PLPCH,240.000 GM,,,2040.0,GM,0.0
124,2022-12-09 00:00:00,202212.0,131563410392.0,1670474063331.0,99764481.0,123.0,GOLDEN STAR SOAP IND-NEPAL,UNIK ULTRA,UNIK ULTRA\200GM\PPH\SMART CLEAN,45.0,PPH,200GM,,1670474063331-golden star soap ind-nepal-unik ultra#3.png,RECODING,5.0,5.0,99764008,123.6634292602539,123.0,GOLDEN STAR SOAP IND-NEPAL,AAYO,AAYO ULTRA,AAYO ULTRA-LAUNDRY SOAP PPH 3*167 GM [500 GM],PLPCH,167.000 GM,,,500.0,GM,100.0
124,2022-12-09 00:00:00,202212.0,131563410392.0,1670474063331.0,99764481.0,123.0,GOLDEN STAR SOAP IND-NEPAL,UNIK ULTRA,UNIK ULTRA\200GM\PPH\SMART CLEAN,45.0,PPH,200GM,,1670474063331-golden star soap ind-nepal-unik ultra#3.png,RECODING,5.0,6.0,92924274,126.11380767822266,123.0,GOLDEN STAR SOAP IND-NEPAL,UNIK,UNIK,UNIK-UNWRP 200 GMS,UNWRP,200.000 GM,,,200.0,GM,0.0
124,2022-12-09 00:00:00,202212.0,131563410392.0,1670474063331.0,99764481.0,123.0,GOLDEN STAR SOAP IND-NEPAL,UNIK ULTRA,UNIK ULTRA\200GM\PPH\SMART CLEAN,45.0,PPH,200GM,,1670474063331-golden star soap ind-nepal-unik ultra#3.png,RECODING,5.0,7.0,92925398,127.2186279296875,123.0,GOLDEN STAR SOAP IND-NEPAL,50-50,50-50,50-50-50-UNWRP 200 GMS,UNWRP,200.000 GM,,,200.0,GM,0.0
124,2022-12-09 00:00:00,202212.0,131563410392.0,1670474063331.0,99764481.0,123.0,GOLDEN STAR SOAP IND-NEPAL,UNIK ULTRA,UNIK ULTRA\200GM\PPH\SMART CLEAN,45.0,PPH,200GM,,1670474063331-golden star soap ind-nepal-unik ultra#3.png,RECODING,5.0,8.0,92923730,130.3844757080078,123.0,GOLDEN STAR SOAP IND-NEPAL,UNIK,UNIK,UNIK-UNWRP 300 GMS,UNWRP,300.000 GM,,,300.0,GM,0.0
124,2022-12-09 00:00:00,202212.0,131563410392.0,1670474063331.0,99764481.0,123.0,GOLDEN STAR SOAP IND-NEPAL,UNIK ULTRA,UNIK ULTRA\200GM\PPH\SMART CLEAN,45.0,PPH,200GM,,1670474063331-golden star soap ind-nepal-unik ultra#3.png,RECODING,5.0,9.0,92920929,130.83702087402344,123.0,GOLDEN STAR SOAP IND-NEPAL,UNIK,UNIK,UNIK-UNWRP 150 GMS,UNWRP,150.000 GM,,,150.0,GM,0.0
124,2022-12-09 00:00:00,202212.0,131563410392.0,1670474063331.0,99764481.0,123.0,GOLDEN STAR SOAP IND-NEPAL,UNIK ULTRA,UNIK ULTRA\200GM\PPH\SMART CLEAN,45.0,PPH,200GM,,1670474063331-golden star soap ind-nepal-unik ultra#3.png,RECODING,5.0,10.0,46994,131.35641479492188,123.0,GOLDEN STAR SOAP IND-NEPAL,RAHI 72%,RAHI 72%,RAHI 72%-UNWRP 220 GM,UNWRP,220.000 GM,,,220.0,GM,0.0
125,2022-12-10 00:00:00,202212.0,516753510207.0,1669272650101.0,99764405.0,132.0,JASMINE HYGIENIC - NEPAL,CUDDLERS PANTS,CUDDLERS PANTS OVERNIGHT/LARGE/4 PCS/PPH,100.0,PPH,4 PCS,,1669272650101-jasmine hygienic - nepal-cuddlers pants#3.png,RECODING,5.0,1.0,99762689,92.43946838378906,132.0,JASMINE HYGIENIC - NEPAL,CUDDLERS,CUDDLERS PANTS,CUDDLERS PANTS-OVERNITES SMALL(S) PPH 6 NOS,PLPCH,6.000 NO,,,6.0,NO,100.0
125,2022-12-10 00:00:00,202212.0,516753510207.0,1669272650101.0,99764405.0,132.0,JASMINE HYGIENIC - NEPAL,CUDDLERS PANTS,CUDDLERS PANTS OVERNIGHT/LARGE/4 PCS/PPH,100.0,PPH,4 PCS,,1669272650101-jasmine hygienic - nepal-cuddlers pants#3.png,RECODING,5.0,2.0,99762687,94.01426696777344,132.0,JASMINE HYGIENIC - NEPAL,CUDDLERS,CUDDLERS PANTS,CUDDLERS PANTS-OVERNITES SMALL(S) PPH 5 NOS,PLPCH,5.000 NO,,,5.0,NO,100.0
125,2022-12-10 00:00:00,202212.0,516753510207.0,1669272650101.0,99764405.0,132.0,JASMINE HYGIENIC - NEPAL,CUDDLERS PANTS,CUDDLERS PANTS OVERNIGHT/LARGE/4 PCS/PPH,100.0,PPH,4 PCS,,1669272650101-jasmine hygienic - nepal-cuddlers pants#3.png,RECODING,5.0,3.0,99762911,94.29120635986328,132.0,JASMINE HYGIENIC - NEPAL,CUDDLERS,CUDDLERS PANTS,CUDDLERS PANTS-OVERNITES MEDIUM (M) PPH 52 NOS,PLPCH,52.000 NO,,,52.0,NO,950.0
125,2022-12-10 00:00:00,202212.0,516753510207.0,1669272650101.0,99764405.0,132.0,JASMINE HYGIENIC - NEPAL,CUDDLERS PANTS,CUDDLERS PANTS OVERNIGHT/LARGE/4 PCS/PPH,100.0,PPH,4 PCS,,1669272650101-jasmine hygienic - nepal-cuddlers pants#3.png,RECODING,5.0,4.0,99762688,94.531005859375,132.0,JASMINE HYGIENIC - NEPAL,CUDDLERS,CUDDLERS PANTS,CUDDLERS PANTS-OVERNITES MEDIUM (M) PPH 5 NOS,PLPCH,5.000 NO,,,5.0,NO,100.0
125,2022-12-10 00:00:00,202212.0,516753510207.0,1669272650101.0,99764405.0,132.0,JASMINE HYGIENIC - NEPAL,CUDDLERS PANTS,CUDDLERS PANTS OVERNIGHT/LARGE/4 PCS/PPH,100.0,PPH,4 PCS,,1669272650101-jasmine hygienic - nepal-cuddlers pants#3.png,RECODING,5.0,5.0,99763061,96.25872802734375,132.0,JASMINE HYGIENIC - NEPAL,CUDDLERS,CUDDLERS PANTS,CUDDLERS PANTS-OVERNITES LARGE(L) PPH 48 NOS,PLPCH,48.000 NO,,,48.0,NO,960.0
125,2022-12-10 00:00:00,202212.0,516753510207.0,1669272650101.0,99764405.0,132.0,JASMINE HYGIENIC - NEPAL,CUDDLERS PANTS,CUDDLERS PANTS OVERNIGHT/LARGE/4 PCS/PPH,100.0,PPH,4 PCS,,1669272650101-jasmine hygienic - nepal-cuddlers pants#3.png,RECODING,5.0,6.0,99762657,96.70344543457031,132.0,JASMINE HYGIENIC - NEPAL,CUDDLERS,CUDDLERS PANTS,CUDDLERS PANTS-OVERNITES LARGE(L) PPH 5 NOS,PLPCH,5.000 NO,,,5.0,NO,100.0
125,2022-12-10 00:00:00,202212.0,516753510207.0,1669272650101.0,99764405.0,132.0,JASMINE HYGIENIC - NEPAL,CUDDLERS PANTS,CUDDLERS PANTS OVERNIGHT/LARGE/4 PCS/PPH,100.0,PPH,4 PCS,,1669272650101-jasmine hygienic - nepal-cuddlers pants#3.png,RECODING,5.0,7.0,99764405,97.5563735961914,132.0,JASMINE HYGIENIC - NEPAL,CUDDLERS,CUDDLERS PANTS,CUDDLERS PANTS-OVERNITES LARGE(L) PPH 4 NOS,PLPCH,4.000 NO,,,4.0,NO,100.0
125,2022-12-10 00:00:00,202212.0,516753510207.0,1669272650101.0,99764405.0,132.0,JASMINE HYGIENIC - NEPAL,CUDDLERS PANTS,CUDDLERS PANTS OVERNIGHT/LARGE/4 PCS/PPH,100.0,PPH,4 PCS,,1669272650101-jasmine hygienic - nepal-cuddlers pants#3.png,RECODING,5.0,8.0,99762706,97.55984497070312,132.0,JASMINE HYGIENIC - NEPAL,CUDDLERS,CUDDLERS PANTS,CUDDLERS PANTS-SOFT & DRY SMALL (S) PPH 5 NOS,PLPCH,5.000 NO,,,5.0,NO,80.0
125,2022-12-10 00:00:00,202212.0,516753510207.0,1669272650101.0,99764405.0,132.0,JASMINE HYGIENIC - NEPAL,CUDDLERS PANTS,CUDDLERS PANTS OVERNIGHT/LARGE/4 PCS/PPH,100.0,PPH,4 PCS,,1669272650101-jasmine hygienic - nepal-cuddlers pants#3.png,RECODING,5.0,9.0,99762705,97.93709564208984,132.0,JASMINE HYGIENIC - NEPAL,CUDDLERS,CUDDLERS PANTS,CUDDLERS PANTS-SOFT & DRY LARGE(L) PPH 4 NOS,PLPCH,4.000 NO,,,4.0,NO,80.0
125,2022-12-10 00:00:00,202212.0,516753510207.0,1669272650101.0,99764405.0,132.0,JASMINE HYGIENIC - NEPAL,CUDDLERS PANTS,CUDDLERS PANTS OVERNIGHT/LARGE/4 PCS/PPH,100.0,PPH,4 PCS,,1669272650101-jasmine hygienic - nepal-cuddlers pants#3.png,RECODING,5.0,10.0,99762623,99.00785064697266,132.0,JASMINE HYGIENIC - NEPAL,CUDDLERS,CUDDLERS PANTS,CUDDLERS PANTS-OVERNITES EXTRA LARGE(XL) PPH 4 NOS,PLPCH,4.000 NO,,,4.0,NO,100.0
126,2022-12-10 00:00:00,202212.0,516753710246.0,1670292035204.0,99764483.0,120.0,GODREJ CONSUMER PRODUCTS-INDIA,GODREJ NO.1 ,GODREJ NO.1/ROSEWATER ALMOND/45GM/EWP,20.0,EWP,45GM,,1670292035204-godrej consumer products-india-godrej no-1 #3.png,RECODING,5.0,1.0,49011,116.55270385742188,120.0,GODREJ CONSUMER PRODUCTS-INDIA,GODREJ,GODREJ NO.1 BEAUTY SOAP,GODREJ NO.1 BEAUTY SOAP-ROSEWATER ALMOND EWP 58G+20%,EWRPK,58.000 GM,,,70.0,GM,0.0
126,2022-12-10 00:00:00,202212.0,516753710246.0,1670292035204.0,99764483.0,120.0,GODREJ CONSUMER PRODUCTS-INDIA,GODREJ NO.1 ,GODREJ NO.1/ROSEWATER ALMOND/45GM/EWP,20.0,EWP,45GM,,1670292035204-godrej consumer products-india-godrej no-1 #3.png,RECODING,5.0,2.0,99764003,118.30156707763672,120.0,GODREJ CONSUMER PRODUCTS-INDIA,GODREJ,GODREJ NO.1 BEAUTY SOAP,GODREJ NO.1 BEAUTY SOAP-ROSEWATER ALMOND EWP 53 GM,EWRPK,53.000 GM,,,53.0,GM,20.0
126,2022-12-10 00:00:00,202212.0,516753710246.0,1670292035204.0,99764483.0,120.0,GODREJ CONSUMER PRODUCTS-INDIA,GODREJ NO.1 ,GODREJ NO.1/ROSEWATER ALMOND/45GM/EWP,20.0,EWP,45GM,,1670292035204-godrej consumer products-india-godrej no-1 #3.png,RECODING,5.0,3.0,51216,118.91633605957031,120.0,GODREJ CONSUMER PRODUCTS-INDIA,GODREJ,GODREJ NO.1 BEAUTY SOAP,GODREJ NO.1 BEAUTY SOAP-ROSEWATER ALMOND EWP 100 GM,EWRPK,100.000 GM,,,100.0,GM,0.0
126,2022-12-10 00:00:00,202212.0,516753710246.0,1670292035204.0,99764483.0,120.0,GODREJ CONSUMER PRODUCTS-INDIA,GODREJ NO.1 ,GODREJ NO.1/ROSEWATER ALMOND/45GM/EWP,20.0,EWP,45GM,,1670292035204-godrej consumer products-india-godrej no-1 #3.png,RECODING,5.0,4.0,99763356,120.17732238769531,120.0,GODREJ CONSUMER PRODUCTS-INDIA,GODREJ,GODREJ NO.1 BEAUTY SOAP,GODREJ NO.1 BEAUTY SOAP-ROSEWATER ALMOND EWP 55G+6GM,EWRPK,55.000 GM,,,61.0,GM,20.0
126,2022-12-10 00:00:00,202212.0,516753710246.0,1670292035204.0,99764483.0,120.0,GODREJ CONSUMER PRODUCTS-INDIA,GODREJ NO.1 ,GODREJ NO.1/ROSEWATER ALMOND/45GM/EWP,20.0,EWP,45GM,,1670292035204-godrej consumer products-india-godrej no-1 #3.png,RECODING,5.0,5.0,99762418,120.23110961914062,120.0,GODREJ CONSUMER PRODUCTS-INDIA,GODREJ,GODREJ NO.1 BEAUTY SOAP,GODREJ NO.1 BEAUTY SOAP-ROSEWATER&ALMOND EWP 63G,EWRPK,63.000 GM,,,63.0,GM,20.0
126,2022-12-10 00:00:00,202212.0,516753710246.0,1670292035204.0,99764483.0,120.0,GODREJ CONSUMER PRODUCTS-INDIA,GODREJ NO.1 ,GODREJ NO.1/ROSEWATER ALMOND/45GM/EWP,20.0,EWP,45GM,,1670292035204-godrej consumer products-india-godrej no-1 #3.png,RECODING,5.0,6.0,99764483,120.81332397460938,120.0,GODREJ CONSUMER PRODUCTS-INDIA,GODREJ,GODREJ NO.1 BEAUTY SOAP,GODREJ NO.1 BEAUTY SOAP-ROSEWATER ALMOND EWP 45 GM,EWRPK,45.000 GM,,,45.0,GM,20.0
126,2022-12-10 00:00:00,202212.0,516753710246.0,1670292035204.0,99764483.0,120.0,GODREJ CONSUMER PRODUCTS-INDIA,GODREJ NO.1 ,GODREJ NO.1/ROSEWATER ALMOND/45GM/EWP,20.0,EWP,45GM,,1670292035204-godrej consumer products-india-godrej no-1 #3.png,RECODING,5.0,7.0,92521685,122.8612060546875,120.0,GODREJ CONSUMER PRODUCTS-INDIA,GODREJ,GODREJ NO.1 BEAUTY SOAP,GODREJ NO.1 BEAUTY SOAP-ROSEWATER&ALMOND EWP 68G,EWRPK,68.000 GM,,,68.0,GM,0.0
126,2022-12-10 00:00:00,202212.0,516753710246.0,1670292035204.0,99764483.0,120.0,GODREJ CONSUMER PRODUCTS-INDIA,GODREJ NO.1 ,GODREJ NO.1/ROSEWATER ALMOND/45GM/EWP,20.0,EWP,45GM,,1670292035204-godrej consumer products-india-godrej no-1 #3.png,RECODING,5.0,8.0,99763347,134.81910705566406,120.0,GODREJ CONSUMER PRODUCTS-INDIA,GODREJ,GODREJ NO.1 BEAUTY SOAP,GODREJ NO.1 BEAUTY SOAP-ROSEWATR ALMOND EWP 4*100G+SAVE RS 15,EWRPK,100.000 GM,,,400.0,GM,125.0
126,2022-12-10 00:00:00,202212.0,516753710246.0,1670292035204.0,99764483.0,120.0,GODREJ CONSUMER PRODUCTS-INDIA,GODREJ NO.1 ,GODREJ NO.1/ROSEWATER ALMOND/45GM/EWP,20.0,EWP,45GM,,1670292035204-godrej consumer products-india-godrej no-1 #3.png,RECODING,5.0,9.0,92562362,138.79690551757812,120.0,GODREJ CONSUMER PRODUCTS-INDIA,GODREJ,GODREJ NO.1 BEAUTY SOAP,GODREJ NO.1 BEAUTY SOAP-ROSEWTR&ALMND EWP 100G+[3+1],EWRPK,100.000 GM,,,400.0,GM,0.0
126,2022-12-10 00:00:00,202212.0,516753710246.0,1670292035204.0,99764483.0,120.0,GODREJ CONSUMER PRODUCTS-INDIA,GODREJ NO.1 ,GODREJ NO.1/ROSEWATER ALMOND/45GM/EWP,20.0,EWP,45GM,,1670292035204-godrej consumer products-india-godrej no-1 #3.png,RECODING,5.0,10.0,52649,139.98660278320312,120.0,GODREJ CONSUMER PRODUCTS-INDIA,GODREJ,GODREJ NO.1 BEAUTY SOAP,GODREJ NO.1 BEAUTY SOAP-ROSEWTR&ALMND EWP 100G+[4+1],EWRPK,100.000 GM,,,500.0,GM,0.0
127,2022-12-10 00:00:00,202212.0,516753710246.0,1670291827337.0,99764484.0,123.0,PADMA SOAP & CHEMICAL - NEPAL,A-ONE XPERT,A-ONE X-PERT/MULTI ACTION LAUNDRY SOAP/150GM/PPH,30.0,PPH,150GM ,,1670291827337-padma soap - chemical - nepal-a-one xpert#3.png,RECODING,5.0,1.0,99762437,108.31158447265625,123.0,PADMA SOAP & CHEMICAL - NEPAL,A-ONE,A-ONE XPERT,A-ONE XPERT-MULTIACTION LAUNDRY SOAP PPH 100 GM,PLPCH,100.000 GM,,,100.0,GM,20.0
127,2022-12-10 00:00:00,202212.0,516753710246.0,1670291827337.0,99764484.0,123.0,PADMA SOAP & CHEMICAL - NEPAL,A-ONE XPERT,A-ONE X-PERT/MULTI ACTION LAUNDRY SOAP/150GM/PPH,30.0,PPH,150GM ,,1670291827337-padma soap - chemical - nepal-a-one xpert#3.png,RECODING,5.0,2.0,99762650,108.87184143066406,123.0,PADMA SOAP & CHEMICAL - NEPAL,A-ONE,A-ONE XPERT,A-ONE XPERT-MULTIACTION LAUNDRY SOAP PPH 200 GM,PLPCH,200.000 GM,,,200.0,GM,40.0
127,2022-12-10 00:00:00,202212.0,516753710246.0,1670291827337.0,99764484.0,123.0,PADMA SOAP & CHEMICAL - NEPAL,A-ONE XPERT,A-ONE X-PERT/MULTI ACTION LAUNDRY SOAP/150GM/PPH,30.0,PPH,150GM ,,1670291827337-padma soap - chemical - nepal-a-one xpert#3.png,RECODING,5.0,3.0,99764484,111.55326843261719,123.0,PADMA SOAP & CHEMICAL - NEPAL,A-ONE,A-ONE XPERT,A-ONE XPERT-MULTIACTION LAUNDRY SOAP PPH 150 GM,PLPCH,150.000 GM,,,150.0,GM,30.0
127,2022-12-10 00:00:00,202212.0,516753710246.0,1670291827337.0,99764484.0,123.0,PADMA SOAP & CHEMICAL - NEPAL,A-ONE XPERT,A-ONE X-PERT/MULTI ACTION LAUNDRY SOAP/150GM/PPH,30.0,PPH,150GM ,,1670291827337-padma soap - chemical - nepal-a-one xpert#3.png,RECODING,5.0,4.0,99762810,113.52859497070312,123.0,PADMA SOAP & CHEMICAL - NEPAL,A-ONE,A-ONE XPERT,A-ONE XPERT-MULTIACTION LAUNDRY SOAP PPH 250 GM,PLPCH,250.000 GM,,,250.0,GM,50.0
127,2022-12-10 00:00:00,202212.0,516753710246.0,1670291827337.0,99764484.0,123.0,PADMA SOAP & CHEMICAL - NEPAL,A-ONE XPERT,A-ONE X-PERT/MULTI ACTION LAUNDRY SOAP/150GM/PPH,30.0,PPH,150GM ,,1670291827337-padma soap - chemical - nepal-a-one xpert#3.png,RECODING,5.0,5.0,51829,127.01327514648438,123.0,PADMA SOAP & CHEMICAL - NEPAL,A-ONE,A-ONE XPERT,A-ONE XPERT-MULTIACTION PPH 630 GM,PLPCH,630.000 GM,,,630.0,GM,0.0
127,2022-12-10 00:00:00,202212.0,516753710246.0,1670291827337.0,99764484.0,123.0,PADMA SOAP & CHEMICAL - NEPAL,A-ONE XPERT,A-ONE X-PERT/MULTI ACTION LAUNDRY SOAP/150GM/PPH,30.0,PPH,150GM ,,1670291827337-padma soap - chemical - nepal-a-one xpert#3.png,RECODING,5.0,6.0,53490,127.36737060546875,123.0,PADMA SOAP & CHEMICAL - NEPAL,A-ONE,A-ONE XPERT,A-ONE XPERT-MULTIACTION PPH 210 GM,PLPCH,210.000 GM,,,210.0,GM,0.0
127,2022-12-10 00:00:00,202212.0,516753710246.0,1670291827337.0,99764484.0,123.0,PADMA SOAP & CHEMICAL - NEPAL,A-ONE XPERT,A-ONE X-PERT/MULTI ACTION LAUNDRY SOAP/150GM/PPH,30.0,PPH,150GM ,,1670291827337-padma soap - chemical - nepal-a-one xpert#3.png,RECODING,5.0,7.0,99763576,135.21148681640625,123.0,PADMA SOAP & CHEMICAL - NEPAL,BIJULI,BIJULI,BIJULI-LAUNDRY SOAP PPH 100 GM,PLPCH,100.000 GM,,,100.0,GM,20.0
127,2022-12-10 00:00:00,202212.0,516753710246.0,1670291827337.0,99764484.0,123.0,PADMA SOAP & CHEMICAL - NEPAL,A-ONE XPERT,A-ONE X-PERT/MULTI ACTION LAUNDRY SOAP/150GM/PPH,30.0,PPH,150GM ,,1670291827337-padma soap - chemical - nepal-a-one xpert#3.png,RECODING,5.0,8.0,99764179,137.4671173095703,123.0,NAMASTE S.I (P)-NEPAL,JUN,JUN,JUN-LAUNDRY SOAP PPH 200 GM,PLPCH,200.000 GM,,,200.0,GM,40.0
127,2022-12-10 00:00:00,202212.0,516753710246.0,1670291827337.0,99764484.0,123.0,PADMA SOAP & CHEMICAL - NEPAL,A-ONE XPERT,A-ONE X-PERT/MULTI ACTION LAUNDRY SOAP/150GM/PPH,30.0,PPH,150GM ,,1670291827337-padma soap - chemical - nepal-a-one xpert#3.png,RECODING,5.0,9.0,99763828,140.70828247070312,122.0,PADMA SOAP & CHEMICAL - NEPAL,A-ONE,A-ONE,A-ONE-DETERGENT POWDER PPH 200 GM,PLPCH,200.000 GM,,,200.0,GM,20.0
127,2022-12-10 00:00:00,202212.0,516753710246.0,1670291827337.0,99764484.0,123.0,PADMA SOAP & CHEMICAL - NEPAL,A-ONE XPERT,A-ONE X-PERT/MULTI ACTION LAUNDRY SOAP/150GM/PPH,30.0,PPH,150GM ,,1670291827337-padma soap - chemical - nepal-a-one xpert#3.png,RECODING,5.0,10.0,99762767,142.48353576660156,123.0,NAMASTE S.I (P)-NEPAL,JUN,JUN,JUN-LAUNDRY SOAP PPH 500 GM,PLPCH,500.000 GM,,,500.0,GM,100.0
128,2022-12-10 00:00:00,202212.0,212581910102.0,1670567613382.0,99764482.0,134.0,BHAIRAB KUNDA SPRING WATER P .LTD,BHAIRAB KUNDA,BHAIRAB KUNDA SPRING WATER\1\LITRE\RS 20,20.0,PET,1 LITRE,New SKU,1670567613382-bhairab kunda spring water p -ltd-bhairab kunda#3.png,RECODING,5.0,1.0,99764482,140.19386291503906,118.0,BHAIRAB KUNDA SPRING WATER-NEPAL,BHAIRAB KUNDA,BHAIRAB KUNDA,PET 1000 ML,PET,1000.000 ML,,,1000.0,ML,20.0
128,2022-12-10 00:00:00,202212.0,212581910102.0,1670567613382.0,99764482.0,134.0,BHAIRAB KUNDA SPRING WATER P .LTD,BHAIRAB KUNDA,BHAIRAB KUNDA SPRING WATER\1\LITRE\RS 20,20.0,PET,1 LITRE,New SKU,1670567613382-bhairab kunda spring water p -ltd-bhairab kunda#3.png,RECODING,5.0,2.0,99765386,176.78106689453125,118.0,SAILUNG SPRING WATER INDUS-NP,AQUA CHHAHARI,AQUA CHHAHARI,PET 1000 ML,PET,1000.000 ML,,,1000.0,ML,20.0
128,2022-12-10 00:00:00,202212.0,212581910102.0,1670567613382.0,99764482.0,134.0,BHAIRAB KUNDA SPRING WATER P .LTD,BHAIRAB KUNDA,BHAIRAB KUNDA SPRING WATER\1\LITRE\RS 20,20.0,PET,1 LITRE,New SKU,1670567613382-bhairab kunda spring water p -ltd-bhairab kunda#3.png,RECODING,5.0,3.0,40125789,181.55642700195312,118.0,KAKREBIHAR WATER INDUSTRIES-NP,MASTA,MASTA,PET 1000 ML,PET,1000.000 ML,,,1000.0,ML,0.0
128,2022-12-10 00:00:00,202212.0,212581910102.0,1670567613382.0,99764482.0,134.0,BHAIRAB KUNDA SPRING WATER P .LTD,BHAIRAB KUNDA,BHAIRAB KUNDA SPRING WATER\1\LITRE\RS 20,20.0,PET,1 LITRE,New SKU,1670567613382-bhairab kunda spring water p -ltd-bhairab kunda#3.png,RECODING,5.0,4.0,40122634,187.60195922851562,118.0,JAY SHIV SHAKTI WATER INDS-NPL,RUPANDEHI,RUPANDEHI,PET 1000 ML,PET,1000.000 ML,,,1000.0,ML,0.0
128,2022-12-10 00:00:00,202212.0,212581910102.0,1670567613382.0,99764482.0,134.0,BHAIRAB KUNDA SPRING WATER P .LTD,BHAIRAB KUNDA,BHAIRAB KUNDA SPRING WATER\1\LITRE\RS 20,20.0,PET,1 LITRE,New SKU,1670567613382-bhairab kunda spring water p -ltd-bhairab kunda#3.png,RECODING,5.0,5.0,99765385,191.8186492919922,118.0,RESUNGA JAL PVT LTD-NEPAL,RESUNGA AQUA,RESUNGA AQUA,PET 1000 ML,PET,1000.000 ML,,,1000.0,ML,20.0
128,2022-12-10 00:00:00,202212.0,212581910102.0,1670567613382.0,99764482.0,134.0,BHAIRAB KUNDA SPRING WATER P .LTD,BHAIRAB KUNDA,BHAIRAB KUNDA SPRING WATER\1\LITRE\RS 20,20.0,PET,1 LITRE,New SKU,1670567613382-bhairab kunda spring water p -ltd-bhairab kunda#3.png,RECODING,5.0,6.0,40120414,192.32261657714844,118.0,SURAKSHIT PANI UDHYOG-NEPAL,AQUA SPRING,AQUA SPRING,PET 1000 ML,PET,1000.000 ML,,,1000.0,ML,0.0
128,2022-12-10 00:00:00,202212.0,212581910102.0,1670567613382.0,99764482.0,134.0,BHAIRAB KUNDA SPRING WATER P .LTD,BHAIRAB KUNDA,BHAIRAB KUNDA SPRING WATER\1\LITRE\RS 20,20.0,PET,1 LITRE,New SKU,1670567613382-bhairab kunda spring water p -ltd-bhairab kunda#3.png,RECODING,5.0,7.0,99763558,193.27932739257812,118.0,SAILUNG SPRING WATER INDUS-NP,SAILUNG,SAILUNG,PET 1000 ML,PET,1000.000 ML,,,1000.0,ML,20.0
128,2022-12-10 00:00:00,202212.0,212581910102.0,1670567613382.0,99764482.0,134.0,BHAIRAB KUNDA SPRING WATER P .LTD,BHAIRAB KUNDA,BHAIRAB KUNDA SPRING WATER\1\LITRE\RS 20,20.0,PET,1 LITRE,New SKU,1670567613382-bhairab kunda spring water p -ltd-bhairab kunda#3.png,RECODING,5.0,8.0,46700,194.09365844726562,118.0,BHULKE JAL UDYOG-NEPAL,AQUA BHULK,AQUA BHULK,PET 1000 ML,PET,1000.000 ML,,,1000.0,ML,0.0
128,2022-12-10 00:00:00,202212.0,212581910102.0,1670567613382.0,99764482.0,134.0,BHAIRAB KUNDA SPRING WATER P .LTD,BHAIRAB KUNDA,BHAIRAB KUNDA SPRING WATER\1\LITRE\RS 20,20.0,PET,1 LITRE,New SKU,1670567613382-bhairab kunda spring water p -ltd-bhairab kunda#3.png,RECODING,5.0,9.0,40125885,194.98715209960938,118.0,PRASIDHA WATER INDUSTRIES-NP,PRASID,PRASID,PET 1000 ML,PET,1000.000 ML,,,1000.0,ML,0.0
128,2022-12-10 00:00:00,202212.0,212581910102.0,1670567613382.0,99764482.0,134.0,BHAIRAB KUNDA SPRING WATER P .LTD,BHAIRAB KUNDA,BHAIRAB KUNDA SPRING WATER\1\LITRE\RS 20,20.0,PET,1 LITRE,New SKU,1670567613382-bhairab kunda spring water p -ltd-bhairab kunda#3.png,RECODING,5.0,10.0,99762505,195.2782440185547,118.0,BHAIRAV DRINKING WATER-NEPAL,AQUA BHAIRAV PURA,AQUA BHAIRAV PURA,PET 1000 ML,PET,1000.000 ML,,,1000.0,ML,20.0
129,2022-12-10 00:00:00,202212.0,130293667.0,1670569298014.0,99764461.0,106.0,SURYA NEPAL PVT LTD - NEPAL,TOFFICHOO TADKA,TOFFICHOO TADKA,3.0,PPH,3.8GM,,1670569298014-surya nepal pvt ltd - nepal-toffichoo tadka#3.png,RECODING,5.0,1.0,99764612,143.54470825195312,106.0,SURYA NEPAL PVT LTD - NEPAL,TOFFICHOO TADKA,TOFFICHOO TADKA,TOFFICHOO TADKA-CHAT MASALA LITCHI PCN 760GM,PLJAR,760.000 GM,LYCHEE,,760.0,GM,500.0
129,2022-12-10 00:00:00,202212.0,130293667.0,1670569298014.0,99764461.0,106.0,SURYA NEPAL PVT LTD - NEPAL,TOFFICHOO TADKA,TOFFICHOO TADKA,3.0,PPH,3.8GM,,1670569298014-surya nepal pvt ltd - nepal-toffichoo tadka#3.png,RECODING,5.0,2.0,99764461,145.55189514160156,106.0,SURYA NEPAL PVT LTD - NEPAL,TOFFICHOO TADKA,TOFFICHOO TADKA,TOFFICHO TADKA-CHAT MASALA LITCHI PPH 3.8 GM,PLPCH,3.800 GM,LYCHEE,,3.8,GM,2.5
129,2022-12-10 00:00:00,202212.0,130293667.0,1670569298014.0,99764461.0,106.0,SURYA NEPAL PVT LTD - NEPAL,TOFFICHOO TADKA,TOFFICHOO TADKA,3.0,PPH,3.8GM,,1670569298014-surya nepal pvt ltd - nepal-toffichoo tadka#3.png,RECODING,5.0,3.0,99762790,149.80715942382812,106.0,SURYA NEPAL PVT LTD - NEPAL,TOFFICHOO,TOFFICHOO CRÈME LACTO,TOFFICHOO CRÈME LACTO-PPH 4 GM,PLPCH,4.000 GM,UNSPECIFIED,,4.0,GM,2.0
129,2022-12-10 00:00:00,202212.0,130293667.0,1670569298014.0,99764461.0,106.0,SURYA NEPAL PVT LTD - NEPAL,TOFFICHOO TADKA,TOFFICHOO TADKA,3.0,PPH,3.8GM,,1670569298014-surya nepal pvt ltd - nepal-toffichoo tadka#3.png,RECODING,5.0,4.0,99764502,153.3507080078125,106.0,SURYA NEPAL PVT LTD - NEPAL,TOFFICHOO,TOFFICHOO CRÈME LACTO,TOFFICHOO CRÈME LACTO-PCN 800 GM,PLJAR,800.000 GM,UNSPECIFIED,,800.0,GM,500.0
129,2022-12-10 00:00:00,202212.0,130293667.0,1670569298014.0,99764461.0,106.0,SURYA NEPAL PVT LTD - NEPAL,TOFFICHOO TADKA,TOFFICHOO TADKA,3.0,PPH,3.8GM,,1670569298014-surya nepal pvt ltd - nepal-toffichoo tadka#3.png,RECODING,5.0,5.0,99764653,153.59408569335938,106.0,SURYA NEPAL PVT LTD - NEPAL,TOFFICHOO,TOFFICHOO FRUITY DELITE,TOFFICHOO FRUITY DELITE-ASSORTED PCN 600 GM,PLJAR,600.000 GM,ASSORTED,,600.0,GM,400.0
129,2022-12-10 00:00:00,202212.0,130293667.0,1670569298014.0,99764461.0,106.0,SURYA NEPAL PVT LTD - NEPAL,TOFFICHOO TADKA,TOFFICHOO TADKA,3.0,PPH,3.8GM,,1670569298014-surya nepal pvt ltd - nepal-toffichoo tadka#3.png,RECODING,5.0,6.0,46667,156.5162353515625,123.0,B.S.I PVT LTD-NEPAL,SURYA,SURYA,SURYA-UNWRP 200 GMS,UNWRP,200.000 GM,,,200.0,GM,0.0
129,2022-12-10 00:00:00,202212.0,130293667.0,1670569298014.0,99764461.0,106.0,SURYA NEPAL PVT LTD - NEPAL,TOFFICHOO TADKA,TOFFICHOO TADKA,3.0,PPH,3.8GM,,1670569298014-surya nepal pvt ltd - nepal-toffichoo tadka#3.png,RECODING,5.0,7.0,99764544,161.94346618652344,106.0,SURYA NEPAL PVT LTD - NEPAL,TOFFICHOO TADKA,TOFFICHOO TADKA,TOFFICHOO TADKA-CHAT MASALA KACHHA MANGO&PINEAPPLE PCN 760GM,PLJAR,760.000 GM,ASSORTED,,760.0,GM,500.0
129,2022-12-10 00:00:00,202212.0,130293667.0,1670569298014.0,99764461.0,106.0,SURYA NEPAL PVT LTD - NEPAL,TOFFICHOO TADKA,TOFFICHOO TADKA,3.0,PPH,3.8GM,,1670569298014-surya nepal pvt ltd - nepal-toffichoo tadka#3.png,RECODING,5.0,8.0,53474,162.04061889648438,123.0,K.S.C.I(P) LTD-NEPAL,PARIJAT,PARIJAT,PARIJAT-UNWRP 200 GM,UNWRP,200.000 GM,,,200.0,GM,0.0
129,2022-12-10 00:00:00,202212.0,130293667.0,1670569298014.0,99764461.0,106.0,SURYA NEPAL PVT LTD - NEPAL,TOFFICHOO TADKA,TOFFICHOO TADKA,3.0,PPH,3.8GM,,1670569298014-surya nepal pvt ltd - nepal-toffichoo tadka#3.png,RECODING,5.0,9.0,99764789,163.9066162109375,106.0,SURYA NEPAL PVT LTD - NEPAL,TOFFICHOO,TOFFICHOO DUOZ,TOFFICHOO DUOZ-STRAWBERRY PCN 720 GM,PLJAR,720.000 GM,STRAWBERRY,,720.0,GM,400.0
129,2022-12-10 00:00:00,202212.0,130293667.0,1670569298014.0,99764461.0,106.0,SURYA NEPAL PVT LTD - NEPAL,TOFFICHOO TADKA,TOFFICHOO TADKA,3.0,PPH,3.8GM,,1670569298014-surya nepal pvt ltd - nepal-toffichoo tadka#3.png,RECODING,5.0,10.0,99762973,165.09878540039062,106.0,SURYA NEPAL PVT LTD - NEPAL,TOFFICHO TADKA,TOFFICHO TADKA,TOFFICHO TADKA-CHAT PINEAPPLE PPH 3.8 GM,PLPCH,3.800 GM,PINEAPPLE,,3.8,GM,2.5
130,2022-12-11 00:00:00,202212.0,212581910166.0,1670567613382.0,99764482.0,134.0,BHAIRAB KUNDA SPRING WATER P .LTD,BHAIRAB KUNDA,BHAIRAB KUNDA SPRING WATER\1\LITRE\RS 20,20.0,PET,1 LITRE,New SKU,1670567613382-bhairab kunda spring water p -ltd-bhairab kunda#3.png,RECODING,5.0,1.0,99764482,137.78729248046875,118.0,BHAIRAB KUNDA SPRING WATER-NEPAL,BHAIRAB KUNDA,BHAIRAB KUNDA,PET 1000 ML,PET,1000.000 ML,,,1000.0,ML,20.0
130,2022-12-11 00:00:00,202212.0,212581910166.0,1670567613382.0,99764482.0,134.0,BHAIRAB KUNDA SPRING WATER P .LTD,BHAIRAB KUNDA,BHAIRAB KUNDA SPRING WATER\1\LITRE\RS 20,20.0,PET,1 LITRE,New SKU,1670567613382-bhairab kunda spring water p -ltd-bhairab kunda#3.png,RECODING,5.0,2.0,99765386,174.85601806640625,118.0,SAILUNG SPRING WATER INDUS-NP,AQUA CHHAHARI,AQUA CHHAHARI,PET 1000 ML,PET,1000.000 ML,,,1000.0,ML,20.0
130,2022-12-11 00:00:00,202212.0,212581910166.0,1670567613382.0,99764482.0,134.0,BHAIRAB KUNDA SPRING WATER P .LTD,BHAIRAB KUNDA,BHAIRAB KUNDA SPRING WATER\1\LITRE\RS 20,20.0,PET,1 LITRE,New SKU,1670567613382-bhairab kunda spring water p -ltd-bhairab kunda#3.png,RECODING,5.0,3.0,40125789,180.4600830078125,118.0,KAKREBIHAR WATER INDUSTRIES-NP,MASTA,MASTA,PET 1000 ML,PET,1000.000 ML,,,1000.0,ML,0.0
130,2022-12-11 00:00:00,202212.0,212581910166.0,1670567613382.0,99764482.0,134.0,BHAIRAB KUNDA SPRING WATER P .LTD,BHAIRAB KUNDA,BHAIRAB KUNDA SPRING WATER\1\LITRE\RS 20,20.0,PET,1 LITRE,New SKU,1670567613382-bhairab kunda spring water p -ltd-bhairab kunda#3.png,RECODING,5.0,4.0,40122634,186.4090118408203,118.0,JAY SHIV SHAKTI WATER INDS-NPL,RUPANDEHI,RUPANDEHI,PET 1000 ML,PET,1000.000 ML,,,1000.0,ML,0.0
130,2022-12-11 00:00:00,202212.0,212581910166.0,1670567613382.0,99764482.0,134.0,BHAIRAB KUNDA SPRING WATER P .LTD,BHAIRAB KUNDA,BHAIRAB KUNDA SPRING WATER\1\LITRE\RS 20,20.0,PET,1 LITRE,New SKU,1670567613382-bhairab kunda spring water p -ltd-bhairab kunda#3.png,RECODING,5.0,5.0,99763558,191.55331420898438,118.0,SAILUNG SPRING WATER INDUS-NP,SAILUNG,SAILUNG,PET 1000 ML,PET,1000.000 ML,,,1000.0,ML,20.0
130,2022-12-11 00:00:00,202212.0,212581910166.0,1670567613382.0,99764482.0,134.0,BHAIRAB KUNDA SPRING WATER P .LTD,BHAIRAB KUNDA,BHAIRAB KUNDA SPRING WATER\1\LITRE\RS 20,20.0,PET,1 LITRE,New SKU,1670567613382-bhairab kunda spring water p -ltd-bhairab kunda#3.png,RECODING,5.0,6.0,99765385,191.68470764160156,118.0,RESUNGA JAL PVT LTD-NEPAL,RESUNGA AQUA,RESUNGA AQUA,PET 1000 ML,PET,1000.000 ML,,,1000.0,ML,20.0
130,2022-12-11 00:00:00,202212.0,212581910166.0,1670567613382.0,99764482.0,134.0,BHAIRAB KUNDA SPRING WATER P .LTD,BHAIRAB KUNDA,BHAIRAB KUNDA SPRING WATER\1\LITRE\RS 20,20.0,PET,1 LITRE,New SKU,1670567613382-bhairab kunda spring water p -ltd-bhairab kunda#3.png,RECODING,5.0,7.0,99762505,192.61825561523438,118.0,BHAIRAV DRINKING WATER-NEPAL,AQUA BHAIRAV PURA,AQUA BHAIRAV PURA,PET 1000 ML,PET,1000.000 ML,,,1000.0,ML,20.0
130,2022-12-11 00:00:00,202212.0,212581910166.0,1670567613382.0,99764482.0,134.0,BHAIRAB KUNDA SPRING WATER P .LTD,BHAIRAB KUNDA,BHAIRAB KUNDA SPRING WATER\1\LITRE\RS 20,20.0,PET,1 LITRE,New SKU,1670567613382-bhairab kunda spring water p -ltd-bhairab kunda#3.png,RECODING,5.0,8.0,46700,192.63967895507812,118.0,BHULKE JAL UDYOG-NEPAL,AQUA BHULK,AQUA BHULK,PET 1000 ML,PET,1000.000 ML,,,1000.0,ML,0.0
130,2022-12-11 00:00:00,202212.0,212581910166.0,1670567613382.0,99764482.0,134.0,BHAIRAB KUNDA SPRING WATER P .LTD,BHAIRAB KUNDA,BHAIRAB KUNDA SPRING WATER\1\LITRE\RS 20,20.0,PET,1 LITRE,New SKU,1670567613382-bhairab kunda spring water p -ltd-bhairab kunda#3.png,RECODING,5.0,9.0,40120414,192.80532836914062,118.0,SURAKSHIT PANI UDHYOG-NEPAL,AQUA SPRING,AQUA SPRING,PET 1000 ML,PET,1000.000 ML,,,1000.0,ML,0.0
130,2022-12-11 00:00:00,202212.0,212581910166.0,1670567613382.0,99764482.0,134.0,BHAIRAB KUNDA SPRING WATER P .LTD,BHAIRAB KUNDA,BHAIRAB KUNDA SPRING WATER\1\LITRE\RS 20,20.0,PET,1 LITRE,New SKU,1670567613382-bhairab kunda spring water p -ltd-bhairab kunda#3.png,RECODING,5.0,10.0,40125885,193.45523071289062,118.0,PRASIDHA WATER INDUSTRIES-NP,PRASID,PRASID,PET 1000 ML,PET,1000.000 ML,,,1000.0,ML,0.0
131,2022-12-11 00:00:00,202212.0,212582710075.0,1670567613382.0,99764482.0,134.0,BHAIRAB KUNDA SPRING WATER P .LTD,BHAIRAB KUNDA,BHAIRAB KUNDA SPRING WATER\1\LITRE\RS 20,20.0,PET,1 LITRE,New SKU,1670567613382-bhairab kunda spring water p -ltd-bhairab kunda#3.png,RECODING,5.0,1.0,99764482,136.56024169921875,118.0,BHAIRAB KUNDA SPRING WATER-NEPAL,BHAIRAB KUNDA,BHAIRAB KUNDA,PET 1000 ML,PET,1000.000 ML,,,1000.0,ML,20.0
131,2022-12-11 00:00:00,202212.0,212582710075.0,1670567613382.0,99764482.0,134.0,BHAIRAB KUNDA SPRING WATER P .LTD,BHAIRAB KUNDA,BHAIRAB KUNDA SPRING WATER\1\LITRE\RS 20,20.0,PET,1 LITRE,New SKU,1670567613382-bhairab kunda spring water p -ltd-bhairab kunda#3.png,RECODING,5.0,2.0,99765386,173.96316528320312,118.0,SAILUNG SPRING WATER INDUS-NP,AQUA CHHAHARI,AQUA CHHAHARI,PET 1000 ML,PET,1000.000 ML,,,1000.0,ML,20.0
131,2022-12-11 00:00:00,202212.0,212582710075.0,1670567613382.0,99764482.0,134.0,BHAIRAB KUNDA SPRING WATER P .LTD,BHAIRAB KUNDA,BHAIRAB KUNDA SPRING WATER\1\LITRE\RS 20,20.0,PET,1 LITRE,New SKU,1670567613382-bhairab kunda spring water p -ltd-bhairab kunda#3.png,RECODING,5.0,3.0,40125789,180.01866149902344,118.0,KAKREBIHAR WATER INDUSTRIES-NP,MASTA,MASTA,PET 1000 ML,PET,1000.000 ML,,,1000.0,ML,0.0
131,2022-12-11 00:00:00,202212.0,212582710075.0,1670567613382.0,99764482.0,134.0,BHAIRAB KUNDA SPRING WATER P .LTD,BHAIRAB KUNDA,BHAIRAB KUNDA SPRING WATER\1\LITRE\RS 20,20.0,PET,1 LITRE,New SKU,1670567613382-bhairab kunda spring water p -ltd-bhairab kunda#3.png,RECODING,5.0,4.0,40122634,185.59986877441406,118.0,JAY SHIV SHAKTI WATER INDS-NPL,RUPANDEHI,RUPANDEHI,PET 1000 ML,PET,1000.000 ML,,,1000.0,ML,0.0
131,2022-12-11 00:00:00,202212.0,212582710075.0,1670567613382.0,99764482.0,134.0,BHAIRAB KUNDA SPRING WATER P .LTD,BHAIRAB KUNDA,BHAIRAB KUNDA SPRING WATER\1\LITRE\RS 20,20.0,PET,1 LITRE,New SKU,1670567613382-bhairab kunda spring water p -ltd-bhairab kunda#3.png,RECODING,5.0,5.0,99763558,190.70944213867188,118.0,SAILUNG SPRING WATER INDUS-NP,SAILUNG,SAILUNG,PET 1000 ML,PET,1000.000 ML,,,1000.0,ML,20.0
131,2022-12-11 00:00:00,202212.0,212582710075.0,1670567613382.0,99764482.0,134.0,BHAIRAB KUNDA SPRING WATER P .LTD,BHAIRAB KUNDA,BHAIRAB KUNDA SPRING WATER\1\LITRE\RS 20,20.0,PET,1 LITRE,New SKU,1670567613382-bhairab kunda spring water p -ltd-bhairab kunda#3.png,RECODING,5.0,6.0,99765385,191.46524047851562,118.0,RESUNGA JAL PVT LTD-NEPAL,RESUNGA AQUA,RESUNGA AQUA,PET 1000 ML,PET,1000.000 ML,,,1000.0,ML,20.0
131,2022-12-11 00:00:00,202212.0,212582710075.0,1670567613382.0,99764482.0,134.0,BHAIRAB KUNDA SPRING WATER P .LTD,BHAIRAB KUNDA,BHAIRAB KUNDA SPRING WATER\1\LITRE\RS 20,20.0,PET,1 LITRE,New SKU,1670567613382-bhairab kunda spring water p -ltd-bhairab kunda#3.png,RECODING,5.0,7.0,99762505,192.07308959960938,118.0,BHAIRAV DRINKING WATER-NEPAL,AQUA BHAIRAV PURA,AQUA BHAIRAV PURA,PET 1000 ML,PET,1000.000 ML,,,1000.0,ML,20.0
131,2022-12-11 00:00:00,202212.0,212582710075.0,1670567613382.0,99764482.0,134.0,BHAIRAB KUNDA SPRING WATER P .LTD,BHAIRAB KUNDA,BHAIRAB KUNDA SPRING WATER\1\LITRE\RS 20,20.0,PET,1 LITRE,New SKU,1670567613382-bhairab kunda spring water p -ltd-bhairab kunda#3.png,RECODING,5.0,8.0,46700,192.4063720703125,118.0,BHULKE JAL UDYOG-NEPAL,AQUA BHULK,AQUA BHULK,PET 1000 ML,PET,1000.000 ML,,,1000.0,ML,0.0
131,2022-12-11 00:00:00,202212.0,212582710075.0,1670567613382.0,99764482.0,134.0,BHAIRAB KUNDA SPRING WATER P .LTD,BHAIRAB KUNDA,BHAIRAB KUNDA SPRING WATER\1\LITRE\RS 20,20.0,PET,1 LITRE,New SKU,1670567613382-bhairab kunda spring water p -ltd-bhairab kunda#3.png,RECODING,5.0,9.0,40120414,192.50900268554688,118.0,SURAKSHIT PANI UDHYOG-NEPAL,AQUA SPRING,AQUA SPRING,PET 1000 ML,PET,1000.000 ML,,,1000.0,ML,0.0
131,2022-12-11 00:00:00,202212.0,212582710075.0,1670567613382.0,99764482.0,134.0,BHAIRAB KUNDA SPRING WATER P .LTD,BHAIRAB KUNDA,BHAIRAB KUNDA SPRING WATER\1\LITRE\RS 20,20.0,PET,1 LITRE,New SKU,1670567613382-bhairab kunda spring water p -ltd-bhairab kunda#3.png,RECODING,5.0,10.0,40124787,193.5438995361328,118.0,MAKALU TOP SPRING WATER-NPL,MAKALU TOP,MAKALU TOP,PET 1000 ML,PET,1000.000 ML,,,1000.0,ML,0.0
132,2022-12-11 00:00:00,202212.0,126932690.0,1670568360643.0,,133.0,NESTLE INDIA LTD. - INDIA,CERELAC,NESTLE CERELAC 6TO 24 MONTH,412.0,PAPER,300 GM,,1670568360643-nestle india ltd- - india-cerelac#3.png,DELETE THE ITEM,1.0,1.0,99764039,206.657470703125,133.0,NESTLE INDIA LTD. - INDIA,LACTOGEN,LACTOGEN 4,LACTOGEN 4-AFTER 18 & UPTO 24 MONTHS-CBP 400 GM,CDBOX,400.000 GM,,,400.0,GM,709.0
132,2022-12-11 00:00:00,202212.0,126932690.0,1670568360643.0,,133.0,NESTLE INDIA LTD. - INDIA,CERELAC,NESTLE CERELAC 6TO 24 MONTH,412.0,PAPER,300 GM,,1670568360643-nestle india ltd- - india-cerelac#3.png,DELETE THE ITEM,1.0,2.0,99764029,207.31576538085938,133.0,NESTLE INDIA LTD. - INDIA,LACTOGEN,LACTOGEN 2,LACTOGEN 2-AFTER 6 MONTHS-CBP 400 GM,CDBOX,400.000 GM,,,400.0,GM,735.0
132,2022-12-11 00:00:00,202212.0,126932690.0,1670568360643.0,,133.0,NESTLE INDIA LTD. - INDIA,CERELAC,NESTLE CERELAC 6TO 24 MONTH,412.0,PAPER,300 GM,,1670568360643-nestle india ltd- - india-cerelac#3.png,DELETE THE ITEM,1.0,3.0,99764030,209.27755737304688,133.0,NESTLE INDIA LTD. - INDIA,LACTOGEN,LACTOGEN 3,LACTOGEN 3-AFTER 12 & UPTO 18 MONTHS-CBP 400 GM,CDBOX,400.000 GM,,,400.0,GM,723.0
132,2022-12-11 00:00:00,202212.0,126932690.0,1670568360643.0,,133.0,NESTLE INDIA LTD. - INDIA,CERELAC,NESTLE CERELAC 6TO 24 MONTH,412.0,PAPER,300 GM,,1670568360643-nestle india ltd- - india-cerelac#3.png,DELETE THE ITEM,1.0,4.0,99764028,209.84628295898438,133.0,NESTLE INDIA LTD. - INDIA,LACTOGEN,LACTOGEN 1,LACTOGEN 1-UPTO 6 MONTHS-CBP 400 GM,CDBOX,400.000 GM,,,400.0,GM,747.0
132,2022-12-11 00:00:00,202212.0,126932690.0,1670568360643.0,,133.0,NESTLE INDIA LTD. - INDIA,CERELAC,NESTLE CERELAC 6TO 24 MONTH,412.0,PAPER,300 GM,,1670568360643-nestle india ltd- - india-cerelac#3.png,DELETE THE ITEM,1.0,5.0,91826085,218.2423095703125,106.0,NESTLE INDIA LTD. - INDIA,NESTLE,NESTLE ECLAIRS,NESTLE ECLAIRS- PPH 2.4 GM,PLPCH,2.400 GM,CHOCOLATE,,2.4,GM,0.0
132,2022-12-11 00:00:00,202212.0,126932690.0,1670568360643.0,,133.0,NESTLE INDIA LTD. - INDIA,CERELAC,NESTLE CERELAC 6TO 24 MONTH,412.0,PAPER,300 GM,,1670568360643-nestle india ltd- - india-cerelac#3.png,DELETE THE ITEM,1.0,6.0,91826243,221.09786987304688,106.0,NESTLE INDIA LTD. - INDIA,NESTLE,NESTLE ECLAIRS,NESTLE ECLAIRS- CARAMEL PPH 3.4 GM,PLPCH,3.400 GM,CARAMEL,,3.4,GM,0.0
132,2022-12-11 00:00:00,202212.0,126932690.0,1670568360643.0,,133.0,NESTLE INDIA LTD. - INDIA,CERELAC,NESTLE CERELAC 6TO 24 MONTH,412.0,PAPER,300 GM,,1670568360643-nestle india ltd- - india-cerelac#3.png,DELETE THE ITEM,1.0,7.0,99763541,233.25637817382812,118.0,NESTLE INDIA LTD. - INDIA,NESCAFE,NESCAFE HAZELNUT,HAZELNUT TPK 180 ML,TPK,180.000 ML,HAZELNUT,,180.0,ML,75.0
132,2022-12-11 00:00:00,202212.0,126932690.0,1670568360643.0,,133.0,NESTLE INDIA LTD. - INDIA,CERELAC,NESTLE CERELAC 6TO 24 MONTH,412.0,PAPER,300 GM,,1670568360643-nestle india ltd- - india-cerelac#3.png,DELETE THE ITEM,1.0,8.0,91826244,241.9053192138672,106.0,NESTLE INDIA LTD. - INDIA,NESTLE,NESTLE MILKY BAR ECLAIRS,NESTLE MILKY BAR ECLAIRS- PPH 3.4 GM,PLPCH,3.400 GM,MILK,,3.4,GM,0.0
132,2022-12-11 00:00:00,202212.0,126932690.0,1670568360643.0,,133.0,NESTLE INDIA LTD. - INDIA,CERELAC,NESTLE CERELAC 6TO 24 MONTH,412.0,PAPER,300 GM,,1670568360643-nestle india ltd- - india-cerelac#3.png,DELETE THE ITEM,1.0,9.0,91417164,242.4400177001953,112.0,NESTLE INDIA LTD. - INDIA,MILO,MILO,MILO-CHOCOLATE CBP 1000 GMS,CDBOX,1000.000 GM,,,1000.0,GM,0.0
132,2022-12-11 00:00:00,202212.0,126932690.0,1670568360643.0,,133.0,NESTLE INDIA LTD. - INDIA,CERELAC,NESTLE CERELAC 6TO 24 MONTH,412.0,PAPER,300 GM,,1670568360643-nestle india ltd- - india-cerelac#3.png,DELETE THE ITEM,1.0,10.0,91417163,244.77505493164062,112.0,NESTLE INDIA LTD. - INDIA,MILO,MILO,MILO-CHOCOLATE CBP 500 GMS,CDBOX,500.000 GM,,,500.0,GM,0.0
133,2022-12-11 00:00:00,202212.0,126932690.0,1670568185641.0,,133.0,NESTLE INDIA LTD. - INDIA,CERELAC,NESTLE CERELAC,446.0,PAPER,300 GM,,1670568185641-nestle india ltd- - india-cerelac#3.png,DELETE THE ITEM,1.0,1.0,91826085,227.17173767089844,106.0,NESTLE INDIA LTD. - INDIA,NESTLE,NESTLE ECLAIRS,NESTLE ECLAIRS- PPH 2.4 GM,PLPCH,2.400 GM,CHOCOLATE,,2.4,GM,0.0
133,2022-12-11 00:00:00,202212.0,126932690.0,1670568185641.0,,133.0,NESTLE INDIA LTD. - INDIA,CERELAC,NESTLE CERELAC,446.0,PAPER,300 GM,,1670568185641-nestle india ltd- - india-cerelac#3.png,DELETE THE ITEM,1.0,2.0,99764029,227.33795166015625,133.0,NESTLE INDIA LTD. - INDIA,LACTOGEN,LACTOGEN 2,LACTOGEN 2-AFTER 6 MONTHS-CBP 400 GM,CDBOX,400.000 GM,,,400.0,GM,735.0
133,2022-12-11 00:00:00,202212.0,126932690.0,1670568185641.0,,133.0,NESTLE INDIA LTD. - INDIA,CERELAC,NESTLE CERELAC,446.0,PAPER,300 GM,,1670568185641-nestle india ltd- - india-cerelac#3.png,DELETE THE ITEM,1.0,3.0,99764030,228.71490478515625,133.0,NESTLE INDIA LTD. - INDIA,LACTOGEN,LACTOGEN 3,LACTOGEN 3-AFTER 12 & UPTO 18 MONTHS-CBP 400 GM,CDBOX,400.000 GM,,,400.0,GM,723.0
133,2022-12-11 00:00:00,202212.0,126932690.0,1670568185641.0,,133.0,NESTLE INDIA LTD. - INDIA,CERELAC,NESTLE CERELAC,446.0,PAPER,300 GM,,1670568185641-nestle india ltd- - india-cerelac#3.png,DELETE THE ITEM,1.0,4.0,99764028,228.88912963867188,133.0,NESTLE INDIA LTD. - INDIA,LACTOGEN,LACTOGEN 1,LACTOGEN 1-UPTO 6 MONTHS-CBP 400 GM,CDBOX,400.000 GM,,,400.0,GM,747.0
133,2022-12-11 00:00:00,202212.0,126932690.0,1670568185641.0,,133.0,NESTLE INDIA LTD. - INDIA,CERELAC,NESTLE CERELAC,446.0,PAPER,300 GM,,1670568185641-nestle india ltd- - india-cerelac#3.png,DELETE THE ITEM,1.0,5.0,91826243,229.35760498046875,106.0,NESTLE INDIA LTD. - INDIA,NESTLE,NESTLE ECLAIRS,NESTLE ECLAIRS- CARAMEL PPH 3.4 GM,PLPCH,3.400 GM,CARAMEL,,3.4,GM,0.0
133,2022-12-11 00:00:00,202212.0,126932690.0,1670568185641.0,,133.0,NESTLE INDIA LTD. - INDIA,CERELAC,NESTLE CERELAC,446.0,PAPER,300 GM,,1670568185641-nestle india ltd- - india-cerelac#3.png,DELETE THE ITEM,1.0,6.0,99764039,231.62222290039062,133.0,NESTLE INDIA LTD. - INDIA,LACTOGEN,LACTOGEN 4,LACTOGEN 4-AFTER 18 & UPTO 24 MONTHS-CBP 400 GM,CDBOX,400.000 GM,,,400.0,GM,709.0
133,2022-12-11 00:00:00,202212.0,126932690.0,1670568185641.0,,133.0,NESTLE INDIA LTD. - INDIA,CERELAC,NESTLE CERELAC,446.0,PAPER,300 GM,,1670568185641-nestle india ltd- - india-cerelac#3.png,DELETE THE ITEM,1.0,7.0,99763541,238.47109985351562,118.0,NESTLE INDIA LTD. - INDIA,NESCAFE,NESCAFE HAZELNUT,HAZELNUT TPK 180 ML,TPK,180.000 ML,HAZELNUT,,180.0,ML,75.0
133,2022-12-11 00:00:00,202212.0,126932690.0,1670568185641.0,,133.0,NESTLE INDIA LTD. - INDIA,CERELAC,NESTLE CERELAC,446.0,PAPER,300 GM,,1670568185641-nestle india ltd- - india-cerelac#3.png,DELETE THE ITEM,1.0,8.0,90517731,246.85877990722656,130.0,J.K. ANSELL LTD. - INDIA,KAMASUTRA,KAMASUTRA DOTTED,KAMASUTRA DOTTED-LONG LAST CBP 3 NOS,CDBOX,3.000 NO,,,3.0,NO,0.0
133,2022-12-11 00:00:00,202212.0,126932690.0,1670568185641.0,,133.0,NESTLE INDIA LTD. - INDIA,CERELAC,NESTLE CERELAC,446.0,PAPER,300 GM,,1670568185641-nestle india ltd- - india-cerelac#3.png,DELETE THE ITEM,1.0,9.0,92925079,248.4742431640625,123.0,G.S.I.P.LTD-NEPAL,XPERT,XPERT,XPERT-UNWRP 120 GMS,UNWRP,120.000 GM,,,120.0,GM,0.0
133,2022-12-11 00:00:00,202212.0,126932690.0,1670568185641.0,,133.0,NESTLE INDIA LTD. - INDIA,CERELAC,NESTLE CERELAC,446.0,PAPER,300 GM,,1670568185641-nestle india ltd- - india-cerelac#3.png,DELETE THE ITEM,1.0,10.0,53472,248.5817108154297,123.0,K.S.C.I(P) LTD-NEPAL,PARIJAT,PARIJAT,PARIJAT-UNWRP 120 GM,UNWRP,120.000 GM,,,120.0,GM,0.0
134,2022-12-11 00:00:00,202212.0,126932690.0,1670568764156.0,,133.0,NESTLE INDIA LTD. - INDIA,CERELAC,CERELAC 18 TO 24 MONTH,542.0,PAPER,300 GM,,1670568764156-nestle india ltd- - india-cerelac#3.png,DELETE THE ITEM,1.0,1.0,99764039,189.32275390625,133.0,NESTLE INDIA LTD. - INDIA,LACTOGEN,LACTOGEN 4,LACTOGEN 4-AFTER 18 & UPTO 24 MONTHS-CBP 400 GM,CDBOX,400.000 GM,,,400.0,GM,709.0
134,2022-12-11 00:00:00,202212.0,126932690.0,1670568764156.0,,133.0,NESTLE INDIA LTD. - INDIA,CERELAC,CERELAC 18 TO 24 MONTH,542.0,PAPER,300 GM,,1670568764156-nestle india ltd- - india-cerelac#3.png,DELETE THE ITEM,1.0,2.0,99764030,193.35568237304688,133.0,NESTLE INDIA LTD. - INDIA,LACTOGEN,LACTOGEN 3,LACTOGEN 3-AFTER 12 & UPTO 18 MONTHS-CBP 400 GM,CDBOX,400.000 GM,,,400.0,GM,723.0
134,2022-12-11 00:00:00,202212.0,126932690.0,1670568764156.0,,133.0,NESTLE INDIA LTD. - INDIA,CERELAC,CERELAC 18 TO 24 MONTH,542.0,PAPER,300 GM,,1670568764156-nestle india ltd- - india-cerelac#3.png,DELETE THE ITEM,1.0,3.0,99764029,195.56634521484375,133.0,NESTLE INDIA LTD. - INDIA,LACTOGEN,LACTOGEN 2,LACTOGEN 2-AFTER 6 MONTHS-CBP 400 GM,CDBOX,400.000 GM,,,400.0,GM,735.0
134,2022-12-11 00:00:00,202212.0,126932690.0,1670568764156.0,,133.0,NESTLE INDIA LTD. - INDIA,CERELAC,CERELAC 18 TO 24 MONTH,542.0,PAPER,300 GM,,1670568764156-nestle india ltd- - india-cerelac#3.png,DELETE THE ITEM,1.0,4.0,99764028,197.966552734375,133.0,NESTLE INDIA LTD. - INDIA,LACTOGEN,LACTOGEN 1,LACTOGEN 1-UPTO 6 MONTHS-CBP 400 GM,CDBOX,400.000 GM,,,400.0,GM,747.0
134,2022-12-11 00:00:00,202212.0,126932690.0,1670568764156.0,,133.0,NESTLE INDIA LTD. - INDIA,CERELAC,CERELAC 18 TO 24 MONTH,542.0,PAPER,300 GM,,1670568764156-nestle india ltd- - india-cerelac#3.png,DELETE THE ITEM,1.0,5.0,91826085,215.093017578125,106.0,NESTLE INDIA LTD. - INDIA,NESTLE,NESTLE ECLAIRS,NESTLE ECLAIRS- PPH 2.4 GM,PLPCH,2.400 GM,CHOCOLATE,,2.4,GM,0.0
134,2022-12-11 00:00:00,202212.0,126932690.0,1670568764156.0,,133.0,NESTLE INDIA LTD. - INDIA,CERELAC,CERELAC 18 TO 24 MONTH,542.0,PAPER,300 GM,,1670568764156-nestle india ltd- - india-cerelac#3.png,DELETE THE ITEM,1.0,6.0,91826243,217.52099609375,106.0,NESTLE INDIA LTD. - INDIA,NESTLE,NESTLE ECLAIRS,NESTLE ECLAIRS- CARAMEL PPH 3.4 GM,PLPCH,3.400 GM,CARAMEL,,3.4,GM,0.0
134,2022-12-11 00:00:00,202212.0,126932690.0,1670568764156.0,,133.0,NESTLE INDIA LTD. - INDIA,CERELAC,CERELAC 18 TO 24 MONTH,542.0,PAPER,300 GM,,1670568764156-nestle india ltd- - india-cerelac#3.png,DELETE THE ITEM,1.0,7.0,99763541,226.66673278808594,118.0,NESTLE INDIA LTD. - INDIA,NESCAFE,NESCAFE HAZELNUT,HAZELNUT TPK 180 ML,TPK,180.000 ML,HAZELNUT,,180.0,ML,75.0
134,2022-12-11 00:00:00,202212.0,126932690.0,1670568764156.0,,133.0,NESTLE INDIA LTD. - INDIA,CERELAC,CERELAC 18 TO 24 MONTH,542.0,PAPER,300 GM,,1670568764156-nestle india ltd- - india-cerelac#3.png,DELETE THE ITEM,1.0,8.0,99763480,235.8736572265625,118.0,NESTLE INDIA LTD. - INDIA,NESCAFE,NESCAFE INTENSE CAFE,CAPPUCCINO TPK 180 ML,TPK,180.000 ML,CAPPUCCINO,,180.0,ML,75.0
134,2022-12-11 00:00:00,202212.0,126932690.0,1670568764156.0,,133.0,NESTLE INDIA LTD. - INDIA,CERELAC,CERELAC 18 TO 24 MONTH,542.0,PAPER,300 GM,,1670568764156-nestle india ltd- - india-cerelac#3.png,DELETE THE ITEM,1.0,9.0,91826244,236.66424560546875,106.0,NESTLE INDIA LTD. - INDIA,NESTLE,NESTLE MILKY BAR ECLAIRS,NESTLE MILKY BAR ECLAIRS- PPH 3.4 GM,PLPCH,3.400 GM,MILK,,3.4,GM,0.0
134,2022-12-11 00:00:00,202212.0,126932690.0,1670568764156.0,,133.0,NESTLE INDIA LTD. - INDIA,CERELAC,CERELAC 18 TO 24 MONTH,542.0,PAPER,300 GM,,1670568764156-nestle india ltd- - india-cerelac#3.png,DELETE THE ITEM,1.0,10.0,91417164,239.6651153564453,112.0,NESTLE INDIA LTD. - INDIA,MILO,MILO,MILO-CHOCOLATE CBP 1000 GMS,CDBOX,1000.000 GM,,,1000.0,GM,0.0
135,2022-12-11 00:00:00,202212.0,126932690.0,1670568662654.0,,133.0,NESTLE INDIA LTD. - INDIA,CERELAC,CERELAC 12 TO 24 MONTH,515.0,PAPER,300 GM,,1670568662654-nestle india ltd- - india-cerelac#3.png,DELETE THE ITEM,1.0,1.0,99764039,193.00608825683594,133.0,NESTLE INDIA LTD. - INDIA,LACTOGEN,LACTOGEN 4,LACTOGEN 4-AFTER 18 & UPTO 24 MONTHS-CBP 400 GM,CDBOX,400.000 GM,,,400.0,GM,709.0
135,2022-12-11 00:00:00,202212.0,126932690.0,1670568662654.0,,133.0,NESTLE INDIA LTD. - INDIA,CERELAC,CERELAC 12 TO 24 MONTH,515.0,PAPER,300 GM,,1670568662654-nestle india ltd- - india-cerelac#3.png,DELETE THE ITEM,1.0,2.0,99764030,195.5769500732422,133.0,NESTLE INDIA LTD. - INDIA,LACTOGEN,LACTOGEN 3,LACTOGEN 3-AFTER 12 & UPTO 18 MONTHS-CBP 400 GM,CDBOX,400.000 GM,,,400.0,GM,723.0
135,2022-12-11 00:00:00,202212.0,126932690.0,1670568662654.0,,133.0,NESTLE INDIA LTD. - INDIA,CERELAC,CERELAC 12 TO 24 MONTH,515.0,PAPER,300 GM,,1670568662654-nestle india ltd- - india-cerelac#3.png,DELETE THE ITEM,1.0,3.0,99764029,197.91421508789062,133.0,NESTLE INDIA LTD. - INDIA,LACTOGEN,LACTOGEN 2,LACTOGEN 2-AFTER 6 MONTHS-CBP 400 GM,CDBOX,400.000 GM,,,400.0,GM,735.0
135,2022-12-11 00:00:00,202212.0,126932690.0,1670568662654.0,,133.0,NESTLE INDIA LTD. - INDIA,CERELAC,CERELAC 12 TO 24 MONTH,515.0,PAPER,300 GM,,1670568662654-nestle india ltd- - india-cerelac#3.png,DELETE THE ITEM,1.0,4.0,99764028,200.08160400390625,133.0,NESTLE INDIA LTD. - INDIA,LACTOGEN,LACTOGEN 1,LACTOGEN 1-UPTO 6 MONTHS-CBP 400 GM,CDBOX,400.000 GM,,,400.0,GM,747.0
135,2022-12-11 00:00:00,202212.0,126932690.0,1670568662654.0,,133.0,NESTLE INDIA LTD. - INDIA,CERELAC,CERELAC 12 TO 24 MONTH,515.0,PAPER,300 GM,,1670568662654-nestle india ltd- - india-cerelac#3.png,DELETE THE ITEM,1.0,5.0,91826085,217.39601135253906,106.0,NESTLE INDIA LTD. - INDIA,NESTLE,NESTLE ECLAIRS,NESTLE ECLAIRS- PPH 2.4 GM,PLPCH,2.400 GM,CHOCOLATE,,2.4,GM,0.0
135,2022-12-11 00:00:00,202212.0,126932690.0,1670568662654.0,,133.0,NESTLE INDIA LTD. - INDIA,CERELAC,CERELAC 12 TO 24 MONTH,515.0,PAPER,300 GM,,1670568662654-nestle india ltd- - india-cerelac#3.png,DELETE THE ITEM,1.0,6.0,91826243,220.34954833984375,106.0,NESTLE INDIA LTD. - INDIA,NESTLE,NESTLE ECLAIRS,NESTLE ECLAIRS- CARAMEL PPH 3.4 GM,PLPCH,3.400 GM,CARAMEL,,3.4,GM,0.0
135,2022-12-11 00:00:00,202212.0,126932690.0,1670568662654.0,,133.0,NESTLE INDIA LTD. - INDIA,CERELAC,CERELAC 12 TO 24 MONTH,515.0,PAPER,300 GM,,1670568662654-nestle india ltd- - india-cerelac#3.png,DELETE THE ITEM,1.0,7.0,99763541,229.9394073486328,118.0,NESTLE INDIA LTD. - INDIA,NESCAFE,NESCAFE HAZELNUT,HAZELNUT TPK 180 ML,TPK,180.000 ML,HAZELNUT,,180.0,ML,75.0
135,2022-12-11 00:00:00,202212.0,126932690.0,1670568662654.0,,133.0,NESTLE INDIA LTD. - INDIA,CERELAC,CERELAC 12 TO 24 MONTH,515.0,PAPER,300 GM,,1670568662654-nestle india ltd- - india-cerelac#3.png,DELETE THE ITEM,1.0,8.0,91826244,238.11599731445312,106.0,NESTLE INDIA LTD. - INDIA,NESTLE,NESTLE MILKY BAR ECLAIRS,NESTLE MILKY BAR ECLAIRS- PPH 3.4 GM,PLPCH,3.400 GM,MILK,,3.4,GM,0.0
135,2022-12-11 00:00:00,202212.0,126932690.0,1670568662654.0,,133.0,NESTLE INDIA LTD. - INDIA,CERELAC,CERELAC 12 TO 24 MONTH,515.0,PAPER,300 GM,,1670568662654-nestle india ltd- - india-cerelac#3.png,DELETE THE ITEM,1.0,9.0,99763480,239.07077026367188,118.0,NESTLE INDIA LTD. - INDIA,NESCAFE,NESCAFE INTENSE CAFE,CAPPUCCINO TPK 180 ML,TPK,180.000 ML,CAPPUCCINO,,180.0,ML,75.0
135,2022-12-11 00:00:00,202212.0,126932690.0,1670568662654.0,,133.0,NESTLE INDIA LTD. - INDIA,CERELAC,CERELAC 12 TO 24 MONTH,515.0,PAPER,300 GM,,1670568662654-nestle india ltd- - india-cerelac#3.png,DELETE THE ITEM,1.0,10.0,91417164,240.453125,112.0,NESTLE INDIA LTD. - INDIA,MILO,MILO,MILO-CHOCOLATE CBP 1000 GMS,CDBOX,1000.000 GM,,,1000.0,GM,0.0
136,2022-12-11 00:00:00,202212.0,126932690.0,1670568516977.0,,133.0,NESTLE INDIA LTD. - INDIA,CERELAC,CERELAC FROM 10 TO 24,479.0,PAPER,300 GM,,1670568516977-nestle india ltd- - india-cerelac#3.png,DELETE THE ITEM,1.0,1.0,99764029,212.1259002685547,133.0,NESTLE INDIA LTD. - INDIA,LACTOGEN,LACTOGEN 2,LACTOGEN 2-AFTER 6 MONTHS-CBP 400 GM,CDBOX,400.000 GM,,,400.0,GM,735.0
136,2022-12-11 00:00:00,202212.0,126932690.0,1670568516977.0,,133.0,NESTLE INDIA LTD. - INDIA,CERELAC,CERELAC FROM 10 TO 24,479.0,PAPER,300 GM,,1670568516977-nestle india ltd- - india-cerelac#3.png,DELETE THE ITEM,1.0,2.0,99764039,212.4713897705078,133.0,NESTLE INDIA LTD. - INDIA,LACTOGEN,LACTOGEN 4,LACTOGEN 4-AFTER 18 & UPTO 24 MONTHS-CBP 400 GM,CDBOX,400.000 GM,,,400.0,GM,709.0
136,2022-12-11 00:00:00,202212.0,126932690.0,1670568516977.0,,133.0,NESTLE INDIA LTD. - INDIA,CERELAC,CERELAC FROM 10 TO 24,479.0,PAPER,300 GM,,1670568516977-nestle india ltd- - india-cerelac#3.png,DELETE THE ITEM,1.0,3.0,99764030,213.57186889648438,133.0,NESTLE INDIA LTD. - INDIA,LACTOGEN,LACTOGEN 3,LACTOGEN 3-AFTER 12 & UPTO 18 MONTHS-CBP 400 GM,CDBOX,400.000 GM,,,400.0,GM,723.0
136,2022-12-11 00:00:00,202212.0,126932690.0,1670568516977.0,,133.0,NESTLE INDIA LTD. - INDIA,CERELAC,CERELAC FROM 10 TO 24,479.0,PAPER,300 GM,,1670568516977-nestle india ltd- - india-cerelac#3.png,DELETE THE ITEM,1.0,4.0,99764028,214.19728088378906,133.0,NESTLE INDIA LTD. - INDIA,LACTOGEN,LACTOGEN 1,LACTOGEN 1-UPTO 6 MONTHS-CBP 400 GM,CDBOX,400.000 GM,,,400.0,GM,747.0
136,2022-12-11 00:00:00,202212.0,126932690.0,1670568516977.0,,133.0,NESTLE INDIA LTD. - INDIA,CERELAC,CERELAC FROM 10 TO 24,479.0,PAPER,300 GM,,1670568516977-nestle india ltd- - india-cerelac#3.png,DELETE THE ITEM,1.0,5.0,91826085,216.06939697265625,106.0,NESTLE INDIA LTD. - INDIA,NESTLE,NESTLE ECLAIRS,NESTLE ECLAIRS- PPH 2.4 GM,PLPCH,2.400 GM,CHOCOLATE,,2.4,GM,0.0
136,2022-12-11 00:00:00,202212.0,126932690.0,1670568516977.0,,133.0,NESTLE INDIA LTD. - INDIA,CERELAC,CERELAC FROM 10 TO 24,479.0,PAPER,300 GM,,1670568516977-nestle india ltd- - india-cerelac#3.png,DELETE THE ITEM,1.0,6.0,91826243,219.40594482421875,106.0,NESTLE INDIA LTD. - INDIA,NESTLE,NESTLE ECLAIRS,NESTLE ECLAIRS- CARAMEL PPH 3.4 GM,PLPCH,3.400 GM,CARAMEL,,3.4,GM,0.0
136,2022-12-11 00:00:00,202212.0,126932690.0,1670568516977.0,,133.0,NESTLE INDIA LTD. - INDIA,CERELAC,CERELAC FROM 10 TO 24,479.0,PAPER,300 GM,,1670568516977-nestle india ltd- - india-cerelac#3.png,DELETE THE ITEM,1.0,7.0,99763541,225.94219970703125,118.0,NESTLE INDIA LTD. - INDIA,NESCAFE,NESCAFE HAZELNUT,HAZELNUT TPK 180 ML,TPK,180.000 ML,HAZELNUT,,180.0,ML,75.0
136,2022-12-11 00:00:00,202212.0,126932690.0,1670568516977.0,,133.0,NESTLE INDIA LTD. - INDIA,CERELAC,CERELAC FROM 10 TO 24,479.0,PAPER,300 GM,,1670568516977-nestle india ltd- - india-cerelac#3.png,DELETE THE ITEM,1.0,8.0,99763480,234.2061767578125,118.0,NESTLE INDIA LTD. - INDIA,NESCAFE,NESCAFE INTENSE CAFE,CAPPUCCINO TPK 180 ML,TPK,180.000 ML,CAPPUCCINO,,180.0,ML,75.0
136,2022-12-11 00:00:00,202212.0,126932690.0,1670568516977.0,,133.0,NESTLE INDIA LTD. - INDIA,CERELAC,CERELAC FROM 10 TO 24,479.0,PAPER,300 GM,,1670568516977-nestle india ltd- - india-cerelac#3.png,DELETE THE ITEM,1.0,9.0,91826244,237.71044921875,106.0,NESTLE INDIA LTD. - INDIA,NESTLE,NESTLE MILKY BAR ECLAIRS,NESTLE MILKY BAR ECLAIRS- PPH 3.4 GM,PLPCH,3.400 GM,MILK,,3.4,GM,0.0
136,2022-12-11 00:00:00,202212.0,126932690.0,1670568516977.0,,133.0,NESTLE INDIA LTD. - INDIA,CERELAC,CERELAC FROM 10 TO 24,479.0,PAPER,300 GM,,1670568516977-nestle india ltd- - india-cerelac#3.png,DELETE THE ITEM,1.0,10.0,91417164,238.14993286132812,112.0,NESTLE INDIA LTD. - INDIA,MILO,MILO,MILO-CHOCOLATE CBP 1000 GMS,CDBOX,1000.000 GM,,,1000.0,GM,0.0
137,2022-12-12 00:00:00,202212.0,212582710074.0,1670574096692.0,99764485.0,121.0,RB BRUSH IND.,DANTAYU RED TOOTHPASTE,DANTAYU RED TOOTH PASTE\35\GM,25.0,TUBE,35,New SKU,1670574096692-rb brush ind--dantayu red toothpaste#3.png,RECODING,5.0,1.0,92723554,141.41265869140625,121.0,R B BRUSH IND - NEPAL,DANTAYU,DANTAYU RED TOOTHPASTE,DANTAYU RED TOOTHPASTE-TUB 40 GMS,TUBE,40.000 GM,,,40.0,GM,0.0
137,2022-12-12 00:00:00,202212.0,212582710074.0,1670574096692.0,99764485.0,121.0,RB BRUSH IND.,DANTAYU RED TOOTHPASTE,DANTAYU RED TOOTH PASTE\35\GM,25.0,TUBE,35,New SKU,1670574096692-rb brush ind--dantayu red toothpaste#3.png,RECODING,5.0,2.0,92724871,143.20553588867188,121.0,R B BRUSH IND - NEPAL,DANTAYU,DANTAYU RED TOOTHPASTE,DANTAYU RED TOOTHPASTE-TUB 80 GMS,TUBE,80.000 GM,,,80.0,GM,0.0
137,2022-12-12 00:00:00,202212.0,212582710074.0,1670574096692.0,99764485.0,121.0,RB BRUSH IND.,DANTAYU RED TOOTHPASTE,DANTAYU RED TOOTH PASTE\35\GM,25.0,TUBE,35,New SKU,1670574096692-rb brush ind--dantayu red toothpaste#3.png,RECODING,5.0,3.0,92762176,145.94883728027344,121.0,R B BRUSH IND - NEPAL,DANTAYU,DANTAYU RED TOOTHPASTE,DANTAYU RED TOOTHPASTE-TUB 80 GMS+TOOTH BRUSH,TUBE,80.000 GM,,,80.0,GM,0.0
137,2022-12-12 00:00:00,202212.0,212582710074.0,1670574096692.0,99764485.0,121.0,RB BRUSH IND.,DANTAYU RED TOOTHPASTE,DANTAYU RED TOOTH PASTE\35\GM,25.0,TUBE,35,New SKU,1670574096692-rb brush ind--dantayu red toothpaste#3.png,RECODING,5.0,4.0,54017,163.5887451171875,121.0,R B BRUSH IND - NEPAL,DAANTAAYU,DAANTAAYU RED PASTE,DAANTAAYU RED PASTE-TUBE 80 GM+TOOTHBRUSH,TUBE,80.000 GM,,,80.0,GM,0.0
137,2022-12-12 00:00:00,202212.0,212582710074.0,1670574096692.0,99764485.0,121.0,RB BRUSH IND.,DANTAYU RED TOOTHPASTE,DANTAYU RED TOOTH PASTE\35\GM,25.0,TUBE,35,New SKU,1670574096692-rb brush ind--dantayu red toothpaste#3.png,RECODING,5.0,5.0,99762876,164.10885620117188,121.0,R B BRUSH IND - NEPAL,DAANTAAYU,DAANTAAYU RED PASTE,DAANTAAYU RED PASTE-TUB 70GM+TOOTH BRUSH,TUBE,70.000 GM,,,70.0,GM,55.0
137,2022-12-12 00:00:00,202212.0,212582710074.0,1670574096692.0,99764485.0,121.0,RB BRUSH IND.,DANTAYU RED TOOTHPASTE,DANTAYU RED TOOTH PASTE\35\GM,25.0,TUBE,35,New SKU,1670574096692-rb brush ind--dantayu red toothpaste#3.png,RECODING,5.0,6.0,99763377,176.3697967529297,121.0,R B BRUSH IND - NEPAL,ORLEX R,ORLEX R RED PASTE,ORLEX R RED PASTE-TUBE 140 GM+TOOTH BRUSH FREE,TUBE,140.000 GM,,,140.0,GM,100.0
137,2022-12-12 00:00:00,202212.0,212582710074.0,1670574096692.0,99764485.0,121.0,RB BRUSH IND.,DANTAYU RED TOOTHPASTE,DANTAYU RED TOOTH PASTE\35\GM,25.0,TUBE,35,New SKU,1670574096692-rb brush ind--dantayu red toothpaste#3.png,RECODING,5.0,7.0,92760120,180.64305114746094,121.0,DABUR NEPAL LTD.-NEPAL,DABUR,DABUR RED TOOTHPASTE,DABUR RED TOOTHPASTE-DABUR RED TP 200G+TOOTH BRUSH,TUBE,200.000 GM,,,200.0,GM,0.0
137,2022-12-12 00:00:00,202212.0,212582710074.0,1670574096692.0,99764485.0,121.0,RB BRUSH IND.,DANTAYU RED TOOTHPASTE,DANTAYU RED TOOTH PASTE\35\GM,25.0,TUBE,35,New SKU,1670574096692-rb brush ind--dantayu red toothpaste#3.png,RECODING,5.0,8.0,92761615,180.64395141601562,121.0,DABUR NEPAL LTD.-NEPAL,DABUR,DABUR RED TOOTHPASTE,DABUR RED TOOTHPASTE-TUB 200 GM+100G PASTE&T.BRUSH,TUBE,200.000 GM,,,300.0,GM,0.0
137,2022-12-12 00:00:00,202212.0,212582710074.0,1670574096692.0,99764485.0,121.0,RB BRUSH IND.,DANTAYU RED TOOTHPASTE,DANTAYU RED TOOTH PASTE\35\GM,25.0,TUBE,35,New SKU,1670574096692-rb brush ind--dantayu red toothpaste#3.png,RECODING,5.0,9.0,53324,183.2021484375,121.0,R B BRUSH IND - NEPAL,DAANTAAYU,DAANTAAYU RED PASTE,DAANTAAYU RED PASTE-TUBE 40 GM,TUBE,40.000 GM,,,40.0,GM,0.0
137,2022-12-12 00:00:00,202212.0,212582710074.0,1670574096692.0,99764485.0,121.0,RB BRUSH IND.,DANTAYU RED TOOTHPASTE,DANTAYU RED TOOTH PASTE\35\GM,25.0,TUBE,35,New SKU,1670574096692-rb brush ind--dantayu red toothpaste#3.png,RECODING,5.0,10.0,92760030,183.43629455566406,121.0,DABUR NEPAL LTD.-NEPAL,DABUR,DABUR RED TOOTHPASTE,DABUR RED TOOTHPASTE-DABUR RED TP 100G+TOOTH BRUSH,TUBE,100.000 GM,,,100.0,GM,0.0
138,2022-12-13 00:00:00,202212.0,222332210165.0,1670838477139.0,99764486.0,122.0,HIMGIRI SOAP & CHEMICALS-NEPAL,SHAKTI DETERGENT POWER,SHAKTI DETERGENT POWER\250\GM\RS20,20.0,PPH,250 GM,New SKU,1670838477139-himgiri soap - chemicals-nepal-shakti detergent power#3.png,RECODING,5.0,1.0,99764486,130.10433959960938,122.0,HIMGIRI SOAP & CHEMICALS-NEPAL,SHAKTI,SHAKTI,SHAKTI-DETERGENT POWDER PPH 250 GM,PLPCH,250.000 GM,,,250.0,GM,20.0
138,2022-12-13 00:00:00,202212.0,222332210165.0,1670838477139.0,99764486.0,122.0,HIMGIRI SOAP & CHEMICALS-NEPAL,SHAKTI DETERGENT POWER,SHAKTI DETERGENT POWER\250\GM\RS20,20.0,PPH,250 GM,New SKU,1670838477139-himgiri soap - chemicals-nepal-shakti detergent power#3.png,RECODING,5.0,2.0,52195,133.76580810546875,122.0,HIMGIRI SOAP & CHEMICALS-NEPAL,SUPER SHAKTI,SUPER SHAKTI,SUPER SHAKTI-PPH 5000 GM,PLPCH,5000.000 GM,,,5000.0,GM,0.0
138,2022-12-13 00:00:00,202212.0,222332210165.0,1670838477139.0,99764486.0,122.0,HIMGIRI SOAP & CHEMICALS-NEPAL,SHAKTI DETERGENT POWER,SHAKTI DETERGENT POWER\250\GM\RS20,20.0,PPH,250 GM,New SKU,1670838477139-himgiri soap - chemicals-nepal-shakti detergent power#3.png,RECODING,5.0,3.0,49692,134.0096435546875,122.0,HIMGIRI SOAP & CHEMICALS-NEPAL,SUPER SHAKTI,SUPER SHAKTI,SUPER SHAKTI- PPH 255 GM,PLPCH,255.000 GM,,,255.0,GM,0.0
138,2022-12-13 00:00:00,202212.0,222332210165.0,1670838477139.0,99764486.0,122.0,HIMGIRI SOAP & CHEMICALS-NEPAL,SHAKTI DETERGENT POWER,SHAKTI DETERGENT POWER\250\GM\RS20,20.0,PPH,250 GM,New SKU,1670838477139-himgiri soap - chemicals-nepal-shakti detergent power#3.png,RECODING,5.0,4.0,93025527,134.0518798828125,122.0,HIMGIRI SOAP & CHEMICALS-NEPAL,SUPER SHAKTI,SUPER SHAKTI,SUPER SHAKTI- PPH 1000 GMS,PLPCH,1000.000 GM,,,1000.0,GM,0.0
138,2022-12-13 00:00:00,202212.0,222332210165.0,1670838477139.0,99764486.0,122.0,HIMGIRI SOAP & CHEMICALS-NEPAL,SHAKTI DETERGENT POWER,SHAKTI DETERGENT POWER\250\GM\RS20,20.0,PPH,250 GM,New SKU,1670838477139-himgiri soap - chemicals-nepal-shakti detergent power#3.png,RECODING,5.0,5.0,53652,134.79833984375,122.0,HIMGIRI SOAP & CHEMICALS-NEPAL,SUPER SHAKTI,SUPER SHAKTI,SUPER SHAKTI-PPH 650 GM,PLPCH,650.000 GM,,,650.0,GM,0.0
138,2022-12-13 00:00:00,202212.0,222332210165.0,1670838477139.0,99764486.0,122.0,HIMGIRI SOAP & CHEMICALS-NEPAL,SHAKTI DETERGENT POWER,SHAKTI DETERGENT POWER\250\GM\RS20,20.0,PPH,250 GM,New SKU,1670838477139-himgiri soap - chemicals-nepal-shakti detergent power#3.png,RECODING,5.0,6.0,93020759,135.0951690673828,122.0,HIMGIRI SOAP & CHEMICALS-NEPAL,SUPER SHAKTI,SUPER SHAKTI,SUPER SHAKTI- PPH 375 GMS,PLPCH,375.000 GM,,,375.0,GM,0.0
138,2022-12-13 00:00:00,202212.0,222332210165.0,1670838477139.0,99764486.0,122.0,HIMGIRI SOAP & CHEMICALS-NEPAL,SHAKTI DETERGENT POWER,SHAKTI DETERGENT POWER\250\GM\RS20,20.0,PPH,250 GM,New SKU,1670838477139-himgiri soap - chemicals-nepal-shakti detergent power#3.png,RECODING,5.0,7.0,93019935,135.11256408691406,122.0,HIMGIRI SOAP & CHEMICALS-NEPAL,SUPER SHAKTI,SUPER SHAKTI,SUPER SHAKTI- PPH 400 GMS,PLPCH,400.000 GM,,,400.0,GM,0.0
138,2022-12-13 00:00:00,202212.0,222332210165.0,1670838477139.0,99764486.0,122.0,HIMGIRI SOAP & CHEMICALS-NEPAL,SHAKTI DETERGENT POWER,SHAKTI DETERGENT POWER\250\GM\RS20,20.0,PPH,250 GM,New SKU,1670838477139-himgiri soap - chemicals-nepal-shakti detergent power#3.png,RECODING,5.0,8.0,93025526,135.44168090820312,122.0,HIMGIRI SOAP & CHEMICALS-NEPAL,SUPER SHAKTI,SUPER SHAKTI,SUPER SHAKTI- PPH 125 GMS,PLPCH,125.000 GM,,,125.0,GM,0.0
138,2022-12-13 00:00:00,202212.0,222332210165.0,1670838477139.0,99764486.0,122.0,HIMGIRI SOAP & CHEMICALS-NEPAL,SHAKTI DETERGENT POWER,SHAKTI DETERGENT POWER\250\GM\RS20,20.0,PPH,250 GM,New SKU,1670838477139-himgiri soap - chemicals-nepal-shakti detergent power#3.png,RECODING,5.0,9.0,93021204,135.9754638671875,122.0,HIMGIRI SOAP & CHEMICALS-NEPAL,SUPER SHAKTI,SUPER SHAKTI,SUPER SHAKTI- PPH 325 GMS,PLPCH,325.000 GM,,,325.0,GM,0.0
138,2022-12-13 00:00:00,202212.0,222332210165.0,1670838477139.0,99764486.0,122.0,HIMGIRI SOAP & CHEMICALS-NEPAL,SHAKTI DETERGENT POWER,SHAKTI DETERGENT POWER\250\GM\RS20,20.0,PPH,250 GM,New SKU,1670838477139-himgiri soap - chemicals-nepal-shakti detergent power#3.png,RECODING,5.0,10.0,49957,135.99740600585938,122.0,HIMGIRI SOAP & CHEMICALS-NEPAL,SUPER SHAKTI,SUPER SHAKTI,SUPER SHAKTI-PPH 250 GM,PLPCH,250.000 GM,,,250.0,GM,0.0
139,2022-12-13 00:00:00,202212.0,222331710190.0,1670909844725.0,99764476.0,134.0,HYGEN PACKS NEPAL PVT LTD-NEPAL,HYGEN MANIA MANGO,HYGEN MANIA  MANGO\250\ML\RS50,50.0,PBT,250 ML,New SKU,1670909844725-hygen packs nepal pvt ltd-nepal-hygen mania mango#3.png,RECODING,5.0,1.0,99763224,114.47456359863281,118.0,HYGEN PACKS NEPAL PVT LTD-NEPAL,HYGEN,HYGEN MANIA,MANGO TPK 200 ML,TPK,200.000 ML,MANGO,,200.0,ML,25.0
139,2022-12-13 00:00:00,202212.0,222331710190.0,1670909844725.0,99764476.0,134.0,HYGEN PACKS NEPAL PVT LTD-NEPAL,HYGEN MANIA MANGO,HYGEN MANIA  MANGO\250\ML\RS50,50.0,PBT,250 ML,New SKU,1670909844725-hygen packs nepal pvt ltd-nepal-hygen mania mango#3.png,RECODING,5.0,2.0,99764247,118.61837005615234,118.0,HYGEN PACKS NEPAL PVT LTD-NEPAL,HYGEN,HYGEN RUHSH,MANGO TPK 200 ML,TPK,200.000 ML,MANGO,,200.0,ML,25.0
139,2022-12-13 00:00:00,202212.0,222331710190.0,1670909844725.0,99764476.0,134.0,HYGEN PACKS NEPAL PVT LTD-NEPAL,HYGEN MANIA MANGO,HYGEN MANIA  MANGO\250\ML\RS50,50.0,PBT,250 ML,New SKU,1670909844725-hygen packs nepal pvt ltd-nepal-hygen mania mango#3.png,RECODING,5.0,3.0,99764476,124.40853881835938,118.0,HYGEN PACKS NEPAL PVT LTD-NEPAL,HYGEN,HYGEN MANIA,MANGO PET 250 ML,PET,250.000 ML,MANGO,,250.0,ML,50.0
139,2022-12-13 00:00:00,202212.0,222331710190.0,1670909844725.0,99764476.0,134.0,HYGEN PACKS NEPAL PVT LTD-NEPAL,HYGEN MANIA MANGO,HYGEN MANIA  MANGO\250\ML\RS50,50.0,PBT,250 ML,New SKU,1670909844725-hygen packs nepal pvt ltd-nepal-hygen mania mango#3.png,RECODING,5.0,4.0,99764995,125.95976257324219,118.0,HYGEN PACKS NEPAL PVT LTD-NEPAL,HYGEN,HYGEN MANIA,MANGO PET 1000 ML,PET,1000.000 ML,MANGO,,1000.0,ML,170.0
139,2022-12-13 00:00:00,202212.0,222331710190.0,1670909844725.0,99764476.0,134.0,HYGEN PACKS NEPAL PVT LTD-NEPAL,HYGEN MANIA MANGO,HYGEN MANIA  MANGO\250\ML\RS50,50.0,PBT,250 ML,New SKU,1670909844725-hygen packs nepal pvt ltd-nepal-hygen mania mango#3.png,RECODING,5.0,5.0,99764833,127.06016540527344,118.0,HYGEN PACKS NEPAL PVT LTD-NEPAL,HYGEN,HYGEN MANIA,MANGO PET 500 ML,PET,500.000 ML,MANGO,,500.0,ML,80.0
139,2022-12-13 00:00:00,202212.0,222331710190.0,1670909844725.0,99764476.0,134.0,HYGEN PACKS NEPAL PVT LTD-NEPAL,HYGEN MANIA MANGO,HYGEN MANIA  MANGO\250\ML\RS50,50.0,PBT,250 ML,New SKU,1670909844725-hygen packs nepal pvt ltd-nepal-hygen mania mango#3.png,RECODING,5.0,6.0,99763844,128.03573608398438,118.0,HYGEN PACKS NEPAL PVT LTD-NEPAL,MANIA,MANIA MAGIC,MANGO TPK 180 ML+20 ML FREE,TPK,180.000 ML,MANGO,,200.0,ML,25.0
139,2022-12-13 00:00:00,202212.0,222331710190.0,1670909844725.0,99764476.0,134.0,HYGEN PACKS NEPAL PVT LTD-NEPAL,HYGEN MANIA MANGO,HYGEN MANIA  MANGO\250\ML\RS50,50.0,PBT,250 ML,New SKU,1670909844725-hygen packs nepal pvt ltd-nepal-hygen mania mango#3.png,RECODING,5.0,7.0,99765238,139.71893310546875,118.0,HYGEN PACKS NEPAL PVT LTD-NEPAL,HYGEN,HYGEN MANIA,GUAVA TPK 200 ML,TPK,200.000 ML,GUAVA,,200.0,ML,25.0
139,2022-12-13 00:00:00,202212.0,222331710190.0,1670909844725.0,99764476.0,134.0,HYGEN PACKS NEPAL PVT LTD-NEPAL,HYGEN MANIA MANGO,HYGEN MANIA  MANGO\250\ML\RS50,50.0,PBT,250 ML,New SKU,1670909844725-hygen packs nepal pvt ltd-nepal-hygen mania mango#3.png,RECODING,5.0,8.0,99764475,149.769287109375,118.0,HYGEN PACKS NEPAL PVT LTD-NEPAL,MANIA,MANIA ZEERA MASALA,APPLE PET 250 ML,PET,250.000 ML,APPLE,,250.0,ML,40.0
139,2022-12-13 00:00:00,202212.0,222331710190.0,1670909844725.0,99764476.0,134.0,HYGEN PACKS NEPAL PVT LTD-NEPAL,HYGEN MANIA MANGO,HYGEN MANIA  MANGO\250\ML\RS50,50.0,PBT,250 ML,New SKU,1670909844725-hygen packs nepal pvt ltd-nepal-hygen mania mango#3.png,RECODING,5.0,9.0,51967,152.30587768554688,118.0,HYGEN PACKS-INDIA,HYGEN,HYGEN RUHSH,MANGO TPK 200 ML,TPK,200.000 ML,MANGO,,200.0,ML,0.0
139,2022-12-13 00:00:00,202212.0,222331710190.0,1670909844725.0,99764476.0,134.0,HYGEN PACKS NEPAL PVT LTD-NEPAL,HYGEN MANIA MANGO,HYGEN MANIA  MANGO\250\ML\RS50,50.0,PBT,250 ML,New SKU,1670909844725-hygen packs nepal pvt ltd-nepal-hygen mania mango#3.png,RECODING,5.0,10.0,99765164,153.23416137695312,118.0,HYGEN PACKS NEPAL PVT LTD-NEPAL,MANIA,MANIA MIX FRUIT,MIX FRUIT TPK 200 ML,TPK,200.000 ML,MIXED FRUIT,,200.0,ML,25.0
140,,,,,,,,,,,,,,,,,,,,,,,,,,,,,,,
141,,,,,,,,,,,,,,,,,,,,,,,,,,,,,,,
142,,,,,,,,,,,,,,,,,,,,,,,,,,,,,,,
143,      ,,,,,,,,,,,,,,,,,,,,,,,,,,,,,,
