t_row_id,t_DATE,t_PERIOD,t_AUDITYPE,t_STORECODE,t_DLRCODE,t_ITEMCODE,t_NEW_CODES,t_CATEGORY,t_MANUFACTURE,t_BRAND,t_ITEMDESC,t_MRP,t_PACKSIZE,t_PACKTYPE,t_COMMENTS,t_IMAGE,t_CODE COMMENT,t_FLAG,rank,matched_itemcode,distance,m_catcode,m_company,m_mbrand,m_brand,m_sku,m_packtype,m_base_pack,m_flavor,m_color,m_wght,m_uom,m_mrp
0,2023-03-10,202303,2,113200967,21101020334,1678343179830,99764559.0,134,PARLE AGRO PVT LTD-INDIA,FROOTI,FROOTI\SOFT DRINKS\PARLE AGRO\200ML\TPK,30.0,TPK,200ML,New SKU,1678343179830-parle agro pvt ltd-india-frooti#3.png,CROSS CODING,2,1,52568,142.86914,118,PARLE AGRO PVT LTD-INDIA,FROOTI,FROOTI,MANGO TPK 160 ML,TPK,160.000 ML,MANGO,,160.0,ML,0.0
0,2023-03-10,202303,2,113200967,21101020334,1678343179830,99764559.0,134,PARLE AGRO PVT LTD-INDIA,FROOTI,FROOTI\SOFT DRINKS\PARLE AGRO\200ML\TPK,30.0,TPK,200ML,New SKU,1678343179830-parle agro pvt ltd-india-frooti#3.png,CROSS CODING,2,2,51769,149.64496,118,PARLE AGRO PVT LTD-INDIA,FROOTI,FROOTI,MANGO TPK 65 ML,TPK,65.000 ML,MANGO,,65.0,ML,0.0
0,2023-03-10,202303,2,113200967,21101020334,1678343179830,99764559.0,134,PARLE AGRO PVT LTD-INDIA,FROOTI,FROOTI\SOFT DRINKS\PARLE AGRO\200ML\TPK,30.0,TPK,200ML,New SKU,1678343179830-parle agro pvt ltd-india-frooti#3.png,CROSS CODING,2,3,99763711,158.08832,118,PARLE AGRO PVT LTD-INDIA,FROOTI,FROOTI,MANGO PET 300 ML,PET,300.000 ML,MANGO,,300.0,ML,32.0
0,2023-03-10,202303,2,113200967,21101020334,1678343179830,99764559.0,134,PARLE AGRO PVT LTD-INDIA,FROOTI,FROOTI\SOFT DRINKS\PARLE AGRO\200ML\TPK,30.0,TPK,200ML,New SKU,1678343179830-parle agro pvt ltd-india-frooti#3.png,CROSS CODING,2,4,99765268,162.57835,118,PARLE AGRO PVT LTD-INDIA,FROOTI,FROOTI,MANGO PET 1800 ML,PET,1800.000 ML,MANGO,,1800.0,ML,160.0
0,2023-03-10,202303,2,113200967,21101020334,1678343179830,99764559.0,134,PARLE AGRO PVT LTD-INDIA,FROOTI,FROOTI\SOFT DRINKS\PARLE AGRO\200ML\TPK,30.0,TPK,200ML,New SKU,1678343179830-parle agro pvt ltd-india-frooti#3.png,CROSS CODING,2,5,99765016,163.26517,118,PARLE AGRO PVT LTD-INDIA,FROOTI,FROOTI,MANGO PET 600 ML,PET,600.000 ML,MANGO,,600.0,ML,100.0
0,2023-03-10,202303,2,113200967,21101020334,1678343179830,99764559.0,134,PARLE AGRO PVT LTD-INDIA,FROOTI,FROOTI\SOFT DRINKS\PARLE AGRO\200ML\TPK,30.0,TPK,200ML,New SKU,1678343179830-parle agro pvt ltd-india-frooti#3.png,CROSS CODING,2,6,99764551,173.85739,118,SOUTH ASIAN BEVERAGES P. LTD-NEPAL,FROOTI,FROOTI,MANGO TPK 125 ML,TPK,125.000 ML,MANGO,,125.0,ML,20.0
0,2023-03-10,202303,2,113200967,21101020334,1678343179830,99764559.0,134,PARLE AGRO PVT LTD-INDIA,FROOTI,FROOTI\SOFT DRINKS\PARLE AGRO\200ML\TPK,30.0,TPK,200ML,New SKU,1678343179830-parle agro pvt ltd-india-frooti#3.png,CROSS CODING,2,7,99764559,176.99542,118,SOUTH ASIAN BEVERAGES P. LTD-NEPAL,FROOTI,FROOTI,MANGO TPK 200 ML,TPK,200.000 ML,MANGO,,200.0,ML,30.0
0,2023-03-10,202303,2,113200967,21101020334,1678343179830,99764559.0,134,PARLE AGRO PVT LTD-INDIA,FROOTI,FROOTI\SOFT DRINKS\PARLE AGRO\200ML\TPK,30.0,TPK,200ML,New SKU,1678343179830-parle agro pvt ltd-india-frooti#3.png,CROSS CODING,2,8,99764993,186.36691,118,SOUTH ASIAN BEVERAGES P. LTD-NEPAL,FROOTI,FROOTI,MANGO PET 250 ML,PET,250.000 ML,MANGO,,250.0,ML,50.0
0,2023-03-10,202303,2,113200967,21101020334,1678343179830,99764559.0,134,PARLE AGRO PVT LTD-INDIA,FROOTI,FROOTI\SOFT DRINKS\PARLE AGRO\200ML\TPK,30.0,TPK,200ML,New SKU,1678343179830-parle agro pvt ltd-india-frooti#3.png,CROSS CODING,2,9,99765006,186.54602,118,SOUTH ASIAN BEVERAGES P. LTD-NEPAL,FROOTI,FROOTI,MANGO PET 150 ML,PET,150.000 ML,MANGO,,150.0,ML,30.0
0,2023-03-10,202303,2,113200967,21101020334,1678343179830,99764559.0,134,PARLE AGRO PVT LTD-INDIA,FROOTI,FROOTI\SOFT DRINKS\PARLE AGRO\200ML\TPK,30.0,TPK,200ML,New SKU,1678343179830-parle agro pvt ltd-india-frooti#3.png,CROSS CODING,2,10,99765419,186.63864,118,SOUTH ASIAN BEVERAGES P. LTD-NEPAL,FROOTI,FROOTI,MANGO PET 1000 ML,PET,1000.000 ML,MANGO,,1000.0,ML,170.0
1,2023-03-10,202303,2,113200967,21101020334,1678342726599,99764704.0,134,PARLE AGRO PVT LTD-INDIA,APPY,APPY\SOFT DRINKS\PARLE AGRO\200ML\TPK,30.0,TPK,200ML,New SKU,1678342726599-parle agro pvt ltd-india-appy#3.png,CROSS CODING,2,1,52568,183.38193,118,PARLE AGRO PVT LTD-INDIA,FROOTI,FROOTI,MANGO TPK 160 ML,TPK,160.000 ML,MANGO,,160.0,ML,0.0
1,2023-03-10,202303,2,113200967,21101020334,1678342726599,99764704.0,134,PARLE AGRO PVT LTD-INDIA,APPY,APPY\SOFT DRINKS\PARLE AGRO\200ML\TPK,30.0,TPK,200ML,New SKU,1678342726599-parle agro pvt ltd-india-appy#3.png,CROSS CODING,2,2,99764936,184.85458,118,PARLE AGRO PVT LTD-INDIA,APPY,APPY FIZZ APPLE,APPLE PET 125 ML,PET,125.000 ML,APPLE,,125.0,ML,20.0
1,2023-03-10,202303,2,113200967,21101020334,1678342726599,99764704.0,134,PARLE AGRO PVT LTD-INDIA,APPY,APPY\SOFT DRINKS\PARLE AGRO\200ML\TPK,30.0,TPK,200ML,New SKU,1678342726599-parle agro pvt ltd-india-appy#3.png,CROSS CODING,2,3,99764552,185.16396,118,SOUTH ASIAN BEVERAGES P. LTD-NEPAL,APPY,APPY,APPLE TPK 125 ML,TPK,125.000 ML,APPLE,,125.0,ML,20.0
1,2023-03-10,202303,2,113200967,21101020334,1678342726599,99764704.0,134,PARLE AGRO PVT LTD-INDIA,APPY,APPY\SOFT DRINKS\PARLE AGRO\200ML\TPK,30.0,TPK,200ML,New SKU,1678342726599-parle agro pvt ltd-india-appy#3.png,CROSS CODING,2,4,99764704,186.23405,118,SOUTH ASIAN BEVERAGES P. LTD-NEPAL,APPY,APPY,APPLE TPK 200 ML,TPK,200.000 ML,APPLE,,200.0,ML,30.0
1,2023-03-10,202303,2,113200967,21101020334,1678342726599,99764704.0,134,PARLE AGRO PVT LTD-INDIA,APPY,APPY\SOFT DRINKS\PARLE AGRO\200ML\TPK,30.0,TPK,200ML,New SKU,1678342726599-parle agro pvt ltd-india-appy#3.png,CROSS CODING,2,5,99764819,186.44421,118,PARLE AGRO PVT LTD-INDIA,APPY,APPY FIZZ APPLE,APPLE PET 160 ML,PET,160.000 ML,APPLE,,160.0,ML,30.0
1,2023-03-10,202303,2,113200967,21101020334,1678342726599,99764704.0,134,PARLE AGRO PVT LTD-INDIA,APPY,APPY\SOFT DRINKS\PARLE AGRO\200ML\TPK,30.0,TPK,200ML,New SKU,1678342726599-parle agro pvt ltd-india-appy#3.png,CROSS CODING,2,6,99765079,186.77423,118,PARLE AGRO PVT LTD-INDIA,APPY,APPY FIZZ APPLE,APPLE PET 250 ML,PET,250.000 ML,APPLE,,250.0,ML,40.0
1,2023-03-10,202303,2,113200967,21101020334,1678342726599,99764704.0,134,PARLE AGRO PVT LTD-INDIA,APPY,APPY\SOFT DRINKS\PARLE AGRO\200ML\TPK,30.0,TPK,200ML,New SKU,1678342726599-parle agro pvt ltd-india-appy#3.png,CROSS CODING,2,7,51769,189.71574,118,PARLE AGRO PVT LTD-INDIA,FROOTI,FROOTI,MANGO TPK 65 ML,TPK,65.000 ML,MANGO,,65.0,ML,0.0
1,2023-03-10,202303,2,113200967,21101020334,1678342726599,99764704.0,134,PARLE AGRO PVT LTD-INDIA,APPY,APPY\SOFT DRINKS\PARLE AGRO\200ML\TPK,30.0,TPK,200ML,New SKU,1678342726599-parle agro pvt ltd-india-appy#3.png,CROSS CODING,2,8,99764520,192.32855,118,PARLE AGRO PVT LTD-INDIA,APPY,APPY FIZZ APPLE,APPLE PET 175 ML,PET,175.000 ML,APPLE,,175.0,ML,24.0
1,2023-03-10,202303,2,113200967,21101020334,1678342726599,99764704.0,134,PARLE AGRO PVT LTD-INDIA,APPY,APPY\SOFT DRINKS\PARLE AGRO\200ML\TPK,30.0,TPK,200ML,New SKU,1678342726599-parle agro pvt ltd-india-appy#3.png,CROSS CODING,2,9,45493,193.68568,118,THE AGRI. MKT. - BNGLADESH,PRAN,PRAN,APPLE TPK 200 ML,TPK,200.000 ML,APPLE,,200.0,ML,0.0
1,2023-03-10,202303,2,113200967,21101020334,1678342726599,99764704.0,134,PARLE AGRO PVT LTD-INDIA,APPY,APPY\SOFT DRINKS\PARLE AGRO\200ML\TPK,30.0,TPK,200ML,New SKU,1678342726599-parle agro pvt ltd-india-appy#3.png,CROSS CODING,2,10,20120332,200.78981,118,THE AGRI. MKT. - BNGLADESH,PRAN,PRAN JOY,PINEAPPLE TPK 200 ML,TPK,200.000 ML,PINEAPPLE,,200.0,ML,0.0
2,2023-03-10,202303,2,131076027,22101020027,1678343905076,99764932.0,134,PRAGATI CHEMICAL-INDIA,KEMPTY LITCHI,KEMPTY LITCHI\150ML\PBT\20ML FREE PULPY LITCHI,16.0,PBT,150ML,,1678343905076-pragati chemical-india-kempty litchi#3.png,RECODING,5,1,99764932,128.21614,118,PRAGATI CHEMICAL-INDIA,KEMPTY,KEMPTY LITCHI,LITCHI PET 150 ML+20 ML FREE,PET,150.000 ML,LYCHEE,,170.0,ML,16.0
2,2023-03-10,202303,2,131076027,22101020027,1678343905076,99764932.0,134,PRAGATI CHEMICAL-INDIA,KEMPTY LITCHI,KEMPTY LITCHI\150ML\PBT\20ML FREE PULPY LITCHI,16.0,PBT,150ML,,1678343905076-pragati chemical-india-kempty litchi#3.png,RECODING,5,2,99765302,143.85431,118,PRAGATI CHEMICAL-INDIA,MZP'S,MZP'S LITCHI,LITCHI PET 150 ML+20 ML FREE,PET,150.000 ML,LYCHEE,,170.0,ML,20.0
2,2023-03-10,202303,2,131076027,22101020027,1678343905076,99764932.0,134,PRAGATI CHEMICAL-INDIA,KEMPTY LITCHI,KEMPTY LITCHI\150ML\PBT\20ML FREE PULPY LITCHI,16.0,PBT,150ML,,1678343905076-pragati chemical-india-kempty litchi#3.png,RECODING,5,3,46692,173.23663,118,PRAGATI CHEMICAL-INDIA,KEMPTY,KEMPTY MANGO PUNCH,MANGO TPK 200 ML,TPK,200.000 ML,MANGO,,200.0,ML,0.0
2,2023-03-10,202303,2,131076027,22101020027,1678343905076,99764932.0,134,PRAGATI CHEMICAL-INDIA,KEMPTY LITCHI,KEMPTY LITCHI\150ML\PBT\20ML FREE PULPY LITCHI,16.0,PBT,150ML,,1678343905076-pragati chemical-india-kempty litchi#3.png,RECODING,5,4,90819803,174.66933,111,A.G.A. CHEMICAL - INDIA,BANBOOTI,BANBOOTI AYURVEDIC,BANBOOTI AYURVEDIC-SCT 3 ML,PLSCH,3.000 ML,,,3.0,ML,0.0
2,2023-03-10,202303,2,131076027,22101020027,1678343905076,99764932.0,134,PRAGATI CHEMICAL-INDIA,KEMPTY LITCHI,KEMPTY LITCHI\150ML\PBT\20ML FREE PULPY LITCHI,16.0,PBT,150ML,,1678343905076-pragati chemical-india-kempty litchi#3.png,RECODING,5,5,99763073,175.8778,123,SIDDHI BINAYAK CHEMICALS-NEPAL,RUKH CHHAP,RUKH CHHAP DALLO SABUN,RUKH CHHAP DALLO SABUN-PPH 3*250 GM [750 GM],PLPCH,250.000 GM,,,750.0,GM,100.0
2,2023-03-10,202303,2,131076027,22101020027,1678343905076,99764932.0,134,PRAGATI CHEMICAL-INDIA,KEMPTY LITCHI,KEMPTY LITCHI\150ML\PBT\20ML FREE PULPY LITCHI,16.0,PBT,150ML,,1678343905076-pragati chemical-india-kempty litchi#3.png,RECODING,5,6,99763853,178.46167,118,PRAGATI CHEMICAL-INDIA,KEMPTY,KEMPTY MANGO PUNCH,MANGO PET 200 ML,PET,200.000 ML,MANGO,,200.0,ML,25.0
2,2023-03-10,202303,2,131076027,22101020027,1678343905076,99764932.0,134,PRAGATI CHEMICAL-INDIA,KEMPTY LITCHI,KEMPTY LITCHI\150ML\PBT\20ML FREE PULPY LITCHI,16.0,PBT,150ML,,1678343905076-pragati chemical-india-kempty litchi#3.png,RECODING,5,7,90818093,180.7729,111,A.G.A. CHEMICAL - INDIA,BANBOOTI,BANBOOTI AYURVEDIC,BANBOOTI AYURVEDIC-SCT 3.5 ML,PLSCH,3.500 ML,,,3.5,ML,0.0
2,2023-03-10,202303,2,131076027,22101020027,1678343905076,99764932.0,134,PRAGATI CHEMICAL-INDIA,KEMPTY LITCHI,KEMPTY LITCHI\150ML\PBT\20ML FREE PULPY LITCHI,16.0,PBT,150ML,,1678343905076-pragati chemical-india-kempty litchi#3.png,RECODING,5,8,20121526,181.25969,118,PRAGATI CHEMICAL-INDIA,KEMPTY,KEMPTY MANGO PUNCH,MANGO PET 250 ML,PET,250.000 ML,MANGO,,250.0,ML,0.0
2,2023-03-10,202303,2,131076027,22101020027,1678343905076,99764932.0,134,PRAGATI CHEMICAL-INDIA,KEMPTY LITCHI,KEMPTY LITCHI\150ML\PBT\20ML FREE PULPY LITCHI,16.0,PBT,150ML,,1678343905076-pragati chemical-india-kempty litchi#3.png,RECODING,5,9,92923585,181.73691,123,MAHAKALI OLIYO CHEM - NEPAL,PARO,PARO,PARO-UNWRP 150 GMS,UNWRP,150.000 GM,,,150.0,GM,0.0
2,2023-03-10,202303,2,131076027,22101020027,1678343905076,99764932.0,134,PRAGATI CHEMICAL-INDIA,KEMPTY LITCHI,KEMPTY LITCHI\150ML\PBT\20ML FREE PULPY LITCHI,16.0,PBT,150ML,,1678343905076-pragati chemical-india-kempty litchi#3.png,RECODING,5,10,51972,182.38802,118,PRAGATI CHEMICAL-INDIA,KEMPTY,KEMPTY MANGO PUNCH,MANGO PET 600 ML,PET,600.000 ML,MANGO,,600.0,ML,0.0
3,2023-03-10,202303,2,112116438,21102020060,1678349808023,99764931.0,134,SINGAPORE BEVERAGE-NEPAL,FRUIT GEMS,FRUIT GEMS-MANGO/PBT/320ML/SINGAPORE BEVERAGES NEPAL PVT.LTD,140.0,PBT,320ML,,1678349808023-singapore beverage-nepal-fruit gems#3.png,RECODING,5,1,99764931,111.610794,118,SINGAPORE BEVERAGE-NEPAL,FRUIT GEMS,FRUIT GEMS,MANGO PET 320 ML,PET,320.000 ML,MANGO,,320.0,ML,140.0
3,2023-03-10,202303,2,112116438,21102020060,1678349808023,99764931.0,134,SINGAPORE BEVERAGE-NEPAL,FRUIT GEMS,FRUIT GEMS-MANGO/PBT/320ML/SINGAPORE BEVERAGES NEPAL PVT.LTD,140.0,PBT,320ML,,1678349808023-singapore beverage-nepal-fruit gems#3.png,RECODING,5,2,99765205,117.08829,118,SINGAPORE BEVERAGE-NEPAL,FRUIT GEMS,FRUIT GEMS,PASSION FRUIT PET 320 ML,PET,320.000 ML,PASSION FRUIT,,320.0,ML,140.0
3,2023-03-10,202303,2,112116438,21102020060,1678349808023,99764931.0,134,SINGAPORE BEVERAGE-NEPAL,FRUIT GEMS,FRUIT GEMS-MANGO/PBT/320ML/SINGAPORE BEVERAGES NEPAL PVT.LTD,140.0,PBT,320ML,,1678349808023-singapore beverage-nepal-fruit gems#3.png,RECODING,5,3,99765310,118.11583,118,SINGAPORE BEVERAGE-NEPAL,FRUIT GEMS,FRUIT GEMS,MANGO PET 250 ML,PET,250.000 ML,MANGO,,250.0,ML,100.0
3,2023-03-10,202303,2,112116438,21102020060,1678349808023,99764931.0,134,SINGAPORE BEVERAGE-NEPAL,FRUIT GEMS,FRUIT GEMS-MANGO/PBT/320ML/SINGAPORE BEVERAGES NEPAL PVT.LTD,140.0,PBT,320ML,,1678349808023-singapore beverage-nepal-fruit gems#3.png,RECODING,5,4,99764276,124.75394,118,SINGAPORE BEVERAGE-NEPAL,FRUIT GEMS,FRUIT GEMS,PINEAPPLE PET 320 ML,PET,320.000 ML,PINEAPPLE,,320.0,ML,140.0
3,2023-03-10,202303,2,112116438,21102020060,1678349808023,99764931.0,134,SINGAPORE BEVERAGE-NEPAL,FRUIT GEMS,FRUIT GEMS-MANGO/PBT/320ML/SINGAPORE BEVERAGES NEPAL PVT.LTD,140.0,PBT,320ML,,1678349808023-singapore beverage-nepal-fruit gems#3.png,RECODING,5,5,99764275,130.87997,118,SINGAPORE BEVERAGE-NEPAL,FRUIT GEMS,FRUIT GEMS,ORANGE PET 320 ML,PET,320.000 ML,ORANGE,,320.0,ML,140.0
3,2023-03-10,202303,2,112116438,21102020060,1678349808023,99764931.0,134,SINGAPORE BEVERAGE-NEPAL,FRUIT GEMS,FRUIT GEMS-MANGO/PBT/320ML/SINGAPORE BEVERAGES NEPAL PVT.LTD,140.0,PBT,320ML,,1678349808023-singapore beverage-nepal-fruit gems#3.png,RECODING,5,6,99765312,131.0429,118,SINGAPORE BEVERAGE-NEPAL,FRUIT GEMS,FRUIT GEMS,PINEAPPLE PET 250 ML,PET,250.000 ML,PINEAPPLE,,250.0,ML,100.0
3,2023-03-10,202303,2,112116438,21102020060,1678349808023,99764931.0,134,SINGAPORE BEVERAGE-NEPAL,FRUIT GEMS,FRUIT GEMS-MANGO/PBT/320ML/SINGAPORE BEVERAGES NEPAL PVT.LTD,140.0,PBT,320ML,,1678349808023-singapore beverage-nepal-fruit gems#3.png,RECODING,5,7,99764948,133.5209,118,SINGAPORE BEVERAGE-NEPAL,FRUIT GEMS,FRUIT GEMS,CANTALOUPE PET 320 ML,PET,320.000 ML,CANTALOUPE,,320.0,ML,140.0
3,2023-03-10,202303,2,112116438,21102020060,1678349808023,99764931.0,134,SINGAPORE BEVERAGE-NEPAL,FRUIT GEMS,FRUIT GEMS-MANGO/PBT/320ML/SINGAPORE BEVERAGES NEPAL PVT.LTD,140.0,PBT,320ML,,1678349808023-singapore beverage-nepal-fruit gems#3.png,RECODING,5,8,99765033,133.63214,118,SINGAPORE BEVERAGE-NEPAL,FRUIT GEMS,FRUIT GEMS,PINK GUAVA PET 320 ML,PET,320.000 ML,GUAVA,,320.0,ML,140.0
3,2023-03-10,202303,2,112116438,21102020060,1678349808023,99764931.0,134,SINGAPORE BEVERAGE-NEPAL,FRUIT GEMS,FRUIT GEMS-MANGO/PBT/320ML/SINGAPORE BEVERAGES NEPAL PVT.LTD,140.0,PBT,320ML,,1678349808023-singapore beverage-nepal-fruit gems#3.png,RECODING,5,9,99764781,135.3937,118,SINGAPORE BEVERAGE-NEPAL,FRUIT GEMS,FRUIT GEMS,STRAWBERRY PET 320 ML,PET,320.000 ML,STRAWBERRY,,320.0,ML,140.0
3,2023-03-10,202303,2,112116438,21102020060,1678349808023,99764931.0,134,SINGAPORE BEVERAGE-NEPAL,FRUIT GEMS,FRUIT GEMS-MANGO/PBT/320ML/SINGAPORE BEVERAGES NEPAL PVT.LTD,140.0,PBT,320ML,,1678349808023-singapore beverage-nepal-fruit gems#3.png,RECODING,5,10,99764780,135.50714,118,SINGAPORE BEVERAGE-NEPAL,FRUIT GEMS,FRUIT GEMS,KIWI PET 320 ML,PET,320.000 ML,KIWI,,320.0,ML,140.0
4,2023-03-13,202303,3,1210102732,12101030175,1678426246678,99764933.0,105,GORKHA LAHARI PVT.LTD.- NEPAL,SAHARA ,SAHARA PUNCH FILTER HL-20'S,115.0,HL,20,,1678426246678-gorkha lahari pvt-ltd-- nepal-sahara #3.png,RECODING,5,1,99764933,95.64848,105,GORKHA LAHARI PVT.LTD.- NEPAL,SAHARA,SAHARA FILTER PUNCH,HL 20'S,HL,20,FRESH,,20.0,NO,115.0
4,2023-03-13,202303,3,1210102732,12101030175,1678426246678,99764933.0,105,GORKHA LAHARI PVT.LTD.- NEPAL,SAHARA ,SAHARA PUNCH FILTER HL-20'S,115.0,HL,20,,1678426246678-gorkha lahari pvt-ltd-- nepal-sahara #3.png,RECODING,5,2,99765139,157.71588,105,GORKHA LAHARI PVT.LTD.- NEPAL,GORKHA,GORKHA FILTER,HL 20'S,HL,20,FULL FLAVOUR,,20.0,NO,113.5
4,2023-03-13,202303,3,1210102732,12101030175,1678426246678,99764933.0,105,GORKHA LAHARI PVT.LTD.- NEPAL,SAHARA ,SAHARA PUNCH FILTER HL-20'S,115.0,HL,20,,1678426246678-gorkha lahari pvt-ltd-- nepal-sahara #3.png,RECODING,5,3,99765387,168.87306,105,GORKHA LAHARI PVT.LTD.- NEPAL,NEPAL GOLD FLAKE,NEPAL GOLD FLAKE PREMIUM FILTER,HL 20'S,HL,20,FULL FLAVOUR,,20.0,NO,133.5
4,2023-03-13,202303,3,1210102732,12101030175,1678426246678,99764933.0,105,GORKHA LAHARI PVT.LTD.- NEPAL,SAHARA ,SAHARA PUNCH FILTER HL-20'S,115.0,HL,20,,1678426246678-gorkha lahari pvt-ltd-- nepal-sahara #3.png,RECODING,5,4,99765156,170.19234,105,GORKHA LAHARI PVT.LTD.- NEPAL,MAYALU,MAYALU FILTER,HL 20'S,HL,20,FULL FLAVOUR,,20.0,NO,88.0
4,2023-03-13,202303,3,1210102732,12101030175,1678426246678,99764933.0,105,GORKHA LAHARI PVT.LTD.- NEPAL,SAHARA ,SAHARA PUNCH FILTER HL-20'S,115.0,HL,20,,1678426246678-gorkha lahari pvt-ltd-- nepal-sahara #3.png,RECODING,5,5,90110230,171.78574,105,GORKHA LAHARI PVT.LTD.- NEPAL,SAFARI,SAFARI FILTER KINGS,HL 20'S,HL,20,FULL FLAVOUR,,20.0,NO,180.0
4,2023-03-13,202303,3,1210102732,12101030175,1678426246678,99764933.0,105,GORKHA LAHARI PVT.LTD.- NEPAL,SAHARA ,SAHARA PUNCH FILTER HL-20'S,115.0,HL,20,,1678426246678-gorkha lahari pvt-ltd-- nepal-sahara #3.png,RECODING,5,6,99765328,184.42108,105,GORKHA LAHARI PVT.LTD.- NEPAL,CAPTAIN,CAPTAIN GOLD FILTER KINGS,HL 20'S,HL,20,FULL FLAVOUR,,20.0,NO,161.0
4,2023-03-13,202303,3,1210102732,12101030175,1678426246678,99764933.0,105,GORKHA LAHARI PVT.LTD.- NEPAL,SAHARA ,SAHARA PUNCH FILTER HL-20'S,115.0,HL,20,,1678426246678-gorkha lahari pvt-ltd-- nepal-sahara #3.png,RECODING,5,7,90110205,184.76651,105,GORKHA LAHARI PVT.LTD.- NEPAL,SAHARA,SAHARA,HL 20'S,HL,20,FULL FLAVOUR,,20.0,NO,65.0
4,2023-03-13,202303,3,1210102732,12101030175,1678426246678,99764933.0,105,GORKHA LAHARI PVT.LTD.- NEPAL,SAHARA ,SAHARA PUNCH FILTER HL-20'S,115.0,HL,20,,1678426246678-gorkha lahari pvt-ltd-- nepal-sahara #3.png,RECODING,5,8,90110256,187.4894,105,GORKHA LAHARI PVT.LTD.- NEPAL,CAPTAIN,CAPTAIN FILTER KINGS,HL 20'S,HL,20,FULL FLAVOUR,,20.0,NO,115.0
4,2023-03-13,202303,3,1210102732,12101030175,1678426246678,99764933.0,105,GORKHA LAHARI PVT.LTD.- NEPAL,SAHARA ,SAHARA PUNCH FILTER HL-20'S,115.0,HL,20,,1678426246678-gorkha lahari pvt-ltd-- nepal-sahara #3.png,RECODING,5,9,90110217,188.65445,105,GORKHA LAHARI PVT.LTD.- NEPAL,SAHARA,SAHARA LIGHTS,SC 20'S,SC,20,FULL FLAVOUR,,20.0,NO,110.0
4,2023-03-13,202303,3,1210102732,12101030175,1678426246678,99764933.0,105,GORKHA LAHARI PVT.LTD.- NEPAL,SAHARA ,SAHARA PUNCH FILTER HL-20'S,115.0,HL,20,,1678426246678-gorkha lahari pvt-ltd-- nepal-sahara #3.png,RECODING,5,10,52051,189.43582,122,GOPAL SOAP INDUSTRIES - NEPAL,V SERIES,V SERIES GHARI,V SERIES GHARI-PPH 3000 GM,PLPCH,3000.000 GM,,,3000.0,GM,0.0
5,2023-03-13,202303,3,1210102765,12101030221,1678426246678,99764933.0,105,GORKHA LAHARI PVT.LTD.- NEPAL,SAHARA ,SAHARA PUNCH FILTER HL-20'S,115.0,HL,20,,1678426246678-gorkha lahari pvt-ltd-- nepal-sahara #3.png,RECODING,5,1,99764933,96.113754,105,GORKHA LAHARI PVT.LTD.- NEPAL,SAHARA,SAHARA FILTER PUNCH,HL 20'S,HL,20,FRESH,,20.0,NO,115.0
5,2023-03-13,202303,3,1210102765,12101030221,1678426246678,99764933.0,105,GORKHA LAHARI PVT.LTD.- NEPAL,SAHARA ,SAHARA PUNCH FILTER HL-20'S,115.0,HL,20,,1678426246678-gorkha lahari pvt-ltd-- nepal-sahara #3.png,RECODING,5,2,99765139,157.78198,105,GORKHA LAHARI PVT.LTD.- NEPAL,GORKHA,GORKHA FILTER,HL 20'S,HL,20,FULL FLAVOUR,,20.0,NO,113.5
5,2023-03-13,202303,3,1210102765,12101030221,1678426246678,99764933.0,105,GORKHA LAHARI PVT.LTD.- NEPAL,SAHARA ,SAHARA PUNCH FILTER HL-20'S,115.0,HL,20,,1678426246678-gorkha lahari pvt-ltd-- nepal-sahara #3.png,RECODING,5,3,99765387,168.87491,105,GORKHA LAHARI PVT.LTD.- NEPAL,NEPAL GOLD FLAKE,NEPAL GOLD FLAKE PREMIUM FILTER,HL 20'S,HL,20,FULL FLAVOUR,,20.0,NO,133.5
5,2023-03-13,202303,3,1210102765,12101030221,1678426246678,99764933.0,105,GORKHA LAHARI PVT.LTD.- NEPAL,SAHARA ,SAHARA PUNCH FILTER HL-20'S,115.0,HL,20,,1678426246678-gorkha lahari pvt-ltd-- nepal-sahara #3.png,RECODING,5,4,99765156,170.43526,105,GORKHA LAHARI PVT.LTD.- NEPAL,MAYALU,MAYALU FILTER,HL 20'S,HL,20,FULL FLAVOUR,,20.0,NO,88.0
5,2023-03-13,202303,3,1210102765,12101030221,1678426246678,99764933.0,105,GORKHA LAHARI PVT.LTD.- NEPAL,SAHARA ,SAHARA PUNCH FILTER HL-20'S,115.0,HL,20,,1678426246678-gorkha lahari pvt-ltd-- nepal-sahara #3.png,RECODING,5,5,90110230,172.17273,105,GORKHA LAHARI PVT.LTD.- NEPAL,SAFARI,SAFARI FILTER KINGS,HL 20'S,HL,20,FULL FLAVOUR,,20.0,NO,180.0
5,2023-03-13,202303,3,1210102765,12101030221,1678426246678,99764933.0,105,GORKHA LAHARI PVT.LTD.- NEPAL,SAHARA ,SAHARA PUNCH FILTER HL-20'S,115.0,HL,20,,1678426246678-gorkha lahari pvt-ltd-- nepal-sahara #3.png,RECODING,5,6,99765328,184.41077,105,GORKHA LAHARI PVT.LTD.- NEPAL,CAPTAIN,CAPTAIN GOLD FILTER KINGS,HL 20'S,HL,20,FULL FLAVOUR,,20.0,NO,161.0
5,2023-03-13,202303,3,1210102765,12101030221,1678426246678,99764933.0,105,GORKHA LAHARI PVT.LTD.- NEPAL,SAHARA ,SAHARA PUNCH FILTER HL-20'S,115.0,HL,20,,1678426246678-gorkha lahari pvt-ltd-- nepal-sahara #3.png,RECODING,5,7,90110205,185.21944,105,GORKHA LAHARI PVT.LTD.- NEPAL,SAHARA,SAHARA,HL 20'S,HL,20,FULL FLAVOUR,,20.0,NO,65.0
5,2023-03-13,202303,3,1210102765,12101030221,1678426246678,99764933.0,105,GORKHA LAHARI PVT.LTD.- NEPAL,SAHARA ,SAHARA PUNCH FILTER HL-20'S,115.0,HL,20,,1678426246678-gorkha lahari pvt-ltd-- nepal-sahara #3.png,RECODING,5,8,90110256,187.55165,105,GORKHA LAHARI PVT.LTD.- NEPAL,CAPTAIN,CAPTAIN FILTER KINGS,HL 20'S,HL,20,FULL FLAVOUR,,20.0,NO,115.0
5,2023-03-13,202303,3,1210102765,12101030221,1678426246678,99764933.0,105,GORKHA LAHARI PVT.LTD.- NEPAL,SAHARA ,SAHARA PUNCH FILTER HL-20'S,115.0,HL,20,,1678426246678-gorkha lahari pvt-ltd-- nepal-sahara #3.png,RECODING,5,9,90110217,189.0007,105,GORKHA LAHARI PVT.LTD.- NEPAL,SAHARA,SAHARA LIGHTS,SC 20'S,SC,20,FULL FLAVOUR,,20.0,NO,110.0
5,2023-03-13,202303,3,1210102765,12101030221,1678426246678,99764933.0,105,GORKHA LAHARI PVT.LTD.- NEPAL,SAHARA ,SAHARA PUNCH FILTER HL-20'S,115.0,HL,20,,1678426246678-gorkha lahari pvt-ltd-- nepal-sahara #3.png,RECODING,5,10,52051,189.74023,122,GOPAL SOAP INDUSTRIES - NEPAL,V SERIES,V SERIES GHARI,V SERIES GHARI-PPH 3000 GM,PLPCH,3000.000 GM,,,3000.0,GM,0.0
6,2023-03-13,202303,2,124865093,52202020009,1678602429399,99764934.0,118,BOTTLERS NEPAL - NEPAL,COCA-COLA,COCA-COLA/2.25L/PBT/FREE COKE ZERO 250ML,260.0,PBT,2.25L,,1678602429399-bottlers nepal - nepal-coca-cola#3.png,RECODING,5,1,99765132,113.11897,118,BOTTLERS NEPAL - NEPAL,COCA-COLA,COCA-COLA,COCA-COLA PET 2250 ML+250 ML COCA-COLA FREE,PET,2250.000 ML,COLA,,2250.0,ML,270.0
6,2023-03-13,202303,2,124865093,52202020009,1678602429399,99764934.0,118,BOTTLERS NEPAL - NEPAL,COCA-COLA,COCA-COLA/2.25L/PBT/FREE COKE ZERO 250ML,260.0,PBT,2.25L,,1678602429399-bottlers nepal - nepal-coca-cola#3.png,RECODING,5,2,99765133,113.81299,118,BOTTLERS NEPAL - NEPAL,COCA-COLA,COCA-COLA,COCA-COLA PET 1500 ML+250 ML COCA-COLA FREE,PET,1500.000 ML,COLA,,1500.0,ML,190.0
6,2023-03-13,202303,2,124865093,52202020009,1678602429399,99764934.0,118,BOTTLERS NEPAL - NEPAL,COCA-COLA,COCA-COLA/2.25L/PBT/FREE COKE ZERO 250ML,260.0,PBT,2.25L,,1678602429399-bottlers nepal - nepal-coca-cola#3.png,RECODING,5,3,99764934,114.92404,118,BOTTLERS NEPAL - NEPAL,COCA-COLA,COCA-COLA,COCA-COLA PET 2250 ML+250 ML COCA-COLA ZERO SUGAR FREE,PET,2250.000 ML,COLA,,2250.0,ML,260.0
6,2023-03-13,202303,2,124865093,52202020009,1678602429399,99764934.0,118,BOTTLERS NEPAL - NEPAL,COCA-COLA,COCA-COLA/2.25L/PBT/FREE COKE ZERO 250ML,260.0,PBT,2.25L,,1678602429399-bottlers nepal - nepal-coca-cola#3.png,RECODING,5,4,99765354,118.137085,118,BOTTLERS NEPAL - NEPAL,COCA-COLA,COCA-COLA,PET 2000 ML+250 ML COCA-COLA FREE,PET,2000.000 ML,COLA,,2000.0,ML,220.0
6,2023-03-13,202303,2,124865093,52202020009,1678602429399,99764934.0,118,BOTTLERS NEPAL - NEPAL,COCA-COLA,COCA-COLA/2.25L/PBT/FREE COKE ZERO 250ML,260.0,PBT,2.25L,,1678602429399-bottlers nepal - nepal-coca-cola#3.png,RECODING,5,5,20121858,119.08672,118,BOTTLERS NEPAL - NEPAL,COCA-COLA,COCA-COLA,PET 300 ML,PET,300.000 ML,COLA,,300.0,ML,0.0
6,2023-03-13,202303,2,124865093,52202020009,1678602429399,99764934.0,118,BOTTLERS NEPAL - NEPAL,COCA-COLA,COCA-COLA/2.25L/PBT/FREE COKE ZERO 250ML,260.0,PBT,2.25L,,1678602429399-bottlers nepal - nepal-coca-cola#3.png,RECODING,5,6,20110266,119.46814,118,BOTTLERS NEPAL - NEPAL,COCA-COLA,COCA-COLA,PET 2250 ML,PET,2250.000 ML,COLA,,2250.0,ML,0.0
6,2023-03-13,202303,2,124865093,52202020009,1678602429399,99764934.0,118,BOTTLERS NEPAL - NEPAL,COCA-COLA,COCA-COLA/2.25L/PBT/FREE COKE ZERO 250ML,260.0,PBT,2.25L,,1678602429399-bottlers nepal - nepal-coca-cola#3.png,RECODING,5,7,99764278,121.97388,118,BOTTLERS NEPAL - NEPAL,COCA-COLA,COCA-COLA ZERO SUGAR,RGB 250 ML,RGB,250.000 ML,COLA,,250.0,ML,40.0
6,2023-03-13,202303,2,124865093,52202020009,1678602429399,99764934.0,118,BOTTLERS NEPAL - NEPAL,COCA-COLA,COCA-COLA/2.25L/PBT/FREE COKE ZERO 250ML,260.0,PBT,2.25L,,1678602429399-bottlers nepal - nepal-coca-cola#3.png,RECODING,5,8,99763299,122.07695,118,BOTTLERS NEPAL - NEPAL,COCA-COLA,COCA-COLA ZERO SUGAR,PET 500 ML,PET,500.000 ML,COLA,,500.0,ML,70.0
6,2023-03-13,202303,2,124865093,52202020009,1678602429399,99764934.0,118,BOTTLERS NEPAL - NEPAL,COCA-COLA,COCA-COLA/2.25L/PBT/FREE COKE ZERO 250ML,260.0,PBT,2.25L,,1678602429399-bottlers nepal - nepal-coca-cola#3.png,RECODING,5,9,99763901,123.43912,118,BOTTLERS NEPAL - NEPAL,COCA-COLA,COCA-COLA ZERO SUGAR,PET 250 ML,PET,250.000 ML,COLA,,250.0,ML,50.0
6,2023-03-13,202303,2,124865093,52202020009,1678602429399,99764934.0,118,BOTTLERS NEPAL - NEPAL,COCA-COLA,COCA-COLA/2.25L/PBT/FREE COKE ZERO 250ML,260.0,PBT,2.25L,,1678602429399-bottlers nepal - nepal-coca-cola#3.png,RECODING,5,10,52789,124.12552,118,BOTTLERS NEPAL - NEPAL,COCA-COLA,COCA-COLA,PET 250 ML,PET,250.000 ML,COLA,,250.0,ML,0.0
7,2023-03-13,202303,3,1210101689,12101030231,1678426246678,99764933.0,105,GORKHA LAHARI PVT.LTD.- NEPAL,SAHARA ,SAHARA PUNCH FILTER HL-20'S,115.0,HL,20,,1678426246678-gorkha lahari pvt-ltd-- nepal-sahara #3.png,RECODING,5,1,99764933,93.071075,105,GORKHA LAHARI PVT.LTD.- NEPAL,SAHARA,SAHARA FILTER PUNCH,HL 20'S,HL,20,FRESH,,20.0,NO,115.0
7,2023-03-13,202303,3,1210101689,12101030231,1678426246678,99764933.0,105,GORKHA LAHARI PVT.LTD.- NEPAL,SAHARA ,SAHARA PUNCH FILTER HL-20'S,115.0,HL,20,,1678426246678-gorkha lahari pvt-ltd-- nepal-sahara #3.png,RECODING,5,2,99765139,156.00293,105,GORKHA LAHARI PVT.LTD.- NEPAL,GORKHA,GORKHA FILTER,HL 20'S,HL,20,FULL FLAVOUR,,20.0,NO,113.5
7,2023-03-13,202303,3,1210101689,12101030231,1678426246678,99764933.0,105,GORKHA LAHARI PVT.LTD.- NEPAL,SAHARA ,SAHARA PUNCH FILTER HL-20'S,115.0,HL,20,,1678426246678-gorkha lahari pvt-ltd-- nepal-sahara #3.png,RECODING,5,3,99765387,167.32555,105,GORKHA LAHARI PVT.LTD.- NEPAL,NEPAL GOLD FLAKE,NEPAL GOLD FLAKE PREMIUM FILTER,HL 20'S,HL,20,FULL FLAVOUR,,20.0,NO,133.5
7,2023-03-13,202303,3,1210101689,12101030231,1678426246678,99764933.0,105,GORKHA LAHARI PVT.LTD.- NEPAL,SAHARA ,SAHARA PUNCH FILTER HL-20'S,115.0,HL,20,,1678426246678-gorkha lahari pvt-ltd-- nepal-sahara #3.png,RECODING,5,4,99765156,168.8461,105,GORKHA LAHARI PVT.LTD.- NEPAL,MAYALU,MAYALU FILTER,HL 20'S,HL,20,FULL FLAVOUR,,20.0,NO,88.0
7,2023-03-13,202303,3,1210101689,12101030231,1678426246678,99764933.0,105,GORKHA LAHARI PVT.LTD.- NEPAL,SAHARA ,SAHARA PUNCH FILTER HL-20'S,115.0,HL,20,,1678426246678-gorkha lahari pvt-ltd-- nepal-sahara #3.png,RECODING,5,5,90110230,169.52676,105,GORKHA LAHARI PVT.LTD.- NEPAL,SAFARI,SAFARI FILTER KINGS,HL 20'S,HL,20,FULL FLAVOUR,,20.0,NO,180.0
7,2023-03-13,202303,3,1210101689,12101030231,1678426246678,99764933.0,105,GORKHA LAHARI PVT.LTD.- NEPAL,SAHARA ,SAHARA PUNCH FILTER HL-20'S,115.0,HL,20,,1678426246678-gorkha lahari pvt-ltd-- nepal-sahara #3.png,RECODING,5,6,90110205,182.40439,105,GORKHA LAHARI PVT.LTD.- NEPAL,SAHARA,SAHARA,HL 20'S,HL,20,FULL FLAVOUR,,20.0,NO,65.0
7,2023-03-13,202303,3,1210101689,12101030231,1678426246678,99764933.0,105,GORKHA LAHARI PVT.LTD.- NEPAL,SAHARA ,SAHARA PUNCH FILTER HL-20'S,115.0,HL,20,,1678426246678-gorkha lahari pvt-ltd-- nepal-sahara #3.png,RECODING,5,7,99765328,182.46141,105,GORKHA LAHARI PVT.LTD.- NEPAL,CAPTAIN,CAPTAIN GOLD FILTER KINGS,HL 20'S,HL,20,FULL FLAVOUR,,20.0,NO,161.0
7,2023-03-13,202303,3,1210101689,12101030231,1678426246678,99764933.0,105,GORKHA LAHARI PVT.LTD.- NEPAL,SAHARA ,SAHARA PUNCH FILTER HL-20'S,115.0,HL,20,,1678426246678-gorkha lahari pvt-ltd-- nepal-sahara #3.png,RECODING,5,8,90110217,185.50821,105,GORKHA LAHARI PVT.LTD.- NEPAL,SAHARA,SAHARA LIGHTS,SC 20'S,SC,20,FULL FLAVOUR,,20.0,NO,110.0
7,2023-03-13,202303,3,1210101689,12101030231,1678426246678,99764933.0,105,GORKHA LAHARI PVT.LTD.- NEPAL,SAHARA ,SAHARA PUNCH FILTER HL-20'S,115.0,HL,20,,1678426246678-gorkha lahari pvt-ltd-- nepal-sahara #3.png,RECODING,5,9,90110256,185.57764,105,GORKHA LAHARI PVT.LTD.- NEPAL,CAPTAIN,CAPTAIN FILTER KINGS,HL 20'S,HL,20,FULL FLAVOUR,,20.0,NO,115.0
7,2023-03-13,202303,3,1210101689,12101030231,1678426246678,99764933.0,105,GORKHA LAHARI PVT.LTD.- NEPAL,SAHARA ,SAHARA PUNCH FILTER HL-20'S,115.0,HL,20,,1678426246678-gorkha lahari pvt-ltd-- nepal-sahara #3.png,RECODING,5,10,52051,187.38397,122,GOPAL SOAP INDUSTRIES - NEPAL,V SERIES,V SERIES GHARI,V SERIES GHARI-PPH 3000 GM,PLPCH,3000.000 GM,,,3000.0,GM,0.0
8,2023-03-13,202303,2,128766356,22101020012,1678433554161,99764934.0,118,BOTTLERS NEPAL - NEPAL,COCA-COLA,COCA COLA\2250ML\PBT\FREE COKE ZERO 250ML,260.0,PBT,2250ML,,1678433554161-bottlers nepal - nepal-coca-cola#3.png,RECODING,5,1,99765132,100.853745,118,BOTTLERS NEPAL - NEPAL,COCA-COLA,COCA-COLA,COCA-COLA PET 2250 ML+250 ML COCA-COLA FREE,PET,2250.000 ML,COLA,,2250.0,ML,270.0
8,2023-03-13,202303,2,128766356,22101020012,1678433554161,99764934.0,118,BOTTLERS NEPAL - NEPAL,COCA-COLA,COCA COLA\2250ML\PBT\FREE COKE ZERO 250ML,260.0,PBT,2250ML,,1678433554161-bottlers nepal - nepal-coca-cola#3.png,RECODING,5,2,99764934,102.849266,118,BOTTLERS NEPAL - NEPAL,COCA-COLA,COCA-COLA,COCA-COLA PET 2250 ML+250 ML COCA-COLA ZERO SUGAR FREE,PET,2250.000 ML,COLA,,2250.0,ML,260.0
8,2023-03-13,202303,2,128766356,22101020012,1678433554161,99764934.0,118,BOTTLERS NEPAL - NEPAL,COCA-COLA,COCA COLA\2250ML\PBT\FREE COKE ZERO 250ML,260.0,PBT,2250ML,,1678433554161-bottlers nepal - nepal-coca-cola#3.png,RECODING,5,3,99765133,103.07064,118,BOTTLERS NEPAL - NEPAL,COCA-COLA,COCA-COLA,COCA-COLA PET 1500 ML+250 ML COCA-COLA FREE,PET,1500.000 ML,COLA,,1500.0,ML,190.0
8,2023-03-13,202303,2,128766356,22101020012,1678433554161,99764934.0,118,BOTTLERS NEPAL - NEPAL,COCA-COLA,COCA COLA\2250ML\PBT\FREE COKE ZERO 250ML,260.0,PBT,2250ML,,1678433554161-bottlers nepal - nepal-coca-cola#3.png,RECODING,5,4,99765354,106.82395,118,BOTTLERS NEPAL - NEPAL,COCA-COLA,COCA-COLA,PET 2000 ML+250 ML COCA-COLA FREE,PET,2000.000 ML,COLA,,2000.0,ML,220.0
8,2023-03-13,202303,2,128766356,22101020012,1678433554161,99764934.0,118,BOTTLERS NEPAL - NEPAL,COCA-COLA,COCA COLA\2250ML\PBT\FREE COKE ZERO 250ML,260.0,PBT,2250ML,,1678433554161-bottlers nepal - nepal-coca-cola#3.png,RECODING,5,5,20110266,108.04242,118,BOTTLERS NEPAL - NEPAL,COCA-COLA,COCA-COLA,PET 2250 ML,PET,2250.000 ML,COLA,,2250.0,ML,0.0
8,2023-03-13,202303,2,128766356,22101020012,1678433554161,99764934.0,118,BOTTLERS NEPAL - NEPAL,COCA-COLA,COCA COLA\2250ML\PBT\FREE COKE ZERO 250ML,260.0,PBT,2250ML,,1678433554161-bottlers nepal - nepal-coca-cola#3.png,RECODING,5,6,20121858,109.497894,118,BOTTLERS NEPAL - NEPAL,COCA-COLA,COCA-COLA,PET 300 ML,PET,300.000 ML,COLA,,300.0,ML,0.0
8,2023-03-13,202303,2,128766356,22101020012,1678433554161,99764934.0,118,BOTTLERS NEPAL - NEPAL,COCA-COLA,COCA COLA\2250ML\PBT\FREE COKE ZERO 250ML,260.0,PBT,2250ML,,1678433554161-bottlers nepal - nepal-coca-cola#3.png,RECODING,5,7,99764278,111.71807,118,BOTTLERS NEPAL - NEPAL,COCA-COLA,COCA-COLA ZERO SUGAR,RGB 250 ML,RGB,250.000 ML,COLA,,250.0,ML,40.0
8,2023-03-13,202303,2,128766356,22101020012,1678433554161,99764934.0,118,BOTTLERS NEPAL - NEPAL,COCA-COLA,COCA COLA\2250ML\PBT\FREE COKE ZERO 250ML,260.0,PBT,2250ML,,1678433554161-bottlers nepal - nepal-coca-cola#3.png,RECODING,5,8,99763299,112.043945,118,BOTTLERS NEPAL - NEPAL,COCA-COLA,COCA-COLA ZERO SUGAR,PET 500 ML,PET,500.000 ML,COLA,,500.0,ML,70.0
8,2023-03-13,202303,2,128766356,22101020012,1678433554161,99764934.0,118,BOTTLERS NEPAL - NEPAL,COCA-COLA,COCA COLA\2250ML\PBT\FREE COKE ZERO 250ML,260.0,PBT,2250ML,,1678433554161-bottlers nepal - nepal-coca-cola#3.png,RECODING,5,9,99763901,113.841324,118,BOTTLERS NEPAL - NEPAL,COCA-COLA,COCA-COLA ZERO SUGAR,PET 250 ML,PET,250.000 ML,COLA,,250.0,ML,50.0
8,2023-03-13,202303,2,128766356,22101020012,1678433554161,99764934.0,118,BOTTLERS NEPAL - NEPAL,COCA-COLA,COCA COLA\2250ML\PBT\FREE COKE ZERO 250ML,260.0,PBT,2250ML,,1678433554161-bottlers nepal - nepal-coca-cola#3.png,RECODING,5,10,20110105,114.38625,118,BOTTLERS NEPAL - NEPAL,COCA-COLA,COCA-COLA,PET 1500 ML,PET,1500.000 ML,COLA,,1500.0,ML,0.0
9,2023-03-16,202303,8,5220210043,522020810043,1678602429399,99764934.0,118,BOTTLERS NEPAL - NEPAL,COCA-COLA,COCA-COLA/2.25L/PBT/FREE COKE ZERO 250ML,260.0,PBT,2.25L,,1678602429399-bottlers nepal - nepal-coca-cola#3.png,RECODING,5,1,99765133,111.60245,118,BOTTLERS NEPAL - NEPAL,COCA-COLA,COCA-COLA,COCA-COLA PET 1500 ML+250 ML COCA-COLA FREE,PET,1500.000 ML,COLA,,1500.0,ML,190.0
9,2023-03-16,202303,8,5220210043,522020810043,1678602429399,99764934.0,118,BOTTLERS NEPAL - NEPAL,COCA-COLA,COCA-COLA/2.25L/PBT/FREE COKE ZERO 250ML,260.0,PBT,2.25L,,1678602429399-bottlers nepal - nepal-coca-cola#3.png,RECODING,5,2,99765132,112.36515,118,BOTTLERS NEPAL - NEPAL,COCA-COLA,COCA-COLA,COCA-COLA PET 2250 ML+250 ML COCA-COLA FREE,PET,2250.000 ML,COLA,,2250.0,ML,270.0
9,2023-03-16,202303,8,5220210043,522020810043,1678602429399,99764934.0,118,BOTTLERS NEPAL - NEPAL,COCA-COLA,COCA-COLA/2.25L/PBT/FREE COKE ZERO 250ML,260.0,PBT,2.25L,,1678602429399-bottlers nepal - nepal-coca-cola#3.png,RECODING,5,3,99764934,114.090065,118,BOTTLERS NEPAL - NEPAL,COCA-COLA,COCA-COLA,COCA-COLA PET 2250 ML+250 ML COCA-COLA ZERO SUGAR FREE,PET,2250.000 ML,COLA,,2250.0,ML,260.0
9,2023-03-16,202303,8,5220210043,522020810043,1678602429399,99764934.0,118,BOTTLERS NEPAL - NEPAL,COCA-COLA,COCA-COLA/2.25L/PBT/FREE COKE ZERO 250ML,260.0,PBT,2.25L,,1678602429399-bottlers nepal - nepal-coca-cola#3.png,RECODING,5,4,99765354,117.1409,118,BOTTLERS NEPAL - NEPAL,COCA-COLA,COCA-COLA,PET 2000 ML+250 ML COCA-COLA FREE,PET,2000.000 ML,COLA,,2000.0,ML,220.0
9,2023-03-16,202303,8,5220210043,522020810043,1678602429399,99764934.0,118,BOTTLERS NEPAL - NEPAL,COCA-COLA,COCA-COLA/2.25L/PBT/FREE COKE ZERO 250ML,260.0,PBT,2.25L,,1678602429399-bottlers nepal - nepal-coca-cola#3.png,RECODING,5,5,20121858,118.26872,118,BOTTLERS NEPAL - NEPAL,COCA-COLA,COCA-COLA,PET 300 ML,PET,300.000 ML,COLA,,300.0,ML,0.0
9,2023-03-16,202303,8,5220210043,522020810043,1678602429399,99764934.0,118,BOTTLERS NEPAL - NEPAL,COCA-COLA,COCA-COLA/2.25L/PBT/FREE COKE ZERO 250ML,260.0,PBT,2.25L,,1678602429399-bottlers nepal - nepal-coca-cola#3.png,RECODING,5,6,20110266,119.021065,118,BOTTLERS NEPAL - NEPAL,COCA-COLA,COCA-COLA,PET 2250 ML,PET,2250.000 ML,COLA,,2250.0,ML,0.0
9,2023-03-16,202303,8,5220210043,522020810043,1678602429399,99764934.0,118,BOTTLERS NEPAL - NEPAL,COCA-COLA,COCA-COLA/2.25L/PBT/FREE COKE ZERO 250ML,260.0,PBT,2.25L,,1678602429399-bottlers nepal - nepal-coca-cola#3.png,RECODING,5,7,99764278,120.27112,118,BOTTLERS NEPAL - NEPAL,COCA-COLA,COCA-COLA ZERO SUGAR,RGB 250 ML,RGB,250.000 ML,COLA,,250.0,ML,40.0
9,2023-03-16,202303,8,5220210043,522020810043,1678602429399,99764934.0,118,BOTTLERS NEPAL - NEPAL,COCA-COLA,COCA-COLA/2.25L/PBT/FREE COKE ZERO 250ML,260.0,PBT,2.25L,,1678602429399-bottlers nepal - nepal-coca-cola#3.png,RECODING,5,8,99763299,120.56598,118,BOTTLERS NEPAL - NEPAL,COCA-COLA,COCA-COLA ZERO SUGAR,PET 500 ML,PET,500.000 ML,COLA,,500.0,ML,70.0
9,2023-03-16,202303,8,5220210043,522020810043,1678602429399,99764934.0,118,BOTTLERS NEPAL - NEPAL,COCA-COLA,COCA-COLA/2.25L/PBT/FREE COKE ZERO 250ML,260.0,PBT,2.25L,,1678602429399-bottlers nepal - nepal-coca-cola#3.png,RECODING,5,9,20110105,121.76715,118,BOTTLERS NEPAL - NEPAL,COCA-COLA,COCA-COLA,PET 1500 ML,PET,1500.000 ML,COLA,,1500.0,ML,0.0
9,2023-03-16,202303,8,5220210043,522020810043,1678602429399,99764934.0,118,BOTTLERS NEPAL - NEPAL,COCA-COLA,COCA-COLA/2.25L/PBT/FREE COKE ZERO 250ML,260.0,PBT,2.25L,,1678602429399-bottlers nepal - nepal-coca-cola#3.png,RECODING,5,10,99763901,122.40006,118,BOTTLERS NEPAL - NEPAL,COCA-COLA,COCA-COLA ZERO SUGAR,PET 250 ML,PET,250.000 ML,COLA,,250.0,ML,50.0
10,2023-03-16,202303,3,1210102762,12101030215,1678865880309,99764945.0,105,GORKHA LAHARI PVT.LTD.- NEPAL,WINNER SPECIAL FILTER,WINNER SPECIAL FILTER -SC-20 ST.,84.5,SC,20 ST.,,1678865880309-gorkha lahari pvt-ltd-- nepal-winner special filter#3.png,RECODING,5,1,99764945,105.82559,105,GORKHA LAHARI PVT.LTD.- NEPAL,WINNER,WINNER SPECIAL FILTER,SC 20'S,SC,20,FULL FLAVOUR,,20.0,NO,84.5
10,2023-03-16,202303,3,1210102762,12101030215,1678865880309,99764945.0,105,GORKHA LAHARI PVT.LTD.- NEPAL,WINNER SPECIAL FILTER,WINNER SPECIAL FILTER -SC-20 ST.,84.5,SC,20 ST.,,1678865880309-gorkha lahari pvt-ltd-- nepal-winner special filter#3.png,RECODING,5,2,90118230,130.88052,105,GORKHA LAHARI PVT.LTD.- NEPAL,WINNER,WINNER FILTER,HL 20'S,HL,20,FULL FLAVOUR,,20.0,NO,65.0
10,2023-03-16,202303,3,1210102762,12101030215,1678865880309,99764945.0,105,GORKHA LAHARI PVT.LTD.- NEPAL,WINNER SPECIAL FILTER,WINNER SPECIAL FILTER -SC-20 ST.,84.5,SC,20 ST.,,1678865880309-gorkha lahari pvt-ltd-- nepal-winner special filter#3.png,RECODING,5,3,99765139,161.27148,105,GORKHA LAHARI PVT.LTD.- NEPAL,GORKHA,GORKHA FILTER,HL 20'S,HL,20,FULL FLAVOUR,,20.0,NO,113.5
10,2023-03-16,202303,3,1210102762,12101030215,1678865880309,99764945.0,105,GORKHA LAHARI PVT.LTD.- NEPAL,WINNER SPECIAL FILTER,WINNER SPECIAL FILTER -SC-20 ST.,84.5,SC,20 ST.,,1678865880309-gorkha lahari pvt-ltd-- nepal-winner special filter#3.png,RECODING,5,4,99765387,163.02573,105,GORKHA LAHARI PVT.LTD.- NEPAL,NEPAL GOLD FLAKE,NEPAL GOLD FLAKE PREMIUM FILTER,HL 20'S,HL,20,FULL FLAVOUR,,20.0,NO,133.5
10,2023-03-16,202303,3,1210102762,12101030215,1678865880309,99764945.0,105,GORKHA LAHARI PVT.LTD.- NEPAL,WINNER SPECIAL FILTER,WINNER SPECIAL FILTER -SC-20 ST.,84.5,SC,20 ST.,,1678865880309-gorkha lahari pvt-ltd-- nepal-winner special filter#3.png,RECODING,5,5,99764933,163.99255,105,GORKHA LAHARI PVT.LTD.- NEPAL,SAHARA,SAHARA FILTER PUNCH,HL 20'S,HL,20,FRESH,,20.0,NO,115.0
10,2023-03-16,202303,3,1210102762,12101030215,1678865880309,99764945.0,105,GORKHA LAHARI PVT.LTD.- NEPAL,WINNER SPECIAL FILTER,WINNER SPECIAL FILTER -SC-20 ST.,84.5,SC,20 ST.,,1678865880309-gorkha lahari pvt-ltd-- nepal-winner special filter#3.png,RECODING,5,6,50218,168.79959,123,S S U (P) LTD-NEPAL,WINNER,WINNER,WINNER-UNWRP 300 GM,UNWRP,300.000 GM,,,300.0,GM,0.0
10,2023-03-16,202303,3,1210102762,12101030215,1678865880309,99764945.0,105,GORKHA LAHARI PVT.LTD.- NEPAL,WINNER SPECIAL FILTER,WINNER SPECIAL FILTER -SC-20 ST.,84.5,SC,20 ST.,,1678865880309-gorkha lahari pvt-ltd-- nepal-winner special filter#3.png,RECODING,5,7,99765328,169.23665,105,GORKHA LAHARI PVT.LTD.- NEPAL,CAPTAIN,CAPTAIN GOLD FILTER KINGS,HL 20'S,HL,20,FULL FLAVOUR,,20.0,NO,161.0
10,2023-03-16,202303,3,1210102762,12101030215,1678865880309,99764945.0,105,GORKHA LAHARI PVT.LTD.- NEPAL,WINNER SPECIAL FILTER,WINNER SPECIAL FILTER -SC-20 ST.,84.5,SC,20 ST.,,1678865880309-gorkha lahari pvt-ltd-- nepal-winner special filter#3.png,RECODING,5,8,99765156,171.11977,105,GORKHA LAHARI PVT.LTD.- NEPAL,MAYALU,MAYALU FILTER,HL 20'S,HL,20,FULL FLAVOUR,,20.0,NO,88.0
10,2023-03-16,202303,3,1210102762,12101030215,1678865880309,99764945.0,105,GORKHA LAHARI PVT.LTD.- NEPAL,WINNER SPECIAL FILTER,WINNER SPECIAL FILTER -SC-20 ST.,84.5,SC,20 ST.,,1678865880309-gorkha lahari pvt-ltd-- nepal-winner special filter#3.png,RECODING,5,9,90110256,175.99403,105,GORKHA LAHARI PVT.LTD.- NEPAL,CAPTAIN,CAPTAIN FILTER KINGS,HL 20'S,HL,20,FULL FLAVOUR,,20.0,NO,115.0
10,2023-03-16,202303,3,1210102762,12101030215,1678865880309,99764945.0,105,GORKHA LAHARI PVT.LTD.- NEPAL,WINNER SPECIAL FILTER,WINNER SPECIAL FILTER -SC-20 ST.,84.5,SC,20 ST.,,1678865880309-gorkha lahari pvt-ltd-- nepal-winner special filter#3.png,RECODING,5,10,90110228,176.42812,105,GORKHA LAHARI PVT.LTD.- NEPAL,BROWN,BROWN GOLD,HL 20'S,HL,20,KRETEK,,20.0,NO,280.0
11,2023-03-16,202303,2,122007734,12303020017,1678860610905,99764937.0,118,SINGAPORE BEVERAGE-NEPAL,CLUB SODA,CLUB SODA-PURE SODA EXTRA PUNCH PBT 250ML,40.0,PBT,250ML,,1678860610905-singapore beverage-nepal-club soda#3.png,RECODING,5,1,99764937,103.65701,118,SINGAPORE BEVERAGE-NEPAL,CLUB SODA,CLUB SODA,PURE SODA PET 250 ML EXT PUNCH,PET,250.000 ML,SODA,,250.0,ML,40.0
11,2023-03-16,202303,2,122007734,12303020017,1678860610905,99764937.0,118,SINGAPORE BEVERAGE-NEPAL,CLUB SODA,CLUB SODA-PURE SODA EXTRA PUNCH PBT 250ML,40.0,PBT,250ML,,1678860610905-singapore beverage-nepal-club soda#3.png,RECODING,5,2,52826,105.67456,118,SINGAPORE BEVERAGE-NEPAL,CLUB SODA,CLUB SODA,PURE SODA PET 500 ML EXT PUNCH,PET,500.000 ML,SODA,,500.0,ML,0.0
11,2023-03-16,202303,2,122007734,12303020017,1678860610905,99764937.0,118,SINGAPORE BEVERAGE-NEPAL,CLUB SODA,CLUB SODA-PURE SODA EXTRA PUNCH PBT 250ML,40.0,PBT,250ML,,1678860610905-singapore beverage-nepal-club soda#3.png,RECODING,5,3,51771,133.81923,118,SINGAPORE BEVERAGE-NEPAL,CLUB COLA,CLUB COLA,PET 2250 ML,PET,2250.000 ML,COLA,,2250.0,ML,0.0
11,2023-03-16,202303,2,122007734,12303020017,1678860610905,99764937.0,118,SINGAPORE BEVERAGE-NEPAL,CLUB SODA,CLUB SODA-PURE SODA EXTRA PUNCH PBT 250ML,40.0,PBT,250ML,,1678860610905-singapore beverage-nepal-club soda#3.png,RECODING,5,4,51044,135.58508,118,SINGAPORE BEVERAGE-NEPAL,CLUB COLA,CLUB COLA,PET 1500 ML,PET,1500.000 ML,COLA,,1500.0,ML,0.0
11,2023-03-16,202303,2,122007734,12303020017,1678860610905,99764937.0,118,SINGAPORE BEVERAGE-NEPAL,CLUB SODA,CLUB SODA-PURE SODA EXTRA PUNCH PBT 250ML,40.0,PBT,250ML,,1678860610905-singapore beverage-nepal-club soda#3.png,RECODING,5,5,49837,137.08124,118,SINGAPORE BEVERAGE-NEPAL,CLUB COLA,CLUB COLA,PET 250 ML,PET,250.000 ML,COLA,,250.0,ML,0.0
11,2023-03-16,202303,2,122007734,12303020017,1678860610905,99764937.0,118,SINGAPORE BEVERAGE-NEPAL,CLUB SODA,CLUB SODA-PURE SODA EXTRA PUNCH PBT 250ML,40.0,PBT,250ML,,1678860610905-singapore beverage-nepal-club soda#3.png,RECODING,5,6,54124,139.65979,118,SINGAPORE BEVERAGE-NEPAL,CLUB COLA,CLUB COLA,PET 1000 ML,PET,1000.000 ML,COLA,,1000.0,ML,0.0
11,2023-03-16,202303,2,122007734,12303020017,1678860610905,99764937.0,118,SINGAPORE BEVERAGE-NEPAL,CLUB SODA,CLUB SODA-PURE SODA EXTRA PUNCH PBT 250ML,40.0,PBT,250ML,,1678860610905-singapore beverage-nepal-club soda#3.png,RECODING,5,7,49984,140.41571,118,SINGAPORE BEVERAGE-NEPAL,CLUB COLA,CLUB COLA,PET 500 ML,PET,500.000 ML,COLA,,500.0,ML,0.0
11,2023-03-16,202303,2,122007734,12303020017,1678860610905,99764937.0,118,SINGAPORE BEVERAGE-NEPAL,CLUB SODA,CLUB SODA-PURE SODA EXTRA PUNCH PBT 250ML,40.0,PBT,250ML,,1678860610905-singapore beverage-nepal-club soda#3.png,RECODING,5,8,20110247,166.27637,118,ASIAN DRINK PVT LTD - NEPAL,SIPHONY,SIPHONY,PET 300 ML,PET,300.000 ML,SODA,,300.0,ML,0.0
11,2023-03-16,202303,2,122007734,12303020017,1678860610905,99764937.0,118,SINGAPORE BEVERAGE-NEPAL,CLUB SODA,CLUB SODA-PURE SODA EXTRA PUNCH PBT 250ML,40.0,PBT,250ML,,1678860610905-singapore beverage-nepal-club soda#3.png,RECODING,5,9,20124197,171.15143,118,HIM GANGA BEVERAGE-NEPAL,FIZZY,FIZZY CLUB SODA,PET 250 ML,PET,250.000 ML,SODA,,250.0,ML,0.0
11,2023-03-16,202303,2,122007734,12303020017,1678860610905,99764937.0,118,SINGAPORE BEVERAGE-NEPAL,CLUB SODA,CLUB SODA-PURE SODA EXTRA PUNCH PBT 250ML,40.0,PBT,250ML,,1678860610905-singapore beverage-nepal-club soda#3.png,RECODING,5,10,20123702,171.46712,118,HIM GANGA BEVERAGE-NEPAL,FIZZY,FIZZY CLUB SODA,PET 600 ML,PET,600.000 ML,SODA,,600.0,ML,0.0
12,2023-03-16,202303,2,233775810010,23377020002,1678859127148,99764938.0,134,SHREE RAM FOOD PRODUCTS-INDIA ,FRUTOLA,FRUTOLA\100ML\PBT\MANGO ,8.0,PBT,100ML,,1678859127148-shree ram food products-india -frutola#3.png,RECODING,5,1,99764938,89.469345,118,SHREE RAM FOOD PRODUCT-INDIA,FRUTOLA,FRUTOLA,MANGO PET 100 ML,PET,100.000 ML,MANGO,,100.0,ML,8.0
12,2023-03-16,202303,2,233775810010,23377020002,1678859127148,99764938.0,134,SHREE RAM FOOD PRODUCTS-INDIA ,FRUTOLA,FRUTOLA\100ML\PBT\MANGO ,8.0,PBT,100ML,,1678859127148-shree ram food products-india -frutola#3.png,RECODING,5,2,99764975,120.83375,118,SHREE RAM FOOD PRODUCT-INDIA,FRUTOLA,FRUTOLA,LITCHI PET 100 ML,PET,100.000 ML,LYCHEE,,100.0,ML,8.0
12,2023-03-16,202303,2,233775810010,23377020002,1678859127148,99764938.0,134,SHREE RAM FOOD PRODUCTS-INDIA ,FRUTOLA,FRUTOLA\100ML\PBT\MANGO ,8.0,PBT,100ML,,1678859127148-shree ram food products-india -frutola#3.png,RECODING,5,3,51207,146.85794,106,MANGAL SHREE FOODS-IND,FRUITO,FRUITO,FRUITO-MANGO CANDY PPH 2.5 GM,PLPCH,2.500 GM,MANGO,,2.5,GM,0.0
12,2023-03-16,202303,2,233775810010,23377020002,1678859127148,99764938.0,134,SHREE RAM FOOD PRODUCTS-INDIA ,FRUTOLA,FRUTOLA\100ML\PBT\MANGO ,8.0,PBT,100ML,,1678859127148-shree ram food products-india -frutola#3.png,RECODING,5,4,52568,158.80322,118,PARLE AGRO PVT LTD-INDIA,FROOTI,FROOTI,MANGO TPK 160 ML,TPK,160.000 ML,MANGO,,160.0,ML,0.0
12,2023-03-16,202303,2,233775810010,23377020002,1678859127148,99764938.0,134,SHREE RAM FOOD PRODUCTS-INDIA ,FRUTOLA,FRUTOLA\100ML\PBT\MANGO ,8.0,PBT,100ML,,1678859127148-shree ram food products-india -frutola#3.png,RECODING,5,5,51769,163.92822,118,PARLE AGRO PVT LTD-INDIA,FROOTI,FROOTI,MANGO TPK 65 ML,TPK,65.000 ML,MANGO,,65.0,ML,0.0
12,2023-03-16,202303,2,233775810010,23377020002,1678859127148,99764938.0,134,SHREE RAM FOOD PRODUCTS-INDIA ,FRUTOLA,FRUTOLA\100ML\PBT\MANGO ,8.0,PBT,100ML,,1678859127148-shree ram food products-india -frutola#3.png,RECODING,5,6,99763711,165.71179,118,PARLE AGRO PVT LTD-INDIA,FROOTI,FROOTI,MANGO PET 300 ML,PET,300.000 ML,MANGO,,300.0,ML,32.0
12,2023-03-16,202303,2,233775810010,23377020002,1678859127148,99764938.0,134,SHREE RAM FOOD PRODUCTS-INDIA ,FRUTOLA,FRUTOLA\100ML\PBT\MANGO ,8.0,PBT,100ML,,1678859127148-shree ram food products-india -frutola#3.png,RECODING,5,7,99765016,165.83029,118,PARLE AGRO PVT LTD-INDIA,FROOTI,FROOTI,MANGO PET 600 ML,PET,600.000 ML,MANGO,,600.0,ML,100.0
12,2023-03-16,202303,2,233775810010,23377020002,1678859127148,99764938.0,134,SHREE RAM FOOD PRODUCTS-INDIA ,FRUTOLA,FRUTOLA\100ML\PBT\MANGO ,8.0,PBT,100ML,,1678859127148-shree ram food products-india -frutola#3.png,RECODING,5,8,99763617,169.19952,118,MSRB FOOD PRODUCTS-INDIA,RUSKOO,RUSKOO MANGO FUN,MANGO TPK 200 ML,TPK,200.000 ML,MANGO,,200.0,ML,20.0
12,2023-03-16,202303,2,233775810010,23377020002,1678859127148,99764938.0,134,SHREE RAM FOOD PRODUCTS-INDIA ,FRUTOLA,FRUTOLA\100ML\PBT\MANGO ,8.0,PBT,100ML,,1678859127148-shree ram food products-india -frutola#3.png,RECODING,5,9,99765268,170.4167,118,PARLE AGRO PVT LTD-INDIA,FROOTI,FROOTI,MANGO PET 1800 ML,PET,1800.000 ML,MANGO,,1800.0,ML,160.0
12,2023-03-16,202303,2,233775810010,23377020002,1678859127148,99764938.0,134,SHREE RAM FOOD PRODUCTS-INDIA ,FRUTOLA,FRUTOLA\100ML\PBT\MANGO ,8.0,PBT,100ML,,1678859127148-shree ram food products-india -frutola#3.png,RECODING,5,10,99762326,171.59253,126,SHREE RADHE KRISHNA FOOD PRODUCTS,PREM SUDHA,PREM SUDHA,6G PAAN MASALA,PLAST,6G,REGULAR,,6.0,,0.0
13,2023-03-16,202303,2,233775810007,23377020007,1678857315164,99764939.0,134,COCA COLA COMPANY IMPRTD-IMPTD,MAAZA,MAAZA MANGO\1000ML\PBT\MANGO FLAVOUR ,96.0,PBT,1000ML,,1678857315164-coca cola company imprtd-imptd-maaza#3.png,RECODING,5,1,48589,93.32564,118,COCA COLA COMPANY IMPRTD-IMPTD,MAAZA,MAAZA,MANGO TPK 150 ML,TPK,150.000 ML,MANGO,,150.0,ML,0.0
13,2023-03-16,202303,2,233775810007,23377020007,1678857315164,99764939.0,134,COCA COLA COMPANY IMPRTD-IMPTD,MAAZA,MAAZA MANGO\1000ML\PBT\MANGO FLAVOUR ,96.0,PBT,1000ML,,1678857315164-coca cola company imprtd-imptd-maaza#3.png,RECODING,5,2,20126626,96.17959,118,COCA COLA COMPANY IMPRTD-IMPTD,MAAZA,MAAZA,MANGO TPK 125 ML,TPK,125.000 ML,MANGO,,125.0,ML,0.0
13,2023-03-16,202303,2,233775810007,23377020007,1678857315164,99764939.0,134,COCA COLA COMPANY IMPRTD-IMPTD,MAAZA,MAAZA MANGO\1000ML\PBT\MANGO FLAVOUR ,96.0,PBT,1000ML,,1678857315164-coca cola company imprtd-imptd-maaza#3.png,RECODING,5,3,20122921,99.949615,118,COCA COLA COMPANY IMPRTD-IMPTD,MAAZA,MAAZA,MANGO TPK 200 ML,TPK,200.000 ML,MANGO,,200.0,ML,0.0
13,2023-03-16,202303,2,233775810007,23377020007,1678857315164,99764939.0,134,COCA COLA COMPANY IMPRTD-IMPTD,MAAZA,MAAZA MANGO\1000ML\PBT\MANGO FLAVOUR ,96.0,PBT,1000ML,,1678857315164-coca cola company imprtd-imptd-maaza#3.png,RECODING,5,4,99764939,107.18162,118,COCA COLA COMPANY IMPRTD-IMPTD,MAAZA,MAAZA,MANGO PET 1000 ML,PET,1000.000 ML,MANGO,,1000.0,ML,96.0
13,2023-03-16,202303,2,233775810007,23377020007,1678857315164,99764939.0,134,COCA COLA COMPANY IMPRTD-IMPTD,MAAZA,MAAZA MANGO\1000ML\PBT\MANGO FLAVOUR ,96.0,PBT,1000ML,,1678857315164-coca cola company imprtd-imptd-maaza#3.png,RECODING,5,5,52891,108.09662,118,COCA COLA COMPANY IMPRTD-IMPTD,MAAZA,MAAZA,MANGO PET 1500 ML,PET,1500.000 ML,MANGO,,1500.0,ML,0.0
13,2023-03-16,202303,2,233775810007,23377020007,1678857315164,99764939.0,134,COCA COLA COMPANY IMPRTD-IMPTD,MAAZA,MAAZA MANGO\1000ML\PBT\MANGO FLAVOUR ,96.0,PBT,1000ML,,1678857315164-coca cola company imprtd-imptd-maaza#3.png,RECODING,5,6,20127637,108.31963,118,COCA COLA COMPANY IMPRTD-IMPTD,MAAZA,MAAZA,MANGO PET 750 ML,PET,750.000 ML,MANGO,,750.0,ML,0.0
13,2023-03-16,202303,2,233775810007,23377020007,1678857315164,99764939.0,134,COCA COLA COMPANY IMPRTD-IMPTD,MAAZA,MAAZA MANGO\1000ML\PBT\MANGO FLAVOUR ,96.0,PBT,1000ML,,1678857315164-coca cola company imprtd-imptd-maaza#3.png,RECODING,5,7,20110636,109.81378,118,COCA COLA COMPANY IMPRTD-IMPTD,MAAZA,MAAZA,MANGO PET 600 ML,PET,600.000 ML,MANGO,,600.0,ML,0.0
13,2023-03-16,202303,2,233775810007,23377020007,1678857315164,99764939.0,134,COCA COLA COMPANY IMPRTD-IMPTD,MAAZA,MAAZA MANGO\1000ML\PBT\MANGO FLAVOUR ,96.0,PBT,1000ML,,1678857315164-coca cola company imprtd-imptd-maaza#3.png,RECODING,5,8,20125480,110.22739,118,COCA COLA COMPANY IMPRTD-IMPTD,MAAZA,MAAZA,MANGO PET 1750 ML,PET,1750.000 ML,MANGO,,1750.0,ML,0.0
13,2023-03-16,202303,2,233775810007,23377020007,1678857315164,99764939.0,134,COCA COLA COMPANY IMPRTD-IMPTD,MAAZA,MAAZA MANGO\1000ML\PBT\MANGO FLAVOUR ,96.0,PBT,1000ML,,1678857315164-coca cola company imprtd-imptd-maaza#3.png,RECODING,5,9,20110546,111.444,118,COCA COLA COMPANY IMPRTD-IMPTD,MAAZA,MAAZA,MANGO PET 1200 ML,PET,1200.000 ML,MANGO,,1200.0,ML,0.0
13,2023-03-16,202303,2,233775810007,23377020007,1678857315164,99764939.0,134,COCA COLA COMPANY IMPRTD-IMPTD,MAAZA,MAAZA MANGO\1000ML\PBT\MANGO FLAVOUR ,96.0,PBT,1000ML,,1678857315164-coca cola company imprtd-imptd-maaza#3.png,RECODING,5,10,20123102,112.12017,118,COCA COLA COMPANY IMPRTD-IMPTD,MAAZA,MAAZA,MANGO PET 500 ML,PET,500.000 ML,MANGO,,500.0,ML,0.0
14,2023-03-16,202303,3,123131585,12303030032,1678769716481,99764944.0,126,MAA VINDHYAVASINI TOBACCO-IN,MADHU PAN MASALA,MADHU KESHAR MISHRIT PAN MASALA 3GM,10.0,PPH,3GM,,1678769716481-maa vindhyavasini tobacco-in-madhu pan masala#3.png,RECODING,5,1,99763654,97.87505,126,MAA VINDHYAVASINI TOBACCO-IN,MADHU,MADHU,3G PAAN MASALA,PLAST,3G,SWEET,,3.0,GM,10.0
14,2023-03-16,202303,3,123131585,12303030032,1678769716481,99764944.0,126,MAA VINDHYAVASINI TOBACCO-IN,MADHU PAN MASALA,MADHU KESHAR MISHRIT PAN MASALA 3GM,10.0,PPH,3GM,,1678769716481-maa vindhyavasini tobacco-in-madhu pan masala#3.png,RECODING,5,2,99764944,111.403336,126,MAA VINDHYAVASINI TOBACCO-IN,MADHU,MADHU,3G PAAN MASALA KESAR MIXED,PLAST,3G,REGULAR,,3.0,GM,6.5
14,2023-03-16,202303,3,123131585,12303030032,1678769716481,99764944.0,126,MAA VINDHYAVASINI TOBACCO-IN,MADHU PAN MASALA,MADHU KESHAR MISHRIT PAN MASALA 3GM,10.0,PPH,3GM,,1678769716481-maa vindhyavasini tobacco-in-madhu pan masala#3.png,RECODING,5,3,99765458,165.75665,126,SONA TOBACCO UDHYOG PVT LTD.,BAADSHAH,BAADSHAH,2.5G PAAN MASALA,PLAST,2.5G,REGULAR,,2.5,GM,10.0
14,2023-03-16,202303,3,123131585,12303030032,1678769716481,99764944.0,126,MAA VINDHYAVASINI TOBACCO-IN,MADHU PAN MASALA,MADHU KESHAR MISHRIT PAN MASALA 3GM,10.0,PPH,3GM,,1678769716481-maa vindhyavasini tobacco-in-madhu pan masala#3.png,RECODING,5,4,99762219,184.14838,126,TRIMURTI FRAGNANCES PVT LTD.,SIKHAR,SHIKHAR  PAN MASALA,3.5G PAAN MASALA,PLAST,3.5G,REGULAR,,3.5,,0.0
14,2023-03-16,202303,3,123131585,12303030032,1678769716481,99764944.0,126,MAA VINDHYAVASINI TOBACCO-IN,MADHU PAN MASALA,MADHU KESHAR MISHRIT PAN MASALA 3GM,10.0,PPH,3GM,,1678769716481-maa vindhyavasini tobacco-in-madhu pan masala#3.png,RECODING,5,5,99764946,184.46922,127,MAA VINDHYAVASINI TOBACCO-IN,M-1,M-1,0.25G ZARDA,PLAST,0.25G,REGULAR,,0.25,GM,0.8
14,2023-03-16,202303,3,123131585,12303030032,1678769716481,99764944.0,126,MAA VINDHYAVASINI TOBACCO-IN,MADHU PAN MASALA,MADHU KESHAR MISHRIT PAN MASALA 3GM,10.0,PPH,3GM,,1678769716481-maa vindhyavasini tobacco-in-madhu pan masala#3.png,RECODING,5,6,99763073,185.86424,123,SIDDHI BINAYAK CHEMICALS-NEPAL,RUKH CHHAP,RUKH CHHAP DALLO SABUN,RUKH CHHAP DALLO SABUN-PPH 3*250 GM [750 GM],PLPCH,250.000 GM,,,750.0,GM,100.0
14,2023-03-16,202303,3,123131585,12303030032,1678769716481,99764944.0,126,MAA VINDHYAVASINI TOBACCO-IN,MADHU PAN MASALA,MADHU KESHAR MISHRIT PAN MASALA 3GM,10.0,PPH,3GM,,1678769716481-maa vindhyavasini tobacco-in-madhu pan masala#3.png,RECODING,5,7,99765201,186.05087,126,SONA TOBACCO UDHYOG PVT LTD.,BABA,BABA SWEET SUPARI,1.5G PAAN MASALA,PLAST,1.5G,SWEET,,1.5,GM,3.0
14,2023-03-16,202303,3,123131585,12303030032,1678769716481,99764944.0,126,MAA VINDHYAVASINI TOBACCO-IN,MADHU PAN MASALA,MADHU KESHAR MISHRIT PAN MASALA 3GM,10.0,PPH,3GM,,1678769716481-maa vindhyavasini tobacco-in-madhu pan masala#3.png,RECODING,5,8,99765320,188.48425,126,MADHU CHEMICAL COMPANY,MADHU,MADHU,1.45G PAAN MASALA,PLAST,1.45G,SWEET,,1.45,GM,3.0
14,2023-03-16,202303,3,123131585,12303030032,1678769716481,99764944.0,126,MAA VINDHYAVASINI TOBACCO-IN,MADHU PAN MASALA,MADHU KESHAR MISHRIT PAN MASALA 3GM,10.0,PPH,3GM,,1678769716481-maa vindhyavasini tobacco-in-madhu pan masala#3.png,RECODING,5,9,99764753,188.53235,126,IPA GUTKHA UDHYOG-NEPAL,R-R NIWAS,R-R NIWAS PAN MASALA,3.5G PAAN MASALA,PLAST,3.5G,REGULAR,,3.5,GM,13.0
14,2023-03-16,202303,3,123131585,12303030032,1678769716481,99764944.0,126,MAA VINDHYAVASINI TOBACCO-IN,MADHU PAN MASALA,MADHU KESHAR MISHRIT PAN MASALA 3GM,10.0,PPH,3GM,,1678769716481-maa vindhyavasini tobacco-in-madhu pan masala#3.png,RECODING,5,10,99762220,191.32486,126,SHREE RAM TOBACCO UDHYOG,CURRENT,CURRENT PREMIUM,4G PAAN MASALA,PLAST,4G,REGULAR,,4.0,,0.0
15,2023-03-16,202303,2,111918525,12101020019,1678776693868,99764940.0,118,COCA COLA COMPANY IMPRTD-IMPTD,FANTA ORANGE,FANTA ORANGE PET 2.250 ML.RS. 14.00-OFF,132.0,PET,2.250 ML.,,1678776693868-coca cola company imprtd-imptd-fanta orange#3.png,RECODING,5,1,99764940,68.86432,118,COCA COLA COMPANY IMPRTD-IMPTD,FANTA,FANTA ORANGE,ORANGE PET 2250 ML+RS. 14 OFF,PET,2250.000 ML,ORANGE,,2250.0,ML,136.0
15,2023-03-16,202303,2,111918525,12101020019,1678776693868,99764940.0,118,COCA COLA COMPANY IMPRTD-IMPTD,FANTA ORANGE,FANTA ORANGE PET 2.250 ML.RS. 14.00-OFF,132.0,PET,2.250 ML.,,1678776693868-coca cola company imprtd-imptd-fanta orange#3.png,RECODING,5,2,51969,82.53407,118,COCA COLA COMPANY IMPRTD-IMPTD,FANTA,FANTA ORANGE,PET 2250 ML,PET,2250.000 ML,ORANGE,,2250.0,ML,0.0
15,2023-03-16,202303,2,111918525,12101020019,1678776693868,99764940.0,118,COCA COLA COMPANY IMPRTD-IMPTD,FANTA ORANGE,FANTA ORANGE PET 2.250 ML.RS. 14.00-OFF,132.0,PET,2.250 ML.,,1678776693868-coca cola company imprtd-imptd-fanta orange#3.png,RECODING,5,3,20120947,83.9939,118,COCA COLA COMPANY IMPRTD-IMPTD,FANTA,FANTA ORANGE,ORANGE PET 1250 ML,PET,1250.000 ML,ORANGE,,1250.0,ML,0.0
15,2023-03-16,202303,2,111918525,12101020019,1678776693868,99764940.0,118,COCA COLA COMPANY IMPRTD-IMPTD,FANTA ORANGE,FANTA ORANGE PET 2.250 ML.RS. 14.00-OFF,132.0,PET,2.250 ML.,,1678776693868-coca cola company imprtd-imptd-fanta orange#3.png,RECODING,5,4,20125861,86.09285,118,COCA COLA COMPANY IMPRTD-IMPTD,FANTA,FANTA ORANGE,ORANGE PET 1750 ML,PET,1750.000 ML,ORANGE,,1750.0,ML,0.0
15,2023-03-16,202303,2,111918525,12101020019,1678776693868,99764940.0,118,COCA COLA COMPANY IMPRTD-IMPTD,FANTA ORANGE,FANTA ORANGE PET 2.250 ML.RS. 14.00-OFF,132.0,PET,2.250 ML.,,1678776693868-coca cola company imprtd-imptd-fanta orange#3.png,RECODING,5,5,99763441,88.01983,118,COCA COLA COMPANY IMPRTD-IMPTD,FANTA,FANTA ORANGE,ORANGE PET 250 ML,PET,250.000 ML,ORANGE,,250.0,ML,32.0
15,2023-03-16,202303,2,111918525,12101020019,1678776693868,99764940.0,118,COCA COLA COMPANY IMPRTD-IMPTD,FANTA ORANGE,FANTA ORANGE PET 2.250 ML.RS. 14.00-OFF,132.0,PET,2.250 ML.,,1678776693868-coca cola company imprtd-imptd-fanta orange#3.png,RECODING,5,6,20123283,88.77126,118,COCA COLA COMPANY IMPRTD-IMPTD,FANTA,FANTA ORANGE,ORANGE PET 750 ML,PET,750.000 ML,ORANGE,,750.0,ML,0.0
15,2023-03-16,202303,2,111918525,12101020019,1678776693868,99764940.0,118,COCA COLA COMPANY IMPRTD-IMPTD,FANTA ORANGE,FANTA ORANGE PET 2.250 ML.RS. 14.00-OFF,132.0,PET,2.250 ML.,,1678776693868-coca cola company imprtd-imptd-fanta orange#3.png,RECODING,5,7,20125415,90.34517,118,COCA COLA COMPANY IMPRTD-IMPTD,FANTA,FANTA ORANGE,ORANGE PET 400 ML,PET,400.000 ML,ORANGE,,400.0,ML,0.0
15,2023-03-16,202303,2,111918525,12101020019,1678776693868,99764940.0,118,COCA COLA COMPANY IMPRTD-IMPTD,FANTA ORANGE,FANTA ORANGE PET 2.250 ML.RS. 14.00-OFF,132.0,PET,2.250 ML.,,1678776693868-coca cola company imprtd-imptd-fanta orange#3.png,RECODING,5,8,20120951,90.36756,118,COCA COLA COMPANY IMPRTD-IMPTD,FANTA,FANTA ORANGE,ORANGE PET 600 ML,PET,600.000 ML,ORANGE,,600.0,ML,0.0
15,2023-03-16,202303,2,111918525,12101020019,1678776693868,99764940.0,118,COCA COLA COMPANY IMPRTD-IMPTD,FANTA ORANGE,FANTA ORANGE PET 2.250 ML.RS. 14.00-OFF,132.0,PET,2.250 ML.,,1678776693868-coca cola company imprtd-imptd-fanta orange#3.png,RECODING,5,9,20120946,90.96318,118,COCA COLA COMPANY IMPRTD-IMPTD,FANTA,FANTA ORANGE,ORANGE PET 2000 ML,PET,2000.000 ML,ORANGE,,2000.0,ML,0.0
15,2023-03-16,202303,2,111918525,12101020019,1678776693868,99764940.0,118,COCA COLA COMPANY IMPRTD-IMPTD,FANTA ORANGE,FANTA ORANGE PET 2.250 ML.RS. 14.00-OFF,132.0,PET,2.250 ML.,,1678776693868-coca cola company imprtd-imptd-fanta orange#3.png,RECODING,5,10,20120705,108.654205,118,HINDUSTAN COCA COLA CMPNY-IND,FANTA,FANTA ORANGE,ORANGE PET 1250 ML,PET,1250.000 ML,ORANGE,,1250.0,ML,0.0
16,2023-03-16,202303,2,111918525,12101020019,1678776482247,99764941.0,118,COCA COLA COMPANY IMPRTD-IMPTD,SPRITE,SPRITE LEMON PET 2.250 ML.RS14.00-OFF,136.0,PET,2.250 ML.,,1678776482247-coca cola company imprtd-imptd-sprite#3.png,RECODING,5,1,99764941,71.55051,118,COCA COLA COMPANY IMPRTD-IMPTD,SPRITE,SPRITE,PET 2250 ML+RS. 14 OFF,PET,2250.000 ML,LEMON,,2250.0,ML,136.0
16,2023-03-16,202303,2,111918525,12101020019,1678776482247,99764941.0,118,COCA COLA COMPANY IMPRTD-IMPTD,SPRITE,SPRITE LEMON PET 2.250 ML.RS14.00-OFF,136.0,PET,2.250 ML.,,1678776482247-coca cola company imprtd-imptd-sprite#3.png,RECODING,5,2,99765178,74.07814,118,COCA COLA COMPANY IMPRTD-IMPTD,SPRITE,SPRITE,PET 2250 ML+RS. 24 OFF,PET,2250.000 ML,LEMON,,2250.0,ML,136.0
16,2023-03-16,202303,2,111918525,12101020019,1678776482247,99764941.0,118,COCA COLA COMPANY IMPRTD-IMPTD,SPRITE,SPRITE LEMON PET 2.250 ML.RS14.00-OFF,136.0,PET,2.250 ML.,,1678776482247-coca cola company imprtd-imptd-sprite#3.png,RECODING,5,3,51971,88.17785,118,COCA COLA COMPANY IMPRTD-IMPTD,SPRITE,SPRITE,PET 2250 ML,PET,2250.000 ML,LEMON,,2250.0,ML,0.0
16,2023-03-16,202303,2,111918525,12101020019,1678776482247,99764941.0,118,COCA COLA COMPANY IMPRTD-IMPTD,SPRITE,SPRITE LEMON PET 2.250 ML.RS14.00-OFF,136.0,PET,2.250 ML.,,1678776482247-coca cola company imprtd-imptd-sprite#3.png,RECODING,5,4,20120949,91.03732,118,COCA COLA COMPANY IMPRTD-IMPTD,SPRITE,SPRITE,PET 1250 ML,PET,1250.000 ML,LEMON,,1250.0,ML,0.0
16,2023-03-16,202303,2,111918525,12101020019,1678776482247,99764941.0,118,COCA COLA COMPANY IMPRTD-IMPTD,SPRITE,SPRITE LEMON PET 2.250 ML.RS14.00-OFF,136.0,PET,2.250 ML.,,1678776482247-coca cola company imprtd-imptd-sprite#3.png,RECODING,5,5,20125296,91.84055,118,COCA COLA COMPANY IMPRTD-IMPTD,SPRITE,SPRITE,PET 1750 ML,PET,1750.000 ML,LEMON,,1750.0,ML,0.0
16,2023-03-16,202303,2,111918525,12101020019,1678776482247,99764941.0,118,COCA COLA COMPANY IMPRTD-IMPTD,SPRITE,SPRITE LEMON PET 2.250 ML.RS14.00-OFF,136.0,PET,2.250 ML.,,1678776482247-coca cola company imprtd-imptd-sprite#3.png,RECODING,5,6,20122934,93.87784,118,COCA COLA COMPANY IMPRTD-IMPTD,SPRITE,SPRITE,PET 750 ML,PET,750.000 ML,LEMON,,750.0,ML,0.0
16,2023-03-16,202303,2,111918525,12101020019,1678776482247,99764941.0,118,COCA COLA COMPANY IMPRTD-IMPTD,SPRITE,SPRITE LEMON PET 2.250 ML.RS14.00-OFF,136.0,PET,2.250 ML.,,1678776482247-coca cola company imprtd-imptd-sprite#3.png,RECODING,5,7,99763442,94.5677,118,COCA COLA COMPANY IMPRTD-IMPTD,SPRITE,SPRITE,PET 250 ML,PET,250.000 ML,LEMON,,250.0,ML,32.0
16,2023-03-16,202303,2,111918525,12101020019,1678776482247,99764941.0,118,COCA COLA COMPANY IMPRTD-IMPTD,SPRITE,SPRITE LEMON PET 2.250 ML.RS14.00-OFF,136.0,PET,2.250 ML.,,1678776482247-coca cola company imprtd-imptd-sprite#3.png,RECODING,5,8,20120952,96.79529,118,COCA COLA COMPANY IMPRTD-IMPTD,SPRITE,SPRITE,PET 600 ML,PET,600.000 ML,LEMON,,600.0,ML,0.0
16,2023-03-16,202303,2,111918525,12101020019,1678776482247,99764941.0,118,COCA COLA COMPANY IMPRTD-IMPTD,SPRITE,SPRITE LEMON PET 2.250 ML.RS14.00-OFF,136.0,PET,2.250 ML.,,1678776482247-coca cola company imprtd-imptd-sprite#3.png,RECODING,5,9,99763616,97.49292,118,COCA COLA COMPANY IMPRTD-IMPTD,SPRITE,SPRITE,PET 1000 ML,PET,1000.000 ML,LEMON,,1000.0,ML,100.0
16,2023-03-16,202303,2,111918525,12101020019,1678776482247,99764941.0,118,COCA COLA COMPANY IMPRTD-IMPTD,SPRITE,SPRITE LEMON PET 2.250 ML.RS14.00-OFF,136.0,PET,2.250 ML.,,1678776482247-coca cola company imprtd-imptd-sprite#3.png,RECODING,5,10,20124049,97.75862,118,COCA COLA COMPANY IMPRTD-IMPTD,SPRITE,SPRITE,PET 400 ML,PET,400.000 ML,LEMON,,400.0,ML,0.0
17,2023-03-16,202303,2,111744005,12101020034,1678693885551,99764942.0,134,ODAT BEVERAGE PVT LTD-NEPAL,PRAN LITCHI ,PRAN LITCHI DRINK PET-125 ML.,20.0,PET,125 ML.,,1678693885551-odat beverage pvt ltd-nepal-pran litchi #3.png,RECODING,5,1,99764942,93.09682,118,ODAT BEVERAGE PVT LTD-NEPAL,PRAN,PRAN,LITCHI PET 125 ML,PET,125.000 ML,LYCHEE,,125.0,ML,20.0
17,2023-03-16,202303,2,111744005,12101020034,1678693885551,99764942.0,134,ODAT BEVERAGE PVT LTD-NEPAL,PRAN LITCHI ,PRAN LITCHI DRINK PET-125 ML.,20.0,PET,125 ML.,,1678693885551-odat beverage pvt ltd-nepal-pran litchi #3.png,RECODING,5,2,99762384,93.75138,118,ODAT BEVERAGE PVT LTD-NEPAL,PRAN,PRAN,LITCHI PET 150 ML,PET,150.000 ML,LYCHEE,,150.0,ML,20.0
17,2023-03-16,202303,2,111744005,12101020034,1678693885551,99764942.0,134,ODAT BEVERAGE PVT LTD-NEPAL,PRAN LITCHI ,PRAN LITCHI DRINK PET-125 ML.,20.0,PET,125 ML.,,1678693885551-odat beverage pvt ltd-nepal-pran litchi #3.png,RECODING,5,3,99762382,96.464485,118,ODAT BEVERAGE PVT LTD-NEPAL,PRAN,PRAN,LITCHI PET 170 ML,PET,170.000 ML,LYCHEE,,170.0,ML,25.0
17,2023-03-16,202303,2,111744005,12101020034,1678693885551,99764942.0,134,ODAT BEVERAGE PVT LTD-NEPAL,PRAN LITCHI ,PRAN LITCHI DRINK PET-125 ML.,20.0,PET,125 ML.,,1678693885551-odat beverage pvt ltd-nepal-pran litchi #3.png,RECODING,5,4,99762856,111.540215,118,ODAT BEVERAGE PVT LTD-NEPAL,PRAN,PRAN UP,LEMON PET 250 ML,PET,250.000 ML,LEMON,,250.0,ML,35.0
17,2023-03-16,202303,2,111744005,12101020034,1678693885551,99764942.0,134,ODAT BEVERAGE PVT LTD-NEPAL,PRAN LITCHI ,PRAN LITCHI DRINK PET-125 ML.,20.0,PET,125 ML.,,1678693885551-odat beverage pvt ltd-nepal-pran litchi #3.png,RECODING,5,5,99765412,116.88596,118,ODAT BEVERAGE PVT LTD-NEPAL,FRUITFUN,FRUITFUN,LITCHI PET 125 ML,PET,125.000 ML,LYCHEE,,125.0,ML,20.0
17,2023-03-16,202303,2,111744005,12101020034,1678693885551,99764942.0,134,ODAT BEVERAGE PVT LTD-NEPAL,PRAN LITCHI ,PRAN LITCHI DRINK PET-125 ML.,20.0,PET,125 ML.,,1678693885551-odat beverage pvt ltd-nepal-pran litchi #3.png,RECODING,5,6,99762735,118.022766,118,ODAT BEVERAGE PVT LTD-NEPAL,PRAN,PRAN UP,LEMON PET 500 ML,PET,500.000 ML,LEMON,,500.0,ML,60.0
17,2023-03-16,202303,2,111744005,12101020034,1678693885551,99764942.0,134,ODAT BEVERAGE PVT LTD-NEPAL,PRAN LITCHI ,PRAN LITCHI DRINK PET-125 ML.,20.0,PET,125 ML.,,1678693885551-odat beverage pvt ltd-nepal-pran litchi #3.png,RECODING,5,7,99762379,124.65705,118,ODAT BEVERAGE PVT LTD-NEPAL,PRAN,PRAN FROOTO,MANGO PET 250 ML,PET,250.000 ML,MANGO,,250.0,ML,35.0
17,2023-03-16,202303,2,111744005,12101020034,1678693885551,99764942.0,134,ODAT BEVERAGE PVT LTD-NEPAL,PRAN LITCHI ,PRAN LITCHI DRINK PET-125 ML.,20.0,PET,125 ML.,,1678693885551-odat beverage pvt ltd-nepal-pran litchi #3.png,RECODING,5,8,99762381,126.843185,118,ODAT BEVERAGE PVT LTD-NEPAL,PRAN,PRAN FROOTO,MANGO PET 1000 ML,PET,1000.000 ML,MANGO,,1000.0,ML,150.0
17,2023-03-16,202303,2,111744005,12101020034,1678693885551,99764942.0,134,ODAT BEVERAGE PVT LTD-NEPAL,PRAN LITCHI ,PRAN LITCHI DRINK PET-125 ML.,20.0,PET,125 ML.,,1678693885551-odat beverage pvt ltd-nepal-pran litchi #3.png,RECODING,5,9,99762380,130.08844,118,ODAT BEVERAGE PVT LTD-NEPAL,PRAN,PRAN FROOTO,MANGO PET 500 ML,PET,500.000 ML,MANGO,,500.0,ML,80.0
17,2023-03-16,202303,2,111744005,12101020034,1678693885551,99764942.0,134,ODAT BEVERAGE PVT LTD-NEPAL,PRAN LITCHI ,PRAN LITCHI DRINK PET-125 ML.,20.0,PET,125 ML.,,1678693885551-odat beverage pvt ltd-nepal-pran litchi #3.png,RECODING,5,10,99765044,130.2715,118,NEPAL SOFT DRINKS UDHYOG-NEPAL,SWAAD,SWAAD LITCHI DRINK,LITCHI PET 125 ML+25 ML FREE,PET,125.000 ML,LYCHEE,,150.0,ML,20.0
18,2023-03-16,202303,2,130667824,22101020011,1678682295674,99764935.0,134,SINGAPORE BEVERAGE-NEPAL,LEMONZAA ,LEMONZA NIMBU PANI\250ML\PBT\NIMBU PANI,50.0,PBT,250ML,,1678682295674-singapore beverage-nepal-lemonzaa #3.png,RECODING,5,1,99765324,97.98767,118,SINGAPORE BEVERAGE-NEPAL,LEMONZAAAAA NIMBU PANI,LEMONZAAAAA NIMBU PANI,LEMON PET 1500 ML,PET,1500.000 ML,LEMON,,1500.0,ML,190.0
18,2023-03-16,202303,2,130667824,22101020011,1678682295674,99764935.0,134,SINGAPORE BEVERAGE-NEPAL,LEMONZAA ,LEMONZA NIMBU PANI\250ML\PBT\NIMBU PANI,50.0,PBT,250ML,,1678682295674-singapore beverage-nepal-lemonzaa #3.png,RECODING,5,2,99765108,98.03461,118,SINGAPORE BEVERAGE-NEPAL,LEMONZAAAAA NIMBU PANI,LEMONZAAAAA NIMBU PANI,LEMON PET 2250 ML,PET,2250.000 ML,LEMON,,2250.0,ML,260.0
18,2023-03-16,202303,2,130667824,22101020011,1678682295674,99764935.0,134,SINGAPORE BEVERAGE-NEPAL,LEMONZAA ,LEMONZA NIMBU PANI\250ML\PBT\NIMBU PANI,50.0,PBT,250ML,,1678682295674-singapore beverage-nepal-lemonzaa #3.png,RECODING,5,3,99764935,99.18753,118,SINGAPORE BEVERAGE-NEPAL,LEMONZAAAAA NIMBU PANI,LEMONZAAAAA NIMBU PANI,LEMON PET 250 ML,PET,250.000 ML,LEMON,,250.0,ML,50.0
18,2023-03-16,202303,2,130667824,22101020011,1678682295674,99764935.0,134,SINGAPORE BEVERAGE-NEPAL,LEMONZAA ,LEMONZA NIMBU PANI\250ML\PBT\NIMBU PANI,50.0,PBT,250ML,,1678682295674-singapore beverage-nepal-lemonzaa #3.png,RECODING,5,4,99765416,103.82807,118,SINGAPORE BEVERAGE-NEPAL,LEMONZAAAAA NIMBU PANI,LEMONZAAAAA NIMBU PANI,LEMON PET 1000 ML,PET,1000.000 ML,LEMON,,1000.0,ML,130.0
18,2023-03-16,202303,2,130667824,22101020011,1678682295674,99764935.0,134,SINGAPORE BEVERAGE-NEPAL,LEMONZAA ,LEMONZA NIMBU PANI\250ML\PBT\NIMBU PANI,50.0,PBT,250ML,,1678682295674-singapore beverage-nepal-lemonzaa #3.png,RECODING,5,5,99765081,104.77263,118,SINGAPORE BEVERAGE-NEPAL,LEMONZAAAAA NIMBU PANI,LEMONZAAAAA NIMBU PANI,LEMON PET 600 ML,PET,600.000 ML,LEMON,,600.0,ML,80.0
18,2023-03-16,202303,2,130667824,22101020011,1678682295674,99764935.0,134,SINGAPORE BEVERAGE-NEPAL,LEMONZAA ,LEMONZA NIMBU PANI\250ML\PBT\NIMBU PANI,50.0,PBT,250ML,,1678682295674-singapore beverage-nepal-lemonzaa #3.png,RECODING,5,6,99763086,116.28046,118,SINGAPORE BEVERAGE-NEPAL,NIMBU PANI,NIMBU PANI,LEMON PET 250 ML,PET,250.000 ML,LEMON,,250.0,ML,40.0
18,2023-03-16,202303,2,130667824,22101020011,1678682295674,99764935.0,134,SINGAPORE BEVERAGE-NEPAL,LEMONZAA ,LEMONZA NIMBU PANI\250ML\PBT\NIMBU PANI,50.0,PBT,250ML,,1678682295674-singapore beverage-nepal-lemonzaa #3.png,RECODING,5,7,99765410,159.59308,118,NEPAL M.D FOOD & BEVERAGE-NEPAL,LEMON,LEMON NIMBU PANI,PET 250 ML,PET,250.000 ML,LEMON,,250.0,ML,50.0
18,2023-03-16,202303,2,130667824,22101020011,1678682295674,99764935.0,134,SINGAPORE BEVERAGE-NEPAL,LEMONZAA ,LEMONZA NIMBU PANI\250ML\PBT\NIMBU PANI,50.0,PBT,250ML,,1678682295674-singapore beverage-nepal-lemonzaa #3.png,RECODING,5,8,50902,173.3785,118,SINGAPORE BEVERAGE-NEPAL,RIGHT,RIGHT,PET 1500 ML,PET,1500.000 ML,LEMON,,1500.0,ML,0.0
18,2023-03-16,202303,2,130667824,22101020011,1678682295674,99764935.0,134,SINGAPORE BEVERAGE-NEPAL,LEMONZAA ,LEMONZA NIMBU PANI\250ML\PBT\NIMBU PANI,50.0,PBT,250ML,,1678682295674-singapore beverage-nepal-lemonzaa #3.png,RECODING,5,9,49810,176.10306,118,SINGAPORE BEVERAGE-NEPAL,RIGHT,RIGHT,PET 2250 ML,PET,2250.000 ML,LEMON,,2250.0,ML,0.0
18,2023-03-16,202303,2,130667824,22101020011,1678682295674,99764935.0,134,SINGAPORE BEVERAGE-NEPAL,LEMONZAA ,LEMONZA NIMBU PANI\250ML\PBT\NIMBU PANI,50.0,PBT,250ML,,1678682295674-singapore beverage-nepal-lemonzaa #3.png,RECODING,5,10,50053,177.46259,118,SINGAPORE BEVERAGE-NEPAL,RIGHT,RIGHT,PET 250 ML,PET,250.000 ML,LEMON,,250.0,ML,0.0
19,2023-03-16,202303,2,130617413,22101020010,1678433554161,99764934.0,118,BOTTLERS NEPAL - NEPAL,COCA-COLA,COCA COLA\2250ML\PBT\FREE COKE ZERO 250ML,260.0,PBT,2250ML,,1678433554161-bottlers nepal - nepal-coca-cola#3.png,RECODING,5,1,99765132,98.66963,118,BOTTLERS NEPAL - NEPAL,COCA-COLA,COCA-COLA,COCA-COLA PET 2250 ML+250 ML COCA-COLA FREE,PET,2250.000 ML,COLA,,2250.0,ML,270.0
19,2023-03-16,202303,2,130617413,22101020010,1678433554161,99764934.0,118,BOTTLERS NEPAL - NEPAL,COCA-COLA,COCA COLA\2250ML\PBT\FREE COKE ZERO 250ML,260.0,PBT,2250ML,,1678433554161-bottlers nepal - nepal-coca-cola#3.png,RECODING,5,2,99765133,99.693016,118,BOTTLERS NEPAL - NEPAL,COCA-COLA,COCA-COLA,COCA-COLA PET 1500 ML+250 ML COCA-COLA FREE,PET,1500.000 ML,COLA,,1500.0,ML,190.0
19,2023-03-16,202303,2,130617413,22101020010,1678433554161,99764934.0,118,BOTTLERS NEPAL - NEPAL,COCA-COLA,COCA COLA\2250ML\PBT\FREE COKE ZERO 250ML,260.0,PBT,2250ML,,1678433554161-bottlers nepal - nepal-coca-cola#3.png,RECODING,5,3,99764934,100.971054,118,BOTTLERS NEPAL - NEPAL,COCA-COLA,COCA-COLA,COCA-COLA PET 2250 ML+250 ML COCA-COLA ZERO SUGAR FREE,PET,2250.000 ML,COLA,,2250.0,ML,260.0
19,2023-03-16,202303,2,130617413,22101020010,1678433554161,99764934.0,118,BOTTLERS NEPAL - NEPAL,COCA-COLA,COCA COLA\2250ML\PBT\FREE COKE ZERO 250ML,260.0,PBT,2250ML,,1678433554161-bottlers nepal - nepal-coca-cola#3.png,RECODING,5,4,99765354,104.009514,118,BOTTLERS NEPAL - NEPAL,COCA-COLA,COCA-COLA,PET 2000 ML+250 ML COCA-COLA FREE,PET,2000.000 ML,COLA,,2000.0,ML,220.0
19,2023-03-16,202303,2,130617413,22101020010,1678433554161,99764934.0,118,BOTTLERS NEPAL - NEPAL,COCA-COLA,COCA COLA\2250ML\PBT\FREE COKE ZERO 250ML,260.0,PBT,2250ML,,1678433554161-bottlers nepal - nepal-coca-cola#3.png,RECODING,5,5,20110266,106.49506,118,BOTTLERS NEPAL - NEPAL,COCA-COLA,COCA-COLA,PET 2250 ML,PET,2250.000 ML,COLA,,2250.0,ML,0.0
19,2023-03-16,202303,2,130617413,22101020010,1678433554161,99764934.0,118,BOTTLERS NEPAL - NEPAL,COCA-COLA,COCA COLA\2250ML\PBT\FREE COKE ZERO 250ML,260.0,PBT,2250ML,,1678433554161-bottlers nepal - nepal-coca-cola#3.png,RECODING,5,6,20121858,107.4106,118,BOTTLERS NEPAL - NEPAL,COCA-COLA,COCA-COLA,PET 300 ML,PET,300.000 ML,COLA,,300.0,ML,0.0
19,2023-03-16,202303,2,130617413,22101020010,1678433554161,99764934.0,118,BOTTLERS NEPAL - NEPAL,COCA-COLA,COCA COLA\2250ML\PBT\FREE COKE ZERO 250ML,260.0,PBT,2250ML,,1678433554161-bottlers nepal - nepal-coca-cola#3.png,RECODING,5,7,99764278,109.99884,118,BOTTLERS NEPAL - NEPAL,COCA-COLA,COCA-COLA ZERO SUGAR,RGB 250 ML,RGB,250.000 ML,COLA,,250.0,ML,40.0
19,2023-03-16,202303,2,130617413,22101020010,1678433554161,99764934.0,118,BOTTLERS NEPAL - NEPAL,COCA-COLA,COCA COLA\2250ML\PBT\FREE COKE ZERO 250ML,260.0,PBT,2250ML,,1678433554161-bottlers nepal - nepal-coca-cola#3.png,RECODING,5,8,99763299,110.3747,118,BOTTLERS NEPAL - NEPAL,COCA-COLA,COCA-COLA ZERO SUGAR,PET 500 ML,PET,500.000 ML,COLA,,500.0,ML,70.0
19,2023-03-16,202303,2,130617413,22101020010,1678433554161,99764934.0,118,BOTTLERS NEPAL - NEPAL,COCA-COLA,COCA COLA\2250ML\PBT\FREE COKE ZERO 250ML,260.0,PBT,2250ML,,1678433554161-bottlers nepal - nepal-coca-cola#3.png,RECODING,5,9,20110105,111.24585,118,BOTTLERS NEPAL - NEPAL,COCA-COLA,COCA-COLA,PET 1500 ML,PET,1500.000 ML,COLA,,1500.0,ML,0.0
19,2023-03-16,202303,2,130617413,22101020010,1678433554161,99764934.0,118,BOTTLERS NEPAL - NEPAL,COCA-COLA,COCA COLA\2250ML\PBT\FREE COKE ZERO 250ML,260.0,PBT,2250ML,,1678433554161-bottlers nepal - nepal-coca-cola#3.png,RECODING,5,10,20110294,112.33714,118,BOTTLERS NEPAL - NEPAL,COCA-COLA,COCA-COLA,PET 2000 ML,PET,2000.000 ML,COLA,,2000.0,ML,0.0
20,2023-03-16,202303,2,129024634,22101020014,1678603408386,99764936.0,118,PARLE AGRO PVT LTD-INDIA,APPY FIZZ APPLE,APPY FIZZ\125ML\PBT\APPLE FLAVOUR ,20.0,PBT,125ML,,1678603408386-parle agro pvt ltd-india-appy fizz apple#3.png,RECODING,5,1,99764936,115.06865,118,PARLE AGRO PVT LTD-INDIA,APPY,APPY FIZZ APPLE,APPLE PET 125 ML,PET,125.000 ML,APPLE,,125.0,ML,20.0
20,2023-03-16,202303,2,129024634,22101020014,1678603408386,99764936.0,118,PARLE AGRO PVT LTD-INDIA,APPY FIZZ APPLE,APPY FIZZ\125ML\PBT\APPLE FLAVOUR ,20.0,PBT,125ML,,1678603408386-parle agro pvt ltd-india-appy fizz apple#3.png,RECODING,5,2,99764819,115.81583,118,PARLE AGRO PVT LTD-INDIA,APPY,APPY FIZZ APPLE,APPLE PET 160 ML,PET,160.000 ML,APPLE,,160.0,ML,30.0
20,2023-03-16,202303,2,129024634,22101020014,1678603408386,99764936.0,118,PARLE AGRO PVT LTD-INDIA,APPY FIZZ APPLE,APPY FIZZ\125ML\PBT\APPLE FLAVOUR ,20.0,PBT,125ML,,1678603408386-parle agro pvt ltd-india-appy fizz apple#3.png,RECODING,5,3,99764520,118.74062,118,PARLE AGRO PVT LTD-INDIA,APPY,APPY FIZZ APPLE,APPLE PET 175 ML,PET,175.000 ML,APPLE,,175.0,ML,24.0
20,2023-03-16,202303,2,129024634,22101020014,1678603408386,99764936.0,118,PARLE AGRO PVT LTD-INDIA,APPY FIZZ APPLE,APPY FIZZ\125ML\PBT\APPLE FLAVOUR ,20.0,PBT,125ML,,1678603408386-parle agro pvt ltd-india-appy fizz apple#3.png,RECODING,5,4,99765079,118.99365,118,PARLE AGRO PVT LTD-INDIA,APPY,APPY FIZZ APPLE,APPLE PET 250 ML,PET,250.000 ML,APPLE,,250.0,ML,40.0
20,2023-03-16,202303,2,129024634,22101020014,1678603408386,99764936.0,118,PARLE AGRO PVT LTD-INDIA,APPY FIZZ APPLE,APPY FIZZ\125ML\PBT\APPLE FLAVOUR ,20.0,PBT,125ML,,1678603408386-parle agro pvt ltd-india-appy fizz apple#3.png,RECODING,5,5,99763443,155.21072,118,PARLE AGRO PVT LTD-INDIA,FIZZ,FIZZ,MALT PET 160 ML,PET,160.000 ML,MALT,,160.0,ML,20.0
20,2023-03-16,202303,2,129024634,22101020014,1678603408386,99764936.0,118,PARLE AGRO PVT LTD-INDIA,APPY FIZZ APPLE,APPY FIZZ\125ML\PBT\APPLE FLAVOUR ,20.0,PBT,125ML,,1678603408386-parle agro pvt ltd-india-appy fizz apple#3.png,RECODING,5,6,99763444,159.5556,118,PARLE AGRO PVT LTD-INDIA,FIZZ,FIZZ,MALT PET 250 ML,PET,250.000 ML,MALT,,250.0,ML,30.0
20,2023-03-16,202303,2,129024634,22101020014,1678603408386,99764936.0,118,PARLE AGRO PVT LTD-INDIA,APPY FIZZ APPLE,APPY FIZZ\125ML\PBT\APPLE FLAVOUR ,20.0,PBT,125ML,,1678603408386-parle agro pvt ltd-india-appy fizz apple#3.png,RECODING,5,7,99764921,171.81259,118,SOUTH ASIAN BEVERAGES P. LTD-NEPAL,APPY,APPY FIZZ APPLE,APPLE PET 160 ML,PET,160.000 ML,APPLE,,160.0,ML,30.0
20,2023-03-16,202303,2,129024634,22101020014,1678603408386,99764936.0,118,PARLE AGRO PVT LTD-INDIA,APPY FIZZ APPLE,APPY FIZZ\125ML\PBT\APPLE FLAVOUR ,20.0,PBT,125ML,,1678603408386-parle agro pvt ltd-india-appy fizz apple#3.png,RECODING,5,8,99765000,175.52777,118,SOUTH ASIAN BEVERAGES P. LTD-NEPAL,APPY,APPY FIZZ APPLE,APPLE PET 250 ML,PET,250.000 ML,APPLE,,250.0,ML,50.0
20,2023-03-16,202303,2,129024634,22101020014,1678603408386,99764936.0,118,PARLE AGRO PVT LTD-INDIA,APPY FIZZ APPLE,APPY FIZZ\125ML\PBT\APPLE FLAVOUR ,20.0,PBT,125ML,,1678603408386-parle agro pvt ltd-india-appy fizz apple#3.png,RECODING,5,9,99765001,179.67424,118,SOUTH ASIAN BEVERAGES P. LTD-NEPAL,APPY,APPY FIZZ APPLE,APPLE PET 500 ML,PET,500.000 ML,APPLE,,500.0,ML,80.0
20,2023-03-16,202303,2,129024634,22101020014,1678603408386,99764936.0,118,PARLE AGRO PVT LTD-INDIA,APPY FIZZ APPLE,APPY FIZZ\125ML\PBT\APPLE FLAVOUR ,20.0,PBT,125ML,,1678603408386-parle agro pvt ltd-india-appy fizz apple#3.png,RECODING,5,10,97027686,189.0468,106,PARLE BISCUITS PVT LTD-INDIA,PARLE,PARLE MAZELO,PARLE MAZELO- APPLE PPH 2.770 GM,PLPCH,2.770 GM,APPLE,,2.77,GM,0.0
21,2023-03-16,202303,2,129024634,22101020014,1678602122099,99764943.0,134,LIFE FOOD & BEVERAGE-NEPAL,KI BU,KI BU\180ML\CAN\COLA ENERGY DRINK ,80.0,CAN,180ML,,1678602122099-life food - beverage-nepal-ki bu#3.png,RECODING,5,1,99764943,87.15593,118,LIFE FOOD & BEVERAGE-NEPAL,KI BU,KI BU COLA,COLA CAN 180 ML,CAN,180.000 ML,COLA,,180.0,ML,80.0
21,2023-03-16,202303,2,129024634,22101020014,1678602122099,99764943.0,134,LIFE FOOD & BEVERAGE-NEPAL,KI BU,KI BU\180ML\CAN\COLA ENERGY DRINK ,80.0,CAN,180ML,,1678602122099-life food - beverage-nepal-ki bu#3.png,RECODING,5,2,99764314,116.362656,118,LIFE FOOD & BEVERAGE-NEPAL,REBOOST,REBOOST COLA,PET 150 ML,PET,150.000 ML,,,150.0,ML,50.0
21,2023-03-16,202303,2,129024634,22101020014,1678602122099,99764943.0,134,LIFE FOOD & BEVERAGE-NEPAL,KI BU,KI BU\180ML\CAN\COLA ENERGY DRINK ,80.0,CAN,180ML,,1678602122099-life food - beverage-nepal-ki bu#3.png,RECODING,5,3,99764679,127.83909,118,LIFE FOOD & BEVERAGE-NEPAL,KI BU,KI BU,CLASSIC CAN 180 ML,CAN,180.000 ML,,,180.0,ML,80.0
21,2023-03-16,202303,2,129024634,22101020014,1678602122099,99764943.0,134,LIFE FOOD & BEVERAGE-NEPAL,KI BU,KI BU\180ML\CAN\COLA ENERGY DRINK ,80.0,CAN,180ML,,1678602122099-life food - beverage-nepal-ki bu#3.png,RECODING,5,4,99765042,128.82468,118,LIFE FOOD & BEVERAGE-NEPAL,FIZZY LIFE,FIZZY LIFE MASALA COLA,MASALA COLA PET 150 ML,PET,150.000 ML,COLA,,150.0,ML,30.0
21,2023-03-16,202303,2,129024634,22101020014,1678602122099,99764943.0,134,LIFE FOOD & BEVERAGE-NEPAL,KI BU,KI BU\180ML\CAN\COLA ENERGY DRINK ,80.0,CAN,180ML,,1678602122099-life food - beverage-nepal-ki bu#3.png,RECODING,5,5,99765100,129.4701,118,LIFE FOOD & BEVERAGE-NEPAL,KI BU,KI BU CLASSIC,CLASSIC CAN 250 ML,CAN,250.000 ML,,,250.0,ML,120.0
21,2023-03-16,202303,2,129024634,22101020014,1678602122099,99764943.0,134,LIFE FOOD & BEVERAGE-NEPAL,KI BU,KI BU\180ML\CAN\COLA ENERGY DRINK ,80.0,CAN,180ML,,1678602122099-life food - beverage-nepal-ki bu#3.png,RECODING,5,6,99762396,129.965,118,NEPAL M.D FOOD & BEVERAGE-NEPAL,CASE-COLA,CASE-COLA,PET 250 ML,PET,250.000 ML,COLA,,250.0,ML,40.0
21,2023-03-16,202303,2,129024634,22101020014,1678602122099,99764943.0,134,LIFE FOOD & BEVERAGE-NEPAL,KI BU,KI BU\180ML\CAN\COLA ENERGY DRINK ,80.0,CAN,180ML,,1678602122099-life food - beverage-nepal-ki bu#3.png,RECODING,5,7,99765230,130.29236,118,LIFE FOOD & BEVERAGE-NEPAL,KI BU,KI BU CLASSIC,CLASSIC CAN 330 ML,CAN,330.000 ML,,,330.0,ML,130.0
21,2023-03-16,202303,2,129024634,22101020014,1678602122099,99764943.0,134,LIFE FOOD & BEVERAGE-NEPAL,KI BU,KI BU\180ML\CAN\COLA ENERGY DRINK ,80.0,CAN,180ML,,1678602122099-life food - beverage-nepal-ki bu#3.png,RECODING,5,8,99763174,131.48146,118,NEPAL M.D FOOD & BEVERAGE-NEPAL,CROSS-COLA,CROSS-COLA,PET 250 ML,PET,250.000 ML,COLA,,250.0,ML,40.0
21,2023-03-16,202303,2,129024634,22101020014,1678602122099,99764943.0,134,LIFE FOOD & BEVERAGE-NEPAL,KI BU,KI BU\180ML\CAN\COLA ENERGY DRINK ,80.0,CAN,180ML,,1678602122099-life food - beverage-nepal-ki bu#3.png,RECODING,5,9,99765208,131.98361,118,NEPAL M.D FOOD & BEVERAGE-NEPAL,CROSS-COLA,CROSS-COLA,PET 1500 ML,PET,1500.000 ML,COLA,,1500.0,ML,190.0
21,2023-03-16,202303,2,129024634,22101020014,1678602122099,99764943.0,134,LIFE FOOD & BEVERAGE-NEPAL,KI BU,KI BU\180ML\CAN\COLA ENERGY DRINK ,80.0,CAN,180ML,,1678602122099-life food - beverage-nepal-ki bu#3.png,RECODING,5,10,99764986,132.00516,118,LIFE FOOD & BEVERAGE-NEPAL,KI BU,KI BU GOLD,GOLD CAN 180 ML,CAN,180.000 ML,,,180.0,ML,80.0
22,2023-03-20,202303,2,124643591,31101020101,1679204839504,99764951.0,134,DHITAL NATURAL WATER UDYG-NPL,Q NATURAL DRINKING WATER ,Q NATURAL DRINKING WATER PBT 1LTR,25.0,PBT,1L,,1679204839504-dhital natural water udyg-npl-q natural drinking water #3.png,RECODING,5,1,99764951,124.86931,118,DHITAL NATURAL WATER UDYG-NPL,Q,Q,PET 1000 ML,PET,1000.000 ML,,,1000.0,ML,25.0
22,2023-03-20,202303,2,124643591,31101020101,1679204839504,99764951.0,134,DHITAL NATURAL WATER UDYG-NPL,Q NATURAL DRINKING WATER ,Q NATURAL DRINKING WATER PBT 1LTR,25.0,PBT,1L,,1679204839504-dhital natural water udyg-npl-q natural drinking water #3.png,RECODING,5,2,48351,132.65689,118,DHITAL NATURAL WATER UDYG-NPL,DHITAL,DHITAL,PET 1000 ML,PET,1000.000 ML,,,1000.0,ML,0.0
22,2023-03-20,202303,2,124643591,31101020101,1679204839504,99764951.0,134,DHITAL NATURAL WATER UDYG-NPL,Q NATURAL DRINKING WATER ,Q NATURAL DRINKING WATER PBT 1LTR,25.0,PBT,1L,,1679204839504-dhital natural water udyg-npl-q natural drinking water #3.png,RECODING,5,3,99762351,180.74402,118,SWORGADWARI DRINKING WATER UDHYOG-NPL,SWORGADWARI,SWORGADWARI,PET 1000 ML,PET,1000.000 ML,,,1000.0,ML,20.0
22,2023-03-20,202303,2,124643591,31101020101,1679204839504,99764951.0,134,DHITAL NATURAL WATER UDYG-NPL,Q NATURAL DRINKING WATER ,Q NATURAL DRINKING WATER PBT 1LTR,25.0,PBT,1L,,1679204839504-dhital natural water udyg-npl-q natural drinking water #3.png,RECODING,5,4,40110883,186.2775,118,D.K.S MINERAL WATER UDHYOG-NPL,YU-KI,YU-KI,PET 1000 ML,PET,1000.000 ML,,,1000.0,ML,0.0
22,2023-03-20,202303,2,124643591,31101020101,1679204839504,99764951.0,134,DHITAL NATURAL WATER UDYG-NPL,Q NATURAL DRINKING WATER ,Q NATURAL DRINKING WATER PBT 1LTR,25.0,PBT,1L,,1679204839504-dhital natural water udyg-npl-q natural drinking water #3.png,RECODING,5,5,40110367,187.33061,118,NATURAL DRINKING WATER - NEPAL,AQUA SEVEN,AQUA SEVEN,PET 1000 ML,PET,1000.000 ML,,,1000.0,ML,0.0
22,2023-03-20,202303,2,124643591,31101020101,1679204839504,99764951.0,134,DHITAL NATURAL WATER UDYG-NPL,Q NATURAL DRINKING WATER ,Q NATURAL DRINKING WATER PBT 1LTR,25.0,PBT,1L,,1679204839504-dhital natural water udyg-npl-q natural drinking water #3.png,RECODING,5,6,99765031,187.75322,118,AAYUSHMA DRINKING WATER UDYOG-NP,AAYUSHMA,AAYUSHMA,PET 1000 ML,PET,1000.000 ML,,,1000.0,ML,25.0
22,2023-03-20,202303,2,124643591,31101020101,1679204839504,99764951.0,134,DHITAL NATURAL WATER UDYG-NPL,Q NATURAL DRINKING WATER ,Q NATURAL DRINKING WATER PBT 1LTR,25.0,PBT,1L,,1679204839504-dhital natural water udyg-npl-q natural drinking water #3.png,RECODING,5,7,99762344,190.33545,118,RAPTI DRINKING WATER UDHYOG-NPL,RAPTI,RAPTI,PET 1000 ML,PET,1000.000 ML,,,1000.0,ML,20.0
22,2023-03-20,202303,2,124643591,31101020101,1679204839504,99764951.0,134,DHITAL NATURAL WATER UDYG-NPL,Q NATURAL DRINKING WATER ,Q NATURAL DRINKING WATER PBT 1LTR,25.0,PBT,1L,,1679204839504-dhital natural water udyg-npl-q natural drinking water #3.png,RECODING,5,8,99765151,191.29012,118,NAWAYUG PROCESSED DRINKING WATER-NP,DOGADAKEDAR,DOGADAKEDAR,PET 1000 ML,PET,1000.000 ML,,,1000.0,ML,25.0
22,2023-03-20,202303,2,124643591,31101020101,1679204839504,99764951.0,134,DHITAL NATURAL WATER UDYG-NPL,Q NATURAL DRINKING WATER ,Q NATURAL DRINKING WATER PBT 1LTR,25.0,PBT,1L,,1679204839504-dhital natural water udyg-npl-q natural drinking water #3.png,RECODING,5,9,99765066,191.66655,118,BALAJI DRINKING WATER UDHYG-NP,BALAJI,BALAJI,PET 500 ML,PET,500.000 ML,,,500.0,ML,15.0
22,2023-03-20,202303,2,124643591,31101020101,1679204839504,99764951.0,134,DHITAL NATURAL WATER UDYG-NPL,Q NATURAL DRINKING WATER ,Q NATURAL DRINKING WATER PBT 1LTR,25.0,PBT,1L,,1679204839504-dhital natural water udyg-npl-q natural drinking water #3.png,RECODING,5,10,99764992,192.01572,118,JAY HANUMAN DRINKING WATER UDHYOG-NP,SARLAHI REFRESH,SARLAHI REFRESH,PET 1000 ML,PET,1000.000 ML,,,1000.0,ML,25.0
23,2023-03-20,202303,2,128811177,52203020008,1679213565583,99764954.0,134,SHAKUNTLA INDUSTRIES INDIA ,A-STAR,A-STAR/MANGO/200ML/TPK,32.0,TPK,200ML ,,1679213565583-shakuntla industries india -a-star#3.png,RECODING,5,1,99764954,117.447365,118,SHAKUNTLA INDUSTRIES-INDIA,A-STAR MANGO,A-STAR MANGO,MANGO TPK 200 ML,TPK,200.000 ML,MANGO,,200.0,ML,32.0
23,2023-03-20,202303,2,128811177,52203020008,1679213565583,99764954.0,134,SHAKUNTLA INDUSTRIES INDIA ,A-STAR,A-STAR/MANGO/200ML/TPK,32.0,TPK,200ML ,,1679213565583-shakuntla industries india -a-star#3.png,RECODING,5,2,99763942,171.55983,118,AMAANZA AGRO INDIA PVT LTD-INDIA ,FUNBERG,FUNBERG,MANGO TPK 200 ML,TPK,200.000 ML,MANGO,,200.0,ML,25.0
23,2023-03-20,202303,2,128811177,52203020008,1679213565583,99764954.0,134,SHAKUNTLA INDUSTRIES INDIA ,A-STAR,A-STAR/MANGO/200ML/TPK,32.0,TPK,200ML ,,1679213565583-shakuntla industries india -a-star#3.png,RECODING,5,3,99765357,171.68204,118,A.S. FOOD PRODUCTS-INDIA ,PULPY,PULPY,MANGO TPK 200 ML,TPK,200.000 ML,MANGO,,200.0,ML,24.0
23,2023-03-20,202303,2,128811177,52203020008,1679213565583,99764954.0,134,SHAKUNTLA INDUSTRIES INDIA ,A-STAR,A-STAR/MANGO/200ML/TPK,32.0,TPK,200ML ,,1679213565583-shakuntla industries india -a-star#3.png,RECODING,5,4,20110747,172.29417,118,GODREJ CONSUMER PRODUCTS-INDIA,JUMPIN,JUMPIN,MANGO TPK 200 ML,TPK,200.000 ML,MANGO,,200.0,ML,0.0
23,2023-03-20,202303,2,128811177,52203020008,1679213565583,99764954.0,134,SHAKUNTLA INDUSTRIES INDIA ,A-STAR,A-STAR/MANGO/200ML/TPK,32.0,TPK,200ML ,,1679213565583-shakuntla industries india -a-star#3.png,RECODING,5,5,99764974,178.12308,118,AMAANZA AGRO INDIA PVT LTD-INDIA ,FRUIT HIT,FRUIT HIT,MANGO TPK 200 ML,TPK,200.000 ML,MANGO,,200.0,ML,32.0
23,2023-03-20,202303,2,128811177,52203020008,1679213565583,99764954.0,134,SHAKUNTLA INDUSTRIES INDIA ,A-STAR,A-STAR/MANGO/200ML/TPK,32.0,TPK,200ML ,,1679213565583-shakuntla industries india -a-star#3.png,RECODING,5,6,91826633,179.4422,106,DELIGHT FOOD INDUSTRIES- INDIA,CANDIWALA,CANDIWALA,CANDIWALA- KACHA AAM PPH 4 GM,PLPCH,4.000 GM,MANGO,,4.0,GM,0.0
23,2023-03-20,202303,2,128811177,52203020008,1679213565583,99764954.0,134,SHAKUNTLA INDUSTRIES INDIA ,A-STAR,A-STAR/MANGO/200ML/TPK,32.0,TPK,200ML ,,1679213565583-shakuntla industries india -a-star#3.png,RECODING,5,7,45344,180.54013,118,MANPASAND AGRO FOOD LTD-INDIA,X-CITE,X-CITE,MANGO TPK 200 ML,TPK,200.000 ML,MANGO,,200.0,ML,0.0
23,2023-03-20,202303,2,128811177,52203020008,1679213565583,99764954.0,134,SHAKUNTLA INDUSTRIES INDIA ,A-STAR,A-STAR/MANGO/200ML/TPK,32.0,TPK,200ML ,,1679213565583-shakuntla industries india -a-star#3.png,RECODING,5,8,20121645,182.8455,118,DABUR NEPAL LTD.-NEPAL,REAL,REAL,MANGO TPK 125 ML,TPK,125.000 ML,MANGO,,125.0,ML,0.0
23,2023-03-20,202303,2,128811177,52203020008,1679213565583,99764954.0,134,SHAKUNTLA INDUSTRIES INDIA ,A-STAR,A-STAR/MANGO/200ML/TPK,32.0,TPK,200ML ,,1679213565583-shakuntla industries india -a-star#3.png,RECODING,5,9,99764249,183.11603,106,SHRI SHYAM CONFECTIONERY-INDIA,PULPES,PULPES TWIST,PULPES TWIST-MANGO PPH 3 GM,PLPCH,3.000 GM,MANGO,,3.0,GM,1.0
23,2023-03-20,202303,2,128811177,52203020008,1679213565583,99764954.0,134,SHAKUNTLA INDUSTRIES INDIA ,A-STAR,A-STAR/MANGO/200ML/TPK,32.0,TPK,200ML ,,1679213565583-shakuntla industries india -a-star#3.png,RECODING,5,10,99762625,183.49524,118,S.G STAR DRINKS PVT LTD-INDIA,JUICE NOW,JUICE NOW,MANGO TPK 200 ML,TPK,200.000 ML,MANGO,,200.0,ML,25.0
24,2023-03-20,202303,2,128786076,52203020007,1679209811121,99764952.0,134,DUWAL BROTHERS-NEPAL,RED BALL,RED BALL ENERGY DRINK/250ML/CAN,120.0,CAN,250ML ,,1679209811121-duwal brothers-nepal-red ball#3.png,RECODING,5,1,99764952,98.63781,118,DUWAL BROTHERS-NEPAL,RED BALL,RED BALL,CAN 250 ML,CAN,250.000 ML,,,250.0,ML,120.0
24,2023-03-20,202303,2,128786076,52203020007,1679209811121,99764952.0,134,DUWAL BROTHERS-NEPAL,RED BALL,RED BALL ENERGY DRINK/250ML/CAN,120.0,CAN,250ML ,,1679209811121-duwal brothers-nepal-red ball#3.png,RECODING,5,2,99763696,165.4625,118,DUWAL BROTHERS-NEPAL,HUNK,HUNK,CAN 250 ML,CAN,250.000 ML,,,250.0,ML,100.0
24,2023-03-20,202303,2,128786076,52203020007,1679209811121,99764952.0,134,DUWAL BROTHERS-NEPAL,RED BALL,RED BALL ENERGY DRINK/250ML/CAN,120.0,CAN,250ML ,,1679209811121-duwal brothers-nepal-red ball#3.png,RECODING,5,3,20110458,180.53864,118,NEPAL SOFT DRINKS UDHYOG-NEPAL,JOSH UP,JOSH UP,RGB 250 ML,RGB,250.000 ML,COLA,,250.0,ML,0.0
24,2023-03-20,202303,2,128786076,52203020007,1679209811121,99764952.0,134,DUWAL BROTHERS-NEPAL,RED BALL,RED BALL ENERGY DRINK/250ML/CAN,120.0,CAN,250ML ,,1679209811121-duwal brothers-nepal-red ball#3.png,RECODING,5,4,99765126,187.0324,118,SARAS BEVERAGES PVT LTD-NEPAL,RED BULL,RED BULL,CAN 250 ML,CAN,250.000 ML,,,250.0,ML,110.0
24,2023-03-20,202303,2,128786076,52203020007,1679209811121,99764952.0,134,DUWAL BROTHERS-NEPAL,RED BALL,RED BALL ENERGY DRINK/250ML/CAN,120.0,CAN,250ML ,,1679209811121-duwal brothers-nepal-red ball#3.png,RECODING,5,5,99765037,189.21301,118,DUWAL BROTHERS-NEPAL,SPRINTO,SPRINTO,LEMON PET 250 ML,PET,250.000 ML,LEMON,,250.0,ML,40.0
24,2023-03-20,202303,2,128786076,52203020007,1679209811121,99764952.0,134,DUWAL BROTHERS-NEPAL,RED BALL,RED BALL ENERGY DRINK/250ML/CAN,120.0,CAN,250ML ,,1679209811121-duwal brothers-nepal-red ball#3.png,RECODING,5,6,90219984,189.40138,109,M.K FOODS - NEPAL,ENERGY DRINK,ENERGY DRINK,ENERGY DRINK- D-PCN 350 GMS,PLJAR,350.000 GM,,,350.0,GM,0.0
24,2023-03-20,202303,2,128786076,52203020007,1679209811121,99764952.0,134,DUWAL BROTHERS-NEPAL,RED BALL,RED BALL ENERGY DRINK/250ML/CAN,120.0,CAN,250ML ,,1679209811121-duwal brothers-nepal-red ball#3.png,RECODING,5,7,99763290,190.23926,118,AMRAPALI BEVERAGE-NEPAL,AMRAPALI,AMRAPALI RECHARGE,CAN 250 ML,CAN,250.000 ML,,,250.0,ML,100.0
24,2023-03-20,202303,2,128786076,52203020007,1679209811121,99764952.0,134,DUWAL BROTHERS-NEPAL,RED BALL,RED BALL ENERGY DRINK/250ML/CAN,120.0,CAN,250ML ,,1679209811121-duwal brothers-nepal-red ball#3.png,RECODING,5,8,20110460,190.58113,118,NEPAL SOFT DRINKS UDHYOG-NEPAL,MECCA PRIDE,MECCA PRIDE LEMON,LEMON RGB 250 ML,RGB,250.000 ML,LEMON,,250.0,ML,0.0
24,2023-03-20,202303,2,128786076,52203020007,1679209811121,99764952.0,134,DUWAL BROTHERS-NEPAL,RED BALL,RED BALL ENERGY DRINK/250ML/CAN,120.0,CAN,250ML ,,1679209811121-duwal brothers-nepal-red ball#3.png,RECODING,5,9,46422,194.771,118,QUANG NAGAL SUGAR JNT STK-VTNM,RED BALL,RED BALL,CAN 240 ML,CAN,240.000 ML,,,240.0,ML,0.0
24,2023-03-20,202303,2,128786076,52203020007,1679209811121,99764952.0,134,DUWAL BROTHERS-NEPAL,RED BALL,RED BALL ENERGY DRINK/250ML/CAN,120.0,CAN,250ML ,,1679209811121-duwal brothers-nepal-red ball#3.png,RECODING,5,10,99764979,195.1088,118,INDRAWATI PET & BEVERAGE IND.-NEPAL,DUDH KOSHI,DUDH KOSHI,PET 1000 ML,PET,1000.000 ML,,,1000.0,ML,20.0
25,2023-03-20,202303,2,232113810229,23211020002,1679211238405,,118,PRAGATI BEVERAGE INDIA,KEMPTY FIZZ,KEMPTY FIZZ\250ML\PBT\LEMON,24.0,PBT,250ML,,1679211238405-pragati beverage india-kempty fizz#3.png,PARKER FOR NEXT MONTH,999,1,99764991,126.013916,118,PRAGATI BEVERAGES-INDIA,KEMPTY,KEMPTY FIZZY LEMON,PET 250 ML,PET,250.000 ML,LEMON,,250.0,ML,24.0
25,2023-03-20,202303,2,232113810229,23211020002,1679211238405,,118,PRAGATI BEVERAGE INDIA,KEMPTY FIZZ,KEMPTY FIZZ\250ML\PBT\LEMON,24.0,PBT,250ML,,1679211238405-pragati beverage india-kempty fizz#3.png,PARKER FOR NEXT MONTH,999,2,99763853,182.41846,118,PRAGATI CHEMICAL-INDIA,KEMPTY,KEMPTY MANGO PUNCH,MANGO PET 200 ML,PET,200.000 ML,MANGO,,200.0,ML,25.0
25,2023-03-20,202303,2,232113810229,23211020002,1679211238405,,118,PRAGATI BEVERAGE INDIA,KEMPTY FIZZ,KEMPTY FIZZ\250ML\PBT\LEMON,24.0,PBT,250ML,,1679211238405-pragati beverage india-kempty fizz#3.png,PARKER FOR NEXT MONTH,999,3,54822,182.49033,106,PRAKASH CONFECTIONERY-INDIA,BUNTY,BUNTY,BUNTY-NIMBU SHIKANJI PPH 2.6 GM,PLPCH,2.600 GM,LEMON,,2.6,GM,0.0
25,2023-03-20,202303,2,232113810229,23211020002,1679211238405,,118,PRAGATI BEVERAGE INDIA,KEMPTY FIZZ,KEMPTY FIZZ\250ML\PBT\LEMON,24.0,PBT,250ML,,1679211238405-pragati beverage india-kempty fizz#3.png,PARKER FOR NEXT MONTH,999,4,20121526,182.63,118,PRAGATI CHEMICAL-INDIA,KEMPTY,KEMPTY MANGO PUNCH,MANGO PET 250 ML,PET,250.000 ML,MANGO,,250.0,ML,0.0
25,2023-03-20,202303,2,232113810229,23211020002,1679211238405,,118,PRAGATI BEVERAGE INDIA,KEMPTY FIZZ,KEMPTY FIZZ\250ML\PBT\LEMON,24.0,PBT,250ML,,1679211238405-pragati beverage india-kempty fizz#3.png,PARKER FOR NEXT MONTH,999,5,99765427,182.89838,118,DABUR NEPAL LTD.-NEPAL,BURRST,BURRST NEEMBU FIZZ,LEMON PET 250 ML,PET,250.000 ML,LEMON,,250.0,ML,50.0
25,2023-03-20,202303,2,232113810229,23211020002,1679211238405,,118,PRAGATI BEVERAGE INDIA,KEMPTY FIZZ,KEMPTY FIZZ\250ML\PBT\LEMON,24.0,PBT,250ML,,1679211238405-pragati beverage india-kempty fizz#3.png,PARKER FOR NEXT MONTH,999,6,20121698,184.95203,118,PRAGATI CHEMICAL-INDIA,KEMPTY,KEMPTY MANGO PUNCH,MANGO PET 500 ML,PET,500.000 ML,MANGO,,500.0,ML,0.0
25,2023-03-20,202303,2,232113810229,23211020002,1679211238405,,118,PRAGATI BEVERAGE INDIA,KEMPTY FIZZ,KEMPTY FIZZ\250ML\PBT\LEMON,24.0,PBT,250ML,,1679211238405-pragati beverage india-kempty fizz#3.png,PARKER FOR NEXT MONTH,999,7,20121697,185.2929,118,PRAGATI CHEMICAL-INDIA,KEMPTY,KEMPTY MANGO PUNCH,MANGO PET 1000 ML,PET,1000.000 ML,MANGO,,1000.0,ML,0.0
25,2023-03-20,202303,2,232113810229,23211020002,1679211238405,,118,PRAGATI BEVERAGE INDIA,KEMPTY FIZZ,KEMPTY FIZZ\250ML\PBT\LEMON,24.0,PBT,250ML,,1679211238405-pragati beverage india-kempty fizz#3.png,PARKER FOR NEXT MONTH,999,8,46691,186.82652,118,PRAGATI CHEMICAL-INDIA,KEMPTY,KEMPTY MANGO PUNCH,MANGO PET 1200 ML,PET,1200.000 ML,MANGO,,1200.0,ML,0.0
25,2023-03-20,202303,2,232113810229,23211020002,1679211238405,,118,PRAGATI BEVERAGE INDIA,KEMPTY FIZZ,KEMPTY FIZZ\250ML\PBT\LEMON,24.0,PBT,250ML,,1679211238405-pragati beverage india-kempty fizz#3.png,PARKER FOR NEXT MONTH,999,9,51972,187.41734,118,PRAGATI CHEMICAL-INDIA,KEMPTY,KEMPTY MANGO PUNCH,MANGO PET 600 ML,PET,600.000 ML,MANGO,,600.0,ML,0.0
25,2023-03-20,202303,2,232113810229,23211020002,1679211238405,,118,PRAGATI BEVERAGE INDIA,KEMPTY FIZZ,KEMPTY FIZZ\250ML\PBT\LEMON,24.0,PBT,250ML,,1679211238405-pragati beverage india-kempty fizz#3.png,PARKER FOR NEXT MONTH,999,10,46692,189.97386,118,PRAGATI CHEMICAL-INDIA,KEMPTY,KEMPTY MANGO PUNCH,MANGO TPK 200 ML,TPK,200.000 ML,MANGO,,200.0,ML,0.0
26,2023-03-20,202303,2,232113810219,23211020004,1678343905076,99764932.0,134,PRAGATI CHEMICAL-INDIA,KEMPTY LITCHI,KEMPTY LITCHI\150ML\PBT\20ML FREE PULPY LITCHI,16.0,PBT,150ML,,1678343905076-pragati chemical-india-kempty litchi#3.png,RECODING,5,1,99764932,131.0272,118,PRAGATI CHEMICAL-INDIA,KEMPTY,KEMPTY LITCHI,LITCHI PET 150 ML+20 ML FREE,PET,150.000 ML,LYCHEE,,170.0,ML,16.0
26,2023-03-20,202303,2,232113810219,23211020004,1678343905076,99764932.0,134,PRAGATI CHEMICAL-INDIA,KEMPTY LITCHI,KEMPTY LITCHI\150ML\PBT\20ML FREE PULPY LITCHI,16.0,PBT,150ML,,1678343905076-pragati chemical-india-kempty litchi#3.png,RECODING,5,2,99765302,146.30682,118,PRAGATI CHEMICAL-INDIA,MZP'S,MZP'S LITCHI,LITCHI PET 150 ML+20 ML FREE,PET,150.000 ML,LYCHEE,,170.0,ML,20.0
26,2023-03-20,202303,2,232113810219,23211020004,1678343905076,99764932.0,134,PRAGATI CHEMICAL-INDIA,KEMPTY LITCHI,KEMPTY LITCHI\150ML\PBT\20ML FREE PULPY LITCHI,16.0,PBT,150ML,,1678343905076-pragati chemical-india-kempty litchi#3.png,RECODING,5,3,46692,177.46072,118,PRAGATI CHEMICAL-INDIA,KEMPTY,KEMPTY MANGO PUNCH,MANGO TPK 200 ML,TPK,200.000 ML,MANGO,,200.0,ML,0.0
26,2023-03-20,202303,2,232113810219,23211020004,1678343905076,99764932.0,134,PRAGATI CHEMICAL-INDIA,KEMPTY LITCHI,KEMPTY LITCHI\150ML\PBT\20ML FREE PULPY LITCHI,16.0,PBT,150ML,,1678343905076-pragati chemical-india-kempty litchi#3.png,RECODING,5,4,90819803,181.41898,111,A.G.A. CHEMICAL - INDIA,BANBOOTI,BANBOOTI AYURVEDIC,BANBOOTI AYURVEDIC-SCT 3 ML,PLSCH,3.000 ML,,,3.0,ML,0.0
26,2023-03-20,202303,2,232113810219,23211020004,1678343905076,99764932.0,134,PRAGATI CHEMICAL-INDIA,KEMPTY LITCHI,KEMPTY LITCHI\150ML\PBT\20ML FREE PULPY LITCHI,16.0,PBT,150ML,,1678343905076-pragati chemical-india-kempty litchi#3.png,RECODING,5,5,99763073,182.3528,123,SIDDHI BINAYAK CHEMICALS-NEPAL,RUKH CHHAP,RUKH CHHAP DALLO SABUN,RUKH CHHAP DALLO SABUN-PPH 3*250 GM [750 GM],PLPCH,250.000 GM,,,750.0,GM,100.0
26,2023-03-20,202303,2,232113810219,23211020004,1678343905076,99764932.0,134,PRAGATI CHEMICAL-INDIA,KEMPTY LITCHI,KEMPTY LITCHI\150ML\PBT\20ML FREE PULPY LITCHI,16.0,PBT,150ML,,1678343905076-pragati chemical-india-kempty litchi#3.png,RECODING,5,6,99763853,183.15927,118,PRAGATI CHEMICAL-INDIA,KEMPTY,KEMPTY MANGO PUNCH,MANGO PET 200 ML,PET,200.000 ML,MANGO,,200.0,ML,25.0
26,2023-03-20,202303,2,232113810219,23211020004,1678343905076,99764932.0,134,PRAGATI CHEMICAL-INDIA,KEMPTY LITCHI,KEMPTY LITCHI\150ML\PBT\20ML FREE PULPY LITCHI,16.0,PBT,150ML,,1678343905076-pragati chemical-india-kempty litchi#3.png,RECODING,5,7,92923585,186.22122,123,MAHAKALI OLIYO CHEM - NEPAL,PARO,PARO,PARO-UNWRP 150 GMS,UNWRP,150.000 GM,,,150.0,GM,0.0
26,2023-03-20,202303,2,232113810219,23211020004,1678343905076,99764932.0,134,PRAGATI CHEMICAL-INDIA,KEMPTY LITCHI,KEMPTY LITCHI\150ML\PBT\20ML FREE PULPY LITCHI,16.0,PBT,150ML,,1678343905076-pragati chemical-india-kempty litchi#3.png,RECODING,5,8,20121526,186.53934,118,PRAGATI CHEMICAL-INDIA,KEMPTY,KEMPTY MANGO PUNCH,MANGO PET 250 ML,PET,250.000 ML,MANGO,,250.0,ML,0.0
26,2023-03-20,202303,2,232113810219,23211020004,1678343905076,99764932.0,134,PRAGATI CHEMICAL-INDIA,KEMPTY LITCHI,KEMPTY LITCHI\150ML\PBT\20ML FREE PULPY LITCHI,16.0,PBT,150ML,,1678343905076-pragati chemical-india-kempty litchi#3.png,RECODING,5,9,90818093,186.88977,111,A.G.A. CHEMICAL - INDIA,BANBOOTI,BANBOOTI AYURVEDIC,BANBOOTI AYURVEDIC-SCT 3.5 ML,PLSCH,3.500 ML,,,3.5,ML,0.0
26,2023-03-20,202303,2,232113810219,23211020004,1678343905076,99764932.0,134,PRAGATI CHEMICAL-INDIA,KEMPTY LITCHI,KEMPTY LITCHI\150ML\PBT\20ML FREE PULPY LITCHI,16.0,PBT,150ML,,1678343905076-pragati chemical-india-kempty litchi#3.png,RECODING,5,10,51972,187.67862,118,PRAGATI CHEMICAL-INDIA,KEMPTY,KEMPTY MANGO PUNCH,MANGO PET 600 ML,PET,600.000 ML,MANGO,,600.0,ML,0.0
27,2023-03-20,202303,2,112273751,21102020025,1679209394275,99762747.0,134,AGRO THAI FOODS PVT LTD-NEPAL,ICEEY,ICEEY CRAZY LEMON/PBT 250 ML,45.0,PBT,250 ML,,1679209394275-agro thai foods pvt ltd-nepal-iceey#3.png,CROSS CODING,2,1,99762747,136.10658,118,AGRO THAI FOODS PVT LTD-NEPAL,ICEEY,ICEEY CRAZY LEMONA,PET 250 ML,PET,250.000 ML,LEMON,,250.0,ML,40.0
27,2023-03-20,202303,2,112273751,21102020025,1679209394275,99762747.0,134,AGRO THAI FOODS PVT LTD-NEPAL,ICEEY,ICEEY CRAZY LEMON/PBT 250 ML,45.0,PBT,250 ML,,1679209394275-agro thai foods pvt ltd-nepal-iceey#3.png,CROSS CODING,2,2,99765160,136.96272,118,AGRO THAI FOODS PVT LTD-NEPAL,ICEEY,ICEEY CRAZY LEMONA,PET 1500 ML,PET,1500.000 ML,LEMON,,1500.0,ML,180.0
27,2023-03-20,202303,2,112273751,21102020025,1679209394275,99762747.0,134,AGRO THAI FOODS PVT LTD-NEPAL,ICEEY,ICEEY CRAZY LEMON/PBT 250 ML,45.0,PBT,250 ML,,1679209394275-agro thai foods pvt ltd-nepal-iceey#3.png,CROSS CODING,2,3,99765159,143.2645,118,AGRO THAI FOODS PVT LTD-NEPAL,ICEEY,ICEEY CRAZY LEMONA,PET 500 ML,PET,500.000 ML,LEMON,,500.0,ML,80.0
27,2023-03-20,202303,2,112273751,21102020025,1679209394275,99762747.0,134,AGRO THAI FOODS PVT LTD-NEPAL,ICEEY,ICEEY CRAZY LEMON/PBT 250 ML,45.0,PBT,250 ML,,1679209394275-agro thai foods pvt ltd-nepal-iceey#3.png,CROSS CODING,2,4,99762464,154.44627,118,AGRO THAI FOODS PVT LTD-NEPAL,ICEEY,ICEEY COLA,PET 250 ML,PET,250.000 ML,COLA,,250.0,ML,40.0
27,2023-03-20,202303,2,112273751,21102020025,1679209394275,99762747.0,134,AGRO THAI FOODS PVT LTD-NEPAL,ICEEY,ICEEY CRAZY LEMON/PBT 250 ML,45.0,PBT,250 ML,,1679209394275-agro thai foods pvt ltd-nepal-iceey#3.png,CROSS CODING,2,5,99764200,154.52872,118,AGRO THAI FOODS PVT LTD-NEPAL,ICEEY,ICEEY JEERA COLA,PET 250 ML,PET,250.000 ML,JEERA,,250.0,ML,40.0
27,2023-03-20,202303,2,112273751,21102020025,1679209394275,99762747.0,134,AGRO THAI FOODS PVT LTD-NEPAL,ICEEY,ICEEY CRAZY LEMON/PBT 250 ML,45.0,PBT,250 ML,,1679209394275-agro thai foods pvt ltd-nepal-iceey#3.png,CROSS CODING,2,6,99762465,161.3067,118,AGRO THAI FOODS PVT LTD-NEPAL,ICEEY,ICEEY COLA,PET 500 ML,PET,500.000 ML,COLA,,500.0,ML,80.0
27,2023-03-20,202303,2,112273751,21102020025,1679209394275,99762747.0,134,AGRO THAI FOODS PVT LTD-NEPAL,ICEEY,ICEEY CRAZY LEMON/PBT 250 ML,45.0,PBT,250 ML,,1679209394275-agro thai foods pvt ltd-nepal-iceey#3.png,CROSS CODING,2,7,99764330,162.98546,118,AGRO THAI FOODS PVT LTD-NEPAL,ICEEY,ICEEY COLA ZERO,CAN 330 ML,CAN,330.000 ML,COLA,,330.0,ML,110.0
27,2023-03-20,202303,2,112273751,21102020025,1679209394275,99762747.0,134,AGRO THAI FOODS PVT LTD-NEPAL,ICEEY,ICEEY CRAZY LEMON/PBT 250 ML,45.0,PBT,250 ML,,1679209394275-agro thai foods pvt ltd-nepal-iceey#3.png,CROSS CODING,2,8,99762493,164.89896,118,AGRO THAI FOODS PVT LTD-NEPAL,ICEEY,ICEEY MINTA ORANGE,PET 250 ML,PET,250.000 ML,ORANGE,,250.0,ML,40.0
27,2023-03-20,202303,2,112273751,21102020025,1679209394275,99762747.0,134,AGRO THAI FOODS PVT LTD-NEPAL,ICEEY,ICEEY CRAZY LEMON/PBT 250 ML,45.0,PBT,250 ML,,1679209394275-agro thai foods pvt ltd-nepal-iceey#3.png,CROSS CODING,2,9,99762799,171.75742,118,AGRO THAI FOODS PVT LTD-NEPAL,WILD MIST,WILD MIST,PET 250 ML,PET,250.000 ML,LEMON,,250.0,ML,35.0
27,2023-03-20,202303,2,112273751,21102020025,1679209394275,99762747.0,134,AGRO THAI FOODS PVT LTD-NEPAL,ICEEY,ICEEY CRAZY LEMON/PBT 250 ML,45.0,PBT,250 ML,,1679209394275-agro thai foods pvt ltd-nepal-iceey#3.png,CROSS CODING,2,10,99763823,172.82382,118,AGRO THAI FOODS PVT LTD-NEPAL,WILD MIST,WILD MIST,PET 500 ML,PET,500.000 ML,LEMON,,500.0,ML,70.0
28,2023-03-20,202303,2,126709011,31101020072,1679029884953,99764953.0,134,NESTLE INDIA LTD. - INDIA,NESCAFE CHOCO MOCHA,NESCAFE CHOCO MOCHA\18ML\TPK\RS:90\NESTLE INDIA,75.0,TPK,180ML,,1679029884953-nestle india ltd- - india-nescafe choco mocha#3.png,RECODING,5,1,99764953,89.222916,118,NESTLE INDIA LTD. - INDIA,NESCAFE,NESCAFE CHOCO MOCHA,CHOCO MOCHA TPK 180 ML,TPK,180.000 ML,CHOCOLATE,,180.0,ML,90.0
28,2023-03-20,202303,2,126709011,31101020072,1679029884953,99764953.0,134,NESTLE INDIA LTD. - INDIA,NESCAFE CHOCO MOCHA,NESCAFE CHOCO MOCHA\18ML\TPK\RS:90\NESTLE INDIA,75.0,TPK,180ML,,1679029884953-nestle india ltd- - india-nescafe choco mocha#3.png,RECODING,5,2,99763480,121.7058,118,NESTLE INDIA LTD. - INDIA,NESCAFE,NESCAFE INTENSE CAFE,CAPPUCCINO TPK 180 ML,TPK,180.000 ML,CAPPUCCINO,,180.0,ML,75.0
28,2023-03-20,202303,2,126709011,31101020072,1679029884953,99764953.0,134,NESTLE INDIA LTD. - INDIA,NESCAFE CHOCO MOCHA,NESCAFE CHOCO MOCHA\18ML\TPK\RS:90\NESTLE INDIA,75.0,TPK,180ML,,1679029884953-nestle india ltd- - india-nescafe choco mocha#3.png,RECODING,5,3,99763541,134.53703,118,NESTLE INDIA LTD. - INDIA,NESCAFE,NESCAFE HAZELNUT,HAZELNUT TPK 180 ML,TPK,180.000 ML,HAZELNUT,,180.0,ML,75.0
28,2023-03-20,202303,2,126709011,31101020072,1679029884953,99764953.0,134,NESTLE INDIA LTD. - INDIA,NESCAFE CHOCO MOCHA,NESCAFE CHOCO MOCHA\18ML\TPK\RS:90\NESTLE INDIA,75.0,TPK,180ML,,1679029884953-nestle india ltd- - india-nescafe choco mocha#3.png,RECODING,5,4,99764248,140.08966,118,NESTLE INDIA LTD. - INDIA,NESTLE,NESTLE MILO,COCOA-MALT MILK TPK 180 ML,TPK,180.000 ML,COCOA-MALT MILK,,180.0,ML,70.0
28,2023-03-20,202303,2,126709011,31101020072,1679029884953,99764953.0,134,NESTLE INDIA LTD. - INDIA,NESCAFE CHOCO MOCHA,NESCAFE CHOCO MOCHA\18ML\TPK\RS:90\NESTLE INDIA,75.0,TPK,180ML,,1679029884953-nestle india ltd- - india-nescafe choco mocha#3.png,RECODING,5,5,99763479,141.12387,118,NESTLE INDIA LTD. - INDIA,NESCAFE,NESCAFE CHILLED LATTE,COFFEE & MILK TPK 180 ML,TPK,180.000 ML,COFFEE,,180.0,ML,75.0
28,2023-03-20,202303,2,126709011,31101020072,1679029884953,99764953.0,134,NESTLE INDIA LTD. - INDIA,NESCAFE CHOCO MOCHA,NESCAFE CHOCO MOCHA\18ML\TPK\RS:90\NESTLE INDIA,75.0,TPK,180ML,,1679029884953-nestle india ltd- - india-nescafe choco mocha#3.png,RECODING,5,6,91826243,146.25702,106,NESTLE INDIA LTD. - INDIA,NESTLE,NESTLE ECLAIRS,NESTLE ECLAIRS- CARAMEL PPH 3.4 GM,PLPCH,3.400 GM,CARAMEL,,3.4,GM,0.0
28,2023-03-20,202303,2,126709011,31101020072,1679029884953,99764953.0,134,NESTLE INDIA LTD. - INDIA,NESCAFE CHOCO MOCHA,NESCAFE CHOCO MOCHA\18ML\TPK\RS:90\NESTLE INDIA,75.0,TPK,180ML,,1679029884953-nestle india ltd- - india-nescafe choco mocha#3.png,RECODING,5,7,91826085,149.17065,106,NESTLE INDIA LTD. - INDIA,NESTLE,NESTLE ECLAIRS,NESTLE ECLAIRS- PPH 2.4 GM,PLPCH,2.400 GM,CHOCOLATE,,2.4,GM,0.0
28,2023-03-20,202303,2,126709011,31101020072,1679029884953,99764953.0,134,NESTLE INDIA LTD. - INDIA,NESCAFE CHOCO MOCHA,NESCAFE CHOCO MOCHA\18ML\TPK\RS:90\NESTLE INDIA,75.0,TPK,180ML,,1679029884953-nestle india ltd- - india-nescafe choco mocha#3.png,RECODING,5,8,99764030,158.52034,133,NESTLE INDIA LTD. - INDIA,LACTOGEN,LACTOGEN 3,LACTOGEN 3-AFTER 12 & UPTO 18 MONTHS-CBP 400 GM,CDBOX,400.000 GM,,,400.0,GM,723.0
28,2023-03-20,202303,2,126709011,31101020072,1679029884953,99764953.0,134,NESTLE INDIA LTD. - INDIA,NESCAFE CHOCO MOCHA,NESCAFE CHOCO MOCHA\18ML\TPK\RS:90\NESTLE INDIA,75.0,TPK,180ML,,1679029884953-nestle india ltd- - india-nescafe choco mocha#3.png,RECODING,5,9,99764028,159.80682,133,NESTLE INDIA LTD. - INDIA,LACTOGEN,LACTOGEN 1,LACTOGEN 1-UPTO 6 MONTHS-CBP 400 GM,CDBOX,400.000 GM,,,400.0,GM,747.0
28,2023-03-20,202303,2,126709011,31101020072,1679029884953,99764953.0,134,NESTLE INDIA LTD. - INDIA,NESCAFE CHOCO MOCHA,NESCAFE CHOCO MOCHA\18ML\TPK\RS:90\NESTLE INDIA,75.0,TPK,180ML,,1679029884953-nestle india ltd- - india-nescafe choco mocha#3.png,RECODING,5,10,99764039,161.41718,133,NESTLE INDIA LTD. - INDIA,LACTOGEN,LACTOGEN 4,LACTOGEN 4-AFTER 18 & UPTO 24 MONTHS-CBP 400 GM,CDBOX,400.000 GM,,,400.0,GM,709.0
29,2023-03-20,202303,2,122585143,12303020032,1679119063008,99764950.0,134,AMRAPALI BEVERAGE-NEPAL,ROAR LION,ROAR LION ENERGY DRINK TPK 200ML,50.0,TPK,200ML,,1679119063008-amrapali beverage-nepal-roar lion#3.png,RECODING,5,1,99764950,89.12315,118,AMRAPALI BEVERAGE-NEPAL,ROAR LION,ROAR LION,TPK 200 ML,TPK,200.000 ML,,,200.0,ML,50.0
29,2023-03-20,202303,2,122585143,12303020032,1679119063008,99764950.0,134,AMRAPALI BEVERAGE-NEPAL,ROAR LION,ROAR LION ENERGY DRINK TPK 200ML,50.0,TPK,200ML,,1679119063008-amrapali beverage-nepal-roar lion#3.png,RECODING,5,2,99762359,146.31845,118,AMRAPALI BEVERAGE-NEPAL,AMRAPALI,AMRAPALI RUCHI,MANGO TPK 180 ML+20 ML FREE,TPK,180.000 ML,MANGO,,200.0,ML,25.0
29,2023-03-20,202303,2,122585143,12303020032,1679119063008,99764950.0,134,AMRAPALI BEVERAGE-NEPAL,ROAR LION,ROAR LION ENERGY DRINK TPK 200ML,50.0,TPK,200ML,,1679119063008-amrapali beverage-nepal-roar lion#3.png,RECODING,5,3,99762411,148.57297,118,AMRAPALI BEVERAGE-NEPAL,AMRAPALI,AMRAPALI SWAGAT,MANGO TPK 180 ML+20 ML FREE,TPK,180.000 ML,MANGO,,200.0,ML,25.0
29,2023-03-20,202303,2,122585143,12303020032,1679119063008,99764950.0,134,AMRAPALI BEVERAGE-NEPAL,ROAR LION,ROAR LION ENERGY DRINK TPK 200ML,50.0,TPK,200ML,,1679119063008-amrapali beverage-nepal-roar lion#3.png,RECODING,5,4,54827,149.0634,118,AMRAPALI BEVERAGE-NEPAL,AMRAPALI,AMRAPALI RUCHI,MANGO TPK 200 ML,TPK,200.000 ML,MANGO,,200.0,ML,0.0
29,2023-03-20,202303,2,122585143,12303020032,1679119063008,99764950.0,134,AMRAPALI BEVERAGE-NEPAL,ROAR LION,ROAR LION ENERGY DRINK TPK 200ML,50.0,TPK,200ML,,1679119063008-amrapali beverage-nepal-roar lion#3.png,RECODING,5,5,99765384,150.88516,118,AMRAPALI BEVERAGE-NEPAL,AMRAPALI,AMRAPALI RUCHI,MANGO TPK 180 ML,TPK,180.000 ML,MANGO,,180.0,ML,25.0
29,2023-03-20,202303,2,122585143,12303020032,1679119063008,99764950.0,134,AMRAPALI BEVERAGE-NEPAL,ROAR LION,ROAR LION ENERGY DRINK TPK 200ML,50.0,TPK,200ML,,1679119063008-amrapali beverage-nepal-roar lion#3.png,RECODING,5,6,99764976,152.36267,118,AMRAPALI BEVERAGE-NEPAL,AMRAPALI,AMRAPALI KOOL,ALPHONSO MANGO TPK 180 ML+20 ML FREE,TPK,180.000 ML,MANGO,,200.0,ML,25.0
29,2023-03-20,202303,2,122585143,12303020032,1679119063008,99764950.0,134,AMRAPALI BEVERAGE-NEPAL,ROAR LION,ROAR LION ENERGY DRINK TPK 200ML,50.0,TPK,200ML,,1679119063008-amrapali beverage-nepal-roar lion#3.png,RECODING,5,7,99763310,152.79999,118,AMRAPALI BEVERAGE-NEPAL,AMRAPALI,AMRAPALI KOOL,APPLE TPK 180 ML+20 ML FREE,TPK,180.000 ML,APPLE,,200.0,ML,25.0
29,2023-03-20,202303,2,122585143,12303020032,1679119063008,99764950.0,134,AMRAPALI BEVERAGE-NEPAL,ROAR LION,ROAR LION ENERGY DRINK TPK 200ML,50.0,TPK,200ML,,1679119063008-amrapali beverage-nepal-roar lion#3.png,RECODING,5,8,99763987,152.99567,118,AMRAPALI BEVERAGE-NEPAL,AMRAPALI,AMRAPALI KOOL,GUAVA TPK 180 ML+20 ML FREE,TPK,180.000 ML,GUAVA,,200.0,ML,25.0
29,2023-03-20,202303,2,122585143,12303020032,1679119063008,99764950.0,134,AMRAPALI BEVERAGE-NEPAL,ROAR LION,ROAR LION ENERGY DRINK TPK 200ML,50.0,TPK,200ML,,1679119063008-amrapali beverage-nepal-roar lion#3.png,RECODING,5,9,99763746,153.56476,118,AMRAPALI BEVERAGE-NEPAL,AMRAPALI,AMRAPALI KOOL,PINEAPPLE TPK 180 ML+20 ML FREE,TPK,180.000 ML,PINEAPPLE,,200.0,ML,25.0
29,2023-03-20,202303,2,122585143,12303020032,1679119063008,99764950.0,134,AMRAPALI BEVERAGE-NEPAL,ROAR LION,ROAR LION ENERGY DRINK TPK 200ML,50.0,TPK,200ML,,1679119063008-amrapali beverage-nepal-roar lion#3.png,RECODING,5,10,99763967,154.06827,118,AMRAPALI BEVERAGE-NEPAL,AMRAPALI,AMRAPALI KOOL,MIXED FRUIT TPK 180 ML+20 ML FREE,TPK,180.000 ML,MIXED FRUIT,,200.0,ML,25.0
30,2023-03-20,202303,2,122150710,12303020015,1679119063008,99764950.0,134,AMRAPALI BEVERAGE-NEPAL,ROAR LION,ROAR LION ENERGY DRINK TPK 200ML,50.0,TPK,200ML,,1679119063008-amrapali beverage-nepal-roar lion#3.png,RECODING,5,1,99764950,88.37634,118,AMRAPALI BEVERAGE-NEPAL,ROAR LION,ROAR LION,TPK 200 ML,TPK,200.000 ML,,,200.0,ML,50.0
30,2023-03-20,202303,2,122150710,12303020015,1679119063008,99764950.0,134,AMRAPALI BEVERAGE-NEPAL,ROAR LION,ROAR LION ENERGY DRINK TPK 200ML,50.0,TPK,200ML,,1679119063008-amrapali beverage-nepal-roar lion#3.png,RECODING,5,2,99762359,145.72404,118,AMRAPALI BEVERAGE-NEPAL,AMRAPALI,AMRAPALI RUCHI,MANGO TPK 180 ML+20 ML FREE,TPK,180.000 ML,MANGO,,200.0,ML,25.0
30,2023-03-20,202303,2,122150710,12303020015,1679119063008,99764950.0,134,AMRAPALI BEVERAGE-NEPAL,ROAR LION,ROAR LION ENERGY DRINK TPK 200ML,50.0,TPK,200ML,,1679119063008-amrapali beverage-nepal-roar lion#3.png,RECODING,5,3,99762411,148.14389,118,AMRAPALI BEVERAGE-NEPAL,AMRAPALI,AMRAPALI SWAGAT,MANGO TPK 180 ML+20 ML FREE,TPK,180.000 ML,MANGO,,200.0,ML,25.0
30,2023-03-20,202303,2,122150710,12303020015,1679119063008,99764950.0,134,AMRAPALI BEVERAGE-NEPAL,ROAR LION,ROAR LION ENERGY DRINK TPK 200ML,50.0,TPK,200ML,,1679119063008-amrapali beverage-nepal-roar lion#3.png,RECODING,5,4,54827,148.22247,118,AMRAPALI BEVERAGE-NEPAL,AMRAPALI,AMRAPALI RUCHI,MANGO TPK 200 ML,TPK,200.000 ML,MANGO,,200.0,ML,0.0
30,2023-03-20,202303,2,122150710,12303020015,1679119063008,99764950.0,134,AMRAPALI BEVERAGE-NEPAL,ROAR LION,ROAR LION ENERGY DRINK TPK 200ML,50.0,TPK,200ML,,1679119063008-amrapali beverage-nepal-roar lion#3.png,RECODING,5,5,99765384,150.23938,118,AMRAPALI BEVERAGE-NEPAL,AMRAPALI,AMRAPALI RUCHI,MANGO TPK 180 ML,TPK,180.000 ML,MANGO,,180.0,ML,25.0
30,2023-03-20,202303,2,122150710,12303020015,1679119063008,99764950.0,134,AMRAPALI BEVERAGE-NEPAL,ROAR LION,ROAR LION ENERGY DRINK TPK 200ML,50.0,TPK,200ML,,1679119063008-amrapali beverage-nepal-roar lion#3.png,RECODING,5,6,99764976,152.46228,118,AMRAPALI BEVERAGE-NEPAL,AMRAPALI,AMRAPALI KOOL,ALPHONSO MANGO TPK 180 ML+20 ML FREE,TPK,180.000 ML,MANGO,,200.0,ML,25.0
30,2023-03-20,202303,2,122150710,12303020015,1679119063008,99764950.0,134,AMRAPALI BEVERAGE-NEPAL,ROAR LION,ROAR LION ENERGY DRINK TPK 200ML,50.0,TPK,200ML,,1679119063008-amrapali beverage-nepal-roar lion#3.png,RECODING,5,7,99763290,152.7747,118,AMRAPALI BEVERAGE-NEPAL,AMRAPALI,AMRAPALI RECHARGE,CAN 250 ML,CAN,250.000 ML,,,250.0,ML,100.0
30,2023-03-20,202303,2,122150710,12303020015,1679119063008,99764950.0,134,AMRAPALI BEVERAGE-NEPAL,ROAR LION,ROAR LION ENERGY DRINK TPK 200ML,50.0,TPK,200ML,,1679119063008-amrapali beverage-nepal-roar lion#3.png,RECODING,5,8,99763310,153.22537,118,AMRAPALI BEVERAGE-NEPAL,AMRAPALI,AMRAPALI KOOL,APPLE TPK 180 ML+20 ML FREE,TPK,180.000 ML,APPLE,,200.0,ML,25.0
30,2023-03-20,202303,2,122150710,12303020015,1679119063008,99764950.0,134,AMRAPALI BEVERAGE-NEPAL,ROAR LION,ROAR LION ENERGY DRINK TPK 200ML,50.0,TPK,200ML,,1679119063008-amrapali beverage-nepal-roar lion#3.png,RECODING,5,9,99763987,153.31247,118,AMRAPALI BEVERAGE-NEPAL,AMRAPALI,AMRAPALI KOOL,GUAVA TPK 180 ML+20 ML FREE,TPK,180.000 ML,GUAVA,,200.0,ML,25.0
30,2023-03-20,202303,2,122150710,12303020015,1679119063008,99764950.0,134,AMRAPALI BEVERAGE-NEPAL,ROAR LION,ROAR LION ENERGY DRINK TPK 200ML,50.0,TPK,200ML,,1679119063008-amrapali beverage-nepal-roar lion#3.png,RECODING,5,10,99765382,153.84418,118,AMRAPALI BEVERAGE-NEPAL,AMRAPALI,AMRAPALI SWAGAT,MANGO TPK 180 ML,TPK,180.000 ML,MANGO,,180.0,ML,25.0
31,2023-03-20,202303,2,122150710,12303020015,1679124843142,99764931.0,134,SINGAPORE BEVERAGE-NEPAL,FRUIT GEMS,FRUIT GEMS-MANGO PBT 320ML,140.0,PBT,320ML,,1679124843142-singapore beverage-nepal-fruit gems#3.png,RECODING,5,1,99764931,111.737854,118,SINGAPORE BEVERAGE-NEPAL,FRUIT GEMS,FRUIT GEMS,MANGO PET 320 ML,PET,320.000 ML,MANGO,,320.0,ML,140.0
31,2023-03-20,202303,2,122150710,12303020015,1679124843142,99764931.0,134,SINGAPORE BEVERAGE-NEPAL,FRUIT GEMS,FRUIT GEMS-MANGO PBT 320ML,140.0,PBT,320ML,,1679124843142-singapore beverage-nepal-fruit gems#3.png,RECODING,5,2,99765205,115.52058,118,SINGAPORE BEVERAGE-NEPAL,FRUIT GEMS,FRUIT GEMS,PASSION FRUIT PET 320 ML,PET,320.000 ML,PASSION FRUIT,,320.0,ML,140.0
31,2023-03-20,202303,2,122150710,12303020015,1679124843142,99764931.0,134,SINGAPORE BEVERAGE-NEPAL,FRUIT GEMS,FRUIT GEMS-MANGO PBT 320ML,140.0,PBT,320ML,,1679124843142-singapore beverage-nepal-fruit gems#3.png,RECODING,5,3,99765310,118.276184,118,SINGAPORE BEVERAGE-NEPAL,FRUIT GEMS,FRUIT GEMS,MANGO PET 250 ML,PET,250.000 ML,MANGO,,250.0,ML,100.0
31,2023-03-20,202303,2,122150710,12303020015,1679124843142,99764931.0,134,SINGAPORE BEVERAGE-NEPAL,FRUIT GEMS,FRUIT GEMS-MANGO PBT 320ML,140.0,PBT,320ML,,1679124843142-singapore beverage-nepal-fruit gems#3.png,RECODING,5,4,99764276,122.40747,118,SINGAPORE BEVERAGE-NEPAL,FRUIT GEMS,FRUIT GEMS,PINEAPPLE PET 320 ML,PET,320.000 ML,PINEAPPLE,,320.0,ML,140.0
31,2023-03-20,202303,2,122150710,12303020015,1679124843142,99764931.0,134,SINGAPORE BEVERAGE-NEPAL,FRUIT GEMS,FRUIT GEMS-MANGO PBT 320ML,140.0,PBT,320ML,,1679124843142-singapore beverage-nepal-fruit gems#3.png,RECODING,5,5,99764275,128.19377,118,SINGAPORE BEVERAGE-NEPAL,FRUIT GEMS,FRUIT GEMS,ORANGE PET 320 ML,PET,320.000 ML,ORANGE,,320.0,ML,140.0
31,2023-03-20,202303,2,122150710,12303020015,1679124843142,99764931.0,134,SINGAPORE BEVERAGE-NEPAL,FRUIT GEMS,FRUIT GEMS-MANGO PBT 320ML,140.0,PBT,320ML,,1679124843142-singapore beverage-nepal-fruit gems#3.png,RECODING,5,6,99765312,128.76657,118,SINGAPORE BEVERAGE-NEPAL,FRUIT GEMS,FRUIT GEMS,PINEAPPLE PET 250 ML,PET,250.000 ML,PINEAPPLE,,250.0,ML,100.0
31,2023-03-20,202303,2,122150710,12303020015,1679124843142,99764931.0,134,SINGAPORE BEVERAGE-NEPAL,FRUIT GEMS,FRUIT GEMS-MANGO PBT 320ML,140.0,PBT,320ML,,1679124843142-singapore beverage-nepal-fruit gems#3.png,RECODING,5,7,99765033,129.68686,118,SINGAPORE BEVERAGE-NEPAL,FRUIT GEMS,FRUIT GEMS,PINK GUAVA PET 320 ML,PET,320.000 ML,GUAVA,,320.0,ML,140.0
31,2023-03-20,202303,2,122150710,12303020015,1679124843142,99764931.0,134,SINGAPORE BEVERAGE-NEPAL,FRUIT GEMS,FRUIT GEMS-MANGO PBT 320ML,140.0,PBT,320ML,,1679124843142-singapore beverage-nepal-fruit gems#3.png,RECODING,5,8,99764780,131.70529,118,SINGAPORE BEVERAGE-NEPAL,FRUIT GEMS,FRUIT GEMS,KIWI PET 320 ML,PET,320.000 ML,KIWI,,320.0,ML,140.0
31,2023-03-20,202303,2,122150710,12303020015,1679124843142,99764931.0,134,SINGAPORE BEVERAGE-NEPAL,FRUIT GEMS,FRUIT GEMS-MANGO PBT 320ML,140.0,PBT,320ML,,1679124843142-singapore beverage-nepal-fruit gems#3.png,RECODING,5,9,99764781,132.45627,118,SINGAPORE BEVERAGE-NEPAL,FRUIT GEMS,FRUIT GEMS,STRAWBERRY PET 320 ML,PET,320.000 ML,STRAWBERRY,,320.0,ML,140.0
31,2023-03-20,202303,2,122150710,12303020015,1679124843142,99764931.0,134,SINGAPORE BEVERAGE-NEPAL,FRUIT GEMS,FRUIT GEMS-MANGO PBT 320ML,140.0,PBT,320ML,,1679124843142-singapore beverage-nepal-fruit gems#3.png,RECODING,5,10,99764948,132.85637,118,SINGAPORE BEVERAGE-NEPAL,FRUIT GEMS,FRUIT GEMS,CANTALOUPE PET 320 ML,PET,320.000 ML,CANTALOUPE,,320.0,ML,140.0
32,2023-03-20,202303,2,128702441,12201020028,1679036243895,99764948.0,134,SINGAPORE BEVERAGE-NEPAL,FRUIT GEMS,FRUIT GEMS-CANTALOUPE DRINK PET 320ML,140.0,PET,320ML,,1679036243895-singapore beverage-nepal-fruit gems#3.png,RECODING,5,1,99764948,81.03497,118,SINGAPORE BEVERAGE-NEPAL,FRUIT GEMS,FRUIT GEMS,CANTALOUPE PET 320 ML,PET,320.000 ML,CANTALOUPE,,320.0,ML,140.0
32,2023-03-20,202303,2,128702441,12201020028,1679036243895,99764948.0,134,SINGAPORE BEVERAGE-NEPAL,FRUIT GEMS,FRUIT GEMS-CANTALOUPE DRINK PET 320ML,140.0,PET,320ML,,1679036243895-singapore beverage-nepal-fruit gems#3.png,RECODING,5,2,99765205,120.35358,118,SINGAPORE BEVERAGE-NEPAL,FRUIT GEMS,FRUIT GEMS,PASSION FRUIT PET 320 ML,PET,320.000 ML,PASSION FRUIT,,320.0,ML,140.0
32,2023-03-20,202303,2,128702441,12201020028,1679036243895,99764948.0,134,SINGAPORE BEVERAGE-NEPAL,FRUIT GEMS,FRUIT GEMS-CANTALOUPE DRINK PET 320ML,140.0,PET,320ML,,1679036243895-singapore beverage-nepal-fruit gems#3.png,RECODING,5,3,99764276,122.41262,118,SINGAPORE BEVERAGE-NEPAL,FRUIT GEMS,FRUIT GEMS,PINEAPPLE PET 320 ML,PET,320.000 ML,PINEAPPLE,,320.0,ML,140.0
32,2023-03-20,202303,2,128702441,12201020028,1679036243895,99764948.0,134,SINGAPORE BEVERAGE-NEPAL,FRUIT GEMS,FRUIT GEMS-CANTALOUPE DRINK PET 320ML,140.0,PET,320ML,,1679036243895-singapore beverage-nepal-fruit gems#3.png,RECODING,5,4,99765312,122.99577,118,SINGAPORE BEVERAGE-NEPAL,FRUIT GEMS,FRUIT GEMS,PINEAPPLE PET 250 ML,PET,250.000 ML,PINEAPPLE,,250.0,ML,100.0
32,2023-03-20,202303,2,128702441,12201020028,1679036243895,99764948.0,134,SINGAPORE BEVERAGE-NEPAL,FRUIT GEMS,FRUIT GEMS-CANTALOUPE DRINK PET 320ML,140.0,PET,320ML,,1679036243895-singapore beverage-nepal-fruit gems#3.png,RECODING,5,5,99764275,124.71185,118,SINGAPORE BEVERAGE-NEPAL,FRUIT GEMS,FRUIT GEMS,ORANGE PET 320 ML,PET,320.000 ML,ORANGE,,320.0,ML,140.0
32,2023-03-20,202303,2,128702441,12201020028,1679036243895,99764948.0,134,SINGAPORE BEVERAGE-NEPAL,FRUIT GEMS,FRUIT GEMS-CANTALOUPE DRINK PET 320ML,140.0,PET,320ML,,1679036243895-singapore beverage-nepal-fruit gems#3.png,RECODING,5,6,99765033,126.061874,118,SINGAPORE BEVERAGE-NEPAL,FRUIT GEMS,FRUIT GEMS,PINK GUAVA PET 320 ML,PET,320.000 ML,GUAVA,,320.0,ML,140.0
32,2023-03-20,202303,2,128702441,12201020028,1679036243895,99764948.0,134,SINGAPORE BEVERAGE-NEPAL,FRUIT GEMS,FRUIT GEMS-CANTALOUPE DRINK PET 320ML,140.0,PET,320ML,,1679036243895-singapore beverage-nepal-fruit gems#3.png,RECODING,5,7,99764781,133.07388,118,SINGAPORE BEVERAGE-NEPAL,FRUIT GEMS,FRUIT GEMS,STRAWBERRY PET 320 ML,PET,320.000 ML,STRAWBERRY,,320.0,ML,140.0
32,2023-03-20,202303,2,128702441,12201020028,1679036243895,99764948.0,134,SINGAPORE BEVERAGE-NEPAL,FRUIT GEMS,FRUIT GEMS-CANTALOUPE DRINK PET 320ML,140.0,PET,320ML,,1679036243895-singapore beverage-nepal-fruit gems#3.png,RECODING,5,8,99764277,135.13608,118,SINGAPORE BEVERAGE-NEPAL,FRUIT GEMS,FRUIT GEMS,LYCHEE PET 320 ML,PET,320.000 ML,LYCHEE,,320.0,ML,140.0
32,2023-03-20,202303,2,128702441,12201020028,1679036243895,99764948.0,134,SINGAPORE BEVERAGE-NEPAL,FRUIT GEMS,FRUIT GEMS-CANTALOUPE DRINK PET 320ML,140.0,PET,320ML,,1679036243895-singapore beverage-nepal-fruit gems#3.png,RECODING,5,9,99765311,135.66968,118,SINGAPORE BEVERAGE-NEPAL,FRUIT GEMS,FRUIT GEMS,STRAWBERRY PET 250 ML,PET,250.000 ML,STRAWBERRY,,250.0,ML,100.0
32,2023-03-20,202303,2,128702441,12201020028,1679036243895,99764948.0,134,SINGAPORE BEVERAGE-NEPAL,FRUIT GEMS,FRUIT GEMS-CANTALOUPE DRINK PET 320ML,140.0,PET,320ML,,1679036243895-singapore beverage-nepal-fruit gems#3.png,RECODING,5,10,99764780,137.34593,118,SINGAPORE BEVERAGE-NEPAL,FRUIT GEMS,FRUIT GEMS,KIWI PET 320 ML,PET,320.000 ML,KIWI,,320.0,ML,140.0
33,2023-03-20,202303,3,123094992,12303030007,1679047537971,99764947.0,125,GOURANGA SARKAR INDIA,BABA,BLT BABA KHAINI PPH 10GM,4.8,PPH,10GM,,1679047537971-gouranga sarkar india-baba#3.png,RECODING,5,1,99764947,141.00314,125,GOURANGA SARKAR-INDIA,BABA,BABA,10G KHAINI,PLAST,10G,REGULAR,,10.0,GM,5.0
33,2023-03-20,202303,3,123094992,12303030007,1679047537971,99764947.0,125,GOURANGA SARKAR INDIA,BABA,BLT BABA KHAINI PPH 10GM,4.8,PPH,10GM,,1679047537971-gouranga sarkar india-baba#3.png,RECODING,5,2,99762262,176.79335,125,GURDNGA SARKAR,BABA,BABA,10G KHAINI,PLAST,10G,REGULAR,,10.0,,0.0
33,2023-03-20,202303,3,123094992,12303030007,1679047537971,99764947.0,125,GOURANGA SARKAR INDIA,BABA,BLT BABA KHAINI PPH 10GM,4.8,PPH,10GM,,1679047537971-gouranga sarkar india-baba#3.png,RECODING,5,3,54782,197.35953,123,SHREE BALAJI GRAMODYOG-INDIA,NAHATA,NAHATA SKY,NAHATA SKY-LIME PCN 400 GM+FR SCUBBER,PLJAR,400.000 GM,,,400.0,GM,0.0
33,2023-03-20,202303,3,123094992,12303030007,1679047537971,99764947.0,125,GOURANGA SARKAR INDIA,BABA,BLT BABA KHAINI PPH 10GM,4.8,PPH,10GM,,1679047537971-gouranga sarkar india-baba#3.png,RECODING,5,4,99763367,199.22176,123,GORKHA SOAP INDUSTRIES-NEPAL,GORKHA DALLO SABUN,GORKHA DALLO SABUN,GORKHA DALLO SABUN-PPH 3*333 GM [1000 GM],PLPCH,333.000 GM,,,1000.0,GM,110.0
33,2023-03-20,202303,3,123094992,12303030007,1679047537971,99764947.0,125,GOURANGA SARKAR INDIA,BABA,BLT BABA KHAINI PPH 10GM,4.8,PPH,10GM,,1679047537971-gouranga sarkar india-baba#3.png,RECODING,5,5,54781,199.36174,123,SHREE BALAJI GRAMODYOG-INDIA,NAHATA,NAHATA SKY,NAHATA SKY-LIME DISHWASH PCN 400 GM,PLJAR,400.000 GM,,,400.0,GM,0.0
33,2023-03-20,202303,3,123094992,12303030007,1679047537971,99764947.0,125,GOURANGA SARKAR INDIA,BABA,BLT BABA KHAINI PPH 10GM,4.8,PPH,10GM,,1679047537971-gouranga sarkar india-baba#3.png,RECODING,5,6,99762247,201.68594,125,DHARAMPAL PREMCHAND LTD-INDIA,BABA,BABA,10G KHAINI,PLAST,10G,REGULAR,,10.0,,0.0
33,2023-03-20,202303,3,123094992,12303030007,1679047537971,99764947.0,125,GOURANGA SARKAR INDIA,BABA,BLT BABA KHAINI PPH 10GM,4.8,PPH,10GM,,1679047537971-gouranga sarkar india-baba#3.png,RECODING,5,7,92519481,205.26678,120,JAI KALI JADIBUTI UDHYOG-NEPAL,OKHATI,OKHATI AYURVEDIC,OKHATI AYURVEDIC- PAPAYA CBP 75 GMS,CDBOX,75.000 GM,,,75.0,GM,0.0
33,2023-03-20,202303,3,123094992,12303030007,1679047537971,99764947.0,125,GOURANGA SARKAR INDIA,BABA,BLT BABA KHAINI PPH 10GM,4.8,PPH,10GM,,1679047537971-gouranga sarkar india-baba#3.png,RECODING,5,8,92520337,205.38306,120,JAI KALI JADIBUTI UDHYOG-NEPAL,OKHATI,OKHATI AYURVEDIC,OKHATI AYURVEDIC- NEEM CBP 75 GMS,CDBOX,75.000 GM,,,75.0,GM,0.0
33,2023-03-20,202303,3,123094992,12303030007,1679047537971,99764947.0,125,GOURANGA SARKAR INDIA,BABA,BLT BABA KHAINI PPH 10GM,4.8,PPH,10GM,,1679047537971-gouranga sarkar india-baba#3.png,RECODING,5,9,92925615,208.89757,123,SWADESHI SABUN UDHYOG-NEPAL,JOSH,JOSH,JOSH-UNWRP 200 GMS,UNWRP,200.000 GM,,,200.0,GM,0.0
33,2023-03-20,202303,3,123094992,12303030007,1679047537971,99764947.0,125,GOURANGA SARKAR INDIA,BABA,BLT BABA KHAINI PPH 10GM,4.8,PPH,10GM,,1679047537971-gouranga sarkar india-baba#3.png,RECODING,5,10,99763073,210.53676,123,SIDDHI BINAYAK CHEMICALS-NEPAL,RUKH CHHAP,RUKH CHHAP DALLO SABUN,RUKH CHHAP DALLO SABUN-PPH 3*250 GM [750 GM],PLPCH,250.000 GM,,,750.0,GM,100.0
34,2023-03-20,202303,3,1210102746,12101030195,1678951614460,99764946.0,127,MAA VINDHYAVASINI TOBACCO-IN,M-1,M-1BRANDED CHEWING TOBACCO PLASTIC-0.25 GM.,0.8,PLASTIC,0.25 GM,,1678951614460-maa vindhyavasini tobacco-in-m-1#3.png,RECODING,5,1,99763654,147.06866,126,MAA VINDHYAVASINI TOBACCO-IN,MADHU,MADHU,3G PAAN MASALA,PLAST,3G,SWEET,,3.0,GM,10.0
34,2023-03-20,202303,3,1210102746,12101030195,1678951614460,99764946.0,127,MAA VINDHYAVASINI TOBACCO-IN,M-1,M-1BRANDED CHEWING TOBACCO PLASTIC-0.25 GM.,0.8,PLASTIC,0.25 GM,,1678951614460-maa vindhyavasini tobacco-in-m-1#3.png,RECODING,5,2,99764946,155.91225,127,MAA VINDHYAVASINI TOBACCO-IN,M-1,M-1,0.25G ZARDA,PLAST,0.25G,REGULAR,,0.25,GM,0.8
34,2023-03-20,202303,3,1210102746,12101030195,1678951614460,99764946.0,127,MAA VINDHYAVASINI TOBACCO-IN,M-1,M-1BRANDED CHEWING TOBACCO PLASTIC-0.25 GM.,0.8,PLASTIC,0.25 GM,,1678951614460-maa vindhyavasini tobacco-in-m-1#3.png,RECODING,5,3,99764944,159.36398,126,MAA VINDHYAVASINI TOBACCO-IN,MADHU,MADHU,3G PAAN MASALA KESAR MIXED,PLAST,3G,REGULAR,,3.0,GM,6.5
34,2023-03-20,202303,3,1210102746,12101030195,1678951614460,99764946.0,127,MAA VINDHYAVASINI TOBACCO-IN,M-1,M-1BRANDED CHEWING TOBACCO PLASTIC-0.25 GM.,0.8,PLASTIC,0.25 GM,,1678951614460-maa vindhyavasini tobacco-in-m-1#3.png,RECODING,5,4,99765458,188.49445,126,SONA TOBACCO UDHYOG PVT LTD.,BAADSHAH,BAADSHAH,2.5G PAAN MASALA,PLAST,2.5G,REGULAR,,2.5,GM,10.0
34,2023-03-20,202303,3,1210102746,12101030195,1678951614460,99764946.0,127,MAA VINDHYAVASINI TOBACCO-IN,M-1,M-1BRANDED CHEWING TOBACCO PLASTIC-0.25 GM.,0.8,PLASTIC,0.25 GM,,1678951614460-maa vindhyavasini tobacco-in-m-1#3.png,RECODING,5,5,99762333,193.50247,125,GORKHA TOBACCO INDUSTRIES PVT LTD,BAJRANGI,BAJRANGI,20G KHAINI,PLAST,20G,REGULAR,,20.0,,0.0
34,2023-03-20,202303,3,1210102746,12101030195,1678951614460,99764946.0,127,MAA VINDHYAVASINI TOBACCO-IN,M-1,M-1BRANDED CHEWING TOBACCO PLASTIC-0.25 GM.,0.8,PLASTIC,0.25 GM,,1678951614460-maa vindhyavasini tobacco-in-m-1#3.png,RECODING,5,6,99764160,200.58917,124,SONA TOBACCO UDHYOG PVT LTD.,PUKAR,PUKAR,2G GUTKA,PLAST,2G,REGULAR,,2.0,GM,5.0
34,2023-03-20,202303,3,1210102746,12101030195,1678951614460,99764946.0,127,MAA VINDHYAVASINI TOBACCO-IN,M-1,M-1BRANDED CHEWING TOBACCO PLASTIC-0.25 GM.,0.8,PLASTIC,0.25 GM,,1678951614460-maa vindhyavasini tobacco-in-m-1#3.png,RECODING,5,7,99762229,201.56569,125,PUJA TOBACCO PACKING INDUSTRIES,GOLDEN NEPAL,GOLDEN NEPAL,17G KHAINI,PLAST,17G,REGULAR,,17.0,,0.0
34,2023-03-20,202303,3,1210102746,12101030195,1678951614460,99764946.0,127,MAA VINDHYAVASINI TOBACCO-IN,M-1,M-1BRANDED CHEWING TOBACCO PLASTIC-0.25 GM.,0.8,PLASTIC,0.25 GM,,1678951614460-maa vindhyavasini tobacco-in-m-1#3.png,RECODING,5,8,99765184,202.03484,125,PUJA TOBACCO PACKING INDUSTRIES,GOLDEN NEPAL,GOLDEN NEPAL,16G KHAINI,PLAST,16G,REGULAR,,16.0,GM,40.0
34,2023-03-20,202303,3,1210102746,12101030195,1678951614460,99764946.0,127,MAA VINDHYAVASINI TOBACCO-IN,M-1,M-1BRANDED CHEWING TOBACCO PLASTIC-0.25 GM.,0.8,PLASTIC,0.25 GM,,1678951614460-maa vindhyavasini tobacco-in-m-1#3.png,RECODING,5,9,99762245,205.83676,125,UPTA TOBACCO COMPANY,NEWALA,NEWALA,15G KHAINI,PLAST,15G,REGULAR,,15.0,,0.0
34,2023-03-20,202303,3,1210102746,12101030195,1678951614460,99764946.0,127,MAA VINDHYAVASINI TOBACCO-IN,M-1,M-1BRANDED CHEWING TOBACCO PLASTIC-0.25 GM.,0.8,PLASTIC,0.25 GM,,1678951614460-maa vindhyavasini tobacco-in-m-1#3.png,RECODING,5,10,99764259,206.90045,125,PUJA TOBACCO PACKING INDUSTRIES,GOLDEN NEPAL,GOLDEN NEPAL,12G KHAINI,PLAST,12G,REGULAR,,12.0,GM,30.0
35,2023-03-20,202303,3,1210102746,12101030195,1678951252485,99764944.0,126,MAA VINDHYAVASINI TOBACCO-IN,MADHU,MADHU KESHAR MISTRIT PAN MASALA PLASTIC-3 GM.,6.4,PLASTIC,3 GM.,,1678951252485-maa vindhyavasini tobacco-in-madhu#3.png,RECODING,5,1,99763654,97.563576,126,MAA VINDHYAVASINI TOBACCO-IN,MADHU,MADHU,3G PAAN MASALA,PLAST,3G,SWEET,,3.0,GM,10.0
35,2023-03-20,202303,3,1210102746,12101030195,1678951252485,99764944.0,126,MAA VINDHYAVASINI TOBACCO-IN,MADHU,MADHU KESHAR MISTRIT PAN MASALA PLASTIC-3 GM.,6.4,PLASTIC,3 GM.,,1678951252485-maa vindhyavasini tobacco-in-madhu#3.png,RECODING,5,2,99764944,109.45824,126,MAA VINDHYAVASINI TOBACCO-IN,MADHU,MADHU,3G PAAN MASALA KESAR MIXED,PLAST,3G,REGULAR,,3.0,GM,6.5
35,2023-03-20,202303,3,1210102746,12101030195,1678951252485,99764944.0,126,MAA VINDHYAVASINI TOBACCO-IN,MADHU,MADHU KESHAR MISTRIT PAN MASALA PLASTIC-3 GM.,6.4,PLASTIC,3 GM.,,1678951252485-maa vindhyavasini tobacco-in-madhu#3.png,RECODING,5,3,99765458,168.1775,126,SONA TOBACCO UDHYOG PVT LTD.,BAADSHAH,BAADSHAH,2.5G PAAN MASALA,PLAST,2.5G,REGULAR,,2.5,GM,10.0
35,2023-03-20,202303,3,1210102746,12101030195,1678951252485,99764944.0,126,MAA VINDHYAVASINI TOBACCO-IN,MADHU,MADHU KESHAR MISTRIT PAN MASALA PLASTIC-3 GM.,6.4,PLASTIC,3 GM.,,1678951252485-maa vindhyavasini tobacco-in-madhu#3.png,RECODING,5,4,99764946,175.23346,127,MAA VINDHYAVASINI TOBACCO-IN,M-1,M-1,0.25G ZARDA,PLAST,0.25G,REGULAR,,0.25,GM,0.8
35,2023-03-20,202303,3,1210102746,12101030195,1678951252485,99764944.0,126,MAA VINDHYAVASINI TOBACCO-IN,MADHU,MADHU KESHAR MISTRIT PAN MASALA PLASTIC-3 GM.,6.4,PLASTIC,3 GM.,,1678951252485-maa vindhyavasini tobacco-in-madhu#3.png,RECODING,5,5,99765320,178.5458,126,MADHU CHEMICAL COMPANY,MADHU,MADHU,1.45G PAAN MASALA,PLAST,1.45G,SWEET,,1.45,GM,3.0
35,2023-03-20,202303,3,1210102746,12101030195,1678951252485,99764944.0,126,MAA VINDHYAVASINI TOBACCO-IN,MADHU,MADHU KESHAR MISTRIT PAN MASALA PLASTIC-3 GM.,6.4,PLASTIC,3 GM.,,1678951252485-maa vindhyavasini tobacco-in-madhu#3.png,RECODING,5,6,99762219,185.48892,126,TRIMURTI FRAGNANCES PVT LTD.,SIKHAR,SHIKHAR  PAN MASALA,3.5G PAAN MASALA,PLAST,3.5G,REGULAR,,3.5,,0.0
35,2023-03-20,202303,3,1210102746,12101030195,1678951252485,99764944.0,126,MAA VINDHYAVASINI TOBACCO-IN,MADHU,MADHU KESHAR MISTRIT PAN MASALA PLASTIC-3 GM.,6.4,PLASTIC,3 GM.,,1678951252485-maa vindhyavasini tobacco-in-madhu#3.png,RECODING,5,7,99762215,185.71643,126,MADHU CHEMICAL COMPANY,MADHU,MADHU,1.25G PAAN MASALA,PLAST,1.25G,SWEET,,1.25,,0.0
35,2023-03-20,202303,3,1210102746,12101030195,1678951252485,99764944.0,126,MAA VINDHYAVASINI TOBACCO-IN,MADHU,MADHU KESHAR MISTRIT PAN MASALA PLASTIC-3 GM.,6.4,PLASTIC,3 GM.,,1678951252485-maa vindhyavasini tobacco-in-madhu#3.png,RECODING,5,8,99763073,190.23218,123,SIDDHI BINAYAK CHEMICALS-NEPAL,RUKH CHHAP,RUKH CHHAP DALLO SABUN,RUKH CHHAP DALLO SABUN-PPH 3*250 GM [750 GM],PLPCH,250.000 GM,,,750.0,GM,100.0
35,2023-03-20,202303,3,1210102746,12101030195,1678951252485,99764944.0,126,MAA VINDHYAVASINI TOBACCO-IN,MADHU,MADHU KESHAR MISTRIT PAN MASALA PLASTIC-3 GM.,6.4,PLASTIC,3 GM.,,1678951252485-maa vindhyavasini tobacco-in-madhu#3.png,RECODING,5,9,99762220,192.91406,126,SHREE RAM TOBACCO UDHYOG,CURRENT,CURRENT PREMIUM,4G PAAN MASALA,PLAST,4G,REGULAR,,4.0,,0.0
35,2023-03-20,202303,3,1210102746,12101030195,1678951252485,99764944.0,126,MAA VINDHYAVASINI TOBACCO-IN,MADHU,MADHU KESHAR MISTRIT PAN MASALA PLASTIC-3 GM.,6.4,PLASTIC,3 GM.,,1678951252485-maa vindhyavasini tobacco-in-madhu#3.png,RECODING,5,10,99765201,193.07071,126,SONA TOBACCO UDHYOG PVT LTD.,BABA,BABA SWEET SUPARI,1.5G PAAN MASALA,PLAST,1.5G,SWEET,,1.5,GM,3.0
36,2023-03-20,202303,3,1210101773,12101030132,1678865880309,99764945.0,105,GORKHA LAHARI PVT.LTD.- NEPAL,WINNER SPECIAL FILTER,WINNER SPECIAL FILTER -SC-20 ST.,84.5,SC,20 ST.,,1678865880309-gorkha lahari pvt-ltd-- nepal-winner special filter#3.png,RECODING,5,1,99764945,106.26576,105,GORKHA LAHARI PVT.LTD.- NEPAL,WINNER,WINNER SPECIAL FILTER,SC 20'S,SC,20,FULL FLAVOUR,,20.0,NO,84.5
36,2023-03-20,202303,3,1210101773,12101030132,1678865880309,99764945.0,105,GORKHA LAHARI PVT.LTD.- NEPAL,WINNER SPECIAL FILTER,WINNER SPECIAL FILTER -SC-20 ST.,84.5,SC,20 ST.,,1678865880309-gorkha lahari pvt-ltd-- nepal-winner special filter#3.png,RECODING,5,2,90118230,131.4705,105,GORKHA LAHARI PVT.LTD.- NEPAL,WINNER,WINNER FILTER,HL 20'S,HL,20,FULL FLAVOUR,,20.0,NO,65.0
36,2023-03-20,202303,3,1210101773,12101030132,1678865880309,99764945.0,105,GORKHA LAHARI PVT.LTD.- NEPAL,WINNER SPECIAL FILTER,WINNER SPECIAL FILTER -SC-20 ST.,84.5,SC,20 ST.,,1678865880309-gorkha lahari pvt-ltd-- nepal-winner special filter#3.png,RECODING,5,3,99765139,160.93016,105,GORKHA LAHARI PVT.LTD.- NEPAL,GORKHA,GORKHA FILTER,HL 20'S,HL,20,FULL FLAVOUR,,20.0,NO,113.5
36,2023-03-20,202303,3,1210101773,12101030132,1678865880309,99764945.0,105,GORKHA LAHARI PVT.LTD.- NEPAL,WINNER SPECIAL FILTER,WINNER SPECIAL FILTER -SC-20 ST.,84.5,SC,20 ST.,,1678865880309-gorkha lahari pvt-ltd-- nepal-winner special filter#3.png,RECODING,5,4,99765387,163.23582,105,GORKHA LAHARI PVT.LTD.- NEPAL,NEPAL GOLD FLAKE,NEPAL GOLD FLAKE PREMIUM FILTER,HL 20'S,HL,20,FULL FLAVOUR,,20.0,NO,133.5
36,2023-03-20,202303,3,1210101773,12101030132,1678865880309,99764945.0,105,GORKHA LAHARI PVT.LTD.- NEPAL,WINNER SPECIAL FILTER,WINNER SPECIAL FILTER -SC-20 ST.,84.5,SC,20 ST.,,1678865880309-gorkha lahari pvt-ltd-- nepal-winner special filter#3.png,RECODING,5,5,99764933,164.17984,105,GORKHA LAHARI PVT.LTD.- NEPAL,SAHARA,SAHARA FILTER PUNCH,HL 20'S,HL,20,FRESH,,20.0,NO,115.0
36,2023-03-20,202303,3,1210101773,12101030132,1678865880309,99764945.0,105,GORKHA LAHARI PVT.LTD.- NEPAL,WINNER SPECIAL FILTER,WINNER SPECIAL FILTER -SC-20 ST.,84.5,SC,20 ST.,,1678865880309-gorkha lahari pvt-ltd-- nepal-winner special filter#3.png,RECODING,5,6,99765328,168.8296,105,GORKHA LAHARI PVT.LTD.- NEPAL,CAPTAIN,CAPTAIN GOLD FILTER KINGS,HL 20'S,HL,20,FULL FLAVOUR,,20.0,NO,161.0
36,2023-03-20,202303,3,1210101773,12101030132,1678865880309,99764945.0,105,GORKHA LAHARI PVT.LTD.- NEPAL,WINNER SPECIAL FILTER,WINNER SPECIAL FILTER -SC-20 ST.,84.5,SC,20 ST.,,1678865880309-gorkha lahari pvt-ltd-- nepal-winner special filter#3.png,RECODING,5,7,50218,169.86119,123,S S U (P) LTD-NEPAL,WINNER,WINNER,WINNER-UNWRP 300 GM,UNWRP,300.000 GM,,,300.0,GM,0.0
36,2023-03-20,202303,3,1210101773,12101030132,1678865880309,99764945.0,105,GORKHA LAHARI PVT.LTD.- NEPAL,WINNER SPECIAL FILTER,WINNER SPECIAL FILTER -SC-20 ST.,84.5,SC,20 ST.,,1678865880309-gorkha lahari pvt-ltd-- nepal-winner special filter#3.png,RECODING,5,8,99765156,171.37122,105,GORKHA LAHARI PVT.LTD.- NEPAL,MAYALU,MAYALU FILTER,HL 20'S,HL,20,FULL FLAVOUR,,20.0,NO,88.0
36,2023-03-20,202303,3,1210101773,12101030132,1678865880309,99764945.0,105,GORKHA LAHARI PVT.LTD.- NEPAL,WINNER SPECIAL FILTER,WINNER SPECIAL FILTER -SC-20 ST.,84.5,SC,20 ST.,,1678865880309-gorkha lahari pvt-ltd-- nepal-winner special filter#3.png,RECODING,5,9,90110256,175.19507,105,GORKHA LAHARI PVT.LTD.- NEPAL,CAPTAIN,CAPTAIN FILTER KINGS,HL 20'S,HL,20,FULL FLAVOUR,,20.0,NO,115.0
36,2023-03-20,202303,3,1210101773,12101030132,1678865880309,99764945.0,105,GORKHA LAHARI PVT.LTD.- NEPAL,WINNER SPECIAL FILTER,WINNER SPECIAL FILTER -SC-20 ST.,84.5,SC,20 ST.,,1678865880309-gorkha lahari pvt-ltd-- nepal-winner special filter#3.png,RECODING,5,10,90110228,177.14317,105,GORKHA LAHARI PVT.LTD.- NEPAL,BROWN,BROWN GOLD,HL 20'S,HL,20,KRETEK,,20.0,NO,280.0
37,2023-03-20,202303,2,122331327,31101020086,1678958831048,99764949.0,134,AGRO THAI FOODS PVT.LTD-NEPAL,CRANBERRY,CRANBERRY\250ML\PBT\RS:50\AGRO THAI FOODS PVT.LTD NEPA,50.0,PBT,250ML,,1678958831048-agro thai foods pvt-ltd-nepal-cranberry#3.png,RECODING,5,1,99764949,87.555374,118,AGRO THAI FOODS PVT LTD-NEPAL,CRANBERRY,CRANBERRY,CRANBERRY PET 250 ML,PET,250.000 ML,CRANBERRY,,250.0,ML,50.0
37,2023-03-20,202303,2,122331327,31101020086,1678958831048,99764949.0,134,AGRO THAI FOODS PVT.LTD-NEPAL,CRANBERRY,CRANBERRY\250ML\PBT\RS:50\AGRO THAI FOODS PVT.LTD NEPA,50.0,PBT,250ML,,1678958831048-agro thai foods pvt-ltd-nepal-cranberry#3.png,RECODING,5,2,99765331,122.55142,118,AGRO THAI FOODS PVT LTD-NEPAL,JUICE JELLY,JUICE JELLY,CRANBERRY PET 320 ML,PET,320.000 ML,CRANBERRY,,320.0,ML,99.0
37,2023-03-20,202303,2,122331327,31101020086,1678958831048,99764949.0,134,AGRO THAI FOODS PVT.LTD-NEPAL,CRANBERRY,CRANBERRY\250ML\PBT\RS:50\AGRO THAI FOODS PVT.LTD NEPA,50.0,PBT,250ML,,1678958831048-agro thai foods pvt-ltd-nepal-cranberry#3.png,RECODING,5,3,20121644,132.58469,118,DABUR NEPAL LTD.-NEPAL,REAL,REAL,CRANBERRY TPK 330 ML,TPK,330.000 ML,CRANBERRY,,330.0,ML,0.0
37,2023-03-20,202303,2,122331327,31101020086,1678958831048,99764949.0,134,AGRO THAI FOODS PVT.LTD-NEPAL,CRANBERRY,CRANBERRY\250ML\PBT\RS:50\AGRO THAI FOODS PVT.LTD NEPA,50.0,PBT,250ML,,1678958831048-agro thai foods pvt-ltd-nepal-cranberry#3.png,RECODING,5,4,20125635,135.52866,118,DABUR NEPAL LTD.-NEPAL,REAL,REAL,CRANBERRY TPK 200 ML,TPK,200.000 ML,CRANBERRY,,200.0,ML,0.0
37,2023-03-20,202303,2,122331327,31101020086,1678958831048,99764949.0,134,AGRO THAI FOODS PVT.LTD-NEPAL,CRANBERRY,CRANBERRY\250ML\PBT\RS:50\AGRO THAI FOODS PVT.LTD NEPA,50.0,PBT,250ML,,1678958831048-agro thai foods pvt-ltd-nepal-cranberry#3.png,RECODING,5,5,20110484,138.62454,118,DABUR NEPAL LTD.-NEPAL,REAL,REAL,CRANBERRY TPK 1000 ML,TPK,1000.000 ML,CRANBERRY,,1000.0,ML,0.0
37,2023-03-20,202303,2,122331327,31101020086,1678958831048,99764949.0,134,AGRO THAI FOODS PVT.LTD-NEPAL,CRANBERRY,CRANBERRY\250ML\PBT\RS:50\AGRO THAI FOODS PVT.LTD NEPA,50.0,PBT,250ML,,1678958831048-agro thai foods pvt-ltd-nepal-cranberry#3.png,RECODING,5,6,51767,142.37543,118,DABUR NEPAL LTD.-NEPAL,REAL,REAL FRUIT POWER,CRANBERRY TPK 1000 ML,TPK,1000.000 ML,CRANBERRY,,1000.0,ML,0.0
37,2023-03-20,202303,2,122331327,31101020086,1678958831048,99764949.0,134,AGRO THAI FOODS PVT.LTD-NEPAL,CRANBERRY,CRANBERRY\250ML\PBT\RS:50\AGRO THAI FOODS PVT.LTD NEPA,50.0,PBT,250ML,,1678958831048-agro thai foods pvt-ltd-nepal-cranberry#3.png,RECODING,5,7,49369,155.08524,118,UNITED BEVERAGE PVT LTD-NEPAL,PULPY,PULPY,CRANBERRY PET 1000 ML,PET,1000.000 ML,CRANBERRY,,1000.0,ML,0.0
37,2023-03-20,202303,2,122331327,31101020086,1678958831048,99764949.0,134,AGRO THAI FOODS PVT.LTD-NEPAL,CRANBERRY,CRANBERRY\250ML\PBT\RS:50\AGRO THAI FOODS PVT.LTD NEPA,50.0,PBT,250ML,,1678958831048-agro thai foods pvt-ltd-nepal-cranberry#3.png,RECODING,5,8,20125985,157.3465,118,THE AGRI. MKT. - BNGLADESH,PRAN,PRAN,CRANBERRY TPK 1000 ML,TPK,1000.000 ML,CRANBERRY,,1000.0,ML,0.0
37,2023-03-20,202303,2,122331327,31101020086,1678958831048,99764949.0,134,AGRO THAI FOODS PVT.LTD-NEPAL,CRANBERRY,CRANBERRY\250ML\PBT\RS:50\AGRO THAI FOODS PVT.LTD NEPA,50.0,PBT,250ML,,1678958831048-agro thai foods pvt-ltd-nepal-cranberry#3.png,RECODING,5,9,20125194,176.45651,118,CHABAA CO. LTD - THAILAND,CHABAA,CHABAA,CRANBERRY CAN 230 ML,CAN,230.000 ML,CRANBERRY,,230.0,ML,0.0
37,2023-03-20,202303,2,122331327,31101020086,1678958831048,99764949.0,134,AGRO THAI FOODS PVT.LTD-NEPAL,CRANBERRY,CRANBERRY\250ML\PBT\RS:50\AGRO THAI FOODS PVT.LTD NEPA,50.0,PBT,250ML,,1678958831048-agro thai foods pvt-ltd-nepal-cranberry#3.png,RECODING,5,10,99762363,179.33687,118,AGRO THAI FOODS PVT LTD-NEPAL,APPLEXX,APPLEXX,APPLE PET 250 ML,PET,250.000 ML,APPLE,,250.0,ML,35.0
38,2023-03-20,202303,2,122331327,31101020086,1678958594480,99762363.0,134,AGRO THAI FOODS PVT LTD-NEPAL,APPLEXX,APPLEXX\250ML\PBT\RS:45\AGRO THAI FOODS PVT.LTD NEPAL,45.0,PBT,250ML,,1678958594480-agro thai foods pvt ltd-nepal-applexx#3.png,CROSS CODING,2,1,99762363,135.41515,118,AGRO THAI FOODS PVT LTD-NEPAL,APPLEXX,APPLEXX,APPLE PET 250 ML,PET,250.000 ML,APPLE,,250.0,ML,35.0
38,2023-03-20,202303,2,122331327,31101020086,1678958594480,99762363.0,134,AGRO THAI FOODS PVT LTD-NEPAL,APPLEXX,APPLEXX\250ML\PBT\RS:45\AGRO THAI FOODS PVT.LTD NEPAL,45.0,PBT,250ML,,1678958594480-agro thai foods pvt ltd-nepal-applexx#3.png,CROSS CODING,2,2,99763311,157.53833,118,AGRO THAI FOODS PVT LTD-NEPAL,APPLEXX,APPLEXX,APPLE CAN 330 ML,CAN,330.000 ML,APPLE,,330.0,ML,110.0
38,2023-03-20,202303,2,122331327,31101020086,1678958594480,99762363.0,134,AGRO THAI FOODS PVT LTD-NEPAL,APPLEXX,APPLEXX\250ML\PBT\RS:45\AGRO THAI FOODS PVT.LTD NEPAL,45.0,PBT,250ML,,1678958594480-agro thai foods pvt ltd-nepal-applexx#3.png,CROSS CODING,2,3,46995,181.25491,123,UNILEVER NEPAL LTD-NEPAL,VIM,VIM,VIM-PPH 300 GM,PLPCH,300.000 GM,,,300.0,GM,0.0
38,2023-03-20,202303,2,122331327,31101020086,1678958594480,99762363.0,134,AGRO THAI FOODS PVT LTD-NEPAL,APPLEXX,APPLEXX\250ML\PBT\RS:45\AGRO THAI FOODS PVT.LTD NEPAL,45.0,PBT,250ML,,1678958594480-agro thai foods pvt ltd-nepal-applexx#3.png,CROSS CODING,2,4,99764200,181.90585,118,AGRO THAI FOODS PVT LTD-NEPAL,ICEEY,ICEEY JEERA COLA,PET 250 ML,PET,250.000 ML,JEERA,,250.0,ML,40.0
38,2023-03-20,202303,2,122331327,31101020086,1678958594480,99762363.0,134,AGRO THAI FOODS PVT LTD-NEPAL,APPLEXX,APPLEXX\250ML\PBT\RS:45\AGRO THAI FOODS PVT.LTD NEPAL,45.0,PBT,250ML,,1678958594480-agro thai foods pvt ltd-nepal-applexx#3.png,CROSS CODING,2,5,99762464,183.95764,118,AGRO THAI FOODS PVT LTD-NEPAL,ICEEY,ICEEY COLA,PET 250 ML,PET,250.000 ML,COLA,,250.0,ML,40.0
38,2023-03-20,202303,2,122331327,31101020086,1678958594480,99762363.0,134,AGRO THAI FOODS PVT LTD-NEPAL,APPLEXX,APPLEXX\250ML\PBT\RS:45\AGRO THAI FOODS PVT.LTD NEPAL,45.0,PBT,250ML,,1678958594480-agro thai foods pvt ltd-nepal-applexx#3.png,CROSS CODING,2,6,92962372,184.19092,123,UNILEVER NEPAL LTD-NEPAL,VIM,VIM,VIM-PPH 70 GM+25 GM,PLPCH,70.000 GM,,,95.0,GM,0.0
38,2023-03-20,202303,2,122331327,31101020086,1678958594480,99762363.0,134,AGRO THAI FOODS PVT LTD-NEPAL,APPLEXX,APPLEXX\250ML\PBT\RS:45\AGRO THAI FOODS PVT.LTD NEPAL,45.0,PBT,250ML,,1678958594480-agro thai foods pvt ltd-nepal-applexx#3.png,CROSS CODING,2,7,49785,184.78629,123,UNILEVER NEPAL LTD-NEPAL,RIN,RIN,RIN-PPH 145 GMS,PLPCH,145.000 GM,,,145.0,GM,0.0
38,2023-03-20,202303,2,122331327,31101020086,1678958594480,99762363.0,134,AGRO THAI FOODS PVT LTD-NEPAL,APPLEXX,APPLEXX\250ML\PBT\RS:45\AGRO THAI FOODS PVT.LTD NEPAL,45.0,PBT,250ML,,1678958594480-agro thai foods pvt ltd-nepal-applexx#3.png,CROSS CODING,2,8,92925942,185.58318,123,UNILEVER NEPAL LTD-NEPAL,VIM,VIM,VIM-PPH 75 GM,PLPCH,75.000 GM,,,75.0,GM,0.0
38,2023-03-20,202303,2,122331327,31101020086,1678958594480,99762363.0,134,AGRO THAI FOODS PVT LTD-NEPAL,APPLEXX,APPLEXX\250ML\PBT\RS:45\AGRO THAI FOODS PVT.LTD NEPAL,45.0,PBT,250ML,,1678958594480-agro thai foods pvt ltd-nepal-applexx#3.png,CROSS CODING,2,9,47547,186.7771,123,UNILEVER NEPAL LTD-NEPAL,RIN,RIN,RIN-PPH 150 GMS+45 GM FREE,PLPCH,150.000 GM,,,195.0,GM,0.0
38,2023-03-20,202303,2,122331327,31101020086,1678958594480,99762363.0,134,AGRO THAI FOODS PVT LTD-NEPAL,APPLEXX,APPLEXX\250ML\PBT\RS:45\AGRO THAI FOODS PVT.LTD NEPAL,45.0,PBT,250ML,,1678958594480-agro thai foods pvt ltd-nepal-applexx#3.png,CROSS CODING,2,10,52446,186.88736,123,UNILEVER NEPAL LTD-NEPAL,RIN,RIN,RIN-PPH 145 GMS+40 GM FREE,PLPCH,145.000 GM,,,185.0,GM,0.0
39,2023-03-21,202303,2,133582005,31306020009,1679027053459,99764942.0,134,ODAT BEVERAGE PVT LTD-NEPAL,PRAN LITCHI,PRAN LITCHI DRINK/125ML/PET/ODAT BEVERAGE PVT LTD-NEPAL,20.0,125ML,PET,,1679027053459-odat beverage pvt ltd-nepal-pran litchi#3.png,RECODING,5,1,99764942,106.07605,118,ODAT BEVERAGE PVT LTD-NEPAL,PRAN,PRAN,LITCHI PET 125 ML,PET,125.000 ML,LYCHEE,,125.0,ML,20.0
39,2023-03-21,202303,2,133582005,31306020009,1679027053459,99764942.0,134,ODAT BEVERAGE PVT LTD-NEPAL,PRAN LITCHI,PRAN LITCHI DRINK/125ML/PET/ODAT BEVERAGE PVT LTD-NEPAL,20.0,125ML,PET,,1679027053459-odat beverage pvt ltd-nepal-pran litchi#3.png,RECODING,5,2,99762384,107.225494,118,ODAT BEVERAGE PVT LTD-NEPAL,PRAN,PRAN,LITCHI PET 150 ML,PET,150.000 ML,LYCHEE,,150.0,ML,20.0
39,2023-03-21,202303,2,133582005,31306020009,1679027053459,99764942.0,134,ODAT BEVERAGE PVT LTD-NEPAL,PRAN LITCHI,PRAN LITCHI DRINK/125ML/PET/ODAT BEVERAGE PVT LTD-NEPAL,20.0,125ML,PET,,1679027053459-odat beverage pvt ltd-nepal-pran litchi#3.png,RECODING,5,3,99762382,109.76184,118,ODAT BEVERAGE PVT LTD-NEPAL,PRAN,PRAN,LITCHI PET 170 ML,PET,170.000 ML,LYCHEE,,170.0,ML,25.0
39,2023-03-21,202303,2,133582005,31306020009,1679027053459,99764942.0,134,ODAT BEVERAGE PVT LTD-NEPAL,PRAN LITCHI,PRAN LITCHI DRINK/125ML/PET/ODAT BEVERAGE PVT LTD-NEPAL,20.0,125ML,PET,,1679027053459-odat beverage pvt ltd-nepal-pran litchi#3.png,RECODING,5,4,99762856,120.16976,118,ODAT BEVERAGE PVT LTD-NEPAL,PRAN,PRAN UP,LEMON PET 250 ML,PET,250.000 ML,LEMON,,250.0,ML,35.0
39,2023-03-21,202303,2,133582005,31306020009,1679027053459,99764942.0,134,ODAT BEVERAGE PVT LTD-NEPAL,PRAN LITCHI,PRAN LITCHI DRINK/125ML/PET/ODAT BEVERAGE PVT LTD-NEPAL,20.0,125ML,PET,,1679027053459-odat beverage pvt ltd-nepal-pran litchi#3.png,RECODING,5,5,99762735,124.773056,118,ODAT BEVERAGE PVT LTD-NEPAL,PRAN,PRAN UP,LEMON PET 500 ML,PET,500.000 ML,LEMON,,500.0,ML,60.0
39,2023-03-21,202303,2,133582005,31306020009,1679027053459,99764942.0,134,ODAT BEVERAGE PVT LTD-NEPAL,PRAN LITCHI,PRAN LITCHI DRINK/125ML/PET/ODAT BEVERAGE PVT LTD-NEPAL,20.0,125ML,PET,,1679027053459-odat beverage pvt ltd-nepal-pran litchi#3.png,RECODING,5,6,99765412,127.69397,118,ODAT BEVERAGE PVT LTD-NEPAL,FRUITFUN,FRUITFUN,LITCHI PET 125 ML,PET,125.000 ML,LYCHEE,,125.0,ML,20.0
39,2023-03-21,202303,2,133582005,31306020009,1679027053459,99764942.0,134,ODAT BEVERAGE PVT LTD-NEPAL,PRAN LITCHI,PRAN LITCHI DRINK/125ML/PET/ODAT BEVERAGE PVT LTD-NEPAL,20.0,125ML,PET,,1679027053459-odat beverage pvt ltd-nepal-pran litchi#3.png,RECODING,5,7,99762379,132.502,118,ODAT BEVERAGE PVT LTD-NEPAL,PRAN,PRAN FROOTO,MANGO PET 250 ML,PET,250.000 ML,MANGO,,250.0,ML,35.0
39,2023-03-21,202303,2,133582005,31306020009,1679027053459,99764942.0,134,ODAT BEVERAGE PVT LTD-NEPAL,PRAN LITCHI,PRAN LITCHI DRINK/125ML/PET/ODAT BEVERAGE PVT LTD-NEPAL,20.0,125ML,PET,,1679027053459-odat beverage pvt ltd-nepal-pran litchi#3.png,RECODING,5,8,99762381,135.53659,118,ODAT BEVERAGE PVT LTD-NEPAL,PRAN,PRAN FROOTO,MANGO PET 1000 ML,PET,1000.000 ML,MANGO,,1000.0,ML,150.0
39,2023-03-21,202303,2,133582005,31306020009,1679027053459,99764942.0,134,ODAT BEVERAGE PVT LTD-NEPAL,PRAN LITCHI,PRAN LITCHI DRINK/125ML/PET/ODAT BEVERAGE PVT LTD-NEPAL,20.0,125ML,PET,,1679027053459-odat beverage pvt ltd-nepal-pran litchi#3.png,RECODING,5,9,99762380,136.37827,118,ODAT BEVERAGE PVT LTD-NEPAL,PRAN,PRAN FROOTO,MANGO PET 500 ML,PET,500.000 ML,MANGO,,500.0,ML,80.0
39,2023-03-21,202303,2,133582005,31306020009,1679027053459,99764942.0,134,ODAT BEVERAGE PVT LTD-NEPAL,PRAN LITCHI,PRAN LITCHI DRINK/125ML/PET/ODAT BEVERAGE PVT LTD-NEPAL,20.0,125ML,PET,,1679027053459-odat beverage pvt ltd-nepal-pran litchi#3.png,RECODING,5,10,99765044,145.46945,118,NEPAL SOFT DRINKS UDHYOG-NEPAL,SWAAD,SWAAD LITCHI DRINK,LITCHI PET 125 ML+25 ML FREE,PET,125.000 ML,LYCHEE,,150.0,ML,20.0
40,2023-03-21,202303,2,117163163,11302020002,1679197379437,99764474.0,134,HYGEN PACKS NEPAL PVT LTD-NEPAL,FIZZY MANIA,FIZZY MANIA APPLE PET 250ML,50.0,PET,250ML,,1679197379437-hygen packs nepal pvt ltd-nepal-fizzy mania#3.png,CROSS CODING,2,1,99764474,107.943726,118,HYGEN PACKS NEPAL PVT LTD-NEPAL,FIZZY,FIZZY MANIA,APPLE PET 250 ML,PET,250.000 ML,APPLE,,250.0,ML,45.0
40,2023-03-21,202303,2,117163163,11302020002,1679197379437,99764474.0,134,HYGEN PACKS NEPAL PVT LTD-NEPAL,FIZZY MANIA,FIZZY MANIA APPLE PET 250ML,50.0,PET,250ML,,1679197379437-hygen packs nepal pvt ltd-nepal-fizzy mania#3.png,CROSS CODING,2,2,99764475,132.03577,118,HYGEN PACKS NEPAL PVT LTD-NEPAL,MANIA,MANIA ZEERA MASALA,APPLE PET 250 ML,PET,250.000 ML,APPLE,,250.0,ML,40.0
40,2023-03-21,202303,2,117163163,11302020002,1679197379437,99764474.0,134,HYGEN PACKS NEPAL PVT LTD-NEPAL,FIZZY MANIA,FIZZY MANIA APPLE PET 250ML,50.0,PET,250ML,,1679197379437-hygen packs nepal pvt ltd-nepal-fizzy mania#3.png,CROSS CODING,2,3,99763057,136.93976,118,HYGEN PACKS NEPAL PVT LTD-NEPAL,MANIA,MANIA APPE,APPLE TPK 200 ML,TPK,200.000 ML,APPLE,,200.0,ML,25.0
40,2023-03-21,202303,2,117163163,11302020002,1679197379437,99764474.0,134,HYGEN PACKS NEPAL PVT LTD-NEPAL,FIZZY MANIA,FIZZY MANIA APPLE PET 250ML,50.0,PET,250ML,,1679197379437-hygen packs nepal pvt ltd-nepal-fizzy mania#3.png,CROSS CODING,2,4,99765440,142.7586,118,HYGEN PACKS NEPAL PVT LTD-NEPAL,MANIA,MANIA NIMBOO,PET 250 ML,PET,250.000 ML,LEMON,,250.0,ML,50.0
40,2023-03-21,202303,2,117163163,11302020002,1679197379437,99764474.0,134,HYGEN PACKS NEPAL PVT LTD-NEPAL,FIZZY MANIA,FIZZY MANIA APPLE PET 250ML,50.0,PET,250ML,,1679197379437-hygen packs nepal pvt ltd-nepal-fizzy mania#3.png,CROSS CODING,2,5,99763593,158.10333,118,HYGEN PACKS NEPAL PVT LTD-NEPAL,MANIA,MANIA DEW,PET 250 ML,PET,250.000 ML,LEMON,,250.0,ML,35.0
40,2023-03-21,202303,2,117163163,11302020002,1679197379437,99764474.0,134,HYGEN PACKS NEPAL PVT LTD-NEPAL,FIZZY MANIA,FIZZY MANIA APPLE PET 250ML,50.0,PET,250ML,,1679197379437-hygen packs nepal pvt ltd-nepal-fizzy mania#3.png,CROSS CODING,2,6,99764995,160.62167,118,HYGEN PACKS NEPAL PVT LTD-NEPAL,HYGEN,HYGEN MANIA,MANGO PET 1000 ML,PET,1000.000 ML,MANGO,,1000.0,ML,170.0
40,2023-03-21,202303,2,117163163,11302020002,1679197379437,99764474.0,134,HYGEN PACKS NEPAL PVT LTD-NEPAL,FIZZY MANIA,FIZZY MANIA APPLE PET 250ML,50.0,PET,250ML,,1679197379437-hygen packs nepal pvt ltd-nepal-fizzy mania#3.png,CROSS CODING,2,7,99765420,161.22173,118,HYGEN PACKS NEPAL PVT LTD-NEPAL,MANIA,MANIA LITCHI,LITCHI PET 150 ML,PET,150.000 ML,LYCHEE,,150.0,ML,20.0
40,2023-03-21,202303,2,117163163,11302020002,1679197379437,99764474.0,134,HYGEN PACKS NEPAL PVT LTD-NEPAL,FIZZY MANIA,FIZZY MANIA APPLE PET 250ML,50.0,PET,250ML,,1679197379437-hygen packs nepal pvt ltd-nepal-fizzy mania#3.png,CROSS CODING,2,8,99764476,161.79501,118,HYGEN PACKS NEPAL PVT LTD-NEPAL,HYGEN,HYGEN MANIA,MANGO PET 250 ML,PET,250.000 ML,MANGO,,250.0,ML,50.0
40,2023-03-21,202303,2,117163163,11302020002,1679197379437,99764474.0,134,HYGEN PACKS NEPAL PVT LTD-NEPAL,FIZZY MANIA,FIZZY MANIA APPLE PET 250ML,50.0,PET,250ML,,1679197379437-hygen packs nepal pvt ltd-nepal-fizzy mania#3.png,CROSS CODING,2,9,99764833,166.81812,118,HYGEN PACKS NEPAL PVT LTD-NEPAL,HYGEN,HYGEN MANIA,MANGO PET 500 ML,PET,500.000 ML,MANGO,,500.0,ML,80.0
40,2023-03-21,202303,2,117163163,11302020002,1679197379437,99764474.0,134,HYGEN PACKS NEPAL PVT LTD-NEPAL,FIZZY MANIA,FIZZY MANIA APPLE PET 250ML,50.0,PET,250ML,,1679197379437-hygen packs nepal pvt ltd-nepal-fizzy mania#3.png,CROSS CODING,2,10,99765164,168.7394,118,HYGEN PACKS NEPAL PVT LTD-NEPAL,MANIA,MANIA MIX FRUIT,MIX FRUIT TPK 200 ML,TPK,200.000 ML,MIXED FRUIT,,200.0,ML,25.0
41,2023-03-21,202303,2,117158265,11302020009,1679196703975,99764955.0,134,OM KRISHNA FOOD & BEVERAGE (P) LTD,JABDI JAL,JABDI JAL,25.0,PET,1LTR,,1679196703975-om krishna food - beverage -p- ltd-jabdi jal#3.png,RECODING,5,1,99764955,151.72948,118,OM KRISHNA FOOD & BEVERAGE-NEPAL,JABDI JAL,JABDI JAL,PET 1000 ML,PET,1000.000 ML,,,1000.0,ML,25.0
41,2023-03-21,202303,2,117158265,11302020009,1679196703975,99764955.0,134,OM KRISHNA FOOD & BEVERAGE (P) LTD,JABDI JAL,JABDI JAL,25.0,PET,1LTR,,1679196703975-om krishna food - beverage -p- ltd-jabdi jal#3.png,RECODING,5,2,99765246,180.71884,118,RAJSHREE PRODUCTS PVT. LTD.-NEPAL,AMRIT JAL,AMRIT JAL,PET 1000 ML,PET,1000.000 ML,,,1000.0,ML,25.0
41,2023-03-21,202303,2,117158265,11302020009,1679196703975,99764955.0,134,OM KRISHNA FOOD & BEVERAGE (P) LTD,JABDI JAL,JABDI JAL,25.0,PET,1LTR,,1679196703975-om krishna food - beverage -p- ltd-jabdi jal#3.png,RECODING,5,3,40125948,181.57526,118,SHREE JAL INDUSTRIES-NEPAL,AMBAR DHARA,AMBAR DHARA,PET 1000 ML,PET,1000.000 ML,,,1000.0,ML,0.0
41,2023-03-21,202303,2,117158265,11302020009,1679196703975,99764955.0,134,OM KRISHNA FOOD & BEVERAGE (P) LTD,JABDI JAL,JABDI JAL,25.0,PET,1LTR,,1679196703975-om krishna food - beverage -p- ltd-jabdi jal#3.png,RECODING,5,4,40125028,183.08842,118,JALPA JAL UDHYOG-NEPAL,ASHIRWAD JAL,ASHIRWAD JAL,PET 1000 ML,PET,1000.000 ML,,,1000.0,ML,0.0
41,2023-03-21,202303,2,117158265,11302020009,1679196703975,99764955.0,134,OM KRISHNA FOOD & BEVERAGE (P) LTD,JABDI JAL,JABDI JAL,25.0,PET,1LTR,,1679196703975-om krishna food - beverage -p- ltd-jabdi jal#3.png,RECODING,5,5,51187,184.2225,118,PRAJAPATI JAL UDHYOG-NP,SHASHI JAL,SHASHI JAL,PET 1000 ML,PET,1000.000 ML,,,1000.0,ML,0.0
41,2023-03-21,202303,2,117158265,11302020009,1679196703975,99764955.0,134,OM KRISHNA FOOD & BEVERAGE (P) LTD,JABDI JAL,JABDI JAL,25.0,PET,1LTR,,1679196703975-om krishna food - beverage -p- ltd-jabdi jal#3.png,RECODING,5,6,99765157,187.38123,118,SHANTI JAL UDHYOG PVT LTD-NEPL,SHANTI JAL,SHANTI JAL,PET 500 ML,PET,500.000 ML,,,500.0,ML,10.0
41,2023-03-21,202303,2,117158265,11302020009,1679196703975,99764955.0,134,OM KRISHNA FOOD & BEVERAGE (P) LTD,JABDI JAL,JABDI JAL,25.0,PET,1LTR,,1679196703975-om krishna food - beverage -p- ltd-jabdi jal#3.png,RECODING,5,7,54837,191.40472,118,SHREE RADHAKRSIHNAJAL UDHYG-NP,SHREE RADHAKRSIHNA JAL,SHREE RADHAKRSIHNA JAL,PET 1000 ML,PET,1000.000 ML,,,1000.0,ML,0.0
41,2023-03-21,202303,2,117158265,11302020009,1679196703975,99764955.0,134,OM KRISHNA FOOD & BEVERAGE (P) LTD,JABDI JAL,JABDI JAL,25.0,PET,1LTR,,1679196703975-om krishna food - beverage -p- ltd-jabdi jal#3.png,RECODING,5,8,40125208,191.78882,118,DIBYASWORI JAL UDHYOG-NEPAL,LULU JAL,LULU JAL,PET 1000 ML,PET,1000.000 ML,,,1000.0,ML,0.0
41,2023-03-21,202303,2,117158265,11302020009,1679196703975,99764955.0,134,OM KRISHNA FOOD & BEVERAGE (P) LTD,JABDI JAL,JABDI JAL,25.0,PET,1LTR,,1679196703975-om krishna food - beverage -p- ltd-jabdi jal#3.png,RECODING,5,9,40120925,191.96832,118,SHANTI JAL UDHYOG PVT LTD-NEPL,SHANTI JAL,SHANTI JAL,PET 1000 ML,PET,1000.000 ML,,,1000.0,ML,0.0
41,2023-03-21,202303,2,117158265,11302020009,1679196703975,99764955.0,134,OM KRISHNA FOOD & BEVERAGE (P) LTD,JABDI JAL,JABDI JAL,25.0,PET,1LTR,,1679196703975-om krishna food - beverage -p- ltd-jabdi jal#3.png,RECODING,5,10,54781,191.96875,123,SHREE BALAJI GRAMODYOG-INDIA,NAHATA,NAHATA SKY,NAHATA SKY-LIME DISHWASH PCN 400 GM,PLJAR,400.000 GM,,,400.0,GM,0.0
42,2023-03-23,202303,2,130284928,21202020021,1679455025385,99764956.0,134,INTER DRINKS CO. LTD.-THAILAND,C LIGHT,C LIGHT GUAVA\240ML\CAN\GUAVA,100.0,CAN,240ML,,1679455025385-inter drinks co- ltd--thailand-c light#3.png,RECODING,5,1,99764956,63.911396,118,INTER DRINKS CO. LTD.-THAILAND,C LIGHT,C LIGHT,GUAVA CAN 240 ML,CAN,240.000 ML,GUAVA,,240.0,ML,100.0
42,2023-03-23,202303,2,130284928,21202020021,1679455025385,99764956.0,134,INTER DRINKS CO. LTD.-THAILAND,C LIGHT,C LIGHT GUAVA\240ML\CAN\GUAVA,100.0,CAN,240ML,,1679455025385-inter drinks co- ltd--thailand-c light#3.png,RECODING,5,2,20120457,133.33011,118,INTER DRINKS CO. LTD.-THAILAND,C LIGHT,C LIGHT,PINEAPPLE CAN 240 ML,CAN,240.000 ML,PINEAPPLE,,240.0,ML,0.0
42,2023-03-23,202303,2,130284928,21202020021,1679455025385,99764956.0,134,INTER DRINKS CO. LTD.-THAILAND,C LIGHT,C LIGHT GUAVA\240ML\CAN\GUAVA,100.0,CAN,240ML,,1679455025385-inter drinks co- ltd--thailand-c light#3.png,RECODING,5,3,20120459,133.70258,118,INTER DRINKS CO. LTD.-THAILAND,C LIGHT,C LIGHT,MIXED FRUIT CAN 240 ML,CAN,240.000 ML,MIXED FRUIT,,240.0,ML,0.0
42,2023-03-23,202303,2,130284928,21202020021,1679455025385,99764956.0,134,INTER DRINKS CO. LTD.-THAILAND,C LIGHT,C LIGHT GUAVA\240ML\CAN\GUAVA,100.0,CAN,240ML,,1679455025385-inter drinks co- ltd--thailand-c light#3.png,RECODING,5,4,20120458,135.25652,118,INTER DRINKS CO. LTD.-THAILAND,C LIGHT,C LIGHT,ORANGE CAN 240 ML,CAN,240.000 ML,ORANGE,,240.0,ML,0.0
42,2023-03-23,202303,2,130284928,21202020021,1679455025385,99764956.0,134,INTER DRINKS CO. LTD.-THAILAND,C LIGHT,C LIGHT GUAVA\240ML\CAN\GUAVA,100.0,CAN,240ML,,1679455025385-inter drinks co- ltd--thailand-c light#3.png,RECODING,5,5,20120460,139.18675,118,INTER DRINKS CO. LTD.-THAILAND,C LIGHT,C LIGHT,MANGO CAN 240 ML,CAN,240.000 ML,MANGO,,240.0,ML,0.0
42,2023-03-23,202303,2,130284928,21202020021,1679455025385,99764956.0,134,INTER DRINKS CO. LTD.-THAILAND,C LIGHT,C LIGHT GUAVA\240ML\CAN\GUAVA,100.0,CAN,240ML,,1679455025385-inter drinks co- ltd--thailand-c light#3.png,RECODING,5,6,20110621,147.86307,118,NB VALUE LINK PVT LTD-THAILAND,JUST COOL,JUST COOL BLISS,GUAVA CAN 240 ML,CAN,240.000 ML,GUAVA,,240.0,ML,0.0
42,2023-03-23,202303,2,130284928,21202020021,1679455025385,99764956.0,134,INTER DRINKS CO. LTD.-THAILAND,C LIGHT,C LIGHT GUAVA\240ML\CAN\GUAVA,100.0,CAN,240ML,,1679455025385-inter drinks co- ltd--thailand-c light#3.png,RECODING,5,7,99765226,157.19058,118,INTER DRINKS CO. LTD.-THAILAND,C LIGHT,C LIGHT,LYCHEE CAN 240 ML,CAN,240.000 ML,LYCHEE,,240.0,ML,100.0
42,2023-03-23,202303,2,130284928,21202020021,1679455025385,99764956.0,134,INTER DRINKS CO. LTD.-THAILAND,C LIGHT,C LIGHT GUAVA\240ML\CAN\GUAVA,100.0,CAN,240ML,,1679455025385-inter drinks co- ltd--thailand-c light#3.png,RECODING,5,8,20124867,158.58037,118,CHABAA CO. LTD - THAILAND,CHABAA,CHABAA,GUAVA CAN 240 ML,CAN,240.000 ML,GUAVA,,240.0,ML,0.0
42,2023-03-23,202303,2,130284928,21202020021,1679455025385,99764956.0,134,INTER DRINKS CO. LTD.-THAILAND,C LIGHT,C LIGHT GUAVA\240ML\CAN\GUAVA,100.0,CAN,240ML,,1679455025385-inter drinks co- ltd--thailand-c light#3.png,RECODING,5,9,20124254,164.51508,118,RIJAL TASHI IND. PVT LTD-NEPAL,DRUK,DRUK,GUAVA CAN 240 ML,CAN,240.000 ML,GUAVA,,240.0,ML,0.0
42,2023-03-23,202303,2,130284928,21202020021,1679455025385,99764956.0,134,INTER DRINKS CO. LTD.-THAILAND,C LIGHT,C LIGHT GUAVA\240ML\CAN\GUAVA,100.0,CAN,240ML,,1679455025385-inter drinks co- ltd--thailand-c light#3.png,RECODING,5,10,20110680,165.169,118,CHABAA CO. LTD - THAILAND,CHABAA,CHABAA,GUAVA CAN 230 ML,CAN,230.000 ML,GUAVA,,230.0,ML,0.0
43,2023-03-23,202303,2,324252310012,32425020003,1679466885224,99764957.0,134,CHAUDHARY GROUP - NEPAL,RIO,RIO JUCILO MANGO PAPAYA\200ML\TPK\RS:25\CHAUDHARY GROUP NEPAL,25.0,TPK,200ML,New SKU,1679466885224-chaudhary group - nepal-rio#3.png,RECODING,5,1,99764957,76.514305,118,CHAUDHARY GROUP - NEPAL,RIO,RIO JUCILO,MANGO PAPAYA TPK 180 ML+20 ML FREE,TPK,180.000 ML,MANGO & PAPAYA,,200.0,ML,25.0
43,2023-03-23,202303,2,324252310012,32425020003,1679466885224,99764957.0,134,CHAUDHARY GROUP - NEPAL,RIO,RIO JUCILO MANGO PAPAYA\200ML\TPK\RS:25\CHAUDHARY GROUP NEPAL,25.0,TPK,200ML,New SKU,1679466885224-chaudhary group - nepal-rio#3.png,RECODING,5,2,99765280,91.8125,118,CHAUDHARY GROUP - NEPAL,RIO,RIO JUCILO,MANGO TPK 180 ML,TPK,180.000 ML,MANGO,,180.0,ML,25.0
43,2023-03-23,202303,2,324252310012,32425020003,1679466885224,99764957.0,134,CHAUDHARY GROUP - NEPAL,RIO,RIO JUCILO MANGO PAPAYA\200ML\TPK\RS:25\CHAUDHARY GROUP NEPAL,25.0,TPK,200ML,New SKU,1679466885224-chaudhary group - nepal-rio#3.png,RECODING,5,3,99762364,94.14664,118,CHAUDHARY GROUP - NEPAL,RIO,RIO JUCILO,MANGO TPK 180 ML+20 ML FREE,TPK,180.000 ML,MANGO,,200.0,ML,25.0
43,2023-03-23,202303,2,324252310012,32425020003,1679466885224,99764957.0,134,CHAUDHARY GROUP - NEPAL,RIO,RIO JUCILO MANGO PAPAYA\200ML\TPK\RS:25\CHAUDHARY GROUP NEPAL,25.0,TPK,200ML,New SKU,1679466885224-chaudhary group - nepal-rio#3.png,RECODING,5,4,20110011,96.29748,118,CHAUDHARY GROUP - NEPAL,RIO,RIO,MANGO TPK 200 ML,TPK,200.000 ML,MANGO,,200.0,ML,0.0
43,2023-03-23,202303,2,324252310012,32425020003,1679466885224,99764957.0,134,CHAUDHARY GROUP - NEPAL,RIO,RIO JUCILO MANGO PAPAYA\200ML\TPK\RS:25\CHAUDHARY GROUP NEPAL,25.0,TPK,200ML,New SKU,1679466885224-chaudhary group - nepal-rio#3.png,RECODING,5,5,20110457,98.877426,118,CHAUDHARY GROUP - NEPAL,RIO,RIO,ALFANSO MANGO TPK 200 ML,TPK,200.000 ML,MANGO,,200.0,ML,0.0
43,2023-03-23,202303,2,324252310012,32425020003,1679466885224,99764957.0,134,CHAUDHARY GROUP - NEPAL,RIO,RIO JUCILO MANGO PAPAYA\200ML\TPK\RS:25\CHAUDHARY GROUP NEPAL,25.0,TPK,200ML,New SKU,1679466885224-chaudhary group - nepal-rio#3.png,RECODING,5,6,99765266,99.09587,118,CHAUDHARY GROUP - NEPAL,RIO,RIO,ALFANSO MANGO TPK 180 ML,TPK,180.000 ML,MANGO,,180.0,ML,25.0
43,2023-03-23,202303,2,324252310012,32425020003,1679466885224,99764957.0,134,CHAUDHARY GROUP - NEPAL,RIO,RIO JUCILO MANGO PAPAYA\200ML\TPK\RS:25\CHAUDHARY GROUP NEPAL,25.0,TPK,200ML,New SKU,1679466885224-chaudhary group - nepal-rio#3.png,RECODING,5,7,20110340,99.87468,118,CHAUDHARY GROUP - NEPAL,RIO,RIO,MANGO TPK 65 ML,TPK,65.000 ML,MANGO,,65.0,ML,0.0
43,2023-03-23,202303,2,324252310012,32425020003,1679466885224,99764957.0,134,CHAUDHARY GROUP - NEPAL,RIO,RIO JUCILO MANGO PAPAYA\200ML\TPK\RS:25\CHAUDHARY GROUP NEPAL,25.0,TPK,200ML,New SKU,1679466885224-chaudhary group - nepal-rio#3.png,RECODING,5,8,99765174,100.862564,118,CHAUDHARY GROUP - NEPAL,RIO,RIO MANGO DELIGHT,MANGO TPK 200 ML,TPK,200.000 ML,MANGO,,200.0,ML,30.0
43,2023-03-23,202303,2,324252310012,32425020003,1679466885224,99764957.0,134,CHAUDHARY GROUP - NEPAL,RIO,RIO JUCILO MANGO PAPAYA\200ML\TPK\RS:25\CHAUDHARY GROUP NEPAL,25.0,TPK,200ML,New SKU,1679466885224-chaudhary group - nepal-rio#3.png,RECODING,5,9,20110556,101.67633,118,CHAUDHARY GROUP - NEPAL,RIO,RIO,ALFANSO MANGO TPK 65 ML,TPK,65.000 ML,MANGO,,65.0,ML,0.0
43,2023-03-23,202303,2,324252310012,32425020003,1679466885224,99764957.0,134,CHAUDHARY GROUP - NEPAL,RIO,RIO JUCILO MANGO PAPAYA\200ML\TPK\RS:25\CHAUDHARY GROUP NEPAL,25.0,TPK,200ML,New SKU,1679466885224-chaudhary group - nepal-rio#3.png,RECODING,5,10,99765472,102.469666,118,CHAUDHARY GROUP - NEPAL,RIO,RIO MANGO & GLUCOSE,MANGO TPK 180 ML,TPK,180.000 ML,MANGO,,180.0,ML,25.0
44,2023-03-23,202303,2,121262210030,12126020004,1679379172346,99764958.0,134,DIBYASWORI JAL UDHYOG-NEPAL,DIBYA AQUA,DIBYA AQUA PBT 1000ML,10.0,PBT,500ML,,1679379172346-dibyaswori jal udhyog-nepal-dibya aqua#3.png,RECODING,5,1,99764958,108.7171,118,DIBYASWORI JAL UDHYOG-NEPAL,DIBYA AQUA,DIBYA AQUA,PET 500 ML,PET,500.000 ML,,,500.0,ML,10.0
44,2023-03-23,202303,2,121262210030,12126020004,1679379172346,99764958.0,134,DIBYASWORI JAL UDHYOG-NEPAL,DIBYA AQUA,DIBYA AQUA PBT 1000ML,10.0,PBT,500ML,,1679379172346-dibyaswori jal udhyog-nepal-dibya aqua#3.png,RECODING,5,2,40123699,109.93158,118,DIBYASWORI JAL UDHYOG-NEPAL,DIBYA AQUA,DIBYA AQUA,PET 1000 ML,PET,1000.000 ML,,,1000.0,ML,0.0
44,2023-03-23,202303,2,121262210030,12126020004,1679379172346,99764958.0,134,DIBYASWORI JAL UDHYOG-NEPAL,DIBYA AQUA,DIBYA AQUA PBT 1000ML,10.0,PBT,500ML,,1679379172346-dibyaswori jal udhyog-nepal-dibya aqua#3.png,RECODING,5,3,99762468,154.0835,118,DIBYASWORI JAL UDHYOG-NEPAL,AMBE,AMBE,PET 1000 ML,PET,1000.000 ML,,,1000.0,ML,25.0
44,2023-03-23,202303,2,121262210030,12126020004,1679379172346,99764958.0,134,DIBYASWORI JAL UDHYOG-NEPAL,DIBYA AQUA,DIBYA AQUA PBT 1000ML,10.0,PBT,500ML,,1679379172346-dibyaswori jal udhyog-nepal-dibya aqua#3.png,RECODING,5,4,92119521,156.64226,117,DABUR NEPAL LTD.-NEPAL,DABUR,DABUR VATIKA DANDR CTRL HRFLL DFNS,DABUR VATIKA DANDR CTRL HRFLL DFNS- PBT 100 ML,PLBOT,100.000 ML,,,100.0,ML,0.0
44,2023-03-23,202303,2,121262210030,12126020004,1679379172346,99764958.0,134,DIBYASWORI JAL UDHYOG-NEPAL,DIBYA AQUA,DIBYA AQUA PBT 1000ML,10.0,PBT,500ML,,1679379172346-dibyaswori jal udhyog-nepal-dibya aqua#3.png,RECODING,5,5,40125208,156.84387,118,DIBYASWORI JAL UDHYOG-NEPAL,LULU JAL,LULU JAL,PET 1000 ML,PET,1000.000 ML,,,1000.0,ML,0.0
44,2023-03-23,202303,2,121262210030,12126020004,1679379172346,99764958.0,134,DIBYASWORI JAL UDHYOG-NEPAL,DIBYA AQUA,DIBYA AQUA PBT 1000ML,10.0,PBT,500ML,,1679379172346-dibyaswori jal udhyog-nepal-dibya aqua#3.png,RECODING,5,6,51974,158.94281,118,KOSHI JAL UDHYOG-NEPAL,MORANG AQUA,MORANG AQUA,PET 1000 ML,PET,1000.000 ML,,,1000.0,ML,0.0
44,2023-03-23,202303,2,121262210030,12126020004,1679379172346,99764958.0,134,DIBYASWORI JAL UDHYOG-NEPAL,DIBYA AQUA,DIBYA AQUA PBT 1000ML,10.0,PBT,500ML,,1679379172346-dibyaswori jal udhyog-nepal-dibya aqua#3.png,RECODING,5,7,92119520,158.94792,117,DABUR NEPAL LTD.-NEPAL,DABUR,DABUR VATIKA DANDR CTRL HRFLL DFNS,DABUR VATIKA DANDR CTRL HRFLL DFNS- PBT 200 ML,PLBOT,200.000 ML,,,200.0,ML,0.0
44,2023-03-23,202303,2,121262210030,12126020004,1679379172346,99764958.0,134,DIBYASWORI JAL UDHYOG-NEPAL,DIBYA AQUA,DIBYA AQUA PBT 1000ML,10.0,PBT,500ML,,1679379172346-dibyaswori jal udhyog-nepal-dibya aqua#3.png,RECODING,5,8,99765067,159.08676,118,DIBYASWORI JAL UDHYOG-NEPAL,BALLA,BALLA,PET 1000 ML,PET,1000.000 ML,,,1000.0,ML,20.0
44,2023-03-23,202303,2,121262210030,12126020004,1679379172346,99764958.0,134,DIBYASWORI JAL UDHYOG-NEPAL,DIBYA AQUA,DIBYA AQUA PBT 1000ML,10.0,PBT,500ML,,1679379172346-dibyaswori jal udhyog-nepal-dibya aqua#3.png,RECODING,5,9,54260,162.1295,122,DIYA SODA SABUN UDHYOG-NEPAL,MAMTA GHAR AANGAN,MAMTA GHAR AANGAN,MAMTA GHAR AANGAN-PPH 2000 GM,PLPCH,2000.000 GM,,,2000.0,GM,0.0
44,2023-03-23,202303,2,121262210030,12126020004,1679379172346,99764958.0,134,DIBYASWORI JAL UDHYOG-NEPAL,DIBYA AQUA,DIBYA AQUA PBT 1000ML,10.0,PBT,500ML,,1679379172346-dibyaswori jal udhyog-nepal-dibya aqua#3.png,RECODING,5,10,46700,164.0552,118,BHULKE JAL UDYOG-NEPAL,AQUA BHULK,AQUA BHULK,PET 1000 ML,PET,1000.000 ML,,,1000.0,ML,0.0
45,2023-03-23,202303,2,121211810080,12121020003,1679303091219,99764959.0,118,VENTURA BOTTLERS PVT LTD-NEPAL,MIGHTY RAIN,MIGHTY RAIN CITRUS BOOST PBT 2.25L,255.0,PBT,2.25L,,1679303091219-ventura bottlers pvt ltd-nepal-mighty rain#3.png,RECODING,5,1,99764959,137.44887,118,VENTURA BOTTLERS PVT LTD-NEPAL,MIGHTY RAIN,MIGHTY RAIN,PET 2250 ML,PET,2250.000 ML,LEMON,,2250.0,ML,255.0
45,2023-03-23,202303,2,121211810080,12121020003,1679303091219,99764959.0,118,VENTURA BOTTLERS PVT LTD-NEPAL,MIGHTY RAIN,MIGHTY RAIN CITRUS BOOST PBT 2.25L,255.0,PBT,2.25L,,1679303091219-ventura bottlers pvt ltd-nepal-mighty rain#3.png,RECODING,5,2,99762864,139.3917,118,VENTURA BOTTLERS PVT LTD-NEPAL,MIGHTY RAIN,MIGHTY RAIN,PET 500 ML,PET,500.000 ML,LEMON,,500.0,ML,70.0
45,2023-03-23,202303,2,121211810080,12121020003,1679303091219,99764959.0,118,VENTURA BOTTLERS PVT LTD-NEPAL,MIGHTY RAIN,MIGHTY RAIN CITRUS BOOST PBT 2.25L,255.0,PBT,2.25L,,1679303091219-ventura bottlers pvt ltd-nepal-mighty rain#3.png,RECODING,5,3,99763716,143.2319,118,VENTURA BOTTLERS PVT LTD-NEPAL,MIGHTY RAIN,MIGHTY RAIN,PET 250 ML,PET,250.000 ML,LEMON,,250.0,ML,40.0
45,2023-03-23,202303,2,121211810080,12121020003,1679303091219,99764959.0,118,VENTURA BOTTLERS PVT LTD-NEPAL,MIGHTY RAIN,MIGHTY RAIN CITRUS BOOST PBT 2.25L,255.0,PBT,2.25L,,1679303091219-ventura bottlers pvt ltd-nepal-mighty rain#3.png,RECODING,5,4,99763046,174.37952,118,VENTURA BOTTLERS PVT LTD-NEPAL,RC Q,RC Q LEMON LIME,PET 300 ML,PET,300.000 ML,LEMON,,300.0,ML,25.0
45,2023-03-23,202303,2,121211810080,12121020003,1679303091219,99764959.0,118,VENTURA BOTTLERS PVT LTD-NEPAL,MIGHTY RAIN,MIGHTY RAIN CITRUS BOOST PBT 2.25L,255.0,PBT,2.25L,,1679303091219-ventura bottlers pvt ltd-nepal-mighty rain#3.png,RECODING,5,5,99763113,175.09338,118,VENTURA BOTTLERS PVT LTD-NEPAL,RC Q,RC Q LEMON LIME,PET 1500 ML,PET,1500.000 ML,LEMON,,1500.0,ML,150.0
45,2023-03-23,202303,2,121211810080,12121020003,1679303091219,99764959.0,118,VENTURA BOTTLERS PVT LTD-NEPAL,MIGHTY RAIN,MIGHTY RAIN CITRUS BOOST PBT 2.25L,255.0,PBT,2.25L,,1679303091219-ventura bottlers pvt ltd-nepal-mighty rain#3.png,RECODING,5,6,99762671,176.91217,118,VENTURA BOTTLERS PVT LTD-NEPAL,RC Q,RC Q ORANGE,ORANGE PET 1500 ML,PET,1500.000 ML,ORANGE,,1500.0,ML,150.0
45,2023-03-23,202303,2,121211810080,12121020003,1679303091219,99764959.0,118,VENTURA BOTTLERS PVT LTD-NEPAL,MIGHTY RAIN,MIGHTY RAIN CITRUS BOOST PBT 2.25L,255.0,PBT,2.25L,,1679303091219-ventura bottlers pvt ltd-nepal-mighty rain#3.png,RECODING,5,7,99762863,177.29074,118,VENTURA BOTTLERS PVT LTD-NEPAL,RC Q,RC Q LEMON LIME,PET 500 ML,PET,500.000 ML,LEMON,,500.0,ML,70.0
45,2023-03-23,202303,2,121211810080,12121020003,1679303091219,99764959.0,118,VENTURA BOTTLERS PVT LTD-NEPAL,MIGHTY RAIN,MIGHTY RAIN CITRUS BOOST PBT 2.25L,255.0,PBT,2.25L,,1679303091219-ventura bottlers pvt ltd-nepal-mighty rain#3.png,RECODING,5,8,99762673,180.03024,118,VENTURA BOTTLERS PVT LTD-NEPAL,RC Q,RC Q LEMON LIME,PET 250 ML,PET,250.000 ML,LEMON,,250.0,ML,35.0
45,2023-03-23,202303,2,121211810080,12121020003,1679303091219,99764959.0,118,VENTURA BOTTLERS PVT LTD-NEPAL,MIGHTY RAIN,MIGHTY RAIN CITRUS BOOST PBT 2.25L,255.0,PBT,2.25L,,1679303091219-ventura bottlers pvt ltd-nepal-mighty rain#3.png,RECODING,5,9,99763581,180.8179,118,VENTURA BOTTLERS PVT LTD-NEPAL,RC Q,RC Q LEMON LIME,PET 2250 ML,PET,2250.000 ML,LEMON,,2250.0,ML,220.0
45,2023-03-23,202303,2,121211810080,12121020003,1679303091219,99764959.0,118,VENTURA BOTTLERS PVT LTD-NEPAL,MIGHTY RAIN,MIGHTY RAIN CITRUS BOOST PBT 2.25L,255.0,PBT,2.25L,,1679303091219-ventura bottlers pvt ltd-nepal-mighty rain#3.png,RECODING,5,10,99762672,183.1117,118,VENTURA BOTTLERS PVT LTD-NEPAL,RC Q,RC Q ORANGE,ORANGE PET 250 ML,PET,250.000 ML,ORANGE,,250.0,ML,35.0
46,2023-03-23,202303,2,128881770,21202020004,1679386399291,99764960.0,134,MOTHERLAND AGRICULTURE INDUSTRIES PVT.LTD NEPAL,OUR CHOICE,OUR CHOUCE\1000ML\PBT\MINERAL WATER ,18.0,PBT,1000ML,,1679386399291-motherland agriculture industries pvt-ltd nepal-our choice#3.png,RECODING,5,1,40121097,144.9346,118,PHULCHOWKI MINERAL WATER-NEPAL,PM,PM,PET 1000 ML,PET,1000.000 ML,,,1000.0,ML,0.0
46,2023-03-23,202303,2,128881770,21202020004,1679386399291,99764960.0,134,MOTHERLAND AGRICULTURE INDUSTRIES PVT.LTD NEPAL,OUR CHOICE,OUR CHOUCE\1000ML\PBT\MINERAL WATER ,18.0,PBT,1000ML,,1679386399291-motherland agriculture industries pvt-ltd nepal-our choice#3.png,RECODING,5,2,40125126,154.16724,118,P.G WATER INDUSTRIES-NEPAL,P.G,P.G,PET 1000 ML,PET,1000.000 ML,,,1000.0,ML,0.0
46,2023-03-23,202303,2,128881770,21202020004,1679386399291,99764960.0,134,MOTHERLAND AGRICULTURE INDUSTRIES PVT.LTD NEPAL,OUR CHOICE,OUR CHOUCE\1000ML\PBT\MINERAL WATER ,18.0,PBT,1000ML,,1679386399291-motherland agriculture industries pvt-ltd nepal-our choice#3.png,RECODING,5,3,40125027,160.20258,118,MAKWANPUR BERVERAGE-NEPAL,MY CHOICE,MY CHOICE,PET 1000 ML,PET,1000.000 ML,,,1000.0,ML,0.0
46,2023-03-23,202303,2,128881770,21202020004,1679386399291,99764960.0,134,MOTHERLAND AGRICULTURE INDUSTRIES PVT.LTD NEPAL,OUR CHOICE,OUR CHOUCE\1000ML\PBT\MINERAL WATER ,18.0,PBT,1000ML,,1679386399291-motherland agriculture industries pvt-ltd nepal-our choice#3.png,RECODING,5,4,99762697,160.62958,118,NABIN & KO MINERAL WATER-NEPAL,AQUA 123,AQUA 123,PET 500 ML,PET,500.000 ML,,,500.0,ML,10.0
46,2023-03-23,202303,2,128881770,21202020004,1679386399291,99764960.0,134,MOTHERLAND AGRICULTURE INDUSTRIES PVT.LTD NEPAL,OUR CHOICE,OUR CHOUCE\1000ML\PBT\MINERAL WATER ,18.0,PBT,1000ML,,1679386399291-motherland agriculture industries pvt-ltd nepal-our choice#3.png,RECODING,5,5,47430,160.69524,118,MARCHAWAR MINERAL WATER-NEPAL,AQUA MMW,AQUA MMW,PET 1000 ML,PET,1000.000 ML,,,1000.0,ML,0.0
46,2023-03-23,202303,2,128881770,21202020004,1679386399291,99764960.0,134,MOTHERLAND AGRICULTURE INDUSTRIES PVT.LTD NEPAL,OUR CHOICE,OUR CHOUCE\1000ML\PBT\MINERAL WATER ,18.0,PBT,1000ML,,1679386399291-motherland agriculture industries pvt-ltd nepal-our choice#3.png,RECODING,5,6,47795,161.86456,118,NABIN & KO MINERAL WATER-NEPAL,AQUA 123,AQUA 123,PET 1000 ML,PET,1000.000 ML,,,1000.0,ML,0.0
46,2023-03-23,202303,2,128881770,21202020004,1679386399291,99764960.0,134,MOTHERLAND AGRICULTURE INDUSTRIES PVT.LTD NEPAL,OUR CHOICE,OUR CHOUCE\1000ML\PBT\MINERAL WATER ,18.0,PBT,1000ML,,1679386399291-motherland agriculture industries pvt-ltd nepal-our choice#3.png,RECODING,5,7,40124812,162.86914,118,Y.K DRINKING WATER INDUSTRIES-NEPAL,AQUA LEHAR,AQUA LEHAR,PET 1000 ML,PET,1000.000 ML,,,1000.0,ML,0.0
46,2023-03-23,202303,2,128881770,21202020004,1679386399291,99764960.0,134,MOTHERLAND AGRICULTURE INDUSTRIES PVT.LTD NEPAL,OUR CHOICE,OUR CHOUCE\1000ML\PBT\MINERAL WATER ,18.0,PBT,1000ML,,1679386399291-motherland agriculture industries pvt-ltd nepal-our choice#3.png,RECODING,5,8,99762492,163.69722,118,NEPALGUNJ WATER INDUSTRIES-NEPAL,BG BLUE SKY,BG BLUE SKY,PET 1000 ML,PET,1000.000 ML,,,1000.0,ML,20.0
46,2023-03-23,202303,2,128881770,21202020004,1679386399291,99764960.0,134,MOTHERLAND AGRICULTURE INDUSTRIES PVT.LTD NEPAL,OUR CHOICE,OUR CHOUCE\1000ML\PBT\MINERAL WATER ,18.0,PBT,1000ML,,1679386399291-motherland agriculture industries pvt-ltd nepal-our choice#3.png,RECODING,5,9,99764960,163.76294,118,MOTHERLAND AGRICULTURE INDUSTRIES-NP,OUR CHOICE,OUR CHOICE,PET 1000 ML,PET,1000.000 ML,,,1000.0,ML,18.0
46,2023-03-23,202303,2,128881770,21202020004,1679386399291,99764960.0,134,MOTHERLAND AGRICULTURE INDUSTRIES PVT.LTD NEPAL,OUR CHOICE,OUR CHOUCE\1000ML\PBT\MINERAL WATER ,18.0,PBT,1000ML,,1679386399291-motherland agriculture industries pvt-ltd nepal-our choice#3.png,RECODING,5,10,52093,165.07495,118,P.M WATER INDUSTRIES-NEPAL,HIGHNESS,HIGHNESS,PET 1000 ML,PET,1000.000 ML,,,1000.0,ML,0.0
47,2023-03-24,202303,2,132803698,31303020003,1679559063545,99764935.0,134,SINGAPORE BEVERAGE-NEPAL,LEMONZAAAAA,LEMONZAAAA NIMBU PANI PBT250ML ,50.0,PBT,250LM,Any other reason,1679559063545-singapore beverage-nepal-lemonzaaaaa#3.png,RECODING,5,1,99765324,104.95711,118,SINGAPORE BEVERAGE-NEPAL,LEMONZAAAAA NIMBU PANI,LEMONZAAAAA NIMBU PANI,LEMON PET 1500 ML,PET,1500.000 ML,LEMON,,1500.0,ML,190.0
47,2023-03-24,202303,2,132803698,31303020003,1679559063545,99764935.0,134,SINGAPORE BEVERAGE-NEPAL,LEMONZAAAAA,LEMONZAAAA NIMBU PANI PBT250ML ,50.0,PBT,250LM,Any other reason,1679559063545-singapore beverage-nepal-lemonzaaaaa#3.png,RECODING,5,2,99765108,106.28352,118,SINGAPORE BEVERAGE-NEPAL,LEMONZAAAAA NIMBU PANI,LEMONZAAAAA NIMBU PANI,LEMON PET 2250 ML,PET,2250.000 ML,LEMON,,2250.0,ML,260.0
47,2023-03-24,202303,2,132803698,31303020003,1679559063545,99764935.0,134,SINGAPORE BEVERAGE-NEPAL,LEMONZAAAAA,LEMONZAAAA NIMBU PANI PBT250ML ,50.0,PBT,250LM,Any other reason,1679559063545-singapore beverage-nepal-lemonzaaaaa#3.png,RECODING,5,3,99764935,110.09329,118,SINGAPORE BEVERAGE-NEPAL,LEMONZAAAAA NIMBU PANI,LEMONZAAAAA NIMBU PANI,LEMON PET 250 ML,PET,250.000 ML,LEMON,,250.0,ML,50.0
47,2023-03-24,202303,2,132803698,31303020003,1679559063545,99764935.0,134,SINGAPORE BEVERAGE-NEPAL,LEMONZAAAAA,LEMONZAAAA NIMBU PANI PBT250ML ,50.0,PBT,250LM,Any other reason,1679559063545-singapore beverage-nepal-lemonzaaaaa#3.png,RECODING,5,4,99765416,111.98262,118,SINGAPORE BEVERAGE-NEPAL,LEMONZAAAAA NIMBU PANI,LEMONZAAAAA NIMBU PANI,LEMON PET 1000 ML,PET,1000.000 ML,LEMON,,1000.0,ML,130.0
47,2023-03-24,202303,2,132803698,31303020003,1679559063545,99764935.0,134,SINGAPORE BEVERAGE-NEPAL,LEMONZAAAAA,LEMONZAAAA NIMBU PANI PBT250ML ,50.0,PBT,250LM,Any other reason,1679559063545-singapore beverage-nepal-lemonzaaaaa#3.png,RECODING,5,5,99765081,112.7924,118,SINGAPORE BEVERAGE-NEPAL,LEMONZAAAAA NIMBU PANI,LEMONZAAAAA NIMBU PANI,LEMON PET 600 ML,PET,600.000 ML,LEMON,,600.0,ML,80.0
47,2023-03-24,202303,2,132803698,31303020003,1679559063545,99764935.0,134,SINGAPORE BEVERAGE-NEPAL,LEMONZAAAAA,LEMONZAAAA NIMBU PANI PBT250ML ,50.0,PBT,250LM,Any other reason,1679559063545-singapore beverage-nepal-lemonzaaaaa#3.png,RECODING,5,6,99763086,136.05191,118,SINGAPORE BEVERAGE-NEPAL,NIMBU PANI,NIMBU PANI,LEMON PET 250 ML,PET,250.000 ML,LEMON,,250.0,ML,40.0
47,2023-03-24,202303,2,132803698,31303020003,1679559063545,99764935.0,134,SINGAPORE BEVERAGE-NEPAL,LEMONZAAAAA,LEMONZAAAA NIMBU PANI PBT250ML ,50.0,PBT,250LM,Any other reason,1679559063545-singapore beverage-nepal-lemonzaaaaa#3.png,RECODING,5,7,50902,172.87706,118,SINGAPORE BEVERAGE-NEPAL,RIGHT,RIGHT,PET 1500 ML,PET,1500.000 ML,LEMON,,1500.0,ML,0.0
47,2023-03-24,202303,2,132803698,31303020003,1679559063545,99764935.0,134,SINGAPORE BEVERAGE-NEPAL,LEMONZAAAAA,LEMONZAAAA NIMBU PANI PBT250ML ,50.0,PBT,250LM,Any other reason,1679559063545-singapore beverage-nepal-lemonzaaaaa#3.png,RECODING,5,8,99765410,173.30833,118,NEPAL M.D FOOD & BEVERAGE-NEPAL,LEMON,LEMON NIMBU PANI,PET 250 ML,PET,250.000 ML,LEMON,,250.0,ML,50.0
47,2023-03-24,202303,2,132803698,31303020003,1679559063545,99764935.0,134,SINGAPORE BEVERAGE-NEPAL,LEMONZAAAAA,LEMONZAAAA NIMBU PANI PBT250ML ,50.0,PBT,250LM,Any other reason,1679559063545-singapore beverage-nepal-lemonzaaaaa#3.png,RECODING,5,9,99762725,176.94922,123,SWADESHI SABUN UDHYOG-NEPAL,AAHA,AAHA,AAHA-DISHWASH LEMON PCN 400 GM,PLJAR,400.000 GM,,,400.0,GM,60.0
47,2023-03-24,202303,2,132803698,31303020003,1679559063545,99764935.0,134,SINGAPORE BEVERAGE-NEPAL,LEMONZAAAAA,LEMONZAAAA NIMBU PANI PBT250ML ,50.0,PBT,250LM,Any other reason,1679559063545-singapore beverage-nepal-lemonzaaaaa#3.png,RECODING,5,10,49810,177.25479,118,SINGAPORE BEVERAGE-NEPAL,RIGHT,RIGHT,PET 2250 ML,PET,2250.000 ML,LEMON,,2250.0,ML,0.0
48,2023-03-24,202303,2,132803597,31303020004,1679558553596,99764961.0,134,SINGAPORE BEVERAGE-NEPAL,NATURALS,NATURALS-ORANGE DRINK CAN250ML,100.0,CAN,250ML,Any other reason,1679558553596-singapore beverage-nepal-naturals#3.png,RECODING,5,1,99764961,101.54697,118,SINGAPORE BEVERAGE-NEPAL,NATURALS,NATURALS,ORANGE CAN 250 ML,CAN,250.000 ML,ORANGE,,250.0,ML,100.0
48,2023-03-24,202303,2,132803597,31303020004,1679558553596,99764961.0,134,SINGAPORE BEVERAGE-NEPAL,NATURALS,NATURALS-ORANGE DRINK CAN250ML,100.0,CAN,250ML,Any other reason,1679558553596-singapore beverage-nepal-naturals#3.png,RECODING,5,2,49152,138.71567,118,SINGAPORE BEVERAGE-NEPAL,FANCY,FANCY,ORANGE PET 1500 ML,PET,1500.000 ML,ORANGE,,1500.0,ML,0.0
48,2023-03-24,202303,2,132803597,31303020004,1679558553596,99764961.0,134,SINGAPORE BEVERAGE-NEPAL,NATURALS,NATURALS-ORANGE DRINK CAN250ML,100.0,CAN,250ML,Any other reason,1679558553596-singapore beverage-nepal-naturals#3.png,RECODING,5,3,51773,142.84912,118,SINGAPORE BEVERAGE-NEPAL,FANCY,FANCY,ORANGE PET 2250 ML,PET,2250.000 ML,ORANGE,,2250.0,ML,0.0
48,2023-03-24,202303,2,132803597,31303020004,1679558553596,99764961.0,134,SINGAPORE BEVERAGE-NEPAL,NATURALS,NATURALS-ORANGE DRINK CAN250ML,100.0,CAN,250ML,Any other reason,1679558553596-singapore beverage-nepal-naturals#3.png,RECODING,5,4,99765290,144.04498,118,SINGAPORE BEVERAGE-NEPAL,NATURALS,NATURALS,MIX FRUIT CAN 250 ML,CAN,250.000 ML,MIXED FRUIT,,250.0,ML,100.0
48,2023-03-24,202303,2,132803597,31303020004,1679558553596,99764961.0,134,SINGAPORE BEVERAGE-NEPAL,NATURALS,NATURALS-ORANGE DRINK CAN250ML,100.0,CAN,250ML,Any other reason,1679558553596-singapore beverage-nepal-naturals#3.png,RECODING,5,5,52245,144.06769,118,SINGAPORE BEVERAGE-NEPAL,FANCY,FANCY,ORANGE PET 500 ML,PET,500.000 ML,ORANGE,,500.0,ML,0.0
48,2023-03-24,202303,2,132803597,31303020004,1679558553596,99764961.0,134,SINGAPORE BEVERAGE-NEPAL,NATURALS,NATURALS-ORANGE DRINK CAN250ML,100.0,CAN,250ML,Any other reason,1679558553596-singapore beverage-nepal-naturals#3.png,RECODING,5,6,99764275,144.41592,118,SINGAPORE BEVERAGE-NEPAL,FRUIT GEMS,FRUIT GEMS,ORANGE PET 320 ML,PET,320.000 ML,ORANGE,,320.0,ML,140.0
48,2023-03-24,202303,2,132803597,31303020004,1679558553596,99764961.0,134,SINGAPORE BEVERAGE-NEPAL,NATURALS,NATURALS-ORANGE DRINK CAN250ML,100.0,CAN,250ML,Any other reason,1679558553596-singapore beverage-nepal-naturals#3.png,RECODING,5,7,48650,144.7661,118,SINGAPORE BEVERAGE-NEPAL,FANCY,FANCY,ORANGE PET 250 ML,PET,250.000 ML,ORANGE,,250.0,ML,0.0
48,2023-03-24,202303,2,132803597,31303020004,1679558553596,99764961.0,134,SINGAPORE BEVERAGE-NEPAL,NATURALS,NATURALS-ORANGE DRINK CAN250ML,100.0,CAN,250ML,Any other reason,1679558553596-singapore beverage-nepal-naturals#3.png,RECODING,5,8,99764547,145.21216,118,SINGAPORE BEVERAGE-NEPAL,FANCY,FANCY,ORANGE PET 1000 ML,PET,1000.000 ML,ORANGE,,1000.0,ML,120.0
48,2023-03-24,202303,2,132803597,31303020004,1679558553596,99764961.0,134,SINGAPORE BEVERAGE-NEPAL,NATURALS,NATURALS-ORANGE DRINK CAN250ML,100.0,CAN,250ML,Any other reason,1679558553596-singapore beverage-nepal-naturals#3.png,RECODING,5,9,99764962,147.04996,118,SINGAPORE BEVERAGE-NEPAL,NATURALS,NATURALS,PINEAPPLE CAN 250 ML,CAN,250.000 ML,PINEAPPLE,,250.0,ML,100.0
48,2023-03-24,202303,2,132803597,31303020004,1679558553596,99764961.0,134,SINGAPORE BEVERAGE-NEPAL,NATURALS,NATURALS-ORANGE DRINK CAN250ML,100.0,CAN,250ML,Any other reason,1679558553596-singapore beverage-nepal-naturals#3.png,RECODING,5,10,99765468,151.10103,118,SINGAPORE BEVERAGE-NEPAL,NATURALS,NATURALS,GUAVA PET 200 ML,PET,200.000 ML,GUAVA,,200.0,ML,40.0
49,2023-03-24,202303,2,132803597,31303020004,1679559063545,99764935.0,134,SINGAPORE BEVERAGE-NEPAL,LEMONZAAAAA,LEMONZAAAA NIMBU PANI PBT250ML ,50.0,PBT,250LM,Any other reason,1679559063545-singapore beverage-nepal-lemonzaaaaa#3.png,RECODING,5,1,99765324,106.039215,118,SINGAPORE BEVERAGE-NEPAL,LEMONZAAAAA NIMBU PANI,LEMONZAAAAA NIMBU PANI,LEMON PET 1500 ML,PET,1500.000 ML,LEMON,,1500.0,ML,190.0
49,2023-03-24,202303,2,132803597,31303020004,1679559063545,99764935.0,134,SINGAPORE BEVERAGE-NEPAL,LEMONZAAAAA,LEMONZAAAA NIMBU PANI PBT250ML ,50.0,PBT,250LM,Any other reason,1679559063545-singapore beverage-nepal-lemonzaaaaa#3.png,RECODING,5,2,99765108,107.473816,118,SINGAPORE BEVERAGE-NEPAL,LEMONZAAAAA NIMBU PANI,LEMONZAAAAA NIMBU PANI,LEMON PET 2250 ML,PET,2250.000 ML,LEMON,,2250.0,ML,260.0
49,2023-03-24,202303,2,132803597,31303020004,1679559063545,99764935.0,134,SINGAPORE BEVERAGE-NEPAL,LEMONZAAAAA,LEMONZAAAA NIMBU PANI PBT250ML ,50.0,PBT,250LM,Any other reason,1679559063545-singapore beverage-nepal-lemonzaaaaa#3.png,RECODING,5,3,99764935,111.241745,118,SINGAPORE BEVERAGE-NEPAL,LEMONZAAAAA NIMBU PANI,LEMONZAAAAA NIMBU PANI,LEMON PET 250 ML,PET,250.000 ML,LEMON,,250.0,ML,50.0
49,2023-03-24,202303,2,132803597,31303020004,1679559063545,99764935.0,134,SINGAPORE BEVERAGE-NEPAL,LEMONZAAAAA,LEMONZAAAA NIMBU PANI PBT250ML ,50.0,PBT,250LM,Any other reason,1679559063545-singapore beverage-nepal-lemonzaaaaa#3.png,RECODING,5,4,99765416,113.033455,118,SINGAPORE BEVERAGE-NEPAL,LEMONZAAAAA NIMBU PANI,LEMONZAAAAA NIMBU PANI,LEMON PET 1000 ML,PET,1000.000 ML,LEMON,,1000.0,ML,130.0
49,2023-03-24,202303,2,132803597,31303020004,1679559063545,99764935.0,134,SINGAPORE BEVERAGE-NEPAL,LEMONZAAAAA,LEMONZAAAA NIMBU PANI PBT250ML ,50.0,PBT,250LM,Any other reason,1679559063545-singapore beverage-nepal-lemonzaaaaa#3.png,RECODING,5,5,99765081,114.07813,118,SINGAPORE BEVERAGE-NEPAL,LEMONZAAAAA NIMBU PANI,LEMONZAAAAA NIMBU PANI,LEMON PET 600 ML,PET,600.000 ML,LEMON,,600.0,ML,80.0
49,2023-03-24,202303,2,132803597,31303020004,1679559063545,99764935.0,134,SINGAPORE BEVERAGE-NEPAL,LEMONZAAAAA,LEMONZAAAA NIMBU PANI PBT250ML ,50.0,PBT,250LM,Any other reason,1679559063545-singapore beverage-nepal-lemonzaaaaa#3.png,RECODING,5,6,99763086,137.02626,118,SINGAPORE BEVERAGE-NEPAL,NIMBU PANI,NIMBU PANI,LEMON PET 250 ML,PET,250.000 ML,LEMON,,250.0,ML,40.0
49,2023-03-24,202303,2,132803597,31303020004,1679559063545,99764935.0,134,SINGAPORE BEVERAGE-NEPAL,LEMONZAAAAA,LEMONZAAAA NIMBU PANI PBT250ML ,50.0,PBT,250LM,Any other reason,1679559063545-singapore beverage-nepal-lemonzaaaaa#3.png,RECODING,5,7,50902,173.23328,118,SINGAPORE BEVERAGE-NEPAL,RIGHT,RIGHT,PET 1500 ML,PET,1500.000 ML,LEMON,,1500.0,ML,0.0
49,2023-03-24,202303,2,132803597,31303020004,1679559063545,99764935.0,134,SINGAPORE BEVERAGE-NEPAL,LEMONZAAAAA,LEMONZAAAA NIMBU PANI PBT250ML ,50.0,PBT,250LM,Any other reason,1679559063545-singapore beverage-nepal-lemonzaaaaa#3.png,RECODING,5,8,99765410,173.86975,118,NEPAL M.D FOOD & BEVERAGE-NEPAL,LEMON,LEMON NIMBU PANI,PET 250 ML,PET,250.000 ML,LEMON,,250.0,ML,50.0
49,2023-03-24,202303,2,132803597,31303020004,1679559063545,99764935.0,134,SINGAPORE BEVERAGE-NEPAL,LEMONZAAAAA,LEMONZAAAA NIMBU PANI PBT250ML ,50.0,PBT,250LM,Any other reason,1679559063545-singapore beverage-nepal-lemonzaaaaa#3.png,RECODING,5,9,99762725,176.40729,123,SWADESHI SABUN UDHYOG-NEPAL,AAHA,AAHA,AAHA-DISHWASH LEMON PCN 400 GM,PLJAR,400.000 GM,,,400.0,GM,60.0
49,2023-03-24,202303,2,132803597,31303020004,1679559063545,99764935.0,134,SINGAPORE BEVERAGE-NEPAL,LEMONZAAAAA,LEMONZAAAA NIMBU PANI PBT250ML ,50.0,PBT,250LM,Any other reason,1679559063545-singapore beverage-nepal-lemonzaaaaa#3.png,RECODING,5,10,49810,177.7128,118,SINGAPORE BEVERAGE-NEPAL,RIGHT,RIGHT,PET 2250 ML,PET,2250.000 ML,LEMON,,2250.0,ML,0.0
50,2023-03-24,202303,2,132803597,31303020004,1679558608428,99764962.0,134,SINGAPORE BEVERAGE-NEPAL,NATURALS,NATURALS PINEAPPLE DRINK CAN 250ML,100.0,CAN,250ML,Any other reason,1679558608428-singapore beverage-nepal-naturals#3.png,RECODING,5,1,99764962,79.80144,118,SINGAPORE BEVERAGE-NEPAL,NATURALS,NATURALS,PINEAPPLE CAN 250 ML,CAN,250.000 ML,PINEAPPLE,,250.0,ML,100.0
50,2023-03-24,202303,2,132803597,31303020004,1679558608428,99764962.0,134,SINGAPORE BEVERAGE-NEPAL,NATURALS,NATURALS PINEAPPLE DRINK CAN 250ML,100.0,CAN,250ML,Any other reason,1679558608428-singapore beverage-nepal-naturals#3.png,RECODING,5,2,99765312,121.63222,118,SINGAPORE BEVERAGE-NEPAL,FRUIT GEMS,FRUIT GEMS,PINEAPPLE PET 250 ML,PET,250.000 ML,PINEAPPLE,,250.0,ML,100.0
50,2023-03-24,202303,2,132803597,31303020004,1679558608428,99764962.0,134,SINGAPORE BEVERAGE-NEPAL,NATURALS,NATURALS PINEAPPLE DRINK CAN 250ML,100.0,CAN,250ML,Any other reason,1679558608428-singapore beverage-nepal-naturals#3.png,RECODING,5,3,99764276,124.67216,118,SINGAPORE BEVERAGE-NEPAL,FRUIT GEMS,FRUIT GEMS,PINEAPPLE PET 320 ML,PET,320.000 ML,PINEAPPLE,,320.0,ML,140.0
50,2023-03-24,202303,2,132803597,31303020004,1679558608428,99764962.0,134,SINGAPORE BEVERAGE-NEPAL,NATURALS,NATURALS PINEAPPLE DRINK CAN 250ML,100.0,CAN,250ML,Any other reason,1679558608428-singapore beverage-nepal-naturals#3.png,RECODING,5,4,20120642,133.32443,118,J B'S INDUSTRIES - NEPAL,SAGARMATHA,SAGARMATHA,PINEAPPLE CAN 240 ML,CAN,240.000 ML,PINEAPPLE,,240.0,ML,0.0
50,2023-03-24,202303,2,132803597,31303020004,1679558608428,99764962.0,134,SINGAPORE BEVERAGE-NEPAL,NATURALS,NATURALS PINEAPPLE DRINK CAN 250ML,100.0,CAN,250ML,Any other reason,1679558608428-singapore beverage-nepal-naturals#3.png,RECODING,5,5,99765256,135.91418,118,J.B.S. INDUSTRIES PVT. LTD.- NEPAL,SAGARMATHA,SAGARMATHA,PINEAPPLE CAN 240 ML,CAN,240.000 ML,PINEAPPLE,,240.0,ML,90.0
50,2023-03-24,202303,2,132803597,31303020004,1679558608428,99764962.0,134,SINGAPORE BEVERAGE-NEPAL,NATURALS,NATURALS PINEAPPLE DRINK CAN 250ML,100.0,CAN,250ML,Any other reason,1679558608428-singapore beverage-nepal-naturals#3.png,RECODING,5,6,20110446,143.7325,118,RIJAL TASHI IND. PVT LTD-NEPAL,DRUK,DRUK,PINEAPPLE CAN 240 ML,CAN,240.000 ML,PINEAPPLE,,240.0,ML,0.0
50,2023-03-24,202303,2,132803597,31303020004,1679558608428,99764962.0,134,SINGAPORE BEVERAGE-NEPAL,NATURALS,NATURALS PINEAPPLE DRINK CAN 250ML,100.0,CAN,250ML,Any other reason,1679558608428-singapore beverage-nepal-naturals#3.png,RECODING,5,7,20110183,144.28548,118,DABUR NEPAL LTD.-NEPAL,REAL,REAL,PINEAPPLE DRINK TPK 500 ML,TPK,500.000 ML,PINEAPPLE,,500.0,ML,0.0
50,2023-03-24,202303,2,132803597,31303020004,1679558608428,99764962.0,134,SINGAPORE BEVERAGE-NEPAL,NATURALS,NATURALS PINEAPPLE DRINK CAN 250ML,100.0,CAN,250ML,Any other reason,1679558608428-singapore beverage-nepal-naturals#3.png,RECODING,5,8,20120457,147.48987,118,INTER DRINKS CO. LTD.-THAILAND,C LIGHT,C LIGHT,PINEAPPLE CAN 240 ML,CAN,240.000 ML,PINEAPPLE,,240.0,ML,0.0
50,2023-03-24,202303,2,132803597,31303020004,1679558608428,99764962.0,134,SINGAPORE BEVERAGE-NEPAL,NATURALS,NATURALS PINEAPPLE DRINK CAN 250ML,100.0,CAN,250ML,Any other reason,1679558608428-singapore beverage-nepal-naturals#3.png,RECODING,5,9,99765290,150.86935,118,SINGAPORE BEVERAGE-NEPAL,NATURALS,NATURALS,MIX FRUIT CAN 250 ML,CAN,250.000 ML,MIXED FRUIT,,250.0,ML,100.0
50,2023-03-24,202303,2,132803597,31303020004,1679558608428,99764962.0,134,SINGAPORE BEVERAGE-NEPAL,NATURALS,NATURALS PINEAPPLE DRINK CAN 250ML,100.0,CAN,250ML,Any other reason,1679558608428-singapore beverage-nepal-naturals#3.png,RECODING,5,10,99764961,155.38441,118,SINGAPORE BEVERAGE-NEPAL,NATURALS,NATURALS,ORANGE CAN 250 ML,CAN,250.000 ML,ORANGE,,250.0,ML,100.0
51,2023-03-27,202303,2,516813310180,51681020003,1679653226960,99764942.0,134,ODAT BEVERAGE PVT LTD-NEPAL,PRAN LITCHI ,PRAN LITCHI/125ML/PBT,20.0,PBT,125ML,,1679653226960-odat beverage pvt ltd-nepal-pran litchi #3.png,RECODING,5,1,99764942,120.73608,118,ODAT BEVERAGE PVT LTD-NEPAL,PRAN,PRAN,LITCHI PET 125 ML,PET,125.000 ML,LYCHEE,,125.0,ML,20.0
51,2023-03-27,202303,2,516813310180,51681020003,1679653226960,99764942.0,134,ODAT BEVERAGE PVT LTD-NEPAL,PRAN LITCHI ,PRAN LITCHI/125ML/PBT,20.0,PBT,125ML,,1679653226960-odat beverage pvt ltd-nepal-pran litchi #3.png,RECODING,5,2,99762384,121.18656,118,ODAT BEVERAGE PVT LTD-NEPAL,PRAN,PRAN,LITCHI PET 150 ML,PET,150.000 ML,LYCHEE,,150.0,ML,20.0
51,2023-03-27,202303,2,516813310180,51681020003,1679653226960,99764942.0,134,ODAT BEVERAGE PVT LTD-NEPAL,PRAN LITCHI ,PRAN LITCHI/125ML/PBT,20.0,PBT,125ML,,1679653226960-odat beverage pvt ltd-nepal-pran litchi #3.png,RECODING,5,3,99762382,122.5391,118,ODAT BEVERAGE PVT LTD-NEPAL,PRAN,PRAN,LITCHI PET 170 ML,PET,170.000 ML,LYCHEE,,170.0,ML,25.0
51,2023-03-27,202303,2,516813310180,51681020003,1679653226960,99764942.0,134,ODAT BEVERAGE PVT LTD-NEPAL,PRAN LITCHI ,PRAN LITCHI/125ML/PBT,20.0,PBT,125ML,,1679653226960-odat beverage pvt ltd-nepal-pran litchi #3.png,RECODING,5,4,99762856,139.62524,118,ODAT BEVERAGE PVT LTD-NEPAL,PRAN,PRAN UP,LEMON PET 250 ML,PET,250.000 ML,LEMON,,250.0,ML,35.0
51,2023-03-27,202303,2,516813310180,51681020003,1679653226960,99764942.0,134,ODAT BEVERAGE PVT LTD-NEPAL,PRAN LITCHI ,PRAN LITCHI/125ML/PBT,20.0,PBT,125ML,,1679653226960-odat beverage pvt ltd-nepal-pran litchi #3.png,RECODING,5,5,99765412,141.17606,118,ODAT BEVERAGE PVT LTD-NEPAL,FRUITFUN,FRUITFUN,LITCHI PET 125 ML,PET,125.000 ML,LYCHEE,,125.0,ML,20.0
51,2023-03-27,202303,2,516813310180,51681020003,1679653226960,99764942.0,134,ODAT BEVERAGE PVT LTD-NEPAL,PRAN LITCHI ,PRAN LITCHI/125ML/PBT,20.0,PBT,125ML,,1679653226960-odat beverage pvt ltd-nepal-pran litchi #3.png,RECODING,5,6,99762735,144.2222,118,ODAT BEVERAGE PVT LTD-NEPAL,PRAN,PRAN UP,LEMON PET 500 ML,PET,500.000 ML,LEMON,,500.0,ML,60.0
51,2023-03-27,202303,2,516813310180,51681020003,1679653226960,99764942.0,134,ODAT BEVERAGE PVT LTD-NEPAL,PRAN LITCHI ,PRAN LITCHI/125ML/PBT,20.0,PBT,125ML,,1679653226960-odat beverage pvt ltd-nepal-pran litchi #3.png,RECODING,5,7,99762379,149.52179,118,ODAT BEVERAGE PVT LTD-NEPAL,PRAN,PRAN FROOTO,MANGO PET 250 ML,PET,250.000 ML,MANGO,,250.0,ML,35.0
51,2023-03-27,202303,2,516813310180,51681020003,1679653226960,99764942.0,134,ODAT BEVERAGE PVT LTD-NEPAL,PRAN LITCHI ,PRAN LITCHI/125ML/PBT,20.0,PBT,125ML,,1679653226960-odat beverage pvt ltd-nepal-pran litchi #3.png,RECODING,5,8,99762381,152.92859,118,ODAT BEVERAGE PVT LTD-NEPAL,PRAN,PRAN FROOTO,MANGO PET 1000 ML,PET,1000.000 ML,MANGO,,1000.0,ML,150.0
51,2023-03-27,202303,2,516813310180,51681020003,1679653226960,99764942.0,134,ODAT BEVERAGE PVT LTD-NEPAL,PRAN LITCHI ,PRAN LITCHI/125ML/PBT,20.0,PBT,125ML,,1679653226960-odat beverage pvt ltd-nepal-pran litchi #3.png,RECODING,5,9,99762380,153.62695,118,ODAT BEVERAGE PVT LTD-NEPAL,PRAN,PRAN FROOTO,MANGO PET 500 ML,PET,500.000 ML,MANGO,,500.0,ML,80.0
51,2023-03-27,202303,2,516813310180,51681020003,1679653226960,99764942.0,134,ODAT BEVERAGE PVT LTD-NEPAL,PRAN LITCHI ,PRAN LITCHI/125ML/PBT,20.0,PBT,125ML,,1679653226960-odat beverage pvt ltd-nepal-pran litchi #3.png,RECODING,5,10,99763073,168.33673,123,SIDDHI BINAYAK CHEMICALS-NEPAL,RUKH CHHAP,RUKH CHHAP DALLO SABUN,RUKH CHHAP DALLO SABUN-PPH 3*250 GM [750 GM],PLPCH,250.000 GM,,,750.0,GM,100.0
52,2023-03-27,202303,2,516753310240,51675020005,1679636353135,99764963.0,118,NEPAL M.D FOOD & BEVERAGE-NEPAL,MD DEW,MD DEW/LEMON/250ML/PBT,40.0,PBT,250ML ,,1679636353135-nepal m-d food - beverage-nepal-md dew#3.png,RECODING,5,1,99764963,100.3112,118,NEPAL M.D FOOD & BEVERAGE-NEPAL,MD DEW,MD DEW,PET 250 ML,PET,250.000 ML,LEMON,,250.0,ML,40.0
52,2023-03-27,202303,2,516753310240,51675020005,1679636353135,99764963.0,118,NEPAL M.D FOOD & BEVERAGE-NEPAL,MD DEW,MD DEW/LEMON/250ML/PBT,40.0,PBT,250ML ,,1679636353135-nepal m-d food - beverage-nepal-md dew#3.png,RECODING,5,2,99763568,104.82128,118,NEPAL M.D FOOD & BEVERAGE-NEPAL,MENTION DEW,MENTION DEW,PET 2250 ML,PET,2250.000 ML,LEMON,,2250.0,ML,210.0
52,2023-03-27,202303,2,516753310240,51675020005,1679636353135,99764963.0,118,NEPAL M.D FOOD & BEVERAGE-NEPAL,MD DEW,MD DEW/LEMON/250ML/PBT,40.0,PBT,250ML ,,1679636353135-nepal m-d food - beverage-nepal-md dew#3.png,RECODING,5,3,99762400,106.25899,118,NEPAL M.D FOOD & BEVERAGE-NEPAL,MENTION DEW,MENTION DEW,PET 250 ML,PET,250.000 ML,LEMON,,250.0,ML,40.0
52,2023-03-27,202303,2,516753310240,51675020005,1679636353135,99764963.0,118,NEPAL M.D FOOD & BEVERAGE-NEPAL,MD DEW,MD DEW/LEMON/250ML/PBT,40.0,PBT,250ML ,,1679636353135-nepal m-d food - beverage-nepal-md dew#3.png,RECODING,5,4,99763619,108.20964,118,NEPAL M.D FOOD & BEVERAGE-NEPAL,MENTION DEW,MENTION DEW,PET 1500 ML,PET,1500.000 ML,LEMON,,1500.0,ML,160.0
52,2023-03-27,202303,2,516753310240,51675020005,1679636353135,99764963.0,118,NEPAL M.D FOOD & BEVERAGE-NEPAL,MD DEW,MD DEW/LEMON/250ML/PBT,40.0,PBT,250ML ,,1679636353135-nepal m-d food - beverage-nepal-md dew#3.png,RECODING,5,5,99762732,108.21896,118,NEPAL M.D FOOD & BEVERAGE-NEPAL,MENTION DEW,MENTION DEW,PET 500 ML,PET,500.000 ML,LEMON,,500.0,ML,75.0
52,2023-03-27,202303,2,516753310240,51675020005,1679636353135,99764963.0,118,NEPAL M.D FOOD & BEVERAGE-NEPAL,MD DEW,MD DEW/LEMON/250ML/PBT,40.0,PBT,250ML ,,1679636353135-nepal m-d food - beverage-nepal-md dew#3.png,RECODING,5,6,99765237,112.64807,118,NEPAL M.D FOOD & BEVERAGE-NEPAL,MENTION DEW,MENTION DEW,PET 1000 ML,PET,1000.000 ML,LEMON,,1000.0,ML,130.0
52,2023-03-27,202303,2,516753310240,51675020005,1679636353135,99764963.0,118,NEPAL M.D FOOD & BEVERAGE-NEPAL,MD DEW,MD DEW/LEMON/250ML/PBT,40.0,PBT,250ML ,,1679636353135-nepal m-d food - beverage-nepal-md dew#3.png,RECODING,5,7,99763569,114.46648,118,NEPAL M.D FOOD & BEVERAGE-NEPAL,MAZZAKO DEW,MAZZAKO DEW,PET 2250 ML,PET,2250.000 ML,LEMON,,2250.0,ML,210.0
52,2023-03-27,202303,2,516753310240,51675020005,1679636353135,99764963.0,118,NEPAL M.D FOOD & BEVERAGE-NEPAL,MD DEW,MD DEW/LEMON/250ML/PBT,40.0,PBT,250ML ,,1679636353135-nepal m-d food - beverage-nepal-md dew#3.png,RECODING,5,8,99762457,116.878174,118,NEPAL M.D FOOD & BEVERAGE-NEPAL,MAZZAKO DEW,MAZZAKO DEW,PET 250 ML,PET,250.000 ML,LEMON,,250.0,ML,35.0
52,2023-03-27,202303,2,516753310240,51675020005,1679636353135,99764963.0,118,NEPAL M.D FOOD & BEVERAGE-NEPAL,MD DEW,MD DEW/LEMON/250ML/PBT,40.0,PBT,250ML ,,1679636353135-nepal m-d food - beverage-nepal-md dew#3.png,RECODING,5,9,99763821,117.318436,118,NEPAL M.D FOOD & BEVERAGE-NEPAL,MAZZAKO DEW,MAZZAKO DEW,PET 1500 ML,PET,1500.000 ML,LEMON,,1500.0,ML,150.0
52,2023-03-27,202303,2,516753310240,51675020005,1679636353135,99764963.0,118,NEPAL M.D FOOD & BEVERAGE-NEPAL,MD DEW,MD DEW/LEMON/250ML/PBT,40.0,PBT,250ML ,,1679636353135-nepal m-d food - beverage-nepal-md dew#3.png,RECODING,5,10,99765062,119.06006,118,NEPAL M.D FOOD & BEVERAGE-NEPAL,MAZZAKO DEW,MAZZAKO DEW,PET 500 ML,PET,500.000 ML,LEMON,,500.0,ML,75.0
53,2023-03-27,202303,2,132906159,31303020015,1679645640862,99764964.0,134,BHAIRAB BEVERAGE UDHYOG ,H2O,H2O PBT 100ML,25.0,PBT,1000ML,,1679645640862-bhairab beverage udhyog -h2o#3.png,RECODING,5,1,99764964,154.60861,118,BHAIRAV BEVERAGE UDHYOG-NEPAL,H2O,H2O,PET 1000 ML,PET,1000.000 ML,,,1000.0,ML,25.0
53,2023-03-27,202303,2,132906159,31303020015,1679645640862,99764964.0,134,BHAIRAB BEVERAGE UDHYOG ,H2O,H2O PBT 100ML,25.0,PBT,1000ML,,1679645640862-bhairab beverage udhyog -h2o#3.png,RECODING,5,2,99762505,182.58821,118,BHAIRAV DRINKING WATER-NEPAL,AQUA BHAIRAV PURA,AQUA BHAIRAV PURA,PET 1000 ML,PET,1000.000 ML,,,1000.0,ML,20.0
53,2023-03-27,202303,2,132906159,31303020015,1679645640862,99764964.0,134,BHAIRAB BEVERAGE UDHYOG ,H2O,H2O PBT 100ML,25.0,PBT,1000ML,,1679645640862-bhairab beverage udhyog -h2o#3.png,RECODING,5,3,99762896,184.51152,118,BHAIRAV DRINKING WATER-NEPAL,AQUA V.D.W,AQUA V.D.W,PET 1000 ML,PET,1000.000 ML,,,1000.0,ML,25.0
53,2023-03-27,202303,2,132906159,31303020015,1679645640862,99764964.0,134,BHAIRAB BEVERAGE UDHYOG ,H2O,H2O PBT 100ML,25.0,PBT,1000ML,,1679645640862-bhairab beverage udhyog -h2o#3.png,RECODING,5,4,99762351,187.17973,118,SWORGADWARI DRINKING WATER UDHYOG-NPL,SWORGADWARI,SWORGADWARI,PET 1000 ML,PET,1000.000 ML,,,1000.0,ML,20.0
53,2023-03-27,202303,2,132906159,31303020015,1679645640862,99764964.0,134,BHAIRAB BEVERAGE UDHYOG ,H2O,H2O PBT 100ML,25.0,PBT,1000ML,,1679645640862-bhairab beverage udhyog -h2o#3.png,RECODING,5,5,99765038,190.14606,118,NARAYAN BEVERAGE UDHYOG-NPL,AQUA N.B,AQUA N.B,PET 1000 ML,PET,1000.000 ML,,,1000.0,ML,25.0
53,2023-03-27,202303,2,132906159,31303020015,1679645640862,99764964.0,134,BHAIRAB BEVERAGE UDHYOG ,H2O,H2O PBT 100ML,25.0,PBT,1000ML,,1679645640862-bhairab beverage udhyog -h2o#3.png,RECODING,5,6,99762868,195.647,123,SUNLIGHT SABUN UDHYOG-NEPAL,BHAIRAV,BHAIRAV GOLD,BHAIRAV GOLD-NEEM & LEMON PPH 200 GM+10% EXT,PLPCH,200.000 GM,,,220.0,GM,40.0
53,2023-03-27,202303,2,132906159,31303020015,1679645640862,99764964.0,134,BHAIRAB BEVERAGE UDHYOG ,H2O,H2O PBT 100ML,25.0,PBT,1000ML,,1679645640862-bhairab beverage udhyog -h2o#3.png,RECODING,5,7,54260,196.735,122,DIYA SODA SABUN UDHYOG-NEPAL,MAMTA GHAR AANGAN,MAMTA GHAR AANGAN,MAMTA GHAR AANGAN-PPH 2000 GM,PLPCH,2000.000 GM,,,2000.0,GM,0.0
53,2023-03-27,202303,2,132906159,31303020015,1679645640862,99764964.0,134,BHAIRAB BEVERAGE UDHYOG ,H2O,H2O PBT 100ML,25.0,PBT,1000ML,,1679645640862-bhairab beverage udhyog -h2o#3.png,RECODING,5,8,99764992,196.96191,118,JAY HANUMAN DRINKING WATER UDHYOG-NP,SARLAHI REFRESH,SARLAHI REFRESH,PET 1000 ML,PET,1000.000 ML,,,1000.0,ML,25.0
53,2023-03-27,202303,2,132906159,31303020015,1679645640862,99764964.0,134,BHAIRAB BEVERAGE UDHYOG ,H2O,H2O PBT 100ML,25.0,PBT,1000ML,,1679645640862-bhairab beverage udhyog -h2o#3.png,RECODING,5,9,99765282,198.4548,118,NARAYAN BEVERAGE UDHYOG-NPL,JALPARI,JALPARI,PET 1000 ML,PET,1000.000 ML,,,1000.0,ML,25.0
53,2023-03-27,202303,2,132906159,31303020015,1679645640862,99764964.0,134,BHAIRAB BEVERAGE UDHYOG ,H2O,H2O PBT 100ML,25.0,PBT,1000ML,,1679645640862-bhairab beverage udhyog -h2o#3.png,RECODING,5,10,99765031,200.21692,118,AAYUSHMA DRINKING WATER UDYOG-NP,AAYUSHMA,AAYUSHMA,PET 1000 ML,PET,1000.000 ML,,,1000.0,ML,25.0
54,2023-03-27,202303,2,132861574,31303020017,1679638512525,,118,TRIVENI FOOD & BEVERAGE PVT LTD ,LEELI,LEELI LITCHI DRINK PBT 150ML,0.0,20,150ML,Delete the Item,1679638512525-triveni food - beverage pvt ltd -leeli#3.png,DELETE THE ITEM,1,1,54746,169.17508,118,TRIVENI FOOD & BEVERAGE-NP,LEELI,LEELI,LITCHI PET 150 ML,PET,150.000 ML,LYCHEE,,150.0,ML,0.0
54,2023-03-27,202303,2,132861574,31303020017,1679638512525,,118,TRIVENI FOOD & BEVERAGE PVT LTD ,LEELI,LEELI LITCHI DRINK PBT 150ML,0.0,20,150ML,Delete the Item,1679638512525-triveni food - beverage pvt ltd -leeli#3.png,DELETE THE ITEM,1,2,53284,172.24425,118,TRIVENI FOOD & BEVERAGE-NP,LEELI,LEELI,LITCHI PET 170 ML,PET,170.000 ML,LYCHEE,,170.0,ML,0.0
54,2023-03-27,202303,2,132861574,31303020017,1679638512525,,118,TRIVENI FOOD & BEVERAGE PVT LTD ,LEELI,LEELI LITCHI DRINK PBT 150ML,0.0,20,150ML,Delete the Item,1679638512525-triveni food - beverage pvt ltd -leeli#3.png,DELETE THE ITEM,1,3,99765150,172.57982,118,TRIVENI FOOD & BEVERAGE-NP,LEELI,LEELI,LITCHI PET 135 ML,PET,135.000 ML,LYCHEE,,135.0,ML,20.0
54,2023-03-27,202303,2,132861574,31303020017,1679638512525,,118,TRIVENI FOOD & BEVERAGE PVT LTD ,LEELI,LEELI LITCHI DRINK PBT 150ML,0.0,20,150ML,Delete the Item,1679638512525-triveni food - beverage pvt ltd -leeli#3.png,DELETE THE ITEM,1,4,54867,207.31645,118,TRIVENI FOOD & BEVERAGE-NP,BLOOM,BLOOM,LITCHI PET 150 ML,PET,150.000 ML,LYCHEE,,150.0,ML,0.0
54,2023-03-27,202303,2,132861574,31303020017,1679638512525,,118,TRIVENI FOOD & BEVERAGE PVT LTD ,LEELI,LEELI LITCHI DRINK PBT 150ML,0.0,20,150ML,Delete the Item,1679638512525-triveni food - beverage pvt ltd -leeli#3.png,DELETE THE ITEM,1,5,53264,209.44595,118,TRIVENI FOOD & BEVERAGE-NP,BLOOM,BLOOM,LITCHI PET 170 ML,PET,170.000 ML,LYCHEE,,170.0,ML,0.0
54,2023-03-27,202303,2,132861574,31303020017,1679638512525,,118,TRIVENI FOOD & BEVERAGE PVT LTD ,LEELI,LEELI LITCHI DRINK PBT 150ML,0.0,20,150ML,Delete the Item,1679638512525-triveni food - beverage pvt ltd -leeli#3.png,DELETE THE ITEM,1,6,99765143,211.11125,118,TRIVENI FOOD & BEVERAGE-NP,BLOOM,BLOOM,LITCHI PET 135 ML,PET,135.000 ML,LYCHEE,,135.0,ML,20.0
54,2023-03-27,202303,2,132861574,31303020017,1679638512525,,118,TRIVENI FOOD & BEVERAGE PVT LTD ,LEELI,LEELI LITCHI DRINK PBT 150ML,0.0,20,150ML,Delete the Item,1679638512525-triveni food - beverage pvt ltd -leeli#3.png,DELETE THE ITEM,1,7,99764977,218.38995,118,SHREEJEE FOOD & BEVERAGE IND.-NEPAL,TRISHNA,TRISHNA GOLD,PET 1000 ML,PET,1000.000 ML,,,1000.0,ML,20.0
54,2023-03-27,202303,2,132861574,31303020017,1679638512525,,118,TRIVENI FOOD & BEVERAGE PVT LTD ,LEELI,LEELI LITCHI DRINK PBT 150ML,0.0,20,150ML,Delete the Item,1679638512525-triveni food - beverage pvt ltd -leeli#3.png,DELETE THE ITEM,1,8,92124139,222.09512,117,JAI KALI JADIBUTI UDHYOG-NEPAL,OKHATI,OKHATI ANTIDANDRUFF,OKHATI ANTIDANDRUFF-GREN TEA WT NEEM PBT 430M,PLBOT,430.000 ML,,,430.0,ML,0.0
54,2023-03-27,202303,2,132861574,31303020017,1679638512525,,118,TRIVENI FOOD & BEVERAGE PVT LTD ,LEELI,LEELI LITCHI DRINK PBT 150ML,0.0,20,150ML,Delete the Item,1679638512525-triveni food - beverage pvt ltd -leeli#3.png,DELETE THE ITEM,1,9,52509,223.58374,118,TRIVENI FOOD & BEVERAGE-NP,BLOON,BLOON,LYCHEE PET 170 ML,PET,170.000 ML,LYCHEE,,170.0,ML,0.0
54,2023-03-27,202303,2,132861574,31303020017,1679638512525,,118,TRIVENI FOOD & BEVERAGE PVT LTD ,LEELI,LEELI LITCHI DRINK PBT 150ML,0.0,20,150ML,Delete the Item,1679638512525-triveni food - beverage pvt ltd -leeli#3.png,DELETE THE ITEM,1,10,92115829,223.90076,117,THREE-N-PRODUCTS- INDIA,AYUR,AYUR HERBAL,AYUR HERBAL-AMLA SHIKAKI & REETHA PBT 100M-THREE-N,PLBOT,100.000 ML,,,100.0,ML,0.0
55,2023-03-27,202303,2,129995584,21202020023,1679645939901,99764965.0,134,NATURAL BEVERAGE-NEPAL ,OXY GAIN,OXY GAIN\1000ML\PBT\MINERAL WATER ,18.0,PBT,1000ML,Any other reason,1679645939901-natural beverage-nepal -oxy gain#3.png,RECODING,5,1,99764965,114.31941,118,NATURAL BEVERAGE-NEPAL,OXY GAIN,OXY GAIN,PET 1000 ML,PET,1000.000 ML,,,1000.0,ML,18.0
55,2023-03-27,202303,2,129995584,21202020023,1679645939901,99764965.0,134,NATURAL BEVERAGE-NEPAL ,OXY GAIN,OXY GAIN\1000ML\PBT\MINERAL WATER ,18.0,PBT,1000ML,Any other reason,1679645939901-natural beverage-nepal -oxy gain#3.png,RECODING,5,2,20125062,161.44852,118,NEPAL SOFT DRINKS UDHYOG-NEPAL,MY FUNTA,MY FUNTA ORANGE,ORANGE PET 1500 ML,PET,1500.000 ML,ORANGE,,1500.0,ML,0.0
55,2023-03-27,202303,2,129995584,21202020023,1679645939901,99764965.0,134,NATURAL BEVERAGE-NEPAL ,OXY GAIN,OXY GAIN\1000ML\PBT\MINERAL WATER ,18.0,PBT,1000ML,Any other reason,1679645939901-natural beverage-nepal -oxy gain#3.png,RECODING,5,3,99763396,163.61621,118,NEPAL M.D FOOD & BEVERAGE-NEPAL,FANTUZ,FANTUZ,ORANGE PET 2250 ML,PET,2250.000 ML,ORANGE,,2250.0,ML,210.0
55,2023-03-27,202303,2,129995584,21202020023,1679645939901,99764965.0,134,NATURAL BEVERAGE-NEPAL ,OXY GAIN,OXY GAIN\1000ML\PBT\MINERAL WATER ,18.0,PBT,1000ML,Any other reason,1679645939901-natural beverage-nepal -oxy gain#3.png,RECODING,5,4,99762399,164.74844,118,NEPAL M.D FOOD & BEVERAGE-NEPAL,FANTUZ,FANTUZ,ORANGE PET 1500 ML,PET,1500.000 ML,ORANGE,,1500.0,ML,150.0
55,2023-03-27,202303,2,129995584,21202020023,1679645939901,99764965.0,134,NATURAL BEVERAGE-NEPAL ,OXY GAIN,OXY GAIN\1000ML\PBT\MINERAL WATER ,18.0,PBT,1000ML,Any other reason,1679645939901-natural beverage-nepal -oxy gain#3.png,RECODING,5,5,99762397,166.35796,118,NEPAL M.D FOOD & BEVERAGE-NEPAL,FANTUZ,FANTUZ,ORANGE PET 250 ML,PET,250.000 ML,ORANGE,,250.0,ML,40.0
55,2023-03-27,202303,2,129995584,21202020023,1679645939901,99764965.0,134,NATURAL BEVERAGE-NEPAL ,OXY GAIN,OXY GAIN\1000ML\PBT\MINERAL WATER ,18.0,PBT,1000ML,Any other reason,1679645939901-natural beverage-nepal -oxy gain#3.png,RECODING,5,6,99762398,166.51466,118,NEPAL M.D FOOD & BEVERAGE-NEPAL,FANTUZ,FANTUZ,ORANGE PET 500 ML,PET,500.000 ML,ORANGE,,500.0,ML,80.0
55,2023-03-27,202303,2,129995584,21202020023,1679645939901,99764965.0,134,NATURAL BEVERAGE-NEPAL ,OXY GAIN,OXY GAIN\1000ML\PBT\MINERAL WATER ,18.0,PBT,1000ML,Any other reason,1679645939901-natural beverage-nepal -oxy gain#3.png,RECODING,5,7,40110614,166.96637,118,SNB MINERAL WATER - NEPAL,DRINK ME,DRINK ME,PET 1000 ML,PET,1000.000 ML,,,1000.0,ML,0.0
55,2023-03-27,202303,2,129995584,21202020023,1679645939901,99764965.0,134,NATURAL BEVERAGE-NEPAL ,OXY GAIN,OXY GAIN\1000ML\PBT\MINERAL WATER ,18.0,PBT,1000ML,Any other reason,1679645939901-natural beverage-nepal -oxy gain#3.png,RECODING,5,8,99763817,168.34521,123,MAHAKALI OLIYO CHEM - NEPAL,GAGAN,GAGAN,GAGAN-EXTRA WHITENER PPH 3*144 GM [430GM] 3 PCS PACK,PLPCH,144.000 GM,,,430.0,GM,100.0
55,2023-03-27,202303,2,129995584,21202020023,1679645939901,99764965.0,134,NATURAL BEVERAGE-NEPAL ,OXY GAIN,OXY GAIN\1000ML\PBT\MINERAL WATER ,18.0,PBT,1000ML,Any other reason,1679645939901-natural beverage-nepal -oxy gain#3.png,RECODING,5,9,40110333,168.55606,118,G.R. DRINKS - NEPAL,AQUA FRESH,AQUA FRESH,PET 1000 ML,PET,1000.000 ML,,,1000.0,ML,0.0
55,2023-03-27,202303,2,129995584,21202020023,1679645939901,99764965.0,134,NATURAL BEVERAGE-NEPAL ,OXY GAIN,OXY GAIN\1000ML\PBT\MINERAL WATER ,18.0,PBT,1000ML,Any other reason,1679645939901-natural beverage-nepal -oxy gain#3.png,RECODING,5,10,40110503,169.56479,118,ANNAPURNA MINERAL WATER-NEPAL,REFRESH,REFRESH,PET 1000 ML,PET,1000.000 ML,,,1000.0,ML,0.0
