t_row_id,t_DATE,t_PERIOD,t_AUDITYPE,t_STORECODE,t_DLRCODE,t_ITEMCODE,t_NEW_CODES,t_CATEGORY,t_MANUFACTURE,t_BRAND,t_ITEMDESC,t_MRP,t_PACKSIZE,t_PACKTYPE,t_COMMENTS,t_IMAGE,t_CODE COMMENT,t_FLAG,rank,matched_itemcode,distance,m_catcode,m_company,m_mbrand,m_brand,m_sku,m_packtype,m_base_pack,m_flavor,m_color,m_wght,m_uom,m_mrp
0,29/01/2024,202401,2,128248647,12201020030,1705647364705,99765133,118,BOTTLERS NEPAL - NEPAL,COCA-COLA,COCA-COLA-COLA PET 1500ML+FREE PET 250ML,190,1500ML,PET,,,RECODING,5,1,99765133,10.487205,118,BOTTLERS NEPAL - NEPAL,COCA-COLA,COCA-COLA,COCA-COLA PET 1500 ML+250 ML COCA-COLA FREE,PET,1500.000 ML,COLA,,1500.0,ML,190.0
0,29/01/2024,202401,2,128248647,12201020030,1705647364705,99765133,118,BOTTLERS NEPAL - NEPAL,COCA-COLA,COCA-COLA-COLA PET 1500ML+FREE PET 250ML,190,1500ML,PET,,,RECODING,5,2,99765354,15.374984,118,BOTTLERS NEPAL - NEPAL,COCA-COLA,COCA-COLA,PET 2000 ML+250 ML COCA-COLA FREE,PET,2000.000 ML,COLA,,2000.0,ML,220.0
0,29/01/2024,202401,2,128248647,12201020030,1705647364705,99765133,118,BOTTLERS NEPAL - NEPAL,COCA-COLA,COCA-COLA-COLA PET 1500ML+FREE PET 250ML,190,1500ML,PET,,,RECODING,5,3,99765132,16.20776,118,BOTTLERS NEPAL - NEPAL,COCA-COLA,COCA-COLA,COCA-COLA PET 2250 ML+250 ML COCA-COLA FREE,PET,2250.000 ML,COLA,,2250.0,ML,270.0
0,29/01/2024,202401,2,128248647,12201020030,1705647364705,99765133,118,BOTTLERS NEPAL - NEPAL,COCA-COLA,COCA-COLA-COLA PET 1500ML+FREE PET 250ML,190,1500ML,PET,,,RECODING,5,4,20110105,24.04,118,BOTTLERS NEPAL - NEPAL,COCA-COLA,COCA-COLA,PET 1500 ML,PET,1500.000 ML,COLA,,1500.0,ML,0.0
0,29/01/2024,202401,2,128248647,12201020030,1705647364705,99765133,118,BOTTLERS NEPAL - NEPAL,COCA-COLA,COCA-COLA-COLA PET 1500ML+FREE PET 250ML,190,1500ML,PET,,,RECODING,5,5,52789,24.812433,118,BOTTLERS NEPAL - NEPAL,COCA-COLA,COCA-COLA,PET 250 ML,PET,250.000 ML,COLA,,250.0,ML,0.0
0,29/01/2024,202401,2,128248647,12201020030,1705647364705,99765133,118,BOTTLERS NEPAL - NEPAL,COCA-COLA,COCA-COLA-COLA PET 1500ML+FREE PET 250ML,190,1500ML,PET,,,RECODING,5,6,20123342,27.851973,118,BOTTLERS NEPAL - NEPAL,COCA-COLA,COCA-COLA,PET 1000 ML,PET,1000.000 ML,COLA,,1000.0,ML,0.0
0,29/01/2024,202401,2,128248647,12201020030,1705647364705,99765133,118,BOTTLERS NEPAL - NEPAL,COCA-COLA,COCA-COLA-COLA PET 1500ML+FREE PET 250ML,190,1500ML,PET,,,RECODING,5,7,20110294,28.339174,118,BOTTLERS NEPAL - NEPAL,COCA-COLA,COCA-COLA,PET 2000 ML,PET,2000.000 ML,COLA,,2000.0,ML,0.0
0,29/01/2024,202401,2,128248647,12201020030,1705647364705,99765133,118,BOTTLERS NEPAL - NEPAL,COCA-COLA,COCA-COLA-COLA PET 1500ML+FREE PET 250ML,190,1500ML,PET,,,RECODING,5,8,99764934,28.512701,118,BOTTLERS NEPAL - NEPAL,COCA-COLA,COCA-COLA,COCA-COLA PET 2250 ML+250 ML COCA-COLA ZERO SUGAR FREE,PET,2250.000 ML,COLA,,2250.0,ML,260.0
0,29/01/2024,202401,2,128248647,12201020030,1705647364705,99765133,118,BOTTLERS NEPAL - NEPAL,COCA-COLA,COCA-COLA-COLA PET 1500ML+FREE PET 250ML,190,1500ML,PET,,,RECODING,5,9,20121858,29.447592,118,BOTTLERS NEPAL - NEPAL,COCA-COLA,COCA-COLA,PET 300 ML,PET,300.000 ML,COLA,,300.0,ML,0.0
0,29/01/2024,202401,2,128248647,12201020030,1705647364705,99765133,118,BOTTLERS NEPAL - NEPAL,COCA-COLA,COCA-COLA-COLA PET 1500ML+FREE PET 250ML,190,1500ML,PET,,,RECODING,5,10,20126047,29.6796,118,BOTTLERS NEPAL - NEPAL,COCA-COLA,COCA-COLA,PET 750 ML,PET,750.000 ML,COLA,,750.0,ML,0.0
1,29/01/2024,202401,2,128897531,12201020027,1705647364705,99765133,118,BOTTLERS NEPAL - NEPAL,COCA-COLA,COCA-COLA-COLA PET 1500ML+FREE PET 250ML,190,1500ML,PET,,,RECODING,5,1,99765133,10.487205,118,BOTTLERS NEPAL - NEPAL,COCA-COLA,COCA-COLA,COCA-COLA PET 1500 ML+250 ML COCA-COLA FREE,PET,1500.000 ML,COLA,,1500.0,ML,190.0
1,29/01/2024,202401,2,128897531,12201020027,1705647364705,99765133,118,BOTTLERS NEPAL - NEPAL,COCA-COLA,COCA-COLA-COLA PET 1500ML+FREE PET 250ML,190,1500ML,PET,,,RECODING,5,2,99765354,15.374984,118,BOTTLERS NEPAL - NEPAL,COCA-COLA,COCA-COLA,PET 2000 ML+250 ML COCA-COLA FREE,PET,2000.000 ML,COLA,,2000.0,ML,220.0
1,29/01/2024,202401,2,128897531,12201020027,1705647364705,99765133,118,BOTTLERS NEPAL - NEPAL,COCA-COLA,COCA-COLA-COLA PET 1500ML+FREE PET 250ML,190,1500ML,PET,,,RECODING,5,3,99765132,16.20776,118,BOTTLERS NEPAL - NEPAL,COCA-COLA,COCA-COLA,COCA-COLA PET 2250 ML+250 ML COCA-COLA FREE,PET,2250.000 ML,COLA,,2250.0,ML,270.0
1,29/01/2024,202401,2,128897531,12201020027,1705647364705,99765133,118,BOTTLERS NEPAL - NEPAL,COCA-COLA,COCA-COLA-COLA PET 1500ML+FREE PET 250ML,190,1500ML,PET,,,RECODING,5,4,20110105,24.04,118,BOTTLERS NEPAL - NEPAL,COCA-COLA,COCA-COLA,PET 1500 ML,PET,1500.000 ML,COLA,,1500.0,ML,0.0
1,29/01/2024,202401,2,128897531,12201020027,1705647364705,99765133,118,BOTTLERS NEPAL - NEPAL,COCA-COLA,COCA-COLA-COLA PET 1500ML+FREE PET 250ML,190,1500ML,PET,,,RECODING,5,5,52789,24.812433,118,BOTTLERS NEPAL - NEPAL,COCA-COLA,COCA-COLA,PET 250 ML,PET,250.000 ML,COLA,,250.0,ML,0.0
1,29/01/2024,202401,2,128897531,12201020027,1705647364705,99765133,118,BOTTLERS NEPAL - NEPAL,COCA-COLA,COCA-COLA-COLA PET 1500ML+FREE PET 250ML,190,1500ML,PET,,,RECODING,5,6,20123342,27.851973,118,BOTTLERS NEPAL - NEPAL,COCA-COLA,COCA-COLA,PET 1000 ML,PET,1000.000 ML,COLA,,1000.0,ML,0.0
1,29/01/2024,202401,2,128897531,12201020027,1705647364705,99765133,118,BOTTLERS NEPAL - NEPAL,COCA-COLA,COCA-COLA-COLA PET 1500ML+FREE PET 250ML,190,1500ML,PET,,,RECODING,5,7,20110294,28.339174,118,BOTTLERS NEPAL - NEPAL,COCA-COLA,COCA-COLA,PET 2000 ML,PET,2000.000 ML,COLA,,2000.0,ML,0.0
1,29/01/2024,202401,2,128897531,12201020027,1705647364705,99765133,118,BOTTLERS NEPAL - NEPAL,COCA-COLA,COCA-COLA-COLA PET 1500ML+FREE PET 250ML,190,1500ML,PET,,,RECODING,5,8,99764934,28.512701,118,BOTTLERS NEPAL - NEPAL,COCA-COLA,COCA-COLA,COCA-COLA PET 2250 ML+250 ML COCA-COLA ZERO SUGAR FREE,PET,2250.000 ML,COLA,,2250.0,ML,260.0
1,29/01/2024,202401,2,128897531,12201020027,1705647364705,99765133,118,BOTTLERS NEPAL - NEPAL,COCA-COLA,COCA-COLA-COLA PET 1500ML+FREE PET 250ML,190,1500ML,PET,,,RECODING,5,9,20121858,29.447592,118,BOTTLERS NEPAL - NEPAL,COCA-COLA,COCA-COLA,PET 300 ML,PET,300.000 ML,COLA,,300.0,ML,0.0
1,29/01/2024,202401,2,128897531,12201020027,1705647364705,99765133,118,BOTTLERS NEPAL - NEPAL,COCA-COLA,COCA-COLA-COLA PET 1500ML+FREE PET 250ML,190,1500ML,PET,,,RECODING,5,10,20126047,29.6796,118,BOTTLERS NEPAL - NEPAL,COCA-COLA,COCA-COLA,PET 750 ML,PET,750.000 ML,COLA,,750.0,ML,0.0
2,29/01/2024,202401,2,128897531,12201020027,1706004074729,99765134,118,BOTTLERS NEPAL - NEPAL,SPRITE,SPRITE-LEMON-PET 1500ML+ FREE SPRITE PET 250ML,190,1500ML,PET,,,RECODING,5,1,99765134,13.051142,118,BOTTLERS NEPAL - NEPAL,SPRITE,SPRITE,SPRITE PET 1500 ML+250 ML SPRITE FREE,PET,1500.000 ML,LEMON,,1500.0,ML,190.0
2,29/01/2024,202401,2,128897531,12201020027,1706004074729,99765134,118,BOTTLERS NEPAL - NEPAL,SPRITE,SPRITE-LEMON-PET 1500ML+ FREE SPRITE PET 250ML,190,1500ML,PET,,,RECODING,5,2,99765140,17.36167,118,BOTTLERS NEPAL - NEPAL,SPRITE,SPRITE,SPRITE PET 2250 ML+250 ML SPRITE FREE,PET,2250.000 ML,LEMON,,2250.0,ML,270.0
2,29/01/2024,202401,2,128897531,12201020027,1706004074729,99765134,118,BOTTLERS NEPAL - NEPAL,SPRITE,SPRITE-LEMON-PET 1500ML+ FREE SPRITE PET 250ML,190,1500ML,PET,,,RECODING,5,3,20110185,23.166615,118,BOTTLERS NEPAL - NEPAL,SPRITE,SPRITE,PET 1500 ML,PET,1500.000 ML,LEMON,,1500.0,ML,0.0
2,29/01/2024,202401,2,128897531,12201020027,1706004074729,99765134,118,BOTTLERS NEPAL - NEPAL,SPRITE,SPRITE-LEMON-PET 1500ML+ FREE SPRITE PET 250ML,190,1500ML,PET,,,RECODING,5,4,20123344,27.872396,118,BOTTLERS NEPAL - NEPAL,SPRITE,SPRITE,PET 1000 ML,PET,1000.000 ML,LEMON,,1000.0,ML,0.0
2,29/01/2024,202401,2,128897531,12201020027,1706004074729,99765134,118,BOTTLERS NEPAL - NEPAL,SPRITE,SPRITE-LEMON-PET 1500ML+ FREE SPRITE PET 250ML,190,1500ML,PET,,,RECODING,5,5,52744,28.034548,118,BOTTLERS NEPAL - NEPAL,SPRITE,SPRITE,PET 250 ML,PET,250.000 ML,LEMON,,250.0,ML,0.0
2,29/01/2024,202401,2,128897531,12201020027,1706004074729,99765134,118,BOTTLERS NEPAL - NEPAL,SPRITE,SPRITE-LEMON-PET 1500ML+ FREE SPRITE PET 250ML,190,1500ML,PET,,,RECODING,5,6,20120418,28.761625,118,BOTTLERS NEPAL - NEPAL,SPRITE,SPRITE,PET 2250 ML,PET,2250.000 ML,LEMON,,2250.0,ML,0.0
2,29/01/2024,202401,2,128897531,12201020027,1706004074729,99765134,118,BOTTLERS NEPAL - NEPAL,SPRITE,SPRITE-LEMON-PET 1500ML+ FREE SPRITE PET 250ML,190,1500ML,PET,,,RECODING,5,7,99765367,29.66962,118,BOTTLERS NEPAL - NEPAL,SPRITE,SPRITE,PET 2250 ML+250 ML COKE FREE,PET,2250.000 ML,LEMON,,2250.0,ML,270.0
2,29/01/2024,202401,2,128897531,12201020027,1706004074729,99765134,118,BOTTLERS NEPAL - NEPAL,SPRITE,SPRITE-LEMON-PET 1500ML+ FREE SPRITE PET 250ML,190,1500ML,PET,,,RECODING,5,8,20122636,29.965607,118,BOTTLERS NEPAL - NEPAL,SPRITE,SPRITE,PET 300 ML,PET,300.000 ML,LEMON,,300.0,ML,0.0
2,29/01/2024,202401,2,128897531,12201020027,1706004074729,99765134,118,BOTTLERS NEPAL - NEPAL,SPRITE,SPRITE-LEMON-PET 1500ML+ FREE SPRITE PET 250ML,190,1500ML,PET,,,RECODING,5,9,20110363,29.969542,118,BOTTLERS NEPAL - NEPAL,SPRITE,SPRITE,PET 2000 ML,PET,2000.000 ML,LEMON,,2000.0,ML,0.0
2,29/01/2024,202401,2,128897531,12201020027,1706004074729,99765134,118,BOTTLERS NEPAL - NEPAL,SPRITE,SPRITE-LEMON-PET 1500ML+ FREE SPRITE PET 250ML,190,1500ML,PET,,,RECODING,5,10,20126048,30.183167,118,BOTTLERS NEPAL - NEPAL,SPRITE,SPRITE,PET 750 ML,PET,750.000 ML,LEMON,,750.0,ML,0.0
3,29/01/2024,202401,2,128877778,12201020015,1705647178425,99765132,118,BOTTLERS NEPAL - NEPAL,COCA-COLA,COCA-COLA-COLA-PET 2250ML+FREE PET 250ML COCA COLA,270,2250ML,PET,,1705647178425-bottlers nepal - nepal-coca-cola#3.png,RECODING,5,1,99765132,12.834425,118,BOTTLERS NEPAL - NEPAL,COCA-COLA,COCA-COLA,COCA-COLA PET 2250 ML+250 ML COCA-COLA FREE,PET,2250.000 ML,COLA,,2250.0,ML,270.0
3,29/01/2024,202401,2,128877778,12201020015,1705647178425,99765132,118,BOTTLERS NEPAL - NEPAL,COCA-COLA,COCA-COLA-COLA-PET 2250ML+FREE PET 250ML COCA COLA,270,2250ML,PET,,1705647178425-bottlers nepal - nepal-coca-cola#3.png,RECODING,5,2,99765354,18.655579,118,BOTTLERS NEPAL - NEPAL,COCA-COLA,COCA-COLA,PET 2000 ML+250 ML COCA-COLA FREE,PET,2000.000 ML,COLA,,2000.0,ML,220.0
3,29/01/2024,202401,2,128877778,12201020015,1705647178425,99765132,118,BOTTLERS NEPAL - NEPAL,COCA-COLA,COCA-COLA-COLA-PET 2250ML+FREE PET 250ML COCA COLA,270,2250ML,PET,,1705647178425-bottlers nepal - nepal-coca-cola#3.png,RECODING,5,3,99765133,20.054588,118,BOTTLERS NEPAL - NEPAL,COCA-COLA,COCA-COLA,COCA-COLA PET 1500 ML+250 ML COCA-COLA FREE,PET,1500.000 ML,COLA,,1500.0,ML,190.0
3,29/01/2024,202401,2,128877778,12201020015,1705647178425,99765132,118,BOTTLERS NEPAL - NEPAL,COCA-COLA,COCA-COLA-COLA-PET 2250ML+FREE PET 250ML COCA COLA,270,2250ML,PET,,1705647178425-bottlers nepal - nepal-coca-cola#3.png,RECODING,5,4,99764934,26.82415,118,BOTTLERS NEPAL - NEPAL,COCA-COLA,COCA-COLA,COCA-COLA PET 2250 ML+250 ML COCA-COLA ZERO SUGAR FREE,PET,2250.000 ML,COLA,,2250.0,ML,260.0
3,29/01/2024,202401,2,128877778,12201020015,1705647178425,99765132,118,BOTTLERS NEPAL - NEPAL,COCA-COLA,COCA-COLA-COLA-PET 2250ML+FREE PET 250ML COCA COLA,270,2250ML,PET,,1705647178425-bottlers nepal - nepal-coca-cola#3.png,RECODING,5,5,20110266,30.202148,118,BOTTLERS NEPAL - NEPAL,COCA-COLA,COCA-COLA,PET 2250 ML,PET,2250.000 ML,COLA,,2250.0,ML,0.0
3,29/01/2024,202401,2,128877778,12201020015,1705647178425,99765132,118,BOTTLERS NEPAL - NEPAL,COCA-COLA,COCA-COLA-COLA-PET 2250ML+FREE PET 250ML COCA COLA,270,2250ML,PET,,1705647178425-bottlers nepal - nepal-coca-cola#3.png,RECODING,5,6,52789,30.348228,118,BOTTLERS NEPAL - NEPAL,COCA-COLA,COCA-COLA,PET 250 ML,PET,250.000 ML,COLA,,250.0,ML,0.0
3,29/01/2024,202401,2,128877778,12201020015,1705647178425,99765132,118,BOTTLERS NEPAL - NEPAL,COCA-COLA,COCA-COLA-COLA-PET 2250ML+FREE PET 250ML COCA COLA,270,2250ML,PET,,1705647178425-bottlers nepal - nepal-coca-cola#3.png,RECODING,5,7,20162467,31.623707,118,BOTTLERS NEPAL - NEPAL,COCA-COLA,COCA-COLA,PET 2250 ML+125ML MAAZA MANGO FREE,PET,2250.000 ML,COLA,,2250.0,ML,0.0
3,29/01/2024,202401,2,128877778,12201020015,1705647178425,99765132,118,BOTTLERS NEPAL - NEPAL,COCA-COLA,COCA-COLA-COLA-PET 2250ML+FREE PET 250ML COCA COLA,270,2250ML,PET,,1705647178425-bottlers nepal - nepal-coca-cola#3.png,RECODING,5,8,20121858,35.66143,118,BOTTLERS NEPAL - NEPAL,COCA-COLA,COCA-COLA,PET 300 ML,PET,300.000 ML,COLA,,300.0,ML,0.0
3,29/01/2024,202401,2,128877778,12201020015,1705647178425,99765132,118,BOTTLERS NEPAL - NEPAL,COCA-COLA,COCA-COLA-COLA-PET 2250ML+FREE PET 250ML COCA COLA,270,2250ML,PET,,1705647178425-bottlers nepal - nepal-coca-cola#3.png,RECODING,5,9,20110294,37.448906,118,BOTTLERS NEPAL - NEPAL,COCA-COLA,COCA-COLA,PET 2000 ML,PET,2000.000 ML,COLA,,2000.0,ML,0.0
3,29/01/2024,202401,2,128877778,12201020015,1705647178425,99765132,118,BOTTLERS NEPAL - NEPAL,COCA-COLA,COCA-COLA-COLA-PET 2250ML+FREE PET 250ML COCA COLA,270,2250ML,PET,,1705647178425-bottlers nepal - nepal-coca-cola#3.png,RECODING,5,10,20123342,38.124268,118,BOTTLERS NEPAL - NEPAL,COCA-COLA,COCA-COLA,PET 1000 ML,PET,1000.000 ML,COLA,,1000.0,ML,0.0
4,29/01/2024,202401,2,128877778,12201020015,1705647364705,99765133,118,BOTTLERS NEPAL - NEPAL,COCA-COLA,COCA-COLA-COLA PET 1500ML+FREE PET 250ML,190,1500ML,PET,,1705647364705-bottlers nepal - nepal-coca-cola#3.png,RECODING,5,1,99765133,10.487205,118,BOTTLERS NEPAL - NEPAL,COCA-COLA,COCA-COLA,COCA-COLA PET 1500 ML+250 ML COCA-COLA FREE,PET,1500.000 ML,COLA,,1500.0,ML,190.0
4,29/01/2024,202401,2,128877778,12201020015,1705647364705,99765133,118,BOTTLERS NEPAL - NEPAL,COCA-COLA,COCA-COLA-COLA PET 1500ML+FREE PET 250ML,190,1500ML,PET,,1705647364705-bottlers nepal - nepal-coca-cola#3.png,RECODING,5,2,99765354,15.374984,118,BOTTLERS NEPAL - NEPAL,COCA-COLA,COCA-COLA,PET 2000 ML+250 ML COCA-COLA FREE,PET,2000.000 ML,COLA,,2000.0,ML,220.0
4,29/01/2024,202401,2,128877778,12201020015,1705647364705,99765133,118,BOTTLERS NEPAL - NEPAL,COCA-COLA,COCA-COLA-COLA PET 1500ML+FREE PET 250ML,190,1500ML,PET,,1705647364705-bottlers nepal - nepal-coca-cola#3.png,RECODING,5,3,99765132,16.20776,118,BOTTLERS NEPAL - NEPAL,COCA-COLA,COCA-COLA,COCA-COLA PET 2250 ML+250 ML COCA-COLA FREE,PET,2250.000 ML,COLA,,2250.0,ML,270.0
4,29/01/2024,202401,2,128877778,12201020015,1705647364705,99765133,118,BOTTLERS NEPAL - NEPAL,COCA-COLA,COCA-COLA-COLA PET 1500ML+FREE PET 250ML,190,1500ML,PET,,1705647364705-bottlers nepal - nepal-coca-cola#3.png,RECODING,5,4,20110105,24.04,118,BOTTLERS NEPAL - NEPAL,COCA-COLA,COCA-COLA,PET 1500 ML,PET,1500.000 ML,COLA,,1500.0,ML,0.0
4,29/01/2024,202401,2,128877778,12201020015,1705647364705,99765133,118,BOTTLERS NEPAL - NEPAL,COCA-COLA,COCA-COLA-COLA PET 1500ML+FREE PET 250ML,190,1500ML,PET,,1705647364705-bottlers nepal - nepal-coca-cola#3.png,RECODING,5,5,52789,24.812433,118,BOTTLERS NEPAL - NEPAL,COCA-COLA,COCA-COLA,PET 250 ML,PET,250.000 ML,COLA,,250.0,ML,0.0
4,29/01/2024,202401,2,128877778,12201020015,1705647364705,99765133,118,BOTTLERS NEPAL - NEPAL,COCA-COLA,COCA-COLA-COLA PET 1500ML+FREE PET 250ML,190,1500ML,PET,,1705647364705-bottlers nepal - nepal-coca-cola#3.png,RECODING,5,6,20123342,27.851973,118,BOTTLERS NEPAL - NEPAL,COCA-COLA,COCA-COLA,PET 1000 ML,PET,1000.000 ML,COLA,,1000.0,ML,0.0
4,29/01/2024,202401,2,128877778,12201020015,1705647364705,99765133,118,BOTTLERS NEPAL - NEPAL,COCA-COLA,COCA-COLA-COLA PET 1500ML+FREE PET 250ML,190,1500ML,PET,,1705647364705-bottlers nepal - nepal-coca-cola#3.png,RECODING,5,7,20110294,28.339174,118,BOTTLERS NEPAL - NEPAL,COCA-COLA,COCA-COLA,PET 2000 ML,PET,2000.000 ML,COLA,,2000.0,ML,0.0
4,29/01/2024,202401,2,128877778,12201020015,1705647364705,99765133,118,BOTTLERS NEPAL - NEPAL,COCA-COLA,COCA-COLA-COLA PET 1500ML+FREE PET 250ML,190,1500ML,PET,,1705647364705-bottlers nepal - nepal-coca-cola#3.png,RECODING,5,8,99764934,28.512701,118,BOTTLERS NEPAL - NEPAL,COCA-COLA,COCA-COLA,COCA-COLA PET 2250 ML+250 ML COCA-COLA ZERO SUGAR FREE,PET,2250.000 ML,COLA,,2250.0,ML,260.0
4,29/01/2024,202401,2,128877778,12201020015,1705647364705,99765133,118,BOTTLERS NEPAL - NEPAL,COCA-COLA,COCA-COLA-COLA PET 1500ML+FREE PET 250ML,190,1500ML,PET,,1705647364705-bottlers nepal - nepal-coca-cola#3.png,RECODING,5,9,20121858,29.447592,118,BOTTLERS NEPAL - NEPAL,COCA-COLA,COCA-COLA,PET 300 ML,PET,300.000 ML,COLA,,300.0,ML,0.0
4,29/01/2024,202401,2,128877778,12201020015,1705647364705,99765133,118,BOTTLERS NEPAL - NEPAL,COCA-COLA,COCA-COLA-COLA PET 1500ML+FREE PET 250ML,190,1500ML,PET,,1705647364705-bottlers nepal - nepal-coca-cola#3.png,RECODING,5,10,20126047,29.6796,118,BOTTLERS NEPAL - NEPAL,COCA-COLA,COCA-COLA,PET 750 ML,PET,750.000 ML,COLA,,750.0,ML,0.0
5,29/01/2024,202401,2,123145849,12303020019,1705389971580,99765133,118,BOTTLERS NEPAL - NEPAL,COCA-COLA,COCA COLA PET 1500ML FREE 250ML COCA COLA,190,1500ML,PET,,,RECODING,5,1,99765133,13.385782,118,BOTTLERS NEPAL - NEPAL,COCA-COLA,COCA-COLA,COCA-COLA PET 1500 ML+250 ML COCA-COLA FREE,PET,1500.000 ML,COLA,,1500.0,ML,190.0
5,29/01/2024,202401,2,123145849,12303020019,1705389971580,99765133,118,BOTTLERS NEPAL - NEPAL,COCA-COLA,COCA COLA PET 1500ML FREE 250ML COCA COLA,190,1500ML,PET,,,RECODING,5,2,99765354,17.145895,118,BOTTLERS NEPAL - NEPAL,COCA-COLA,COCA-COLA,PET 2000 ML+250 ML COCA-COLA FREE,PET,2000.000 ML,COLA,,2000.0,ML,220.0
5,29/01/2024,202401,2,123145849,12303020019,1705389971580,99765133,118,BOTTLERS NEPAL - NEPAL,COCA-COLA,COCA COLA PET 1500ML FREE 250ML COCA COLA,190,1500ML,PET,,,RECODING,5,3,99765132,20.080536,118,BOTTLERS NEPAL - NEPAL,COCA-COLA,COCA-COLA,COCA-COLA PET 2250 ML+250 ML COCA-COLA FREE,PET,2250.000 ML,COLA,,2250.0,ML,270.0
5,29/01/2024,202401,2,123145849,12303020019,1705389971580,99765133,118,BOTTLERS NEPAL - NEPAL,COCA-COLA,COCA COLA PET 1500ML FREE 250ML COCA COLA,190,1500ML,PET,,,RECODING,5,4,20110105,27.354462,118,BOTTLERS NEPAL - NEPAL,COCA-COLA,COCA-COLA,PET 1500 ML,PET,1500.000 ML,COLA,,1500.0,ML,0.0
5,29/01/2024,202401,2,123145849,12303020019,1705389971580,99765133,118,BOTTLERS NEPAL - NEPAL,COCA-COLA,COCA COLA PET 1500ML FREE 250ML COCA COLA,190,1500ML,PET,,,RECODING,5,5,52789,27.707458,118,BOTTLERS NEPAL - NEPAL,COCA-COLA,COCA-COLA,PET 250 ML,PET,250.000 ML,COLA,,250.0,ML,0.0
5,29/01/2024,202401,2,123145849,12303020019,1705389971580,99765133,118,BOTTLERS NEPAL - NEPAL,COCA-COLA,COCA COLA PET 1500ML FREE 250ML COCA COLA,190,1500ML,PET,,,RECODING,5,6,99764934,29.681095,118,BOTTLERS NEPAL - NEPAL,COCA-COLA,COCA-COLA,COCA-COLA PET 2250 ML+250 ML COCA-COLA ZERO SUGAR FREE,PET,2250.000 ML,COLA,,2250.0,ML,260.0
5,29/01/2024,202401,2,123145849,12303020019,1705389971580,99765133,118,BOTTLERS NEPAL - NEPAL,COCA-COLA,COCA COLA PET 1500ML FREE 250ML COCA COLA,190,1500ML,PET,,,RECODING,5,7,20110294,31.030617,118,BOTTLERS NEPAL - NEPAL,COCA-COLA,COCA-COLA,PET 2000 ML,PET,2000.000 ML,COLA,,2000.0,ML,0.0
5,29/01/2024,202401,2,123145849,12303020019,1705389971580,99765133,118,BOTTLERS NEPAL - NEPAL,COCA-COLA,COCA COLA PET 1500ML FREE 250ML COCA COLA,190,1500ML,PET,,,RECODING,5,8,20121858,31.630608,118,BOTTLERS NEPAL - NEPAL,COCA-COLA,COCA-COLA,PET 300 ML,PET,300.000 ML,COLA,,300.0,ML,0.0
5,29/01/2024,202401,2,123145849,12303020019,1705389971580,99765133,118,BOTTLERS NEPAL - NEPAL,COCA-COLA,COCA COLA PET 1500ML FREE 250ML COCA COLA,190,1500ML,PET,,,RECODING,5,9,20123342,32.152466,118,BOTTLERS NEPAL - NEPAL,COCA-COLA,COCA-COLA,PET 1000 ML,PET,1000.000 ML,COLA,,1000.0,ML,0.0
5,29/01/2024,202401,2,123145849,12303020019,1705389971580,99765133,118,BOTTLERS NEPAL - NEPAL,COCA-COLA,COCA COLA PET 1500ML FREE 250ML COCA COLA,190,1500ML,PET,,,RECODING,5,10,20110199,32.409653,118,BOTTLERS NEPAL - NEPAL,COCA-COLA,COCA-COLA,PET 500 ML,PET,500.000 ML,COLA,,500.0,ML,0.0
6,29/01/2024,202401,2,122150710,12303020015,1705389971580,99765133,118,BOTTLERS NEPAL - NEPAL,COCA-COLA,COCA COLA PET 1500ML FREE 250ML COCA COLA,190,1500ML,PET,,,RECODING,5,1,99765133,13.385782,118,BOTTLERS NEPAL - NEPAL,COCA-COLA,COCA-COLA,COCA-COLA PET 1500 ML+250 ML COCA-COLA FREE,PET,1500.000 ML,COLA,,1500.0,ML,190.0
6,29/01/2024,202401,2,122150710,12303020015,1705389971580,99765133,118,BOTTLERS NEPAL - NEPAL,COCA-COLA,COCA COLA PET 1500ML FREE 250ML COCA COLA,190,1500ML,PET,,,RECODING,5,2,99765354,17.145895,118,BOTTLERS NEPAL - NEPAL,COCA-COLA,COCA-COLA,PET 2000 ML+250 ML COCA-COLA FREE,PET,2000.000 ML,COLA,,2000.0,ML,220.0
6,29/01/2024,202401,2,122150710,12303020015,1705389971580,99765133,118,BOTTLERS NEPAL - NEPAL,COCA-COLA,COCA COLA PET 1500ML FREE 250ML COCA COLA,190,1500ML,PET,,,RECODING,5,3,99765132,20.080536,118,BOTTLERS NEPAL - NEPAL,COCA-COLA,COCA-COLA,COCA-COLA PET 2250 ML+250 ML COCA-COLA FREE,PET,2250.000 ML,COLA,,2250.0,ML,270.0
6,29/01/2024,202401,2,122150710,12303020015,1705389971580,99765133,118,BOTTLERS NEPAL - NEPAL,COCA-COLA,COCA COLA PET 1500ML FREE 250ML COCA COLA,190,1500ML,PET,,,RECODING,5,4,20110105,27.354462,118,BOTTLERS NEPAL - NEPAL,COCA-COLA,COCA-COLA,PET 1500 ML,PET,1500.000 ML,COLA,,1500.0,ML,0.0
6,29/01/2024,202401,2,122150710,12303020015,1705389971580,99765133,118,BOTTLERS NEPAL - NEPAL,COCA-COLA,COCA COLA PET 1500ML FREE 250ML COCA COLA,190,1500ML,PET,,,RECODING,5,5,52789,27.707458,118,BOTTLERS NEPAL - NEPAL,COCA-COLA,COCA-COLA,PET 250 ML,PET,250.000 ML,COLA,,250.0,ML,0.0
6,29/01/2024,202401,2,122150710,12303020015,1705389971580,99765133,118,BOTTLERS NEPAL - NEPAL,COCA-COLA,COCA COLA PET 1500ML FREE 250ML COCA COLA,190,1500ML,PET,,,RECODING,5,6,99764934,29.681095,118,BOTTLERS NEPAL - NEPAL,COCA-COLA,COCA-COLA,COCA-COLA PET 2250 ML+250 ML COCA-COLA ZERO SUGAR FREE,PET,2250.000 ML,COLA,,2250.0,ML,260.0
6,29/01/2024,202401,2,122150710,12303020015,1705389971580,99765133,118,BOTTLERS NEPAL - NEPAL,COCA-COLA,COCA COLA PET 1500ML FREE 250ML COCA COLA,190,1500ML,PET,,,RECODING,5,7,20110294,31.030617,118,BOTTLERS NEPAL - NEPAL,COCA-COLA,COCA-COLA,PET 2000 ML,PET,2000.000 ML,COLA,,2000.0,ML,0.0
6,29/01/2024,202401,2,122150710,12303020015,1705389971580,99765133,118,BOTTLERS NEPAL - NEPAL,COCA-COLA,COCA COLA PET 1500ML FREE 250ML COCA COLA,190,1500ML,PET,,,RECODING,5,8,20121858,31.630608,118,BOTTLERS NEPAL - NEPAL,COCA-COLA,COCA-COLA,PET 300 ML,PET,300.000 ML,COLA,,300.0,ML,0.0
6,29/01/2024,202401,2,122150710,12303020015,1705389971580,99765133,118,BOTTLERS NEPAL - NEPAL,COCA-COLA,COCA COLA PET 1500ML FREE 250ML COCA COLA,190,1500ML,PET,,,RECODING,5,9,20123342,32.152466,118,BOTTLERS NEPAL - NEPAL,COCA-COLA,COCA-COLA,PET 1000 ML,PET,1000.000 ML,COLA,,1000.0,ML,0.0
6,29/01/2024,202401,2,122150710,12303020015,1705389971580,99765133,118,BOTTLERS NEPAL - NEPAL,COCA-COLA,COCA COLA PET 1500ML FREE 250ML COCA COLA,190,1500ML,PET,,,RECODING,5,10,20110199,32.409653,118,BOTTLERS NEPAL - NEPAL,COCA-COLA,COCA-COLA,PET 500 ML,PET,500.000 ML,COLA,,500.0,ML,0.0
7,29/01/2024,202401,2,122150710,12303020015,1706182384923,99765118,134,DABUR NEPAL LTD.-NEPAL,REAL FRUIT POWER,REAL FRUIT POWER-MIXED FRUIT TPK 1000ML FREE REAL 180ML,290,1000ML,TPK,,1706182384923-dabur nepal ltd--nepal-real fruit power#3.png,CROSS CODING,2,1,99765363,21.362469,118,DABUR NEPAL LTD.-NEPAL,REAL,REAL FRUIT POWER,MIXED FRUIT TPK 1000 ML+REAL 180 ML FREE,TPK,1000.000 ML,MIXED FRUIT,,1000.0,ML,290.0
7,29/01/2024,202401,2,122150710,12303020015,1706182384923,99765118,134,DABUR NEPAL LTD.-NEPAL,REAL FRUIT POWER,REAL FRUIT POWER-MIXED FRUIT TPK 1000ML FREE REAL 180ML,290,1000ML,TPK,,1706182384923-dabur nepal ltd--nepal-real fruit power#3.png,CROSS CODING,2,2,99765118,31.430622,118,DABUR NEPAL LTD.-NEPAL,REAL,REAL FRUIT POWER,MIXED FRUIT TPK 1000 ML+REAL APPLE 180 ML FREE,TPK,1000.000 ML,MIXED FRUIT,,1000.0,ML,290.0
7,29/01/2024,202401,2,122150710,12303020015,1706182384923,99765118,134,DABUR NEPAL LTD.-NEPAL,REAL FRUIT POWER,REAL FRUIT POWER-MIXED FRUIT TPK 1000ML FREE REAL 180ML,290,1000ML,TPK,,1706182384923-dabur nepal ltd--nepal-real fruit power#3.png,CROSS CODING,2,3,51766,34.568394,118,DABUR NEPAL LTD.-NEPAL,REAL,REAL FRUIT POWER,MIXED FRUIT TPK 1000 ML,TPK,1000.000 ML,MIXED FRUIT,,1000.0,ML,0.0
7,29/01/2024,202401,2,122150710,12303020015,1706182384923,99765118,134,DABUR NEPAL LTD.-NEPAL,REAL FRUIT POWER,REAL FRUIT POWER-MIXED FRUIT TPK 1000ML FREE REAL 180ML,290,1000ML,TPK,,1706182384923-dabur nepal ltd--nepal-real fruit power#3.png,CROSS CODING,2,4,99763989,40.74575,118,DABUR NEPAL LTD.-NEPAL,REAL,REAL FRUIT POWER ACTIV,100% MIXED FRUIT TPK 1000 ML,TPK,1000.000 ML,MIXED FRUIT,,1000.0,ML,285.0
7,29/01/2024,202401,2,122150710,12303020015,1706182384923,99765118,134,DABUR NEPAL LTD.-NEPAL,REAL FRUIT POWER,REAL FRUIT POWER-MIXED FRUIT TPK 1000ML FREE REAL 180ML,290,1000ML,TPK,,1706182384923-dabur nepal ltd--nepal-real fruit power#3.png,CROSS CODING,2,5,52825,43.302265,118,DABUR NEPAL LTD.-NEPAL,REAL,REAL ACTIV,FRUIT POWER 100% MIXED FRUIT TPK 1000 ML,TPK,1000.000 ML,MIXED FRUIT,,1000.0,ML,0.0
7,29/01/2024,202401,2,122150710,12303020015,1706182384923,99765118,134,DABUR NEPAL LTD.-NEPAL,REAL FRUIT POWER,REAL FRUIT POWER-MIXED FRUIT TPK 1000ML FREE REAL 180ML,290,1000ML,TPK,,1706182384923-dabur nepal ltd--nepal-real fruit power#3.png,CROSS CODING,2,6,99765483,46.105083,118,DABUR NEPAL LTD.-NEPAL,REAL,REAL FRUIT POWER FUSION,MIXED FRUIT MEDLEY TPK 1000 ML,TPK,1000.000 ML,MIXED FRUIT,,1000.0,ML,160.0
7,29/01/2024,202401,2,122150710,12303020015,1706182384923,99765118,134,DABUR NEPAL LTD.-NEPAL,REAL FRUIT POWER,REAL FRUIT POWER-MIXED FRUIT TPK 1000ML FREE REAL 180ML,290,1000ML,TPK,,1706182384923-dabur nepal ltd--nepal-real fruit power#3.png,CROSS CODING,2,7,20110014,48.13344,118,DABUR NEPAL LTD.-NEPAL,REAL,REAL,MIXED FRUIT TPK 1000 ML,TPK,1000.000 ML,MIXED FRUIT,,1000.0,ML,0.0
7,29/01/2024,202401,2,122150710,12303020015,1706182384923,99765118,134,DABUR NEPAL LTD.-NEPAL,REAL FRUIT POWER,REAL FRUIT POWER-MIXED FRUIT TPK 1000ML FREE REAL 180ML,290,1000ML,TPK,,1706182384923-dabur nepal ltd--nepal-real fruit power#3.png,CROSS CODING,2,8,53072,49.15884,118,DABUR NEPAL LTD.-NEPAL,REAL,REAL,FRUIT POWER MASALA MIXED FRUIT TPK 1000 ML,TPK,1000.000 ML,MIXED FRUIT,,1000.0,ML,0.0
7,29/01/2024,202401,2,122150710,12303020015,1706182384923,99765118,134,DABUR NEPAL LTD.-NEPAL,REAL FRUIT POWER,REAL FRUIT POWER-MIXED FRUIT TPK 1000ML FREE REAL 180ML,290,1000ML,TPK,,1706182384923-dabur nepal ltd--nepal-real fruit power#3.png,CROSS CODING,2,9,99762362,51.07733,118,DABUR NEPAL LTD.-NEPAL,REAL,REAL BURRST,MIXED FRUIT TPK 180 ML,TPK,180.000 ML,MIXED FRUIT,,180.0,ML,25.0
7,29/01/2024,202401,2,122150710,12303020015,1706182384923,99765118,134,DABUR NEPAL LTD.-NEPAL,REAL FRUIT POWER,REAL FRUIT POWER-MIXED FRUIT TPK 1000ML FREE REAL 180ML,290,1000ML,TPK,,1706182384923-dabur nepal ltd--nepal-real fruit power#3.png,CROSS CODING,2,10,52828,51.519344,118,DABUR NEPAL LTD.-NEPAL,REAL,REAL,FRUIT POWER MASALA MIXED FRUIT TPK 200 ML,TPK,200.000 ML,MIXED FRUIT,,200.0,ML,0.0
8,29/01/2024,202401,2,122160674,12303020021,1705814060558,99765135,118,MANAKAMANA FRUIT & BEVERAGE-NP,CLASS COLA,CLASS COLA-PBT 1000ML,120,1000ML,PBT,,1705814060558-manakamana fruit - beverage-np-class cola#3.png,RECODING,5,1,99765135,36.32039,118,MANAKAMANA FRUIT & BEVERAGE-NP,CLASS COLA,CLASS COLA,PET 1000 ML,PET,1000.000 ML,COLA,,1000.0,ML,120.0
8,29/01/2024,202401,2,122160674,12303020021,1705814060558,99765135,118,MANAKAMANA FRUIT & BEVERAGE-NP,CLASS COLA,CLASS COLA-PBT 1000ML,120,1000ML,PBT,,1705814060558-manakamana fruit - beverage-np-class cola#3.png,RECODING,5,2,52565,46.305386,118,MANAKAMANA FRUIT & BEVERAGE-NP,CLASS COLA,CLASS COLA,ORIGINAL TASTE PET 1500 ML,PET,1500.000 ML,COLA,,1500.0,ML,0.0
8,29/01/2024,202401,2,122160674,12303020021,1705814060558,99765135,118,MANAKAMANA FRUIT & BEVERAGE-NP,CLASS COLA,CLASS COLA-PBT 1000ML,120,1000ML,PBT,,1705814060558-manakamana fruit - beverage-np-class cola#3.png,RECODING,5,3,52230,48.434074,118,MANAKAMANA FRUIT & BEVERAGE-NP,CLASS COLA,CLASS COLA,ORIGINAL TASTE PET 250 ML,PET,250.000 ML,COLA,,250.0,ML,0.0
8,29/01/2024,202401,2,122160674,12303020021,1705814060558,99765135,118,MANAKAMANA FRUIT & BEVERAGE-NP,CLASS COLA,CLASS COLA-PBT 1000ML,120,1000ML,PBT,,1705814060558-manakamana fruit - beverage-np-class cola#3.png,RECODING,5,4,52304,49.810074,118,MANAKAMANA FRUIT & BEVERAGE-NP,CLASS COLA,CLASS COLA,ORIGINAL TASTE PET 2250 ML,PET,2250.000 ML,COLA,,2250.0,ML,0.0
8,29/01/2024,202401,2,122160674,12303020021,1705814060558,99765135,118,MANAKAMANA FRUIT & BEVERAGE-NP,CLASS COLA,CLASS COLA-PBT 1000ML,120,1000ML,PBT,,1705814060558-manakamana fruit - beverage-np-class cola#3.png,RECODING,5,5,52155,50.73028,118,MANAKAMANA FRUIT & BEVERAGE-NP,CLASS COLA,CLASS COLA,ORIGINAL TASTE PET 500 ML,PET,500.000 ML,COLA,,500.0,ML,0.0
8,29/01/2024,202401,2,122160674,12303020021,1705814060558,99765135,118,MANAKAMANA FRUIT & BEVERAGE-NP,CLASS COLA,CLASS COLA-PBT 1000ML,120,1000ML,PBT,,1705814060558-manakamana fruit - beverage-np-class cola#3.png,RECODING,5,6,99765259,87.285355,118,MANAKAMANA FRUIT & BEVERAGE-NP,CLASS SODA,CLASS SODA,PET 250 ML,PET,250.000 ML,SODA,,250.0,ML,50.0
8,29/01/2024,202401,2,122160674,12303020021,1705814060558,99765135,118,MANAKAMANA FRUIT & BEVERAGE-NP,CLASS COLA,CLASS COLA-PBT 1000ML,120,1000ML,PBT,,1705814060558-manakamana fruit - beverage-np-class cola#3.png,RECODING,5,7,52571,99.49069,118,MANAKAMANA FRUIT & BEVERAGE-NP,COLD COLA,COLD COLA,ORIGINAL TASTE PET 250 ML,PET,250.000 ML,COLA,,250.0,ML,0.0
8,29/01/2024,202401,2,122160674,12303020021,1705814060558,99765135,118,MANAKAMANA FRUIT & BEVERAGE-NP,CLASS COLA,CLASS COLA-PBT 1000ML,120,1000ML,PBT,,1705814060558-manakamana fruit - beverage-np-class cola#3.png,RECODING,5,8,53266,101.21296,118,MANAKAMANA FRUIT & BEVERAGE-NP,COLD COLA,COLD COLA,ORIGINAL TASTE PET 2250 ML,PET,2250.000 ML,COLA,,2250.0,ML,0.0
8,29/01/2024,202401,2,122160674,12303020021,1705814060558,99765135,118,MANAKAMANA FRUIT & BEVERAGE-NP,CLASS COLA,CLASS COLA-PBT 1000ML,120,1000ML,PBT,,1705814060558-manakamana fruit - beverage-np-class cola#3.png,RECODING,5,9,99765103,132.4998,118,MANAKAMANA FRUIT & BEVERAGE-NP,PEACH MASTI,PEACH MASTI,PEACH PET 250 ML,PET,250.000 ML,PEACH,,250.0,ML,50.0
8,29/01/2024,202401,2,122160674,12303020021,1705814060558,99765135,118,MANAKAMANA FRUIT & BEVERAGE-NP,CLASS COLA,CLASS COLA-PBT 1000ML,120,1000ML,PBT,,1705814060558-manakamana fruit - beverage-np-class cola#3.png,RECODING,5,10,99764023,133.75522,118,MANAKAMANA FRUIT & BEVERAGE-NP,FRESHTA,FRESHTA,ORANGE PET 1500 ML,PET,1500.000 ML,ORANGE,,1500.0,ML,175.0
9,29/01/2024,202401,2,121835993,12303020026,1705389971580,99765133,118,BOTTLERS NEPAL - NEPAL,COCA-COLA,COCA COLA PET 1500ML FREE 250ML COCA COLA,190,1500ML,PET,,,RECODING,5,1,99765133,13.385782,118,BOTTLERS NEPAL - NEPAL,COCA-COLA,COCA-COLA,COCA-COLA PET 1500 ML+250 ML COCA-COLA FREE,PET,1500.000 ML,COLA,,1500.0,ML,190.0
9,29/01/2024,202401,2,121835993,12303020026,1705389971580,99765133,118,BOTTLERS NEPAL - NEPAL,COCA-COLA,COCA COLA PET 1500ML FREE 250ML COCA COLA,190,1500ML,PET,,,RECODING,5,2,99765354,17.145895,118,BOTTLERS NEPAL - NEPAL,COCA-COLA,COCA-COLA,PET 2000 ML+250 ML COCA-COLA FREE,PET,2000.000 ML,COLA,,2000.0,ML,220.0
9,29/01/2024,202401,2,121835993,12303020026,1705389971580,99765133,118,BOTTLERS NEPAL - NEPAL,COCA-COLA,COCA COLA PET 1500ML FREE 250ML COCA COLA,190,1500ML,PET,,,RECODING,5,3,99765132,20.080536,118,BOTTLERS NEPAL - NEPAL,COCA-COLA,COCA-COLA,COCA-COLA PET 2250 ML+250 ML COCA-COLA FREE,PET,2250.000 ML,COLA,,2250.0,ML,270.0
9,29/01/2024,202401,2,121835993,12303020026,1705389971580,99765133,118,BOTTLERS NEPAL - NEPAL,COCA-COLA,COCA COLA PET 1500ML FREE 250ML COCA COLA,190,1500ML,PET,,,RECODING,5,4,20110105,27.354462,118,BOTTLERS NEPAL - NEPAL,COCA-COLA,COCA-COLA,PET 1500 ML,PET,1500.000 ML,COLA,,1500.0,ML,0.0
9,29/01/2024,202401,2,121835993,12303020026,1705389971580,99765133,118,BOTTLERS NEPAL - NEPAL,COCA-COLA,COCA COLA PET 1500ML FREE 250ML COCA COLA,190,1500ML,PET,,,RECODING,5,5,52789,27.707458,118,BOTTLERS NEPAL - NEPAL,COCA-COLA,COCA-COLA,PET 250 ML,PET,250.000 ML,COLA,,250.0,ML,0.0
9,29/01/2024,202401,2,121835993,12303020026,1705389971580,99765133,118,BOTTLERS NEPAL - NEPAL,COCA-COLA,COCA COLA PET 1500ML FREE 250ML COCA COLA,190,1500ML,PET,,,RECODING,5,6,99764934,29.681095,118,BOTTLERS NEPAL - NEPAL,COCA-COLA,COCA-COLA,COCA-COLA PET 2250 ML+250 ML COCA-COLA ZERO SUGAR FREE,PET,2250.000 ML,COLA,,2250.0,ML,260.0
9,29/01/2024,202401,2,121835993,12303020026,1705389971580,99765133,118,BOTTLERS NEPAL - NEPAL,COCA-COLA,COCA COLA PET 1500ML FREE 250ML COCA COLA,190,1500ML,PET,,,RECODING,5,7,20110294,31.030617,118,BOTTLERS NEPAL - NEPAL,COCA-COLA,COCA-COLA,PET 2000 ML,PET,2000.000 ML,COLA,,2000.0,ML,0.0
9,29/01/2024,202401,2,121835993,12303020026,1705389971580,99765133,118,BOTTLERS NEPAL - NEPAL,COCA-COLA,COCA COLA PET 1500ML FREE 250ML COCA COLA,190,1500ML,PET,,,RECODING,5,8,20121858,31.630608,118,BOTTLERS NEPAL - NEPAL,COCA-COLA,COCA-COLA,PET 300 ML,PET,300.000 ML,COLA,,300.0,ML,0.0
9,29/01/2024,202401,2,121835993,12303020026,1705389971580,99765133,118,BOTTLERS NEPAL - NEPAL,COCA-COLA,COCA COLA PET 1500ML FREE 250ML COCA COLA,190,1500ML,PET,,,RECODING,5,9,20123342,32.152466,118,BOTTLERS NEPAL - NEPAL,COCA-COLA,COCA-COLA,PET 1000 ML,PET,1000.000 ML,COLA,,1000.0,ML,0.0
9,29/01/2024,202401,2,121835993,12303020026,1705389971580,99765133,118,BOTTLERS NEPAL - NEPAL,COCA-COLA,COCA COLA PET 1500ML FREE 250ML COCA COLA,190,1500ML,PET,,,RECODING,5,10,20110199,32.409653,118,BOTTLERS NEPAL - NEPAL,COCA-COLA,COCA-COLA,PET 500 ML,PET,500.000 ML,COLA,,500.0,ML,0.0
10,29/01/2024,202401,2,128827744,12201020019,1705647364705,99765133,118,BOTTLERS NEPAL - NEPAL,COCA-COLA,COCA-COLA-COLA PET 1500ML+FREE PET 250ML,190,1500ML,PET,,,RECODING,5,1,99765133,10.487205,118,BOTTLERS NEPAL - NEPAL,COCA-COLA,COCA-COLA,COCA-COLA PET 1500 ML+250 ML COCA-COLA FREE,PET,1500.000 ML,COLA,,1500.0,ML,190.0
10,29/01/2024,202401,2,128827744,12201020019,1705647364705,99765133,118,BOTTLERS NEPAL - NEPAL,COCA-COLA,COCA-COLA-COLA PET 1500ML+FREE PET 250ML,190,1500ML,PET,,,RECODING,5,2,99765354,15.374984,118,BOTTLERS NEPAL - NEPAL,COCA-COLA,COCA-COLA,PET 2000 ML+250 ML COCA-COLA FREE,PET,2000.000 ML,COLA,,2000.0,ML,220.0
10,29/01/2024,202401,2,128827744,12201020019,1705647364705,99765133,118,BOTTLERS NEPAL - NEPAL,COCA-COLA,COCA-COLA-COLA PET 1500ML+FREE PET 250ML,190,1500ML,PET,,,RECODING,5,3,99765132,16.20776,118,BOTTLERS NEPAL - NEPAL,COCA-COLA,COCA-COLA,COCA-COLA PET 2250 ML+250 ML COCA-COLA FREE,PET,2250.000 ML,COLA,,2250.0,ML,270.0
10,29/01/2024,202401,2,128827744,12201020019,1705647364705,99765133,118,BOTTLERS NEPAL - NEPAL,COCA-COLA,COCA-COLA-COLA PET 1500ML+FREE PET 250ML,190,1500ML,PET,,,RECODING,5,4,20110105,24.04,118,BOTTLERS NEPAL - NEPAL,COCA-COLA,COCA-COLA,PET 1500 ML,PET,1500.000 ML,COLA,,1500.0,ML,0.0
10,29/01/2024,202401,2,128827744,12201020019,1705647364705,99765133,118,BOTTLERS NEPAL - NEPAL,COCA-COLA,COCA-COLA-COLA PET 1500ML+FREE PET 250ML,190,1500ML,PET,,,RECODING,5,5,52789,24.812433,118,BOTTLERS NEPAL - NEPAL,COCA-COLA,COCA-COLA,PET 250 ML,PET,250.000 ML,COLA,,250.0,ML,0.0
10,29/01/2024,202401,2,128827744,12201020019,1705647364705,99765133,118,BOTTLERS NEPAL - NEPAL,COCA-COLA,COCA-COLA-COLA PET 1500ML+FREE PET 250ML,190,1500ML,PET,,,RECODING,5,6,20123342,27.851973,118,BOTTLERS NEPAL - NEPAL,COCA-COLA,COCA-COLA,PET 1000 ML,PET,1000.000 ML,COLA,,1000.0,ML,0.0
10,29/01/2024,202401,2,128827744,12201020019,1705647364705,99765133,118,BOTTLERS NEPAL - NEPAL,COCA-COLA,COCA-COLA-COLA PET 1500ML+FREE PET 250ML,190,1500ML,PET,,,RECODING,5,7,20110294,28.339174,118,BOTTLERS NEPAL - NEPAL,COCA-COLA,COCA-COLA,PET 2000 ML,PET,2000.000 ML,COLA,,2000.0,ML,0.0
10,29/01/2024,202401,2,128827744,12201020019,1705647364705,99765133,118,BOTTLERS NEPAL - NEPAL,COCA-COLA,COCA-COLA-COLA PET 1500ML+FREE PET 250ML,190,1500ML,PET,,,RECODING,5,8,99764934,28.512701,118,BOTTLERS NEPAL - NEPAL,COCA-COLA,COCA-COLA,COCA-COLA PET 2250 ML+250 ML COCA-COLA ZERO SUGAR FREE,PET,2250.000 ML,COLA,,2250.0,ML,260.0
10,29/01/2024,202401,2,128827744,12201020019,1705647364705,99765133,118,BOTTLERS NEPAL - NEPAL,COCA-COLA,COCA-COLA-COLA PET 1500ML+FREE PET 250ML,190,1500ML,PET,,,RECODING,5,9,20121858,29.447592,118,BOTTLERS NEPAL - NEPAL,COCA-COLA,COCA-COLA,PET 300 ML,PET,300.000 ML,COLA,,300.0,ML,0.0
10,29/01/2024,202401,2,128827744,12201020019,1705647364705,99765133,118,BOTTLERS NEPAL - NEPAL,COCA-COLA,COCA-COLA-COLA PET 1500ML+FREE PET 250ML,190,1500ML,PET,,,RECODING,5,10,20126047,29.6796,118,BOTTLERS NEPAL - NEPAL,COCA-COLA,COCA-COLA,PET 750 ML,PET,750.000 ML,COLA,,750.0,ML,0.0
11,29/01/2024,202401,2,117185718,41301020017,1706089179743,20110312,118,BUDDHA GRAMEEN PROCESSED DRINKING WATER INDS,BG AQUA FRESH,MOUNTAIN/DEW/1000ML,130,1000 ML,PET,,1706089179743-buddha grameen processed drinking water inds-bg aqua fresh#3.png,CROSS CODING,2,1,99762467,88.33178,118,BAUDDHA GRAMEEN PROCESSED DRINKING WATER,AQUA FRESH,AQUA FRESH,PET 1000 ML,PET,1000.000 ML,,,1000.0,ML,20.0
11,29/01/2024,202401,2,117185718,41301020017,1706089179743,20110312,118,BUDDHA GRAMEEN PROCESSED DRINKING WATER INDS,BG AQUA FRESH,MOUNTAIN/DEW/1000ML,130,1000 ML,PET,,1706089179743-buddha grameen processed drinking water inds-bg aqua fresh#3.png,CROSS CODING,2,2,52581,135.28738,118,BUDDHA BHUMI BEVERAGE-NP,AQUA FLASH,AQUA FLASH,PET 1000 ML,PET,1000.000 ML,,,1000.0,ML,0.0
11,29/01/2024,202401,2,117185718,41301020017,1706089179743,20110312,118,BUDDHA GRAMEEN PROCESSED DRINKING WATER INDS,BG AQUA FRESH,MOUNTAIN/DEW/1000ML,130,1000 ML,PET,,1706089179743-buddha grameen processed drinking water inds-bg aqua fresh#3.png,CROSS CODING,2,3,40110333,136.58405,118,G.R. DRINKS - NEPAL,AQUA FRESH,AQUA FRESH,PET 1000 ML,PET,1000.000 ML,,,1000.0,ML,0.0
11,29/01/2024,202401,2,117185718,41301020017,1706089179743,20110312,118,BUDDHA GRAMEEN PROCESSED DRINKING WATER INDS,BG AQUA FRESH,MOUNTAIN/DEW/1000ML,130,1000 ML,PET,,1706089179743-buddha grameen processed drinking water inds-bg aqua fresh#3.png,CROSS CODING,2,4,40120493,143.27603,118,NATURAL DRINKING WATER - NEPAL,AQUA NEPAL,AQUA NEPAL,PET 1000 ML,PET,1000.000 ML,,,1000.0,ML,0.0
11,29/01/2024,202401,2,117185718,41301020017,1706089179743,20110312,118,BUDDHA GRAMEEN PROCESSED DRINKING WATER INDS,BG AQUA FRESH,MOUNTAIN/DEW/1000ML,130,1000 ML,PET,,1706089179743-buddha grameen processed drinking water inds-bg aqua fresh#3.png,CROSS CODING,2,5,99762896,143.75455,118,BHAIRAV DRINKING WATER-NEPAL,AQUA V.D.W,AQUA V.D.W,PET 1000 ML,PET,1000.000 ML,,,1000.0,ML,25.0
11,29/01/2024,202401,2,117185718,41301020017,1706089179743,20110312,118,BUDDHA GRAMEEN PROCESSED DRINKING WATER INDS,BG AQUA FRESH,MOUNTAIN/DEW/1000ML,130,1000 ML,PET,,1706089179743-buddha grameen processed drinking water inds-bg aqua fresh#3.png,CROSS CODING,2,6,99762477,146.12917,118,LORD BUDDHA WATER INDUSTRIES-NPL,BASIL,BASIL,PET 1000 ML,PET,1000.000 ML,,,1000.0,ML,25.0
11,29/01/2024,202401,2,117185718,41301020017,1706089179743,20110312,118,BUDDHA GRAMEEN PROCESSED DRINKING WATER INDS,BG AQUA FRESH,MOUNTAIN/DEW/1000ML,130,1000 ML,PET,,1706089179743-buddha grameen processed drinking water inds-bg aqua fresh#3.png,CROSS CODING,2,7,40110494,146.28293,118,R.S PURE DRINKING WATER-NEPAL,AQUA SPECIAL,AQUA SPECIAL,PET 1000 ML,PET,1000.000 ML,,,1000.0,ML,0.0
11,29/01/2024,202401,2,117185718,41301020017,1706089179743,20110312,118,BUDDHA GRAMEEN PROCESSED DRINKING WATER INDS,BG AQUA FRESH,MOUNTAIN/DEW/1000ML,130,1000 ML,PET,,1706089179743-buddha grameen processed drinking water inds-bg aqua fresh#3.png,CROSS CODING,2,8,54568,146.60074,118,AARUSHI BEVERAGE INDUS-NP,AQUA BUDDHA H2O,AQUA BUDDHA H2O,PET 1000 ML,PET,1000.000 ML,,,1000.0,ML,0.0
11,29/01/2024,202401,2,117185718,41301020017,1706089179743,20110312,118,BUDDHA GRAMEEN PROCESSED DRINKING WATER INDS,BG AQUA FRESH,MOUNTAIN/DEW/1000ML,130,1000 ML,PET,,1706089179743-buddha grameen processed drinking water inds-bg aqua fresh#3.png,CROSS CODING,2,9,40110687,148.03012,118,HIM DEW BEVERAGE - NEPAL,AQUA LIFE,AQUA LIFE,PET 1000 ML,PET,1000.000 ML,,,1000.0,ML,0.0
11,29/01/2024,202401,2,117185718,41301020017,1706089179743,20110312,118,BUDDHA GRAMEEN PROCESSED DRINKING WATER INDS,BG AQUA FRESH,MOUNTAIN/DEW/1000ML,130,1000 ML,PET,,1706089179743-buddha grameen processed drinking water inds-bg aqua fresh#3.png,CROSS CODING,2,10,40125350,148.28377,118,EVER GREEN DRINKING WATER-NP,BLING,BLING,PET 1000 ML,PET,1000.000 ML,,,1000.0,ML,0.0
12,29/01/2024,202401,2,117185718,41301020017,1706088817190,99762467,134,BUDDHA GRAMEEN PROCESSED DRINKING WATER INDS,BG AQUA FRESH,BG AQUA FRESH/PET/1000ML,25,1000 ML,PET,,1706088817190-buddha grameen processed drinking water inds-bg aqua fresh#3.png,CROSS CODING,2,1,99762467,100.651344,118,BAUDDHA GRAMEEN PROCESSED DRINKING WATER,AQUA FRESH,AQUA FRESH,PET 1000 ML,PET,1000.000 ML,,,1000.0,ML,20.0
12,29/01/2024,202401,2,117185718,41301020017,1706088817190,99762467,134,BUDDHA GRAMEEN PROCESSED DRINKING WATER INDS,BG AQUA FRESH,BG AQUA FRESH/PET/1000ML,25,1000 ML,PET,,1706088817190-buddha grameen processed drinking water inds-bg aqua fresh#3.png,CROSS CODING,2,2,52581,148.56998,118,BUDDHA BHUMI BEVERAGE-NP,AQUA FLASH,AQUA FLASH,PET 1000 ML,PET,1000.000 ML,,,1000.0,ML,0.0
12,29/01/2024,202401,2,117185718,41301020017,1706088817190,99762467,134,BUDDHA GRAMEEN PROCESSED DRINKING WATER INDS,BG AQUA FRESH,BG AQUA FRESH/PET/1000ML,25,1000 ML,PET,,1706088817190-buddha grameen processed drinking water inds-bg aqua fresh#3.png,CROSS CODING,2,3,99762477,153.06244,118,LORD BUDDHA WATER INDUSTRIES-NPL,BASIL,BASIL,PET 1000 ML,PET,1000.000 ML,,,1000.0,ML,25.0
12,29/01/2024,202401,2,117185718,41301020017,1706088817190,99762467,134,BUDDHA GRAMEEN PROCESSED DRINKING WATER INDS,BG AQUA FRESH,BG AQUA FRESH/PET/1000ML,25,1000 ML,PET,,1706088817190-buddha grameen processed drinking water inds-bg aqua fresh#3.png,CROSS CODING,2,4,99762896,156.34467,118,BHAIRAV DRINKING WATER-NEPAL,AQUA V.D.W,AQUA V.D.W,PET 1000 ML,PET,1000.000 ML,,,1000.0,ML,25.0
12,29/01/2024,202401,2,117185718,41301020017,1706088817190,99762467,134,BUDDHA GRAMEEN PROCESSED DRINKING WATER INDS,BG AQUA FRESH,BG AQUA FRESH/PET/1000ML,25,1000 ML,PET,,1706088817190-buddha grameen processed drinking water inds-bg aqua fresh#3.png,CROSS CODING,2,5,40110333,157.47699,118,G.R. DRINKS - NEPAL,AQUA FRESH,AQUA FRESH,PET 1000 ML,PET,1000.000 ML,,,1000.0,ML,0.0
12,29/01/2024,202401,2,117185718,41301020017,1706088817190,99762467,134,BUDDHA GRAMEEN PROCESSED DRINKING WATER INDS,BG AQUA FRESH,BG AQUA FRESH/PET/1000ML,25,1000 ML,PET,,1706088817190-buddha grameen processed drinking water inds-bg aqua fresh#3.png,CROSS CODING,2,6,54568,159.42714,118,AARUSHI BEVERAGE INDUS-NP,AQUA BUDDHA H2O,AQUA BUDDHA H2O,PET 1000 ML,PET,1000.000 ML,,,1000.0,ML,0.0
12,29/01/2024,202401,2,117185718,41301020017,1706088817190,99762467,134,BUDDHA GRAMEEN PROCESSED DRINKING WATER INDS,BG AQUA FRESH,BG AQUA FRESH/PET/1000ML,25,1000 ML,PET,,1706088817190-buddha grameen processed drinking water inds-bg aqua fresh#3.png,CROSS CODING,2,7,47962,160.64236,118,S.P DRINKING WATER & BEV-NEPAL,AQUA SUNDAY,AQUA SUNDAY,PET 1000 ML,PET,1000.000 ML,,,1000.0,ML,0.0
12,29/01/2024,202401,2,117185718,41301020017,1706088817190,99762467,134,BUDDHA GRAMEEN PROCESSED DRINKING WATER INDS,BG AQUA FRESH,BG AQUA FRESH/PET/1000ML,25,1000 ML,PET,,1706088817190-buddha grameen processed drinking water inds-bg aqua fresh#3.png,CROSS CODING,2,8,99762591,165.99068,118,GURU DRINKING WATER-NEPAL,AQUA GURU,AQUA GURU,PET 1000 ML,PET,1000.000 ML,,,1000.0,ML,20.0
12,29/01/2024,202401,2,117185718,41301020017,1706088817190,99762467,134,BUDDHA GRAMEEN PROCESSED DRINKING WATER INDS,BG AQUA FRESH,BG AQUA FRESH/PET/1000ML,25,1000 ML,PET,,1706088817190-buddha grameen processed drinking water inds-bg aqua fresh#3.png,CROSS CODING,2,9,40125350,167.46301,118,EVER GREEN DRINKING WATER-NP,BLING,BLING,PET 1000 ML,PET,1000.000 ML,,,1000.0,ML,0.0
12,29/01/2024,202401,2,117185718,41301020017,1706088817190,99762467,134,BUDDHA GRAMEEN PROCESSED DRINKING WATER INDS,BG AQUA FRESH,BG AQUA FRESH/PET/1000ML,25,1000 ML,PET,,1706088817190-buddha grameen processed drinking water inds-bg aqua fresh#3.png,CROSS CODING,2,10,99762505,167.7595,118,BHAIRAV DRINKING WATER-NEPAL,AQUA BHAIRAV PURA,AQUA BHAIRAV PURA,PET 1000 ML,PET,1000.000 ML,,,1000.0,ML,20.0
13,29/01/2024,202401,2,116475187,41301020029,1706087263662,99765126,134,SARAS BEVERAGES PVT LTD-NEPAL,RED BULL,RED BULL /CAN/250  ML,110,250 ML,CAN,,1706087263662-saras beverages pvt ltd-nepal-red bull#3.png,CROSS CODING,2,1,99765126,18.144842,118,SARAS BEVERAGES PVT LTD-NEPAL,RED BULL,RED BULL,CAN 250 ML,CAN,250.000 ML,,,250.0,ML,110.0
13,29/01/2024,202401,2,116475187,41301020029,1706087263662,99765126,134,SARAS BEVERAGES PVT LTD-NEPAL,RED BULL,RED BULL /CAN/250  ML,110,250 ML,CAN,,1706087263662-saras beverages pvt ltd-nepal-red bull#3.png,CROSS CODING,2,2,99763607,112.806625,118,ASLE FOOD & BEVERAGE-NEPAL,ASLE BULL,ASLE BULL,CAN 250 ML,CAN,250.000 ML,,,250.0,ML,120.0
13,29/01/2024,202401,2,116475187,41301020029,1706087263662,99765126,134,SARAS BEVERAGES PVT LTD-NEPAL,RED BULL,RED BULL /CAN/250  ML,110,250 ML,CAN,,1706087263662-saras beverages pvt ltd-nepal-red bull#3.png,CROSS CODING,2,3,99765307,121.33545,118,JAGDAMBA FOODS PVT LTD-NEPAL,ROBO BULL,ROBO BULL,CAN 250 ML,CAN,250.000 ML,,,250.0,ML,120.0
13,29/01/2024,202401,2,116475187,41301020029,1706087263662,99765126,134,SARAS BEVERAGES PVT LTD-NEPAL,RED BULL,RED BULL /CAN/250  ML,110,250 ML,CAN,,1706087263662-saras beverages pvt ltd-nepal-red bull#3.png,CROSS CODING,2,4,99765195,127.343094,118,GAMA FOODS NEPAL PVT LTD-NEPAL,READY BULL,READY BULL,CAN 250 ML,CAN,250.000 ML,,,250.0,ML,120.0
13,29/01/2024,202401,2,116475187,41301020029,1706087263662,99765126,134,SARAS BEVERAGES PVT LTD-NEPAL,RED BULL,RED BULL /CAN/250  ML,110,250 ML,CAN,,1706087263662-saras beverages pvt ltd-nepal-red bull#3.png,CROSS CODING,2,5,99762532,127.46828,118,AMRAPALI BEVERAGE-NEPAL,AMRAPALI,RED RHINO,CAN 250 ML,CAN,250.000 ML,,,250.0,ML,100.0
13,29/01/2024,202401,2,116475187,41301020029,1706087263662,99765126,134,SARAS BEVERAGES PVT LTD-NEPAL,RED BULL,RED BULL /CAN/250  ML,110,250 ML,CAN,,1706087263662-saras beverages pvt ltd-nepal-red bull#3.png,CROSS CODING,2,6,99765464,144.48874,118,AGRO THAI FOODS PVT LTD-NEPAL,COSTA BRAVA,COSTA BRAVA LION,CAN 330 ML,CAN,330.000 ML,,,330.0,ML,130.0
13,29/01/2024,202401,2,116475187,41301020029,1706087263662,99765126,134,SARAS BEVERAGES PVT LTD-NEPAL,RED BULL,RED BULL /CAN/250  ML,110,250 ML,CAN,,1706087263662-saras beverages pvt ltd-nepal-red bull#3.png,CROSS CODING,2,7,99762452,147.17624,118,ASLE FOOD & BEVERAGE-NEPAL,FASHION,FASHION,CAN 250 ML,CAN,250.000 ML,,,250.0,ML,130.0
13,29/01/2024,202401,2,116475187,41301020029,1706087263662,99765126,134,SARAS BEVERAGES PVT LTD-NEPAL,RED BULL,RED BULL /CAN/250  ML,110,250 ML,CAN,,1706087263662-saras beverages pvt ltd-nepal-red bull#3.png,CROSS CODING,2,8,20110718,147.42953,118,T C PHARMACETCLS IND-THAILAND,RED BULL,RED BULL,CAN 250 ML,CAN,250.000 ML,,,250.0,ML,0.0
13,29/01/2024,202401,2,116475187,41301020029,1706087263662,99765126,134,SARAS BEVERAGES PVT LTD-NEPAL,RED BULL,RED BULL /CAN/250  ML,110,250 ML,CAN,,1706087263662-saras beverages pvt ltd-nepal-red bull#3.png,CROSS CODING,2,9,20110884,148.26015,118,RITA FOODS & DRINK CO LTD-VTNM,STAR BULL,STAR BULL,CAN 250 ML,CAN,250.000 ML,,,250.0,ML,0.0
13,29/01/2024,202401,2,116475187,41301020029,1706087263662,99765126,134,SARAS BEVERAGES PVT LTD-NEPAL,RED BULL,RED BULL /CAN/250  ML,110,250 ML,CAN,,1706087263662-saras beverages pvt ltd-nepal-red bull#3.png,CROSS CODING,2,10,99764205,149.30548,118,SURYA FOOD & BEVERAGES-NEPAL,RED ACTION,RED ACTION,CAN 250 ML,CAN,250.000 ML,,,250.0,ML,120.0
14,29/01/2024,202401,2,128993711,12201020018,1705647178425,99765132,118,BOTTLERS NEPAL - NEPAL,COCA-COLA,COCA-COLA-COLA-PET 2250ML+FREE PET 250ML COCA COLA,270,2250ML,PET,,,RECODING,5,1,99765132,12.834425,118,BOTTLERS NEPAL - NEPAL,COCA-COLA,COCA-COLA,COCA-COLA PET 2250 ML+250 ML COCA-COLA FREE,PET,2250.000 ML,COLA,,2250.0,ML,270.0
14,29/01/2024,202401,2,128993711,12201020018,1705647178425,99765132,118,BOTTLERS NEPAL - NEPAL,COCA-COLA,COCA-COLA-COLA-PET 2250ML+FREE PET 250ML COCA COLA,270,2250ML,PET,,,RECODING,5,2,99765354,18.655579,118,BOTTLERS NEPAL - NEPAL,COCA-COLA,COCA-COLA,PET 2000 ML+250 ML COCA-COLA FREE,PET,2000.000 ML,COLA,,2000.0,ML,220.0
14,29/01/2024,202401,2,128993711,12201020018,1705647178425,99765132,118,BOTTLERS NEPAL - NEPAL,COCA-COLA,COCA-COLA-COLA-PET 2250ML+FREE PET 250ML COCA COLA,270,2250ML,PET,,,RECODING,5,3,99765133,20.054588,118,BOTTLERS NEPAL - NEPAL,COCA-COLA,COCA-COLA,COCA-COLA PET 1500 ML+250 ML COCA-COLA FREE,PET,1500.000 ML,COLA,,1500.0,ML,190.0
14,29/01/2024,202401,2,128993711,12201020018,1705647178425,99765132,118,BOTTLERS NEPAL - NEPAL,COCA-COLA,COCA-COLA-COLA-PET 2250ML+FREE PET 250ML COCA COLA,270,2250ML,PET,,,RECODING,5,4,99764934,26.82415,118,BOTTLERS NEPAL - NEPAL,COCA-COLA,COCA-COLA,COCA-COLA PET 2250 ML+250 ML COCA-COLA ZERO SUGAR FREE,PET,2250.000 ML,COLA,,2250.0,ML,260.0
14,29/01/2024,202401,2,128993711,12201020018,1705647178425,99765132,118,BOTTLERS NEPAL - NEPAL,COCA-COLA,COCA-COLA-COLA-PET 2250ML+FREE PET 250ML COCA COLA,270,2250ML,PET,,,RECODING,5,5,20110266,30.202148,118,BOTTLERS NEPAL - NEPAL,COCA-COLA,COCA-COLA,PET 2250 ML,PET,2250.000 ML,COLA,,2250.0,ML,0.0
14,29/01/2024,202401,2,128993711,12201020018,1705647178425,99765132,118,BOTTLERS NEPAL - NEPAL,COCA-COLA,COCA-COLA-COLA-PET 2250ML+FREE PET 250ML COCA COLA,270,2250ML,PET,,,RECODING,5,6,52789,30.348228,118,BOTTLERS NEPAL - NEPAL,COCA-COLA,COCA-COLA,PET 250 ML,PET,250.000 ML,COLA,,250.0,ML,0.0
14,29/01/2024,202401,2,128993711,12201020018,1705647178425,99765132,118,BOTTLERS NEPAL - NEPAL,COCA-COLA,COCA-COLA-COLA-PET 2250ML+FREE PET 250ML COCA COLA,270,2250ML,PET,,,RECODING,5,7,20162467,31.623707,118,BOTTLERS NEPAL - NEPAL,COCA-COLA,COCA-COLA,PET 2250 ML+125ML MAAZA MANGO FREE,PET,2250.000 ML,COLA,,2250.0,ML,0.0
14,29/01/2024,202401,2,128993711,12201020018,1705647178425,99765132,118,BOTTLERS NEPAL - NEPAL,COCA-COLA,COCA-COLA-COLA-PET 2250ML+FREE PET 250ML COCA COLA,270,2250ML,PET,,,RECODING,5,8,20121858,35.66143,118,BOTTLERS NEPAL - NEPAL,COCA-COLA,COCA-COLA,PET 300 ML,PET,300.000 ML,COLA,,300.0,ML,0.0
14,29/01/2024,202401,2,128993711,12201020018,1705647178425,99765132,118,BOTTLERS NEPAL - NEPAL,COCA-COLA,COCA-COLA-COLA-PET 2250ML+FREE PET 250ML COCA COLA,270,2250ML,PET,,,RECODING,5,9,20110294,37.448906,118,BOTTLERS NEPAL - NEPAL,COCA-COLA,COCA-COLA,PET 2000 ML,PET,2000.000 ML,COLA,,2000.0,ML,0.0
14,29/01/2024,202401,2,128993711,12201020018,1705647178425,99765132,118,BOTTLERS NEPAL - NEPAL,COCA-COLA,COCA-COLA-COLA-PET 2250ML+FREE PET 250ML COCA COLA,270,2250ML,PET,,,RECODING,5,10,20123342,38.124268,118,BOTTLERS NEPAL - NEPAL,COCA-COLA,COCA-COLA,PET 1000 ML,PET,1000.000 ML,COLA,,1000.0,ML,0.0
15,29/01/2024,202401,2,128812959,12201020024,1705647178425,99765132,118,BOTTLERS NEPAL - NEPAL,COCA-COLA,COCA-COLA-COLA-PET 2250ML+FREE PET 250ML COCA COLA,270,2250ML,PET,,,RECODING,5,1,99765132,12.834425,118,BOTTLERS NEPAL - NEPAL,COCA-COLA,COCA-COLA,COCA-COLA PET 2250 ML+250 ML COCA-COLA FREE,PET,2250.000 ML,COLA,,2250.0,ML,270.0
15,29/01/2024,202401,2,128812959,12201020024,1705647178425,99765132,118,BOTTLERS NEPAL - NEPAL,COCA-COLA,COCA-COLA-COLA-PET 2250ML+FREE PET 250ML COCA COLA,270,2250ML,PET,,,RECODING,5,2,99765354,18.655579,118,BOTTLERS NEPAL - NEPAL,COCA-COLA,COCA-COLA,PET 2000 ML+250 ML COCA-COLA FREE,PET,2000.000 ML,COLA,,2000.0,ML,220.0
15,29/01/2024,202401,2,128812959,12201020024,1705647178425,99765132,118,BOTTLERS NEPAL - NEPAL,COCA-COLA,COCA-COLA-COLA-PET 2250ML+FREE PET 250ML COCA COLA,270,2250ML,PET,,,RECODING,5,3,99765133,20.054588,118,BOTTLERS NEPAL - NEPAL,COCA-COLA,COCA-COLA,COCA-COLA PET 1500 ML+250 ML COCA-COLA FREE,PET,1500.000 ML,COLA,,1500.0,ML,190.0
15,29/01/2024,202401,2,128812959,12201020024,1705647178425,99765132,118,BOTTLERS NEPAL - NEPAL,COCA-COLA,COCA-COLA-COLA-PET 2250ML+FREE PET 250ML COCA COLA,270,2250ML,PET,,,RECODING,5,4,99764934,26.82415,118,BOTTLERS NEPAL - NEPAL,COCA-COLA,COCA-COLA,COCA-COLA PET 2250 ML+250 ML COCA-COLA ZERO SUGAR FREE,PET,2250.000 ML,COLA,,2250.0,ML,260.0
15,29/01/2024,202401,2,128812959,12201020024,1705647178425,99765132,118,BOTTLERS NEPAL - NEPAL,COCA-COLA,COCA-COLA-COLA-PET 2250ML+FREE PET 250ML COCA COLA,270,2250ML,PET,,,RECODING,5,5,20110266,30.202148,118,BOTTLERS NEPAL - NEPAL,COCA-COLA,COCA-COLA,PET 2250 ML,PET,2250.000 ML,COLA,,2250.0,ML,0.0
15,29/01/2024,202401,2,128812959,12201020024,1705647178425,99765132,118,BOTTLERS NEPAL - NEPAL,COCA-COLA,COCA-COLA-COLA-PET 2250ML+FREE PET 250ML COCA COLA,270,2250ML,PET,,,RECODING,5,6,52789,30.348228,118,BOTTLERS NEPAL - NEPAL,COCA-COLA,COCA-COLA,PET 250 ML,PET,250.000 ML,COLA,,250.0,ML,0.0
15,29/01/2024,202401,2,128812959,12201020024,1705647178425,99765132,118,BOTTLERS NEPAL - NEPAL,COCA-COLA,COCA-COLA-COLA-PET 2250ML+FREE PET 250ML COCA COLA,270,2250ML,PET,,,RECODING,5,7,20162467,31.623707,118,BOTTLERS NEPAL - NEPAL,COCA-COLA,COCA-COLA,PET 2250 ML+125ML MAAZA MANGO FREE,PET,2250.000 ML,COLA,,2250.0,ML,0.0
15,29/01/2024,202401,2,128812959,12201020024,1705647178425,99765132,118,BOTTLERS NEPAL - NEPAL,COCA-COLA,COCA-COLA-COLA-PET 2250ML+FREE PET 250ML COCA COLA,270,2250ML,PET,,,RECODING,5,8,20121858,35.66143,118,BOTTLERS NEPAL - NEPAL,COCA-COLA,COCA-COLA,PET 300 ML,PET,300.000 ML,COLA,,300.0,ML,0.0
15,29/01/2024,202401,2,128812959,12201020024,1705647178425,99765132,118,BOTTLERS NEPAL - NEPAL,COCA-COLA,COCA-COLA-COLA-PET 2250ML+FREE PET 250ML COCA COLA,270,2250ML,PET,,,RECODING,5,9,20110294,37.448906,118,BOTTLERS NEPAL - NEPAL,COCA-COLA,COCA-COLA,PET 2000 ML,PET,2000.000 ML,COLA,,2000.0,ML,0.0
15,29/01/2024,202401,2,128812959,12201020024,1705647178425,99765132,118,BOTTLERS NEPAL - NEPAL,COCA-COLA,COCA-COLA-COLA-PET 2250ML+FREE PET 250ML COCA COLA,270,2250ML,PET,,,RECODING,5,10,20123342,38.124268,118,BOTTLERS NEPAL - NEPAL,COCA-COLA,COCA-COLA,PET 1000 ML,PET,1000.000 ML,COLA,,1000.0,ML,0.0
16,29/01/2024,202401,2,128702441,12201020028,1705647364705,99765133,118,BOTTLERS NEPAL - NEPAL,COCA-COLA,COCA-COLA-COLA PET 1500ML+FREE PET 250ML,190,1500ML,PET,,,RECODING,5,1,99765133,10.487205,118,BOTTLERS NEPAL - NEPAL,COCA-COLA,COCA-COLA,COCA-COLA PET 1500 ML+250 ML COCA-COLA FREE,PET,1500.000 ML,COLA,,1500.0,ML,190.0
16,29/01/2024,202401,2,128702441,12201020028,1705647364705,99765133,118,BOTTLERS NEPAL - NEPAL,COCA-COLA,COCA-COLA-COLA PET 1500ML+FREE PET 250ML,190,1500ML,PET,,,RECODING,5,2,99765354,15.374984,118,BOTTLERS NEPAL - NEPAL,COCA-COLA,COCA-COLA,PET 2000 ML+250 ML COCA-COLA FREE,PET,2000.000 ML,COLA,,2000.0,ML,220.0
16,29/01/2024,202401,2,128702441,12201020028,1705647364705,99765133,118,BOTTLERS NEPAL - NEPAL,COCA-COLA,COCA-COLA-COLA PET 1500ML+FREE PET 250ML,190,1500ML,PET,,,RECODING,5,3,99765132,16.20776,118,BOTTLERS NEPAL - NEPAL,COCA-COLA,COCA-COLA,COCA-COLA PET 2250 ML+250 ML COCA-COLA FREE,PET,2250.000 ML,COLA,,2250.0,ML,270.0
16,29/01/2024,202401,2,128702441,12201020028,1705647364705,99765133,118,BOTTLERS NEPAL - NEPAL,COCA-COLA,COCA-COLA-COLA PET 1500ML+FREE PET 250ML,190,1500ML,PET,,,RECODING,5,4,20110105,24.04,118,BOTTLERS NEPAL - NEPAL,COCA-COLA,COCA-COLA,PET 1500 ML,PET,1500.000 ML,COLA,,1500.0,ML,0.0
16,29/01/2024,202401,2,128702441,12201020028,1705647364705,99765133,118,BOTTLERS NEPAL - NEPAL,COCA-COLA,COCA-COLA-COLA PET 1500ML+FREE PET 250ML,190,1500ML,PET,,,RECODING,5,5,52789,24.812433,118,BOTTLERS NEPAL - NEPAL,COCA-COLA,COCA-COLA,PET 250 ML,PET,250.000 ML,COLA,,250.0,ML,0.0
16,29/01/2024,202401,2,128702441,12201020028,1705647364705,99765133,118,BOTTLERS NEPAL - NEPAL,COCA-COLA,COCA-COLA-COLA PET 1500ML+FREE PET 250ML,190,1500ML,PET,,,RECODING,5,6,20123342,27.851973,118,BOTTLERS NEPAL - NEPAL,COCA-COLA,COCA-COLA,PET 1000 ML,PET,1000.000 ML,COLA,,1000.0,ML,0.0
16,29/01/2024,202401,2,128702441,12201020028,1705647364705,99765133,118,BOTTLERS NEPAL - NEPAL,COCA-COLA,COCA-COLA-COLA PET 1500ML+FREE PET 250ML,190,1500ML,PET,,,RECODING,5,7,20110294,28.339174,118,BOTTLERS NEPAL - NEPAL,COCA-COLA,COCA-COLA,PET 2000 ML,PET,2000.000 ML,COLA,,2000.0,ML,0.0
16,29/01/2024,202401,2,128702441,12201020028,1705647364705,99765133,118,BOTTLERS NEPAL - NEPAL,COCA-COLA,COCA-COLA-COLA PET 1500ML+FREE PET 250ML,190,1500ML,PET,,,RECODING,5,8,99764934,28.512701,118,BOTTLERS NEPAL - NEPAL,COCA-COLA,COCA-COLA,COCA-COLA PET 2250 ML+250 ML COCA-COLA ZERO SUGAR FREE,PET,2250.000 ML,COLA,,2250.0,ML,260.0
16,29/01/2024,202401,2,128702441,12201020028,1705647364705,99765133,118,BOTTLERS NEPAL - NEPAL,COCA-COLA,COCA-COLA-COLA PET 1500ML+FREE PET 250ML,190,1500ML,PET,,,RECODING,5,9,20121858,29.447592,118,BOTTLERS NEPAL - NEPAL,COCA-COLA,COCA-COLA,PET 300 ML,PET,300.000 ML,COLA,,300.0,ML,0.0
16,29/01/2024,202401,2,128702441,12201020028,1705647364705,99765133,118,BOTTLERS NEPAL - NEPAL,COCA-COLA,COCA-COLA-COLA PET 1500ML+FREE PET 250ML,190,1500ML,PET,,,RECODING,5,10,20126047,29.6796,118,BOTTLERS NEPAL - NEPAL,COCA-COLA,COCA-COLA,PET 750 ML,PET,750.000 ML,COLA,,750.0,ML,0.0
17,29/01/2024,202401,2,128702441,12201020028,1705647178425,99765132,118,BOTTLERS NEPAL - NEPAL,COCA-COLA,COCA-COLA-COLA-PET 2250ML+FREE PET 250ML COCA COLA,270,2250ML,PET,,,RECODING,5,1,99765132,12.834425,118,BOTTLERS NEPAL - NEPAL,COCA-COLA,COCA-COLA,COCA-COLA PET 2250 ML+250 ML COCA-COLA FREE,PET,2250.000 ML,COLA,,2250.0,ML,270.0
17,29/01/2024,202401,2,128702441,12201020028,1705647178425,99765132,118,BOTTLERS NEPAL - NEPAL,COCA-COLA,COCA-COLA-COLA-PET 2250ML+FREE PET 250ML COCA COLA,270,2250ML,PET,,,RECODING,5,2,99765354,18.655579,118,BOTTLERS NEPAL - NEPAL,COCA-COLA,COCA-COLA,PET 2000 ML+250 ML COCA-COLA FREE,PET,2000.000 ML,COLA,,2000.0,ML,220.0
17,29/01/2024,202401,2,128702441,12201020028,1705647178425,99765132,118,BOTTLERS NEPAL - NEPAL,COCA-COLA,COCA-COLA-COLA-PET 2250ML+FREE PET 250ML COCA COLA,270,2250ML,PET,,,RECODING,5,3,99765133,20.054588,118,BOTTLERS NEPAL - NEPAL,COCA-COLA,COCA-COLA,COCA-COLA PET 1500 ML+250 ML COCA-COLA FREE,PET,1500.000 ML,COLA,,1500.0,ML,190.0
17,29/01/2024,202401,2,128702441,12201020028,1705647178425,99765132,118,BOTTLERS NEPAL - NEPAL,COCA-COLA,COCA-COLA-COLA-PET 2250ML+FREE PET 250ML COCA COLA,270,2250ML,PET,,,RECODING,5,4,99764934,26.82415,118,BOTTLERS NEPAL - NEPAL,COCA-COLA,COCA-COLA,COCA-COLA PET 2250 ML+250 ML COCA-COLA ZERO SUGAR FREE,PET,2250.000 ML,COLA,,2250.0,ML,260.0
17,29/01/2024,202401,2,128702441,12201020028,1705647178425,99765132,118,BOTTLERS NEPAL - NEPAL,COCA-COLA,COCA-COLA-COLA-PET 2250ML+FREE PET 250ML COCA COLA,270,2250ML,PET,,,RECODING,5,5,20110266,30.202148,118,BOTTLERS NEPAL - NEPAL,COCA-COLA,COCA-COLA,PET 2250 ML,PET,2250.000 ML,COLA,,2250.0,ML,0.0
17,29/01/2024,202401,2,128702441,12201020028,1705647178425,99765132,118,BOTTLERS NEPAL - NEPAL,COCA-COLA,COCA-COLA-COLA-PET 2250ML+FREE PET 250ML COCA COLA,270,2250ML,PET,,,RECODING,5,6,52789,30.348228,118,BOTTLERS NEPAL - NEPAL,COCA-COLA,COCA-COLA,PET 250 ML,PET,250.000 ML,COLA,,250.0,ML,0.0
17,29/01/2024,202401,2,128702441,12201020028,1705647178425,99765132,118,BOTTLERS NEPAL - NEPAL,COCA-COLA,COCA-COLA-COLA-PET 2250ML+FREE PET 250ML COCA COLA,270,2250ML,PET,,,RECODING,5,7,20162467,31.623707,118,BOTTLERS NEPAL - NEPAL,COCA-COLA,COCA-COLA,PET 2250 ML+125ML MAAZA MANGO FREE,PET,2250.000 ML,COLA,,2250.0,ML,0.0
17,29/01/2024,202401,2,128702441,12201020028,1705647178425,99765132,118,BOTTLERS NEPAL - NEPAL,COCA-COLA,COCA-COLA-COLA-PET 2250ML+FREE PET 250ML COCA COLA,270,2250ML,PET,,,RECODING,5,8,20121858,35.66143,118,BOTTLERS NEPAL - NEPAL,COCA-COLA,COCA-COLA,PET 300 ML,PET,300.000 ML,COLA,,300.0,ML,0.0
17,29/01/2024,202401,2,128702441,12201020028,1705647178425,99765132,118,BOTTLERS NEPAL - NEPAL,COCA-COLA,COCA-COLA-COLA-PET 2250ML+FREE PET 250ML COCA COLA,270,2250ML,PET,,,RECODING,5,9,20110294,37.448906,118,BOTTLERS NEPAL - NEPAL,COCA-COLA,COCA-COLA,PET 2000 ML,PET,2000.000 ML,COLA,,2000.0,ML,0.0
17,29/01/2024,202401,2,128702441,12201020028,1705647178425,99765132,118,BOTTLERS NEPAL - NEPAL,COCA-COLA,COCA-COLA-COLA-PET 2250ML+FREE PET 250ML COCA COLA,270,2250ML,PET,,,RECODING,5,10,20123342,38.124268,118,BOTTLERS NEPAL - NEPAL,COCA-COLA,COCA-COLA,PET 1000 ML,PET,1000.000 ML,COLA,,1000.0,ML,0.0
18,29/01/2024,202401,2,128876850,12201020011,1705647364705,99765133,118,BOTTLERS NEPAL - NEPAL,COCA-COLA,COCA-COLA-COLA PET 1500ML+FREE PET 250ML,190,1500ML,PET,,,RECODING,5,1,99765133,10.487205,118,BOTTLERS NEPAL - NEPAL,COCA-COLA,COCA-COLA,COCA-COLA PET 1500 ML+250 ML COCA-COLA FREE,PET,1500.000 ML,COLA,,1500.0,ML,190.0
18,29/01/2024,202401,2,128876850,12201020011,1705647364705,99765133,118,BOTTLERS NEPAL - NEPAL,COCA-COLA,COCA-COLA-COLA PET 1500ML+FREE PET 250ML,190,1500ML,PET,,,RECODING,5,2,99765354,15.374984,118,BOTTLERS NEPAL - NEPAL,COCA-COLA,COCA-COLA,PET 2000 ML+250 ML COCA-COLA FREE,PET,2000.000 ML,COLA,,2000.0,ML,220.0
18,29/01/2024,202401,2,128876850,12201020011,1705647364705,99765133,118,BOTTLERS NEPAL - NEPAL,COCA-COLA,COCA-COLA-COLA PET 1500ML+FREE PET 250ML,190,1500ML,PET,,,RECODING,5,3,99765132,16.20776,118,BOTTLERS NEPAL - NEPAL,COCA-COLA,COCA-COLA,COCA-COLA PET 2250 ML+250 ML COCA-COLA FREE,PET,2250.000 ML,COLA,,2250.0,ML,270.0
18,29/01/2024,202401,2,128876850,12201020011,1705647364705,99765133,118,BOTTLERS NEPAL - NEPAL,COCA-COLA,COCA-COLA-COLA PET 1500ML+FREE PET 250ML,190,1500ML,PET,,,RECODING,5,4,20110105,24.04,118,BOTTLERS NEPAL - NEPAL,COCA-COLA,COCA-COLA,PET 1500 ML,PET,1500.000 ML,COLA,,1500.0,ML,0.0
18,29/01/2024,202401,2,128876850,12201020011,1705647364705,99765133,118,BOTTLERS NEPAL - NEPAL,COCA-COLA,COCA-COLA-COLA PET 1500ML+FREE PET 250ML,190,1500ML,PET,,,RECODING,5,5,52789,24.812433,118,BOTTLERS NEPAL - NEPAL,COCA-COLA,COCA-COLA,PET 250 ML,PET,250.000 ML,COLA,,250.0,ML,0.0
18,29/01/2024,202401,2,128876850,12201020011,1705647364705,99765133,118,BOTTLERS NEPAL - NEPAL,COCA-COLA,COCA-COLA-COLA PET 1500ML+FREE PET 250ML,190,1500ML,PET,,,RECODING,5,6,20123342,27.851973,118,BOTTLERS NEPAL - NEPAL,COCA-COLA,COCA-COLA,PET 1000 ML,PET,1000.000 ML,COLA,,1000.0,ML,0.0
18,29/01/2024,202401,2,128876850,12201020011,1705647364705,99765133,118,BOTTLERS NEPAL - NEPAL,COCA-COLA,COCA-COLA-COLA PET 1500ML+FREE PET 250ML,190,1500ML,PET,,,RECODING,5,7,20110294,28.339174,118,BOTTLERS NEPAL - NEPAL,COCA-COLA,COCA-COLA,PET 2000 ML,PET,2000.000 ML,COLA,,2000.0,ML,0.0
18,29/01/2024,202401,2,128876850,12201020011,1705647364705,99765133,118,BOTTLERS NEPAL - NEPAL,COCA-COLA,COCA-COLA-COLA PET 1500ML+FREE PET 250ML,190,1500ML,PET,,,RECODING,5,8,99764934,28.512701,118,BOTTLERS NEPAL - NEPAL,COCA-COLA,COCA-COLA,COCA-COLA PET 2250 ML+250 ML COCA-COLA ZERO SUGAR FREE,PET,2250.000 ML,COLA,,2250.0,ML,260.0
18,29/01/2024,202401,2,128876850,12201020011,1705647364705,99765133,118,BOTTLERS NEPAL - NEPAL,COCA-COLA,COCA-COLA-COLA PET 1500ML+FREE PET 250ML,190,1500ML,PET,,,RECODING,5,9,20121858,29.447592,118,BOTTLERS NEPAL - NEPAL,COCA-COLA,COCA-COLA,PET 300 ML,PET,300.000 ML,COLA,,300.0,ML,0.0
18,29/01/2024,202401,2,128876850,12201020011,1705647364705,99765133,118,BOTTLERS NEPAL - NEPAL,COCA-COLA,COCA-COLA-COLA PET 1500ML+FREE PET 250ML,190,1500ML,PET,,,RECODING,5,10,20126047,29.6796,118,BOTTLERS NEPAL - NEPAL,COCA-COLA,COCA-COLA,PET 750 ML,PET,750.000 ML,COLA,,750.0,ML,0.0
19,29/01/2024,202401,2,128876850,12201020011,1706004074729,99765134,118,BOTTLERS NEPAL - NEPAL,SPRITE,SPRITE-LEMON-PET 1500ML+ FREE SPRITE PET 250ML,190,1500ML,PET,,1706004074729-bottlers nepal - nepal-sprite#3.png,RECODING,5,1,99765134,13.051142,118,BOTTLERS NEPAL - NEPAL,SPRITE,SPRITE,SPRITE PET 1500 ML+250 ML SPRITE FREE,PET,1500.000 ML,LEMON,,1500.0,ML,190.0
19,29/01/2024,202401,2,128876850,12201020011,1706004074729,99765134,118,BOTTLERS NEPAL - NEPAL,SPRITE,SPRITE-LEMON-PET 1500ML+ FREE SPRITE PET 250ML,190,1500ML,PET,,1706004074729-bottlers nepal - nepal-sprite#3.png,RECODING,5,2,99765140,17.36167,118,BOTTLERS NEPAL - NEPAL,SPRITE,SPRITE,SPRITE PET 2250 ML+250 ML SPRITE FREE,PET,2250.000 ML,LEMON,,2250.0,ML,270.0
19,29/01/2024,202401,2,128876850,12201020011,1706004074729,99765134,118,BOTTLERS NEPAL - NEPAL,SPRITE,SPRITE-LEMON-PET 1500ML+ FREE SPRITE PET 250ML,190,1500ML,PET,,1706004074729-bottlers nepal - nepal-sprite#3.png,RECODING,5,3,20110185,23.166615,118,BOTTLERS NEPAL - NEPAL,SPRITE,SPRITE,PET 1500 ML,PET,1500.000 ML,LEMON,,1500.0,ML,0.0
19,29/01/2024,202401,2,128876850,12201020011,1706004074729,99765134,118,BOTTLERS NEPAL - NEPAL,SPRITE,SPRITE-LEMON-PET 1500ML+ FREE SPRITE PET 250ML,190,1500ML,PET,,1706004074729-bottlers nepal - nepal-sprite#3.png,RECODING,5,4,20123344,27.872396,118,BOTTLERS NEPAL - NEPAL,SPRITE,SPRITE,PET 1000 ML,PET,1000.000 ML,LEMON,,1000.0,ML,0.0
19,29/01/2024,202401,2,128876850,12201020011,1706004074729,99765134,118,BOTTLERS NEPAL - NEPAL,SPRITE,SPRITE-LEMON-PET 1500ML+ FREE SPRITE PET 250ML,190,1500ML,PET,,1706004074729-bottlers nepal - nepal-sprite#3.png,RECODING,5,5,52744,28.034548,118,BOTTLERS NEPAL - NEPAL,SPRITE,SPRITE,PET 250 ML,PET,250.000 ML,LEMON,,250.0,ML,0.0
19,29/01/2024,202401,2,128876850,12201020011,1706004074729,99765134,118,BOTTLERS NEPAL - NEPAL,SPRITE,SPRITE-LEMON-PET 1500ML+ FREE SPRITE PET 250ML,190,1500ML,PET,,1706004074729-bottlers nepal - nepal-sprite#3.png,RECODING,5,6,20120418,28.761625,118,BOTTLERS NEPAL - NEPAL,SPRITE,SPRITE,PET 2250 ML,PET,2250.000 ML,LEMON,,2250.0,ML,0.0
19,29/01/2024,202401,2,128876850,12201020011,1706004074729,99765134,118,BOTTLERS NEPAL - NEPAL,SPRITE,SPRITE-LEMON-PET 1500ML+ FREE SPRITE PET 250ML,190,1500ML,PET,,1706004074729-bottlers nepal - nepal-sprite#3.png,RECODING,5,7,99765367,29.66962,118,BOTTLERS NEPAL - NEPAL,SPRITE,SPRITE,PET 2250 ML+250 ML COKE FREE,PET,2250.000 ML,LEMON,,2250.0,ML,270.0
19,29/01/2024,202401,2,128876850,12201020011,1706004074729,99765134,118,BOTTLERS NEPAL - NEPAL,SPRITE,SPRITE-LEMON-PET 1500ML+ FREE SPRITE PET 250ML,190,1500ML,PET,,1706004074729-bottlers nepal - nepal-sprite#3.png,RECODING,5,8,20122636,29.965607,118,BOTTLERS NEPAL - NEPAL,SPRITE,SPRITE,PET 300 ML,PET,300.000 ML,LEMON,,300.0,ML,0.0
19,29/01/2024,202401,2,128876850,12201020011,1706004074729,99765134,118,BOTTLERS NEPAL - NEPAL,SPRITE,SPRITE-LEMON-PET 1500ML+ FREE SPRITE PET 250ML,190,1500ML,PET,,1706004074729-bottlers nepal - nepal-sprite#3.png,RECODING,5,9,20110363,29.969542,118,BOTTLERS NEPAL - NEPAL,SPRITE,SPRITE,PET 2000 ML,PET,2000.000 ML,LEMON,,2000.0,ML,0.0
19,29/01/2024,202401,2,128876850,12201020011,1706004074729,99765134,118,BOTTLERS NEPAL - NEPAL,SPRITE,SPRITE-LEMON-PET 1500ML+ FREE SPRITE PET 250ML,190,1500ML,PET,,1706004074729-bottlers nepal - nepal-sprite#3.png,RECODING,5,10,20126048,30.183167,118,BOTTLERS NEPAL - NEPAL,SPRITE,SPRITE,PET 750 ML,PET,750.000 ML,LEMON,,750.0,ML,0.0
20,29/01/2024,202401,2,109948383,21102020037,1705906316447,99765132,118,BOTTLERS NEPAL - NEPAL,COCA-COLA,COCA-COLA/PBT/2250ML/RS270/FREE 250ML COCA COLA/BOTTLERS NEPSL,270,2250 ML,PBT,,,RECODING,5,1,99765132,40.544197,118,BOTTLERS NEPAL - NEPAL,COCA-COLA,COCA-COLA,COCA-COLA PET 2250 ML+250 ML COCA-COLA FREE,PET,2250.000 ML,COLA,,2250.0,ML,270.0
20,29/01/2024,202401,2,109948383,21102020037,1705906316447,99765132,118,BOTTLERS NEPAL - NEPAL,COCA-COLA,COCA-COLA/PBT/2250ML/RS270/FREE 250ML COCA COLA/BOTTLERS NEPSL,270,2250 ML,PBT,,,RECODING,5,2,99765354,45.14308,118,BOTTLERS NEPAL - NEPAL,COCA-COLA,COCA-COLA,PET 2000 ML+250 ML COCA-COLA FREE,PET,2000.000 ML,COLA,,2000.0,ML,220.0
20,29/01/2024,202401,2,109948383,21102020037,1705906316447,99765132,118,BOTTLERS NEPAL - NEPAL,COCA-COLA,COCA-COLA/PBT/2250ML/RS270/FREE 250ML COCA COLA/BOTTLERS NEPSL,270,2250 ML,PBT,,,RECODING,5,3,99765133,45.950657,118,BOTTLERS NEPAL - NEPAL,COCA-COLA,COCA-COLA,COCA-COLA PET 1500 ML+250 ML COCA-COLA FREE,PET,1500.000 ML,COLA,,1500.0,ML,190.0
20,29/01/2024,202401,2,109948383,21102020037,1705906316447,99765132,118,BOTTLERS NEPAL - NEPAL,COCA-COLA,COCA-COLA/PBT/2250ML/RS270/FREE 250ML COCA COLA/BOTTLERS NEPSL,270,2250 ML,PBT,,,RECODING,5,4,52789,50.926228,118,BOTTLERS NEPAL - NEPAL,COCA-COLA,COCA-COLA,PET 250 ML,PET,250.000 ML,COLA,,250.0,ML,0.0
20,29/01/2024,202401,2,109948383,21102020037,1705906316447,99765132,118,BOTTLERS NEPAL - NEPAL,COCA-COLA,COCA-COLA/PBT/2250ML/RS270/FREE 250ML COCA COLA/BOTTLERS NEPSL,270,2250 ML,PBT,,,RECODING,5,5,99764934,53.406567,118,BOTTLERS NEPAL - NEPAL,COCA-COLA,COCA-COLA,COCA-COLA PET 2250 ML+250 ML COCA-COLA ZERO SUGAR FREE,PET,2250.000 ML,COLA,,2250.0,ML,260.0
20,29/01/2024,202401,2,109948383,21102020037,1705906316447,99765132,118,BOTTLERS NEPAL - NEPAL,COCA-COLA,COCA-COLA/PBT/2250ML/RS270/FREE 250ML COCA COLA/BOTTLERS NEPSL,270,2250 ML,PBT,,,RECODING,5,6,20110266,54.13797,118,BOTTLERS NEPAL - NEPAL,COCA-COLA,COCA-COLA,PET 2250 ML,PET,2250.000 ML,COLA,,2250.0,ML,0.0
20,29/01/2024,202401,2,109948383,21102020037,1705906316447,99765132,118,BOTTLERS NEPAL - NEPAL,COCA-COLA,COCA-COLA/PBT/2250ML/RS270/FREE 250ML COCA COLA/BOTTLERS NEPSL,270,2250 ML,PBT,,,RECODING,5,7,20121858,56.630535,118,BOTTLERS NEPAL - NEPAL,COCA-COLA,COCA-COLA,PET 300 ML,PET,300.000 ML,COLA,,300.0,ML,0.0
20,29/01/2024,202401,2,109948383,21102020037,1705906316447,99765132,118,BOTTLERS NEPAL - NEPAL,COCA-COLA,COCA-COLA/PBT/2250ML/RS270/FREE 250ML COCA COLA/BOTTLERS NEPSL,270,2250 ML,PBT,,,RECODING,5,8,20162467,56.83727,118,BOTTLERS NEPAL - NEPAL,COCA-COLA,COCA-COLA,PET 2250 ML+125ML MAAZA MANGO FREE,PET,2250.000 ML,COLA,,2250.0,ML,0.0
20,29/01/2024,202401,2,109948383,21102020037,1705906316447,99765132,118,BOTTLERS NEPAL - NEPAL,COCA-COLA,COCA-COLA/PBT/2250ML/RS270/FREE 250ML COCA COLA/BOTTLERS NEPSL,270,2250 ML,PBT,,,RECODING,5,9,20110294,57.310146,118,BOTTLERS NEPAL - NEPAL,COCA-COLA,COCA-COLA,PET 2000 ML,PET,2000.000 ML,COLA,,2000.0,ML,0.0
20,29/01/2024,202401,2,109948383,21102020037,1705906316447,99765132,118,BOTTLERS NEPAL - NEPAL,COCA-COLA,COCA-COLA/PBT/2250ML/RS270/FREE 250ML COCA COLA/BOTTLERS NEPSL,270,2250 ML,PBT,,,RECODING,5,10,20110105,58.93866,118,BOTTLERS NEPAL - NEPAL,COCA-COLA,COCA-COLA,PET 1500 ML,PET,1500.000 ML,COLA,,1500.0,ML,0.0
21,29/01/2024,202401,2,122002412,12303020025,1705389971580,99765133,118,BOTTLERS NEPAL - NEPAL,COCA-COLA,COCA COLA PET 1500ML FREE 250ML COCA COLA,190,1500ML,PET,,1705389971580-bottlers nepal - nepal-coca-cola#3.png,RECODING,5,1,99765133,13.385782,118,BOTTLERS NEPAL - NEPAL,COCA-COLA,COCA-COLA,COCA-COLA PET 1500 ML+250 ML COCA-COLA FREE,PET,1500.000 ML,COLA,,1500.0,ML,190.0
21,29/01/2024,202401,2,122002412,12303020025,1705389971580,99765133,118,BOTTLERS NEPAL - NEPAL,COCA-COLA,COCA COLA PET 1500ML FREE 250ML COCA COLA,190,1500ML,PET,,1705389971580-bottlers nepal - nepal-coca-cola#3.png,RECODING,5,2,99765354,17.145895,118,BOTTLERS NEPAL - NEPAL,COCA-COLA,COCA-COLA,PET 2000 ML+250 ML COCA-COLA FREE,PET,2000.000 ML,COLA,,2000.0,ML,220.0
21,29/01/2024,202401,2,122002412,12303020025,1705389971580,99765133,118,BOTTLERS NEPAL - NEPAL,COCA-COLA,COCA COLA PET 1500ML FREE 250ML COCA COLA,190,1500ML,PET,,1705389971580-bottlers nepal - nepal-coca-cola#3.png,RECODING,5,3,99765132,20.080536,118,BOTTLERS NEPAL - NEPAL,COCA-COLA,COCA-COLA,COCA-COLA PET 2250 ML+250 ML COCA-COLA FREE,PET,2250.000 ML,COLA,,2250.0,ML,270.0
21,29/01/2024,202401,2,122002412,12303020025,1705389971580,99765133,118,BOTTLERS NEPAL - NEPAL,COCA-COLA,COCA COLA PET 1500ML FREE 250ML COCA COLA,190,1500ML,PET,,1705389971580-bottlers nepal - nepal-coca-cola#3.png,RECODING,5,4,20110105,27.354462,118,BOTTLERS NEPAL - NEPAL,COCA-COLA,COCA-COLA,PET 1500 ML,PET,1500.000 ML,COLA,,1500.0,ML,0.0
21,29/01/2024,202401,2,122002412,12303020025,1705389971580,99765133,118,BOTTLERS NEPAL - NEPAL,COCA-COLA,COCA COLA PET 1500ML FREE 250ML COCA COLA,190,1500ML,PET,,1705389971580-bottlers nepal - nepal-coca-cola#3.png,RECODING,5,5,52789,27.707458,118,BOTTLERS NEPAL - NEPAL,COCA-COLA,COCA-COLA,PET 250 ML,PET,250.000 ML,COLA,,250.0,ML,0.0
21,29/01/2024,202401,2,122002412,12303020025,1705389971580,99765133,118,BOTTLERS NEPAL - NEPAL,COCA-COLA,COCA COLA PET 1500ML FREE 250ML COCA COLA,190,1500ML,PET,,1705389971580-bottlers nepal - nepal-coca-cola#3.png,RECODING,5,6,99764934,29.681095,118,BOTTLERS NEPAL - NEPAL,COCA-COLA,COCA-COLA,COCA-COLA PET 2250 ML+250 ML COCA-COLA ZERO SUGAR FREE,PET,2250.000 ML,COLA,,2250.0,ML,260.0
21,29/01/2024,202401,2,122002412,12303020025,1705389971580,99765133,118,BOTTLERS NEPAL - NEPAL,COCA-COLA,COCA COLA PET 1500ML FREE 250ML COCA COLA,190,1500ML,PET,,1705389971580-bottlers nepal - nepal-coca-cola#3.png,RECODING,5,7,20110294,31.030617,118,BOTTLERS NEPAL - NEPAL,COCA-COLA,COCA-COLA,PET 2000 ML,PET,2000.000 ML,COLA,,2000.0,ML,0.0
21,29/01/2024,202401,2,122002412,12303020025,1705389971580,99765133,118,BOTTLERS NEPAL - NEPAL,COCA-COLA,COCA COLA PET 1500ML FREE 250ML COCA COLA,190,1500ML,PET,,1705389971580-bottlers nepal - nepal-coca-cola#3.png,RECODING,5,8,20121858,31.630608,118,BOTTLERS NEPAL - NEPAL,COCA-COLA,COCA-COLA,PET 300 ML,PET,300.000 ML,COLA,,300.0,ML,0.0
21,29/01/2024,202401,2,122002412,12303020025,1705389971580,99765133,118,BOTTLERS NEPAL - NEPAL,COCA-COLA,COCA COLA PET 1500ML FREE 250ML COCA COLA,190,1500ML,PET,,1705389971580-bottlers nepal - nepal-coca-cola#3.png,RECODING,5,9,20123342,32.152466,118,BOTTLERS NEPAL - NEPAL,COCA-COLA,COCA-COLA,PET 1000 ML,PET,1000.000 ML,COLA,,1000.0,ML,0.0
21,29/01/2024,202401,2,122002412,12303020025,1705389971580,99765133,118,BOTTLERS NEPAL - NEPAL,COCA-COLA,COCA COLA PET 1500ML FREE 250ML COCA COLA,190,1500ML,PET,,1705389971580-bottlers nepal - nepal-coca-cola#3.png,RECODING,5,10,20110199,32.409653,118,BOTTLERS NEPAL - NEPAL,COCA-COLA,COCA-COLA,PET 500 ML,PET,500.000 ML,COLA,,500.0,ML,0.0
22,29/01/2024,202401,2,128298704,12201020022,1705647364705,99765133,118,BOTTLERS NEPAL - NEPAL,COCA-COLA,COCA-COLA-COLA PET 1500ML+FREE PET 250ML,190,1500ML,PET,,,RECODING,5,1,99765133,10.487205,118,BOTTLERS NEPAL - NEPAL,COCA-COLA,COCA-COLA,COCA-COLA PET 1500 ML+250 ML COCA-COLA FREE,PET,1500.000 ML,COLA,,1500.0,ML,190.0
22,29/01/2024,202401,2,128298704,12201020022,1705647364705,99765133,118,BOTTLERS NEPAL - NEPAL,COCA-COLA,COCA-COLA-COLA PET 1500ML+FREE PET 250ML,190,1500ML,PET,,,RECODING,5,2,99765354,15.374984,118,BOTTLERS NEPAL - NEPAL,COCA-COLA,COCA-COLA,PET 2000 ML+250 ML COCA-COLA FREE,PET,2000.000 ML,COLA,,2000.0,ML,220.0
22,29/01/2024,202401,2,128298704,12201020022,1705647364705,99765133,118,BOTTLERS NEPAL - NEPAL,COCA-COLA,COCA-COLA-COLA PET 1500ML+FREE PET 250ML,190,1500ML,PET,,,RECODING,5,3,99765132,16.20776,118,BOTTLERS NEPAL - NEPAL,COCA-COLA,COCA-COLA,COCA-COLA PET 2250 ML+250 ML COCA-COLA FREE,PET,2250.000 ML,COLA,,2250.0,ML,270.0
22,29/01/2024,202401,2,128298704,12201020022,1705647364705,99765133,118,BOTTLERS NEPAL - NEPAL,COCA-COLA,COCA-COLA-COLA PET 1500ML+FREE PET 250ML,190,1500ML,PET,,,RECODING,5,4,20110105,24.04,118,BOTTLERS NEPAL - NEPAL,COCA-COLA,COCA-COLA,PET 1500 ML,PET,1500.000 ML,COLA,,1500.0,ML,0.0
22,29/01/2024,202401,2,128298704,12201020022,1705647364705,99765133,118,BOTTLERS NEPAL - NEPAL,COCA-COLA,COCA-COLA-COLA PET 1500ML+FREE PET 250ML,190,1500ML,PET,,,RECODING,5,5,52789,24.812433,118,BOTTLERS NEPAL - NEPAL,COCA-COLA,COCA-COLA,PET 250 ML,PET,250.000 ML,COLA,,250.0,ML,0.0
22,29/01/2024,202401,2,128298704,12201020022,1705647364705,99765133,118,BOTTLERS NEPAL - NEPAL,COCA-COLA,COCA-COLA-COLA PET 1500ML+FREE PET 250ML,190,1500ML,PET,,,RECODING,5,6,20123342,27.851973,118,BOTTLERS NEPAL - NEPAL,COCA-COLA,COCA-COLA,PET 1000 ML,PET,1000.000 ML,COLA,,1000.0,ML,0.0
22,29/01/2024,202401,2,128298704,12201020022,1705647364705,99765133,118,BOTTLERS NEPAL - NEPAL,COCA-COLA,COCA-COLA-COLA PET 1500ML+FREE PET 250ML,190,1500ML,PET,,,RECODING,5,7,20110294,28.339174,118,BOTTLERS NEPAL - NEPAL,COCA-COLA,COCA-COLA,PET 2000 ML,PET,2000.000 ML,COLA,,2000.0,ML,0.0
22,29/01/2024,202401,2,128298704,12201020022,1705647364705,99765133,118,BOTTLERS NEPAL - NEPAL,COCA-COLA,COCA-COLA-COLA PET 1500ML+FREE PET 250ML,190,1500ML,PET,,,RECODING,5,8,99764934,28.512701,118,BOTTLERS NEPAL - NEPAL,COCA-COLA,COCA-COLA,COCA-COLA PET 2250 ML+250 ML COCA-COLA ZERO SUGAR FREE,PET,2250.000 ML,COLA,,2250.0,ML,260.0
22,29/01/2024,202401,2,128298704,12201020022,1705647364705,99765133,118,BOTTLERS NEPAL - NEPAL,COCA-COLA,COCA-COLA-COLA PET 1500ML+FREE PET 250ML,190,1500ML,PET,,,RECODING,5,9,20121858,29.447592,118,BOTTLERS NEPAL - NEPAL,COCA-COLA,COCA-COLA,PET 300 ML,PET,300.000 ML,COLA,,300.0,ML,0.0
22,29/01/2024,202401,2,128298704,12201020022,1705647364705,99765133,118,BOTTLERS NEPAL - NEPAL,COCA-COLA,COCA-COLA-COLA PET 1500ML+FREE PET 250ML,190,1500ML,PET,,,RECODING,5,10,20126047,29.6796,118,BOTTLERS NEPAL - NEPAL,COCA-COLA,COCA-COLA,PET 750 ML,PET,750.000 ML,COLA,,750.0,ML,0.0
23,29/01/2024,202401,2,113111235,21102020029,1705906316447,99765132,118,BOTTLERS NEPAL - NEPAL,COCA-COLA,COCA-COLA/PBT/2250ML/RS270/FREE 250ML COCA COLA/BOTTLERS NEPSL,270,2250 ML,PBT,,1705906316447-bottlers nepal - nepal-coca-cola#3.png,RECODING,5,1,99765132,40.544197,118,BOTTLERS NEPAL - NEPAL,COCA-COLA,COCA-COLA,COCA-COLA PET 2250 ML+250 ML COCA-COLA FREE,PET,2250.000 ML,COLA,,2250.0,ML,270.0
23,29/01/2024,202401,2,113111235,21102020029,1705906316447,99765132,118,BOTTLERS NEPAL - NEPAL,COCA-COLA,COCA-COLA/PBT/2250ML/RS270/FREE 250ML COCA COLA/BOTTLERS NEPSL,270,2250 ML,PBT,,1705906316447-bottlers nepal - nepal-coca-cola#3.png,RECODING,5,2,99765354,45.14308,118,BOTTLERS NEPAL - NEPAL,COCA-COLA,COCA-COLA,PET 2000 ML+250 ML COCA-COLA FREE,PET,2000.000 ML,COLA,,2000.0,ML,220.0
23,29/01/2024,202401,2,113111235,21102020029,1705906316447,99765132,118,BOTTLERS NEPAL - NEPAL,COCA-COLA,COCA-COLA/PBT/2250ML/RS270/FREE 250ML COCA COLA/BOTTLERS NEPSL,270,2250 ML,PBT,,1705906316447-bottlers nepal - nepal-coca-cola#3.png,RECODING,5,3,99765133,45.950657,118,BOTTLERS NEPAL - NEPAL,COCA-COLA,COCA-COLA,COCA-COLA PET 1500 ML+250 ML COCA-COLA FREE,PET,1500.000 ML,COLA,,1500.0,ML,190.0
23,29/01/2024,202401,2,113111235,21102020029,1705906316447,99765132,118,BOTTLERS NEPAL - NEPAL,COCA-COLA,COCA-COLA/PBT/2250ML/RS270/FREE 250ML COCA COLA/BOTTLERS NEPSL,270,2250 ML,PBT,,1705906316447-bottlers nepal - nepal-coca-cola#3.png,RECODING,5,4,52789,50.926228,118,BOTTLERS NEPAL - NEPAL,COCA-COLA,COCA-COLA,PET 250 ML,PET,250.000 ML,COLA,,250.0,ML,0.0
23,29/01/2024,202401,2,113111235,21102020029,1705906316447,99765132,118,BOTTLERS NEPAL - NEPAL,COCA-COLA,COCA-COLA/PBT/2250ML/RS270/FREE 250ML COCA COLA/BOTTLERS NEPSL,270,2250 ML,PBT,,1705906316447-bottlers nepal - nepal-coca-cola#3.png,RECODING,5,5,99764934,53.406567,118,BOTTLERS NEPAL - NEPAL,COCA-COLA,COCA-COLA,COCA-COLA PET 2250 ML+250 ML COCA-COLA ZERO SUGAR FREE,PET,2250.000 ML,COLA,,2250.0,ML,260.0
23,29/01/2024,202401,2,113111235,21102020029,1705906316447,99765132,118,BOTTLERS NEPAL - NEPAL,COCA-COLA,COCA-COLA/PBT/2250ML/RS270/FREE 250ML COCA COLA/BOTTLERS NEPSL,270,2250 ML,PBT,,1705906316447-bottlers nepal - nepal-coca-cola#3.png,RECODING,5,6,20110266,54.13797,118,BOTTLERS NEPAL - NEPAL,COCA-COLA,COCA-COLA,PET 2250 ML,PET,2250.000 ML,COLA,,2250.0,ML,0.0
23,29/01/2024,202401,2,113111235,21102020029,1705906316447,99765132,118,BOTTLERS NEPAL - NEPAL,COCA-COLA,COCA-COLA/PBT/2250ML/RS270/FREE 250ML COCA COLA/BOTTLERS NEPSL,270,2250 ML,PBT,,1705906316447-bottlers nepal - nepal-coca-cola#3.png,RECODING,5,7,20121858,56.630535,118,BOTTLERS NEPAL - NEPAL,COCA-COLA,COCA-COLA,PET 300 ML,PET,300.000 ML,COLA,,300.0,ML,0.0
23,29/01/2024,202401,2,113111235,21102020029,1705906316447,99765132,118,BOTTLERS NEPAL - NEPAL,COCA-COLA,COCA-COLA/PBT/2250ML/RS270/FREE 250ML COCA COLA/BOTTLERS NEPSL,270,2250 ML,PBT,,1705906316447-bottlers nepal - nepal-coca-cola#3.png,RECODING,5,8,20162467,56.83727,118,BOTTLERS NEPAL - NEPAL,COCA-COLA,COCA-COLA,PET 2250 ML+125ML MAAZA MANGO FREE,PET,2250.000 ML,COLA,,2250.0,ML,0.0
23,29/01/2024,202401,2,113111235,21102020029,1705906316447,99765132,118,BOTTLERS NEPAL - NEPAL,COCA-COLA,COCA-COLA/PBT/2250ML/RS270/FREE 250ML COCA COLA/BOTTLERS NEPSL,270,2250 ML,PBT,,1705906316447-bottlers nepal - nepal-coca-cola#3.png,RECODING,5,9,20110294,57.310146,118,BOTTLERS NEPAL - NEPAL,COCA-COLA,COCA-COLA,PET 2000 ML,PET,2000.000 ML,COLA,,2000.0,ML,0.0
23,29/01/2024,202401,2,113111235,21102020029,1705906316447,99765132,118,BOTTLERS NEPAL - NEPAL,COCA-COLA,COCA-COLA/PBT/2250ML/RS270/FREE 250ML COCA COLA/BOTTLERS NEPSL,270,2250 ML,PBT,,1705906316447-bottlers nepal - nepal-coca-cola#3.png,RECODING,5,10,20110105,58.93866,118,BOTTLERS NEPAL - NEPAL,COCA-COLA,COCA-COLA,PET 1500 ML,PET,1500.000 ML,COLA,,1500.0,ML,0.0
24,29/01/2024,202401,3,1028105220813,21301030051,1705401272891,99765136,105,PT DJARUM KUDUS-INDONESIA,L.A.MENTHOL,L.A. MENTHOL,400,16,HL,Invoices not available,1705401272891-pt djarum kudus-indonesia-l-a-menthol#3.png,RECODING,5,1,99765136,24.3574,105,PT DJARUM KUDUS-INDONESIA,L.A,L.A MENTHOL,HL 16'S,HL,16,KRETEK,,16.0,NO,400.0
24,29/01/2024,202401,3,1028105220813,21301030051,1705401272891,99765136,105,PT DJARUM KUDUS-INDONESIA,L.A.MENTHOL,L.A. MENTHOL,400,16,HL,Invoices not available,1705401272891-pt djarum kudus-indonesia-l-a-menthol#3.png,RECODING,5,2,90200004,106.396454,105,PT DJARUM KUDUS-INDONESIA,DJARUM,DJARUM BLACK,HL 16'S,HL,16,KRETEK,,16.0,NO,300.0
24,29/01/2024,202401,3,1028105220813,21301030051,1705401272891,99765136,105,PT DJARUM KUDUS-INDONESIA,L.A.MENTHOL,L.A. MENTHOL,400,16,HL,Invoices not available,1705401272891-pt djarum kudus-indonesia-l-a-menthol#3.png,RECODING,5,3,90200005,121.561295,105,PT DJARUM KUDUS-INDONESIA,DJARUM,DJARUM BLACK,HL 20'S,HL,20,KRETEK,,20.0,NO,300.0
24,29/01/2024,202401,3,1028105220813,21301030051,1705401272891,99765136,105,PT DJARUM KUDUS-INDONESIA,L.A.MENTHOL,L.A. MENTHOL,400,16,HL,Invoices not available,1705401272891-pt djarum kudus-indonesia-l-a-menthol#3.png,RECODING,5,4,90110231,124.745865,105,PT DJARUM KUDUS-INDONESIA,DJARUM,DJARUM BLACK,HL 10'S,HL,10,KRETEK,,10.0,NO,10.0
24,29/01/2024,202401,3,1028105220813,21301030051,1705401272891,99765136,105,PT DJARUM KUDUS-INDONESIA,L.A.MENTHOL,L.A. MENTHOL,400,16,HL,Invoices not available,1705401272891-pt djarum kudus-indonesia-l-a-menthol#3.png,RECODING,5,5,49287,153.44244,105,AMARAN OLEH KERAJAAN - MALAYSIA,GUDANG GARAM,GUDANG GARAM SIGNATURE MENTHOL MILD,HL 20'S,HL,20,KRETEK,,20.0,NO,300.0
24,29/01/2024,202401,3,1028105220813,21301030051,1705401272891,99765136,105,PT DJARUM KUDUS-INDONESIA,L.A.MENTHOL,L.A. MENTHOL,400,16,HL,Invoices not available,1705401272891-pt djarum kudus-indonesia-l-a-menthol#3.png,RECODING,5,6,90200015,164.30865,105,AMARAN OLEH KERAJAAN - MALAYSIA,GUDANG GARAM,GUDANG GARAM MENTHOL,HL 12'S,HL,12,KRETEK,,12.0,NO,350.0
24,29/01/2024,202401,3,1028105220813,21301030051,1705401272891,99765136,105,PT DJARUM KUDUS-INDONESIA,L.A.MENTHOL,L.A. MENTHOL,400,16,HL,Invoices not available,1705401272891-pt djarum kudus-indonesia-l-a-menthol#3.png,RECODING,5,7,90110245,196.22495,105,SURYA NEPAL PVT LTD - NEPAL,KHUKURI,KHUKURI MENTHOL,HL 20'S,HL,20,FRESH,,20.0,NO,110.0
24,29/01/2024,202401,3,1028105220813,21301030051,1705401272891,99765136,105,PT DJARUM KUDUS-INDONESIA,L.A.MENTHOL,L.A. MENTHOL,400,16,HL,Invoices not available,1705401272891-pt djarum kudus-indonesia-l-a-menthol#3.png,RECODING,5,8,90118226,222.72792,105,TRANSIT,MOND,MOND SUPER SLIM MENTHOL,HL 20'S,HL,20,FRESH,,20.0,NO,300.0
24,29/01/2024,202401,3,1028105220813,21301030051,1705401272891,99765136,105,PT DJARUM KUDUS-INDONESIA,L.A.MENTHOL,L.A. MENTHOL,400,16,HL,Invoices not available,1705401272891-pt djarum kudus-indonesia-l-a-menthol#3.png,RECODING,5,9,99765449,223.4029,105,KT&G-KOREA,ESSE,ESSE MENTHOL,HL 20'S,HL,20,FRESH,,20.0,NO,340.0
24,29/01/2024,202401,3,1028105220813,21301030051,1705401272891,99765136,105,PT DJARUM KUDUS-INDONESIA,L.A.MENTHOL,L.A. MENTHOL,400,16,HL,Invoices not available,1705401272891-pt djarum kudus-indonesia-l-a-menthol#3.png,RECODING,5,10,90110102,223.9391,105,SURYA NEPAL PVT LTD - NEPAL,SHIKHAR,SHIKHAR MENTHOL,HL 20'S,HL,20,FRESH,,20.0,NO,190.0
25,01/02/2024,202401,2,117190404,11301020001,1705647364705,99765133,118,BOTTLERS NEPAL - NEPAL,COCA-COLA,COCA-COLA-COLA PET 1500ML+FREE PET 250ML,190,1500ML,PET,,,RECODING,5,1,99765133,10.487205,118,BOTTLERS NEPAL - NEPAL,COCA-COLA,COCA-COLA,COCA-COLA PET 1500 ML+250 ML COCA-COLA FREE,PET,1500.000 ML,COLA,,1500.0,ML,190.0
25,01/02/2024,202401,2,117190404,11301020001,1705647364705,99765133,118,BOTTLERS NEPAL - NEPAL,COCA-COLA,COCA-COLA-COLA PET 1500ML+FREE PET 250ML,190,1500ML,PET,,,RECODING,5,2,99765354,15.374984,118,BOTTLERS NEPAL - NEPAL,COCA-COLA,COCA-COLA,PET 2000 ML+250 ML COCA-COLA FREE,PET,2000.000 ML,COLA,,2000.0,ML,220.0
25,01/02/2024,202401,2,117190404,11301020001,1705647364705,99765133,118,BOTTLERS NEPAL - NEPAL,COCA-COLA,COCA-COLA-COLA PET 1500ML+FREE PET 250ML,190,1500ML,PET,,,RECODING,5,3,99765132,16.20776,118,BOTTLERS NEPAL - NEPAL,COCA-COLA,COCA-COLA,COCA-COLA PET 2250 ML+250 ML COCA-COLA FREE,PET,2250.000 ML,COLA,,2250.0,ML,270.0
25,01/02/2024,202401,2,117190404,11301020001,1705647364705,99765133,118,BOTTLERS NEPAL - NEPAL,COCA-COLA,COCA-COLA-COLA PET 1500ML+FREE PET 250ML,190,1500ML,PET,,,RECODING,5,4,20110105,24.04,118,BOTTLERS NEPAL - NEPAL,COCA-COLA,COCA-COLA,PET 1500 ML,PET,1500.000 ML,COLA,,1500.0,ML,0.0
25,01/02/2024,202401,2,117190404,11301020001,1705647364705,99765133,118,BOTTLERS NEPAL - NEPAL,COCA-COLA,COCA-COLA-COLA PET 1500ML+FREE PET 250ML,190,1500ML,PET,,,RECODING,5,5,52789,24.812433,118,BOTTLERS NEPAL - NEPAL,COCA-COLA,COCA-COLA,PET 250 ML,PET,250.000 ML,COLA,,250.0,ML,0.0
25,01/02/2024,202401,2,117190404,11301020001,1705647364705,99765133,118,BOTTLERS NEPAL - NEPAL,COCA-COLA,COCA-COLA-COLA PET 1500ML+FREE PET 250ML,190,1500ML,PET,,,RECODING,5,6,20123342,27.851973,118,BOTTLERS NEPAL - NEPAL,COCA-COLA,COCA-COLA,PET 1000 ML,PET,1000.000 ML,COLA,,1000.0,ML,0.0
25,01/02/2024,202401,2,117190404,11301020001,1705647364705,99765133,118,BOTTLERS NEPAL - NEPAL,COCA-COLA,COCA-COLA-COLA PET 1500ML+FREE PET 250ML,190,1500ML,PET,,,RECODING,5,7,20110294,28.339174,118,BOTTLERS NEPAL - NEPAL,COCA-COLA,COCA-COLA,PET 2000 ML,PET,2000.000 ML,COLA,,2000.0,ML,0.0
25,01/02/2024,202401,2,117190404,11301020001,1705647364705,99765133,118,BOTTLERS NEPAL - NEPAL,COCA-COLA,COCA-COLA-COLA PET 1500ML+FREE PET 250ML,190,1500ML,PET,,,RECODING,5,8,99764934,28.512701,118,BOTTLERS NEPAL - NEPAL,COCA-COLA,COCA-COLA,COCA-COLA PET 2250 ML+250 ML COCA-COLA ZERO SUGAR FREE,PET,2250.000 ML,COLA,,2250.0,ML,260.0
25,01/02/2024,202401,2,117190404,11301020001,1705647364705,99765133,118,BOTTLERS NEPAL - NEPAL,COCA-COLA,COCA-COLA-COLA PET 1500ML+FREE PET 250ML,190,1500ML,PET,,,RECODING,5,9,20121858,29.447592,118,BOTTLERS NEPAL - NEPAL,COCA-COLA,COCA-COLA,PET 300 ML,PET,300.000 ML,COLA,,300.0,ML,0.0
25,01/02/2024,202401,2,117190404,11301020001,1705647364705,99765133,118,BOTTLERS NEPAL - NEPAL,COCA-COLA,COCA-COLA-COLA PET 1500ML+FREE PET 250ML,190,1500ML,PET,,,RECODING,5,10,20126047,29.6796,118,BOTTLERS NEPAL - NEPAL,COCA-COLA,COCA-COLA,PET 750 ML,PET,750.000 ML,COLA,,750.0,ML,0.0
26,01/02/2024,202401,2,116313561,11301020007,1705647364705,99765133,118,BOTTLERS NEPAL - NEPAL,COCA-COLA,COCA-COLA-COLA PET 1500ML+FREE PET 250ML,190,1500ML,PET,,,RECODING,5,1,99765133,10.487205,118,BOTTLERS NEPAL - NEPAL,COCA-COLA,COCA-COLA,COCA-COLA PET 1500 ML+250 ML COCA-COLA FREE,PET,1500.000 ML,COLA,,1500.0,ML,190.0
26,01/02/2024,202401,2,116313561,11301020007,1705647364705,99765133,118,BOTTLERS NEPAL - NEPAL,COCA-COLA,COCA-COLA-COLA PET 1500ML+FREE PET 250ML,190,1500ML,PET,,,RECODING,5,2,99765354,15.374984,118,BOTTLERS NEPAL - NEPAL,COCA-COLA,COCA-COLA,PET 2000 ML+250 ML COCA-COLA FREE,PET,2000.000 ML,COLA,,2000.0,ML,220.0
26,01/02/2024,202401,2,116313561,11301020007,1705647364705,99765133,118,BOTTLERS NEPAL - NEPAL,COCA-COLA,COCA-COLA-COLA PET 1500ML+FREE PET 250ML,190,1500ML,PET,,,RECODING,5,3,99765132,16.20776,118,BOTTLERS NEPAL - NEPAL,COCA-COLA,COCA-COLA,COCA-COLA PET 2250 ML+250 ML COCA-COLA FREE,PET,2250.000 ML,COLA,,2250.0,ML,270.0
26,01/02/2024,202401,2,116313561,11301020007,1705647364705,99765133,118,BOTTLERS NEPAL - NEPAL,COCA-COLA,COCA-COLA-COLA PET 1500ML+FREE PET 250ML,190,1500ML,PET,,,RECODING,5,4,20110105,24.04,118,BOTTLERS NEPAL - NEPAL,COCA-COLA,COCA-COLA,PET 1500 ML,PET,1500.000 ML,COLA,,1500.0,ML,0.0
26,01/02/2024,202401,2,116313561,11301020007,1705647364705,99765133,118,BOTTLERS NEPAL - NEPAL,COCA-COLA,COCA-COLA-COLA PET 1500ML+FREE PET 250ML,190,1500ML,PET,,,RECODING,5,5,52789,24.812433,118,BOTTLERS NEPAL - NEPAL,COCA-COLA,COCA-COLA,PET 250 ML,PET,250.000 ML,COLA,,250.0,ML,0.0
26,01/02/2024,202401,2,116313561,11301020007,1705647364705,99765133,118,BOTTLERS NEPAL - NEPAL,COCA-COLA,COCA-COLA-COLA PET 1500ML+FREE PET 250ML,190,1500ML,PET,,,RECODING,5,6,20123342,27.851973,118,BOTTLERS NEPAL - NEPAL,COCA-COLA,COCA-COLA,PET 1000 ML,PET,1000.000 ML,COLA,,1000.0,ML,0.0
26,01/02/2024,202401,2,116313561,11301020007,1705647364705,99765133,118,BOTTLERS NEPAL - NEPAL,COCA-COLA,COCA-COLA-COLA PET 1500ML+FREE PET 250ML,190,1500ML,PET,,,RECODING,5,7,20110294,28.339174,118,BOTTLERS NEPAL - NEPAL,COCA-COLA,COCA-COLA,PET 2000 ML,PET,2000.000 ML,COLA,,2000.0,ML,0.0
26,01/02/2024,202401,2,116313561,11301020007,1705647364705,99765133,118,BOTTLERS NEPAL - NEPAL,COCA-COLA,COCA-COLA-COLA PET 1500ML+FREE PET 250ML,190,1500ML,PET,,,RECODING,5,8,99764934,28.512701,118,BOTTLERS NEPAL - NEPAL,COCA-COLA,COCA-COLA,COCA-COLA PET 2250 ML+250 ML COCA-COLA ZERO SUGAR FREE,PET,2250.000 ML,COLA,,2250.0,ML,260.0
26,01/02/2024,202401,2,116313561,11301020007,1705647364705,99765133,118,BOTTLERS NEPAL - NEPAL,COCA-COLA,COCA-COLA-COLA PET 1500ML+FREE PET 250ML,190,1500ML,PET,,,RECODING,5,9,20121858,29.447592,118,BOTTLERS NEPAL - NEPAL,COCA-COLA,COCA-COLA,PET 300 ML,PET,300.000 ML,COLA,,300.0,ML,0.0
26,01/02/2024,202401,2,116313561,11301020007,1705647364705,99765133,118,BOTTLERS NEPAL - NEPAL,COCA-COLA,COCA-COLA-COLA PET 1500ML+FREE PET 250ML,190,1500ML,PET,,,RECODING,5,10,20126047,29.6796,118,BOTTLERS NEPAL - NEPAL,COCA-COLA,COCA-COLA,PET 750 ML,PET,750.000 ML,COLA,,750.0,ML,0.0
27,01/02/2024,202401,2,116650544,11301020009,1705647178425,99765132,118,BOTTLERS NEPAL - NEPAL,COCA-COLA,COCA-COLA-COLA-PET 2250ML+FREE PET 250ML COCA COLA,270,2250ML,PET,,,RECODING,5,1,99765132,12.834425,118,BOTTLERS NEPAL - NEPAL,COCA-COLA,COCA-COLA,COCA-COLA PET 2250 ML+250 ML COCA-COLA FREE,PET,2250.000 ML,COLA,,2250.0,ML,270.0
27,01/02/2024,202401,2,116650544,11301020009,1705647178425,99765132,118,BOTTLERS NEPAL - NEPAL,COCA-COLA,COCA-COLA-COLA-PET 2250ML+FREE PET 250ML COCA COLA,270,2250ML,PET,,,RECODING,5,2,99765354,18.655579,118,BOTTLERS NEPAL - NEPAL,COCA-COLA,COCA-COLA,PET 2000 ML+250 ML COCA-COLA FREE,PET,2000.000 ML,COLA,,2000.0,ML,220.0
27,01/02/2024,202401,2,116650544,11301020009,1705647178425,99765132,118,BOTTLERS NEPAL - NEPAL,COCA-COLA,COCA-COLA-COLA-PET 2250ML+FREE PET 250ML COCA COLA,270,2250ML,PET,,,RECODING,5,3,99765133,20.054588,118,BOTTLERS NEPAL - NEPAL,COCA-COLA,COCA-COLA,COCA-COLA PET 1500 ML+250 ML COCA-COLA FREE,PET,1500.000 ML,COLA,,1500.0,ML,190.0
27,01/02/2024,202401,2,116650544,11301020009,1705647178425,99765132,118,BOTTLERS NEPAL - NEPAL,COCA-COLA,COCA-COLA-COLA-PET 2250ML+FREE PET 250ML COCA COLA,270,2250ML,PET,,,RECODING,5,4,99764934,26.82415,118,BOTTLERS NEPAL - NEPAL,COCA-COLA,COCA-COLA,COCA-COLA PET 2250 ML+250 ML COCA-COLA ZERO SUGAR FREE,PET,2250.000 ML,COLA,,2250.0,ML,260.0
27,01/02/2024,202401,2,116650544,11301020009,1705647178425,99765132,118,BOTTLERS NEPAL - NEPAL,COCA-COLA,COCA-COLA-COLA-PET 2250ML+FREE PET 250ML COCA COLA,270,2250ML,PET,,,RECODING,5,5,20110266,30.202148,118,BOTTLERS NEPAL - NEPAL,COCA-COLA,COCA-COLA,PET 2250 ML,PET,2250.000 ML,COLA,,2250.0,ML,0.0
27,01/02/2024,202401,2,116650544,11301020009,1705647178425,99765132,118,BOTTLERS NEPAL - NEPAL,COCA-COLA,COCA-COLA-COLA-PET 2250ML+FREE PET 250ML COCA COLA,270,2250ML,PET,,,RECODING,5,6,52789,30.348228,118,BOTTLERS NEPAL - NEPAL,COCA-COLA,COCA-COLA,PET 250 ML,PET,250.000 ML,COLA,,250.0,ML,0.0
27,01/02/2024,202401,2,116650544,11301020009,1705647178425,99765132,118,BOTTLERS NEPAL - NEPAL,COCA-COLA,COCA-COLA-COLA-PET 2250ML+FREE PET 250ML COCA COLA,270,2250ML,PET,,,RECODING,5,7,20162467,31.623707,118,BOTTLERS NEPAL - NEPAL,COCA-COLA,COCA-COLA,PET 2250 ML+125ML MAAZA MANGO FREE,PET,2250.000 ML,COLA,,2250.0,ML,0.0
27,01/02/2024,202401,2,116650544,11301020009,1705647178425,99765132,118,BOTTLERS NEPAL - NEPAL,COCA-COLA,COCA-COLA-COLA-PET 2250ML+FREE PET 250ML COCA COLA,270,2250ML,PET,,,RECODING,5,8,20121858,35.66143,118,BOTTLERS NEPAL - NEPAL,COCA-COLA,COCA-COLA,PET 300 ML,PET,300.000 ML,COLA,,300.0,ML,0.0
27,01/02/2024,202401,2,116650544,11301020009,1705647178425,99765132,118,BOTTLERS NEPAL - NEPAL,COCA-COLA,COCA-COLA-COLA-PET 2250ML+FREE PET 250ML COCA COLA,270,2250ML,PET,,,RECODING,5,9,20110294,37.448906,118,BOTTLERS NEPAL - NEPAL,COCA-COLA,COCA-COLA,PET 2000 ML,PET,2000.000 ML,COLA,,2000.0,ML,0.0
27,01/02/2024,202401,2,116650544,11301020009,1705647178425,99765132,118,BOTTLERS NEPAL - NEPAL,COCA-COLA,COCA-COLA-COLA-PET 2250ML+FREE PET 250ML COCA COLA,270,2250ML,PET,,,RECODING,5,10,20123342,38.124268,118,BOTTLERS NEPAL - NEPAL,COCA-COLA,COCA-COLA,PET 1000 ML,PET,1000.000 ML,COLA,,1000.0,ML,0.0
28,01/02/2024,202401,2,129058210,12201020023,1705647364705,99765133,118,BOTTLERS NEPAL - NEPAL,COCA-COLA,COCA-COLA-COLA PET 1500ML+FREE PET 250ML,190,1500ML,PET,,,RECODING,5,1,99765133,10.487205,118,BOTTLERS NEPAL - NEPAL,COCA-COLA,COCA-COLA,COCA-COLA PET 1500 ML+250 ML COCA-COLA FREE,PET,1500.000 ML,COLA,,1500.0,ML,190.0
28,01/02/2024,202401,2,129058210,12201020023,1705647364705,99765133,118,BOTTLERS NEPAL - NEPAL,COCA-COLA,COCA-COLA-COLA PET 1500ML+FREE PET 250ML,190,1500ML,PET,,,RECODING,5,2,99765354,15.374984,118,BOTTLERS NEPAL - NEPAL,COCA-COLA,COCA-COLA,PET 2000 ML+250 ML COCA-COLA FREE,PET,2000.000 ML,COLA,,2000.0,ML,220.0
28,01/02/2024,202401,2,129058210,12201020023,1705647364705,99765133,118,BOTTLERS NEPAL - NEPAL,COCA-COLA,COCA-COLA-COLA PET 1500ML+FREE PET 250ML,190,1500ML,PET,,,RECODING,5,3,99765132,16.20776,118,BOTTLERS NEPAL - NEPAL,COCA-COLA,COCA-COLA,COCA-COLA PET 2250 ML+250 ML COCA-COLA FREE,PET,2250.000 ML,COLA,,2250.0,ML,270.0
28,01/02/2024,202401,2,129058210,12201020023,1705647364705,99765133,118,BOTTLERS NEPAL - NEPAL,COCA-COLA,COCA-COLA-COLA PET 1500ML+FREE PET 250ML,190,1500ML,PET,,,RECODING,5,4,20110105,24.04,118,BOTTLERS NEPAL - NEPAL,COCA-COLA,COCA-COLA,PET 1500 ML,PET,1500.000 ML,COLA,,1500.0,ML,0.0
28,01/02/2024,202401,2,129058210,12201020023,1705647364705,99765133,118,BOTTLERS NEPAL - NEPAL,COCA-COLA,COCA-COLA-COLA PET 1500ML+FREE PET 250ML,190,1500ML,PET,,,RECODING,5,5,52789,24.812433,118,BOTTLERS NEPAL - NEPAL,COCA-COLA,COCA-COLA,PET 250 ML,PET,250.000 ML,COLA,,250.0,ML,0.0
28,01/02/2024,202401,2,129058210,12201020023,1705647364705,99765133,118,BOTTLERS NEPAL - NEPAL,COCA-COLA,COCA-COLA-COLA PET 1500ML+FREE PET 250ML,190,1500ML,PET,,,RECODING,5,6,20123342,27.851973,118,BOTTLERS NEPAL - NEPAL,COCA-COLA,COCA-COLA,PET 1000 ML,PET,1000.000 ML,COLA,,1000.0,ML,0.0
28,01/02/2024,202401,2,129058210,12201020023,1705647364705,99765133,118,BOTTLERS NEPAL - NEPAL,COCA-COLA,COCA-COLA-COLA PET 1500ML+FREE PET 250ML,190,1500ML,PET,,,RECODING,5,7,20110294,28.339174,118,BOTTLERS NEPAL - NEPAL,COCA-COLA,COCA-COLA,PET 2000 ML,PET,2000.000 ML,COLA,,2000.0,ML,0.0
28,01/02/2024,202401,2,129058210,12201020023,1705647364705,99765133,118,BOTTLERS NEPAL - NEPAL,COCA-COLA,COCA-COLA-COLA PET 1500ML+FREE PET 250ML,190,1500ML,PET,,,RECODING,5,8,99764934,28.512701,118,BOTTLERS NEPAL - NEPAL,COCA-COLA,COCA-COLA,COCA-COLA PET 2250 ML+250 ML COCA-COLA ZERO SUGAR FREE,PET,2250.000 ML,COLA,,2250.0,ML,260.0
28,01/02/2024,202401,2,129058210,12201020023,1705647364705,99765133,118,BOTTLERS NEPAL - NEPAL,COCA-COLA,COCA-COLA-COLA PET 1500ML+FREE PET 250ML,190,1500ML,PET,,,RECODING,5,9,20121858,29.447592,118,BOTTLERS NEPAL - NEPAL,COCA-COLA,COCA-COLA,PET 300 ML,PET,300.000 ML,COLA,,300.0,ML,0.0
28,01/02/2024,202401,2,129058210,12201020023,1705647364705,99765133,118,BOTTLERS NEPAL - NEPAL,COCA-COLA,COCA-COLA-COLA PET 1500ML+FREE PET 250ML,190,1500ML,PET,,,RECODING,5,10,20126047,29.6796,118,BOTTLERS NEPAL - NEPAL,COCA-COLA,COCA-COLA,PET 750 ML,PET,750.000 ML,COLA,,750.0,ML,0.0
29,01/02/2024,202401,2,129057674,12201020008,1705647364705,99765133,118,BOTTLERS NEPAL - NEPAL,COCA-COLA,COCA-COLA-COLA PET 1500ML+FREE PET 250ML,190,1500ML,PET,,,RECODING,5,1,99765133,10.487205,118,BOTTLERS NEPAL - NEPAL,COCA-COLA,COCA-COLA,COCA-COLA PET 1500 ML+250 ML COCA-COLA FREE,PET,1500.000 ML,COLA,,1500.0,ML,190.0
29,01/02/2024,202401,2,129057674,12201020008,1705647364705,99765133,118,BOTTLERS NEPAL - NEPAL,COCA-COLA,COCA-COLA-COLA PET 1500ML+FREE PET 250ML,190,1500ML,PET,,,RECODING,5,2,99765354,15.374984,118,BOTTLERS NEPAL - NEPAL,COCA-COLA,COCA-COLA,PET 2000 ML+250 ML COCA-COLA FREE,PET,2000.000 ML,COLA,,2000.0,ML,220.0
29,01/02/2024,202401,2,129057674,12201020008,1705647364705,99765133,118,BOTTLERS NEPAL - NEPAL,COCA-COLA,COCA-COLA-COLA PET 1500ML+FREE PET 250ML,190,1500ML,PET,,,RECODING,5,3,99765132,16.20776,118,BOTTLERS NEPAL - NEPAL,COCA-COLA,COCA-COLA,COCA-COLA PET 2250 ML+250 ML COCA-COLA FREE,PET,2250.000 ML,COLA,,2250.0,ML,270.0
29,01/02/2024,202401,2,129057674,12201020008,1705647364705,99765133,118,BOTTLERS NEPAL - NEPAL,COCA-COLA,COCA-COLA-COLA PET 1500ML+FREE PET 250ML,190,1500ML,PET,,,RECODING,5,4,20110105,24.04,118,BOTTLERS NEPAL - NEPAL,COCA-COLA,COCA-COLA,PET 1500 ML,PET,1500.000 ML,COLA,,1500.0,ML,0.0
29,01/02/2024,202401,2,129057674,12201020008,1705647364705,99765133,118,BOTTLERS NEPAL - NEPAL,COCA-COLA,COCA-COLA-COLA PET 1500ML+FREE PET 250ML,190,1500ML,PET,,,RECODING,5,5,52789,24.812433,118,BOTTLERS NEPAL - NEPAL,COCA-COLA,COCA-COLA,PET 250 ML,PET,250.000 ML,COLA,,250.0,ML,0.0
29,01/02/2024,202401,2,129057674,12201020008,1705647364705,99765133,118,BOTTLERS NEPAL - NEPAL,COCA-COLA,COCA-COLA-COLA PET 1500ML+FREE PET 250ML,190,1500ML,PET,,,RECODING,5,6,20123342,27.851973,118,BOTTLERS NEPAL - NEPAL,COCA-COLA,COCA-COLA,PET 1000 ML,PET,1000.000 ML,COLA,,1000.0,ML,0.0
29,01/02/2024,202401,2,129057674,12201020008,1705647364705,99765133,118,BOTTLERS NEPAL - NEPAL,COCA-COLA,COCA-COLA-COLA PET 1500ML+FREE PET 250ML,190,1500ML,PET,,,RECODING,5,7,20110294,28.339174,118,BOTTLERS NEPAL - NEPAL,COCA-COLA,COCA-COLA,PET 2000 ML,PET,2000.000 ML,COLA,,2000.0,ML,0.0
29,01/02/2024,202401,2,129057674,12201020008,1705647364705,99765133,118,BOTTLERS NEPAL - NEPAL,COCA-COLA,COCA-COLA-COLA PET 1500ML+FREE PET 250ML,190,1500ML,PET,,,RECODING,5,8,99764934,28.512701,118,BOTTLERS NEPAL - NEPAL,COCA-COLA,COCA-COLA,COCA-COLA PET 2250 ML+250 ML COCA-COLA ZERO SUGAR FREE,PET,2250.000 ML,COLA,,2250.0,ML,260.0
29,01/02/2024,202401,2,129057674,12201020008,1705647364705,99765133,118,BOTTLERS NEPAL - NEPAL,COCA-COLA,COCA-COLA-COLA PET 1500ML+FREE PET 250ML,190,1500ML,PET,,,RECODING,5,9,20121858,29.447592,118,BOTTLERS NEPAL - NEPAL,COCA-COLA,COCA-COLA,PET 300 ML,PET,300.000 ML,COLA,,300.0,ML,0.0
29,01/02/2024,202401,2,129057674,12201020008,1705647364705,99765133,118,BOTTLERS NEPAL - NEPAL,COCA-COLA,COCA-COLA-COLA PET 1500ML+FREE PET 250ML,190,1500ML,PET,,,RECODING,5,10,20126047,29.6796,118,BOTTLERS NEPAL - NEPAL,COCA-COLA,COCA-COLA,PET 750 ML,PET,750.000 ML,COLA,,750.0,ML,0.0
30,01/02/2024,202401,2,129057674,12201020008,1706004074729,99765134,118,BOTTLERS NEPAL - NEPAL,SPRITE,SPRITE-LEMON-PET 1500ML+ FREE SPRITE PET 250ML,190,1500ML,PET,,,RECODING,5,1,99765134,13.051142,118,BOTTLERS NEPAL - NEPAL,SPRITE,SPRITE,SPRITE PET 1500 ML+250 ML SPRITE FREE,PET,1500.000 ML,LEMON,,1500.0,ML,190.0
30,01/02/2024,202401,2,129057674,12201020008,1706004074729,99765134,118,BOTTLERS NEPAL - NEPAL,SPRITE,SPRITE-LEMON-PET 1500ML+ FREE SPRITE PET 250ML,190,1500ML,PET,,,RECODING,5,2,99765140,17.36167,118,BOTTLERS NEPAL - NEPAL,SPRITE,SPRITE,SPRITE PET 2250 ML+250 ML SPRITE FREE,PET,2250.000 ML,LEMON,,2250.0,ML,270.0
30,01/02/2024,202401,2,129057674,12201020008,1706004074729,99765134,118,BOTTLERS NEPAL - NEPAL,SPRITE,SPRITE-LEMON-PET 1500ML+ FREE SPRITE PET 250ML,190,1500ML,PET,,,RECODING,5,3,20110185,23.166615,118,BOTTLERS NEPAL - NEPAL,SPRITE,SPRITE,PET 1500 ML,PET,1500.000 ML,LEMON,,1500.0,ML,0.0
30,01/02/2024,202401,2,129057674,12201020008,1706004074729,99765134,118,BOTTLERS NEPAL - NEPAL,SPRITE,SPRITE-LEMON-PET 1500ML+ FREE SPRITE PET 250ML,190,1500ML,PET,,,RECODING,5,4,20123344,27.872396,118,BOTTLERS NEPAL - NEPAL,SPRITE,SPRITE,PET 1000 ML,PET,1000.000 ML,LEMON,,1000.0,ML,0.0
30,01/02/2024,202401,2,129057674,12201020008,1706004074729,99765134,118,BOTTLERS NEPAL - NEPAL,SPRITE,SPRITE-LEMON-PET 1500ML+ FREE SPRITE PET 250ML,190,1500ML,PET,,,RECODING,5,5,52744,28.034548,118,BOTTLERS NEPAL - NEPAL,SPRITE,SPRITE,PET 250 ML,PET,250.000 ML,LEMON,,250.0,ML,0.0
30,01/02/2024,202401,2,129057674,12201020008,1706004074729,99765134,118,BOTTLERS NEPAL - NEPAL,SPRITE,SPRITE-LEMON-PET 1500ML+ FREE SPRITE PET 250ML,190,1500ML,PET,,,RECODING,5,6,20120418,28.761625,118,BOTTLERS NEPAL - NEPAL,SPRITE,SPRITE,PET 2250 ML,PET,2250.000 ML,LEMON,,2250.0,ML,0.0
30,01/02/2024,202401,2,129057674,12201020008,1706004074729,99765134,118,BOTTLERS NEPAL - NEPAL,SPRITE,SPRITE-LEMON-PET 1500ML+ FREE SPRITE PET 250ML,190,1500ML,PET,,,RECODING,5,7,99765367,29.66962,118,BOTTLERS NEPAL - NEPAL,SPRITE,SPRITE,PET 2250 ML+250 ML COKE FREE,PET,2250.000 ML,LEMON,,2250.0,ML,270.0
30,01/02/2024,202401,2,129057674,12201020008,1706004074729,99765134,118,BOTTLERS NEPAL - NEPAL,SPRITE,SPRITE-LEMON-PET 1500ML+ FREE SPRITE PET 250ML,190,1500ML,PET,,,RECODING,5,8,20122636,29.965607,118,BOTTLERS NEPAL - NEPAL,SPRITE,SPRITE,PET 300 ML,PET,300.000 ML,LEMON,,300.0,ML,0.0
30,01/02/2024,202401,2,129057674,12201020008,1706004074729,99765134,118,BOTTLERS NEPAL - NEPAL,SPRITE,SPRITE-LEMON-PET 1500ML+ FREE SPRITE PET 250ML,190,1500ML,PET,,,RECODING,5,9,20110363,29.969542,118,BOTTLERS NEPAL - NEPAL,SPRITE,SPRITE,PET 2000 ML,PET,2000.000 ML,LEMON,,2000.0,ML,0.0
30,01/02/2024,202401,2,129057674,12201020008,1706004074729,99765134,118,BOTTLERS NEPAL - NEPAL,SPRITE,SPRITE-LEMON-PET 1500ML+ FREE SPRITE PET 250ML,190,1500ML,PET,,,RECODING,5,10,20126048,30.183167,118,BOTTLERS NEPAL - NEPAL,SPRITE,SPRITE,PET 750 ML,PET,750.000 ML,LEMON,,750.0,ML,0.0
31,01/02/2024,202401,2,129057785,12201020029,1705647364705,99765133,118,BOTTLERS NEPAL - NEPAL,COCA-COLA,COCA-COLA-COLA PET 1500ML+FREE PET 250ML,19,1500ML,PET,,,RECODING,5,1,99765133,11.932869,118,BOTTLERS NEPAL - NEPAL,COCA-COLA,COCA-COLA,COCA-COLA PET 1500 ML+250 ML COCA-COLA FREE,PET,1500.000 ML,COLA,,1500.0,ML,190.0
31,01/02/2024,202401,2,129057785,12201020029,1705647364705,99765133,118,BOTTLERS NEPAL - NEPAL,COCA-COLA,COCA-COLA-COLA PET 1500ML+FREE PET 250ML,19,1500ML,PET,,,RECODING,5,2,99765354,16.656141,118,BOTTLERS NEPAL - NEPAL,COCA-COLA,COCA-COLA,PET 2000 ML+250 ML COCA-COLA FREE,PET,2000.000 ML,COLA,,2000.0,ML,220.0
31,01/02/2024,202401,2,129057785,12201020029,1705647364705,99765133,118,BOTTLERS NEPAL - NEPAL,COCA-COLA,COCA-COLA-COLA PET 1500ML+FREE PET 250ML,19,1500ML,PET,,,RECODING,5,3,99765132,18.040714,118,BOTTLERS NEPAL - NEPAL,COCA-COLA,COCA-COLA,COCA-COLA PET 2250 ML+250 ML COCA-COLA FREE,PET,2250.000 ML,COLA,,2250.0,ML,270.0
31,01/02/2024,202401,2,129057785,12201020029,1705647364705,99765133,118,BOTTLERS NEPAL - NEPAL,COCA-COLA,COCA-COLA-COLA PET 1500ML+FREE PET 250ML,19,1500ML,PET,,,RECODING,5,4,20110105,25.714897,118,BOTTLERS NEPAL - NEPAL,COCA-COLA,COCA-COLA,PET 1500 ML,PET,1500.000 ML,COLA,,1500.0,ML,0.0
31,01/02/2024,202401,2,129057785,12201020029,1705647364705,99765133,118,BOTTLERS NEPAL - NEPAL,COCA-COLA,COCA-COLA-COLA PET 1500ML+FREE PET 250ML,19,1500ML,PET,,,RECODING,5,5,52789,27.118074,118,BOTTLERS NEPAL - NEPAL,COCA-COLA,COCA-COLA,PET 250 ML,PET,250.000 ML,COLA,,250.0,ML,0.0
31,01/02/2024,202401,2,129057785,12201020029,1705647364705,99765133,118,BOTTLERS NEPAL - NEPAL,COCA-COLA,COCA-COLA-COLA PET 1500ML+FREE PET 250ML,19,1500ML,PET,,,RECODING,5,6,20110294,29.611933,118,BOTTLERS NEPAL - NEPAL,COCA-COLA,COCA-COLA,PET 2000 ML,PET,2000.000 ML,COLA,,2000.0,ML,0.0
31,01/02/2024,202401,2,129057785,12201020029,1705647364705,99765133,118,BOTTLERS NEPAL - NEPAL,COCA-COLA,COCA-COLA-COLA PET 1500ML+FREE PET 250ML,19,1500ML,PET,,,RECODING,5,7,20123342,29.736803,118,BOTTLERS NEPAL - NEPAL,COCA-COLA,COCA-COLA,PET 1000 ML,PET,1000.000 ML,COLA,,1000.0,ML,0.0
31,01/02/2024,202401,2,129057785,12201020029,1705647364705,99765133,118,BOTTLERS NEPAL - NEPAL,COCA-COLA,COCA-COLA-COLA PET 1500ML+FREE PET 250ML,19,1500ML,PET,,,RECODING,5,8,99764934,30.292957,118,BOTTLERS NEPAL - NEPAL,COCA-COLA,COCA-COLA,COCA-COLA PET 2250 ML+250 ML COCA-COLA ZERO SUGAR FREE,PET,2250.000 ML,COLA,,2250.0,ML,260.0
31,01/02/2024,202401,2,129057785,12201020029,1705647364705,99765133,118,BOTTLERS NEPAL - NEPAL,COCA-COLA,COCA-COLA-COLA PET 1500ML+FREE PET 250ML,19,1500ML,PET,,,RECODING,5,9,20121858,31.022545,118,BOTTLERS NEPAL - NEPAL,COCA-COLA,COCA-COLA,PET 300 ML,PET,300.000 ML,COLA,,300.0,ML,0.0
31,01/02/2024,202401,2,129057785,12201020029,1705647364705,99765133,118,BOTTLERS NEPAL - NEPAL,COCA-COLA,COCA-COLA-COLA PET 1500ML+FREE PET 250ML,19,1500ML,PET,,,RECODING,5,10,20126047,31.192453,118,BOTTLERS NEPAL - NEPAL,COCA-COLA,COCA-COLA,PET 750 ML,PET,750.000 ML,COLA,,750.0,ML,0.0
