t_row_id,t_DATE,t_PERIOD,t_AUDITYPE,t_STORECODE,t_DLRCODE,t_ITEMCODE,t_NEW_CODES,t_CATEGORY,t_MANUFACTURE,t_BRAND,t_ITEMDESC,t_MRP,t_PACKSIZE,t_PACKTYPE,t_COMMENTS,t_IMAGE,t_CODE COMMENT,t_FLAG,rank,matched_itemcode,distance,m_catcode,m_company,m_mbrand,m_brand,m_sku,m_packtype,m_base_pack,m_flavor,m_color,m_wght,m_uom,m_mrp
0,2023-02-07,202302,1,117185654,32203010010,1675677515836,1675677515836,116,SUPER ABSORBENT CORE ,COMFORT,COMFORT PPH 8 NOS,100.0,PPH,8 NOS,,1675677515836-super absorbent core -comfort#3.png,DELETE THE ITEM,1,1,54005,228.23686,116,SOFTY HYGIENE PVT LTD-NEPAL,SOFTY,SOFTY,SOFTY-ULT SUPER ABSORBENT CORE-PPH 10 NO,PLPCH,10.000 NO,,,10.0,NO,0.0
0,2023-02-07,202302,1,117185654,32203010010,1675677515836,1675677515836,116,SUPER ABSORBENT CORE ,COMFORT,COMFORT PPH 8 NOS,100.0,PPH,8 NOS,,1675677515836-super absorbent core -comfort#3.png,DELETE THE ITEM,1,2,51084,255.61688,116,SOFTY HYGIENE PVT LTD-NEPAL,SOFTY,SOFTY,SOFTY-ULTRA SUPER ABSORBENT CORE PPH 6 NO,PLPCH,6.000 NO,,,6.0,NO,0.0
0,2023-02-07,202302,1,117185654,32203010010,1675677515836,1675677515836,116,SUPER ABSORBENT CORE ,COMFORT,COMFORT PPH 8 NOS,100.0,PPH,8 NOS,,1675677515836-super absorbent core -comfort#3.png,DELETE THE ITEM,1,3,92024765,258.06195,116,IMPORTED-IMPORTED,COMFORT,COMFORT REGULAR,COMFORT REGULAR-PPH 8 NOS,PLPCH,8.000 NO,,,8.0,NO,0.0
0,2023-02-07,202302,1,117185654,32203010010,1675677515836,1675677515836,116,SUPER ABSORBENT CORE ,COMFORT,COMFORT PPH 8 NOS,100.0,PPH,8 NOS,,1675677515836-super absorbent core -comfort#3.png,DELETE THE ITEM,1,4,99764195,258.2795,116,H R HYGIENE PROD-IND,WOMANCIA,WOMANCIA PREMIUM,WOMANCIA PREMIUM-QUICK ABSORB DRY FEEL XTRA LARGE PPH 7NO,PLPCH,7.000 NO,,,7.0,NO,50.0
0,2023-02-07,202302,1,117185654,32203010010,1675677515836,1675677515836,116,SUPER ABSORBENT CORE ,COMFORT,COMFORT PPH 8 NOS,100.0,PPH,8 NOS,,1675677515836-super absorbent core -comfort#3.png,DELETE THE ITEM,1,5,49688,259.69052,123,SUPER TATA SOAP & CHEMICAL-NP,DON,DON XPERT,DON XPERT-PPH 190 GM+15% EXT[30GM],PLPCH,190.000 GM,,,220.0,GM,0.0
0,2023-02-07,202302,1,117185654,32203010010,1675677515836,1675677515836,116,SUPER ABSORBENT CORE ,COMFORT,COMFORT PPH 8 NOS,100.0,PPH,8 NOS,,1675677515836-super absorbent core -comfort#3.png,DELETE THE ITEM,1,6,47665,262.04855,123,SUPER TATA SOAP & CHEMICAL-NP,DON,DON XPERT,DON XPERT-PPH 185 GM+15% EXT[30GM],PLPCH,185.000 GM,,,215.0,GM,0.0
0,2023-02-07,202302,1,117185654,32203010010,1675677515836,1675677515836,116,SUPER ABSORBENT CORE ,COMFORT,COMFORT PPH 8 NOS,100.0,PPH,8 NOS,,1675677515836-super absorbent core -comfort#3.png,DELETE THE ITEM,1,7,54936,262.39838,116,H R HYGIENE PROD-IND,FEMISS,FEMISS,FEMISS-ECO QUICK ABSORB DRY FEEL PPH 7 NO+1NO FR,PLPCH,7.000 NO,,,8.0,NO,0.0
0,2023-02-07,202302,1,117185654,32203010010,1675677515836,1675677515836,116,SUPER ABSORBENT CORE ,COMFORT,COMFORT PPH 8 NOS,100.0,PPH,8 NOS,,1675677515836-super absorbent core -comfort#3.png,DELETE THE ITEM,1,8,99762979,264.9052,116,CARE & COMFORT PRODUCTS-NEPAL,CARE & COMFORT,CARE & COMFORT,CARE & COMFORT-REGULAR PPH 7 NO,PLPCH,7.000 NO,,,7.0,NO,45.0
0,2023-02-07,202302,1,117185654,32203010010,1675677515836,1675677515836,116,SUPER ABSORBENT CORE ,COMFORT,COMFORT PPH 8 NOS,100.0,PPH,8 NOS,,1675677515836-super absorbent core -comfort#3.png,DELETE THE ITEM,1,9,92925080,267.98813,123,G.S.I.P.LTD-NEPAL,XPERT,XPERT,XPERT-UNWRP 150 GMS,UNWRP,150.000 GM,,,150.0,GM,0.0
0,2023-02-07,202302,1,117185654,32203010010,1675677515836,1675677515836,116,SUPER ABSORBENT CORE ,COMFORT,COMFORT PPH 8 NOS,100.0,PPH,8 NOS,,1675677515836-super absorbent core -comfort#3.png,DELETE THE ITEM,1,10,99763048,268.18127,123,PUJA SOAP & HOUSEHOLD PROD-NPL,PUJA,PUJA,PUJA-PPH 3*167 GM [500GM] 3 PCS PACK,PLPCH,167.000 GM,,,500.0,GM,100.0
1,2023-02-07,202302,1,117185654,32203010010,1675677700709,99764842,116,ANGEL TOUCH HYGIENE MANUF.-NEPAL,PURE EVERYDAY,PURE EVERYDAY XL 7 NOS,50.0,PPH,7 NOS,,1675677700709-angel touch hygiene manuf--nepal-pure everyday#3.png,RECODING,5,1,99764842,77.65479,116,ANGEL TOUCH HYGIENE MANUF.-NEPAL,PURE,PURE REGULAR,PURE REGULAR-EVERYDAY XL PPH 7 NO,PLPCH,7.000 NO,,,7.0,NO,50.0
1,2023-02-07,202302,1,117185654,32203010010,1675677700709,99764842,116,ANGEL TOUCH HYGIENE MANUF.-NEPAL,PURE EVERYDAY,PURE EVERYDAY XL 7 NOS,50.0,PPH,7 NOS,,1675677700709-angel touch hygiene manuf--nepal-pure everyday#3.png,RECODING,5,2,99764821,129.02434,116,ANGEL TOUCH HYGIENE MANUF.-NEPAL,PURE,PURE ULTRA CLEAR CHOICE,PURE ULTRA CLEAR CHOICE-XL ULTRA THIN PPH 8 NO,PLPCH,8.000 NO,,,8.0,NO,80.0
1,2023-02-07,202302,1,117185654,32203010010,1675677700709,99764842,116,ANGEL TOUCH HYGIENE MANUF.-NEPAL,PURE EVERYDAY,PURE EVERYDAY XL 7 NOS,50.0,PPH,7 NOS,,1675677700709-angel touch hygiene manuf--nepal-pure everyday#3.png,RECODING,5,3,99763270,170.58138,116,ANYTIME HYGIENE PVT LTD-NEPAL,ANYTIME,ANYTIME,ANYTIME-REGULAR WINGS PPH 7 NOS,PLPCH,7.000 NO,,,7.0,NO,55.0
1,2023-02-07,202302,1,117185654,32203010010,1675677700709,99764842,116,ANGEL TOUCH HYGIENE MANUF.-NEPAL,PURE EVERYDAY,PURE EVERYDAY XL 7 NOS,50.0,PPH,7 NOS,,1675677700709-angel touch hygiene manuf--nepal-pure everyday#3.png,RECODING,5,4,99764020,173.01604,123,HIMGIRI HYGIENE PVT LTD-NEPAL,TIKA,TIKA,TIKA-LAUNDRY SOAP PPH 3*167 GM [500 GM],PLPCH,167.000 GM,,,500.0,GM,105.0
1,2023-02-07,202302,1,117185654,32203010010,1675677700709,99764842,116,ANGEL TOUCH HYGIENE MANUF.-NEPAL,PURE EVERYDAY,PURE EVERYDAY XL 7 NOS,50.0,PPH,7 NOS,,1675677700709-angel touch hygiene manuf--nepal-pure everyday#3.png,RECODING,5,5,92962475,175.17607,123,GOPAL SOAP INDUSTRIES - NEPAL,V SERIES,V SERIES POPULAR,V SERIES POPULAR-PCN 800 GM+SCRUBBER FREE,PLJAR,800.000 GM,,,800.0,GM,0.0
1,2023-02-07,202302,1,117185654,32203010010,1675677700709,99764842,116,ANGEL TOUCH HYGIENE MANUF.-NEPAL,PURE EVERYDAY,PURE EVERYDAY XL 7 NOS,50.0,PPH,7 NOS,,1675677700709-angel touch hygiene manuf--nepal-pure everyday#3.png,RECODING,5,6,99762485,175.29297,122,CLEAN AID NEPAL P LTD-NEPAL,HERO,HERO ULTRA,HERO ULTRA-LEMON & JASMINE PPH 250 GM,PLPCH,250.000 GM,,,250.0,GM,20.0
1,2023-02-07,202302,1,117185654,32203010010,1675677700709,99764842,116,ANGEL TOUCH HYGIENE MANUF.-NEPAL,PURE EVERYDAY,PURE EVERYDAY XL 7 NOS,50.0,PPH,7 NOS,,1675677700709-angel touch hygiene manuf--nepal-pure everyday#3.png,RECODING,5,7,92962392,175.31578,123,GOPAL SOAP INDUSTRIES - NEPAL,V SERIES,V SERIES POPULAR,V SERIES POPULAR-PCN 400 GM+SCRUBBER FREE,PLJAR,400.000 GM,,,400.0,GM,0.0
1,2023-02-07,202302,1,117185654,32203010010,1675677700709,99764842,116,ANGEL TOUCH HYGIENE MANUF.-NEPAL,PURE EVERYDAY,PURE EVERYDAY XL 7 NOS,50.0,PPH,7 NOS,,1675677700709-angel touch hygiene manuf--nepal-pure everyday#3.png,RECODING,5,8,99763929,175.43115,122,CLEAN AID NEPAL P LTD-NEPAL,HERO,HERO ULTRA,HERO ULTRA-LEMON & JASMINE PPH 200 GM,PLPCH,200.000 GM,,,200.0,GM,20.0
1,2023-02-07,202302,1,117185654,32203010010,1675677700709,99764842,116,ANGEL TOUCH HYGIENE MANUF.-NEPAL,PURE EVERYDAY,PURE EVERYDAY XL 7 NOS,50.0,PPH,7 NOS,,1675677700709-angel touch hygiene manuf--nepal-pure everyday#3.png,RECODING,5,9,50749,175.53212,122,GOPAL SOAP INDUSTRIES - NEPAL,V SERIES,V SERIES XPERT,V SERIES XPERT-PPH 3000 GM,PLPCH,3000.000 GM,,,3000.0,GM,0.0
1,2023-02-07,202302,1,117185654,32203010010,1675677700709,99764842,116,ANGEL TOUCH HYGIENE MANUF.-NEPAL,PURE EVERYDAY,PURE EVERYDAY XL 7 NOS,50.0,PPH,7 NOS,,1675677700709-angel touch hygiene manuf--nepal-pure everyday#3.png,RECODING,5,10,46807,175.99673,122,GOPAL SOAP INDUSTRIES - NEPAL,V SERIES,V SERIES,V SERIES-ORANGE & LEMON-PPH 3000 GM,PLPCH,3000.000 GM,,,3000.0,GM,0.0
2,2023-02-07,202302,3,1220100023,12201030087,1675655460329,99764848,125,TRIMURTI FREGNENCE INDUSTRIES NEPAL,SPECIAL BASSA,SPECIAL BASSA,20.0,PPH,15G,,1675655460329-trimurti fregnence industries nepal-special bassa#3.png,RECODING,5,1,99764848,154.62486,125,TRIMURTI FRAGNANCES PVT LTD.,SPECIAL BASSA,SPECIAL BASSA,15G KHAINI,PLAST,15G,REGULAR,,15.0,GM,20.0
2,2023-02-07,202302,3,1220100023,12201030087,1675655460329,99764848,125,TRIMURTI FREGNENCE INDUSTRIES NEPAL,SPECIAL BASSA,SPECIAL BASSA,20.0,PPH,15G,,1675655460329-trimurti fregnence industries nepal-special bassa#3.png,RECODING,5,2,93015344,188.5907,122,BASANTA CHEMICAL- NEPAL,BULBUL,BULBUL,BULBUL-PPH 500  GMS,PLPCH,500.000 GM,,,500.0,GM,0.0
2,2023-02-07,202302,3,1220100023,12201030087,1675655460329,99764848,125,TRIMURTI FREGNENCE INDUSTRIES NEPAL,SPECIAL BASSA,SPECIAL BASSA,20.0,PPH,15G,,1675655460329-trimurti fregnence industries nepal-special bassa#3.png,RECODING,5,3,50749,189.17921,122,GOPAL SOAP INDUSTRIES - NEPAL,V SERIES,V SERIES XPERT,V SERIES XPERT-PPH 3000 GM,PLPCH,3000.000 GM,,,3000.0,GM,0.0
2,2023-02-07,202302,3,1220100023,12201030087,1675655460329,99764848,125,TRIMURTI FREGNENCE INDUSTRIES NEPAL,SPECIAL BASSA,SPECIAL BASSA,20.0,PPH,15G,,1675655460329-trimurti fregnence industries nepal-special bassa#3.png,RECODING,5,4,93011488,189.33395,122,BASANTA CHEMICAL- NEPAL,BULBUL,BULBUL,BULBUL-PPH 200  GMS,PLPCH,200.000 GM,,,200.0,GM,0.0
2,2023-02-07,202302,3,1220100023,12201030087,1675655460329,99764848,125,TRIMURTI FREGNENCE INDUSTRIES NEPAL,SPECIAL BASSA,SPECIAL BASSA,20.0,PPH,15G,,1675655460329-trimurti fregnence industries nepal-special bassa#3.png,RECODING,5,5,99763073,191.59456,123,SIDDHI BINAYAK CHEMICALS-NEPAL,RUKH CHHAP,RUKH CHHAP DALLO SABUN,RUKH CHHAP DALLO SABUN-PPH 3*250 GM [750 GM],PLPCH,250.000 GM,,,750.0,GM,100.0
2,2023-02-07,202302,3,1220100023,12201030087,1675655460329,99764848,125,TRIMURTI FREGNENCE INDUSTRIES NEPAL,SPECIAL BASSA,SPECIAL BASSA,20.0,PPH,15G,,1675655460329-trimurti fregnence industries nepal-special bassa#3.png,RECODING,5,6,99762902,191.80862,123,NEPAL GRAMODHYOG PVT LTD-NP,NEPAL GRAMODHYOG,NEPAL GRAMODHYOG HERB YUKT,NEPAL GRAMODHYOG HERB YUKT-ASH & LEMON PPH 150 GM,PLPCH,150.000 GM,,,150.0,GM,20.0
2,2023-02-07,202302,3,1220100023,12201030087,1675655460329,99764848,125,TRIMURTI FREGNENCE INDUSTRIES NEPAL,SPECIAL BASSA,SPECIAL BASSA,20.0,PPH,15G,,1675655460329-trimurti fregnence industries nepal-special bassa#3.png,RECODING,5,7,54994,191.93887,123,GOPAL SOAP INDUSTRIES - NEPAL,V SERIES,V SERIES PLUS,V SERIES PLUS-HRBL DISHWASH PPH 80 GM+15GM EX,PLPCH,80.000 GM,,,95.0,GM,0.0
2,2023-02-07,202302,3,1220100023,12201030087,1675655460329,99764848,125,TRIMURTI FREGNENCE INDUSTRIES NEPAL,SPECIAL BASSA,SPECIAL BASSA,20.0,PPH,15G,,1675655460329-trimurti fregnence industries nepal-special bassa#3.png,RECODING,5,8,54989,192.37872,123,GOPAL SOAP INDUSTRIES - NEPAL,V SERIES,V SERIES PLUS,V SERIES PLUS- HRBL DISHWASH PPH 170 GM+30GM EX,PLPCH,170.000 GM,,,200.0,GM,0.0
2,2023-02-07,202302,3,1220100023,12201030087,1675655460329,99764848,125,TRIMURTI FREGNENCE INDUSTRIES NEPAL,SPECIAL BASSA,SPECIAL BASSA,20.0,PPH,15G,,1675655460329-trimurti fregnence industries nepal-special bassa#3.png,RECODING,5,9,93012695,192.81187,122,BASANTA CHEMICAL- NEPAL,BULBUL,BULBUL,BULBUL-PPH 100  GMS,PLPCH,100.000 GM,,,100.0,GM,0.0
2,2023-02-07,202302,3,1220100023,12201030087,1675655460329,99764848,125,TRIMURTI FREGNENCE INDUSTRIES NEPAL,SPECIAL BASSA,SPECIAL BASSA,20.0,PPH,15G,,1675655460329-trimurti fregnence industries nepal-special bassa#3.png,RECODING,5,10,99763175,194.04382,122,GOPAL SOAP INDUSTRIES - NEPAL,V SERIES,V SERIES XPERT,V SERIES XPERT-PPH 200 GM,PLPCH,200.000 GM,,,200.0,GM,20.0
3,2023-02-07,202302,3,1220100026,12201030081,1675655460329,99764848,125,TRIMURTI FREGNENCE INDUSTRIES NEPAL,SPECIAL BASSA,SPECIAL BASSA,20.0,PPH,15G,,1675655460329-trimurti fregnence industries nepal-special bassa#3.png,RECODING,5,1,99764848,155.49457,125,TRIMURTI FRAGNANCES PVT LTD.,SPECIAL BASSA,SPECIAL BASSA,15G KHAINI,PLAST,15G,REGULAR,,15.0,GM,20.0
3,2023-02-07,202302,3,1220100026,12201030081,1675655460329,99764848,125,TRIMURTI FREGNENCE INDUSTRIES NEPAL,SPECIAL BASSA,SPECIAL BASSA,20.0,PPH,15G,,1675655460329-trimurti fregnence industries nepal-special bassa#3.png,RECODING,5,2,93015344,188.65723,122,BASANTA CHEMICAL- NEPAL,BULBUL,BULBUL,BULBUL-PPH 500  GMS,PLPCH,500.000 GM,,,500.0,GM,0.0
3,2023-02-07,202302,3,1220100026,12201030081,1675655460329,99764848,125,TRIMURTI FREGNENCE INDUSTRIES NEPAL,SPECIAL BASSA,SPECIAL BASSA,20.0,PPH,15G,,1675655460329-trimurti fregnence industries nepal-special bassa#3.png,RECODING,5,3,93011488,189.48096,122,BASANTA CHEMICAL- NEPAL,BULBUL,BULBUL,BULBUL-PPH 200  GMS,PLPCH,200.000 GM,,,200.0,GM,0.0
3,2023-02-07,202302,3,1220100026,12201030081,1675655460329,99764848,125,TRIMURTI FREGNENCE INDUSTRIES NEPAL,SPECIAL BASSA,SPECIAL BASSA,20.0,PPH,15G,,1675655460329-trimurti fregnence industries nepal-special bassa#3.png,RECODING,5,4,50749,189.60312,122,GOPAL SOAP INDUSTRIES - NEPAL,V SERIES,V SERIES XPERT,V SERIES XPERT-PPH 3000 GM,PLPCH,3000.000 GM,,,3000.0,GM,0.0
3,2023-02-07,202302,3,1220100026,12201030081,1675655460329,99764848,125,TRIMURTI FREGNENCE INDUSTRIES NEPAL,SPECIAL BASSA,SPECIAL BASSA,20.0,PPH,15G,,1675655460329-trimurti fregnence industries nepal-special bassa#3.png,RECODING,5,5,99763073,191.90662,123,SIDDHI BINAYAK CHEMICALS-NEPAL,RUKH CHHAP,RUKH CHHAP DALLO SABUN,RUKH CHHAP DALLO SABUN-PPH 3*250 GM [750 GM],PLPCH,250.000 GM,,,750.0,GM,100.0
3,2023-02-07,202302,3,1220100026,12201030081,1675655460329,99764848,125,TRIMURTI FREGNENCE INDUSTRIES NEPAL,SPECIAL BASSA,SPECIAL BASSA,20.0,PPH,15G,,1675655460329-trimurti fregnence industries nepal-special bassa#3.png,RECODING,5,6,99762902,192.21341,123,NEPAL GRAMODHYOG PVT LTD-NP,NEPAL GRAMODHYOG,NEPAL GRAMODHYOG HERB YUKT,NEPAL GRAMODHYOG HERB YUKT-ASH & LEMON PPH 150 GM,PLPCH,150.000 GM,,,150.0,GM,20.0
3,2023-02-07,202302,3,1220100026,12201030081,1675655460329,99764848,125,TRIMURTI FREGNENCE INDUSTRIES NEPAL,SPECIAL BASSA,SPECIAL BASSA,20.0,PPH,15G,,1675655460329-trimurti fregnence industries nepal-special bassa#3.png,RECODING,5,7,54994,192.44476,123,GOPAL SOAP INDUSTRIES - NEPAL,V SERIES,V SERIES PLUS,V SERIES PLUS-HRBL DISHWASH PPH 80 GM+15GM EX,PLPCH,80.000 GM,,,95.0,GM,0.0
3,2023-02-07,202302,3,1220100026,12201030081,1675655460329,99764848,125,TRIMURTI FREGNENCE INDUSTRIES NEPAL,SPECIAL BASSA,SPECIAL BASSA,20.0,PPH,15G,,1675655460329-trimurti fregnence industries nepal-special bassa#3.png,RECODING,5,8,93012695,192.83188,122,BASANTA CHEMICAL- NEPAL,BULBUL,BULBUL,BULBUL-PPH 100  GMS,PLPCH,100.000 GM,,,100.0,GM,0.0
3,2023-02-07,202302,3,1220100026,12201030081,1675655460329,99764848,125,TRIMURTI FREGNENCE INDUSTRIES NEPAL,SPECIAL BASSA,SPECIAL BASSA,20.0,PPH,15G,,1675655460329-trimurti fregnence industries nepal-special bassa#3.png,RECODING,5,9,54989,192.95488,123,GOPAL SOAP INDUSTRIES - NEPAL,V SERIES,V SERIES PLUS,V SERIES PLUS- HRBL DISHWASH PPH 170 GM+30GM EX,PLPCH,170.000 GM,,,200.0,GM,0.0
3,2023-02-07,202302,3,1220100026,12201030081,1675655460329,99764848,125,TRIMURTI FREGNENCE INDUSTRIES NEPAL,SPECIAL BASSA,SPECIAL BASSA,20.0,PPH,15G,,1675655460329-trimurti fregnence industries nepal-special bassa#3.png,RECODING,5,10,99763175,194.65765,122,GOPAL SOAP INDUSTRIES - NEPAL,V SERIES,V SERIES XPERT,V SERIES XPERT-PPH 200 GM,PLPCH,200.000 GM,,,200.0,GM,20.0
4,2023-02-08,202302,2,122186466,31101020089,1675668824889,99764850,134,BIKANERVALA FOOD PVT LTD,CAN JUICE,BIKANO STABERY FLAVIOUR,110.0,CAN,180 ML,,1675668824889-bikanervala food pvt ltd-can juice#3.png,RECODING,5,1,99764850,152.33934,118,BIKANERVALA FOODS PVT. LTD.-INDIA,BIKANO,BIKANO STRAWBERRY DRINK,STRAWBERRY DRINK CAN 180 ML,CAN,180.000 ML,STRAWBERRY,,180.0,ML,110.0
4,2023-02-08,202302,2,122186466,31101020089,1675668824889,99764850,134,BIKANERVALA FOOD PVT LTD,CAN JUICE,BIKANO STABERY FLAVIOUR,110.0,CAN,180 ML,,1675668824889-bikanervala food pvt ltd-can juice#3.png,RECODING,5,2,99765361,166.7464,118,BIKANERVALA FOODS PVT. LTD.-INDIA,BIKANO,BIKANO BADAM DRINK,BADAM DRINK CAN 180 ML,CAN,180.000 ML,ALMOND,,180.0,ML,100.0
4,2023-02-08,202302,2,122186466,31101020089,1675668824889,99764850,134,BIKANERVALA FOOD PVT LTD,CAN JUICE,BIKANO STABERY FLAVIOUR,110.0,CAN,180 ML,,1675668824889-bikanervala food pvt ltd-can juice#3.png,RECODING,5,3,99765257,186.11139,118,J.B.S. INDUSTRIES PVT. LTD.- NEPAL,SAGARMATHA,SAGARMATHA,MIXED FRUIT CAN 240 ML,CAN,240.000 ML,MIXED FRUIT,,240.0,ML,90.0
4,2023-02-08,202302,2,122186466,31101020089,1675668824889,99764850,134,BIKANERVALA FOOD PVT LTD,CAN JUICE,BIKANO STABERY FLAVIOUR,110.0,CAN,180 ML,,1675668824889-bikanervala food pvt ltd-can juice#3.png,RECODING,5,4,20121327,190.94228,118,THE AGRI. MKT. - BNGLADESH,PRAN,PRAN,FRUIT COCKTAIL CAN 230 ML,CAN,230.000 ML,MIXED FRUIT,,230.0,ML,0.0
4,2023-02-08,202302,2,122186466,31101020089,1675668824889,99764850,134,BIKANERVALA FOOD PVT LTD,CAN JUICE,BIKANO STABERY FLAVIOUR,110.0,CAN,180 ML,,1675668824889-bikanervala food pvt ltd-can juice#3.png,RECODING,5,5,20123597,191.81279,118,J B'S INDUSTRIES - NEPAL,SAGARMATHA,SAGARMATHA,MIXED FRUIT CAN 240 ML,CAN,240.000 ML,MIXED FRUIT,,240.0,ML,0.0
4,2023-02-08,202302,2,122186466,31101020089,1675668824889,99764850,134,BIKANERVALA FOOD PVT LTD,CAN JUICE,BIKANO STABERY FLAVIOUR,110.0,CAN,180 ML,,1675668824889-bikanervala food pvt ltd-can juice#3.png,RECODING,5,6,49271,192.66397,118,THE AGRI. MKT. - BNGLADESH,LAVILA,LAVILA,FRUIT COCKTAIL CAN 250 ML,CAN,250.000 ML,MIXED FRUIT,,250.0,ML,0.0
4,2023-02-08,202302,2,122186466,31101020089,1675668824889,99764850,134,BIKANERVALA FOOD PVT LTD,CAN JUICE,BIKANO STABERY FLAVIOUR,110.0,CAN,180 ML,,1675668824889-bikanervala food pvt ltd-can juice#3.png,RECODING,5,7,20110402,192.6731,118,THE AGRI. MKT. - BNGLADESH,PRAN,PRAN,FRUIT COCKTAIL CAN 250 ML,CAN,250.000 ML,MIXED FRUIT,,250.0,ML,0.0
4,2023-02-08,202302,2,122186466,31101020089,1675668824889,99764850,134,BIKANERVALA FOOD PVT LTD,CAN JUICE,BIKANO STABERY FLAVIOUR,110.0,CAN,180 ML,,1675668824889-bikanervala food pvt ltd-can juice#3.png,RECODING,5,8,99765258,193.46478,118,J.B.S. INDUSTRIES PVT. LTD.- NEPAL,SAGARMATHA,SAGARMATHA,POMEGRANATE CAN 240 ML,CAN,240.000 ML,POMEGRANATE,,240.0,ML,100.0
4,2023-02-08,202302,2,122186466,31101020089,1675668824889,99764850,134,BIKANERVALA FOOD PVT LTD,CAN JUICE,BIKANO STABERY FLAVIOUR,110.0,CAN,180 ML,,1675668824889-bikanervala food pvt ltd-can juice#3.png,RECODING,5,9,20110416,194.1147,118,J B'S INDUSTRIES - NEPAL,SAGARMATHA,SAGARMATHA,MIXED FRUIT CAN 250 ML,CAN,250.000 ML,MIXED FRUIT,,250.0,ML,0.0
4,2023-02-08,202302,2,122186466,31101020089,1675668824889,99764850,134,BIKANERVALA FOOD PVT LTD,CAN JUICE,BIKANO STABERY FLAVIOUR,110.0,CAN,180 ML,,1675668824889-bikanervala food pvt ltd-can juice#3.png,RECODING,5,10,20120642,195.76962,118,J B'S INDUSTRIES - NEPAL,SAGARMATHA,SAGARMATHA,PINEAPPLE CAN 240 ML,CAN,240.000 ML,PINEAPPLE,,240.0,ML,0.0
5,2023-02-08,202302,1,117369546,32203010013,1675763507155,99764843,122,GAURI SHANKAR SOAP INDS-NEPAL,SUPER EXCEL,SUPER EXCEL PPH 200 GM,20.0,PPH,200 GM,,1675763507155-gauri shankar soap inds-nepal-super excel#2.png,RECODING,5,1,99764843,113.111694,122,GAURI SHANKAR SOAP INDS-NEPAL,GS,GS SUPER EXCEL,GS SUPER EXCEL-DETERGENT POWDER PPH 200 GM,PLPCH,200.000 GM,,,200.0,GM,20.0
5,2023-02-08,202302,1,117369546,32203010013,1675763507155,99764843,122,GAURI SHANKAR SOAP INDS-NEPAL,SUPER EXCEL,SUPER EXCEL PPH 200 GM,20.0,PPH,200 GM,,1675763507155-gauri shankar soap inds-nepal-super excel#2.png,RECODING,5,2,93021613,135.3552,122,GAURI SHANKAR SOAP INDS-NEPAL,CHADANI,CHADANI,CHADANI-PPH 1000 GMS,PLPCH,1000.000 GM,,,1000.0,GM,0.0
5,2023-02-08,202302,1,117369546,32203010013,1675763507155,99764843,122,GAURI SHANKAR SOAP INDS-NEPAL,SUPER EXCEL,SUPER EXCEL PPH 200 GM,20.0,PPH,200 GM,,1675763507155-gauri shankar soap inds-nepal-super excel#2.png,RECODING,5,3,45762,135.58087,122,OM SOAP PRODUCT INDUSTR-NEPAL,RAU EXCEL,RAU EXCEL,RAU EXCEL-SUPER ACTIVE PPH 275GM,PLPCH,275.000 GM,,,275.0,GM,0.0
5,2023-02-08,202302,1,117369546,32203010013,1675763507155,99764843,122,GAURI SHANKAR SOAP INDS-NEPAL,SUPER EXCEL,SUPER EXCEL PPH 200 GM,20.0,PPH,200 GM,,1675763507155-gauri shankar soap inds-nepal-super excel#2.png,RECODING,5,4,52683,139.9912,122,MANISHA SOAP INDUS-NEPAL,SUPER EXCEL PLUS,SUPER EXCEL PLUS,SUPER EXCEL PLUS-PPH 250 GM,PLPCH,250.000 GM,,,250.0,GM,0.0
5,2023-02-08,202302,1,117369546,32203010013,1675763507155,99764843,122,GAURI SHANKAR SOAP INDS-NEPAL,SUPER EXCEL,SUPER EXCEL PPH 200 GM,20.0,PPH,200 GM,,1675763507155-gauri shankar soap inds-nepal-super excel#2.png,RECODING,5,5,51682,140.32277,122,KWALITY SOAPS & CHEM. - NEPAL,123,123,123-PPH 4500 GM,PLPCH,4500.000 GM,,,4500.0,GM,0.0
5,2023-02-08,202302,1,117369546,32203010013,1675763507155,99764843,122,GAURI SHANKAR SOAP INDS-NEPAL,SUPER EXCEL,SUPER EXCEL PPH 200 GM,20.0,PPH,200 GM,,1675763507155-gauri shankar soap inds-nepal-super excel#2.png,RECODING,5,6,93018086,141.24826,122,GOPAL SOAP INDUSTRIES - NEPAL,V SERIES,V SERIES,V SERIES-PPH  450 GMS,PLPCH,450.000 GM,,,450.0,GM,0.0
5,2023-02-08,202302,1,117369546,32203010013,1675763507155,99764843,122,GAURI SHANKAR SOAP INDS-NEPAL,SUPER EXCEL,SUPER EXCEL PPH 200 GM,20.0,PPH,200 GM,,1675763507155-gauri shankar soap inds-nepal-super excel#2.png,RECODING,5,7,99762610,141.62076,122,GOPAL SOAP INDUSTRIES - NEPAL,V SERIES,V SERIES GHARI,V SERIES GHARI-PPH 200 GM,PLPCH,200.000 GM,,,200.0,GM,20.0
5,2023-02-08,202302,1,117369546,32203010013,1675763507155,99764843,122,GAURI SHANKAR SOAP INDS-NEPAL,SUPER EXCEL,SUPER EXCEL PPH 200 GM,20.0,PPH,200 GM,,1675763507155-gauri shankar soap inds-nepal-super excel#2.png,RECODING,5,8,52051,141.63333,122,GOPAL SOAP INDUSTRIES - NEPAL,V SERIES,V SERIES GHARI,V SERIES GHARI-PPH 3000 GM,PLPCH,3000.000 GM,,,3000.0,GM,0.0
5,2023-02-08,202302,1,117369546,32203010013,1675763507155,99764843,122,GAURI SHANKAR SOAP INDS-NEPAL,SUPER EXCEL,SUPER EXCEL PPH 200 GM,20.0,PPH,200 GM,,1675763507155-gauri shankar soap inds-nepal-super excel#2.png,RECODING,5,9,93018458,141.99597,122,GOPAL SOAP INDUSTRIES - NEPAL,V SERIES,V SERIES,V SERIES-PPH  425 GMS,PLPCH,425.000 GM,,,425.0,GM,0.0
5,2023-02-08,202302,1,117369546,32203010013,1675763507155,99764843,122,GAURI SHANKAR SOAP INDS-NEPAL,SUPER EXCEL,SUPER EXCEL PPH 200 GM,20.0,PPH,200 GM,,1675763507155-gauri shankar soap inds-nepal-super excel#2.png,RECODING,5,10,52457,142.73174,122,GOPAL SOAP INDUSTRIES - NEPAL,V SERIES,V SERIES GHARI,V SERIES GHARI-PPH 5000 GM,PLPCH,5000.000 GM,,,5000.0,GM,0.0
6,2023-02-08,202302,1,125764166,52202010015,1675747723641,99764845,123,DINESH SOAP & HOUSEHOLD-NPL,DINESH ,DINESH ASH DISHWASH BAR/400GM/PCN/ FREE SCRUB PAD,50.0,PCN,400GM ,,1675747723641-dinesh soap - household-npl-dinesh #3.png,RECODING,5,1,99764845,70.39348,123,DINESH SOAP & HOUSEHOLD-NPL,DINESH,DINESH ASH,DINESH ASH-DISHWASH BAR PCN 400 GM+FREE SCRUBBER,PLJAR,400.000 GM,,,400.0,GM,50.0
6,2023-02-08,202302,1,125764166,52202010015,1675747723641,99764845,123,DINESH SOAP & HOUSEHOLD-NPL,DINESH ,DINESH ASH DISHWASH BAR/400GM/PCN/ FREE SCRUB PAD,50.0,PCN,400GM ,,1675747723641-dinesh soap - household-npl-dinesh #3.png,RECODING,5,2,99764619,96.15367,123,DINESH SOAP & HOUSEHOLD-NPL,DINESH,DINESH,DINESH-DISHWASH BAR PPH 75 GM,PLPCH,75.000 GM,,,75.0,GM,10.0
6,2023-02-08,202302,1,125764166,52202010015,1675747723641,99764845,123,DINESH SOAP & HOUSEHOLD-NPL,DINESH ,DINESH ASH DISHWASH BAR/400GM/PCN/ FREE SCRUB PAD,50.0,PCN,400GM ,,1675747723641-dinesh soap - household-npl-dinesh #3.png,RECODING,5,3,99762816,98.03407,123,DINESH SOAP & HOUSEHOLD-NPL,DINESH,DINESH,DINESH-DISHWASH BAR PPH 100 GM,PLPCH,100.000 GM,,,100.0,GM,10.0
6,2023-02-08,202302,1,125764166,52202010015,1675747723641,99764845,123,DINESH SOAP & HOUSEHOLD-NPL,DINESH ,DINESH ASH DISHWASH BAR/400GM/PCN/ FREE SCRUB PAD,50.0,PCN,400GM ,,1675747723641-dinesh soap - household-npl-dinesh #3.png,RECODING,5,4,99764891,116.70996,123,DINESH SOAP & HOUSEHOLD-NPL,SHILPA GOLD,SHILPA GOLD,SHILPA GOLD-LEMON & ASH POWER PCN 400 GM+FREE SCRUBBER,PLJAR,400.000 GM,,,400.0,GM,65.0
6,2023-02-08,202302,1,125764166,52202010015,1675747723641,99764845,123,DINESH SOAP & HOUSEHOLD-NPL,DINESH ,DINESH ASH DISHWASH BAR/400GM/PCN/ FREE SCRUB PAD,50.0,PCN,400GM ,,1675747723641-dinesh soap - household-npl-dinesh #3.png,RECODING,5,5,54889,117.22741,122,DINESH SOAP & HOUSEHOLD-NPL,DINESH,DINESH 3IN1,DINESH 3IN1-LIME GREEN PCN 5000 GM,PLJAR,5000.000 GM,,,5000.0,GM,0.0
6,2023-02-08,202302,1,125764166,52202010015,1675747723641,99764845,123,DINESH SOAP & HOUSEHOLD-NPL,DINESH ,DINESH ASH DISHWASH BAR/400GM/PCN/ FREE SCRUB PAD,50.0,PCN,400GM ,,1675747723641-dinesh soap - household-npl-dinesh #3.png,RECODING,5,6,52462,124.15675,122,DINESH SOAP & HOUSEHOLD-NPL,DINESH,DINESH 3IN1,DINESH 3IN1-PPH 900 GM,PLPCH,900.000 GM,,,900.0,GM,0.0
6,2023-02-08,202302,1,125764166,52202010015,1675747723641,99764845,123,DINESH SOAP & HOUSEHOLD-NPL,DINESH ,DINESH ASH DISHWASH BAR/400GM/PCN/ FREE SCRUB PAD,50.0,PCN,400GM ,,1675747723641-dinesh soap - household-npl-dinesh #3.png,RECODING,5,7,53899,124.248245,123,DINESH SOAP & HOUSEHOLD-NPL,DINESH,DINESH,DINESH-UNWRP 198 GM,UNWRP,198.000 GM,,,198.0,GM,0.0
6,2023-02-08,202302,1,125764166,52202010015,1675747723641,99764845,123,DINESH SOAP & HOUSEHOLD-NPL,DINESH ,DINESH ASH DISHWASH BAR/400GM/PCN/ FREE SCRUB PAD,50.0,PCN,400GM ,,1675747723641-dinesh soap - household-npl-dinesh #3.png,RECODING,5,8,53898,124.45375,123,DINESH SOAP & HOUSEHOLD-NPL,DINESH,DINESH,DINESH-UNWRP 148 GM,UNWRP,148.000 GM,,,148.0,GM,0.0
6,2023-02-08,202302,1,125764166,52202010015,1675747723641,99764845,123,DINESH SOAP & HOUSEHOLD-NPL,DINESH ,DINESH ASH DISHWASH BAR/400GM/PCN/ FREE SCRUB PAD,50.0,PCN,400GM ,,1675747723641-dinesh soap - household-npl-dinesh #3.png,RECODING,5,9,52198,125.38182,122,DINESH SOAP & HOUSEHOLD-NPL,DINESH,DINESH 3IN1,DINESH 3IN1-PPH 250 GM,PLPCH,250.000 GM,,,250.0,GM,0.0
6,2023-02-08,202302,1,125764166,52202010015,1675747723641,99764845,123,DINESH SOAP & HOUSEHOLD-NPL,DINESH ,DINESH ASH DISHWASH BAR/400GM/PCN/ FREE SCRUB PAD,50.0,PCN,400GM ,,1675747723641-dinesh soap - household-npl-dinesh #3.png,RECODING,5,10,53897,125.53544,123,DINESH SOAP & HOUSEHOLD-NPL,DINESH,DINESH,DINESH-UNWRP 150 GM,UNWRP,150.000 GM,,,150.0,GM,0.0
7,2023-02-08,202302,1,125959303,52202010022,1675743018228,99764844,122,UNILEVER NEPAL LTD-NEPAL,WHEEL ACTIVE 2IN1 ,WHEEL ACTIVE 2IN1/CLEAN & FRESH/150GM/PPH,20.0,PPH,150GM ,,1675743018228-unilever nepal ltd-nepal-wheel active 2in1 #3.png,RECODING,5,1,99763979,79.909805,122,UNILEVER NEPAL LTD-NEPAL,WHEEL,WHEEL ACTIVE,WHEEL ACTIVE-2IN1 CLEAN FRESH PPH 950 GM,PLPCH,950.000 GM,,,950.0,GM,110.0
7,2023-02-08,202302,1,125959303,52202010022,1675743018228,99764844,122,UNILEVER NEPAL LTD-NEPAL,WHEEL ACTIVE 2IN1 ,WHEEL ACTIVE 2IN1/CLEAN & FRESH/150GM/PPH,20.0,PPH,150GM ,,1675743018228-unilever nepal ltd-nepal-wheel active 2in1 #3.png,RECODING,5,2,51131,81.02149,123,UNILEVER NEPAL LTD-NEPAL,WHEEL,WHEEL ACTIVE,WHEEL ACTIVE-2IN1 CLEAN FRESH PPH 105 GM,PLPCH,105.000 GM,,,105.0,GM,0.0
7,2023-02-08,202302,1,125959303,52202010022,1675743018228,99764844,122,UNILEVER NEPAL LTD-NEPAL,WHEEL ACTIVE 2IN1 ,WHEEL ACTIVE 2IN1/CLEAN & FRESH/150GM/PPH,20.0,PPH,150GM ,,1675743018228-unilever nepal ltd-nepal-wheel active 2in1 #3.png,RECODING,5,3,99764844,81.936386,122,UNILEVER NEPAL LTD-NEPAL,WHEEL,WHEEL ACTIVE,WHEEL ACTIVE-2IN1 CLEAN & FRESH PPH 150 GM,PLPCH,150.000 GM,,,150.0,GM,20.0
7,2023-02-08,202302,1,125959303,52202010022,1675743018228,99764844,122,UNILEVER NEPAL LTD-NEPAL,WHEEL ACTIVE 2IN1 ,WHEEL ACTIVE 2IN1/CLEAN & FRESH/150GM/PPH,20.0,PPH,150GM ,,1675743018228-unilever nepal ltd-nepal-wheel active 2in1 #3.png,RECODING,5,4,49512,82.18935,122,UNILEVER NEPAL LTD-NEPAL,WHEEL,WHEEL ACTIVE,WHEEL ACTIVE-2IN1 CLEAN FRESH PPH 175 GM,PLPCH,175.000 GM,,,175.0,GM,0.0
7,2023-02-08,202302,1,125959303,52202010022,1675743018228,99764844,122,UNILEVER NEPAL LTD-NEPAL,WHEEL ACTIVE 2IN1 ,WHEEL ACTIVE 2IN1/CLEAN & FRESH/150GM/PPH,20.0,PPH,150GM ,,1675743018228-unilever nepal ltd-nepal-wheel active 2in1 #3.png,RECODING,5,5,50746,82.26903,122,UNILEVER NEPAL LTD-NEPAL,WHEEL,WHEEL ACTIVE,WHEEL ACTIVE-2IN1 CLEAN FRESH PPH 165 GM,PLPCH,165.000 GM,,,165.0,GM,0.0
7,2023-02-08,202302,1,125959303,52202010022,1675743018228,99764844,122,UNILEVER NEPAL LTD-NEPAL,WHEEL ACTIVE 2IN1 ,WHEEL ACTIVE 2IN1/CLEAN & FRESH/150GM/PPH,20.0,PPH,150GM ,,1675743018228-unilever nepal ltd-nepal-wheel active 2in1 #3.png,RECODING,5,6,49530,82.77784,122,UNILEVER NEPAL LTD-NEPAL,WHEEL,WHEEL ACTIVE,WHEEL ACTIVE-2IN1 CLEAN FRESH PPH 500 GM,PLPCH,500.000 GM,,,500.0,GM,0.0
7,2023-02-08,202302,1,125959303,52202010022,1675743018228,99764844,122,UNILEVER NEPAL LTD-NEPAL,WHEEL ACTIVE 2IN1 ,WHEEL ACTIVE 2IN1/CLEAN & FRESH/150GM/PPH,20.0,PPH,150GM ,,1675743018228-unilever nepal ltd-nepal-wheel active 2in1 #3.png,RECODING,5,7,99762769,83.397934,122,UNILEVER NEPAL LTD-NEPAL,WHEEL,WHEEL ACTIVE,WHEEL ACTIVE-2IN1 CLEAN & FRESH PPH 850 GM,PLPCH,850.000 GM,,,850.0,GM,75.0
7,2023-02-08,202302,1,125959303,52202010022,1675743018228,99764844,122,UNILEVER NEPAL LTD-NEPAL,WHEEL ACTIVE 2IN1 ,WHEEL ACTIVE 2IN1/CLEAN & FRESH/150GM/PPH,20.0,PPH,150GM ,,1675743018228-unilever nepal ltd-nepal-wheel active 2in1 #3.png,RECODING,5,8,54776,83.806725,122,UNILEVER NEPAL LTD-NEPAL,WHEEL,WHEEL ACTIVE,WHEEL ACTIVE-2IN1 CLEAN FRESH PPH 1000 GM,PLPCH,1000.000 GM,,,1000.0,GM,0.0
7,2023-02-08,202302,1,125959303,52202010022,1675743018228,99764844,122,UNILEVER NEPAL LTD-NEPAL,WHEEL ACTIVE 2IN1 ,WHEEL ACTIVE 2IN1/CLEAN & FRESH/150GM/PPH,20.0,PPH,150GM ,,1675743018228-unilever nepal ltd-nepal-wheel active 2in1 #3.png,RECODING,5,9,99762424,84.05446,122,UNILEVER NEPAL LTD-NEPAL,WHEEL,WHEEL ACTIVE,WHEEL ACTIVE-2IN1 CLEAN FRESH PPH 200 GM,PLPCH,200.000 GM,,,200.0,GM,20.0
7,2023-02-08,202302,1,125959303,52202010022,1675743018228,99764844,122,UNILEVER NEPAL LTD-NEPAL,WHEEL ACTIVE 2IN1 ,WHEEL ACTIVE 2IN1/CLEAN & FRESH/150GM/PPH,20.0,PPH,150GM ,,1675743018228-unilever nepal ltd-nepal-wheel active 2in1 #3.png,RECODING,5,10,53599,84.27318,122,UNILEVER NEPAL LTD-NEPAL,WHEEL,WHEEL ACTIVE,WHEEL ACTIVE-2IN1 CLEAN FRESH PPH 160 GM,PLPCH,160.000 GM,,,160.0,GM,0.0
8,2023-02-08,202302,3,2110115919,21101031891,1675749507754,99764849,126,KODE PRODUCTS CO,SAMRATT PAN MASALA,SAMRATT PAN MASALA PLAST\ 3.6\GM,5.0,PLAST,3.6:GM,New SKU,1675749507754-kode products co-samratt pan masala#3.png,RECODING,5,1,99764849,111.01622,126,KODE PRODUCTS CO.-INDIA,SAMRATT,SAMRATT PAN MASALA,3.6G PAAN MASALA,PLAST,3.6G,REGULAR,,3.6,GM,5.0
8,2023-02-08,202302,3,2110115919,21101031891,1675749507754,99764849,126,KODE PRODUCTS CO,SAMRATT PAN MASALA,SAMRATT PAN MASALA PLAST\ 3.6\GM,5.0,PLAST,3.6:GM,New SKU,1675749507754-kode products co-samratt pan masala#3.png,RECODING,5,2,99762219,171.14722,126,TRIMURTI FRAGNANCES PVT LTD.,SIKHAR,SHIKHAR  PAN MASALA,3.5G PAAN MASALA,PLAST,3.5G,REGULAR,,3.5,,0.0
8,2023-02-08,202302,3,2110115919,21101031891,1675749507754,99764849,126,KODE PRODUCTS CO,SAMRATT PAN MASALA,SAMRATT PAN MASALA PLAST\ 3.6\GM,5.0,PLAST,3.6:GM,New SKU,1675749507754-kode products co-samratt pan masala#3.png,RECODING,5,3,54366,179.6521,106,KIM KIM ENTERPRISES-INDIA,KIM KIM,KIM KIM,KIM KIM-PAN MEETHA MASLA PPH 4.5 GM,PLPCH,4.500 GM,PAN MASALA,,4.5,GM,0.0
8,2023-02-08,202302,3,2110115919,21101031891,1675749507754,99764849,126,KODE PRODUCTS CO,SAMRATT PAN MASALA,SAMRATT PAN MASALA PLAST\ 3.6\GM,5.0,PLAST,3.6:GM,New SKU,1675749507754-kode products co-samratt pan masala#3.png,RECODING,5,4,99762212,182.92276,126,SHREE SHIVA SHAKTI PRODUCTS,PANPARAG,PANPARAG,2G PAAN MASALA,PLAST,2G,REGULAR,,2.0,,0.0
8,2023-02-08,202302,3,2110115919,21101031891,1675749507754,99764849,126,KODE PRODUCTS CO,SAMRATT PAN MASALA,SAMRATT PAN MASALA PLAST\ 3.6\GM,5.0,PLAST,3.6:GM,New SKU,1675749507754-kode products co-samratt pan masala#3.png,RECODING,5,5,99762558,184.53989,124,NEPAL PAN MASALA UDHYOG,ECO PLUS,ECO PLUS PREMIUM,2.1G GUTKA,PLAST,2.1G,REGULAR,,2.1,GM,5.0
8,2023-02-08,202302,3,2110115919,21101031891,1675749507754,99764849,126,KODE PRODUCTS CO,SAMRATT PAN MASALA,SAMRATT PAN MASALA PLAST\ 3.6\GM,5.0,PLAST,3.6:GM,New SKU,1675749507754-kode products co-samratt pan masala#3.png,RECODING,5,6,91826186,187.08145,106,PRAYAGH NUTRI PRODUCT-INDIA,CINTU,CINTU PAN RASIYA,CINTU PAN RASIYA- PAN MASALA PPH 5.5 GM,PLPCH,5.500 GM,PAN MASALA,,5.5,GM,0.0
8,2023-02-08,202302,3,2110115919,21101031891,1675749507754,99764849,126,KODE PRODUCTS CO,SAMRATT PAN MASALA,SAMRATT PAN MASALA PLAST\ 3.6\GM,5.0,PLAST,3.6:GM,New SKU,1675749507754-kode products co-samratt pan masala#3.png,RECODING,5,7,99762336,188.59497,126,SHREE SHIVA SHAKTI PRODUCTS,PANPARAG,PANPARAG,3.5G PAAN MASALA,PLAST,3.5G,REGULAR,,3.5,,0.0
8,2023-02-08,202302,3,2110115919,21101031891,1675749507754,99764849,126,KODE PRODUCTS CO,SAMRATT PAN MASALA,SAMRATT PAN MASALA PLAST\ 3.6\GM,5.0,PLAST,3.6:GM,New SKU,1675749507754-kode products co-samratt pan masala#3.png,RECODING,5,8,99762297,189.39655,126,NARAYAN RAJ PRODUCTS PVT LTD,PARAG,PARAG,2G PAAN MASALA,PLAST,2G,REGULAR,,2.0,,0.0
8,2023-02-08,202302,3,2110115919,21101031891,1675749507754,99764849,126,KODE PRODUCTS CO,SAMRATT PAN MASALA,SAMRATT PAN MASALA PLAST\ 3.6\GM,5.0,PLAST,3.6:GM,New SKU,1675749507754-kode products co-samratt pan masala#3.png,RECODING,5,9,99762299,189.39655,126,NARAYAN RAJ PRODUCTS PVT LTD,PARAG,PARAG,2G PAAN MASALA,PLAST,2G,REGULAR,,2.0,,0.0
8,2023-02-08,202302,3,2110115919,21101031891,1675749507754,99764849,126,KODE PRODUCTS CO,SAMRATT PAN MASALA,SAMRATT PAN MASALA PLAST\ 3.6\GM,5.0,PLAST,3.6:GM,New SKU,1675749507754-kode products co-samratt pan masala#3.png,RECODING,5,10,99762264,190.01105,126,RAJAT FOOD PRODUCTS,BOMBAY ROYAL,BOMBAY ROYAL,3G PAAN MASALA,PLAST,3G,REGULAR,,3.0,,0.0
9,2023-02-09,202302,3,3110103280,31101030548,1675841279419,99764847,124,GOLDEN TOBACCO INDUSTRIES PVT LTD NEPAL ,TWENTY 20 ,TWENTY 20 GUTKHA PPH 2.5GM,5.0,PPH,2.5GM,,1675841279419-golden tobacco industries pvt ltd nepal -twenty 20 #3.png,RECODING,5,1,99764847,160.95331,124,GOLDEN TOBACCO INDUSTRIES LTD,TWENTY 20,TWENTY 20,2.5G GUTKA,PLAST,2.5G,REGULAR,,2.5,GM,5.0
9,2023-02-09,202302,3,3110103280,31101030548,1675841279419,99764847,124,GOLDEN TOBACCO INDUSTRIES PVT LTD NEPAL ,TWENTY 20 ,TWENTY 20 GUTKHA PPH 2.5GM,5.0,PPH,2.5GM,,1675841279419-golden tobacco industries pvt ltd nepal -twenty 20 #3.png,RECODING,5,2,99765184,164.14699,125,PUJA TOBACCO PACKING INDUSTRIES,GOLDEN NEPAL,GOLDEN NEPAL,16G KHAINI,PLAST,16G,REGULAR,,16.0,GM,40.0
9,2023-02-09,202302,3,3110103280,31101030548,1675841279419,99764847,124,GOLDEN TOBACCO INDUSTRIES PVT LTD NEPAL ,TWENTY 20 ,TWENTY 20 GUTKHA PPH 2.5GM,5.0,PPH,2.5GM,,1675841279419-golden tobacco industries pvt ltd nepal -twenty 20 #3.png,RECODING,5,3,99762229,164.77237,125,PUJA TOBACCO PACKING INDUSTRIES,GOLDEN NEPAL,GOLDEN NEPAL,17G KHAINI,PLAST,17G,REGULAR,,17.0,,0.0
9,2023-02-09,202302,3,3110103280,31101030548,1675841279419,99764847,124,GOLDEN TOBACCO INDUSTRIES PVT LTD NEPAL ,TWENTY 20 ,TWENTY 20 GUTKHA PPH 2.5GM,5.0,PPH,2.5GM,,1675841279419-golden tobacco industries pvt ltd nepal -twenty 20 #3.png,RECODING,5,4,99762902,165.38123,123,NEPAL GRAMODHYOG PVT LTD-NP,NEPAL GRAMODHYOG,NEPAL GRAMODHYOG HERB YUKT,NEPAL GRAMODHYOG HERB YUKT-ASH & LEMON PPH 150 GM,PLPCH,150.000 GM,,,150.0,GM,20.0
9,2023-02-09,202302,3,3110103280,31101030548,1675841279419,99764847,124,GOLDEN TOBACCO INDUSTRIES PVT LTD NEPAL ,TWENTY 20 ,TWENTY 20 GUTKHA PPH 2.5GM,5.0,PPH,2.5GM,,1675841279419-golden tobacco industries pvt ltd nepal -twenty 20 #3.png,RECODING,5,5,99763073,165.89804,123,SIDDHI BINAYAK CHEMICALS-NEPAL,RUKH CHHAP,RUKH CHHAP DALLO SABUN,RUKH CHHAP DALLO SABUN-PPH 3*250 GM [750 GM],PLPCH,250.000 GM,,,750.0,GM,100.0
9,2023-02-09,202302,3,3110103280,31101030548,1675841279419,99764847,124,GOLDEN TOBACCO INDUSTRIES PVT LTD NEPAL ,TWENTY 20 ,TWENTY 20 GUTKHA PPH 2.5GM,5.0,PPH,2.5GM,,1675841279419-golden tobacco industries pvt ltd nepal -twenty 20 #3.png,RECODING,5,6,99763034,166.21924,123,NEPAL GRAMODHYOG PVT LTD-NP,NEPAL GRAMODHYOG,NEPAL GRAMODHYOG HERB YUKT,NEPAL GRAMODHYOG HERB YUKT-ASH & LEMON PPH 200 GM,PLPCH,200.000 GM,,,200.0,GM,22.0
9,2023-02-09,202302,3,3110103280,31101030548,1675841279419,99764847,124,GOLDEN TOBACCO INDUSTRIES PVT LTD NEPAL ,TWENTY 20 ,TWENTY 20 GUTKHA PPH 2.5GM,5.0,PPH,2.5GM,,1675841279419-golden tobacco industries pvt ltd nepal -twenty 20 #3.png,RECODING,5,7,93019323,169.79536,122,GOPAL SOAP INDUSTRIES - NEPAL,V SERIES,V SERIES NIKHAR,V SERIES NIKHAR-PPH 400  GMS,PLPCH,400.000 GM,,,400.0,GM,0.0
9,2023-02-09,202302,3,3110103280,31101030548,1675841279419,99764847,124,GOLDEN TOBACCO INDUSTRIES PVT LTD NEPAL ,TWENTY 20 ,TWENTY 20 GUTKHA PPH 2.5GM,5.0,PPH,2.5GM,,1675841279419-golden tobacco industries pvt ltd nepal -twenty 20 #3.png,RECODING,5,8,99764259,170.56885,125,PUJA TOBACCO PACKING INDUSTRIES,GOLDEN NEPAL,GOLDEN NEPAL,12G KHAINI,PLAST,12G,REGULAR,,12.0,GM,30.0
9,2023-02-09,202302,3,3110103280,31101030548,1675841279419,99764847,124,GOLDEN TOBACCO INDUSTRIES PVT LTD NEPAL ,TWENTY 20 ,TWENTY 20 GUTKHA PPH 2.5GM,5.0,PPH,2.5GM,,1675841279419-golden tobacco industries pvt ltd nepal -twenty 20 #3.png,RECODING,5,9,93019328,171.09369,122,GOPAL SOAP INDUSTRIES - NEPAL,V SERIES,V SERIES NIKHAR,V SERIES NIKHAR-PPH 350  GMS,PLPCH,350.000 GM,,,350.0,GM,0.0
9,2023-02-09,202302,3,3110103280,31101030548,1675841279419,99764847,124,GOLDEN TOBACCO INDUSTRIES PVT LTD NEPAL ,TWENTY 20 ,TWENTY 20 GUTKHA PPH 2.5GM,5.0,PPH,2.5GM,,1675841279419-golden tobacco industries pvt ltd nepal -twenty 20 #3.png,RECODING,5,10,49400,171.37303,123,B.S.I PVT LTD-NEPAL,GURANS,GURANS,GURANS-UNWRP 200 GM,UNWRP,200.000 GM,,,200.0,GM,0.0
10,2023-02-09,202302,3,3110102858,31101030543,1675841279419,99764847,124,GOLDEN TOBACCO INDUSTRIES PVT LTD NEPAL ,TWENTY 20 ,TWENTY 20 GUTKHA PPH 2.5GM,5.0,PPH,2.5GM,,1675841279419-golden tobacco industries pvt ltd nepal -twenty 20 #3.png,RECODING,5,1,99764847,160.51532,124,GOLDEN TOBACCO INDUSTRIES LTD,TWENTY 20,TWENTY 20,2.5G GUTKA,PLAST,2.5G,REGULAR,,2.5,GM,5.0
10,2023-02-09,202302,3,3110102858,31101030543,1675841279419,99764847,124,GOLDEN TOBACCO INDUSTRIES PVT LTD NEPAL ,TWENTY 20 ,TWENTY 20 GUTKHA PPH 2.5GM,5.0,PPH,2.5GM,,1675841279419-golden tobacco industries pvt ltd nepal -twenty 20 #3.png,RECODING,5,2,99765184,163.40945,125,PUJA TOBACCO PACKING INDUSTRIES,GOLDEN NEPAL,GOLDEN NEPAL,16G KHAINI,PLAST,16G,REGULAR,,16.0,GM,40.0
10,2023-02-09,202302,3,3110102858,31101030543,1675841279419,99764847,124,GOLDEN TOBACCO INDUSTRIES PVT LTD NEPAL ,TWENTY 20 ,TWENTY 20 GUTKHA PPH 2.5GM,5.0,PPH,2.5GM,,1675841279419-golden tobacco industries pvt ltd nepal -twenty 20 #3.png,RECODING,5,3,99762229,163.64212,125,PUJA TOBACCO PACKING INDUSTRIES,GOLDEN NEPAL,GOLDEN NEPAL,17G KHAINI,PLAST,17G,REGULAR,,17.0,,0.0
10,2023-02-09,202302,3,3110102858,31101030543,1675841279419,99764847,124,GOLDEN TOBACCO INDUSTRIES PVT LTD NEPAL ,TWENTY 20 ,TWENTY 20 GUTKHA PPH 2.5GM,5.0,PPH,2.5GM,,1675841279419-golden tobacco industries pvt ltd nepal -twenty 20 #3.png,RECODING,5,4,99762902,165.2805,123,NEPAL GRAMODHYOG PVT LTD-NP,NEPAL GRAMODHYOG,NEPAL GRAMODHYOG HERB YUKT,NEPAL GRAMODHYOG HERB YUKT-ASH & LEMON PPH 150 GM,PLPCH,150.000 GM,,,150.0,GM,20.0
10,2023-02-09,202302,3,3110102858,31101030543,1675841279419,99764847,124,GOLDEN TOBACCO INDUSTRIES PVT LTD NEPAL ,TWENTY 20 ,TWENTY 20 GUTKHA PPH 2.5GM,5.0,PPH,2.5GM,,1675841279419-golden tobacco industries pvt ltd nepal -twenty 20 #3.png,RECODING,5,5,99763034,165.95476,123,NEPAL GRAMODHYOG PVT LTD-NP,NEPAL GRAMODHYOG,NEPAL GRAMODHYOG HERB YUKT,NEPAL GRAMODHYOG HERB YUKT-ASH & LEMON PPH 200 GM,PLPCH,200.000 GM,,,200.0,GM,22.0
10,2023-02-09,202302,3,3110102858,31101030543,1675841279419,99764847,124,GOLDEN TOBACCO INDUSTRIES PVT LTD NEPAL ,TWENTY 20 ,TWENTY 20 GUTKHA PPH 2.5GM,5.0,PPH,2.5GM,,1675841279419-golden tobacco industries pvt ltd nepal -twenty 20 #3.png,RECODING,5,6,99763073,166.19078,123,SIDDHI BINAYAK CHEMICALS-NEPAL,RUKH CHHAP,RUKH CHHAP DALLO SABUN,RUKH CHHAP DALLO SABUN-PPH 3*250 GM [750 GM],PLPCH,250.000 GM,,,750.0,GM,100.0
10,2023-02-09,202302,3,3110102858,31101030543,1675841279419,99764847,124,GOLDEN TOBACCO INDUSTRIES PVT LTD NEPAL ,TWENTY 20 ,TWENTY 20 GUTKHA PPH 2.5GM,5.0,PPH,2.5GM,,1675841279419-golden tobacco industries pvt ltd nepal -twenty 20 #3.png,RECODING,5,7,99764259,169.84653,125,PUJA TOBACCO PACKING INDUSTRIES,GOLDEN NEPAL,GOLDEN NEPAL,12G KHAINI,PLAST,12G,REGULAR,,12.0,GM,30.0
10,2023-02-09,202302,3,3110102858,31101030543,1675841279419,99764847,124,GOLDEN TOBACCO INDUSTRIES PVT LTD NEPAL ,TWENTY 20 ,TWENTY 20 GUTKHA PPH 2.5GM,5.0,PPH,2.5GM,,1675841279419-golden tobacco industries pvt ltd nepal -twenty 20 #3.png,RECODING,5,8,93019323,170.12479,122,GOPAL SOAP INDUSTRIES - NEPAL,V SERIES,V SERIES NIKHAR,V SERIES NIKHAR-PPH 400  GMS,PLPCH,400.000 GM,,,400.0,GM,0.0
10,2023-02-09,202302,3,3110102858,31101030543,1675841279419,99764847,124,GOLDEN TOBACCO INDUSTRIES PVT LTD NEPAL ,TWENTY 20 ,TWENTY 20 GUTKHA PPH 2.5GM,5.0,PPH,2.5GM,,1675841279419-golden tobacco industries pvt ltd nepal -twenty 20 #3.png,RECODING,5,9,93019328,171.31784,122,GOPAL SOAP INDUSTRIES - NEPAL,V SERIES,V SERIES NIKHAR,V SERIES NIKHAR-PPH 350  GMS,PLPCH,350.000 GM,,,350.0,GM,0.0
10,2023-02-09,202302,3,3110102858,31101030543,1675841279419,99764847,124,GOLDEN TOBACCO INDUSTRIES PVT LTD NEPAL ,TWENTY 20 ,TWENTY 20 GUTKHA PPH 2.5GM,5.0,PPH,2.5GM,,1675841279419-golden tobacco industries pvt ltd nepal -twenty 20 #3.png,RECODING,5,10,49400,171.40558,123,B.S.I PVT LTD-NEPAL,GURANS,GURANS,GURANS-UNWRP 200 GM,UNWRP,200.000 GM,,,200.0,GM,0.0
11,2023-02-09,202302,1,123262051,21301010069,1675837119826,99764841,106,PRAYAGH NUTRI PRODUCT-INDIA,CINTU PAN RAISYA PAN MASALA,CINTU PAN RASIYA PAN MASALA\880\GM,220.0,PCN,880 GM,New SKU,1675837119826-prayagh nutri product-india-cintu pan raisya pan masala#3.png,RECODING,5,1,91826186,92.30463,106,PRAYAGH NUTRI PRODUCT-INDIA,CINTU,CINTU PAN RASIYA,CINTU PAN RASIYA- PAN MASALA PPH 5.5 GM,PLPCH,5.500 GM,PAN MASALA,,5.5,GM,0.0
11,2023-02-09,202302,1,123262051,21301010069,1675837119826,99764841,106,PRAYAGH NUTRI PRODUCT-INDIA,CINTU PAN RAISYA PAN MASALA,CINTU PAN RASIYA PAN MASALA\880\GM,220.0,PCN,880 GM,New SKU,1675837119826-prayagh nutri product-india-cintu pan raisya pan masala#3.png,RECODING,5,2,50819,97.03487,106,PRAYAGH NUTRI PRODUCT-INDIA,CINTU,CINTU PAN RASIYA,CINTU PAN RASIYA- PAN MASALA PPH 4.4 GM,PLPCH,4.400 GM,PAN MASALA,,4.4,GM,0.0
11,2023-02-09,202302,1,123262051,21301010069,1675837119826,99764841,106,PRAYAGH NUTRI PRODUCT-INDIA,CINTU PAN RAISYA PAN MASALA,CINTU PAN RASIYA PAN MASALA\880\GM,220.0,PCN,880 GM,New SKU,1675837119826-prayagh nutri product-india-cintu pan raisya pan masala#3.png,RECODING,5,3,99764841,101.642006,106,PRAYAGH NUTRI PRODUCT-INDIA,CINTU,CINTU PAN RAISYA,CINTU PAN RASIYA-PAN MASALA CANDY PCN 880 GM,PLJAR,880.000 GM,PAAN,,880.0,GM,220.0
11,2023-02-09,202302,1,123262051,21301010069,1675837119826,99764841,106,PRAYAGH NUTRI PRODUCT-INDIA,CINTU PAN RAISYA PAN MASALA,CINTU PAN RASIYA PAN MASALA\880\GM,220.0,PCN,880 GM,New SKU,1675837119826-prayagh nutri product-india-cintu pan raisya pan masala#3.png,RECODING,5,4,99764693,103.72344,106,PRAYAGH NUTRI PRODUCT-INDIA,CINTU,CINTU PAN RAISYA,CINTU PAN RASIYA-PAN MASALA CANDY PCN 946 GM,PLJAR,946.000 GM,PAAN,,946.0,GM,220.0
11,2023-02-09,202302,1,123262051,21301010069,1675837119826,99764841,106,PRAYAGH NUTRI PRODUCT-INDIA,CINTU PAN RAISYA PAN MASALA,CINTU PAN RASIYA PAN MASALA\880\GM,220.0,PCN,880 GM,New SKU,1675837119826-prayagh nutri product-india-cintu pan raisya pan masala#3.png,RECODING,5,5,91826338,136.86765,106,PRAYAGH NUTRI PRODUCT-INDIA,CINTU,CINTU,CINTU- NIMBU CHATPAT PPH 3 GM,PLPCH,3.000 GM,LEMON,,3.0,GM,0.0
11,2023-02-09,202302,1,123262051,21301010069,1675837119826,99764841,106,PRAYAGH NUTRI PRODUCT-INDIA,CINTU PAN RAISYA PAN MASALA,CINTU PAN RASIYA PAN MASALA\880\GM,220.0,PCN,880 GM,New SKU,1675837119826-prayagh nutri product-india-cintu pan raisya pan masala#3.png,RECODING,5,6,91827304,141.19252,106,PRAYAGH NUTRI PRODUCT-INDIA,CINTU,CINTU ECLAIRS,CINTU ECLAIRS- PPH 3 GM,PLPCH,3.000 GM,UNSPECIFIED,,3.0,GM,0.0
11,2023-02-09,202302,1,123262051,21301010069,1675837119826,99764841,106,PRAYAGH NUTRI PRODUCT-INDIA,CINTU PAN RAISYA PAN MASALA,CINTU PAN RASIYA PAN MASALA\880\GM,220.0,PCN,880 GM,New SKU,1675837119826-prayagh nutri product-india-cintu pan raisya pan masala#3.png,RECODING,5,7,50696,141.59494,106,PRAYAGH NUTRI PRODUCT-INDIA,CINTU,CINTU,CINTU- MANGOLIK MANGO PPH 2.5 GM,PLPCH,2.500 GM,MANGO,,2.5,GM,0.0
11,2023-02-09,202302,1,123262051,21301010069,1675837119826,99764841,106,PRAYAGH NUTRI PRODUCT-INDIA,CINTU PAN RAISYA PAN MASALA,CINTU PAN RASIYA PAN MASALA\880\GM,220.0,PCN,880 GM,New SKU,1675837119826-prayagh nutri product-india-cintu pan raisya pan masala#3.png,RECODING,5,8,99764638,142.10849,106,PRAYAGH NUTRI PRODUCT-INDIA,CINTU,CINTU MANGO DOUBLES,CINTU MANGO DOUBLES-PCN 936 GM,PLJAR,936.000 GM,MANGO,,936.0,GM,500.0
11,2023-02-09,202302,1,123262051,21301010069,1675837119826,99764841,106,PRAYAGH NUTRI PRODUCT-INDIA,CINTU PAN RAISYA PAN MASALA,CINTU PAN RASIYA PAN MASALA\880\GM,220.0,PCN,880 GM,New SKU,1675837119826-prayagh nutri product-india-cintu pan raisya pan masala#3.png,RECODING,5,9,91826536,143.22404,106,PRAYAGH NUTRI PRODUCT-INDIA,CINTU,CINTU,CINTU- MANGOLIK MANGO PPH 2.9 GM,PLPCH,2.900 GM,MANGO,,2.9,GM,0.0
11,2023-02-09,202302,1,123262051,21301010069,1675837119826,99764841,106,PRAYAGH NUTRI PRODUCT-INDIA,CINTU PAN RAISYA PAN MASALA,CINTU PAN RASIYA PAN MASALA\880\GM,220.0,PCN,880 GM,New SKU,1675837119826-prayagh nutri product-india-cintu pan raisya pan masala#3.png,RECODING,5,10,91826337,144.38701,106,PRAYAGH NUTRI PRODUCT-INDIA,CINTU,CINTU,CINTU- GUAVA CHATPAT PPH 3 GM,PLPCH,3.000 GM,GUAVA,,3.0,GM,0.0
12,2023-02-09,202302,1,123262051,21301010069,1675837533958,99764846,123,PUJA SOAP & HOUSEHOLD PROD-NPL,MAHASHAKTI 100% PURE WASHING SOAP,MAHASHAKTI 100% PURE WASHING SOAP\200\GM,45.0,PPH,200 GM,New SKU,1675837533958-puja soap - household prod-npl-mahashakti 100- pure washing soap#3.png,RECODING,5,1,99764846,70.24994,123,PUJA SOAP & HOUSEHOLD PROD-NPL,MAHASHAKTI 100%,MAHASHAKTI 100%,MAHASHAKTI 100%-PURE WASHING SOAP PPH 200 GM,PLPCH,200.000 GM,,,200.0,GM,45.0
12,2023-02-09,202302,1,123262051,21301010069,1675837533958,99764846,123,PUJA SOAP & HOUSEHOLD PROD-NPL,MAHASHAKTI 100% PURE WASHING SOAP,MAHASHAKTI 100% PURE WASHING SOAP\200\GM,45.0,PPH,200 GM,New SKU,1675837533958-puja soap - household prod-npl-mahashakti 100- pure washing soap#3.png,RECODING,5,2,49580,81.67199,123,PUJA SOAP & HOUSEHOLD PROD-NPL,MAHASHAKTI,MAHASHAKTI,MAHASHAKTI-UNWRP 200GM,UNWRP,200.000 GM,,,200.0,GM,0.0
12,2023-02-09,202302,1,123262051,21301010069,1675837533958,99764846,123,PUJA SOAP & HOUSEHOLD PROD-NPL,MAHASHAKTI 100% PURE WASHING SOAP,MAHASHAKTI 100% PURE WASHING SOAP\200\GM,45.0,PPH,200 GM,New SKU,1675837533958-puja soap - household prod-npl-mahashakti 100- pure washing soap#3.png,RECODING,5,3,50851,84.22206,123,PUJA SOAP & HOUSEHOLD PROD-NPL,MAHASHAKTI,MAHASHAKTI,MAHASHAKTI-UNWRP 100 GM,UNWRP,100.000 GM,,,100.0,GM,0.0
12,2023-02-09,202302,1,123262051,21301010069,1675837533958,99764846,123,PUJA SOAP & HOUSEHOLD PROD-NPL,MAHASHAKTI 100% PURE WASHING SOAP,MAHASHAKTI 100% PURE WASHING SOAP\200\GM,45.0,PPH,200 GM,New SKU,1675837533958-puja soap - household prod-npl-mahashakti 100- pure washing soap#3.png,RECODING,5,4,99764831,99.978165,123,PUJA SOAP & HOUSEHOLD PROD-NPL,TRISHUL,TRISHUL,TRISHUL-LAUNDRY SOAP PPH 200 GM,PLPCH,200.000 GM,,,200.0,GM,35.0
12,2023-02-09,202302,1,123262051,21301010069,1675837533958,99764846,123,PUJA SOAP & HOUSEHOLD PROD-NPL,MAHASHAKTI 100% PURE WASHING SOAP,MAHASHAKTI 100% PURE WASHING SOAP\200\GM,45.0,PPH,200 GM,New SKU,1675837533958-puja soap - household prod-npl-mahashakti 100- pure washing soap#3.png,RECODING,5,5,99763048,100.11047,123,PUJA SOAP & HOUSEHOLD PROD-NPL,PUJA,PUJA,PUJA-PPH 3*167 GM [500GM] 3 PCS PACK,PLPCH,167.000 GM,,,500.0,GM,100.0
12,2023-02-09,202302,1,123262051,21301010069,1675837533958,99764846,123,PUJA SOAP & HOUSEHOLD PROD-NPL,MAHASHAKTI 100% PURE WASHING SOAP,MAHASHAKTI 100% PURE WASHING SOAP\200\GM,45.0,PPH,200 GM,New SKU,1675837533958-puja soap - household prod-npl-mahashakti 100- pure washing soap#3.png,RECODING,5,6,99764840,100.29775,123,PUJA SOAP & HOUSEHOLD PROD-NPL,TRISHUL,TRISHUL,TRISHUL-LAUNDRY SOAP PPH 300 GM,PLPCH,300.000 GM,,,300.0,GM,50.0
12,2023-02-09,202302,1,123262051,21301010069,1675837533958,99764846,123,PUJA SOAP & HOUSEHOLD PROD-NPL,MAHASHAKTI 100% PURE WASHING SOAP,MAHASHAKTI 100% PURE WASHING SOAP\200\GM,45.0,PPH,200 GM,New SKU,1675837533958-puja soap - household prod-npl-mahashakti 100- pure washing soap#3.png,RECODING,5,7,99762616,100.76242,123,PUJA SOAP & HOUSEHOLD PROD-NPL,PUJA,PUJA,PUJA-PPH 100 GM,PLPCH,100.000 GM,,,100.0,GM,20.0
12,2023-02-09,202302,1,123262051,21301010069,1675837533958,99764846,123,PUJA SOAP & HOUSEHOLD PROD-NPL,MAHASHAKTI 100% PURE WASHING SOAP,MAHASHAKTI 100% PURE WASHING SOAP\200\GM,45.0,PPH,200 GM,New SKU,1675837533958-puja soap - household prod-npl-mahashakti 100- pure washing soap#3.png,RECODING,5,8,48713,100.92836,123,PUJA SOAP & HOUSEHOLD PROD-NPL,PUJA,PUJA,PUJA-PPH 210 GM,PLPCH,210.000 GM,,,210.0,GM,0.0
12,2023-02-09,202302,1,123262051,21301010069,1675837533958,99764846,123,PUJA SOAP & HOUSEHOLD PROD-NPL,MAHASHAKTI 100% PURE WASHING SOAP,MAHASHAKTI 100% PURE WASHING SOAP\200\GM,45.0,PPH,200 GM,New SKU,1675837533958-puja soap - household prod-npl-mahashakti 100- pure washing soap#3.png,RECODING,5,9,99763109,101.391754,123,PUJA SOAP & HOUSEHOLD PROD-NPL,TRISHUL,TRISHUL,TRISHUL-LAUNDRY SOAP PPH 250 GM,PLPCH,250.000 GM,,,250.0,GM,40.0
12,2023-02-09,202302,1,123262051,21301010069,1675837533958,99764846,123,PUJA SOAP & HOUSEHOLD PROD-NPL,MAHASHAKTI 100% PURE WASHING SOAP,MAHASHAKTI 100% PURE WASHING SOAP\200\GM,45.0,PPH,200 GM,New SKU,1675837533958-puja soap - household prod-npl-mahashakti 100- pure washing soap#3.png,RECODING,5,10,99762554,101.71402,123,PUJA SOAP & HOUSEHOLD PROD-NPL,PUJA,PUJA,PUJA-PPH 200 GMS,PLPCH,200.000 GM,,,200.0,GM,40.0
13,2023-02-10,202302,1,123455987,21301010050,1675845260483,99764851,106,PERFETTI VAN MELLE-INDIA,MENTOS ASSORTED FLAVOUR,MENTOS ASSORTED FLAVOUR\499.5\GM,462.5,PCN,499.5,New SKU,1675845260483-perfetti van melle-india-mentos assorted flavour#3.png,RECODING,5,1,99764530,134.37592,106,PERFETTI VAN MELLE-INDIA,MENTOS,MENTOS,MENTOS-ASSORTED PCN 520 GM,PLJAR,520.000 GM,ASSORTED,,520.0,GM,200.0
13,2023-02-10,202302,1,123455987,21301010050,1675845260483,99764851,106,PERFETTI VAN MELLE-INDIA,MENTOS ASSORTED FLAVOUR,MENTOS ASSORTED FLAVOUR\499.5\GM,462.5,PCN,499.5,New SKU,1675845260483-perfetti van melle-india-mentos assorted flavour#3.png,RECODING,5,2,99764851,135.73608,106,PERFETTI VAN MELLE-INDIA,MENTOS,MENTOS,MENTOS-ASSORTED PCN 499.5 GM+40.5 GM FREE,PLJAR,499.500 GM,ASSORTED,,540.0,GM,462.5
13,2023-02-10,202302,1,123455987,21301010050,1675845260483,99764851,106,PERFETTI VAN MELLE-INDIA,MENTOS ASSORTED FLAVOUR,MENTOS ASSORTED FLAVOUR\499.5\GM,462.5,PCN,499.5,New SKU,1675845260483-perfetti van melle-india-mentos assorted flavour#3.png,RECODING,5,3,47256,138.23886,106,PERFETTI VAN MELLE-INDIA,MENTOS,MENTOS,MENTOS-ASSORTED PPH 2.6 GM,PLPCH,2.600 GM,ASSORTED,,2.6,GM,0.0
13,2023-02-10,202302,1,123455987,21301010050,1675845260483,99764851,106,PERFETTI VAN MELLE-INDIA,MENTOS ASSORTED FLAVOUR,MENTOS ASSORTED FLAVOUR\499.5\GM,462.5,PCN,499.5,New SKU,1675845260483-perfetti van melle-india-mentos assorted flavour#3.png,RECODING,5,4,91826236,143.44766,106,PERFETTI VAN MELLE-INDIA,MENTOS,MENTOS,MENTOS- COLA PPH 3.5 GM,PLPCH,3.500 GM,COLA,,3.5,GM,0.0
13,2023-02-10,202302,1,123455987,21301010050,1675845260483,99764851,106,PERFETTI VAN MELLE-INDIA,MENTOS ASSORTED FLAVOUR,MENTOS ASSORTED FLAVOUR\499.5\GM,462.5,PCN,499.5,New SKU,1675845260483-perfetti van melle-india-mentos assorted flavour#3.png,RECODING,5,5,91826232,145.67227,106,PERFETTI VAN MELLE-INDIA,MENTOS,MENTOS,MENTOS- MINT PPH 3.5 GM,PLPCH,3.500 GM,MINT,,3.5,GM,0.0
13,2023-02-10,202302,1,123455987,21301010050,1675845260483,99764851,106,PERFETTI VAN MELLE-INDIA,MENTOS ASSORTED FLAVOUR,MENTOS ASSORTED FLAVOUR\499.5\GM,462.5,PCN,499.5,New SKU,1675845260483-perfetti van melle-india-mentos assorted flavour#3.png,RECODING,5,6,91826228,147.05923,106,PERFETTI VAN MELLE-INDIA,MENTOS,MENTOS,MENTOS- MINT  PPH 3.4 GM,PLPCH,3.400 GM,MINT,,3.4,GM,0.0
13,2023-02-10,202302,1,123455987,21301010050,1675845260483,99764851,106,PERFETTI VAN MELLE-INDIA,MENTOS ASSORTED FLAVOUR,MENTOS ASSORTED FLAVOUR\499.5\GM,462.5,PCN,499.5,New SKU,1675845260483-perfetti van melle-india-mentos assorted flavour#3.png,RECODING,5,7,91826235,147.4861,106,PERFETTI VAN MELLE-INDIA,MENTOS,MENTOS,MENTOS- WATER MELON PPH 3.5 GM,PLPCH,3.500 GM,WATER MELON,,3.5,GM,0.0
13,2023-02-10,202302,1,123455987,21301010050,1675845260483,99764851,106,PERFETTI VAN MELLE-INDIA,MENTOS ASSORTED FLAVOUR,MENTOS ASSORTED FLAVOUR\499.5\GM,462.5,PCN,499.5,New SKU,1675845260483-perfetti van melle-india-mentos assorted flavour#3.png,RECODING,5,8,91826233,147.82953,106,PERFETTI VAN MELLE-INDIA,MENTOS,MENTOS,MENTOS- ORANGE PPH 3.5 GM,PLPCH,3.500 GM,ORANGE,,3.5,GM,0.0
13,2023-02-10,202302,1,123455987,21301010050,1675845260483,99764851,106,PERFETTI VAN MELLE-INDIA,MENTOS ASSORTED FLAVOUR,MENTOS ASSORTED FLAVOUR\499.5\GM,462.5,PCN,499.5,New SKU,1675845260483-perfetti van melle-india-mentos assorted flavour#3.png,RECODING,5,9,99764422,147.94467,106,PERFETTI VAN MELLE-INDIA,MENTOS,MENTOS MINI RAINBOW,MENTOS MINI RAINBOW-ASSORTED PCN 1000 GM,PLJAR,1000.000 GM,ASSORTED,,1000.0,GM,1000.0
13,2023-02-10,202302,1,123455987,21301010050,1675845260483,99764851,106,PERFETTI VAN MELLE-INDIA,MENTOS ASSORTED FLAVOUR,MENTOS ASSORTED FLAVOUR\499.5\GM,462.5,PCN,499.5,New SKU,1675845260483-perfetti van melle-india-mentos assorted flavour#3.png,RECODING,5,10,91826230,148.8483,106,PERFETTI VAN MELLE-INDIA,MENTOS,MENTOS,MENTOS- WATER MELON PPH 3.4 GM,PLPCH,3.400 GM,WATER MELON,,3.4,GM,0.0
14,2023-02-10,202302,1,123455987,21301010050,1675845537698,99764852,106,PERFECT FOODS PVT LTD-NEPAL,ICY MENTHO-LYPTUS,ICY MENTHO-LYPTUS\720\GM,300.0,PCN,720 GM,New SKU,1675845537698-perfect foods pvt ltd-nepal-icy mentho-lyptus#3.png,RECODING,5,1,99764852,83.74542,106,PERFECT FOODS PVT LTD-NEPAL,ICY,ICY,ICY-MENTHO-LYPTUS PCN 720 GM,PLJAR,720.000 GM,MENTHO LYPTUS,,720.0,GM,300.0
14,2023-02-10,202302,1,123455987,21301010050,1675845537698,99764852,106,PERFECT FOODS PVT LTD-NEPAL,ICY MENTHO-LYPTUS,ICY MENTHO-LYPTUS\720\GM,300.0,PCN,720 GM,New SKU,1675845537698-perfect foods pvt ltd-nepal-icy mentho-lyptus#3.png,RECODING,5,2,47308,94.53188,106,PERFECT FOODS PVT LTD-NEPAL,ICY,ICY,ICY-MENTHO-LYPTUS PPH 2.75 GM,PLPCH,2.750 GM,MENTHO LYPTUS,,2.75,GM,0.0
14,2023-02-10,202302,1,123455987,21301010050,1675845537698,99764852,106,PERFECT FOODS PVT LTD-NEPAL,ICY MENTHO-LYPTUS,ICY MENTHO-LYPTUS\720\GM,300.0,PCN,720 GM,New SKU,1675845537698-perfect foods pvt ltd-nepal-icy mentho-lyptus#3.png,RECODING,5,3,99764643,166.3045,106,PERFECT FOODS PVT LTD-NEPAL,CENTER FILLZ,CENTER FILLZ,CENTER FILLZ-MINT PCN 450 GM,PLJAR,450.000 GM,MINT,,450.0,GM,315.0
14,2023-02-10,202302,1,123455987,21301010050,1675845537698,99764852,106,PERFECT FOODS PVT LTD-NEPAL,ICY MENTHO-LYPTUS,ICY MENTHO-LYPTUS\720\GM,300.0,PCN,720 GM,New SKU,1675845537698-perfect foods pvt ltd-nepal-icy mentho-lyptus#3.png,RECODING,5,4,99764800,167.95961,106,PERFECT FOODS PVT LTD-NEPAL,CENTER FILLZ,CENTER FILLZ,CENTER FILLZ-MINT PCN 405 GM,PLJAR,405.000 GM,MINT,,405.0,GM,230.0
14,2023-02-10,202302,1,123455987,21301010050,1675845537698,99764852,106,PERFECT FOODS PVT LTD-NEPAL,ICY MENTHO-LYPTUS,ICY MENTHO-LYPTUS\720\GM,300.0,PCN,720 GM,New SKU,1675845537698-perfect foods pvt ltd-nepal-icy mentho-lyptus#3.png,RECODING,5,5,91826369,168.76166,106,CHANDESWORI INDUSTRIES-NEPAL,HEALS,HEALS,HEALS- MENTHO LYPTUS PPH 3 GM,PLPCH,3.000 GM,MENTHO LYPTUS,,3.0,GM,0.0
14,2023-02-10,202302,1,123455987,21301010050,1675845537698,99764852,106,PERFECT FOODS PVT LTD-NEPAL,ICY MENTHO-LYPTUS,ICY MENTHO-LYPTUS\720\GM,300.0,PCN,720 GM,New SKU,1675845537698-perfect foods pvt ltd-nepal-icy mentho-lyptus#3.png,RECODING,5,6,99764487,169.23703,106,PERFECT FOODS PVT LTD-NEPAL,CENTER FILLZ,CENTER FILLZ,CENTER FILLZ-MINT PCN 435 GM,PLJAR,435.000 GM,MINT,,435.0,GM,235.0
14,2023-02-10,202302,1,123455987,21301010050,1675845537698,99764852,106,PERFECT FOODS PVT LTD-NEPAL,ICY MENTHO-LYPTUS,ICY MENTHO-LYPTUS\720\GM,300.0,PCN,720 GM,New SKU,1675845537698-perfect foods pvt ltd-nepal-icy mentho-lyptus#3.png,RECODING,5,7,52762,169.84251,106,PERFECT FOODS PVT LTD-NEPAL,CENTER FILLZ,CENTER FILLZ,CENTER FILLZ-MINT PPH 3 GM,PLPCH,3.000 GM,MINT,,3.0,GM,0.0
14,2023-02-10,202302,1,123455987,21301010050,1675845537698,99764852,106,PERFECT FOODS PVT LTD-NEPAL,ICY MENTHO-LYPTUS,ICY MENTHO-LYPTUS\720\GM,300.0,PCN,720 GM,New SKU,1675845537698-perfect foods pvt ltd-nepal-icy mentho-lyptus#3.png,RECODING,5,8,99764212,170.84895,106,PERFECT FOODS PVT LTD-NEPAL,SNOWDENT,SNOWDENT FRESH,SNOWDENT FRESH-LIME PPH 2.5 GM,PLPCH,2.500 GM,LEMON,,2.5,GM,1.0
14,2023-02-10,202302,1,123455987,21301010050,1675845537698,99764852,106,PERFECT FOODS PVT LTD-NEPAL,ICY MENTHO-LYPTUS,ICY MENTHO-LYPTUS\720\GM,300.0,PCN,720 GM,New SKU,1675845537698-perfect foods pvt ltd-nepal-icy mentho-lyptus#3.png,RECODING,5,9,99764580,171.27176,106,PERFECT FOODS PVT LTD-NEPAL,SNOWDENT,SNOWDENT FRESH,SNOWDENT FRESH-PEPPERMINT PCN 385 GM,PLJAR,385.000 GM,PEPPERMINT,,385.0,GM,300.0
14,2023-02-10,202302,1,123455987,21301010050,1675845537698,99764852,106,PERFECT FOODS PVT LTD-NEPAL,ICY MENTHO-LYPTUS,ICY MENTHO-LYPTUS\720\GM,300.0,PCN,720 GM,New SKU,1675845537698-perfect foods pvt ltd-nepal-icy mentho-lyptus#3.png,RECODING,5,10,91826281,171.53232,106,VIBHAV FOOD INDUSTRIES-NEPAL,VIBHAV,VIBHAV HALKS,VIBHAV HALKS- MENTHO LYPTUS PPH 2.5 GM,PLPCH,2.500 GM,MENTHO LYPTUS,,2.5,GM,0.0
15,2023-02-10,202302,1,123455987,21301010050,1675837119826,99764841,106,PRAYAGH NUTRI PRODUCT-INDIA,CINTU PAN RAISYA PAN MASALA,CINTU PAN RASIYA PAN MASALA\880\GM,220.0,PCN,880 GM,New SKU,1675837119826-prayagh nutri product-india-cintu pan raisya pan masala#3.png,RECODING,5,1,91826186,90.25153,106,PRAYAGH NUTRI PRODUCT-INDIA,CINTU,CINTU PAN RASIYA,CINTU PAN RASIYA- PAN MASALA PPH 5.5 GM,PLPCH,5.500 GM,PAN MASALA,,5.5,GM,0.0
15,2023-02-10,202302,1,123455987,21301010050,1675837119826,99764841,106,PRAYAGH NUTRI PRODUCT-INDIA,CINTU PAN RAISYA PAN MASALA,CINTU PAN RASIYA PAN MASALA\880\GM,220.0,PCN,880 GM,New SKU,1675837119826-prayagh nutri product-india-cintu pan raisya pan masala#3.png,RECODING,5,2,50819,94.93004,106,PRAYAGH NUTRI PRODUCT-INDIA,CINTU,CINTU PAN RASIYA,CINTU PAN RASIYA- PAN MASALA PPH 4.4 GM,PLPCH,4.400 GM,PAN MASALA,,4.4,GM,0.0
15,2023-02-10,202302,1,123455987,21301010050,1675837119826,99764841,106,PRAYAGH NUTRI PRODUCT-INDIA,CINTU PAN RAISYA PAN MASALA,CINTU PAN RASIYA PAN MASALA\880\GM,220.0,PCN,880 GM,New SKU,1675837119826-prayagh nutri product-india-cintu pan raisya pan masala#3.png,RECODING,5,3,99764841,99.31818,106,PRAYAGH NUTRI PRODUCT-INDIA,CINTU,CINTU PAN RAISYA,CINTU PAN RASIYA-PAN MASALA CANDY PCN 880 GM,PLJAR,880.000 GM,PAAN,,880.0,GM,220.0
15,2023-02-10,202302,1,123455987,21301010050,1675837119826,99764841,106,PRAYAGH NUTRI PRODUCT-INDIA,CINTU PAN RAISYA PAN MASALA,CINTU PAN RASIYA PAN MASALA\880\GM,220.0,PCN,880 GM,New SKU,1675837119826-prayagh nutri product-india-cintu pan raisya pan masala#3.png,RECODING,5,4,99764693,101.330025,106,PRAYAGH NUTRI PRODUCT-INDIA,CINTU,CINTU PAN RAISYA,CINTU PAN RASIYA-PAN MASALA CANDY PCN 946 GM,PLJAR,946.000 GM,PAAN,,946.0,GM,220.0
15,2023-02-10,202302,1,123455987,21301010050,1675837119826,99764841,106,PRAYAGH NUTRI PRODUCT-INDIA,CINTU PAN RAISYA PAN MASALA,CINTU PAN RASIYA PAN MASALA\880\GM,220.0,PCN,880 GM,New SKU,1675837119826-prayagh nutri product-india-cintu pan raisya pan masala#3.png,RECODING,5,5,91826338,134.32242,106,PRAYAGH NUTRI PRODUCT-INDIA,CINTU,CINTU,CINTU- NIMBU CHATPAT PPH 3 GM,PLPCH,3.000 GM,LEMON,,3.0,GM,0.0
15,2023-02-10,202302,1,123455987,21301010050,1675837119826,99764841,106,PRAYAGH NUTRI PRODUCT-INDIA,CINTU PAN RAISYA PAN MASALA,CINTU PAN RASIYA PAN MASALA\880\GM,220.0,PCN,880 GM,New SKU,1675837119826-prayagh nutri product-india-cintu pan raisya pan masala#3.png,RECODING,5,6,91827304,138.87125,106,PRAYAGH NUTRI PRODUCT-INDIA,CINTU,CINTU ECLAIRS,CINTU ECLAIRS- PPH 3 GM,PLPCH,3.000 GM,UNSPECIFIED,,3.0,GM,0.0
15,2023-02-10,202302,1,123455987,21301010050,1675837119826,99764841,106,PRAYAGH NUTRI PRODUCT-INDIA,CINTU PAN RAISYA PAN MASALA,CINTU PAN RASIYA PAN MASALA\880\GM,220.0,PCN,880 GM,New SKU,1675837119826-prayagh nutri product-india-cintu pan raisya pan masala#3.png,RECODING,5,7,99764638,139.44528,106,PRAYAGH NUTRI PRODUCT-INDIA,CINTU,CINTU MANGO DOUBLES,CINTU MANGO DOUBLES-PCN 936 GM,PLJAR,936.000 GM,MANGO,,936.0,GM,500.0
15,2023-02-10,202302,1,123455987,21301010050,1675837119826,99764841,106,PRAYAGH NUTRI PRODUCT-INDIA,CINTU PAN RAISYA PAN MASALA,CINTU PAN RASIYA PAN MASALA\880\GM,220.0,PCN,880 GM,New SKU,1675837119826-prayagh nutri product-india-cintu pan raisya pan masala#3.png,RECODING,5,8,50696,139.4743,106,PRAYAGH NUTRI PRODUCT-INDIA,CINTU,CINTU,CINTU- MANGOLIK MANGO PPH 2.5 GM,PLPCH,2.500 GM,MANGO,,2.5,GM,0.0
15,2023-02-10,202302,1,123455987,21301010050,1675837119826,99764841,106,PRAYAGH NUTRI PRODUCT-INDIA,CINTU PAN RAISYA PAN MASALA,CINTU PAN RASIYA PAN MASALA\880\GM,220.0,PCN,880 GM,New SKU,1675837119826-prayagh nutri product-india-cintu pan raisya pan masala#3.png,RECODING,5,9,91826536,141.31892,106,PRAYAGH NUTRI PRODUCT-INDIA,CINTU,CINTU,CINTU- MANGOLIK MANGO PPH 2.9 GM,PLPCH,2.900 GM,MANGO,,2.9,GM,0.0
15,2023-02-10,202302,1,123455987,21301010050,1675837119826,99764841,106,PRAYAGH NUTRI PRODUCT-INDIA,CINTU PAN RAISYA PAN MASALA,CINTU PAN RASIYA PAN MASALA\880\GM,220.0,PCN,880 GM,New SKU,1675837119826-prayagh nutri product-india-cintu pan raisya pan masala#3.png,RECODING,5,10,91826337,142.14798,106,PRAYAGH NUTRI PRODUCT-INDIA,CINTU,CINTU,CINTU- GUAVA CHATPAT PPH 3 GM,PLPCH,3.000 GM,GUAVA,,3.0,GM,0.0
16,2023-02-10,202302,2,114636725,21102020044,1675926193413,99764864,134,GOODLIFE BEVERAGE-NEPAL,GOODLIFE,GOODLIFE LITCHI/NON CARBONATED/GOODLIFE BEVERAGE P LTD,20.0,PBT,150ML,,1675926193413-goodlife beverage-nepal-goodlife#3.png,RECODING,5,1,99764864,121.16977,118,GOODLIFE BEVERAGE-NEPAL,GOODLIFE,GOODLIFE,LITCHI PET 150 ML,PET,150.000 ML,LYCHEE,,150.0,ML,20.0
16,2023-02-10,202302,2,114636725,21102020044,1675926193413,99764864,134,GOODLIFE BEVERAGE-NEPAL,GOODLIFE,GOODLIFE LITCHI/NON CARBONATED/GOODLIFE BEVERAGE P LTD,20.0,PBT,150ML,,1675926193413-goodlife beverage-nepal-goodlife#3.png,RECODING,5,2,52244,125.08917,118,GOODLIFE BEVERAGE-NEPAL,GOODLIFE,GOODLIFE,LITCHI PET 150 ML+15% EXT[22ML],PET,150.000 ML,LYCHEE,,172.0,ML,0.0
16,2023-02-10,202302,2,114636725,21102020044,1675926193413,99764864,134,GOODLIFE BEVERAGE-NEPAL,GOODLIFE,GOODLIFE LITCHI/NON CARBONATED/GOODLIFE BEVERAGE P LTD,20.0,PBT,150ML,,1675926193413-goodlife beverage-nepal-goodlife#3.png,RECODING,5,3,53074,126.11127,118,GOODLIFE BEVERAGE-NEPAL,GOODLIFE,GOODLIFE,LITCHI PET 150 ML+20 ML FR,PET,150.000 ML,LYCHEE,,170.0,ML,0.0
16,2023-02-10,202302,2,114636725,21102020044,1675926193413,99764864,134,GOODLIFE BEVERAGE-NEPAL,GOODLIFE,GOODLIFE LITCHI/NON CARBONATED/GOODLIFE BEVERAGE P LTD,20.0,PBT,150ML,,1675926193413-goodlife beverage-nepal-goodlife#3.png,RECODING,5,4,99765224,126.32513,118,GOODLIFE BEVERAGE-NEPAL,GOODLIFE,GOODLIFE,LITCHI PET 125 ML,PET,125.000 ML,LYCHEE,,125.0,ML,20.0
16,2023-02-10,202302,2,114636725,21102020044,1675926193413,99764864,134,GOODLIFE BEVERAGE-NEPAL,GOODLIFE,GOODLIFE LITCHI/NON CARBONATED/GOODLIFE BEVERAGE P LTD,20.0,PBT,150ML,,1675926193413-goodlife beverage-nepal-goodlife#3.png,RECODING,5,5,99762410,140.07832,118,GOODLIFE BEVERAGE-NEPAL,GOODLIFE,GOODLIFE,PINEAPPLE TPK 180 ML+20 ML FREE,TPK,180.000 ML,PINEAPPLE,,200.0,ML,25.0
16,2023-02-10,202302,2,114636725,21102020044,1675926193413,99764864,134,GOODLIFE BEVERAGE-NEPAL,GOODLIFE,GOODLIFE LITCHI/NON CARBONATED/GOODLIFE BEVERAGE P LTD,20.0,PBT,150ML,,1675926193413-goodlife beverage-nepal-goodlife#3.png,RECODING,5,6,53075,141.1431,118,GOODLIFE BEVERAGE-NEPAL,GOODLIFE,GOODLIFE,PINEAPPLE TPK 200 ML,TPK,200.000 ML,PINEAPPLE,,200.0,ML,0.0
16,2023-02-10,202302,2,114636725,21102020044,1675926193413,99764864,134,GOODLIFE BEVERAGE-NEPAL,GOODLIFE,GOODLIFE LITCHI/NON CARBONATED/GOODLIFE BEVERAGE P LTD,20.0,PBT,150ML,,1675926193413-goodlife beverage-nepal-goodlife#3.png,RECODING,5,7,99763542,143.63382,118,GOODLIFE BEVERAGE-NEPAL,KIK,KIK,TPK 200 ML,TPK,200.000 ML,,,200.0,ML,60.0
16,2023-02-10,202302,2,114636725,21102020044,1675926193413,99764864,134,GOODLIFE BEVERAGE-NEPAL,GOODLIFE,GOODLIFE LITCHI/NON CARBONATED/GOODLIFE BEVERAGE P LTD,20.0,PBT,150ML,,1675926193413-goodlife beverage-nepal-goodlife#3.png,RECODING,5,8,99763309,145.04945,118,GOODLIFE BEVERAGE-NEPAL,GOODLIFE,GOODLIFE,GUAVA TPK 200 ML,TPK,200.000 ML,GUAVA,,200.0,ML,25.0
16,2023-02-10,202302,2,114636725,21102020044,1675926193413,99764864,134,GOODLIFE BEVERAGE-NEPAL,GOODLIFE,GOODLIFE LITCHI/NON CARBONATED/GOODLIFE BEVERAGE P LTD,20.0,PBT,150ML,,1675926193413-goodlife beverage-nepal-goodlife#3.png,RECODING,5,9,99762401,147.10352,118,GOODLIFE BEVERAGE-NEPAL,RUMPUM,RUMPUM LITCHI,LITCHI PET 170 ML,PET,170.000 ML,LYCHEE,,170.0,ML,20.0
16,2023-02-10,202302,2,114636725,21102020044,1675926193413,99764864,134,GOODLIFE BEVERAGE-NEPAL,GOODLIFE,GOODLIFE LITCHI/NON CARBONATED/GOODLIFE BEVERAGE P LTD,20.0,PBT,150ML,,1675926193413-goodlife beverage-nepal-goodlife#3.png,RECODING,5,10,99763353,147.78697,118,GOODLIFE BEVERAGE-NEPAL,GOODLIFE,GOODLIFE,GUAVA TPK 180 ML+20 ML FREE,TPK,180.000 ML,GUAVA,,200.0,ML,25.0
17,2023-02-11,202302,1,117739664,32203010012,1676019606987,99764853,106,ASIAN BISCUITS & CONFECTNRY-NP,GOOLIFE IMLI BOMB,GOODLIFE IMLI BOMB PCN 750 GM,250.0,PCN,750 GM ,,1676019606987-asian biscuits - confectnry-np-goolife imli bomb#3.png,RECODING,5,1,99764853,108.81178,106,ASIAN BISCUITS & CONFECTNRY-NP,GOODLIFE,GOODLIFE IMLI BOMB,GOODLIFE IMLI BOMB-REAL IMLI PCN 750 GM,PLJAR,750.000 GM,IMLI,,750.0,GM,250.0
17,2023-02-11,202302,1,117739664,32203010012,1676019606987,99764853,106,ASIAN BISCUITS & CONFECTNRY-NP,GOOLIFE IMLI BOMB,GOODLIFE IMLI BOMB PCN 750 GM,250.0,PCN,750 GM ,,1676019606987-asian biscuits - confectnry-np-goolife imli bomb#3.png,RECODING,5,2,51804,110.19444,106,ASIAN BISCUITS & CONFECTNRY-NP,GOODLIFE,GOODLIFE IMLI BOMB,GOODLIFE IMLI BOMB-REAL IMLI PPH 3 GM,PLPCH,3.000 GM,IMLI,,3.0,GM,0.0
17,2023-02-11,202302,1,117739664,32203010012,1676019606987,99764853,106,ASIAN BISCUITS & CONFECTNRY-NP,GOOLIFE IMLI BOMB,GOODLIFE IMLI BOMB PCN 750 GM,250.0,PCN,750 GM ,,1676019606987-asian biscuits - confectnry-np-goolife imli bomb#3.png,RECODING,5,3,99764630,110.873215,106,ASIAN BISCUITS & CONFECTNRY-NP,GOODLIFE,GOODLIFE IMLI BOMB,GOODLIFE IMLI BOMB-REAL IMLI PCN 880 GM,PLJAR,880.000 GM,IMLI,,880.0,GM,225.0
17,2023-02-11,202302,1,117739664,32203010012,1676019606987,99764853,106,ASIAN BISCUITS & CONFECTNRY-NP,GOOLIFE IMLI BOMB,GOODLIFE IMLI BOMB PCN 750 GM,250.0,PCN,750 GM ,,1676019606987-asian biscuits - confectnry-np-goolife imli bomb#3.png,RECODING,5,4,99764089,118.70775,106,ASIAN BISCUITS & CONFECTNRY-NP,GOODLIFE,GOODLIFE IMLI BOMB,GOODLIFE IMLI BOMB-SPICY IMLI PPH 3 GM,PLPCH,3.000 GM,IMLI,,3.0,GM,1.0
17,2023-02-11,202302,1,117739664,32203010012,1676019606987,99764853,106,ASIAN BISCUITS & CONFECTNRY-NP,GOOLIFE IMLI BOMB,GOODLIFE IMLI BOMB PCN 750 GM,250.0,PCN,750 GM ,,1676019606987-asian biscuits - confectnry-np-goolife imli bomb#3.png,RECODING,5,5,99764563,138.27,106,ASIAN BISCUITS & CONFECTNRY-NP,GOODLIFE,GOODLIFE CENTER BOMB,GOODLIFE CENTER BOMB-WATER MELON PCN 510 GM,PLJAR,510.000 GM,WATER MELON,,510.0,GM,300.0
17,2023-02-11,202302,1,117739664,32203010012,1676019606987,99764853,106,ASIAN BISCUITS & CONFECTNRY-NP,GOOLIFE IMLI BOMB,GOODLIFE IMLI BOMB PCN 750 GM,250.0,PCN,750 GM ,,1676019606987-asian biscuits - confectnry-np-goolife imli bomb#3.png,RECODING,5,6,99764628,139.91302,106,ASIAN BISCUITS & CONFECTNRY-NP,GOODLIFE,GOODLIFE CENTER BOMB,GOODLIFE CENTER BOMB-MIX FRUIT PCN 510 GM,PLJAR,510.000 GM,MIXED FRUIT,,510.0,GM,300.0
17,2023-02-11,202302,1,117739664,32203010012,1676019606987,99764853,106,ASIAN BISCUITS & CONFECTNRY-NP,GOOLIFE IMLI BOMB,GOODLIFE IMLI BOMB PCN 750 GM,250.0,PCN,750 GM ,,1676019606987-asian biscuits - confectnry-np-goolife imli bomb#3.png,RECODING,5,7,99763052,144.42847,106,ASIAN BISCUITS & CONFECTNRY-NP,GOODLIFE,GOODLIFE CENTER BOMB,GOODLIFE CENTER BOMB-MIXED FRUIT PPH 3 GM,PLPCH,3.000 GM,MIXED FRUIT,,3.0,GM,2.0
17,2023-02-11,202302,1,117739664,32203010012,1676019606987,99764853,106,ASIAN BISCUITS & CONFECTNRY-NP,GOOLIFE IMLI BOMB,GOODLIFE IMLI BOMB PCN 750 GM,250.0,PCN,750 GM ,,1676019606987-asian biscuits - confectnry-np-goolife imli bomb#3.png,RECODING,5,8,99763335,146.68271,106,ASIAN BISCUITS & CONFECTNRY-NP,GOODLIFE,GOODLIFE CENTER BOMB,GOODLIFE CENTER BOMB-WATER MELON PPH 3.4 GM,PLPCH,3.400 GM,WATER MELON,,3.4,GM,2.0
17,2023-02-11,202302,1,117739664,32203010012,1676019606987,99764853,106,ASIAN BISCUITS & CONFECTNRY-NP,GOOLIFE IMLI BOMB,GOODLIFE IMLI BOMB PCN 750 GM,250.0,PCN,750 GM ,,1676019606987-asian biscuits - confectnry-np-goolife imli bomb#3.png,RECODING,5,9,99763201,147.13007,106,ASIAN BISCUITS & CONFECTNRY-NP,GOODLIFE,GOODLIFE IMLI HALDI,GOODLIFE IMLI HALDI-WITH TULSI PPH 3 GM,PLPCH,3.000 GM,IMLI,,3.0,GM,1.0
17,2023-02-11,202302,1,117739664,32203010012,1676019606987,99764853,106,ASIAN BISCUITS & CONFECTNRY-NP,GOOLIFE IMLI BOMB,GOODLIFE IMLI BOMB PCN 750 GM,250.0,PCN,750 GM ,,1676019606987-asian biscuits - confectnry-np-goolife imli bomb#3.png,RECODING,5,10,99764688,148.96252,106,ASIAN BISCUITS & CONFECTNRY-NP,GOODLIFE,GOODLIFE CENTER BOMB,GOODLIFE CENTER BOMB-STRAWBERRY PCN 510 GM,PLJAR,510.000 GM,STRAWBERRY,,510.0,GM,300.0
18,2023-02-11,202302,1,117739664,32203010012,1676018389469,99764858,122,SEAFACE HOME & HEALTHCARE-NP,FINISH ANTIBACTRIAL,FINISH ANTIBACTRIAL PPH 750 GM ,75.0,PPH,750 GM ,,1676018389469-seaface home - healthcare-np-finish antibactrial#3.png,RECODING,5,1,54645,98.38521,122,SEAFACE HOME & HEALTHCARE-NP,FINISH,FINISH ANTIBACTRIAL,FINISH ANTIBACTRIAL-PPH 240 GM,PLPCH,240.000 GM,,,240.0,GM,0.0
18,2023-02-11,202302,1,117739664,32203010012,1676018389469,99764858,122,SEAFACE HOME & HEALTHCARE-NP,FINISH ANTIBACTRIAL,FINISH ANTIBACTRIAL PPH 750 GM ,75.0,PPH,750 GM ,,1676018389469-seaface home - healthcare-np-finish antibactrial#3.png,RECODING,5,2,99764858,131.15009,122,SEAFACE HOME & HEALTHCARE-NP,FINISH,FINISH ANTIBACTERIAL,FINISH ANTIBACTERIAL-LEMON & NEEM PPH 750 GM,PLPCH,750.000 GM,,,750.0,GM,75.0
18,2023-02-11,202302,1,117739664,32203010012,1676018389469,99764858,122,SEAFACE HOME & HEALTHCARE-NP,FINISH ANTIBACTRIAL,FINISH ANTIBACTRIAL PPH 750 GM ,75.0,PPH,750 GM ,,1676018389469-seaface home - healthcare-np-finish antibactrial#3.png,RECODING,5,3,99764591,229.83192,123,SAGARMATHA SABUN UDHYOG-NP,MARFA,MARFA,MARFA-PREMIUM LAUNDRY SOAP PPH 150 GM,PLPCH,150.000 GM,,,150.0,GM,35.0
18,2023-02-11,202302,1,117739664,32203010012,1676018389469,99764858,122,SEAFACE HOME & HEALTHCARE-NP,FINISH ANTIBACTRIAL,FINISH ANTIBACTRIAL PPH 750 GM ,75.0,PPH,750 GM ,,1676018389469-seaface home - healthcare-np-finish antibactrial#3.png,RECODING,5,4,53195,239.36166,123,SUVALAXMI SOAP & CHEMICALS-NPL,FANCY,FANCY,FANCY-DISHWASH PCN 400 GM,PLJAR,400.000 GM,,,400.0,GM,0.0
18,2023-02-11,202302,1,117739664,32203010012,1676018389469,99764858,122,SEAFACE HOME & HEALTHCARE-NP,FINISH ANTIBACTRIAL,FINISH ANTIBACTRIAL PPH 750 GM ,75.0,PPH,750 GM ,,1676018389469-seaface home - healthcare-np-finish antibactrial#3.png,RECODING,5,5,50350,240.32407,122,T.S. SOAP & SURF UDHYOG-NEPAL,PRO CLEAN,PRO CLEAN EVEREST,PRO CLEAN EVEREST-PPH 1000 GM,PLPCH,1000.000 GM,,,1000.0,GM,0.0
18,2023-02-11,202302,1,117739664,32203010012,1676018389469,99764858,122,SEAFACE HOME & HEALTHCARE-NP,FINISH ANTIBACTRIAL,FINISH ANTIBACTRIAL PPH 750 GM ,75.0,PPH,750 GM ,,1676018389469-seaface home - healthcare-np-finish antibactrial#3.png,RECODING,5,6,47660,243.35217,122,SUPER TATA SOAP & CHEMICAL-NP,DON,DON XPERT,DON XPERT-PRMIUM DETRGNT PPH 140 GM+50 GM EX,PLPCH,140.000 GM,,,190.0,GM,0.0
18,2023-02-11,202302,1,117739664,32203010012,1676018389469,99764858,122,SEAFACE HOME & HEALTHCARE-NP,FINISH ANTIBACTRIAL,FINISH ANTIBACTRIAL PPH 750 GM ,75.0,PPH,750 GM ,,1676018389469-seaface home - healthcare-np-finish antibactrial#3.png,RECODING,5,7,93024481,243.38486,122,SATYAWATI SOAP INDUSTRIES-NPL,AXN PLUS,AXN PLUS,AXN PLUS-PPH 300 GMS,PLPCH,300.000 GM,,,300.0,GM,0.0
18,2023-02-11,202302,1,117739664,32203010012,1676018389469,99764858,122,SEAFACE HOME & HEALTHCARE-NP,FINISH ANTIBACTRIAL,FINISH ANTIBACTRIAL PPH 750 GM ,75.0,PPH,750 GM ,,1676018389469-seaface home - healthcare-np-finish antibactrial#3.png,RECODING,5,8,45765,243.82773,122,SATYAWATI SOAP INDUSTRIES-NPL,AXN PLUS,AXN PLUS,AXN PLUS-PPH 1000 GMS,PLPCH,1000.000 GM,,,1000.0,GM,0.0
18,2023-02-11,202302,1,117739664,32203010012,1676018389469,99764858,122,SEAFACE HOME & HEALTHCARE-NP,FINISH ANTIBACTRIAL,FINISH ANTIBACTRIAL PPH 750 GM ,75.0,PPH,750 GM ,,1676018389469-seaface home - healthcare-np-finish antibactrial#3.png,RECODING,5,9,50137,244.00955,122,SATYAWATI SOAP INDUSTRIES-NPL,AXN PLUS,AXN PLUS,AXN PLUS-PPH 700 GM,PLPCH,700.000 GM,,,700.0,GM,0.0
18,2023-02-11,202302,1,117739664,32203010012,1676018389469,99764858,122,SEAFACE HOME & HEALTHCARE-NP,FINISH ANTIBACTRIAL,FINISH ANTIBACTRIAL PPH 750 GM ,75.0,PPH,750 GM ,,1676018389469-seaface home - healthcare-np-finish antibactrial#3.png,RECODING,5,10,93017137,245.01749,122,LG HOUSEHOLD & HEALTHCARE-KORE,SUPER TI,SUPER TI,SUPER TI-PPH 200  GMS,PLPCH,200.000 GM,,,200.0,GM,0.0
19,2023-02-11,202302,1,117347037,32203010020,1676019606987,99764853,106,ASIAN BISCUITS & CONFECTNRY-NP,GOOLIFE IMLI BOMB,GOODLIFE IMLI BOMB PCN 750 GM,250.0,PCN,750 GM ,,1676019606987-asian biscuits - confectnry-np-goolife imli bomb#3.png,RECODING,5,1,99764853,111.9086,106,ASIAN BISCUITS & CONFECTNRY-NP,GOODLIFE,GOODLIFE IMLI BOMB,GOODLIFE IMLI BOMB-REAL IMLI PCN 750 GM,PLJAR,750.000 GM,IMLI,,750.0,GM,250.0
19,2023-02-11,202302,1,117347037,32203010020,1676019606987,99764853,106,ASIAN BISCUITS & CONFECTNRY-NP,GOOLIFE IMLI BOMB,GOODLIFE IMLI BOMB PCN 750 GM,250.0,PCN,750 GM ,,1676019606987-asian biscuits - confectnry-np-goolife imli bomb#3.png,RECODING,5,2,51804,113.34005,106,ASIAN BISCUITS & CONFECTNRY-NP,GOODLIFE,GOODLIFE IMLI BOMB,GOODLIFE IMLI BOMB-REAL IMLI PPH 3 GM,PLPCH,3.000 GM,IMLI,,3.0,GM,0.0
19,2023-02-11,202302,1,117347037,32203010020,1676019606987,99764853,106,ASIAN BISCUITS & CONFECTNRY-NP,GOOLIFE IMLI BOMB,GOODLIFE IMLI BOMB PCN 750 GM,250.0,PCN,750 GM ,,1676019606987-asian biscuits - confectnry-np-goolife imli bomb#3.png,RECODING,5,3,99764630,113.692856,106,ASIAN BISCUITS & CONFECTNRY-NP,GOODLIFE,GOODLIFE IMLI BOMB,GOODLIFE IMLI BOMB-REAL IMLI PCN 880 GM,PLJAR,880.000 GM,IMLI,,880.0,GM,225.0
19,2023-02-11,202302,1,117347037,32203010020,1676019606987,99764853,106,ASIAN BISCUITS & CONFECTNRY-NP,GOOLIFE IMLI BOMB,GOODLIFE IMLI BOMB PCN 750 GM,250.0,PCN,750 GM ,,1676019606987-asian biscuits - confectnry-np-goolife imli bomb#3.png,RECODING,5,4,99764089,122.18431,106,ASIAN BISCUITS & CONFECTNRY-NP,GOODLIFE,GOODLIFE IMLI BOMB,GOODLIFE IMLI BOMB-SPICY IMLI PPH 3 GM,PLPCH,3.000 GM,IMLI,,3.0,GM,1.0
19,2023-02-11,202302,1,117347037,32203010020,1676019606987,99764853,106,ASIAN BISCUITS & CONFECTNRY-NP,GOOLIFE IMLI BOMB,GOODLIFE IMLI BOMB PCN 750 GM,250.0,PCN,750 GM ,,1676019606987-asian biscuits - confectnry-np-goolife imli bomb#3.png,RECODING,5,5,99764563,139.80292,106,ASIAN BISCUITS & CONFECTNRY-NP,GOODLIFE,GOODLIFE CENTER BOMB,GOODLIFE CENTER BOMB-WATER MELON PCN 510 GM,PLJAR,510.000 GM,WATER MELON,,510.0,GM,300.0
19,2023-02-11,202302,1,117347037,32203010020,1676019606987,99764853,106,ASIAN BISCUITS & CONFECTNRY-NP,GOOLIFE IMLI BOMB,GOODLIFE IMLI BOMB PCN 750 GM,250.0,PCN,750 GM ,,1676019606987-asian biscuits - confectnry-np-goolife imli bomb#3.png,RECODING,5,6,99764628,141.46484,106,ASIAN BISCUITS & CONFECTNRY-NP,GOODLIFE,GOODLIFE CENTER BOMB,GOODLIFE CENTER BOMB-MIX FRUIT PCN 510 GM,PLJAR,510.000 GM,MIXED FRUIT,,510.0,GM,300.0
19,2023-02-11,202302,1,117347037,32203010020,1676019606987,99764853,106,ASIAN BISCUITS & CONFECTNRY-NP,GOOLIFE IMLI BOMB,GOODLIFE IMLI BOMB PCN 750 GM,250.0,PCN,750 GM ,,1676019606987-asian biscuits - confectnry-np-goolife imli bomb#3.png,RECODING,5,7,99763052,145.75993,106,ASIAN BISCUITS & CONFECTNRY-NP,GOODLIFE,GOODLIFE CENTER BOMB,GOODLIFE CENTER BOMB-MIXED FRUIT PPH 3 GM,PLPCH,3.000 GM,MIXED FRUIT,,3.0,GM,2.0
19,2023-02-11,202302,1,117347037,32203010020,1676019606987,99764853,106,ASIAN BISCUITS & CONFECTNRY-NP,GOOLIFE IMLI BOMB,GOODLIFE IMLI BOMB PCN 750 GM,250.0,PCN,750 GM ,,1676019606987-asian biscuits - confectnry-np-goolife imli bomb#3.png,RECODING,5,8,99763335,148.34956,106,ASIAN BISCUITS & CONFECTNRY-NP,GOODLIFE,GOODLIFE CENTER BOMB,GOODLIFE CENTER BOMB-WATER MELON PPH 3.4 GM,PLPCH,3.400 GM,WATER MELON,,3.4,GM,2.0
19,2023-02-11,202302,1,117347037,32203010020,1676019606987,99764853,106,ASIAN BISCUITS & CONFECTNRY-NP,GOOLIFE IMLI BOMB,GOODLIFE IMLI BOMB PCN 750 GM,250.0,PCN,750 GM ,,1676019606987-asian biscuits - confectnry-np-goolife imli bomb#3.png,RECODING,5,9,99763201,148.93803,106,ASIAN BISCUITS & CONFECTNRY-NP,GOODLIFE,GOODLIFE IMLI HALDI,GOODLIFE IMLI HALDI-WITH TULSI PPH 3 GM,PLPCH,3.000 GM,IMLI,,3.0,GM,1.0
19,2023-02-11,202302,1,117347037,32203010020,1676019606987,99764853,106,ASIAN BISCUITS & CONFECTNRY-NP,GOOLIFE IMLI BOMB,GOODLIFE IMLI BOMB PCN 750 GM,250.0,PCN,750 GM ,,1676019606987-asian biscuits - confectnry-np-goolife imli bomb#3.png,RECODING,5,10,99764688,150.10306,106,ASIAN BISCUITS & CONFECTNRY-NP,GOODLIFE,GOODLIFE CENTER BOMB,GOODLIFE CENTER BOMB-STRAWBERRY PCN 510 GM,PLJAR,510.000 GM,STRAWBERRY,,510.0,GM,300.0
20,2023-02-11,202302,3,3110105416,31101030577,1676003610053,99764847,124,GOLDEN TOBACCO INDUSTRIES PVT.LTD NEPAL,20/20,20/20 GUDKHA\2.5GM\PPH\RS:5\GOLDEN TOBACCO INDUSTRIES PVT.LTDNEPAL,5.0,PPH,2.5GM,New SKU,1676003610053-golden tobacco industries pvt-ltd nepal-20-20#3.png,RECODING,5,1,99765184,138.33392,125,PUJA TOBACCO PACKING INDUSTRIES,GOLDEN NEPAL,GOLDEN NEPAL,16G KHAINI,PLAST,16G,REGULAR,,16.0,GM,40.0
20,2023-02-11,202302,3,3110105416,31101030577,1676003610053,99764847,124,GOLDEN TOBACCO INDUSTRIES PVT.LTD NEPAL,20/20,20/20 GUDKHA\2.5GM\PPH\RS:5\GOLDEN TOBACCO INDUSTRIES PVT.LTDNEPAL,5.0,PPH,2.5GM,New SKU,1676003610053-golden tobacco industries pvt-ltd nepal-20-20#3.png,RECODING,5,2,99762229,140.7269,125,PUJA TOBACCO PACKING INDUSTRIES,GOLDEN NEPAL,GOLDEN NEPAL,17G KHAINI,PLAST,17G,REGULAR,,17.0,,0.0
20,2023-02-11,202302,3,3110105416,31101030577,1676003610053,99764847,124,GOLDEN TOBACCO INDUSTRIES PVT.LTD NEPAL,20/20,20/20 GUDKHA\2.5GM\PPH\RS:5\GOLDEN TOBACCO INDUSTRIES PVT.LTDNEPAL,5.0,PPH,2.5GM,New SKU,1676003610053-golden tobacco industries pvt-ltd nepal-20-20#3.png,RECODING,5,3,99764259,142.86253,125,PUJA TOBACCO PACKING INDUSTRIES,GOLDEN NEPAL,GOLDEN NEPAL,12G KHAINI,PLAST,12G,REGULAR,,12.0,GM,30.0
20,2023-02-11,202302,3,3110105416,31101030577,1676003610053,99764847,124,GOLDEN TOBACCO INDUSTRIES PVT.LTD NEPAL,20/20,20/20 GUDKHA\2.5GM\PPH\RS:5\GOLDEN TOBACCO INDUSTRIES PVT.LTDNEPAL,5.0,PPH,2.5GM,New SKU,1676003610053-golden tobacco industries pvt-ltd nepal-20-20#3.png,RECODING,5,4,99762902,147.60672,123,NEPAL GRAMODHYOG PVT LTD-NP,NEPAL GRAMODHYOG,NEPAL GRAMODHYOG HERB YUKT,NEPAL GRAMODHYOG HERB YUKT-ASH & LEMON PPH 150 GM,PLPCH,150.000 GM,,,150.0,GM,20.0
20,2023-02-11,202302,3,3110105416,31101030577,1676003610053,99764847,124,GOLDEN TOBACCO INDUSTRIES PVT.LTD NEPAL,20/20,20/20 GUDKHA\2.5GM\PPH\RS:5\GOLDEN TOBACCO INDUSTRIES PVT.LTDNEPAL,5.0,PPH,2.5GM,New SKU,1676003610053-golden tobacco industries pvt-ltd nepal-20-20#3.png,RECODING,5,5,99763034,149.83821,123,NEPAL GRAMODHYOG PVT LTD-NP,NEPAL GRAMODHYOG,NEPAL GRAMODHYOG HERB YUKT,NEPAL GRAMODHYOG HERB YUKT-ASH & LEMON PPH 200 GM,PLPCH,200.000 GM,,,200.0,GM,22.0
20,2023-02-11,202302,3,3110105416,31101030577,1676003610053,99764847,124,GOLDEN TOBACCO INDUSTRIES PVT.LTD NEPAL,20/20,20/20 GUDKHA\2.5GM\PPH\RS:5\GOLDEN TOBACCO INDUSTRIES PVT.LTDNEPAL,5.0,PPH,2.5GM,New SKU,1676003610053-golden tobacco industries pvt-ltd nepal-20-20#3.png,RECODING,5,6,93060858,154.89279,122,GOPAL SOAP INDUSTRIES - NEPAL,V SERIES,V SERIES GOLD,V SERIES GOLD-PPH 350 GMS + 50GM,PLPCH,350.000 GM,,,400.0,GM,0.0
20,2023-02-11,202302,3,3110105416,31101030577,1676003610053,99764847,124,GOLDEN TOBACCO INDUSTRIES PVT.LTD NEPAL,20/20,20/20 GUDKHA\2.5GM\PPH\RS:5\GOLDEN TOBACCO INDUSTRIES PVT.LTDNEPAL,5.0,PPH,2.5GM,New SKU,1676003610053-golden tobacco industries pvt-ltd nepal-20-20#3.png,RECODING,5,7,49400,155.69302,123,B.S.I PVT LTD-NEPAL,GURANS,GURANS,GURANS-UNWRP 200 GM,UNWRP,200.000 GM,,,200.0,GM,0.0
20,2023-02-11,202302,3,3110105416,31101030577,1676003610053,99764847,124,GOLDEN TOBACCO INDUSTRIES PVT.LTD NEPAL,20/20,20/20 GUDKHA\2.5GM\PPH\RS:5\GOLDEN TOBACCO INDUSTRIES PVT.LTDNEPAL,5.0,PPH,2.5GM,New SKU,1676003610053-golden tobacco industries pvt-ltd nepal-20-20#3.png,RECODING,5,8,93060881,155.95786,122,GOPAL SOAP INDUSTRIES - NEPAL,V SERIES,V SERIES GOLD,V SERIES GOLD-PPH 350G+4ML REJOIC ANTIDND SHMP 2PC,PLPCH,350.000 GM,,,350.0,GM,0.0
20,2023-02-11,202302,3,3110105416,31101030577,1676003610053,99764847,124,GOLDEN TOBACCO INDUSTRIES PVT.LTD NEPAL,20/20,20/20 GUDKHA\2.5GM\PPH\RS:5\GOLDEN TOBACCO INDUSTRIES PVT.LTDNEPAL,5.0,PPH,2.5GM,New SKU,1676003610053-golden tobacco industries pvt-ltd nepal-20-20#3.png,RECODING,5,9,93019260,156.63316,122,GOPAL SOAP INDUSTRIES - NEPAL,V SERIES,V SERIES GOLD,V SERIES GOLD-PPH 350 GMS,PLPCH,350.000 GM,,,350.0,GM,0.0
20,2023-02-11,202302,3,3110105416,31101030577,1676003610053,99764847,124,GOLDEN TOBACCO INDUSTRIES PVT.LTD NEPAL,20/20,20/20 GUDKHA\2.5GM\PPH\RS:5\GOLDEN TOBACCO INDUSTRIES PVT.LTDNEPAL,5.0,PPH,2.5GM,New SKU,1676003610053-golden tobacco industries pvt-ltd nepal-20-20#3.png,RECODING,5,10,93021961,156.71066,122,GOPAL SOAP INDUSTRIES - NEPAL,V SERIES,V SERIES GOLD,V SERIES GOLD-PPH 750 GMS,PLPCH,750.000 GM,,,750.0,GM,0.0
21,2023-02-11,202302,1,125735638,52202010016,1676006079544,99764856,120,UNILEVER NEPAL LTD-NEPAL,LIRIL,LIRIL LIME RUSH/4Ã—75GM/EWP/SAVE RS 7,145.0,EWP,4Ã—75GM,,1676006079544-unilever nepal ltd-nepal-liril#3.png,RECODING,5,1,49799,76.384415,120,UNILEVER NEPAL LTD-NEPAL,LIRIL,LIRIL,LIRIL-LIME RUSH EWP 5*75 GM+B4G1,EWRPK,75.000 GM,,,375.0,GM,0.0
21,2023-02-11,202302,1,125735638,52202010016,1676006079544,99764856,120,UNILEVER NEPAL LTD-NEPAL,LIRIL,LIRIL LIME RUSH/4Ã—75GM/EWP/SAVE RS 7,145.0,EWP,4Ã—75GM,,1676006079544-unilever nepal ltd-nepal-liril#3.png,RECODING,5,2,92562465,78.27562,120,UNILEVER NEPAL LTD-NEPAL,LIRIL,LIRIL,LIRIL-LIME RUSH EWP 75 GM+SAVE RS. 3 ON 3 NOS PACK,EWRPK,75.000 GM,,,225.0,GM,0.0
21,2023-02-11,202302,1,125735638,52202010016,1676006079544,99764856,120,UNILEVER NEPAL LTD-NEPAL,LIRIL,LIRIL LIME RUSH/4Ã—75GM/EWP/SAVE RS 7,145.0,EWP,4Ã—75GM,,1676006079544-unilever nepal ltd-nepal-liril#3.png,RECODING,5,3,99764856,79.96023,120,UNILEVER NEPAL LTD-NEPAL,LIRIL,LIRIL,LIRIL-LIME RUSH EWP 4*75 GM+SAV RS. 7,EWRPK,75.000 GM,,,300.0,GM,145.0
21,2023-02-11,202302,1,125735638,52202010016,1676006079544,99764856,120,UNILEVER NEPAL LTD-NEPAL,LIRIL,LIRIL LIME RUSH/4Ã—75GM/EWP/SAVE RS 7,145.0,EWP,4Ã—75GM,,1676006079544-unilever nepal ltd-nepal-liril#3.png,RECODING,5,4,99764280,81.61611,120,UNILEVER NEPAL LTD-NEPAL,LIRIL,LIRIL,LIRIL-LIME RUSH EWP 4*75 GM+SAV RS. 5,EWRPK,75.000 GM,,,300.0,GM,135.0
21,2023-02-11,202302,1,125735638,52202010016,1676006079544,99764856,120,UNILEVER NEPAL LTD-NEPAL,LIRIL,LIRIL LIME RUSH/4Ã—75GM/EWP/SAVE RS 7,145.0,EWP,4Ã—75GM,,1676006079544-unilever nepal ltd-nepal-liril#3.png,RECODING,5,5,99762986,84.13921,120,UNILEVER NEPAL LTD-NEPAL,LIRIL,LIRIL,LIRIL-LIME RUSH EWP 4*75 GM+SAV RS 10,EWRPK,75.000 GM,,,300.0,GM,110.0
21,2023-02-11,202302,1,125735638,52202010016,1676006079544,99764856,120,UNILEVER NEPAL LTD-NEPAL,LIRIL,LIRIL LIME RUSH/4Ã—75GM/EWP/SAVE RS 7,145.0,EWP,4Ã—75GM,,1676006079544-unilever nepal ltd-nepal-liril#3.png,RECODING,5,6,51727,85.15032,120,UNILEVER NEPAL LTD-NEPAL,LIRIL,LIRIL,LIRIL-LIME RUSH EWP 4*75 GM+SAV RS 20,EWRPK,75.000 GM,,,300.0,GM,0.0
21,2023-02-11,202302,1,125735638,52202010016,1676006079544,99764856,120,UNILEVER NEPAL LTD-NEPAL,LIRIL,LIRIL LIME RUSH/4Ã—75GM/EWP/SAVE RS 7,145.0,EWP,4Ã—75GM,,1676006079544-unilever nepal ltd-nepal-liril#3.png,RECODING,5,7,99763244,86.30828,120,UNILEVER NEPAL LTD-NEPAL,LIRIL,LIRIL,LIRIL-LIME RUSH EWP 4*75 GM+SAV RS 12,EWRPK,75.000 GM,,,300.0,GM,120.0
21,2023-02-11,202302,1,125735638,52202010016,1676006079544,99764856,120,UNILEVER NEPAL LTD-NEPAL,LIRIL,LIRIL LIME RUSH/4Ã—75GM/EWP/SAVE RS 7,145.0,EWP,4Ã—75GM,,1676006079544-unilever nepal ltd-nepal-liril#3.png,RECODING,5,8,92527089,86.94719,120,UNILEVER NEPAL LTD-NEPAL,LIRIL,LIRIL,LIRIL-LIME RUSH EWP 75 GMS,EWRPK,75.000 GM,,,75.0,GM,0.0
21,2023-02-11,202302,1,125735638,52202010016,1676006079544,99764856,120,UNILEVER NEPAL LTD-NEPAL,LIRIL,LIRIL LIME RUSH/4Ã—75GM/EWP/SAVE RS 7,145.0,EWP,4Ã—75GM,,1676006079544-unilever nepal ltd-nepal-liril#3.png,RECODING,5,9,92511250,112.63744,120,UNILEVER NEPAL LTD-NEPAL,LIRIL,LIRIL,LIRIL-EWP 75 GMS,EWRPK,75.000 GM,,,75.0,GM,0.0
21,2023-02-11,202302,1,125735638,52202010016,1676006079544,99764856,120,UNILEVER NEPAL LTD-NEPAL,LIRIL,LIRIL LIME RUSH/4Ã—75GM/EWP/SAVE RS 7,145.0,EWP,4Ã—75GM,,1676006079544-unilever nepal ltd-nepal-liril#3.png,RECODING,5,10,92512147,112.63744,120,UNILEVER NEPAL LTD-NEPAL,LIRIL,LIRIL,LIRIL-EWP 75 GMS,EWRPK,75.000 GM,,,75.0,GM,0.0
22,2023-02-12,202302,1,125904438,32201010023,1675925890710,99764859,122,GOPAL SOAP INDUSTRIES - NEPAL,RIT,RIT DETERGENT POWDER/PPH/200GM/GOPAL SOAP INDUSTRIES - NEPAL,20.0,PPH,200GM,,1675925890710-gopal soap industries - nepal-rit#3.png,RECODING,5,1,99764927,79.99501,122,GOPAL SOAP INDUSTRIES - NEPAL,RIT,RIT,RIT- DETERGENT POWDER PPH 900 GM,PLPCH,900.000 GM,,,900.0,GM,90.0
22,2023-02-12,202302,1,125904438,32201010023,1675925890710,99764859,122,GOPAL SOAP INDUSTRIES - NEPAL,RIT,RIT DETERGENT POWDER/PPH/200GM/GOPAL SOAP INDUSTRIES - NEPAL,20.0,PPH,200GM,,1675925890710-gopal soap industries - nepal-rit#3.png,RECODING,5,2,99764859,80.01175,122,GOPAL SOAP INDUSTRIES - NEPAL,RIT,RIT,RIT- DETERGENT POWDER PPH 200 GM,PLPCH,200.000 GM,,,200.0,GM,20.0
22,2023-02-12,202302,1,125904438,32201010023,1675925890710,99764859,122,GOPAL SOAP INDUSTRIES - NEPAL,RIT,RIT DETERGENT POWDER/PPH/200GM/GOPAL SOAP INDUSTRIES - NEPAL,20.0,PPH,200GM,,1675925890710-gopal soap industries - nepal-rit#3.png,RECODING,5,3,99762546,98.09456,122,GOPAL SOAP INDUSTRIES - NEPAL,RASNA,RASNA,RASNA- DETERGENT POWDER PPH 200 GM,PLPCH,200.000 GM,,,200.0,GM,20.0
22,2023-02-12,202302,1,125904438,32201010023,1675925890710,99764859,122,GOPAL SOAP INDUSTRIES - NEPAL,RIT,RIT DETERGENT POWDER/PPH/200GM/GOPAL SOAP INDUSTRIES - NEPAL,20.0,PPH,200GM,,1675925890710-gopal soap industries - nepal-rit#3.png,RECODING,5,4,99763177,98.25198,122,GOPAL SOAP INDUSTRIES - NEPAL,RASNA,RASNA,RASNA- DETERGENT POWDER PPH 1000 GM,PLPCH,1000.000 GM,,,1000.0,GM,100.0
22,2023-02-12,202302,1,125904438,32201010023,1675925890710,99764859,122,GOPAL SOAP INDUSTRIES - NEPAL,RIT,RIT DETERGENT POWDER/PPH/200GM/GOPAL SOAP INDUSTRIES - NEPAL,20.0,PPH,200GM,,1675925890710-gopal soap industries - nepal-rit#3.png,RECODING,5,5,53839,99.24587,122,GOPAL SOAP INDUSTRIES - NEPAL,RASNA,RASNA,RASNA- DETERGENT POWDER PPH 225 GM,PLPCH,225.000 GM,,,225.0,GM,0.0
22,2023-02-12,202302,1,125904438,32201010023,1675925890710,99764859,122,GOPAL SOAP INDUSTRIES - NEPAL,RIT,RIT DETERGENT POWDER/PPH/200GM/GOPAL SOAP INDUSTRIES - NEPAL,20.0,PPH,200GM,,1675925890710-gopal soap industries - nepal-rit#3.png,RECODING,5,6,99764366,123.02325,122,GOPAL SOAP INDUSTRIES - NEPAL,V SERIES,V SERIES HERBAL,V SERIES HERBAL-OXI POWER DETERGENT POWDER PPH 750 GM,PLPCH,750.000 GM,,,750.0,GM,100.0
22,2023-02-12,202302,1,125904438,32201010023,1675925890710,99764859,122,GOPAL SOAP INDUSTRIES - NEPAL,RIT,RIT DETERGENT POWDER/PPH/200GM/GOPAL SOAP INDUSTRIES - NEPAL,20.0,PPH,200GM,,1675925890710-gopal soap industries - nepal-rit#3.png,RECODING,5,7,50749,124.72586,122,GOPAL SOAP INDUSTRIES - NEPAL,V SERIES,V SERIES XPERT,V SERIES XPERT-PPH 3000 GM,PLPCH,3000.000 GM,,,3000.0,GM,0.0
22,2023-02-12,202302,1,125904438,32201010023,1675925890710,99764859,122,GOPAL SOAP INDUSTRIES - NEPAL,RIT,RIT DETERGENT POWDER/PPH/200GM/GOPAL SOAP INDUSTRIES - NEPAL,20.0,PPH,200GM,,1675925890710-gopal soap industries - nepal-rit#3.png,RECODING,5,8,54994,125.90577,123,GOPAL SOAP INDUSTRIES - NEPAL,V SERIES,V SERIES PLUS,V SERIES PLUS-HRBL DISHWASH PPH 80 GM+15GM EX,PLPCH,80.000 GM,,,95.0,GM,0.0
22,2023-02-12,202302,1,125904438,32201010023,1675925890710,99764859,122,GOPAL SOAP INDUSTRIES - NEPAL,RIT,RIT DETERGENT POWDER/PPH/200GM/GOPAL SOAP INDUSTRIES - NEPAL,20.0,PPH,200GM,,1675925890710-gopal soap industries - nepal-rit#3.png,RECODING,5,9,54989,126.44383,123,GOPAL SOAP INDUSTRIES - NEPAL,V SERIES,V SERIES PLUS,V SERIES PLUS- HRBL DISHWASH PPH 170 GM+30GM EX,PLPCH,170.000 GM,,,200.0,GM,0.0
22,2023-02-12,202302,1,125904438,32201010023,1675925890710,99764859,122,GOPAL SOAP INDUSTRIES - NEPAL,RIT,RIT DETERGENT POWDER/PPH/200GM/GOPAL SOAP INDUSTRIES - NEPAL,20.0,PPH,200GM,,1675925890710-gopal soap industries - nepal-rit#3.png,RECODING,5,10,93060881,126.98292,122,GOPAL SOAP INDUSTRIES - NEPAL,V SERIES,V SERIES GOLD,V SERIES GOLD-PPH 350G+4ML REJOIC ANTIDND SHMP 2PC,PLPCH,350.000 GM,,,350.0,GM,0.0
23,2023-02-12,202302,1,126893914,32201010025,1675921468701,99764842,116,ANGEL TOUCH HYGIENE MANUF.-NEPAL,PURE EVERYDAY XL,PURE EVERYDAY XL/7NOS/PPH/REGULAR/ANGEL TOUCH HYGIENE MANUF.-NEPAL,50.0,PPH,7NOS,,1675921468701-angel touch hygiene manuf--nepal-pure everyday xl#3.png,RECODING,5,1,99764842,67.78729,116,ANGEL TOUCH HYGIENE MANUF.-NEPAL,PURE,PURE REGULAR,PURE REGULAR-EVERYDAY XL PPH 7 NO,PLPCH,7.000 NO,,,7.0,NO,50.0
23,2023-02-12,202302,1,126893914,32201010025,1675921468701,99764842,116,ANGEL TOUCH HYGIENE MANUF.-NEPAL,PURE EVERYDAY XL,PURE EVERYDAY XL/7NOS/PPH/REGULAR/ANGEL TOUCH HYGIENE MANUF.-NEPAL,50.0,PPH,7NOS,,1675921468701-angel touch hygiene manuf--nepal-pure everyday xl#3.png,RECODING,5,2,99764821,114.93907,116,ANGEL TOUCH HYGIENE MANUF.-NEPAL,PURE,PURE ULTRA CLEAR CHOICE,PURE ULTRA CLEAR CHOICE-XL ULTRA THIN PPH 8 NO,PLPCH,8.000 NO,,,8.0,NO,80.0
23,2023-02-12,202302,1,126893914,32201010025,1675921468701,99764842,116,ANGEL TOUCH HYGIENE MANUF.-NEPAL,PURE EVERYDAY XL,PURE EVERYDAY XL/7NOS/PPH/REGULAR/ANGEL TOUCH HYGIENE MANUF.-NEPAL,50.0,PPH,7NOS,,1675921468701-angel touch hygiene manuf--nepal-pure everyday xl#3.png,RECODING,5,3,99762485,163.96564,122,CLEAN AID NEPAL P LTD-NEPAL,HERO,HERO ULTRA,HERO ULTRA-LEMON & JASMINE PPH 250 GM,PLPCH,250.000 GM,,,250.0,GM,20.0
23,2023-02-12,202302,1,126893914,32201010025,1675921468701,99764842,116,ANGEL TOUCH HYGIENE MANUF.-NEPAL,PURE EVERYDAY XL,PURE EVERYDAY XL/7NOS/PPH/REGULAR/ANGEL TOUCH HYGIENE MANUF.-NEPAL,50.0,PPH,7NOS,,1675921468701-angel touch hygiene manuf--nepal-pure everyday xl#3.png,RECODING,5,4,46807,164.84616,122,GOPAL SOAP INDUSTRIES - NEPAL,V SERIES,V SERIES,V SERIES-ORANGE & LEMON-PPH 3000 GM,PLPCH,3000.000 GM,,,3000.0,GM,0.0
23,2023-02-12,202302,1,126893914,32201010025,1675921468701,99764842,116,ANGEL TOUCH HYGIENE MANUF.-NEPAL,PURE EVERYDAY XL,PURE EVERYDAY XL/7NOS/PPH/REGULAR/ANGEL TOUCH HYGIENE MANUF.-NEPAL,50.0,PPH,7NOS,,1675921468701-angel touch hygiene manuf--nepal-pure everyday xl#3.png,RECODING,5,5,99763929,165.27963,122,CLEAN AID NEPAL P LTD-NEPAL,HERO,HERO ULTRA,HERO ULTRA-LEMON & JASMINE PPH 200 GM,PLPCH,200.000 GM,,,200.0,GM,20.0
23,2023-02-12,202302,1,126893914,32201010025,1675921468701,99764842,116,ANGEL TOUCH HYGIENE MANUF.-NEPAL,PURE EVERYDAY XL,PURE EVERYDAY XL/7NOS/PPH/REGULAR/ANGEL TOUCH HYGIENE MANUF.-NEPAL,50.0,PPH,7NOS,,1675921468701-angel touch hygiene manuf--nepal-pure everyday xl#3.png,RECODING,5,6,93024808,168.5369,122,GOPAL SOAP INDUSTRIES - NEPAL,V SERIES,V SERIES,V SERIES-ORANGE & LEMON-PPH 270 GMS,PLPCH,270.000 GM,,,270.0,GM,0.0
23,2023-02-12,202302,1,126893914,32201010025,1675921468701,99764842,116,ANGEL TOUCH HYGIENE MANUF.-NEPAL,PURE EVERYDAY XL,PURE EVERYDAY XL/7NOS/PPH/REGULAR/ANGEL TOUCH HYGIENE MANUF.-NEPAL,50.0,PPH,7NOS,,1675921468701-angel touch hygiene manuf--nepal-pure everyday xl#3.png,RECODING,5,7,50749,169.10347,122,GOPAL SOAP INDUSTRIES - NEPAL,V SERIES,V SERIES XPERT,V SERIES XPERT-PPH 3000 GM,PLPCH,3000.000 GM,,,3000.0,GM,0.0
23,2023-02-12,202302,1,126893914,32201010025,1675921468701,99764842,116,ANGEL TOUCH HYGIENE MANUF.-NEPAL,PURE EVERYDAY XL,PURE EVERYDAY XL/7NOS/PPH/REGULAR/ANGEL TOUCH HYGIENE MANUF.-NEPAL,50.0,PPH,7NOS,,1675921468701-angel touch hygiene manuf--nepal-pure everyday xl#3.png,RECODING,5,8,51471,169.37798,122,GOPAL SOAP INDUSTRIES - NEPAL,V SERIES,V SERIES,V SERIES-ORANGE & LEMON-PPH 800 GM,PLPCH,800.000 GM,,,800.0,GM,0.0
23,2023-02-12,202302,1,126893914,32201010025,1675921468701,99764842,116,ANGEL TOUCH HYGIENE MANUF.-NEPAL,PURE EVERYDAY XL,PURE EVERYDAY XL/7NOS/PPH/REGULAR/ANGEL TOUCH HYGIENE MANUF.-NEPAL,50.0,PPH,7NOS,,1675921468701-angel touch hygiene manuf--nepal-pure everyday xl#3.png,RECODING,5,9,92962392,169.53247,123,GOPAL SOAP INDUSTRIES - NEPAL,V SERIES,V SERIES POPULAR,V SERIES POPULAR-PCN 400 GM+SCRUBBER FREE,PLJAR,400.000 GM,,,400.0,GM,0.0
23,2023-02-12,202302,1,126893914,32201010025,1675921468701,99764842,116,ANGEL TOUCH HYGIENE MANUF.-NEPAL,PURE EVERYDAY XL,PURE EVERYDAY XL/7NOS/PPH/REGULAR/ANGEL TOUCH HYGIENE MANUF.-NEPAL,50.0,PPH,7NOS,,1675921468701-angel touch hygiene manuf--nepal-pure everyday xl#3.png,RECODING,5,10,92962475,169.56204,123,GOPAL SOAP INDUSTRIES - NEPAL,V SERIES,V SERIES POPULAR,V SERIES POPULAR-PCN 800 GM+SCRUBBER FREE,PLJAR,800.000 GM,,,800.0,GM,0.0
24,2023-02-12,202302,1,126893914,32201010025,1675922745386,99764856,120,UNILEVER NEPAL LTD-NEPAL,LIRIL,LIRIL LIME RUSH/PPH/4NOS*75GM+SAVE RS. 7/UNILEVER NEPAL LTD-NEPAL,145.0,PPH,4NOS*75GM,,1675922745386-unilever nepal ltd-nepal-liril#3.png,RECODING,5,1,92562465,79.072815,120,UNILEVER NEPAL LTD-NEPAL,LIRIL,LIRIL,LIRIL-LIME RUSH EWP 75 GM+SAVE RS. 3 ON 3 NOS PACK,EWRPK,75.000 GM,,,225.0,GM,0.0
24,2023-02-12,202302,1,126893914,32201010025,1675922745386,99764856,120,UNILEVER NEPAL LTD-NEPAL,LIRIL,LIRIL LIME RUSH/PPH/4NOS*75GM+SAVE RS. 7/UNILEVER NEPAL LTD-NEPAL,145.0,PPH,4NOS*75GM,,1675922745386-unilever nepal ltd-nepal-liril#3.png,RECODING,5,2,49799,80.775185,120,UNILEVER NEPAL LTD-NEPAL,LIRIL,LIRIL,LIRIL-LIME RUSH EWP 5*75 GM+B4G1,EWRPK,75.000 GM,,,375.0,GM,0.0
24,2023-02-12,202302,1,126893914,32201010025,1675922745386,99764856,120,UNILEVER NEPAL LTD-NEPAL,LIRIL,LIRIL LIME RUSH/PPH/4NOS*75GM+SAVE RS. 7/UNILEVER NEPAL LTD-NEPAL,145.0,PPH,4NOS*75GM,,1675922745386-unilever nepal ltd-nepal-liril#3.png,RECODING,5,3,99764856,82.8488,120,UNILEVER NEPAL LTD-NEPAL,LIRIL,LIRIL,LIRIL-LIME RUSH EWP 4*75 GM+SAV RS. 7,EWRPK,75.000 GM,,,300.0,GM,145.0
24,2023-02-12,202302,1,126893914,32201010025,1675922745386,99764856,120,UNILEVER NEPAL LTD-NEPAL,LIRIL,LIRIL LIME RUSH/PPH/4NOS*75GM+SAVE RS. 7/UNILEVER NEPAL LTD-NEPAL,145.0,PPH,4NOS*75GM,,1675922745386-unilever nepal ltd-nepal-liril#3.png,RECODING,5,4,99764280,84.96219,120,UNILEVER NEPAL LTD-NEPAL,LIRIL,LIRIL,LIRIL-LIME RUSH EWP 4*75 GM+SAV RS. 5,EWRPK,75.000 GM,,,300.0,GM,135.0
24,2023-02-12,202302,1,126893914,32201010025,1675922745386,99764856,120,UNILEVER NEPAL LTD-NEPAL,LIRIL,LIRIL LIME RUSH/PPH/4NOS*75GM+SAVE RS. 7/UNILEVER NEPAL LTD-NEPAL,145.0,PPH,4NOS*75GM,,1675922745386-unilever nepal ltd-nepal-liril#3.png,RECODING,5,5,99762986,87.76999,120,UNILEVER NEPAL LTD-NEPAL,LIRIL,LIRIL,LIRIL-LIME RUSH EWP 4*75 GM+SAV RS 10,EWRPK,75.000 GM,,,300.0,GM,110.0
24,2023-02-12,202302,1,126893914,32201010025,1675922745386,99764856,120,UNILEVER NEPAL LTD-NEPAL,LIRIL,LIRIL LIME RUSH/PPH/4NOS*75GM+SAVE RS. 7/UNILEVER NEPAL LTD-NEPAL,145.0,PPH,4NOS*75GM,,1675922745386-unilever nepal ltd-nepal-liril#3.png,RECODING,5,6,99763244,88.676674,120,UNILEVER NEPAL LTD-NEPAL,LIRIL,LIRIL,LIRIL-LIME RUSH EWP 4*75 GM+SAV RS 12,EWRPK,75.000 GM,,,300.0,GM,120.0
24,2023-02-12,202302,1,126893914,32201010025,1675922745386,99764856,120,UNILEVER NEPAL LTD-NEPAL,LIRIL,LIRIL LIME RUSH/PPH/4NOS*75GM+SAVE RS. 7/UNILEVER NEPAL LTD-NEPAL,145.0,PPH,4NOS*75GM,,1675922745386-unilever nepal ltd-nepal-liril#3.png,RECODING,5,7,51727,88.79956,120,UNILEVER NEPAL LTD-NEPAL,LIRIL,LIRIL,LIRIL-LIME RUSH EWP 4*75 GM+SAV RS 20,EWRPK,75.000 GM,,,300.0,GM,0.0
24,2023-02-12,202302,1,126893914,32201010025,1675922745386,99764856,120,UNILEVER NEPAL LTD-NEPAL,LIRIL,LIRIL LIME RUSH/PPH/4NOS*75GM+SAVE RS. 7/UNILEVER NEPAL LTD-NEPAL,145.0,PPH,4NOS*75GM,,1675922745386-unilever nepal ltd-nepal-liril#3.png,RECODING,5,8,92527089,90.04602,120,UNILEVER NEPAL LTD-NEPAL,LIRIL,LIRIL,LIRIL-LIME RUSH EWP 75 GMS,EWRPK,75.000 GM,,,75.0,GM,0.0
24,2023-02-12,202302,1,126893914,32201010025,1675922745386,99764856,120,UNILEVER NEPAL LTD-NEPAL,LIRIL,LIRIL LIME RUSH/PPH/4NOS*75GM+SAVE RS. 7/UNILEVER NEPAL LTD-NEPAL,145.0,PPH,4NOS*75GM,,1675922745386-unilever nepal ltd-nepal-liril#3.png,RECODING,5,9,49785,119.161545,123,UNILEVER NEPAL LTD-NEPAL,RIN,RIN,RIN-PPH 145 GMS,PLPCH,145.000 GM,,,145.0,GM,0.0
24,2023-02-12,202302,1,126893914,32201010025,1675922745386,99764856,120,UNILEVER NEPAL LTD-NEPAL,LIRIL,LIRIL LIME RUSH/PPH/4NOS*75GM+SAVE RS. 7/UNILEVER NEPAL LTD-NEPAL,145.0,PPH,4NOS*75GM,,1675922745386-unilever nepal ltd-nepal-liril#3.png,RECODING,5,10,92560445,119.88094,120,UNILEVER NEPAL LTD-NEPAL,LIRIL,LIRIL,LIRIL-EWP  75 GMS +RS. 3.00/- OFF,EWRPK,75.000 GM,,,75.0,GM,0.0
25,2023-02-12,202302,1,126893914,32201010025,1675922993412,99764844,122,UNILEVER NEPAL LTD-NEPAL,WHEEL ACTIVE,WHEEL ACTIVE 2IN1/CLEAN & FRESH/PPH/150GM/UNILEVER NEPAL LTD-NEPAL,20.0,PPH,150GM,,1675922993412-unilever nepal ltd-nepal-wheel active#3.png,RECODING,5,1,99763979,75.98711,122,UNILEVER NEPAL LTD-NEPAL,WHEEL,WHEEL ACTIVE,WHEEL ACTIVE-2IN1 CLEAN FRESH PPH 950 GM,PLPCH,950.000 GM,,,950.0,GM,110.0
25,2023-02-12,202302,1,126893914,32201010025,1675922993412,99764844,122,UNILEVER NEPAL LTD-NEPAL,WHEEL ACTIVE,WHEEL ACTIVE 2IN1/CLEAN & FRESH/PPH/150GM/UNILEVER NEPAL LTD-NEPAL,20.0,PPH,150GM,,1675922993412-unilever nepal ltd-nepal-wheel active#3.png,RECODING,5,2,51131,76.82191,123,UNILEVER NEPAL LTD-NEPAL,WHEEL,WHEEL ACTIVE,WHEEL ACTIVE-2IN1 CLEAN FRESH PPH 105 GM,PLPCH,105.000 GM,,,105.0,GM,0.0
25,2023-02-12,202302,1,126893914,32201010025,1675922993412,99764844,122,UNILEVER NEPAL LTD-NEPAL,WHEEL ACTIVE,WHEEL ACTIVE 2IN1/CLEAN & FRESH/PPH/150GM/UNILEVER NEPAL LTD-NEPAL,20.0,PPH,150GM,,1675922993412-unilever nepal ltd-nepal-wheel active#3.png,RECODING,5,3,49512,77.623825,122,UNILEVER NEPAL LTD-NEPAL,WHEEL,WHEEL ACTIVE,WHEEL ACTIVE-2IN1 CLEAN FRESH PPH 175 GM,PLPCH,175.000 GM,,,175.0,GM,0.0
25,2023-02-12,202302,1,126893914,32201010025,1675922993412,99764844,122,UNILEVER NEPAL LTD-NEPAL,WHEEL ACTIVE,WHEEL ACTIVE 2IN1/CLEAN & FRESH/PPH/150GM/UNILEVER NEPAL LTD-NEPAL,20.0,PPH,150GM,,1675922993412-unilever nepal ltd-nepal-wheel active#3.png,RECODING,5,4,99764844,77.68129,122,UNILEVER NEPAL LTD-NEPAL,WHEEL,WHEEL ACTIVE,WHEEL ACTIVE-2IN1 CLEAN & FRESH PPH 150 GM,PLPCH,150.000 GM,,,150.0,GM,20.0
25,2023-02-12,202302,1,126893914,32201010025,1675922993412,99764844,122,UNILEVER NEPAL LTD-NEPAL,WHEEL ACTIVE,WHEEL ACTIVE 2IN1/CLEAN & FRESH/PPH/150GM/UNILEVER NEPAL LTD-NEPAL,20.0,PPH,150GM,,1675922993412-unilever nepal ltd-nepal-wheel active#3.png,RECODING,5,5,49530,78.09122,122,UNILEVER NEPAL LTD-NEPAL,WHEEL,WHEEL ACTIVE,WHEEL ACTIVE-2IN1 CLEAN FRESH PPH 500 GM,PLPCH,500.000 GM,,,500.0,GM,0.0
25,2023-02-12,202302,1,126893914,32201010025,1675922993412,99764844,122,UNILEVER NEPAL LTD-NEPAL,WHEEL ACTIVE,WHEEL ACTIVE 2IN1/CLEAN & FRESH/PPH/150GM/UNILEVER NEPAL LTD-NEPAL,20.0,PPH,150GM,,1675922993412-unilever nepal ltd-nepal-wheel active#3.png,RECODING,5,6,50746,78.58284,122,UNILEVER NEPAL LTD-NEPAL,WHEEL,WHEEL ACTIVE,WHEEL ACTIVE-2IN1 CLEAN FRESH PPH 165 GM,PLPCH,165.000 GM,,,165.0,GM,0.0
25,2023-02-12,202302,1,126893914,32201010025,1675922993412,99764844,122,UNILEVER NEPAL LTD-NEPAL,WHEEL ACTIVE,WHEEL ACTIVE 2IN1/CLEAN & FRESH/PPH/150GM/UNILEVER NEPAL LTD-NEPAL,20.0,PPH,150GM,,1675922993412-unilever nepal ltd-nepal-wheel active#3.png,RECODING,5,7,54776,78.967705,122,UNILEVER NEPAL LTD-NEPAL,WHEEL,WHEEL ACTIVE,WHEEL ACTIVE-2IN1 CLEAN FRESH PPH 1000 GM,PLPCH,1000.000 GM,,,1000.0,GM,0.0
25,2023-02-12,202302,1,126893914,32201010025,1675922993412,99764844,122,UNILEVER NEPAL LTD-NEPAL,WHEEL ACTIVE,WHEEL ACTIVE 2IN1/CLEAN & FRESH/PPH/150GM/UNILEVER NEPAL LTD-NEPAL,20.0,PPH,150GM,,1675922993412-unilever nepal ltd-nepal-wheel active#3.png,RECODING,5,8,99762424,79.12003,122,UNILEVER NEPAL LTD-NEPAL,WHEEL,WHEEL ACTIVE,WHEEL ACTIVE-2IN1 CLEAN FRESH PPH 200 GM,PLPCH,200.000 GM,,,200.0,GM,20.0
25,2023-02-12,202302,1,126893914,32201010025,1675922993412,99764844,122,UNILEVER NEPAL LTD-NEPAL,WHEEL ACTIVE,WHEEL ACTIVE 2IN1/CLEAN & FRESH/PPH/150GM/UNILEVER NEPAL LTD-NEPAL,20.0,PPH,150GM,,1675922993412-unilever nepal ltd-nepal-wheel active#3.png,RECODING,5,9,99762769,79.265884,122,UNILEVER NEPAL LTD-NEPAL,WHEEL,WHEEL ACTIVE,WHEEL ACTIVE-2IN1 CLEAN & FRESH PPH 850 GM,PLPCH,850.000 GM,,,850.0,GM,75.0
25,2023-02-12,202302,1,126893914,32201010025,1675922993412,99764844,122,UNILEVER NEPAL LTD-NEPAL,WHEEL ACTIVE,WHEEL ACTIVE 2IN1/CLEAN & FRESH/PPH/150GM/UNILEVER NEPAL LTD-NEPAL,20.0,PPH,150GM,,1675922993412-unilever nepal ltd-nepal-wheel active#3.png,RECODING,5,10,53599,79.52619,122,UNILEVER NEPAL LTD-NEPAL,WHEEL,WHEEL ACTIVE,WHEEL ACTIVE-2IN1 CLEAN FRESH PPH 160 GM,PLPCH,160.000 GM,,,160.0,GM,0.0
26,2023-02-13,202302,1,129371691,12201010002,1676104490785,99764863,130,RAYMOND CONSUMER CARE-INDIA,KAMASUTRA INTENSITY,KAMASUTRA INTENSITY PLEASURE SERIES,80.0,CBP,3NOS,,1676104490785-raymond consumer care-india-kamasutra intensity#3.png,RECODING,5,1,99763388,130.29848,130,RAYMOND CONSUMER CARE-INDIA,KAMASUTRA,KAMASUTRA ORGASMAX,KAMASUTRA ORGASMAX-4 IN 1 CBP 3 NOS,CDBOX,3.000 NO,,,3.0,NO,80.0
26,2023-02-13,202302,1,129371691,12201010002,1676104490785,99764863,130,RAYMOND CONSUMER CARE-INDIA,KAMASUTRA INTENSITY,KAMASUTRA INTENSITY PLEASURE SERIES,80.0,CBP,3NOS,,1676104490785-raymond consumer care-india-kamasutra intensity#3.png,RECODING,5,2,99764620,131.02658,130,RAYMOND CONSUMER CARE-INDIA,KAMASUTRA,KAMASUTRA ORGASMAX ULTIMATE,KAMASUTRA ORGASMAX ULTIMATE-5 IN 1 CBP 3 NOS,CDBOX,3.000 NO,,,3.0,NO,160.0
26,2023-02-13,202302,1,129371691,12201010002,1676104490785,99764863,130,RAYMOND CONSUMER CARE-INDIA,KAMASUTRA INTENSITY,KAMASUTRA INTENSITY PLEASURE SERIES,80.0,CBP,3NOS,,1676104490785-raymond consumer care-india-kamasutra intensity#3.png,RECODING,5,3,99764863,133.59799,130,RAYMOND CONSUMER CARE-INDIA,KAMASUTRA,KAMASUTRA INTENSITY,KAMASUTRA INTENSITY-PREMIUM CONDOM CBP 3 NOS,CDBOX,3.000 NO,,,3.0,NO,80.0
26,2023-02-13,202302,1,129371691,12201010002,1676104490785,99764863,130,RAYMOND CONSUMER CARE-INDIA,KAMASUTRA INTENSITY,KAMASUTRA INTENSITY PLEASURE SERIES,80.0,CBP,3NOS,,1676104490785-raymond consumer care-india-kamasutra intensity#3.png,RECODING,5,4,99764622,136.97491,130,RAYMOND CONSUMER CARE-INDIA,KAMASUTRA,KAMASUTRA,KAMASUTRA-LONG LAST CBP 3 NOS,CDBOX,3.000 NO,,,3.0,NO,80.0
26,2023-02-13,202302,1,129371691,12201010002,1676104490785,99764863,130,RAYMOND CONSUMER CARE-INDIA,KAMASUTRA INTENSITY,KAMASUTRA INTENSITY PLEASURE SERIES,80.0,CBP,3NOS,,1676104490785-raymond consumer care-india-kamasutra intensity#3.png,RECODING,5,5,99764319,138.06668,130,RAYMOND CONSUMER CARE-INDIA,KAMASUTRA,KAMASUTRA DOTTED,KAMASUTRA DOTTED-BUTTERSCOTCH CBP 3 NOS,CDBOX,3.000 NO,,,3.0,NO,80.0
26,2023-02-13,202302,1,129371691,12201010002,1676104490785,99764863,130,RAYMOND CONSUMER CARE-INDIA,KAMASUTRA INTENSITY,KAMASUTRA INTENSITY PLEASURE SERIES,80.0,CBP,3NOS,,1676104490785-raymond consumer care-india-kamasutra intensity#3.png,RECODING,5,6,99764320,142.57407,130,RAYMOND CONSUMER CARE-INDIA,KAMASUTRA,KAMASUTRA DOTTED,KAMASUTRA DOTTED-VANILLA CBP 10 NOS,CDBOX,10.000 NO,,,10.0,NO,200.0
26,2023-02-13,202302,1,129371691,12201010002,1676104490785,99764863,130,RAYMOND CONSUMER CARE-INDIA,KAMASUTRA INTENSITY,KAMASUTRA INTENSITY PLEASURE SERIES,80.0,CBP,3NOS,,1676104490785-raymond consumer care-india-kamasutra intensity#3.png,RECODING,5,7,99764621,144.48038,130,RAYMOND CONSUMER CARE-INDIA,KAMASUTRA,KAMASUTRA,KAMASUTRA-SUPER THIN CBP 3 NOS,CDBOX,3.000 NO,,,3.0,NO,80.0
26,2023-02-13,202302,1,129371691,12201010002,1676104490785,99764863,130,RAYMOND CONSUMER CARE-INDIA,KAMASUTRA INTENSITY,KAMASUTRA INTENSITY PLEASURE SERIES,80.0,CBP,3NOS,,1676104490785-raymond consumer care-india-kamasutra intensity#3.png,RECODING,5,8,90560593,146.8812,130,J.K. ANSELL LTD. - INDIA,KAMASUTRA,KAMASUTRA INTENSITY,KAMASUTRA INTENSITY-CBP 3 NOS,CDBOX,3.000 NO,,,3.0,NO,0.0
26,2023-02-13,202302,1,129371691,12201010002,1676104490785,99764863,130,RAYMOND CONSUMER CARE-INDIA,KAMASUTRA INTENSITY,KAMASUTRA INTENSITY PLEASURE SERIES,80.0,CBP,3NOS,,1676104490785-raymond consumer care-india-kamasutra intensity#3.png,RECODING,5,9,99764165,150.91946,130,RAYMOND CONSUMER CARE-INDIA,KAMASUTRA,KAMASUTRA DOTTED,KAMASUTRA DOTTED-PINEAPPLE CBP 3 NOS,CDBOX,3.000 NO,,,3.0,NO,80.0
26,2023-02-13,202302,1,129371691,12201010002,1676104490785,99764863,130,RAYMOND CONSUMER CARE-INDIA,KAMASUTRA INTENSITY,KAMASUTRA INTENSITY PLEASURE SERIES,80.0,CBP,3NOS,,1676104490785-raymond consumer care-india-kamasutra intensity#3.png,RECODING,5,10,99764166,151.54102,130,RAYMOND CONSUMER CARE-INDIA,KAMASUTRA,KAMASUTRA DOTTED,KAMASUTRA DOTTED-MANGO CBP 3 NOS,CDBOX,3.000 NO,,,3.0,NO,80.0
27,2023-02-13,202302,1,117727946,32203010018,1676196309739,99764862,123,MAHAKALI OLIYO CHEM - NEPAL,UDAYA,UDAYA PPH 200 GM,40.0,PPH ,200 GM ,No Purchases,1676196309739-mahakali oliyo chem - nepal-udaya#3.png,RECODING,5,1,99764862,122.98753,123,MAHAKALI OLIYO CHEM - NEPAL,UDAY,UDAY,UDAY-EXTRA WHITENER PPH 200 GM,PLPCH,200.000 GM,,,200.0,GM,40.0
27,2023-02-13,202302,1,117727946,32203010018,1676196309739,99764862,123,MAHAKALI OLIYO CHEM - NEPAL,UDAYA,UDAYA PPH 200 GM,40.0,PPH ,200 GM ,No Purchases,1676196309739-mahakali oliyo chem - nepal-udaya#3.png,RECODING,5,2,99763817,125.24063,123,MAHAKALI OLIYO CHEM - NEPAL,GAGAN,GAGAN,GAGAN-EXTRA WHITENER PPH 3*144 GM [430GM] 3 PCS PACK,PLPCH,144.000 GM,,,430.0,GM,100.0
27,2023-02-13,202302,1,117727946,32203010018,1676196309739,99764862,123,MAHAKALI OLIYO CHEM - NEPAL,UDAYA,UDAYA PPH 200 GM,40.0,PPH ,200 GM ,No Purchases,1676196309739-mahakali oliyo chem - nepal-udaya#3.png,RECODING,5,3,54983,127.2499,123,MAHAKALI OLIYO CHEM - NEPAL,GAGAN,GAGAN,GAGAN-PPH 195 GM,PLPCH,195.000 GM,,,195.0,GM,0.0
27,2023-02-13,202302,1,117727946,32203010018,1676196309739,99764862,123,MAHAKALI OLIYO CHEM - NEPAL,UDAYA,UDAYA PPH 200 GM,40.0,PPH ,200 GM ,No Purchases,1676196309739-mahakali oliyo chem - nepal-udaya#3.png,RECODING,5,4,53903,130.89474,123,MAHAKALI OLIYO CHEM - NEPAL,GAGAN,GAGAN,GAGAN-PPH 200 GMS,PLPCH,200.000 GM,,,200.0,GM,0.0
27,2023-02-13,202302,1,117727946,32203010018,1676196309739,99764862,123,MAHAKALI OLIYO CHEM - NEPAL,UDAYA,UDAYA PPH 200 GM,40.0,PPH ,200 GM ,No Purchases,1676196309739-mahakali oliyo chem - nepal-udaya#3.png,RECODING,5,5,92923585,133.1311,123,MAHAKALI OLIYO CHEM - NEPAL,PARO,PARO,PARO-UNWRP 150 GMS,UNWRP,150.000 GM,,,150.0,GM,0.0
27,2023-02-13,202302,1,117727946,32203010018,1676196309739,99764862,123,MAHAKALI OLIYO CHEM - NEPAL,UDAYA,UDAYA PPH 200 GM,40.0,PPH ,200 GM ,No Purchases,1676196309739-mahakali oliyo chem - nepal-udaya#3.png,RECODING,5,6,99763973,136.60175,123,MAHAKALI OLIYO CHEM - NEPAL,GAGAN,GAGAN,GAGAN-EXTRA WHITENER PPH 250 GM,PLPCH,250.000 GM,,,250.0,GM,50.0
27,2023-02-13,202302,1,117727946,32203010018,1676196309739,99764862,123,MAHAKALI OLIYO CHEM - NEPAL,UDAYA,UDAYA PPH 200 GM,40.0,PPH ,200 GM ,No Purchases,1676196309739-mahakali oliyo chem - nepal-udaya#3.png,RECODING,5,7,99763073,138.22157,123,SIDDHI BINAYAK CHEMICALS-NEPAL,RUKH CHHAP,RUKH CHHAP DALLO SABUN,RUKH CHHAP DALLO SABUN-PPH 3*250 GM [750 GM],PLPCH,250.000 GM,,,750.0,GM,100.0
27,2023-02-13,202302,1,117727946,32203010018,1676196309739,99764862,123,MAHAKALI OLIYO CHEM - NEPAL,UDAYA,UDAYA PPH 200 GM,40.0,PPH ,200 GM ,No Purchases,1676196309739-mahakali oliyo chem - nepal-udaya#3.png,RECODING,5,8,92925419,140.18738,123,MAHAKALI OLIYO CHEM - NEPAL,GAGAN,GAGAN,GAGAN-UNWRP 300 GMS,UNWRP,300.000 GM,,,300.0,GM,0.0
27,2023-02-13,202302,1,117727946,32203010018,1676196309739,99764862,123,MAHAKALI OLIYO CHEM - NEPAL,UDAYA,UDAYA PPH 200 GM,40.0,PPH ,200 GM ,No Purchases,1676196309739-mahakali oliyo chem - nepal-udaya#3.png,RECODING,5,9,92920842,140.21008,123,MAHAKALI OLIYO CHEM - NEPAL,GAGAN,GAGAN,GAGAN-UNWRP 120 GMS,UNWRP,120.000 GM,,,120.0,GM,0.0
27,2023-02-13,202302,1,117727946,32203010018,1676196309739,99764862,123,MAHAKALI OLIYO CHEM - NEPAL,UDAYA,UDAYA PPH 200 GM,40.0,PPH ,200 GM ,No Purchases,1676196309739-mahakali oliyo chem - nepal-udaya#3.png,RECODING,5,10,92920843,140.52765,123,MAHAKALI OLIYO CHEM - NEPAL,GAGAN,GAGAN,GAGAN-UNWRP 210 GMS,UNWRP,210.000 GM,,,210.0,GM,0.0
28,2023-02-13,202302,1,111334559,12101010028,1676169409053,99764854,106,PARLE BISCUITS PVT LTD-INDIA,PARLE GRAND LONDONDERRY,PARLE GRAND LONDONDERRY LACTO BONBON PPH-198GM.,125.0,PPH,198GM.,,1676169409053-parle biscuits pvt ltd-india-parle grand londonderry#3.png,RECODING,5,1,99764566,90.814125,106,PARLE BISCUITS PVT LTD-INDIA,PARLE,PARLE LONDONDERRY,PARLE LONDONDERRY-LACTO BONBON PPH 277 GM,PLPCH,277.000 GM,MILK,,277.0,GM,98.0
28,2023-02-13,202302,1,111334559,12101010028,1676169409053,99764854,106,PARLE BISCUITS PVT LTD-INDIA,PARLE GRAND LONDONDERRY,PARLE GRAND LONDONDERRY LACTO BONBON PPH-198GM.,125.0,PPH,198GM.,,1676169409053-parle biscuits pvt ltd-india-parle grand londonderry#3.png,RECODING,5,2,99764579,109.42771,106,PARLE BISCUITS PVT LTD-INDIA,PARLE,PARLE GRAND LONDONDERRY,PARLE GRAND LONDONDERRY-PCN 637.56 GM,PLJAR,637.560 GM,MILK,,637.56,GM,240.0
28,2023-02-13,202302,1,111334559,12101010028,1676169409053,99764854,106,PARLE BISCUITS PVT LTD-INDIA,PARLE GRAND LONDONDERRY,PARLE GRAND LONDONDERRY LACTO BONBON PPH-198GM.,125.0,PPH,198GM.,,1676169409053-parle biscuits pvt ltd-india-parle grand londonderry#3.png,RECODING,5,3,99764854,120.310745,106,PARLE BISCUITS PVT LTD-INDIA,PARLE,PARLE GRAND LONDONDERRY,PARLE GRAND LONDONDERRY-PPH 198 GM,PLPCH,198.000 GM,MILK,,198.0,GM,125.0
28,2023-02-13,202302,1,111334559,12101010028,1676169409053,99764854,106,PARLE BISCUITS PVT LTD-INDIA,PARLE GRAND LONDONDERRY,PARLE GRAND LONDONDERRY LACTO BONBON PPH-198GM.,125.0,PPH,198GM.,,1676169409053-parle biscuits pvt ltd-india-parle grand londonderry#3.png,RECODING,5,4,91827678,123.01297,106,PARLE BISCUITS PVT LTD-INDIA,PARLE,PARLE LONDONDERRY,PARLE LONDONDERRY- PPH 2.770 GM,PLPCH,2.770 GM,MILK,,2.77,GM,0.0
28,2023-02-13,202302,1,111334559,12101010028,1676169409053,99764854,106,PARLE BISCUITS PVT LTD-INDIA,PARLE GRAND LONDONDERRY,PARLE GRAND LONDONDERRY LACTO BONBON PPH-198GM.,125.0,PPH,198GM.,,1676169409053-parle biscuits pvt ltd-india-parle grand londonderry#3.png,RECODING,5,5,91826086,126.25813,106,PARLE BISCUITS PVT LTD-INDIA,PARLE,PARLE LONDONDERRY,PARLE LONDONDERRY- PPH 2.96 GM,PLPCH,2.960 GM,MILK,,2.96,GM,0.0
28,2023-02-13,202302,1,111334559,12101010028,1676169409053,99764854,106,PARLE BISCUITS PVT LTD-INDIA,PARLE GRAND LONDONDERRY,PARLE GRAND LONDONDERRY LACTO BONBON PPH-198GM.,125.0,PPH,198GM.,,1676169409053-parle biscuits pvt ltd-india-parle grand londonderry#3.png,RECODING,5,6,91827681,143.6983,106,PARLE BISCUITS PVT LTD-INDIA,PARLE,PARLE MAZELO,PARLE MAZELO- LITCHI PPH 2.770 GM,PLPCH,2.770 GM,LYCHEE,,2.77,GM,0.0
28,2023-02-13,202302,1,111334559,12101010028,1676169409053,99764854,106,PARLE BISCUITS PVT LTD-INDIA,PARLE GRAND LONDONDERRY,PARLE GRAND LONDONDERRY LACTO BONBON PPH-198GM.,125.0,PPH,198GM.,,1676169409053-parle biscuits pvt ltd-india-parle grand londonderry#3.png,RECODING,5,7,91826092,144.12881,106,PARLE BISCUITS PVT LTD-INDIA,PARLE,PARLE MAZELO,PARLE MAZELO- LITCHI PPH 3.46 GM,PLPCH,3.460 GM,LYCHEE,,3.46,GM,0.0
28,2023-02-13,202302,1,111334559,12101010028,1676169409053,99764854,106,PARLE BISCUITS PVT LTD-INDIA,PARLE GRAND LONDONDERRY,PARLE GRAND LONDONDERRY LACTO BONBON PPH-198GM.,125.0,PPH,198GM.,,1676169409053-parle biscuits pvt ltd-india-parle grand londonderry#3.png,RECODING,5,8,91827680,148.1949,106,PARLE BISCUITS PVT LTD-INDIA,PARLE,PARLE MAZELO,PARLE MAZELO- GUAVA PPH 2.770 GM,PLPCH,2.770 GM,GUAVA,,2.77,GM,0.0
28,2023-02-13,202302,1,111334559,12101010028,1676169409053,99764854,106,PARLE BISCUITS PVT LTD-INDIA,PARLE GRAND LONDONDERRY,PARLE GRAND LONDONDERRY LACTO BONBON PPH-198GM.,125.0,PPH,198GM.,,1676169409053-parle biscuits pvt ltd-india-parle grand londonderry#3.png,RECODING,5,9,53979,148.61938,106,PARLE BISCUITS PVT LTD-INDIA,PARLE,PARLE MAZELO POPPINS,PARLE MAZELO POPPINS- FRUIT PPH 14.4 GM,PLPCH,14.400 GM,FRUIT,,14.4,GM,0.0
28,2023-02-13,202302,1,111334559,12101010028,1676169409053,99764854,106,PARLE BISCUITS PVT LTD-INDIA,PARLE GRAND LONDONDERRY,PARLE GRAND LONDONDERRY LACTO BONBON PPH-198GM.,125.0,PPH,198GM.,,1676169409053-parle biscuits pvt ltd-india-parle grand londonderry#3.png,RECODING,5,10,91826245,148.6378,106,PARLE BISCUITS PVT LTD-INDIA,PARLE,PARLE 2 IN 1 ECLAIRS,PARLE 2 IN 1 ECLAIRS- CARAMEL PPH 2.77GM,PLPCH,2.770 GM,CARAMEL,,2.77,GM,0.0
29,2023-02-13,202302,1,111334559,12101010028,1676167652963,99764855,106,SUJAL FOODS PVT LTD-NEPAL,SUJAL ECLAIRS,SUJAL ECLAIRS- MILK CHOCOLATE PPH 320GM.,130.0,PPH,320GM.,,1676167652963-sujal foods pvt ltd-nepal-sujal eclairs#3.png,RECODING,5,1,99764855,71.765564,106,SUJAL FOODS PVT LTD-NEPAL,SUJAL,SUJAL ECLAIRS,SUJAL ECLAIRS- MILK CHOCOLATE PPH 320 GM,PLPCH,320.000 GM,MILK CHOCOLATE,,320.0,GM,130.0
29,2023-02-13,202302,1,111334559,12101010028,1676167652963,99764855,106,SUJAL FOODS PVT LTD-NEPAL,SUJAL ECLAIRS,SUJAL ECLAIRS- MILK CHOCOLATE PPH 320GM.,130.0,PPH,320GM.,,1676167652963-sujal foods pvt ltd-nepal-sujal eclairs#3.png,RECODING,5,2,91826189,75.19078,106,SUJAL FOODS PVT LTD-NEPAL,SUJAL,SUJAL ECLAIRS,SUJAL ECLAIRS- MILK CHOCOLATE PPH 3 GM,PLPCH,3.000 GM,MILK CHOCOLATE,,3.0,GM,0.0
29,2023-02-13,202302,1,111334559,12101010028,1676167652963,99764855,106,SUJAL FOODS PVT LTD-NEPAL,SUJAL ECLAIRS,SUJAL ECLAIRS- MILK CHOCOLATE PPH 320GM.,130.0,PPH,320GM.,,1676167652963-sujal foods pvt ltd-nepal-sujal eclairs#3.png,RECODING,5,3,99764570,76.379135,106,SUJAL FOODS PVT LTD-NEPAL,SUJAL,SUJAL ECLAIRS,SUJAL ECLAIRS- MILK CHOCOLATE PPH 275 GM,PLPCH,275.000 GM,MILK CHOCOLATE,,275.0,GM,85.0
29,2023-02-13,202302,1,111334559,12101010028,1676167652963,99764855,106,SUJAL FOODS PVT LTD-NEPAL,SUJAL ECLAIRS,SUJAL ECLAIRS- MILK CHOCOLATE PPH 320GM.,130.0,PPH,320GM.,,1676167652963-sujal foods pvt ltd-nepal-sujal eclairs#3.png,RECODING,5,4,99764701,77.71912,106,SUJAL FOODS PVT LTD-NEPAL,SUJAL,SUJAL ECLAIRS,SUJAL ECLAIRS- MILK CHOCOLATE PPH 290 GM,PLPCH,290.000 GM,MILK CHOCOLATE,,290.0,GM,80.0
29,2023-02-13,202302,1,111334559,12101010028,1676167652963,99764855,106,SUJAL FOODS PVT LTD-NEPAL,SUJAL ECLAIRS,SUJAL ECLAIRS- MILK CHOCOLATE PPH 320GM.,130.0,PPH,320GM.,,1676167652963-sujal foods pvt ltd-nepal-sujal eclairs#3.png,RECODING,5,5,99764826,78.6781,106,SUJAL FOODS PVT LTD-NEPAL,SUJAL,SUJAL ECLAIRS,SUJAL ECLAIRS- MILK CHOCOLATE PCN 1650 GM,PLJAR,1650.000 GM,MILK CHOCOLATE,,1650.0,GM,600.0
29,2023-02-13,202302,1,111334559,12101010028,1676167652963,99764855,106,SUJAL FOODS PVT LTD-NEPAL,SUJAL ECLAIRS,SUJAL ECLAIRS- MILK CHOCOLATE PPH 320GM.,130.0,PPH,320GM.,,1676167652963-sujal foods pvt ltd-nepal-sujal eclairs#3.png,RECODING,5,6,99764542,79.25835,106,SUJAL FOODS PVT LTD-NEPAL,SUJAL,SUJAL ECLAIRS,SUJAL ECLAIRS- MILK CHOCOLATE PCN 1740 GM,PLJAR,1740.000 GM,MILK CHOCOLATE,,1740.0,GM,500.0
29,2023-02-13,202302,1,111334559,12101010028,1676167652963,99764855,106,SUJAL FOODS PVT LTD-NEPAL,SUJAL ECLAIRS,SUJAL ECLAIRS- MILK CHOCOLATE PPH 320GM.,130.0,PPH,320GM.,,1676167652963-sujal foods pvt ltd-nepal-sujal eclairs#3.png,RECODING,5,7,99764540,80.29935,106,SUJAL FOODS PVT LTD-NEPAL,SUJAL,SUJAL ECLAIRS,SUJAL ECLAIRS- MILK CHOCOLATE PCN 550 GM,PLJAR,550.000 GM,MILK CHOCOLATE,,550.0,GM,170.0
29,2023-02-13,202302,1,111334559,12101010028,1676167652963,99764855,106,SUJAL FOODS PVT LTD-NEPAL,SUJAL ECLAIRS,SUJAL ECLAIRS- MILK CHOCOLATE PPH 320GM.,130.0,PPH,320GM.,,1676167652963-sujal foods pvt ltd-nepal-sujal eclairs#3.png,RECODING,5,8,99764541,81.06014,106,SUJAL FOODS PVT LTD-NEPAL,SUJAL,SUJAL ECLAIRS,SUJAL ECLAIRS- MILK CHOCOLATE PCN 580 GM,PLJAR,580.000 GM,MILK CHOCOLATE,,580.0,GM,200.0
29,2023-02-13,202302,1,111334559,12101010028,1676167652963,99764855,106,SUJAL FOODS PVT LTD-NEPAL,SUJAL ECLAIRS,SUJAL ECLAIRS- MILK CHOCOLATE PPH 320GM.,130.0,PPH,320GM.,,1676167652963-sujal foods pvt ltd-nepal-sujal eclairs#3.png,RECODING,5,9,99764671,81.30107,106,SUJAL FOODS PVT LTD-NEPAL,SUJAL,SUJAL ECLAIRS,SUJAL ECLAIRS- MILK CHOCOLATE PCN 720 GM,PLJAR,720.000 GM,MILK CHOCOLATE,,720.0,GM,350.0
29,2023-02-13,202302,1,111334559,12101010028,1676167652963,99764855,106,SUJAL FOODS PVT LTD-NEPAL,SUJAL ECLAIRS,SUJAL ECLAIRS- MILK CHOCOLATE PPH 320GM.,130.0,PPH,320GM.,,1676167652963-sujal foods pvt ltd-nepal-sujal eclairs#3.png,RECODING,5,10,99763802,89.14852,106,SUJAL FOODS PVT LTD-NEPAL,SUJAL,SUJAL ECLAIRS,SUJAL ECLAIRS- MILK CHOCOLATE EWP 4 GM,EWRPK,4.000 GM,MILK CHOCOLATE,,4.0,GM,2.0
30,2023-02-13,202302,2,124865093,52202020009,1676192847299,99764865,134,SURYODAYA DAIRY UDHYOG-NEPAL,GOPI,GOPI/BADAM MILK DRINK/180ML/CAN,90.0,CAN,180ML ,,1676192847299-suryodaya dairy udhyog-nepal-gopi#3.png,RECODING,5,1,99764865,83.41963,118,SURYODAYA DAIRY UDHYOG-NEPAL,GOPI,GOPI BADAM MILK DRINK,BADAM MILK DRINK CAN 180 ML,CAN,180.000 ML,ALMOND,,180.0,ML,90.0
30,2023-02-13,202302,2,124865093,52202020009,1676192847299,99764865,134,SURYODAYA DAIRY UDHYOG-NEPAL,GOPI,GOPI/BADAM MILK DRINK/180ML/CAN,90.0,CAN,180ML ,,1676192847299-suryodaya dairy udhyog-nepal-gopi#3.png,RECODING,5,2,99763925,105.95624,118,SURYODAYA DAIRY UDHYOG-NEPAL,GOKUL,GOKUL BADAM DRINK,BADAM & SAFFRON DRINK CAN 180 ML,CAN,180.000 ML,ALMOND,,180.0,ML,90.0
30,2023-02-13,202302,2,124865093,52202020009,1676192847299,99764865,134,SURYODAYA DAIRY UDHYOG-NEPAL,GOPI,GOPI/BADAM MILK DRINK/180ML/CAN,90.0,CAN,180ML ,,1676192847299-suryodaya dairy udhyog-nepal-gopi#3.png,RECODING,5,3,99764327,115.00082,118,SURYODAYA DAIRY UDHYOG-NEPAL,ANUKUL,ANUKUL BADAM DRINK,BADAM DRINK CAN 180 ML,CAN,180.000 ML,ALMOND,,180.0,ML,90.0
30,2023-02-13,202302,2,124865093,52202020009,1676192847299,99764865,134,SURYODAYA DAIRY UDHYOG-NEPAL,GOPI,GOPI/BADAM MILK DRINK/180ML/CAN,90.0,CAN,180ML ,,1676192847299-suryodaya dairy udhyog-nepal-gopi#3.png,RECODING,5,4,99765059,117.14104,118,SURYODAYA DAIRY UDHYOG-NEPAL,HYGEN,HYGEN MANIA BADAM DRINK,BADAM DRINK CAN 180 ML,CAN,180.000 ML,ALMOND,,180.0,ML,90.0
30,2023-02-13,202302,2,124865093,52202020009,1676192847299,99764865,134,SURYODAYA DAIRY UDHYOG-NEPAL,GOPI,GOPI/BADAM MILK DRINK/180ML/CAN,90.0,CAN,180ML ,,1676192847299-suryodaya dairy udhyog-nepal-gopi#3.png,RECODING,5,5,99763756,124.023926,118,MARUTI DAIRY PRODUCT-NEPAL,GOPALA,GOPALA BADAM DRINK,BADAM DRINK CAN 180 ML,CAN,180.000 ML,ALMOND,,180.0,ML,90.0
30,2023-02-13,202302,2,124865093,52202020009,1676192847299,99764865,134,SURYODAYA DAIRY UDHYOG-NEPAL,GOPI,GOPI/BADAM MILK DRINK/180ML/CAN,90.0,CAN,180ML ,,1676192847299-suryodaya dairy udhyog-nepal-gopi#3.png,RECODING,5,6,99765323,125.101105,118,SURYODAYA DAIRY UDHYOG-NEPAL,SURYODAYA,SURYODAYA BADAM DRINK,ALMOND & SAFFRON DRINK CAN 180 ML,CAN,180.000 ML,ALMOND,,180.0,ML,99.0
30,2023-02-13,202302,2,124865093,52202020009,1676192847299,99764865,134,SURYODAYA DAIRY UDHYOG-NEPAL,GOPI,GOPI/BADAM MILK DRINK/180ML/CAN,90.0,CAN,180ML ,,1676192847299-suryodaya dairy udhyog-nepal-gopi#3.png,RECODING,5,7,99764112,131.03809,118,SURYODAYA DAIRY UDHYOG-NEPAL,SURYODAYA,SURYODAYA COOL,ALMOND & SAFFRON DRINK CAN 180 ML,CAN,180.000 ML,ALMOND,,180.0,ML,90.0
30,2023-02-13,202302,2,124865093,52202020009,1676192847299,99764865,134,SURYODAYA DAIRY UDHYOG-NEPAL,GOPI,GOPI/BADAM MILK DRINK/180ML/CAN,90.0,CAN,180ML ,,1676192847299-suryodaya dairy udhyog-nepal-gopi#3.png,RECODING,5,8,99763477,134.99911,118,MARUTI DAIRY PRODUCT-NEPAL,GOVIND,GOVIND BADAM DRINK,BADAM DRINK CAN 180 ML,CAN,180.000 ML,ALMOND,,180.0,ML,90.0
30,2023-02-13,202302,2,124865093,52202020009,1676192847299,99764865,134,SURYODAYA DAIRY UDHYOG-NEPAL,GOPI,GOPI/BADAM MILK DRINK/180ML/CAN,90.0,CAN,180ML ,,1676192847299-suryodaya dairy udhyog-nepal-gopi#3.png,RECODING,5,9,99765012,139.20605,118,MARUTI DAIRY PRODUCT-NEPAL,MILK-O,MILK-O BADAM'S COOL DRINK,BADAM & SAFFRON DRINK CAN 180 ML,CAN,180.000 ML,ALMOND,,180.0,ML,90.0
30,2023-02-13,202302,2,124865093,52202020009,1676192847299,99764865,134,SURYODAYA DAIRY UDHYOG-NEPAL,GOPI,GOPI/BADAM MILK DRINK/180ML/CAN,90.0,CAN,180ML ,,1676192847299-suryodaya dairy udhyog-nepal-gopi#3.png,RECODING,5,10,99765004,144.67068,118,MARUTI DAIRY PRODUCT-NEPAL,MOO,MOO BADAM DRINK,BADAM & SAFFRON DRINK CAN 180 ML,CAN,180.000 ML,ALMOND,,180.0,ML,90.0
31,2023-02-13,202302,1,124916559,52202010001,1676183042654,99764857,120,HIMALAYA DRUG - INDIA,HIMALAYA SINCE 1930,HIMALAYA SINCE 1930/GENTLE BABY SOAP/75GM/CBP,88.0,CBP,75GM ,,1676183042654-himalaya drug - india-himalaya since 1930#3.png,RECODING,5,1,49003,97.71509,120,HIMALAYA DRUG - INDIA,HIMALAYA,HIMALAYA HERBALS BABY SOAP,HIMALAYA HERBALS BABY SOAP-REFRESHNG BABY CBP 75 GM,CDBOX,75.000 GM,,,75.0,GM,0.0
31,2023-02-13,202302,1,124916559,52202010001,1676183042654,99764857,120,HIMALAYA DRUG - INDIA,HIMALAYA SINCE 1930,HIMALAYA SINCE 1930/GENTLE BABY SOAP/75GM/CBP,88.0,CBP,75GM ,,1676183042654-himalaya drug - india-himalaya since 1930#3.png,RECODING,5,2,99764857,99.95466,120,HIMALAYA DRUG - INDIA,HIMALAYA,HIMALAYA GENTLE BABY SOAP,HIMALAYA GENTLE BABY SOAP-CBP 75 GM,CDBOX,75.000 GM,,,75.0,GM,88.0
31,2023-02-13,202302,1,124916559,52202010001,1676183042654,99764857,120,HIMALAYA DRUG - INDIA,HIMALAYA SINCE 1930,HIMALAYA SINCE 1930/GENTLE BABY SOAP/75GM/CBP,88.0,CBP,75GM ,,1676183042654-himalaya drug - india-himalaya since 1930#3.png,RECODING,5,3,49528,103.93082,120,HIMALAYA DRUG - INDIA,HIMALAYA,HIMALAYA HERBALS BABY SOAP,HIMALAYA HERBALS BABY SOAP-GENTLE BABY CBP 75 GM,CDBOX,75.000 GM,,,75.0,GM,0.0
31,2023-02-13,202302,1,124916559,52202010001,1676183042654,99764857,120,HIMALAYA DRUG - INDIA,HIMALAYA SINCE 1930,HIMALAYA SINCE 1930/GENTLE BABY SOAP/75GM/CBP,88.0,CBP,75GM ,,1676183042654-himalaya drug - india-himalaya since 1930#3.png,RECODING,5,4,92517767,105.84225,120,HIMALAYA DRUG - INDIA,HIMALAYA,HIMALAYA HERBALS BABY SOAP,HIMALAYA HERBALS BABY SOAP-CBP  75 GMS,CDBOX,75.000 GM,,,75.0,GM,0.0
31,2023-02-13,202302,1,124916559,52202010001,1676183042654,99764857,120,HIMALAYA DRUG - INDIA,HIMALAYA SINCE 1930,HIMALAYA SINCE 1930/GENTLE BABY SOAP/75GM/CBP,88.0,CBP,75GM ,,1676183042654-himalaya drug - india-himalaya since 1930#3.png,RECODING,5,5,45857,109.97298,120,HIMALAYA DRUG - INDIA,HIMALAYA,HIMALAYA HERBALS BABY SOAP,HIMALAYA HERBALS BABY SOAP-GENTLE BABY CBP 125 GM,CDBOX,125.000 GM,,,125.0,GM,0.0
31,2023-02-13,202302,1,124916559,52202010001,1676183042654,99764857,120,HIMALAYA DRUG - INDIA,HIMALAYA SINCE 1930,HIMALAYA SINCE 1930/GENTLE BABY SOAP/75GM/CBP,88.0,CBP,75GM ,,1676183042654-himalaya drug - india-himalaya since 1930#3.png,RECODING,5,6,50725,110.253555,120,HIMALAYA DRUG - INDIA,HIMALAYA,HIMALAYA HERBALS BABY SOAP,HIMALAYA HERBALS BABY SOAP-EXTRA MOISTRNG CBP 75 GM,CDBOX,75.000 GM,,,75.0,GM,0.0
31,2023-02-13,202302,1,124916559,52202010001,1676183042654,99764857,120,HIMALAYA DRUG - INDIA,HIMALAYA SINCE 1930,HIMALAYA SINCE 1930/GENTLE BABY SOAP/75GM/CBP,88.0,CBP,75GM ,,1676183042654-himalaya drug - india-himalaya since 1930#3.png,RECODING,5,7,49001,111.55276,120,HIMALAYA DRUG - INDIA,HIMALAYA,HIMALAYA HERBALS BABY SOAP,HIMALAYA HERBALS BABY SOAP-NOURISHNG BABY CBP 125 GM,CDBOX,125.000 GM,,,125.0,GM,0.0
31,2023-02-13,202302,1,124916559,52202010001,1676183042654,99764857,120,HIMALAYA DRUG - INDIA,HIMALAYA SINCE 1930,HIMALAYA SINCE 1930/GENTLE BABY SOAP/75GM/CBP,88.0,CBP,75GM ,,1676183042654-himalaya drug - india-himalaya since 1930#3.png,RECODING,5,8,51847,111.955795,120,HIMALAYA DRUG - INDIA,HIMALAYA,HIMALAYA,HIMALAYA-SINCE 1930 GENTLE BABY CBP 125 GM,CDBOX,125.000 GM,,,125.0,GM,0.0
31,2023-02-13,202302,1,124916559,52202010001,1676183042654,99764857,120,HIMALAYA DRUG - INDIA,HIMALAYA SINCE 1930,HIMALAYA SINCE 1930/GENTLE BABY SOAP/75GM/CBP,88.0,CBP,75GM ,,1676183042654-himalaya drug - india-himalaya since 1930#3.png,RECODING,5,9,53442,126.48353,120,HIMALAYA DRUG - INDIA,HIMALAYA,HIMALAYA,HIMALAYA-SINCE 1930 HONEY & CREAM CBP 75 GM,CDBOX,75.000 GM,,,75.0,GM,0.0
31,2023-02-13,202302,1,124916559,52202010001,1676183042654,99764857,120,HIMALAYA DRUG - INDIA,HIMALAYA SINCE 1930,HIMALAYA SINCE 1930/GENTLE BABY SOAP/75GM/CBP,88.0,CBP,75GM ,,1676183042654-himalaya drug - india-himalaya since 1930#3.png,RECODING,5,10,52527,132.53546,120,HIMALAYA DRUG - INDIA,HIMALAYA,HIMALAYA,HIMALAYA-SINCE 1930 CUCUMBER & COCONUT CBP 75 GM,CDBOX,75.000 GM,,,75.0,GM,0.0
32,2023-02-13,202302,1,123582683,21301010054,1676010242391,99764860,122,JYOTHY LABORATORIES LTD-INDIA,HENKO MATIC,HENKO MATIC \1000\GM,310.0,CBP,1000GM,New SKU,1676010242391-jyothy laboratories ltd-india-henko matic#3.png,RECODING,5,1,51390,108.10788,122,JYOTHY LABORATORIES LTD-INDIA,HENKO,HENKO MATIC,HENKO MATIC-CBP 1000 GM+FR 500 GM,CDBOX,1000.000 GM,,,1500.0,GM,0.0
32,2023-02-13,202302,1,123582683,21301010054,1676010242391,99764860,122,JYOTHY LABORATORIES LTD-INDIA,HENKO MATIC,HENKO MATIC \1000\GM,310.0,CBP,1000GM,New SKU,1676010242391-jyothy laboratories ltd-india-henko matic#3.png,RECODING,5,2,99764860,125.14223,122,JYOTHY LABORATORIES LTD-INDIA,HENKO,HENKO MATIC,HENKO MATIC-FRONT LOAD CBP 1000 GM+RS 56 OFF,CDBOX,1000.000 GM,,,1000.0,GM,496.0
32,2023-02-13,202302,1,123582683,21301010054,1676010242391,99764860,122,JYOTHY LABORATORIES LTD-INDIA,HENKO MATIC,HENKO MATIC \1000\GM,310.0,CBP,1000GM,New SKU,1676010242391-jyothy laboratories ltd-india-henko matic#3.png,RECODING,5,3,99764760,133.17624,122,JYOTHY LABORATORIES LTD-INDIA,HENKO,HENKO MATIC,HENKO MATIC-FRONT LOAD CBP 2000 GM+RS 120 OFF,CDBOX,2000.000 GM,,,2000.0,GM,940.0
32,2023-02-13,202302,1,123582683,21301010054,1676010242391,99764860,122,JYOTHY LABORATORIES LTD-INDIA,HENKO MATIC,HENKO MATIC \1000\GM,310.0,CBP,1000GM,New SKU,1676010242391-jyothy laboratories ltd-india-henko matic#3.png,RECODING,5,4,93016438,153.55164,122,HENKEL SPIC INDIA LTD - INDIA,HENKO,HENKO MATIC STAIN CHAMPION,HENKO MATIC STAIN CHAMPION-PPH 500  GMS,PLPCH,500.000 GM,,,500.0,GM,0.0
32,2023-02-13,202302,1,123582683,21301010054,1676010242391,99764860,122,JYOTHY LABORATORIES LTD-INDIA,HENKO MATIC,HENKO MATIC \1000\GM,310.0,CBP,1000GM,New SKU,1676010242391-jyothy laboratories ltd-india-henko matic#3.png,RECODING,5,5,47123,155.32562,123,JYOTHY LABORATORIES LTD-INDIA,HENKO,HENKO STAIN CHAMPION,HENKO STAIN CHAMPION-PPH 400 GMS,PLPCH,400.000 GM,,,400.0,GM,0.0
32,2023-02-13,202302,1,123582683,21301010054,1676010242391,99764860,122,JYOTHY LABORATORIES LTD-INDIA,HENKO MATIC,HENKO MATIC \1000\GM,310.0,CBP,1000GM,New SKU,1676010242391-jyothy laboratories ltd-india-henko matic#3.png,RECODING,5,6,93015351,161.12076,122,HENKEL SPIC INDIA LTD - INDIA,HENKO,HENKO COMPACT,HENKO COMPACT-PPH 1000 GMS,PLPCH,1000.000 GM,,,1000.0,GM,0.0
32,2023-02-13,202302,1,123582683,21301010054,1676010242391,99764860,122,JYOTHY LABORATORIES LTD-INDIA,HENKO MATIC,HENKO MATIC \1000\GM,310.0,CBP,1000GM,New SKU,1676010242391-jyothy laboratories ltd-india-henko matic#3.png,RECODING,5,7,93014348,163.85138,122,HENKEL SPIC INDIA LTD - INDIA,HENKO,HENKO MEGA STAR,HENKO MEGA STAR-PPH 20   GMS,PLPCH,20.000 GM,,,20.0,GM,0.0
32,2023-02-13,202302,1,123582683,21301010054,1676010242391,99764860,122,JYOTHY LABORATORIES LTD-INDIA,HENKO MATIC,HENKO MATIC \1000\GM,310.0,CBP,1000GM,New SKU,1676010242391-jyothy laboratories ltd-india-henko matic#3.png,RECODING,5,8,93015936,164.07214,122,HENKEL SPIC INDIA LTD - INDIA,MR. WHITE,MR. WHITE,MR. WHITE-PPH 1000 GMS,PLPCH,1000.000 GM,,,1000.0,GM,0.0
32,2023-02-13,202302,1,123582683,21301010054,1676010242391,99764860,122,JYOTHY LABORATORIES LTD-INDIA,HENKO MATIC,HENKO MATIC \1000\GM,310.0,CBP,1000GM,New SKU,1676010242391-jyothy laboratories ltd-india-henko matic#3.png,RECODING,5,9,93021891,164.52234,122,HENKEL SPIC INDIA LTD - INDIA,MR. WHITE,MR. WHITE,MR. WHITE-PPH 3000 GMS,PLPCH,3000.000 GM,,,3000.0,GM,0.0
32,2023-02-13,202302,1,123582683,21301010054,1676010242391,99764860,122,JYOTHY LABORATORIES LTD-INDIA,HENKO MATIC,HENKO MATIC \1000\GM,310.0,CBP,1000GM,New SKU,1676010242391-jyothy laboratories ltd-india-henko matic#3.png,RECODING,5,10,93019042,164.72983,122,HENKEL SPIC INDIA LTD - INDIA,MR. WHITE,MR. WHITE,MR. WHITE-PPH  450 GMS,PLPCH,450.000 GM,,,450.0,GM,0.0
33,2023-02-13,202302,1,123582683,21301010054,1676009006791,99764861,123,HIMGIRI SOAP & CHEMICALS-NEPAL,DHONI XTRAA LAUNDRY SOAP,DHONI XTRAA-LAUNDRY SOAP PPH 6* 250\GM,220.0,PPH,6* 250 GM,New SKU,1676009006791-himgiri soap - chemicals-nepal-dhoni xtraa laundry soap#3.png,RECODING,5,1,99762901,82.39968,123,HIMGIRI SOAP & CHEMICALS-NEPAL,DHONI,DHONI,DHONI-LAUNDRY SOAP PPH 3*167 GM [500GM],PLPCH,167.000 GM,,,500.0,GM,100.0
33,2023-02-13,202302,1,123582683,21301010054,1676009006791,99764861,123,HIMGIRI SOAP & CHEMICALS-NEPAL,DHONI XTRAA LAUNDRY SOAP,DHONI XTRAA-LAUNDRY SOAP PPH 6* 250\GM,220.0,PPH,6* 250 GM,New SKU,1676009006791-himgiri soap - chemicals-nepal-dhoni xtraa laundry soap#3.png,RECODING,5,2,54311,82.58331,123,HIMGIRI SOAP & CHEMICALS-NEPAL,DHONI,DHONI,DHONI-XTRAA LAUNDRY SOAP PPH 6*190 GM,PLPCH,190.000 GM,,,1140.0,GM,0.0
33,2023-02-13,202302,1,123582683,21301010054,1676009006791,99764861,123,HIMGIRI SOAP & CHEMICALS-NEPAL,DHONI XTRAA LAUNDRY SOAP,DHONI XTRAA-LAUNDRY SOAP PPH 6* 250\GM,220.0,PPH,6* 250 GM,New SKU,1676009006791-himgiri soap - chemicals-nepal-dhoni xtraa laundry soap#3.png,RECODING,5,3,52448,83.09532,123,HIMGIRI SOAP & CHEMICALS-NEPAL,DHONI,DHONI,DHONI-LAUNDRY SOAP PPH 3*220 GM,PLPCH,220.000 GM,,,660.0,GM,0.0
33,2023-02-13,202302,1,123582683,21301010054,1676009006791,99764861,123,HIMGIRI SOAP & CHEMICALS-NEPAL,DHONI XTRAA LAUNDRY SOAP,DHONI XTRAA-LAUNDRY SOAP PPH 6* 250\GM,220.0,PPH,6* 250 GM,New SKU,1676009006791-himgiri soap - chemicals-nepal-dhoni xtraa laundry soap#3.png,RECODING,5,4,50548,83.32982,123,HIMGIRI SOAP & CHEMICALS-NEPAL,DHONI,DHONI,DHONI-XTRAA LAUNDRY SOAP PPH 6*200 GM,PLPCH,200.000 GM,,,1200.0,GM,0.0
33,2023-02-13,202302,1,123582683,21301010054,1676009006791,99764861,123,HIMGIRI SOAP & CHEMICALS-NEPAL,DHONI XTRAA LAUNDRY SOAP,DHONI XTRAA-LAUNDRY SOAP PPH 6* 250\GM,220.0,PPH,6* 250 GM,New SKU,1676009006791-himgiri soap - chemicals-nepal-dhoni xtraa laundry soap#3.png,RECODING,5,5,49869,84.2414,123,HIMGIRI SOAP & CHEMICALS-NEPAL,DHONI,DHONI,DHONI-XTRAA LAUNDRY SOAP PPH 280 GM,PLPCH,280.000 GM,,,280.0,GM,0.0
33,2023-02-13,202302,1,123582683,21301010054,1676009006791,99764861,123,HIMGIRI SOAP & CHEMICALS-NEPAL,DHONI XTRAA LAUNDRY SOAP,DHONI XTRAA-LAUNDRY SOAP PPH 6* 250\GM,220.0,PPH,6* 250 GM,New SKU,1676009006791-himgiri soap - chemicals-nepal-dhoni xtraa laundry soap#3.png,RECODING,5,6,51127,84.53041,123,HIMGIRI SOAP & CHEMICALS-NEPAL,DHONI,DHONI,DHONI-XTRAA LAUNDRY SOAP PPH 105 GM,PLPCH,105.000 GM,,,105.0,GM,0.0
33,2023-02-13,202302,1,123582683,21301010054,1676009006791,99764861,123,HIMGIRI SOAP & CHEMICALS-NEPAL,DHONI XTRAA LAUNDRY SOAP,DHONI XTRAA-LAUNDRY SOAP PPH 6* 250\GM,220.0,PPH,6* 250 GM,New SKU,1676009006791-himgiri soap - chemicals-nepal-dhoni xtraa laundry soap#3.png,RECODING,5,7,54377,84.68324,123,HIMGIRI SOAP & CHEMICALS-NEPAL,DHONI,DHONI,DHONI-XTRAA LAUNDRY SOAP PPH 210 GM,PLPCH,210.000 GM,,,210.0,GM,0.0
33,2023-02-13,202302,1,123582683,21301010054,1676009006791,99764861,123,HIMGIRI SOAP & CHEMICALS-NEPAL,DHONI XTRAA LAUNDRY SOAP,DHONI XTRAA-LAUNDRY SOAP PPH 6* 250\GM,220.0,PPH,6* 250 GM,New SKU,1676009006791-himgiri soap - chemicals-nepal-dhoni xtraa laundry soap#3.png,RECODING,5,8,46260,85.44174,123,HIMGIRI SOAP & CHEMICALS-NEPAL,DHONI,DHONI,DHONI-XTRAA LAUNDRY SOAP PPH 200 GM,PLPCH,200.000 GM,,,200.0,GM,0.0
33,2023-02-13,202302,1,123582683,21301010054,1676009006791,99764861,123,HIMGIRI SOAP & CHEMICALS-NEPAL,DHONI XTRAA LAUNDRY SOAP,DHONI XTRAA-LAUNDRY SOAP PPH 6* 250\GM,220.0,PPH,6* 250 GM,New SKU,1676009006791-himgiri soap - chemicals-nepal-dhoni xtraa laundry soap#3.png,RECODING,5,9,99763524,86.640945,123,HIMGIRI SOAP & CHEMICALS-NEPAL,DHONI,DHONI,DHONI-LAUNDRY SOAP PPH 3*300 GM [900GM],PLPCH,300.000 GM,,,900.0,GM,175.0
33,2023-02-13,202302,1,123582683,21301010054,1676009006791,99764861,123,HIMGIRI SOAP & CHEMICALS-NEPAL,DHONI XTRAA LAUNDRY SOAP,DHONI XTRAA-LAUNDRY SOAP PPH 6* 250\GM,220.0,PPH,6* 250 GM,New SKU,1676009006791-himgiri soap - chemicals-nepal-dhoni xtraa laundry soap#3.png,RECODING,5,10,50150,90.61144,123,HIMGIRI SOAP & CHEMICALS-NEPAL,DHONI,DHONI,DHONI-LAUNDRY SOAP PPH 220 GM,PLPCH,220.000 GM,,,220.0,GM,0.0
34,2023-02-17,202302,1,121565189,31101010070,1676532517997,99764874,106,PERFECT FOODS PVT LTD-NEPAL,CANDY BEE,CANDY BEE HAJMOLA PCN 720GM,1.0,PCN,720GM,,1676532517997-perfect foods pvt ltd-nepal-candy bee#3.png,RECODING,5,1,99764874,95.30303,106,PERFECT FOODS PVT LTD-NEPAL,CANDY BEE,CANDY BEE HAJMOLA,CANDY BEE HAJMOLA-PCN 720 GM,PLJAR,720.000 GM,UNSPECIFIED,,720.0,GM,250.0
34,2023-02-17,202302,1,121565189,31101010070,1676532517997,99764874,106,PERFECT FOODS PVT LTD-NEPAL,CANDY BEE,CANDY BEE HAJMOLA PCN 720GM,1.0,PCN,720GM,,1676532517997-perfect foods pvt ltd-nepal-candy bee#3.png,RECODING,5,2,91826176,105.72586,106,PERFECT FOODS PVT LTD-NEPAL,CANDY BEE,CANDY BEE HAJMOLA,CANDY BEE HAJMOLA- PPH 2.5 GM,PLPCH,2.500 GM,UNSPECIFIED,,2.5,GM,0.0
34,2023-02-17,202302,1,121565189,31101010070,1676532517997,99764874,106,PERFECT FOODS PVT LTD-NEPAL,CANDY BEE,CANDY BEE HAJMOLA PCN 720GM,1.0,PCN,720GM,,1676532517997-perfect foods pvt ltd-nepal-candy bee#3.png,RECODING,5,3,99764718,111.31087,106,PERFECT FOODS PVT LTD-NEPAL,CANDY BEE,CANDY BEE ECLAIRS,CANDY BEE ECLAIRS- PCN 530 GM,PLJAR,530.000 GM,CHOCOLATE,,530.0,GM,160.0
34,2023-02-17,202302,1,121565189,31101010070,1676532517997,99764874,106,PERFECT FOODS PVT LTD-NEPAL,CANDY BEE,CANDY BEE HAJMOLA PCN 720GM,1.0,PCN,720GM,,1676532517997-perfect foods pvt ltd-nepal-candy bee#3.png,RECODING,5,4,49381,112.53975,106,PERFECT FOODS PVT LTD-NEPAL,CANDY BEE,CANDY BEE,CANDY BEE-CHATPAT PPH 2.5 GM,PLPCH,2.500 GM,UNSPECIFIED,,2.5,GM,0.0
34,2023-02-17,202302,1,121565189,31101010070,1676532517997,99764874,106,PERFECT FOODS PVT LTD-NEPAL,CANDY BEE,CANDY BEE HAJMOLA PCN 720GM,1.0,PCN,720GM,,1676532517997-perfect foods pvt ltd-nepal-candy bee#3.png,RECODING,5,5,49857,119.6714,106,PERFECT FOODS PVT LTD-NEPAL,CANDY BEE,CANDY BEE,CANDY BEE-ORANGE PPH 2.5 GM,PLPCH,2.500 GM,ORANGE,,2.5,GM,0.0
34,2023-02-17,202302,1,121565189,31101010070,1676532517997,99764874,106,PERFECT FOODS PVT LTD-NEPAL,CANDY BEE,CANDY BEE HAJMOLA PCN 720GM,1.0,PCN,720GM,,1676532517997-perfect foods pvt ltd-nepal-candy bee#3.png,RECODING,5,6,99764820,127.18647,106,PERFECT FOODS PVT LTD-NEPAL,CANDY BEE,CANDY BEE POPS,CANDY BEE POPS- WATER MELON PPH 8.5 GM,PLPCH,8.500 GM,WATER MELON,,8.5,GM,5.0
34,2023-02-17,202302,1,121565189,31101010070,1676532517997,99764874,106,PERFECT FOODS PVT LTD-NEPAL,CANDY BEE,CANDY BEE HAJMOLA PCN 720GM,1.0,PCN,720GM,,1676532517997-perfect foods pvt ltd-nepal-candy bee#3.png,RECODING,5,7,91826177,130.12357,106,PERFECT FOODS PVT LTD-NEPAL,CANDY BEE,CANDY BEE LACTO,CANDY BEE LACTO- PPH 2.5 GM,PLPCH,2.500 GM,UNSPECIFIED,,2.5,GM,0.0
34,2023-02-17,202302,1,121565189,31101010070,1676532517997,99764874,106,PERFECT FOODS PVT LTD-NEPAL,CANDY BEE,CANDY BEE HAJMOLA PCN 720GM,1.0,PCN,720GM,,1676532517997-perfect foods pvt ltd-nepal-candy bee#3.png,RECODING,5,8,46504,131.67139,106,PERFECT FOODS PVT LTD-NEPAL,CANDY BEE,CANDY BEE GOLD,CANDY BEE GOLD-STRAWBERY PPH 3 GM,PLPCH,3.000 GM,STRAWBERRY,,3.0,GM,0.0
34,2023-02-17,202302,1,121565189,31101010070,1676532517997,99764874,106,PERFECT FOODS PVT LTD-NEPAL,CANDY BEE,CANDY BEE HAJMOLA PCN 720GM,1.0,PCN,720GM,,1676532517997-perfect foods pvt ltd-nepal-candy bee#3.png,RECODING,5,9,99764012,132.39215,106,PERFECT FOODS PVT LTD-NEPAL,CANDY BEE,CANDY BEE POPS,CANDY BEE POPS- COCONUT PPH 8.5 GM,PLPCH,8.500 GM,COCONUT,,8.5,GM,5.0
34,2023-02-17,202302,1,121565189,31101010070,1676532517997,99764874,106,PERFECT FOODS PVT LTD-NEPAL,CANDY BEE,CANDY BEE HAJMOLA PCN 720GM,1.0,PCN,720GM,,1676532517997-perfect foods pvt ltd-nepal-candy bee#3.png,RECODING,5,10,91826962,132.79759,106,PERFECT FOODS PVT LTD-NEPAL,CANDY BEE,CANDY BEE,CANDY BEE- COFFEE PPH 2.5 GM,PLPCH,2.500 GM,COFFEE,,2.5,GM,0.0
35,2023-02-17,202302,1,126777247,52202010023,1676526680636,99764889,123,KWALITY CHEM PVT LTD-NEPAL,PUREX ,PUREX NEEM/200GM/PPH,50.0,PPH,200GM ,,1676526680636-kwality chem pvt ltd-nepal-purex #3.png,RECODING,5,1,99763834,125.68184,123,KWALITY CHEM PVT LTD-NEPAL,PUREX QUEEN,PUREX QUEEN,PUREX QUEEN-PPH 200 GM,PLPCH,200.000 GM,,,200.0,GM,40.0
35,2023-02-17,202302,1,126777247,52202010023,1676526680636,99764889,123,KWALITY CHEM PVT LTD-NEPAL,PUREX ,PUREX NEEM/200GM/PPH,50.0,PPH,200GM ,,1676526680636-kwality chem pvt ltd-nepal-purex #3.png,RECODING,5,2,53916,128.02878,123,KWALITY CHEM PVT LTD-NEPAL,KWALITY,KWALITY,KWALITY-DIAL HERBAL NEEM & LEMON PPH 95 GM,PLPCH,95.000 GM,,,95.0,GM,0.0
35,2023-02-17,202302,1,126777247,52202010023,1676526680636,99764889,123,KWALITY CHEM PVT LTD-NEPAL,PUREX ,PUREX NEEM/200GM/PPH,50.0,PPH,200GM ,,1676526680636-kwality chem pvt ltd-nepal-purex #3.png,RECODING,5,3,99764889,129.75955,123,KWALITY SOAPS & CHEM. - NEPAL,PUREX,PUREX NEEM,PUREX NEEM-PPH 200 GM,PLPCH,200.000 GM,,,200.0,GM,50.0
35,2023-02-17,202302,1,126777247,52202010023,1676526680636,99764889,123,KWALITY CHEM PVT LTD-NEPAL,PUREX ,PUREX NEEM/200GM/PPH,50.0,PPH,200GM ,,1676526680636-kwality chem pvt ltd-nepal-purex #3.png,RECODING,5,4,99763955,132.35583,123,KWALITY CHEM PVT LTD-NEPAL,PUREX,PUREX,PUREX-LAUNDRY SOAP PPH 200 GM,PLPCH,200.000 GM,,,200.0,GM,40.0
35,2023-02-17,202302,1,126777247,52202010023,1676526680636,99764889,123,KWALITY CHEM PVT LTD-NEPAL,PUREX ,PUREX NEEM/200GM/PPH,50.0,PPH,200GM ,,1676526680636-kwality chem pvt ltd-nepal-purex #3.png,RECODING,5,5,99764786,133.70927,123,KWALITY CHEM PVT LTD-NEPAL,PUREX,PUREX,PUREX-LAUNDRY SOAP PPH 250 GM,PLPCH,250.000 GM,,,250.0,GM,50.0
35,2023-02-17,202302,1,126777247,52202010023,1676526680636,99764889,123,KWALITY CHEM PVT LTD-NEPAL,PUREX ,PUREX NEEM/200GM/PPH,50.0,PPH,200GM ,,1676526680636-kwality chem pvt ltd-nepal-purex #3.png,RECODING,5,6,99763816,136.66394,123,KWALITY CHEM PVT LTD-NEPAL,DIAL,DIAL HERBAL,DIAL HERBAL-NEEM&LEMON MAGIC PCN 400 GM,PLJAR,400.000 GM,,,400.0,GM,60.0
35,2023-02-17,202302,1,126777247,52202010023,1676526680636,99764889,123,KWALITY CHEM PVT LTD-NEPAL,PUREX ,PUREX NEEM/200GM/PPH,50.0,PPH,200GM ,,1676526680636-kwality chem pvt ltd-nepal-purex #3.png,RECODING,5,7,99764239,141.12288,123,KWALITY CHEM PVT LTD-NEPAL,DIAL,DIAL HERBAL,DIAL HERBAL-NEEM&LEMON MAGIC PPH 75 GM,PLPCH,75.000 GM,,,75.0,GM,10.0
35,2023-02-17,202302,1,126777247,52202010023,1676526680636,99764889,123,KWALITY CHEM PVT LTD-NEPAL,PUREX ,PUREX NEEM/200GM/PPH,50.0,PPH,200GM ,,1676526680636-kwality chem pvt ltd-nepal-purex #3.png,RECODING,5,8,99763526,141.21388,123,KWALITY CHEM PVT LTD-NEPAL,123,123 POWER,123 POWER-PPH 3*184 GM [550GM],PLPCH,184.000 GM,,,550.0,GM,105.0
35,2023-02-17,202302,1,126777247,52202010023,1676526680636,99764889,123,KWALITY CHEM PVT LTD-NEPAL,PUREX ,PUREX NEEM/200GM/PPH,50.0,PPH,200GM ,,1676526680636-kwality chem pvt ltd-nepal-purex #3.png,RECODING,5,9,99762966,142.0791,123,KWALITY CHEM PVT LTD-NEPAL,123,123 POWER,123 POWER-PPH 3*167 GM [500GM],PLPCH,167.000 GM,,,500.0,GM,100.0
35,2023-02-17,202302,1,126777247,52202010023,1676526680636,99764889,123,KWALITY CHEM PVT LTD-NEPAL,PUREX ,PUREX NEEM/200GM/PPH,50.0,PPH,200GM ,,1676526680636-kwality chem pvt ltd-nepal-purex #3.png,RECODING,5,10,52659,142.10095,123,KWALITY SOAPS & CHEM. - NEPAL,PUREX,PUREX,PUREX-PPH 185 GM,PLPCH,185.000 GM,,,185.0,GM,0.0
36,2023-02-17,202302,1,111846710,21102010053,1676528744751,99764870,106,LOTTE INDIA-INDIA,LOTTE LOLLIES,LOTTE LOLLIES/BLUE BERRY+STRAWBERRY FLAVOUR,480.0,PCN,700 GM(10GMÃ—70),,1676528744751-lotte india-india-lotte lollies#3.png,RECODING,5,1,99764870,97.899445,106,LOTTE INDIA-INDIA,LOTTE,LOTTE LOLLIES,LOTTE LOLLIES-STRAWBERRY&BLUEBERRY PCN 600 GM+100 GM,PLJAR,600.000 GM,ASSORTED,,700.0,GM,480.0
36,2023-02-17,202302,1,111846710,21102010053,1676528744751,99764870,106,LOTTE INDIA-INDIA,LOTTE LOLLIES,LOTTE LOLLIES/BLUE BERRY+STRAWBERRY FLAVOUR,480.0,PCN,700 GM(10GMÃ—70),,1676528744751-lotte india-india-lotte lollies#3.png,RECODING,5,2,99764440,107.65964,106,LOTTE INDIA-INDIA,LOTTE,LOTTE LOLLIES,LOTTE LOLLIES-STRAWBERRY PCN 600 GM+100 GM,PLJAR,600.000 GM,STRAWBERRY,,700.0,GM,480.0
36,2023-02-17,202302,1,111846710,21102010053,1676528744751,99764870,106,LOTTE INDIA-INDIA,LOTTE LOLLIES,LOTTE LOLLIES/BLUE BERRY+STRAWBERRY FLAVOUR,480.0,PCN,700 GM(10GMÃ—70),,1676528744751-lotte india-india-lotte lollies#3.png,RECODING,5,3,99763333,126.23483,106,LOTTE INDIA-INDIA,LOTTE,LOTTE LOLLIES,LOTTE LOLLIES-STRAWBERRY EWP 10 GM,EWRPK,10.000 GM,STRAWBERRY,,10.0,GM,10.0
36,2023-02-17,202302,1,111846710,21102010053,1676528744751,99764870,106,LOTTE INDIA-INDIA,LOTTE LOLLIES,LOTTE LOLLIES/BLUE BERRY+STRAWBERRY FLAVOUR,480.0,PCN,700 GM(10GMÃ—70),,1676528744751-lotte india-india-lotte lollies#3.png,RECODING,5,4,53643,130.43051,106,LOTTE INDIA-INDIA,LOTTE,LOTTE FRUITZ,LOTTE FRUITZ-LOLLIPOP BLUEBERRY EWP 10 GM,EWRPK,10.000 GM,BLUEBERRY,,10.0,GM,0.0
36,2023-02-17,202302,1,111846710,21102010053,1676528744751,99764870,106,LOTTE INDIA-INDIA,LOTTE LOLLIES,LOTTE LOLLIES/BLUE BERRY+STRAWBERRY FLAVOUR,480.0,PCN,700 GM(10GMÃ—70),,1676528744751-lotte india-india-lotte lollies#3.png,RECODING,5,5,53644,144.83063,106,LOTTE INDIA-INDIA,LOTTE,LOTTE FRUITZ,LOTTE FRUITZ-LOLLIPOP STRAWBERRY EWP 10 GM,EWRPK,10.000 GM,STRAWBERRY,,10.0,GM,0.0
36,2023-02-17,202302,1,111846710,21102010053,1676528744751,99764870,106,LOTTE INDIA-INDIA,LOTTE LOLLIES,LOTTE LOLLIES/BLUE BERRY+STRAWBERRY FLAVOUR,480.0,PCN,700 GM(10GMÃ—70),,1676528744751-lotte india-india-lotte lollies#3.png,RECODING,5,6,91826216,155.11896,106,LOTTE INDIA-INDIA,LOTTE,LOTTE FRUITZ,LOTTE FRUITZ- STRAWBERRY PPH 2.8 GM,PLPCH,2.800 GM,STRAWBERRY,,2.8,GM,0.0
36,2023-02-17,202302,1,111846710,21102010053,1676528744751,99764870,106,LOTTE INDIA-INDIA,LOTTE LOLLIES,LOTTE LOLLIES/BLUE BERRY+STRAWBERRY FLAVOUR,480.0,PCN,700 GM(10GMÃ—70),,1676528744751-lotte india-india-lotte lollies#3.png,RECODING,5,7,99763265,162.99243,106,LOTTE INDIA-INDIA,LOTTE,LOTTE JUICIES,LOTTE JUICIES-STRAWBERRY PPH 4.5 GM,PLPCH,4.500 GM,STRAWBERRY,,4.5,GM,2.0
36,2023-02-17,202302,1,111846710,21102010053,1676528744751,99764870,106,LOTTE INDIA-INDIA,LOTTE LOLLIES,LOTTE LOLLIES/BLUE BERRY+STRAWBERRY FLAVOUR,480.0,PCN,700 GM(10GMÃ—70),,1676528744751-lotte india-india-lotte lollies#3.png,RECODING,5,8,99764497,165.09346,106,LOTTE INDIA-INDIA,LOTTE,LOTTE ECLAIRS,LOTTE ECLAIRS- CHOCO PCN 714 GM,PLJAR,714.000 GM,CHOCOLATE,,714.0,GM,500.0
36,2023-02-17,202302,1,111846710,21102010053,1676528744751,99764870,106,LOTTE INDIA-INDIA,LOTTE LOLLIES,LOTTE LOLLIES/BLUE BERRY+STRAWBERRY FLAVOUR,480.0,PCN,700 GM(10GMÃ—70),,1676528744751-lotte india-india-lotte lollies#3.png,RECODING,5,9,91826975,166.04251,106,LOTTE INDIA-INDIA,LOTTE,LOTTE ECLAIRS,LOTTE ECLAIRS- STRAWBERRY PPH 5.2 GM,PLPCH,5.200 GM,STRAWBERRY,,5.2,GM,0.0
36,2023-02-17,202302,1,111846710,21102010053,1676528744751,99764870,106,LOTTE INDIA-INDIA,LOTTE LOLLIES,LOTTE LOLLIES/BLUE BERRY+STRAWBERRY FLAVOUR,480.0,PCN,700 GM(10GMÃ—70),,1676528744751-lotte india-india-lotte lollies#3.png,RECODING,5,10,91826215,166.79855,106,LOTTE INDIA-INDIA,LOTTE,LOTTE BOOPROO,LOTTE BOOPROO- STRAWBERRY PPH 3.2 GM,PLPCH,3.200 GM,STRAWBERRY,,3.2,GM,0.0
37,2023-02-17,202302,1,115344289,21101010265,1676527403246,99764868,106,D-SWAG INDUSTRIES LTD-INDIA,BAKE MATE CAFE TOWN,BAKE MATE CAFE TOWN /,450.0,PCN ,704 GM / 220 PCS ,,1676527403246-d-swag industries ltd-india-bake mate cafe town#3.png,RECODING,5,1,99764868,97.49013,106,D-SWAG INDUSTRIES LTD-INDIA,BAKEMATE,BAKEMATE CAFÉ TOWN,BAKEMATE CAFÉ TOWN-COFFEE PCN 704 GM,PLJAR,704.000 GM,COFFEE,,704.0,GM,450.0
37,2023-02-17,202302,1,115344289,21101010265,1676527403246,99764868,106,D-SWAG INDUSTRIES LTD-INDIA,BAKE MATE CAFE TOWN,BAKE MATE CAFE TOWN /,450.0,PCN ,704 GM / 220 PCS ,,1676527403246-d-swag industries ltd-india-bake mate cafe town#3.png,RECODING,5,2,99764689,103.97482,106,D-SWAG INDUSTRIES LTD-INDIA,BAKEMATE,BAKEMATE CAFÉ TOWN,BAKEMATE CAFÉ TOWN-COFFEE PCN 700 GM,PLJAR,700.000 GM,COFFEE,,700.0,GM,450.0
37,2023-02-17,202302,1,115344289,21101010265,1676527403246,99764868,106,D-SWAG INDUSTRIES LTD-INDIA,BAKE MATE CAFE TOWN,BAKE MATE CAFE TOWN /,450.0,PCN ,704 GM / 220 PCS ,,1676527403246-d-swag industries ltd-india-bake mate cafe town#3.png,RECODING,5,3,99764598,150.62051,106,D-SWAG INDUSTRIES LTD-INDIA,BAKEMATE,BAKEMATE ECLAIRS,BAKEMATE ECLAIRS-CENTER FILLED PCN 665 GM,PLJAR,665.000 GM,CHOCOLATE,,665.0,GM,280.0
37,2023-02-17,202302,1,115344289,21101010265,1676527403246,99764868,106,D-SWAG INDUSTRIES LTD-INDIA,BAKE MATE CAFE TOWN,BAKE MATE CAFE TOWN /,450.0,PCN ,704 GM / 220 PCS ,,1676527403246-d-swag industries ltd-india-bake mate cafe town#3.png,RECODING,5,4,99764597,157.3985,106,D-SWAG INDUSTRIES LTD-INDIA,BAKEMATE,BAKEMATE POP N POP,BAKEMATE POP N POP-FLAVOURED LOLLIPOP PCN 800 GM,PLJAR,800.000 GM,ASSORTED,,800.0,GM,500.0
37,2023-02-17,202302,1,115344289,21101010265,1676527403246,99764868,106,D-SWAG INDUSTRIES LTD-INDIA,BAKE MATE CAFE TOWN,BAKE MATE CAFE TOWN /,450.0,PCN ,704 GM / 220 PCS ,,1676527403246-d-swag industries ltd-india-bake mate cafe town#3.png,RECODING,5,5,99764740,160.42929,106,D-SWAG INDUSTRIES LTD-INDIA,BAKEMATE,BAKEMATE PINA COLADA,BAKEMATE PINA COLADA-PINEAPPLE PCN 770 GM,PLJAR,770.000 GM,PINEAPPLE,,770.0,GM,440.0
37,2023-02-17,202302,1,115344289,21101010265,1676527403246,99764868,106,D-SWAG INDUSTRIES LTD-INDIA,BAKE MATE CAFE TOWN,BAKE MATE CAFE TOWN /,450.0,PCN ,704 GM / 220 PCS ,,1676527403246-d-swag industries ltd-india-bake mate cafe town#3.png,RECODING,5,6,99764631,164.7709,106,D-SWAG INDUSTRIES LTD-INDIA,BAKEMATE,BAKEMATE BOOM BOOM POP,BAKEMATE BOOM BOOM POP-MIX FRUIT PCN 700 GM,PLJAR,700.000 GM,MIXED FRUIT,,700.0,GM,500.0
37,2023-02-17,202302,1,115344289,21101010265,1676527403246,99764868,106,D-SWAG INDUSTRIES LTD-INDIA,BAKE MATE CAFE TOWN,BAKE MATE CAFE TOWN /,450.0,PCN ,704 GM / 220 PCS ,,1676527403246-d-swag industries ltd-india-bake mate cafe town#3.png,RECODING,5,7,91827164,206.845,106,DELIGHT FOOD INDUSTRIES- INDIA,CANDIWALA,CANDIWALA,CANDIWALA- COFFEE PPH 4 GM,PLPCH,4.000 GM,COFFEE,,4.0,GM,0.0
37,2023-02-17,202302,1,115344289,21101010265,1676527403246,99764868,106,D-SWAG INDUSTRIES LTD-INDIA,BAKE MATE CAFE TOWN,BAKE MATE CAFE TOWN /,450.0,PCN ,704 GM / 220 PCS ,,1676527403246-d-swag industries ltd-india-bake mate cafe town#3.png,RECODING,5,8,91826642,211.40405,106,KAYEMPEE FOODS PVT LTD - INDIA,AUSOME,AUSOME PIK POK,AUSOME PIK POK- RICH CAPPUCCINO CANDY PPH 4 GM,PLPCH,4.000 GM,COFFEE,,4.0,GM,0.0
37,2023-02-17,202302,1,115344289,21101010265,1676527403246,99764868,106,D-SWAG INDUSTRIES LTD-INDIA,BAKE MATE CAFE TOWN,BAKE MATE CAFE TOWN /,450.0,PCN ,704 GM / 220 PCS ,,1676527403246-d-swag industries ltd-india-bake mate cafe town#3.png,RECODING,5,9,54357,212.12607,106,ASHA CONFECTIONERY-INDIA,SR 25,SR 25,SR 25-CAFE FOOTBALL COFFEE PPH 4 GM,PLPCH,4.000 GM,COFFEE,,4.0,GM,0.0
37,2023-02-17,202302,1,115344289,21101010265,1676527403246,99764868,106,D-SWAG INDUSTRIES LTD-INDIA,BAKE MATE CAFE TOWN,BAKE MATE CAFE TOWN /,450.0,PCN ,704 GM / 220 PCS ,,1676527403246-d-swag industries ltd-india-bake mate cafe town#3.png,RECODING,5,10,46596,217.50902,106,ASHA CONFECTIONERY-INDIA,SR 25,SR 25,SR 25-CAFETYNE GOLD PPH 5 GM,PLPCH,5.000 GM,UNSPECIFIED,,5.0,GM,0.0
38,2023-02-17,202302,1,111743848,12101010016,1676169409053,99764854,106,PARLE BISCUITS PVT LTD-INDIA,PARLE GRAND LONDONDERRY,PARLE GRAND LONDONDERRY LACTO BONBON PPH-198GM.,125.0,PPH,198GM.,,1676169409053-parle biscuits pvt ltd-india-parle grand londonderry#3.png,RECODING,5,1,99764566,92.546295,106,PARLE BISCUITS PVT LTD-INDIA,PARLE,PARLE LONDONDERRY,PARLE LONDONDERRY-LACTO BONBON PPH 277 GM,PLPCH,277.000 GM,MILK,,277.0,GM,98.0
38,2023-02-17,202302,1,111743848,12101010016,1676169409053,99764854,106,PARLE BISCUITS PVT LTD-INDIA,PARLE GRAND LONDONDERRY,PARLE GRAND LONDONDERRY LACTO BONBON PPH-198GM.,125.0,PPH,198GM.,,1676169409053-parle biscuits pvt ltd-india-parle grand londonderry#3.png,RECODING,5,2,99764579,110.51457,106,PARLE BISCUITS PVT LTD-INDIA,PARLE,PARLE GRAND LONDONDERRY,PARLE GRAND LONDONDERRY-PCN 637.56 GM,PLJAR,637.560 GM,MILK,,637.56,GM,240.0
38,2023-02-17,202302,1,111743848,12101010016,1676169409053,99764854,106,PARLE BISCUITS PVT LTD-INDIA,PARLE GRAND LONDONDERRY,PARLE GRAND LONDONDERRY LACTO BONBON PPH-198GM.,125.0,PPH,198GM.,,1676169409053-parle biscuits pvt ltd-india-parle grand londonderry#3.png,RECODING,5,3,99764854,122.38095,106,PARLE BISCUITS PVT LTD-INDIA,PARLE,PARLE GRAND LONDONDERRY,PARLE GRAND LONDONDERRY-PPH 198 GM,PLPCH,198.000 GM,MILK,,198.0,GM,125.0
38,2023-02-17,202302,1,111743848,12101010016,1676169409053,99764854,106,PARLE BISCUITS PVT LTD-INDIA,PARLE GRAND LONDONDERRY,PARLE GRAND LONDONDERRY LACTO BONBON PPH-198GM.,125.0,PPH,198GM.,,1676169409053-parle biscuits pvt ltd-india-parle grand londonderry#3.png,RECODING,5,4,91827678,124.31474,106,PARLE BISCUITS PVT LTD-INDIA,PARLE,PARLE LONDONDERRY,PARLE LONDONDERRY- PPH 2.770 GM,PLPCH,2.770 GM,MILK,,2.77,GM,0.0
38,2023-02-17,202302,1,111743848,12101010016,1676169409053,99764854,106,PARLE BISCUITS PVT LTD-INDIA,PARLE GRAND LONDONDERRY,PARLE GRAND LONDONDERRY LACTO BONBON PPH-198GM.,125.0,PPH,198GM.,,1676169409053-parle biscuits pvt ltd-india-parle grand londonderry#3.png,RECODING,5,5,91826086,127.89229,106,PARLE BISCUITS PVT LTD-INDIA,PARLE,PARLE LONDONDERRY,PARLE LONDONDERRY- PPH 2.96 GM,PLPCH,2.960 GM,MILK,,2.96,GM,0.0
38,2023-02-17,202302,1,111743848,12101010016,1676169409053,99764854,106,PARLE BISCUITS PVT LTD-INDIA,PARLE GRAND LONDONDERRY,PARLE GRAND LONDONDERRY LACTO BONBON PPH-198GM.,125.0,PPH,198GM.,,1676169409053-parle biscuits pvt ltd-india-parle grand londonderry#3.png,RECODING,5,6,91827681,143.62102,106,PARLE BISCUITS PVT LTD-INDIA,PARLE,PARLE MAZELO,PARLE MAZELO- LITCHI PPH 2.770 GM,PLPCH,2.770 GM,LYCHEE,,2.77,GM,0.0
38,2023-02-17,202302,1,111743848,12101010016,1676169409053,99764854,106,PARLE BISCUITS PVT LTD-INDIA,PARLE GRAND LONDONDERRY,PARLE GRAND LONDONDERRY LACTO BONBON PPH-198GM.,125.0,PPH,198GM.,,1676169409053-parle biscuits pvt ltd-india-parle grand londonderry#3.png,RECODING,5,7,91826092,144.08315,106,PARLE BISCUITS PVT LTD-INDIA,PARLE,PARLE MAZELO,PARLE MAZELO- LITCHI PPH 3.46 GM,PLPCH,3.460 GM,LYCHEE,,3.46,GM,0.0
38,2023-02-17,202302,1,111743848,12101010016,1676169409053,99764854,106,PARLE BISCUITS PVT LTD-INDIA,PARLE GRAND LONDONDERRY,PARLE GRAND LONDONDERRY LACTO BONBON PPH-198GM.,125.0,PPH,198GM.,,1676169409053-parle biscuits pvt ltd-india-parle grand londonderry#3.png,RECODING,5,8,91827680,149.21161,106,PARLE BISCUITS PVT LTD-INDIA,PARLE,PARLE MAZELO,PARLE MAZELO- GUAVA PPH 2.770 GM,PLPCH,2.770 GM,GUAVA,,2.77,GM,0.0
38,2023-02-17,202302,1,111743848,12101010016,1676169409053,99764854,106,PARLE BISCUITS PVT LTD-INDIA,PARLE GRAND LONDONDERRY,PARLE GRAND LONDONDERRY LACTO BONBON PPH-198GM.,125.0,PPH,198GM.,,1676169409053-parle biscuits pvt ltd-india-parle grand londonderry#3.png,RECODING,5,9,53979,150.09848,106,PARLE BISCUITS PVT LTD-INDIA,PARLE,PARLE MAZELO POPPINS,PARLE MAZELO POPPINS- FRUIT PPH 14.4 GM,PLPCH,14.400 GM,FRUIT,,14.4,GM,0.0
38,2023-02-17,202302,1,111743848,12101010016,1676169409053,99764854,106,PARLE BISCUITS PVT LTD-INDIA,PARLE GRAND LONDONDERRY,PARLE GRAND LONDONDERRY LACTO BONBON PPH-198GM.,125.0,PPH,198GM.,,1676169409053-parle biscuits pvt ltd-india-parle grand londonderry#3.png,RECODING,5,10,91826245,150.12231,106,PARLE BISCUITS PVT LTD-INDIA,PARLE,PARLE 2 IN 1 ECLAIRS,PARLE 2 IN 1 ECLAIRS- CARAMEL PPH 2.77GM,PLPCH,2.770 GM,CARAMEL,,2.77,GM,0.0
39,2023-02-17,202302,1,124329527,21301010043,1676440606994,99764923,106,PERFETTI VAN MELLE-INDIA,CENTER FRUIT STRABERRY,CENTER FRUIT STRABERRY\555\GM,462.0,PCN,555GM,New SKU,1676440606994-perfetti van melle-india-center fruit straberry#3.png,RECODING,5,1,99764489,129.90994,106,PERFETTI VAN MELLE-INDIA,CENTER FRUIT,CENTER FRUIT,CENTER FRUIT- STRAWBERRY PCN 450 GM,PLJAR,450.000 GM,STRAWBERRY,,450.0,GM,240.0
39,2023-02-17,202302,1,124329527,21301010043,1676440606994,99764923,106,PERFETTI VAN MELLE-INDIA,CENTER FRUIT STRABERRY,CENTER FRUIT STRABERRY\555\GM,462.0,PCN,555GM,New SKU,1676440606994-perfetti van melle-india-center fruit straberry#3.png,RECODING,5,2,99764488,130.51678,106,PERFETTI VAN MELLE-INDIA,CENTER FRUIT,CENTER FRUIT,CENTER FRUIT- STRAWBERRY PCN 585 GM,PLJAR,585.000 GM,STRAWBERRY,,585.0,GM,312.0
39,2023-02-17,202302,1,124329527,21301010043,1676440606994,99764923,106,PERFETTI VAN MELLE-INDIA,CENTER FRUIT STRABERRY,CENTER FRUIT STRABERRY\555\GM,462.0,PCN,555GM,New SKU,1676440606994-perfetti van melle-india-center fruit straberry#3.png,RECODING,5,3,99764517,131.00955,106,PERFETTI VAN MELLE-INDIA,CENTER FRUIT,CENTER FRUIT,CENTER FRUIT- FRUITS PCN 555 GM,PLJAR,555.000 GM,FRUIT,,555.0,GM,462.5
39,2023-02-17,202302,1,124329527,21301010043,1676440606994,99764923,106,PERFETTI VAN MELLE-INDIA,CENTER FRUIT STRABERRY,CENTER FRUIT STRABERRY\555\GM,462.0,PCN,555GM,New SKU,1676440606994-perfetti van melle-india-center fruit straberry#3.png,RECODING,5,4,99764691,131.56425,106,PERFETTI VAN MELLE-INDIA,CENTER FRUIT,CENTER FRUIT,CENTER FRUIT- FRUITS PCN 585 GM,PLJAR,585.000 GM,FRUIT,,585.0,GM,312.0
39,2023-02-17,202302,1,124329527,21301010043,1676440606994,99764923,106,PERFETTI VAN MELLE-INDIA,CENTER FRUIT STRABERRY,CENTER FRUIT STRABERRY\555\GM,462.0,PCN,555GM,New SKU,1676440606994-perfetti van melle-india-center fruit straberry#3.png,RECODING,5,5,99764529,132.69638,106,PERFETTI VAN MELLE-INDIA,CENTER FRUIT,CENTER FRUIT,CENTER FRUIT- FRUITS PCN 450 GM,PLJAR,450.000 GM,FRUIT,,450.0,GM,240.0
39,2023-02-17,202302,1,124329527,21301010043,1676440606994,99764923,106,PERFETTI VAN MELLE-INDIA,CENTER FRUIT STRABERRY,CENTER FRUIT STRABERRY\555\GM,462.0,PCN,555GM,New SKU,1676440606994-perfetti van melle-india-center fruit straberry#3.png,RECODING,5,6,99764568,134.3602,106,PERFETTI VAN MELLE-INDIA,CENTER FRUIT,CENTER FRUIT,CENTER FRUIT- STRAWBERRY PCN 420 GM,PLJAR,420.000 GM,STRAWBERRY,,420.0,GM,350.0
39,2023-02-17,202302,1,124329527,21301010043,1676440606994,99764923,106,PERFETTI VAN MELLE-INDIA,CENTER FRUIT STRABERRY,CENTER FRUIT STRABERRY\555\GM,462.0,PCN,555GM,New SKU,1676440606994-perfetti van melle-india-center fruit straberry#3.png,RECODING,5,7,99764604,135.59227,106,PERFETTI VAN MELLE-INDIA,CENTER FRUIT,CENTER FRUIT,CENTER FRUIT- STRAWBERRY PCN 600 GM,PLJAR,600.000 GM,STRAWBERRY,,600.0,GM,320.0
39,2023-02-17,202302,1,124329527,21301010043,1676440606994,99764923,106,PERFETTI VAN MELLE-INDIA,CENTER FRUIT STRABERRY,CENTER FRUIT STRABERRY\555\GM,462.0,PCN,555GM,New SKU,1676440606994-perfetti van melle-india-center fruit straberry#3.png,RECODING,5,8,99764644,135.64935,106,PERFETTI VAN MELLE-INDIA,CENTER FRUIT,CENTER FRUIT,CENTER FRUIT- FRUITS PCN 420 GM,PLJAR,420.000 GM,FRUIT,,420.0,GM,350.0
39,2023-02-17,202302,1,124329527,21301010043,1676440606994,99764923,106,PERFETTI VAN MELLE-INDIA,CENTER FRUIT STRABERRY,CENTER FRUIT STRABERRY\555\GM,462.0,PCN,555GM,New SKU,1676440606994-perfetti van melle-india-center fruit straberry#3.png,RECODING,5,9,99764923,138.04984,106,PERFETTI VAN MELLE-INDIA,CENTER FRUIT,CENTER FRUIT,CENTER FRUIT- STRAWBERRY PCN 555 GM+30 GM FREE,PLJAR,555.000 GM,STRAWBERRY,,585.0,GM,462.5
39,2023-02-17,202302,1,124329527,21301010043,1676440606994,99764923,106,PERFETTI VAN MELLE-INDIA,CENTER FRUIT STRABERRY,CENTER FRUIT STRABERRY\555\GM,462.0,PCN,555GM,New SKU,1676440606994-perfetti van melle-india-center fruit straberry#3.png,RECODING,5,10,47608,138.2489,106,PERFETTI VAN MELLE-INDIA,CENTER FRUIT,CENTER FRUIT,CENTER FRUIT-STRAWBERRY PPH 3 GM+FR JUMBO STCKR,PLPCH,3.000 GM,STRAWBERRY,,3.0,GM,0.0
40,2023-02-17,202302,1,124329527,21301010043,1676438822114,99764880,110,HABIB HENNA,KALA-KOLA HENNA,KALA-KOLA RED HENA\100GM,60.0,PPH,100GM,,1676438822114-habib henna-kala-kola henna#3.png,RECODING,5,1,99764880,134.64496,110,HABIB HENNAS-INDIA,KALA-KOLA,KALA-KOLA RED HENNA,KALA-KOLA RED HENNA-PPH 100 GM,PLPCH,100.000 GM,,RED,100.0,GM,60.0
40,2023-02-17,202302,1,124329527,21301010043,1676438822114,99764880,110,HABIB HENNA,KALA-KOLA HENNA,KALA-KOLA RED HENA\100GM,60.0,PPH,100GM,,1676438822114-habib henna-kala-kola henna#3.png,RECODING,5,2,99763626,160.67378,110,HABIB KALA KOKILA-NEPAL,KALA-KOLA,KALA-KOLA HENNA,KALA-KOLA HENNA-PPH 60 GM,PLPCH,60.000 GM,,UNSPECIFIED,60.0,GM,35.0
40,2023-02-17,202302,1,124329527,21301010043,1676438822114,99764880,110,HABIB HENNA,KALA-KOLA HENNA,KALA-KOLA RED HENA\100GM,60.0,PPH,100GM,,1676438822114-habib henna-kala-kola henna#3.png,RECODING,5,3,91927455,169.28162,110,HABIB KALA KOKILA-NEPAL,NISHA,NISHA NATURAL HENNA,NISHA NATURAL HENNA-BURGUNDY-PPH 20 GM,PLPCH,20.000 GM,,BURGUNDY,20.0,GM,0.0
40,2023-02-17,202302,1,124329527,21301010043,1676438822114,99764880,110,HABIB HENNA,KALA-KOLA HENNA,KALA-KOLA RED HENA\100GM,60.0,PPH,100GM,,1676438822114-habib henna-kala-kola henna#3.png,RECODING,5,4,54781,203.16214,123,SHREE BALAJI GRAMODYOG-INDIA,NAHATA,NAHATA SKY,NAHATA SKY-LIME DISHWASH PCN 400 GM,PLJAR,400.000 GM,,,400.0,GM,0.0
40,2023-02-17,202302,1,124329527,21301010043,1676438822114,99764880,110,HABIB HENNA,KALA-KOLA HENNA,KALA-KOLA RED HENA\100GM,60.0,PPH,100GM,,1676438822114-habib henna-kala-kola henna#3.png,RECODING,5,5,50342,208.20644,110,INDO ARTS INTERNATIONAL-IND,HENNA WALA,HENNA WALA,HENNA WALA-NATURAL HENNA PPH 60 GM,PLPCH,60.000 GM,,UNSPECIFIED,60.0,GM,0.0
40,2023-02-17,202302,1,124329527,21301010043,1676438822114,99764880,110,HABIB HENNA,KALA-KOLA HENNA,KALA-KOLA RED HENA\100GM,60.0,PPH,100GM,,1676438822114-habib henna-kala-kola henna#3.png,RECODING,5,6,54782,208.26071,123,SHREE BALAJI GRAMODYOG-INDIA,NAHATA,NAHATA SKY,NAHATA SKY-LIME PCN 400 GM+FR SCUBBER,PLJAR,400.000 GM,,,400.0,GM,0.0
40,2023-02-17,202302,1,124329527,21301010043,1676438822114,99764880,110,HABIB HENNA,KALA-KOLA HENNA,KALA-KOLA RED HENA\100GM,60.0,PPH,100GM,,1676438822114-habib henna-kala-kola henna#3.png,RECODING,5,7,99763305,211.60092,110,PREM HENNA PVT LTD-INDIA,NISHA,NISHA,NISHA-CRM FLAME RED CLRNT 20G-PPH 40 GM,PLPCH,40.000 GM,,FLAME RED,40.0,GM,50.0
40,2023-02-17,202302,1,124329527,21301010043,1676438822114,99764880,110,HABIB HENNA,KALA-KOLA HENNA,KALA-KOLA RED HENA\100GM,60.0,PPH,100GM,,1676438822114-habib henna-kala-kola henna#3.png,RECODING,5,8,93019247,213.82274,122,ANAN DESHOUR GRAMO UDHYOG-IND,PAN PATTA,PAN PATTA,PAN PATTA-PPH 300 GMS,PLPCH,300.000 GM,,,300.0,GM,0.0
40,2023-02-17,202302,1,124329527,21301010043,1676438822114,99764880,110,HABIB HENNA,KALA-KOLA HENNA,KALA-KOLA RED HENA\100GM,60.0,PPH,100GM,,1676438822114-habib henna-kala-kola henna#3.png,RECODING,5,9,46502,215.89124,110,PREM HENNA PVT LTD-INDIA,KAVERI,KAVERI,KAVERI-NTRL BRWN HEENA PPH 15 GM,PLPCH,15.000 GM,,BROWN,15.0,GM,0.0
40,2023-02-17,202302,1,124329527,21301010043,1676438822114,99764880,110,HABIB HENNA,KALA-KOLA HENNA,KALA-KOLA RED HENA\100GM,60.0,PPH,100GM,,1676438822114-habib henna-kala-kola henna#3.png,RECODING,5,10,54323,216.35469,110,PREM HENNA PVT LTD-INDIA,PREM,PREM DULHAN HENNA,PREM DULHAN HENNA-BURGUNDY RED PPH 15 GM,PLPCH,15.000 GM,,BURGUNDY,15.0,GM,0.0
41,2023-02-17,202302,1,127031725,22101010021,1676445566168,99764890,123,MAKALU SOAP-NEPAL,LAHAR,LAHAR\100GM\PPH\WASHING SOAP ,20.0,PPH,100GM,,1676445566168-makalu soap-nepal-lahar#3.png,RECODING,5,1,99764890,95.15294,123,MAKALU SOAP-NEPAL,LAHAR,LAHAR,LAHAR-LAUNDRY SOAP PPH 100 GM,PLPCH,100.000 GM,,,100.0,GM,20.0
41,2023-02-17,202302,1,127031725,22101010021,1676445566168,99764890,123,MAKALU SOAP-NEPAL,LAHAR,LAHAR\100GM\PPH\WASHING SOAP ,20.0,PPH,100GM,,1676445566168-makalu soap-nepal-lahar#3.png,RECODING,5,2,99763930,95.79585,123,MAKALU SOAP-NEPAL,LAHAR,LAHAR,LAHAR-LAUNDRY SOAP PPH 200 GM,PLPCH,200.000 GM,,,200.0,GM,40.0
41,2023-02-17,202302,1,127031725,22101010021,1676445566168,99764890,123,MAKALU SOAP-NEPAL,LAHAR,LAHAR\100GM\PPH\WASHING SOAP ,20.0,PPH,100GM,,1676445566168-makalu soap-nepal-lahar#3.png,RECODING,5,3,99763974,96.27185,123,MAKALU SOAP-NEPAL,LAHAR,LAHAR,LAHAR-LAUNDRY SOAP PPH 125 GM,PLPCH,125.000 GM,,,125.0,GM,25.0
41,2023-02-17,202302,1,127031725,22101010021,1676445566168,99764890,123,MAKALU SOAP-NEPAL,LAHAR,LAHAR\100GM\PPH\WASHING SOAP ,20.0,PPH,100GM,,1676445566168-makalu soap-nepal-lahar#3.png,RECODING,5,4,52980,109.12185,122,MAKALU SOAP-NEPAL,LAHAR,LAHAR,LAHAR-PPH 275 GM,PLPCH,275.000 GM,,,275.0,GM,0.0
41,2023-02-17,202302,1,127031725,22101010021,1676445566168,99764890,123,MAKALU SOAP-NEPAL,LAHAR,LAHAR\100GM\PPH\WASHING SOAP ,20.0,PPH,100GM,,1676445566168-makalu soap-nepal-lahar#3.png,RECODING,5,5,50247,110.223236,122,MAKALU SOAP-NEPAL,LAHAR,LAHAR,LAHAR-PPH 1000 GM,PLPCH,1000.000 GM,,,1000.0,GM,0.0
41,2023-02-17,202302,1,127031725,22101010021,1676445566168,99764890,123,MAKALU SOAP-NEPAL,LAHAR,LAHAR\100GM\PPH\WASHING SOAP ,20.0,PPH,100GM,,1676445566168-makalu soap-nepal-lahar#3.png,RECODING,5,6,99764004,122.50354,123,MAKALU SOAP-NEPAL,EKTA,EKTA,EKTA-LAUNDRY SOAP PPH 300 GM,PLPCH,300.000 GM,,,300.0,GM,55.0
41,2023-02-17,202302,1,127031725,22101010021,1676445566168,99764890,123,MAKALU SOAP-NEPAL,LAHAR,LAHAR\100GM\PPH\WASHING SOAP ,20.0,PPH,100GM,,1676445566168-makalu soap-nepal-lahar#3.png,RECODING,5,7,99764135,122.65542,123,MAKALU SOAP-NEPAL,EKTA,EKTA,EKTA-LAUNDRY SOAP PPH 150 GM,PLPCH,150.000 GM,,,150.0,GM,25.0
41,2023-02-17,202302,1,127031725,22101010021,1676445566168,99764890,123,MAKALU SOAP-NEPAL,LAHAR,LAHAR\100GM\PPH\WASHING SOAP ,20.0,PPH,100GM,,1676445566168-makalu soap-nepal-lahar#3.png,RECODING,5,8,99764024,124.08544,123,MAKALU SOAP-NEPAL,EKTA,EKTA,EKTA-LAUNDRY SOAP PPH 125 GM,PLPCH,125.000 GM,,,125.0,GM,20.0
41,2023-02-17,202302,1,127031725,22101010021,1676445566168,99764890,123,MAKALU SOAP-NEPAL,LAHAR,LAHAR\100GM\PPH\WASHING SOAP ,20.0,PPH,100GM,,1676445566168-makalu soap-nepal-lahar#3.png,RECODING,5,9,99764380,125.40256,123,MAKALU SOAP-NEPAL,EKTA,EKTA,EKTA-LAUNDRY SOAP PPH 250 GM,PLPCH,250.000 GM,,,250.0,GM,40.0
41,2023-02-17,202302,1,127031725,22101010021,1676445566168,99764890,123,MAKALU SOAP-NEPAL,LAHAR,LAHAR\100GM\PPH\WASHING SOAP ,20.0,PPH,100GM,,1676445566168-makalu soap-nepal-lahar#3.png,RECODING,5,10,99764403,126.11637,123,MAKALU SOAP-NEPAL,JHILKE,JHILKE,JHILKE-PREMIUM LAUNDRY SOAP PPH 250 GM,PLPCH,250.000 GM,,,250.0,GM,55.0
42,2023-02-17,202302,2,123451447,31101020071,1676441919976,99764883,134,TRIVENI FOOD & BEVERAGE-NP,CAN JUICE,POWER PUNCH ENERGY DRINKS,120.0,CAN,330 ML,,1676441919976-triveni food - beverage-np-can juice#3.png,RECODING,5,1,99764883,89.62146,118,TRIVENI FOOD & BEVERAGE-NP,POWER PUNCH,POWER PUNCH,CAN 330 ML,CAN,330.000 ML,,,330.0,ML,120.0
42,2023-02-17,202302,2,123451447,31101020071,1676441919976,99764883,134,TRIVENI FOOD & BEVERAGE-NP,CAN JUICE,POWER PUNCH ENERGY DRINKS,120.0,CAN,330 ML,,1676441919976-triveni food - beverage-np-can juice#3.png,RECODING,5,2,99764928,99.2326,118,TRIVENI FOOD & BEVERAGE-NP,POWER PUNCH,POWER PUNCH,ORIGINAL CAN 250 ML,CAN,250.000 ML,,,250.0,ML,100.0
42,2023-02-17,202302,2,123451447,31101020071,1676441919976,99764883,134,TRIVENI FOOD & BEVERAGE-NP,CAN JUICE,POWER PUNCH ENERGY DRINKS,120.0,CAN,330 ML,,1676441919976-triveni food - beverage-np-can juice#3.png,RECODING,5,3,99765240,175.07791,118,TRIVENI FOOD & BEVERAGE-NP,SHOCK,SHOCK,CAN 250 ML,CAN,250.000 ML,,,250.0,ML,120.0
42,2023-02-17,202302,2,123451447,31101020071,1676441919976,99764883,134,TRIVENI FOOD & BEVERAGE-NP,CAN JUICE,POWER PUNCH ENERGY DRINKS,120.0,CAN,330 ML,,1676441919976-triveni food - beverage-np-can juice#3.png,RECODING,5,4,99765447,180.88809,118,TRIVENI FOOD & BEVERAGE-NP,SHOCK,SHOCK,CLASSIC CAN 330 ML,CAN,330.000 ML,,,330.0,ML,130.0
42,2023-02-17,202302,2,123451447,31101020071,1676441919976,99764883,134,TRIVENI FOOD & BEVERAGE-NP,CAN JUICE,POWER PUNCH ENERGY DRINKS,120.0,CAN,330 ML,,1676441919976-triveni food - beverage-np-can juice#3.png,RECODING,5,5,99765150,208.8602,118,TRIVENI FOOD & BEVERAGE-NP,LEELI,LEELI,LITCHI PET 135 ML,PET,135.000 ML,LYCHEE,,135.0,ML,20.0
42,2023-02-17,202302,2,123451447,31101020071,1676441919976,99764883,134,TRIVENI FOOD & BEVERAGE-NP,CAN JUICE,POWER PUNCH ENERGY DRINKS,120.0,CAN,330 ML,,1676441919976-triveni food - beverage-np-can juice#3.png,RECODING,5,6,54746,209.08661,118,TRIVENI FOOD & BEVERAGE-NP,LEELI,LEELI,LITCHI PET 150 ML,PET,150.000 ML,LYCHEE,,150.0,ML,0.0
42,2023-02-17,202302,2,123451447,31101020071,1676441919976,99764883,134,TRIVENI FOOD & BEVERAGE-NP,CAN JUICE,POWER PUNCH ENERGY DRINKS,120.0,CAN,330 ML,,1676441919976-triveni food - beverage-np-can juice#3.png,RECODING,5,7,99763796,210.08485,118,TRIVENI FOOD & BEVERAGE-NP,RED WOLF,RED WOLF,CAN 250 ML,CAN,250.000 ML,,,250.0,ML,130.0
42,2023-02-17,202302,2,123451447,31101020071,1676441919976,99764883,134,TRIVENI FOOD & BEVERAGE-NP,CAN JUICE,POWER PUNCH ENERGY DRINKS,120.0,CAN,330 ML,,1676441919976-triveni food - beverage-np-can juice#3.png,RECODING,5,8,53284,210.6499,118,TRIVENI FOOD & BEVERAGE-NP,LEELI,LEELI,LITCHI PET 170 ML,PET,170.000 ML,LYCHEE,,170.0,ML,0.0
42,2023-02-17,202302,2,123451447,31101020071,1676441919976,99764883,134,TRIVENI FOOD & BEVERAGE-NP,CAN JUICE,POWER PUNCH ENERGY DRINKS,120.0,CAN,330 ML,,1676441919976-triveni food - beverage-np-can juice#3.png,RECODING,5,9,54867,211.07115,118,TRIVENI FOOD & BEVERAGE-NP,BLOOM,BLOOM,LITCHI PET 150 ML,PET,150.000 ML,LYCHEE,,150.0,ML,0.0
42,2023-02-17,202302,2,123451447,31101020071,1676441919976,99764883,134,TRIVENI FOOD & BEVERAGE-NP,CAN JUICE,POWER PUNCH ENERGY DRINKS,120.0,CAN,330 ML,,1676441919976-triveni food - beverage-np-can juice#3.png,RECODING,5,10,99765143,211.92105,118,TRIVENI FOOD & BEVERAGE-NP,BLOOM,BLOOM,LITCHI PET 135 ML,PET,135.000 ML,LYCHEE,,135.0,ML,20.0
43,2023-02-17,202302,2,130675914,31101020077,1676367966061,99764884,134,DABUR INDIA LTD.- INDIA,TPK JUICE,REAL FRUIT POWER GRAPE,280.0,TPK,1000 ML,,1676367966061-dabur india ltd-- india-tpk juice#3.png,RECODING,5,1,99764884,87.16002,118,DABUR INDIA LTD.- INDIA,REAL,REAL FRUIT POWER,GRAPE TPK 1000 ML,TPK,1000.000 ML,GRAPE,,1000.0,ML,280.0
43,2023-02-17,202302,2,130675914,31101020077,1676367966061,99764884,134,DABUR INDIA LTD.- INDIA,TPK JUICE,REAL FRUIT POWER GRAPE,280.0,TPK,1000 ML,,1676367966061-dabur india ltd-- india-tpk juice#3.png,RECODING,5,2,99763810,108.77498,118,DABUR INDIA LTD.- INDIA,REAL,REAL FRUIT POWER,MIXED FRUIT TPK 1000 ML,TPK,1000.000 ML,MIXED FRUIT,,1000.0,ML,265.0
43,2023-02-17,202302,2,130675914,31101020077,1676367966061,99764884,134,DABUR INDIA LTD.- INDIA,TPK JUICE,REAL FRUIT POWER GRAPE,280.0,TPK,1000 ML,,1676367966061-dabur india ltd-- india-tpk juice#3.png,RECODING,5,3,99765441,112.34955,118,DABUR NEPAL LTD.-NEPAL,REAL,REAL FRUIT POWER,GRAPE TPK 1000 ML,TPK,1000.000 ML,GRAPE,,1000.0,ML,300.0
43,2023-02-17,202302,2,130675914,31101020077,1676367966061,99764884,134,DABUR INDIA LTD.- INDIA,TPK JUICE,REAL FRUIT POWER GRAPE,280.0,TPK,1000 ML,,1676367966061-dabur india ltd-- india-tpk juice#3.png,RECODING,5,4,52247,113.41344,118,DABUR NEPAL LTD.-NEPAL,REAL,REAL,FRUIT POWER GRAPE TPK 1000 ML,TPK,1000.000 ML,GRAPE,,1000.0,ML,0.0
43,2023-02-17,202302,2,130675914,31101020077,1676367966061,99764884,134,DABUR INDIA LTD.- INDIA,TPK JUICE,REAL FRUIT POWER GRAPE,280.0,TPK,1000 ML,,1676367966061-dabur india ltd-- india-tpk juice#3.png,RECODING,5,5,20126696,115.09874,118,DABUR NEPAL LTD.-NEPAL,REAL,REAL ACTIV,MIXED FRUIT JUICE  TPK 1000 ML,TPK,1000.000 ML,MIXED FRUIT,,1000.0,ML,0.0
43,2023-02-17,202302,2,130675914,31101020077,1676367966061,99764884,134,DABUR INDIA LTD.- INDIA,TPK JUICE,REAL FRUIT POWER GRAPE,280.0,TPK,1000 ML,,1676367966061-dabur india ltd-- india-tpk juice#3.png,RECODING,5,6,99764231,118.89786,118,DABUR INDIA LTD.- INDIA,REAL,REAL FRUIT POWER,GUAVA TPK 1000 ML,TPK,1000.000 ML,GUAVA,,1000.0,ML,176.0
43,2023-02-17,202302,2,130675914,31101020077,1676367966061,99764884,134,DABUR INDIA LTD.- INDIA,TPK JUICE,REAL FRUIT POWER GRAPE,280.0,TPK,1000 ML,,1676367966061-dabur india ltd-- india-tpk juice#3.png,RECODING,5,7,52246,120.73615,118,DABUR INDIA LTD.- INDIA,REAL,REAL,FRUIT POWER POMEGRANATE TPK 1000 ML,TPK,1000.000 ML,POMEGRANATE,,1000.0,ML,0.0
43,2023-02-17,202302,2,130675914,31101020077,1676367966061,99764884,134,DABUR INDIA LTD.- INDIA,TPK JUICE,REAL FRUIT POWER GRAPE,280.0,TPK,1000 ML,,1676367966061-dabur india ltd-- india-tpk juice#3.png,RECODING,5,8,48088,121.575134,118,DABUR INDIA LTD.- INDIA,REAL,REAL FRUIT POWER,POMEGRANATE TPK 200 ML,TPK,200.000 ML,POMEGRANATE,,200.0,ML,0.0
43,2023-02-17,202302,2,130675914,31101020077,1676367966061,99764884,134,DABUR INDIA LTD.- INDIA,TPK JUICE,REAL FRUIT POWER GRAPE,280.0,TPK,1000 ML,,1676367966061-dabur india ltd-- india-tpk juice#3.png,RECODING,5,9,99764230,121.69166,118,DABUR INDIA LTD.- INDIA,REAL,REAL FRUIT POWER,POMEGRANATE TPK 1000 ML,TPK,1000.000 ML,POMEGRANATE,,1000.0,ML,190.0
43,2023-02-17,202302,2,130675914,31101020077,1676367966061,99764884,134,DABUR INDIA LTD.- INDIA,TPK JUICE,REAL FRUIT POWER GRAPE,280.0,TPK,1000 ML,,1676367966061-dabur india ltd-- india-tpk juice#3.png,RECODING,5,10,54085,122.21948,118,DABUR INDIA LTD.- INDIA,REAL,REAL,FRUIT POWER POMEGRNT TPK 1000 ML+200M WRT RS32 FR,TPK,1000.000 ML,POMEGRANATE,,1000.0,ML,0.0
44,2023-02-17,202302,1,124683707,52202010017,1676354204538,99764891,123,DINESH SOAP & HOUSEHOLD-NPL,SHILPA GOLD,SHILPA GOLD/LEMON & ASH POWER/400GM/PCN/FREE SCRUB ,65.0,PCN,400GM ,,1676354204538-dinesh soap - household-npl-shilpa gold#3.png,RECODING,5,1,99764891,77.74624,123,DINESH SOAP & HOUSEHOLD-NPL,SHILPA GOLD,SHILPA GOLD,SHILPA GOLD-LEMON & ASH POWER PCN 400 GM+FREE SCRUBBER,PLJAR,400.000 GM,,,400.0,GM,65.0
44,2023-02-17,202302,1,124683707,52202010017,1676354204538,99764891,123,DINESH SOAP & HOUSEHOLD-NPL,SHILPA GOLD,SHILPA GOLD/LEMON & ASH POWER/400GM/PCN/FREE SCRUB ,65.0,PCN,400GM ,,1676354204538-dinesh soap - household-npl-shilpa gold#3.png,RECODING,5,2,99763740,91.84976,123,DINESH SOAP & HOUSEHOLD-NPL,SHILPA GOLD,SHILPA GOLD,SHILPA GOLD-ASHES & LEMON PPH 100 GM,PLPCH,100.000 GM,,,100.0,GM,10.0
44,2023-02-17,202302,1,124683707,52202010017,1676354204538,99764891,123,DINESH SOAP & HOUSEHOLD-NPL,SHILPA GOLD,SHILPA GOLD/LEMON & ASH POWER/400GM/PCN/FREE SCRUB ,65.0,PCN,400GM ,,1676354204538-dinesh soap - household-npl-shilpa gold#3.png,RECODING,5,3,99764309,100.33236,123,DINESH SOAP & HOUSEHOLD-NPL,SHILPA GOLD,SHILPA GOLD,SHILPA GOLD-PPH 75 GM,PLPCH,75.000 GM,,,75.0,GM,10.0
44,2023-02-17,202302,1,124683707,52202010017,1676354204538,99764891,123,DINESH SOAP & HOUSEHOLD-NPL,SHILPA GOLD,SHILPA GOLD/LEMON & ASH POWER/400GM/PCN/FREE SCRUB ,65.0,PCN,400GM ,,1676354204538-dinesh soap - household-npl-shilpa gold#3.png,RECODING,5,4,99762926,100.58101,123,DINESH SOAP & HOUSEHOLD-NPL,SHILPA GOLD,SHILPA GOLD,SHILPA GOLD-PPH 150 GM,PLPCH,150.000 GM,,,150.0,GM,30.0
44,2023-02-17,202302,1,124683707,52202010017,1676354204538,99764891,123,DINESH SOAP & HOUSEHOLD-NPL,SHILPA GOLD,SHILPA GOLD/LEMON & ASH POWER/400GM/PCN/FREE SCRUB ,65.0,PCN,400GM ,,1676354204538-dinesh soap - household-npl-shilpa gold#3.png,RECODING,5,5,99762893,100.679016,123,DINESH SOAP & HOUSEHOLD-NPL,SHILPA GOLD,SHILPA GOLD,SHILPA GOLD-PPH 200 GM,PLPCH,200.000 GM,,,200.0,GM,40.0
44,2023-02-17,202302,1,124683707,52202010017,1676354204538,99764891,123,DINESH SOAP & HOUSEHOLD-NPL,SHILPA GOLD,SHILPA GOLD/LEMON & ASH POWER/400GM/PCN/FREE SCRUB ,65.0,PCN,400GM ,,1676354204538-dinesh soap - household-npl-shilpa gold#3.png,RECODING,5,6,99762803,121.203804,122,DINESH SOAP & HOUSEHOLD-NPL,SHILPA,SHILPA ADVANCE,SHILPA ADVANCE-LEMON FRESH PPH 5000 GM+2000 GM FREE,PLPCH,5000.000 GM,,,7000.0,GM,500.0
44,2023-02-17,202302,1,124683707,52202010017,1676354204538,99764891,123,DINESH SOAP & HOUSEHOLD-NPL,SHILPA GOLD,SHILPA GOLD/LEMON & ASH POWER/400GM/PCN/FREE SCRUB ,65.0,PCN,400GM ,,1676354204538-dinesh soap - household-npl-shilpa gold#3.png,RECODING,5,7,99764845,125.67327,123,DINESH SOAP & HOUSEHOLD-NPL,DINESH,DINESH ASH,DINESH ASH-DISHWASH BAR PCN 400 GM+FREE SCRUBBER,PLJAR,400.000 GM,,,400.0,GM,50.0
44,2023-02-17,202302,1,124683707,52202010017,1676354204538,99764891,123,DINESH SOAP & HOUSEHOLD-NPL,SHILPA GOLD,SHILPA GOLD/LEMON & ASH POWER/400GM/PCN/FREE SCRUB ,65.0,PCN,400GM ,,1676354204538-dinesh soap - household-npl-shilpa gold#3.png,RECODING,5,8,99764058,125.70532,122,DINESH SOAP & HOUSEHOLD-NPL,SHILPA,SHILPA ADVANCE,SHILPA ADVANCE-LEMON FRESH PPH 700 GM,PLPCH,700.000 GM,,,700.0,GM,70.0
44,2023-02-17,202302,1,124683707,52202010017,1676354204538,99764891,123,DINESH SOAP & HOUSEHOLD-NPL,SHILPA GOLD,SHILPA GOLD/LEMON & ASH POWER/400GM/PCN/FREE SCRUB ,65.0,PCN,400GM ,,1676354204538-dinesh soap - household-npl-shilpa gold#3.png,RECODING,5,9,99764057,126.262054,122,DINESH SOAP & HOUSEHOLD-NPL,SHILPA,SHILPA ADVANCE,SHILPA ADVANCE-LEMON FRESH PPH 200 GM,PLPCH,200.000 GM,,,200.0,GM,20.0
44,2023-02-17,202302,1,124683707,52202010017,1676354204538,99764891,123,DINESH SOAP & HOUSEHOLD-NPL,SHILPA GOLD,SHILPA GOLD/LEMON & ASH POWER/400GM/PCN/FREE SCRUB ,65.0,PCN,400GM ,,1676354204538-dinesh soap - household-npl-shilpa gold#3.png,RECODING,5,10,54889,128.00082,122,DINESH SOAP & HOUSEHOLD-NPL,DINESH,DINESH 3IN1,DINESH 3IN1-LIME GREEN PCN 5000 GM,PLJAR,5000.000 GM,,,5000.0,GM,0.0
45,2023-02-17,202302,1,124683707,52202010017,1676353113319,99764885,120,UNILEVER NEPAL LTD-NEPAL,LIFEBUOY TOTAL PROTECT ,LIFE BUOY TOTAL PROTECT/ACTIV SILVER FORMULA/100GM/EWP,45.0,EWP,100GM ,,1676353113319-unilever nepal ltd-nepal-lifebuoy total protect #3.png,RECODING,5,1,99764401,80.05342,120,UNILEVER NEPAL LTD-NEPAL,LIFE BUOY,LIFE BUOY TOTAL PROTECT,LIFE BUOY TOTAL PROTECT-ACTIV SILVER EWP 43 GM,EWRPK,43.000 GM,,,43.0,GM,18.0
45,2023-02-17,202302,1,124683707,52202010017,1676353113319,99764885,120,UNILEVER NEPAL LTD-NEPAL,LIFEBUOY TOTAL PROTECT ,LIFE BUOY TOTAL PROTECT/ACTIV SILVER FORMULA/100GM/EWP,45.0,EWP,100GM ,,1676353113319-unilever nepal ltd-nepal-lifebuoy total protect #3.png,RECODING,5,2,99763277,82.88196,120,UNILEVER NEPAL LTD-NEPAL,LIFE BUOY,LIFE BUOY TOTAL PROTECT,LIFE BUOY TOTAL PROTECT-ACTIV SILVER EWP 95 GM,EWRPK,95.000 GM,,,95.0,GM,35.0
45,2023-02-17,202302,1,124683707,52202010017,1676353113319,99764885,120,UNILEVER NEPAL LTD-NEPAL,LIFEBUOY TOTAL PROTECT ,LIFE BUOY TOTAL PROTECT/ACTIV SILVER FORMULA/100GM/EWP,45.0,EWP,100GM ,,1676353113319-unilever nepal ltd-nepal-lifebuoy total protect #3.png,RECODING,5,3,99764885,83.6925,120,UNILEVER NEPAL LTD-NEPAL,LIFE BUOY,LIFE BUOY TOTAL PROTECT,LIFE BUOY TOTAL PROTECT-ACTIV SILVER EWP 100 GM,EWRPK,100.000 GM,,,100.0,GM,45.0
45,2023-02-17,202302,1,124683707,52202010017,1676353113319,99764885,120,UNILEVER NEPAL LTD-NEPAL,LIFEBUOY TOTAL PROTECT ,LIFE BUOY TOTAL PROTECT/ACTIV SILVER FORMULA/100GM/EWP,45.0,EWP,100GM ,,1676353113319-unilever nepal ltd-nepal-lifebuoy total protect #3.png,RECODING,5,4,99764184,85.517235,120,UNILEVER NEPAL LTD-NEPAL,LIFE BUOY,LIFE BUOY TOTAL PROTECT,LIFE BUOY TOTAL PROTECT-ACTIV SILVER EWP 90 GM,EWRPK,90.000 GM,,,90.0,GM,40.0
45,2023-02-17,202302,1,124683707,52202010017,1676353113319,99764885,120,UNILEVER NEPAL LTD-NEPAL,LIFEBUOY TOTAL PROTECT ,LIFE BUOY TOTAL PROTECT/ACTIV SILVER FORMULA/100GM/EWP,45.0,EWP,100GM ,,1676353113319-unilever nepal ltd-nepal-lifebuoy total protect #3.png,RECODING,5,5,99763348,86.898346,120,UNILEVER NEPAL LTD-NEPAL,LIFE BUOY,LIFE BUOY TOTAL PROTECT,LIFE BUOY TOTAL PROTECT-ACTIV SILVER EWP 4*95 GM+SAVE RS10,EWRPK,95.000 GM,,,380.0,GM,138.0
45,2023-02-17,202302,1,124683707,52202010017,1676353113319,99764885,120,UNILEVER NEPAL LTD-NEPAL,LIFEBUOY TOTAL PROTECT ,LIFE BUOY TOTAL PROTECT/ACTIV SILVER FORMULA/100GM/EWP,45.0,EWP,100GM ,,1676353113319-unilever nepal ltd-nepal-lifebuoy total protect #3.png,RECODING,5,6,46979,87.10163,120,UNILEVER NEPAL LTD-NEPAL,LIFE BUOY,LIFE BUOY TOTAL 10,LIFE BUOY TOTAL 10-ACTIV SILVER FORMULA EWP 125 GM,EWRPK,125.000 GM,,,125.0,GM,0.0
45,2023-02-17,202302,1,124683707,52202010017,1676353113319,99764885,120,UNILEVER NEPAL LTD-NEPAL,LIFEBUOY TOTAL PROTECT ,LIFE BUOY TOTAL PROTECT/ACTIV SILVER FORMULA/100GM/EWP,45.0,EWP,100GM ,,1676353113319-unilever nepal ltd-nepal-lifebuoy total protect #3.png,RECODING,5,7,99763881,89.03953,120,UNILEVER NEPAL LTD-NEPAL,LIFE BUOY,LIFE BUOY TOTAL PROTECT,LIFE BUOY TOTAL PROTECT-ACTIV SILVER EWP 4*95 GM+SAVE RS 5,EWRPK,95.000 GM,,,380.0,GM,155.0
45,2023-02-17,202302,1,124683707,52202010017,1676353113319,99764885,120,UNILEVER NEPAL LTD-NEPAL,LIFEBUOY TOTAL PROTECT ,LIFE BUOY TOTAL PROTECT/ACTIV SILVER FORMULA/100GM/EWP,45.0,EWP,100GM ,,1676353113319-unilever nepal ltd-nepal-lifebuoy total protect #3.png,RECODING,5,8,99764478,89.43285,120,UNILEVER NEPAL LTD-NEPAL,LIFE BUOY,LIFE BUOY TOTAL PROTECT,LIFE BUOY TOTAL PROTECT-ACTIV SILVER EWP 4*90 GM+SAVE RS 5,EWRPK,90.000 GM,,,360.0,GM,155.0
45,2023-02-17,202302,1,124683707,52202010017,1676353113319,99764885,120,UNILEVER NEPAL LTD-NEPAL,LIFEBUOY TOTAL PROTECT ,LIFE BUOY TOTAL PROTECT/ACTIV SILVER FORMULA/100GM/EWP,45.0,EWP,100GM ,,1676353113319-unilever nepal ltd-nepal-lifebuoy total protect #3.png,RECODING,5,9,99763126,89.74192,120,UNILEVER NEPAL LTD-NEPAL,LIFE BUOY,LIFE BUOY TOTAL PROTECT,LIFE BUOY TOTAL PROTECT-ACTIV SILVER EWP 4*95 GM+SAVE RS20,EWRPK,95.000 GM,,,380.0,GM,120.0
45,2023-02-17,202302,1,124683707,52202010017,1676353113319,99764885,120,UNILEVER NEPAL LTD-NEPAL,LIFEBUOY TOTAL PROTECT ,LIFE BUOY TOTAL PROTECT/ACTIV SILVER FORMULA/100GM/EWP,45.0,EWP,100GM ,,1676353113319-unilever nepal ltd-nepal-lifebuoy total protect #3.png,RECODING,5,10,99763291,89.97511,120,UNILEVER NEPAL LTD-NEPAL,LIFE BUOY,LIFE BUOY TOTAL PROTECT,LIFE BUOY TOTAL PROTECT-ACTIV SILVER EWP 4*95 GM+SAVE RS12,EWRPK,95.000 GM,,,380.0,GM,140.0
46,2023-02-17,202302,1,124683707,52202010017,1676352358042,99764897,130,PAHUPATI SEOHUNG LTD- INDIA,ROMANTIC,ROMANTIC DOTTED CONDOM/3PCS/CBP,48.0,CBP,3PCS,,1676352358042-pahupati seohung ltd- india-romantic#3.png,RECODING,5,1,99764897,152.85735,130,PAHUPATI SEOHUNG LTD- INDIA,ROMANTIC,ROMANTIC,ROMANTIC-PREMIUM EXTRA DOTTED CHOCOLATE CBP 3 NO,CDBOX,3.000 NO,,,3.0,NO,48.0
46,2023-02-17,202302,1,124683707,52202010017,1676352358042,99764897,130,PAHUPATI SEOHUNG LTD- INDIA,ROMANTIC,ROMANTIC DOTTED CONDOM/3PCS/CBP,48.0,CBP,3PCS,,1676352358042-pahupati seohung ltd- india-romantic#3.png,RECODING,5,2,90512398,168.56152,130,PAHUPATI SEOHUNG LTD- INDIA,ROMANCE,ROMANCE DELUXE,ROMANCE DELUXE-CBP 3 NOS,CDBOX,3.000 NO,,,3.0,NO,0.0
46,2023-02-17,202302,1,124683707,52202010017,1676352358042,99764897,130,PAHUPATI SEOHUNG LTD- INDIA,ROMANTIC,ROMANTIC DOTTED CONDOM/3PCS/CBP,48.0,CBP,3PCS,,1676352358042-pahupati seohung ltd- india-romantic#3.png,RECODING,5,3,51194,173.67743,130,PAHUPATI SEOHUNG LTD- INDIA,ROMANCE,ROMANCE,ROMANCE-PLAIN CBP 3 NO,CDBOX,3.000 NO,,,3.0,NO,0.0
46,2023-02-17,202302,1,124683707,52202010017,1676352358042,99764897,130,PAHUPATI SEOHUNG LTD- INDIA,ROMANTIC,ROMANTIC DOTTED CONDOM/3PCS/CBP,48.0,CBP,3PCS,,1676352358042-pahupati seohung ltd- india-romantic#3.png,RECODING,5,4,90517584,184.22781,130,CUPID LTD-INDIA,STUD,STUD DOTTED,STUD DOTTED-CBP 3 NOS,CDBOX,3.000 NO,,,3.0,NO,0.0
46,2023-02-17,202302,1,124683707,52202010017,1676352358042,99764897,130,PAHUPATI SEOHUNG LTD- INDIA,ROMANTIC,ROMANTIC DOTTED CONDOM/3PCS/CBP,48.0,CBP,3PCS,,1676352358042-pahupati seohung ltd- india-romantic#3.png,RECODING,5,5,99764863,191.27112,130,RAYMOND CONSUMER CARE-INDIA,KAMASUTRA,KAMASUTRA INTENSITY,KAMASUTRA INTENSITY-PREMIUM CONDOM CBP 3 NOS,CDBOX,3.000 NO,,,3.0,NO,80.0
46,2023-02-17,202302,1,124683707,52202010017,1676352358042,99764897,130,PAHUPATI SEOHUNG LTD- INDIA,ROMANTIC,ROMANTIC DOTTED CONDOM/3PCS/CBP,48.0,CBP,3PCS,,1676352358042-pahupati seohung ltd- india-romantic#3.png,RECODING,5,6,51428,191.89705,130,PAHUPATI SEOHUNG LTD- INDIA,LOVE NIGHT,LOVE NIGHT,LOVE NIGHT-CHOCOLATE CBP 3 NO DOTTED,CDBOX,3.000 NO,,,3.0,NO,0.0
46,2023-02-17,202302,1,124683707,52202010017,1676352358042,99764897,130,PAHUPATI SEOHUNG LTD- INDIA,ROMANTIC,ROMANTIC DOTTED CONDOM/3PCS/CBP,48.0,CBP,3PCS,,1676352358042-pahupati seohung ltd- india-romantic#3.png,RECODING,5,7,90510131,193.18938,130,TAKARO RUBBER PROD- MALYASIA,ROMANTIC,ROMANTIC,ROMANTIC-CBP 6 NOS,CDBOX,6.000 NO,,,6.0,NO,0.0
46,2023-02-17,202302,1,124683707,52202010017,1676352358042,99764897,130,PAHUPATI SEOHUNG LTD- INDIA,ROMANTIC,ROMANTIC DOTTED CONDOM/3PCS/CBP,48.0,CBP,3PCS,,1676352358042-pahupati seohung ltd- india-romantic#3.png,RECODING,5,8,47128,195.51907,130,CUPID LTD-INDIA,FANTASY,FANTASY DOTTED,FANTASY DOTTED-PAAN CBP 4 NOS,CDBOX,4.000 NO,,,4.0,NO,0.0
46,2023-02-17,202302,1,124683707,52202010017,1676352358042,99764897,130,PAHUPATI SEOHUNG LTD- INDIA,ROMANTIC,ROMANTIC DOTTED CONDOM/3PCS/CBP,48.0,CBP,3PCS,,1676352358042-pahupati seohung ltd- india-romantic#3.png,RECODING,5,9,90560191,197.34131,130,J.K. ANSELL LTD. - INDIA,KAMASUTRA,KAMASUTRA DOTTED,KAMASUTRA DOTTED-CBP 20+2NOS PRK AVEN GEL,CDBOX,20.000 NO,,,20.0,NO,0.0
46,2023-02-17,202302,1,124683707,52202010017,1676352358042,99764897,130,PAHUPATI SEOHUNG LTD- INDIA,ROMANTIC,ROMANTIC DOTTED CONDOM/3PCS/CBP,48.0,CBP,3PCS,,1676352358042-pahupati seohung ltd- india-romantic#3.png,RECODING,5,10,51090,197.37117,130,PAHUPATI SEOHUNG LTD- INDIA,LOVE NIGHT,LOVE NIGHT,LOVE NIGHT-BANANA CBP 3 NO DOTTED,CDBOX,3.000 NO,,,3.0,NO,0.0
47,2023-02-17,202302,1,124302976,21301010060,1676349312688,99764867,106,DOKES PRODUCTS ( INDIA)LTD,BAKEMATE SMILEY POP,BAKEMATE SMILEY LYCHEE  POP\800\GM,800.0,PCN,800 GM,New SKU,1676349312688-dokes products - india-ltd-bakemate smiley pop#3.png,RECODING,5,1,99764597,162.82755,106,D-SWAG INDUSTRIES LTD-INDIA,BAKEMATE,BAKEMATE POP N POP,BAKEMATE POP N POP-FLAVOURED LOLLIPOP PCN 800 GM,PLJAR,800.000 GM,ASSORTED,,800.0,GM,500.0
47,2023-02-17,202302,1,124302976,21301010060,1676349312688,99764867,106,DOKES PRODUCTS ( INDIA)LTD,BAKEMATE SMILEY POP,BAKEMATE SMILEY LYCHEE  POP\800\GM,800.0,PCN,800 GM,New SKU,1676349312688-dokes products - india-ltd-bakemate smiley pop#3.png,RECODING,5,2,99764867,164.74098,106,DUKES PRODUCTS-INDIA,BAKEMATE,BAKEMATE SMILEY POP,BAKEMATE SMILEY POP-LYCHEE LOLLIPOP PCN 800 GM,PLJAR,800.000 GM,LYCHEE,,800.0,GM,500.0
47,2023-02-17,202302,1,124302976,21301010060,1676349312688,99764867,106,DOKES PRODUCTS ( INDIA)LTD,BAKEMATE SMILEY POP,BAKEMATE SMILEY LYCHEE  POP\800\GM,800.0,PCN,800 GM,New SKU,1676349312688-dokes products - india-ltd-bakemate smiley pop#3.png,RECODING,5,3,99764631,172.16199,106,D-SWAG INDUSTRIES LTD-INDIA,BAKEMATE,BAKEMATE BOOM BOOM POP,BAKEMATE BOOM BOOM POP-MIX FRUIT PCN 700 GM,PLJAR,700.000 GM,MIXED FRUIT,,700.0,GM,500.0
47,2023-02-17,202302,1,124302976,21301010060,1676349312688,99764867,106,DOKES PRODUCTS ( INDIA)LTD,BAKEMATE SMILEY POP,BAKEMATE SMILEY LYCHEE  POP\800\GM,800.0,PCN,800 GM,New SKU,1676349312688-dokes products - india-ltd-bakemate smiley pop#3.png,RECODING,5,4,99763238,174.55574,106,DUKES PRODUCTS-INDIA,BAKEMATE,BAKEMATE SMILEY POP,BAKEMATE SMILEY POP-LYCHEE LOLLIPOP EWP 8 GM,EWRPK,8.000 GM,LYCHEE,,8.0,GM,5.0
47,2023-02-17,202302,1,124302976,21301010060,1676349312688,99764867,106,DOKES PRODUCTS ( INDIA)LTD,BAKEMATE SMILEY POP,BAKEMATE SMILEY LYCHEE  POP\800\GM,800.0,PCN,800 GM,New SKU,1676349312688-dokes products - india-ltd-bakemate smiley pop#3.png,RECODING,5,5,99764598,178.47726,106,D-SWAG INDUSTRIES LTD-INDIA,BAKEMATE,BAKEMATE ECLAIRS,BAKEMATE ECLAIRS-CENTER FILLED PCN 665 GM,PLJAR,665.000 GM,CHOCOLATE,,665.0,GM,280.0
47,2023-02-17,202302,1,124302976,21301010060,1676349312688,99764867,106,DOKES PRODUCTS ( INDIA)LTD,BAKEMATE SMILEY POP,BAKEMATE SMILEY LYCHEE  POP\800\GM,800.0,PCN,800 GM,New SKU,1676349312688-dokes products - india-ltd-bakemate smiley pop#3.png,RECODING,5,6,99764868,188.23627,106,D-SWAG INDUSTRIES LTD-INDIA,BAKEMATE,BAKEMATE CAFÉ TOWN,BAKEMATE CAFÉ TOWN-COFFEE PCN 704 GM,PLJAR,704.000 GM,COFFEE,,704.0,GM,450.0
47,2023-02-17,202302,1,124302976,21301010060,1676349312688,99764867,106,DOKES PRODUCTS ( INDIA)LTD,BAKEMATE SMILEY POP,BAKEMATE SMILEY LYCHEE  POP\800\GM,800.0,PCN,800 GM,New SKU,1676349312688-dokes products - india-ltd-bakemate smiley pop#3.png,RECODING,5,7,99763512,188.40337,106,DUKES PRODUCTS-INDIA,BAKEMATE,BAKEMATE POP N POP,BAKEMATE POP N POP-LYCHEE LOLLIPOP EWP 8 GM,EWRPK,8.000 GM,LYCHEE,,8.0,GM,5.0
47,2023-02-17,202302,1,124302976,21301010060,1676349312688,99764867,106,DOKES PRODUCTS ( INDIA)LTD,BAKEMATE SMILEY POP,BAKEMATE SMILEY LYCHEE  POP\800\GM,800.0,PCN,800 GM,New SKU,1676349312688-dokes products - india-ltd-bakemate smiley pop#3.png,RECODING,5,8,99764689,189.96529,106,D-SWAG INDUSTRIES LTD-INDIA,BAKEMATE,BAKEMATE CAFÉ TOWN,BAKEMATE CAFÉ TOWN-COFFEE PCN 700 GM,PLJAR,700.000 GM,COFFEE,,700.0,GM,450.0
47,2023-02-17,202302,1,124302976,21301010060,1676349312688,99764867,106,DOKES PRODUCTS ( INDIA)LTD,BAKEMATE SMILEY POP,BAKEMATE SMILEY LYCHEE  POP\800\GM,800.0,PCN,800 GM,New SKU,1676349312688-dokes products - india-ltd-bakemate smiley pop#3.png,RECODING,5,9,99764740,193.96942,106,D-SWAG INDUSTRIES LTD-INDIA,BAKEMATE,BAKEMATE PINA COLADA,BAKEMATE PINA COLADA-PINEAPPLE PCN 770 GM,PLJAR,770.000 GM,PINEAPPLE,,770.0,GM,440.0
47,2023-02-17,202302,1,124302976,21301010060,1676349312688,99764867,106,DOKES PRODUCTS ( INDIA)LTD,BAKEMATE SMILEY POP,BAKEMATE SMILEY LYCHEE  POP\800\GM,800.0,PCN,800 GM,New SKU,1676349312688-dokes products - india-ltd-bakemate smiley pop#3.png,RECODING,5,10,91826637,208.92769,106,PERFETTI VAN MELLE-INDIA,CHUPA CHUPS,CHUPA CHUPS LOLLIPOP,CHUPA CHUPS LOLLIPOP- CHERRY PPH 12 GM,PLPCH,12.000 GM,CHERRY,,12.0,GM,0.0
48,2023-02-17,202302,1,112773292,12101010035,1676167652963,99764855,106,SUJAL FOODS PVT LTD-NEPAL,SUJAL ECLAIRS,SUJAL ECLAIRS- MILK CHOCOLATE PPH 320GM.,135.0,PPH,320GM.,,1676167652963-sujal foods pvt ltd-nepal-sujal eclairs#3.png,RECODING,5,1,99764855,75.813255,106,SUJAL FOODS PVT LTD-NEPAL,SUJAL,SUJAL ECLAIRS,SUJAL ECLAIRS- MILK CHOCOLATE PPH 320 GM,PLPCH,320.000 GM,MILK CHOCOLATE,,320.0,GM,130.0
48,2023-02-17,202302,1,112773292,12101010035,1676167652963,99764855,106,SUJAL FOODS PVT LTD-NEPAL,SUJAL ECLAIRS,SUJAL ECLAIRS- MILK CHOCOLATE PPH 320GM.,135.0,PPH,320GM.,,1676167652963-sujal foods pvt ltd-nepal-sujal eclairs#3.png,RECODING,5,2,91826189,79.053505,106,SUJAL FOODS PVT LTD-NEPAL,SUJAL,SUJAL ECLAIRS,SUJAL ECLAIRS- MILK CHOCOLATE PPH 3 GM,PLPCH,3.000 GM,MILK CHOCOLATE,,3.0,GM,0.0
48,2023-02-17,202302,1,112773292,12101010035,1676167652963,99764855,106,SUJAL FOODS PVT LTD-NEPAL,SUJAL ECLAIRS,SUJAL ECLAIRS- MILK CHOCOLATE PPH 320GM.,135.0,PPH,320GM.,,1676167652963-sujal foods pvt ltd-nepal-sujal eclairs#3.png,RECODING,5,3,99764570,79.6528,106,SUJAL FOODS PVT LTD-NEPAL,SUJAL,SUJAL ECLAIRS,SUJAL ECLAIRS- MILK CHOCOLATE PPH 275 GM,PLPCH,275.000 GM,MILK CHOCOLATE,,275.0,GM,85.0
48,2023-02-17,202302,1,112773292,12101010035,1676167652963,99764855,106,SUJAL FOODS PVT LTD-NEPAL,SUJAL ECLAIRS,SUJAL ECLAIRS- MILK CHOCOLATE PPH 320GM.,135.0,PPH,320GM.,,1676167652963-sujal foods pvt ltd-nepal-sujal eclairs#3.png,RECODING,5,4,99764701,81.02434,106,SUJAL FOODS PVT LTD-NEPAL,SUJAL,SUJAL ECLAIRS,SUJAL ECLAIRS- MILK CHOCOLATE PPH 290 GM,PLPCH,290.000 GM,MILK CHOCOLATE,,290.0,GM,80.0
48,2023-02-17,202302,1,112773292,12101010035,1676167652963,99764855,106,SUJAL FOODS PVT LTD-NEPAL,SUJAL ECLAIRS,SUJAL ECLAIRS- MILK CHOCOLATE PPH 320GM.,135.0,PPH,320GM.,,1676167652963-sujal foods pvt ltd-nepal-sujal eclairs#3.png,RECODING,5,5,99764542,83.124084,106,SUJAL FOODS PVT LTD-NEPAL,SUJAL,SUJAL ECLAIRS,SUJAL ECLAIRS- MILK CHOCOLATE PCN 1740 GM,PLJAR,1740.000 GM,MILK CHOCOLATE,,1740.0,GM,500.0
48,2023-02-17,202302,1,112773292,12101010035,1676167652963,99764855,106,SUJAL FOODS PVT LTD-NEPAL,SUJAL ECLAIRS,SUJAL ECLAIRS- MILK CHOCOLATE PPH 320GM.,135.0,PPH,320GM.,,1676167652963-sujal foods pvt ltd-nepal-sujal eclairs#3.png,RECODING,5,6,99764826,83.38351,106,SUJAL FOODS PVT LTD-NEPAL,SUJAL,SUJAL ECLAIRS,SUJAL ECLAIRS- MILK CHOCOLATE PCN 1650 GM,PLJAR,1650.000 GM,MILK CHOCOLATE,,1650.0,GM,600.0
48,2023-02-17,202302,1,112773292,12101010035,1676167652963,99764855,106,SUJAL FOODS PVT LTD-NEPAL,SUJAL ECLAIRS,SUJAL ECLAIRS- MILK CHOCOLATE PPH 320GM.,135.0,PPH,320GM.,,1676167652963-sujal foods pvt ltd-nepal-sujal eclairs#3.png,RECODING,5,7,99764540,84.15361,106,SUJAL FOODS PVT LTD-NEPAL,SUJAL,SUJAL ECLAIRS,SUJAL ECLAIRS- MILK CHOCOLATE PCN 550 GM,PLJAR,550.000 GM,MILK CHOCOLATE,,550.0,GM,170.0
48,2023-02-17,202302,1,112773292,12101010035,1676167652963,99764855,106,SUJAL FOODS PVT LTD-NEPAL,SUJAL ECLAIRS,SUJAL ECLAIRS- MILK CHOCOLATE PPH 320GM.,135.0,PPH,320GM.,,1676167652963-sujal foods pvt ltd-nepal-sujal eclairs#3.png,RECODING,5,8,99764671,85.18987,106,SUJAL FOODS PVT LTD-NEPAL,SUJAL,SUJAL ECLAIRS,SUJAL ECLAIRS- MILK CHOCOLATE PCN 720 GM,PLJAR,720.000 GM,MILK CHOCOLATE,,720.0,GM,350.0
48,2023-02-17,202302,1,112773292,12101010035,1676167652963,99764855,106,SUJAL FOODS PVT LTD-NEPAL,SUJAL ECLAIRS,SUJAL ECLAIRS- MILK CHOCOLATE PPH 320GM.,135.0,PPH,320GM.,,1676167652963-sujal foods pvt ltd-nepal-sujal eclairs#3.png,RECODING,5,9,99764541,86.55525,106,SUJAL FOODS PVT LTD-NEPAL,SUJAL,SUJAL ECLAIRS,SUJAL ECLAIRS- MILK CHOCOLATE PCN 580 GM,PLJAR,580.000 GM,MILK CHOCOLATE,,580.0,GM,200.0
48,2023-02-17,202302,1,112773292,12101010035,1676167652963,99764855,106,SUJAL FOODS PVT LTD-NEPAL,SUJAL ECLAIRS,SUJAL ECLAIRS- MILK CHOCOLATE PPH 320GM.,135.0,PPH,320GM.,,1676167652963-sujal foods pvt ltd-nepal-sujal eclairs#3.png,RECODING,5,10,99763802,92.99781,106,SUJAL FOODS PVT LTD-NEPAL,SUJAL,SUJAL ECLAIRS,SUJAL ECLAIRS- MILK CHOCOLATE EWP 4 GM,EWRPK,4.000 GM,MILK CHOCOLATE,,4.0,GM,2.0
49,2023-02-17,202302,1,124918061,21209010001,1676356587044,99764881,116,MAGNA MAX PVT. LTD. - NEPAL,WHISPAD SUPER ULTRA,WHISPAD/SUPER ULTRA/XL WINGS 6 PADS,75.0,PPH,XL,,1676356587044-magna max pvt- ltd- - nepal-whispad super ultra#3.png,RECODING,5,1,99764881,109.61107,116,MAGNA MAX PVT. LTD. - NEPAL,FEME,FEME WHISPAD,FEME WHISPAD-SUPER ULTRA XL WINGS PPH 6 NO,PLPCH,6.000 NO,,,6.0,NO,75.0
49,2023-02-17,202302,1,124918061,21209010001,1676356587044,99764881,116,MAGNA MAX PVT. LTD. - NEPAL,WHISPAD SUPER ULTRA,WHISPAD/SUPER ULTRA/XL WINGS 6 PADS,75.0,PPH,XL,,1676356587044-magna max pvt- ltd- - nepal-whispad super ultra#3.png,RECODING,5,2,92018956,160.74799,116,MAGNA MAX PVT. LTD. - NEPAL,FEME,FEME 3 IN 1,FEME 3 IN 1- PPH 21 NOS,PLPCH,21.000 NO,,,21.0,NO,0.0
49,2023-02-17,202302,1,124918061,21209010001,1676356587044,99764881,116,MAGNA MAX PVT. LTD. - NEPAL,WHISPAD SUPER ULTRA,WHISPAD/SUPER ULTRA/XL WINGS 6 PADS,75.0,PPH,XL,,1676356587044-magna max pvt- ltd- - nepal-whispad super ultra#3.png,RECODING,5,3,49312,173.89113,116,MAGNA MAX PVT. LTD. - NEPAL,FEME,FEME RITZ,FEME RITZ-ULTRA THIN WINGS PPH 6 NO,PLPCH,6.000 NO,,,6.0,NO,0.0
49,2023-02-17,202302,1,124918061,21209010001,1676356587044,99764881,116,MAGNA MAX PVT. LTD. - NEPAL,WHISPAD SUPER ULTRA,WHISPAD/SUPER ULTRA/XL WINGS 6 PADS,75.0,PPH,XL,,1676356587044-magna max pvt- ltd- - nepal-whispad super ultra#3.png,RECODING,5,4,92018106,179.9957,116,MAGNA MAX PVT. LTD. - NEPAL,FEME,FEME,FEME-DRY PPH 8 NOS,PLPCH,8.000 NO,,,8.0,NO,0.0
49,2023-02-17,202302,1,124918061,21209010001,1676356587044,99764881,116,MAGNA MAX PVT. LTD. - NEPAL,WHISPAD SUPER ULTRA,WHISPAD/SUPER ULTRA/XL WINGS 6 PADS,75.0,PPH,XL,,1676356587044-magna max pvt- ltd- - nepal-whispad super ultra#3.png,RECODING,5,5,54646,181.13614,122,SWADESHI SABUN UDHYOG-NEPAL,AAHA,AAHA,AAHA-PPH 2900 GM,PLPCH,2900.000 GM,,,2900.0,GM,0.0
49,2023-02-17,202302,1,124918061,21209010001,1676356587044,99764881,116,MAGNA MAX PVT. LTD. - NEPAL,WHISPAD SUPER ULTRA,WHISPAD/SUPER ULTRA/XL WINGS 6 PADS,75.0,PPH,XL,,1676356587044-magna max pvt- ltd- - nepal-whispad super ultra#3.png,RECODING,5,6,99763857,181.27835,123,EVEREST SABUN UDHYOG-NEPAL,MECHI,MECHI SUPER,MECHI SUPER-LEMON & WOODASH EWP 150 GM,EWRPK,150.000 GM,,,150.0,GM,20.0
49,2023-02-17,202302,1,124918061,21209010001,1676356587044,99764881,116,MAGNA MAX PVT. LTD. - NEPAL,WHISPAD SUPER ULTRA,WHISPAD/SUPER ULTRA/XL WINGS 6 PADS,75.0,PPH,XL,,1676356587044-magna max pvt- ltd- - nepal-whispad super ultra#3.png,RECODING,5,7,52145,181.69553,116,MAGNA MAX PVT. LTD. - NEPAL,FEME,FEME CLASSIC,FEME CLASSIC-BLUE PPH 8 NOS-WITH WINGS,PLPCH,8.000 NO,,,8.0,NO,0.0
49,2023-02-17,202302,1,124918061,21209010001,1676356587044,99764881,116,MAGNA MAX PVT. LTD. - NEPAL,WHISPAD SUPER ULTRA,WHISPAD/SUPER ULTRA/XL WINGS 6 PADS,75.0,PPH,XL,,1676356587044-magna max pvt- ltd- - nepal-whispad super ultra#3.png,RECODING,5,8,49587,181.75652,123,G.S.I.P.LTD-NEPAL,XPERT,XPERT,XPERT-UNWRP 250 GMS,UNWRP,250.000 GM,,,250.0,GM,0.0
49,2023-02-17,202302,1,124918061,21209010001,1676356587044,99764881,116,MAGNA MAX PVT. LTD. - NEPAL,WHISPAD SUPER ULTRA,WHISPAD/SUPER ULTRA/XL WINGS 6 PADS,75.0,PPH,XL,,1676356587044-magna max pvt- ltd- - nepal-whispad super ultra#3.png,RECODING,5,9,92916530,182.18336,123,UNILEVER NEPAL LTD-NEPAL,SUPER O.K.,SUPER O.K.,SUPER O.K.-EWP 200 GMS,EWRPK,200.000 GM,,,200.0,GM,0.0
49,2023-02-17,202302,1,124918061,21209010001,1676356587044,99764881,116,MAGNA MAX PVT. LTD. - NEPAL,WHISPAD SUPER ULTRA,WHISPAD/SUPER ULTRA/XL WINGS 6 PADS,75.0,PPH,XL,,1676356587044-magna max pvt- ltd- - nepal-whispad super ultra#3.png,RECODING,5,10,50126,182.43118,123,SWADESHI SABUN UDHYOG-NEPAL,AAHA,AAHA,AAHA-PPH 220 GM,PLPCH,220.000 GM,,,220.0,GM,0.0
50,2023-02-17,202302,1,123325776,12303010017,1676283051388,99764871,106,LOTTE INDIA CORPORATION LTD-INDIA,LOTTE COCONUT PUNCH,LOTTE COCONUT PUNCH PCN 798GM,500.0,PCN,798GM,,1676283051388-lotte india corporation ltd-india-lotte coconut punch#3.png,RECODING,5,1,99764871,125.92471,106,LOTTE INDIA-INDIA,LOTTE,LOTTE COCONUT PUNCH,LOTTE COCONUT PUNCH-PCN 760 GM+38 GM FREE,PLJAR,760.000 GM,COCONUT,,798.0,GM,500.0
50,2023-02-17,202302,1,123325776,12303010017,1676283051388,99764871,106,LOTTE INDIA CORPORATION LTD-INDIA,LOTTE COCONUT PUNCH,LOTTE COCONUT PUNCH PCN 798GM,500.0,PCN,798GM,,1676283051388-lotte india corporation ltd-india-lotte coconut punch#3.png,RECODING,5,2,99764497,172.02881,106,LOTTE INDIA-INDIA,LOTTE,LOTTE ECLAIRS,LOTTE ECLAIRS- CHOCO PCN 714 GM,PLJAR,714.000 GM,CHOCOLATE,,714.0,GM,500.0
50,2023-02-17,202302,1,123325776,12303010017,1676283051388,99764871,106,LOTTE INDIA CORPORATION LTD-INDIA,LOTTE COCONUT PUNCH,LOTTE COCONUT PUNCH PCN 798GM,500.0,PCN,798GM,,1676283051388-lotte india corporation ltd-india-lotte coconut punch#3.png,RECODING,5,3,99764746,172.15665,106,LOTTE INDIA-INDIA,LOTTE,LOTTE JUICIES,LOTTE JUICIES-ASSORRED PCN 840 GM,PLJAR,840.000 GM,ASSORTED,,840.0,GM,500.0
50,2023-02-17,202302,1,123325776,12303010017,1676283051388,99764871,106,LOTTE INDIA CORPORATION LTD-INDIA,LOTTE COCONUT PUNCH,LOTTE COCONUT PUNCH PCN 798GM,500.0,PCN,798GM,,1676283051388-lotte india corporation ltd-india-lotte coconut punch#3.png,RECODING,5,4,99763332,189.22446,106,LOTTE INDIA-INDIA,LOTTE,LOTTE JUICIES,LOTTE JUICIES-ORANGE PPH 4.5 GM,PLPCH,4.500 GM,ORANGE,,4.5,GM,2.0
50,2023-02-17,202302,1,123325776,12303010017,1676283051388,99764871,106,LOTTE INDIA CORPORATION LTD-INDIA,LOTTE COCONUT PUNCH,LOTTE COCONUT PUNCH PCN 798GM,500.0,PCN,798GM,,1676283051388-lotte india corporation ltd-india-lotte coconut punch#3.png,RECODING,5,5,99764723,189.39532,106,LOTTE INDIA-INDIA,LOTTE,LOTTE COFFY BITE,LOTTE COFFY BITE-RICH COFFEE TOFFEE PCN 836 GM,PLJAR,836.000 GM,COFFEE,,836.0,GM,500.0
50,2023-02-17,202302,1,123325776,12303010017,1676283051388,99764871,106,LOTTE INDIA CORPORATION LTD-INDIA,LOTTE COCONUT PUNCH,LOTTE COCONUT PUNCH PCN 798GM,500.0,PCN,798GM,,1676283051388-lotte india corporation ltd-india-lotte coconut punch#3.png,RECODING,5,6,91826225,191.08765,106,LOTTE INDIA-INDIA,LOTTE,LOTTE SPOUT,LOTTE SPOUT- BANANA PPH 3.4 GM,PLPCH,3.400 GM,BANANA,,3.4,GM,0.0
50,2023-02-17,202302,1,123325776,12303010017,1676283051388,99764871,106,LOTTE INDIA CORPORATION LTD-INDIA,LOTTE COCONUT PUNCH,LOTTE COCONUT PUNCH PCN 798GM,500.0,PCN,798GM,,1676283051388-lotte india corporation ltd-india-lotte coconut punch#3.png,RECODING,5,7,91826751,192.198,106,LOTTE INDIA-INDIA,LOTTE,LOTTE SPOUT,LOTTE SPOUT- PINEAPPLE PPH 3.8 GM,PLPCH,3.800 GM,PINEAPPLE,,3.8,GM,0.0
50,2023-02-17,202302,1,123325776,12303010017,1676283051388,99764871,106,LOTTE INDIA CORPORATION LTD-INDIA,LOTTE COCONUT PUNCH,LOTTE COCONUT PUNCH PCN 798GM,500.0,PCN,798GM,,1676283051388-lotte india corporation ltd-india-lotte coconut punch#3.png,RECODING,5,8,45794,193.46494,106,LOTTE INDIA-INDIA,LOTTE,LOTTE SPOUT,LOTTE SPOUT- BANANA PPH 3.2 GM,PLPCH,3.200 GM,BANANA,,3.2,GM,0.0
50,2023-02-17,202302,1,123325776,12303010017,1676283051388,99764871,106,LOTTE INDIA CORPORATION LTD-INDIA,LOTTE COCONUT PUNCH,LOTTE COCONUT PUNCH PCN 798GM,500.0,PCN,798GM,,1676283051388-lotte india corporation ltd-india-lotte coconut punch#3.png,RECODING,5,9,91826971,193.83743,106,LOTTE INDIA-INDIA,LOTTE,LOTTE BOOPROO,LOTTE BOOPROO- PINEAPPLE PPH 3.2 GM,PLPCH,3.200 GM,PINEAPPLE,,3.2,GM,0.0
50,2023-02-17,202302,1,123325776,12303010017,1676283051388,99764871,106,LOTTE INDIA CORPORATION LTD-INDIA,LOTTE COCONUT PUNCH,LOTTE COCONUT PUNCH PCN 798GM,500.0,PCN,798GM,,1676283051388-lotte india corporation ltd-india-lotte coconut punch#3.png,RECODING,5,10,99763266,193.84955,106,LOTTE INDIA-INDIA,LOTTE,LOTTE JUICIES,LOTTE JUICIES-MANGO PPH 4.5 GM,PLPCH,4.500 GM,MANGO,,4.5,GM,2.0
51,2023-02-17,202302,1,128954945,32201010017,1676184548894,99764872,106,M G FOOD PRODUCTS - INDIA,AMBER TENGO,AMBER TENGO KERY FLAVOURED MASALA CANDY/450GM/PPH/M G FOOD PRODUCTS - INDIA,150.0,PPH,450GM,,1676184548894-m g food products - india-amber tengo#3.png,RECODING,5,1,99764872,74.14842,106,M G FOOD PRODUCTS - INDIA,AMBER,AMBER TENGO,AMBER TENGO-KERY FLAVOURED MASALA CANDY PPH 450 GM,PLPCH,450.000 GM,MANGO,,450.0,GM,130.0
51,2023-02-17,202302,1,128954945,32201010017,1676184548894,99764872,106,M G FOOD PRODUCTS - INDIA,AMBER TENGO,AMBER TENGO KERY FLAVOURED MASALA CANDY/450GM/PPH/M G FOOD PRODUCTS - INDIA,150.0,PPH,450GM,,1676184548894-m g food products - india-amber tengo#3.png,RECODING,5,2,49605,88.656494,106,AMBER NUTRITION PVT LTD-INDIA,AMBER,AMBER TENGO,AMBER TENGO-KERY MASALA CANDY PPH 3 GM,PLPCH,3.000 GM,MASALA,,3.0,GM,0.0
51,2023-02-17,202302,1,128954945,32201010017,1676184548894,99764872,106,M G FOOD PRODUCTS - INDIA,AMBER TENGO,AMBER TENGO KERY FLAVOURED MASALA CANDY/450GM/PPH/M G FOOD PRODUCTS - INDIA,150.0,PPH,450GM,,1676184548894-m g food products - india-amber tengo#3.png,RECODING,5,3,45958,89.32115,106,AMBER NUTRITION PVT LTD-INDIA,RJ TENGO KERY,RJ TENGO KERY,RJ TENGO KERY-MASALA CANDY PPH 3 GM,PLPCH,3.000 GM,MASALA,,3.0,GM,0.0
51,2023-02-17,202302,1,128954945,32201010017,1676184548894,99764872,106,M G FOOD PRODUCTS - INDIA,AMBER TENGO,AMBER TENGO KERY FLAVOURED MASALA CANDY/450GM/PPH/M G FOOD PRODUCTS - INDIA,150.0,PPH,450GM,,1676184548894-m g food products - india-amber tengo#3.png,RECODING,5,4,99763580,114.3886,106,M G FOOD PRODUCTS - INDIA,AMBER,AMBER TENGO,AMBER TENGO-KHATTA AAM PPH 3 GM,PLPCH,3.000 GM,MANGO,,3.0,GM,1.0
51,2023-02-17,202302,1,128954945,32201010017,1676184548894,99764872,106,M G FOOD PRODUCTS - INDIA,AMBER TENGO,AMBER TENGO KERY FLAVOURED MASALA CANDY/450GM/PPH/M G FOOD PRODUCTS - INDIA,150.0,PPH,450GM,,1676184548894-m g food products - india-amber tengo#3.png,RECODING,5,5,91827315,117.973206,106,M G FOOD PRODUCTS - INDIA,R & J,R & J TENGO,R & J TENGO- KERRY MASALA CANDY PPH 3.15 GM,PLPCH,3.150 GM,KERRY MASALA,,3.15,GM,0.0
51,2023-02-17,202302,1,128954945,32201010017,1676184548894,99764872,106,M G FOOD PRODUCTS - INDIA,AMBER TENGO,AMBER TENGO KERY FLAVOURED MASALA CANDY/450GM/PPH/M G FOOD PRODUCTS - INDIA,150.0,PPH,450GM,,1676184548894-m g food products - india-amber tengo#3.png,RECODING,5,6,99763530,119.64632,106,M G FOOD PRODUCTS - INDIA,AMBER,AMBER TENGO,AMBER TENGO-KHATTA AAM PPH 2.8 GM,PLPCH,2.800 GM,MANGO,,2.8,GM,1.0
51,2023-02-17,202302,1,128954945,32201010017,1676184548894,99764872,106,M G FOOD PRODUCTS - INDIA,AMBER TENGO,AMBER TENGO KERY FLAVOURED MASALA CANDY/450GM/PPH/M G FOOD PRODUCTS - INDIA,150.0,PPH,450GM,,1676184548894-m g food products - india-amber tengo#3.png,RECODING,5,7,99763707,132.66113,106,KING NUTRI FOOD-INDIA,TENGI,TENGI TREAT,TENGI TREAT-MASALA CANDY PPH 2.8 GM,PLPCH,2.800 GM,MANGO,,2.8,GM,1.0
51,2023-02-17,202302,1,128954945,32201010017,1676184548894,99764872,106,M G FOOD PRODUCTS - INDIA,AMBER TENGO,AMBER TENGO KERY FLAVOURED MASALA CANDY/450GM/PPH/M G FOOD PRODUCTS - INDIA,150.0,PPH,450GM,,1676184548894-m g food products - india-amber tengo#3.png,RECODING,5,8,99763835,138.26016,106,M G FOOD PRODUCTS - INDIA,AMBER,AMBER PAAN TARANG,AMBER PAAN TARANG-PPH 3 GM,PLPCH,3.000 GM,PAAN,,3.0,GM,1.0
51,2023-02-17,202302,1,128954945,32201010017,1676184548894,99764872,106,M G FOOD PRODUCTS - INDIA,AMBER TENGO,AMBER TENGO KERY FLAVOURED MASALA CANDY/450GM/PPH/M G FOOD PRODUCTS - INDIA,150.0,PPH,450GM,,1676184548894-m g food products - india-amber tengo#3.png,RECODING,5,9,91826315,139.3806,106,AMBER CONFECTIONERY-INDIA,AMBER,AMBER TANGY TWIST,AMBER TANGY TWIST-MANGO MASALA PPH 3.15 GM,PLPCH,3.150 GM,MANGO,,3.15,GM,0.0
51,2023-02-17,202302,1,128954945,32201010017,1676184548894,99764872,106,M G FOOD PRODUCTS - INDIA,AMBER TENGO,AMBER TENGO KERY FLAVOURED MASALA CANDY/450GM/PPH/M G FOOD PRODUCTS - INDIA,150.0,PPH,450GM,,1676184548894-m g food products - india-amber tengo#3.png,RECODING,5,10,48240,141.5979,106,AMBER NUTRITION PVT LTD-INDIA,AMBER,AMBER TENGO,AMBER TENGO-KHATTA AAM PPH 3 GM,PLPCH,3.000 GM,MANGO,,3.0,GM,0.0
52,2023-02-17,202302,1,111740086,12101010025,1676167652963,99764855,106,SUJAL FOODS PVT LTD-NEPAL,SUJAL ECLAIRS,SUJAL ECLAIRS- MILK CHOCOLATE PPH 320GM.,135.0,PPH,320GM.,,1676167652963-sujal foods pvt ltd-nepal-sujal eclairs#3.png,RECODING,5,1,99764855,72.20183,106,SUJAL FOODS PVT LTD-NEPAL,SUJAL,SUJAL ECLAIRS,SUJAL ECLAIRS- MILK CHOCOLATE PPH 320 GM,PLPCH,320.000 GM,MILK CHOCOLATE,,320.0,GM,130.0
52,2023-02-17,202302,1,111740086,12101010025,1676167652963,99764855,106,SUJAL FOODS PVT LTD-NEPAL,SUJAL ECLAIRS,SUJAL ECLAIRS- MILK CHOCOLATE PPH 320GM.,135.0,PPH,320GM.,,1676167652963-sujal foods pvt ltd-nepal-sujal eclairs#3.png,RECODING,5,2,99764570,76.187386,106,SUJAL FOODS PVT LTD-NEPAL,SUJAL,SUJAL ECLAIRS,SUJAL ECLAIRS- MILK CHOCOLATE PPH 275 GM,PLPCH,275.000 GM,MILK CHOCOLATE,,275.0,GM,85.0
52,2023-02-17,202302,1,111740086,12101010025,1676167652963,99764855,106,SUJAL FOODS PVT LTD-NEPAL,SUJAL ECLAIRS,SUJAL ECLAIRS- MILK CHOCOLATE PPH 320GM.,135.0,PPH,320GM.,,1676167652963-sujal foods pvt ltd-nepal-sujal eclairs#3.png,RECODING,5,3,91826189,76.48614,106,SUJAL FOODS PVT LTD-NEPAL,SUJAL,SUJAL ECLAIRS,SUJAL ECLAIRS- MILK CHOCOLATE PPH 3 GM,PLPCH,3.000 GM,MILK CHOCOLATE,,3.0,GM,0.0
52,2023-02-17,202302,1,111740086,12101010025,1676167652963,99764855,106,SUJAL FOODS PVT LTD-NEPAL,SUJAL ECLAIRS,SUJAL ECLAIRS- MILK CHOCOLATE PPH 320GM.,135.0,PPH,320GM.,,1676167652963-sujal foods pvt ltd-nepal-sujal eclairs#3.png,RECODING,5,4,99764701,77.24705,106,SUJAL FOODS PVT LTD-NEPAL,SUJAL,SUJAL ECLAIRS,SUJAL ECLAIRS- MILK CHOCOLATE PPH 290 GM,PLPCH,290.000 GM,MILK CHOCOLATE,,290.0,GM,80.0
52,2023-02-17,202302,1,111740086,12101010025,1676167652963,99764855,106,SUJAL FOODS PVT LTD-NEPAL,SUJAL ECLAIRS,SUJAL ECLAIRS- MILK CHOCOLATE PPH 320GM.,135.0,PPH,320GM.,,1676167652963-sujal foods pvt ltd-nepal-sujal eclairs#3.png,RECODING,5,5,99764542,79.56045,106,SUJAL FOODS PVT LTD-NEPAL,SUJAL,SUJAL ECLAIRS,SUJAL ECLAIRS- MILK CHOCOLATE PCN 1740 GM,PLJAR,1740.000 GM,MILK CHOCOLATE,,1740.0,GM,500.0
52,2023-02-17,202302,1,111740086,12101010025,1676167652963,99764855,106,SUJAL FOODS PVT LTD-NEPAL,SUJAL ECLAIRS,SUJAL ECLAIRS- MILK CHOCOLATE PPH 320GM.,135.0,PPH,320GM.,,1676167652963-sujal foods pvt ltd-nepal-sujal eclairs#3.png,RECODING,5,6,99764826,79.983154,106,SUJAL FOODS PVT LTD-NEPAL,SUJAL,SUJAL ECLAIRS,SUJAL ECLAIRS- MILK CHOCOLATE PCN 1650 GM,PLJAR,1650.000 GM,MILK CHOCOLATE,,1650.0,GM,600.0
52,2023-02-17,202302,1,111740086,12101010025,1676167652963,99764855,106,SUJAL FOODS PVT LTD-NEPAL,SUJAL ECLAIRS,SUJAL ECLAIRS- MILK CHOCOLATE PPH 320GM.,135.0,PPH,320GM.,,1676167652963-sujal foods pvt ltd-nepal-sujal eclairs#3.png,RECODING,5,7,99764540,80.94938,106,SUJAL FOODS PVT LTD-NEPAL,SUJAL,SUJAL ECLAIRS,SUJAL ECLAIRS- MILK CHOCOLATE PCN 550 GM,PLJAR,550.000 GM,MILK CHOCOLATE,,550.0,GM,170.0
52,2023-02-17,202302,1,111740086,12101010025,1676167652963,99764855,106,SUJAL FOODS PVT LTD-NEPAL,SUJAL ECLAIRS,SUJAL ECLAIRS- MILK CHOCOLATE PPH 320GM.,135.0,PPH,320GM.,,1676167652963-sujal foods pvt ltd-nepal-sujal eclairs#3.png,RECODING,5,8,99764671,82.13836,106,SUJAL FOODS PVT LTD-NEPAL,SUJAL,SUJAL ECLAIRS,SUJAL ECLAIRS- MILK CHOCOLATE PCN 720 GM,PLJAR,720.000 GM,MILK CHOCOLATE,,720.0,GM,350.0
52,2023-02-17,202302,1,111740086,12101010025,1676167652963,99764855,106,SUJAL FOODS PVT LTD-NEPAL,SUJAL ECLAIRS,SUJAL ECLAIRS- MILK CHOCOLATE PPH 320GM.,135.0,PPH,320GM.,,1676167652963-sujal foods pvt ltd-nepal-sujal eclairs#3.png,RECODING,5,9,99764541,83.10684,106,SUJAL FOODS PVT LTD-NEPAL,SUJAL,SUJAL ECLAIRS,SUJAL ECLAIRS- MILK CHOCOLATE PCN 580 GM,PLJAR,580.000 GM,MILK CHOCOLATE,,580.0,GM,200.0
52,2023-02-17,202302,1,111740086,12101010025,1676167652963,99764855,106,SUJAL FOODS PVT LTD-NEPAL,SUJAL ECLAIRS,SUJAL ECLAIRS- MILK CHOCOLATE PPH 320GM.,135.0,PPH,320GM.,,1676167652963-sujal foods pvt ltd-nepal-sujal eclairs#3.png,RECODING,5,10,99763802,90.43359,106,SUJAL FOODS PVT LTD-NEPAL,SUJAL,SUJAL ECLAIRS,SUJAL ECLAIRS- MILK CHOCOLATE EWP 4 GM,EWRPK,4.000 GM,MILK CHOCOLATE,,4.0,GM,2.0
53,2023-02-17,202302,1,130403386,52303010011,1676266727621,99764866,106,DABUR NEPAL LTD.-NEPAL,HAJMOLA CANDY ,HAJMOLA CANDY/KHATTI MEETHI/550GM/PCN,160.0,PCN,550GM ,,1676266727621-dabur nepal ltd--nepal-hajmola candy #3.png,RECODING,5,1,99764866,91.32347,106,DABUR NEPAL LTD.-NEPAL,DABUR,DABUR HAJMOLA CANDY,DABUR HAJMOLA CANDY-KHATTI METTHI PCN 550 GM,PLJAR,550.000 GM,KHATTI MITTHI,,550.0,GM,160.0
53,2023-02-17,202302,1,130403386,52303010011,1676266727621,99764866,106,DABUR NEPAL LTD.-NEPAL,HAJMOLA CANDY ,HAJMOLA CANDY/KHATTI MEETHI/550GM/PCN,160.0,PCN,550GM ,,1676266727621-dabur nepal ltd--nepal-hajmola candy #3.png,RECODING,5,2,91826288,99.741425,106,DABUR NEPAL LTD.-NEPAL,DABUR,DABUR HAJMOLA CANDY,DABUR HAJMOLA CANDY-KHATTI METTHI PPH 4 GM,PLPCH,4.000 GM,KHATTI MITTHI,,4.0,GM,0.0
53,2023-02-17,202302,1,130403386,52303010011,1676266727621,99764866,106,DABUR NEPAL LTD.-NEPAL,HAJMOLA CANDY ,HAJMOLA CANDY/KHATTI MEETHI/550GM/PCN,160.0,PCN,550GM ,,1676266727621-dabur nepal ltd--nepal-hajmola candy #3.png,RECODING,5,3,47151,99.946465,106,DABUR NEPAL LTD.-NEPAL,DABUR,DABUR HAJMOLA CANDY,DABUR HAJMOLA CANDY-KHATTI METTHI PPH 2.5 GM,PLPCH,2.500 GM,KHATTI MITTHI,,2.5,GM,0.0
53,2023-02-17,202302,1,130403386,52303010011,1676266727621,99764866,106,DABUR NEPAL LTD.-NEPAL,HAJMOLA CANDY ,HAJMOLA CANDY/KHATTI MEETHI/550GM/PCN,160.0,PCN,550GM ,,1676266727621-dabur nepal ltd--nepal-hajmola candy #3.png,RECODING,5,4,91826287,113.18585,106,DABUR NEPAL LTD.-NEPAL,DABUR,DABUR HAJMOLA CANDY,DABUR HAJMOLA CANDY-CHULBULI IMLI PPH 4 GM,PLPCH,4.000 GM,IMLI,,4.0,GM,0.0
53,2023-02-17,202302,1,130403386,52303010011,1676266727621,99764866,106,DABUR NEPAL LTD.-NEPAL,HAJMOLA CANDY ,HAJMOLA CANDY/KHATTI MEETHI/550GM/PCN,160.0,PCN,550GM ,,1676266727621-dabur nepal ltd--nepal-hajmola candy #3.png,RECODING,5,5,91826286,130.57199,106,DABUR NEPAL LTD.-NEPAL,DABUR,DABUR HAJMOLA CANDY,DABUR HAJMOLA CANDY-ALBELA AAM PPH 4 GM,PLPCH,4.000 GM,MANGO,,4.0,GM,0.0
53,2023-02-17,202302,1,130403386,52303010011,1676266727621,99764866,106,DABUR NEPAL LTD.-NEPAL,HAJMOLA CANDY ,HAJMOLA CANDY/KHATTI MEETHI/550GM/PCN,160.0,PCN,550GM ,,1676266727621-dabur nepal ltd--nepal-hajmola candy #3.png,RECODING,5,6,46674,140.9354,106,CHANDESWORI INDUSTRIES-NEPAL,RASILO,RASILO,RASILO-HAJAMGOLA CANDY PPH 2.5 GM,PLPCH,2.500 GM,UNSPECIFIED,,2.5,GM,0.0
53,2023-02-17,202302,1,130403386,52303010011,1676266727621,99764866,106,DABUR NEPAL LTD.-NEPAL,HAJMOLA CANDY ,HAJMOLA CANDY/KHATTI MEETHI/550GM/PCN,160.0,PCN,550GM ,,1676266727621-dabur nepal ltd--nepal-hajmola candy #3.png,RECODING,5,7,99764874,142.52728,106,PERFECT FOODS PVT LTD-NEPAL,CANDY BEE,CANDY BEE HAJMOLA,CANDY BEE HAJMOLA-PCN 720 GM,PLJAR,720.000 GM,UNSPECIFIED,,720.0,GM,250.0
53,2023-02-17,202302,1,130403386,52303010011,1676266727621,99764866,106,DABUR NEPAL LTD.-NEPAL,HAJMOLA CANDY ,HAJMOLA CANDY/KHATTI MEETHI/550GM/PCN,160.0,PCN,550GM ,,1676266727621-dabur nepal ltd--nepal-hajmola candy #3.png,RECODING,5,8,99763624,150.1052,106,SAGUN FOODS PVT LTD-NEPAL,FUNNY,FUNNY CHULBULE HAJMA CANDY,FUNNY CHULBULE HAJMA CANDY-PPH 3.5 GM,PLPCH,3.500 GM,UNSPECIFIED,,3.5,GM,1.0
53,2023-02-17,202302,1,130403386,52303010011,1676266727621,99764866,106,DABUR NEPAL LTD.-NEPAL,HAJMOLA CANDY ,HAJMOLA CANDY/KHATTI MEETHI/550GM/PCN,160.0,PCN,550GM ,,1676266727621-dabur nepal ltd--nepal-hajmola candy #3.png,RECODING,5,9,91827179,150.64192,106,CHANDESWORI INDUSTRIES-NEPAL,MOTU PATLU,MOTU PATLU,MOTU PATLU- COLA CANDY - PPH 4 GM,PLPCH,4.000 GM,COLA,,4.0,GM,0.0
53,2023-02-17,202302,1,130403386,52303010011,1676266727621,99764866,106,DABUR NEPAL LTD.-NEPAL,HAJMOLA CANDY ,HAJMOLA CANDY/KHATTI MEETHI/550GM/PCN,160.0,PCN,550GM ,,1676266727621-dabur nepal ltd--nepal-hajmola candy #3.png,RECODING,5,10,99764584,158.60606,106,SUJAL FOODS PVT LTD-NEPAL,RASILO CANDY,RASILO CANDY,RASILO CANDY- CHATPATA MAZZA PPH 335 GM,PLPCH,335.000 GM,UNSPECIFIED,,335.0,GM,100.0
54,2023-02-17,202302,1,130403386,52303010011,1676267563190,99764894,132,HEALTH & HYGIENE PRODUCT-NP,BABA'S NAPPY,BABA'S NAPPY SUPER DRY PANTS/LARGE/4 PANTS/PPH,100.0,PPH,5 PANTS,,1676267563190-health - hygiene product-np-baba-s nappy#3.png,RECODING,5,1,99762722,96.30211,132,HEALTH & HYGIENE PRODUCT-NP,BABA'S NAPPY,BABA'S NAPPY,BABA'S NAPPY-SUPER DRY BABY PANTS LARGE(L) PPH 5 NOS,PLPCH,5.000 NO,,,5.0,NO,100.0
54,2023-02-17,202302,1,130403386,52303010011,1676267563190,99764894,132,HEALTH & HYGIENE PRODUCT-NP,BABA'S NAPPY,BABA'S NAPPY SUPER DRY PANTS/LARGE/4 PANTS/PPH,100.0,PPH,5 PANTS,,1676267563190-health - hygiene product-np-baba-s nappy#3.png,RECODING,5,2,99762685,100.01987,132,HEALTH & HYGIENE PRODUCT-NP,BABA'S NAPPY,BABA'S NAPPY,BABA'S NAPPY-SUPER DRY BABY PANTS MEDIUM(M) PPH 5 NOS,PLPCH,5.000 NO,,,5.0,NO,100.0
54,2023-02-17,202302,1,130403386,52303010011,1676267563190,99764894,132,HEALTH & HYGIENE PRODUCT-NP,BABA'S NAPPY,BABA'S NAPPY SUPER DRY PANTS/LARGE/4 PANTS/PPH,100.0,PPH,5 PANTS,,1676267563190-health - hygiene product-np-baba-s nappy#3.png,RECODING,5,3,99764894,100.26022,132,HEALTH & HYGIENE PRODUCT-NP,BABA'S NAPPY,BABA'S NAPPY,BABA'S NAPPY-SUPER DRY BABY PANTS LARGE(L) PPH 4 NOS,PLPCH,4.000 NO,,,4.0,NO,100.0
54,2023-02-17,202302,1,130403386,52303010011,1676267563190,99764894,132,HEALTH & HYGIENE PRODUCT-NP,BABA'S NAPPY,BABA'S NAPPY SUPER DRY PANTS/LARGE/4 PANTS/PPH,100.0,PPH,5 PANTS,,1676267563190-health - hygiene product-np-baba-s nappy#3.png,RECODING,5,4,99762721,100.4543,132,HEALTH & HYGIENE PRODUCT-NP,BABA'S NAPPY,BABA'S NAPPY,BABA'S NAPPY-SUPER DRY BABY PANTS SMALL(S) PPH 5 NOS,PLPCH,5.000 NO,,,5.0,NO,100.0
54,2023-02-17,202302,1,130403386,52303010011,1676267563190,99764894,132,HEALTH & HYGIENE PRODUCT-NP,BABA'S NAPPY,BABA'S NAPPY SUPER DRY PANTS/LARGE/4 PANTS/PPH,100.0,PPH,5 PANTS,,1676267563190-health - hygiene product-np-baba-s nappy#3.png,RECODING,5,5,99762686,101.875175,132,HEALTH & HYGIENE PRODUCT-NP,BABA'S NAPPY,BABA'S NAPPY,BABA'S NAPPY-SUPER DRY BABY PANTS EXTRA LARGE(XL) PPH 4 NOS,PLPCH,4.000 NO,,,4.0,NO,100.0
54,2023-02-17,202302,1,130403386,52303010011,1676267563190,99764894,132,HEALTH & HYGIENE PRODUCT-NP,BABA'S NAPPY,BABA'S NAPPY SUPER DRY PANTS/LARGE/4 PANTS/PPH,100.0,PPH,5 PANTS,,1676267563190-health - hygiene product-np-baba-s nappy#3.png,RECODING,5,6,99762795,102.442505,132,HEALTH & HYGIENE PRODUCT-NP,BABA'S NAPPY,BABA'S NAPPY,BABA'S NAPPY-SUPER DRY BABY PANTS SMALL(S) PPH 6 NOS,PLPCH,6.000 NO,,,6.0,NO,100.0
54,2023-02-17,202302,1,130403386,52303010011,1676267563190,99764894,132,HEALTH & HYGIENE PRODUCT-NP,BABA'S NAPPY,BABA'S NAPPY SUPER DRY PANTS/LARGE/4 PANTS/PPH,100.0,PPH,5 PANTS,,1676267563190-health - hygiene product-np-baba-s nappy#3.png,RECODING,5,7,99762691,186.13515,132,SHUDH PLUS HYGIENE PROD-IN,NIINE,NIINE DIAPER PANTS,NIINE DIAPER PANTS-LARGE(L) PPH 34 NOS,PLPCH,34.000 NO,,,34.0,NO,680.0
54,2023-02-17,202302,1,130403386,52303010011,1676267563190,99764894,132,HEALTH & HYGIENE PRODUCT-NP,BABA'S NAPPY,BABA'S NAPPY SUPER DRY PANTS/LARGE/4 PANTS/PPH,100.0,PPH,5 PANTS,,1676267563190-health - hygiene product-np-baba-s nappy#3.png,RECODING,5,8,99764549,191.78505,123,BABA SOAP INDUSTRIES - NEPAL,BABA,BABA ZOOM,BABA ZOOM-PREMIUM LAUNDRY SOAP PPH 200 GM,PLPCH,200.000 GM,,,200.0,GM,40.0
54,2023-02-17,202302,1,130403386,52303010011,1676267563190,99764894,132,HEALTH & HYGIENE PRODUCT-NP,BABA'S NAPPY,BABA'S NAPPY SUPER DRY PANTS/LARGE/4 PANTS/PPH,100.0,PPH,5 PANTS,,1676267563190-health - hygiene product-np-baba-s nappy#3.png,RECODING,5,9,99763859,193.58813,132,JASMINE HYGIENIC - NEPAL,SOFT & DRY,SOFT & DRY,SOFT & DRY-PREMIUM PANTS SMALL (S) PPH 60 NOS,PLPCH,60.000 NO,,,60.0,NO,999.0
54,2023-02-17,202302,1,130403386,52303010011,1676267563190,99764894,132,HEALTH & HYGIENE PRODUCT-NP,BABA'S NAPPY,BABA'S NAPPY SUPER DRY PANTS/LARGE/4 PANTS/PPH,100.0,PPH,5 PANTS,,1676267563190-health - hygiene product-np-baba-s nappy#3.png,RECODING,5,10,99763609,193.592,132,JASMINE HYGIENIC - NEPAL,SOFT & DRY,SOFT & DRY,SOFT & DRY-PREMIUM PANTS LARGE (L) PPH 46 NOS,PLPCH,46.000 NO,,,46.0,NO,999.0
55,2023-02-17,202302,1,130403386,52303010011,1676265360780,99764869,106,HIMADRI FOOD-NEPAL,PRAN KOKO,PRAN KOKO/MILK LOLLYPOP/900GM/PCN,430.0,PCN,900GM ,,1676265360780-himadri food-nepal-pran koko#3.png,RECODING,5,1,99764869,88.946,106,HIMADRI FOOD-NEPAL,PRAN,PRAN KOKO,PRAN KOKO-MILK LOLLIPOP PCN 1000 GM,PLJAR,1000.000 GM,MILK,,1000.0,GM,430.0
55,2023-02-17,202302,1,130403386,52303010011,1676265360780,99764869,106,HIMADRI FOOD-NEPAL,PRAN KOKO,PRAN KOKO/MILK LOLLYPOP/900GM/PCN,430.0,PCN,900GM ,,1676265360780-himadri food-nepal-pran koko#3.png,RECODING,5,2,99762894,101.998314,106,HIMADRI FOOD-NEPAL,PRAN,PRAN KOKO,PRAN KOKO-MILK LOLLIPOP EWP 10 GM,EWRPK,10.000 GM,MILK,,10.0,GM,5.0
55,2023-02-17,202302,1,130403386,52303010011,1676265360780,99764869,106,HIMADRI FOOD-NEPAL,PRAN KOKO,PRAN KOKO/MILK LOLLYPOP/900GM/PCN,430.0,PCN,900GM ,,1676265360780-himadri food-nepal-pran koko#3.png,RECODING,5,3,99764582,114.80693,106,HIMADRI FOOD-NEPAL,PRAN,PRAN LOLLIPOP,PRAN LOLLIPOP-ASSORTED PCN 1000 GM,PLJAR,1000.000 GM,ASSORTED,,1000.0,GM,400.0
55,2023-02-17,202302,1,130403386,52303010011,1676265360780,99764869,106,HIMADRI FOOD-NEPAL,PRAN KOKO,PRAN KOKO/MILK LOLLYPOP/900GM/PCN,430.0,PCN,900GM ,,1676265360780-himadri food-nepal-pran koko#3.png,RECODING,5,4,51633,127.28918,106,HIMADRI FOOD-NEPAL,PRAN,PRAN KOKO,PRAN KOKO-COCONUT PPH 4 GM,PLPCH,4.000 GM,COCONUT,,4.0,GM,0.0
55,2023-02-17,202302,1,130403386,52303010011,1676265360780,99764869,106,HIMADRI FOOD-NEPAL,PRAN KOKO,PRAN KOKO/MILK LOLLYPOP/900GM/PCN,430.0,PCN,900GM ,,1676265360780-himadri food-nepal-pran koko#3.png,RECODING,5,5,52807,130.07515,106,HIMADRI FOOD-NEPAL,PRAN,PRAN KOKO,PRAN KOKO-PEANUT PPH 4 GM,PLPCH,4.000 GM,PEANUT,,4.0,GM,0.0
55,2023-02-17,202302,1,130403386,52303010011,1676265360780,99764869,106,HIMADRI FOOD-NEPAL,PRAN KOKO,PRAN KOKO/MILK LOLLYPOP/900GM/PCN,430.0,PCN,900GM ,,1676265360780-himadri food-nepal-pran koko#3.png,RECODING,5,6,47611,132.6997,106,HIMADRI FOOD-NEPAL,PRAN,PRAN MILK CANDY,PRAN MILK CANDY-PPH 2.5 GM,PLPCH,2.500 GM,MILK,,2.5,GM,0.0
55,2023-02-17,202302,1,130403386,52303010011,1676265360780,99764869,106,HIMADRI FOOD-NEPAL,PRAN KOKO,PRAN KOKO/MILK LOLLYPOP/900GM/PCN,430.0,PCN,900GM ,,1676265360780-himadri food-nepal-pran koko#3.png,RECODING,5,7,47468,136.38644,106,HIMADRI FOOD-NEPAL,PRAN,PRAN MR. MANGO,PRAN MR. MANGO-LOLLIPOP EWP 9 GM,EWRPK,9.000 GM,MANGO,,9.0,GM,0.0
55,2023-02-17,202302,1,130403386,52303010011,1676265360780,99764869,106,HIMADRI FOOD-NEPAL,PRAN KOKO,PRAN KOKO/MILK LOLLYPOP/900GM/PCN,430.0,PCN,900GM ,,1676265360780-himadri food-nepal-pran koko#3.png,RECODING,5,8,49476,138.69981,106,HIMADRI FOOD-NEPAL,PRAN,PRAN KOKO,PRAN KOKO-COCONUT EWP 10 GM,EWRPK,10.000 GM,COCONUT,,10.0,GM,0.0
55,2023-02-17,202302,1,130403386,52303010011,1676265360780,99764869,106,HIMADRI FOOD-NEPAL,PRAN KOKO,PRAN KOKO/MILK LOLLYPOP/900GM/PCN,430.0,PCN,900GM ,,1676265360780-himadri food-nepal-pran koko#3.png,RECODING,5,9,48931,147.12991,106,HIMADRI FOOD-NEPAL,PRAN,PRAN AAPRAS,PRAN AAPRAS-PPH 2.5 GM,PLPCH,2.500 GM,UNSPECIFIED,,2.5,GM,0.0
55,2023-02-17,202302,1,130403386,52303010011,1676265360780,99764869,106,HIMADRI FOOD-NEPAL,PRAN KOKO,PRAN KOKO/MILK LOLLYPOP/900GM/PCN,430.0,PCN,900GM ,,1676265360780-himadri food-nepal-pran koko#3.png,RECODING,5,10,99764772,148.67955,106,HIMADRI FOOD-NEPAL,PRAN,PRAN BUBBLE GUM,PRAN BUBBLE GUM-ASSORTED PCN 375 GM,PLJAR,375.000 GM,ASSORTED,,375.0,GM,150.0
56,2023-02-20,202302,1,121609101,31101010067,1676794961290,99764924,106,PERFETTI VAN MELLE-INDIA,CENTER FRESH,CENTER FRESH-SPEARMINT PCN 420GM,350.0,PCN,420GM ,,1676794961290-perfetti van melle-india-center fresh#3.png,RECODING,5,1,99764573,65.97183,106,PERFETTI VAN MELLE-INDIA,CENTER FRESH,CENTER FRESH,CENTER FRESH- SPEARMINT PCN 675 GM,PLJAR,675.000 GM,SPEARMINT,,675.0,GM,360.0
56,2023-02-20,202302,1,121609101,31101010067,1676794961290,99764924,106,PERFETTI VAN MELLE-INDIA,CENTER FRESH,CENTER FRESH-SPEARMINT PCN 420GM,350.0,PCN,420GM ,,1676794961290-perfetti van melle-india-center fresh#3.png,RECODING,5,2,99764636,66.7151,106,PERFETTI VAN MELLE-INDIA,CENTER FRESH,CENTER FRESH,CENTER FRESH- SPEARMINT PCN 450 GM,PLJAR,450.000 GM,SPEARMINT,,450.0,GM,300.0
56,2023-02-20,202302,1,121609101,31101010067,1676794961290,99764924,106,PERFETTI VAN MELLE-INDIA,CENTER FRESH,CENTER FRESH-SPEARMINT PCN 420GM,350.0,PCN,420GM ,,1676794961290-perfetti van melle-india-center fresh#3.png,RECODING,5,3,99764875,68.05167,106,PERFETTI VAN MELLE-INDIA,CENTER FRESH,CENTER FRESH,CENTER FRESH- SPEARMINT PCN 630 GM,PLJAR,630.000 GM,SPEARMINT,,630.0,GM,336.0
56,2023-02-20,202302,1,121609101,31101010067,1676794961290,99764924,106,PERFETTI VAN MELLE-INDIA,CENTER FRESH,CENTER FRESH-SPEARMINT PCN 420GM,350.0,PCN,420GM ,,1676794961290-perfetti van melle-india-center fresh#3.png,RECODING,5,4,99764605,68.52984,106,PERFETTI VAN MELLE-INDIA,CENTER FRESH,CENTER FRESH,CENTER FRESH- SPEARMINT PCN 420 GM,PLJAR,420.000 GM,SPEARMINT,,420.0,GM,350.0
56,2023-02-20,202302,1,121609101,31101010067,1676794961290,99764924,106,PERFETTI VAN MELLE-INDIA,CENTER FRESH,CENTER FRESH-SPEARMINT PCN 420GM,350.0,PCN,420GM ,,1676794961290-perfetti van melle-india-center fresh#3.png,RECODING,5,5,99764924,76.0119,106,PERFETTI VAN MELLE-INDIA,CENTER FRESH,CENTER FRESH,CENTER FRESH- SPEARMINT PCN 420 GM+30 GM FREE,PLJAR,420.000 GM,SPEARMINT,,450.0,GM,350.0
56,2023-02-20,202302,1,121609101,31101010067,1676794961290,99764924,106,PERFETTI VAN MELLE-INDIA,CENTER FRESH,CENTER FRESH-SPEARMINT PCN 420GM,350.0,PCN,420GM ,,1676794961290-perfetti van melle-india-center fresh#3.png,RECODING,5,6,91827429,77.62033,106,PERFETTI VAN MELLE-INDIA,CENTER FRESH,CENTER FRESH,CENTER FRESH- SPEARMINT PPH 3 GM,PLPCH,3.000 GM,SPEARMINT,,3.0,GM,0.0
56,2023-02-20,202302,1,121609101,31101010067,1676794961290,99764924,106,PERFETTI VAN MELLE-INDIA,CENTER FRESH,CENTER FRESH-SPEARMINT PCN 420GM,350.0,PCN,420GM ,,1676794961290-perfetti van melle-india-center fresh#3.png,RECODING,5,7,91826178,80.700134,106,PERFETTI VAN MELLE-INDIA,CENTER FRESH,CENTER FRESH,CENTER FRESH- SPEARMINT PPH 3.2 GM,PLPCH,3.200 GM,SPEARMINT,,3.2,GM,0.0
56,2023-02-20,202302,1,121609101,31101010067,1676794961290,99764924,106,PERFETTI VAN MELLE-INDIA,CENTER FRESH,CENTER FRESH-SPEARMINT PCN 420GM,350.0,PCN,420GM ,,1676794961290-perfetti van melle-india-center fresh#3.png,RECODING,5,8,91826179,95.96707,106,PERFETTI VAN MELLE-INDIA,CENTER FRESH,CENTER FRESH,CENTER FRESH- SPEARMINT EWP 16 GM,EWRPK,16.000 GM,SPEARMINT,,16.0,GM,0.0
56,2023-02-20,202302,1,121609101,31101010067,1676794961290,99764924,106,PERFETTI VAN MELLE-INDIA,CENTER FRESH,CENTER FRESH-SPEARMINT PCN 420GM,350.0,PCN,420GM ,,1676794961290-perfetti van melle-india-center fresh#3.png,RECODING,5,9,99764504,107.98839,106,PERFETTI VAN MELLE-INDIA,HAPPYDENT,HAPPYDENT WHITE,HAPPYDENT WHITE- SPEARMINT PCN 429 GM,PLJAR,429.000 GM,SPEARMINT,,429.0,GM,487.5
56,2023-02-20,202302,1,121609101,31101010067,1676794961290,99764924,106,PERFETTI VAN MELLE-INDIA,CENTER FRESH,CENTER FRESH-SPEARMINT PCN 420GM,350.0,PCN,420GM ,,1676794961290-perfetti van melle-india-center fresh#3.png,RECODING,5,10,91826180,109.54125,106,PERFETTI VAN MELLE-INDIA,CENTER FRUIT,CENTER FRUIT,CENTER FRUIT- SPEARMINT PPH 3.4 GM,PLPCH,3.400 GM,SPEARMINT,,3.4,GM,0.0
57,2023-02-20,202302,1,121609101,31101010067,1676793482589,99764892,123,DINESH SOAP & HOUSEHOLD-NPL,DINESH,DINESH-PREMIUM LAUNDRY SOAP PPH 800GM,200.0,PPH,800GM,,1676793482589-dinesh soap - household-npl-dinesh#3.png,RECODING,5,1,99764892,88.42657,123,DINESH SOAP & HOUSEHOLD-NPL,DINESH,DINESH,DINESH-PREMIUM LAUNDRY SOAP PPH 4*200 GM [800 GM],PLPCH,200.000 GM,,,800.0,GM,200.0
57,2023-02-20,202302,1,121609101,31101010067,1676793482589,99764892,123,DINESH SOAP & HOUSEHOLD-NPL,DINESH,DINESH-PREMIUM LAUNDRY SOAP PPH 800GM,200.0,PPH,800GM,,1676793482589-dinesh soap - household-npl-dinesh#3.png,RECODING,5,2,99764048,91.14584,123,DINESH SOAP & HOUSEHOLD-NPL,DINESH,DINESH,DINESH-PREMIUM LAUNDRY SOAP PPH 150 GM,PLPCH,150.000 GM,,,150.0,GM,30.0
57,2023-02-20,202302,1,121609101,31101010067,1676793482589,99764892,123,DINESH SOAP & HOUSEHOLD-NPL,DINESH,DINESH-PREMIUM LAUNDRY SOAP PPH 800GM,200.0,PPH,800GM,,1676793482589-dinesh soap - household-npl-dinesh#3.png,RECODING,5,3,53900,92.284164,123,DINESH SOAP & HOUSEHOLD-NPL,DINESH,DINESH,DINESH-PREMIUM LAUNDRY SOAP PPH 200 GM,PLPCH,200.000 GM,,,200.0,GM,0.0
57,2023-02-20,202302,1,121609101,31101010067,1676793482589,99764892,123,DINESH SOAP & HOUSEHOLD-NPL,DINESH,DINESH-PREMIUM LAUNDRY SOAP PPH 800GM,200.0,PPH,800GM,,1676793482589-dinesh soap - household-npl-dinesh#3.png,RECODING,5,4,99763342,93.5813,123,DINESH SOAP & HOUSEHOLD-NPL,DINESH,DINESH,DINESH-PREMIUM LAUNDRY SOAP PPH 6*200 GM [1200 GM],PLPCH,200.000 GM,,,1200.0,GM,210.0
57,2023-02-20,202302,1,121609101,31101010067,1676793482589,99764892,123,DINESH SOAP & HOUSEHOLD-NPL,DINESH,DINESH-PREMIUM LAUNDRY SOAP PPH 800GM,200.0,PPH,800GM,,1676793482589-dinesh soap - household-npl-dinesh#3.png,RECODING,5,5,53334,94.00904,123,DINESH SOAP & HOUSEHOLD-NPL,DINESH,DINESH,DINESH-PREMIUM LAUNDRY SOAP PPH 250 GM,PLPCH,250.000 GM,,,250.0,GM,0.0
57,2023-02-20,202302,1,121609101,31101010067,1676793482589,99764892,123,DINESH SOAP & HOUSEHOLD-NPL,DINESH,DINESH-PREMIUM LAUNDRY SOAP PPH 800GM,200.0,PPH,800GM,,1676793482589-dinesh soap - household-npl-dinesh#3.png,RECODING,5,6,99763026,94.79016,123,DINESH SOAP & HOUSEHOLD-NPL,DINESH,DINESH SUPER 7,DINESH SUPER 7-LAUNDRY SOAP PPH 150 GM,PLPCH,150.000 GM,,,150.0,GM,30.0
57,2023-02-20,202302,1,121609101,31101010067,1676793482589,99764892,123,DINESH SOAP & HOUSEHOLD-NPL,DINESH,DINESH-PREMIUM LAUNDRY SOAP PPH 800GM,200.0,PPH,800GM,,1676793482589-dinesh soap - household-npl-dinesh#3.png,RECODING,5,7,99762768,95.28581,123,DINESH SOAP & HOUSEHOLD-NPL,DINESH,DINESH SUPER 7,DINESH SUPER 7-LAUNDRY SOAP PPH 100 GM,PLPCH,100.000 GM,,,100.0,GM,20.0
57,2023-02-20,202302,1,121609101,31101010067,1676793482589,99764892,123,DINESH SOAP & HOUSEHOLD-NPL,DINESH,DINESH-PREMIUM LAUNDRY SOAP PPH 800GM,200.0,PPH,800GM,,1676793482589-dinesh soap - household-npl-dinesh#3.png,RECODING,5,8,99762759,98.48369,123,DINESH SOAP & HOUSEHOLD-NPL,DINESH,DINESH SUPER 7,DINESH SUPER 7-LAUNDRY SOAP PPH 200 GM,PLPCH,200.000 GM,,,200.0,GM,40.0
57,2023-02-20,202302,1,121609101,31101010067,1676793482589,99764892,123,DINESH SOAP & HOUSEHOLD-NPL,DINESH,DINESH-PREMIUM LAUNDRY SOAP PPH 800GM,200.0,PPH,800GM,,1676793482589-dinesh soap - household-npl-dinesh#3.png,RECODING,5,9,52462,101.990654,122,DINESH SOAP & HOUSEHOLD-NPL,DINESH,DINESH 3IN1,DINESH 3IN1-PPH 900 GM,PLPCH,900.000 GM,,,900.0,GM,0.0
57,2023-02-20,202302,1,121609101,31101010067,1676793482589,99764892,123,DINESH SOAP & HOUSEHOLD-NPL,DINESH,DINESH-PREMIUM LAUNDRY SOAP PPH 800GM,200.0,PPH,800GM,,1676793482589-dinesh soap - household-npl-dinesh#3.png,RECODING,5,10,99762676,102.91138,122,DINESH SOAP & HOUSEHOLD-NPL,DINESH,DINESH 3IN1,DINESH 3IN1-PPH 200 GM,PLPCH,200.000 GM,,,200.0,GM,20.0
58,2023-02-20,202302,1,121609101,31101010067,1676794233802,99764876,106,SUJAL FOODS PVT LTD-NEPAL,SUJAL BUBBLY BUBBLE GUM,SUJAL BUBBLY BUBBLE GUM-MINT PCN 480GM ,300.0,PCN,480GM ,,1676794233802-sujal foods pvt ltd-nepal-sujal bubbly bubble gum#3.png,RECODING,5,1,99764876,78.89159,106,SUJAL FOODS PVT LTD-NEPAL,SUJAL,SUJAL BUBBLY BUBBLE GUM,SUJAL BUBBLY BUBBLE GUM-MINT PCN 480 GM,PLJAR,480.000 GM,MINT,,480.0,GM,300.0
58,2023-02-20,202302,1,121609101,31101010067,1676794233802,99764876,106,SUJAL FOODS PVT LTD-NEPAL,SUJAL BUBBLY BUBBLE GUM,SUJAL BUBBLY BUBBLE GUM-MINT PCN 480GM ,300.0,PCN,480GM ,,1676794233802-sujal foods pvt ltd-nepal-sujal bubbly bubble gum#3.png,RECODING,5,2,99764538,81.132645,106,SUJAL FOODS PVT LTD-NEPAL,SUJAL,SUJAL BUBBLY BUBBLE GUM,SUJAL BUBBLY BUBBLE GUM-MINT PCN 510 GM,PLJAR,510.000 GM,MINT,,510.0,GM,250.0
58,2023-02-20,202302,1,121609101,31101010067,1676794233802,99764876,106,SUJAL FOODS PVT LTD-NEPAL,SUJAL BUBBLY BUBBLE GUM,SUJAL BUBBLY BUBBLE GUM-MINT PCN 480GM ,300.0,PCN,480GM ,,1676794233802-sujal foods pvt ltd-nepal-sujal bubbly bubble gum#3.png,RECODING,5,3,51707,89.56514,106,SUJAL FOODS PVT LTD-NEPAL,SUJAL,SUJAL BUBBLY BUBBLE GUM,SUJAL BUBBLY BUBBLE GUM-MINT PPH 4 GM,PLPCH,4.000 GM,MINT,,4.0,GM,0.0
58,2023-02-20,202302,1,121609101,31101010067,1676794233802,99764876,106,SUJAL FOODS PVT LTD-NEPAL,SUJAL BUBBLY BUBBLE GUM,SUJAL BUBBLY BUBBLE GUM-MINT PCN 480GM ,300.0,PCN,480GM ,,1676794233802-sujal foods pvt ltd-nepal-sujal bubbly bubble gum#3.png,RECODING,5,4,99764796,97.40968,106,SUJAL FOODS PVT LTD-NEPAL,SUJAL,SUJAL BUBBLY BUBBLE GUM,SUJAL BUBBLY BUBBLE GUM-STRAWBERRY PCN 510 GM,PLJAR,510.000 GM,STRAWBERRY,,510.0,GM,235.0
58,2023-02-20,202302,1,121609101,31101010067,1676794233802,99764876,106,SUJAL FOODS PVT LTD-NEPAL,SUJAL BUBBLY BUBBLE GUM,SUJAL BUBBLY BUBBLE GUM-MINT PCN 480GM ,300.0,PCN,480GM ,,1676794233802-sujal foods pvt ltd-nepal-sujal bubbly bubble gum#3.png,RECODING,5,5,53066,103.66353,106,SUJAL FOODS PVT LTD-NEPAL,SUJAL,SUJAL BUBBLY BUBBLE GUM,SUJAL BUBBLY BUBBLE GUM-PEACH PPH 4 GM,PLPCH,4.000 GM,PEACH,,4.0,GM,0.0
58,2023-02-20,202302,1,121609101,31101010067,1676794233802,99764876,106,SUJAL FOODS PVT LTD-NEPAL,SUJAL BUBBLY BUBBLE GUM,SUJAL BUBBLY BUBBLE GUM-MINT PCN 480GM ,300.0,PCN,480GM ,,1676794233802-sujal foods pvt ltd-nepal-sujal bubbly bubble gum#3.png,RECODING,5,6,48361,104.64227,106,SUJAL FOODS PVT LTD-NEPAL,SUJAL,SUJAL BUBBLY BUBBLE GUM,SUJAL BUBBLY BUBBLE GUM-WATERMELON PPH 4 GM,PLPCH,4.000 GM,WATER MELON,,4.0,GM,0.0
58,2023-02-20,202302,1,121609101,31101010067,1676794233802,99764876,106,SUJAL FOODS PVT LTD-NEPAL,SUJAL BUBBLY BUBBLE GUM,SUJAL BUBBLY BUBBLE GUM-MINT PCN 480GM ,300.0,PCN,480GM ,,1676794233802-sujal foods pvt ltd-nepal-sujal bubbly bubble gum#3.png,RECODING,5,7,91827674,108.23823,106,SUJAL FOODS PVT LTD-NEPAL,SUJAL,SUJAL BUBBLY BUBBLE GUM,SUJAL BUBBLY BUBBLE GUM- STRAWBERRY PPH 4 GM,PLPCH,4.000 GM,STRAWBERRY,,4.0,GM,0.0
58,2023-02-20,202302,1,121609101,31101010067,1676794233802,99764876,106,SUJAL FOODS PVT LTD-NEPAL,SUJAL BUBBLY BUBBLE GUM,SUJAL BUBBLY BUBBLE GUM-MINT PCN 480GM ,300.0,PCN,480GM ,,1676794233802-sujal foods pvt ltd-nepal-sujal bubbly bubble gum#3.png,RECODING,5,8,99764837,110.5697,106,SUJAL FOODS PVT LTD-NEPAL,BUBBLE FUN,BUBBLE FUN,BUBBLE FUN- SOFT BUBBLE GUM PCN 625 GM,PLJAR,625.000 GM,UNSPECIFIED,,625.0,GM,200.0
58,2023-02-20,202302,1,121609101,31101010067,1676794233802,99764876,106,SUJAL FOODS PVT LTD-NEPAL,SUJAL BUBBLY BUBBLE GUM,SUJAL BUBBLY BUBBLE GUM-MINT PCN 480GM ,300.0,PCN,480GM ,,1676794233802-sujal foods pvt ltd-nepal-sujal bubbly bubble gum#3.png,RECODING,5,9,45945,116.29564,106,SUJAL FOODS PVT LTD-NEPAL,BUBBLE FUN,BUBBLE FUN,BUBBLE FUN- SOFT BUBBLE GUM PPH 3 GM,PLPCH,3.000 GM,UNSPECIFIED,,3.0,GM,0.0
58,2023-02-20,202302,1,121609101,31101010067,1676794233802,99764876,106,SUJAL FOODS PVT LTD-NEPAL,SUJAL BUBBLY BUBBLE GUM,SUJAL BUBBLY BUBBLE GUM-MINT PCN 480GM ,300.0,PCN,480GM ,,1676794233802-sujal foods pvt ltd-nepal-sujal bubbly bubble gum#3.png,RECODING,5,10,50962,120.69629,106,SUJAL FOODS PVT LTD-NEPAL,BUBBLE FUN,BUBBLE FUN,BUBBLE FUN- SOFT BUBBLE GUM PPH 2.8 GM,PLPCH,2.800 GM,UNSPECIFIED,,2.8,GM,0.0
59,2023-02-20,202302,1,126806790,31101010061,1676786473720,99764894,132,HEALTH & HYGIENE PRODUCT-NP,BABA'S NAPPY,BABA'S NAPPY-SUPER DRY BABY PANTS LARGE 4 NOS,100.0,PPH,4 NOS,,1676786473720-health - hygiene product-np-baba-s nappy#3.png,RECODING,5,1,99762722,80.96408,132,HEALTH & HYGIENE PRODUCT-NP,BABA'S NAPPY,BABA'S NAPPY,BABA'S NAPPY-SUPER DRY BABY PANTS LARGE(L) PPH 5 NOS,PLPCH,5.000 NO,,,5.0,NO,100.0
59,2023-02-20,202302,1,126806790,31101010061,1676786473720,99764894,132,HEALTH & HYGIENE PRODUCT-NP,BABA'S NAPPY,BABA'S NAPPY-SUPER DRY BABY PANTS LARGE 4 NOS,100.0,PPH,4 NOS,,1676786473720-health - hygiene product-np-baba-s nappy#3.png,RECODING,5,2,99764894,84.20075,132,HEALTH & HYGIENE PRODUCT-NP,BABA'S NAPPY,BABA'S NAPPY,BABA'S NAPPY-SUPER DRY BABY PANTS LARGE(L) PPH 4 NOS,PLPCH,4.000 NO,,,4.0,NO,100.0
59,2023-02-20,202302,1,126806790,31101010061,1676786473720,99764894,132,HEALTH & HYGIENE PRODUCT-NP,BABA'S NAPPY,BABA'S NAPPY-SUPER DRY BABY PANTS LARGE 4 NOS,100.0,PPH,4 NOS,,1676786473720-health - hygiene product-np-baba-s nappy#3.png,RECODING,5,3,99762686,85.22223,132,HEALTH & HYGIENE PRODUCT-NP,BABA'S NAPPY,BABA'S NAPPY,BABA'S NAPPY-SUPER DRY BABY PANTS EXTRA LARGE(XL) PPH 4 NOS,PLPCH,4.000 NO,,,4.0,NO,100.0
59,2023-02-20,202302,1,126806790,31101010061,1676786473720,99764894,132,HEALTH & HYGIENE PRODUCT-NP,BABA'S NAPPY,BABA'S NAPPY-SUPER DRY BABY PANTS LARGE 4 NOS,100.0,PPH,4 NOS,,1676786473720-health - hygiene product-np-baba-s nappy#3.png,RECODING,5,4,99762721,85.38413,132,HEALTH & HYGIENE PRODUCT-NP,BABA'S NAPPY,BABA'S NAPPY,BABA'S NAPPY-SUPER DRY BABY PANTS SMALL(S) PPH 5 NOS,PLPCH,5.000 NO,,,5.0,NO,100.0
59,2023-02-20,202302,1,126806790,31101010061,1676786473720,99764894,132,HEALTH & HYGIENE PRODUCT-NP,BABA'S NAPPY,BABA'S NAPPY-SUPER DRY BABY PANTS LARGE 4 NOS,100.0,PPH,4 NOS,,1676786473720-health - hygiene product-np-baba-s nappy#3.png,RECODING,5,5,99762685,86.24542,132,HEALTH & HYGIENE PRODUCT-NP,BABA'S NAPPY,BABA'S NAPPY,BABA'S NAPPY-SUPER DRY BABY PANTS MEDIUM(M) PPH 5 NOS,PLPCH,5.000 NO,,,5.0,NO,100.0
59,2023-02-20,202302,1,126806790,31101010061,1676786473720,99764894,132,HEALTH & HYGIENE PRODUCT-NP,BABA'S NAPPY,BABA'S NAPPY-SUPER DRY BABY PANTS LARGE 4 NOS,100.0,PPH,4 NOS,,1676786473720-health - hygiene product-np-baba-s nappy#3.png,RECODING,5,6,99762795,86.84735,132,HEALTH & HYGIENE PRODUCT-NP,BABA'S NAPPY,BABA'S NAPPY,BABA'S NAPPY-SUPER DRY BABY PANTS SMALL(S) PPH 6 NOS,PLPCH,6.000 NO,,,6.0,NO,100.0
59,2023-02-20,202302,1,126806790,31101010061,1676786473720,99764894,132,HEALTH & HYGIENE PRODUCT-NP,BABA'S NAPPY,BABA'S NAPPY-SUPER DRY BABY PANTS LARGE 4 NOS,100.0,PPH,4 NOS,,1676786473720-health - hygiene product-np-baba-s nappy#3.png,RECODING,5,7,99762691,185.21835,132,SHUDH PLUS HYGIENE PROD-IN,NIINE,NIINE DIAPER PANTS,NIINE DIAPER PANTS-LARGE(L) PPH 34 NOS,PLPCH,34.000 NO,,,34.0,NO,680.0
59,2023-02-20,202302,1,126806790,31101010061,1676786473720,99764894,132,HEALTH & HYGIENE PRODUCT-NP,BABA'S NAPPY,BABA'S NAPPY-SUPER DRY BABY PANTS LARGE 4 NOS,100.0,PPH,4 NOS,,1676786473720-health - hygiene product-np-baba-s nappy#3.png,RECODING,5,8,99763024,187.74458,132,NOBEL HYGIENE PVT LTD-INDIA,TEDDYY,TEDDYY BABY DIAPER PANTS,TEDDYY BABY DIAPER PANTS-LARGE(L) PPH 5 NOS,PLPCH,5.000 NO,,,5.0,NO,100.0
59,2023-02-20,202302,1,126806790,31101010061,1676786473720,99764894,132,HEALTH & HYGIENE PRODUCT-NP,BABA'S NAPPY,BABA'S NAPPY-SUPER DRY BABY PANTS LARGE 4 NOS,100.0,PPH,4 NOS,,1676786473720-health - hygiene product-np-baba-s nappy#3.png,RECODING,5,9,99764549,188.87961,123,BABA SOAP INDUSTRIES - NEPAL,BABA,BABA ZOOM,BABA ZOOM-PREMIUM LAUNDRY SOAP PPH 200 GM,PLPCH,200.000 GM,,,200.0,GM,40.0
59,2023-02-20,202302,1,126806790,31101010061,1676786473720,99764894,132,HEALTH & HYGIENE PRODUCT-NP,BABA'S NAPPY,BABA'S NAPPY-SUPER DRY BABY PANTS LARGE 4 NOS,100.0,PPH,4 NOS,,1676786473720-health - hygiene product-np-baba-s nappy#3.png,RECODING,5,10,99762999,190.27025,132,JASMINE HYGIENIC - NEPAL,SOFTLOVE,SOFTLOVE,SOFTLOVE-PANT STYLE DIAPER LARGE(L) PPH 4+1NOS,PLPCH,4.000 NO,,,5.0,NO,100.0
60,2023-02-20,202302,1,126806790,31101010061,1676789034118,99764882,117,PROCTER & GAMBLE - INDIA,HEAD & SHOULDER ANTIDANDRUFF,HEAD & SHOULDER ANTIDANDRUFF-NEEM PPH 5ML ,3.0,PPH,5 ML,,1676789034118-procter - gamble - india-head - shoulder antidandruff#3.png,RECODING,5,1,99764882,76.791115,117,PROCTER & GAMBLE - INDIA,HEAD & SHOULDER,HEAD & SHOULDER ANTIDANDRUFF,HEAD & SHOULDER ANTIDANDRUFF-NEEM SCT 5 ML,PLSCH,5.000 ML,,,5.0,ML,3.0
60,2023-02-20,202302,1,126806790,31101010061,1676789034118,99764882,117,PROCTER & GAMBLE - INDIA,HEAD & SHOULDER ANTIDANDRUFF,HEAD & SHOULDER ANTIDANDRUFF-NEEM PPH 5ML ,3.0,PPH,5 ML,,1676789034118-procter - gamble - india-head - shoulder antidandruff#3.png,RECODING,5,2,52625,93.19391,117,PROCTER & GAMBLE - INDIA,HEAD & SHOULDER,HEAD & SHOULDER ANTIDANDRUFF,HEAD & SHOULDER ANTIDANDRUFF-COOL MENTHL 2IN1 SCT 9 ML,PLSCH,9.000 ML,,,9.0,ML,0.0
60,2023-02-20,202302,1,126806790,31101010061,1676789034118,99764882,117,PROCTER & GAMBLE - INDIA,HEAD & SHOULDER ANTIDANDRUFF,HEAD & SHOULDER ANTIDANDRUFF-NEEM PPH 5ML ,3.0,PPH,5 ML,,1676789034118-procter - gamble - india-head - shoulder antidandruff#3.png,RECODING,5,3,50124,93.32529,117,PROCTER & GAMBLE - INDIA,HEAD & SHOULDER,HEAD & SHOULDER ANTIDANDRUFF,HEAD & SHOULDER ANTIDANDRUFF-ANTIHRFAL SCT 7 ML+20% EX[1.5ML,PLSCH,7.000 ML,,,8.5,ML,0.0
60,2023-02-20,202302,1,126806790,31101010061,1676789034118,99764882,117,PROCTER & GAMBLE - INDIA,HEAD & SHOULDER ANTIDANDRUFF,HEAD & SHOULDER ANTIDANDRUFF-NEEM PPH 5ML ,3.0,PPH,5 ML,,1676789034118-procter - gamble - india-head - shoulder antidandruff#3.png,RECODING,5,4,51349,94.0054,117,PROCTER & GAMBLE - INDIA,HEAD & SHOULDER,HEAD & SHOULDER ANTIDANDRUFF,HEAD & SHOULDER ANTIDANDRUFF-COOL MENTHL SCT 7ML+20%EXT[1.5ML],PLSCH,7.000 ML,,,8.5,ML,0.0
60,2023-02-20,202302,1,126806790,31101010061,1676789034118,99764882,117,PROCTER & GAMBLE - INDIA,HEAD & SHOULDER ANTIDANDRUFF,HEAD & SHOULDER ANTIDANDRUFF-NEEM PPH 5ML ,3.0,PPH,5 ML,,1676789034118-procter - gamble - india-head - shoulder antidandruff#3.png,RECODING,5,5,53646,95.0392,117,PROCTER & GAMBLE - INDIA,HEAD & SHOULDER,HEAD & SHOULDER ANTIDANDRUFF,HEAD & SHOULDER ANTIDANDRUFF-BASIC CLEAN SCT 5 ML+10% EX[0.5],PLSCH,5.000 ML,,,5.5,ML,0.0
60,2023-02-20,202302,1,126806790,31101010061,1676789034118,99764882,117,PROCTER & GAMBLE - INDIA,HEAD & SHOULDER ANTIDANDRUFF,HEAD & SHOULDER ANTIDANDRUFF-NEEM PPH 5ML ,3.0,PPH,5 ML,,1676789034118-procter - gamble - india-head - shoulder antidandruff#3.png,RECODING,5,6,53929,96.07974,117,PROCTER & GAMBLE - INDIA,HEAD & SHOULDER,HEAD & SHOULDER ANTIDANDRUFF,HEAD & SHOULDER ANTIDANDRUFF-BASIC COOL SCT 5ML+10%EXT [.5ML],PLSCH,5.000 ML,,,5.5,ML,0.0
60,2023-02-20,202302,1,126806790,31101010061,1676789034118,99764882,117,PROCTER & GAMBLE - INDIA,HEAD & SHOULDER ANTIDANDRUFF,HEAD & SHOULDER ANTIDANDRUFF-NEEM PPH 5ML ,3.0,PPH,5 ML,,1676789034118-procter - gamble - india-head - shoulder antidandruff#3.png,RECODING,5,7,48248,96.20966,117,PROCTER & GAMBLE - INDIA,HEAD & SHOULDER,HEAD & SHOULDER ANTIDANDRUFF,HEAD & SHOULDER ANTIDANDRUFF-BASIC COOL SCT 5ML+20%EXT [1ML],PLSCH,5.000 ML,,,6.0,ML,0.0
60,2023-02-20,202302,1,126806790,31101010061,1676789034118,99764882,117,PROCTER & GAMBLE - INDIA,HEAD & SHOULDER ANTIDANDRUFF,HEAD & SHOULDER ANTIDANDRUFF-NEEM PPH 5ML ,3.0,PPH,5 ML,,1676789034118-procter - gamble - india-head - shoulder antidandruff#3.png,RECODING,5,8,99762798,96.30994,117,PROCTER & GAMBLE - INDIA,HEAD & SHOULDER,HEAD & SHOULDER ANTIDANDRUFF,HEAD & SHOULDER ANTIDANDRUFF-2IN1 SMOOTH&SILKY-PBT 180ML,PLBOT,180.000 ML,,,180.0,ML,220.0
60,2023-02-20,202302,1,126806790,31101010061,1676789034118,99764882,117,PROCTER & GAMBLE - INDIA,HEAD & SHOULDER ANTIDANDRUFF,HEAD & SHOULDER ANTIDANDRUFF-NEEM PPH 5ML ,3.0,PPH,5 ML,,1676789034118-procter - gamble - india-head - shoulder antidandruff#3.png,RECODING,5,9,49798,96.42229,117,PROCTER & GAMBLE - INDIA,HEAD & SHOULDER,HEAD & SHOULDER ANTIDANDRUFF,HEAD & SHOULDER ANTIDANDRUFF-BASIC CLEAN SCT 5 ML,PLSCH,5.000 ML,,,5.0,ML,0.0
60,2023-02-20,202302,1,126806790,31101010061,1676789034118,99764882,117,PROCTER & GAMBLE - INDIA,HEAD & SHOULDER ANTIDANDRUFF,HEAD & SHOULDER ANTIDANDRUFF-NEEM PPH 5ML ,3.0,PPH,5 ML,,1676789034118-procter - gamble - india-head - shoulder antidandruff#3.png,RECODING,5,10,52523,96.42229,117,PROCTER & GAMBLE - INDIA,HEAD & SHOULDER,HEAD & SHOULDER ANTIDANDRUFF,HEAD & SHOULDER ANTIDANDRUFF-BASIC CLEAN SCT 5 ML,PLSCH,5.000 ML,,,5.0,ML,0.0
61,2023-02-20,202302,1,124902886,52202010027,1676804103817,99764893,123,FLEX CHEMICAL INDUSTRIES INDIA,TAJ ADVANCED ,TAJ ADVANCED/DISHWASH BAR/220GM+60GM/PPH/,16.0,PPH,220GM+60GM,,1676804103817-flex chemical industries india-taj advanced #3.png,RECODING,5,1,99764893,103.55073,123,FLEX CHEMICAL INDUSTRIES-INDIA,TAJ,TAJ,TAJ-ADVANCED DISHWASH BAR PPH 220 GM+60 GM FREE,PLPCH,220.000 GM,,,280.0,GM,16.0
61,2023-02-20,202302,1,124902886,52202010027,1676804103817,99764893,123,FLEX CHEMICAL INDUSTRIES INDIA,TAJ ADVANCED ,TAJ ADVANCED/DISHWASH BAR/220GM+60GM/PPH/,16.0,PPH,220GM+60GM,,1676804103817-flex chemical industries india-taj advanced #3.png,RECODING,5,2,92962395,160.91945,123,K. CHEMICAL-NEPAL,123,123,123-DISHWASH BAR PCN-400 GM+SCRUBBER FREE,PLJAR,400.000 GM,,,400.0,GM,0.0
61,2023-02-20,202302,1,124902886,52202010027,1676804103817,99764893,123,FLEX CHEMICAL INDUSTRIES INDIA,TAJ ADVANCED ,TAJ ADVANCED/DISHWASH BAR/220GM+60GM/PPH/,16.0,PPH,220GM+60GM,,1676804103817-flex chemical industries india-taj advanced #3.png,RECODING,5,3,92926646,161.17276,123,K. CHEMICAL-NEPAL,123,123,123-DISHWASH BAR PCN-400 GM,PLJAR,400.000 GM,,,400.0,GM,0.0
61,2023-02-20,202302,1,124902886,52202010027,1676804103817,99764893,123,FLEX CHEMICAL INDUSTRIES INDIA,TAJ ADVANCED ,TAJ ADVANCED/DISHWASH BAR/220GM+60GM/PPH/,16.0,PPH,220GM+60GM,,1676804103817-flex chemical industries india-taj advanced #3.png,RECODING,5,4,99764312,165.2094,123,SHIVAGARH SOAP AND CHEMICAL-INDIA,R.K.,R.K.,R.K.-DISHWASH BAR-PCN 500 GM+FREE SCRUBBER,PLJAR,500.000 GM,,,500.0,GM,64.0
61,2023-02-20,202302,1,124902886,52202010027,1676804103817,99764893,123,FLEX CHEMICAL INDUSTRIES INDIA,TAJ ADVANCED ,TAJ ADVANCED/DISHWASH BAR/220GM+60GM/PPH/,16.0,PPH,220GM+60GM,,1676804103817-flex chemical industries india-taj advanced #3.png,RECODING,5,5,54781,168.52684,123,SHREE BALAJI GRAMODYOG-INDIA,NAHATA,NAHATA SKY,NAHATA SKY-LIME DISHWASH PCN 400 GM,PLJAR,400.000 GM,,,400.0,GM,0.0
61,2023-02-20,202302,1,124902886,52202010027,1676804103817,99764893,123,FLEX CHEMICAL INDUSTRIES INDIA,TAJ ADVANCED ,TAJ ADVANCED/DISHWASH BAR/220GM+60GM/PPH/,16.0,PPH,220GM+60GM,,1676804103817-flex chemical industries india-taj advanced #3.png,RECODING,5,6,50173,172.00629,123,GOPAL SOAP INDUSTRIES - NEPAL,V SERIES,V SERIES,V SERIES-DISHWASH BAR PPH 70 GM,PLPCH,70.000 GM,,,70.0,GM,0.0
61,2023-02-20,202302,1,124902886,52202010027,1676804103817,99764893,123,FLEX CHEMICAL INDUSTRIES INDIA,TAJ ADVANCED ,TAJ ADVANCED/DISHWASH BAR/220GM+60GM/PPH/,16.0,PPH,220GM+60GM,,1676804103817-flex chemical industries india-taj advanced #3.png,RECODING,5,7,45784,174.0434,123,SUPER TATA SOAP & CHEMICAL-NP,50-50,50-50,50-50-50-2IN1 DISHWASH BAR PCN 400 GMS,PLJAR,400.000 GM,,,400.0,GM,0.0
61,2023-02-20,202302,1,124902886,52202010027,1676804103817,99764893,123,FLEX CHEMICAL INDUSTRIES INDIA,TAJ ADVANCED ,TAJ ADVANCED/DISHWASH BAR/220GM+60GM/PPH/,16.0,PPH,220GM+60GM,,1676804103817-flex chemical industries india-taj advanced #3.png,RECODING,5,8,49950,177.82281,123,SUPER TATA SOAP & CHEMICAL-NP,DON,DON XPERT,DON XPERT-DISHWASH BAR PCN 250 GM,PLJAR,250.000 GM,,,250.0,GM,0.0
61,2023-02-20,202302,1,124902886,52202010027,1676804103817,99764893,123,FLEX CHEMICAL INDUSTRIES INDIA,TAJ ADVANCED ,TAJ ADVANCED/DISHWASH BAR/220GM+60GM/PPH/,16.0,PPH,220GM+60GM,,1676804103817-flex chemical industries india-taj advanced #3.png,RECODING,5,9,99764311,179.1264,123,SUVALAXMI SOAP & CHEMICALS-NPL,FANCY,FANCY,FANCY-DISHWASH BAR PPH 95 GM,PLPCH,95.000 GM,,,95.0,GM,10.0
61,2023-02-20,202302,1,124902886,52202010027,1676804103817,99764893,123,FLEX CHEMICAL INDUSTRIES INDIA,TAJ ADVANCED ,TAJ ADVANCED/DISHWASH BAR/220GM+60GM/PPH/,16.0,PPH,220GM+60GM,,1676804103817-flex chemical industries india-taj advanced #3.png,RECODING,5,10,53195,181.7389,123,SUVALAXMI SOAP & CHEMICALS-NPL,FANCY,FANCY,FANCY-DISHWASH PCN 400 GM,PLJAR,400.000 GM,,,400.0,GM,0.0
62,2023-02-20,202302,1,128840459,52202010019,1676786204434,99764886,120,RECKITT BENCKISER - INDIA,DETTOL ALOEVERA,DETTOL/ALOE VERA/100GM/EWP/SAVE RS 8,80.0,EWP,100GM ,,1676786204434-reckitt benckiser - india-dettol aloevera#3.png,RECODING,5,1,99764886,88.98665,120,RECKITT BENCKISER - INDIA,DETTOL,DETTOL ALOEVERA,DETTOL ALOEVERA-EWP 100 GM+SAVE RS.7,EWRPK,100.000 GM,,,100.0,GM,80.0
62,2023-02-20,202302,1,128840459,52202010019,1676786204434,99764886,120,RECKITT BENCKISER - INDIA,DETTOL ALOEVERA,DETTOL/ALOE VERA/100GM/EWP/SAVE RS 8,80.0,EWP,100GM ,,1676786204434-reckitt benckiser - india-dettol aloevera#3.png,RECODING,5,2,53538,108.40846,120,RECKITT BENCKISER - INDIA,DETTOL,DETTOL ALOEVERA,DETTOL ALOEVERA-PBT 200 ML+ORIGINAL RFL 175M+RS86.4,PLBOT,200.000 ML,,,200.0,ML,0.0
62,2023-02-20,202302,1,128840459,52202010019,1676786204434,99764886,120,RECKITT BENCKISER - INDIA,DETTOL ALOEVERA,DETTOL/ALOE VERA/100GM/EWP/SAVE RS 8,80.0,EWP,100GM ,,1676786204434-reckitt benckiser - india-dettol aloevera#3.png,RECODING,5,3,53536,123.540146,120,RECKITT BENCKISER - INDIA,DETTOL,DETTOL ALOEVERA,DETTOL ALOEVERA-PBT 200 ML,PLBOT,200.000 ML,,,200.0,ML,0.0
62,2023-02-20,202302,1,128840459,52202010019,1676786204434,99764886,120,RECKITT BENCKISER - INDIA,DETTOL ALOEVERA,DETTOL/ALOE VERA/100GM/EWP/SAVE RS 8,80.0,EWP,100GM ,,1676786204434-reckitt benckiser - india-dettol aloevera#3.png,RECODING,5,4,92562036,129.16287,120,RECKITT BENCKISER - INDIA,DETTOL,DETTOL RE-ENERGIZE,DETTOL RE-ENERGIZE-PPH 185 GMS+BUY 2 SAVE RS. 24,PLPCH,185.000 GM,,,370.0,GM,0.0
62,2023-02-20,202302,1,128840459,52202010019,1676786204434,99764886,120,RECKITT BENCKISER - INDIA,DETTOL ALOEVERA,DETTOL/ALOE VERA/100GM/EWP/SAVE RS 8,80.0,EWP,100GM ,,1676786204434-reckitt benckiser - india-dettol aloevera#3.png,RECODING,5,5,92561971,130.71536,120,RECKITT BENCKISER - INDIA,DETTOL,DETTOL RE-ENERGIZE,DETTOL RE-ENERGIZE- EWP 75 GM+RS 14.40 OFF ON 3 PC,EWRPK,75.000 GM,,,225.0,GM,0.0
62,2023-02-20,202302,1,128840459,52202010019,1676786204434,99764886,120,RECKITT BENCKISER - INDIA,DETTOL ALOEVERA,DETTOL/ALOE VERA/100GM/EWP/SAVE RS 8,80.0,EWP,100GM ,,1676786204434-reckitt benckiser - india-dettol aloevera#3.png,RECODING,5,6,92561995,131.40552,120,RECKITT BENCKISER - INDIA,DETTOL,DETTOL RE-ENERGIZE,DETTOL RE-ENERGIZE- EWP 75 GM+RS 12.80 OFF ON 3 PC,EWRPK,75.000 GM,,,225.0,GM,0.0
62,2023-02-20,202302,1,128840459,52202010019,1676786204434,99764886,120,RECKITT BENCKISER - INDIA,DETTOL ALOEVERA,DETTOL/ALOE VERA/100GM/EWP/SAVE RS 8,80.0,EWP,100GM ,,1676786204434-reckitt benckiser - india-dettol aloevera#3.png,RECODING,5,7,92561809,133.8947,120,RECKITT BENCKISER - INDIA,DETTOL,DETTOL ORIGINAL,DETTOL ORIGINAL-EWP 75 GM+SAVE RS.19.20 ON 3NO,EWRPK,75.000 GM,,,225.0,GM,0.0
62,2023-02-20,202302,1,128840459,52202010019,1676786204434,99764886,120,RECKITT BENCKISER - INDIA,DETTOL ALOEVERA,DETTOL/ALOE VERA/100GM/EWP/SAVE RS 8,80.0,EWP,100GM ,,1676786204434-reckitt benckiser - india-dettol aloevera#3.png,RECODING,5,8,92561661,134.82176,120,RECKITT BENCKISER - INDIA,DETTOL,DETTOL RE-ENERGIZE,DETTOL RE-ENERGIZE- EWP 70 GM+RS 11.20 OFF ON 3 PC,EWRPK,70.000 GM,,,210.0,GM,0.0
62,2023-02-20,202302,1,128840459,52202010019,1676786204434,99764886,120,RECKITT BENCKISER - INDIA,DETTOL ALOEVERA,DETTOL/ALOE VERA/100GM/EWP/SAVE RS 8,80.0,EWP,100GM ,,1676786204434-reckitt benckiser - india-dettol aloevera#3.png,RECODING,5,9,92561686,135.17145,120,RECKITT BENCKISER - INDIA,DETTOL,DETTOL RE-ENERGIZE,DETTOL RE-ENERGIZE- EWP 70 GM+RS 14.40 OFF ON 3 PC,EWRPK,70.000 GM,,,210.0,GM,0.0
62,2023-02-20,202302,1,128840459,52202010019,1676786204434,99764886,120,RECKITT BENCKISER - INDIA,DETTOL ALOEVERA,DETTOL/ALOE VERA/100GM/EWP/SAVE RS 8,80.0,EWP,100GM ,,1676786204434-reckitt benckiser - india-dettol aloevera#3.png,RECODING,5,10,92561994,136.24617,120,RECKITT BENCKISER - INDIA,DETTOL,DETTOL ORIGINAL,DETTOL ORIGINAL-EWP 75 GM+SAVE RS.9.60 ON 3NO,EWRPK,75.000 GM,,,225.0,GM,0.0
63,2023-02-20,202302,1,128840459,52202010019,1676006079544,99764856,120,UNILEVER NEPAL LTD-NEPAL,LIRIL,LIRIL LIME RUSH/4Ã—75GM/EWP/SAVE RS 7,145.0,EWP,4Ã—75GM,,1676006079544-unilever nepal ltd-nepal-liril#3.png,RECODING,5,1,49799,78.85625,120,UNILEVER NEPAL LTD-NEPAL,LIRIL,LIRIL,LIRIL-LIME RUSH EWP 5*75 GM+B4G1,EWRPK,75.000 GM,,,375.0,GM,0.0
63,2023-02-20,202302,1,128840459,52202010019,1676006079544,99764856,120,UNILEVER NEPAL LTD-NEPAL,LIRIL,LIRIL LIME RUSH/4Ã—75GM/EWP/SAVE RS 7,145.0,EWP,4Ã—75GM,,1676006079544-unilever nepal ltd-nepal-liril#3.png,RECODING,5,2,92562465,82.23097,120,UNILEVER NEPAL LTD-NEPAL,LIRIL,LIRIL,LIRIL-LIME RUSH EWP 75 GM+SAVE RS. 3 ON 3 NOS PACK,EWRPK,75.000 GM,,,225.0,GM,0.0
63,2023-02-20,202302,1,128840459,52202010019,1676006079544,99764856,120,UNILEVER NEPAL LTD-NEPAL,LIRIL,LIRIL LIME RUSH/4Ã—75GM/EWP/SAVE RS 7,145.0,EWP,4Ã—75GM,,1676006079544-unilever nepal ltd-nepal-liril#3.png,RECODING,5,3,99764856,82.61124,120,UNILEVER NEPAL LTD-NEPAL,LIRIL,LIRIL,LIRIL-LIME RUSH EWP 4*75 GM+SAV RS. 7,EWRPK,75.000 GM,,,300.0,GM,145.0
63,2023-02-20,202302,1,128840459,52202010019,1676006079544,99764856,120,UNILEVER NEPAL LTD-NEPAL,LIRIL,LIRIL LIME RUSH/4Ã—75GM/EWP/SAVE RS 7,145.0,EWP,4Ã—75GM,,1676006079544-unilever nepal ltd-nepal-liril#3.png,RECODING,5,4,99764280,84.283966,120,UNILEVER NEPAL LTD-NEPAL,LIRIL,LIRIL,LIRIL-LIME RUSH EWP 4*75 GM+SAV RS. 5,EWRPK,75.000 GM,,,300.0,GM,135.0
63,2023-02-20,202302,1,128840459,52202010019,1676006079544,99764856,120,UNILEVER NEPAL LTD-NEPAL,LIRIL,LIRIL LIME RUSH/4Ã—75GM/EWP/SAVE RS 7,145.0,EWP,4Ã—75GM,,1676006079544-unilever nepal ltd-nepal-liril#3.png,RECODING,5,5,51727,86.471466,120,UNILEVER NEPAL LTD-NEPAL,LIRIL,LIRIL,LIRIL-LIME RUSH EWP 4*75 GM+SAV RS 20,EWRPK,75.000 GM,,,300.0,GM,0.0
63,2023-02-20,202302,1,128840459,52202010019,1676006079544,99764856,120,UNILEVER NEPAL LTD-NEPAL,LIRIL,LIRIL LIME RUSH/4Ã—75GM/EWP/SAVE RS 7,145.0,EWP,4Ã—75GM,,1676006079544-unilever nepal ltd-nepal-liril#3.png,RECODING,5,6,99762986,87.1362,120,UNILEVER NEPAL LTD-NEPAL,LIRIL,LIRIL,LIRIL-LIME RUSH EWP 4*75 GM+SAV RS 10,EWRPK,75.000 GM,,,300.0,GM,110.0
63,2023-02-20,202302,1,128840459,52202010019,1676006079544,99764856,120,UNILEVER NEPAL LTD-NEPAL,LIRIL,LIRIL LIME RUSH/4Ã—75GM/EWP/SAVE RS 7,145.0,EWP,4Ã—75GM,,1676006079544-unilever nepal ltd-nepal-liril#3.png,RECODING,5,7,99763244,88.85675,120,UNILEVER NEPAL LTD-NEPAL,LIRIL,LIRIL,LIRIL-LIME RUSH EWP 4*75 GM+SAV RS 12,EWRPK,75.000 GM,,,300.0,GM,120.0
63,2023-02-20,202302,1,128840459,52202010019,1676006079544,99764856,120,UNILEVER NEPAL LTD-NEPAL,LIRIL,LIRIL LIME RUSH/4Ã—75GM/EWP/SAVE RS 7,145.0,EWP,4Ã—75GM,,1676006079544-unilever nepal ltd-nepal-liril#3.png,RECODING,5,8,92527089,88.96097,120,UNILEVER NEPAL LTD-NEPAL,LIRIL,LIRIL,LIRIL-LIME RUSH EWP 75 GMS,EWRPK,75.000 GM,,,75.0,GM,0.0
63,2023-02-20,202302,1,128840459,52202010019,1676006079544,99764856,120,UNILEVER NEPAL LTD-NEPAL,LIRIL,LIRIL LIME RUSH/4Ã—75GM/EWP/SAVE RS 7,145.0,EWP,4Ã—75GM,,1676006079544-unilever nepal ltd-nepal-liril#3.png,RECODING,5,9,92511250,113.862946,120,UNILEVER NEPAL LTD-NEPAL,LIRIL,LIRIL,LIRIL-EWP 75 GMS,EWRPK,75.000 GM,,,75.0,GM,0.0
63,2023-02-20,202302,1,128840459,52202010019,1676006079544,99764856,120,UNILEVER NEPAL LTD-NEPAL,LIRIL,LIRIL LIME RUSH/4Ã—75GM/EWP/SAVE RS 7,145.0,EWP,4Ã—75GM,,1676006079544-unilever nepal ltd-nepal-liril#3.png,RECODING,5,10,92512147,113.862946,120,UNILEVER NEPAL LTD-NEPAL,LIRIL,LIRIL,LIRIL-EWP 75 GMS,EWRPK,75.000 GM,,,75.0,GM,0.0
64,2023-02-20,202302,1,128840459,52202010019,1675747723641,99764845,123,DINESH SOAP & HOUSEHOLD-NPL,DINESH ,DINESH ASH DISHWASH BAR/400GM/PCN/ FREE SCRUB PAD,60.0,PCN,400GM ,,1675747723641-dinesh soap - household-npl-dinesh #3.png,RECODING,5,1,99764845,74.17023,123,DINESH SOAP & HOUSEHOLD-NPL,DINESH,DINESH ASH,DINESH ASH-DISHWASH BAR PCN 400 GM+FREE SCRUBBER,PLJAR,400.000 GM,,,400.0,GM,50.0
64,2023-02-20,202302,1,128840459,52202010019,1675747723641,99764845,123,DINESH SOAP & HOUSEHOLD-NPL,DINESH ,DINESH ASH DISHWASH BAR/400GM/PCN/ FREE SCRUB PAD,60.0,PCN,400GM ,,1675747723641-dinesh soap - household-npl-dinesh #3.png,RECODING,5,2,99764619,96.815704,123,DINESH SOAP & HOUSEHOLD-NPL,DINESH,DINESH,DINESH-DISHWASH BAR PPH 75 GM,PLPCH,75.000 GM,,,75.0,GM,10.0
64,2023-02-20,202302,1,128840459,52202010019,1675747723641,99764845,123,DINESH SOAP & HOUSEHOLD-NPL,DINESH ,DINESH ASH DISHWASH BAR/400GM/PCN/ FREE SCRUB PAD,60.0,PCN,400GM ,,1675747723641-dinesh soap - household-npl-dinesh #3.png,RECODING,5,3,99762816,99.40921,123,DINESH SOAP & HOUSEHOLD-NPL,DINESH,DINESH,DINESH-DISHWASH BAR PPH 100 GM,PLPCH,100.000 GM,,,100.0,GM,10.0
64,2023-02-20,202302,1,128840459,52202010019,1675747723641,99764845,123,DINESH SOAP & HOUSEHOLD-NPL,DINESH ,DINESH ASH DISHWASH BAR/400GM/PCN/ FREE SCRUB PAD,60.0,PCN,400GM ,,1675747723641-dinesh soap - household-npl-dinesh #3.png,RECODING,5,4,54889,117.04823,122,DINESH SOAP & HOUSEHOLD-NPL,DINESH,DINESH 3IN1,DINESH 3IN1-LIME GREEN PCN 5000 GM,PLJAR,5000.000 GM,,,5000.0,GM,0.0
64,2023-02-20,202302,1,128840459,52202010019,1675747723641,99764845,123,DINESH SOAP & HOUSEHOLD-NPL,DINESH ,DINESH ASH DISHWASH BAR/400GM/PCN/ FREE SCRUB PAD,60.0,PCN,400GM ,,1675747723641-dinesh soap - household-npl-dinesh #3.png,RECODING,5,5,99764891,120.0807,123,DINESH SOAP & HOUSEHOLD-NPL,SHILPA GOLD,SHILPA GOLD,SHILPA GOLD-LEMON & ASH POWER PCN 400 GM+FREE SCRUBBER,PLJAR,400.000 GM,,,400.0,GM,65.0
64,2023-02-20,202302,1,128840459,52202010019,1675747723641,99764845,123,DINESH SOAP & HOUSEHOLD-NPL,DINESH ,DINESH ASH DISHWASH BAR/400GM/PCN/ FREE SCRUB PAD,60.0,PCN,400GM ,,1675747723641-dinesh soap - household-npl-dinesh #3.png,RECODING,5,6,52462,122.43258,122,DINESH SOAP & HOUSEHOLD-NPL,DINESH,DINESH 3IN1,DINESH 3IN1-PPH 900 GM,PLPCH,900.000 GM,,,900.0,GM,0.0
64,2023-02-20,202302,1,128840459,52202010019,1675747723641,99764845,123,DINESH SOAP & HOUSEHOLD-NPL,DINESH ,DINESH ASH DISHWASH BAR/400GM/PCN/ FREE SCRUB PAD,60.0,PCN,400GM ,,1675747723641-dinesh soap - household-npl-dinesh #3.png,RECODING,5,7,52198,123.1822,122,DINESH SOAP & HOUSEHOLD-NPL,DINESH,DINESH 3IN1,DINESH 3IN1-PPH 250 GM,PLPCH,250.000 GM,,,250.0,GM,0.0
64,2023-02-20,202302,1,128840459,52202010019,1675747723641,99764845,123,DINESH SOAP & HOUSEHOLD-NPL,DINESH ,DINESH ASH DISHWASH BAR/400GM/PCN/ FREE SCRUB PAD,60.0,PCN,400GM ,,1675747723641-dinesh soap - household-npl-dinesh #3.png,RECODING,5,8,53899,124.03047,123,DINESH SOAP & HOUSEHOLD-NPL,DINESH,DINESH,DINESH-UNWRP 198 GM,UNWRP,198.000 GM,,,198.0,GM,0.0
64,2023-02-20,202302,1,128840459,52202010019,1675747723641,99764845,123,DINESH SOAP & HOUSEHOLD-NPL,DINESH ,DINESH ASH DISHWASH BAR/400GM/PCN/ FREE SCRUB PAD,60.0,PCN,400GM ,,1675747723641-dinesh soap - household-npl-dinesh #3.png,RECODING,5,9,53898,124.557686,123,DINESH SOAP & HOUSEHOLD-NPL,DINESH,DINESH,DINESH-UNWRP 148 GM,UNWRP,148.000 GM,,,148.0,GM,0.0
64,2023-02-20,202302,1,128840459,52202010019,1675747723641,99764845,123,DINESH SOAP & HOUSEHOLD-NPL,DINESH ,DINESH ASH DISHWASH BAR/400GM/PCN/ FREE SCRUB PAD,60.0,PCN,400GM ,,1675747723641-dinesh soap - household-npl-dinesh #3.png,RECODING,5,10,99762676,125.131065,122,DINESH SOAP & HOUSEHOLD-NPL,DINESH,DINESH 3IN1,DINESH 3IN1-PPH 200 GM,PLPCH,200.000 GM,,,200.0,GM,20.0
65,2023-02-20,202302,1,128840459,52202010019,1676786993549,99764887,120,RECKITT BENCKISER - INDIA,DETTOL ORIGINAL,DETTOL ORIGINAL/750ML/PPH,160.0,PPH,750M L,,1676786993549-reckitt benckiser - india-dettol original#3.png,RECODING,5,1,92524345,79.7278,120,RECKITT BENCKISER - INDIA,DETTOL,DETTOL ORIGINAL,DETTOL ORIGINAL-PPH 25 GMS,PLPCH,25.000 GM,,,25.0,GM,0.0
65,2023-02-20,202302,1,128840459,52202010019,1676786993549,99764887,120,RECKITT BENCKISER - INDIA,DETTOL ORIGINAL,DETTOL ORIGINAL/750ML/PPH,160.0,PPH,750M L,,1676786993549-reckitt benckiser - india-dettol original#3.png,RECODING,5,2,92521781,82.78723,120,RECKITT BENCKISER - INDIA,DETTOL,DETTOL ORIGINAL,DETTOL ORIGINAL-PPH 35 GMS,PLPCH,35.000 GM,,,35.0,GM,0.0
65,2023-02-20,202302,1,128840459,52202010019,1676786993549,99764887,120,RECKITT BENCKISER - INDIA,DETTOL ORIGINAL,DETTOL ORIGINAL/750ML/PPH,160.0,PPH,750M L,,1676786993549-reckitt benckiser - india-dettol original#3.png,RECODING,5,3,49672,82.9523,120,RECKITT BENCKISER - INDIA,DETTOL,DETTOL ORIGINAL,DETTOL ORIGINAL-PPH 3*175 ML+SAV RS 64,PLPCH,175.000 ML,,,525.0,ML,0.0
65,2023-02-20,202302,1,128840459,52202010019,1676786993549,99764887,120,RECKITT BENCKISER - INDIA,DETTOL ORIGINAL,DETTOL ORIGINAL/750ML/PPH,160.0,PPH,750M L,,1676786993549-reckitt benckiser - india-dettol original#3.png,RECODING,5,4,99764887,83.00911,120,RECKITT BENCKISER - INDIA,DETTOL,DETTOL ORIGINAL,DETTOL ORIGINAL-PPH 750 ML,PLPCH,750.000 ML,,,750.0,ML,160.0
65,2023-02-20,202302,1,128840459,52202010019,1676786993549,99764887,120,RECKITT BENCKISER - INDIA,DETTOL ORIGINAL,DETTOL ORIGINAL/750ML/PPH,160.0,PPH,750M L,,1676786993549-reckitt benckiser - india-dettol original#3.png,RECODING,5,5,45322,84.17436,120,RECKITT BENCKISER - INDIA,DETTOL,DETTOL ORIGINAL,DETTOL ORIGINAL-PPH 175 ML,PLPCH,175.000 ML,,,175.0,ML,0.0
65,2023-02-20,202302,1,128840459,52202010019,1676786993549,99764887,120,RECKITT BENCKISER - INDIA,DETTOL ORIGINAL,DETTOL ORIGINAL/750ML/PPH,160.0,PPH,750M L,,1676786993549-reckitt benckiser - india-dettol original#3.png,RECODING,5,6,92561872,84.32232,120,RECKITT BENCKISER - INDIA,DETTOL,DETTOL ORIGINAL,DETTOL ORIGINAL-PBT 225 ML+75GM DETTOL ORI. SP,PLBOT,225.000 ML,,,225.0,GM,0.0
65,2023-02-20,202302,1,128840459,52202010019,1676786993549,99764887,120,RECKITT BENCKISER - INDIA,DETTOL ORIGINAL,DETTOL ORIGINAL/750ML/PPH,160.0,PPH,750M L,,1676786993549-reckitt benckiser - india-dettol original#3.png,RECODING,5,7,92561058,86.67972,120,RECKITT BENCKISER - INDIA,DETTOL,DETTOL ORIGINAL,DETTOL ORIGINAL-PPH 185ML+25%,PLPCH,185.000 ML,,,231.25,ML,0.0
65,2023-02-20,202302,1,128840459,52202010019,1676786993549,99764887,120,RECKITT BENCKISER - INDIA,DETTOL ORIGINAL,DETTOL ORIGINAL/750ML/PPH,160.0,PPH,750M L,,1676786993549-reckitt benckiser - india-dettol original#3.png,RECODING,5,8,48127,87.26605,120,RECKITT BENCKISER - INDIA,DETTOL,DETTOL ORIGINAL,DETTOL ORIGINAL-PPH 175 ML+RS 16 OFF,PLPCH,175.000 ML,,,175.0,ML,0.0
65,2023-02-20,202302,1,128840459,52202010019,1676786993549,99764887,120,RECKITT BENCKISER - INDIA,DETTOL ORIGINAL,DETTOL ORIGINAL/750ML/PPH,160.0,PPH,750M L,,1676786993549-reckitt benckiser - india-dettol original#3.png,RECODING,5,9,92562431,87.727066,120,RECKITT BENCKISER - INDIA,DETTOL,DETTOL ORIGINAL,DETTOL ORIGINAL-PBT 215M+185M DETTOL ORIGNAL REFL,PLBOT,215.000 ML,,,215.0,ML,0.0
65,2023-02-20,202302,1,128840459,52202010019,1676786993549,99764887,120,RECKITT BENCKISER - INDIA,DETTOL ORIGINAL,DETTOL ORIGINAL/750ML/PPH,160.0,PPH,750M L,,1676786993549-reckitt benckiser - india-dettol original#3.png,RECODING,5,10,92521255,87.76533,120,RECKITT BENCKISER - INDIA,DETTOL,DETTOL ORIGINAL,DETTOL ORIGINAL-PPH 185ML,PLPCH,185.000 ML,,,185.0,ML,0.0
66,2023-02-20,202302,1,128840459,52202010019,1676265360780,1676265360780,106,HIMADRI FOOD-NEPAL,PRAN KOKO,PRAN KOKO/MILK LOLLYPOP/900GM/PCN,0.0,PCN,900GM ,Delete the Item,1676265360780-himadri food-nepal-pran koko#3.png,DELETE THE ITEM,1,1,99764869,135.76001,106,HIMADRI FOOD-NEPAL,PRAN,PRAN KOKO,PRAN KOKO-MILK LOLLIPOP PCN 1000 GM,PLJAR,1000.000 GM,MILK,,1000.0,GM,430.0
66,2023-02-20,202302,1,128840459,52202010019,1676265360780,1676265360780,106,HIMADRI FOOD-NEPAL,PRAN KOKO,PRAN KOKO/MILK LOLLYPOP/900GM/PCN,0.0,PCN,900GM ,Delete the Item,1676265360780-himadri food-nepal-pran koko#3.png,DELETE THE ITEM,1,2,99762894,150.43832,106,HIMADRI FOOD-NEPAL,PRAN,PRAN KOKO,PRAN KOKO-MILK LOLLIPOP EWP 10 GM,EWRPK,10.000 GM,MILK,,10.0,GM,5.0
66,2023-02-20,202302,1,128840459,52202010019,1676265360780,1676265360780,106,HIMADRI FOOD-NEPAL,PRAN KOKO,PRAN KOKO/MILK LOLLYPOP/900GM/PCN,0.0,PCN,900GM ,Delete the Item,1676265360780-himadri food-nepal-pran koko#3.png,DELETE THE ITEM,1,3,99764582,156.79785,106,HIMADRI FOOD-NEPAL,PRAN,PRAN LOLLIPOP,PRAN LOLLIPOP-ASSORTED PCN 1000 GM,PLJAR,1000.000 GM,ASSORTED,,1000.0,GM,400.0
66,2023-02-20,202302,1,128840459,52202010019,1676265360780,1676265360780,106,HIMADRI FOOD-NEPAL,PRAN KOKO,PRAN KOKO/MILK LOLLYPOP/900GM/PCN,0.0,PCN,900GM ,Delete the Item,1676265360780-himadri food-nepal-pran koko#3.png,DELETE THE ITEM,1,4,47468,177.51318,106,HIMADRI FOOD-NEPAL,PRAN,PRAN MR. MANGO,PRAN MR. MANGO-LOLLIPOP EWP 9 GM,EWRPK,9.000 GM,MANGO,,9.0,GM,0.0
66,2023-02-20,202302,1,128840459,52202010019,1676265360780,1676265360780,106,HIMADRI FOOD-NEPAL,PRAN KOKO,PRAN KOKO/MILK LOLLYPOP/900GM/PCN,0.0,PCN,900GM ,Delete the Item,1676265360780-himadri food-nepal-pran koko#3.png,DELETE THE ITEM,1,5,51633,181.58255,106,HIMADRI FOOD-NEPAL,PRAN,PRAN KOKO,PRAN KOKO-COCONUT PPH 4 GM,PLPCH,4.000 GM,COCONUT,,4.0,GM,0.0
66,2023-02-20,202302,1,128840459,52202010019,1676265360780,1676265360780,106,HIMADRI FOOD-NEPAL,PRAN KOKO,PRAN KOKO/MILK LOLLYPOP/900GM/PCN,0.0,PCN,900GM ,Delete the Item,1676265360780-himadri food-nepal-pran koko#3.png,DELETE THE ITEM,1,6,52807,182.51419,106,HIMADRI FOOD-NEPAL,PRAN,PRAN KOKO,PRAN KOKO-PEANUT PPH 4 GM,PLPCH,4.000 GM,PEANUT,,4.0,GM,0.0
66,2023-02-20,202302,1,128840459,52202010019,1676265360780,1676265360780,106,HIMADRI FOOD-NEPAL,PRAN KOKO,PRAN KOKO/MILK LOLLYPOP/900GM/PCN,0.0,PCN,900GM ,Delete the Item,1676265360780-himadri food-nepal-pran koko#3.png,DELETE THE ITEM,1,7,47611,183.38274,106,HIMADRI FOOD-NEPAL,PRAN,PRAN MILK CANDY,PRAN MILK CANDY-PPH 2.5 GM,PLPCH,2.500 GM,MILK,,2.5,GM,0.0
66,2023-02-20,202302,1,128840459,52202010019,1676265360780,1676265360780,106,HIMADRI FOOD-NEPAL,PRAN KOKO,PRAN KOKO/MILK LOLLYPOP/900GM/PCN,0.0,PCN,900GM ,Delete the Item,1676265360780-himadri food-nepal-pran koko#3.png,DELETE THE ITEM,1,8,49476,189.80629,106,HIMADRI FOOD-NEPAL,PRAN,PRAN KOKO,PRAN KOKO-COCONUT EWP 10 GM,EWRPK,10.000 GM,COCONUT,,10.0,GM,0.0
66,2023-02-20,202302,1,128840459,52202010019,1676265360780,1676265360780,106,HIMADRI FOOD-NEPAL,PRAN KOKO,PRAN KOKO/MILK LOLLYPOP/900GM/PCN,0.0,PCN,900GM ,Delete the Item,1676265360780-himadri food-nepal-pran koko#3.png,DELETE THE ITEM,1,9,54734,196.15971,106,HIMADRI FOOD-NEPAL,PRAN,PRAN PNUT CANDY,PRAN PNUT CANDY-PPH 4 GM,PLPCH,4.000 GM,PEANUT,,4.0,GM,0.0
66,2023-02-20,202302,1,128840459,52202010019,1676265360780,1676265360780,106,HIMADRI FOOD-NEPAL,PRAN KOKO,PRAN KOKO/MILK LOLLYPOP/900GM/PCN,0.0,PCN,900GM ,Delete the Item,1676265360780-himadri food-nepal-pran koko#3.png,DELETE THE ITEM,1,10,48931,197.22949,106,HIMADRI FOOD-NEPAL,PRAN,PRAN AAPRAS,PRAN AAPRAS-PPH 2.5 GM,PLPCH,2.500 GM,UNSPECIFIED,,2.5,GM,0.0
67,2023-02-20,202302,1,128840459,52202010019,1676790389776,99764855,106,SUJAL FOODS PVT LTD-NEPAL,SUJAL ECLAIRS,SUJAL ECLAIRS/MILK CHOCOLATE/320GM/PPH,150.0,PPH,320GM,,1676790389776-sujal foods pvt ltd-nepal-sujal eclairs#3.png,RECODING,5,1,99764855,77.18298,106,SUJAL FOODS PVT LTD-NEPAL,SUJAL,SUJAL ECLAIRS,SUJAL ECLAIRS- MILK CHOCOLATE PPH 320 GM,PLPCH,320.000 GM,MILK CHOCOLATE,,320.0,GM,130.0
67,2023-02-20,202302,1,128840459,52202010019,1676790389776,99764855,106,SUJAL FOODS PVT LTD-NEPAL,SUJAL ECLAIRS,SUJAL ECLAIRS/MILK CHOCOLATE/320GM/PPH,150.0,PPH,320GM,,1676790389776-sujal foods pvt ltd-nepal-sujal eclairs#3.png,RECODING,5,2,91826189,81.14307,106,SUJAL FOODS PVT LTD-NEPAL,SUJAL,SUJAL ECLAIRS,SUJAL ECLAIRS- MILK CHOCOLATE PPH 3 GM,PLPCH,3.000 GM,MILK CHOCOLATE,,3.0,GM,0.0
67,2023-02-20,202302,1,128840459,52202010019,1676790389776,99764855,106,SUJAL FOODS PVT LTD-NEPAL,SUJAL ECLAIRS,SUJAL ECLAIRS/MILK CHOCOLATE/320GM/PPH,150.0,PPH,320GM,,1676790389776-sujal foods pvt ltd-nepal-sujal eclairs#3.png,RECODING,5,3,99764570,81.57095,106,SUJAL FOODS PVT LTD-NEPAL,SUJAL,SUJAL ECLAIRS,SUJAL ECLAIRS- MILK CHOCOLATE PPH 275 GM,PLPCH,275.000 GM,MILK CHOCOLATE,,275.0,GM,85.0
67,2023-02-20,202302,1,128840459,52202010019,1676790389776,99764855,106,SUJAL FOODS PVT LTD-NEPAL,SUJAL ECLAIRS,SUJAL ECLAIRS/MILK CHOCOLATE/320GM/PPH,150.0,PPH,320GM,,1676790389776-sujal foods pvt ltd-nepal-sujal eclairs#3.png,RECODING,5,4,99764826,82.07709,106,SUJAL FOODS PVT LTD-NEPAL,SUJAL,SUJAL ECLAIRS,SUJAL ECLAIRS- MILK CHOCOLATE PCN 1650 GM,PLJAR,1650.000 GM,MILK CHOCOLATE,,1650.0,GM,600.0
67,2023-02-20,202302,1,128840459,52202010019,1676790389776,99764855,106,SUJAL FOODS PVT LTD-NEPAL,SUJAL ECLAIRS,SUJAL ECLAIRS/MILK CHOCOLATE/320GM/PPH,150.0,PPH,320GM,,1676790389776-sujal foods pvt ltd-nepal-sujal eclairs#3.png,RECODING,5,5,99764701,82.875,106,SUJAL FOODS PVT LTD-NEPAL,SUJAL,SUJAL ECLAIRS,SUJAL ECLAIRS- MILK CHOCOLATE PPH 290 GM,PLPCH,290.000 GM,MILK CHOCOLATE,,290.0,GM,80.0
67,2023-02-20,202302,1,128840459,52202010019,1676790389776,99764855,106,SUJAL FOODS PVT LTD-NEPAL,SUJAL ECLAIRS,SUJAL ECLAIRS/MILK CHOCOLATE/320GM/PPH,150.0,PPH,320GM,,1676790389776-sujal foods pvt ltd-nepal-sujal eclairs#3.png,RECODING,5,6,99764540,83.78624,106,SUJAL FOODS PVT LTD-NEPAL,SUJAL,SUJAL ECLAIRS,SUJAL ECLAIRS- MILK CHOCOLATE PCN 550 GM,PLJAR,550.000 GM,MILK CHOCOLATE,,550.0,GM,170.0
67,2023-02-20,202302,1,128840459,52202010019,1676790389776,99764855,106,SUJAL FOODS PVT LTD-NEPAL,SUJAL ECLAIRS,SUJAL ECLAIRS/MILK CHOCOLATE/320GM/PPH,150.0,PPH,320GM,,1676790389776-sujal foods pvt ltd-nepal-sujal eclairs#3.png,RECODING,5,7,99764542,84.11899,106,SUJAL FOODS PVT LTD-NEPAL,SUJAL,SUJAL ECLAIRS,SUJAL ECLAIRS- MILK CHOCOLATE PCN 1740 GM,PLJAR,1740.000 GM,MILK CHOCOLATE,,1740.0,GM,500.0
67,2023-02-20,202302,1,128840459,52202010019,1676790389776,99764855,106,SUJAL FOODS PVT LTD-NEPAL,SUJAL ECLAIRS,SUJAL ECLAIRS/MILK CHOCOLATE/320GM/PPH,150.0,PPH,320GM,,1676790389776-sujal foods pvt ltd-nepal-sujal eclairs#3.png,RECODING,5,8,99764671,84.96263,106,SUJAL FOODS PVT LTD-NEPAL,SUJAL,SUJAL ECLAIRS,SUJAL ECLAIRS- MILK CHOCOLATE PCN 720 GM,PLJAR,720.000 GM,MILK CHOCOLATE,,720.0,GM,350.0
67,2023-02-20,202302,1,128840459,52202010019,1676790389776,99764855,106,SUJAL FOODS PVT LTD-NEPAL,SUJAL ECLAIRS,SUJAL ECLAIRS/MILK CHOCOLATE/320GM/PPH,150.0,PPH,320GM,,1676790389776-sujal foods pvt ltd-nepal-sujal eclairs#3.png,RECODING,5,9,99764541,85.78427,106,SUJAL FOODS PVT LTD-NEPAL,SUJAL,SUJAL ECLAIRS,SUJAL ECLAIRS- MILK CHOCOLATE PCN 580 GM,PLJAR,580.000 GM,MILK CHOCOLATE,,580.0,GM,200.0
67,2023-02-20,202302,1,128840459,52202010019,1676790389776,99764855,106,SUJAL FOODS PVT LTD-NEPAL,SUJAL ECLAIRS,SUJAL ECLAIRS/MILK CHOCOLATE/320GM/PPH,150.0,PPH,320GM,,1676790389776-sujal foods pvt ltd-nepal-sujal eclairs#3.png,RECODING,5,10,99763802,94.15879,106,SUJAL FOODS PVT LTD-NEPAL,SUJAL,SUJAL ECLAIRS,SUJAL ECLAIRS- MILK CHOCOLATE EWP 4 GM,EWRPK,4.000 GM,MILK CHOCOLATE,,4.0,GM,2.0
68,2023-02-20,202302,1,109994638,21101010250,1676455073355,1676455073355,132,YYY,GG,HHHH,,YU,GJ,,,DELETE THE ITEM,1,1,54981,283.45844,123,P.S.S.I-NEPAL,CHANDANI,CHANDANI,CHANDANI-UNWRP 270 GM,UNWRP,270.000 GM,,,270.0,GM,0.0
68,2023-02-20,202302,1,109994638,21101010250,1676455073355,1676455073355,132,YYY,GG,HHHH,,YU,GJ,,,DELETE THE ITEM,1,2,50848,284.8429,123,NAMASTE S.I (P)-NEPAL,FRIEND,FRIEND,FRIEND-UNWRP 250 GM,UNWRP,250.000 GM,,,250.0,GM,0.0
68,2023-02-20,202302,1,109994638,21101010250,1676455073355,1676455073355,132,YYY,GG,HHHH,,YU,GJ,,,DELETE THE ITEM,1,3,53476,286.59198,123,NAMASTE S.I (P)-NEPAL,FRIEND,FRIEND,FRIEND-UNWRP 120 GM,UNWRP,120.000 GM,,,120.0,GM,0.0
68,2023-02-20,202302,1,109994638,21101010250,1676455073355,1676455073355,132,YYY,GG,HHHH,,YU,GJ,,,DELETE THE ITEM,1,4,47868,288.5798,123,B.S.I PVT LTD-NEPAL,PUMA,PUMA,PUMA-UNWRP 300 GM,UNWRP,300.000 GM,,,300.0,GM,0.0
68,2023-02-20,202302,1,109994638,21101010250,1676455073355,1676455073355,132,YYY,GG,HHHH,,YU,GJ,,,DELETE THE ITEM,1,5,46667,288.7041,123,B.S.I PVT LTD-NEPAL,SURYA,SURYA,SURYA-UNWRP 200 GMS,UNWRP,200.000 GM,,,200.0,GM,0.0
68,2023-02-20,202302,1,109994638,21101010250,1676455073355,1676455073355,132,YYY,GG,HHHH,,YU,GJ,,,DELETE THE ITEM,1,6,92925080,289.75433,123,G.S.I.P.LTD-NEPAL,XPERT,XPERT,XPERT-UNWRP 150 GMS,UNWRP,150.000 GM,,,150.0,GM,0.0
68,2023-02-20,202302,1,109994638,21101010250,1676455073355,1676455073355,132,YYY,GG,HHHH,,YU,GJ,,,DELETE THE ITEM,1,7,92926137,290.2539,123,SURYA BANSI SABUN UDHYOG-NP,SURYA,SURYA,SURYA-UNWRP 1000 GMS,UNWRP,1000.000 GM,,,1000.0,GM,0.0
68,2023-02-20,202302,1,109994638,21101010250,1676455073355,1676455073355,132,YYY,GG,HHHH,,YU,GJ,,,DELETE THE ITEM,1,8,47668,290.4494,123,SUNLIGHT SABUN UDHYOG-NEPAL,BIHANI,BIHANI,BIHANI-UNWRP 120 GM,UNWRP,120.000 GM,,,120.0,GM,0.0
68,2023-02-20,202302,1,109994638,21101010250,1676455073355,1676455073355,132,YYY,GG,HHHH,,YU,GJ,,,DELETE THE ITEM,1,9,92923725,290.4814,123,B.S.I PVT LTD-NEPAL,SURYA,SURYA,SURYA-UNWRP 150 GMS,UNWRP,150.000 GM,,,150.0,GM,0.0
68,2023-02-20,202302,1,109994638,21101010250,1676455073355,1676455073355,132,YYY,GG,HHHH,,YU,GJ,,,DELETE THE ITEM,1,10,92925071,290.5631,123,J.K. PRODUCTS- NEPAL,ROSHNI,ROSHNI,ROSHNI-UNWRP 250 GMS,UNWRP,250.000 GM,,,250.0,GM,0.0
69,2023-02-20,202302,1,121836859,12303010046,1676794783259,99764877,106,SUJAL FOODS PVT LTD-NEPAL,SUJAL CENTER FRESH,SUJAL CENTER FRESH- MINT PCN 640GM,165.0,PCN,640GM,,1676794783259-sujal foods pvt ltd-nepal-sujal center fresh#3.png,RECODING,5,1,99764877,94.50018,106,SUJAL FOODS PVT LTD-NEPAL,SUJAL,SUJAL CENTER FRESH,SUJAL CENTER FRESH- MINT PCN 640 GM,PLJAR,640.000 GM,MINT,,640.0,GM,165.0
69,2023-02-20,202302,1,121836859,12303010046,1676794783259,99764877,106,SUJAL FOODS PVT LTD-NEPAL,SUJAL CENTER FRESH,SUJAL CENTER FRESH- MINT PCN 640GM,165.0,PCN,640GM,,1676794783259-sujal foods pvt ltd-nepal-sujal center fresh#3.png,RECODING,5,2,99764569,99.480415,106,SUJAL FOODS PVT LTD-NEPAL,SUJAL,SUJAL CENTER FRESH,SUJAL CENTER FRESH- MINT PPH 320 GM,PLPCH,320.000 GM,MINT,,320.0,GM,85.0
69,2023-02-20,202302,1,121836859,12303010046,1676794783259,99764877,106,SUJAL FOODS PVT LTD-NEPAL,SUJAL CENTER FRESH,SUJAL CENTER FRESH- MINT PCN 640GM,165.0,PCN,640GM,,1676794783259-sujal foods pvt ltd-nepal-sujal center fresh#3.png,RECODING,5,3,99764509,102.788246,106,SUJAL FOODS PVT LTD-NEPAL,SUJAL,SUJAL CENTER FRESH,SUJAL CENTER FRESH- MINT PPH 330 GM,PLPCH,330.000 GM,MINT,,330.0,GM,100.0
69,2023-02-20,202302,1,121836859,12303010046,1676794783259,99764877,106,SUJAL FOODS PVT LTD-NEPAL,SUJAL CENTER FRESH,SUJAL CENTER FRESH- MINT PCN 640GM,165.0,PCN,640GM,,1676794783259-sujal foods pvt ltd-nepal-sujal center fresh#3.png,RECODING,5,4,99764539,102.94316,106,SUJAL FOODS PVT LTD-NEPAL,SUJAL,SUJAL CENTER FRESH,SUJAL CENTER FRESH- MINT PCN 660 GM,PLJAR,660.000 GM,MINT,,660.0,GM,170.0
69,2023-02-20,202302,1,121836859,12303010046,1676794783259,99764877,106,SUJAL FOODS PVT LTD-NEPAL,SUJAL CENTER FRESH,SUJAL CENTER FRESH- MINT PCN 640GM,165.0,PCN,640GM,,1676794783259-sujal foods pvt ltd-nepal-sujal center fresh#3.png,RECODING,5,5,99764583,125.54714,106,SUJAL FOODS PVT LTD-NEPAL,FRESH DENT,FRESH DENT,FRESH DENT-MINT PCN 375 GM,PLJAR,375.000 GM,MINT,,375.0,GM,300.0
69,2023-02-20,202302,1,121836859,12303010046,1676794783259,99764877,106,SUJAL FOODS PVT LTD-NEPAL,SUJAL CENTER FRESH,SUJAL CENTER FRESH- MINT PCN 640GM,165.0,PCN,640GM,,1676794783259-sujal foods pvt ltd-nepal-sujal center fresh#3.png,RECODING,5,6,51252,128.68399,106,SUJAL FOODS PVT LTD-NEPAL,SUJAL,SUJAL CENTER FRESH,SUJAL CENTER FRESH- EWP MINT 3.75 GM,EWRPK,3.750 GM,MINT,,3.75,GM,0.0
69,2023-02-20,202302,1,121836859,12303010046,1676794783259,99764877,106,SUJAL FOODS PVT LTD-NEPAL,SUJAL CENTER FRESH,SUJAL CENTER FRESH- MINT PCN 640GM,165.0,PCN,640GM,,1676794783259-sujal foods pvt ltd-nepal-sujal center fresh#3.png,RECODING,5,7,91826534,136.55008,106,SUJAL FOODS PVT LTD-NEPAL,SUJAL,SUJAL CENTER FRESH,SUJAL CENTER FRESH- EWP 4 GM,EWRPK,4.000 GM,UNSPECIFIED,,4.0,GM,0.0
69,2023-02-20,202302,1,121836859,12303010046,1676794783259,99764877,106,SUJAL FOODS PVT LTD-NEPAL,SUJAL CENTER FRESH,SUJAL CENTER FRESH- MINT PCN 640GM,165.0,PCN,640GM,,1676794783259-sujal foods pvt ltd-nepal-sujal center fresh#3.png,RECODING,5,8,99764491,140.73853,106,SUJAL FOODS PVT LTD-NEPAL,CRAVE,CRAVE FRESHO,CRAVE FRESHO- MENTHA-LYPTUS PCN 550 GM,PLJAR,550.000 GM,MINT,,550.0,GM,175.0
69,2023-02-20,202302,1,121836859,12303010046,1676794783259,99764877,106,SUJAL FOODS PVT LTD-NEPAL,SUJAL CENTER FRESH,SUJAL CENTER FRESH- MINT PCN 640GM,165.0,PCN,640GM,,1676794783259-sujal foods pvt ltd-nepal-sujal center fresh#3.png,RECODING,5,9,99764533,142.34535,106,SUJAL FOODS PVT LTD-NEPAL,CRAVE,CRAVE FRESHO,CRAVE FRESHO- MENTHA-LYPTUS PCN 750 GM,PLJAR,750.000 GM,MINT,,750.0,GM,300.0
69,2023-02-20,202302,1,121836859,12303010046,1676794783259,99764877,106,SUJAL FOODS PVT LTD-NEPAL,SUJAL CENTER FRESH,SUJAL CENTER FRESH- MINT PCN 640GM,165.0,PCN,640GM,,1676794783259-sujal foods pvt ltd-nepal-sujal center fresh#3.png,RECODING,5,10,99764608,142.40906,106,SUJAL FOODS PVT LTD-NEPAL,CRAVE,CRAVE FRESHO,CRAVE FRESHO- MENTHA-LYPTUS PCN 825 GM,PLJAR,825.000 GM,MINT,,825.0,GM,250.0
70,2023-02-20,202302,1,130609425,22101010017,1676782389307,99764873,106,MAHALAXMI PRODUCTS-INDIA,A-1 FRESH GUM,A-1 FRESH GUM\425GM\PCN\STRAWBERRY ,240.0,PCN,425GM,,1676782389307-mahalaxmi products-india-a-1 fresh gum#3.png,RECODING,5,1,99764873,81.20225,106,MAHALAXMI PRODUCTS-INDIA,A-1,A-1 FRESH GUM,A-1 FRESH GUM-STRAWBERRY PCN 425 GM,PLJAR,425.000 GM,STRAWBERRY,,425.0,GM,240.0
70,2023-02-20,202302,1,130609425,22101010017,1676782389307,99764873,106,MAHALAXMI PRODUCTS-INDIA,A-1 FRESH GUM,A-1 FRESH GUM\425GM\PCN\STRAWBERRY ,240.0,PCN,425GM,,1676782389307-mahalaxmi products-india-a-1 fresh gum#3.png,RECODING,5,2,51979,89.768265,106,MAHALAXMI PRODUCTS-INDIA,A-1,A-1 FRESH GUM,A-1 FRESH GUM-STRAWBERRY PPH 3 GM,PLPCH,3.000 GM,STRAWBERRY,,3.0,GM,0.0
70,2023-02-20,202302,1,130609425,22101010017,1676782389307,99764873,106,MAHALAXMI PRODUCTS-INDIA,A-1 FRESH GUM,A-1 FRESH GUM\425GM\PCN\STRAWBERRY ,240.0,PCN,425GM,,1676782389307-mahalaxmi products-india-a-1 fresh gum#3.png,RECODING,5,3,47301,169.62671,106,MAHALAXMI PRODUCTS-INDIA,A-1,A-1 SUPER,A-1 SUPER-MINT PPH 3.3 GM,PLPCH,3.300 GM,MINT,,3.3,GM,0.0
70,2023-02-20,202302,1,130609425,22101010017,1676782389307,99764873,106,MAHALAXMI PRODUCTS-INDIA,A-1 FRESH GUM,A-1 FRESH GUM\425GM\PCN\STRAWBERRY ,240.0,PCN,425GM,,1676782389307-mahalaxmi products-india-a-1 fresh gum#3.png,RECODING,5,4,46569,174.02803,106,MAHALAXMI PRODUCTS-INDIA,A-1,A-1 KITCHME,A-1 KITCHME-PPH 4.5 GM,PLPCH,4.500 GM,UNSPECIFIED,,4.5,GM,0.0
70,2023-02-20,202302,1,130609425,22101010017,1676782389307,99764873,106,MAHALAXMI PRODUCTS-INDIA,A-1 FRESH GUM,A-1 FRESH GUM\425GM\PCN\STRAWBERRY ,240.0,PCN,425GM,,1676782389307-mahalaxmi products-india-a-1 fresh gum#3.png,RECODING,5,5,46568,180.18762,106,MAHALAXMI PRODUCTS-INDIA,A-1,A-1,A-1-COFFEE FLAVR TOFFEE PPH 4.5 GM,PLPCH,4.500 GM,COFFEE,,4.5,GM,0.0
70,2023-02-20,202302,1,130609425,22101010017,1676782389307,99764873,106,MAHALAXMI PRODUCTS-INDIA,A-1 FRESH GUM,A-1 FRESH GUM\425GM\PCN\STRAWBERRY ,240.0,PCN,425GM,,1676782389307-mahalaxmi products-india-a-1 fresh gum#3.png,RECODING,5,6,91827316,182.87341,106,GRV CONFECTIONERY-INDIA,KRISH 3,KRISH 3 SEETI BAJAO BUBBLE GUM,KRISH 3 SEETI BAJAO BUBBLE GUM- STRAWBERRY PPH 3.5 GM,PLPCH,3.500 GM,STRAWBERRY,,3.5,GM,0.0
70,2023-02-20,202302,1,130609425,22101010017,1676782389307,99764873,106,MAHALAXMI PRODUCTS-INDIA,A-1 FRESH GUM,A-1 FRESH GUM\425GM\PCN\STRAWBERRY ,240.0,PCN,425GM,,1676782389307-mahalaxmi products-india-a-1 fresh gum#3.png,RECODING,5,7,99764915,183.89397,106,PERFETTI VAN MELLE-INDIA,CHUPA CHUPS,CHUPA CHUPS LOLLIPOP,CHUPA CHUPS LOLLIPOP-BUBBLE GUM STRAWBERRY PPH 12 GM,PLPCH,12.000 GM,STRAWBERRY,,12.0,GM,8.0
70,2023-02-20,202302,1,130609425,22101010017,1676782389307,99764873,106,MAHALAXMI PRODUCTS-INDIA,A-1 FRESH GUM,A-1 FRESH GUM\425GM\PCN\STRAWBERRY ,240.0,PCN,425GM,,1676782389307-mahalaxmi products-india-a-1 fresh gum#3.png,RECODING,5,8,51935,186.84409,106,PERFETTI VAN MELLE-INDIA,CHUPA CHUPS,CHUPA CHUPS LOLLIPOP,CHUPA CHUPS LOLLIPOP-BUBBLE GUM CHERRY PPH 12 GM,PLPCH,12.000 GM,CHERRY,,12.0,GM,0.0
70,2023-02-20,202302,1,130609425,22101010017,1676782389307,99764873,106,MAHALAXMI PRODUCTS-INDIA,A-1 FRESH GUM,A-1 FRESH GUM\425GM\PCN\STRAWBERRY ,240.0,PCN,425GM,,1676782389307-mahalaxmi products-india-a-1 fresh gum#3.png,RECODING,5,9,51073,190.98563,106,AMAN FOOD PRODUCTS-INDIA,BOOBLE,BOOBLE,BOOBLE-STRAWBERRY PPH 3.7 GM,PLPCH,3.700 GM,STRAWBERRY,,3.7,GM,0.0
70,2023-02-20,202302,1,130609425,22101010017,1676782389307,99764873,106,MAHALAXMI PRODUCTS-INDIA,A-1 FRESH GUM,A-1 FRESH GUM\425GM\PCN\STRAWBERRY ,240.0,PCN,425GM,,1676782389307-mahalaxmi products-india-a-1 fresh gum#3.png,RECODING,5,10,91826329,191.11526,106,DELIGHT FOOD INDUSTRIES- INDIA,CANDIWALA,CANDIWALA,CANDIWALA- STRAWBERRY PPH 4 GM,PLPCH,4.000 GM,STRAWBERRY,,4.0,GM,0.0
71,2023-02-20,202302,1,130609425,22101010017,1676784722000,99764895,132,NOBEL HYGIENE PVT LTD-INDIA,SNNUGGY,SNUGGY\10NOS\PPH\2S,140.0,PPH,10NOS,,1676784722000-nobel hygiene pvt ltd-india-snnuggy#3.png,RECODING,5,1,99764895,158.98688,132,NOBEL HYGIENE PVT LTD-INDIA,SNUGGY,SNUGGY DIAPER PANTS,SNUGGY DIAPER PANTS-SMALL(S) PPH 10 NOS,PLPCH,10.000 NO,,,10.0,NO,140.0
71,2023-02-20,202302,1,130609425,22101010017,1676784722000,99764895,132,NOBEL HYGIENE PVT LTD-INDIA,SNNUGGY,SNUGGY\10NOS\PPH\2S,140.0,PPH,10NOS,,1676784722000-nobel hygiene pvt ltd-india-snnuggy#3.png,RECODING,5,2,53459,178.66342,123,SWADESHI SABUN UDHYOG-NEPAL,AAHA,AAHA,AAHA-SUPER LAUNDRY SOAP PPH 3*200 GM,PLPCH,200.000 GM,,,600.0,GM,0.0
71,2023-02-20,202302,1,130609425,22101010017,1676784722000,99764895,132,NOBEL HYGIENE PVT LTD-INDIA,SNNUGGY,SNUGGY\10NOS\PPH\2S,140.0,PPH,10NOS,,1676784722000-nobel hygiene pvt ltd-india-snnuggy#3.png,RECODING,5,3,99764020,179.60034,123,HIMGIRI HYGIENE PVT LTD-NEPAL,TIKA,TIKA,TIKA-LAUNDRY SOAP PPH 3*167 GM [500 GM],PLPCH,167.000 GM,,,500.0,GM,105.0
71,2023-02-20,202302,1,130609425,22101010017,1676784722000,99764895,132,NOBEL HYGIENE PVT LTD-INDIA,SNNUGGY,SNUGGY\10NOS\PPH\2S,140.0,PPH,10NOS,,1676784722000-nobel hygiene pvt ltd-india-snnuggy#3.png,RECODING,5,4,99764733,181.27626,123,HIMGIRI HYGIENE PVT LTD-NEPAL,DHONI,DHONI,DHONI-LAUNDRY SOAP PPH 3*134 GM [400GM],PLPCH,134.000 GM,,,400.0,GM,110.0
71,2023-02-20,202302,1,130609425,22101010017,1676784722000,99764895,132,NOBEL HYGIENE PVT LTD-INDIA,SNNUGGY,SNUGGY\10NOS\PPH\2S,140.0,PPH,10NOS,,1676784722000-nobel hygiene pvt ltd-india-snnuggy#3.png,RECODING,5,5,99763460,181.71472,123,SAGARMATHA SABUN UDHYOG-NP,OHO,OHO,OHO-A ONE LAUNDRY SOAP PPH 300 GM,PLPCH,300.000 GM,,,300.0,GM,55.0
71,2023-02-20,202302,1,130609425,22101010017,1676784722000,99764895,132,NOBEL HYGIENE PVT LTD-INDIA,SNNUGGY,SNUGGY\10NOS\PPH\2S,140.0,PPH,10NOS,,1676784722000-nobel hygiene pvt ltd-india-snnuggy#3.png,RECODING,5,6,99763575,183.48111,123,HIMGIRI HYGIENE PVT LTD-NEPAL,DHONI,DHONI,DHONI-LAUNDRY SOAP PPH 3*150 GM [450GM],PLPCH,150.000 GM,,,450.0,GM,105.0
71,2023-02-20,202302,1,130609425,22101010017,1676784722000,99764895,132,NOBEL HYGIENE PVT LTD-INDIA,SNNUGGY,SNUGGY\10NOS\PPH\2S,140.0,PPH,10NOS,,1676784722000-nobel hygiene pvt ltd-india-snnuggy#3.png,RECODING,5,7,99763288,184.75012,123,HIMGIRI HYGIENE PVT LTD-NEPAL,FIZZ,FIZZ,FIZZ-LAUNDRY SOAP PPH 3*167 GM [500GM],PLPCH,167.000 GM,,,500.0,GM,100.0
71,2023-02-20,202302,1,130609425,22101010017,1676784722000,99764895,132,NOBEL HYGIENE PVT LTD-INDIA,SNNUGGY,SNUGGY\10NOS\PPH\2S,140.0,PPH,10NOS,,1676784722000-nobel hygiene pvt ltd-india-snnuggy#3.png,RECODING,5,8,99764618,184.96567,123,GAURISHANKAR SABUN UDHYOG-NEPAL,PANASH,PANASH,PANASH-LAUNDRY SOAP PPH 200 GM,PLPCH,200.000 GM,,,200.0,GM,40.0
71,2023-02-20,202302,1,130609425,22101010017,1676784722000,99764895,132,NOBEL HYGIENE PVT LTD-INDIA,SNNUGGY,SNUGGY\10NOS\PPH\2S,140.0,PPH,10NOS,,1676784722000-nobel hygiene pvt ltd-india-snnuggy#3.png,RECODING,5,9,99764179,187.10919,123,NAMASTE S.I (P)-NEPAL,JUN,JUN,JUN-LAUNDRY SOAP PPH 200 GM,PLPCH,200.000 GM,,,200.0,GM,40.0
71,2023-02-20,202302,1,130609425,22101010017,1676784722000,99764895,132,NOBEL HYGIENE PVT LTD-INDIA,SNNUGGY,SNUGGY\10NOS\PPH\2S,140.0,PPH,10NOS,,1676784722000-nobel hygiene pvt ltd-india-snnuggy#3.png,RECODING,5,10,51664,187.21193,123,NAMASTE S.I (P)-NEPAL,NILAM,NILAM,NILAM-DETERGEN SOAP PPH 95 GM,PLPCH,95.000 GM,,,95.0,GM,0.0
72,2023-02-20,202302,2,112331058,21102020041,1676790864460,99764925,118,VARUN BEVERAGE -NEPAL,MOUNTAIN DEW,MOUNTAIN DEW/FREE STING,260.0,PBT,2250,,1676790864460-varun beverage -nepal-mountain dew#3.png,RECODING,5,1,99764925,110.73955,118,VARUN BEVERAGE -NEPAL,MOUNTAIN DEW,MOUNTAIN DEW,MOUNTAIN DEW PET 2250 ML+250 ML STING FREE,PET,2250.000 ML,LEMON,,2250.0,ML,260.0
72,2023-02-20,202302,2,112331058,21102020041,1676790864460,99764925,118,VARUN BEVERAGE -NEPAL,MOUNTAIN DEW,MOUNTAIN DEW/FREE STING,260.0,PBT,2250,,1676790864460-varun beverage -nepal-mountain dew#3.png,RECODING,5,2,20110254,130.20232,118,VARUN BEVERAGE -NEPAL,MOUNTAIN DEW,MOUNTAIN DEW,PET 1500 ML,PET,1500.000 ML,LEMON,,1500.0,ML,0.0
72,2023-02-20,202302,2,112331058,21102020041,1676790864460,99764925,118,VARUN BEVERAGE -NEPAL,MOUNTAIN DEW,MOUNTAIN DEW/FREE STING,260.0,PBT,2250,,1676790864460-varun beverage -nepal-mountain dew#3.png,RECODING,5,3,49149,130.57431,118,VARUN BEVERAGE -NEPAL,MOUNTAIN DEW,MOUNTAIN DEW,PET 300 ML,PET,300.000 ML,LEMON,,300.0,ML,0.0
72,2023-02-20,202302,2,112331058,21102020041,1676790864460,99764925,118,VARUN BEVERAGE -NEPAL,MOUNTAIN DEW,MOUNTAIN DEW/FREE STING,260.0,PBT,2250,,1676790864460-varun beverage -nepal-mountain dew#3.png,RECODING,5,4,99765341,131.14766,118,VARUN BEVERAGE -NEPAL,7 UP,7 UP,PET 2250 ML+250 ML MOUNTAIN DEW FREE,PET,2250.000 ML,LEMON,,2250.0,ML,270.0
72,2023-02-20,202302,2,112331058,21102020041,1676790864460,99764925,118,VARUN BEVERAGE -NEPAL,MOUNTAIN DEW,MOUNTAIN DEW/FREE STING,260.0,PBT,2250,,1676790864460-varun beverage -nepal-mountain dew#3.png,RECODING,5,5,20110264,132.21274,118,VARUN BEVERAGE -NEPAL,MOUNTAIN DEW,MOUNTAIN DEW,PET 2000 ML,PET,2000.000 ML,LEMON,,2000.0,ML,0.0
72,2023-02-20,202302,2,112331058,21102020041,1676790864460,99764925,118,VARUN BEVERAGE -NEPAL,MOUNTAIN DEW,MOUNTAIN DEW/FREE STING,260.0,PBT,2250,,1676790864460-varun beverage -nepal-mountain dew#3.png,RECODING,5,6,20110236,133.64697,118,VARUN BEVERAGE -NEPAL,MOUNTAIN DEW,MOUNTAIN DEW,PET 500 ML,PET,500.000 ML,LEMON,,500.0,ML,0.0
72,2023-02-20,202302,2,112331058,21102020041,1676790864460,99764925,118,VARUN BEVERAGE -NEPAL,MOUNTAIN DEW,MOUNTAIN DEW/FREE STING,260.0,PBT,2250,,1676790864460-varun beverage -nepal-mountain dew#3.png,RECODING,5,7,20121485,134.51364,118,VARUN BEVERAGE -NEPAL,MOUNTAIN DEW,MOUNTAIN DEW,PET 2250 ML,PET,2250.000 ML,LEMON,,2250.0,ML,0.0
72,2023-02-20,202302,2,112331058,21102020041,1676790864460,99764925,118,VARUN BEVERAGE -NEPAL,MOUNTAIN DEW,MOUNTAIN DEW/FREE STING,260.0,PBT,2250,,1676790864460-varun beverage -nepal-mountain dew#3.png,RECODING,5,8,20110378,134.56384,118,VARUN BEVERAGE -NEPAL,MOUNTAIN DEW,MOUNTAIN DEW,PET 600 ML,PET,600.000 ML,LEMON,,600.0,ML,0.0
72,2023-02-20,202302,2,112331058,21102020041,1676790864460,99764925,118,VARUN BEVERAGE -NEPAL,MOUNTAIN DEW,MOUNTAIN DEW/FREE STING,260.0,PBT,2250,,1676790864460-varun beverage -nepal-mountain dew#3.png,RECODING,5,9,20110312,134.98326,118,VARUN BEVERAGE -NEPAL,MOUNTAIN DEW,MOUNTAIN DEW,PET 1000 ML,PET,1000.000 ML,LEMON,,1000.0,ML,0.0
72,2023-02-20,202302,2,112331058,21102020041,1676790864460,99764925,118,VARUN BEVERAGE -NEPAL,MOUNTAIN DEW,MOUNTAIN DEW/FREE STING,260.0,PBT,2250,,1676790864460-varun beverage -nepal-mountain dew#3.png,RECODING,5,10,20110436,135.43884,118,VARUN BEVERAGE -NEPAL,MOUNTAIN DEW,MOUNTAIN DEW,PET 250 ML,PET,250.000 ML,LEMON,,250.0,ML,0.0
73,2023-02-20,202302,1,126240640,21301010051,1676525723604,99764888,121,COLGATE PALMOLIVE- NEPAL,COLGATE MAX FRESH RED GEL,COLGATE MAX FRESH RED GEL \35+7\GM,30.0,TEBE,35+7 GM,New SKU,1676525723604-colgate palmolive- nepal-colgate max fresh red gel#3.png,RECODING,5,1,92725024,90.06908,121,COLGATE PALMOLIVE- NEPAL,COLGATE,COLGATE MAX FRESH GEL,COLGATE MAX FRESH GEL-RED TUB 26 GMS,TUBE,26.000 GM,,,26.0,GM,0.0
73,2023-02-20,202302,1,126240640,21301010051,1676525723604,99764888,121,COLGATE PALMOLIVE- NEPAL,COLGATE MAX FRESH RED GEL,COLGATE MAX FRESH RED GEL \35+7\GM,30.0,TEBE,35+7 GM,New SKU,1676525723604-colgate palmolive- nepal-colgate max fresh red gel#3.png,RECODING,5,2,92726632,90.460655,121,COLGATE PALMOLIVE- NEPAL,COLGATE,COLGATE MAX FRESH GEL,COLGATE MAX FRESH GEL-RED TUB 24 GMS,TUBE,24.000 GM,,,24.0,GM,0.0
73,2023-02-20,202302,1,126240640,21301010051,1676525723604,99764888,121,COLGATE PALMOLIVE- NEPAL,COLGATE MAX FRESH RED GEL,COLGATE MAX FRESH RED GEL \35+7\GM,30.0,TEBE,35+7 GM,New SKU,1676525723604-colgate palmolive- nepal-colgate max fresh red gel#3.png,RECODING,5,3,92721067,90.820435,121,COLGATE PALMOLIVE- NEPAL,COLGATE,COLGATE MAX FRESH GEL,COLGATE MAX FRESH GEL-RED TUB 30 GMS,TUBE,30.000 GM,,,30.0,GM,0.0
73,2023-02-20,202302,1,126240640,21301010051,1676525723604,99764888,121,COLGATE PALMOLIVE- NEPAL,COLGATE MAX FRESH RED GEL,COLGATE MAX FRESH RED GEL \35+7\GM,30.0,TEBE,35+7 GM,New SKU,1676525723604-colgate palmolive- nepal-colgate max fresh red gel#3.png,RECODING,5,4,99763196,91.20605,121,COLGATE PALMOLIVE- NEPAL,COLGATE,COLGATE MAX FRESH GEL,COLGATE MAX FRESH GEL-RED TUB 38 GMS+20%,TUBE,38.000 GM,,,46.0,GM,25.0
73,2023-02-20,202302,1,126240640,21301010051,1676525723604,99764888,121,COLGATE PALMOLIVE- NEPAL,COLGATE MAX FRESH RED GEL,COLGATE MAX FRESH RED GEL \35+7\GM,30.0,TEBE,35+7 GM,New SKU,1676525723604-colgate palmolive- nepal-colgate max fresh red gel#3.png,RECODING,5,5,92721859,91.54072,121,COLGATE PALMOLIVE- NEPAL,COLGATE,COLGATE MAX FRESH GEL,COLGATE MAX FRESH GEL-RED TUB 28 GMS,TUBE,28.000 GM,,,28.0,GM,0.0
73,2023-02-20,202302,1,126240640,21301010051,1676525723604,99764888,121,COLGATE PALMOLIVE- NEPAL,COLGATE MAX FRESH RED GEL,COLGATE MAX FRESH RED GEL \35+7\GM,30.0,TEBE,35+7 GM,New SKU,1676525723604-colgate palmolive- nepal-colgate max fresh red gel#3.png,RECODING,5,6,92720009,91.83702,121,COLGATE PALMOLIVE- NEPAL,COLGATE,COLGATE MAX FRESH GEL,COLGATE MAX FRESH GEL-RED TUB 35 GMS,TUBE,35.000 GM,,,35.0,GM,0.0
73,2023-02-20,202302,1,126240640,21301010051,1676525723604,99764888,121,COLGATE PALMOLIVE- NEPAL,COLGATE MAX FRESH RED GEL,COLGATE MAX FRESH RED GEL \35+7\GM,30.0,TEBE,35+7 GM,New SKU,1676525723604-colgate palmolive- nepal-colgate max fresh red gel#3.png,RECODING,5,7,54904,92.311325,121,COLGATE PALMOLIVE- NEPAL,COLGATE,COLGATE MAX FRESH GEL,COLGATE MAX FRESH GEL-REDCLNG CRYS TUB 20GM+15% EX[3G],TUBE,20.000 GM,,,23.0,GM,0.0
73,2023-02-20,202302,1,126240640,21301010051,1676525723604,99764888,121,COLGATE PALMOLIVE- NEPAL,COLGATE MAX FRESH RED GEL,COLGATE MAX FRESH RED GEL \35+7\GM,30.0,TEBE,35+7 GM,New SKU,1676525723604-colgate palmolive- nepal-colgate max fresh red gel#3.png,RECODING,5,8,54182,92.64598,121,COLGATE PALMOLIVE- NEPAL,COLGATE,COLGATE MAX FRESH GEL,COLGATE MAX FRESH GEL-RED CLNG CRYS TUB 48 GM+RS9.6,TUBE,48.000 GM,,,50.0,GM,0.0
73,2023-02-20,202302,1,126240640,21301010051,1676525723604,99764888,121,COLGATE PALMOLIVE- NEPAL,COLGATE MAX FRESH RED GEL,COLGATE MAX FRESH RED GEL \35+7\GM,30.0,TEBE,35+7 GM,New SKU,1676525723604-colgate palmolive- nepal-colgate max fresh red gel#3.png,RECODING,5,9,92720268,92.97301,121,COLGATE PALMOLIVE- NEPAL,COLGATE,COLGATE MAX FRESH GEL,COLGATE MAX FRESH GEL-RED TUB 150 GMS,TUBE,150.000 GM,,,150.0,GM,0.0
73,2023-02-20,202302,1,126240640,21301010051,1676525723604,99764888,121,COLGATE PALMOLIVE- NEPAL,COLGATE MAX FRESH RED GEL,COLGATE MAX FRESH RED GEL \35+7\GM,30.0,TEBE,35+7 GM,New SKU,1676525723604-colgate palmolive- nepal-colgate max fresh red gel#3.png,RECODING,5,10,53278,93.07816,121,COLGATE PALMOLIVE- NEPAL,COLGATE,COLGATE MAX FRESH GEL,COLGATE MAX FRESH GEL-RED CLNG CRYS TUB 50 GM+RS11.20,TUBE,50.000 GM,,,50.0,GM,0.0
74,2023-02-20,202302,1,124769721,52202010018,1676623997907,99764878,106,SUJAL FOODS PVT LTD-NEPAL,CANDY MAN,CANDY MAN/MANGO NECTAR/600GM/PCN,170.0,PCN,600GM ,,1676623997907-sujal foods pvt ltd-nepal-candy man#3.png,RECODING,5,1,99764695,78.3147,106,SUJAL FOODS PVT LTD-NEPAL,CANDY MAN,CANDY MAN,CANDY MAN- MANGO NECTAR PCN 1800 GM,PLJAR,1800.000 GM,MANGO,,1800.0,GM,500.0
74,2023-02-20,202302,1,124769721,52202010018,1676623997907,99764878,106,SUJAL FOODS PVT LTD-NEPAL,CANDY MAN,CANDY MAN/MANGO NECTAR/600GM/PCN,170.0,PCN,600GM ,,1676623997907-sujal foods pvt ltd-nepal-candy man#3.png,RECODING,5,2,99764878,78.90023,106,SUJAL FOODS PVT LTD-NEPAL,CANDY MAN,CANDY MAN,CANDY MAN- MANGO NECTAR PCN 600 GM,PLJAR,600.000 GM,MANGO,,600.0,GM,170.0
74,2023-02-20,202302,1,124769721,52202010018,1676623997907,99764878,106,SUJAL FOODS PVT LTD-NEPAL,CANDY MAN,CANDY MAN/MANGO NECTAR/600GM/PCN,170.0,PCN,600GM ,,1676623997907-sujal foods pvt ltd-nepal-candy man#3.png,RECODING,5,3,51250,83.819016,106,SUJAL FOODS PVT LTD-NEPAL,CANDY MAN,CANDY MAN,CANDY MAN-MANGO NECTAR PPH 2.5 GM,PLPCH,2.500 GM,MANGO,,2.5,GM,0.0
74,2023-02-20,202302,1,124769721,52202010018,1676623997907,99764878,106,SUJAL FOODS PVT LTD-NEPAL,CANDY MAN,CANDY MAN/MANGO NECTAR/600GM/PCN,170.0,PCN,600GM ,,1676623997907-sujal foods pvt ltd-nepal-candy man#3.png,RECODING,5,4,49378,88.38748,106,SUJAL FOODS PVT LTD-NEPAL,CANDY MAN,CANDY MAN,CANDY MAN-MANGO NECTER PPH 3 GM,PLPCH,3.000 GM,MANGO,,3.0,GM,0.0
74,2023-02-20,202302,1,124769721,52202010018,1676623997907,99764878,106,SUJAL FOODS PVT LTD-NEPAL,CANDY MAN,CANDY MAN/MANGO NECTAR/600GM/PCN,170.0,PCN,600GM ,,1676623997907-sujal foods pvt ltd-nepal-candy man#3.png,RECODING,5,5,91826400,92.08832,106,SUJAL FOODS PVT LTD-NEPAL,CANDY MAN,CANDY MAN,CANDY MAN- MANGO NECTER PPH 4 GM,PLPCH,4.000 GM,MANGO,,4.0,GM,0.0
74,2023-02-20,202302,1,124769721,52202010018,1676623997907,99764878,106,SUJAL FOODS PVT LTD-NEPAL,CANDY MAN,CANDY MAN/MANGO NECTAR/600GM/PCN,170.0,PCN,600GM ,,1676623997907-sujal foods pvt ltd-nepal-candy man#3.png,RECODING,5,6,91826399,98.18926,106,SUJAL FOODS PVT LTD-NEPAL,CANDY MAN,CANDY MAN,CANDY MAN- KACHO MANGO PPH 3 GM,PLPCH,3.000 GM,MANGO,,3.0,GM,0.0
74,2023-02-20,202302,1,124769721,52202010018,1676623997907,99764878,106,SUJAL FOODS PVT LTD-NEPAL,CANDY MAN,CANDY MAN/MANGO NECTAR/600GM/PCN,170.0,PCN,600GM ,,1676623997907-sujal foods pvt ltd-nepal-candy man#3.png,RECODING,5,7,99764801,98.22211,106,SUJAL FOODS PVT LTD-NEPAL,CANDY MAN,CANDY MAN,CANDY MAN- KACHO MANGO PCN 600 GM,PLJAR,600.000 GM,MANGO,,600.0,GM,165.0
74,2023-02-20,202302,1,124769721,52202010018,1676623997907,99764878,106,SUJAL FOODS PVT LTD-NEPAL,CANDY MAN,CANDY MAN/MANGO NECTAR/600GM/PCN,170.0,PCN,600GM ,,1676623997907-sujal foods pvt ltd-nepal-candy man#3.png,RECODING,5,8,91826062,99.28682,106,SUJAL FOODS PVT LTD-NEPAL,CANDY MAN,CANDY MAN,CANDY MAN- KAACHO MANGO PPH 3.3 GM,PLPCH,3.300 GM,MANGO,,3.3,GM,0.0
74,2023-02-20,202302,1,124769721,52202010018,1676623997907,99764878,106,SUJAL FOODS PVT LTD-NEPAL,CANDY MAN,CANDY MAN/MANGO NECTAR/600GM/PCN,170.0,PCN,600GM ,,1676623997907-sujal foods pvt ltd-nepal-candy man#3.png,RECODING,5,9,99764607,99.29648,106,SUJAL FOODS PVT LTD-NEPAL,CANDY MAN,CANDY MAN,CANDY MAN- KACHO MANGO PCN 1800 GM,PLJAR,1800.000 GM,MANGO,,1800.0,GM,500.0
74,2023-02-20,202302,1,124769721,52202010018,1676623997907,99764878,106,SUJAL FOODS PVT LTD-NEPAL,CANDY MAN,CANDY MAN/MANGO NECTAR/600GM/PCN,170.0,PCN,600GM ,,1676623997907-sujal foods pvt ltd-nepal-candy man#3.png,RECODING,5,10,99764554,102.235825,106,SUJAL FOODS PVT LTD-NEPAL,CANDY MAN,CANDY MAN,CANDY MAN- KACHO MANGO PPH 300 GM,PLPCH,300.000 GM,MANGO,,300.0,GM,80.0
75,2023-02-20,202302,1,124769721,52202010018,1676265360780,99764869,106,HIMADRI FOOD-NEPAL,PRAN KOKO,PRAN KOKO/MILK LOLLYPOP/900GM/PCN,430.0,PCN,900GM ,,1676265360780-himadri food-nepal-pran koko#3.png,RECODING,5,1,99764869,87.37526,106,HIMADRI FOOD-NEPAL,PRAN,PRAN KOKO,PRAN KOKO-MILK LOLLIPOP PCN 1000 GM,PLJAR,1000.000 GM,MILK,,1000.0,GM,430.0
75,2023-02-20,202302,1,124769721,52202010018,1676265360780,99764869,106,HIMADRI FOOD-NEPAL,PRAN KOKO,PRAN KOKO/MILK LOLLYPOP/900GM/PCN,430.0,PCN,900GM ,,1676265360780-himadri food-nepal-pran koko#3.png,RECODING,5,2,99762894,99.88707,106,HIMADRI FOOD-NEPAL,PRAN,PRAN KOKO,PRAN KOKO-MILK LOLLIPOP EWP 10 GM,EWRPK,10.000 GM,MILK,,10.0,GM,5.0
75,2023-02-20,202302,1,124769721,52202010018,1676265360780,99764869,106,HIMADRI FOOD-NEPAL,PRAN KOKO,PRAN KOKO/MILK LOLLYPOP/900GM/PCN,430.0,PCN,900GM ,,1676265360780-himadri food-nepal-pran koko#3.png,RECODING,5,3,99764582,114.632706,106,HIMADRI FOOD-NEPAL,PRAN,PRAN LOLLIPOP,PRAN LOLLIPOP-ASSORTED PCN 1000 GM,PLJAR,1000.000 GM,ASSORTED,,1000.0,GM,400.0
75,2023-02-20,202302,1,124769721,52202010018,1676265360780,99764869,106,HIMADRI FOOD-NEPAL,PRAN KOKO,PRAN KOKO/MILK LOLLYPOP/900GM/PCN,430.0,PCN,900GM ,,1676265360780-himadri food-nepal-pran koko#3.png,RECODING,5,4,51633,127.24638,106,HIMADRI FOOD-NEPAL,PRAN,PRAN KOKO,PRAN KOKO-COCONUT PPH 4 GM,PLPCH,4.000 GM,COCONUT,,4.0,GM,0.0
75,2023-02-20,202302,1,124769721,52202010018,1676265360780,99764869,106,HIMADRI FOOD-NEPAL,PRAN KOKO,PRAN KOKO/MILK LOLLYPOP/900GM/PCN,430.0,PCN,900GM ,,1676265360780-himadri food-nepal-pran koko#3.png,RECODING,5,5,52807,129.14001,106,HIMADRI FOOD-NEPAL,PRAN,PRAN KOKO,PRAN KOKO-PEANUT PPH 4 GM,PLPCH,4.000 GM,PEANUT,,4.0,GM,0.0
75,2023-02-20,202302,1,124769721,52202010018,1676265360780,99764869,106,HIMADRI FOOD-NEPAL,PRAN KOKO,PRAN KOKO/MILK LOLLYPOP/900GM/PCN,430.0,PCN,900GM ,,1676265360780-himadri food-nepal-pran koko#3.png,RECODING,5,6,47611,131.82971,106,HIMADRI FOOD-NEPAL,PRAN,PRAN MILK CANDY,PRAN MILK CANDY-PPH 2.5 GM,PLPCH,2.500 GM,MILK,,2.5,GM,0.0
75,2023-02-20,202302,1,124769721,52202010018,1676265360780,99764869,106,HIMADRI FOOD-NEPAL,PRAN KOKO,PRAN KOKO/MILK LOLLYPOP/900GM/PCN,430.0,PCN,900GM ,,1676265360780-himadri food-nepal-pran koko#3.png,RECODING,5,7,47468,135.32283,106,HIMADRI FOOD-NEPAL,PRAN,PRAN MR. MANGO,PRAN MR. MANGO-LOLLIPOP EWP 9 GM,EWRPK,9.000 GM,MANGO,,9.0,GM,0.0
75,2023-02-20,202302,1,124769721,52202010018,1676265360780,99764869,106,HIMADRI FOOD-NEPAL,PRAN KOKO,PRAN KOKO/MILK LOLLYPOP/900GM/PCN,430.0,PCN,900GM ,,1676265360780-himadri food-nepal-pran koko#3.png,RECODING,5,8,49476,138.59335,106,HIMADRI FOOD-NEPAL,PRAN,PRAN KOKO,PRAN KOKO-COCONUT EWP 10 GM,EWRPK,10.000 GM,COCONUT,,10.0,GM,0.0
75,2023-02-20,202302,1,124769721,52202010018,1676265360780,99764869,106,HIMADRI FOOD-NEPAL,PRAN KOKO,PRAN KOKO/MILK LOLLYPOP/900GM/PCN,430.0,PCN,900GM ,,1676265360780-himadri food-nepal-pran koko#3.png,RECODING,5,9,48931,148.40004,106,HIMADRI FOOD-NEPAL,PRAN,PRAN AAPRAS,PRAN AAPRAS-PPH 2.5 GM,PLPCH,2.500 GM,UNSPECIFIED,,2.5,GM,0.0
75,2023-02-20,202302,1,124769721,52202010018,1676265360780,99764869,106,HIMADRI FOOD-NEPAL,PRAN KOKO,PRAN KOKO/MILK LOLLYPOP/900GM/PCN,430.0,PCN,900GM ,,1676265360780-himadri food-nepal-pran koko#3.png,RECODING,5,10,99764772,148.50015,106,HIMADRI FOOD-NEPAL,PRAN,PRAN BUBBLE GUM,PRAN BUBBLE GUM-ASSORTED PCN 375 GM,PLJAR,375.000 GM,ASSORTED,,375.0,GM,150.0
76,2023-02-20,202302,1,124866555,52202010020,1676353113319,99764885,120,UNILEVER NEPAL LTD-NEPAL,LIFEBUOY TOTAL PROTECT ,LIFE BUOY TOTAL PROTECT/ACTIV SILVER FORMULA/100GM/EWP,40.0,EWP,100GM ,,1676353113319-unilever nepal ltd-nepal-lifebuoy total protect #3.png,RECODING,5,1,99764401,79.56331,120,UNILEVER NEPAL LTD-NEPAL,LIFE BUOY,LIFE BUOY TOTAL PROTECT,LIFE BUOY TOTAL PROTECT-ACTIV SILVER EWP 43 GM,EWRPK,43.000 GM,,,43.0,GM,18.0
76,2023-02-20,202302,1,124866555,52202010020,1676353113319,99764885,120,UNILEVER NEPAL LTD-NEPAL,LIFEBUOY TOTAL PROTECT ,LIFE BUOY TOTAL PROTECT/ACTIV SILVER FORMULA/100GM/EWP,40.0,EWP,100GM ,,1676353113319-unilever nepal ltd-nepal-lifebuoy total protect #3.png,RECODING,5,2,99763277,82.37375,120,UNILEVER NEPAL LTD-NEPAL,LIFE BUOY,LIFE BUOY TOTAL PROTECT,LIFE BUOY TOTAL PROTECT-ACTIV SILVER EWP 95 GM,EWRPK,95.000 GM,,,95.0,GM,35.0
76,2023-02-20,202302,1,124866555,52202010020,1676353113319,99764885,120,UNILEVER NEPAL LTD-NEPAL,LIFEBUOY TOTAL PROTECT ,LIFE BUOY TOTAL PROTECT/ACTIV SILVER FORMULA/100GM/EWP,40.0,EWP,100GM ,,1676353113319-unilever nepal ltd-nepal-lifebuoy total protect #3.png,RECODING,5,3,99764885,83.33455,120,UNILEVER NEPAL LTD-NEPAL,LIFE BUOY,LIFE BUOY TOTAL PROTECT,LIFE BUOY TOTAL PROTECT-ACTIV SILVER EWP 100 GM,EWRPK,100.000 GM,,,100.0,GM,45.0
76,2023-02-20,202302,1,124866555,52202010020,1676353113319,99764885,120,UNILEVER NEPAL LTD-NEPAL,LIFEBUOY TOTAL PROTECT ,LIFE BUOY TOTAL PROTECT/ACTIV SILVER FORMULA/100GM/EWP,40.0,EWP,100GM ,,1676353113319-unilever nepal ltd-nepal-lifebuoy total protect #3.png,RECODING,5,4,99764184,84.8503,120,UNILEVER NEPAL LTD-NEPAL,LIFE BUOY,LIFE BUOY TOTAL PROTECT,LIFE BUOY TOTAL PROTECT-ACTIV SILVER EWP 90 GM,EWRPK,90.000 GM,,,90.0,GM,40.0
76,2023-02-20,202302,1,124866555,52202010020,1676353113319,99764885,120,UNILEVER NEPAL LTD-NEPAL,LIFEBUOY TOTAL PROTECT ,LIFE BUOY TOTAL PROTECT/ACTIV SILVER FORMULA/100GM/EWP,40.0,EWP,100GM ,,1676353113319-unilever nepal ltd-nepal-lifebuoy total protect #3.png,RECODING,5,5,46979,86.20836,120,UNILEVER NEPAL LTD-NEPAL,LIFE BUOY,LIFE BUOY TOTAL 10,LIFE BUOY TOTAL 10-ACTIV SILVER FORMULA EWP 125 GM,EWRPK,125.000 GM,,,125.0,GM,0.0
76,2023-02-20,202302,1,124866555,52202010020,1676353113319,99764885,120,UNILEVER NEPAL LTD-NEPAL,LIFEBUOY TOTAL PROTECT ,LIFE BUOY TOTAL PROTECT/ACTIV SILVER FORMULA/100GM/EWP,40.0,EWP,100GM ,,1676353113319-unilever nepal ltd-nepal-lifebuoy total protect #3.png,RECODING,5,6,99763348,86.76672,120,UNILEVER NEPAL LTD-NEPAL,LIFE BUOY,LIFE BUOY TOTAL PROTECT,LIFE BUOY TOTAL PROTECT-ACTIV SILVER EWP 4*95 GM+SAVE RS10,EWRPK,95.000 GM,,,380.0,GM,138.0
76,2023-02-20,202302,1,124866555,52202010020,1676353113319,99764885,120,UNILEVER NEPAL LTD-NEPAL,LIFEBUOY TOTAL PROTECT ,LIFE BUOY TOTAL PROTECT/ACTIV SILVER FORMULA/100GM/EWP,40.0,EWP,100GM ,,1676353113319-unilever nepal ltd-nepal-lifebuoy total protect #3.png,RECODING,5,7,99763881,89.076294,120,UNILEVER NEPAL LTD-NEPAL,LIFE BUOY,LIFE BUOY TOTAL PROTECT,LIFE BUOY TOTAL PROTECT-ACTIV SILVER EWP 4*95 GM+SAVE RS 5,EWRPK,95.000 GM,,,380.0,GM,155.0
76,2023-02-20,202302,1,124866555,52202010020,1676353113319,99764885,120,UNILEVER NEPAL LTD-NEPAL,LIFEBUOY TOTAL PROTECT ,LIFE BUOY TOTAL PROTECT/ACTIV SILVER FORMULA/100GM/EWP,40.0,EWP,100GM ,,1676353113319-unilever nepal ltd-nepal-lifebuoy total protect #3.png,RECODING,5,8,99763126,89.19664,120,UNILEVER NEPAL LTD-NEPAL,LIFE BUOY,LIFE BUOY TOTAL PROTECT,LIFE BUOY TOTAL PROTECT-ACTIV SILVER EWP 4*95 GM+SAVE RS20,EWRPK,95.000 GM,,,380.0,GM,120.0
76,2023-02-20,202302,1,124866555,52202010020,1676353113319,99764885,120,UNILEVER NEPAL LTD-NEPAL,LIFEBUOY TOTAL PROTECT ,LIFE BUOY TOTAL PROTECT/ACTIV SILVER FORMULA/100GM/EWP,40.0,EWP,100GM ,,1676353113319-unilever nepal ltd-nepal-lifebuoy total protect #3.png,RECODING,5,9,99764478,89.43976,120,UNILEVER NEPAL LTD-NEPAL,LIFE BUOY,LIFE BUOY TOTAL PROTECT,LIFE BUOY TOTAL PROTECT-ACTIV SILVER EWP 4*90 GM+SAVE RS 5,EWRPK,90.000 GM,,,360.0,GM,155.0
76,2023-02-20,202302,1,124866555,52202010020,1676353113319,99764885,120,UNILEVER NEPAL LTD-NEPAL,LIFEBUOY TOTAL PROTECT ,LIFE BUOY TOTAL PROTECT/ACTIV SILVER FORMULA/100GM/EWP,40.0,EWP,100GM ,,1676353113319-unilever nepal ltd-nepal-lifebuoy total protect #3.png,RECODING,5,10,99763291,90.09567,120,UNILEVER NEPAL LTD-NEPAL,LIFE BUOY,LIFE BUOY TOTAL PROTECT,LIFE BUOY TOTAL PROTECT-ACTIV SILVER EWP 4*95 GM+SAVE RS12,EWRPK,95.000 GM,,,380.0,GM,140.0
77,2023-02-20,202302,1,126253338,52202010025,1676006079544,99764856,120,UNILEVER NEPAL LTD-NEPAL,LIRIL,LIRIL LIME RUSH/4Ã—75GM/EWP/SAVE RS 7,145.0,EWP,4Ã—75GM,,1676006079544-unilever nepal ltd-nepal-liril#3.png,RECODING,5,1,49799,78.09711,120,UNILEVER NEPAL LTD-NEPAL,LIRIL,LIRIL,LIRIL-LIME RUSH EWP 5*75 GM+B4G1,EWRPK,75.000 GM,,,375.0,GM,0.0
77,2023-02-20,202302,1,126253338,52202010025,1676006079544,99764856,120,UNILEVER NEPAL LTD-NEPAL,LIRIL,LIRIL LIME RUSH/4Ã—75GM/EWP/SAVE RS 7,145.0,EWP,4Ã—75GM,,1676006079544-unilever nepal ltd-nepal-liril#3.png,RECODING,5,2,92562465,79.39899,120,UNILEVER NEPAL LTD-NEPAL,LIRIL,LIRIL,LIRIL-LIME RUSH EWP 75 GM+SAVE RS. 3 ON 3 NOS PACK,EWRPK,75.000 GM,,,225.0,GM,0.0
77,2023-02-20,202302,1,126253338,52202010025,1676006079544,99764856,120,UNILEVER NEPAL LTD-NEPAL,LIRIL,LIRIL LIME RUSH/4Ã—75GM/EWP/SAVE RS 7,145.0,EWP,4Ã—75GM,,1676006079544-unilever nepal ltd-nepal-liril#3.png,RECODING,5,3,99764856,81.25036,120,UNILEVER NEPAL LTD-NEPAL,LIRIL,LIRIL,LIRIL-LIME RUSH EWP 4*75 GM+SAV RS. 7,EWRPK,75.000 GM,,,300.0,GM,145.0
77,2023-02-20,202302,1,126253338,52202010025,1676006079544,99764856,120,UNILEVER NEPAL LTD-NEPAL,LIRIL,LIRIL LIME RUSH/4Ã—75GM/EWP/SAVE RS 7,145.0,EWP,4Ã—75GM,,1676006079544-unilever nepal ltd-nepal-liril#3.png,RECODING,5,4,99764280,82.84767,120,UNILEVER NEPAL LTD-NEPAL,LIRIL,LIRIL,LIRIL-LIME RUSH EWP 4*75 GM+SAV RS. 5,EWRPK,75.000 GM,,,300.0,GM,135.0
77,2023-02-20,202302,1,126253338,52202010025,1676006079544,99764856,120,UNILEVER NEPAL LTD-NEPAL,LIRIL,LIRIL LIME RUSH/4Ã—75GM/EWP/SAVE RS 7,145.0,EWP,4Ã—75GM,,1676006079544-unilever nepal ltd-nepal-liril#3.png,RECODING,5,5,51727,85.321976,120,UNILEVER NEPAL LTD-NEPAL,LIRIL,LIRIL,LIRIL-LIME RUSH EWP 4*75 GM+SAV RS 20,EWRPK,75.000 GM,,,300.0,GM,0.0
77,2023-02-20,202302,1,126253338,52202010025,1676006079544,99764856,120,UNILEVER NEPAL LTD-NEPAL,LIRIL,LIRIL LIME RUSH/4Ã—75GM/EWP/SAVE RS 7,145.0,EWP,4Ã—75GM,,1676006079544-unilever nepal ltd-nepal-liril#3.png,RECODING,5,6,99762986,85.61116,120,UNILEVER NEPAL LTD-NEPAL,LIRIL,LIRIL,LIRIL-LIME RUSH EWP 4*75 GM+SAV RS 10,EWRPK,75.000 GM,,,300.0,GM,110.0
77,2023-02-20,202302,1,126253338,52202010025,1676006079544,99764856,120,UNILEVER NEPAL LTD-NEPAL,LIRIL,LIRIL LIME RUSH/4Ã—75GM/EWP/SAVE RS 7,145.0,EWP,4Ã—75GM,,1676006079544-unilever nepal ltd-nepal-liril#3.png,RECODING,5,7,99763244,87.48915,120,UNILEVER NEPAL LTD-NEPAL,LIRIL,LIRIL,LIRIL-LIME RUSH EWP 4*75 GM+SAV RS 12,EWRPK,75.000 GM,,,300.0,GM,120.0
77,2023-02-20,202302,1,126253338,52202010025,1676006079544,99764856,120,UNILEVER NEPAL LTD-NEPAL,LIRIL,LIRIL LIME RUSH/4Ã—75GM/EWP/SAVE RS 7,145.0,EWP,4Ã—75GM,,1676006079544-unilever nepal ltd-nepal-liril#3.png,RECODING,5,8,92527089,88.18454,120,UNILEVER NEPAL LTD-NEPAL,LIRIL,LIRIL,LIRIL-LIME RUSH EWP 75 GMS,EWRPK,75.000 GM,,,75.0,GM,0.0
77,2023-02-20,202302,1,126253338,52202010025,1676006079544,99764856,120,UNILEVER NEPAL LTD-NEPAL,LIRIL,LIRIL LIME RUSH/4Ã—75GM/EWP/SAVE RS 7,145.0,EWP,4Ã—75GM,,1676006079544-unilever nepal ltd-nepal-liril#3.png,RECODING,5,9,92511250,113.94438,120,UNILEVER NEPAL LTD-NEPAL,LIRIL,LIRIL,LIRIL-EWP 75 GMS,EWRPK,75.000 GM,,,75.0,GM,0.0
77,2023-02-20,202302,1,126253338,52202010025,1676006079544,99764856,120,UNILEVER NEPAL LTD-NEPAL,LIRIL,LIRIL LIME RUSH/4Ã—75GM/EWP/SAVE RS 7,145.0,EWP,4Ã—75GM,,1676006079544-unilever nepal ltd-nepal-liril#3.png,RECODING,5,10,92512147,113.94438,120,UNILEVER NEPAL LTD-NEPAL,LIRIL,LIRIL,LIRIL-EWP 75 GMS,EWRPK,75.000 GM,,,75.0,GM,0.0
78,2023-02-20,202302,1,126253338,52202010025,1676353113319,99764885,120,UNILEVER NEPAL LTD-NEPAL,LIFEBUOY TOTAL PROTECT ,LIFE BUOY TOTAL PROTECT/ACTIV SILVER FORMULA/100GM/EWP,40.0,EWP,100GM ,,1676353113319-unilever nepal ltd-nepal-lifebuoy total protect #3.png,RECODING,5,1,99764401,77.983765,120,UNILEVER NEPAL LTD-NEPAL,LIFE BUOY,LIFE BUOY TOTAL PROTECT,LIFE BUOY TOTAL PROTECT-ACTIV SILVER EWP 43 GM,EWRPK,43.000 GM,,,43.0,GM,18.0
78,2023-02-20,202302,1,126253338,52202010025,1676353113319,99764885,120,UNILEVER NEPAL LTD-NEPAL,LIFEBUOY TOTAL PROTECT ,LIFE BUOY TOTAL PROTECT/ACTIV SILVER FORMULA/100GM/EWP,40.0,EWP,100GM ,,1676353113319-unilever nepal ltd-nepal-lifebuoy total protect #3.png,RECODING,5,2,99763277,80.61886,120,UNILEVER NEPAL LTD-NEPAL,LIFE BUOY,LIFE BUOY TOTAL PROTECT,LIFE BUOY TOTAL PROTECT-ACTIV SILVER EWP 95 GM,EWRPK,95.000 GM,,,95.0,GM,35.0
78,2023-02-20,202302,1,126253338,52202010025,1676353113319,99764885,120,UNILEVER NEPAL LTD-NEPAL,LIFEBUOY TOTAL PROTECT ,LIFE BUOY TOTAL PROTECT/ACTIV SILVER FORMULA/100GM/EWP,40.0,EWP,100GM ,,1676353113319-unilever nepal ltd-nepal-lifebuoy total protect #3.png,RECODING,5,3,99764885,81.889496,120,UNILEVER NEPAL LTD-NEPAL,LIFE BUOY,LIFE BUOY TOTAL PROTECT,LIFE BUOY TOTAL PROTECT-ACTIV SILVER EWP 100 GM,EWRPK,100.000 GM,,,100.0,GM,45.0
78,2023-02-20,202302,1,126253338,52202010025,1676353113319,99764885,120,UNILEVER NEPAL LTD-NEPAL,LIFEBUOY TOTAL PROTECT ,LIFE BUOY TOTAL PROTECT/ACTIV SILVER FORMULA/100GM/EWP,40.0,EWP,100GM ,,1676353113319-unilever nepal ltd-nepal-lifebuoy total protect #3.png,RECODING,5,4,99764184,83.28769,120,UNILEVER NEPAL LTD-NEPAL,LIFE BUOY,LIFE BUOY TOTAL PROTECT,LIFE BUOY TOTAL PROTECT-ACTIV SILVER EWP 90 GM,EWRPK,90.000 GM,,,90.0,GM,40.0
78,2023-02-20,202302,1,126253338,52202010025,1676353113319,99764885,120,UNILEVER NEPAL LTD-NEPAL,LIFEBUOY TOTAL PROTECT ,LIFE BUOY TOTAL PROTECT/ACTIV SILVER FORMULA/100GM/EWP,40.0,EWP,100GM ,,1676353113319-unilever nepal ltd-nepal-lifebuoy total protect #3.png,RECODING,5,5,46979,84.229385,120,UNILEVER NEPAL LTD-NEPAL,LIFE BUOY,LIFE BUOY TOTAL 10,LIFE BUOY TOTAL 10-ACTIV SILVER FORMULA EWP 125 GM,EWRPK,125.000 GM,,,125.0,GM,0.0
78,2023-02-20,202302,1,126253338,52202010025,1676353113319,99764885,120,UNILEVER NEPAL LTD-NEPAL,LIFEBUOY TOTAL PROTECT ,LIFE BUOY TOTAL PROTECT/ACTIV SILVER FORMULA/100GM/EWP,40.0,EWP,100GM ,,1676353113319-unilever nepal ltd-nepal-lifebuoy total protect #3.png,RECODING,5,6,99763348,85.11081,120,UNILEVER NEPAL LTD-NEPAL,LIFE BUOY,LIFE BUOY TOTAL PROTECT,LIFE BUOY TOTAL PROTECT-ACTIV SILVER EWP 4*95 GM+SAVE RS10,EWRPK,95.000 GM,,,380.0,GM,138.0
78,2023-02-20,202302,1,126253338,52202010025,1676353113319,99764885,120,UNILEVER NEPAL LTD-NEPAL,LIFEBUOY TOTAL PROTECT ,LIFE BUOY TOTAL PROTECT/ACTIV SILVER FORMULA/100GM/EWP,40.0,EWP,100GM ,,1676353113319-unilever nepal ltd-nepal-lifebuoy total protect #3.png,RECODING,5,7,99763881,87.08713,120,UNILEVER NEPAL LTD-NEPAL,LIFE BUOY,LIFE BUOY TOTAL PROTECT,LIFE BUOY TOTAL PROTECT-ACTIV SILVER EWP 4*95 GM+SAVE RS 5,EWRPK,95.000 GM,,,380.0,GM,155.0
78,2023-02-20,202302,1,126253338,52202010025,1676353113319,99764885,120,UNILEVER NEPAL LTD-NEPAL,LIFEBUOY TOTAL PROTECT ,LIFE BUOY TOTAL PROTECT/ACTIV SILVER FORMULA/100GM/EWP,40.0,EWP,100GM ,,1676353113319-unilever nepal ltd-nepal-lifebuoy total protect #3.png,RECODING,5,8,99763126,87.64517,120,UNILEVER NEPAL LTD-NEPAL,LIFE BUOY,LIFE BUOY TOTAL PROTECT,LIFE BUOY TOTAL PROTECT-ACTIV SILVER EWP 4*95 GM+SAVE RS20,EWRPK,95.000 GM,,,380.0,GM,120.0
78,2023-02-20,202302,1,126253338,52202010025,1676353113319,99764885,120,UNILEVER NEPAL LTD-NEPAL,LIFEBUOY TOTAL PROTECT ,LIFE BUOY TOTAL PROTECT/ACTIV SILVER FORMULA/100GM/EWP,40.0,EWP,100GM ,,1676353113319-unilever nepal ltd-nepal-lifebuoy total protect #3.png,RECODING,5,9,99764478,87.717384,120,UNILEVER NEPAL LTD-NEPAL,LIFE BUOY,LIFE BUOY TOTAL PROTECT,LIFE BUOY TOTAL PROTECT-ACTIV SILVER EWP 4*90 GM+SAVE RS 5,EWRPK,90.000 GM,,,360.0,GM,155.0
78,2023-02-20,202302,1,126253338,52202010025,1676353113319,99764885,120,UNILEVER NEPAL LTD-NEPAL,LIFEBUOY TOTAL PROTECT ,LIFE BUOY TOTAL PROTECT/ACTIV SILVER FORMULA/100GM/EWP,40.0,EWP,100GM ,,1676353113319-unilever nepal ltd-nepal-lifebuoy total protect #3.png,RECODING,5,10,99763291,88.39145,120,UNILEVER NEPAL LTD-NEPAL,LIFE BUOY,LIFE BUOY TOTAL PROTECT,LIFE BUOY TOTAL PROTECT-ACTIV SILVER EWP 4*95 GM+SAVE RS12,EWRPK,95.000 GM,,,380.0,GM,140.0
79,2023-02-20,202302,1,116869964,11302010010,1676263133670,99764856,120,UNILEVER NEPAL LTD-NEPAL,LIRIL,LIRIL-LIME RUSH EWP 4*75 GM+SAVE RS 7,145.0,EWP,4*75G,,1676263133670-unilever nepal ltd-nepal-liril#3.png,RECODING,5,1,49799,77.08627,120,UNILEVER NEPAL LTD-NEPAL,LIRIL,LIRIL,LIRIL-LIME RUSH EWP 5*75 GM+B4G1,EWRPK,75.000 GM,,,375.0,GM,0.0
79,2023-02-20,202302,1,116869964,11302010010,1676263133670,99764856,120,UNILEVER NEPAL LTD-NEPAL,LIRIL,LIRIL-LIME RUSH EWP 4*75 GM+SAVE RS 7,145.0,EWP,4*75G,,1676263133670-unilever nepal ltd-nepal-liril#3.png,RECODING,5,2,92562465,78.10467,120,UNILEVER NEPAL LTD-NEPAL,LIRIL,LIRIL,LIRIL-LIME RUSH EWP 75 GM+SAVE RS. 3 ON 3 NOS PACK,EWRPK,75.000 GM,,,225.0,GM,0.0
79,2023-02-20,202302,1,116869964,11302010010,1676263133670,99764856,120,UNILEVER NEPAL LTD-NEPAL,LIRIL,LIRIL-LIME RUSH EWP 4*75 GM+SAVE RS 7,145.0,EWP,4*75G,,1676263133670-unilever nepal ltd-nepal-liril#3.png,RECODING,5,3,99764856,81.63139,120,UNILEVER NEPAL LTD-NEPAL,LIRIL,LIRIL,LIRIL-LIME RUSH EWP 4*75 GM+SAV RS. 7,EWRPK,75.000 GM,,,300.0,GM,145.0
79,2023-02-20,202302,1,116869964,11302010010,1676263133670,99764856,120,UNILEVER NEPAL LTD-NEPAL,LIRIL,LIRIL-LIME RUSH EWP 4*75 GM+SAVE RS 7,145.0,EWP,4*75G,,1676263133670-unilever nepal ltd-nepal-liril#3.png,RECODING,5,4,99764280,83.01782,120,UNILEVER NEPAL LTD-NEPAL,LIRIL,LIRIL,LIRIL-LIME RUSH EWP 4*75 GM+SAV RS. 5,EWRPK,75.000 GM,,,300.0,GM,135.0
79,2023-02-20,202302,1,116869964,11302010010,1676263133670,99764856,120,UNILEVER NEPAL LTD-NEPAL,LIRIL,LIRIL-LIME RUSH EWP 4*75 GM+SAVE RS 7,145.0,EWP,4*75G,,1676263133670-unilever nepal ltd-nepal-liril#3.png,RECODING,5,5,51727,83.3497,120,UNILEVER NEPAL LTD-NEPAL,LIRIL,LIRIL,LIRIL-LIME RUSH EWP 4*75 GM+SAV RS 20,EWRPK,75.000 GM,,,300.0,GM,0.0
79,2023-02-20,202302,1,116869964,11302010010,1676263133670,99764856,120,UNILEVER NEPAL LTD-NEPAL,LIRIL,LIRIL-LIME RUSH EWP 4*75 GM+SAVE RS 7,145.0,EWP,4*75G,,1676263133670-unilever nepal ltd-nepal-liril#3.png,RECODING,5,6,99762986,84.356155,120,UNILEVER NEPAL LTD-NEPAL,LIRIL,LIRIL,LIRIL-LIME RUSH EWP 4*75 GM+SAV RS 10,EWRPK,75.000 GM,,,300.0,GM,110.0
79,2023-02-20,202302,1,116869964,11302010010,1676263133670,99764856,120,UNILEVER NEPAL LTD-NEPAL,LIRIL,LIRIL-LIME RUSH EWP 4*75 GM+SAVE RS 7,145.0,EWP,4*75G,,1676263133670-unilever nepal ltd-nepal-liril#3.png,RECODING,5,7,99763244,86.00304,120,UNILEVER NEPAL LTD-NEPAL,LIRIL,LIRIL,LIRIL-LIME RUSH EWP 4*75 GM+SAV RS 12,EWRPK,75.000 GM,,,300.0,GM,120.0
79,2023-02-20,202302,1,116869964,11302010010,1676263133670,99764856,120,UNILEVER NEPAL LTD-NEPAL,LIRIL,LIRIL-LIME RUSH EWP 4*75 GM+SAVE RS 7,145.0,EWP,4*75G,,1676263133670-unilever nepal ltd-nepal-liril#3.png,RECODING,5,8,92527089,89.31702,120,UNILEVER NEPAL LTD-NEPAL,LIRIL,LIRIL,LIRIL-LIME RUSH EWP 75 GMS,EWRPK,75.000 GM,,,75.0,GM,0.0
79,2023-02-20,202302,1,116869964,11302010010,1676263133670,99764856,120,UNILEVER NEPAL LTD-NEPAL,LIRIL,LIRIL-LIME RUSH EWP 4*75 GM+SAVE RS 7,145.0,EWP,4*75G,,1676263133670-unilever nepal ltd-nepal-liril#3.png,RECODING,5,9,92511250,113.379074,120,UNILEVER NEPAL LTD-NEPAL,LIRIL,LIRIL,LIRIL-EWP 75 GMS,EWRPK,75.000 GM,,,75.0,GM,0.0
79,2023-02-20,202302,1,116869964,11302010010,1676263133670,99764856,120,UNILEVER NEPAL LTD-NEPAL,LIRIL,LIRIL-LIME RUSH EWP 4*75 GM+SAVE RS 7,145.0,EWP,4*75G,,1676263133670-unilever nepal ltd-nepal-liril#3.png,RECODING,5,10,92512147,113.379074,120,UNILEVER NEPAL LTD-NEPAL,LIRIL,LIRIL,LIRIL-EWP 75 GMS,EWRPK,75.000 GM,,,75.0,GM,0.0
80,2023-02-20,202302,1,116869964,11302010010,1676264599723,99764879,106,SUJAL FOODS PVT LTD-NEPAL,SMART LOLLYPOP,SMART LOLLYPOP LITCHI PCN 1000G,420.0,PCN,1000G,,1676264599723-sujal foods pvt ltd-nepal-smart lollypop#3.png,RECODING,5,1,99764537,99.1729,106,SUJAL FOODS PVT LTD-NEPAL,SMART,SMART LOLLYPOP,SMART LOLLYPOP- LITCHI PCN 900 GM,PLJAR,900.000 GM,LYCHEE,,900.0,GM,500.0
80,2023-02-20,202302,1,116869964,11302010010,1676264599723,99764879,106,SUJAL FOODS PVT LTD-NEPAL,SMART LOLLYPOP,SMART LOLLYPOP LITCHI PCN 1000G,420.0,PCN,1000G,,1676264599723-sujal foods pvt ltd-nepal-smart lollypop#3.png,RECODING,5,2,99764879,99.289246,106,SUJAL FOODS PVT LTD-NEPAL,SMART,SMART LOLLYPOP,SMART LOLLYPOP- LITCHI PCN 1000 GM,PLJAR,1000.000 GM,LYCHEE,,1000.0,GM,420.0
80,2023-02-20,202302,1,116869964,11302010010,1676264599723,99764879,106,SUJAL FOODS PVT LTD-NEPAL,SMART LOLLYPOP,SMART LOLLYPOP LITCHI PCN 1000G,420.0,PCN,1000G,,1676264599723-sujal foods pvt ltd-nepal-smart lollypop#3.png,RECODING,5,3,99764536,100.29331,106,SUJAL FOODS PVT LTD-NEPAL,SMART,SMART LOLLYPOP,SMART LOLLYPOP- COLA PCN 900 GM,PLJAR,900.000 GM,COLA,,900.0,GM,330.0
80,2023-02-20,202302,1,116869964,11302010010,1676264599723,99764879,106,SUJAL FOODS PVT LTD-NEPAL,SMART LOLLYPOP,SMART LOLLYPOP LITCHI PCN 1000G,420.0,PCN,1000G,,1676264599723-sujal foods pvt ltd-nepal-smart lollypop#3.png,RECODING,5,4,99764739,108.45027,106,SUJAL FOODS PVT LTD-NEPAL,SMART,SMART LOLLYPOP,SMART LOLLYPOP- PULPY ORANGE PCN 1000 GM,PLJAR,1000.000 GM,ORANGE,,1000.0,GM,500.0
80,2023-02-20,202302,1,116869964,11302010010,1676264599723,99764879,106,SUJAL FOODS PVT LTD-NEPAL,SMART LOLLYPOP,SMART LOLLYPOP LITCHI PCN 1000G,420.0,PCN,1000G,,1676264599723-sujal foods pvt ltd-nepal-smart lollypop#3.png,RECODING,5,5,99764670,109.1352,106,SUJAL FOODS PVT LTD-NEPAL,SMART,SMART LOLLYPOP,SMART LOLLYPOP- PULPY ORANGE PCN 900 GM,PLJAR,900.000 GM,ORANGE,,900.0,GM,300.0
80,2023-02-20,202302,1,116869964,11302010010,1676264599723,99764879,106,SUJAL FOODS PVT LTD-NEPAL,SMART LOLLYPOP,SMART LOLLYPOP LITCHI PCN 1000G,420.0,PCN,1000G,,1676264599723-sujal foods pvt ltd-nepal-smart lollypop#3.png,RECODING,5,6,46734,109.15199,106,SUJAL FOODS PVT LTD-NEPAL,SMART,SMART LOLLYPOP,SMART LOLLYPOP- LITCHI PPH 10 GM,PLPCH,10.000 GM,LYCHEE,,10.0,GM,0.0
80,2023-02-20,202302,1,116869964,11302010010,1676264599723,99764879,106,SUJAL FOODS PVT LTD-NEPAL,SMART LOLLYPOP,SMART LOLLYPOP LITCHI PCN 1000G,420.0,PCN,1000G,,1676264599723-sujal foods pvt ltd-nepal-smart lollypop#3.png,RECODING,5,7,91826264,111.9207,106,SUJAL FOODS PVT LTD-NEPAL,SMART,SMART LOLLYPOP,SMART LOLLYPOP- ORANGE PPH 6 GM,PLPCH,6.000 GM,ORANGE,,6.0,GM,0.0
80,2023-02-20,202302,1,116869964,11302010010,1676264599723,99764879,106,SUJAL FOODS PVT LTD-NEPAL,SMART LOLLYPOP,SMART LOLLYPOP LITCHI PCN 1000G,420.0,PCN,1000G,,1676264599723-sujal foods pvt ltd-nepal-smart lollypop#3.png,RECODING,5,8,54702,113.2236,106,SUJAL FOODS PVT LTD-NEPAL,SMART,SMART LOLLYPOP,SMART LOLLYPOP- COLA PPH 10 GM,PLPCH,10.000 GM,COLA,,10.0,GM,0.0
80,2023-02-20,202302,1,116869964,11302010010,1676264599723,99764879,106,SUJAL FOODS PVT LTD-NEPAL,SMART LOLLYPOP,SMART LOLLYPOP LITCHI PCN 1000G,420.0,PCN,1000G,,1676264599723-sujal foods pvt ltd-nepal-smart lollypop#3.png,RECODING,5,9,99764406,113.702354,106,SUJAL FOODS PVT LTD-NEPAL,SMART,SMART LOLLYPOP,SMART LOLLYPOP- LITCHI EWP 9 GM,EWRPK,9.000 GM,LYCHEE,,9.0,GM,5.0
80,2023-02-20,202302,1,116869964,11302010010,1676264599723,99764879,106,SUJAL FOODS PVT LTD-NEPAL,SMART LOLLYPOP,SMART LOLLYPOP LITCHI PCN 1000G,420.0,PCN,1000G,,1676264599723-sujal foods pvt ltd-nepal-smart lollypop#3.png,RECODING,5,10,91826266,114.77735,106,SUJAL FOODS PVT LTD-NEPAL,SMART,SMART LOLLYPOP,SMART LOLLYPOP- COLA PPH 6 GM,PLPCH,6.000 GM,COLA,,6.0,GM,0.0
81,2023-02-20,202302,1,116869964,11302010010,1676262638838,99764844,122,UNILEVER NEPAL LTD-NEPAL,WHEEL ACTIVE 2IN 1,WHEEL ACTIVE-2IN1 CLEAN & FRESH PPH 150G,20.0,PPH,150G,,1676262638838-unilever nepal ltd-nepal-wheel active 2in 1#3.png,RECODING,5,1,99764844,76.53958,122,UNILEVER NEPAL LTD-NEPAL,WHEEL,WHEEL ACTIVE,WHEEL ACTIVE-2IN1 CLEAN & FRESH PPH 150 GM,PLPCH,150.000 GM,,,150.0,GM,20.0
81,2023-02-20,202302,1,116869964,11302010010,1676262638838,99764844,122,UNILEVER NEPAL LTD-NEPAL,WHEEL ACTIVE 2IN 1,WHEEL ACTIVE-2IN1 CLEAN & FRESH PPH 150G,20.0,PPH,150G,,1676262638838-unilever nepal ltd-nepal-wheel active 2in 1#3.png,RECODING,5,2,99763979,77.30733,122,UNILEVER NEPAL LTD-NEPAL,WHEEL,WHEEL ACTIVE,WHEEL ACTIVE-2IN1 CLEAN FRESH PPH 950 GM,PLPCH,950.000 GM,,,950.0,GM,110.0
81,2023-02-20,202302,1,116869964,11302010010,1676262638838,99764844,122,UNILEVER NEPAL LTD-NEPAL,WHEEL ACTIVE 2IN 1,WHEEL ACTIVE-2IN1 CLEAN & FRESH PPH 150G,20.0,PPH,150G,,1676262638838-unilever nepal ltd-nepal-wheel active 2in 1#3.png,RECODING,5,3,49512,77.580826,122,UNILEVER NEPAL LTD-NEPAL,WHEEL,WHEEL ACTIVE,WHEEL ACTIVE-2IN1 CLEAN FRESH PPH 175 GM,PLPCH,175.000 GM,,,175.0,GM,0.0
81,2023-02-20,202302,1,116869964,11302010010,1676262638838,99764844,122,UNILEVER NEPAL LTD-NEPAL,WHEEL ACTIVE 2IN 1,WHEEL ACTIVE-2IN1 CLEAN & FRESH PPH 150G,20.0,PPH,150G,,1676262638838-unilever nepal ltd-nepal-wheel active 2in 1#3.png,RECODING,5,4,50746,78.33236,122,UNILEVER NEPAL LTD-NEPAL,WHEEL,WHEEL ACTIVE,WHEEL ACTIVE-2IN1 CLEAN FRESH PPH 165 GM,PLPCH,165.000 GM,,,165.0,GM,0.0
81,2023-02-20,202302,1,116869964,11302010010,1676262638838,99764844,122,UNILEVER NEPAL LTD-NEPAL,WHEEL ACTIVE 2IN 1,WHEEL ACTIVE-2IN1 CLEAN & FRESH PPH 150G,20.0,PPH,150G,,1676262638838-unilever nepal ltd-nepal-wheel active 2in 1#3.png,RECODING,5,5,99762424,79.16867,122,UNILEVER NEPAL LTD-NEPAL,WHEEL,WHEEL ACTIVE,WHEEL ACTIVE-2IN1 CLEAN FRESH PPH 200 GM,PLPCH,200.000 GM,,,200.0,GM,20.0
81,2023-02-20,202302,1,116869964,11302010010,1676262638838,99764844,122,UNILEVER NEPAL LTD-NEPAL,WHEEL ACTIVE 2IN 1,WHEEL ACTIVE-2IN1 CLEAN & FRESH PPH 150G,20.0,PPH,150G,,1676262638838-unilever nepal ltd-nepal-wheel active 2in 1#3.png,RECODING,5,6,99762769,79.88671,122,UNILEVER NEPAL LTD-NEPAL,WHEEL,WHEEL ACTIVE,WHEEL ACTIVE-2IN1 CLEAN & FRESH PPH 850 GM,PLPCH,850.000 GM,,,850.0,GM,75.0
81,2023-02-20,202302,1,116869964,11302010010,1676262638838,99764844,122,UNILEVER NEPAL LTD-NEPAL,WHEEL ACTIVE 2IN 1,WHEEL ACTIVE-2IN1 CLEAN & FRESH PPH 150G,20.0,PPH,150G,,1676262638838-unilever nepal ltd-nepal-wheel active 2in 1#3.png,RECODING,5,7,99764088,79.890724,122,UNILEVER NEPAL LTD-NEPAL,WHEEL,WHEEL ACTIVE,WHEEL ACTIVE-2IN1 CLEAN & FRESH PPH 180 GM,PLPCH,180.000 GM,,,180.0,GM,20.0
81,2023-02-20,202302,1,116869964,11302010010,1676262638838,99764844,122,UNILEVER NEPAL LTD-NEPAL,WHEEL ACTIVE 2IN 1,WHEEL ACTIVE-2IN1 CLEAN & FRESH PPH 150G,20.0,PPH,150G,,1676262638838-unilever nepal ltd-nepal-wheel active 2in 1#3.png,RECODING,5,8,54776,79.91811,122,UNILEVER NEPAL LTD-NEPAL,WHEEL,WHEEL ACTIVE,WHEEL ACTIVE-2IN1 CLEAN FRESH PPH 1000 GM,PLPCH,1000.000 GM,,,1000.0,GM,0.0
81,2023-02-20,202302,1,116869964,11302010010,1676262638838,99764844,122,UNILEVER NEPAL LTD-NEPAL,WHEEL ACTIVE 2IN 1,WHEEL ACTIVE-2IN1 CLEAN & FRESH PPH 150G,20.0,PPH,150G,,1676262638838-unilever nepal ltd-nepal-wheel active 2in 1#3.png,RECODING,5,9,53599,80.171455,122,UNILEVER NEPAL LTD-NEPAL,WHEEL,WHEEL ACTIVE,WHEEL ACTIVE-2IN1 CLEAN FRESH PPH 160 GM,PLPCH,160.000 GM,,,160.0,GM,0.0
81,2023-02-20,202302,1,116869964,11302010010,1676262638838,99764844,122,UNILEVER NEPAL LTD-NEPAL,WHEEL ACTIVE 2IN 1,WHEEL ACTIVE-2IN1 CLEAN & FRESH PPH 150G,20.0,PPH,150G,,1676262638838-unilever nepal ltd-nepal-wheel active 2in 1#3.png,RECODING,5,10,49530,80.28365,122,UNILEVER NEPAL LTD-NEPAL,WHEEL,WHEEL ACTIVE,WHEEL ACTIVE-2IN1 CLEAN FRESH PPH 500 GM,PLPCH,500.000 GM,,,500.0,GM,0.0
82,2023-02-21,202302,1,111509535,12101010017,1676169409053,99764854,106,PARLE BISCUITS PVT LTD-INDIA,PARLE GRAND LONDONDERRY,PARLE GRAND LONDONDERRY LACTO BONBON PPH-198GM.,125.0,PPH,198GM.,,1676169409053-parle biscuits pvt ltd-india-parle grand londonderry#3.png,RECODING,5,1,99764566,93.17651,106,PARLE BISCUITS PVT LTD-INDIA,PARLE,PARLE LONDONDERRY,PARLE LONDONDERRY-LACTO BONBON PPH 277 GM,PLPCH,277.000 GM,MILK,,277.0,GM,98.0
82,2023-02-21,202302,1,111509535,12101010017,1676169409053,99764854,106,PARLE BISCUITS PVT LTD-INDIA,PARLE GRAND LONDONDERRY,PARLE GRAND LONDONDERRY LACTO BONBON PPH-198GM.,125.0,PPH,198GM.,,1676169409053-parle biscuits pvt ltd-india-parle grand londonderry#3.png,RECODING,5,2,99764579,110.12178,106,PARLE BISCUITS PVT LTD-INDIA,PARLE,PARLE GRAND LONDONDERRY,PARLE GRAND LONDONDERRY-PCN 637.56 GM,PLJAR,637.560 GM,MILK,,637.56,GM,240.0
82,2023-02-21,202302,1,111509535,12101010017,1676169409053,99764854,106,PARLE BISCUITS PVT LTD-INDIA,PARLE GRAND LONDONDERRY,PARLE GRAND LONDONDERRY LACTO BONBON PPH-198GM.,125.0,PPH,198GM.,,1676169409053-parle biscuits pvt ltd-india-parle grand londonderry#3.png,RECODING,5,3,99764854,121.77395,106,PARLE BISCUITS PVT LTD-INDIA,PARLE,PARLE GRAND LONDONDERRY,PARLE GRAND LONDONDERRY-PPH 198 GM,PLPCH,198.000 GM,MILK,,198.0,GM,125.0
82,2023-02-21,202302,1,111509535,12101010017,1676169409053,99764854,106,PARLE BISCUITS PVT LTD-INDIA,PARLE GRAND LONDONDERRY,PARLE GRAND LONDONDERRY LACTO BONBON PPH-198GM.,125.0,PPH,198GM.,,1676169409053-parle biscuits pvt ltd-india-parle grand londonderry#3.png,RECODING,5,4,91827678,124.05071,106,PARLE BISCUITS PVT LTD-INDIA,PARLE,PARLE LONDONDERRY,PARLE LONDONDERRY- PPH 2.770 GM,PLPCH,2.770 GM,MILK,,2.77,GM,0.0
82,2023-02-21,202302,1,111509535,12101010017,1676169409053,99764854,106,PARLE BISCUITS PVT LTD-INDIA,PARLE GRAND LONDONDERRY,PARLE GRAND LONDONDERRY LACTO BONBON PPH-198GM.,125.0,PPH,198GM.,,1676169409053-parle biscuits pvt ltd-india-parle grand londonderry#3.png,RECODING,5,5,91826086,127.81026,106,PARLE BISCUITS PVT LTD-INDIA,PARLE,PARLE LONDONDERRY,PARLE LONDONDERRY- PPH 2.96 GM,PLPCH,2.960 GM,MILK,,2.96,GM,0.0
82,2023-02-21,202302,1,111509535,12101010017,1676169409053,99764854,106,PARLE BISCUITS PVT LTD-INDIA,PARLE GRAND LONDONDERRY,PARLE GRAND LONDONDERRY LACTO BONBON PPH-198GM.,125.0,PPH,198GM.,,1676169409053-parle biscuits pvt ltd-india-parle grand londonderry#3.png,RECODING,5,6,91827681,143.94946,106,PARLE BISCUITS PVT LTD-INDIA,PARLE,PARLE MAZELO,PARLE MAZELO- LITCHI PPH 2.770 GM,PLPCH,2.770 GM,LYCHEE,,2.77,GM,0.0
82,2023-02-21,202302,1,111509535,12101010017,1676169409053,99764854,106,PARLE BISCUITS PVT LTD-INDIA,PARLE GRAND LONDONDERRY,PARLE GRAND LONDONDERRY LACTO BONBON PPH-198GM.,125.0,PPH,198GM.,,1676169409053-parle biscuits pvt ltd-india-parle grand londonderry#3.png,RECODING,5,7,91826092,144.71338,106,PARLE BISCUITS PVT LTD-INDIA,PARLE,PARLE MAZELO,PARLE MAZELO- LITCHI PPH 3.46 GM,PLPCH,3.460 GM,LYCHEE,,3.46,GM,0.0
82,2023-02-21,202302,1,111509535,12101010017,1676169409053,99764854,106,PARLE BISCUITS PVT LTD-INDIA,PARLE GRAND LONDONDERRY,PARLE GRAND LONDONDERRY LACTO BONBON PPH-198GM.,125.0,PPH,198GM.,,1676169409053-parle biscuits pvt ltd-india-parle grand londonderry#3.png,RECODING,5,8,91827680,149.74693,106,PARLE BISCUITS PVT LTD-INDIA,PARLE,PARLE MAZELO,PARLE MAZELO- GUAVA PPH 2.770 GM,PLPCH,2.770 GM,GUAVA,,2.77,GM,0.0
82,2023-02-21,202302,1,111509535,12101010017,1676169409053,99764854,106,PARLE BISCUITS PVT LTD-INDIA,PARLE GRAND LONDONDERRY,PARLE GRAND LONDONDERRY LACTO BONBON PPH-198GM.,125.0,PPH,198GM.,,1676169409053-parle biscuits pvt ltd-india-parle grand londonderry#3.png,RECODING,5,9,91826245,150.17941,106,PARLE BISCUITS PVT LTD-INDIA,PARLE,PARLE 2 IN 1 ECLAIRS,PARLE 2 IN 1 ECLAIRS- CARAMEL PPH 2.77GM,PLPCH,2.770 GM,CARAMEL,,2.77,GM,0.0
82,2023-02-21,202302,1,111509535,12101010017,1676169409053,99764854,106,PARLE BISCUITS PVT LTD-INDIA,PARLE GRAND LONDONDERRY,PARLE GRAND LONDONDERRY LACTO BONBON PPH-198GM.,125.0,PPH,198GM.,,1676169409053-parle biscuits pvt ltd-india-parle grand londonderry#3.png,RECODING,5,10,53979,150.91742,106,PARLE BISCUITS PVT LTD-INDIA,PARLE,PARLE MAZELO POPPINS,PARLE MAZELO POPPINS- FRUIT PPH 14.4 GM,PLPCH,14.400 GM,FRUIT,,14.4,GM,0.0
83,2023-02-21,202302,1,132206225,32202010004,1676797870749,99764896,132,JASMINE HYGIENIC - NEPAL,SOFT & DRY,SOFT & DRY-PREMIUM PANTS (XL) 4 NOS ,100.0,NOS,4 NOS,,1676797870749-jasmine hygienic - nepal-soft - dry#3.png,RECODING,5,1,99763859,87.535736,132,JASMINE HYGIENIC - NEPAL,SOFT & DRY,SOFT & DRY,SOFT & DRY-PREMIUM PANTS SMALL (S) PPH 60 NOS,PLPCH,60.000 NO,,,60.0,NO,999.0
83,2023-02-21,202302,1,132206225,32202010004,1676797870749,99764896,132,JASMINE HYGIENIC - NEPAL,SOFT & DRY,SOFT & DRY-PREMIUM PANTS (XL) 4 NOS ,100.0,NOS,4 NOS,,1676797870749-jasmine hygienic - nepal-soft - dry#3.png,RECODING,5,2,99762913,91.39781,132,JASMINE HYGIENIC - NEPAL,SOFT & DRY,SOFT & DRY,SOFT & DRY-PREMIUM PANTS SMALL (S) PPH 5 NOS,PLPCH,5.000 NO,,,5.0,NO,80.0
83,2023-02-21,202302,1,132206225,32202010004,1676797870749,99764896,132,JASMINE HYGIENIC - NEPAL,SOFT & DRY,SOFT & DRY-PREMIUM PANTS (XL) 4 NOS ,100.0,NOS,4 NOS,,1676797870749-jasmine hygienic - nepal-soft - dry#3.png,RECODING,5,3,99763609,92.057175,132,JASMINE HYGIENIC - NEPAL,SOFT & DRY,SOFT & DRY,SOFT & DRY-PREMIUM PANTS LARGE (L) PPH 46 NOS,PLPCH,46.000 NO,,,46.0,NO,999.0
83,2023-02-21,202302,1,132206225,32202010004,1676797870749,99764896,132,JASMINE HYGIENIC - NEPAL,SOFT & DRY,SOFT & DRY-PREMIUM PANTS (XL) 4 NOS ,100.0,NOS,4 NOS,,1676797870749-jasmine hygienic - nepal-soft - dry#3.png,RECODING,5,4,99763457,93.12156,132,JASMINE HYGIENIC - NEPAL,SOFT & DRY,SOFT & DRY,SOFT & DRY-PREMIUM PANTS MEDIUM (M) PPH 5 NOS,PLPCH,5.000 NO,,,5.0,NO,100.0
83,2023-02-21,202302,1,132206225,32202010004,1676797870749,99764896,132,JASMINE HYGIENIC - NEPAL,SOFT & DRY,SOFT & DRY-PREMIUM PANTS (XL) 4 NOS ,100.0,NOS,4 NOS,,1676797870749-jasmine hygienic - nepal-soft - dry#3.png,RECODING,5,5,99764896,94.027306,132,JASMINE HYGIENIC - NEPAL,SOFT & DRY,SOFT & DRY,SOFT & DRY-PREMIUM PANTS EXTRA LARGE (XL) PPH 4 NOS,PLPCH,4.000 NO,,,4.0,NO,100.0
83,2023-02-21,202302,1,132206225,32202010004,1676797870749,99764896,132,JASMINE HYGIENIC - NEPAL,SOFT & DRY,SOFT & DRY-PREMIUM PANTS (XL) 4 NOS ,100.0,NOS,4 NOS,,1676797870749-jasmine hygienic - nepal-soft - dry#3.png,RECODING,5,6,99763036,95.278786,132,JASMINE HYGIENIC - NEPAL,SOFT & DRY,SOFT & DRY,SOFT & DRY-PREMIUM PANTS LARGE (L) PPH 4 NOS,PLPCH,4.000 NO,,,4.0,NO,100.0
83,2023-02-21,202302,1,132206225,32202010004,1676797870749,99764896,132,JASMINE HYGIENIC - NEPAL,SOFT & DRY,SOFT & DRY-PREMIUM PANTS (XL) 4 NOS ,100.0,NOS,4 NOS,,1676797870749-jasmine hygienic - nepal-soft - dry#3.png,RECODING,5,7,99762706,126.05557,132,JASMINE HYGIENIC - NEPAL,CUDDLERS,CUDDLERS PANTS,CUDDLERS PANTS-SOFT & DRY SMALL (S) PPH 5 NOS,PLPCH,5.000 NO,,,5.0,NO,80.0
83,2023-02-21,202302,1,132206225,32202010004,1676797870749,99764896,132,JASMINE HYGIENIC - NEPAL,SOFT & DRY,SOFT & DRY-PREMIUM PANTS (XL) 4 NOS ,100.0,NOS,4 NOS,,1676797870749-jasmine hygienic - nepal-soft - dry#3.png,RECODING,5,8,99762705,130.62793,132,JASMINE HYGIENIC - NEPAL,CUDDLERS,CUDDLERS PANTS,CUDDLERS PANTS-SOFT & DRY LARGE(L) PPH 4 NOS,PLPCH,4.000 NO,,,4.0,NO,80.0
83,2023-02-21,202302,1,132206225,32202010004,1676797870749,99764896,132,JASMINE HYGIENIC - NEPAL,SOFT & DRY,SOFT & DRY-PREMIUM PANTS (XL) 4 NOS ,100.0,NOS,4 NOS,,1676797870749-jasmine hygienic - nepal-soft - dry#3.png,RECODING,5,9,99762688,131.76224,132,JASMINE HYGIENIC - NEPAL,CUDDLERS,CUDDLERS PANTS,CUDDLERS PANTS-OVERNITES MEDIUM (M) PPH 5 NOS,PLPCH,5.000 NO,,,5.0,NO,100.0
83,2023-02-21,202302,1,132206225,32202010004,1676797870749,99764896,132,JASMINE HYGIENIC - NEPAL,SOFT & DRY,SOFT & DRY-PREMIUM PANTS (XL) 4 NOS ,100.0,NOS,4 NOS,,1676797870749-jasmine hygienic - nepal-soft - dry#3.png,RECODING,5,10,99762911,132.79791,132,JASMINE HYGIENIC - NEPAL,CUDDLERS,CUDDLERS PANTS,CUDDLERS PANTS-OVERNITES MEDIUM (M) PPH 52 NOS,PLPCH,52.000 NO,,,52.0,NO,950.0
84,2023-02-21,202302,1,110974232,21102010055,1676875794659,99764875,106,PERFETTI VAN MELLE-INDIA,CENTER FRESH,CENTER FRESH/SPEARMINT,336.0,PCN,630 GM/210Ã—3GM,,1676875794659-perfetti van melle-india-center fresh#3.png,RECODING,5,1,99764573,72.59448,106,PERFETTI VAN MELLE-INDIA,CENTER FRESH,CENTER FRESH,CENTER FRESH- SPEARMINT PCN 675 GM,PLJAR,675.000 GM,SPEARMINT,,675.0,GM,360.0
84,2023-02-21,202302,1,110974232,21102010055,1676875794659,99764875,106,PERFETTI VAN MELLE-INDIA,CENTER FRESH,CENTER FRESH/SPEARMINT,336.0,PCN,630 GM/210Ã—3GM,,1676875794659-perfetti van melle-india-center fresh#3.png,RECODING,5,2,99764875,75.60181,106,PERFETTI VAN MELLE-INDIA,CENTER FRESH,CENTER FRESH,CENTER FRESH- SPEARMINT PCN 630 GM,PLJAR,630.000 GM,SPEARMINT,,630.0,GM,336.0
84,2023-02-21,202302,1,110974232,21102010055,1676875794659,99764875,106,PERFETTI VAN MELLE-INDIA,CENTER FRESH,CENTER FRESH/SPEARMINT,336.0,PCN,630 GM/210Ã—3GM,,1676875794659-perfetti van melle-india-center fresh#3.png,RECODING,5,3,99764636,77.33391,106,PERFETTI VAN MELLE-INDIA,CENTER FRESH,CENTER FRESH,CENTER FRESH- SPEARMINT PCN 450 GM,PLJAR,450.000 GM,SPEARMINT,,450.0,GM,300.0
84,2023-02-21,202302,1,110974232,21102010055,1676875794659,99764875,106,PERFETTI VAN MELLE-INDIA,CENTER FRESH,CENTER FRESH/SPEARMINT,336.0,PCN,630 GM/210Ã—3GM,,1676875794659-perfetti van melle-india-center fresh#3.png,RECODING,5,4,99764605,78.40994,106,PERFETTI VAN MELLE-INDIA,CENTER FRESH,CENTER FRESH,CENTER FRESH- SPEARMINT PCN 420 GM,PLJAR,420.000 GM,SPEARMINT,,420.0,GM,350.0
84,2023-02-21,202302,1,110974232,21102010055,1676875794659,99764875,106,PERFETTI VAN MELLE-INDIA,CENTER FRESH,CENTER FRESH/SPEARMINT,336.0,PCN,630 GM/210Ã—3GM,,1676875794659-perfetti van melle-india-center fresh#3.png,RECODING,5,5,91827429,79.44205,106,PERFETTI VAN MELLE-INDIA,CENTER FRESH,CENTER FRESH,CENTER FRESH- SPEARMINT PPH 3 GM,PLPCH,3.000 GM,SPEARMINT,,3.0,GM,0.0
84,2023-02-21,202302,1,110974232,21102010055,1676875794659,99764875,106,PERFETTI VAN MELLE-INDIA,CENTER FRESH,CENTER FRESH/SPEARMINT,336.0,PCN,630 GM/210Ã—3GM,,1676875794659-perfetti van melle-india-center fresh#3.png,RECODING,5,6,91826178,82.70216,106,PERFETTI VAN MELLE-INDIA,CENTER FRESH,CENTER FRESH,CENTER FRESH- SPEARMINT PPH 3.2 GM,PLPCH,3.200 GM,SPEARMINT,,3.2,GM,0.0
84,2023-02-21,202302,1,110974232,21102010055,1676875794659,99764875,106,PERFETTI VAN MELLE-INDIA,CENTER FRESH,CENTER FRESH/SPEARMINT,336.0,PCN,630 GM/210Ã—3GM,,1676875794659-perfetti van melle-india-center fresh#3.png,RECODING,5,7,99764924,83.56862,106,PERFETTI VAN MELLE-INDIA,CENTER FRESH,CENTER FRESH,CENTER FRESH- SPEARMINT PCN 420 GM+30 GM FREE,PLJAR,420.000 GM,SPEARMINT,,450.0,GM,350.0
84,2023-02-21,202302,1,110974232,21102010055,1676875794659,99764875,106,PERFETTI VAN MELLE-INDIA,CENTER FRESH,CENTER FRESH/SPEARMINT,336.0,PCN,630 GM/210Ã—3GM,,1676875794659-perfetti van melle-india-center fresh#3.png,RECODING,5,8,91826179,95.07959,106,PERFETTI VAN MELLE-INDIA,CENTER FRESH,CENTER FRESH,CENTER FRESH- SPEARMINT EWP 16 GM,EWRPK,16.000 GM,SPEARMINT,,16.0,GM,0.0
84,2023-02-21,202302,1,110974232,21102010055,1676875794659,99764875,106,PERFETTI VAN MELLE-INDIA,CENTER FRESH,CENTER FRESH/SPEARMINT,336.0,PCN,630 GM/210Ã—3GM,,1676875794659-perfetti van melle-india-center fresh#3.png,RECODING,5,9,91826180,105.426544,106,PERFETTI VAN MELLE-INDIA,CENTER FRUIT,CENTER FRUIT,CENTER FRUIT- SPEARMINT PPH 3.4 GM,PLPCH,3.400 GM,SPEARMINT,,3.4,GM,0.0
84,2023-02-21,202302,1,110974232,21102010055,1676875794659,99764875,106,PERFETTI VAN MELLE-INDIA,CENTER FRESH,CENTER FRESH/SPEARMINT,336.0,PCN,630 GM/210Ã—3GM,,1676875794659-perfetti van melle-india-center fresh#3.png,RECODING,5,10,99764504,111.46915,106,PERFETTI VAN MELLE-INDIA,HAPPYDENT,HAPPYDENT WHITE,HAPPYDENT WHITE- SPEARMINT PCN 429 GM,PLJAR,429.000 GM,SPEARMINT,,429.0,GM,487.5
85,2023-02-23,202302,1,124618740,31101010058,1677044396905,99764898,106,KWALITY CONFECTIONERY-NPL,KWALITY DOUBLE DUCK,KWALITY DOUBLE DUCK-TOFFEE PCN 1380 GM,600.0,PCN,1380 GM,,1677044396905-kwality confectionery-npl-kwality double duck#3.png,RECODING,5,1,54699,107.383644,106,KWALITY CONFECTIONERY-NPL,KWALITY,KWALITY DOUBLE DUCK,KWALITY DOUBLE DUCK-TOFFEE PPH 2.63 GM,PLPCH,2.630 GM,UNSPECIFIED,,2.63,GM,0.0
85,2023-02-23,202302,1,124618740,31101010058,1677044396905,99764898,106,KWALITY CONFECTIONERY-NPL,KWALITY DOUBLE DUCK,KWALITY DOUBLE DUCK-TOFFEE PCN 1380 GM,600.0,PCN,1380 GM,,1677044396905-kwality confectionery-npl-kwality double duck#3.png,RECODING,5,2,91826212,109.21996,106,KWALITY CONFECTIONERY-NPL,KWALITY,KWALITY DOUBLE DUCK,KWALITY DOUBLE DUCK- TOFFEE PPH 4 GM,PLPCH,4.000 GM,UNSPECIFIED,,4.0,GM,0.0
85,2023-02-23,202302,1,124618740,31101010058,1677044396905,99764898,106,KWALITY CONFECTIONERY-NPL,KWALITY DOUBLE DUCK,KWALITY DOUBLE DUCK-TOFFEE PCN 1380 GM,600.0,PCN,1380 GM,,1677044396905-kwality confectionery-npl-kwality double duck#3.png,RECODING,5,3,48631,111.33673,106,KWALITY CONFECTIONERY-NPL,KWALITY,KWALITY DOUBLE DUCK,KWALITY DOUBLE DUCK-TOFFEE PPH 2.95 GM,PLPCH,2.950 GM,UNSPECIFIED,,2.95,GM,0.0
85,2023-02-23,202302,1,124618740,31101010058,1677044396905,99764898,106,KWALITY CONFECTIONERY-NPL,KWALITY DOUBLE DUCK,KWALITY DOUBLE DUCK-TOFFEE PCN 1380 GM,600.0,PCN,1380 GM,,1677044396905-kwality confectionery-npl-kwality double duck#3.png,RECODING,5,4,55024,112.02855,106,KWALITY CONFECTIONERY-NPL,KWALITY,KWALITY DOUBLE DUCK,KWALITY DOUBLE DUCK-TOFFEE PPH 2.5 GM,PLPCH,2.500 GM,UNSPECIFIED,,2.5,GM,0.0
85,2023-02-23,202302,1,124618740,31101010058,1677044396905,99764898,106,KWALITY CONFECTIONERY-NPL,KWALITY DOUBLE DUCK,KWALITY DOUBLE DUCK-TOFFEE PCN 1380 GM,600.0,PCN,1380 GM,,1677044396905-kwality confectionery-npl-kwality double duck#3.png,RECODING,5,5,99764898,146.72739,106,KWALITY CONFECTIONERY-NPL,KWALITY,KWALITY KAB'S DOUBLE DUCK,KWALITY KAB'S DOUBLE DUCK-PCN 1380 GM,PLJAR,1380.000 GM,MILK,,1380.0,GM,600.0
85,2023-02-23,202302,1,124618740,31101010058,1677044396905,99764898,106,KWALITY CONFECTIONERY-NPL,KWALITY DOUBLE DUCK,KWALITY DOUBLE DUCK-TOFFEE PCN 1380 GM,600.0,PCN,1380 GM,,1677044396905-kwality confectionery-npl-kwality double duck#3.png,RECODING,5,6,91827163,196.11919,106,KWALITY CONFECTIONERY-NPL,KWALITY,KWALITY JACK POT TOFFEE,KWALITY JACK POT TOFFEE- EWP 4 GM,EWRPK,4.000 GM,UNSPECIFIED,,4.0,GM,0.0
85,2023-02-23,202302,1,124618740,31101010058,1677044396905,99764898,106,KWALITY CONFECTIONERY-NPL,KWALITY DOUBLE DUCK,KWALITY DOUBLE DUCK-TOFFEE PCN 1380 GM,600.0,PCN,1380 GM,,1677044396905-kwality confectionery-npl-kwality double duck#3.png,RECODING,5,7,99764714,210.84113,106,KWALITY CONFECTIONERY-NPL,KWALITY,KWALITY KAB'S FRUIT DROPS,KWALITY KAB'S FRUIT DROPS-TOFFEE PCN 900 GM,PLJAR,900.000 GM,FRUIT,,900.0,GM,165.0
85,2023-02-23,202302,1,124618740,31101010058,1677044396905,99764898,106,KWALITY CONFECTIONERY-NPL,KWALITY DOUBLE DUCK,KWALITY DOUBLE DUCK-TOFFEE PCN 1380 GM,600.0,PCN,1380 GM,,1677044396905-kwality confectionery-npl-kwality double duck#3.png,RECODING,5,8,51803,211.12152,106,COUNTRY CONFECTIONERY-NPL,COUNTRY,COUNTRY TWAKKA TUKKA,COUNTRY TWAKKA TUKKA-CHATPATA PPH 3 GM,PLPCH,3.000 GM,UNSPECIFIED,,3.0,GM,0.0
85,2023-02-23,202302,1,124618740,31101010058,1677044396905,99764898,106,KWALITY CONFECTIONERY-NPL,KWALITY DOUBLE DUCK,KWALITY DOUBLE DUCK-TOFFEE PCN 1380 GM,600.0,PCN,1380 GM,,1677044396905-kwality confectionery-npl-kwality double duck#3.png,RECODING,5,9,46314,211.42271,106,KWALITY CONFECTIONERY-NPL,KWALITY,KWALITY CAFELAIRS,KWALITY CAFELAIRS-COFEE EWRPK 2.7 GM,EWRPK,2.700 GM,COFFEE,,2.7,GM,0.0
85,2023-02-23,202302,1,124618740,31101010058,1677044396905,99764898,106,KWALITY CONFECTIONERY-NPL,KWALITY DOUBLE DUCK,KWALITY DOUBLE DUCK-TOFFEE PCN 1380 GM,600.0,PCN,1380 GM,,1677044396905-kwality confectionery-npl-kwality double duck#3.png,RECODING,5,10,46520,214.08928,106,KWALITY CONFECTIONERY-NPL,KWALITY,KWALITY KAB'S DAIRY,KWALITY KAB'S DAIRY-JACK POT TOFFEE PPH 3 GM,PLPCH,3.000 GM,UNSPECIFIED,,3.0,GM,0.0
86,2023-02-23,202302,1,124618740,31101010058,1676794233802,99764876,106,SUJAL FOODS PVT LTD-NEPAL,SUJAL BUBBLY BUBBLE GUM,SUJAL BUBBLY BUBBLE GUM-MINT PCN 480GM ,300.0,PCN,480GM ,,1676794233802-sujal foods pvt ltd-nepal-sujal bubbly bubble gum#3.png,RECODING,5,1,99764876,81.09282,106,SUJAL FOODS PVT LTD-NEPAL,SUJAL,SUJAL BUBBLY BUBBLE GUM,SUJAL BUBBLY BUBBLE GUM-MINT PCN 480 GM,PLJAR,480.000 GM,MINT,,480.0,GM,300.0
86,2023-02-23,202302,1,124618740,31101010058,1676794233802,99764876,106,SUJAL FOODS PVT LTD-NEPAL,SUJAL BUBBLY BUBBLE GUM,SUJAL BUBBLY BUBBLE GUM-MINT PCN 480GM ,300.0,PCN,480GM ,,1676794233802-sujal foods pvt ltd-nepal-sujal bubbly bubble gum#3.png,RECODING,5,2,99764538,83.51291,106,SUJAL FOODS PVT LTD-NEPAL,SUJAL,SUJAL BUBBLY BUBBLE GUM,SUJAL BUBBLY BUBBLE GUM-MINT PCN 510 GM,PLJAR,510.000 GM,MINT,,510.0,GM,250.0
86,2023-02-23,202302,1,124618740,31101010058,1676794233802,99764876,106,SUJAL FOODS PVT LTD-NEPAL,SUJAL BUBBLY BUBBLE GUM,SUJAL BUBBLY BUBBLE GUM-MINT PCN 480GM ,300.0,PCN,480GM ,,1676794233802-sujal foods pvt ltd-nepal-sujal bubbly bubble gum#3.png,RECODING,5,3,51707,91.63594,106,SUJAL FOODS PVT LTD-NEPAL,SUJAL,SUJAL BUBBLY BUBBLE GUM,SUJAL BUBBLY BUBBLE GUM-MINT PPH 4 GM,PLPCH,4.000 GM,MINT,,4.0,GM,0.0
86,2023-02-23,202302,1,124618740,31101010058,1676794233802,99764876,106,SUJAL FOODS PVT LTD-NEPAL,SUJAL BUBBLY BUBBLE GUM,SUJAL BUBBLY BUBBLE GUM-MINT PCN 480GM ,300.0,PCN,480GM ,,1676794233802-sujal foods pvt ltd-nepal-sujal bubbly bubble gum#3.png,RECODING,5,4,99764796,98.50003,106,SUJAL FOODS PVT LTD-NEPAL,SUJAL,SUJAL BUBBLY BUBBLE GUM,SUJAL BUBBLY BUBBLE GUM-STRAWBERRY PCN 510 GM,PLJAR,510.000 GM,STRAWBERRY,,510.0,GM,235.0
86,2023-02-23,202302,1,124618740,31101010058,1676794233802,99764876,106,SUJAL FOODS PVT LTD-NEPAL,SUJAL BUBBLY BUBBLE GUM,SUJAL BUBBLY BUBBLE GUM-MINT PCN 480GM ,300.0,PCN,480GM ,,1676794233802-sujal foods pvt ltd-nepal-sujal bubbly bubble gum#3.png,RECODING,5,5,53066,105.45488,106,SUJAL FOODS PVT LTD-NEPAL,SUJAL,SUJAL BUBBLY BUBBLE GUM,SUJAL BUBBLY BUBBLE GUM-PEACH PPH 4 GM,PLPCH,4.000 GM,PEACH,,4.0,GM,0.0
86,2023-02-23,202302,1,124618740,31101010058,1676794233802,99764876,106,SUJAL FOODS PVT LTD-NEPAL,SUJAL BUBBLY BUBBLE GUM,SUJAL BUBBLY BUBBLE GUM-MINT PCN 480GM ,300.0,PCN,480GM ,,1676794233802-sujal foods pvt ltd-nepal-sujal bubbly bubble gum#3.png,RECODING,5,6,48361,106.37332,106,SUJAL FOODS PVT LTD-NEPAL,SUJAL,SUJAL BUBBLY BUBBLE GUM,SUJAL BUBBLY BUBBLE GUM-WATERMELON PPH 4 GM,PLPCH,4.000 GM,WATER MELON,,4.0,GM,0.0
86,2023-02-23,202302,1,124618740,31101010058,1676794233802,99764876,106,SUJAL FOODS PVT LTD-NEPAL,SUJAL BUBBLY BUBBLE GUM,SUJAL BUBBLY BUBBLE GUM-MINT PCN 480GM ,300.0,PCN,480GM ,,1676794233802-sujal foods pvt ltd-nepal-sujal bubbly bubble gum#3.png,RECODING,5,7,91827674,109.14075,106,SUJAL FOODS PVT LTD-NEPAL,SUJAL,SUJAL BUBBLY BUBBLE GUM,SUJAL BUBBLY BUBBLE GUM- STRAWBERRY PPH 4 GM,PLPCH,4.000 GM,STRAWBERRY,,4.0,GM,0.0
86,2023-02-23,202302,1,124618740,31101010058,1676794233802,99764876,106,SUJAL FOODS PVT LTD-NEPAL,SUJAL BUBBLY BUBBLE GUM,SUJAL BUBBLY BUBBLE GUM-MINT PCN 480GM ,300.0,PCN,480GM ,,1676794233802-sujal foods pvt ltd-nepal-sujal bubbly bubble gum#3.png,RECODING,5,8,99764837,112.015526,106,SUJAL FOODS PVT LTD-NEPAL,BUBBLE FUN,BUBBLE FUN,BUBBLE FUN- SOFT BUBBLE GUM PCN 625 GM,PLJAR,625.000 GM,UNSPECIFIED,,625.0,GM,200.0
86,2023-02-23,202302,1,124618740,31101010058,1676794233802,99764876,106,SUJAL FOODS PVT LTD-NEPAL,SUJAL BUBBLY BUBBLE GUM,SUJAL BUBBLY BUBBLE GUM-MINT PCN 480GM ,300.0,PCN,480GM ,,1676794233802-sujal foods pvt ltd-nepal-sujal bubbly bubble gum#3.png,RECODING,5,9,45945,118.10215,106,SUJAL FOODS PVT LTD-NEPAL,BUBBLE FUN,BUBBLE FUN,BUBBLE FUN- SOFT BUBBLE GUM PPH 3 GM,PLPCH,3.000 GM,UNSPECIFIED,,3.0,GM,0.0
86,2023-02-23,202302,1,124618740,31101010058,1676794233802,99764876,106,SUJAL FOODS PVT LTD-NEPAL,SUJAL BUBBLY BUBBLE GUM,SUJAL BUBBLY BUBBLE GUM-MINT PCN 480GM ,300.0,PCN,480GM ,,1676794233802-sujal foods pvt ltd-nepal-sujal bubbly bubble gum#3.png,RECODING,5,10,50962,122.69302,106,SUJAL FOODS PVT LTD-NEPAL,BUBBLE FUN,BUBBLE FUN,BUBBLE FUN- SOFT BUBBLE GUM PPH 2.8 GM,PLPCH,2.800 GM,UNSPECIFIED,,2.8,GM,0.0
87,2023-02-23,202302,2,122331327,31101020086,1677042929166,99764901,134,THAI VICTOR FOOD CO.LTD THAILAND,JOINER,JOINER MANGO\320ML\PBT\RS:140\THAI VI FOOD CO.LTD THAILANDCTOR,140.0,PBT,320ML,New SKU,1677042929166-thai victor food co-ltd thailand-joiner#3.png,RECODING,5,1,99764901,82.480385,118,THAI VICTOR FOOD CO.LTD-THAILAND,JOINER,JOINER,MANGO PET 320 ML,PET,320.000 ML,MANGO,,320.0,ML,140.0
87,2023-02-23,202302,2,122331327,31101020086,1677042929166,99764901,134,THAI VICTOR FOOD CO.LTD THAILAND,JOINER,JOINER MANGO\320ML\PBT\RS:140\THAI VI FOOD CO.LTD THAILANDCTOR,140.0,PBT,320ML,New SKU,1677042929166-thai victor food co-ltd thailand-joiner#3.png,RECODING,5,2,99765055,113.28627,118,THAI VICTOR FOOD CO.LTD-THAILAND,JOINER,JOINER,PINEAPPLE PET 320 ML,PET,320.000 ML,PINEAPPLE,,320.0,ML,150.0
87,2023-02-23,202302,2,122331327,31101020086,1677042929166,99764901,134,THAI VICTOR FOOD CO.LTD THAILAND,JOINER,JOINER MANGO\320ML\PBT\RS:140\THAI VI FOOD CO.LTD THAILANDCTOR,140.0,PBT,320ML,New SKU,1677042929166-thai victor food co-ltd thailand-joiner#3.png,RECODING,5,3,99764902,118.241585,118,THAI VICTOR FOOD CO.LTD-THAILAND,JOINER,JOINER,PEACH PET 320 ML,PET,320.000 ML,PEACH,,320.0,ML,140.0
87,2023-02-23,202302,2,122331327,31101020086,1677042929166,99764901,134,THAI VICTOR FOOD CO.LTD THAILAND,JOINER,JOINER MANGO\320ML\PBT\RS:140\THAI VI FOOD CO.LTD THAILANDCTOR,140.0,PBT,320ML,New SKU,1677042929166-thai victor food co-ltd thailand-joiner#3.png,RECODING,5,4,99764904,118.71425,118,THAI VICTOR FOOD CO.LTD-THAILAND,JOINER,JOINER,POMEGRANATE PET 320 ML,PET,320.000 ML,POMEGRANATE,,320.0,ML,140.0
87,2023-02-23,202302,2,122331327,31101020086,1677042929166,99764901,134,THAI VICTOR FOOD CO.LTD THAILAND,JOINER,JOINER MANGO\320ML\PBT\RS:140\THAI VI FOOD CO.LTD THAILANDCTOR,140.0,PBT,320ML,New SKU,1677042929166-thai victor food co-ltd thailand-joiner#3.png,RECODING,5,5,99765049,121.93029,118,THAI VICTOR FOOD CO.LTD-THAILAND,JOINER,JOINER,ORANGE PET 320 ML,PET,320.000 ML,ORANGE,,320.0,ML,150.0
87,2023-02-23,202302,2,122331327,31101020086,1677042929166,99764901,134,THAI VICTOR FOOD CO.LTD THAILAND,JOINER,JOINER MANGO\320ML\PBT\RS:140\THAI VI FOOD CO.LTD THAILANDCTOR,140.0,PBT,320ML,New SKU,1677042929166-thai victor food co-ltd thailand-joiner#3.png,RECODING,5,6,99765048,123.653465,118,THAI VICTOR FOOD CO.LTD-THAILAND,JOINER,JOINER,RED APPLE PET 320 ML,PET,320.000 ML,APPLE,,320.0,ML,150.0
87,2023-02-23,202302,2,122331327,31101020086,1677042929166,99764901,134,THAI VICTOR FOOD CO.LTD THAILAND,JOINER,JOINER MANGO\320ML\PBT\RS:140\THAI VI FOOD CO.LTD THAILANDCTOR,140.0,PBT,320ML,New SKU,1677042929166-thai victor food co-ltd thailand-joiner#3.png,RECODING,5,7,99765053,124.99242,118,THAI VICTOR FOOD CO.LTD-THAILAND,JOINER,JOINER,CANTALOUPE PET 320 ML,PET,320.000 ML,CANTALOUPE,,320.0,ML,150.0
87,2023-02-23,202302,2,122331327,31101020086,1677042929166,99764901,134,THAI VICTOR FOOD CO.LTD THAILAND,JOINER,JOINER MANGO\320ML\PBT\RS:140\THAI VI FOOD CO.LTD THAILANDCTOR,140.0,PBT,320ML,New SKU,1677042929166-thai victor food co-ltd thailand-joiner#3.png,RECODING,5,8,99764900,125.66909,118,THAI VICTOR FOOD CO.LTD-THAILAND,JOINER,JOINER,STRAWBERRY PET 320 ML,PET,320.000 ML,STRAWBERRY,,320.0,ML,140.0
87,2023-02-23,202302,2,122331327,31101020086,1677042929166,99764901,134,THAI VICTOR FOOD CO.LTD THAILAND,JOINER,JOINER MANGO\320ML\PBT\RS:140\THAI VI FOOD CO.LTD THAILANDCTOR,140.0,PBT,320ML,New SKU,1677042929166-thai victor food co-ltd thailand-joiner#3.png,RECODING,5,9,99765052,125.85846,118,THAI VICTOR FOOD CO.LTD-THAILAND,JOINER,JOINER,LYCHEE PET 320 ML,PET,320.000 ML,LYCHEE,,320.0,ML,150.0
87,2023-02-23,202302,2,122331327,31101020086,1677042929166,99764901,134,THAI VICTOR FOOD CO.LTD THAILAND,JOINER,JOINER MANGO\320ML\PBT\RS:140\THAI VI FOOD CO.LTD THAILANDCTOR,140.0,PBT,320ML,New SKU,1677042929166-thai victor food co-ltd thailand-joiner#3.png,RECODING,5,10,99764899,126.721855,118,THAI VICTOR FOOD CO.LTD-THAILAND,JOINER,JOINER,BLACK CURRANT PET 320 ML,PET,320.000 ML,BLACK CURRANT,,320.0,ML,140.0
88,2023-02-23,202302,2,122331327,31101020086,1677044023369,99764900,134,THAI VICTOR FOOD CO.LTD THAILAND,JOINER,JOINER STRAWBERRY\320ML\PBT\RS:140\THAI VICTOR FOOD CO.LTD THAULAND,140.0,PBT,320ML,New SKU,1677044023369-thai victor food co-ltd thailand-joiner#3.png,RECODING,5,1,99764900,83.26906,118,THAI VICTOR FOOD CO.LTD-THAILAND,JOINER,JOINER,STRAWBERRY PET 320 ML,PET,320.000 ML,STRAWBERRY,,320.0,ML,140.0
88,2023-02-23,202302,2,122331327,31101020086,1677044023369,99764900,134,THAI VICTOR FOOD CO.LTD THAILAND,JOINER,JOINER STRAWBERRY\320ML\PBT\RS:140\THAI VICTOR FOOD CO.LTD THAULAND,140.0,PBT,320ML,New SKU,1677044023369-thai victor food co-ltd thailand-joiner#3.png,RECODING,5,2,99764902,113.99138,118,THAI VICTOR FOOD CO.LTD-THAILAND,JOINER,JOINER,PEACH PET 320 ML,PET,320.000 ML,PEACH,,320.0,ML,140.0
88,2023-02-23,202302,2,122331327,31101020086,1677044023369,99764900,134,THAI VICTOR FOOD CO.LTD THAILAND,JOINER,JOINER STRAWBERRY\320ML\PBT\RS:140\THAI VICTOR FOOD CO.LTD THAULAND,140.0,PBT,320ML,New SKU,1677044023369-thai victor food co-ltd thailand-joiner#3.png,RECODING,5,3,99765049,114.10136,118,THAI VICTOR FOOD CO.LTD-THAILAND,JOINER,JOINER,ORANGE PET 320 ML,PET,320.000 ML,ORANGE,,320.0,ML,150.0
88,2023-02-23,202302,2,122331327,31101020086,1677044023369,99764900,134,THAI VICTOR FOOD CO.LTD THAILAND,JOINER,JOINER STRAWBERRY\320ML\PBT\RS:140\THAI VICTOR FOOD CO.LTD THAULAND,140.0,PBT,320ML,New SKU,1677044023369-thai victor food co-ltd thailand-joiner#3.png,RECODING,5,4,99764904,123.6232,118,THAI VICTOR FOOD CO.LTD-THAILAND,JOINER,JOINER,POMEGRANATE PET 320 ML,PET,320.000 ML,POMEGRANATE,,320.0,ML,140.0
88,2023-02-23,202302,2,122331327,31101020086,1677044023369,99764900,134,THAI VICTOR FOOD CO.LTD THAILAND,JOINER,JOINER STRAWBERRY\320ML\PBT\RS:140\THAI VICTOR FOOD CO.LTD THAULAND,140.0,PBT,320ML,New SKU,1677044023369-thai victor food co-ltd thailand-joiner#3.png,RECODING,5,5,99765055,124.404625,118,THAI VICTOR FOOD CO.LTD-THAILAND,JOINER,JOINER,PINEAPPLE PET 320 ML,PET,320.000 ML,PINEAPPLE,,320.0,ML,150.0
88,2023-02-23,202302,2,122331327,31101020086,1677044023369,99764900,134,THAI VICTOR FOOD CO.LTD THAILAND,JOINER,JOINER STRAWBERRY\320ML\PBT\RS:140\THAI VICTOR FOOD CO.LTD THAULAND,140.0,PBT,320ML,New SKU,1677044023369-thai victor food co-ltd thailand-joiner#3.png,RECODING,5,6,99764899,127.18842,118,THAI VICTOR FOOD CO.LTD-THAILAND,JOINER,JOINER,BLACK CURRANT PET 320 ML,PET,320.000 ML,BLACK CURRANT,,320.0,ML,140.0
88,2023-02-23,202302,2,122331327,31101020086,1677044023369,99764900,134,THAI VICTOR FOOD CO.LTD THAILAND,JOINER,JOINER STRAWBERRY\320ML\PBT\RS:140\THAI VICTOR FOOD CO.LTD THAULAND,140.0,PBT,320ML,New SKU,1677044023369-thai victor food co-ltd thailand-joiner#3.png,RECODING,5,7,99765053,128.96109,118,THAI VICTOR FOOD CO.LTD-THAILAND,JOINER,JOINER,CANTALOUPE PET 320 ML,PET,320.000 ML,CANTALOUPE,,320.0,ML,150.0
88,2023-02-23,202302,2,122331327,31101020086,1677044023369,99764900,134,THAI VICTOR FOOD CO.LTD THAILAND,JOINER,JOINER STRAWBERRY\320ML\PBT\RS:140\THAI VICTOR FOOD CO.LTD THAULAND,140.0,PBT,320ML,New SKU,1677044023369-thai victor food co-ltd thailand-joiner#3.png,RECODING,5,8,99764903,130.20883,118,THAI VICTOR FOOD CO.LTD-THAILAND,JOINER,JOINER,GRAPE PET 320 ML,PET,320.000 ML,GRAPE,,320.0,ML,140.0
88,2023-02-23,202302,2,122331327,31101020086,1677044023369,99764900,134,THAI VICTOR FOOD CO.LTD THAILAND,JOINER,JOINER STRAWBERRY\320ML\PBT\RS:140\THAI VICTOR FOOD CO.LTD THAULAND,140.0,PBT,320ML,New SKU,1677044023369-thai victor food co-ltd thailand-joiner#3.png,RECODING,5,9,99765052,130.2451,118,THAI VICTOR FOOD CO.LTD-THAILAND,JOINER,JOINER,LYCHEE PET 320 ML,PET,320.000 ML,LYCHEE,,320.0,ML,150.0
88,2023-02-23,202302,2,122331327,31101020086,1677044023369,99764900,134,THAI VICTOR FOOD CO.LTD THAILAND,JOINER,JOINER STRAWBERRY\320ML\PBT\RS:140\THAI VICTOR FOOD CO.LTD THAULAND,140.0,PBT,320ML,New SKU,1677044023369-thai victor food co-ltd thailand-joiner#3.png,RECODING,5,10,99765048,134.09375,118,THAI VICTOR FOOD CO.LTD-THAILAND,JOINER,JOINER,RED APPLE PET 320 ML,PET,320.000 ML,APPLE,,320.0,ML,150.0
89,2023-02-23,202302,2,122331327,31101020086,1677044307894,99764899,134,THAI VICTOR FOOD CO.LTD THAILAND,JOINER,JOINER BLACKCURRANT\320ML\PBT\RS:140\THAI VICTOR FOOD CO LTD THAILAND,140.0,PBT,320ML,New SKU,1677044307894-thai victor food co-ltd thailand-joiner#3.png,RECODING,5,1,99764899,91.080246,118,THAI VICTOR FOOD CO.LTD-THAILAND,JOINER,JOINER,BLACK CURRANT PET 320 ML,PET,320.000 ML,BLACK CURRANT,,320.0,ML,140.0
89,2023-02-23,202302,2,122331327,31101020086,1677044307894,99764899,134,THAI VICTOR FOOD CO.LTD THAILAND,JOINER,JOINER BLACKCURRANT\320ML\PBT\RS:140\THAI VICTOR FOOD CO LTD THAILAND,140.0,PBT,320ML,New SKU,1677044307894-thai victor food co-ltd thailand-joiner#3.png,RECODING,5,2,99765052,130.55331,118,THAI VICTOR FOOD CO.LTD-THAILAND,JOINER,JOINER,LYCHEE PET 320 ML,PET,320.000 ML,LYCHEE,,320.0,ML,150.0
89,2023-02-23,202302,2,122331327,31101020086,1677044307894,99764899,134,THAI VICTOR FOOD CO.LTD THAILAND,JOINER,JOINER BLACKCURRANT\320ML\PBT\RS:140\THAI VICTOR FOOD CO LTD THAILAND,140.0,PBT,320ML,New SKU,1677044307894-thai victor food co-ltd thailand-joiner#3.png,RECODING,5,3,99764904,130.92792,118,THAI VICTOR FOOD CO.LTD-THAILAND,JOINER,JOINER,POMEGRANATE PET 320 ML,PET,320.000 ML,POMEGRANATE,,320.0,ML,140.0
89,2023-02-23,202302,2,122331327,31101020086,1677044307894,99764899,134,THAI VICTOR FOOD CO.LTD THAILAND,JOINER,JOINER BLACKCURRANT\320ML\PBT\RS:140\THAI VICTOR FOOD CO LTD THAILAND,140.0,PBT,320ML,New SKU,1677044307894-thai victor food co-ltd thailand-joiner#3.png,RECODING,5,4,99764902,131.20312,118,THAI VICTOR FOOD CO.LTD-THAILAND,JOINER,JOINER,PEACH PET 320 ML,PET,320.000 ML,PEACH,,320.0,ML,140.0
89,2023-02-23,202302,2,122331327,31101020086,1677044307894,99764899,134,THAI VICTOR FOOD CO.LTD THAILAND,JOINER,JOINER BLACKCURRANT\320ML\PBT\RS:140\THAI VICTOR FOOD CO LTD THAILAND,140.0,PBT,320ML,New SKU,1677044307894-thai victor food co-ltd thailand-joiner#3.png,RECODING,5,5,99765049,132.31155,118,THAI VICTOR FOOD CO.LTD-THAILAND,JOINER,JOINER,ORANGE PET 320 ML,PET,320.000 ML,ORANGE,,320.0,ML,150.0
89,2023-02-23,202302,2,122331327,31101020086,1677044307894,99764899,134,THAI VICTOR FOOD CO.LTD THAILAND,JOINER,JOINER BLACKCURRANT\320ML\PBT\RS:140\THAI VICTOR FOOD CO LTD THAILAND,140.0,PBT,320ML,New SKU,1677044307894-thai victor food co-ltd thailand-joiner#3.png,RECODING,5,6,99765053,133.79396,118,THAI VICTOR FOOD CO.LTD-THAILAND,JOINER,JOINER,CANTALOUPE PET 320 ML,PET,320.000 ML,CANTALOUPE,,320.0,ML,150.0
89,2023-02-23,202302,2,122331327,31101020086,1677044307894,99764899,134,THAI VICTOR FOOD CO.LTD THAILAND,JOINER,JOINER BLACKCURRANT\320ML\PBT\RS:140\THAI VICTOR FOOD CO LTD THAILAND,140.0,PBT,320ML,New SKU,1677044307894-thai victor food co-ltd thailand-joiner#3.png,RECODING,5,7,99765055,138.13951,118,THAI VICTOR FOOD CO.LTD-THAILAND,JOINER,JOINER,PINEAPPLE PET 320 ML,PET,320.000 ML,PINEAPPLE,,320.0,ML,150.0
89,2023-02-23,202302,2,122331327,31101020086,1677044307894,99764899,134,THAI VICTOR FOOD CO.LTD THAILAND,JOINER,JOINER BLACKCURRANT\320ML\PBT\RS:140\THAI VICTOR FOOD CO LTD THAILAND,140.0,PBT,320ML,New SKU,1677044307894-thai victor food co-ltd thailand-joiner#3.png,RECODING,5,8,99764903,140.79025,118,THAI VICTOR FOOD CO.LTD-THAILAND,JOINER,JOINER,GRAPE PET 320 ML,PET,320.000 ML,GRAPE,,320.0,ML,140.0
89,2023-02-23,202302,2,122331327,31101020086,1677044307894,99764899,134,THAI VICTOR FOOD CO.LTD THAILAND,JOINER,JOINER BLACKCURRANT\320ML\PBT\RS:140\THAI VICTOR FOOD CO LTD THAILAND,140.0,PBT,320ML,New SKU,1677044307894-thai victor food co-ltd thailand-joiner#3.png,RECODING,5,9,99764901,141.29047,118,THAI VICTOR FOOD CO.LTD-THAILAND,JOINER,JOINER,MANGO PET 320 ML,PET,320.000 ML,MANGO,,320.0,ML,140.0
89,2023-02-23,202302,2,122331327,31101020086,1677044307894,99764899,134,THAI VICTOR FOOD CO.LTD THAILAND,JOINER,JOINER BLACKCURRANT\320ML\PBT\RS:140\THAI VICTOR FOOD CO LTD THAILAND,140.0,PBT,320ML,New SKU,1677044307894-thai victor food co-ltd thailand-joiner#3.png,RECODING,5,10,99764900,141.7926,118,THAI VICTOR FOOD CO.LTD-THAILAND,JOINER,JOINER,STRAWBERRY PET 320 ML,PET,320.000 ML,STRAWBERRY,,320.0,ML,140.0
90,2023-02-23,202302,2,122331327,31101020086,1677043265148,99764902,134,THAI VICTOR FOOD CO.LTD THAILAND,JOINER,JOINER PEACH\320ML\PBT\RS:140\THAI VICTOR FOOD CO.LTD THAILAND,140.0,PBT,320ML,New SKU,1677043265148-thai victor food co-ltd thailand-joiner#3.png,RECODING,5,1,99764902,82.90765,118,THAI VICTOR FOOD CO.LTD-THAILAND,JOINER,JOINER,PEACH PET 320 ML,PET,320.000 ML,PEACH,,320.0,ML,140.0
90,2023-02-23,202302,2,122331327,31101020086,1677043265148,99764902,134,THAI VICTOR FOOD CO.LTD THAILAND,JOINER,JOINER PEACH\320ML\PBT\RS:140\THAI VICTOR FOOD CO.LTD THAILAND,140.0,PBT,320ML,New SKU,1677043265148-thai victor food co-ltd thailand-joiner#3.png,RECODING,5,2,99765055,124.957375,118,THAI VICTOR FOOD CO.LTD-THAILAND,JOINER,JOINER,PINEAPPLE PET 320 ML,PET,320.000 ML,PINEAPPLE,,320.0,ML,150.0
90,2023-02-23,202302,2,122331327,31101020086,1677043265148,99764902,134,THAI VICTOR FOOD CO.LTD THAILAND,JOINER,JOINER PEACH\320ML\PBT\RS:140\THAI VICTOR FOOD CO.LTD THAILAND,140.0,PBT,320ML,New SKU,1677043265148-thai victor food co-ltd thailand-joiner#3.png,RECODING,5,3,99765049,125.65082,118,THAI VICTOR FOOD CO.LTD-THAILAND,JOINER,JOINER,ORANGE PET 320 ML,PET,320.000 ML,ORANGE,,320.0,ML,150.0
90,2023-02-23,202302,2,122331327,31101020086,1677043265148,99764902,134,THAI VICTOR FOOD CO.LTD THAILAND,JOINER,JOINER PEACH\320ML\PBT\RS:140\THAI VICTOR FOOD CO.LTD THAILAND,140.0,PBT,320ML,New SKU,1677043265148-thai victor food co-ltd thailand-joiner#3.png,RECODING,5,4,99764900,129.44067,118,THAI VICTOR FOOD CO.LTD-THAILAND,JOINER,JOINER,STRAWBERRY PET 320 ML,PET,320.000 ML,STRAWBERRY,,320.0,ML,140.0
90,2023-02-23,202302,2,122331327,31101020086,1677043265148,99764902,134,THAI VICTOR FOOD CO.LTD THAILAND,JOINER,JOINER PEACH\320ML\PBT\RS:140\THAI VICTOR FOOD CO.LTD THAILAND,140.0,PBT,320ML,New SKU,1677043265148-thai victor food co-ltd thailand-joiner#3.png,RECODING,5,5,99764904,133.0317,118,THAI VICTOR FOOD CO.LTD-THAILAND,JOINER,JOINER,POMEGRANATE PET 320 ML,PET,320.000 ML,POMEGRANATE,,320.0,ML,140.0
90,2023-02-23,202302,2,122331327,31101020086,1677043265148,99764902,134,THAI VICTOR FOOD CO.LTD THAILAND,JOINER,JOINER PEACH\320ML\PBT\RS:140\THAI VICTOR FOOD CO.LTD THAILAND,140.0,PBT,320ML,New SKU,1677043265148-thai victor food co-ltd thailand-joiner#3.png,RECODING,5,6,99764899,133.45181,118,THAI VICTOR FOOD CO.LTD-THAILAND,JOINER,JOINER,BLACK CURRANT PET 320 ML,PET,320.000 ML,BLACK CURRANT,,320.0,ML,140.0
90,2023-02-23,202302,2,122331327,31101020086,1677043265148,99764902,134,THAI VICTOR FOOD CO.LTD THAILAND,JOINER,JOINER PEACH\320ML\PBT\RS:140\THAI VICTOR FOOD CO.LTD THAILAND,140.0,PBT,320ML,New SKU,1677043265148-thai victor food co-ltd thailand-joiner#3.png,RECODING,5,7,99765053,139.53162,118,THAI VICTOR FOOD CO.LTD-THAILAND,JOINER,JOINER,CANTALOUPE PET 320 ML,PET,320.000 ML,CANTALOUPE,,320.0,ML,150.0
90,2023-02-23,202302,2,122331327,31101020086,1677043265148,99764902,134,THAI VICTOR FOOD CO.LTD THAILAND,JOINER,JOINER PEACH\320ML\PBT\RS:140\THAI VICTOR FOOD CO.LTD THAILAND,140.0,PBT,320ML,New SKU,1677043265148-thai victor food co-ltd thailand-joiner#3.png,RECODING,5,8,99765048,142.22081,118,THAI VICTOR FOOD CO.LTD-THAILAND,JOINER,JOINER,RED APPLE PET 320 ML,PET,320.000 ML,APPLE,,320.0,ML,150.0
90,2023-02-23,202302,2,122331327,31101020086,1677043265148,99764902,134,THAI VICTOR FOOD CO.LTD THAILAND,JOINER,JOINER PEACH\320ML\PBT\RS:140\THAI VICTOR FOOD CO.LTD THAILAND,140.0,PBT,320ML,New SKU,1677043265148-thai victor food co-ltd thailand-joiner#3.png,RECODING,5,9,99765052,143.3582,118,THAI VICTOR FOOD CO.LTD-THAILAND,JOINER,JOINER,LYCHEE PET 320 ML,PET,320.000 ML,LYCHEE,,320.0,ML,150.0
90,2023-02-23,202302,2,122331327,31101020086,1677043265148,99764902,134,THAI VICTOR FOOD CO.LTD THAILAND,JOINER,JOINER PEACH\320ML\PBT\RS:140\THAI VICTOR FOOD CO.LTD THAILAND,140.0,PBT,320ML,New SKU,1677043265148-thai victor food co-ltd thailand-joiner#3.png,RECODING,5,10,99764901,144.78625,118,THAI VICTOR FOOD CO.LTD-THAILAND,JOINER,JOINER,MANGO PET 320 ML,PET,320.000 ML,MANGO,,320.0,ML,140.0
91,2023-02-23,202302,2,122331327,31101020086,1677043953554,99764903,134,THAI VICTOR FOOD CO.LTD THAILAND,JOINER,JOINER GRAPE\320ML\PBT\RS:140\THAI VICTOR FOOD CO.LTD THAILAND,140.0,PBT,320ML,New SKU,1677043953554-thai victor food co-ltd thailand-joiner#3.png,RECODING,5,1,99764903,88.254135,118,THAI VICTOR FOOD CO.LTD-THAILAND,JOINER,JOINER,GRAPE PET 320 ML,PET,320.000 ML,GRAPE,,320.0,ML,140.0
91,2023-02-23,202302,2,122331327,31101020086,1677043953554,99764903,134,THAI VICTOR FOOD CO.LTD THAILAND,JOINER,JOINER GRAPE\320ML\PBT\RS:140\THAI VICTOR FOOD CO.LTD THAILAND,140.0,PBT,320ML,New SKU,1677043953554-thai victor food co-ltd thailand-joiner#3.png,RECODING,5,2,99764899,116.41333,118,THAI VICTOR FOOD CO.LTD-THAILAND,JOINER,JOINER,BLACK CURRANT PET 320 ML,PET,320.000 ML,BLACK CURRANT,,320.0,ML,140.0
91,2023-02-23,202302,2,122331327,31101020086,1677043953554,99764903,134,THAI VICTOR FOOD CO.LTD THAILAND,JOINER,JOINER GRAPE\320ML\PBT\RS:140\THAI VICTOR FOOD CO.LTD THAILAND,140.0,PBT,320ML,New SKU,1677043953554-thai victor food co-ltd thailand-joiner#3.png,RECODING,5,3,99764904,117.15709,118,THAI VICTOR FOOD CO.LTD-THAILAND,JOINER,JOINER,POMEGRANATE PET 320 ML,PET,320.000 ML,POMEGRANATE,,320.0,ML,140.0
91,2023-02-23,202302,2,122331327,31101020086,1677043953554,99764903,134,THAI VICTOR FOOD CO.LTD THAILAND,JOINER,JOINER GRAPE\320ML\PBT\RS:140\THAI VICTOR FOOD CO.LTD THAILAND,140.0,PBT,320ML,New SKU,1677043953554-thai victor food co-ltd thailand-joiner#3.png,RECODING,5,4,99765049,118.40834,118,THAI VICTOR FOOD CO.LTD-THAILAND,JOINER,JOINER,ORANGE PET 320 ML,PET,320.000 ML,ORANGE,,320.0,ML,150.0
91,2023-02-23,202302,2,122331327,31101020086,1677043953554,99764903,134,THAI VICTOR FOOD CO.LTD THAILAND,JOINER,JOINER GRAPE\320ML\PBT\RS:140\THAI VICTOR FOOD CO.LTD THAILAND,140.0,PBT,320ML,New SKU,1677043953554-thai victor food co-ltd thailand-joiner#3.png,RECODING,5,5,99765053,119.15407,118,THAI VICTOR FOOD CO.LTD-THAILAND,JOINER,JOINER,CANTALOUPE PET 320 ML,PET,320.000 ML,CANTALOUPE,,320.0,ML,150.0
91,2023-02-23,202302,2,122331327,31101020086,1677043953554,99764903,134,THAI VICTOR FOOD CO.LTD THAILAND,JOINER,JOINER GRAPE\320ML\PBT\RS:140\THAI VICTOR FOOD CO.LTD THAILAND,140.0,PBT,320ML,New SKU,1677043953554-thai victor food co-ltd thailand-joiner#3.png,RECODING,5,6,99765055,122.13373,118,THAI VICTOR FOOD CO.LTD-THAILAND,JOINER,JOINER,PINEAPPLE PET 320 ML,PET,320.000 ML,PINEAPPLE,,320.0,ML,150.0
91,2023-02-23,202302,2,122331327,31101020086,1677043953554,99764903,134,THAI VICTOR FOOD CO.LTD THAILAND,JOINER,JOINER GRAPE\320ML\PBT\RS:140\THAI VICTOR FOOD CO.LTD THAILAND,140.0,PBT,320ML,New SKU,1677043953554-thai victor food co-ltd thailand-joiner#3.png,RECODING,5,7,99764902,122.51747,118,THAI VICTOR FOOD CO.LTD-THAILAND,JOINER,JOINER,PEACH PET 320 ML,PET,320.000 ML,PEACH,,320.0,ML,140.0
91,2023-02-23,202302,2,122331327,31101020086,1677043953554,99764903,134,THAI VICTOR FOOD CO.LTD THAILAND,JOINER,JOINER GRAPE\320ML\PBT\RS:140\THAI VICTOR FOOD CO.LTD THAILAND,140.0,PBT,320ML,New SKU,1677043953554-thai victor food co-ltd thailand-joiner#3.png,RECODING,5,8,99764900,123.69684,118,THAI VICTOR FOOD CO.LTD-THAILAND,JOINER,JOINER,STRAWBERRY PET 320 ML,PET,320.000 ML,STRAWBERRY,,320.0,ML,140.0
91,2023-02-23,202302,2,122331327,31101020086,1677043953554,99764903,134,THAI VICTOR FOOD CO.LTD THAILAND,JOINER,JOINER GRAPE\320ML\PBT\RS:140\THAI VICTOR FOOD CO.LTD THAILAND,140.0,PBT,320ML,New SKU,1677043953554-thai victor food co-ltd thailand-joiner#3.png,RECODING,5,9,99765052,124.40981,118,THAI VICTOR FOOD CO.LTD-THAILAND,JOINER,JOINER,LYCHEE PET 320 ML,PET,320.000 ML,LYCHEE,,320.0,ML,150.0
91,2023-02-23,202302,2,122331327,31101020086,1677043953554,99764903,134,THAI VICTOR FOOD CO.LTD THAILAND,JOINER,JOINER GRAPE\320ML\PBT\RS:140\THAI VICTOR FOOD CO.LTD THAILAND,140.0,PBT,320ML,New SKU,1677043953554-thai victor food co-ltd thailand-joiner#3.png,RECODING,5,10,99765048,131.40079,118,THAI VICTOR FOOD CO.LTD-THAILAND,JOINER,JOINER,RED APPLE PET 320 ML,PET,320.000 ML,APPLE,,320.0,ML,150.0
92,2023-02-23,202302,2,122331327,31101020086,1677043185001,99764904,134,THAI VICTOR FOOD CO.LTD THAILAND,JOINER,JOINER POMEGRANATE\320ML\PBT\RS140\THAI VICTOR FOOD CO.LTD THAILAND,140.0,PBT,320ML,New SKU,1677043185001-thai victor food co-ltd thailand-joiner#3.png,RECODING,5,1,99764904,75.3233,118,THAI VICTOR FOOD CO.LTD-THAILAND,JOINER,JOINER,POMEGRANATE PET 320 ML,PET,320.000 ML,POMEGRANATE,,320.0,ML,140.0
92,2023-02-23,202302,2,122331327,31101020086,1677043185001,99764904,134,THAI VICTOR FOOD CO.LTD THAILAND,JOINER,JOINER POMEGRANATE\320ML\PBT\RS140\THAI VICTOR FOOD CO.LTD THAILAND,140.0,PBT,320ML,New SKU,1677043185001-thai victor food co-ltd thailand-joiner#3.png,RECODING,5,2,99765055,126.86085,118,THAI VICTOR FOOD CO.LTD-THAILAND,JOINER,JOINER,PINEAPPLE PET 320 ML,PET,320.000 ML,PINEAPPLE,,320.0,ML,150.0
92,2023-02-23,202302,2,122331327,31101020086,1677043185001,99764904,134,THAI VICTOR FOOD CO.LTD THAILAND,JOINER,JOINER POMEGRANATE\320ML\PBT\RS140\THAI VICTOR FOOD CO.LTD THAILAND,140.0,PBT,320ML,New SKU,1677043185001-thai victor food co-ltd thailand-joiner#3.png,RECODING,5,3,99765049,128.25638,118,THAI VICTOR FOOD CO.LTD-THAILAND,JOINER,JOINER,ORANGE PET 320 ML,PET,320.000 ML,ORANGE,,320.0,ML,150.0
92,2023-02-23,202302,2,122331327,31101020086,1677043185001,99764904,134,THAI VICTOR FOOD CO.LTD THAILAND,JOINER,JOINER POMEGRANATE\320ML\PBT\RS140\THAI VICTOR FOOD CO.LTD THAILAND,140.0,PBT,320ML,New SKU,1677043185001-thai victor food co-ltd thailand-joiner#3.png,RECODING,5,4,99765053,128.65273,118,THAI VICTOR FOOD CO.LTD-THAILAND,JOINER,JOINER,CANTALOUPE PET 320 ML,PET,320.000 ML,CANTALOUPE,,320.0,ML,150.0
92,2023-02-23,202302,2,122331327,31101020086,1677043185001,99764904,134,THAI VICTOR FOOD CO.LTD THAILAND,JOINER,JOINER POMEGRANATE\320ML\PBT\RS140\THAI VICTOR FOOD CO.LTD THAILAND,140.0,PBT,320ML,New SKU,1677043185001-thai victor food co-ltd thailand-joiner#3.png,RECODING,5,5,99764902,129.98518,118,THAI VICTOR FOOD CO.LTD-THAILAND,JOINER,JOINER,PEACH PET 320 ML,PET,320.000 ML,PEACH,,320.0,ML,140.0
92,2023-02-23,202302,2,122331327,31101020086,1677043185001,99764904,134,THAI VICTOR FOOD CO.LTD THAILAND,JOINER,JOINER POMEGRANATE\320ML\PBT\RS140\THAI VICTOR FOOD CO.LTD THAILAND,140.0,PBT,320ML,New SKU,1677043185001-thai victor food co-ltd thailand-joiner#3.png,RECODING,5,6,99764899,133.76569,118,THAI VICTOR FOOD CO.LTD-THAILAND,JOINER,JOINER,BLACK CURRANT PET 320 ML,PET,320.000 ML,BLACK CURRANT,,320.0,ML,140.0
92,2023-02-23,202302,2,122331327,31101020086,1677043185001,99764904,134,THAI VICTOR FOOD CO.LTD THAILAND,JOINER,JOINER POMEGRANATE\320ML\PBT\RS140\THAI VICTOR FOOD CO.LTD THAILAND,140.0,PBT,320ML,New SKU,1677043185001-thai victor food co-ltd thailand-joiner#3.png,RECODING,5,7,99765052,135.45555,118,THAI VICTOR FOOD CO.LTD-THAILAND,JOINER,JOINER,LYCHEE PET 320 ML,PET,320.000 ML,LYCHEE,,320.0,ML,150.0
92,2023-02-23,202302,2,122331327,31101020086,1677043185001,99764904,134,THAI VICTOR FOOD CO.LTD THAILAND,JOINER,JOINER POMEGRANATE\320ML\PBT\RS140\THAI VICTOR FOOD CO.LTD THAILAND,140.0,PBT,320ML,New SKU,1677043185001-thai victor food co-ltd thailand-joiner#3.png,RECODING,5,8,99764900,136.81393,118,THAI VICTOR FOOD CO.LTD-THAILAND,JOINER,JOINER,STRAWBERRY PET 320 ML,PET,320.000 ML,STRAWBERRY,,320.0,ML,140.0
92,2023-02-23,202302,2,122331327,31101020086,1677043185001,99764904,134,THAI VICTOR FOOD CO.LTD THAILAND,JOINER,JOINER POMEGRANATE\320ML\PBT\RS140\THAI VICTOR FOOD CO.LTD THAILAND,140.0,PBT,320ML,New SKU,1677043185001-thai victor food co-ltd thailand-joiner#3.png,RECODING,5,9,99764903,138.31786,118,THAI VICTOR FOOD CO.LTD-THAILAND,JOINER,JOINER,GRAPE PET 320 ML,PET,320.000 ML,GRAPE,,320.0,ML,140.0
92,2023-02-23,202302,2,122331327,31101020086,1677043185001,99764904,134,THAI VICTOR FOOD CO.LTD THAILAND,JOINER,JOINER POMEGRANATE\320ML\PBT\RS140\THAI VICTOR FOOD CO.LTD THAILAND,140.0,PBT,320ML,New SKU,1677043185001-thai victor food co-ltd thailand-joiner#3.png,RECODING,5,10,99764901,139.84048,118,THAI VICTOR FOOD CO.LTD-THAILAND,JOINER,JOINER,MANGO PET 320 ML,PET,320.000 ML,MANGO,,320.0,ML,140.0
93,2023-02-23,202302,2,122591032,31101020032,1677038988589,99764454,134,CHABAA CO. LTD - THAILAND,CHABAA,CHABAA APPLE&GRAPE WITH ALOEVERA\230ML\CAN\RS:100\CHABAA BANKOK CO.LTD THAILAND,100.0,CAN,230ML,New SKU,1677038988589-chabaa co- ltd - thailand-chabaa#3.png,CROSS CODING,2,1,99764454,87.59984,118,CHABAA CO. LTD - THAILAND,CHABAA,CHABAA,APPLE & GRAPE WITH ALOEVERA CAN 230 ML,CAN,230.000 ML,MIXED FRUIT,,230.0,ML,100.0
93,2023-02-23,202302,2,122591032,31101020032,1677038988589,99764454,134,CHABAA CO. LTD - THAILAND,CHABAA,CHABAA APPLE&GRAPE WITH ALOEVERA\230ML\CAN\RS:100\CHABAA BANKOK CO.LTD THAILAND,100.0,CAN,230ML,New SKU,1677038988589-chabaa co- ltd - thailand-chabaa#3.png,CROSS CODING,2,2,20110624,97.01343,118,CHABAA CO. LTD - THAILAND,CHABAA,CHABAA,RED APPLE & WHITE GRAPE CAN 230 ML,CAN,230.000 ML,MIXED FRUIT,,230.0,ML,0.0
93,2023-02-23,202302,2,122591032,31101020032,1677038988589,99764454,134,CHABAA CO. LTD - THAILAND,CHABAA,CHABAA APPLE&GRAPE WITH ALOEVERA\230ML\CAN\RS:100\CHABAA BANKOK CO.LTD THAILAND,100.0,CAN,230ML,New SKU,1677038988589-chabaa co- ltd - thailand-chabaa#3.png,CROSS CODING,2,3,20110597,108.27059,118,CHABAA CO. LTD - THAILAND,CHABAA,CHABAA,APPLE & GRAPE TPK 1000 ML,TPK,1000.000 ML,MIXED FRUIT,,1000.0,ML,0.0
93,2023-02-23,202302,2,122591032,31101020032,1677038988589,99764454,134,CHABAA CO. LTD - THAILAND,CHABAA,CHABAA APPLE&GRAPE WITH ALOEVERA\230ML\CAN\RS:100\CHABAA BANKOK CO.LTD THAILAND,100.0,CAN,230ML,New SKU,1677038988589-chabaa co- ltd - thailand-chabaa#3.png,CROSS CODING,2,4,20110591,108.693726,118,CHABAA CO. LTD - THAILAND,CHABAA,CHABAA,APPLE CAN 230 ML,CAN,230.000 ML,APPLE,,230.0,ML,0.0
93,2023-02-23,202302,2,122591032,31101020032,1677038988589,99764454,134,CHABAA CO. LTD - THAILAND,CHABAA,CHABAA APPLE&GRAPE WITH ALOEVERA\230ML\CAN\RS:100\CHABAA BANKOK CO.LTD THAILAND,100.0,CAN,230ML,New SKU,1677038988589-chabaa co- ltd - thailand-chabaa#3.png,CROSS CODING,2,5,20110286,108.85881,118,CHABAA CO. LTD - THAILAND,CHABAA,CHABAA,APPLE CAN 240 ML,CAN,240.000 ML,APPLE,,240.0,ML,0.0
93,2023-02-23,202302,2,122591032,31101020032,1677038988589,99764454,134,CHABAA CO. LTD - THAILAND,CHABAA,CHABAA APPLE&GRAPE WITH ALOEVERA\230ML\CAN\RS:100\CHABAA BANKOK CO.LTD THAILAND,100.0,CAN,230ML,New SKU,1677038988589-chabaa co- ltd - thailand-chabaa#3.png,CROSS CODING,2,6,20124866,109.77236,118,CHABAA CO. LTD - THAILAND,CHABAA,CHABAA,ALOEVERA CAN 230 ML,CAN,230.000 ML,ALOEVERA,,230.0,ML,0.0
93,2023-02-23,202302,2,122591032,31101020032,1677038988589,99764454,134,CHABAA CO. LTD - THAILAND,CHABAA,CHABAA APPLE&GRAPE WITH ALOEVERA\230ML\CAN\RS:100\CHABAA BANKOK CO.LTD THAILAND,100.0,CAN,230ML,New SKU,1677038988589-chabaa co- ltd - thailand-chabaa#3.png,CROSS CODING,2,7,20120729,110.024284,118,CHABAA CO. LTD - THAILAND,CHABAA,CHABAA,RED APPLE CAN 230 ML,CAN,230.000 ML,APPLE,,230.0,ML,0.0
93,2023-02-23,202302,2,122591032,31101020032,1677038988589,99764454,134,CHABAA CO. LTD - THAILAND,CHABAA,CHABAA APPLE&GRAPE WITH ALOEVERA\230ML\CAN\RS:100\CHABAA BANKOK CO.LTD THAILAND,100.0,CAN,230ML,New SKU,1677038988589-chabaa co- ltd - thailand-chabaa#3.png,CROSS CODING,2,8,20110291,111.47478,118,CHABAA CO. LTD - THAILAND,CHABAA,CHABAA,RED APPLE CAN 240 ML,CAN,240.000 ML,APPLE,,240.0,ML,0.0
93,2023-02-23,202302,2,122591032,31101020032,1677038988589,99764454,134,CHABAA CO. LTD - THAILAND,CHABAA,CHABAA APPLE&GRAPE WITH ALOEVERA\230ML\CAN\RS:100\CHABAA BANKOK CO.LTD THAILAND,100.0,CAN,230ML,New SKU,1677038988589-chabaa co- ltd - thailand-chabaa#3.png,CROSS CODING,2,9,20110590,118.19693,118,CHABAA CO. LTD - THAILAND,CHABAA,CHABAA,GRAPE CAN 230 ML,CAN,230.000 ML,GRAPE,,230.0,ML,0.0
93,2023-02-23,202302,2,122591032,31101020032,1677038988589,99764454,134,CHABAA CO. LTD - THAILAND,CHABAA,CHABAA APPLE&GRAPE WITH ALOEVERA\230ML\CAN\RS:100\CHABAA BANKOK CO.LTD THAILAND,100.0,CAN,230ML,New SKU,1677038988589-chabaa co- ltd - thailand-chabaa#3.png,CROSS CODING,2,10,20110792,120.7274,118,CHABAA CO. LTD - THAILAND,CHABAA,CHABAA,RED GRAPE CAN 230 ML,CAN,230.000 ML,RED GRAPE,,230.0,ML,0.0
94,2023-02-23,202302,2,122591032,31101020032,1677038775638,99764905,134,CHABAA CO. LTD - THAILAND,CHABAA,CHABAA MANGO&PEACH WITH PEACH FLESH\230ML\CAN\RS:100\CHABAA BANKOK CO.LTD THAILAND,100.0,CAN,230ML,New SKU,1677038775638-chabaa co- ltd - thailand-chabaa#3.png,RECODING,5,1,99764905,74.33656,118,CHABAA CO. LTD - THAILAND,CHABAA,CHABAA,MANGO & PEACH WITH PEACH FLESH CAN 230 ML,CAN,230.000 ML,MIXED FRUIT,,230.0,ML,100.0
94,2023-02-23,202302,2,122591032,31101020032,1677038775638,99764905,134,CHABAA CO. LTD - THAILAND,CHABAA,CHABAA MANGO&PEACH WITH PEACH FLESH\230ML\CAN\RS:100\CHABAA BANKOK CO.LTD THAILAND,100.0,CAN,230ML,New SKU,1677038775638-chabaa co- ltd - thailand-chabaa#3.png,RECODING,5,2,20120972,83.24187,118,CHABAA CO. LTD - THAILAND,CHABAA,CHABAA,PEACH CAN 230 ML,CAN,230.000 ML,PEACH,,230.0,ML,0.0
94,2023-02-23,202302,2,122591032,31101020032,1677038775638,99764905,134,CHABAA CO. LTD - THAILAND,CHABAA,CHABAA MANGO&PEACH WITH PEACH FLESH\230ML\CAN\RS:100\CHABAA BANKOK CO.LTD THAILAND,100.0,CAN,230ML,New SKU,1677038775638-chabaa co- ltd - thailand-chabaa#3.png,RECODING,5,3,20110425,97.899536,118,CHABAA CO. LTD - THAILAND,CHABAA,CHABAA,PEACH&MANGO JUICE CAN 240 ML,CAN,240.000 ML,MIXED FRUIT,,240.0,ML,0.0
94,2023-02-23,202302,2,122591032,31101020032,1677038775638,99764905,134,CHABAA CO. LTD - THAILAND,CHABAA,CHABAA MANGO&PEACH WITH PEACH FLESH\230ML\CAN\RS:100\CHABAA BANKOK CO.LTD THAILAND,100.0,CAN,230ML,New SKU,1677038775638-chabaa co- ltd - thailand-chabaa#3.png,RECODING,5,4,20110561,106.038025,118,CHABAA CO. LTD - THAILAND,CHABAA,CHABAA,MANGO CAN 230 ML,CAN,230.000 ML,MANGO,,230.0,ML,0.0
94,2023-02-23,202302,2,122591032,31101020032,1677038775638,99764905,134,CHABAA CO. LTD - THAILAND,CHABAA,CHABAA MANGO&PEACH WITH PEACH FLESH\230ML\CAN\RS:100\CHABAA BANKOK CO.LTD THAILAND,100.0,CAN,230ML,New SKU,1677038775638-chabaa co- ltd - thailand-chabaa#3.png,RECODING,5,5,20110388,109.60944,118,CHABAA CO. LTD - THAILAND,CHABAA,CHABAA,PEACH&MANGO JUICE TPK 1000 ML,TPK,1000.000 ML,MIXED FRUIT,,1000.0,ML,0.0
94,2023-02-23,202302,2,122591032,31101020032,1677038775638,99764905,134,CHABAA CO. LTD - THAILAND,CHABAA,CHABAA MANGO&PEACH WITH PEACH FLESH\230ML\CAN\RS:100\CHABAA BANKOK CO.LTD THAILAND,100.0,CAN,230ML,New SKU,1677038775638-chabaa co- ltd - thailand-chabaa#3.png,RECODING,5,6,20110290,111.535,118,CHABAA CO. LTD - THAILAND,CHABAA,CHABAA,PINEAPPLE CAN 240 ML,CAN,240.000 ML,PINEAPPLE,,240.0,ML,0.0
94,2023-02-23,202302,2,122591032,31101020032,1677038775638,99764905,134,CHABAA CO. LTD - THAILAND,CHABAA,CHABAA MANGO&PEACH WITH PEACH FLESH\230ML\CAN\RS:100\CHABAA BANKOK CO.LTD THAILAND,100.0,CAN,230ML,New SKU,1677038775638-chabaa co- ltd - thailand-chabaa#3.png,RECODING,5,7,20110560,112.649994,118,CHABAA CO. LTD - THAILAND,CHABAA,CHABAA,PINEAPPLE CAN 230 ML,CAN,230.000 ML,PINEAPPLE,,230.0,ML,0.0
94,2023-02-23,202302,2,122591032,31101020032,1677038775638,99764905,134,CHABAA CO. LTD - THAILAND,CHABAA,CHABAA MANGO&PEACH WITH PEACH FLESH\230ML\CAN\RS:100\CHABAA BANKOK CO.LTD THAILAND,100.0,CAN,230ML,New SKU,1677038775638-chabaa co- ltd - thailand-chabaa#3.png,RECODING,5,8,20122983,116.055786,118,CHABAA CO. LTD - THAILAND,CHABAA,CHABAA,MANGO TPK 1000 ML,TPK,1000.000 ML,MANGO,,1000.0,ML,0.0
94,2023-02-23,202302,2,122591032,31101020032,1677038775638,99764905,134,CHABAA CO. LTD - THAILAND,CHABAA,CHABAA MANGO&PEACH WITH PEACH FLESH\230ML\CAN\RS:100\CHABAA BANKOK CO.LTD THAILAND,100.0,CAN,230ML,New SKU,1677038775638-chabaa co- ltd - thailand-chabaa#3.png,RECODING,5,9,20110592,116.5914,118,CHABAA CO. LTD - THAILAND,CHABAA,CHABAA,BANANA CAN 230 ML,CAN,230.000 ML,BANANA,,230.0,ML,0.0
94,2023-02-23,202302,2,122591032,31101020032,1677038775638,99764905,134,CHABAA CO. LTD - THAILAND,CHABAA,CHABAA MANGO&PEACH WITH PEACH FLESH\230ML\CAN\RS:100\CHABAA BANKOK CO.LTD THAILAND,100.0,CAN,230ML,New SKU,1677038775638-chabaa co- ltd - thailand-chabaa#3.png,RECODING,5,10,20110596,116.763885,118,CHABAA CO. LTD - THAILAND,CHABAA,CHABAA,MIXED FRUIT TPK 1000 ML,TPK,1000.000 ML,MIXED FRUIT,,1000.0,ML,0.0
95,2023-02-23,202302,2,122591032,31101020032,1677039192882,99764906,134,CHABAA CO. LTD - THAILAND,CHABAA,CHABAA COCONUT\230ML\CAN\RS:100\CHABAA BANKOK CO.LTD THAILAND,100.0,CAN,230ML,New SKU,1677039192882-chabaa co- ltd - thailand-chabaa#3.png,RECODING,5,1,99764906,80.043655,118,CHABAA CO. LTD - THAILAND,CHABAA,CHABAA,COCONUT CAN 230 ML,CAN,230.000 ML,COCONUT,,230.0,ML,100.0
95,2023-02-23,202302,2,122591032,31101020032,1677039192882,99764906,134,CHABAA CO. LTD - THAILAND,CHABAA,CHABAA COCONUT\230ML\CAN\RS:100\CHABAA BANKOK CO.LTD THAILAND,100.0,CAN,230ML,New SKU,1677039192882-chabaa co- ltd - thailand-chabaa#3.png,RECODING,5,2,20110287,82.29298,118,CHABAA CO. LTD - THAILAND,CHABAA,CHABAA,COCONUT CAN 240 ML,CAN,240.000 ML,COCONUT,,240.0,ML,0.0
95,2023-02-23,202302,2,122591032,31101020032,1677039192882,99764906,134,CHABAA CO. LTD - THAILAND,CHABAA,CHABAA COCONUT\230ML\CAN\RS:100\CHABAA BANKOK CO.LTD THAILAND,100.0,CAN,230ML,New SKU,1677039192882-chabaa co- ltd - thailand-chabaa#3.png,RECODING,5,3,48329,84.704895,118,CHABAA CO. LTD - THAILAND,CHABAA,CHABAA YOUNG,COCONUT CAN 230 ML,CAN,230.000 ML,COCONUT,,230.0,ML,0.0
95,2023-02-23,202302,2,122591032,31101020032,1677039192882,99764906,134,CHABAA CO. LTD - THAILAND,CHABAA,CHABAA COCONUT\230ML\CAN\RS:100\CHABAA BANKOK CO.LTD THAILAND,100.0,CAN,230ML,New SKU,1677039192882-chabaa co- ltd - thailand-chabaa#3.png,RECODING,5,4,20110290,123.463974,118,CHABAA CO. LTD - THAILAND,CHABAA,CHABAA,PINEAPPLE CAN 240 ML,CAN,240.000 ML,PINEAPPLE,,240.0,ML,0.0
95,2023-02-23,202302,2,122591032,31101020032,1677039192882,99764906,134,CHABAA CO. LTD - THAILAND,CHABAA,CHABAA COCONUT\230ML\CAN\RS:100\CHABAA BANKOK CO.LTD THAILAND,100.0,CAN,230ML,New SKU,1677039192882-chabaa co- ltd - thailand-chabaa#3.png,RECODING,5,5,20110592,123.806305,118,CHABAA CO. LTD - THAILAND,CHABAA,CHABAA,BANANA CAN 230 ML,CAN,230.000 ML,BANANA,,230.0,ML,0.0
95,2023-02-23,202302,2,122591032,31101020032,1677039192882,99764906,134,CHABAA CO. LTD - THAILAND,CHABAA,CHABAA COCONUT\230ML\CAN\RS:100\CHABAA BANKOK CO.LTD THAILAND,100.0,CAN,230ML,New SKU,1677039192882-chabaa co- ltd - thailand-chabaa#3.png,RECODING,5,6,20110560,124.118454,118,CHABAA CO. LTD - THAILAND,CHABAA,CHABAA,PINEAPPLE CAN 230 ML,CAN,230.000 ML,PINEAPPLE,,230.0,ML,0.0
95,2023-02-23,202302,2,122591032,31101020032,1677039192882,99764906,134,CHABAA CO. LTD - THAILAND,CHABAA,CHABAA COCONUT\230ML\CAN\RS:100\CHABAA BANKOK CO.LTD THAILAND,100.0,CAN,230ML,New SKU,1677039192882-chabaa co- ltd - thailand-chabaa#3.png,RECODING,5,7,20124867,125.73273,118,CHABAA CO. LTD - THAILAND,CHABAA,CHABAA,GUAVA CAN 240 ML,CAN,240.000 ML,GUAVA,,240.0,ML,0.0
95,2023-02-23,202302,2,122591032,31101020032,1677039192882,99764906,134,CHABAA CO. LTD - THAILAND,CHABAA,CHABAA COCONUT\230ML\CAN\RS:100\CHABAA BANKOK CO.LTD THAILAND,100.0,CAN,230ML,New SKU,1677039192882-chabaa co- ltd - thailand-chabaa#3.png,RECODING,5,8,20110680,128.22072,118,CHABAA CO. LTD - THAILAND,CHABAA,CHABAA,GUAVA CAN 230 ML,CAN,230.000 ML,GUAVA,,230.0,ML,0.0
95,2023-02-23,202302,2,122591032,31101020032,1677039192882,99764906,134,CHABAA CO. LTD - THAILAND,CHABAA,CHABAA COCONUT\230ML\CAN\RS:100\CHABAA BANKOK CO.LTD THAILAND,100.0,CAN,230ML,New SKU,1677039192882-chabaa co- ltd - thailand-chabaa#3.png,RECODING,5,9,20121042,132.52217,118,CHABAA CO. LTD - THAILAND,CHABAA,CHABAA,GUAVA TPK 1000 ML,TPK,1000.000 ML,GUAVA,,1000.0,ML,0.0
95,2023-02-23,202302,2,122591032,31101020032,1677039192882,99764906,134,CHABAA CO. LTD - THAILAND,CHABAA,CHABAA COCONUT\230ML\CAN\RS:100\CHABAA BANKOK CO.LTD THAILAND,100.0,CAN,230ML,New SKU,1677039192882-chabaa co- ltd - thailand-chabaa#3.png,RECODING,5,10,20110561,134.46884,118,CHABAA CO. LTD - THAILAND,CHABAA,CHABAA,MANGO CAN 230 ML,CAN,230.000 ML,MANGO,,230.0,ML,0.0
96,2023-02-23,202302,1,130216961,52303010013,1677041841852,99764911,123,SHIVANI DETERGENTS-INDIA,SARGAM PLUS,SARGAM PLUS/300GM/PPH/30GM FREE,27.0,PPH,300GM ,,1677041841852-shivani detergents-india-sargam plus#3.png,RECODING,5,1,47739,80.63395,123,SHIVANI DETERGENTS-INDIA,SARGAM,SARGAM PLUS,SARGAM PLUS-PPH 120 GM+30 GM FREE,PLPCH,120.000 GM,,,150.0,GM,0.0
96,2023-02-23,202302,1,130216961,52303010013,1677041841852,99764911,123,SHIVANI DETERGENTS-INDIA,SARGAM PLUS,SARGAM PLUS/300GM/PPH/30GM FREE,27.0,PPH,300GM ,,1677041841852-shivani detergents-india-sargam plus#3.png,RECODING,5,2,99764410,81.11773,123,SHIVANI DETERGENTS-INDIA,SARGAM,SARGAM PLUS,SARGAM PLUS-PPH 75 GM+25 GM FREE,PLPCH,75.000 GM,,,100.0,GM,8.0
96,2023-02-23,202302,1,130216961,52303010013,1677041841852,99764911,123,SHIVANI DETERGENTS-INDIA,SARGAM PLUS,SARGAM PLUS/300GM/PPH/30GM FREE,27.0,PPH,300GM ,,1677041841852-shivani detergents-india-sargam plus#3.png,RECODING,5,3,99763978,82.460815,123,SHIVANI DETERGENTS-INDIA,SARGAM,SARGAM PLUS,SARGAM PLUS-PPH 150 GM+50 GM FREE,PLPCH,150.000 GM,,,200.0,GM,20.0
96,2023-02-23,202302,1,130216961,52303010013,1677041841852,99764911,123,SHIVANI DETERGENTS-INDIA,SARGAM PLUS,SARGAM PLUS/300GM/PPH/30GM FREE,27.0,PPH,300GM ,,1677041841852-shivani detergents-india-sargam plus#3.png,RECODING,5,4,99764911,88.1577,123,SHIVANI DETERGENTS-INDIA,SARGAM,SARGAM PLUS,SARGAM PLUS-PPH 300 GM,PLPCH,300.000 GM,,,300.0,GM,27.0
96,2023-02-23,202302,1,130216961,52303010013,1677041841852,99764911,123,SHIVANI DETERGENTS-INDIA,SARGAM PLUS,SARGAM PLUS/300GM/PPH/30GM FREE,27.0,PPH,300GM ,,1677041841852-shivani detergents-india-sargam plus#3.png,RECODING,5,5,99763104,93.42793,123,SHIVANI DETERGENTS-INDIA,SARGAM,SARGAM SHINE,SARGAM SHINE-PPH 65 GM+10 GM FREE,PLPCH,65.000 GM,,,75.0,GM,10.0
96,2023-02-23,202302,1,130216961,52303010013,1677041841852,99764911,123,SHIVANI DETERGENTS-INDIA,SARGAM PLUS,SARGAM PLUS/300GM/PPH/30GM FREE,27.0,PPH,300GM ,,1677041841852-shivani detergents-india-sargam plus#3.png,RECODING,5,6,48723,94.85599,123,SHIVANI DETERGENTS-INDIA,SARGAM,SARGAM SHINE,SARGAM SHINE-PPH 90 GM+10 GM FREE,PLPCH,90.000 GM,,,100.0,GM,0.0
96,2023-02-23,202302,1,130216961,52303010013,1677041841852,99764911,123,SHIVANI DETERGENTS-INDIA,SARGAM PLUS,SARGAM PLUS/300GM/PPH/30GM FREE,27.0,PPH,300GM ,,1677041841852-shivani detergents-india-sargam plus#3.png,RECODING,5,7,99763324,95.23889,123,SHIVANI DETERGENTS-INDIA,SARGAM,SARGAM SHINE,SARGAM SHINE-PPH 80 GM+10 GM FREE,PLPCH,80.000 GM,,,90.0,GM,8.0
96,2023-02-23,202302,1,130216961,52303010013,1677041841852,99764911,123,SHIVANI DETERGENTS-INDIA,SARGAM PLUS,SARGAM PLUS/300GM/PPH/30GM FREE,27.0,PPH,300GM ,,1677041841852-shivani detergents-india-sargam plus#3.png,RECODING,5,8,99763870,98.069336,123,SHIVANI DETERGENTS-INDIA,SARGAM,SARGAM SHINE,SARGAM SHINE-PPH 150 GM+BUY 3 GET 1 FREE,PLPCH,150.000 GM,,,600.0,GM,60.0
96,2023-02-23,202302,1,130216961,52303010013,1677041841852,99764911,123,SHIVANI DETERGENTS-INDIA,SARGAM PLUS,SARGAM PLUS/300GM/PPH/30GM FREE,27.0,PPH,300GM ,,1677041841852-shivani detergents-india-sargam plus#3.png,RECODING,5,9,99763325,98.63338,123,SHIVANI DETERGENTS-INDIA,SARGAM,SARGAM SHINE,SARGAM SHINE-PPH 125 GM+BUY 3 GET 1 FREE,PLPCH,125.000 GM,,,500.0,GM,77.0
96,2023-02-23,202302,1,130216961,52303010013,1677041841852,99764911,123,SHIVANI DETERGENTS-INDIA,SARGAM PLUS,SARGAM PLUS/300GM/PPH/30GM FREE,27.0,PPH,300GM ,,1677041841852-shivani detergents-india-sargam plus#3.png,RECODING,5,10,99764414,99.92067,123,SHIVANI DETERGENTS-INDIA,SARGAM,SARGAM SHINE,SARGAM SHINE-PPH 115 GM,PLPCH,115.000 GM,,,115.0,GM,16.0
97,2023-02-23,202302,2,116338322,32302020001,1676973983718,99764907,118,VARUN BEVERAGE -NEPAL,EVERVESS CLUB,EVERVESS CLUB-SODA PET 500 ML,70.0,PET,500 ML,,1676973983718-varun beverage -nepal-evervess club#3.png,RECODING,5,1,99764907,94.52573,118,VARUN BEVERAGE -NEPAL,EVERVESS,EVERVESS CLUB,SODA PET 500 ML,PET,500.000 ML,SODA,,500.0,ML,70.0
97,2023-02-23,202302,2,116338322,32302020001,1676973983718,99764907,118,VARUN BEVERAGE -NEPAL,EVERVESS CLUB,EVERVESS CLUB-SODA PET 500 ML,70.0,PET,500 ML,,1676973983718-varun beverage -nepal-evervess club#3.png,RECODING,5,2,20125599,100.41696,118,VARUN BEVERAGE -NEPAL,EVERVESS,EVERVESS CLUB,SODA PET 600 ML,PET,600.000 ML,SODA,,600.0,ML,0.0
97,2023-02-23,202302,2,116338322,32302020001,1676973983718,99764907,118,VARUN BEVERAGE -NEPAL,EVERVESS CLUB,EVERVESS CLUB-SODA PET 500 ML,70.0,PET,500 ML,,1676973983718-varun beverage -nepal-evervess club#3.png,RECODING,5,3,20110043,133.26077,118,VARUN BEVERAGE -NEPAL,7 UP,7 UP,PET 1500 ML,PET,1500.000 ML,LEMON,,1500.0,ML,0.0
97,2023-02-23,202302,2,116338322,32302020001,1676973983718,99764907,118,VARUN BEVERAGE -NEPAL,EVERVESS CLUB,EVERVESS CLUB-SODA PET 500 ML,70.0,PET,500 ML,,1676973983718-varun beverage -nepal-evervess club#3.png,RECODING,5,4,20120304,134.43726,118,VARUN BEVERAGE -NEPAL,7 UP,7 UP,PET 1000 ML,PET,1000.000 ML,LEMON,,1000.0,ML,0.0
97,2023-02-23,202302,2,116338322,32302020001,1676973983718,99764907,118,VARUN BEVERAGE -NEPAL,EVERVESS CLUB,EVERVESS CLUB-SODA PET 500 ML,70.0,PET,500 ML,,1676973983718-varun beverage -nepal-evervess club#3.png,RECODING,5,5,20121486,134.52275,118,VARUN BEVERAGE -NEPAL,7 UP,7 UP,PET 2250 ML,PET,2250.000 ML,LEMON,,2250.0,ML,0.0
97,2023-02-23,202302,2,116338322,32302020001,1676973983718,99764907,118,VARUN BEVERAGE -NEPAL,EVERVESS CLUB,EVERVESS CLUB-SODA PET 500 ML,70.0,PET,500 ML,,1676973983718-varun beverage -nepal-evervess club#3.png,RECODING,5,6,20110362,138.33685,118,VARUN BEVERAGE -NEPAL,7 UP,7 UP,PET 2000 ML,PET,2000.000 ML,LEMON,,2000.0,ML,0.0
97,2023-02-23,202302,2,116338322,32302020001,1676973983718,99764907,118,VARUN BEVERAGE -NEPAL,EVERVESS CLUB,EVERVESS CLUB-SODA PET 500 ML,70.0,PET,500 ML,,1676973983718-varun beverage -nepal-evervess club#3.png,RECODING,5,7,20110379,138.7096,118,VARUN BEVERAGE -NEPAL,7 UP,7 UP,PET 600 ML,PET,600.000 ML,LEMON,,600.0,ML,0.0
97,2023-02-23,202302,2,116338322,32302020001,1676973983718,99764907,118,VARUN BEVERAGE -NEPAL,EVERVESS CLUB,EVERVESS CLUB-SODA PET 500 ML,70.0,PET,500 ML,,1676973983718-varun beverage -nepal-evervess club#3.png,RECODING,5,8,20121483,138.9056,118,VARUN BEVERAGE -NEPAL,PEPSI,PEPSI,PET 2250 ML,PET,2250.000 ML,COLA,,2250.0,ML,0.0
97,2023-02-23,202302,2,116338322,32302020001,1676973983718,99764907,118,VARUN BEVERAGE -NEPAL,EVERVESS CLUB,EVERVESS CLUB-SODA PET 500 ML,70.0,PET,500 ML,,1676973983718-varun beverage -nepal-evervess club#3.png,RECODING,5,9,49740,139.71478,118,VARUN BEVERAGE -NEPAL,7 UP,7 UP,LEMON PET 300 ML,PET,300.000 ML,LEMON,,300.0,ML,0.0
97,2023-02-23,202302,2,116338322,32302020001,1676973983718,99764907,118,VARUN BEVERAGE -NEPAL,EVERVESS CLUB,EVERVESS CLUB-SODA PET 500 ML,70.0,PET,500 ML,,1676973983718-varun beverage -nepal-evervess club#3.png,RECODING,5,10,99765168,141.9831,118,VARUN BEVERAGE -NEPAL,7 UP,7 UP,PET 250 ML+150 ML FREE,PET,250.000 ML,LEMON,,400.0,ML,50.0
98,2023-02-23,202302,1,128688558,21401010033,1677041151173,99762554,123,PUJA SOAP & HOUSEHOLD PROD-NPL,PUJA,PUJA/PPH 200GM,45.0,PPH,200 GM,,1677041151173-puja soap - household prod-npl-puja#3.png,CROSS CODING,2,1,99763048,107.942474,123,PUJA SOAP & HOUSEHOLD PROD-NPL,PUJA,PUJA,PUJA-PPH 3*167 GM [500GM] 3 PCS PACK,PLPCH,167.000 GM,,,500.0,GM,100.0
98,2023-02-23,202302,1,128688558,21401010033,1677041151173,99762554,123,PUJA SOAP & HOUSEHOLD PROD-NPL,PUJA,PUJA/PPH 200GM,45.0,PPH,200 GM,,1677041151173-puja soap - household prod-npl-puja#3.png,CROSS CODING,2,2,48713,110.20941,123,PUJA SOAP & HOUSEHOLD PROD-NPL,PUJA,PUJA,PUJA-PPH 210 GM,PLPCH,210.000 GM,,,210.0,GM,0.0
98,2023-02-23,202302,1,128688558,21401010033,1677041151173,99762554,123,PUJA SOAP & HOUSEHOLD PROD-NPL,PUJA,PUJA/PPH 200GM,45.0,PPH,200 GM,,1677041151173-puja soap - household prod-npl-puja#3.png,CROSS CODING,2,3,50546,110.857124,123,PUJA SOAP & HOUSEHOLD PROD-NPL,PUJA,PUJA,PUJA-PPH 220 GM,PLPCH,220.000 GM,,,220.0,GM,0.0
98,2023-02-23,202302,1,128688558,21401010033,1677041151173,99762554,123,PUJA SOAP & HOUSEHOLD PROD-NPL,PUJA,PUJA/PPH 200GM,45.0,PPH,200 GM,,1677041151173-puja soap - household prod-npl-puja#3.png,CROSS CODING,2,4,52441,112.439865,123,PUJA SOAP & HOUSEHOLD PROD-NPL,PUJA,PUJA,PUJA-PPH 12*180 GM,PLPCH,180.000 GM,,,2160.0,GM,0.0
98,2023-02-23,202302,1,128688558,21401010033,1677041151173,99762554,123,PUJA SOAP & HOUSEHOLD PROD-NPL,PUJA,PUJA/PPH 200GM,45.0,PPH,200 GM,,1677041151173-puja soap - household prod-npl-puja#3.png,CROSS CODING,2,5,99762554,114.18362,123,PUJA SOAP & HOUSEHOLD PROD-NPL,PUJA,PUJA,PUJA-PPH 200 GMS,PLPCH,200.000 GM,,,200.0,GM,40.0
98,2023-02-23,202302,1,128688558,21401010033,1677041151173,99762554,123,PUJA SOAP & HOUSEHOLD PROD-NPL,PUJA,PUJA/PPH 200GM,45.0,PPH,200 GM,,1677041151173-puja soap - household prod-npl-puja#3.png,CROSS CODING,2,6,99763639,116.41817,123,PUJA SOAP & HOUSEHOLD PROD-NPL,PUJA,PUJA,PUJA-PPH 125 GM,PLPCH,125.000 GM,,,125.0,GM,20.0
98,2023-02-23,202302,1,128688558,21401010033,1677041151173,99762554,123,PUJA SOAP & HOUSEHOLD PROD-NPL,PUJA,PUJA/PPH 200GM,45.0,PPH,200 GM,,1677041151173-puja soap - household prod-npl-puja#3.png,CROSS CODING,2,7,48712,117.11049,123,PUJA SOAP & HOUSEHOLD PROD-NPL,PUJA,PUJA,PUJA-PPH 620 GM,PLPCH,620.000 GM,,,620.0,GM,0.0
98,2023-02-23,202302,1,128688558,21401010033,1677041151173,99762554,123,PUJA SOAP & HOUSEHOLD PROD-NPL,PUJA,PUJA/PPH 200GM,45.0,PPH,200 GM,,1677041151173-puja soap - household prod-npl-puja#3.png,CROSS CODING,2,8,47121,117.50401,123,PUJA SOAP & HOUSEHOLD PROD-NPL,PUJA,PUJA,PUJA-PPH 650 GM,PLPCH,650.000 GM,,,650.0,GM,0.0
98,2023-02-23,202302,1,128688558,21401010033,1677041151173,99762554,123,PUJA SOAP & HOUSEHOLD PROD-NPL,PUJA,PUJA/PPH 200GM,45.0,PPH,200 GM,,1677041151173-puja soap - household prod-npl-puja#3.png,CROSS CODING,2,9,99762617,117.53252,123,PUJA SOAP & HOUSEHOLD PROD-NPL,PUJA,PUJA,PUJA-PPH 150 GM,PLPCH,150.000 GM,,,150.0,GM,30.0
98,2023-02-23,202302,1,128688558,21401010033,1677041151173,99762554,123,PUJA SOAP & HOUSEHOLD PROD-NPL,PUJA,PUJA/PPH 200GM,45.0,PPH,200 GM,,1677041151173-puja soap - household prod-npl-puja#3.png,CROSS CODING,2,10,50193,118.03874,123,PUJA SOAP & HOUSEHOLD PROD-NPL,PUJA,PUJA,PUJA-PPH 600 GM,PLPCH,600.000 GM,,,600.0,GM,0.0
99,2023-02-23,202302,1,116441817,32302010005,1676970329158,99764913,132,HARCHAND RAY & SONS-NEPAL,HI-Q,HI-Q-PULL-UPS LARGE (L) 5 NOS,100.0,PPH,LARGE,,1676970329158-harchand ray - sons-nepal-hi-q#3.png,RECODING,5,1,99764913,76.05948,132,HARCHAND RAY & SONS-NEPAL,HI-Q,HI-Q,HI-Q-PULL-UPS LARGE(L)PPH 5 NOS,PLPCH,5.000 NO,,,5.0,NO,100.0
99,2023-02-23,202302,1,116441817,32302010005,1676970329158,99764913,132,HARCHAND RAY & SONS-NEPAL,HI-Q,HI-Q-PULL-UPS LARGE (L) 5 NOS,100.0,PPH,LARGE,,1676970329158-harchand ray - sons-nepal-hi-q#3.png,RECODING,5,2,99762934,86.170074,132,HARCHAND RAY & SONS-NEPAL,HI-Q,HI-Q,HI-Q-PULL-UPS SMALL(S)PPH 5 NOS,PLPCH,5.000 NO,,,5.0,NO,100.0
99,2023-02-23,202302,1,116441817,32302010005,1676970329158,99764913,132,HARCHAND RAY & SONS-NEPAL,HI-Q,HI-Q-PULL-UPS LARGE (L) 5 NOS,100.0,PPH,LARGE,,1676970329158-harchand ray - sons-nepal-hi-q#3.png,RECODING,5,3,54899,178.15442,122,UNILEVER NEPAL LTD-NEPAL,RAY,RAY WHITE & BRIGHT,RAY WHITE & BRIGHT-3IN1 PPH 1000 GM,PLPCH,1000.000 GM,,,1000.0,GM,0.0
99,2023-02-23,202302,1,116441817,32302010005,1676970329158,99764913,132,HARCHAND RAY & SONS-NEPAL,HI-Q,HI-Q-PULL-UPS LARGE (L) 5 NOS,100.0,PPH,LARGE,,1676970329158-harchand ray - sons-nepal-hi-q#3.png,RECODING,5,4,54655,180.34055,122,CLEAN AID NEPAL P LTD-NEPAL,A-ONE,A-ONE,A-ONE-STAIN CHAMPION PPH 225 GM,PLPCH,225.000 GM,,,225.0,GM,0.0
99,2023-02-23,202302,1,116441817,32302010005,1676970329158,99764913,132,HARCHAND RAY & SONS-NEPAL,HI-Q,HI-Q-PULL-UPS LARGE (L) 5 NOS,100.0,PPH,LARGE,,1676970329158-harchand ray - sons-nepal-hi-q#3.png,RECODING,5,5,99762485,181.20367,122,CLEAN AID NEPAL P LTD-NEPAL,HERO,HERO ULTRA,HERO ULTRA-LEMON & JASMINE PPH 250 GM,PLPCH,250.000 GM,,,250.0,GM,20.0
99,2023-02-23,202302,1,116441817,32302010005,1676970329158,99764913,132,HARCHAND RAY & SONS-NEPAL,HI-Q,HI-Q-PULL-UPS LARGE (L) 5 NOS,100.0,PPH,LARGE,,1676970329158-harchand ray - sons-nepal-hi-q#3.png,RECODING,5,6,99763929,182.4632,122,CLEAN AID NEPAL P LTD-NEPAL,HERO,HERO ULTRA,HERO ULTRA-LEMON & JASMINE PPH 200 GM,PLPCH,200.000 GM,,,200.0,GM,20.0
99,2023-02-23,202302,1,116441817,32302010005,1676970329158,99764913,132,HARCHAND RAY & SONS-NEPAL,HI-Q,HI-Q-PULL-UPS LARGE (L) 5 NOS,100.0,PPH,LARGE,,1676970329158-harchand ray - sons-nepal-hi-q#3.png,RECODING,5,7,92925080,184.90143,123,G.S.I.P.LTD-NEPAL,XPERT,XPERT,XPERT-UNWRP 150 GMS,UNWRP,150.000 GM,,,150.0,GM,0.0
99,2023-02-23,202302,1,116441817,32302010005,1676970329158,99764913,132,HARCHAND RAY & SONS-NEPAL,HI-Q,HI-Q-PULL-UPS LARGE (L) 5 NOS,100.0,PPH,LARGE,,1676970329158-harchand ray - sons-nepal-hi-q#3.png,RECODING,5,8,93026801,185.97491,122,H N INDUSTRIES - NEPAL,SUPER POWER,SUPER POWER,SUPER POWER-PPH 300 GMS,PLPCH,300.000 GM,,,300.0,GM,0.0
99,2023-02-23,202302,1,116441817,32302010005,1676970329158,99764913,132,HARCHAND RAY & SONS-NEPAL,HI-Q,HI-Q-PULL-UPS LARGE (L) 5 NOS,100.0,PPH,LARGE,,1676970329158-harchand ray - sons-nepal-hi-q#3.png,RECODING,5,9,92923934,187.70218,123,G.S.I.P.LTD-NEPAL,NIKHAR 72%,NIKHAR 72%,NIKHAR 72%-UNWRP 200 GMS,UNWRP,200.000 GM,,,200.0,GM,0.0
99,2023-02-23,202302,1,116441817,32302010005,1676970329158,99764913,132,HARCHAND RAY & SONS-NEPAL,HI-Q,HI-Q-PULL-UPS LARGE (L) 5 NOS,100.0,PPH,LARGE,,1676970329158-harchand ray - sons-nepal-hi-q#3.png,RECODING,5,10,45702,187.80396,122,H N INDUSTRIES - NEPAL,SUPER POWER,SUPER POWER,SUPER POWER-PPH 3000 GMS,PLPCH,3000.000 GM,,,3000.0,GM,0.0
100,2023-02-23,202302,1,116441817,32302010005,1676969304177,99764908,120,PREMIUM SOAP FACTORY-INDIA,CLASSIC BATH,CLASSIC BATH-RED 70 GM,20.0,EPH,70 GM,,1676969304177-premium soap factory-india-classic bath#3.png,RECODING,5,1,47186,117.31014,120,PREMIUM SOAP FACTORY-INDIA,CLASSIC BATH,CLASSIC BATH,CLASSIC BATH-RED EWP 50 GMS,EWRPK,50.000 GM,,,50.0,GM,0.0
100,2023-02-23,202302,1,116441817,32302010005,1676969304177,99764908,120,PREMIUM SOAP FACTORY-INDIA,CLASSIC BATH,CLASSIC BATH-RED 70 GM,20.0,EPH,70 GM,,1676969304177-premium soap factory-india-classic bath#3.png,RECODING,5,2,92525497,120.2484,120,PREMIUM SOAP FACTORY-INDIA,CLASSIC BATH,CLASSIC BATH,CLASSIC BATH-RED EWP 90 GMS,EWRPK,90.000 GM,,,90.0,GM,0.0
100,2023-02-23,202302,1,116441817,32302010005,1676969304177,99764908,120,PREMIUM SOAP FACTORY-INDIA,CLASSIC BATH,CLASSIC BATH-RED 70 GM,20.0,EPH,70 GM,,1676969304177-premium soap factory-india-classic bath#3.png,RECODING,5,3,53256,120.63785,120,PREMIUM SOAP FACTORY-INDIA,CLASSIC BATH,CLASSIC BATH,CLASSIC BATH-RED EWP 80 GMS,EWRPK,80.000 GM,,,80.0,GM,0.0
100,2023-02-23,202302,1,116441817,32302010005,1676969304177,99764908,120,PREMIUM SOAP FACTORY-INDIA,CLASSIC BATH,CLASSIC BATH-RED 70 GM,20.0,EPH,70 GM,,1676969304177-premium soap factory-india-classic bath#3.png,RECODING,5,4,99764908,121.4017,120,PREMIUM SOAP FACTORY-INDIA,CLASSIC BATH,CLASSIC BATH,CLASSIC BATH-RED ANTIBACTERIAL EWP 70 GM,EWRPK,70.000 GM,,,70.0,GM,20.0
100,2023-02-23,202302,1,116441817,32302010005,1676969304177,99764908,120,PREMIUM SOAP FACTORY-INDIA,CLASSIC BATH,CLASSIC BATH-RED 70 GM,20.0,EPH,70 GM,,1676969304177-premium soap factory-india-classic bath#3.png,RECODING,5,5,49098,124.32816,120,PREMIUM SOAP FACTORY-INDIA,CLASSIC BATH,CLASSIC BATH,CLASSIC BATH-RED ANTIBACTERIAL EWP 38 GMS,EWRPK,38.000 GM,,,38.0,GM,0.0
100,2023-02-23,202302,1,116441817,32302010005,1676969304177,99764908,120,PREMIUM SOAP FACTORY-INDIA,CLASSIC BATH,CLASSIC BATH-RED 70 GM,20.0,EPH,70 GM,,1676969304177-premium soap factory-india-classic bath#3.png,RECODING,5,6,99763079,162.07774,123,SIRMAUR SOAP FACTORY-INDIA,JIWAN GOLD,JIWAN GOLD,JIWAN GOLD-LAUNDRY SOAP PPH 200 GM,PLPCH,200.000 GM,,,200.0,GM,40.0
100,2023-02-23,202302,1,116441817,32302010005,1676969304177,99764908,120,PREMIUM SOAP FACTORY-INDIA,CLASSIC BATH,CLASSIC BATH-RED 70 GM,20.0,EPH,70 GM,,1676969304177-premium soap factory-india-classic bath#3.png,RECODING,5,7,99762963,163.76996,123,SIRMAUR SOAP FACTORY-INDIA,JIWAN GOLD,JIWAN GOLD,JIWAN GOLD-LAUNDRY SOAP PPH 100 GM,PLPCH,100.000 GM,,,100.0,GM,16.0
100,2023-02-23,202302,1,116441817,32302010005,1676969304177,99764908,120,PREMIUM SOAP FACTORY-INDIA,CLASSIC BATH,CLASSIC BATH-RED 70 GM,20.0,EPH,70 GM,,1676969304177-premium soap factory-india-classic bath#3.png,RECODING,5,8,46210,166.72339,120,PREMIUM SOAP FACTORY-INDIA,PRIYA,PRIYA,PRIYA-CLASSIC ROSE EXTRCT EWP 90 GM,EWRPK,90.000 GM,,,90.0,GM,0.0
100,2023-02-23,202302,1,116441817,32302010005,1676969304177,99764908,120,PREMIUM SOAP FACTORY-INDIA,CLASSIC BATH,CLASSIC BATH-RED 70 GM,20.0,EPH,70 GM,,1676969304177-premium soap factory-india-classic bath#3.png,RECODING,5,9,45823,174.00847,120,PREMIUM SOAP FACTORY-INDIA,PRIYA,PRIYA,PRIYA-CLASSIC LEMON EXTRCT EWP 90 GM,EWRPK,90.000 GM,,,90.0,GM,0.0
100,2023-02-23,202302,1,116441817,32302010005,1676969304177,99764908,120,PREMIUM SOAP FACTORY-INDIA,CLASSIC BATH,CLASSIC BATH-RED 70 GM,20.0,EPH,70 GM,,1676969304177-premium soap factory-india-classic bath#3.png,RECODING,5,10,51822,175.83032,120,PREMIUM SOAP FACTORY-INDIA,PRIYA,PRIYA,PRIYA-CLASSIC MILK ROSE EWP 32 GM,EWRPK,32.000 GM,,,32.0,GM,0.0
101,2023-02-23,202302,1,116441817,32302010005,1676968832023,99764909,122,NEW GHADI SARAF UDHYOG-NEPAL,HARAPATTA,HARAPATTA-GREENLEAF PPH 500 GM ,60.0,PPH,500 GM,,1676968832023-new ghadi saraf udhyog-nepal-harapatta#3.png,RECODING,5,1,99764909,85.57178,122,NEW GHADI SARAF UDHYOG-NEPAL,HARAPATTA,HARAPATTA,HARAPATTA-GREENLEAF PPH 500 GM,PLPCH,500.000 GM,,,500.0,GM,60.0
101,2023-02-23,202302,1,116441817,32302010005,1676968832023,99764909,122,NEW GHADI SARAF UDHYOG-NEPAL,HARAPATTA,HARAPATTA-GREENLEAF PPH 500 GM ,60.0,PPH,500 GM,,1676968832023-new ghadi saraf udhyog-nepal-harapatta#3.png,RECODING,5,2,99764342,89.28256,122,NEW GHADI SARAF UDHYOG-NEPAL,HARAPATTA,HARAPATTA,HARAPATTA-GREENLEAF PPH 1000 GM,PLPCH,1000.000 GM,,,1000.0,GM,100.0
101,2023-02-23,202302,1,116441817,32302010005,1676968832023,99764909,122,NEW GHADI SARAF UDHYOG-NEPAL,HARAPATTA,HARAPATTA-GREENLEAF PPH 500 GM ,60.0,PPH,500 GM,,1676968832023-new ghadi saraf udhyog-nepal-harapatta#3.png,RECODING,5,3,93012237,152.9723,122,NEOPOTHENE IND.- NEPAL,THANK YOU,THANK YOU,THANK YOU-PPH 1000 GMS,PLPCH,1000.000 GM,,,1000.0,GM,0.0
101,2023-02-23,202302,1,116441817,32302010005,1676968832023,99764909,122,NEW GHADI SARAF UDHYOG-NEPAL,HARAPATTA,HARAPATTA-GREENLEAF PPH 500 GM ,60.0,PPH,500 GM,,1676968832023-new ghadi saraf udhyog-nepal-harapatta#3.png,RECODING,5,4,54646,154.69801,122,SWADESHI SABUN UDHYOG-NEPAL,AAHA,AAHA,AAHA-PPH 2900 GM,PLPCH,2900.000 GM,,,2900.0,GM,0.0
101,2023-02-23,202302,1,116441817,32302010005,1676968832023,99764909,122,NEW GHADI SARAF UDHYOG-NEPAL,HARAPATTA,HARAPATTA-GREENLEAF PPH 500 GM ,60.0,PPH,500 GM,,1676968832023-new ghadi saraf udhyog-nepal-harapatta#3.png,RECODING,5,5,99764660,155.29984,122,GHARI CHEMICAL WORKS-NEPAL,HARAPATTA,HARAPATTA,HARAPATTA-PPH 500 GM,PLPCH,500.000 GM,,,500.0,GM,50.0
101,2023-02-23,202302,1,116441817,32302010005,1676968832023,99764909,122,NEW GHADI SARAF UDHYOG-NEPAL,HARAPATTA,HARAPATTA-GREENLEAF PPH 500 GM ,60.0,PPH,500 GM,,1676968832023-new ghadi saraf udhyog-nepal-harapatta#3.png,RECODING,5,6,99762989,156.95143,122,GHARI CHEMICAL WORKS-NEPAL,HARAPATTA,HARAPATTA,HARAPATTA-PPH 3000 GMS,PLPCH,3000.000 GM,,,3000.0,GM,240.0
101,2023-02-23,202302,1,116441817,32302010005,1676968832023,99764909,122,NEW GHADI SARAF UDHYOG-NEPAL,HARAPATTA,HARAPATTA-GREENLEAF PPH 500 GM ,60.0,PPH,500 GM,,1676968832023-new ghadi saraf udhyog-nepal-harapatta#3.png,RECODING,5,7,99763073,157.00604,123,SIDDHI BINAYAK CHEMICALS-NEPAL,RUKH CHHAP,RUKH CHHAP DALLO SABUN,RUKH CHHAP DALLO SABUN-PPH 3*250 GM [750 GM],PLPCH,250.000 GM,,,750.0,GM,100.0
101,2023-02-23,202302,1,116441817,32302010005,1676968832023,99764909,122,NEW GHADI SARAF UDHYOG-NEPAL,HARAPATTA,HARAPATTA-GREENLEAF PPH 500 GM ,60.0,PPH,500 GM,,1676968832023-new ghadi saraf udhyog-nepal-harapatta#3.png,RECODING,5,8,48377,158.73016,123,SWADESHI SABUN UDHYOG-NEPAL,AAHA,AAHA,AAHA-PPH 230 GM,PLPCH,230.000 GM,,,230.0,GM,0.0
101,2023-02-23,202302,1,116441817,32302010005,1676968832023,99764909,122,NEW GHADI SARAF UDHYOG-NEPAL,HARAPATTA,HARAPATTA-GREENLEAF PPH 500 GM ,60.0,PPH,500 GM,,1676968832023-new ghadi saraf udhyog-nepal-harapatta#3.png,RECODING,5,9,49239,159.78468,123,SWADESHI SABUN UDHYOG-NEPAL,AAHA,AAHA,AAHA-PPH 12*190 GM [2280GM],PLPCH,190.000 GM,,,2280.0,GM,0.0
101,2023-02-23,202302,1,116441817,32302010005,1676968832023,99764909,122,NEW GHADI SARAF UDHYOG-NEPAL,HARAPATTA,HARAPATTA-GREENLEAF PPH 500 GM ,60.0,PPH,500 GM,,1676968832023-new ghadi saraf udhyog-nepal-harapatta#3.png,RECODING,5,10,54647,160.41185,122,SWADESHI SABUN UDHYOG-NEPAL,AAHA,AAHA,AAHA-PPH 2900 GM+FR BUCKET,PLPCH,2900.000 GM,,,2900.0,GM,0.0
102,2023-02-23,202302,1,116346840,21201010033,1676967637806,99764910,122,SAHARA SOAP & CHEM. - NEPAL,SEWA ,SEWA LEMON & JASMINE-PPH-225GM,20.0,PPH,225GM,,1676967637806-sahara soap - chem- - nepal-sewa #3.png,RECODING,5,1,93024532,64.74896,122,SAHARA SOAP & CHEM. - NEPAL,SEWA,SEWA LEMON & JASMINE,SEWA LEMON & JASMINE-PPH 300 GMS,PLPCH,300.000 GM,,,300.0,GM,0.0
102,2023-02-23,202302,1,116346840,21201010033,1676967637806,99764910,122,SAHARA SOAP & CHEM. - NEPAL,SEWA ,SEWA LEMON & JASMINE-PPH-225GM,20.0,PPH,225GM,,1676967637806-sahara soap - chem- - nepal-sewa #3.png,RECODING,5,2,99764910,64.83225,122,SAHARA SOAP & CHEM. - NEPAL,SEWA,SEWA LEMON & JASMINE,SEWA LEMON & JASMINE-PPH 225 GM,PLPCH,225.000 GM,,,225.0,GM,20.0
102,2023-02-23,202302,1,116346840,21201010033,1676967637806,99764910,122,SAHARA SOAP & CHEM. - NEPAL,SEWA ,SEWA LEMON & JASMINE-PPH-225GM,20.0,PPH,225GM,,1676967637806-sahara soap - chem- - nepal-sewa #3.png,RECODING,5,3,50941,65.45084,122,SAHARA SOAP & CHEM. - NEPAL,SEWA,SEWA LEMON & JASMINE,SEWA LEMON & JASMINE-PPH 5000 GMS,PLPCH,5000.000 GM,,,5000.0,GM,0.0
102,2023-02-23,202302,1,116346840,21201010033,1676967637806,99764910,122,SAHARA SOAP & CHEM. - NEPAL,SEWA ,SEWA LEMON & JASMINE-PPH-225GM,20.0,PPH,225GM,,1676967637806-sahara soap - chem- - nepal-sewa #3.png,RECODING,5,4,51274,67.141594,122,SAHARA SOAP & CHEM. - NEPAL,SEWA,SEWA LEMON & JASMINE,SEWA LEMON & JASMINE-PPH 250 GMS,PLPCH,250.000 GM,,,250.0,GM,0.0
102,2023-02-23,202302,1,116346840,21201010033,1676967637806,99764910,122,SAHARA SOAP & CHEM. - NEPAL,SEWA ,SEWA LEMON & JASMINE-PPH-225GM,20.0,PPH,225GM,,1676967637806-sahara soap - chem- - nepal-sewa #3.png,RECODING,5,5,93025728,67.89372,122,SAHARA SOAP & CHEM. - NEPAL,SEWA,SEWA LEMON & JASMINE,SEWA LEMON & JASMINE-PPH 1000 GMS,PLPCH,1000.000 GM,,,1000.0,GM,0.0
102,2023-02-23,202302,1,116346840,21201010033,1676967637806,99764910,122,SAHARA SOAP & CHEM. - NEPAL,SEWA ,SEWA LEMON & JASMINE-PPH-225GM,20.0,PPH,225GM,,1676967637806-sahara soap - chem- - nepal-sewa #3.png,RECODING,5,6,93026131,68.78403,122,SAHARA SOAP & CHEM. - NEPAL,SEWA,SEWA LEMON & JASMINE,SEWA LEMON & JASMINE-PPH 130 GMS,PLPCH,130.000 GM,,,130.0,GM,0.0
102,2023-02-23,202302,1,116346840,21201010033,1676967637806,99764910,122,SAHARA SOAP & CHEM. - NEPAL,SEWA ,SEWA LEMON & JASMINE-PPH-225GM,20.0,PPH,225GM,,1676967637806-sahara soap - chem- - nepal-sewa #3.png,RECODING,5,7,93019044,76.30386,122,SAHARA SOAP & CHEM. - NEPAL,SEWA,SEWA,SEWA-PPH 375 GMS,PLPCH,375.000 GM,,,375.0,GM,0.0
102,2023-02-23,202302,1,116346840,21201010033,1676967637806,99764910,122,SAHARA SOAP & CHEM. - NEPAL,SEWA ,SEWA LEMON & JASMINE-PPH-225GM,20.0,PPH,225GM,,1676967637806-sahara soap - chem- - nepal-sewa #3.png,RECODING,5,8,93021161,77.49786,122,SAHARA SOAP & CHEM. - NEPAL,SEWA,SEWA,SEWA-PPH 325 GMS,PLPCH,325.000 GM,,,325.0,GM,0.0
102,2023-02-23,202302,1,116346840,21201010033,1676967637806,99764910,122,SAHARA SOAP & CHEM. - NEPAL,SEWA ,SEWA LEMON & JASMINE-PPH-225GM,20.0,PPH,225GM,,1676967637806-sahara soap - chem- - nepal-sewa #3.png,RECODING,5,9,93019437,78.057945,122,SAHARA SOAP & CHEM. - NEPAL,SEWA,SEWA,SEWA-PPH 20 GMS,PLPCH,20.000 GM,,,20.0,GM,0.0
102,2023-02-23,202302,1,116346840,21201010033,1676967637806,99764910,122,SAHARA SOAP & CHEM. - NEPAL,SEWA ,SEWA LEMON & JASMINE-PPH-225GM,20.0,PPH,225GM,,1676967637806-sahara soap - chem- - nepal-sewa #3.png,RECODING,5,10,93018327,78.09189,122,SAHARA SOAP & CHEM. - NEPAL,SEWA,SEWA,SEWA-PPH 475 GMS,PLPCH,475.000 GM,,,475.0,GM,0.0
103,2023-02-23,202302,1,125082844,21301010061,1676869800322,99764689,106,D-SWAG INDUSTRIES LTD-INDIA,BAKE MATE CAFE TOWN,BAKE MATE CAFE TOWN \700\GM,400.0,PCN,700 GM,New SKU,1676869800322-d-swag industries ltd-india-bake mate cafe town#3.png,CROSS CODING,2,1,99764868,127.4544,106,D-SWAG INDUSTRIES LTD-INDIA,BAKEMATE,BAKEMATE CAFÉ TOWN,BAKEMATE CAFÉ TOWN-COFFEE PCN 704 GM,PLJAR,704.000 GM,COFFEE,,704.0,GM,450.0
103,2023-02-23,202302,1,125082844,21301010061,1676869800322,99764689,106,D-SWAG INDUSTRIES LTD-INDIA,BAKE MATE CAFE TOWN,BAKE MATE CAFE TOWN \700\GM,400.0,PCN,700 GM,New SKU,1676869800322-d-swag industries ltd-india-bake mate cafe town#3.png,CROSS CODING,2,2,99764689,131.83028,106,D-SWAG INDUSTRIES LTD-INDIA,BAKEMATE,BAKEMATE CAFÉ TOWN,BAKEMATE CAFÉ TOWN-COFFEE PCN 700 GM,PLJAR,700.000 GM,COFFEE,,700.0,GM,450.0
103,2023-02-23,202302,1,125082844,21301010061,1676869800322,99764689,106,D-SWAG INDUSTRIES LTD-INDIA,BAKE MATE CAFE TOWN,BAKE MATE CAFE TOWN \700\GM,400.0,PCN,700 GM,New SKU,1676869800322-d-swag industries ltd-india-bake mate cafe town#3.png,CROSS CODING,2,3,99764598,171.46292,106,D-SWAG INDUSTRIES LTD-INDIA,BAKEMATE,BAKEMATE ECLAIRS,BAKEMATE ECLAIRS-CENTER FILLED PCN 665 GM,PLJAR,665.000 GM,CHOCOLATE,,665.0,GM,280.0
103,2023-02-23,202302,1,125082844,21301010061,1676869800322,99764689,106,D-SWAG INDUSTRIES LTD-INDIA,BAKE MATE CAFE TOWN,BAKE MATE CAFE TOWN \700\GM,400.0,PCN,700 GM,New SKU,1676869800322-d-swag industries ltd-india-bake mate cafe town#3.png,CROSS CODING,2,4,99764597,182.79538,106,D-SWAG INDUSTRIES LTD-INDIA,BAKEMATE,BAKEMATE POP N POP,BAKEMATE POP N POP-FLAVOURED LOLLIPOP PCN 800 GM,PLJAR,800.000 GM,ASSORTED,,800.0,GM,500.0
103,2023-02-23,202302,1,125082844,21301010061,1676869800322,99764689,106,D-SWAG INDUSTRIES LTD-INDIA,BAKE MATE CAFE TOWN,BAKE MATE CAFE TOWN \700\GM,400.0,PCN,700 GM,New SKU,1676869800322-d-swag industries ltd-india-bake mate cafe town#3.png,CROSS CODING,2,5,99764631,183.4694,106,D-SWAG INDUSTRIES LTD-INDIA,BAKEMATE,BAKEMATE BOOM BOOM POP,BAKEMATE BOOM BOOM POP-MIX FRUIT PCN 700 GM,PLJAR,700.000 GM,MIXED FRUIT,,700.0,GM,500.0
103,2023-02-23,202302,1,125082844,21301010061,1676869800322,99764689,106,D-SWAG INDUSTRIES LTD-INDIA,BAKE MATE CAFE TOWN,BAKE MATE CAFE TOWN \700\GM,400.0,PCN,700 GM,New SKU,1676869800322-d-swag industries ltd-india-bake mate cafe town#3.png,CROSS CODING,2,6,99764740,186.59555,106,D-SWAG INDUSTRIES LTD-INDIA,BAKEMATE,BAKEMATE PINA COLADA,BAKEMATE PINA COLADA-PINEAPPLE PCN 770 GM,PLJAR,770.000 GM,PINEAPPLE,,770.0,GM,440.0
103,2023-02-23,202302,1,125082844,21301010061,1676869800322,99764689,106,D-SWAG INDUSTRIES LTD-INDIA,BAKE MATE CAFE TOWN,BAKE MATE CAFE TOWN \700\GM,400.0,PCN,700 GM,New SKU,1676869800322-d-swag industries ltd-india-bake mate cafe town#3.png,CROSS CODING,2,7,51803,215.98848,106,COUNTRY CONFECTIONERY-NPL,COUNTRY,COUNTRY TWAKKA TUKKA,COUNTRY TWAKKA TUKKA-CHATPATA PPH 3 GM,PLPCH,3.000 GM,UNSPECIFIED,,3.0,GM,0.0
103,2023-02-23,202302,1,125082844,21301010061,1676869800322,99764689,106,D-SWAG INDUSTRIES LTD-INDIA,BAKE MATE CAFE TOWN,BAKE MATE CAFE TOWN \700\GM,400.0,PCN,700 GM,New SKU,1676869800322-d-swag industries ltd-india-bake mate cafe town#3.png,CROSS CODING,2,8,54781,221.38782,123,SHREE BALAJI GRAMODYOG-INDIA,NAHATA,NAHATA SKY,NAHATA SKY-LIME DISHWASH PCN 400 GM,PLJAR,400.000 GM,,,400.0,GM,0.0
103,2023-02-23,202302,1,125082844,21301010061,1676869800322,99764689,106,D-SWAG INDUSTRIES LTD-INDIA,BAKE MATE CAFE TOWN,BAKE MATE CAFE TOWN \700\GM,400.0,PCN,700 GM,New SKU,1676869800322-d-swag industries ltd-india-bake mate cafe town#3.png,CROSS CODING,2,9,53474,222.7481,123,K.S.C.I(P) LTD-NEPAL,PARIJAT,PARIJAT,PARIJAT-UNWRP 200 GM,UNWRP,200.000 GM,,,200.0,GM,0.0
103,2023-02-23,202302,1,125082844,21301010061,1676869800322,99764689,106,D-SWAG INDUSTRIES LTD-INDIA,BAKE MATE CAFE TOWN,BAKE MATE CAFE TOWN \700\GM,400.0,PCN,700 GM,New SKU,1676869800322-d-swag industries ltd-india-bake mate cafe town#3.png,CROSS CODING,2,10,49103,225.43005,123,H N INDUSTRIES - NEPAL,TEJ,TEJ,TEJ-DETERGNT CAKE PPH 85 GMS,PLPCH,85.000 GM,,,85.0,GM,0.0
104,2023-02-23,202302,3,2220103707,22201030316,1676962152430,99764912,125,ABHINAVS SURTI UDHYOG PVT.LTD,CHAKKA SUPER POWER,CHAKKA/SUPER POWER/ ABHINAV SURTI UDHAYOG PVT.LTD/8GM,25.0,PPH,8GM,,1676962152430-abhinavs surti udhyog pvt-ltd-chakka super power#2.png,RECODING,5,1,99764912,142.6263,125,ABINAV SURTI UDHYOG NEPAL,CHAKKA SUPER POWER,CHAKKA SUPER POWER,8G KHAINI,PLAST,8G,REGULAR,,8.0,GM,25.0
104,2023-02-23,202302,3,2220103707,22201030316,1676962152430,99764912,125,ABHINAVS SURTI UDHYOG PVT.LTD,CHAKKA SUPER POWER,CHAKKA/SUPER POWER/ ABHINAV SURTI UDHAYOG PVT.LTD/8GM,25.0,PPH,8GM,,1676962152430-abhinavs surti udhyog pvt-ltd-chakka super power#2.png,RECODING,5,2,99762265,143.81001,125,ABINAV SURTI UDHYOG NEPAL,CHAKKA SUPER POWER,CHAKKA SUPER POWER,9G KHAINI,PLAST,9G,REGULAR,,9.0,,0.0
104,2023-02-23,202302,3,2220103707,22201030316,1676962152430,99764912,125,ABHINAVS SURTI UDHYOG PVT.LTD,CHAKKA SUPER POWER,CHAKKA/SUPER POWER/ ABHINAV SURTI UDHAYOG PVT.LTD/8GM,25.0,PPH,8GM,,1676962152430-abhinavs surti udhyog pvt-ltd-chakka super power#2.png,RECODING,5,3,99762234,147.08746,125,ABINAV SURTI UDHYOG NEPAL,CHAKKA SUPER POWER,CHAKKA SUPER POWER,10G KHAINI,PLAST,10G,REGULAR,,10.0,,0.0
104,2023-02-23,202302,3,2220103707,22201030316,1676962152430,99764912,125,ABHINAVS SURTI UDHYOG PVT.LTD,CHAKKA SUPER POWER,CHAKKA/SUPER POWER/ ABHINAV SURTI UDHAYOG PVT.LTD/8GM,25.0,PPH,8GM,,1676962152430-abhinavs surti udhyog pvt-ltd-chakka super power#2.png,RECODING,5,4,99762266,148.65106,125,ABINAV SURTI UDHYOG NEPAL,CHAKKA SUPER POWER,CHAKKA SUPER POWER,11G KHAINI,PLAST,11G,REGULAR,,11.0,,0.0
104,2023-02-23,202302,3,2220103707,22201030316,1676962152430,99764912,125,ABHINAVS SURTI UDHYOG PVT.LTD,CHAKKA SUPER POWER,CHAKKA/SUPER POWER/ ABHINAV SURTI UDHAYOG PVT.LTD/8GM,25.0,PPH,8GM,,1676962152430-abhinavs surti udhyog pvt-ltd-chakka super power#2.png,RECODING,5,5,99762303,175.65955,124,SAHAYOG SURTI UDHYOG,RECHARGE,RECHARGE,2.5G GUTKA,PLAST,2.5G,REGULAR,,2.5,,0.0
104,2023-02-23,202302,3,2220103707,22201030316,1676962152430,99764912,125,ABHINAVS SURTI UDHYOG PVT.LTD,CHAKKA SUPER POWER,CHAKKA/SUPER POWER/ ABHINAV SURTI UDHAYOG PVT.LTD/8GM,25.0,PPH,8GM,,1676962152430-abhinavs surti udhyog pvt-ltd-chakka super power#2.png,RECODING,5,6,99762329,178.5497,125,PUJA SURTI UDHYOG,SUPER RECHARGE,SUPER RECHARGE,20G KHAINI,PLAST,20G,REGULAR,,20.0,,0.0
104,2023-02-23,202302,3,2220103707,22201030316,1676962152430,99764912,125,ABHINAVS SURTI UDHYOG PVT.LTD,CHAKKA SUPER POWER,CHAKKA/SUPER POWER/ ABHINAV SURTI UDHAYOG PVT.LTD/8GM,25.0,PPH,8GM,,1676962152430-abhinavs surti udhyog pvt-ltd-chakka super power#2.png,RECODING,5,7,99762233,180.40477,125,PUJA SURTI UDHYOG,NEPAL SUPER POWER,NEPAL SUPER POWER,9.5G KHAINI,PLAST,9.5G,REGULAR,,9.5,,0.0
104,2023-02-23,202302,3,2220103707,22201030316,1676962152430,99764912,125,ABHINAVS SURTI UDHYOG PVT.LTD,CHAKKA SUPER POWER,CHAKKA/SUPER POWER/ ABHINAV SURTI UDHAYOG PVT.LTD/8GM,25.0,PPH,8GM,,1676962152430-abhinavs surti udhyog pvt-ltd-chakka super power#2.png,RECODING,5,8,99765200,181.39236,125,PUJA SURTI UDHYOG,BABLU,BABLU SUPER POWER,7G KHAINI,PLAST,7G,REGULAR,,7.0,GM,15.0
104,2023-02-23,202302,3,2220103707,22201030316,1676962152430,99764912,125,ABHINAVS SURTI UDHYOG PVT.LTD,CHAKKA SUPER POWER,CHAKKA/SUPER POWER/ ABHINAV SURTI UDHAYOG PVT.LTD/8GM,25.0,PPH,8GM,,1676962152430-abhinavs surti udhyog pvt-ltd-chakka super power#2.png,RECODING,5,9,99762334,183.70094,125,SAHU SURTI BHANDAR,SUPER POWER,JHUMKA SUPER POWER,7G KHAINI,PLAST,7G,REGULAR,,7.0,,0.0
104,2023-02-23,202302,3,2220103707,22201030316,1676962152430,99764912,125,ABHINAVS SURTI UDHYOG PVT.LTD,CHAKKA SUPER POWER,CHAKKA/SUPER POWER/ ABHINAV SURTI UDHAYOG PVT.LTD/8GM,25.0,PPH,8GM,,1676962152430-abhinavs surti udhyog pvt-ltd-chakka super power#2.png,RECODING,5,10,99764171,184.42735,122,SHREE BALAJI GRAMODYOG-INDIA,NAHATA,NAHATA SKY,NAHATA SKY-DETERGENT POWER PPH 5000 GM,PLPCH,5000.000 GM,,,5000.0,GM,650.0
105,2023-02-24,202302,1,130252345,21401010037,1677041151173,99762554,123,PUJA SOAP & HOUSEHOLD PROD-NPL,PUJA,PUJA/PPH 200GM,45.0,PPH,200 GM,,1677041151173-puja soap - household prod-npl-puja#3.png,CROSS CODING,2,1,99763048,102.68663,123,PUJA SOAP & HOUSEHOLD PROD-NPL,PUJA,PUJA,PUJA-PPH 3*167 GM [500GM] 3 PCS PACK,PLPCH,167.000 GM,,,500.0,GM,100.0
105,2023-02-24,202302,1,130252345,21401010037,1677041151173,99762554,123,PUJA SOAP & HOUSEHOLD PROD-NPL,PUJA,PUJA/PPH 200GM,45.0,PPH,200 GM,,1677041151173-puja soap - household prod-npl-puja#3.png,CROSS CODING,2,2,48713,104.62458,123,PUJA SOAP & HOUSEHOLD PROD-NPL,PUJA,PUJA,PUJA-PPH 210 GM,PLPCH,210.000 GM,,,210.0,GM,0.0
105,2023-02-24,202302,1,130252345,21401010037,1677041151173,99762554,123,PUJA SOAP & HOUSEHOLD PROD-NPL,PUJA,PUJA/PPH 200GM,45.0,PPH,200 GM,,1677041151173-puja soap - household prod-npl-puja#3.png,CROSS CODING,2,3,50546,105.24815,123,PUJA SOAP & HOUSEHOLD PROD-NPL,PUJA,PUJA,PUJA-PPH 220 GM,PLPCH,220.000 GM,,,220.0,GM,0.0
105,2023-02-24,202302,1,130252345,21401010037,1677041151173,99762554,123,PUJA SOAP & HOUSEHOLD PROD-NPL,PUJA,PUJA/PPH 200GM,45.0,PPH,200 GM,,1677041151173-puja soap - household prod-npl-puja#3.png,CROSS CODING,2,4,52441,106.95579,123,PUJA SOAP & HOUSEHOLD PROD-NPL,PUJA,PUJA,PUJA-PPH 12*180 GM,PLPCH,180.000 GM,,,2160.0,GM,0.0
105,2023-02-24,202302,1,130252345,21401010037,1677041151173,99762554,123,PUJA SOAP & HOUSEHOLD PROD-NPL,PUJA,PUJA/PPH 200GM,45.0,PPH,200 GM,,1677041151173-puja soap - household prod-npl-puja#3.png,CROSS CODING,2,5,99762554,108.09485,123,PUJA SOAP & HOUSEHOLD PROD-NPL,PUJA,PUJA,PUJA-PPH 200 GMS,PLPCH,200.000 GM,,,200.0,GM,40.0
105,2023-02-24,202302,1,130252345,21401010037,1677041151173,99762554,123,PUJA SOAP & HOUSEHOLD PROD-NPL,PUJA,PUJA/PPH 200GM,45.0,PPH,200 GM,,1677041151173-puja soap - household prod-npl-puja#3.png,CROSS CODING,2,6,99763639,110.5926,123,PUJA SOAP & HOUSEHOLD PROD-NPL,PUJA,PUJA,PUJA-PPH 125 GM,PLPCH,125.000 GM,,,125.0,GM,20.0
105,2023-02-24,202302,1,130252345,21401010037,1677041151173,99762554,123,PUJA SOAP & HOUSEHOLD PROD-NPL,PUJA,PUJA/PPH 200GM,45.0,PPH,200 GM,,1677041151173-puja soap - household prod-npl-puja#3.png,CROSS CODING,2,7,48712,111.13704,123,PUJA SOAP & HOUSEHOLD PROD-NPL,PUJA,PUJA,PUJA-PPH 620 GM,PLPCH,620.000 GM,,,620.0,GM,0.0
105,2023-02-24,202302,1,130252345,21401010037,1677041151173,99762554,123,PUJA SOAP & HOUSEHOLD PROD-NPL,PUJA,PUJA/PPH 200GM,45.0,PPH,200 GM,,1677041151173-puja soap - household prod-npl-puja#3.png,CROSS CODING,2,8,99762617,111.57103,123,PUJA SOAP & HOUSEHOLD PROD-NPL,PUJA,PUJA,PUJA-PPH 150 GM,PLPCH,150.000 GM,,,150.0,GM,30.0
105,2023-02-24,202302,1,130252345,21401010037,1677041151173,99762554,123,PUJA SOAP & HOUSEHOLD PROD-NPL,PUJA,PUJA/PPH 200GM,45.0,PPH,200 GM,,1677041151173-puja soap - household prod-npl-puja#3.png,CROSS CODING,2,9,99762616,111.806946,123,PUJA SOAP & HOUSEHOLD PROD-NPL,PUJA,PUJA,PUJA-PPH 100 GM,PLPCH,100.000 GM,,,100.0,GM,20.0
105,2023-02-24,202302,1,130252345,21401010037,1677041151173,99762554,123,PUJA SOAP & HOUSEHOLD PROD-NPL,PUJA,PUJA/PPH 200GM,45.0,PPH,200 GM,,1677041151173-puja soap - household prod-npl-puja#3.png,CROSS CODING,2,10,47121,112.0988,123,PUJA SOAP & HOUSEHOLD PROD-NPL,PUJA,PUJA,PUJA-PPH 650 GM,PLPCH,650.000 GM,,,650.0,GM,0.0
106,2023-02-24,202302,1,122344338,12303010047,1676886956148,99764914,106,PERFETTI VAN MELLE-INDIA,CHUPA CHUPS SOUR BITES,CHUPA CHUPS SOUR BITES- SOFT CANDY MIXED FRUIT PPH 22GM,16.0,PPH,22GM,,1676886956148-perfetti van melle-india-chupa chups sour bites#3.png,RECODING,5,1,99764914,75.91358,106,PERFETTI VAN MELLE-INDIA,CHUPA CHUPS,CHUPA CHUPS SOUR BITES,CHUPA CHUPS SOUR BITES- SOFT CANDY MIXED FRUIT PPH 22 GM,PLPCH,22.000 GM,MIXED FRUIT,,22.0,GM,16.0
106,2023-02-24,202302,1,122344338,12303010047,1676886956148,99764914,106,PERFETTI VAN MELLE-INDIA,CHUPA CHUPS SOUR BITES,CHUPA CHUPS SOUR BITES- SOFT CANDY MIXED FRUIT PPH 22GM,16.0,PPH,22GM,,1676886956148-perfetti van melle-india-chupa chups sour bites#3.png,RECODING,5,2,91827676,83.24149,106,PERFETTI VAN MELLE-INDIA,CHUPA CHUPS,CHUPA CHUPS SOUR BITES,CHUPA CHUPS SOUR BITES- SOFT & CHEWY MIX FRUIT PPH 24.2 GM,PLPCH,24.200 GM,MIXED FRUIT,,24.2,GM,0.0
106,2023-02-24,202302,1,122344338,12303010047,1676886956148,99764914,106,PERFETTI VAN MELLE-INDIA,CHUPA CHUPS SOUR BITES,CHUPA CHUPS SOUR BITES- SOFT CANDY MIXED FRUIT PPH 22GM,16.0,PPH,22GM,,1676886956148-perfetti van melle-india-chupa chups sour bites#3.png,RECODING,5,3,91827303,83.72734,106,PERFETTI VAN MELLE-INDIA,CHUPA CHUPS,CHUPA CHUPS SOUR BITES,CHUPA CHUPS SOUR BITES- SOFT & CHEWY MIX FRUIT PPH 26.40 GM,PLPCH,26.400 GM,MIXED FRUIT,,26.4,GM,0.0
106,2023-02-24,202302,1,122344338,12303010047,1676886956148,99764914,106,PERFETTI VAN MELLE-INDIA,CHUPA CHUPS SOUR BITES,CHUPA CHUPS SOUR BITES- SOFT CANDY MIXED FRUIT PPH 22GM,16.0,PPH,22GM,,1676886956148-perfetti van melle-india-chupa chups sour bites#3.png,RECODING,5,4,53163,85.96724,106,PERFETTI VAN MELLE-INDIA,CHUPA CHUPS,CHUPA CHUPS SOUR BITES,CHUPA CHUPS SOUR BITES-SOFT&CHEWY MIXFRUIT PPH 61.6 GM,PLPCH,61.600 GM,MIXED FRUIT,,61.6,GM,0.0
106,2023-02-24,202302,1,122344338,12303010047,1676886956148,99764914,106,PERFETTI VAN MELLE-INDIA,CHUPA CHUPS SOUR BITES,CHUPA CHUPS SOUR BITES- SOFT CANDY MIXED FRUIT PPH 22GM,16.0,PPH,22GM,,1676886956148-perfetti van melle-india-chupa chups sour bites#3.png,RECODING,5,5,51935,123.02481,106,PERFETTI VAN MELLE-INDIA,CHUPA CHUPS,CHUPA CHUPS LOLLIPOP,CHUPA CHUPS LOLLIPOP-BUBBLE GUM CHERRY PPH 12 GM,PLPCH,12.000 GM,CHERRY,,12.0,GM,0.0
106,2023-02-24,202302,1,122344338,12303010047,1676886956148,99764914,106,PERFETTI VAN MELLE-INDIA,CHUPA CHUPS SOUR BITES,CHUPA CHUPS SOUR BITES- SOFT CANDY MIXED FRUIT PPH 22GM,16.0,PPH,22GM,,1676886956148-perfetti van melle-india-chupa chups sour bites#3.png,RECODING,5,6,48936,127.387634,106,PERFETTI VAN MELLE-INDIA,CHUPA CHUPS,CHUPA CHUPS LOLLIPOP,CHUPA CHUPS LOLLIPOP-BUBBLE GUM COLA PPH 12 GM,PLPCH,12.000 GM,COLA,,12.0,GM,0.0
106,2023-02-24,202302,1,122344338,12303010047,1676886956148,99764914,106,PERFETTI VAN MELLE-INDIA,CHUPA CHUPS SOUR BITES,CHUPA CHUPS SOUR BITES- SOFT CANDY MIXED FRUIT PPH 22GM,16.0,PPH,22GM,,1676886956148-perfetti van melle-india-chupa chups sour bites#3.png,RECODING,5,7,99764637,129.27553,106,PERFETTI VAN MELLE-INDIA,CHUPA CHUPS,CHUPA CHUPS LOLLIPOP,CHUPA CHUPS LOLLIPOP-BUBBLE GUM BLUEBERRY PPH 12 GM,PLPCH,12.000 GM,BLUEBERRY,,12.0,GM,8.0
106,2023-02-24,202302,1,122344338,12303010047,1676886956148,99764914,106,PERFETTI VAN MELLE-INDIA,CHUPA CHUPS SOUR BITES,CHUPA CHUPS SOUR BITES- SOFT CANDY MIXED FRUIT PPH 22GM,16.0,PPH,22GM,,1676886956148-perfetti van melle-india-chupa chups sour bites#3.png,RECODING,5,8,99764915,132.1774,106,PERFETTI VAN MELLE-INDIA,CHUPA CHUPS,CHUPA CHUPS LOLLIPOP,CHUPA CHUPS LOLLIPOP-BUBBLE GUM STRAWBERRY PPH 12 GM,PLPCH,12.000 GM,STRAWBERRY,,12.0,GM,8.0
106,2023-02-24,202302,1,122344338,12303010047,1676886956148,99764914,106,PERFETTI VAN MELLE-INDIA,CHUPA CHUPS SOUR BITES,CHUPA CHUPS SOUR BITES- SOFT CANDY MIXED FRUIT PPH 22GM,16.0,PPH,22GM,,1676886956148-perfetti van melle-india-chupa chups sour bites#3.png,RECODING,5,9,91826637,133.1785,106,PERFETTI VAN MELLE-INDIA,CHUPA CHUPS,CHUPA CHUPS LOLLIPOP,CHUPA CHUPS LOLLIPOP- CHERRY PPH 12 GM,PLPCH,12.000 GM,CHERRY,,12.0,GM,0.0
106,2023-02-24,202302,1,122344338,12303010047,1676886956148,99764914,106,PERFETTI VAN MELLE-INDIA,CHUPA CHUPS SOUR BITES,CHUPA CHUPS SOUR BITES- SOFT CANDY MIXED FRUIT PPH 22GM,16.0,PPH,22GM,,1676886956148-perfetti van melle-india-chupa chups sour bites#3.png,RECODING,5,10,51438,134.62775,106,PERFETTI VAN MELLE-INDIA,CHUPA CHUPS,CHUPA CHUPS LOLLIPOP,CHUPA CHUPS LOLLIPOP-BUBBLE GUM GREEN APPLE PPH 12 GM,PLPCH,12.000 GM,GREEN APPLE,,12.0,GM,0.0
107,2023-02-24,202302,1,122344338,12303010047,1676886689428,99764915,106,PERFETTI VAN MELLE-INDIA,CHUPA CHUPS LOLLIPOP,CHUPA CHUPS LOLLIPOP-BUBBLE GUM STRAWBERRY PPH 12GM,8.0,PPH,12GM,,1676886689428-perfetti van melle-india-chupa chups lollipop#3.png,RECODING,5,1,99764915,81.37982,106,PERFETTI VAN MELLE-INDIA,CHUPA CHUPS,CHUPA CHUPS LOLLIPOP,CHUPA CHUPS LOLLIPOP-BUBBLE GUM STRAWBERRY PPH 12 GM,PLPCH,12.000 GM,STRAWBERRY,,12.0,GM,8.0
107,2023-02-24,202302,1,122344338,12303010047,1676886689428,99764915,106,PERFETTI VAN MELLE-INDIA,CHUPA CHUPS LOLLIPOP,CHUPA CHUPS LOLLIPOP-BUBBLE GUM STRAWBERRY PPH 12GM,8.0,PPH,12GM,,1676886689428-perfetti van melle-india-chupa chups lollipop#3.png,RECODING,5,2,51935,83.43303,106,PERFETTI VAN MELLE-INDIA,CHUPA CHUPS,CHUPA CHUPS LOLLIPOP,CHUPA CHUPS LOLLIPOP-BUBBLE GUM CHERRY PPH 12 GM,PLPCH,12.000 GM,CHERRY,,12.0,GM,0.0
107,2023-02-24,202302,1,122344338,12303010047,1676886689428,99764915,106,PERFETTI VAN MELLE-INDIA,CHUPA CHUPS LOLLIPOP,CHUPA CHUPS LOLLIPOP-BUBBLE GUM STRAWBERRY PPH 12GM,8.0,PPH,12GM,,1676886689428-perfetti van melle-india-chupa chups lollipop#3.png,RECODING,5,3,48936,87.572235,106,PERFETTI VAN MELLE-INDIA,CHUPA CHUPS,CHUPA CHUPS LOLLIPOP,CHUPA CHUPS LOLLIPOP-BUBBLE GUM COLA PPH 12 GM,PLPCH,12.000 GM,COLA,,12.0,GM,0.0
107,2023-02-24,202302,1,122344338,12303010047,1676886689428,99764915,106,PERFETTI VAN MELLE-INDIA,CHUPA CHUPS LOLLIPOP,CHUPA CHUPS LOLLIPOP-BUBBLE GUM STRAWBERRY PPH 12GM,8.0,PPH,12GM,,1676886689428-perfetti van melle-india-chupa chups lollipop#3.png,RECODING,5,4,99764637,87.962776,106,PERFETTI VAN MELLE-INDIA,CHUPA CHUPS,CHUPA CHUPS LOLLIPOP,CHUPA CHUPS LOLLIPOP-BUBBLE GUM BLUEBERRY PPH 12 GM,PLPCH,12.000 GM,BLUEBERRY,,12.0,GM,8.0
107,2023-02-24,202302,1,122344338,12303010047,1676886689428,99764915,106,PERFETTI VAN MELLE-INDIA,CHUPA CHUPS LOLLIPOP,CHUPA CHUPS LOLLIPOP-BUBBLE GUM STRAWBERRY PPH 12GM,8.0,PPH,12GM,,1676886689428-perfetti van melle-india-chupa chups lollipop#3.png,RECODING,5,5,51438,94.24748,106,PERFETTI VAN MELLE-INDIA,CHUPA CHUPS,CHUPA CHUPS LOLLIPOP,CHUPA CHUPS LOLLIPOP-BUBBLE GUM GREEN APPLE PPH 12 GM,PLPCH,12.000 GM,GREEN APPLE,,12.0,GM,0.0
107,2023-02-24,202302,1,122344338,12303010047,1676886689428,99764915,106,PERFETTI VAN MELLE-INDIA,CHUPA CHUPS LOLLIPOP,CHUPA CHUPS LOLLIPOP-BUBBLE GUM STRAWBERRY PPH 12GM,8.0,PPH,12GM,,1676886689428-perfetti van melle-india-chupa chups lollipop#3.png,RECODING,5,6,91826636,98.08406,106,PERFETTI VAN MELLE-INDIA,CHUPA CHUPS,CHUPA CHUPS LOLLIPOP,CHUPA CHUPS LOLLIPOP- STRAWBERRY PPH 12 GM,PLPCH,12.000 GM,STRAWBERRY,,12.0,GM,0.0
107,2023-02-24,202302,1,122344338,12303010047,1676886689428,99764915,106,PERFETTI VAN MELLE-INDIA,CHUPA CHUPS LOLLIPOP,CHUPA CHUPS LOLLIPOP-BUBBLE GUM STRAWBERRY PPH 12GM,8.0,PPH,12GM,,1676886689428-perfetti van melle-india-chupa chups lollipop#3.png,RECODING,5,7,91826637,104.00852,106,PERFETTI VAN MELLE-INDIA,CHUPA CHUPS,CHUPA CHUPS LOLLIPOP,CHUPA CHUPS LOLLIPOP- CHERRY PPH 12 GM,PLPCH,12.000 GM,CHERRY,,12.0,GM,0.0
107,2023-02-24,202302,1,122344338,12303010047,1676886689428,99764915,106,PERFETTI VAN MELLE-INDIA,CHUPA CHUPS LOLLIPOP,CHUPA CHUPS LOLLIPOP-BUBBLE GUM STRAWBERRY PPH 12GM,8.0,PPH,12GM,,1676886689428-perfetti van melle-india-chupa chups lollipop#3.png,RECODING,5,8,99764351,121.75392,106,PERFETTI VAN MELLE-INDIA,CHUPA CHUPS,CHUPA CHUPS LOLLIPOP,CHUPA CHUPS LOLLIPOP-MIX UP WATERMELON+PINEAPPLE PPH 12 GM,PLPCH,12.000 GM,WATER MELON &PINEAPPLE,,12.0,GM,10.0
107,2023-02-24,202302,1,122344338,12303010047,1676886689428,99764915,106,PERFETTI VAN MELLE-INDIA,CHUPA CHUPS LOLLIPOP,CHUPA CHUPS LOLLIPOP-BUBBLE GUM STRAWBERRY PPH 12GM,8.0,PPH,12GM,,1676886689428-perfetti van melle-india-chupa chups lollipop#3.png,RECODING,5,9,99764352,124.52076,106,PERFETTI VAN MELLE-INDIA,CHUPA CHUPS,CHUPA CHUPS LOLLIPOP,CHUPA CHUPS LOLLIPOP-MIX UP MANGO+ORANGE PPH 12 GM,PLPCH,12.000 GM,MANGO & ORANGE,,12.0,GM,10.0
107,2023-02-24,202302,1,122344338,12303010047,1676886689428,99764915,106,PERFETTI VAN MELLE-INDIA,CHUPA CHUPS LOLLIPOP,CHUPA CHUPS LOLLIPOP-BUBBLE GUM STRAWBERRY PPH 12GM,8.0,PPH,12GM,,1676886689428-perfetti van melle-india-chupa chups lollipop#3.png,RECODING,5,10,99764914,141.45068,106,PERFETTI VAN MELLE-INDIA,CHUPA CHUPS,CHUPA CHUPS SOUR BITES,CHUPA CHUPS SOUR BITES- SOFT CANDY MIXED FRUIT PPH 22 GM,PLPCH,22.000 GM,MIXED FRUIT,,22.0,GM,16.0
108,2023-02-25,202302,1,232113810217,23211010002,1676782389307,99764873,106,MAHALAXMI PRODUCTS-INDIA,A-1 FRESH GUM,A-1 FRESH GUM\425GM\PCN\STRAWBERRY ,0.0,PCN,425GM,,1676782389307-mahalaxmi products-india-a-1 fresh gum#3.png,RECODING,5,1,99764873,80.49579,106,MAHALAXMI PRODUCTS-INDIA,A-1,A-1 FRESH GUM,A-1 FRESH GUM-STRAWBERRY PCN 425 GM,PLJAR,425.000 GM,STRAWBERRY,,425.0,GM,240.0
108,2023-02-25,202302,1,232113810217,23211010002,1676782389307,99764873,106,MAHALAXMI PRODUCTS-INDIA,A-1 FRESH GUM,A-1 FRESH GUM\425GM\PCN\STRAWBERRY ,0.0,PCN,425GM,,1676782389307-mahalaxmi products-india-a-1 fresh gum#3.png,RECODING,5,2,51979,88.70132,106,MAHALAXMI PRODUCTS-INDIA,A-1,A-1 FRESH GUM,A-1 FRESH GUM-STRAWBERRY PPH 3 GM,PLPCH,3.000 GM,STRAWBERRY,,3.0,GM,0.0
108,2023-02-25,202302,1,232113810217,23211010002,1676782389307,99764873,106,MAHALAXMI PRODUCTS-INDIA,A-1 FRESH GUM,A-1 FRESH GUM\425GM\PCN\STRAWBERRY ,0.0,PCN,425GM,,1676782389307-mahalaxmi products-india-a-1 fresh gum#3.png,RECODING,5,3,47301,172.23242,106,MAHALAXMI PRODUCTS-INDIA,A-1,A-1 SUPER,A-1 SUPER-MINT PPH 3.3 GM,PLPCH,3.300 GM,MINT,,3.3,GM,0.0
108,2023-02-25,202302,1,232113810217,23211010002,1676782389307,99764873,106,MAHALAXMI PRODUCTS-INDIA,A-1 FRESH GUM,A-1 FRESH GUM\425GM\PCN\STRAWBERRY ,0.0,PCN,425GM,,1676782389307-mahalaxmi products-india-a-1 fresh gum#3.png,RECODING,5,4,46569,175.37949,106,MAHALAXMI PRODUCTS-INDIA,A-1,A-1 KITCHME,A-1 KITCHME-PPH 4.5 GM,PLPCH,4.500 GM,UNSPECIFIED,,4.5,GM,0.0
108,2023-02-25,202302,1,232113810217,23211010002,1676782389307,99764873,106,MAHALAXMI PRODUCTS-INDIA,A-1 FRESH GUM,A-1 FRESH GUM\425GM\PCN\STRAWBERRY ,0.0,PCN,425GM,,1676782389307-mahalaxmi products-india-a-1 fresh gum#3.png,RECODING,5,5,46568,179.54913,106,MAHALAXMI PRODUCTS-INDIA,A-1,A-1,A-1-COFFEE FLAVR TOFFEE PPH 4.5 GM,PLPCH,4.500 GM,COFFEE,,4.5,GM,0.0
108,2023-02-25,202302,1,232113810217,23211010002,1676782389307,99764873,106,MAHALAXMI PRODUCTS-INDIA,A-1 FRESH GUM,A-1 FRESH GUM\425GM\PCN\STRAWBERRY ,0.0,PCN,425GM,,1676782389307-mahalaxmi products-india-a-1 fresh gum#3.png,RECODING,5,6,91827316,181.39374,106,GRV CONFECTIONERY-INDIA,KRISH 3,KRISH 3 SEETI BAJAO BUBBLE GUM,KRISH 3 SEETI BAJAO BUBBLE GUM- STRAWBERRY PPH 3.5 GM,PLPCH,3.500 GM,STRAWBERRY,,3.5,GM,0.0
108,2023-02-25,202302,1,232113810217,23211010002,1676782389307,99764873,106,MAHALAXMI PRODUCTS-INDIA,A-1 FRESH GUM,A-1 FRESH GUM\425GM\PCN\STRAWBERRY ,0.0,PCN,425GM,,1676782389307-mahalaxmi products-india-a-1 fresh gum#3.png,RECODING,5,7,99764915,186.51686,106,PERFETTI VAN MELLE-INDIA,CHUPA CHUPS,CHUPA CHUPS LOLLIPOP,CHUPA CHUPS LOLLIPOP-BUBBLE GUM STRAWBERRY PPH 12 GM,PLPCH,12.000 GM,STRAWBERRY,,12.0,GM,8.0
108,2023-02-25,202302,1,232113810217,23211010002,1676782389307,99764873,106,MAHALAXMI PRODUCTS-INDIA,A-1 FRESH GUM,A-1 FRESH GUM\425GM\PCN\STRAWBERRY ,0.0,PCN,425GM,,1676782389307-mahalaxmi products-india-a-1 fresh gum#3.png,RECODING,5,8,51935,190.13788,106,PERFETTI VAN MELLE-INDIA,CHUPA CHUPS,CHUPA CHUPS LOLLIPOP,CHUPA CHUPS LOLLIPOP-BUBBLE GUM CHERRY PPH 12 GM,PLPCH,12.000 GM,CHERRY,,12.0,GM,0.0
108,2023-02-25,202302,1,232113810217,23211010002,1676782389307,99764873,106,MAHALAXMI PRODUCTS-INDIA,A-1 FRESH GUM,A-1 FRESH GUM\425GM\PCN\STRAWBERRY ,0.0,PCN,425GM,,1676782389307-mahalaxmi products-india-a-1 fresh gum#3.png,RECODING,5,9,51073,190.99924,106,AMAN FOOD PRODUCTS-INDIA,BOOBLE,BOOBLE,BOOBLE-STRAWBERRY PPH 3.7 GM,PLPCH,3.700 GM,STRAWBERRY,,3.7,GM,0.0
108,2023-02-25,202302,1,232113810217,23211010002,1676782389307,99764873,106,MAHALAXMI PRODUCTS-INDIA,A-1 FRESH GUM,A-1 FRESH GUM\425GM\PCN\STRAWBERRY ,0.0,PCN,425GM,,1676782389307-mahalaxmi products-india-a-1 fresh gum#3.png,RECODING,5,10,91826329,192.24466,106,DELIGHT FOOD INDUSTRIES- INDIA,CANDIWALA,CANDIWALA,CANDIWALA- STRAWBERRY PPH 4 GM,PLPCH,4.000 GM,STRAWBERRY,,4.0,GM,0.0
109,2023-02-25,202302,1,122559184,12303010036,1676969391412,99764917,106,SUJAL FOODS PVT LTD-NEPAL,RASILO CANDY,RASILO CANDY- CHATPATA MAZZA PPH 360GM,105.0,PPH,360GM,,1676969391412-sujal foods pvt ltd-nepal-rasilo candy#3.png,RECODING,5,1,99764584,86.311066,106,SUJAL FOODS PVT LTD-NEPAL,RASILO CANDY,RASILO CANDY,RASILO CANDY- CHATPATA MAZZA PPH 335 GM,PLPCH,335.000 GM,UNSPECIFIED,,335.0,GM,100.0
109,2023-02-25,202302,1,122559184,12303010036,1676969391412,99764917,106,SUJAL FOODS PVT LTD-NEPAL,RASILO CANDY,RASILO CANDY- CHATPATA MAZZA PPH 360GM,105.0,PPH,360GM,,1676969391412-sujal foods pvt ltd-nepal-rasilo candy#3.png,RECODING,5,2,99764700,88.522415,106,SUJAL FOODS PVT LTD-NEPAL,RASILO CANDY,RASILO CANDY,RASILO CANDY- CHATPATA MAZZA PPH 336 GM,PLPCH,336.000 GM,UNSPECIFIED,,336.0,GM,80.0
109,2023-02-25,202302,1,122559184,12303010036,1676969391412,99764917,106,SUJAL FOODS PVT LTD-NEPAL,RASILO CANDY,RASILO CANDY- CHATPATA MAZZA PPH 360GM,105.0,PPH,360GM,,1676969391412-sujal foods pvt ltd-nepal-rasilo candy#3.png,RECODING,5,3,99764917,89.8501,106,SUJAL FOODS PVT LTD-NEPAL,RASILO CANDY,RASILO CANDY,RASILO CANDY- CHATPATA MAZZA PPH 360 GM,PLPCH,360.000 GM,UNSPECIFIED,,360.0,GM,105.0
109,2023-02-25,202302,1,122559184,12303010036,1676969391412,99764917,106,SUJAL FOODS PVT LTD-NEPAL,RASILO CANDY,RASILO CANDY- CHATPATA MAZZA PPH 360GM,105.0,PPH,360GM,,1676969391412-sujal foods pvt ltd-nepal-rasilo candy#3.png,RECODING,5,4,99764499,90.52345,106,SUJAL FOODS PVT LTD-NEPAL,RASILO CANDY,RASILO CANDY,RASILO CANDY- CHATPATA MAZZA PCN 560 GM,PLJAR,560.000 GM,UNSPECIFIED,,560.0,GM,150.0
109,2023-02-25,202302,1,122559184,12303010036,1676969391412,99764917,106,SUJAL FOODS PVT LTD-NEPAL,RASILO CANDY,RASILO CANDY- CHATPATA MAZZA PPH 360GM,105.0,PPH,360GM,,1676969391412-sujal foods pvt ltd-nepal-rasilo candy#3.png,RECODING,5,5,99762974,90.86742,106,SUJAL FOODS PVT LTD-NEPAL,RASILO CANDY,RASILO CANDY,RASILO CANDY- CHATPATA MAZZA PPH 3 GM,PLPCH,3.000 GM,UNSPECIFIED,,3.0,GM,1.0
109,2023-02-25,202302,1,122559184,12303010036,1676969391412,99764917,106,SUJAL FOODS PVT LTD-NEPAL,RASILO CANDY,RASILO CANDY- CHATPATA MAZZA PPH 360GM,105.0,PPH,360GM,,1676969391412-sujal foods pvt ltd-nepal-rasilo candy#3.png,RECODING,5,6,99764534,93.04253,106,SUJAL FOODS PVT LTD-NEPAL,RASILO CANDY,RASILO CANDY,RASILO CANDY- CHATPATA MAZZA PCN 1680 GM,PLJAR,1680.000 GM,UNSPECIFIED,,1680.0,GM,500.0
109,2023-02-25,202302,1,122559184,12303010036,1676969391412,99764917,106,SUJAL FOODS PVT LTD-NEPAL,RASILO CANDY,RASILO CANDY- CHATPATA MAZZA PPH 360GM,105.0,PPH,360GM,,1676969391412-sujal foods pvt ltd-nepal-rasilo candy#3.png,RECODING,5,7,99764500,93.889885,106,SUJAL FOODS PVT LTD-NEPAL,RASILO CANDY,RASILO CANDY,RASILO CANDY- CHATPATA MAZZA PCN 600 GM,PLJAR,600.000 GM,UNSPECIFIED,,600.0,GM,165.0
109,2023-02-25,202302,1,122559184,12303010036,1676969391412,99764917,106,SUJAL FOODS PVT LTD-NEPAL,RASILO CANDY,RASILO CANDY- CHATPATA MAZZA PPH 360GM,105.0,PPH,360GM,,1676969391412-sujal foods pvt ltd-nepal-rasilo candy#3.png,RECODING,5,8,91826096,94.203636,106,SUJAL FOODS PVT LTD-NEPAL,RASILO CANDY,RASILO CANDY,RASILO CANDY- CHATPATA MAZZA PPH 3.2 GM,PLPCH,3.200 GM,UNSPECIFIED,,3.2,GM,0.0
109,2023-02-25,202302,1,122559184,12303010036,1676969391412,99764917,106,SUJAL FOODS PVT LTD-NEPAL,RASILO CANDY,RASILO CANDY- CHATPATA MAZZA PPH 360GM,105.0,PPH,360GM,,1676969391412-sujal foods pvt ltd-nepal-rasilo candy#3.png,RECODING,5,9,99764648,97.52249,106,SUJAL FOODS PVT LTD-NEPAL,RASILO CANDY,RASILO CANDY,RASILO CANDY- CHATPATA MAZZA PCN 1800 GM,PLJAR,1800.000 GM,UNSPECIFIED,,1800.0,GM,600.0
109,2023-02-25,202302,1,122559184,12303010036,1676969391412,99764917,106,SUJAL FOODS PVT LTD-NEPAL,RASILO CANDY,RASILO CANDY- CHATPATA MAZZA PPH 360GM,105.0,PPH,360GM,,1676969391412-sujal foods pvt ltd-nepal-rasilo candy#3.png,RECODING,5,10,99764535,103.73613,106,SUJAL FOODS PVT LTD-NEPAL,RASILO CANDY,RASILO CANDY,RASILO CANDY- SPICY MAZZA PCN 640 GM,PLJAR,640.000 GM,UNSPECIFIED,,640.0,GM,165.0
110,2023-02-25,202302,1,122216788,31101010004,1677226288125,99764920,110,PREM HENNA PVT LTD-INDIA,NISHA,NISHA-CREAM BURGUNDY 3.16 CBP 60G+60ML+18ML,250.0,CBP,60G+60ML+18ML,,1677226288125-prem henna pvt ltd-india-nisha#3.png,RECODING,5,1,46040,89.775314,110,PREM HENNA PVT LTD-INDIA,NISHA,NISHA,NISHA-CREAM BURGUNDY 3.16-COLORENT 20G,PLPCH,40.000 GM,,BURGUNDY,40.0,GM,0.0
110,2023-02-25,202302,1,122216788,31101010004,1677226288125,99764920,110,PREM HENNA PVT LTD-INDIA,NISHA,NISHA-CREAM BURGUNDY 3.16 CBP 60G+60ML+18ML,250.0,CBP,60G+60ML+18ML,,1677226288125-prem henna pvt ltd-india-nisha#3.png,RECODING,5,2,52922,97.08359,110,PREM HENNA PVT LTD-INDIA,NISHA,NISHA,NISHA-CRM 3.16 BURGUNDY CLRN 60G CBP 138 GM,CDBOX,138.000 GM,,BURGUNDY,138.0,GM,0.0
110,2023-02-25,202302,1,122216788,31101010004,1677226288125,99764920,110,PREM HENNA PVT LTD-INDIA,NISHA,NISHA-CREAM BURGUNDY 3.16 CBP 60G+60ML+18ML,250.0,CBP,60G+60ML+18ML,,1677226288125-prem henna pvt ltd-india-nisha#3.png,RECODING,5,3,99763862,103.951935,110,PREM HENNA PVT LTD-INDIA,NISHA,NISHA,NISHA-CRM WINE BURGUNDY CLRNT 20G PPH 40 GM,PLPCH,40.000 GM,,BURGUNDY,40.0,GM,55.0
110,2023-02-25,202302,1,122216788,31101010004,1677226288125,99764920,110,PREM HENNA PVT LTD-INDIA,NISHA,NISHA-CREAM BURGUNDY 3.16 CBP 60G+60ML+18ML,250.0,CBP,60G+60ML+18ML,,1677226288125-prem henna pvt ltd-india-nisha#3.png,RECODING,5,4,91927577,105.67641,110,PREM HENNA PVT LTD-INDIA,NISHA,NISHA COLOR PERFECT,NISHA COLOR PERFECT-BURGUNDY 3.16-COLORENT 20G,PLPCH,40.000 GM,,BURGUNDY,40.0,GM,0.0
110,2023-02-25,202302,1,122216788,31101010004,1677226288125,99764920,110,PREM HENNA PVT LTD-INDIA,NISHA,NISHA-CREAM BURGUNDY 3.16 CBP 60G+60ML+18ML,250.0,CBP,60G+60ML+18ML,,1677226288125-prem henna pvt ltd-india-nisha#3.png,RECODING,5,5,99764920,105.83428,110,PREM HENNA PVT LTD-INDIA,NISHA,NISHA CRÈME HAIR COLOR,NISHA CRÈME HAIR COLOR-3.16 BURGUNDY-CLRNT 60G-CBP 120GM,CDBOX,120.000 GM,,BURGUNDY,120.0,GM,250.0
110,2023-02-25,202302,1,122216788,31101010004,1677226288125,99764920,110,PREM HENNA PVT LTD-INDIA,NISHA,NISHA-CREAM BURGUNDY 3.16 CBP 60G+60ML+18ML,250.0,CBP,60G+60ML+18ML,,1677226288125-prem henna pvt ltd-india-nisha#3.png,RECODING,5,6,52521,106.93486,110,PREM HENNA PVT LTD-INDIA,NISHA,NISHA,NISHA-CREAM 8.1 GOLDENBLONDE-CLRNT 60G-CBP 168G,CDBOX,168.000 GM,,GOLDEN BLONDE,168.0,GM,0.0
110,2023-02-25,202302,1,122216788,31101010004,1677226288125,99764920,110,PREM HENNA PVT LTD-INDIA,NISHA,NISHA-CREAM BURGUNDY 3.16 CBP 60G+60ML+18ML,250.0,CBP,60G+60ML+18ML,,1677226288125-prem henna pvt ltd-india-nisha#3.png,RECODING,5,7,47155,110.677704,110,PREM HENNA PVT LTD-INDIA,NISHA,NISHA NATURAL HENNA,NISHA NATURAL HENNA-NATURAL BURGUNDY PPH 15 G,PLPCH,15.000 GM,,BURGUNDY,15.0,GM,0.0
110,2023-02-25,202302,1,122216788,31101010004,1677226288125,99764920,110,PREM HENNA PVT LTD-INDIA,NISHA,NISHA-CREAM BURGUNDY 3.16 CBP 60G+60ML+18ML,250.0,CBP,60G+60ML+18ML,,1677226288125-prem henna pvt ltd-india-nisha#3.png,RECODING,5,8,52520,111.73338,110,PREM HENNA PVT LTD-INDIA,NISHA,NISHA,NISHA-CREAM FLAME RED-CLRNT 60G-CBP 168G,CDBOX,168.000 GM,,FLAME RED,168.0,GM,0.0
110,2023-02-25,202302,1,122216788,31101010004,1677226288125,99764920,110,PREM HENNA PVT LTD-INDIA,NISHA,NISHA-CREAM BURGUNDY 3.16 CBP 60G+60ML+18ML,250.0,CBP,60G+60ML+18ML,,1677226288125-prem henna pvt ltd-india-nisha#3.png,RECODING,5,9,46961,117.82945,110,PREM HENNA PVT LTD-INDIA,NISHA,NISHA,NISHA-CREAM GOLDEN BROWN 4.3-COLORENT 20G,PLPCH,40.000 GM,,GOLDEN BROWN,40.0,GM,0.0
110,2023-02-25,202302,1,122216788,31101010004,1677226288125,99764920,110,PREM HENNA PVT LTD-INDIA,NISHA,NISHA-CREAM BURGUNDY 3.16 CBP 60G+60ML+18ML,250.0,CBP,60G+60ML+18ML,,1677226288125-prem henna pvt ltd-india-nisha#3.png,RECODING,5,10,51079,118.12489,110,PREM HENNA PVT LTD-INDIA,NISHA,NISHA,NISHA-CREAM HONEY BLONDE 7.3-CLRNT 60G-CBP 168G,CDBOX,168.000 GM,,HONEY,168.0,GM,0.0
111,2023-02-25,202302,1,122531509,31101010085,1677218755186,99764922,123,KARUNA SOAP & CHEMICALS-NEPAL,PALUWA,PALUWA-LAUNDRY SOAP PPH 400GM,100.0,PPH,400GM,,1677218755186-karuna soap - chemicals-nepal-paluwa#3.png,RECODING,5,1,99764922,76.262375,123,KARUNA SOAP & CHEMICALS-NEPAL,PALUWA,PALUWA,PALUWA-EXTRA CLEAN LAUNDRY SOAP PPH 3*133 GM,PLPCH,133.000 GM,,,400.0,GM,100.0
111,2023-02-25,202302,1,122531509,31101010085,1677218755186,99764922,123,KARUNA SOAP & CHEMICALS-NEPAL,PALUWA,PALUWA-LAUNDRY SOAP PPH 400GM,100.0,PPH,400GM,,1677218755186-karuna soap - chemicals-nepal-paluwa#3.png,RECODING,5,2,99762905,79.576416,123,KARUNA SOAP & CHEMICALS-NEPAL,PALUWA,PALUWA,PALUWA-LAUNDRY SOAP PPH 150 GM,PLPCH,150.000 GM,,,150.0,GM,30.0
111,2023-02-25,202302,1,122531509,31101010085,1677218755186,99764922,123,KARUNA SOAP & CHEMICALS-NEPAL,PALUWA,PALUWA-LAUNDRY SOAP PPH 400GM,100.0,PPH,400GM,,1677218755186-karuna soap - chemicals-nepal-paluwa#3.png,RECODING,5,3,99764472,101.86412,123,KARUNA SOAP & CHEMICALS-NEPAL,KARUNA,KARUNA GOLD,KARUNA GOLD-EXTRA CLEAN LAUNDRY SOAP PPH 3*134 GM [400 GM],PLPCH,134.000 GM,,,400.0,GM,100.0
111,2023-02-25,202302,1,122531509,31101010085,1677218755186,99764922,123,KARUNA SOAP & CHEMICALS-NEPAL,PALUWA,PALUWA-LAUNDRY SOAP PPH 400GM,100.0,PPH,400GM,,1677218755186-karuna soap - chemicals-nepal-paluwa#3.png,RECODING,5,4,99764371,101.90358,123,KARUNA SOAP & CHEMICALS-NEPAL,MANJARI,MANJARI,MANJARI-LAUNDRY SOAP PPH 300 GM,PLPCH,300.000 GM,,,300.0,GM,50.0
111,2023-02-25,202302,1,122531509,31101010085,1677218755186,99764922,123,KARUNA SOAP & CHEMICALS-NEPAL,PALUWA,PALUWA-LAUNDRY SOAP PPH 400GM,100.0,PPH,400GM,,1677218755186-karuna soap - chemicals-nepal-paluwa#3.png,RECODING,5,5,99764307,106.22949,123,KARUNA SOAP & CHEMICALS-NEPAL,DHARTI,DHARTI,DHARTI-LAUNDRY SOAP PPH 3*134 GM [400 GM],PLPCH,134.000 GM,,,400.0,GM,100.0
111,2023-02-25,202302,1,122531509,31101010085,1677218755186,99764922,123,KARUNA SOAP & CHEMICALS-NEPAL,PALUWA,PALUWA-LAUNDRY SOAP PPH 400GM,100.0,PPH,400GM,,1677218755186-karuna soap - chemicals-nepal-paluwa#3.png,RECODING,5,6,99762531,113.516525,123,KARUNA SOAP & CHEMICALS-NEPAL,PALUWA,PALUWA,PALUWA-ASH & LEMON PPH 200 GM,PLPCH,200.000 GM,,,200.0,GM,20.0
111,2023-02-25,202302,1,122531509,31101010085,1677218755186,99764922,123,KARUNA SOAP & CHEMICALS-NEPAL,PALUWA,PALUWA-LAUNDRY SOAP PPH 400GM,100.0,PPH,400GM,,1677218755186-karuna soap - chemicals-nepal-paluwa#3.png,RECODING,5,7,99762597,118.546646,123,KARUNA SOAP & CHEMICALS-NEPAL,DHARTI,DHARTI,DHARTI-LAUNDRY SOAP PPH 200 GM,PLPCH,200.000 GM,,,200.0,GM,40.0
111,2023-02-25,202302,1,122531509,31101010085,1677218755186,99764922,123,KARUNA SOAP & CHEMICALS-NEPAL,PALUWA,PALUWA-LAUNDRY SOAP PPH 400GM,100.0,PPH,400GM,,1677218755186-karuna soap - chemicals-nepal-paluwa#3.png,RECODING,5,8,54309,118.7247,123,KARUNA SOAP & CHEMICALS-NEPAL,DHARTI,DHARTI,DHARTI-LAUNDRY SOAP PPH 210 GM,PLPCH,210.000 GM,,,210.0,GM,0.0
111,2023-02-25,202302,1,122531509,31101010085,1677218755186,99764922,123,KARUNA SOAP & CHEMICALS-NEPAL,PALUWA,PALUWA-LAUNDRY SOAP PPH 400GM,100.0,PPH,400GM,,1677218755186-karuna soap - chemicals-nepal-paluwa#3.png,RECODING,5,9,52134,118.93048,123,KARUNA SOAP & CHEMICALS-NEPAL,DHARTI,DHARTI,DHARTI-LAUNDRY SOAP PPH 220 GM,PLPCH,220.000 GM,,,220.0,GM,0.0
111,2023-02-25,202302,1,122531509,31101010085,1677218755186,99764922,123,KARUNA SOAP & CHEMICALS-NEPAL,PALUWA,PALUWA-LAUNDRY SOAP PPH 400GM,100.0,PPH,400GM,,1677218755186-karuna soap - chemicals-nepal-paluwa#3.png,RECODING,5,10,53339,121.078476,123,KARUNA SOAP & CHEMICALS-NEPAL,DHARTI,DHARTI,DHARTI-LAUNDRY SOAP PPH 600 GM,PLPCH,600.000 GM,,,600.0,GM,0.0
112,2023-02-25,202302,1,117672282,51302010003,1677227986750,99764859,122,GOPAL SOAP INDUSTRIES - NEPAL,RIT,RIT DETERGENT POWDER/200GM/PPH,20.0,PPH,200GM ,,1677227986750-gopal soap industries - nepal-rit#3.png,RECODING,5,1,99764859,76.98705,122,GOPAL SOAP INDUSTRIES - NEPAL,RIT,RIT,RIT- DETERGENT POWDER PPH 200 GM,PLPCH,200.000 GM,,,200.0,GM,20.0
112,2023-02-25,202302,1,117672282,51302010003,1677227986750,99764859,122,GOPAL SOAP INDUSTRIES - NEPAL,RIT,RIT DETERGENT POWDER/200GM/PPH,20.0,PPH,200GM ,,1677227986750-gopal soap industries - nepal-rit#3.png,RECODING,5,2,99764927,78.52675,122,GOPAL SOAP INDUSTRIES - NEPAL,RIT,RIT,RIT- DETERGENT POWDER PPH 900 GM,PLPCH,900.000 GM,,,900.0,GM,90.0
112,2023-02-25,202302,1,117672282,51302010003,1677227986750,99764859,122,GOPAL SOAP INDUSTRIES - NEPAL,RIT,RIT DETERGENT POWDER/200GM/PPH,20.0,PPH,200GM ,,1677227986750-gopal soap industries - nepal-rit#3.png,RECODING,5,3,99762546,95.69665,122,GOPAL SOAP INDUSTRIES - NEPAL,RASNA,RASNA,RASNA- DETERGENT POWDER PPH 200 GM,PLPCH,200.000 GM,,,200.0,GM,20.0
112,2023-02-25,202302,1,117672282,51302010003,1677227986750,99764859,122,GOPAL SOAP INDUSTRIES - NEPAL,RIT,RIT DETERGENT POWDER/200GM/PPH,20.0,PPH,200GM ,,1677227986750-gopal soap industries - nepal-rit#3.png,RECODING,5,4,99763177,96.83536,122,GOPAL SOAP INDUSTRIES - NEPAL,RASNA,RASNA,RASNA- DETERGENT POWDER PPH 1000 GM,PLPCH,1000.000 GM,,,1000.0,GM,100.0
112,2023-02-25,202302,1,117672282,51302010003,1677227986750,99764859,122,GOPAL SOAP INDUSTRIES - NEPAL,RIT,RIT DETERGENT POWDER/200GM/PPH,20.0,PPH,200GM ,,1677227986750-gopal soap industries - nepal-rit#3.png,RECODING,5,5,53839,97.083694,122,GOPAL SOAP INDUSTRIES - NEPAL,RASNA,RASNA,RASNA- DETERGENT POWDER PPH 225 GM,PLPCH,225.000 GM,,,225.0,GM,0.0
112,2023-02-25,202302,1,117672282,51302010003,1677227986750,99764859,122,GOPAL SOAP INDUSTRIES - NEPAL,RIT,RIT DETERGENT POWDER/200GM/PPH,20.0,PPH,200GM ,,1677227986750-gopal soap industries - nepal-rit#3.png,RECODING,5,6,99764366,117.08865,122,GOPAL SOAP INDUSTRIES - NEPAL,V SERIES,V SERIES HERBAL,V SERIES HERBAL-OXI POWER DETERGENT POWDER PPH 750 GM,PLPCH,750.000 GM,,,750.0,GM,100.0
112,2023-02-25,202302,1,117672282,51302010003,1677227986750,99764859,122,GOPAL SOAP INDUSTRIES - NEPAL,RIT,RIT DETERGENT POWDER/200GM/PPH,20.0,PPH,200GM ,,1677227986750-gopal soap industries - nepal-rit#3.png,RECODING,5,7,54994,120.75972,123,GOPAL SOAP INDUSTRIES - NEPAL,V SERIES,V SERIES PLUS,V SERIES PLUS-HRBL DISHWASH PPH 80 GM+15GM EX,PLPCH,80.000 GM,,,95.0,GM,0.0
112,2023-02-25,202302,1,117672282,51302010003,1677227986750,99764859,122,GOPAL SOAP INDUSTRIES - NEPAL,RIT,RIT DETERGENT POWDER/200GM/PPH,20.0,PPH,200GM ,,1677227986750-gopal soap industries - nepal-rit#3.png,RECODING,5,8,54989,120.77922,123,GOPAL SOAP INDUSTRIES - NEPAL,V SERIES,V SERIES PLUS,V SERIES PLUS- HRBL DISHWASH PPH 170 GM+30GM EX,PLPCH,170.000 GM,,,200.0,GM,0.0
112,2023-02-25,202302,1,117672282,51302010003,1677227986750,99764859,122,GOPAL SOAP INDUSTRIES - NEPAL,RIT,RIT DETERGENT POWDER/200GM/PPH,20.0,PPH,200GM ,,1677227986750-gopal soap industries - nepal-rit#3.png,RECODING,5,9,93060881,122.39756,122,GOPAL SOAP INDUSTRIES - NEPAL,V SERIES,V SERIES GOLD,V SERIES GOLD-PPH 350G+4ML REJOIC ANTIDND SHMP 2PC,PLPCH,350.000 GM,,,350.0,GM,0.0
112,2023-02-25,202302,1,117672282,51302010003,1677227986750,99764859,122,GOPAL SOAP INDUSTRIES - NEPAL,RIT,RIT DETERGENT POWDER/200GM/PPH,20.0,PPH,200GM ,,1677227986750-gopal soap industries - nepal-rit#3.png,RECODING,5,10,50749,122.78464,122,GOPAL SOAP INDUSTRIES - NEPAL,V SERIES,V SERIES XPERT,V SERIES XPERT-PPH 3000 GM,PLPCH,3000.000 GM,,,3000.0,GM,0.0
113,2023-02-25,202302,2,130143407,21401020029,1676790864460,99764925,118,VARUN BEVERAGE -NEPAL,MOUNTAIN DEW,MOUNTAIN DEW/FREE STING,260.0,PBT,2250,,1676790864460-varun beverage -nepal-mountain dew#3.png,RECODING,5,1,99764925,113.375534,118,VARUN BEVERAGE -NEPAL,MOUNTAIN DEW,MOUNTAIN DEW,MOUNTAIN DEW PET 2250 ML+250 ML STING FREE,PET,2250.000 ML,LEMON,,2250.0,ML,260.0
113,2023-02-25,202302,2,130143407,21401020029,1676790864460,99764925,118,VARUN BEVERAGE -NEPAL,MOUNTAIN DEW,MOUNTAIN DEW/FREE STING,260.0,PBT,2250,,1676790864460-varun beverage -nepal-mountain dew#3.png,RECODING,5,2,20110254,132.45224,118,VARUN BEVERAGE -NEPAL,MOUNTAIN DEW,MOUNTAIN DEW,PET 1500 ML,PET,1500.000 ML,LEMON,,1500.0,ML,0.0
113,2023-02-25,202302,2,130143407,21401020029,1676790864460,99764925,118,VARUN BEVERAGE -NEPAL,MOUNTAIN DEW,MOUNTAIN DEW/FREE STING,260.0,PBT,2250,,1676790864460-varun beverage -nepal-mountain dew#3.png,RECODING,5,3,99765341,132.81017,118,VARUN BEVERAGE -NEPAL,7 UP,7 UP,PET 2250 ML+250 ML MOUNTAIN DEW FREE,PET,2250.000 ML,LEMON,,2250.0,ML,270.0
113,2023-02-25,202302,2,130143407,21401020029,1676790864460,99764925,118,VARUN BEVERAGE -NEPAL,MOUNTAIN DEW,MOUNTAIN DEW/FREE STING,260.0,PBT,2250,,1676790864460-varun beverage -nepal-mountain dew#3.png,RECODING,5,4,49149,133.11066,118,VARUN BEVERAGE -NEPAL,MOUNTAIN DEW,MOUNTAIN DEW,PET 300 ML,PET,300.000 ML,LEMON,,300.0,ML,0.0
113,2023-02-25,202302,2,130143407,21401020029,1676790864460,99764925,118,VARUN BEVERAGE -NEPAL,MOUNTAIN DEW,MOUNTAIN DEW/FREE STING,260.0,PBT,2250,,1676790864460-varun beverage -nepal-mountain dew#3.png,RECODING,5,5,20110264,135.19495,118,VARUN BEVERAGE -NEPAL,MOUNTAIN DEW,MOUNTAIN DEW,PET 2000 ML,PET,2000.000 ML,LEMON,,2000.0,ML,0.0
113,2023-02-25,202302,2,130143407,21401020029,1676790864460,99764925,118,VARUN BEVERAGE -NEPAL,MOUNTAIN DEW,MOUNTAIN DEW/FREE STING,260.0,PBT,2250,,1676790864460-varun beverage -nepal-mountain dew#3.png,RECODING,5,6,20110236,136.07149,118,VARUN BEVERAGE -NEPAL,MOUNTAIN DEW,MOUNTAIN DEW,PET 500 ML,PET,500.000 ML,LEMON,,500.0,ML,0.0
113,2023-02-25,202302,2,130143407,21401020029,1676790864460,99764925,118,VARUN BEVERAGE -NEPAL,MOUNTAIN DEW,MOUNTAIN DEW/FREE STING,260.0,PBT,2250,,1676790864460-varun beverage -nepal-mountain dew#3.png,RECODING,5,7,20121485,137.12247,118,VARUN BEVERAGE -NEPAL,MOUNTAIN DEW,MOUNTAIN DEW,PET 2250 ML,PET,2250.000 ML,LEMON,,2250.0,ML,0.0
113,2023-02-25,202302,2,130143407,21401020029,1676790864460,99764925,118,VARUN BEVERAGE -NEPAL,MOUNTAIN DEW,MOUNTAIN DEW/FREE STING,260.0,PBT,2250,,1676790864460-varun beverage -nepal-mountain dew#3.png,RECODING,5,8,20110378,137.25592,118,VARUN BEVERAGE -NEPAL,MOUNTAIN DEW,MOUNTAIN DEW,PET 600 ML,PET,600.000 ML,LEMON,,600.0,ML,0.0
113,2023-02-25,202302,2,130143407,21401020029,1676790864460,99764925,118,VARUN BEVERAGE -NEPAL,MOUNTAIN DEW,MOUNTAIN DEW/FREE STING,260.0,PBT,2250,,1676790864460-varun beverage -nepal-mountain dew#3.png,RECODING,5,9,20110436,137.40285,118,VARUN BEVERAGE -NEPAL,MOUNTAIN DEW,MOUNTAIN DEW,PET 250 ML,PET,250.000 ML,LEMON,,250.0,ML,0.0
113,2023-02-25,202302,2,130143407,21401020029,1676790864460,99764925,118,VARUN BEVERAGE -NEPAL,MOUNTAIN DEW,MOUNTAIN DEW/FREE STING,260.0,PBT,2250,,1676790864460-varun beverage -nepal-mountain dew#3.png,RECODING,5,10,20110312,137.55658,118,VARUN BEVERAGE -NEPAL,MOUNTAIN DEW,MOUNTAIN DEW,PET 1000 ML,PET,1000.000 ML,LEMON,,1000.0,ML,0.0
114,2023-02-25,202302,1,129374066,21401010032,1677217923936,99764851,106,PERFETTI VAN MELLE-INDIA,MENTOS,MENTOS-ASSORTED/PCN/499.5GM+40.5GM FREE(185Ã—2.7GM+15UNITS OF 2.7 GM)/PERFETTI VAN MELLE,462.5,PCN,499.5+40.4GM FREE,,1677217923936-perfetti van melle-india-mentos#3.png,RECODING,5,1,99764851,79.785706,106,PERFETTI VAN MELLE-INDIA,MENTOS,MENTOS,MENTOS-ASSORTED PCN 499.5 GM+40.5 GM FREE,PLJAR,499.500 GM,ASSORTED,,540.0,GM,462.5
114,2023-02-25,202302,1,129374066,21401010032,1677217923936,99764851,106,PERFETTI VAN MELLE-INDIA,MENTOS,MENTOS-ASSORTED/PCN/499.5GM+40.5GM FREE(185Ã—2.7GM+15UNITS OF 2.7 GM)/PERFETTI VAN MELLE,462.5,PCN,499.5+40.4GM FREE,,1677217923936-perfetti van melle-india-mentos#3.png,RECODING,5,2,99764530,98.61337,106,PERFETTI VAN MELLE-INDIA,MENTOS,MENTOS,MENTOS-ASSORTED PCN 520 GM,PLJAR,520.000 GM,ASSORTED,,520.0,GM,200.0
114,2023-02-25,202302,1,129374066,21401010032,1677217923936,99764851,106,PERFETTI VAN MELLE-INDIA,MENTOS,MENTOS-ASSORTED/PCN/499.5GM+40.5GM FREE(185Ã—2.7GM+15UNITS OF 2.7 GM)/PERFETTI VAN MELLE,462.5,PCN,499.5+40.4GM FREE,,1677217923936-perfetti van melle-india-mentos#3.png,RECODING,5,3,47256,109.629715,106,PERFETTI VAN MELLE-INDIA,MENTOS,MENTOS,MENTOS-ASSORTED PPH 2.6 GM,PLPCH,2.600 GM,ASSORTED,,2.6,GM,0.0
114,2023-02-25,202302,1,129374066,21401010032,1677217923936,99764851,106,PERFETTI VAN MELLE-INDIA,MENTOS,MENTOS-ASSORTED/PCN/499.5GM+40.5GM FREE(185Ã—2.7GM+15UNITS OF 2.7 GM)/PERFETTI VAN MELLE,462.5,PCN,499.5+40.4GM FREE,,1677217923936-perfetti van melle-india-mentos#3.png,RECODING,5,4,99764422,118.21025,106,PERFETTI VAN MELLE-INDIA,MENTOS,MENTOS MINI RAINBOW,MENTOS MINI RAINBOW-ASSORTED PCN 1000 GM,PLJAR,1000.000 GM,ASSORTED,,1000.0,GM,1000.0
114,2023-02-25,202302,1,129374066,21401010032,1677217923936,99764851,106,PERFETTI VAN MELLE-INDIA,MENTOS,MENTOS-ASSORTED/PCN/499.5GM+40.5GM FREE(185Ã—2.7GM+15UNITS OF 2.7 GM)/PERFETTI VAN MELLE,462.5,PCN,499.5+40.4GM FREE,,1677217923936-perfetti van melle-india-mentos#3.png,RECODING,5,5,91826233,121.10124,106,PERFETTI VAN MELLE-INDIA,MENTOS,MENTOS,MENTOS- ORANGE PPH 3.5 GM,PLPCH,3.500 GM,ORANGE,,3.5,GM,0.0
114,2023-02-25,202302,1,129374066,21401010032,1677217923936,99764851,106,PERFETTI VAN MELLE-INDIA,MENTOS,MENTOS-ASSORTED/PCN/499.5GM+40.5GM FREE(185Ã—2.7GM+15UNITS OF 2.7 GM)/PERFETTI VAN MELLE,462.5,PCN,499.5+40.4GM FREE,,1677217923936-perfetti van melle-india-mentos#3.png,RECODING,5,6,91826227,124.78098,106,PERFETTI VAN MELLE-INDIA,MENTOS,MENTOS,MENTOS- ORANGE PPH 3.4 GM,PLPCH,3.400 GM,ORANGE,,3.4,GM,0.0
114,2023-02-25,202302,1,129374066,21401010032,1677217923936,99764851,106,PERFETTI VAN MELLE-INDIA,MENTOS,MENTOS-ASSORTED/PCN/499.5GM+40.5GM FREE(185Ã—2.7GM+15UNITS OF 2.7 GM)/PERFETTI VAN MELLE,462.5,PCN,499.5+40.4GM FREE,,1677217923936-perfetti van melle-india-mentos#3.png,RECODING,5,7,91826232,125.75601,106,PERFETTI VAN MELLE-INDIA,MENTOS,MENTOS,MENTOS- MINT PPH 3.5 GM,PLPCH,3.500 GM,MINT,,3.5,GM,0.0
114,2023-02-25,202302,1,129374066,21401010032,1677217923936,99764851,106,PERFETTI VAN MELLE-INDIA,MENTOS,MENTOS-ASSORTED/PCN/499.5GM+40.5GM FREE(185Ã—2.7GM+15UNITS OF 2.7 GM)/PERFETTI VAN MELLE,462.5,PCN,499.5+40.4GM FREE,,1677217923936-perfetti van melle-india-mentos#3.png,RECODING,5,8,52919,126.90258,106,PERFETTI VAN MELLE-INDIA,MENTOS,MENTOS,MENTOS-ORANGE PPH 20.8 GM,PLPCH,20.800 GM,ORANGE,,20.8,GM,0.0
114,2023-02-25,202302,1,129374066,21401010032,1677217923936,99764851,106,PERFETTI VAN MELLE-INDIA,MENTOS,MENTOS-ASSORTED/PCN/499.5GM+40.5GM FREE(185Ã—2.7GM+15UNITS OF 2.7 GM)/PERFETTI VAN MELLE,462.5,PCN,499.5+40.4GM FREE,,1677217923936-perfetti van melle-india-mentos#3.png,RECODING,5,9,91826236,127.89122,106,PERFETTI VAN MELLE-INDIA,MENTOS,MENTOS,MENTOS- COLA PPH 3.5 GM,PLPCH,3.500 GM,COLA,,3.5,GM,0.0
114,2023-02-25,202302,1,129374066,21401010032,1677217923936,99764851,106,PERFETTI VAN MELLE-INDIA,MENTOS,MENTOS-ASSORTED/PCN/499.5GM+40.5GM FREE(185Ã—2.7GM+15UNITS OF 2.7 GM)/PERFETTI VAN MELLE,462.5,PCN,499.5+40.4GM FREE,,1677217923936-perfetti van melle-india-mentos#3.png,RECODING,5,10,91826228,128.11691,106,PERFETTI VAN MELLE-INDIA,MENTOS,MENTOS,MENTOS- MINT  PPH 3.4 GM,PLPCH,3.400 GM,MINT,,3.4,GM,0.0
115,2023-02-25,202302,1,129175846,21401010030,1677217923936,99764851,106,PERFETTI VAN MELLE-INDIA,MENTOS,MENTOS-ASSORTED/PCN/499.5GM+40.5GM FREE(185Ã—2.7GM+15UNITS OF 2.7 GM)/PERFETTI VAN MELLE,462.5,PCN,499.5+40.4GM FREE,,1677217923936-perfetti van melle-india-mentos#3.png,RECODING,5,1,99764851,83.28077,106,PERFETTI VAN MELLE-INDIA,MENTOS,MENTOS,MENTOS-ASSORTED PCN 499.5 GM+40.5 GM FREE,PLJAR,499.500 GM,ASSORTED,,540.0,GM,462.5
115,2023-02-25,202302,1,129175846,21401010030,1677217923936,99764851,106,PERFETTI VAN MELLE-INDIA,MENTOS,MENTOS-ASSORTED/PCN/499.5GM+40.5GM FREE(185Ã—2.7GM+15UNITS OF 2.7 GM)/PERFETTI VAN MELLE,462.5,PCN,499.5+40.4GM FREE,,1677217923936-perfetti van melle-india-mentos#3.png,RECODING,5,2,99764530,102.197845,106,PERFETTI VAN MELLE-INDIA,MENTOS,MENTOS,MENTOS-ASSORTED PCN 520 GM,PLJAR,520.000 GM,ASSORTED,,520.0,GM,200.0
115,2023-02-25,202302,1,129175846,21401010030,1677217923936,99764851,106,PERFETTI VAN MELLE-INDIA,MENTOS,MENTOS-ASSORTED/PCN/499.5GM+40.5GM FREE(185Ã—2.7GM+15UNITS OF 2.7 GM)/PERFETTI VAN MELLE,462.5,PCN,499.5+40.4GM FREE,,1677217923936-perfetti van melle-india-mentos#3.png,RECODING,5,3,47256,113.98072,106,PERFETTI VAN MELLE-INDIA,MENTOS,MENTOS,MENTOS-ASSORTED PPH 2.6 GM,PLPCH,2.600 GM,ASSORTED,,2.6,GM,0.0
115,2023-02-25,202302,1,129175846,21401010030,1677217923936,99764851,106,PERFETTI VAN MELLE-INDIA,MENTOS,MENTOS-ASSORTED/PCN/499.5GM+40.5GM FREE(185Ã—2.7GM+15UNITS OF 2.7 GM)/PERFETTI VAN MELLE,462.5,PCN,499.5+40.4GM FREE,,1677217923936-perfetti van melle-india-mentos#3.png,RECODING,5,4,99764422,120.93088,106,PERFETTI VAN MELLE-INDIA,MENTOS,MENTOS MINI RAINBOW,MENTOS MINI RAINBOW-ASSORTED PCN 1000 GM,PLJAR,1000.000 GM,ASSORTED,,1000.0,GM,1000.0
115,2023-02-25,202302,1,129175846,21401010030,1677217923936,99764851,106,PERFETTI VAN MELLE-INDIA,MENTOS,MENTOS-ASSORTED/PCN/499.5GM+40.5GM FREE(185Ã—2.7GM+15UNITS OF 2.7 GM)/PERFETTI VAN MELLE,462.5,PCN,499.5+40.4GM FREE,,1677217923936-perfetti van melle-india-mentos#3.png,RECODING,5,5,91826233,124.83275,106,PERFETTI VAN MELLE-INDIA,MENTOS,MENTOS,MENTOS- ORANGE PPH 3.5 GM,PLPCH,3.500 GM,ORANGE,,3.5,GM,0.0
115,2023-02-25,202302,1,129175846,21401010030,1677217923936,99764851,106,PERFETTI VAN MELLE-INDIA,MENTOS,MENTOS-ASSORTED/PCN/499.5GM+40.5GM FREE(185Ã—2.7GM+15UNITS OF 2.7 GM)/PERFETTI VAN MELLE,462.5,PCN,499.5+40.4GM FREE,,1677217923936-perfetti van melle-india-mentos#3.png,RECODING,5,6,91826227,128.48006,106,PERFETTI VAN MELLE-INDIA,MENTOS,MENTOS,MENTOS- ORANGE PPH 3.4 GM,PLPCH,3.400 GM,ORANGE,,3.4,GM,0.0
115,2023-02-25,202302,1,129175846,21401010030,1677217923936,99764851,106,PERFETTI VAN MELLE-INDIA,MENTOS,MENTOS-ASSORTED/PCN/499.5GM+40.5GM FREE(185Ã—2.7GM+15UNITS OF 2.7 GM)/PERFETTI VAN MELLE,462.5,PCN,499.5+40.4GM FREE,,1677217923936-perfetti van melle-india-mentos#3.png,RECODING,5,7,91826232,129.39551,106,PERFETTI VAN MELLE-INDIA,MENTOS,MENTOS,MENTOS- MINT PPH 3.5 GM,PLPCH,3.500 GM,MINT,,3.5,GM,0.0
115,2023-02-25,202302,1,129175846,21401010030,1677217923936,99764851,106,PERFETTI VAN MELLE-INDIA,MENTOS,MENTOS-ASSORTED/PCN/499.5GM+40.5GM FREE(185Ã—2.7GM+15UNITS OF 2.7 GM)/PERFETTI VAN MELLE,462.5,PCN,499.5+40.4GM FREE,,1677217923936-perfetti van melle-india-mentos#3.png,RECODING,5,8,52919,130.56036,106,PERFETTI VAN MELLE-INDIA,MENTOS,MENTOS,MENTOS-ORANGE PPH 20.8 GM,PLPCH,20.800 GM,ORANGE,,20.8,GM,0.0
115,2023-02-25,202302,1,129175846,21401010030,1677217923936,99764851,106,PERFETTI VAN MELLE-INDIA,MENTOS,MENTOS-ASSORTED/PCN/499.5GM+40.5GM FREE(185Ã—2.7GM+15UNITS OF 2.7 GM)/PERFETTI VAN MELLE,462.5,PCN,499.5+40.4GM FREE,,1677217923936-perfetti van melle-india-mentos#3.png,RECODING,5,9,91826236,131.3516,106,PERFETTI VAN MELLE-INDIA,MENTOS,MENTOS,MENTOS- COLA PPH 3.5 GM,PLPCH,3.500 GM,COLA,,3.5,GM,0.0
115,2023-02-25,202302,1,129175846,21401010030,1677217923936,99764851,106,PERFETTI VAN MELLE-INDIA,MENTOS,MENTOS-ASSORTED/PCN/499.5GM+40.5GM FREE(185Ã—2.7GM+15UNITS OF 2.7 GM)/PERFETTI VAN MELLE,462.5,PCN,499.5+40.4GM FREE,,1677217923936-perfetti van melle-india-mentos#3.png,RECODING,5,10,91826228,131.71857,106,PERFETTI VAN MELLE-INDIA,MENTOS,MENTOS,MENTOS- MINT  PPH 3.4 GM,PLPCH,3.400 GM,MINT,,3.4,GM,0.0
116,2023-02-25,202302,1,121892265,12303010029,1676974601468,99764919,106,SUJAL FOODS PVT LTD-NEPAL,PINEAPPLE TART,SUJAL PINEAPPLE TART PCN 660GM,165.0,PCN,660GM,,1676974601468-sujal foods pvt ltd-nepal-pineapple tart#3.png,RECODING,5,1,99764919,111.77296,106,SUJAL FOODS PVT LTD-NEPAL,SUJAL,SUJAL PINEAPPLE TART,SUJAL PINEAPPLE TART-CENTER FILLLED CANDY PCN 660 GM,PLJAR,660.000 GM,PINEAPPLE,,660.0,GM,165.0
116,2023-02-25,202302,1,121892265,12303010029,1676974601468,99764919,106,SUJAL FOODS PVT LTD-NEPAL,PINEAPPLE TART,SUJAL PINEAPPLE TART PCN 660GM,165.0,PCN,660GM,,1676974601468-sujal foods pvt ltd-nepal-pineapple tart#3.png,RECODING,5,2,99762973,150.27756,106,SURYA NEPAL PVT LTD - NEPAL,TOFFICHO TADKA,TOFFICHO TADKA,TOFFICHO TADKA-CHAT PINEAPPLE PPH 3.8 GM,PLPCH,3.800 GM,PINEAPPLE,,3.8,GM,2.5
116,2023-02-25,202302,1,121892265,12303010029,1676974601468,99764919,106,SUJAL FOODS PVT LTD-NEPAL,PINEAPPLE TART,SUJAL PINEAPPLE TART PCN 660GM,165.0,PCN,660GM,,1676974601468-sujal foods pvt ltd-nepal-pineapple tart#3.png,RECODING,5,3,99764585,150.51102,106,SURYA NEPAL PVT LTD - NEPAL,TOFFICHOO TADKA,TOFFICHOO TADKA,TOFFICHOO TADKA-CHAT MASALA PINEAPPLE PCN 760GM,PLJAR,760.000 GM,PINEAPPLE,,760.0,GM,500.0
116,2023-02-25,202302,1,121892265,12303010029,1676974601468,99764919,106,SUJAL FOODS PVT LTD-NEPAL,PINEAPPLE TART,SUJAL PINEAPPLE TART PCN 660GM,165.0,PCN,660GM,,1676974601468-sujal foods pvt ltd-nepal-pineapple tart#3.png,RECODING,5,4,48023,150.59877,106,SURYA NEPAL PVT LTD - NEPAL,TOFFICHO TADKA,TOFFICHO TADKA,TOFFICHO TADKA-CHAT PINEAPPLE PPH 4 GM,PLPCH,4.000 GM,PINEAPPLE,,4.0,GM,0.0
116,2023-02-25,202302,1,121892265,12303010029,1676974601468,99764919,106,SUJAL FOODS PVT LTD-NEPAL,PINEAPPLE TART,SUJAL PINEAPPLE TART PCN 660GM,165.0,PCN,660GM,,1676974601468-sujal foods pvt ltd-nepal-pineapple tart#3.png,RECODING,5,5,99764501,151.93817,106,SUJAL FOODS PVT LTD-NEPAL,SMART,SMART LOLLYPOP,SMART LOLLYPOP- PINEAPPLE PCN 900 GM,PLJAR,900.000 GM,PINEAPPLE,,900.0,GM,330.0
116,2023-02-25,202302,1,121892265,12303010029,1676974601468,99764919,106,SUJAL FOODS PVT LTD-NEPAL,PINEAPPLE TART,SUJAL PINEAPPLE TART PCN 660GM,165.0,PCN,660GM,,1676974601468-sujal foods pvt ltd-nepal-pineapple tart#3.png,RECODING,5,6,99764439,152.49554,106,SURYA NEPAL PVT LTD - NEPAL,TOFFICHOO TADKA,TOFFICHOO TADKA,TOFFICHOO TADKA-CHAT MASALA PINEAPPLE PCN 760 GM,PLJAR,760.000 GM,PINEAPPLE,,760.0,GM,500.0
116,2023-02-25,202302,1,121892265,12303010029,1676974601468,99764919,106,SUJAL FOODS PVT LTD-NEPAL,PINEAPPLE TART,SUJAL PINEAPPLE TART PCN 660GM,165.0,PCN,660GM,,1676974601468-sujal foods pvt ltd-nepal-pineapple tart#3.png,RECODING,5,7,20110217,153.11694,118,RIJAL TASHI IND. PVT LTD-NEPAL,DRUK,DRUK,PINEAPPLE TIN 425 ML,TIN,425.000 ML,PINEAPPLE,,425.0,ML,0.0
116,2023-02-25,202302,1,121892265,12303010029,1676974601468,99764919,106,SUJAL FOODS PVT LTD-NEPAL,PINEAPPLE TART,SUJAL PINEAPPLE TART PCN 660GM,165.0,PCN,660GM,,1676974601468-sujal foods pvt ltd-nepal-pineapple tart#3.png,RECODING,5,8,99764650,157.9043,106,SUJAL FOODS PVT LTD-NEPAL,SUJAL,SUJAL MANGO TART,SUJAL MANGO TART-CENTER FILLLED CANDY PCN 800 GM,PLJAR,800.000 GM,MANGO,,800.0,GM,165.0
116,2023-02-25,202302,1,121892265,12303010029,1676974601468,99764919,106,SUJAL FOODS PVT LTD-NEPAL,PINEAPPLE TART,SUJAL PINEAPPLE TART PCN 660GM,165.0,PCN,660GM,,1676974601468-sujal foods pvt ltd-nepal-pineapple tart#3.png,RECODING,5,9,99762971,158.20743,106,SUJAL FOODS PVT LTD-NEPAL,SMART,SMART LOLLYPOP,SMART LOLLYPOP-PINEAPPLE PPH 10 GM,PLPCH,10.000 GM,PINEAPPLE,,10.0,GM,5.0
116,2023-02-25,202302,1,121892265,12303010029,1676974601468,99764919,106,SUJAL FOODS PVT LTD-NEPAL,PINEAPPLE TART,SUJAL PINEAPPLE TART PCN 660GM,165.0,PCN,660GM,,1676974601468-sujal foods pvt ltd-nepal-pineapple tart#3.png,RECODING,5,10,20110220,159.04501,118,RIJAL TASHI IND. PVT LTD-NEPAL,DRUK,DRUK,PINEAPPLE TIN 800 ML,TIN,800.000 ML,PINEAPPLE,,800.0,ML,0.0
117,2023-02-26,202302,2,127522802,31101020106,1677305362371,99764921,134,SOUTH ASIAN BEVERAGES P. LTD-NEPAL,APPY,APPY FIZZ\160ML\PBT\RS:30\SOUTH ASIAN BEVRAGES PVT.LTD NEPAL,30.0,PBT,160ML,New SKU,1677305362371-south asian beverages p- ltd-nepal-appy#3.png,RECODING,5,1,99765076,114.29906,118,SOUTH ASIAN BEVERAGES P. LTD-NEPAL,FIZZ,FIZZ,MALT PET 160 ML,PET,160.000 ML,MALT,,160.0,ML,30.0
117,2023-02-26,202302,2,127522802,31101020106,1677305362371,99764921,134,SOUTH ASIAN BEVERAGES P. LTD-NEPAL,APPY,APPY FIZZ\160ML\PBT\RS:30\SOUTH ASIAN BEVRAGES PVT.LTD NEPAL,30.0,PBT,160ML,New SKU,1677305362371-south asian beverages p- ltd-nepal-appy#3.png,RECODING,5,2,99764921,116.28609,118,SOUTH ASIAN BEVERAGES P. LTD-NEPAL,APPY,APPY FIZZ APPLE,APPLE PET 160 ML,PET,160.000 ML,APPLE,,160.0,ML,30.0
117,2023-02-26,202302,2,127522802,31101020106,1677305362371,99764921,134,SOUTH ASIAN BEVERAGES P. LTD-NEPAL,APPY,APPY FIZZ\160ML\PBT\RS:30\SOUTH ASIAN BEVRAGES PVT.LTD NEPAL,30.0,PBT,160ML,New SKU,1677305362371-south asian beverages p- ltd-nepal-appy#3.png,RECODING,5,3,99765000,120.843834,118,SOUTH ASIAN BEVERAGES P. LTD-NEPAL,APPY,APPY FIZZ APPLE,APPLE PET 250 ML,PET,250.000 ML,APPLE,,250.0,ML,50.0
117,2023-02-26,202302,2,127522802,31101020106,1677305362371,99764921,134,SOUTH ASIAN BEVERAGES P. LTD-NEPAL,APPY,APPY FIZZ\160ML\PBT\RS:30\SOUTH ASIAN BEVRAGES PVT.LTD NEPAL,30.0,PBT,160ML,New SKU,1677305362371-south asian beverages p- ltd-nepal-appy#3.png,RECODING,5,4,99765001,127.34197,118,SOUTH ASIAN BEVERAGES P. LTD-NEPAL,APPY,APPY FIZZ APPLE,APPLE PET 500 ML,PET,500.000 ML,APPLE,,500.0,ML,80.0
117,2023-02-26,202302,2,127522802,31101020106,1677305362371,99764921,134,SOUTH ASIAN BEVERAGES P. LTD-NEPAL,APPY,APPY FIZZ\160ML\PBT\RS:30\SOUTH ASIAN BEVRAGES PVT.LTD NEPAL,30.0,PBT,160ML,New SKU,1677305362371-south asian beverages p- ltd-nepal-appy#3.png,RECODING,5,5,99764552,140.88223,118,SOUTH ASIAN BEVERAGES P. LTD-NEPAL,APPY,APPY,APPLE TPK 125 ML,TPK,125.000 ML,APPLE,,125.0,ML,20.0
117,2023-02-26,202302,2,127522802,31101020106,1677305362371,99764921,134,SOUTH ASIAN BEVERAGES P. LTD-NEPAL,APPY,APPY FIZZ\160ML\PBT\RS:30\SOUTH ASIAN BEVRAGES PVT.LTD NEPAL,30.0,PBT,160ML,New SKU,1677305362371-south asian beverages p- ltd-nepal-appy#3.png,RECODING,5,6,99764704,141.2276,118,SOUTH ASIAN BEVERAGES P. LTD-NEPAL,APPY,APPY,APPLE TPK 200 ML,TPK,200.000 ML,APPLE,,200.0,ML,30.0
117,2023-02-26,202302,2,127522802,31101020106,1677305362371,99764921,134,SOUTH ASIAN BEVERAGES P. LTD-NEPAL,APPY,APPY FIZZ\160ML\PBT\RS:30\SOUTH ASIAN BEVRAGES PVT.LTD NEPAL,30.0,PBT,160ML,New SKU,1677305362371-south asian beverages p- ltd-nepal-appy#3.png,RECODING,5,7,99765006,149.32666,118,SOUTH ASIAN BEVERAGES P. LTD-NEPAL,FROOTI,FROOTI,MANGO PET 150 ML,PET,150.000 ML,MANGO,,150.0,ML,30.0
117,2023-02-26,202302,2,127522802,31101020106,1677305362371,99764921,134,SOUTH ASIAN BEVERAGES P. LTD-NEPAL,APPY,APPY FIZZ\160ML\PBT\RS:30\SOUTH ASIAN BEVRAGES PVT.LTD NEPAL,30.0,PBT,160ML,New SKU,1677305362371-south asian beverages p- ltd-nepal-appy#3.png,RECODING,5,8,99764551,151.44725,118,SOUTH ASIAN BEVERAGES P. LTD-NEPAL,FROOTI,FROOTI,MANGO TPK 125 ML,TPK,125.000 ML,MANGO,,125.0,ML,20.0
117,2023-02-26,202302,2,127522802,31101020106,1677305362371,99764921,134,SOUTH ASIAN BEVERAGES P. LTD-NEPAL,APPY,APPY FIZZ\160ML\PBT\RS:30\SOUTH ASIAN BEVRAGES PVT.LTD NEPAL,30.0,PBT,160ML,New SKU,1677305362371-south asian beverages p- ltd-nepal-appy#3.png,RECODING,5,9,99764993,152.47234,118,SOUTH ASIAN BEVERAGES P. LTD-NEPAL,FROOTI,FROOTI,MANGO PET 250 ML,PET,250.000 ML,MANGO,,250.0,ML,50.0
117,2023-02-26,202302,2,127522802,31101020106,1677305362371,99764921,134,SOUTH ASIAN BEVERAGES P. LTD-NEPAL,APPY,APPY FIZZ\160ML\PBT\RS:30\SOUTH ASIAN BEVRAGES PVT.LTD NEPAL,30.0,PBT,160ML,New SKU,1677305362371-south asian beverages p- ltd-nepal-appy#3.png,RECODING,5,10,99764559,153.91791,118,SOUTH ASIAN BEVERAGES P. LTD-NEPAL,FROOTI,FROOTI,MANGO TPK 200 ML,TPK,200.000 ML,MANGO,,200.0,ML,30.0
118,2023-02-27,202302,1,116904874,11301010001,1676263133670,99764856,120,UNILEVER NEPAL LTD-NEPAL,LIRIL,LIRIL-LIME RUSH EWP 4*75 GM+SAVE RS 7,145.0,EWP,4*75G,,1676263133670-unilever nepal ltd-nepal-liril#3.png,RECODING,5,1,49799,78.00553,120,UNILEVER NEPAL LTD-NEPAL,LIRIL,LIRIL,LIRIL-LIME RUSH EWP 5*75 GM+B4G1,EWRPK,75.000 GM,,,375.0,GM,0.0
118,2023-02-27,202302,1,116904874,11301010001,1676263133670,99764856,120,UNILEVER NEPAL LTD-NEPAL,LIRIL,LIRIL-LIME RUSH EWP 4*75 GM+SAVE RS 7,145.0,EWP,4*75G,,1676263133670-unilever nepal ltd-nepal-liril#3.png,RECODING,5,2,92562465,78.518036,120,UNILEVER NEPAL LTD-NEPAL,LIRIL,LIRIL,LIRIL-LIME RUSH EWP 75 GM+SAVE RS. 3 ON 3 NOS PACK,EWRPK,75.000 GM,,,225.0,GM,0.0
118,2023-02-27,202302,1,116904874,11301010001,1676263133670,99764856,120,UNILEVER NEPAL LTD-NEPAL,LIRIL,LIRIL-LIME RUSH EWP 4*75 GM+SAVE RS 7,145.0,EWP,4*75G,,1676263133670-unilever nepal ltd-nepal-liril#3.png,RECODING,5,3,99764856,81.99781,120,UNILEVER NEPAL LTD-NEPAL,LIRIL,LIRIL,LIRIL-LIME RUSH EWP 4*75 GM+SAV RS. 7,EWRPK,75.000 GM,,,300.0,GM,145.0
118,2023-02-27,202302,1,116904874,11301010001,1676263133670,99764856,120,UNILEVER NEPAL LTD-NEPAL,LIRIL,LIRIL-LIME RUSH EWP 4*75 GM+SAVE RS 7,145.0,EWP,4*75G,,1676263133670-unilever nepal ltd-nepal-liril#3.png,RECODING,5,4,99764280,83.68071,120,UNILEVER NEPAL LTD-NEPAL,LIRIL,LIRIL,LIRIL-LIME RUSH EWP 4*75 GM+SAV RS. 5,EWRPK,75.000 GM,,,300.0,GM,135.0
118,2023-02-27,202302,1,116904874,11301010001,1676263133670,99764856,120,UNILEVER NEPAL LTD-NEPAL,LIRIL,LIRIL-LIME RUSH EWP 4*75 GM+SAVE RS 7,145.0,EWP,4*75G,,1676263133670-unilever nepal ltd-nepal-liril#3.png,RECODING,5,5,51727,84.48999,120,UNILEVER NEPAL LTD-NEPAL,LIRIL,LIRIL,LIRIL-LIME RUSH EWP 4*75 GM+SAV RS 20,EWRPK,75.000 GM,,,300.0,GM,0.0
118,2023-02-27,202302,1,116904874,11301010001,1676263133670,99764856,120,UNILEVER NEPAL LTD-NEPAL,LIRIL,LIRIL-LIME RUSH EWP 4*75 GM+SAVE RS 7,145.0,EWP,4*75G,,1676263133670-unilever nepal ltd-nepal-liril#3.png,RECODING,5,6,99762986,84.94056,120,UNILEVER NEPAL LTD-NEPAL,LIRIL,LIRIL,LIRIL-LIME RUSH EWP 4*75 GM+SAV RS 10,EWRPK,75.000 GM,,,300.0,GM,110.0
118,2023-02-27,202302,1,116904874,11301010001,1676263133670,99764856,120,UNILEVER NEPAL LTD-NEPAL,LIRIL,LIRIL-LIME RUSH EWP 4*75 GM+SAVE RS 7,145.0,EWP,4*75G,,1676263133670-unilever nepal ltd-nepal-liril#3.png,RECODING,5,7,99763244,86.462135,120,UNILEVER NEPAL LTD-NEPAL,LIRIL,LIRIL,LIRIL-LIME RUSH EWP 4*75 GM+SAV RS 12,EWRPK,75.000 GM,,,300.0,GM,120.0
118,2023-02-27,202302,1,116904874,11301010001,1676263133670,99764856,120,UNILEVER NEPAL LTD-NEPAL,LIRIL,LIRIL-LIME RUSH EWP 4*75 GM+SAVE RS 7,145.0,EWP,4*75G,,1676263133670-unilever nepal ltd-nepal-liril#3.png,RECODING,5,8,92527089,90.25979,120,UNILEVER NEPAL LTD-NEPAL,LIRIL,LIRIL,LIRIL-LIME RUSH EWP 75 GMS,EWRPK,75.000 GM,,,75.0,GM,0.0
118,2023-02-27,202302,1,116904874,11301010001,1676263133670,99764856,120,UNILEVER NEPAL LTD-NEPAL,LIRIL,LIRIL-LIME RUSH EWP 4*75 GM+SAVE RS 7,145.0,EWP,4*75G,,1676263133670-unilever nepal ltd-nepal-liril#3.png,RECODING,5,9,92511250,113.928696,120,UNILEVER NEPAL LTD-NEPAL,LIRIL,LIRIL,LIRIL-EWP 75 GMS,EWRPK,75.000 GM,,,75.0,GM,0.0
118,2023-02-27,202302,1,116904874,11301010001,1676263133670,99764856,120,UNILEVER NEPAL LTD-NEPAL,LIRIL,LIRIL-LIME RUSH EWP 4*75 GM+SAVE RS 7,145.0,EWP,4*75G,,1676263133670-unilever nepal ltd-nepal-liril#3.png,RECODING,5,10,92512147,113.928696,120,UNILEVER NEPAL LTD-NEPAL,LIRIL,LIRIL,LIRIL-EWP 75 GMS,EWRPK,75.000 GM,,,75.0,GM,0.0
119,2023-02-27,202302,1,116904874,11301010001,1676262638838,99764844,122,UNILEVER NEPAL LTD-NEPAL,WHEEL ACTIVE 2IN 1,WHEEL ACTIVE-2IN1 CLEAN & FRESH PPH 150G,20.0,PPH,150G,,1676262638838-unilever nepal ltd-nepal-wheel active 2in 1#3.png,RECODING,5,1,99764844,77.08682,122,UNILEVER NEPAL LTD-NEPAL,WHEEL,WHEEL ACTIVE,WHEEL ACTIVE-2IN1 CLEAN & FRESH PPH 150 GM,PLPCH,150.000 GM,,,150.0,GM,20.0
119,2023-02-27,202302,1,116904874,11301010001,1676262638838,99764844,122,UNILEVER NEPAL LTD-NEPAL,WHEEL ACTIVE 2IN 1,WHEEL ACTIVE-2IN1 CLEAN & FRESH PPH 150G,20.0,PPH,150G,,1676262638838-unilever nepal ltd-nepal-wheel active 2in 1#3.png,RECODING,5,2,99763979,77.27425,122,UNILEVER NEPAL LTD-NEPAL,WHEEL,WHEEL ACTIVE,WHEEL ACTIVE-2IN1 CLEAN FRESH PPH 950 GM,PLPCH,950.000 GM,,,950.0,GM,110.0
119,2023-02-27,202302,1,116904874,11301010001,1676262638838,99764844,122,UNILEVER NEPAL LTD-NEPAL,WHEEL ACTIVE 2IN 1,WHEEL ACTIVE-2IN1 CLEAN & FRESH PPH 150G,20.0,PPH,150G,,1676262638838-unilever nepal ltd-nepal-wheel active 2in 1#3.png,RECODING,5,3,49512,77.66106,122,UNILEVER NEPAL LTD-NEPAL,WHEEL,WHEEL ACTIVE,WHEEL ACTIVE-2IN1 CLEAN FRESH PPH 175 GM,PLPCH,175.000 GM,,,175.0,GM,0.0
119,2023-02-27,202302,1,116904874,11301010001,1676262638838,99764844,122,UNILEVER NEPAL LTD-NEPAL,WHEEL ACTIVE 2IN 1,WHEEL ACTIVE-2IN1 CLEAN & FRESH PPH 150G,20.0,PPH,150G,,1676262638838-unilever nepal ltd-nepal-wheel active 2in 1#3.png,RECODING,5,4,50746,78.58704,122,UNILEVER NEPAL LTD-NEPAL,WHEEL,WHEEL ACTIVE,WHEEL ACTIVE-2IN1 CLEAN FRESH PPH 165 GM,PLPCH,165.000 GM,,,165.0,GM,0.0
119,2023-02-27,202302,1,116904874,11301010001,1676262638838,99764844,122,UNILEVER NEPAL LTD-NEPAL,WHEEL ACTIVE 2IN 1,WHEEL ACTIVE-2IN1 CLEAN & FRESH PPH 150G,20.0,PPH,150G,,1676262638838-unilever nepal ltd-nepal-wheel active 2in 1#3.png,RECODING,5,5,99762424,79.47528,122,UNILEVER NEPAL LTD-NEPAL,WHEEL,WHEEL ACTIVE,WHEEL ACTIVE-2IN1 CLEAN FRESH PPH 200 GM,PLPCH,200.000 GM,,,200.0,GM,20.0
119,2023-02-27,202302,1,116904874,11301010001,1676262638838,99764844,122,UNILEVER NEPAL LTD-NEPAL,WHEEL ACTIVE 2IN 1,WHEEL ACTIVE-2IN1 CLEAN & FRESH PPH 150G,20.0,PPH,150G,,1676262638838-unilever nepal ltd-nepal-wheel active 2in 1#3.png,RECODING,5,6,51131,79.87978,123,UNILEVER NEPAL LTD-NEPAL,WHEEL,WHEEL ACTIVE,WHEEL ACTIVE-2IN1 CLEAN FRESH PPH 105 GM,PLPCH,105.000 GM,,,105.0,GM,0.0
119,2023-02-27,202302,1,116904874,11301010001,1676262638838,99764844,122,UNILEVER NEPAL LTD-NEPAL,WHEEL ACTIVE 2IN 1,WHEEL ACTIVE-2IN1 CLEAN & FRESH PPH 150G,20.0,PPH,150G,,1676262638838-unilever nepal ltd-nepal-wheel active 2in 1#3.png,RECODING,5,7,54776,79.91287,122,UNILEVER NEPAL LTD-NEPAL,WHEEL,WHEEL ACTIVE,WHEEL ACTIVE-2IN1 CLEAN FRESH PPH 1000 GM,PLPCH,1000.000 GM,,,1000.0,GM,0.0
119,2023-02-27,202302,1,116904874,11301010001,1676262638838,99764844,122,UNILEVER NEPAL LTD-NEPAL,WHEEL ACTIVE 2IN 1,WHEEL ACTIVE-2IN1 CLEAN & FRESH PPH 150G,20.0,PPH,150G,,1676262638838-unilever nepal ltd-nepal-wheel active 2in 1#3.png,RECODING,5,8,49530,80.06833,122,UNILEVER NEPAL LTD-NEPAL,WHEEL,WHEEL ACTIVE,WHEEL ACTIVE-2IN1 CLEAN FRESH PPH 500 GM,PLPCH,500.000 GM,,,500.0,GM,0.0
119,2023-02-27,202302,1,116904874,11301010001,1676262638838,99764844,122,UNILEVER NEPAL LTD-NEPAL,WHEEL ACTIVE 2IN 1,WHEEL ACTIVE-2IN1 CLEAN & FRESH PPH 150G,20.0,PPH,150G,,1676262638838-unilever nepal ltd-nepal-wheel active 2in 1#3.png,RECODING,5,9,99764088,80.10629,122,UNILEVER NEPAL LTD-NEPAL,WHEEL,WHEEL ACTIVE,WHEEL ACTIVE-2IN1 CLEAN & FRESH PPH 180 GM,PLPCH,180.000 GM,,,180.0,GM,20.0
119,2023-02-27,202302,1,116904874,11301010001,1676262638838,99764844,122,UNILEVER NEPAL LTD-NEPAL,WHEEL ACTIVE 2IN 1,WHEEL ACTIVE-2IN1 CLEAN & FRESH PPH 150G,20.0,PPH,150G,,1676262638838-unilever nepal ltd-nepal-wheel active 2in 1#3.png,RECODING,5,10,99762769,80.14975,122,UNILEVER NEPAL LTD-NEPAL,WHEEL,WHEEL ACTIVE,WHEEL ACTIVE-2IN1 CLEAN & FRESH PPH 850 GM,PLPCH,850.000 GM,,,850.0,GM,75.0
120,2023-02-27,202302,1,129176485,21401010052,1677217923936,99764851,106,PERFETTI VAN MELLE-INDIA,MENTOS,MENTOS-ASSORTED/PCN/499.5GM+40.5GM FREE(185Ã—2.7GM+15UNITS OF 2.7 GM)/PERFETTI VAN MELLE,462.5,PCN,499.5+40.4GM FREE,,1677217923936-perfetti van melle-india-mentos#3.png,RECODING,5,1,99764851,84.588104,106,PERFETTI VAN MELLE-INDIA,MENTOS,MENTOS,MENTOS-ASSORTED PCN 499.5 GM+40.5 GM FREE,PLJAR,499.500 GM,ASSORTED,,540.0,GM,462.5
120,2023-02-27,202302,1,129176485,21401010052,1677217923936,99764851,106,PERFETTI VAN MELLE-INDIA,MENTOS,MENTOS-ASSORTED/PCN/499.5GM+40.5GM FREE(185Ã—2.7GM+15UNITS OF 2.7 GM)/PERFETTI VAN MELLE,462.5,PCN,499.5+40.4GM FREE,,1677217923936-perfetti van melle-india-mentos#3.png,RECODING,5,2,99764530,101.660126,106,PERFETTI VAN MELLE-INDIA,MENTOS,MENTOS,MENTOS-ASSORTED PCN 520 GM,PLJAR,520.000 GM,ASSORTED,,520.0,GM,200.0
120,2023-02-27,202302,1,129176485,21401010052,1677217923936,99764851,106,PERFETTI VAN MELLE-INDIA,MENTOS,MENTOS-ASSORTED/PCN/499.5GM+40.5GM FREE(185Ã—2.7GM+15UNITS OF 2.7 GM)/PERFETTI VAN MELLE,462.5,PCN,499.5+40.4GM FREE,,1677217923936-perfetti van melle-india-mentos#3.png,RECODING,5,3,47256,113.167854,106,PERFETTI VAN MELLE-INDIA,MENTOS,MENTOS,MENTOS-ASSORTED PPH 2.6 GM,PLPCH,2.600 GM,ASSORTED,,2.6,GM,0.0
120,2023-02-27,202302,1,129176485,21401010052,1677217923936,99764851,106,PERFETTI VAN MELLE-INDIA,MENTOS,MENTOS-ASSORTED/PCN/499.5GM+40.5GM FREE(185Ã—2.7GM+15UNITS OF 2.7 GM)/PERFETTI VAN MELLE,462.5,PCN,499.5+40.4GM FREE,,1677217923936-perfetti van melle-india-mentos#3.png,RECODING,5,4,99764422,122.67774,106,PERFETTI VAN MELLE-INDIA,MENTOS,MENTOS MINI RAINBOW,MENTOS MINI RAINBOW-ASSORTED PCN 1000 GM,PLJAR,1000.000 GM,ASSORTED,,1000.0,GM,1000.0
120,2023-02-27,202302,1,129176485,21401010052,1677217923936,99764851,106,PERFETTI VAN MELLE-INDIA,MENTOS,MENTOS-ASSORTED/PCN/499.5GM+40.5GM FREE(185Ã—2.7GM+15UNITS OF 2.7 GM)/PERFETTI VAN MELLE,462.5,PCN,499.5+40.4GM FREE,,1677217923936-perfetti van melle-india-mentos#3.png,RECODING,5,5,91826233,125.77572,106,PERFETTI VAN MELLE-INDIA,MENTOS,MENTOS,MENTOS- ORANGE PPH 3.5 GM,PLPCH,3.500 GM,ORANGE,,3.5,GM,0.0
120,2023-02-27,202302,1,129176485,21401010052,1677217923936,99764851,106,PERFETTI VAN MELLE-INDIA,MENTOS,MENTOS-ASSORTED/PCN/499.5GM+40.5GM FREE(185Ã—2.7GM+15UNITS OF 2.7 GM)/PERFETTI VAN MELLE,462.5,PCN,499.5+40.4GM FREE,,1677217923936-perfetti van melle-india-mentos#3.png,RECODING,5,6,91826227,128.90903,106,PERFETTI VAN MELLE-INDIA,MENTOS,MENTOS,MENTOS- ORANGE PPH 3.4 GM,PLPCH,3.400 GM,ORANGE,,3.4,GM,0.0
120,2023-02-27,202302,1,129176485,21401010052,1677217923936,99764851,106,PERFETTI VAN MELLE-INDIA,MENTOS,MENTOS-ASSORTED/PCN/499.5GM+40.5GM FREE(185Ã—2.7GM+15UNITS OF 2.7 GM)/PERFETTI VAN MELLE,462.5,PCN,499.5+40.4GM FREE,,1677217923936-perfetti van melle-india-mentos#3.png,RECODING,5,7,91826232,129.14497,106,PERFETTI VAN MELLE-INDIA,MENTOS,MENTOS,MENTOS- MINT PPH 3.5 GM,PLPCH,3.500 GM,MINT,,3.5,GM,0.0
120,2023-02-27,202302,1,129176485,21401010052,1677217923936,99764851,106,PERFETTI VAN MELLE-INDIA,MENTOS,MENTOS-ASSORTED/PCN/499.5GM+40.5GM FREE(185Ã—2.7GM+15UNITS OF 2.7 GM)/PERFETTI VAN MELLE,462.5,PCN,499.5+40.4GM FREE,,1677217923936-perfetti van melle-india-mentos#3.png,RECODING,5,8,91826236,130.59131,106,PERFETTI VAN MELLE-INDIA,MENTOS,MENTOS,MENTOS- COLA PPH 3.5 GM,PLPCH,3.500 GM,COLA,,3.5,GM,0.0
120,2023-02-27,202302,1,129176485,21401010052,1677217923936,99764851,106,PERFETTI VAN MELLE-INDIA,MENTOS,MENTOS-ASSORTED/PCN/499.5GM+40.5GM FREE(185Ã—2.7GM+15UNITS OF 2.7 GM)/PERFETTI VAN MELLE,462.5,PCN,499.5+40.4GM FREE,,1677217923936-perfetti van melle-india-mentos#3.png,RECODING,5,9,91826228,130.80515,106,PERFETTI VAN MELLE-INDIA,MENTOS,MENTOS,MENTOS- MINT  PPH 3.4 GM,PLPCH,3.400 GM,MINT,,3.4,GM,0.0
120,2023-02-27,202302,1,129176485,21401010052,1677217923936,99764851,106,PERFETTI VAN MELLE-INDIA,MENTOS,MENTOS-ASSORTED/PCN/499.5GM+40.5GM FREE(185Ã—2.7GM+15UNITS OF 2.7 GM)/PERFETTI VAN MELLE,462.5,PCN,499.5+40.4GM FREE,,1677217923936-perfetti van melle-india-mentos#3.png,RECODING,5,10,52919,130.9328,106,PERFETTI VAN MELLE-INDIA,MENTOS,MENTOS,MENTOS-ORANGE PPH 20.8 GM,PLPCH,20.800 GM,ORANGE,,20.8,GM,0.0
121,2023-02-27,202302,1,122214754,31101010071,1677392245240,99764885,120,UNILEVER NEPAL LTD-NEPAL,LIFE BUOY,LIFE BUOY TOTAL PROTECT ACTIVE SILVER\100GM\EWP\RS:45\UNILIVER NEPAL,45.0,EWP,100GM,New SKU,1677392245240-unilever nepal ltd-nepal-life buoy#3.png,RECODING,5,1,99764401,66.37618,120,UNILEVER NEPAL LTD-NEPAL,LIFE BUOY,LIFE BUOY TOTAL PROTECT,LIFE BUOY TOTAL PROTECT-ACTIV SILVER EWP 43 GM,EWRPK,43.000 GM,,,43.0,GM,18.0
121,2023-02-27,202302,1,122214754,31101010071,1677392245240,99764885,120,UNILEVER NEPAL LTD-NEPAL,LIFE BUOY,LIFE BUOY TOTAL PROTECT ACTIVE SILVER\100GM\EWP\RS:45\UNILIVER NEPAL,45.0,EWP,100GM,New SKU,1677392245240-unilever nepal ltd-nepal-life buoy#3.png,RECODING,5,2,99764885,67.38077,120,UNILEVER NEPAL LTD-NEPAL,LIFE BUOY,LIFE BUOY TOTAL PROTECT,LIFE BUOY TOTAL PROTECT-ACTIV SILVER EWP 100 GM,EWRPK,100.000 GM,,,100.0,GM,45.0
121,2023-02-27,202302,1,122214754,31101010071,1677392245240,99764885,120,UNILEVER NEPAL LTD-NEPAL,LIFE BUOY,LIFE BUOY TOTAL PROTECT ACTIVE SILVER\100GM\EWP\RS:45\UNILIVER NEPAL,45.0,EWP,100GM,New SKU,1677392245240-unilever nepal ltd-nepal-life buoy#3.png,RECODING,5,3,99763277,68.25737,120,UNILEVER NEPAL LTD-NEPAL,LIFE BUOY,LIFE BUOY TOTAL PROTECT,LIFE BUOY TOTAL PROTECT-ACTIV SILVER EWP 95 GM,EWRPK,95.000 GM,,,95.0,GM,35.0
121,2023-02-27,202302,1,122214754,31101010071,1677392245240,99764885,120,UNILEVER NEPAL LTD-NEPAL,LIFE BUOY,LIFE BUOY TOTAL PROTECT ACTIVE SILVER\100GM\EWP\RS:45\UNILIVER NEPAL,45.0,EWP,100GM,New SKU,1677392245240-unilever nepal ltd-nepal-life buoy#3.png,RECODING,5,4,99764184,69.89537,120,UNILEVER NEPAL LTD-NEPAL,LIFE BUOY,LIFE BUOY TOTAL PROTECT,LIFE BUOY TOTAL PROTECT-ACTIV SILVER EWP 90 GM,EWRPK,90.000 GM,,,90.0,GM,40.0
121,2023-02-27,202302,1,122214754,31101010071,1677392245240,99764885,120,UNILEVER NEPAL LTD-NEPAL,LIFE BUOY,LIFE BUOY TOTAL PROTECT ACTIVE SILVER\100GM\EWP\RS:45\UNILIVER NEPAL,45.0,EWP,100GM,New SKU,1677392245240-unilever nepal ltd-nepal-life buoy#3.png,RECODING,5,5,52952,71.1117,120,UNILEVER NEPAL LTD-NEPAL,LIFE BUOY,LIFE BUOY TOTAL,LIFE BUOY TOTAL-ACTIV SILVER EWP 4*95 GM 100%SGP,EWRPK,95.000 GM,,,380.0,GM,0.0
121,2023-02-27,202302,1,122214754,31101010071,1677392245240,99764885,120,UNILEVER NEPAL LTD-NEPAL,LIFE BUOY,LIFE BUOY TOTAL PROTECT ACTIVE SILVER\100GM\EWP\RS:45\UNILIVER NEPAL,45.0,EWP,100GM,New SKU,1677392245240-unilever nepal ltd-nepal-life buoy#3.png,RECODING,5,6,46978,71.26716,120,UNILEVER NEPAL LTD-NEPAL,LIFE BUOY,LIFE BUOY TOTAL,LIFE BUOY TOTAL-ACTIV SILVER EWP 85 GMS,EWRPK,85.000 GM,,,85.0,GM,0.0
121,2023-02-27,202302,1,122214754,31101010071,1677392245240,99764885,120,UNILEVER NEPAL LTD-NEPAL,LIFE BUOY,LIFE BUOY TOTAL PROTECT ACTIVE SILVER\100GM\EWP\RS:45\UNILIVER NEPAL,45.0,EWP,100GM,New SKU,1677392245240-unilever nepal ltd-nepal-life buoy#3.png,RECODING,5,7,50017,71.64226,120,UNILEVER NEPAL LTD-NEPAL,LIFE BUOY,LIFE BUOY TOTAL,LIFE BUOY TOTAL-ACTIV SILVER EWP 95 GM,EWRPK,95.000 GM,,,95.0,GM,0.0
121,2023-02-27,202302,1,122214754,31101010071,1677392245240,99764885,120,UNILEVER NEPAL LTD-NEPAL,LIFE BUOY,LIFE BUOY TOTAL PROTECT ACTIVE SILVER\100GM\EWP\RS:45\UNILIVER NEPAL,45.0,EWP,100GM,New SKU,1677392245240-unilever nepal ltd-nepal-life buoy#3.png,RECODING,5,8,45836,71.659996,120,UNILEVER NEPAL LTD-NEPAL,LIFE BUOY,LIFE BUOY TOTAL,LIFE BUOY TOTAL-ACTIV SILVER EWP 50 GMS,EWRPK,50.000 GM,,,50.0,GM,0.0
121,2023-02-27,202302,1,122214754,31101010071,1677392245240,99764885,120,UNILEVER NEPAL LTD-NEPAL,LIFE BUOY,LIFE BUOY TOTAL PROTECT ACTIVE SILVER\100GM\EWP\RS:45\UNILIVER NEPAL,45.0,EWP,100GM,New SKU,1677392245240-unilever nepal ltd-nepal-life buoy#3.png,RECODING,5,9,99763897,71.83037,120,UNILEVER NEPAL LTD-NEPAL,LIFE BUOY,LIFE BUOY,LIFE BUOY-GERM PROTECTION SILVER SHLD EWP 4*52GM,EWRPK,52.000 GM,,,208.0,GM,65.0
121,2023-02-27,202302,1,122214754,31101010071,1677392245240,99764885,120,UNILEVER NEPAL LTD-NEPAL,LIFE BUOY,LIFE BUOY TOTAL PROTECT ACTIVE SILVER\100GM\EWP\RS:45\UNILIVER NEPAL,45.0,EWP,100GM,New SKU,1677392245240-unilever nepal ltd-nepal-life buoy#3.png,RECODING,5,10,99764186,71.894104,120,UNILEVER NEPAL LTD-NEPAL,LIFE BUOY,LIFE BUOY,LIFE BUOY-GERM PROTECTION SILVER SHLD EWP 4*49GM,EWRPK,49.000 GM,,,196.0,GM,65.0
122,2023-02-28,202302,1,116478003,31310010010,1677467398739,1677467398739,123,LAXMI NARAYAN SABUN UDYOG KUSMA,LAUNDRY SOAP,LAXMI NARAYAN SABUN ,50.0,PPC,258,,1677467398739-laxmi narayan sabun udyog kusma-laundry soap#3.png,DELETE THE ITEM,1,1,99763460,148.14738,123,SAGARMATHA SABUN UDHYOG-NP,OHO,OHO,OHO-A ONE LAUNDRY SOAP PPH 300 GM,PLPCH,300.000 GM,,,300.0,GM,55.0
122,2023-02-28,202302,1,116478003,31310010010,1677467398739,1677467398739,123,LAXMI NARAYAN SABUN UDYOG KUSMA,LAUNDRY SOAP,LAXMI NARAYAN SABUN ,50.0,PPC,258,,1677467398739-laxmi narayan sabun udyog kusma-laundry soap#3.png,DELETE THE ITEM,1,2,99763830,153.93105,123,LAXMI SABUN UDHYOG-NEPAL,LAXMI,LAXMI,LAXMI-LAUNDRY SOAP PPH 125 GM,PLPCH,125.000 GM,,,125.0,GM,20.0
122,2023-02-28,202302,1,116478003,31310010010,1677467398739,1677467398739,123,LAXMI NARAYAN SABUN UDYOG KUSMA,LAUNDRY SOAP,LAXMI NARAYAN SABUN ,50.0,PPC,258,,1677467398739-laxmi narayan sabun udyog kusma-laundry soap#3.png,DELETE THE ITEM,1,3,99764618,170.68826,123,GAURISHANKAR SABUN UDHYOG-NEPAL,PANASH,PANASH,PANASH-LAUNDRY SOAP PPH 200 GM,PLPCH,200.000 GM,,,200.0,GM,40.0
122,2023-02-28,202302,1,116478003,31310010010,1677467398739,1677467398739,123,LAXMI NARAYAN SABUN UDYOG KUSMA,LAUNDRY SOAP,LAXMI NARAYAN SABUN ,50.0,PPC,258,,1677467398739-laxmi narayan sabun udyog kusma-laundry soap#3.png,DELETE THE ITEM,1,4,99763843,171.43091,123,AASIMALA SABUN UDHYOG-NEPAL ,AASIMALA,AASIMALA,AASIMALA-LAUNDRY SOAP PPH 200 GM,PLPCH,200.000 GM,,,200.0,GM,40.0
122,2023-02-28,202302,1,116478003,31310010010,1677467398739,1677467398739,123,LAXMI NARAYAN SABUN UDYOG KUSMA,LAUNDRY SOAP,LAXMI NARAYAN SABUN ,50.0,PPC,258,,1677467398739-laxmi narayan sabun udyog kusma-laundry soap#3.png,DELETE THE ITEM,1,5,99764591,172.3208,123,SAGARMATHA SABUN UDHYOG-NP,MARFA,MARFA,MARFA-PREMIUM LAUNDRY SOAP PPH 150 GM,PLPCH,150.000 GM,,,150.0,GM,35.0
122,2023-02-28,202302,1,116478003,31310010010,1677467398739,1677467398739,123,LAXMI NARAYAN SABUN UDYOG KUSMA,LAUNDRY SOAP,LAXMI NARAYAN SABUN ,50.0,PPC,258,,1677467398739-laxmi narayan sabun udyog kusma-laundry soap#3.png,DELETE THE ITEM,1,6,99763406,173.9036,123,RAUTAMAI SABUN RA SURF UDYG-NP,RAUTA,RAUTA,RAUTA-LAUNDRY SOAP PPH 200 GM,PLPCH,200.000 GM,,,200.0,GM,40.0
122,2023-02-28,202302,1,116478003,31310010010,1677467398739,1677467398739,123,LAXMI NARAYAN SABUN UDYOG KUSMA,LAUNDRY SOAP,LAXMI NARAYAN SABUN ,50.0,PPC,258,,1677467398739-laxmi narayan sabun udyog kusma-laundry soap#3.png,DELETE THE ITEM,1,7,99764025,174.2644,123,SWADESHI SABUN UDHYOG-NEPAL,MADAL,MADAL,MADAL-LAUNDRY SOAP PPH 250 GM,PLPCH,250.000 GM,,,250.0,GM,50.0
122,2023-02-28,202302,1,116478003,31310010010,1677467398739,1677467398739,123,LAXMI NARAYAN SABUN UDYOG KUSMA,LAUNDRY SOAP,LAXMI NARAYAN SABUN ,50.0,PPC,258,,1677467398739-laxmi narayan sabun udyog kusma-laundry soap#3.png,DELETE THE ITEM,1,8,99763596,174.55783,123,SWADESHI SABUN UDHYOG-NEPAL,BADAL,BADAL,BADAL-LAUNDRY SOAP PPH 300 GM,PLPCH,300.000 GM,,,300.0,GM,50.0
122,2023-02-28,202302,1,116478003,31310010010,1677467398739,1677467398739,123,LAXMI NARAYAN SABUN UDYOG KUSMA,LAUNDRY SOAP,LAXMI NARAYAN SABUN ,50.0,PPC,258,,1677467398739-laxmi narayan sabun udyog kusma-laundry soap#3.png,DELETE THE ITEM,1,9,99763505,174.67728,123,SUNLIGHT SABUN UDHYOG-NEPAL,BIHANI,BIHANI,BIHANI-LAUNDRY SOAP PPH 100 GM,PLPCH,100.000 GM,,,100.0,GM,20.0
122,2023-02-28,202302,1,116478003,31310010010,1677467398739,1677467398739,123,LAXMI NARAYAN SABUN UDYOG KUSMA,LAUNDRY SOAP,LAXMI NARAYAN SABUN ,50.0,PPC,258,,1677467398739-laxmi narayan sabun udyog kusma-laundry soap#3.png,DELETE THE ITEM,1,10,99763162,178.98802,123,TARA SABUN UDHYOG-NEPAL,TARA,TARA,TARA-PREMIUM LAUNDRY SOAP PPH 200 GM,PLPCH,200.000 GM,,,200.0,GM,40.0
123,2023-03-01,202302,1,516753710246,51675010007,1677321395529,99764916,106,SUJAL FOODS PVT LTD-NEPAL,SUJAL WHITE BIRDS,SUJAL WHITE BIRDS/SOFT MILKY CANDY/1680GM/PCN,530.0,PCN,1680GM,,1677321395529-sujal foods pvt ltd-nepal-sujal white birds#3.png,RECODING,5,1,99764916,89.65154,106,SUJAL FOODS PVT LTD-NEPAL,SUJAL,SUJAL WHITE BIRDS,SUJAL WHITE BIRDS- SOFT MILKY CANDY PCN 1680 GM,PLJAR,1680.000 GM,MILK,,1680.0,GM,530.0
123,2023-03-01,202302,1,516753710246,51675010007,1677321395529,99764916,106,SUJAL FOODS PVT LTD-NEPAL,SUJAL WHITE BIRDS,SUJAL WHITE BIRDS/SOFT MILKY CANDY/1680GM/PCN,530.0,PCN,1680GM,,1677321395529-sujal foods pvt ltd-nepal-sujal white birds#3.png,RECODING,5,2,99764652,90.38805,106,SUJAL FOODS PVT LTD-NEPAL,SUJAL,SUJAL WHITE BIRDS,SUJAL WHITE BIRDS- SOFT MILKY CANDY PCN 560 GM,PLJAR,560.000 GM,MILK,,560.0,GM,165.0
123,2023-03-01,202302,1,516753710246,51675010007,1677321395529,99764916,106,SUJAL FOODS PVT LTD-NEPAL,SUJAL WHITE BIRDS,SUJAL WHITE BIRDS/SOFT MILKY CANDY/1680GM/PCN,530.0,PCN,1680GM,,1677321395529-sujal foods pvt ltd-nepal-sujal white birds#3.png,RECODING,5,3,99764752,98.72465,106,SUJAL FOODS PVT LTD-NEPAL,SUJAL,SUJAL WHITE BIRDS,SUJAL WHITE BIRDS- SOFT MILKY CANDY PPH 280 GM,PLPCH,280.000 GM,MILK,,280.0,GM,165.0
123,2023-03-01,202302,1,516753710246,51675010007,1677321395529,99764916,106,SUJAL FOODS PVT LTD-NEPAL,SUJAL WHITE BIRDS,SUJAL WHITE BIRDS/SOFT MILKY CANDY/1680GM/PCN,530.0,PCN,1680GM,,1677321395529-sujal foods pvt ltd-nepal-sujal white birds#3.png,RECODING,5,4,99763860,111.76631,106,SUJAL FOODS PVT LTD-NEPAL,SUJAL,SUJAL WHITE BIRD,SUJAL WHITE BIRD- SOFT MILKY CANDY EWP 2.8 GM,EWRPK,2.800 GM,MILK,,2.8,GM,1.0
123,2023-03-01,202302,1,516753710246,51675010007,1677321395529,99764916,106,SUJAL FOODS PVT LTD-NEPAL,SUJAL WHITE BIRDS,SUJAL WHITE BIRDS/SOFT MILKY CANDY/1680GM/PCN,530.0,PCN,1680GM,,1677321395529-sujal foods pvt ltd-nepal-sujal white birds#3.png,RECODING,5,5,91827546,133.0888,106,SUJAL FOODS PVT LTD-NEPAL,SUJAL,SUJAL WHITE BIRD,SUJAL WHITE BIRD- SOFT MILK EWP 3 GM,EWRPK,3.000 GM,MILK,,3.0,GM,0.0
123,2023-03-01,202302,1,516753710246,51675010007,1677321395529,99764916,106,SUJAL FOODS PVT LTD-NEPAL,SUJAL WHITE BIRDS,SUJAL WHITE BIRDS/SOFT MILKY CANDY/1680GM/PCN,530.0,PCN,1680GM,,1677321395529-sujal foods pvt ltd-nepal-sujal white birds#3.png,RECODING,5,6,91826190,137.13628,106,SUJAL FOODS PVT LTD-NEPAL,SUJAL,SUJAL LOVE BIRDS,SUJAL LOVE BIRDS- PREMIUM TOFFEE  PPH  3 GM,PLPCH,3.000 GM,CHOCOLATE,,3.0,GM,0.0
123,2023-03-01,202302,1,516753710246,51675010007,1677321395529,99764916,106,SUJAL FOODS PVT LTD-NEPAL,SUJAL WHITE BIRDS,SUJAL WHITE BIRDS/SOFT MILKY CANDY/1680GM/PCN,530.0,PCN,1680GM,,1677321395529-sujal foods pvt ltd-nepal-sujal white birds#3.png,RECODING,5,7,53215,146.31369,106,SUJAL FOODS PVT LTD-NEPAL,SUJAL,SUJAL LOVE BIRDS,SUJAL LOVE BIRDS-PREMIUM TOFFEE EWP 4.5 GM,EWRPK,4.500 GM,CHOCOLATE,,4.5,GM,0.0
123,2023-03-01,202302,1,516753710246,51675010007,1677321395529,99764916,106,SUJAL FOODS PVT LTD-NEPAL,SUJAL WHITE BIRDS,SUJAL WHITE BIRDS/SOFT MILKY CANDY/1680GM/PCN,530.0,PCN,1680GM,,1677321395529-sujal foods pvt ltd-nepal-sujal white birds#3.png,RECODING,5,8,99762745,153.24403,106,SUJAL FOODS PVT LTD-NEPAL,SUJAL,SUJAL FRUIT CANDY,SUJAL FRUIT CANDY-PPH 3.5 GM,PLPCH,3.500 GM,ASSORTED,,3.5,GM,1.0
123,2023-03-01,202302,1,516753710246,51675010007,1677321395529,99764916,106,SUJAL FOODS PVT LTD-NEPAL,SUJAL WHITE BIRDS,SUJAL WHITE BIRDS/SOFT MILKY CANDY/1680GM/PCN,530.0,PCN,1680GM,,1677321395529-sujal foods pvt ltd-nepal-sujal white birds#3.png,RECODING,5,9,99764508,155.75934,106,SUJAL FOODS PVT LTD-NEPAL,SUJAL,SUJAL FRUIT CANDY,SUJAL FRUIT CANDY-ASSORTED PCN 700 GM,PLJAR,700.000 GM,ASSORTED,,700.0,GM,165.0
123,2023-03-01,202302,1,516753710246,51675010007,1677321395529,99764916,106,SUJAL FOODS PVT LTD-NEPAL,SUJAL WHITE BIRDS,SUJAL WHITE BIRDS/SOFT MILKY CANDY/1680GM/PCN,530.0,PCN,1680GM,,1677321395529-sujal foods pvt ltd-nepal-sujal white birds#3.png,RECODING,5,10,99764754,158.2106,106,SUJAL FOODS PVT LTD-NEPAL,SUJAL,SUJAL FRUIT CANDY,SUJAL FRUIT CANDY-ASSORTED PCN 680 GM,PLJAR,680.000 GM,ASSORTED,,680.0,GM,200.0
124,2023-03-01,202302,1,516813610205,51681010008,1677385348345,99764918,106,SUJAL FOODS PVT LTD-NEPAL,SUJAL LACTO FUN,SUJAL LACTO FUN/CLASSIC CARAMEL CANDY/2100GM/PCN,530.0,PCN,2100GM,,1677385348345-sujal foods pvt ltd-nepal-sujal lacto fun#3.png,RECODING,5,1,99764699,87.10747,106,SUJAL FOODS PVT LTD-NEPAL,LACTO FUN,LACTO FUN,LACTO FUN- CLASSIC CARAMEL PCN 2250 GM,PLJAR,2250.000 GM,CARAMEL,,2250.0,GM,500.0
124,2023-03-01,202302,1,516813610205,51681010008,1677385348345,99764918,106,SUJAL FOODS PVT LTD-NEPAL,SUJAL LACTO FUN,SUJAL LACTO FUN/CLASSIC CARAMEL CANDY/2100GM/PCN,530.0,PCN,2100GM,,1677385348345-sujal foods pvt ltd-nepal-sujal lacto fun#3.png,RECODING,5,2,99764918,87.830185,106,SUJAL FOODS PVT LTD-NEPAL,LACTO FUN,LACTO FUN,LACTO FUN- CLASSIC CARAMEL PCN 2100 GM,PLJAR,2100.000 GM,CARAMEL,,2100.0,GM,530.0
124,2023-03-01,202302,1,516813610205,51681010008,1677385348345,99764918,106,SUJAL FOODS PVT LTD-NEPAL,SUJAL LACTO FUN,SUJAL LACTO FUN/CLASSIC CARAMEL CANDY/2100GM/PCN,530.0,PCN,2100GM,,1677385348345-sujal foods pvt ltd-nepal-sujal lacto fun#3.png,RECODING,5,3,99764697,95.842514,106,SUJAL FOODS PVT LTD-NEPAL,LACTO FUN,LACTO FUN,LACTO FUN- CLASSIC CARAMEL PPH 375 GM,PLPCH,375.000 GM,CARAMEL,,375.0,GM,100.0
124,2023-03-01,202302,1,516813610205,51681010008,1677385348345,99764918,106,SUJAL FOODS PVT LTD-NEPAL,SUJAL LACTO FUN,SUJAL LACTO FUN/CLASSIC CARAMEL CANDY/2100GM/PCN,530.0,PCN,2100GM,,1677385348345-sujal foods pvt ltd-nepal-sujal lacto fun#3.png,RECODING,5,4,91826413,99.62748,106,SUJAL FOODS PVT LTD-NEPAL,SUJAL,SUJAL LACTO FUN,SUJAL LACTO FUN- CLASSIC CARAMEL EWP 3.7 GM,EWRPK,3.700 GM,CARAMEL,,3.7,GM,0.0
124,2023-03-01,202302,1,516813610205,51681010008,1677385348345,99764918,106,SUJAL FOODS PVT LTD-NEPAL,SUJAL LACTO FUN,SUJAL LACTO FUN/CLASSIC CARAMEL CANDY/2100GM/PCN,530.0,PCN,2100GM,,1677385348345-sujal foods pvt ltd-nepal-sujal lacto fun#3.png,RECODING,5,5,51570,100.25563,106,SUJAL FOODS PVT LTD-NEPAL,SUJAL,SUJAL LACTO FUN,SUJAL LACTO FUN-CRUNCH CARAMEL PPH 4 GM,PLPCH,4.000 GM,CARAMEL,,4.0,GM,0.0
124,2023-03-01,202302,1,516813610205,51681010008,1677385348345,99764918,106,SUJAL FOODS PVT LTD-NEPAL,SUJAL LACTO FUN,SUJAL LACTO FUN/CLASSIC CARAMEL CANDY/2100GM/PCN,530.0,PCN,2100GM,,1677385348345-sujal foods pvt ltd-nepal-sujal lacto fun#3.png,RECODING,5,6,91826194,108.52166,106,SUJAL FOODS PVT LTD-NEPAL,SUJAL,SUJAL LACTO FUN,SUJAL LACTO FUN- EWP 4 GM,EWRPK,4.000 GM,CARAMEL,,4.0,GM,0.0
124,2023-03-01,202302,1,516813610205,51681010008,1677385348345,99764918,106,SUJAL FOODS PVT LTD-NEPAL,SUJAL LACTO FUN,SUJAL LACTO FUN/CLASSIC CARAMEL CANDY/2100GM/PCN,530.0,PCN,2100GM,,1677385348345-sujal foods pvt ltd-nepal-sujal lacto fun#3.png,RECODING,5,7,91826213,121.19333,106,SUJAL FOODS PVT LTD-NEPAL,LACTO FUN,LACTO FUN,LACTO FUN- PREMIUM MALT EWP 3.3 GM,EWRPK,3.300 GM,CARAMEL,,3.3,GM,0.0
124,2023-03-01,202302,1,516813610205,51681010008,1677385348345,99764918,106,SUJAL FOODS PVT LTD-NEPAL,SUJAL LACTO FUN,SUJAL LACTO FUN/CLASSIC CARAMEL CANDY/2100GM/PCN,530.0,PCN,2100GM,,1677385348345-sujal foods pvt ltd-nepal-sujal lacto fun#3.png,RECODING,5,8,99764802,129.60626,106,SUJAL FOODS PVT LTD-NEPAL,LACTO FUN,LACTO FUN,LACTO FUN- PREMIUM MALT PCN 725 GM,PLJAR,725.000 GM,MALT,,725.0,GM,185.0
124,2023-03-01,202302,1,516813610205,51681010008,1677385348345,99764918,106,SUJAL FOODS PVT LTD-NEPAL,SUJAL LACTO FUN,SUJAL LACTO FUN/CLASSIC CARAMEL CANDY/2100GM/PCN,530.0,PCN,2100GM,,1677385348345-sujal foods pvt ltd-nepal-sujal lacto fun#3.png,RECODING,5,9,91826747,131.74448,106,SUJAL FOODS PVT LTD-NEPAL,SUJAL,SUJAL LACTO ONE,SUJAL LACTO ONE- EWP 4 GM,EWRPK,4.000 GM,CARAMEL,,4.0,GM,0.0
124,2023-03-01,202302,1,516813610205,51681010008,1677385348345,99764918,106,SUJAL FOODS PVT LTD-NEPAL,SUJAL LACTO FUN,SUJAL LACTO FUN/CLASSIC CARAMEL CANDY/2100GM/PCN,530.0,PCN,2100GM,,1677385348345-sujal foods pvt ltd-nepal-sujal lacto fun#3.png,RECODING,5,10,99764742,133.34842,106,SUJAL FOODS PVT LTD-NEPAL,LACTO FUN,LACTO FUN,LACTO FUN- PREMIUM MALT PCN 1740 GM,PLJAR,1740.000 GM,MALT,,1740.0,GM,480.0
125,2023-03-01,202302,1,516865410047,51686010006,1677398230795,99764926,122,HIMGIRI HYGIENE PVT LTD-NEPAL,SHAKTI DETERGENT POWDER ,SHAKTI DETERGENT POWDER/LEMON/1000GM/PPH,100.0,PPH,1000GM ,,1677398230795-himgiri hygiene pvt ltd-nepal-shakti detergent powder #3.png,RECODING,5,1,99764926,91.31108,122,HIMGIRI HYGIENE PVT LTD-NEPAL,SHAKTI,SHAKTI,SHAKTI-DETERGENT POWDER LEMON PPH 1000 GM,PLPCH,1000.000 GM,,,1000.0,GM,100.0
125,2023-03-01,202302,1,516865410047,51686010006,1677398230795,99764926,122,HIMGIRI HYGIENE PVT LTD-NEPAL,SHAKTI DETERGENT POWDER ,SHAKTI DETERGENT POWDER/LEMON/1000GM/PPH,100.0,PPH,1000GM ,,1677398230795-himgiri hygiene pvt ltd-nepal-shakti detergent powder #3.png,RECODING,5,2,99764402,99.51907,122,HIMGIRI HYGIENE PVT LTD-NEPAL,SHAKTI,SHAKTI,SHAKTI-DETERGENT POWDER PPH 350 GM,PLPCH,350.000 GM,,,350.0,GM,20.0
125,2023-03-01,202302,1,516865410047,51686010006,1677398230795,99764926,122,HIMGIRI HYGIENE PVT LTD-NEPAL,SHAKTI DETERGENT POWDER ,SHAKTI DETERGENT POWDER/LEMON/1000GM/PPH,100.0,PPH,1000GM ,,1677398230795-himgiri hygiene pvt ltd-nepal-shakti detergent powder #3.png,RECODING,5,3,99764172,102.40478,122,HIMGIRI HYGIENE PVT LTD-NEPAL,SHAKTI,SHAKTI,SHAKTI-DETERGENT POWDER PPH 250 GM,PLPCH,250.000 GM,,,250.0,GM,20.0
125,2023-03-01,202302,1,516865410047,51686010006,1677398230795,99764926,122,HIMGIRI HYGIENE PVT LTD-NEPAL,SHAKTI DETERGENT POWDER ,SHAKTI DETERGENT POWDER/LEMON/1000GM/PPH,100.0,PPH,1000GM ,,1677398230795-himgiri hygiene pvt ltd-nepal-shakti detergent powder #3.png,RECODING,5,4,99764258,102.82415,122,HIMGIRI HYGIENE PVT LTD-NEPAL,SHAKTI,SHAKTI,SHAKTI-DETERGENT POWDER PPH 200 GM,PLPCH,200.000 GM,,,200.0,GM,20.0
125,2023-03-01,202302,1,516865410047,51686010006,1677398230795,99764926,122,HIMGIRI HYGIENE PVT LTD-NEPAL,SHAKTI DETERGENT POWDER ,SHAKTI DETERGENT POWDER/LEMON/1000GM/PPH,100.0,PPH,1000GM ,,1677398230795-himgiri hygiene pvt ltd-nepal-shakti detergent powder #3.png,RECODING,5,5,99764486,114.22195,122,HIMGIRI SOAP & CHEMICALS-NEPAL,SHAKTI,SHAKTI,SHAKTI-DETERGENT POWDER PPH 250 GM,PLPCH,250.000 GM,,,250.0,GM,20.0
125,2023-03-01,202302,1,516865410047,51686010006,1677398230795,99764926,122,HIMGIRI HYGIENE PVT LTD-NEPAL,SHAKTI DETERGENT POWDER ,SHAKTI DETERGENT POWDER/LEMON/1000GM/PPH,100.0,PPH,1000GM ,,1677398230795-himgiri hygiene pvt ltd-nepal-shakti detergent powder #3.png,RECODING,5,6,51854,136.82056,122,HIMGIRI SOAP & CHEMICALS-NEPAL,SHAKTI,SHAKTI,SHAKTI-POWER OF LEMON PPH 1000 GMS,PLPCH,1000.000 GM,,,1000.0,GM,0.0
125,2023-03-01,202302,1,516865410047,51686010006,1677398230795,99764926,122,HIMGIRI HYGIENE PVT LTD-NEPAL,SHAKTI DETERGENT POWDER ,SHAKTI DETERGENT POWDER/LEMON/1000GM/PPH,100.0,PPH,1000GM ,,1677398230795-himgiri hygiene pvt ltd-nepal-shakti detergent powder #3.png,RECODING,5,7,99762827,139.06071,122,HIMGIRI HYGIENE PVT LTD-NEPAL,XTRAA,XTRAA ACTIVE,XTRAA ACTIVE-DETERGENT POWDER PPH 500 GM,PLPCH,500.000 GM,,,500.0,GM,55.0
125,2023-03-01,202302,1,516865410047,51686010006,1677398230795,99764926,122,HIMGIRI HYGIENE PVT LTD-NEPAL,SHAKTI DETERGENT POWDER ,SHAKTI DETERGENT POWDER/LEMON/1000GM/PPH,100.0,PPH,1000GM ,,1677398230795-himgiri hygiene pvt ltd-nepal-shakti detergent powder #3.png,RECODING,5,8,51856,139.42654,122,HIMGIRI SOAP & CHEMICALS-NEPAL,SHAKTI,SHAKTI,SHAKTI-POWER OF LEMON PPH 270 GM,PLPCH,270.000 GM,,,270.0,GM,0.0
125,2023-03-01,202302,1,516865410047,51686010006,1677398230795,99764926,122,HIMGIRI HYGIENE PVT LTD-NEPAL,SHAKTI DETERGENT POWDER ,SHAKTI DETERGENT POWDER/LEMON/1000GM/PPH,100.0,PPH,1000GM ,,1677398230795-himgiri hygiene pvt ltd-nepal-shakti detergent powder #3.png,RECODING,5,9,52471,140.96959,122,HIMGIRI SOAP & CHEMICALS-NEPAL,SHAKTI,SHAKTI,SHAKTI-POWER OF LEMON PPH 125 GM,PLPCH,125.000 GM,,,125.0,GM,0.0
125,2023-03-01,202302,1,516865410047,51686010006,1677398230795,99764926,122,HIMGIRI HYGIENE PVT LTD-NEPAL,SHAKTI DETERGENT POWDER ,SHAKTI DETERGENT POWDER/LEMON/1000GM/PPH,100.0,PPH,1000GM ,,1677398230795-himgiri hygiene pvt ltd-nepal-shakti detergent powder #3.png,RECODING,5,10,99762925,142.669,122,HIMGIRI HYGIENE PVT LTD-NEPAL,XTRAA,XTRAA ACTIVE,XTRAA ACTIVE-DETERGENT POWDER PPH 1000 GM,PLPCH,1000.000 GM,,,1000.0,GM,100.0
126,2023-03-01,202302,1,126932690,31101010075,1677572237318,99764927,122,GODAWARI SOAP INDUS-NEPAL,WASHING POWER,RIT 1KG,90.0,PPH,1000 GM,,1677572237318-godawari soap indus-nepal-washing power#3.png,RECODING,5,1,99762767,124.96391,123,NAMASTE S.I (P)-NEPAL,JUN,JUN,JUN-LAUNDRY SOAP PPH 500 GM,PLPCH,500.000 GM,,,500.0,GM,100.0
126,2023-03-01,202302,1,126932690,31101010075,1677572237318,99764927,122,GODAWARI SOAP INDUS-NEPAL,WASHING POWER,RIT 1KG,90.0,PPH,1000 GM,,1677572237318-godawari soap indus-nepal-washing power#3.png,RECODING,5,2,99764179,125.955315,123,NAMASTE S.I (P)-NEPAL,JUN,JUN,JUN-LAUNDRY SOAP PPH 200 GM,PLPCH,200.000 GM,,,200.0,GM,40.0
126,2023-03-01,202302,1,126932690,31101010075,1677572237318,99764927,122,GODAWARI SOAP INDUS-NEPAL,WASHING POWER,RIT 1KG,90.0,PPH,1000 GM,,1677572237318-godawari soap indus-nepal-washing power#3.png,RECODING,5,3,99762647,128.98633,122,GOPAL SOAP INDUSTRIES - NEPAL,V SERIES,V SERIES GOLD,V SERIES GOLD-MACHINE WASH PPH 1000 GMS,PLPCH,1000.000 GM,,,1000.0,GM,100.0
126,2023-03-01,202302,1,126932690,31101010075,1677572237318,99764927,122,GODAWARI SOAP INDUS-NEPAL,WASHING POWER,RIT 1KG,90.0,PPH,1000 GM,,1677572237318-godawari soap indus-nepal-washing power#3.png,RECODING,5,4,99763856,132.3825,122,GOPAL SOAP INDUSTRIES - NEPAL,V SERIES,V SERIES GOLD,V SERIES GOLD-MACHINE WASH PPH 750 GM+150 GM FREE,PLPCH,750.000 GM,,,900.0,GM,100.0
126,2023-03-01,202302,1,126932690,31101010075,1677572237318,99764927,122,GODAWARI SOAP INDUS-NEPAL,WASHING POWER,RIT 1KG,90.0,PPH,1000 GM,,1677572237318-godawari soap indus-nepal-washing power#3.png,RECODING,5,5,99764748,133.33463,123,K.C. SOAP & CHEMICAL IND.-NEPAL,4X SOAP,4X SOAP,4X SOAP-LAUNDRY SOAP PPH 200 GM,PLPCH,200.000 GM,,,200.0,GM,45.0
126,2023-03-01,202302,1,126932690,31101010075,1677572237318,99764927,122,GODAWARI SOAP INDUS-NEPAL,WASHING POWER,RIT 1KG,90.0,PPH,1000 GM,,1677572237318-godawari soap indus-nepal-washing power#3.png,RECODING,5,6,54989,134.13737,123,GOPAL SOAP INDUSTRIES - NEPAL,V SERIES,V SERIES PLUS,V SERIES PLUS- HRBL DISHWASH PPH 170 GM+30GM EX,PLPCH,170.000 GM,,,200.0,GM,0.0
126,2023-03-01,202302,1,126932690,31101010075,1677572237318,99764927,122,GODAWARI SOAP INDUS-NEPAL,WASHING POWER,RIT 1KG,90.0,PPH,1000 GM,,1677572237318-godawari soap indus-nepal-washing power#3.png,RECODING,5,7,54994,135.08667,123,GOPAL SOAP INDUSTRIES - NEPAL,V SERIES,V SERIES PLUS,V SERIES PLUS-HRBL DISHWASH PPH 80 GM+15GM EX,PLPCH,80.000 GM,,,95.0,GM,0.0
126,2023-03-01,202302,1,126932690,31101010075,1677572237318,99764927,122,GODAWARI SOAP INDUS-NEPAL,WASHING POWER,RIT 1KG,90.0,PPH,1000 GM,,1677572237318-godawari soap indus-nepal-washing power#3.png,RECODING,5,8,99763778,135.54257,123,SHIKHAR SABUN UDHYOG-NEPAL,SHIKHAR,SHIKHAR,SHIKHAR-LAUNDRY SOAP PPH 250 GM,PLPCH,250.000 GM,,,250.0,GM,45.0
126,2023-03-01,202302,1,126932690,31101010075,1677572237318,99764927,122,GODAWARI SOAP INDUS-NEPAL,WASHING POWER,RIT 1KG,90.0,PPH,1000 GM,,1677572237318-godawari soap indus-nepal-washing power#3.png,RECODING,5,9,53459,135.59497,123,SWADESHI SABUN UDHYOG-NEPAL,AAHA,AAHA,AAHA-SUPER LAUNDRY SOAP PPH 3*200 GM,PLPCH,200.000 GM,,,600.0,GM,0.0
126,2023-03-01,202302,1,126932690,31101010075,1677572237318,99764927,122,GODAWARI SOAP INDUS-NEPAL,WASHING POWER,RIT 1KG,90.0,PPH,1000 GM,,1677572237318-godawari soap indus-nepal-washing power#3.png,RECODING,5,10,99764617,135.73499,123,SWADESHI SABUN UDHYOG-NEPAL,AAHA,AAHA,AAHA-LAUNDRY SOAP PPH 250 GM,PLPCH,250.000 GM,,,250.0,GM,55.0
127,2023-03-01,202302,2,116336450,11301020015,1677130828131,99764928,134,TRIVENI FOOD & BEVERAGE-NP,POWER PUNCH,POWER PUNCH,100.0,CAN,250ML,,1677130828131-triveni food - beverage-np-power punch#3.png,RECODING,5,1,99764883,80.80797,118,TRIVENI FOOD & BEVERAGE-NP,POWER PUNCH,POWER PUNCH,CAN 330 ML,CAN,330.000 ML,,,330.0,ML,120.0
127,2023-03-01,202302,2,116336450,11301020015,1677130828131,99764928,134,TRIVENI FOOD & BEVERAGE-NP,POWER PUNCH,POWER PUNCH,100.0,CAN,250ML,,1677130828131-triveni food - beverage-np-power punch#3.png,RECODING,5,2,99764928,84.667305,118,TRIVENI FOOD & BEVERAGE-NP,POWER PUNCH,POWER PUNCH,ORIGINAL CAN 250 ML,CAN,250.000 ML,,,250.0,ML,100.0
127,2023-03-01,202302,2,116336450,11301020015,1677130828131,99764928,134,TRIVENI FOOD & BEVERAGE-NP,POWER PUNCH,POWER PUNCH,100.0,CAN,250ML,,1677130828131-triveni food - beverage-np-power punch#3.png,RECODING,5,3,99765240,156.8792,118,TRIVENI FOOD & BEVERAGE-NP,SHOCK,SHOCK,CAN 250 ML,CAN,250.000 ML,,,250.0,ML,120.0
127,2023-03-01,202302,2,116336450,11301020015,1677130828131,99764928,134,TRIVENI FOOD & BEVERAGE-NP,POWER PUNCH,POWER PUNCH,100.0,CAN,250ML,,1677130828131-triveni food - beverage-np-power punch#3.png,RECODING,5,4,99765447,167.05202,118,TRIVENI FOOD & BEVERAGE-NP,SHOCK,SHOCK,CLASSIC CAN 330 ML,CAN,330.000 ML,,,330.0,ML,130.0
127,2023-03-01,202302,2,116336450,11301020015,1677130828131,99764928,134,TRIVENI FOOD & BEVERAGE-NP,POWER PUNCH,POWER PUNCH,100.0,CAN,250ML,,1677130828131-triveni food - beverage-np-power punch#3.png,RECODING,5,5,54746,201.1444,118,TRIVENI FOOD & BEVERAGE-NP,LEELI,LEELI,LITCHI PET 150 ML,PET,150.000 ML,LYCHEE,,150.0,ML,0.0
127,2023-03-01,202302,2,116336450,11301020015,1677130828131,99764928,134,TRIVENI FOOD & BEVERAGE-NP,POWER PUNCH,POWER PUNCH,100.0,CAN,250ML,,1677130828131-triveni food - beverage-np-power punch#3.png,RECODING,5,6,53284,203.5566,118,TRIVENI FOOD & BEVERAGE-NP,LEELI,LEELI,LITCHI PET 170 ML,PET,170.000 ML,LYCHEE,,170.0,ML,0.0
127,2023-03-01,202302,2,116336450,11301020015,1677130828131,99764928,134,TRIVENI FOOD & BEVERAGE-NP,POWER PUNCH,POWER PUNCH,100.0,CAN,250ML,,1677130828131-triveni food - beverage-np-power punch#3.png,RECODING,5,7,99765150,203.55698,118,TRIVENI FOOD & BEVERAGE-NP,LEELI,LEELI,LITCHI PET 135 ML,PET,135.000 ML,LYCHEE,,135.0,ML,20.0
127,2023-03-01,202302,2,116336450,11301020015,1677130828131,99764928,134,TRIVENI FOOD & BEVERAGE-NP,POWER PUNCH,POWER PUNCH,100.0,CAN,250ML,,1677130828131-triveni food - beverage-np-power punch#3.png,RECODING,5,8,54867,203.78493,118,TRIVENI FOOD & BEVERAGE-NP,BLOOM,BLOOM,LITCHI PET 150 ML,PET,150.000 ML,LYCHEE,,150.0,ML,0.0
127,2023-03-01,202302,2,116336450,11301020015,1677130828131,99764928,134,TRIVENI FOOD & BEVERAGE-NP,POWER PUNCH,POWER PUNCH,100.0,CAN,250ML,,1677130828131-triveni food - beverage-np-power punch#3.png,RECODING,5,9,53264,206.361,118,TRIVENI FOOD & BEVERAGE-NP,BLOOM,BLOOM,LITCHI PET 170 ML,PET,170.000 ML,LYCHEE,,170.0,ML,0.0
127,2023-03-01,202302,2,116336450,11301020015,1677130828131,99764928,134,TRIVENI FOOD & BEVERAGE-NP,POWER PUNCH,POWER PUNCH,100.0,CAN,250ML,,1677130828131-triveni food - beverage-np-power punch#3.png,RECODING,5,10,99765143,206.61551,118,TRIVENI FOOD & BEVERAGE-NP,BLOOM,BLOOM,LITCHI PET 135 ML,PET,135.000 ML,LYCHEE,,135.0,ML,20.0
128,2023-03-01,202302,2,116336450,11301020015,1677131874196,99764925,118,VARUN BEVERAGE -NEPAL,MOUNTAIN DEW,MOUNTAIN DEW-LEMON-PET 2250ML,260.0,PET,2250ML,,1677131874196-varun beverage -nepal-mountain dew#3.png,RECODING,5,1,49149,80.19416,118,VARUN BEVERAGE -NEPAL,MOUNTAIN DEW,MOUNTAIN DEW,PET 300 ML,PET,300.000 ML,LEMON,,300.0,ML,0.0
128,2023-03-01,202302,2,116336450,11301020015,1677131874196,99764925,118,VARUN BEVERAGE -NEPAL,MOUNTAIN DEW,MOUNTAIN DEW-LEMON-PET 2250ML,260.0,PET,2250ML,,1677131874196-varun beverage -nepal-mountain dew#3.png,RECODING,5,2,20110254,80.52599,118,VARUN BEVERAGE -NEPAL,MOUNTAIN DEW,MOUNTAIN DEW,PET 1500 ML,PET,1500.000 ML,LEMON,,1500.0,ML,0.0
128,2023-03-01,202302,2,116336450,11301020015,1677131874196,99764925,118,VARUN BEVERAGE -NEPAL,MOUNTAIN DEW,MOUNTAIN DEW-LEMON-PET 2250ML,260.0,PET,2250ML,,1677131874196-varun beverage -nepal-mountain dew#3.png,RECODING,5,3,20121485,82.18489,118,VARUN BEVERAGE -NEPAL,MOUNTAIN DEW,MOUNTAIN DEW,PET 2250 ML,PET,2250.000 ML,LEMON,,2250.0,ML,0.0
128,2023-03-01,202302,2,116336450,11301020015,1677131874196,99764925,118,VARUN BEVERAGE -NEPAL,MOUNTAIN DEW,MOUNTAIN DEW-LEMON-PET 2250ML,260.0,PET,2250ML,,1677131874196-varun beverage -nepal-mountain dew#3.png,RECODING,5,4,20110236,84.460464,118,VARUN BEVERAGE -NEPAL,MOUNTAIN DEW,MOUNTAIN DEW,PET 500 ML,PET,500.000 ML,LEMON,,500.0,ML,0.0
128,2023-03-01,202302,2,116336450,11301020015,1677131874196,99764925,118,VARUN BEVERAGE -NEPAL,MOUNTAIN DEW,MOUNTAIN DEW-LEMON-PET 2250ML,260.0,PET,2250ML,,1677131874196-varun beverage -nepal-mountain dew#3.png,RECODING,5,5,20110312,85.34772,118,VARUN BEVERAGE -NEPAL,MOUNTAIN DEW,MOUNTAIN DEW,PET 1000 ML,PET,1000.000 ML,LEMON,,1000.0,ML,0.0
128,2023-03-01,202302,2,116336450,11301020015,1677131874196,99764925,118,VARUN BEVERAGE -NEPAL,MOUNTAIN DEW,MOUNTAIN DEW-LEMON-PET 2250ML,260.0,PET,2250ML,,1677131874196-varun beverage -nepal-mountain dew#3.png,RECODING,5,6,20110378,85.475586,118,VARUN BEVERAGE -NEPAL,MOUNTAIN DEW,MOUNTAIN DEW,PET 600 ML,PET,600.000 ML,LEMON,,600.0,ML,0.0
128,2023-03-01,202302,2,116336450,11301020015,1677131874196,99764925,118,VARUN BEVERAGE -NEPAL,MOUNTAIN DEW,MOUNTAIN DEW-LEMON-PET 2250ML,260.0,PET,2250ML,,1677131874196-varun beverage -nepal-mountain dew#3.png,RECODING,5,7,46930,85.74156,118,VARUN BEVERAGE -NEPAL,MOUNTAIN DEW,MOUNTAIN DEW,PET 1250 ML,PET,1250.000 ML,LEMON,,1250.0,ML,0.0
128,2023-03-01,202302,2,116336450,11301020015,1677131874196,99764925,118,VARUN BEVERAGE -NEPAL,MOUNTAIN DEW,MOUNTAIN DEW-LEMON-PET 2250ML,260.0,PET,2250ML,,1677131874196-varun beverage -nepal-mountain dew#3.png,RECODING,5,8,20110436,85.81036,118,VARUN BEVERAGE -NEPAL,MOUNTAIN DEW,MOUNTAIN DEW,PET 250 ML,PET,250.000 ML,LEMON,,250.0,ML,0.0
128,2023-03-01,202302,2,116336450,11301020015,1677131874196,99764925,118,VARUN BEVERAGE -NEPAL,MOUNTAIN DEW,MOUNTAIN DEW-LEMON-PET 2250ML,260.0,PET,2250ML,,1677131874196-varun beverage -nepal-mountain dew#3.png,RECODING,5,9,20110264,86.06868,118,VARUN BEVERAGE -NEPAL,MOUNTAIN DEW,MOUNTAIN DEW,PET 2000 ML,PET,2000.000 ML,LEMON,,2000.0,ML,0.0
128,2023-03-01,202302,2,116336450,11301020015,1677131874196,99764925,118,VARUN BEVERAGE -NEPAL,MOUNTAIN DEW,MOUNTAIN DEW-LEMON-PET 2250ML,260.0,PET,2250ML,,1677131874196-varun beverage -nepal-mountain dew#3.png,RECODING,5,10,20150003,87.19426,118,VARUN BEVERAGE -NEPAL,MOUNTAIN DEW,MOUNTAIN DEW,PET 500 ML + 100 ML,PET,600.000 ML,LEMON,,600.0,ML,0.0
129,2023-03-01,202302,1,125781212,32201010019,1677404935491,99764929,123,GOPAL N PRODUCT-NEPAL,NIKHAR,NIKHAR LAUNDRY SOAP/PPH/200GM/GOPAL N PRODUCT-NEPAL,45.0,PPH,200GM,,1677404935491-gopal n product-nepal-nikhar#3.png,RECODING,5,1,53137,105.14376,123,GOPAL N PRODUCT-NEPAL,V SERIES,V SERIES V PLUS,V SERIES V PLUS-WASHING SOAP PPH 220 GM,PLPCH,220.000 GM,,,220.0,GM,0.0
129,2023-03-01,202302,1,125781212,32201010019,1677404935491,99764929,123,GOPAL N PRODUCT-NEPAL,NIKHAR,NIKHAR LAUNDRY SOAP/PPH/200GM/GOPAL N PRODUCT-NEPAL,45.0,PPH,200GM,,1677404935491-gopal n product-nepal-nikhar#3.png,RECODING,5,2,93019328,109.88299,122,GOPAL SOAP INDUSTRIES - NEPAL,V SERIES,V SERIES NIKHAR,V SERIES NIKHAR-PPH 350  GMS,PLPCH,350.000 GM,,,350.0,GM,0.0
129,2023-03-01,202302,1,125781212,32201010019,1677404935491,99764929,123,GOPAL N PRODUCT-NEPAL,NIKHAR,NIKHAR LAUNDRY SOAP/PPH/200GM/GOPAL N PRODUCT-NEPAL,45.0,PPH,200GM,,1677404935491-gopal n product-nepal-nikhar#3.png,RECODING,5,3,93019323,110.3275,122,GOPAL SOAP INDUSTRIES - NEPAL,V SERIES,V SERIES NIKHAR,V SERIES NIKHAR-PPH 400  GMS,PLPCH,400.000 GM,,,400.0,GM,0.0
129,2023-03-01,202302,1,125781212,32201010019,1677404935491,99764929,123,GOPAL N PRODUCT-NEPAL,NIKHAR,NIKHAR LAUNDRY SOAP/PPH/200GM/GOPAL N PRODUCT-NEPAL,45.0,PPH,200GM,,1677404935491-gopal n product-nepal-nikhar#3.png,RECODING,5,4,47266,113.71518,122,GOPAL SOAP INDUSTRIES - NEPAL,V SERIES,V SERIES NIKHAR,V SERIES NIKHAR-JASMINE & LEMON PPH 3000 GM,PLPCH,3000.000 GM,,,3000.0,GM,0.0
129,2023-03-01,202302,1,125781212,32201010019,1677404935491,99764929,123,GOPAL N PRODUCT-NEPAL,NIKHAR,NIKHAR LAUNDRY SOAP/PPH/200GM/GOPAL N PRODUCT-NEPAL,45.0,PPH,200GM,,1677404935491-gopal n product-nepal-nikhar#3.png,RECODING,5,5,93023605,115.74977,122,GOPAL SOAP INDUSTRIES - NEPAL,V SERIES,V SERIES NIKHAR,V SERIES NIKHAR-JASMINE & LEMON PPH 280 GMS,PLPCH,280.000 GM,,,280.0,GM,0.0
129,2023-03-01,202302,1,125781212,32201010019,1677404935491,99764929,123,GOPAL N PRODUCT-NEPAL,NIKHAR,NIKHAR LAUNDRY SOAP/PPH/200GM/GOPAL N PRODUCT-NEPAL,45.0,PPH,200GM,,1677404935491-gopal n product-nepal-nikhar#3.png,RECODING,5,6,93020491,115.80293,122,GOPAL SOAP INDUSTRIES - NEPAL,V SERIES,V SERIES NIKHAR WHITE,V SERIES NIKHAR WHITE-PPH 325 GMS,PLPCH,325.000 GM,,,325.0,GM,0.0
129,2023-03-01,202302,1,125781212,32201010019,1677404935491,99764929,123,GOPAL N PRODUCT-NEPAL,NIKHAR,NIKHAR LAUNDRY SOAP/PPH/200GM/GOPAL N PRODUCT-NEPAL,45.0,PPH,200GM,,1677404935491-gopal n product-nepal-nikhar#3.png,RECODING,5,7,93020810,115.831894,122,GOPAL SOAP INDUSTRIES - NEPAL,V SERIES,V SERIES NIKHAR WHITE,V SERIES NIKHAR WHITE-PPH 310 GMS,PLPCH,310.000 GM,,,310.0,GM,0.0
129,2023-03-01,202302,1,125781212,32201010019,1677404935491,99764929,123,GOPAL N PRODUCT-NEPAL,NIKHAR,NIKHAR LAUNDRY SOAP/PPH/200GM/GOPAL N PRODUCT-NEPAL,45.0,PPH,200GM,,1677404935491-gopal n product-nepal-nikhar#3.png,RECODING,5,8,93021962,116.00845,122,GOPAL SOAP INDUSTRIES - NEPAL,V SERIES,V SERIES NIKHAR,V SERIES NIKHAR-JASMINE & LEMON PPH 300 GMS,PLPCH,300.000 GM,,,300.0,GM,0.0
129,2023-03-01,202302,1,125781212,32201010019,1677404935491,99764929,123,GOPAL N PRODUCT-NEPAL,NIKHAR,NIKHAR LAUNDRY SOAP/PPH/200GM/GOPAL N PRODUCT-NEPAL,45.0,PPH,200GM,,1677404935491-gopal n product-nepal-nikhar#3.png,RECODING,5,9,93023954,116.326645,122,GOPAL SOAP INDUSTRIES - NEPAL,V SERIES,V SERIES NIKHAR,V SERIES NIKHAR-JASMINE & LEMON PPH 275 GMS,PLPCH,275.000 GM,,,275.0,GM,0.0
129,2023-03-01,202302,1,125781212,32201010019,1677404935491,99764929,123,GOPAL N PRODUCT-NEPAL,NIKHAR,NIKHAR LAUNDRY SOAP/PPH/200GM/GOPAL N PRODUCT-NEPAL,45.0,PPH,200GM,,1677404935491-gopal n product-nepal-nikhar#3.png,RECODING,5,10,93021211,116.45332,122,GOPAL SOAP INDUSTRIES - NEPAL,V SERIES,V SERIES NIKHAR WHITE,V SERIES NIKHAR WHITE-PPH 800 GMS,PLPCH,800.000 GM,,,800.0,GM,0.0
130,2023-03-02,202303,1,130515924,21202010025,1677663195102,99764930,106,PERFETTI VAN MELLE-INDIA,CENTER FRUIT,CENTER FRUIT\555GM\PCN\WATERMELON FLAVOUR ,463.0,PCN,555GM,,1677663195102-perfetti van melle-india-center fruit#3.png,RECODING,5,1,99764505,97.69481,106,PERFETTI VAN MELLE-INDIA,CENTER FRUIT,CENTER FRUIT,CENTER FRUIT- WATER MELON PCN 555 GM,PLJAR,555.000 GM,WATER MELON,,555.0,GM,462.5
130,2023-03-02,202303,1,130515924,21202010025,1677663195102,99764930,106,PERFETTI VAN MELLE-INDIA,CENTER FRUIT,CENTER FRUIT\555GM\PCN\WATERMELON FLAVOUR ,463.0,PCN,555GM,,1677663195102-perfetti van melle-india-center fruit#3.png,RECODING,5,2,99764603,99.0231,106,PERFETTI VAN MELLE-INDIA,CENTER FRUIT,CENTER FRUIT,CENTER FRUIT- WATER MELON PCN 585 GM,PLJAR,585.000 GM,WATER MELON,,585.0,GM,310.0
130,2023-03-02,202303,1,130515924,21202010025,1677663195102,99764930,106,PERFETTI VAN MELLE-INDIA,CENTER FRUIT,CENTER FRUIT\555GM\PCN\WATERMELON FLAVOUR ,463.0,PCN,555GM,,1677663195102-perfetti van melle-india-center fruit#3.png,RECODING,5,3,46738,100.01552,106,PERFETTI VAN MELLE-INDIA,CENTER FRUIT,CENTER FRUIT,CENTER FRUIT- WATERMELON PPH 3 GM,PLPCH,3.000 GM,WATER MELON,,3.0,GM,0.0
130,2023-03-02,202303,1,130515924,21202010025,1677663195102,99764930,106,PERFETTI VAN MELLE-INDIA,CENTER FRUIT,CENTER FRUIT\555GM\PCN\WATERMELON FLAVOUR ,463.0,PCN,555GM,,1677663195102-perfetti van melle-india-center fruit#3.png,RECODING,5,4,99764490,100.90732,106,PERFETTI VAN MELLE-INDIA,CENTER FRUIT,CENTER FRUIT,CENTER FRUIT- WATER MELON PCN 450 GM,PLJAR,450.000 GM,WATER MELON,,450.0,GM,240.0
130,2023-03-02,202303,1,130515924,21202010025,1677663195102,99764930,106,PERFETTI VAN MELLE-INDIA,CENTER FRUIT,CENTER FRUIT\555GM\PCN\WATERMELON FLAVOUR ,463.0,PCN,555GM,,1677663195102-perfetti van melle-india-center fruit#3.png,RECODING,5,5,91826066,101.22482,106,PERFETTI VAN MELLE-INDIA,CENTER FRUIT,CENTER FRUIT,CENTER FRUIT- WATERMELON PPH 3.4 GM,PLPCH,3.400 GM,WATER MELON,,3.4,GM,0.0
130,2023-03-02,202303,1,130515924,21202010025,1677663195102,99764930,106,PERFETTI VAN MELLE-INDIA,CENTER FRUIT,CENTER FRUIT\555GM\PCN\WATERMELON FLAVOUR ,463.0,PCN,555GM,,1677663195102-perfetti van melle-india-center fruit#3.png,RECODING,5,6,51731,101.2876,106,PERFETTI VAN MELLE-INDIA,CENTER FRUIT,CENTER FRUIT,CENTER FRUIT-WATERMELON PPH 23.60 GM,PLPCH,23.600 GM,WATER MELON,,23.6,GM,0.0
130,2023-03-02,202303,1,130515924,21202010025,1677663195102,99764930,106,PERFETTI VAN MELLE-INDIA,CENTER FRUIT,CENTER FRUIT\555GM\PCN\WATERMELON FLAVOUR ,463.0,PCN,555GM,,1677663195102-perfetti van melle-india-center fruit#3.png,RECODING,5,7,91827318,103.20865,106,PERFETTI VAN MELLE-INDIA,CENTER FRUIT,CENTER FRUIT,CENTER FRUIT- WATERMELON PPH 3.2 GM,PLPCH,3.200 GM,WATER MELON,,3.2,GM,0.0
130,2023-03-02,202303,1,130515924,21202010025,1677663195102,99764930,106,PERFETTI VAN MELLE-INDIA,CENTER FRUIT,CENTER FRUIT\555GM\PCN\WATERMELON FLAVOUR ,463.0,PCN,555GM,,1677663195102-perfetti van melle-india-center fruit#3.png,RECODING,5,8,91826535,103.53505,106,PERFETTI VAN MELLE-INDIA,CENTER FRUIT,CENTER FRUIT,CENTER FRUIT- WATERMELON PPH 27.2 GM,PLPCH,27.200 GM,WATER MELON,,27.2,GM,0.0
130,2023-03-02,202303,1,130515924,21202010025,1677663195102,99764930,106,PERFETTI VAN MELLE-INDIA,CENTER FRUIT,CENTER FRUIT\555GM\PCN\WATERMELON FLAVOUR ,463.0,PCN,555GM,,1677663195102-perfetti van melle-india-center fruit#3.png,RECODING,5,9,99764775,104.787224,106,PERFETTI VAN MELLE-INDIA,CENTER FRUIT,CENTER FRUIT,CENTER FRUIT- WATER MELON PCN 420 GM,PLJAR,420.000 GM,WATER MELON,,420.0,GM,350.0
130,2023-03-02,202303,1,130515924,21202010025,1677663195102,99764930,106,PERFETTI VAN MELLE-INDIA,CENTER FRUIT,CENTER FRUIT\555GM\PCN\WATERMELON FLAVOUR ,463.0,PCN,555GM,,1677663195102-perfetti van melle-india-center fruit#3.png,RECODING,5,10,48362,104.87958,106,PERFETTI VAN MELLE-INDIA,CENTER FRUIT,CENTER FRUIT,CENTER FRUIT-WATERMELON PPH 3 GM+FR JUMBO STICKR,PLPCH,3.000 GM,WATER MELON,,3.0,GM,0.0
131,2023-03-03,202303,1,116301687,31307010011,1677392245240,99764885,120,UNILEVER NEPAL LTD-NEPAL,LIFE BUOY,LIFE BUOY TOTAL PROTECT ACTIVE SILVER\100GM\EWP\RS:45\UNILIVER NEPAL,45.0,EWP,100GM,,1677392245240-unilever nepal ltd-nepal-life buoy#3.png,RECODING,5,1,99764401,75.42085,120,UNILEVER NEPAL LTD-NEPAL,LIFE BUOY,LIFE BUOY TOTAL PROTECT,LIFE BUOY TOTAL PROTECT-ACTIV SILVER EWP 43 GM,EWRPK,43.000 GM,,,43.0,GM,18.0
131,2023-03-03,202303,1,116301687,31307010011,1677392245240,99764885,120,UNILEVER NEPAL LTD-NEPAL,LIFE BUOY,LIFE BUOY TOTAL PROTECT ACTIVE SILVER\100GM\EWP\RS:45\UNILIVER NEPAL,45.0,EWP,100GM,,1677392245240-unilever nepal ltd-nepal-life buoy#3.png,RECODING,5,2,99764885,77.0848,120,UNILEVER NEPAL LTD-NEPAL,LIFE BUOY,LIFE BUOY TOTAL PROTECT,LIFE BUOY TOTAL PROTECT-ACTIV SILVER EWP 100 GM,EWRPK,100.000 GM,,,100.0,GM,45.0
131,2023-03-03,202303,1,116301687,31307010011,1677392245240,99764885,120,UNILEVER NEPAL LTD-NEPAL,LIFE BUOY,LIFE BUOY TOTAL PROTECT ACTIVE SILVER\100GM\EWP\RS:45\UNILIVER NEPAL,45.0,EWP,100GM,,1677392245240-unilever nepal ltd-nepal-life buoy#3.png,RECODING,5,3,99763277,77.23731,120,UNILEVER NEPAL LTD-NEPAL,LIFE BUOY,LIFE BUOY TOTAL PROTECT,LIFE BUOY TOTAL PROTECT-ACTIV SILVER EWP 95 GM,EWRPK,95.000 GM,,,95.0,GM,35.0
131,2023-03-03,202303,1,116301687,31307010011,1677392245240,99764885,120,UNILEVER NEPAL LTD-NEPAL,LIFE BUOY,LIFE BUOY TOTAL PROTECT ACTIVE SILVER\100GM\EWP\RS:45\UNILIVER NEPAL,45.0,EWP,100GM,,1677392245240-unilever nepal ltd-nepal-life buoy#3.png,RECODING,5,4,99764184,79.32947,120,UNILEVER NEPAL LTD-NEPAL,LIFE BUOY,LIFE BUOY TOTAL PROTECT,LIFE BUOY TOTAL PROTECT-ACTIV SILVER EWP 90 GM,EWRPK,90.000 GM,,,90.0,GM,40.0
131,2023-03-03,202303,1,116301687,31307010011,1677392245240,99764885,120,UNILEVER NEPAL LTD-NEPAL,LIFE BUOY,LIFE BUOY TOTAL PROTECT ACTIVE SILVER\100GM\EWP\RS:45\UNILIVER NEPAL,45.0,EWP,100GM,,1677392245240-unilever nepal ltd-nepal-life buoy#3.png,RECODING,5,5,50017,80.51541,120,UNILEVER NEPAL LTD-NEPAL,LIFE BUOY,LIFE BUOY TOTAL,LIFE BUOY TOTAL-ACTIV SILVER EWP 95 GM,EWRPK,95.000 GM,,,95.0,GM,0.0
131,2023-03-03,202303,1,116301687,31307010011,1677392245240,99764885,120,UNILEVER NEPAL LTD-NEPAL,LIFE BUOY,LIFE BUOY TOTAL PROTECT ACTIVE SILVER\100GM\EWP\RS:45\UNILIVER NEPAL,45.0,EWP,100GM,,1677392245240-unilever nepal ltd-nepal-life buoy#3.png,RECODING,5,6,52952,81.1134,120,UNILEVER NEPAL LTD-NEPAL,LIFE BUOY,LIFE BUOY TOTAL,LIFE BUOY TOTAL-ACTIV SILVER EWP 4*95 GM 100%SGP,EWRPK,95.000 GM,,,380.0,GM,0.0
131,2023-03-03,202303,1,116301687,31307010011,1677392245240,99764885,120,UNILEVER NEPAL LTD-NEPAL,LIFE BUOY,LIFE BUOY TOTAL PROTECT ACTIVE SILVER\100GM\EWP\RS:45\UNILIVER NEPAL,45.0,EWP,100GM,,1677392245240-unilever nepal ltd-nepal-life buoy#3.png,RECODING,5,7,46978,81.23193,120,UNILEVER NEPAL LTD-NEPAL,LIFE BUOY,LIFE BUOY TOTAL,LIFE BUOY TOTAL-ACTIV SILVER EWP 85 GMS,EWRPK,85.000 GM,,,85.0,GM,0.0
131,2023-03-03,202303,1,116301687,31307010011,1677392245240,99764885,120,UNILEVER NEPAL LTD-NEPAL,LIFE BUOY,LIFE BUOY TOTAL PROTECT ACTIVE SILVER\100GM\EWP\RS:45\UNILIVER NEPAL,45.0,EWP,100GM,,1677392245240-unilever nepal ltd-nepal-life buoy#3.png,RECODING,5,8,51728,81.47316,120,UNILEVER NEPAL LTD-NEPAL,LIFE BUOY,LIFE BUOY TOTAL,LIFE BUOY TOTAL-ACTIV SILVER EWP 4*95 GM+RS10,EWRPK,95.000 GM,,,380.0,GM,0.0
131,2023-03-03,202303,1,116301687,31307010011,1677392245240,99764885,120,UNILEVER NEPAL LTD-NEPAL,LIFE BUOY,LIFE BUOY TOTAL PROTECT ACTIVE SILVER\100GM\EWP\RS:45\UNILIVER NEPAL,45.0,EWP,100GM,,1677392245240-unilever nepal ltd-nepal-life buoy#3.png,RECODING,5,9,51819,81.74432,120,UNILEVER NEPAL LTD-NEPAL,LIFE BUOY,LIFE BUOY TOTAL,LIFE BUOY TOTAL-SILVER SHLD EWP 5*125 GM+B4G1 100%SGP,EWRPK,125.000 GM,,,625.0,GM,0.0
131,2023-03-03,202303,1,116301687,31307010011,1677392245240,99764885,120,UNILEVER NEPAL LTD-NEPAL,LIFE BUOY,LIFE BUOY TOTAL PROTECT ACTIVE SILVER\100GM\EWP\RS:45\UNILIVER NEPAL,45.0,EWP,100GM,,1677392245240-unilever nepal ltd-nepal-life buoy#3.png,RECODING,5,10,45836,82.23949,120,UNILEVER NEPAL LTD-NEPAL,LIFE BUOY,LIFE BUOY TOTAL,LIFE BUOY TOTAL-ACTIV SILVER EWP 50 GMS,EWRPK,50.000 GM,,,50.0,GM,0.0
132,2023-03-03,202303,1,130525668,21202010031,1677655247466,49472,106,PERFETTI VAN MELLE-INDIA,HAPPYDENT WHITE,HAPPYDENT WHITE \15.4GM\CBP\MINT FLAVOUR ,25.0,CBP,15.4GM,,1677655247466-perfetti van melle-india-happydent white#3.png,CROSS CODING,2,1,99764667,120.002174,106,PERFETTI VAN MELLE-INDIA,HAPPYDENT,HAPPYDENT WHITE,HAPPYDENT WHITE- MINT CBP 277.2 GM,CDBOX,277.200 GM,MINT,,277.2,GM,288.0
132,2023-03-03,202303,1,130525668,21202010031,1677655247466,49472,106,PERFETTI VAN MELLE-INDIA,HAPPYDENT WHITE,HAPPYDENT WHITE \15.4GM\CBP\MINT FLAVOUR ,25.0,CBP,15.4GM,,1677655247466-perfetti van melle-india-happydent white#3.png,CROSS CODING,2,2,91826354,124.95397,106,PERFETTI VAN MELLE-INDIA,HAPPYDENT,HAPPYDENT WHITE,HAPPYDENT WHITE- SPARKLING SMILE MINT CBP 16.8 GM,CDBOX,16.800 GM,MINT,,16.8,GM,0.0
132,2023-03-03,202303,1,130525668,21202010031,1677655247466,49472,106,PERFETTI VAN MELLE-INDIA,HAPPYDENT WHITE,HAPPYDENT WHITE \15.4GM\CBP\MINT FLAVOUR ,25.0,CBP,15.4GM,,1677655247466-perfetti van melle-india-happydent white#3.png,CROSS CODING,2,3,51066,125.67609,106,PERFETTI VAN MELLE-INDIA,HAPPYDENT,HAPPYDENT WHITE,HAPPYDENT WHITE-SPARKLING SMILE MINT CBP 15.4 GM,CDBOX,15.400 GM,MINT,,15.4,GM,0.0
132,2023-03-03,202303,1,130525668,21202010031,1677655247466,49472,106,PERFETTI VAN MELLE-INDIA,HAPPYDENT WHITE,HAPPYDENT WHITE \15.4GM\CBP\MINT FLAVOUR ,25.0,CBP,15.4GM,,1677655247466-perfetti van melle-india-happydent white#3.png,CROSS CODING,2,4,91826078,129.33435,106,PERFETTI VAN MELLE-INDIA,HAPPYDENT,HAPPYDENT WHITE,HAPPYDENT WHITE- MINT (2*1.2GM) PPH 2.4 GM,PLPCH,2.400 GM,MINT,,2.4,GM,0.0
132,2023-03-03,202303,1,130525668,21202010031,1677655247466,49472,106,PERFETTI VAN MELLE-INDIA,HAPPYDENT WHITE,HAPPYDENT WHITE \15.4GM\CBP\MINT FLAVOUR ,25.0,CBP,15.4GM,,1677655247466-perfetti van melle-india-happydent white#3.png,CROSS CODING,2,5,49475,131.6192,106,PERFETTI VAN MELLE-INDIA,HAPPYDENT,HAPPYDENT WHITE,HAPPYDENT WHITE-MINT (2*1.1GM) PPH 2.2 GM,PLPCH,2.200 GM,MINT,,2.2,GM,0.0
132,2023-03-03,202303,1,130525668,21202010031,1677655247466,49472,106,PERFETTI VAN MELLE-INDIA,HAPPYDENT WHITE,HAPPYDENT WHITE \15.4GM\CBP\MINT FLAVOUR ,25.0,CBP,15.4GM,,1677655247466-perfetti van melle-india-happydent white#3.png,CROSS CODING,2,6,99764494,132.75111,106,PERFETTI VAN MELLE-INDIA,HAPPYDENT,HAPPYDENT WHITE,HAPPYDENT WHITE- MINT PCN 429 GM,PLJAR,429.000 GM,MINT,,429.0,GM,490.0
132,2023-03-03,202303,1,130525668,21202010031,1677655247466,49472,106,PERFETTI VAN MELLE-INDIA,HAPPYDENT WHITE,HAPPYDENT WHITE \15.4GM\CBP\MINT FLAVOUR ,25.0,CBP,15.4GM,,1677655247466-perfetti van melle-india-happydent white#3.png,CROSS CODING,2,7,91826355,133.89598,106,PERFETTI VAN MELLE-INDIA,HAPPYDENT,HAPPYDENT WHITE,HAPPYDENT WHITE- SPARKLING SMILE SPEARMINT CBP 16.8 GM,CDBOX,16.800 GM,SPEARMINT,,16.8,GM,0.0
132,2023-03-03,202303,1,130525668,21202010031,1677655247466,49472,106,PERFETTI VAN MELLE-INDIA,HAPPYDENT WHITE,HAPPYDENT WHITE \15.4GM\CBP\MINT FLAVOUR ,25.0,CBP,15.4GM,,1677655247466-perfetti van melle-india-happydent white#3.png,CROSS CODING,2,8,99764504,136.72011,106,PERFETTI VAN MELLE-INDIA,HAPPYDENT,HAPPYDENT WHITE,HAPPYDENT WHITE- SPEARMINT PCN 429 GM,PLJAR,429.000 GM,SPEARMINT,,429.0,GM,487.5
132,2023-03-03,202303,1,130525668,21202010031,1677655247466,49472,106,PERFETTI VAN MELLE-INDIA,HAPPYDENT WHITE,HAPPYDENT WHITE \15.4GM\CBP\MINT FLAVOUR ,25.0,CBP,15.4GM,,1677655247466-perfetti van melle-india-happydent white#3.png,CROSS CODING,2,9,91826362,136.8831,106,PERFETTI VAN MELLE-INDIA,HAPPYDENT,HAPPYDENT WHITE,HAPPYDENT WHITE- MINT PPH 4.2 GM,PLPCH,4.200 GM,MINT,,4.2,GM,0.0
132,2023-03-03,202303,1,130525668,21202010031,1677655247466,49472,106,PERFETTI VAN MELLE-INDIA,HAPPYDENT WHITE,HAPPYDENT WHITE \15.4GM\CBP\MINT FLAVOUR ,25.0,CBP,15.4GM,,1677655247466-perfetti van melle-india-happydent white#3.png,CROSS CODING,2,10,91826360,136.91031,106,PERFETTI VAN MELLE-INDIA,HAPPYDENT,HAPPYDENT WHITE,HAPPYDENT WHITE- SPARKLING SMILE MINT PPH 13.2 GM,PLPCH,13.200 GM,MINT,,13.2,GM,0.0
