t_DATE,t_PERIOD,t_AUDITYPE,t_STORECODE,t_DLRCODE,t_ITEMCODE,t_NEW_CODES,t_CATEGORY,t_MANUFACTURE,t_BRAND,t_ITEMDESC,t_MRP,t_PACKSIZE,t_PACKTYPE,t_COMMENTS,t_IMAGE,t_CODE COMMENT,t_FLAG,rank,matched_itemcode,distance,m_catcode,m_company,m_mbrand,m_brand,m_sku,m_packtype,m_base_pack,m_flavor,m_color,m_wght,m_uom,m_mrp
2023-02-07,202302,1,117185654,32203010010,1675677515836,1675677515836,116,SUPER ABSORBENT CORE ,COMFORT,COMFORT PPH 8 NOS,100.0,PPH,8 NOS,,1675677515836-super absorbent core -comfort#3.png,DELETE THE ITEM,1,1,54005,228.2368621826172,116,SOFTY HYGIENE PVT LTD-NEPAL,SOFTY,SOFTY,SOFTY-ULT SUPER ABSORBENT CORE-PPH 10 NO,PLPCH,10.000 NO,,,10.0,NO,0.0
2023-02-07,202302,1,117185654,32203010010,1675677515836,1675677515836,116,SUPER ABSORBENT CORE ,COMFORT,COMFORT PPH 8 NOS,100.0,PPH,8 NOS,,1675677515836-super absorbent core -comfort#3.png,DELETE THE ITEM,1,2,51084,255.61688232421875,116,SOFTY HYGIENE PVT LTD-NEPAL,SOFTY,SOFTY,SOFTY-ULTRA SUPER ABSORBENT CORE PPH 6 NO,PLPCH,6.000 NO,,,6.0,NO,0.0
2023-02-07,202302,1,117185654,32203010010,1675677515836,1675677515836,116,SUPER ABSORBENT CORE ,COMFORT,COMFORT PPH 8 NOS,100.0,PPH,8 NOS,,1675677515836-super absorbent core -comfort#3.png,DELETE THE ITEM,1,3,92024765,258.06195068359375,116,IMPORTED-IMPORTED,COMFORT,COMFORT REGULAR,COMFORT REGULAR-PPH 8 NOS,PLPCH,8.000 NO,,,8.0,NO,0.0
2023-02-07,202302,1,117185654,32203010010,1675677700709,99764842,116,ANGEL TOUCH HYGIENE MANUF.-NEPAL,PURE EVERYDAY,PURE EVERYDAY XL 7 NOS,50.0,PPH,7 NOS,,1675677700709-angel touch hygiene manuf--nepal-pure everyday#3.png,RECODING,5,1,99764842,77.65479278564453,116,ANGEL TOUCH HYGIENE MANUF.-NEPAL,PURE,PURE REGULAR,PURE REGULAR-EVERYDAY XL PPH 7 NO,PLPCH,7.000 NO,,,7.0,NO,50.0
2023-02-07,202302,1,117185654,32203010010,1675677700709,99764842,116,ANGEL TOUCH HYGIENE MANUF.-NEPAL,PURE EVERYDAY,PURE EVERYDAY XL 7 NOS,50.0,PPH,7 NOS,,1675677700709-angel touch hygiene manuf--nepal-pure everyday#3.png,RECODING,5,2,99764821,129.0243377685547,116,ANGEL TOUCH HYGIENE MANUF.-NEPAL,PURE,PURE ULTRA CLEAR CHOICE,PURE ULTRA CLEAR CHOICE-XL ULTRA THIN PPH 8 NO,PLPCH,8.000 NO,,,8.0,NO,80.0
2023-02-07,202302,1,117185654,32203010010,1675677700709,99764842,116,ANGEL TOUCH HYGIENE MANUF.-NEPAL,PURE EVERYDAY,PURE EVERYDAY XL 7 NOS,50.0,PPH,7 NOS,,1675677700709-angel touch hygiene manuf--nepal-pure everyday#3.png,RECODING,5,3,99763270,170.5813751220703,116,ANYTIME HYGIENE PVT LTD-NEPAL,ANYTIME,ANYTIME,ANYTIME-REGULAR WINGS PPH 7 NOS,PLPCH,7.000 NO,,,7.0,NO,55.0
2023-02-07,202302,3,1220100023,12201030087,1675655460329,99764848,125,TRIMURTI FREGNENCE INDUSTRIES NEPAL,SPECIAL BASSA,SPECIAL BASSA,20.0,PPH,15G,,1675655460329-trimurti fregnence industries nepal-special bassa#3.png,RECODING,5,1,99764848,154.62486267089844,125,TRIMURTI FRAGNANCES PVT LTD.,SPECIAL BASSA,SPECIAL BASSA,15G KHAINI,PLAST,15G,REGULAR,,15.0,GM,20.0
2023-02-07,202302,3,1220100023,12201030087,1675655460329,99764848,125,TRIMURTI FREGNENCE INDUSTRIES NEPAL,SPECIAL BASSA,SPECIAL BASSA,20.0,PPH,15G,,1675655460329-trimurti fregnence industries nepal-special bassa#3.png,RECODING,5,2,93015344,188.5906982421875,122,BASANTA CHEMICAL- NEPAL,BULBUL,BULBUL,BULBUL-PPH 500  GMS,PLPCH,500.000 GM,,,500.0,GM,0.0
2023-02-07,202302,3,1220100023,12201030087,1675655460329,99764848,125,TRIMURTI FREGNENCE INDUSTRIES NEPAL,SPECIAL BASSA,SPECIAL BASSA,20.0,PPH,15G,,1675655460329-trimurti fregnence industries nepal-special bassa#3.png,RECODING,5,3,50749,189.17921447753906,122,GOPAL SOAP INDUSTRIES - NEPAL,V SERIES,V SERIES XPERT,V SERIES XPERT-PPH 3000 GM,PLPCH,3000.000 GM,,,3000.0,GM,0.0
2023-02-07,202302,3,1220100026,12201030081,1675655460329,99764848,125,TRIMURTI FREGNENCE INDUSTRIES NEPAL,SPECIAL BASSA,SPECIAL BASSA,20.0,PPH,15G,,1675655460329-trimurti fregnence industries nepal-special bassa#3.png,RECODING,5,1,99764848,155.49456787109375,125,TRIMURTI FRAGNANCES PVT LTD.,SPECIAL BASSA,SPECIAL BASSA,15G KHAINI,PLAST,15G,REGULAR,,15.0,GM,20.0
2023-02-07,202302,3,1220100026,12201030081,1675655460329,99764848,125,TRIMURTI FREGNENCE INDUSTRIES NEPAL,SPECIAL BASSA,SPECIAL BASSA,20.0,PPH,15G,,1675655460329-trimurti fregnence industries nepal-special bassa#3.png,RECODING,5,2,93015344,188.6572265625,122,BASANTA CHEMICAL- NEPAL,BULBUL,BULBUL,BULBUL-PPH 500  GMS,PLPCH,500.000 GM,,,500.0,GM,0.0
2023-02-07,202302,3,1220100026,12201030081,1675655460329,99764848,125,TRIMURTI FREGNENCE INDUSTRIES NEPAL,SPECIAL BASSA,SPECIAL BASSA,20.0,PPH,15G,,1675655460329-trimurti fregnence industries nepal-special bassa#3.png,RECODING,5,3,93011488,189.48095703125,122,BASANTA CHEMICAL- NEPAL,BULBUL,BULBUL,BULBUL-PPH 200  GMS,PLPCH,200.000 GM,,,200.0,GM,0.0
2023-02-08,202302,2,122186466,31101020089,1675668824889,99764850,134,BIKANERVALA FOOD PVT LTD,CAN JUICE,BIKANO STABERY FLAVIOUR,110.0,CAN,180 ML,,1675668824889-bikanervala food pvt ltd-can juice#3.png,RECODING,5,1,99764850,152.33934020996094,118,BIKANERVALA FOODS PVT. LTD.-INDIA,BIKANO,BIKANO STRAWBERRY DRINK,STRAWBERRY DRINK CAN 180 ML,CAN,180.000 ML,STRAWBERRY,,180.0,ML,110.0
2023-02-08,202302,2,122186466,31101020089,1675668824889,99764850,134,BIKANERVALA FOOD PVT LTD,CAN JUICE,BIKANO STABERY FLAVIOUR,110.0,CAN,180 ML,,1675668824889-bikanervala food pvt ltd-can juice#3.png,RECODING,5,2,99765361,166.74639892578125,118,BIKANERVALA FOODS PVT. LTD.-INDIA,BIKANO,BIKANO BADAM DRINK,BADAM DRINK CAN 180 ML,CAN,180.000 ML,ALMOND,,180.0,ML,100.0
2023-02-08,202302,2,122186466,31101020089,1675668824889,99764850,134,BIKANERVALA FOOD PVT LTD,CAN JUICE,BIKANO STABERY FLAVIOUR,110.0,CAN,180 ML,,1675668824889-bikanervala food pvt ltd-can juice#3.png,RECODING,5,3,99765257,186.11138916015625,118,J.B.S. INDUSTRIES PVT. LTD.- NEPAL,SAGARMATHA,SAGARMATHA,MIXED FRUIT CAN 240 ML,CAN,240.000 ML,MIXED FRUIT,,240.0,ML,90.0
2023-02-08,202302,1,117369546,32203010013,1675763507155,99764843,122,GAURI SHANKAR SOAP INDS-NEPAL,SUPER EXCEL,SUPER EXCEL PPH 200 GM,20.0,PPH,200 GM,,1675763507155-gauri shankar soap inds-nepal-super excel#2.png,RECODING,5,1,99764843,113.1116943359375,122,GAURI SHANKAR SOAP INDS-NEPAL,GS,GS SUPER EXCEL,GS SUPER EXCEL-DETERGENT POWDER PPH 200 GM,PLPCH,200.000 GM,,,200.0,GM,20.0
2023-02-08,202302,1,117369546,32203010013,1675763507155,99764843,122,GAURI SHANKAR SOAP INDS-NEPAL,SUPER EXCEL,SUPER EXCEL PPH 200 GM,20.0,PPH,200 GM,,1675763507155-gauri shankar soap inds-nepal-super excel#2.png,RECODING,5,2,93021613,135.35519409179688,122,GAURI SHANKAR SOAP INDS-NEPAL,CHADANI,CHADANI,CHADANI-PPH 1000 GMS,PLPCH,1000.000 GM,,,1000.0,GM,0.0
2023-02-08,202302,1,117369546,32203010013,1675763507155,99764843,122,GAURI SHANKAR SOAP INDS-NEPAL,SUPER EXCEL,SUPER EXCEL PPH 200 GM,20.0,PPH,200 GM,,1675763507155-gauri shankar soap inds-nepal-super excel#2.png,RECODING,5,3,45762,135.58087158203125,122,OM SOAP PRODUCT INDUSTR-NEPAL,RAU EXCEL,RAU EXCEL,RAU EXCEL-SUPER ACTIVE PPH 275GM,PLPCH,275.000 GM,,,275.0,GM,0.0
2023-02-08,202302,1,125764166,52202010015,1675747723641,99764845,123,DINESH SOAP & HOUSEHOLD-NPL,DINESH ,DINESH ASH DISHWASH BAR/400GM/PCN/ FREE SCRUB PAD,50.0,PCN,400GM ,,1675747723641-dinesh soap - household-npl-dinesh #3.png,RECODING,5,1,99764845,70.39347839355469,123,DINESH SOAP & HOUSEHOLD-NPL,DINESH,DINESH ASH,DINESH ASH-DISHWASH BAR PCN 400 GM+FREE SCRUBBER,PLJAR,400.000 GM,,,400.0,GM,50.0
2023-02-08,202302,1,125764166,52202010015,1675747723641,99764845,123,DINESH SOAP & HOUSEHOLD-NPL,DINESH ,DINESH ASH DISHWASH BAR/400GM/PCN/ FREE SCRUB PAD,50.0,PCN,400GM ,,1675747723641-dinesh soap - household-npl-dinesh #3.png,RECODING,5,2,99764619,96.15367126464844,123,DINESH SOAP & HOUSEHOLD-NPL,DINESH,DINESH,DINESH-DISHWASH BAR PPH 75 GM,PLPCH,75.000 GM,,,75.0,GM,10.0
2023-02-08,202302,1,125764166,52202010015,1675747723641,99764845,123,DINESH SOAP & HOUSEHOLD-NPL,DINESH ,DINESH ASH DISHWASH BAR/400GM/PCN/ FREE SCRUB PAD,50.0,PCN,400GM ,,1675747723641-dinesh soap - household-npl-dinesh #3.png,RECODING,5,3,99762816,98.03407287597656,123,DINESH SOAP & HOUSEHOLD-NPL,DINESH,DINESH,DINESH-DISHWASH BAR PPH 100 GM,PLPCH,100.000 GM,,,100.0,GM,10.0
2023-02-08,202302,1,125959303,52202010022,1675743018228,99764844,122,UNILEVER NEPAL LTD-NEPAL,WHEEL ACTIVE 2IN1 ,WHEEL ACTIVE 2IN1/CLEAN & FRESH/150GM/PPH,20.0,PPH,150GM ,,1675743018228-unilever nepal ltd-nepal-wheel active 2in1 #3.png,RECODING,5,1,99763979,79.90980529785156,122,UNILEVER NEPAL LTD-NEPAL,WHEEL,WHEEL ACTIVE,WHEEL ACTIVE-2IN1 CLEAN FRESH PPH 950 GM,PLPCH,950.000 GM,,,950.0,GM,110.0
2023-02-08,202302,1,125959303,52202010022,1675743018228,99764844,122,UNILEVER NEPAL LTD-NEPAL,WHEEL ACTIVE 2IN1 ,WHEEL ACTIVE 2IN1/CLEAN & FRESH/150GM/PPH,20.0,PPH,150GM ,,1675743018228-unilever nepal ltd-nepal-wheel active 2in1 #3.png,RECODING,5,2,51131,81.02149200439453,123,UNILEVER NEPAL LTD-NEPAL,WHEEL,WHEEL ACTIVE,WHEEL ACTIVE-2IN1 CLEAN FRESH PPH 105 GM,PLPCH,105.000 GM,,,105.0,GM,0.0
2023-02-08,202302,1,125959303,52202010022,1675743018228,99764844,122,UNILEVER NEPAL LTD-NEPAL,WHEEL ACTIVE 2IN1 ,WHEEL ACTIVE 2IN1/CLEAN & FRESH/150GM/PPH,20.0,PPH,150GM ,,1675743018228-unilever nepal ltd-nepal-wheel active 2in1 #3.png,RECODING,5,3,99764844,81.93638610839844,122,UNILEVER NEPAL LTD-NEPAL,WHEEL,WHEEL ACTIVE,WHEEL ACTIVE-2IN1 CLEAN & FRESH PPH 150 GM,PLPCH,150.000 GM,,,150.0,GM,20.0
2023-02-08,202302,3,2110115919,21101031891,1675749507754,99764849,126,KODE PRODUCTS CO,SAMRATT PAN MASALA,SAMRATT PAN MASALA PLAST\ 3.6\GM,5.0,PLAST,3.6:GM,New SKU,1675749507754-kode products co-samratt pan masala#3.png,RECODING,5,1,99764849,111.01622009277344,126,KODE PRODUCTS CO.-INDIA,SAMRATT,SAMRATT PAN MASALA,3.6G PAAN MASALA,PLAST,3.6G,REGULAR,,3.6,GM,5.0
2023-02-08,202302,3,2110115919,21101031891,1675749507754,99764849,126,KODE PRODUCTS CO,SAMRATT PAN MASALA,SAMRATT PAN MASALA PLAST\ 3.6\GM,5.0,PLAST,3.6:GM,New SKU,1675749507754-kode products co-samratt pan masala#3.png,RECODING,5,2,99762219,171.147216796875,126,TRIMURTI FRAGNANCES PVT LTD.,SIKHAR,SHIKHAR  PAN MASALA,3.5G PAAN MASALA,PLAST,3.5G,REGULAR,,3.5,,0.0
2023-02-08,202302,3,2110115919,21101031891,1675749507754,99764849,126,KODE PRODUCTS CO,SAMRATT PAN MASALA,SAMRATT PAN MASALA PLAST\ 3.6\GM,5.0,PLAST,3.6:GM,New SKU,1675749507754-kode products co-samratt pan masala#3.png,RECODING,5,3,54366,179.652099609375,106,KIM KIM ENTERPRISES-INDIA,KIM KIM,KIM KIM,KIM KIM-PAN MEETHA MASLA PPH 4.5 GM,PLPCH,4.500 GM,PAN MASALA,,4.5,GM,0.0
2023-02-09,202302,3,3110103280,31101030548,1675841279419,99764847,124,GOLDEN TOBACCO INDUSTRIES PVT LTD NEPAL ,TWENTY 20 ,TWENTY 20 GUTKHA PPH 2.5GM,5.0,PPH,2.5GM,,1675841279419-golden tobacco industries pvt ltd nepal -twenty 20 #3.png,RECODING,5,1,99764847,160.95330810546875,124,GOLDEN TOBACCO INDUSTRIES LTD,TWENTY 20,TWENTY 20,2.5G GUTKA,PLAST,2.5G,REGULAR,,2.5,GM,5.0
2023-02-09,202302,3,3110103280,31101030548,1675841279419,99764847,124,GOLDEN TOBACCO INDUSTRIES PVT LTD NEPAL ,TWENTY 20 ,TWENTY 20 GUTKHA PPH 2.5GM,5.0,PPH,2.5GM,,1675841279419-golden tobacco industries pvt ltd nepal -twenty 20 #3.png,RECODING,5,2,99765184,164.14698791503906,125,PUJA TOBACCO PACKING INDUSTRIES,GOLDEN NEPAL,GOLDEN NEPAL,16G KHAINI,PLAST,16G,REGULAR,,16.0,GM,40.0
2023-02-09,202302,3,3110103280,31101030548,1675841279419,99764847,124,GOLDEN TOBACCO INDUSTRIES PVT LTD NEPAL ,TWENTY 20 ,TWENTY 20 GUTKHA PPH 2.5GM,5.0,PPH,2.5GM,,1675841279419-golden tobacco industries pvt ltd nepal -twenty 20 #3.png,RECODING,5,3,99762229,164.77236938476562,125,PUJA TOBACCO PACKING INDUSTRIES,GOLDEN NEPAL,GOLDEN NEPAL,17G KHAINI,PLAST,17G,REGULAR,,17.0,,0.0
2023-02-09,202302,3,3110102858,31101030543,1675841279419,99764847,124,GOLDEN TOBACCO INDUSTRIES PVT LTD NEPAL ,TWENTY 20 ,TWENTY 20 GUTKHA PPH 2.5GM,5.0,PPH,2.5GM,,1675841279419-golden tobacco industries pvt ltd nepal -twenty 20 #3.png,RECODING,5,1,99764847,160.51531982421875,124,GOLDEN TOBACCO INDUSTRIES LTD,TWENTY 20,TWENTY 20,2.5G GUTKA,PLAST,2.5G,REGULAR,,2.5,GM,5.0
2023-02-09,202302,3,3110102858,31101030543,1675841279419,99764847,124,GOLDEN TOBACCO INDUSTRIES PVT LTD NEPAL ,TWENTY 20 ,TWENTY 20 GUTKHA PPH 2.5GM,5.0,PPH,2.5GM,,1675841279419-golden tobacco industries pvt ltd nepal -twenty 20 #3.png,RECODING,5,2,99765184,163.40945434570312,125,PUJA TOBACCO PACKING INDUSTRIES,GOLDEN NEPAL,GOLDEN NEPAL,16G KHAINI,PLAST,16G,REGULAR,,16.0,GM,40.0
2023-02-09,202302,3,3110102858,31101030543,1675841279419,99764847,124,GOLDEN TOBACCO INDUSTRIES PVT LTD NEPAL ,TWENTY 20 ,TWENTY 20 GUTKHA PPH 2.5GM,5.0,PPH,2.5GM,,1675841279419-golden tobacco industries pvt ltd nepal -twenty 20 #3.png,RECODING,5,3,99762229,163.64212036132812,125,PUJA TOBACCO PACKING INDUSTRIES,GOLDEN NEPAL,GOLDEN NEPAL,17G KHAINI,PLAST,17G,REGULAR,,17.0,,0.0
2023-02-09,202302,1,123262051,21301010069,1675837119826,99764841,106,PRAYAGH NUTRI PRODUCT-INDIA,CINTU PAN RAISYA PAN MASALA,CINTU PAN RASIYA PAN MASALA\880\GM,220.0,PCN,880 GM,New SKU,1675837119826-prayagh nutri product-india-cintu pan raisya pan masala#3.png,RECODING,5,1,91826186,92.30462646484375,106,PRAYAGH NUTRI PRODUCT-INDIA,CINTU,CINTU PAN RASIYA,CINTU PAN RASIYA- PAN MASALA PPH 5.5 GM,PLPCH,5.500 GM,PAN MASALA,,5.5,GM,0.0
2023-02-09,202302,1,123262051,21301010069,1675837119826,99764841,106,PRAYAGH NUTRI PRODUCT-INDIA,CINTU PAN RAISYA PAN MASALA,CINTU PAN RASIYA PAN MASALA\880\GM,220.0,PCN,880 GM,New SKU,1675837119826-prayagh nutri product-india-cintu pan raisya pan masala#3.png,RECODING,5,2,50819,97.03486633300781,106,PRAYAGH NUTRI PRODUCT-INDIA,CINTU,CINTU PAN RASIYA,CINTU PAN RASIYA- PAN MASALA PPH 4.4 GM,PLPCH,4.400 GM,PAN MASALA,,4.4,GM,0.0
2023-02-09,202302,1,123262051,21301010069,1675837119826,99764841,106,PRAYAGH NUTRI PRODUCT-INDIA,CINTU PAN RAISYA PAN MASALA,CINTU PAN RASIYA PAN MASALA\880\GM,220.0,PCN,880 GM,New SKU,1675837119826-prayagh nutri product-india-cintu pan raisya pan masala#3.png,RECODING,5,3,99764841,101.64200592041016,106,PRAYAGH NUTRI PRODUCT-INDIA,CINTU,CINTU PAN RAISYA,CINTU PAN RASIYA-PAN MASALA CANDY PCN 880 GM,PLJAR,880.000 GM,PAAN,,880.0,GM,220.0
2023-02-09,202302,1,123262051,21301010069,1675837533958,99764846,123,PUJA SOAP & HOUSEHOLD PROD-NPL,MAHASHAKTI 100% PURE WASHING SOAP,MAHASHAKTI 100% PURE WASHING SOAP\200\GM,45.0,PPH,200 GM,New SKU,1675837533958-puja soap - household prod-npl-mahashakti 100- pure washing soap#3.png,RECODING,5,1,99764846,70.24993896484375,123,PUJA SOAP & HOUSEHOLD PROD-NPL,MAHASHAKTI 100%,MAHASHAKTI 100%,MAHASHAKTI 100%-PURE WASHING SOAP PPH 200 GM,PLPCH,200.000 GM,,,200.0,GM,45.0
2023-02-09,202302,1,123262051,21301010069,1675837533958,99764846,123,PUJA SOAP & HOUSEHOLD PROD-NPL,MAHASHAKTI 100% PURE WASHING SOAP,MAHASHAKTI 100% PURE WASHING SOAP\200\GM,45.0,PPH,200 GM,New SKU,1675837533958-puja soap - household prod-npl-mahashakti 100- pure washing soap#3.png,RECODING,5,2,49580,81.67198944091797,123,PUJA SOAP & HOUSEHOLD PROD-NPL,MAHASHAKTI,MAHASHAKTI,MAHASHAKTI-UNWRP 200GM,UNWRP,200.000 GM,,,200.0,GM,0.0
2023-02-09,202302,1,123262051,21301010069,1675837533958,99764846,123,PUJA SOAP & HOUSEHOLD PROD-NPL,MAHASHAKTI 100% PURE WASHING SOAP,MAHASHAKTI 100% PURE WASHING SOAP\200\GM,45.0,PPH,200 GM,New SKU,1675837533958-puja soap - household prod-npl-mahashakti 100- pure washing soap#3.png,RECODING,5,3,50851,84.22206115722656,123,PUJA SOAP & HOUSEHOLD PROD-NPL,MAHASHAKTI,MAHASHAKTI,MAHASHAKTI-UNWRP 100 GM,UNWRP,100.000 GM,,,100.0,GM,0.0
2023-02-10,202302,1,123455987,21301010050,1675845260483,99764851,106,PERFETTI VAN MELLE-INDIA,MENTOS ASSORTED FLAVOUR,MENTOS ASSORTED FLAVOUR\499.5\GM,462.5,PCN,499.5,New SKU,1675845260483-perfetti van melle-india-mentos assorted flavour#3.png,RECODING,5,1,99764530,134.37591552734375,106,PERFETTI VAN MELLE-INDIA,MENTOS,MENTOS,MENTOS-ASSORTED PCN 520 GM,PLJAR,520.000 GM,ASSORTED,,520.0,GM,200.0
2023-02-10,202302,1,123455987,21301010050,1675845260483,99764851,106,PERFETTI VAN MELLE-INDIA,MENTOS ASSORTED FLAVOUR,MENTOS ASSORTED FLAVOUR\499.5\GM,462.5,PCN,499.5,New SKU,1675845260483-perfetti van melle-india-mentos assorted flavour#3.png,RECODING,5,2,99764851,135.736083984375,106,PERFETTI VAN MELLE-INDIA,MENTOS,MENTOS,MENTOS-ASSORTED PCN 499.5 GM+40.5 GM FREE,PLJAR,499.500 GM,ASSORTED,,540.0,GM,462.5
2023-02-10,202302,1,123455987,21301010050,1675845260483,99764851,106,PERFETTI VAN MELLE-INDIA,MENTOS ASSORTED FLAVOUR,MENTOS ASSORTED FLAVOUR\499.5\GM,462.5,PCN,499.5,New SKU,1675845260483-perfetti van melle-india-mentos assorted flavour#3.png,RECODING,5,3,47256,138.23886108398438,106,PERFETTI VAN MELLE-INDIA,MENTOS,MENTOS,MENTOS-ASSORTED PPH 2.6 GM,PLPCH,2.600 GM,ASSORTED,,2.6,GM,0.0
2023-02-10,202302,1,123455987,21301010050,1675845537698,99764852,106,PERFECT FOODS PVT LTD-NEPAL,ICY MENTHO-LYPTUS,ICY MENTHO-LYPTUS\720\GM,300.0,PCN,720 GM,New SKU,1675845537698-perfect foods pvt ltd-nepal-icy mentho-lyptus#3.png,RECODING,5,1,99764852,83.74542236328125,106,PERFECT FOODS PVT LTD-NEPAL,ICY,ICY,ICY-MENTHO-LYPTUS PCN 720 GM,PLJAR,720.000 GM,MENTHO LYPTUS,,720.0,GM,300.0
2023-02-10,202302,1,123455987,21301010050,1675845537698,99764852,106,PERFECT FOODS PVT LTD-NEPAL,ICY MENTHO-LYPTUS,ICY MENTHO-LYPTUS\720\GM,300.0,PCN,720 GM,New SKU,1675845537698-perfect foods pvt ltd-nepal-icy mentho-lyptus#3.png,RECODING,5,2,47308,94.5318832397461,106,PERFECT FOODS PVT LTD-NEPAL,ICY,ICY,ICY-MENTHO-LYPTUS PPH 2.75 GM,PLPCH,2.750 GM,MENTHO LYPTUS,,2.75,GM,0.0
2023-02-10,202302,1,123455987,21301010050,1675845537698,99764852,106,PERFECT FOODS PVT LTD-NEPAL,ICY MENTHO-LYPTUS,ICY MENTHO-LYPTUS\720\GM,300.0,PCN,720 GM,New SKU,1675845537698-perfect foods pvt ltd-nepal-icy mentho-lyptus#3.png,RECODING,5,3,99764643,166.30450439453125,106,PERFECT FOODS PVT LTD-NEPAL,CENTER FILLZ,CENTER FILLZ,CENTER FILLZ-MINT PCN 450 GM,PLJAR,450.000 GM,MINT,,450.0,GM,315.0
2023-02-10,202302,1,123455987,21301010050,1675837119826,99764841,106,PRAYAGH NUTRI PRODUCT-INDIA,CINTU PAN RAISYA PAN MASALA,CINTU PAN RASIYA PAN MASALA\880\GM,220.0,PCN,880 GM,New SKU,1675837119826-prayagh nutri product-india-cintu pan raisya pan masala#3.png,RECODING,5,1,91826186,90.25153350830078,106,PRAYAGH NUTRI PRODUCT-INDIA,CINTU,CINTU PAN RASIYA,CINTU PAN RASIYA- PAN MASALA PPH 5.5 GM,PLPCH,5.500 GM,PAN MASALA,,5.5,GM,0.0
2023-02-10,202302,1,123455987,21301010050,1675837119826,99764841,106,PRAYAGH NUTRI PRODUCT-INDIA,CINTU PAN RAISYA PAN MASALA,CINTU PAN RASIYA PAN MASALA\880\GM,220.0,PCN,880 GM,New SKU,1675837119826-prayagh nutri product-india-cintu pan raisya pan masala#3.png,RECODING,5,2,50819,94.93003845214844,106,PRAYAGH NUTRI PRODUCT-INDIA,CINTU,CINTU PAN RASIYA,CINTU PAN RASIYA- PAN MASALA PPH 4.4 GM,PLPCH,4.400 GM,PAN MASALA,,4.4,GM,0.0
2023-02-10,202302,1,123455987,21301010050,1675837119826,99764841,106,PRAYAGH NUTRI PRODUCT-INDIA,CINTU PAN RAISYA PAN MASALA,CINTU PAN RASIYA PAN MASALA\880\GM,220.0,PCN,880 GM,New SKU,1675837119826-prayagh nutri product-india-cintu pan raisya pan masala#3.png,RECODING,5,3,99764841,99.31817626953125,106,PRAYAGH NUTRI PRODUCT-INDIA,CINTU,CINTU PAN RAISYA,CINTU PAN RASIYA-PAN MASALA CANDY PCN 880 GM,PLJAR,880.000 GM,PAAN,,880.0,GM,220.0
2023-02-10,202302,2,114636725,21102020044,1675926193413,99764864,134,GOODLIFE BEVERAGE-NEPAL,GOODLIFE,GOODLIFE LITCHI/NON CARBONATED/GOODLIFE BEVERAGE P LTD,20.0,PBT,150ML,,1675926193413-goodlife beverage-nepal-goodlife#3.png,RECODING,5,1,99764864,121.16976928710938,118,GOODLIFE BEVERAGE-NEPAL,GOODLIFE,GOODLIFE,LITCHI PET 150 ML,PET,150.000 ML,LYCHEE,,150.0,ML,20.0
2023-02-10,202302,2,114636725,21102020044,1675926193413,99764864,134,GOODLIFE BEVERAGE-NEPAL,GOODLIFE,GOODLIFE LITCHI/NON CARBONATED/GOODLIFE BEVERAGE P LTD,20.0,PBT,150ML,,1675926193413-goodlife beverage-nepal-goodlife#3.png,RECODING,5,2,52244,125.08917236328125,118,GOODLIFE BEVERAGE-NEPAL,GOODLIFE,GOODLIFE,LITCHI PET 150 ML+15% EXT[22ML],PET,150.000 ML,LYCHEE,,172.0,ML,0.0
2023-02-10,202302,2,114636725,21102020044,1675926193413,99764864,134,GOODLIFE BEVERAGE-NEPAL,GOODLIFE,GOODLIFE LITCHI/NON CARBONATED/GOODLIFE BEVERAGE P LTD,20.0,PBT,150ML,,1675926193413-goodlife beverage-nepal-goodlife#3.png,RECODING,5,3,53074,126.11126708984375,118,GOODLIFE BEVERAGE-NEPAL,GOODLIFE,GOODLIFE,LITCHI PET 150 ML+20 ML FR,PET,150.000 ML,LYCHEE,,170.0,ML,0.0
2023-02-11,202302,1,117739664,32203010012,1676019606987,99764853,106,ASIAN BISCUITS & CONFECTNRY-NP,GOOLIFE IMLI BOMB,GOODLIFE IMLI BOMB PCN 750 GM,250.0,PCN,750 GM ,,1676019606987-asian biscuits - confectnry-np-goolife imli bomb#3.png,RECODING,5,1,99764853,108.81178283691406,106,ASIAN BISCUITS & CONFECTNRY-NP,GOODLIFE,GOODLIFE IMLI BOMB,GOODLIFE IMLI BOMB-REAL IMLI PCN 750 GM,PLJAR,750.000 GM,IMLI,,750.0,GM,250.0
2023-02-11,202302,1,117739664,32203010012,1676019606987,99764853,106,ASIAN BISCUITS & CONFECTNRY-NP,GOOLIFE IMLI BOMB,GOODLIFE IMLI BOMB PCN 750 GM,250.0,PCN,750 GM ,,1676019606987-asian biscuits - confectnry-np-goolife imli bomb#3.png,RECODING,5,2,51804,110.19444274902344,106,ASIAN BISCUITS & CONFECTNRY-NP,GOODLIFE,GOODLIFE IMLI BOMB,GOODLIFE IMLI BOMB-REAL IMLI PPH 3 GM,PLPCH,3.000 GM,IMLI,,3.0,GM,0.0
2023-02-11,202302,1,117739664,32203010012,1676019606987,99764853,106,ASIAN BISCUITS & CONFECTNRY-NP,GOOLIFE IMLI BOMB,GOODLIFE IMLI BOMB PCN 750 GM,250.0,PCN,750 GM ,,1676019606987-asian biscuits - confectnry-np-goolife imli bomb#3.png,RECODING,5,3,99764630,110.87321472167969,106,ASIAN BISCUITS & CONFECTNRY-NP,GOODLIFE,GOODLIFE IMLI BOMB,GOODLIFE IMLI BOMB-REAL IMLI PCN 880 GM,PLJAR,880.000 GM,IMLI,,880.0,GM,225.0
2023-02-11,202302,1,117739664,32203010012,1676018389469,99764858,122,SEAFACE HOME & HEALTHCARE-NP,FINISH ANTIBACTRIAL,FINISH ANTIBACTRIAL PPH 750 GM ,75.0,PPH,750 GM ,,1676018389469-seaface home - healthcare-np-finish antibactrial#3.png,RECODING,5,1,54645,98.38520812988281,122,SEAFACE HOME & HEALTHCARE-NP,FINISH,FINISH ANTIBACTRIAL,FINISH ANTIBACTRIAL-PPH 240 GM,PLPCH,240.000 GM,,,240.0,GM,0.0
2023-02-11,202302,1,117739664,32203010012,1676018389469,99764858,122,SEAFACE HOME & HEALTHCARE-NP,FINISH ANTIBACTRIAL,FINISH ANTIBACTRIAL PPH 750 GM ,75.0,PPH,750 GM ,,1676018389469-seaface home - healthcare-np-finish antibactrial#3.png,RECODING,5,2,99764858,131.15008544921875,122,SEAFACE HOME & HEALTHCARE-NP,FINISH,FINISH ANTIBACTERIAL,FINISH ANTIBACTERIAL-LEMON & NEEM PPH 750 GM,PLPCH,750.000 GM,,,750.0,GM,75.0
2023-02-11,202302,1,117739664,32203010012,1676018389469,99764858,122,SEAFACE HOME & HEALTHCARE-NP,FINISH ANTIBACTRIAL,FINISH ANTIBACTRIAL PPH 750 GM ,75.0,PPH,750 GM ,,1676018389469-seaface home - healthcare-np-finish antibactrial#3.png,RECODING,5,3,99764591,229.83192443847656,123,SAGARMATHA SABUN UDHYOG-NP,MARFA,MARFA,MARFA-PREMIUM LAUNDRY SOAP PPH 150 GM,PLPCH,150.000 GM,,,150.0,GM,35.0
2023-02-11,202302,1,117347037,32203010020,1676019606987,99764853,106,ASIAN BISCUITS & CONFECTNRY-NP,GOOLIFE IMLI BOMB,GOODLIFE IMLI BOMB PCN 750 GM,250.0,PCN,750 GM ,,1676019606987-asian biscuits - confectnry-np-goolife imli bomb#3.png,RECODING,5,1,99764853,111.90859985351562,106,ASIAN BISCUITS & CONFECTNRY-NP,GOODLIFE,GOODLIFE IMLI BOMB,GOODLIFE IMLI BOMB-REAL IMLI PCN 750 GM,PLJAR,750.000 GM,IMLI,,750.0,GM,250.0
2023-02-11,202302,1,117347037,32203010020,1676019606987,99764853,106,ASIAN BISCUITS & CONFECTNRY-NP,GOOLIFE IMLI BOMB,GOODLIFE IMLI BOMB PCN 750 GM,250.0,PCN,750 GM ,,1676019606987-asian biscuits - confectnry-np-goolife imli bomb#3.png,RECODING,5,2,51804,113.34004974365234,106,ASIAN BISCUITS & CONFECTNRY-NP,GOODLIFE,GOODLIFE IMLI BOMB,GOODLIFE IMLI BOMB-REAL IMLI PPH 3 GM,PLPCH,3.000 GM,IMLI,,3.0,GM,0.0
2023-02-11,202302,1,117347037,32203010020,1676019606987,99764853,106,ASIAN BISCUITS & CONFECTNRY-NP,GOOLIFE IMLI BOMB,GOODLIFE IMLI BOMB PCN 750 GM,250.0,PCN,750 GM ,,1676019606987-asian biscuits - confectnry-np-goolife imli bomb#3.png,RECODING,5,3,99764630,113.69285583496094,106,ASIAN BISCUITS & CONFECTNRY-NP,GOODLIFE,GOODLIFE IMLI BOMB,GOODLIFE IMLI BOMB-REAL IMLI PCN 880 GM,PLJAR,880.000 GM,IMLI,,880.0,GM,225.0
2023-02-11,202302,3,3110105416,31101030577,1676003610053,99764847,124,GOLDEN TOBACCO INDUSTRIES PVT.LTD NEPAL,20/20,20/20 GUDKHA\2.5GM\PPH\RS:5\GOLDEN TOBACCO INDUSTRIES PVT.LTDNEPAL,5.0,PPH,2.5GM,New SKU,1676003610053-golden tobacco industries pvt-ltd nepal-20-20#3.png,RECODING,5,1,99765184,138.33392333984375,125,PUJA TOBACCO PACKING INDUSTRIES,GOLDEN NEPAL,GOLDEN NEPAL,16G KHAINI,PLAST,16G,REGULAR,,16.0,GM,40.0
2023-02-11,202302,3,3110105416,31101030577,1676003610053,99764847,124,GOLDEN TOBACCO INDUSTRIES PVT.LTD NEPAL,20/20,20/20 GUDKHA\2.5GM\PPH\RS:5\GOLDEN TOBACCO INDUSTRIES PVT.LTDNEPAL,5.0,PPH,2.5GM,New SKU,1676003610053-golden tobacco industries pvt-ltd nepal-20-20#3.png,RECODING,5,2,99762229,140.72689819335938,125,PUJA TOBACCO PACKING INDUSTRIES,GOLDEN NEPAL,GOLDEN NEPAL,17G KHAINI,PLAST,17G,REGULAR,,17.0,,0.0
2023-02-11,202302,3,3110105416,31101030577,1676003610053,99764847,124,GOLDEN TOBACCO INDUSTRIES PVT.LTD NEPAL,20/20,20/20 GUDKHA\2.5GM\PPH\RS:5\GOLDEN TOBACCO INDUSTRIES PVT.LTDNEPAL,5.0,PPH,2.5GM,New SKU,1676003610053-golden tobacco industries pvt-ltd nepal-20-20#3.png,RECODING,5,3,99764259,142.86253356933594,125,PUJA TOBACCO PACKING INDUSTRIES,GOLDEN NEPAL,GOLDEN NEPAL,12G KHAINI,PLAST,12G,REGULAR,,12.0,GM,30.0
2023-02-11,202302,1,125735638,52202010016,1676006079544,99764856,120,UNILEVER NEPAL LTD-NEPAL,LIRIL,LIRIL LIME RUSH/4Ã—75GM/EWP/SAVE RS 7,145.0,EWP,4Ã—75GM,,1676006079544-unilever nepal ltd-nepal-liril#3.png,RECODING,5,1,49799,76.38441467285156,120,UNILEVER NEPAL LTD-NEPAL,LIRIL,LIRIL,LIRIL-LIME RUSH EWP 5*75 GM+B4G1,EWRPK,75.000 GM,,,375.0,GM,0.0
2023-02-11,202302,1,125735638,52202010016,1676006079544,99764856,120,UNILEVER NEPAL LTD-NEPAL,LIRIL,LIRIL LIME RUSH/4Ã—75GM/EWP/SAVE RS 7,145.0,EWP,4Ã—75GM,,1676006079544-unilever nepal ltd-nepal-liril#3.png,RECODING,5,2,92562465,78.27561950683594,120,UNILEVER NEPAL LTD-NEPAL,LIRIL,LIRIL,LIRIL-LIME RUSH EWP 75 GM+SAVE RS. 3 ON 3 NOS PACK,EWRPK,75.000 GM,,,225.0,GM,0.0
2023-02-11,202302,1,125735638,52202010016,1676006079544,99764856,120,UNILEVER NEPAL LTD-NEPAL,LIRIL,LIRIL LIME RUSH/4Ã—75GM/EWP/SAVE RS 7,145.0,EWP,4Ã—75GM,,1676006079544-unilever nepal ltd-nepal-liril#3.png,RECODING,5,3,99764856,79.9602279663086,120,UNILEVER NEPAL LTD-NEPAL,LIRIL,LIRIL,LIRIL-LIME RUSH EWP 4*75 GM+SAV RS. 7,EWRPK,75.000 GM,,,300.0,GM,145.0
2023-02-12,202302,1,125904438,32201010023,1675925890710,99764859,122,GOPAL SOAP INDUSTRIES - NEPAL,RIT,RIT DETERGENT POWDER/PPH/200GM/GOPAL SOAP INDUSTRIES - NEPAL,20.0,PPH,200GM,,1675925890710-gopal soap industries - nepal-rit#3.png,RECODING,5,1,99764927,79.99501037597656,122,GOPAL SOAP INDUSTRIES - NEPAL,RIT,RIT,RIT- DETERGENT POWDER PPH 900 GM,PLPCH,900.000 GM,,,900.0,GM,90.0
2023-02-12,202302,1,125904438,32201010023,1675925890710,99764859,122,GOPAL SOAP INDUSTRIES - NEPAL,RIT,RIT DETERGENT POWDER/PPH/200GM/GOPAL SOAP INDUSTRIES - NEPAL,20.0,PPH,200GM,,1675925890710-gopal soap industries - nepal-rit#3.png,RECODING,5,2,99764859,80.01174926757812,122,GOPAL SOAP INDUSTRIES - NEPAL,RIT,RIT,RIT- DETERGENT POWDER PPH 200 GM,PLPCH,200.000 GM,,,200.0,GM,20.0
2023-02-12,202302,1,125904438,32201010023,1675925890710,99764859,122,GOPAL SOAP INDUSTRIES - NEPAL,RIT,RIT DETERGENT POWDER/PPH/200GM/GOPAL SOAP INDUSTRIES - NEPAL,20.0,PPH,200GM,,1675925890710-gopal soap industries - nepal-rit#3.png,RECODING,5,3,99762546,98.09455871582031,122,GOPAL SOAP INDUSTRIES - NEPAL,RASNA,RASNA,RASNA- DETERGENT POWDER PPH 200 GM,PLPCH,200.000 GM,,,200.0,GM,20.0
2023-02-12,202302,1,126893914,32201010025,1675921468701,99764842,116,ANGEL TOUCH HYGIENE MANUF.-NEPAL,PURE EVERYDAY XL,PURE EVERYDAY XL/7NOS/PPH/REGULAR/ANGEL TOUCH HYGIENE MANUF.-NEPAL,50.0,PPH,7NOS,,1675921468701-angel touch hygiene manuf--nepal-pure everyday xl#3.png,RECODING,5,1,99764842,67.78729248046875,116,ANGEL TOUCH HYGIENE MANUF.-NEPAL,PURE,PURE REGULAR,PURE REGULAR-EVERYDAY XL PPH 7 NO,PLPCH,7.000 NO,,,7.0,NO,50.0
2023-02-12,202302,1,126893914,32201010025,1675921468701,99764842,116,ANGEL TOUCH HYGIENE MANUF.-NEPAL,PURE EVERYDAY XL,PURE EVERYDAY XL/7NOS/PPH/REGULAR/ANGEL TOUCH HYGIENE MANUF.-NEPAL,50.0,PPH,7NOS,,1675921468701-angel touch hygiene manuf--nepal-pure everyday xl#3.png,RECODING,5,2,99764821,114.93907165527344,116,ANGEL TOUCH HYGIENE MANUF.-NEPAL,PURE,PURE ULTRA CLEAR CHOICE,PURE ULTRA CLEAR CHOICE-XL ULTRA THIN PPH 8 NO,PLPCH,8.000 NO,,,8.0,NO,80.0
2023-02-12,202302,1,126893914,32201010025,1675921468701,99764842,116,ANGEL TOUCH HYGIENE MANUF.-NEPAL,PURE EVERYDAY XL,PURE EVERYDAY XL/7NOS/PPH/REGULAR/ANGEL TOUCH HYGIENE MANUF.-NEPAL,50.0,PPH,7NOS,,1675921468701-angel touch hygiene manuf--nepal-pure everyday xl#3.png,RECODING,5,3,99762485,163.96563720703125,122,CLEAN AID NEPAL P LTD-NEPAL,HERO,HERO ULTRA,HERO ULTRA-LEMON & JASMINE PPH 250 GM,PLPCH,250.000 GM,,,250.0,GM,20.0
2023-02-12,202302,1,126893914,32201010025,1675922745386,99764856,120,UNILEVER NEPAL LTD-NEPAL,LIRIL,LIRIL LIME RUSH/PPH/4NOS*75GM+SAVE RS. 7/UNILEVER NEPAL LTD-NEPAL,145.0,PPH,4NOS*75GM,,1675922745386-unilever nepal ltd-nepal-liril#3.png,RECODING,5,1,92562465,79.07281494140625,120,UNILEVER NEPAL LTD-NEPAL,LIRIL,LIRIL,LIRIL-LIME RUSH EWP 75 GM+SAVE RS. 3 ON 3 NOS PACK,EWRPK,75.000 GM,,,225.0,GM,0.0
2023-02-12,202302,1,126893914,32201010025,1675922745386,99764856,120,UNILEVER NEPAL LTD-NEPAL,LIRIL,LIRIL LIME RUSH/PPH/4NOS*75GM+SAVE RS. 7/UNILEVER NEPAL LTD-NEPAL,145.0,PPH,4NOS*75GM,,1675922745386-unilever nepal ltd-nepal-liril#3.png,RECODING,5,2,49799,80.77518463134766,120,UNILEVER NEPAL LTD-NEPAL,LIRIL,LIRIL,LIRIL-LIME RUSH EWP 5*75 GM+B4G1,EWRPK,75.000 GM,,,375.0,GM,0.0
2023-02-12,202302,1,126893914,32201010025,1675922745386,99764856,120,UNILEVER NEPAL LTD-NEPAL,LIRIL,LIRIL LIME RUSH/PPH/4NOS*75GM+SAVE RS. 7/UNILEVER NEPAL LTD-NEPAL,145.0,PPH,4NOS*75GM,,1675922745386-unilever nepal ltd-nepal-liril#3.png,RECODING,5,3,99764856,82.84880065917969,120,UNILEVER NEPAL LTD-NEPAL,LIRIL,LIRIL,LIRIL-LIME RUSH EWP 4*75 GM+SAV RS. 7,EWRPK,75.000 GM,,,300.0,GM,145.0
2023-02-12,202302,1,126893914,32201010025,1675922993412,99764844,122,UNILEVER NEPAL LTD-NEPAL,WHEEL ACTIVE,WHEEL ACTIVE 2IN1/CLEAN & FRESH/PPH/150GM/UNILEVER NEPAL LTD-NEPAL,20.0,PPH,150GM,,1675922993412-unilever nepal ltd-nepal-wheel active#3.png,RECODING,5,1,99763979,75.98710632324219,122,UNILEVER NEPAL LTD-NEPAL,WHEEL,WHEEL ACTIVE,WHEEL ACTIVE-2IN1 CLEAN FRESH PPH 950 GM,PLPCH,950.000 GM,,,950.0,GM,110.0
2023-02-12,202302,1,126893914,32201010025,1675922993412,99764844,122,UNILEVER NEPAL LTD-NEPAL,WHEEL ACTIVE,WHEEL ACTIVE 2IN1/CLEAN & FRESH/PPH/150GM/UNILEVER NEPAL LTD-NEPAL,20.0,PPH,150GM,,1675922993412-unilever nepal ltd-nepal-wheel active#3.png,RECODING,5,2,51131,76.82190704345703,123,UNILEVER NEPAL LTD-NEPAL,WHEEL,WHEEL ACTIVE,WHEEL ACTIVE-2IN1 CLEAN FRESH PPH 105 GM,PLPCH,105.000 GM,,,105.0,GM,0.0
2023-02-12,202302,1,126893914,32201010025,1675922993412,99764844,122,UNILEVER NEPAL LTD-NEPAL,WHEEL ACTIVE,WHEEL ACTIVE 2IN1/CLEAN & FRESH/PPH/150GM/UNILEVER NEPAL LTD-NEPAL,20.0,PPH,150GM,,1675922993412-unilever nepal ltd-nepal-wheel active#3.png,RECODING,5,3,49512,77.62382507324219,122,UNILEVER NEPAL LTD-NEPAL,WHEEL,WHEEL ACTIVE,WHEEL ACTIVE-2IN1 CLEAN FRESH PPH 175 GM,PLPCH,175.000 GM,,,175.0,GM,0.0
2023-02-13,202302,1,129371691,12201010002,1676104490785,99764863,130,RAYMOND CONSUMER CARE-INDIA,KAMASUTRA INTENSITY,KAMASUTRA INTENSITY PLEASURE SERIES,80.0,CBP,3NOS,,1676104490785-raymond consumer care-india-kamasutra intensity#3.png,RECODING,5,1,99763388,130.29847717285156,130,RAYMOND CONSUMER CARE-INDIA,KAMASUTRA,KAMASUTRA ORGASMAX,KAMASUTRA ORGASMAX-4 IN 1 CBP 3 NOS,CDBOX,3.000 NO,,,3.0,NO,80.0
2023-02-13,202302,1,129371691,12201010002,1676104490785,99764863,130,RAYMOND CONSUMER CARE-INDIA,KAMASUTRA INTENSITY,KAMASUTRA INTENSITY PLEASURE SERIES,80.0,CBP,3NOS,,1676104490785-raymond consumer care-india-kamasutra intensity#3.png,RECODING,5,2,99764620,131.02658081054688,130,RAYMOND CONSUMER CARE-INDIA,KAMASUTRA,KAMASUTRA ORGASMAX ULTIMATE,KAMASUTRA ORGASMAX ULTIMATE-5 IN 1 CBP 3 NOS,CDBOX,3.000 NO,,,3.0,NO,160.0
2023-02-13,202302,1,129371691,12201010002,1676104490785,99764863,130,RAYMOND CONSUMER CARE-INDIA,KAMASUTRA INTENSITY,KAMASUTRA INTENSITY PLEASURE SERIES,80.0,CBP,3NOS,,1676104490785-raymond consumer care-india-kamasutra intensity#3.png,RECODING,5,3,99764863,133.59799194335938,130,RAYMOND CONSUMER CARE-INDIA,KAMASUTRA,KAMASUTRA INTENSITY,KAMASUTRA INTENSITY-PREMIUM CONDOM CBP 3 NOS,CDBOX,3.000 NO,,,3.0,NO,80.0
2023-02-13,202302,1,117727946,32203010018,1676196309739,99764862,123,MAHAKALI OLIYO CHEM - NEPAL,UDAYA,UDAYA PPH 200 GM,40.0,PPH ,200 GM ,No Purchases,1676196309739-mahakali oliyo chem - nepal-udaya#3.png,RECODING,5,1,99764862,122.98753356933594,123,MAHAKALI OLIYO CHEM - NEPAL,UDAY,UDAY,UDAY-EXTRA WHITENER PPH 200 GM,PLPCH,200.000 GM,,,200.0,GM,40.0
2023-02-13,202302,1,117727946,32203010018,1676196309739,99764862,123,MAHAKALI OLIYO CHEM - NEPAL,UDAYA,UDAYA PPH 200 GM,40.0,PPH ,200 GM ,No Purchases,1676196309739-mahakali oliyo chem - nepal-udaya#3.png,RECODING,5,2,99763817,125.24063110351562,123,MAHAKALI OLIYO CHEM - NEPAL,GAGAN,GAGAN,GAGAN-EXTRA WHITENER PPH 3*144 GM [430GM] 3 PCS PACK,PLPCH,144.000 GM,,,430.0,GM,100.0
2023-02-13,202302,1,117727946,32203010018,1676196309739,99764862,123,MAHAKALI OLIYO CHEM - NEPAL,UDAYA,UDAYA PPH 200 GM,40.0,PPH ,200 GM ,No Purchases,1676196309739-mahakali oliyo chem - nepal-udaya#3.png,RECODING,5,3,54983,127.2499008178711,123,MAHAKALI OLIYO CHEM - NEPAL,GAGAN,GAGAN,GAGAN-PPH 195 GM,PLPCH,195.000 GM,,,195.0,GM,0.0
2023-02-13,202302,1,111334559,12101010028,1676169409053,99764854,106,PARLE BISCUITS PVT LTD-INDIA,PARLE GRAND LONDONDERRY,PARLE GRAND LONDONDERRY LACTO BONBON PPH-198GM.,125.0,PPH,198GM.,,1676169409053-parle biscuits pvt ltd-india-parle grand londonderry#3.png,RECODING,5,1,99764566,90.81412506103516,106,PARLE BISCUITS PVT LTD-INDIA,PARLE,PARLE LONDONDERRY,PARLE LONDONDERRY-LACTO BONBON PPH 277 GM,PLPCH,277.000 GM,MILK,,277.0,GM,98.0
2023-02-13,202302,1,111334559,12101010028,1676169409053,99764854,106,PARLE BISCUITS PVT LTD-INDIA,PARLE GRAND LONDONDERRY,PARLE GRAND LONDONDERRY LACTO BONBON PPH-198GM.,125.0,PPH,198GM.,,1676169409053-parle biscuits pvt ltd-india-parle grand londonderry#3.png,RECODING,5,2,99764579,109.4277114868164,106,PARLE BISCUITS PVT LTD-INDIA,PARLE,PARLE GRAND LONDONDERRY,PARLE GRAND LONDONDERRY-PCN 637.56 GM,PLJAR,637.560 GM,MILK,,637.56,GM,240.0
2023-02-13,202302,1,111334559,12101010028,1676169409053,99764854,106,PARLE BISCUITS PVT LTD-INDIA,PARLE GRAND LONDONDERRY,PARLE GRAND LONDONDERRY LACTO BONBON PPH-198GM.,125.0,PPH,198GM.,,1676169409053-parle biscuits pvt ltd-india-parle grand londonderry#3.png,RECODING,5,3,99764854,120.31074523925781,106,PARLE BISCUITS PVT LTD-INDIA,PARLE,PARLE GRAND LONDONDERRY,PARLE GRAND LONDONDERRY-PPH 198 GM,PLPCH,198.000 GM,MILK,,198.0,GM,125.0
2023-02-13,202302,1,111334559,12101010028,1676167652963,99764855,106,SUJAL FOODS PVT LTD-NEPAL,SUJAL ECLAIRS,SUJAL ECLAIRS- MILK CHOCOLATE PPH 320GM.,130.0,PPH,320GM.,,1676167652963-sujal foods pvt ltd-nepal-sujal eclairs#3.png,RECODING,5,1,99764855,71.76556396484375,106,SUJAL FOODS PVT LTD-NEPAL,SUJAL,SUJAL ECLAIRS,SUJAL ECLAIRS- MILK CHOCOLATE PPH 320 GM,PLPCH,320.000 GM,MILK CHOCOLATE,,320.0,GM,130.0
2023-02-13,202302,1,111334559,12101010028,1676167652963,99764855,106,SUJAL FOODS PVT LTD-NEPAL,SUJAL ECLAIRS,SUJAL ECLAIRS- MILK CHOCOLATE PPH 320GM.,130.0,PPH,320GM.,,1676167652963-sujal foods pvt ltd-nepal-sujal eclairs#3.png,RECODING,5,2,91826189,75.19078063964844,106,SUJAL FOODS PVT LTD-NEPAL,SUJAL,SUJAL ECLAIRS,SUJAL ECLAIRS- MILK CHOCOLATE PPH 3 GM,PLPCH,3.000 GM,MILK CHOCOLATE,,3.0,GM,0.0
2023-02-13,202302,1,111334559,12101010028,1676167652963,99764855,106,SUJAL FOODS PVT LTD-NEPAL,SUJAL ECLAIRS,SUJAL ECLAIRS- MILK CHOCOLATE PPH 320GM.,130.0,PPH,320GM.,,1676167652963-sujal foods pvt ltd-nepal-sujal eclairs#3.png,RECODING,5,3,99764570,76.37913513183594,106,SUJAL FOODS PVT LTD-NEPAL,SUJAL,SUJAL ECLAIRS,SUJAL ECLAIRS- MILK CHOCOLATE PPH 275 GM,PLPCH,275.000 GM,MILK CHOCOLATE,,275.0,GM,85.0
2023-02-13,202302,2,124865093,52202020009,1676192847299,99764865,134,SURYODAYA DAIRY UDHYOG-NEPAL,GOPI,GOPI/BADAM MILK DRINK/180ML/CAN,90.0,CAN,180ML ,,1676192847299-suryodaya dairy udhyog-nepal-gopi#3.png,RECODING,5,1,99764865,83.41963195800781,118,SURYODAYA DAIRY UDHYOG-NEPAL,GOPI,GOPI BADAM MILK DRINK,BADAM MILK DRINK CAN 180 ML,CAN,180.000 ML,ALMOND,,180.0,ML,90.0
2023-02-13,202302,2,124865093,52202020009,1676192847299,99764865,134,SURYODAYA DAIRY UDHYOG-NEPAL,GOPI,GOPI/BADAM MILK DRINK/180ML/CAN,90.0,CAN,180ML ,,1676192847299-suryodaya dairy udhyog-nepal-gopi#3.png,RECODING,5,2,99763925,105.95623779296875,118,SURYODAYA DAIRY UDHYOG-NEPAL,GOKUL,GOKUL BADAM DRINK,BADAM & SAFFRON DRINK CAN 180 ML,CAN,180.000 ML,ALMOND,,180.0,ML,90.0
2023-02-13,202302,2,124865093,52202020009,1676192847299,99764865,134,SURYODAYA DAIRY UDHYOG-NEPAL,GOPI,GOPI/BADAM MILK DRINK/180ML/CAN,90.0,CAN,180ML ,,1676192847299-suryodaya dairy udhyog-nepal-gopi#3.png,RECODING,5,3,99764327,115.00081634521484,118,SURYODAYA DAIRY UDHYOG-NEPAL,ANUKUL,ANUKUL BADAM DRINK,BADAM DRINK CAN 180 ML,CAN,180.000 ML,ALMOND,,180.0,ML,90.0
2023-02-13,202302,1,124916559,52202010001,1676183042654,99764857,120,HIMALAYA DRUG - INDIA,HIMALAYA SINCE 1930,HIMALAYA SINCE 1930/GENTLE BABY SOAP/75GM/CBP,88.0,CBP,75GM ,,1676183042654-himalaya drug - india-himalaya since 1930#3.png,RECODING,5,1,49003,97.715087890625,120,HIMALAYA DRUG - INDIA,HIMALAYA,HIMALAYA HERBALS BABY SOAP,HIMALAYA HERBALS BABY SOAP-REFRESHNG BABY CBP 75 GM,CDBOX,75.000 GM,,,75.0,GM,0.0
2023-02-13,202302,1,124916559,52202010001,1676183042654,99764857,120,HIMALAYA DRUG - INDIA,HIMALAYA SINCE 1930,HIMALAYA SINCE 1930/GENTLE BABY SOAP/75GM/CBP,88.0,CBP,75GM ,,1676183042654-himalaya drug - india-himalaya since 1930#3.png,RECODING,5,2,99764857,99.95465850830078,120,HIMALAYA DRUG - INDIA,HIMALAYA,HIMALAYA GENTLE BABY SOAP,HIMALAYA GENTLE BABY SOAP-CBP 75 GM,CDBOX,75.000 GM,,,75.0,GM,88.0
2023-02-13,202302,1,124916559,52202010001,1676183042654,99764857,120,HIMALAYA DRUG - INDIA,HIMALAYA SINCE 1930,HIMALAYA SINCE 1930/GENTLE BABY SOAP/75GM/CBP,88.0,CBP,75GM ,,1676183042654-himalaya drug - india-himalaya since 1930#3.png,RECODING,5,3,49528,103.93081665039062,120,HIMALAYA DRUG - INDIA,HIMALAYA,HIMALAYA HERBALS BABY SOAP,HIMALAYA HERBALS BABY SOAP-GENTLE BABY CBP 75 GM,CDBOX,75.000 GM,,,75.0,GM,0.0
2023-02-13,202302,1,123582683,21301010054,1676010242391,99764860,122,JYOTHY LABORATORIES LTD-INDIA,HENKO MATIC,HENKO MATIC \1000\GM,310.0,CBP,1000GM,New SKU,1676010242391-jyothy laboratories ltd-india-henko matic#3.png,RECODING,5,1,51390,108.10787963867188,122,JYOTHY LABORATORIES LTD-INDIA,HENKO,HENKO MATIC,HENKO MATIC-CBP 1000 GM+FR 500 GM,CDBOX,1000.000 GM,,,1500.0,GM,0.0
2023-02-13,202302,1,123582683,21301010054,1676010242391,99764860,122,JYOTHY LABORATORIES LTD-INDIA,HENKO MATIC,HENKO MATIC \1000\GM,310.0,CBP,1000GM,New SKU,1676010242391-jyothy laboratories ltd-india-henko matic#3.png,RECODING,5,2,99764860,125.14222717285156,122,JYOTHY LABORATORIES LTD-INDIA,HENKO,HENKO MATIC,HENKO MATIC-FRONT LOAD CBP 1000 GM+RS 56 OFF,CDBOX,1000.000 GM,,,1000.0,GM,496.0
2023-02-13,202302,1,123582683,21301010054,1676010242391,99764860,122,JYOTHY LABORATORIES LTD-INDIA,HENKO MATIC,HENKO MATIC \1000\GM,310.0,CBP,1000GM,New SKU,1676010242391-jyothy laboratories ltd-india-henko matic#3.png,RECODING,5,3,99764760,133.17623901367188,122,JYOTHY LABORATORIES LTD-INDIA,HENKO,HENKO MATIC,HENKO MATIC-FRONT LOAD CBP 2000 GM+RS 120 OFF,CDBOX,2000.000 GM,,,2000.0,GM,940.0
2023-02-13,202302,1,123582683,21301010054,1676009006791,99764861,123,HIMGIRI SOAP & CHEMICALS-NEPAL,DHONI XTRAA LAUNDRY SOAP,DHONI XTRAA-LAUNDRY SOAP PPH 6* 250\GM,220.0,PPH,6* 250 GM,New SKU,1676009006791-himgiri soap - chemicals-nepal-dhoni xtraa laundry soap#3.png,RECODING,5,1,99762901,82.3996810913086,123,HIMGIRI SOAP & CHEMICALS-NEPAL,DHONI,DHONI,DHONI-LAUNDRY SOAP PPH 3*167 GM [500GM],PLPCH,167.000 GM,,,500.0,GM,100.0
2023-02-13,202302,1,123582683,21301010054,1676009006791,99764861,123,HIMGIRI SOAP & CHEMICALS-NEPAL,DHONI XTRAA LAUNDRY SOAP,DHONI XTRAA-LAUNDRY SOAP PPH 6* 250\GM,220.0,PPH,6* 250 GM,New SKU,1676009006791-himgiri soap - chemicals-nepal-dhoni xtraa laundry soap#3.png,RECODING,5,2,54311,82.58331298828125,123,HIMGIRI SOAP & CHEMICALS-NEPAL,DHONI,DHONI,DHONI-XTRAA LAUNDRY SOAP PPH 6*190 GM,PLPCH,190.000 GM,,,1140.0,GM,0.0
2023-02-13,202302,1,123582683,21301010054,1676009006791,99764861,123,HIMGIRI SOAP & CHEMICALS-NEPAL,DHONI XTRAA LAUNDRY SOAP,DHONI XTRAA-LAUNDRY SOAP PPH 6* 250\GM,220.0,PPH,6* 250 GM,New SKU,1676009006791-himgiri soap - chemicals-nepal-dhoni xtraa laundry soap#3.png,RECODING,5,3,52448,83.09532165527344,123,HIMGIRI SOAP & CHEMICALS-NEPAL,DHONI,DHONI,DHONI-LAUNDRY SOAP PPH 3*220 GM,PLPCH,220.000 GM,,,660.0,GM,0.0
2023-02-17,202302,1,121565189,31101010070,1676532517997,99764874,106,PERFECT FOODS PVT LTD-NEPAL,CANDY BEE,CANDY BEE HAJMOLA PCN 720GM,1.0,PCN,720GM,,1676532517997-perfect foods pvt ltd-nepal-candy bee#3.png,RECODING,5,1,99764874,95.30303192138672,106,PERFECT FOODS PVT LTD-NEPAL,CANDY BEE,CANDY BEE HAJMOLA,CANDY BEE HAJMOLA-PCN 720 GM,PLJAR,720.000 GM,UNSPECIFIED,,720.0,GM,250.0
2023-02-17,202302,1,121565189,31101010070,1676532517997,99764874,106,PERFECT FOODS PVT LTD-NEPAL,CANDY BEE,CANDY BEE HAJMOLA PCN 720GM,1.0,PCN,720GM,,1676532517997-perfect foods pvt ltd-nepal-candy bee#3.png,RECODING,5,2,91826176,105.72586059570312,106,PERFECT FOODS PVT LTD-NEPAL,CANDY BEE,CANDY BEE HAJMOLA,CANDY BEE HAJMOLA- PPH 2.5 GM,PLPCH,2.500 GM,UNSPECIFIED,,2.5,GM,0.0
2023-02-17,202302,1,121565189,31101010070,1676532517997,99764874,106,PERFECT FOODS PVT LTD-NEPAL,CANDY BEE,CANDY BEE HAJMOLA PCN 720GM,1.0,PCN,720GM,,1676532517997-perfect foods pvt ltd-nepal-candy bee#3.png,RECODING,5,3,99764718,111.31086730957031,106,PERFECT FOODS PVT LTD-NEPAL,CANDY BEE,CANDY BEE ECLAIRS,CANDY BEE ECLAIRS- PCN 530 GM,PLJAR,530.000 GM,CHOCOLATE,,530.0,GM,160.0
2023-02-17,202302,1,126777247,52202010023,1676526680636,99764889,123,KWALITY CHEM PVT LTD-NEPAL,PUREX ,PUREX NEEM/200GM/PPH,50.0,PPH,200GM ,,1676526680636-kwality chem pvt ltd-nepal-purex #3.png,RECODING,5,1,99763834,125.68183898925781,123,KWALITY CHEM PVT LTD-NEPAL,PUREX QUEEN,PUREX QUEEN,PUREX QUEEN-PPH 200 GM,PLPCH,200.000 GM,,,200.0,GM,40.0
2023-02-17,202302,1,126777247,52202010023,1676526680636,99764889,123,KWALITY CHEM PVT LTD-NEPAL,PUREX ,PUREX NEEM/200GM/PPH,50.0,PPH,200GM ,,1676526680636-kwality chem pvt ltd-nepal-purex #3.png,RECODING,5,2,53916,128.02877807617188,123,KWALITY CHEM PVT LTD-NEPAL,KWALITY,KWALITY,KWALITY-DIAL HERBAL NEEM & LEMON PPH 95 GM,PLPCH,95.000 GM,,,95.0,GM,0.0
2023-02-17,202302,1,126777247,52202010023,1676526680636,99764889,123,KWALITY CHEM PVT LTD-NEPAL,PUREX ,PUREX NEEM/200GM/PPH,50.0,PPH,200GM ,,1676526680636-kwality chem pvt ltd-nepal-purex #3.png,RECODING,5,3,99764889,129.75955200195312,123,KWALITY SOAPS & CHEM. - NEPAL,PUREX,PUREX NEEM,PUREX NEEM-PPH 200 GM,PLPCH,200.000 GM,,,200.0,GM,50.0
2023-02-17,202302,1,111846710,21102010053,1676528744751,99764870,106,LOTTE INDIA-INDIA,LOTTE LOLLIES,LOTTE LOLLIES/BLUE BERRY+STRAWBERRY FLAVOUR,480.0,PCN,700 GM(10GMÃ—70),,1676528744751-lotte india-india-lotte lollies#3.png,RECODING,5,1,99764870,97.89944458007812,106,LOTTE INDIA-INDIA,LOTTE,LOTTE LOLLIES,LOTTE LOLLIES-STRAWBERRY&BLUEBERRY PCN 600 GM+100 GM,PLJAR,600.000 GM,ASSORTED,,700.0,GM,480.0
2023-02-17,202302,1,111846710,21102010053,1676528744751,99764870,106,LOTTE INDIA-INDIA,LOTTE LOLLIES,LOTTE LOLLIES/BLUE BERRY+STRAWBERRY FLAVOUR,480.0,PCN,700 GM(10GMÃ—70),,1676528744751-lotte india-india-lotte lollies#3.png,RECODING,5,2,99764440,107.65963745117188,106,LOTTE INDIA-INDIA,LOTTE,LOTTE LOLLIES,LOTTE LOLLIES-STRAWBERRY PCN 600 GM+100 GM,PLJAR,600.000 GM,STRAWBERRY,,700.0,GM,480.0
2023-02-17,202302,1,111846710,21102010053,1676528744751,99764870,106,LOTTE INDIA-INDIA,LOTTE LOLLIES,LOTTE LOLLIES/BLUE BERRY+STRAWBERRY FLAVOUR,480.0,PCN,700 GM(10GMÃ—70),,1676528744751-lotte india-india-lotte lollies#3.png,RECODING,5,3,99763333,126.23483276367188,106,LOTTE INDIA-INDIA,LOTTE,LOTTE LOLLIES,LOTTE LOLLIES-STRAWBERRY EWP 10 GM,EWRPK,10.000 GM,STRAWBERRY,,10.0,GM,10.0
2023-02-17,202302,1,115344289,21101010265,1676527403246,99764868,106,D-SWAG INDUSTRIES LTD-INDIA,BAKE MATE CAFE TOWN,BAKE MATE CAFE TOWN /,450.0,PCN ,704 GM / 220 PCS ,,1676527403246-d-swag industries ltd-india-bake mate cafe town#3.png,RECODING,5,1,99764868,97.49012756347656,106,D-SWAG INDUSTRIES LTD-INDIA,BAKEMATE,BAKEMATE CAFÉ TOWN,BAKEMATE CAFÉ TOWN-COFFEE PCN 704 GM,PLJAR,704.000 GM,COFFEE,,704.0,GM,450.0
2023-02-17,202302,1,115344289,21101010265,1676527403246,99764868,106,D-SWAG INDUSTRIES LTD-INDIA,BAKE MATE CAFE TOWN,BAKE MATE CAFE TOWN /,450.0,PCN ,704 GM / 220 PCS ,,1676527403246-d-swag industries ltd-india-bake mate cafe town#3.png,RECODING,5,2,99764689,103.97482299804688,106,D-SWAG INDUSTRIES LTD-INDIA,BAKEMATE,BAKEMATE CAFÉ TOWN,BAKEMATE CAFÉ TOWN-COFFEE PCN 700 GM,PLJAR,700.000 GM,COFFEE,,700.0,GM,450.0
2023-02-17,202302,1,115344289,21101010265,1676527403246,99764868,106,D-SWAG INDUSTRIES LTD-INDIA,BAKE MATE CAFE TOWN,BAKE MATE CAFE TOWN /,450.0,PCN ,704 GM / 220 PCS ,,1676527403246-d-swag industries ltd-india-bake mate cafe town#3.png,RECODING,5,3,99764598,150.62051391601562,106,D-SWAG INDUSTRIES LTD-INDIA,BAKEMATE,BAKEMATE ECLAIRS,BAKEMATE ECLAIRS-CENTER FILLED PCN 665 GM,PLJAR,665.000 GM,CHOCOLATE,,665.0,GM,280.0
2023-02-17,202302,1,111743848,12101010016,1676169409053,99764854,106,PARLE BISCUITS PVT LTD-INDIA,PARLE GRAND LONDONDERRY,PARLE GRAND LONDONDERRY LACTO BONBON PPH-198GM.,125.0,PPH,198GM.,,1676169409053-parle biscuits pvt ltd-india-parle grand londonderry#3.png,RECODING,5,1,99764566,92.54629516601562,106,PARLE BISCUITS PVT LTD-INDIA,PARLE,PARLE LONDONDERRY,PARLE LONDONDERRY-LACTO BONBON PPH 277 GM,PLPCH,277.000 GM,MILK,,277.0,GM,98.0
2023-02-17,202302,1,111743848,12101010016,1676169409053,99764854,106,PARLE BISCUITS PVT LTD-INDIA,PARLE GRAND LONDONDERRY,PARLE GRAND LONDONDERRY LACTO BONBON PPH-198GM.,125.0,PPH,198GM.,,1676169409053-parle biscuits pvt ltd-india-parle grand londonderry#3.png,RECODING,5,2,99764579,110.51457214355469,106,PARLE BISCUITS PVT LTD-INDIA,PARLE,PARLE GRAND LONDONDERRY,PARLE GRAND LONDONDERRY-PCN 637.56 GM,PLJAR,637.560 GM,MILK,,637.56,GM,240.0
2023-02-17,202302,1,111743848,12101010016,1676169409053,99764854,106,PARLE BISCUITS PVT LTD-INDIA,PARLE GRAND LONDONDERRY,PARLE GRAND LONDONDERRY LACTO BONBON PPH-198GM.,125.0,PPH,198GM.,,1676169409053-parle biscuits pvt ltd-india-parle grand londonderry#3.png,RECODING,5,3,99764854,122.38095092773438,106,PARLE BISCUITS PVT LTD-INDIA,PARLE,PARLE GRAND LONDONDERRY,PARLE GRAND LONDONDERRY-PPH 198 GM,PLPCH,198.000 GM,MILK,,198.0,GM,125.0
2023-02-17,202302,1,124329527,21301010043,1676440606994,99764923,106,PERFETTI VAN MELLE-INDIA,CENTER FRUIT STRABERRY,CENTER FRUIT STRABERRY\555\GM,462.0,PCN,555GM,New SKU,1676440606994-perfetti van melle-india-center fruit straberry#3.png,RECODING,5,1,99764489,129.90994262695312,106,PERFETTI VAN MELLE-INDIA,CENTER FRUIT,CENTER FRUIT,CENTER FRUIT- STRAWBERRY PCN 450 GM,PLJAR,450.000 GM,STRAWBERRY,,450.0,GM,240.0
2023-02-17,202302,1,124329527,21301010043,1676440606994,99764923,106,PERFETTI VAN MELLE-INDIA,CENTER FRUIT STRABERRY,CENTER FRUIT STRABERRY\555\GM,462.0,PCN,555GM,New SKU,1676440606994-perfetti van melle-india-center fruit straberry#3.png,RECODING,5,2,99764488,130.51678466796875,106,PERFETTI VAN MELLE-INDIA,CENTER FRUIT,CENTER FRUIT,CENTER FRUIT- STRAWBERRY PCN 585 GM,PLJAR,585.000 GM,STRAWBERRY,,585.0,GM,312.0
2023-02-17,202302,1,124329527,21301010043,1676440606994,99764923,106,PERFETTI VAN MELLE-INDIA,CENTER FRUIT STRABERRY,CENTER FRUIT STRABERRY\555\GM,462.0,PCN,555GM,New SKU,1676440606994-perfetti van melle-india-center fruit straberry#3.png,RECODING,5,3,99764517,131.00955200195312,106,PERFETTI VAN MELLE-INDIA,CENTER FRUIT,CENTER FRUIT,CENTER FRUIT- FRUITS PCN 555 GM,PLJAR,555.000 GM,FRUIT,,555.0,GM,462.5
2023-02-17,202302,1,124329527,21301010043,1676438822114,99764880,110,HABIB HENNA,KALA-KOLA HENNA,KALA-KOLA RED HENA\100GM,60.0,PPH,100GM,,1676438822114-habib henna-kala-kola henna#3.png,RECODING,5,1,99764880,134.64495849609375,110,HABIB HENNAS-INDIA,KALA-KOLA,KALA-KOLA RED HENNA,KALA-KOLA RED HENNA-PPH 100 GM,PLPCH,100.000 GM,,RED,100.0,GM,60.0
2023-02-17,202302,1,124329527,21301010043,1676438822114,99764880,110,HABIB HENNA,KALA-KOLA HENNA,KALA-KOLA RED HENA\100GM,60.0,PPH,100GM,,1676438822114-habib henna-kala-kola henna#3.png,RECODING,5,2,99763626,160.6737823486328,110,HABIB KALA KOKILA-NEPAL,KALA-KOLA,KALA-KOLA HENNA,KALA-KOLA HENNA-PPH 60 GM,PLPCH,60.000 GM,,UNSPECIFIED,60.0,GM,35.0
2023-02-17,202302,1,124329527,21301010043,1676438822114,99764880,110,HABIB HENNA,KALA-KOLA HENNA,KALA-KOLA RED HENA\100GM,60.0,PPH,100GM,,1676438822114-habib henna-kala-kola henna#3.png,RECODING,5,3,91927455,169.2816162109375,110,HABIB KALA KOKILA-NEPAL,NISHA,NISHA NATURAL HENNA,NISHA NATURAL HENNA-BURGUNDY-PPH 20 GM,PLPCH,20.000 GM,,BURGUNDY,20.0,GM,0.0
2023-02-17,202302,1,127031725,22101010021,1676445566168,99764890,123,MAKALU SOAP-NEPAL,LAHAR,LAHAR\100GM\PPH\WASHING SOAP ,20.0,PPH,100GM,,1676445566168-makalu soap-nepal-lahar#3.png,RECODING,5,1,99764890,95.15293884277344,123,MAKALU SOAP-NEPAL,LAHAR,LAHAR,LAHAR-LAUNDRY SOAP PPH 100 GM,PLPCH,100.000 GM,,,100.0,GM,20.0
2023-02-17,202302,1,127031725,22101010021,1676445566168,99764890,123,MAKALU SOAP-NEPAL,LAHAR,LAHAR\100GM\PPH\WASHING SOAP ,20.0,PPH,100GM,,1676445566168-makalu soap-nepal-lahar#3.png,RECODING,5,2,99763930,95.79585266113281,123,MAKALU SOAP-NEPAL,LAHAR,LAHAR,LAHAR-LAUNDRY SOAP PPH 200 GM,PLPCH,200.000 GM,,,200.0,GM,40.0
2023-02-17,202302,1,127031725,22101010021,1676445566168,99764890,123,MAKALU SOAP-NEPAL,LAHAR,LAHAR\100GM\PPH\WASHING SOAP ,20.0,PPH,100GM,,1676445566168-makalu soap-nepal-lahar#3.png,RECODING,5,3,99763974,96.2718505859375,123,MAKALU SOAP-NEPAL,LAHAR,LAHAR,LAHAR-LAUNDRY SOAP PPH 125 GM,PLPCH,125.000 GM,,,125.0,GM,25.0
2023-02-17,202302,2,123451447,31101020071,1676441919976,99764883,134,TRIVENI FOOD & BEVERAGE-NP,CAN JUICE,POWER PUNCH ENERGY DRINKS,120.0,CAN,330 ML,,1676441919976-triveni food - beverage-np-can juice#3.png,RECODING,5,1,99764883,89.6214599609375,118,TRIVENI FOOD & BEVERAGE-NP,POWER PUNCH,POWER PUNCH,CAN 330 ML,CAN,330.000 ML,,,330.0,ML,120.0
2023-02-17,202302,2,123451447,31101020071,1676441919976,99764883,134,TRIVENI FOOD & BEVERAGE-NP,CAN JUICE,POWER PUNCH ENERGY DRINKS,120.0,CAN,330 ML,,1676441919976-triveni food - beverage-np-can juice#3.png,RECODING,5,2,99764928,99.23259735107422,118,TRIVENI FOOD & BEVERAGE-NP,POWER PUNCH,POWER PUNCH,ORIGINAL CAN 250 ML,CAN,250.000 ML,,,250.0,ML,100.0
2023-02-17,202302,2,123451447,31101020071,1676441919976,99764883,134,TRIVENI FOOD & BEVERAGE-NP,CAN JUICE,POWER PUNCH ENERGY DRINKS,120.0,CAN,330 ML,,1676441919976-triveni food - beverage-np-can juice#3.png,RECODING,5,3,99765240,175.07791137695312,118,TRIVENI FOOD & BEVERAGE-NP,SHOCK,SHOCK,CAN 250 ML,CAN,250.000 ML,,,250.0,ML,120.0
2023-02-17,202302,2,130675914,31101020077,1676367966061,99764884,134,DABUR INDIA LTD.- INDIA,TPK JUICE,REAL FRUIT POWER GRAPE,280.0,TPK,1000 ML,,1676367966061-dabur india ltd-- india-tpk juice#3.png,RECODING,5,1,99764884,87.16001892089844,118,DABUR INDIA LTD.- INDIA,REAL,REAL FRUIT POWER,GRAPE TPK 1000 ML,TPK,1000.000 ML,GRAPE,,1000.0,ML,280.0
2023-02-17,202302,2,130675914,31101020077,1676367966061,99764884,134,DABUR INDIA LTD.- INDIA,TPK JUICE,REAL FRUIT POWER GRAPE,280.0,TPK,1000 ML,,1676367966061-dabur india ltd-- india-tpk juice#3.png,RECODING,5,2,99763810,108.77497863769531,118,DABUR INDIA LTD.- INDIA,REAL,REAL FRUIT POWER,MIXED FRUIT TPK 1000 ML,TPK,1000.000 ML,MIXED FRUIT,,1000.0,ML,265.0
2023-02-17,202302,2,130675914,31101020077,1676367966061,99764884,134,DABUR INDIA LTD.- INDIA,TPK JUICE,REAL FRUIT POWER GRAPE,280.0,TPK,1000 ML,,1676367966061-dabur india ltd-- india-tpk juice#3.png,RECODING,5,3,99765441,112.34954833984375,118,DABUR NEPAL LTD.-NEPAL,REAL,REAL FRUIT POWER,GRAPE TPK 1000 ML,TPK,1000.000 ML,GRAPE,,1000.0,ML,300.0
2023-02-17,202302,1,124683707,52202010017,1676354204538,99764891,123,DINESH SOAP & HOUSEHOLD-NPL,SHILPA GOLD,SHILPA GOLD/LEMON & ASH POWER/400GM/PCN/FREE SCRUB ,65.0,PCN,400GM ,,1676354204538-dinesh soap - household-npl-shilpa gold#3.png,RECODING,5,1,99764891,77.7462387084961,123,DINESH SOAP & HOUSEHOLD-NPL,SHILPA GOLD,SHILPA GOLD,SHILPA GOLD-LEMON & ASH POWER PCN 400 GM+FREE SCRUBBER,PLJAR,400.000 GM,,,400.0,GM,65.0
2023-02-17,202302,1,124683707,52202010017,1676354204538,99764891,123,DINESH SOAP & HOUSEHOLD-NPL,SHILPA GOLD,SHILPA GOLD/LEMON & ASH POWER/400GM/PCN/FREE SCRUB ,65.0,PCN,400GM ,,1676354204538-dinesh soap - household-npl-shilpa gold#3.png,RECODING,5,2,99763740,91.84976196289062,123,DINESH SOAP & HOUSEHOLD-NPL,SHILPA GOLD,SHILPA GOLD,SHILPA GOLD-ASHES & LEMON PPH 100 GM,PLPCH,100.000 GM,,,100.0,GM,10.0
2023-02-17,202302,1,124683707,52202010017,1676354204538,99764891,123,DINESH SOAP & HOUSEHOLD-NPL,SHILPA GOLD,SHILPA GOLD/LEMON & ASH POWER/400GM/PCN/FREE SCRUB ,65.0,PCN,400GM ,,1676354204538-dinesh soap - household-npl-shilpa gold#3.png,RECODING,5,3,99764309,100.33235931396484,123,DINESH SOAP & HOUSEHOLD-NPL,SHILPA GOLD,SHILPA GOLD,SHILPA GOLD-PPH 75 GM,PLPCH,75.000 GM,,,75.0,GM,10.0
2023-02-17,202302,1,124683707,52202010017,1676353113319,99764885,120,UNILEVER NEPAL LTD-NEPAL,LIFEBUOY TOTAL PROTECT ,LIFE BUOY TOTAL PROTECT/ACTIV SILVER FORMULA/100GM/EWP,45.0,EWP,100GM ,,1676353113319-unilever nepal ltd-nepal-lifebuoy total protect #3.png,RECODING,5,1,99764401,80.05342102050781,120,UNILEVER NEPAL LTD-NEPAL,LIFE BUOY,LIFE BUOY TOTAL PROTECT,LIFE BUOY TOTAL PROTECT-ACTIV SILVER EWP 43 GM,EWRPK,43.000 GM,,,43.0,GM,18.0
2023-02-17,202302,1,124683707,52202010017,1676353113319,99764885,120,UNILEVER NEPAL LTD-NEPAL,LIFEBUOY TOTAL PROTECT ,LIFE BUOY TOTAL PROTECT/ACTIV SILVER FORMULA/100GM/EWP,45.0,EWP,100GM ,,1676353113319-unilever nepal ltd-nepal-lifebuoy total protect #3.png,RECODING,5,2,99763277,82.8819580078125,120,UNILEVER NEPAL LTD-NEPAL,LIFE BUOY,LIFE BUOY TOTAL PROTECT,LIFE BUOY TOTAL PROTECT-ACTIV SILVER EWP 95 GM,EWRPK,95.000 GM,,,95.0,GM,35.0
2023-02-17,202302,1,124683707,52202010017,1676353113319,99764885,120,UNILEVER NEPAL LTD-NEPAL,LIFEBUOY TOTAL PROTECT ,LIFE BUOY TOTAL PROTECT/ACTIV SILVER FORMULA/100GM/EWP,45.0,EWP,100GM ,,1676353113319-unilever nepal ltd-nepal-lifebuoy total protect #3.png,RECODING,5,3,99764885,83.69249725341797,120,UNILEVER NEPAL LTD-NEPAL,LIFE BUOY,LIFE BUOY TOTAL PROTECT,LIFE BUOY TOTAL PROTECT-ACTIV SILVER EWP 100 GM,EWRPK,100.000 GM,,,100.0,GM,45.0
2023-02-17,202302,1,124683707,52202010017,1676352358042,99764897,130,PAHUPATI SEOHUNG LTD- INDIA,ROMANTIC,ROMANTIC DOTTED CONDOM/3PCS/CBP,48.0,CBP,3PCS,,1676352358042-pahupati seohung ltd- india-romantic#3.png,RECODING,5,1,99764897,152.8573455810547,130,PAHUPATI SEOHUNG LTD- INDIA,ROMANTIC,ROMANTIC,ROMANTIC-PREMIUM EXTRA DOTTED CHOCOLATE CBP 3 NO,CDBOX,3.000 NO,,,3.0,NO,48.0
2023-02-17,202302,1,124683707,52202010017,1676352358042,99764897,130,PAHUPATI SEOHUNG LTD- INDIA,ROMANTIC,ROMANTIC DOTTED CONDOM/3PCS/CBP,48.0,CBP,3PCS,,1676352358042-pahupati seohung ltd- india-romantic#3.png,RECODING,5,2,90512398,168.5615234375,130,PAHUPATI SEOHUNG LTD- INDIA,ROMANCE,ROMANCE DELUXE,ROMANCE DELUXE-CBP 3 NOS,CDBOX,3.000 NO,,,3.0,NO,0.0
2023-02-17,202302,1,124683707,52202010017,1676352358042,99764897,130,PAHUPATI SEOHUNG LTD- INDIA,ROMANTIC,ROMANTIC DOTTED CONDOM/3PCS/CBP,48.0,CBP,3PCS,,1676352358042-pahupati seohung ltd- india-romantic#3.png,RECODING,5,3,51194,173.67742919921875,130,PAHUPATI SEOHUNG LTD- INDIA,ROMANCE,ROMANCE,ROMANCE-PLAIN CBP 3 NO,CDBOX,3.000 NO,,,3.0,NO,0.0
2023-02-17,202302,1,124302976,21301010060,1676349312688,99764867,106,DOKES PRODUCTS ( INDIA)LTD,BAKEMATE SMILEY POP,BAKEMATE SMILEY LYCHEE  POP\800\GM,800.0,PCN,800 GM,New SKU,1676349312688-dokes products - india-ltd-bakemate smiley pop#3.png,RECODING,5,1,99764597,162.82754516601562,106,D-SWAG INDUSTRIES LTD-INDIA,BAKEMATE,BAKEMATE POP N POP,BAKEMATE POP N POP-FLAVOURED LOLLIPOP PCN 800 GM,PLJAR,800.000 GM,ASSORTED,,800.0,GM,500.0
2023-02-17,202302,1,124302976,21301010060,1676349312688,99764867,106,DOKES PRODUCTS ( INDIA)LTD,BAKEMATE SMILEY POP,BAKEMATE SMILEY LYCHEE  POP\800\GM,800.0,PCN,800 GM,New SKU,1676349312688-dokes products - india-ltd-bakemate smiley pop#3.png,RECODING,5,2,99764867,164.74098205566406,106,DUKES PRODUCTS-INDIA,BAKEMATE,BAKEMATE SMILEY POP,BAKEMATE SMILEY POP-LYCHEE LOLLIPOP PCN 800 GM,PLJAR,800.000 GM,LYCHEE,,800.0,GM,500.0
2023-02-17,202302,1,124302976,21301010060,1676349312688,99764867,106,DOKES PRODUCTS ( INDIA)LTD,BAKEMATE SMILEY POP,BAKEMATE SMILEY LYCHEE  POP\800\GM,800.0,PCN,800 GM,New SKU,1676349312688-dokes products - india-ltd-bakemate smiley pop#3.png,RECODING,5,3,99764631,172.1619873046875,106,D-SWAG INDUSTRIES LTD-INDIA,BAKEMATE,BAKEMATE BOOM BOOM POP,BAKEMATE BOOM BOOM POP-MIX FRUIT PCN 700 GM,PLJAR,700.000 GM,MIXED FRUIT,,700.0,GM,500.0
2023-02-17,202302,1,112773292,12101010035,1676167652963,99764855,106,SUJAL FOODS PVT LTD-NEPAL,SUJAL ECLAIRS,SUJAL ECLAIRS- MILK CHOCOLATE PPH 320GM.,135.0,PPH,320GM.,,1676167652963-sujal foods pvt ltd-nepal-sujal eclairs#3.png,RECODING,5,1,99764855,75.8132553100586,106,SUJAL FOODS PVT LTD-NEPAL,SUJAL,SUJAL ECLAIRS,SUJAL ECLAIRS- MILK CHOCOLATE PPH 320 GM,PLPCH,320.000 GM,MILK CHOCOLATE,,320.0,GM,130.0
2023-02-17,202302,1,112773292,12101010035,1676167652963,99764855,106,SUJAL FOODS PVT LTD-NEPAL,SUJAL ECLAIRS,SUJAL ECLAIRS- MILK CHOCOLATE PPH 320GM.,135.0,PPH,320GM.,,1676167652963-sujal foods pvt ltd-nepal-sujal eclairs#3.png,RECODING,5,2,91826189,79.05350494384766,106,SUJAL FOODS PVT LTD-NEPAL,SUJAL,SUJAL ECLAIRS,SUJAL ECLAIRS- MILK CHOCOLATE PPH 3 GM,PLPCH,3.000 GM,MILK CHOCOLATE,,3.0,GM,0.0
2023-02-17,202302,1,112773292,12101010035,1676167652963,99764855,106,SUJAL FOODS PVT LTD-NEPAL,SUJAL ECLAIRS,SUJAL ECLAIRS- MILK CHOCOLATE PPH 320GM.,135.0,PPH,320GM.,,1676167652963-sujal foods pvt ltd-nepal-sujal eclairs#3.png,RECODING,5,3,99764570,79.65280151367188,106,SUJAL FOODS PVT LTD-NEPAL,SUJAL,SUJAL ECLAIRS,SUJAL ECLAIRS- MILK CHOCOLATE PPH 275 GM,PLPCH,275.000 GM,MILK CHOCOLATE,,275.0,GM,85.0
2023-02-17,202302,1,124918061,21209010001,1676356587044,99764881,116,MAGNA MAX PVT. LTD. - NEPAL,WHISPAD SUPER ULTRA,WHISPAD/SUPER ULTRA/XL WINGS 6 PADS,75.0,PPH,XL,,1676356587044-magna max pvt- ltd- - nepal-whispad super ultra#3.png,RECODING,5,1,99764881,109.61106872558594,116,MAGNA MAX PVT. LTD. - NEPAL,FEME,FEME WHISPAD,FEME WHISPAD-SUPER ULTRA XL WINGS PPH 6 NO,PLPCH,6.000 NO,,,6.0,NO,75.0
2023-02-17,202302,1,124918061,21209010001,1676356587044,99764881,116,MAGNA MAX PVT. LTD. - NEPAL,WHISPAD SUPER ULTRA,WHISPAD/SUPER ULTRA/XL WINGS 6 PADS,75.0,PPH,XL,,1676356587044-magna max pvt- ltd- - nepal-whispad super ultra#3.png,RECODING,5,2,92018956,160.74798583984375,116,MAGNA MAX PVT. LTD. - NEPAL,FEME,FEME 3 IN 1,FEME 3 IN 1- PPH 21 NOS,PLPCH,21.000 NO,,,21.0,NO,0.0
2023-02-17,202302,1,124918061,21209010001,1676356587044,99764881,116,MAGNA MAX PVT. LTD. - NEPAL,WHISPAD SUPER ULTRA,WHISPAD/SUPER ULTRA/XL WINGS 6 PADS,75.0,PPH,XL,,1676356587044-magna max pvt- ltd- - nepal-whispad super ultra#3.png,RECODING,5,3,49312,173.89112854003906,116,MAGNA MAX PVT. LTD. - NEPAL,FEME,FEME RITZ,FEME RITZ-ULTRA THIN WINGS PPH 6 NO,PLPCH,6.000 NO,,,6.0,NO,0.0
2023-02-17,202302,1,123325776,12303010017,1676283051388,99764871,106,LOTTE INDIA CORPORATION LTD-INDIA,LOTTE COCONUT PUNCH,LOTTE COCONUT PUNCH PCN 798GM,500.0,PCN,798GM,,1676283051388-lotte india corporation ltd-india-lotte coconut punch#3.png,RECODING,5,1,99764871,125.92471313476562,106,LOTTE INDIA-INDIA,LOTTE,LOTTE COCONUT PUNCH,LOTTE COCONUT PUNCH-PCN 760 GM+38 GM FREE,PLJAR,760.000 GM,COCONUT,,798.0,GM,500.0
2023-02-17,202302,1,123325776,12303010017,1676283051388,99764871,106,LOTTE INDIA CORPORATION LTD-INDIA,LOTTE COCONUT PUNCH,LOTTE COCONUT PUNCH PCN 798GM,500.0,PCN,798GM,,1676283051388-lotte india corporation ltd-india-lotte coconut punch#3.png,RECODING,5,2,99764497,172.02880859375,106,LOTTE INDIA-INDIA,LOTTE,LOTTE ECLAIRS,LOTTE ECLAIRS- CHOCO PCN 714 GM,PLJAR,714.000 GM,CHOCOLATE,,714.0,GM,500.0
2023-02-17,202302,1,123325776,12303010017,1676283051388,99764871,106,LOTTE INDIA CORPORATION LTD-INDIA,LOTTE COCONUT PUNCH,LOTTE COCONUT PUNCH PCN 798GM,500.0,PCN,798GM,,1676283051388-lotte india corporation ltd-india-lotte coconut punch#3.png,RECODING,5,3,99764746,172.15664672851562,106,LOTTE INDIA-INDIA,LOTTE,LOTTE JUICIES,LOTTE JUICIES-ASSORRED PCN 840 GM,PLJAR,840.000 GM,ASSORTED,,840.0,GM,500.0
2023-02-17,202302,1,128954945,32201010017,1676184548894,99764872,106,M G FOOD PRODUCTS - INDIA,AMBER TENGO,AMBER TENGO KERY FLAVOURED MASALA CANDY/450GM/PPH/M G FOOD PRODUCTS - INDIA,150.0,PPH,450GM,,1676184548894-m g food products - india-amber tengo#3.png,RECODING,5,1,99764872,74.14842224121094,106,M G FOOD PRODUCTS - INDIA,AMBER,AMBER TENGO,AMBER TENGO-KERY FLAVOURED MASALA CANDY PPH 450 GM,PLPCH,450.000 GM,MANGO,,450.0,GM,130.0
2023-02-17,202302,1,128954945,32201010017,1676184548894,99764872,106,M G FOOD PRODUCTS - INDIA,AMBER TENGO,AMBER TENGO KERY FLAVOURED MASALA CANDY/450GM/PPH/M G FOOD PRODUCTS - INDIA,150.0,PPH,450GM,,1676184548894-m g food products - india-amber tengo#3.png,RECODING,5,2,49605,88.656494140625,106,AMBER NUTRITION PVT LTD-INDIA,AMBER,AMBER TENGO,AMBER TENGO-KERY MASALA CANDY PPH 3 GM,PLPCH,3.000 GM,MASALA,,3.0,GM,0.0
2023-02-17,202302,1,128954945,32201010017,1676184548894,99764872,106,M G FOOD PRODUCTS - INDIA,AMBER TENGO,AMBER TENGO KERY FLAVOURED MASALA CANDY/450GM/PPH/M G FOOD PRODUCTS - INDIA,150.0,PPH,450GM,,1676184548894-m g food products - india-amber tengo#3.png,RECODING,5,3,45958,89.32115173339844,106,AMBER NUTRITION PVT LTD-INDIA,RJ TENGO KERY,RJ TENGO KERY,RJ TENGO KERY-MASALA CANDY PPH 3 GM,PLPCH,3.000 GM,MASALA,,3.0,GM,0.0
2023-02-17,202302,1,111740086,12101010025,1676167652963,99764855,106,SUJAL FOODS PVT LTD-NEPAL,SUJAL ECLAIRS,SUJAL ECLAIRS- MILK CHOCOLATE PPH 320GM.,135.0,PPH,320GM.,,1676167652963-sujal foods pvt ltd-nepal-sujal eclairs#3.png,RECODING,5,1,99764855,72.20182800292969,106,SUJAL FOODS PVT LTD-NEPAL,SUJAL,SUJAL ECLAIRS,SUJAL ECLAIRS- MILK CHOCOLATE PPH 320 GM,PLPCH,320.000 GM,MILK CHOCOLATE,,320.0,GM,130.0
2023-02-17,202302,1,111740086,12101010025,1676167652963,99764855,106,SUJAL FOODS PVT LTD-NEPAL,SUJAL ECLAIRS,SUJAL ECLAIRS- MILK CHOCOLATE PPH 320GM.,135.0,PPH,320GM.,,1676167652963-sujal foods pvt ltd-nepal-sujal eclairs#3.png,RECODING,5,2,99764570,76.18738555908203,106,SUJAL FOODS PVT LTD-NEPAL,SUJAL,SUJAL ECLAIRS,SUJAL ECLAIRS- MILK CHOCOLATE PPH 275 GM,PLPCH,275.000 GM,MILK CHOCOLATE,,275.0,GM,85.0
2023-02-17,202302,1,111740086,12101010025,1676167652963,99764855,106,SUJAL FOODS PVT LTD-NEPAL,SUJAL ECLAIRS,SUJAL ECLAIRS- MILK CHOCOLATE PPH 320GM.,135.0,PPH,320GM.,,1676167652963-sujal foods pvt ltd-nepal-sujal eclairs#3.png,RECODING,5,3,91826189,76.48613739013672,106,SUJAL FOODS PVT LTD-NEPAL,SUJAL,SUJAL ECLAIRS,SUJAL ECLAIRS- MILK CHOCOLATE PPH 3 GM,PLPCH,3.000 GM,MILK CHOCOLATE,,3.0,GM,0.0
2023-02-17,202302,1,130403386,52303010011,1676266727621,99764866,106,DABUR NEPAL LTD.-NEPAL,HAJMOLA CANDY ,HAJMOLA CANDY/KHATTI MEETHI/550GM/PCN,160.0,PCN,550GM ,,1676266727621-dabur nepal ltd--nepal-hajmola candy #3.png,RECODING,5,1,99764866,91.32347106933594,106,DABUR NEPAL LTD.-NEPAL,DABUR,DABUR HAJMOLA CANDY,DABUR HAJMOLA CANDY-KHATTI METTHI PCN 550 GM,PLJAR,550.000 GM,KHATTI MITTHI,,550.0,GM,160.0
2023-02-17,202302,1,130403386,52303010011,1676266727621,99764866,106,DABUR NEPAL LTD.-NEPAL,HAJMOLA CANDY ,HAJMOLA CANDY/KHATTI MEETHI/550GM/PCN,160.0,PCN,550GM ,,1676266727621-dabur nepal ltd--nepal-hajmola candy #3.png,RECODING,5,2,91826288,99.74142456054688,106,DABUR NEPAL LTD.-NEPAL,DABUR,DABUR HAJMOLA CANDY,DABUR HAJMOLA CANDY-KHATTI METTHI PPH 4 GM,PLPCH,4.000 GM,KHATTI MITTHI,,4.0,GM,0.0
2023-02-17,202302,1,130403386,52303010011,1676266727621,99764866,106,DABUR NEPAL LTD.-NEPAL,HAJMOLA CANDY ,HAJMOLA CANDY/KHATTI MEETHI/550GM/PCN,160.0,PCN,550GM ,,1676266727621-dabur nepal ltd--nepal-hajmola candy #3.png,RECODING,5,3,47151,99.94646453857422,106,DABUR NEPAL LTD.-NEPAL,DABUR,DABUR HAJMOLA CANDY,DABUR HAJMOLA CANDY-KHATTI METTHI PPH 2.5 GM,PLPCH,2.500 GM,KHATTI MITTHI,,2.5,GM,0.0
2023-02-17,202302,1,130403386,52303010011,1676267563190,99764894,132,HEALTH & HYGIENE PRODUCT-NP,BABA'S NAPPY,BABA'S NAPPY SUPER DRY PANTS/LARGE/4 PANTS/PPH,100.0,PPH,5 PANTS,,1676267563190-health - hygiene product-np-baba-s nappy#3.png,RECODING,5,1,99762722,96.30210876464844,132,HEALTH & HYGIENE PRODUCT-NP,BABA'S NAPPY,BABA'S NAPPY,BABA'S NAPPY-SUPER DRY BABY PANTS LARGE(L) PPH 5 NOS,PLPCH,5.000 NO,,,5.0,NO,100.0
2023-02-17,202302,1,130403386,52303010011,1676267563190,99764894,132,HEALTH & HYGIENE PRODUCT-NP,BABA'S NAPPY,BABA'S NAPPY SUPER DRY PANTS/LARGE/4 PANTS/PPH,100.0,PPH,5 PANTS,,1676267563190-health - hygiene product-np-baba-s nappy#3.png,RECODING,5,2,99762685,100.01986694335938,132,HEALTH & HYGIENE PRODUCT-NP,BABA'S NAPPY,BABA'S NAPPY,BABA'S NAPPY-SUPER DRY BABY PANTS MEDIUM(M) PPH 5 NOS,PLPCH,5.000 NO,,,5.0,NO,100.0
2023-02-17,202302,1,130403386,52303010011,1676267563190,99764894,132,HEALTH & HYGIENE PRODUCT-NP,BABA'S NAPPY,BABA'S NAPPY SUPER DRY PANTS/LARGE/4 PANTS/PPH,100.0,PPH,5 PANTS,,1676267563190-health - hygiene product-np-baba-s nappy#3.png,RECODING,5,3,99764894,100.26022338867188,132,HEALTH & HYGIENE PRODUCT-NP,BABA'S NAPPY,BABA'S NAPPY,BABA'S NAPPY-SUPER DRY BABY PANTS LARGE(L) PPH 4 NOS,PLPCH,4.000 NO,,,4.0,NO,100.0
2023-02-17,202302,1,130403386,52303010011,1676265360780,99764869,106,HIMADRI FOOD-NEPAL,PRAN KOKO,PRAN KOKO/MILK LOLLYPOP/900GM/PCN,430.0,PCN,900GM ,,1676265360780-himadri food-nepal-pran koko#3.png,RECODING,5,1,99764869,88.94599914550781,106,HIMADRI FOOD-NEPAL,PRAN,PRAN KOKO,PRAN KOKO-MILK LOLLIPOP PCN 1000 GM,PLJAR,1000.000 GM,MILK,,1000.0,GM,430.0
2023-02-17,202302,1,130403386,52303010011,1676265360780,99764869,106,HIMADRI FOOD-NEPAL,PRAN KOKO,PRAN KOKO/MILK LOLLYPOP/900GM/PCN,430.0,PCN,900GM ,,1676265360780-himadri food-nepal-pran koko#3.png,RECODING,5,2,99762894,101.9983139038086,106,HIMADRI FOOD-NEPAL,PRAN,PRAN KOKO,PRAN KOKO-MILK LOLLIPOP EWP 10 GM,EWRPK,10.000 GM,MILK,,10.0,GM,5.0
2023-02-17,202302,1,130403386,52303010011,1676265360780,99764869,106,HIMADRI FOOD-NEPAL,PRAN KOKO,PRAN KOKO/MILK LOLLYPOP/900GM/PCN,430.0,PCN,900GM ,,1676265360780-himadri food-nepal-pran koko#3.png,RECODING,5,3,99764582,114.80693054199219,106,HIMADRI FOOD-NEPAL,PRAN,PRAN LOLLIPOP,PRAN LOLLIPOP-ASSORTED PCN 1000 GM,PLJAR,1000.000 GM,ASSORTED,,1000.0,GM,400.0
2023-02-20,202302,1,121609101,31101010067,1676794961290,99764924,106,PERFETTI VAN MELLE-INDIA,CENTER FRESH,CENTER FRESH-SPEARMINT PCN 420GM,350.0,PCN,420GM ,,1676794961290-perfetti van melle-india-center fresh#3.png,RECODING,5,1,99764573,65.97183227539062,106,PERFETTI VAN MELLE-INDIA,CENTER FRESH,CENTER FRESH,CENTER FRESH- SPEARMINT PCN 675 GM,PLJAR,675.000 GM,SPEARMINT,,675.0,GM,360.0
2023-02-20,202302,1,121609101,31101010067,1676794961290,99764924,106,PERFETTI VAN MELLE-INDIA,CENTER FRESH,CENTER FRESH-SPEARMINT PCN 420GM,350.0,PCN,420GM ,,1676794961290-perfetti van melle-india-center fresh#3.png,RECODING,5,2,99764636,66.71510314941406,106,PERFETTI VAN MELLE-INDIA,CENTER FRESH,CENTER FRESH,CENTER FRESH- SPEARMINT PCN 450 GM,PLJAR,450.000 GM,SPEARMINT,,450.0,GM,300.0
2023-02-20,202302,1,121609101,31101010067,1676794961290,99764924,106,PERFETTI VAN MELLE-INDIA,CENTER FRESH,CENTER FRESH-SPEARMINT PCN 420GM,350.0,PCN,420GM ,,1676794961290-perfetti van melle-india-center fresh#3.png,RECODING,5,3,99764875,68.05166625976562,106,PERFETTI VAN MELLE-INDIA,CENTER FRESH,CENTER FRESH,CENTER FRESH- SPEARMINT PCN 630 GM,PLJAR,630.000 GM,SPEARMINT,,630.0,GM,336.0
2023-02-20,202302,1,121609101,31101010067,1676793482589,99764892,123,DINESH SOAP & HOUSEHOLD-NPL,DINESH,DINESH-PREMIUM LAUNDRY SOAP PPH 800GM,200.0,PPH,800GM,,1676793482589-dinesh soap - household-npl-dinesh#3.png,RECODING,5,1,99764892,88.42656707763672,123,DINESH SOAP & HOUSEHOLD-NPL,DINESH,DINESH,DINESH-PREMIUM LAUNDRY SOAP PPH 4*200 GM [800 GM],PLPCH,200.000 GM,,,800.0,GM,200.0
2023-02-20,202302,1,121609101,31101010067,1676793482589,99764892,123,DINESH SOAP & HOUSEHOLD-NPL,DINESH,DINESH-PREMIUM LAUNDRY SOAP PPH 800GM,200.0,PPH,800GM,,1676793482589-dinesh soap - household-npl-dinesh#3.png,RECODING,5,2,99764048,91.14584350585938,123,DINESH SOAP & HOUSEHOLD-NPL,DINESH,DINESH,DINESH-PREMIUM LAUNDRY SOAP PPH 150 GM,PLPCH,150.000 GM,,,150.0,GM,30.0
2023-02-20,202302,1,121609101,31101010067,1676793482589,99764892,123,DINESH SOAP & HOUSEHOLD-NPL,DINESH,DINESH-PREMIUM LAUNDRY SOAP PPH 800GM,200.0,PPH,800GM,,1676793482589-dinesh soap - household-npl-dinesh#3.png,RECODING,5,3,53900,92.28416442871094,123,DINESH SOAP & HOUSEHOLD-NPL,DINESH,DINESH,DINESH-PREMIUM LAUNDRY SOAP PPH 200 GM,PLPCH,200.000 GM,,,200.0,GM,0.0
2023-02-20,202302,1,121609101,31101010067,1676794233802,99764876,106,SUJAL FOODS PVT LTD-NEPAL,SUJAL BUBBLY BUBBLE GUM,SUJAL BUBBLY BUBBLE GUM-MINT PCN 480GM ,300.0,PCN,480GM ,,1676794233802-sujal foods pvt ltd-nepal-sujal bubbly bubble gum#3.png,RECODING,5,1,99764876,78.89158630371094,106,SUJAL FOODS PVT LTD-NEPAL,SUJAL,SUJAL BUBBLY BUBBLE GUM,SUJAL BUBBLY BUBBLE GUM-MINT PCN 480 GM,PLJAR,480.000 GM,MINT,,480.0,GM,300.0
2023-02-20,202302,1,121609101,31101010067,1676794233802,99764876,106,SUJAL FOODS PVT LTD-NEPAL,SUJAL BUBBLY BUBBLE GUM,SUJAL BUBBLY BUBBLE GUM-MINT PCN 480GM ,300.0,PCN,480GM ,,1676794233802-sujal foods pvt ltd-nepal-sujal bubbly bubble gum#3.png,RECODING,5,2,99764538,81.13264465332031,106,SUJAL FOODS PVT LTD-NEPAL,SUJAL,SUJAL BUBBLY BUBBLE GUM,SUJAL BUBBLY BUBBLE GUM-MINT PCN 510 GM,PLJAR,510.000 GM,MINT,,510.0,GM,250.0
2023-02-20,202302,1,121609101,31101010067,1676794233802,99764876,106,SUJAL FOODS PVT LTD-NEPAL,SUJAL BUBBLY BUBBLE GUM,SUJAL BUBBLY BUBBLE GUM-MINT PCN 480GM ,300.0,PCN,480GM ,,1676794233802-sujal foods pvt ltd-nepal-sujal bubbly bubble gum#3.png,RECODING,5,3,51707,89.56513977050781,106,SUJAL FOODS PVT LTD-NEPAL,SUJAL,SUJAL BUBBLY BUBBLE GUM,SUJAL BUBBLY BUBBLE GUM-MINT PPH 4 GM,PLPCH,4.000 GM,MINT,,4.0,GM,0.0
2023-02-20,202302,1,126806790,31101010061,1676786473720,99764894,132,HEALTH & HYGIENE PRODUCT-NP,BABA'S NAPPY,BABA'S NAPPY-SUPER DRY BABY PANTS LARGE 4 NOS,100.0,PPH,4 NOS,,1676786473720-health - hygiene product-np-baba-s nappy#3.png,RECODING,5,1,99762722,80.96408081054688,132,HEALTH & HYGIENE PRODUCT-NP,BABA'S NAPPY,BABA'S NAPPY,BABA'S NAPPY-SUPER DRY BABY PANTS LARGE(L) PPH 5 NOS,PLPCH,5.000 NO,,,5.0,NO,100.0
2023-02-20,202302,1,126806790,31101010061,1676786473720,99764894,132,HEALTH & HYGIENE PRODUCT-NP,BABA'S NAPPY,BABA'S NAPPY-SUPER DRY BABY PANTS LARGE 4 NOS,100.0,PPH,4 NOS,,1676786473720-health - hygiene product-np-baba-s nappy#3.png,RECODING,5,2,99764894,84.20075225830078,132,HEALTH & HYGIENE PRODUCT-NP,BABA'S NAPPY,BABA'S NAPPY,BABA'S NAPPY-SUPER DRY BABY PANTS LARGE(L) PPH 4 NOS,PLPCH,4.000 NO,,,4.0,NO,100.0
2023-02-20,202302,1,126806790,31101010061,1676786473720,99764894,132,HEALTH & HYGIENE PRODUCT-NP,BABA'S NAPPY,BABA'S NAPPY-SUPER DRY BABY PANTS LARGE 4 NOS,100.0,PPH,4 NOS,,1676786473720-health - hygiene product-np-baba-s nappy#3.png,RECODING,5,3,99762686,85.22222900390625,132,HEALTH & HYGIENE PRODUCT-NP,BABA'S NAPPY,BABA'S NAPPY,BABA'S NAPPY-SUPER DRY BABY PANTS EXTRA LARGE(XL) PPH 4 NOS,PLPCH,4.000 NO,,,4.0,NO,100.0
2023-02-20,202302,1,126806790,31101010061,1676789034118,99764882,117,PROCTER & GAMBLE - INDIA,HEAD & SHOULDER ANTIDANDRUFF,HEAD & SHOULDER ANTIDANDRUFF-NEEM PPH 5ML ,3.0,PPH,5 ML,,1676789034118-procter - gamble - india-head - shoulder antidandruff#3.png,RECODING,5,1,99764882,76.7911148071289,117,PROCTER & GAMBLE - INDIA,HEAD & SHOULDER,HEAD & SHOULDER ANTIDANDRUFF,HEAD & SHOULDER ANTIDANDRUFF-NEEM SCT 5 ML,PLSCH,5.000 ML,,,5.0,ML,3.0
2023-02-20,202302,1,126806790,31101010061,1676789034118,99764882,117,PROCTER & GAMBLE - INDIA,HEAD & SHOULDER ANTIDANDRUFF,HEAD & SHOULDER ANTIDANDRUFF-NEEM PPH 5ML ,3.0,PPH,5 ML,,1676789034118-procter - gamble - india-head - shoulder antidandruff#3.png,RECODING,5,2,52625,93.19390869140625,117,PROCTER & GAMBLE - INDIA,HEAD & SHOULDER,HEAD & SHOULDER ANTIDANDRUFF,HEAD & SHOULDER ANTIDANDRUFF-COOL MENTHL 2IN1 SCT 9 ML,PLSCH,9.000 ML,,,9.0,ML,0.0
2023-02-20,202302,1,126806790,31101010061,1676789034118,99764882,117,PROCTER & GAMBLE - INDIA,HEAD & SHOULDER ANTIDANDRUFF,HEAD & SHOULDER ANTIDANDRUFF-NEEM PPH 5ML ,3.0,PPH,5 ML,,1676789034118-procter - gamble - india-head - shoulder antidandruff#3.png,RECODING,5,3,50124,93.32528686523438,117,PROCTER & GAMBLE - INDIA,HEAD & SHOULDER,HEAD & SHOULDER ANTIDANDRUFF,HEAD & SHOULDER ANTIDANDRUFF-ANTIHRFAL SCT 7 ML+20% EX[1.5ML,PLSCH,7.000 ML,,,8.5,ML,0.0
2023-02-20,202302,1,124902886,52202010027,1676804103817,99764893,123,FLEX CHEMICAL INDUSTRIES INDIA,TAJ ADVANCED ,TAJ ADVANCED/DISHWASH BAR/220GM+60GM/PPH/,16.0,PPH,220GM+60GM,,1676804103817-flex chemical industries india-taj advanced #3.png,RECODING,5,1,99764893,103.55072784423828,123,FLEX CHEMICAL INDUSTRIES-INDIA,TAJ,TAJ,TAJ-ADVANCED DISHWASH BAR PPH 220 GM+60 GM FREE,PLPCH,220.000 GM,,,280.0,GM,16.0
2023-02-20,202302,1,124902886,52202010027,1676804103817,99764893,123,FLEX CHEMICAL INDUSTRIES INDIA,TAJ ADVANCED ,TAJ ADVANCED/DISHWASH BAR/220GM+60GM/PPH/,16.0,PPH,220GM+60GM,,1676804103817-flex chemical industries india-taj advanced #3.png,RECODING,5,2,92962395,160.91944885253906,123,K. CHEMICAL-NEPAL,123,123,123-DISHWASH BAR PCN-400 GM+SCRUBBER FREE,PLJAR,400.000 GM,,,400.0,GM,0.0
2023-02-20,202302,1,124902886,52202010027,1676804103817,99764893,123,FLEX CHEMICAL INDUSTRIES INDIA,TAJ ADVANCED ,TAJ ADVANCED/DISHWASH BAR/220GM+60GM/PPH/,16.0,PPH,220GM+60GM,,1676804103817-flex chemical industries india-taj advanced #3.png,RECODING,5,3,92926646,161.17276000976562,123,K. CHEMICAL-NEPAL,123,123,123-DISHWASH BAR PCN-400 GM,PLJAR,400.000 GM,,,400.0,GM,0.0
2023-02-20,202302,1,128840459,52202010019,1676786204434,99764886,120,RECKITT BENCKISER - INDIA,DETTOL ALOEVERA,DETTOL/ALOE VERA/100GM/EWP/SAVE RS 8,80.0,EWP,100GM ,,1676786204434-reckitt benckiser - india-dettol aloevera#3.png,RECODING,5,1,99764886,88.98664855957031,120,RECKITT BENCKISER - INDIA,DETTOL,DETTOL ALOEVERA,DETTOL ALOEVERA-EWP 100 GM+SAVE RS.7,EWRPK,100.000 GM,,,100.0,GM,80.0
2023-02-20,202302,1,128840459,52202010019,1676786204434,99764886,120,RECKITT BENCKISER - INDIA,DETTOL ALOEVERA,DETTOL/ALOE VERA/100GM/EWP/SAVE RS 8,80.0,EWP,100GM ,,1676786204434-reckitt benckiser - india-dettol aloevera#3.png,RECODING,5,2,53538,108.40846252441406,120,RECKITT BENCKISER - INDIA,DETTOL,DETTOL ALOEVERA,DETTOL ALOEVERA-PBT 200 ML+ORIGINAL RFL 175M+RS86.4,PLBOT,200.000 ML,,,200.0,ML,0.0
2023-02-20,202302,1,128840459,52202010019,1676786204434,99764886,120,RECKITT BENCKISER - INDIA,DETTOL ALOEVERA,DETTOL/ALOE VERA/100GM/EWP/SAVE RS 8,80.0,EWP,100GM ,,1676786204434-reckitt benckiser - india-dettol aloevera#3.png,RECODING,5,3,53536,123.54014587402344,120,RECKITT BENCKISER - INDIA,DETTOL,DETTOL ALOEVERA,DETTOL ALOEVERA-PBT 200 ML,PLBOT,200.000 ML,,,200.0,ML,0.0
2023-02-20,202302,1,128840459,52202010019,1676006079544,99764856,120,UNILEVER NEPAL LTD-NEPAL,LIRIL,LIRIL LIME RUSH/4Ã—75GM/EWP/SAVE RS 7,145.0,EWP,4Ã—75GM,,1676006079544-unilever nepal ltd-nepal-liril#3.png,RECODING,5,1,49799,78.85624694824219,120,UNILEVER NEPAL LTD-NEPAL,LIRIL,LIRIL,LIRIL-LIME RUSH EWP 5*75 GM+B4G1,EWRPK,75.000 GM,,,375.0,GM,0.0
2023-02-20,202302,1,128840459,52202010019,1676006079544,99764856,120,UNILEVER NEPAL LTD-NEPAL,LIRIL,LIRIL LIME RUSH/4Ã—75GM/EWP/SAVE RS 7,145.0,EWP,4Ã—75GM,,1676006079544-unilever nepal ltd-nepal-liril#3.png,RECODING,5,2,92562465,82.23097229003906,120,UNILEVER NEPAL LTD-NEPAL,LIRIL,LIRIL,LIRIL-LIME RUSH EWP 75 GM+SAVE RS. 3 ON 3 NOS PACK,EWRPK,75.000 GM,,,225.0,GM,0.0
2023-02-20,202302,1,128840459,52202010019,1676006079544,99764856,120,UNILEVER NEPAL LTD-NEPAL,LIRIL,LIRIL LIME RUSH/4Ã—75GM/EWP/SAVE RS 7,145.0,EWP,4Ã—75GM,,1676006079544-unilever nepal ltd-nepal-liril#3.png,RECODING,5,3,99764856,82.61123657226562,120,UNILEVER NEPAL LTD-NEPAL,LIRIL,LIRIL,LIRIL-LIME RUSH EWP 4*75 GM+SAV RS. 7,EWRPK,75.000 GM,,,300.0,GM,145.0
2023-02-20,202302,1,128840459,52202010019,1675747723641,99764845,123,DINESH SOAP & HOUSEHOLD-NPL,DINESH ,DINESH ASH DISHWASH BAR/400GM/PCN/ FREE SCRUB PAD,60.0,PCN,400GM ,,1675747723641-dinesh soap - household-npl-dinesh #3.png,RECODING,5,1,99764845,74.17022705078125,123,DINESH SOAP & HOUSEHOLD-NPL,DINESH,DINESH ASH,DINESH ASH-DISHWASH BAR PCN 400 GM+FREE SCRUBBER,PLJAR,400.000 GM,,,400.0,GM,50.0
2023-02-20,202302,1,128840459,52202010019,1675747723641,99764845,123,DINESH SOAP & HOUSEHOLD-NPL,DINESH ,DINESH ASH DISHWASH BAR/400GM/PCN/ FREE SCRUB PAD,60.0,PCN,400GM ,,1675747723641-dinesh soap - household-npl-dinesh #3.png,RECODING,5,2,99764619,96.81570434570312,123,DINESH SOAP & HOUSEHOLD-NPL,DINESH,DINESH,DINESH-DISHWASH BAR PPH 75 GM,PLPCH,75.000 GM,,,75.0,GM,10.0
2023-02-20,202302,1,128840459,52202010019,1675747723641,99764845,123,DINESH SOAP & HOUSEHOLD-NPL,DINESH ,DINESH ASH DISHWASH BAR/400GM/PCN/ FREE SCRUB PAD,60.0,PCN,400GM ,,1675747723641-dinesh soap - household-npl-dinesh #3.png,RECODING,5,3,99762816,99.40921020507812,123,DINESH SOAP & HOUSEHOLD-NPL,DINESH,DINESH,DINESH-DISHWASH BAR PPH 100 GM,PLPCH,100.000 GM,,,100.0,GM,10.0
2023-02-20,202302,1,128840459,52202010019,1676786993549,99764887,120,RECKITT BENCKISER - INDIA,DETTOL ORIGINAL,DETTOL ORIGINAL/750ML/PPH,160.0,PPH,750M L,,1676786993549-reckitt benckiser - india-dettol original#3.png,RECODING,5,1,92524345,79.72779846191406,120,RECKITT BENCKISER - INDIA,DETTOL,DETTOL ORIGINAL,DETTOL ORIGINAL-PPH 25 GMS,PLPCH,25.000 GM,,,25.0,GM,0.0
2023-02-20,202302,1,128840459,52202010019,1676786993549,99764887,120,RECKITT BENCKISER - INDIA,DETTOL ORIGINAL,DETTOL ORIGINAL/750ML/PPH,160.0,PPH,750M L,,1676786993549-reckitt benckiser - india-dettol original#3.png,RECODING,5,2,92521781,82.7872314453125,120,RECKITT BENCKISER - INDIA,DETTOL,DETTOL ORIGINAL,DETTOL ORIGINAL-PPH 35 GMS,PLPCH,35.000 GM,,,35.0,GM,0.0
2023-02-20,202302,1,128840459,52202010019,1676786993549,99764887,120,RECKITT BENCKISER - INDIA,DETTOL ORIGINAL,DETTOL ORIGINAL/750ML/PPH,160.0,PPH,750M L,,1676786993549-reckitt benckiser - india-dettol original#3.png,RECODING,5,3,49672,82.95230102539062,120,RECKITT BENCKISER - INDIA,DETTOL,DETTOL ORIGINAL,DETTOL ORIGINAL-PPH 3*175 ML+SAV RS 64,PLPCH,175.000 ML,,,525.0,ML,0.0
2023-02-20,202302,1,128840459,52202010019,1676265360780,1676265360780,106,HIMADRI FOOD-NEPAL,PRAN KOKO,PRAN KOKO/MILK LOLLYPOP/900GM/PCN,0.0,PCN,900GM ,Delete the Item,1676265360780-himadri food-nepal-pran koko#3.png,DELETE THE ITEM,1,1,99764869,135.760009765625,106,HIMADRI FOOD-NEPAL,PRAN,PRAN KOKO,PRAN KOKO-MILK LOLLIPOP PCN 1000 GM,PLJAR,1000.000 GM,MILK,,1000.0,GM,430.0
2023-02-20,202302,1,128840459,52202010019,1676265360780,1676265360780,106,HIMADRI FOOD-NEPAL,PRAN KOKO,PRAN KOKO/MILK LOLLYPOP/900GM/PCN,0.0,PCN,900GM ,Delete the Item,1676265360780-himadri food-nepal-pran koko#3.png,DELETE THE ITEM,1,2,99762894,150.43832397460938,106,HIMADRI FOOD-NEPAL,PRAN,PRAN KOKO,PRAN KOKO-MILK LOLLIPOP EWP 10 GM,EWRPK,10.000 GM,MILK,,10.0,GM,5.0
2023-02-20,202302,1,128840459,52202010019,1676265360780,1676265360780,106,HIMADRI FOOD-NEPAL,PRAN KOKO,PRAN KOKO/MILK LOLLYPOP/900GM/PCN,0.0,PCN,900GM ,Delete the Item,1676265360780-himadri food-nepal-pran koko#3.png,DELETE THE ITEM,1,3,99764582,156.7978515625,106,HIMADRI FOOD-NEPAL,PRAN,PRAN LOLLIPOP,PRAN LOLLIPOP-ASSORTED PCN 1000 GM,PLJAR,1000.000 GM,ASSORTED,,1000.0,GM,400.0
2023-02-20,202302,1,128840459,52202010019,1676790389776,99764855,106,SUJAL FOODS PVT LTD-NEPAL,SUJAL ECLAIRS,SUJAL ECLAIRS/MILK CHOCOLATE/320GM/PPH,150.0,PPH,320GM,,1676790389776-sujal foods pvt ltd-nepal-sujal eclairs#3.png,RECODING,5,1,99764855,77.1829833984375,106,SUJAL FOODS PVT LTD-NEPAL,SUJAL,SUJAL ECLAIRS,SUJAL ECLAIRS- MILK CHOCOLATE PPH 320 GM,PLPCH,320.000 GM,MILK CHOCOLATE,,320.0,GM,130.0
2023-02-20,202302,1,128840459,52202010019,1676790389776,99764855,106,SUJAL FOODS PVT LTD-NEPAL,SUJAL ECLAIRS,SUJAL ECLAIRS/MILK CHOCOLATE/320GM/PPH,150.0,PPH,320GM,,1676790389776-sujal foods pvt ltd-nepal-sujal eclairs#3.png,RECODING,5,2,91826189,81.14306640625,106,SUJAL FOODS PVT LTD-NEPAL,SUJAL,SUJAL ECLAIRS,SUJAL ECLAIRS- MILK CHOCOLATE PPH 3 GM,PLPCH,3.000 GM,MILK CHOCOLATE,,3.0,GM,0.0
2023-02-20,202302,1,128840459,52202010019,1676790389776,99764855,106,SUJAL FOODS PVT LTD-NEPAL,SUJAL ECLAIRS,SUJAL ECLAIRS/MILK CHOCOLATE/320GM/PPH,150.0,PPH,320GM,,1676790389776-sujal foods pvt ltd-nepal-sujal eclairs#3.png,RECODING,5,3,99764570,81.57095336914062,106,SUJAL FOODS PVT LTD-NEPAL,SUJAL,SUJAL ECLAIRS,SUJAL ECLAIRS- MILK CHOCOLATE PPH 275 GM,PLPCH,275.000 GM,MILK CHOCOLATE,,275.0,GM,85.0
2023-02-20,202302,1,109994638,21101010250,1676455073355,1676455073355,132,YYY,GG,HHHH,,YU,GJ,,,DELETE THE ITEM,1,1,54981,283.45843505859375,123,P.S.S.I-NEPAL,CHANDANI,CHANDANI,CHANDANI-UNWRP 270 GM,UNWRP,270.000 GM,,,270.0,GM,0.0
2023-02-20,202302,1,109994638,21101010250,1676455073355,1676455073355,132,YYY,GG,HHHH,,YU,GJ,,,DELETE THE ITEM,1,2,50848,284.8428955078125,123,NAMASTE S.I (P)-NEPAL,FRIEND,FRIEND,FRIEND-UNWRP 250 GM,UNWRP,250.000 GM,,,250.0,GM,0.0
2023-02-20,202302,1,109994638,21101010250,1676455073355,1676455073355,132,YYY,GG,HHHH,,YU,GJ,,,DELETE THE ITEM,1,3,53476,286.59197998046875,123,NAMASTE S.I (P)-NEPAL,FRIEND,FRIEND,FRIEND-UNWRP 120 GM,UNWRP,120.000 GM,,,120.0,GM,0.0
2023-02-20,202302,1,121836859,12303010046,1676794783259,99764877,106,SUJAL FOODS PVT LTD-NEPAL,SUJAL CENTER FRESH,SUJAL CENTER FRESH- MINT PCN 640GM,165.0,PCN,640GM,,1676794783259-sujal foods pvt ltd-nepal-sujal center fresh#3.png,RECODING,5,1,99764877,94.50018310546875,106,SUJAL FOODS PVT LTD-NEPAL,SUJAL,SUJAL CENTER FRESH,SUJAL CENTER FRESH- MINT PCN 640 GM,PLJAR,640.000 GM,MINT,,640.0,GM,165.0
2023-02-20,202302,1,121836859,12303010046,1676794783259,99764877,106,SUJAL FOODS PVT LTD-NEPAL,SUJAL CENTER FRESH,SUJAL CENTER FRESH- MINT PCN 640GM,165.0,PCN,640GM,,1676794783259-sujal foods pvt ltd-nepal-sujal center fresh#3.png,RECODING,5,2,99764569,99.48041534423828,106,SUJAL FOODS PVT LTD-NEPAL,SUJAL,SUJAL CENTER FRESH,SUJAL CENTER FRESH- MINT PPH 320 GM,PLPCH,320.000 GM,MINT,,320.0,GM,85.0
2023-02-20,202302,1,121836859,12303010046,1676794783259,99764877,106,SUJAL FOODS PVT LTD-NEPAL,SUJAL CENTER FRESH,SUJAL CENTER FRESH- MINT PCN 640GM,165.0,PCN,640GM,,1676794783259-sujal foods pvt ltd-nepal-sujal center fresh#3.png,RECODING,5,3,99764509,102.78824615478516,106,SUJAL FOODS PVT LTD-NEPAL,SUJAL,SUJAL CENTER FRESH,SUJAL CENTER FRESH- MINT PPH 330 GM,PLPCH,330.000 GM,MINT,,330.0,GM,100.0
2023-02-20,202302,1,130609425,22101010017,1676782389307,99764873,106,MAHALAXMI PRODUCTS-INDIA,A-1 FRESH GUM,A-1 FRESH GUM\425GM\PCN\STRAWBERRY ,240.0,PCN,425GM,,1676782389307-mahalaxmi products-india-a-1 fresh gum#3.png,RECODING,5,1,99764873,81.2022476196289,106,MAHALAXMI PRODUCTS-INDIA,A-1,A-1 FRESH GUM,A-1 FRESH GUM-STRAWBERRY PCN 425 GM,PLJAR,425.000 GM,STRAWBERRY,,425.0,GM,240.0
2023-02-20,202302,1,130609425,22101010017,1676782389307,99764873,106,MAHALAXMI PRODUCTS-INDIA,A-1 FRESH GUM,A-1 FRESH GUM\425GM\PCN\STRAWBERRY ,240.0,PCN,425GM,,1676782389307-mahalaxmi products-india-a-1 fresh gum#3.png,RECODING,5,2,51979,89.76826477050781,106,MAHALAXMI PRODUCTS-INDIA,A-1,A-1 FRESH GUM,A-1 FRESH GUM-STRAWBERRY PPH 3 GM,PLPCH,3.000 GM,STRAWBERRY,,3.0,GM,0.0
2023-02-20,202302,1,130609425,22101010017,1676782389307,99764873,106,MAHALAXMI PRODUCTS-INDIA,A-1 FRESH GUM,A-1 FRESH GUM\425GM\PCN\STRAWBERRY ,240.0,PCN,425GM,,1676782389307-mahalaxmi products-india-a-1 fresh gum#3.png,RECODING,5,3,47301,169.626708984375,106,MAHALAXMI PRODUCTS-INDIA,A-1,A-1 SUPER,A-1 SUPER-MINT PPH 3.3 GM,PLPCH,3.300 GM,MINT,,3.3,GM,0.0
2023-02-20,202302,1,130609425,22101010017,1676784722000,99764895,132,NOBEL HYGIENE PVT LTD-INDIA,SNNUGGY,SNUGGY\10NOS\PPH\2S,140.0,PPH,10NOS,,1676784722000-nobel hygiene pvt ltd-india-snnuggy#3.png,RECODING,5,1,99764895,158.98687744140625,132,NOBEL HYGIENE PVT LTD-INDIA,SNUGGY,SNUGGY DIAPER PANTS,SNUGGY DIAPER PANTS-SMALL(S) PPH 10 NOS,PLPCH,10.000 NO,,,10.0,NO,140.0
2023-02-20,202302,1,130609425,22101010017,1676784722000,99764895,132,NOBEL HYGIENE PVT LTD-INDIA,SNNUGGY,SNUGGY\10NOS\PPH\2S,140.0,PPH,10NOS,,1676784722000-nobel hygiene pvt ltd-india-snnuggy#3.png,RECODING,5,2,53459,178.66342163085938,123,SWADESHI SABUN UDHYOG-NEPAL,AAHA,AAHA,AAHA-SUPER LAUNDRY SOAP PPH 3*200 GM,PLPCH,200.000 GM,,,600.0,GM,0.0
2023-02-20,202302,1,130609425,22101010017,1676784722000,99764895,132,NOBEL HYGIENE PVT LTD-INDIA,SNNUGGY,SNUGGY\10NOS\PPH\2S,140.0,PPH,10NOS,,1676784722000-nobel hygiene pvt ltd-india-snnuggy#3.png,RECODING,5,3,99764020,179.600341796875,123,HIMGIRI HYGIENE PVT LTD-NEPAL,TIKA,TIKA,TIKA-LAUNDRY SOAP PPH 3*167 GM [500 GM],PLPCH,167.000 GM,,,500.0,GM,105.0
2023-02-20,202302,2,112331058,21102020041,1676790864460,99764925,118,VARUN BEVERAGE -NEPAL,MOUNTAIN DEW,MOUNTAIN DEW/FREE STING,260.0,PBT,2250,,1676790864460-varun beverage -nepal-mountain dew#3.png,RECODING,5,1,99764925,110.73954772949219,118,VARUN BEVERAGE -NEPAL,MOUNTAIN DEW,MOUNTAIN DEW,MOUNTAIN DEW PET 2250 ML+250 ML STING FREE,PET,2250.000 ML,LEMON,,2250.0,ML,260.0
2023-02-20,202302,2,112331058,21102020041,1676790864460,99764925,118,VARUN BEVERAGE -NEPAL,MOUNTAIN DEW,MOUNTAIN DEW/FREE STING,260.0,PBT,2250,,1676790864460-varun beverage -nepal-mountain dew#3.png,RECODING,5,2,20110254,130.2023162841797,118,VARUN BEVERAGE -NEPAL,MOUNTAIN DEW,MOUNTAIN DEW,PET 1500 ML,PET,1500.000 ML,LEMON,,1500.0,ML,0.0
2023-02-20,202302,2,112331058,21102020041,1676790864460,99764925,118,VARUN BEVERAGE -NEPAL,MOUNTAIN DEW,MOUNTAIN DEW/FREE STING,260.0,PBT,2250,,1676790864460-varun beverage -nepal-mountain dew#3.png,RECODING,5,3,49149,130.57431030273438,118,VARUN BEVERAGE -NEPAL,MOUNTAIN DEW,MOUNTAIN DEW,PET 300 ML,PET,300.000 ML,LEMON,,300.0,ML,0.0
2023-02-20,202302,1,126240640,21301010051,1676525723604,99764888,121,COLGATE PALMOLIVE- NEPAL,COLGATE MAX FRESH RED GEL,COLGATE MAX FRESH RED GEL \35+7\GM,30.0,TEBE,35+7 GM,New SKU,1676525723604-colgate palmolive- nepal-colgate max fresh red gel#3.png,RECODING,5,1,92725024,90.06907653808594,121,COLGATE PALMOLIVE- NEPAL,COLGATE,COLGATE MAX FRESH GEL,COLGATE MAX FRESH GEL-RED TUB 26 GMS,TUBE,26.000 GM,,,26.0,GM,0.0
2023-02-20,202302,1,126240640,21301010051,1676525723604,99764888,121,COLGATE PALMOLIVE- NEPAL,COLGATE MAX FRESH RED GEL,COLGATE MAX FRESH RED GEL \35+7\GM,30.0,TEBE,35+7 GM,New SKU,1676525723604-colgate palmolive- nepal-colgate max fresh red gel#3.png,RECODING,5,2,92726632,90.46065521240234,121,COLGATE PALMOLIVE- NEPAL,COLGATE,COLGATE MAX FRESH GEL,COLGATE MAX FRESH GEL-RED TUB 24 GMS,TUBE,24.000 GM,,,24.0,GM,0.0
2023-02-20,202302,1,126240640,21301010051,1676525723604,99764888,121,COLGATE PALMOLIVE- NEPAL,COLGATE MAX FRESH RED GEL,COLGATE MAX FRESH RED GEL \35+7\GM,30.0,TEBE,35+7 GM,New SKU,1676525723604-colgate palmolive- nepal-colgate max fresh red gel#3.png,RECODING,5,3,92721067,90.8204345703125,121,COLGATE PALMOLIVE- NEPAL,COLGATE,COLGATE MAX FRESH GEL,COLGATE MAX FRESH GEL-RED TUB 30 GMS,TUBE,30.000 GM,,,30.0,GM,0.0
2023-02-20,202302,1,124769721,52202010018,1676623997907,99764878,106,SUJAL FOODS PVT LTD-NEPAL,CANDY MAN,CANDY MAN/MANGO NECTAR/600GM/PCN,170.0,PCN,600GM ,,1676623997907-sujal foods pvt ltd-nepal-candy man#3.png,RECODING,5,1,99764695,78.314697265625,106,SUJAL FOODS PVT LTD-NEPAL,CANDY MAN,CANDY MAN,CANDY MAN- MANGO NECTAR PCN 1800 GM,PLJAR,1800.000 GM,MANGO,,1800.0,GM,500.0
2023-02-20,202302,1,124769721,52202010018,1676623997907,99764878,106,SUJAL FOODS PVT LTD-NEPAL,CANDY MAN,CANDY MAN/MANGO NECTAR/600GM/PCN,170.0,PCN,600GM ,,1676623997907-sujal foods pvt ltd-nepal-candy man#3.png,RECODING,5,2,99764878,78.90023040771484,106,SUJAL FOODS PVT LTD-NEPAL,CANDY MAN,CANDY MAN,CANDY MAN- MANGO NECTAR PCN 600 GM,PLJAR,600.000 GM,MANGO,,600.0,GM,170.0
2023-02-20,202302,1,124769721,52202010018,1676623997907,99764878,106,SUJAL FOODS PVT LTD-NEPAL,CANDY MAN,CANDY MAN/MANGO NECTAR/600GM/PCN,170.0,PCN,600GM ,,1676623997907-sujal foods pvt ltd-nepal-candy man#3.png,RECODING,5,3,51250,83.81901550292969,106,SUJAL FOODS PVT LTD-NEPAL,CANDY MAN,CANDY MAN,CANDY MAN-MANGO NECTAR PPH 2.5 GM,PLPCH,2.500 GM,MANGO,,2.5,GM,0.0
2023-02-20,202302,1,124769721,52202010018,1676265360780,99764869,106,HIMADRI FOOD-NEPAL,PRAN KOKO,PRAN KOKO/MILK LOLLYPOP/900GM/PCN,430.0,PCN,900GM ,,1676265360780-himadri food-nepal-pran koko#3.png,RECODING,5,1,99764869,87.37525939941406,106,HIMADRI FOOD-NEPAL,PRAN,PRAN KOKO,PRAN KOKO-MILK LOLLIPOP PCN 1000 GM,PLJAR,1000.000 GM,MILK,,1000.0,GM,430.0
2023-02-20,202302,1,124769721,52202010018,1676265360780,99764869,106,HIMADRI FOOD-NEPAL,PRAN KOKO,PRAN KOKO/MILK LOLLYPOP/900GM/PCN,430.0,PCN,900GM ,,1676265360780-himadri food-nepal-pran koko#3.png,RECODING,5,2,99762894,99.88706970214844,106,HIMADRI FOOD-NEPAL,PRAN,PRAN KOKO,PRAN KOKO-MILK LOLLIPOP EWP 10 GM,EWRPK,10.000 GM,MILK,,10.0,GM,5.0
2023-02-20,202302,1,124769721,52202010018,1676265360780,99764869,106,HIMADRI FOOD-NEPAL,PRAN KOKO,PRAN KOKO/MILK LOLLYPOP/900GM/PCN,430.0,PCN,900GM ,,1676265360780-himadri food-nepal-pran koko#3.png,RECODING,5,3,99764582,114.63270568847656,106,HIMADRI FOOD-NEPAL,PRAN,PRAN LOLLIPOP,PRAN LOLLIPOP-ASSORTED PCN 1000 GM,PLJAR,1000.000 GM,ASSORTED,,1000.0,GM,400.0
2023-02-20,202302,1,124866555,52202010020,1676353113319,99764885,120,UNILEVER NEPAL LTD-NEPAL,LIFEBUOY TOTAL PROTECT ,LIFE BUOY TOTAL PROTECT/ACTIV SILVER FORMULA/100GM/EWP,40.0,EWP,100GM ,,1676353113319-unilever nepal ltd-nepal-lifebuoy total protect #3.png,RECODING,5,1,99764401,79.56330871582031,120,UNILEVER NEPAL LTD-NEPAL,LIFE BUOY,LIFE BUOY TOTAL PROTECT,LIFE BUOY TOTAL PROTECT-ACTIV SILVER EWP 43 GM,EWRPK,43.000 GM,,,43.0,GM,18.0
2023-02-20,202302,1,124866555,52202010020,1676353113319,99764885,120,UNILEVER NEPAL LTD-NEPAL,LIFEBUOY TOTAL PROTECT ,LIFE BUOY TOTAL PROTECT/ACTIV SILVER FORMULA/100GM/EWP,40.0,EWP,100GM ,,1676353113319-unilever nepal ltd-nepal-lifebuoy total protect #3.png,RECODING,5,2,99763277,82.37374877929688,120,UNILEVER NEPAL LTD-NEPAL,LIFE BUOY,LIFE BUOY TOTAL PROTECT,LIFE BUOY TOTAL PROTECT-ACTIV SILVER EWP 95 GM,EWRPK,95.000 GM,,,95.0,GM,35.0
2023-02-20,202302,1,124866555,52202010020,1676353113319,99764885,120,UNILEVER NEPAL LTD-NEPAL,LIFEBUOY TOTAL PROTECT ,LIFE BUOY TOTAL PROTECT/ACTIV SILVER FORMULA/100GM/EWP,40.0,EWP,100GM ,,1676353113319-unilever nepal ltd-nepal-lifebuoy total protect #3.png,RECODING,5,3,99764885,83.33454895019531,120,UNILEVER NEPAL LTD-NEPAL,LIFE BUOY,LIFE BUOY TOTAL PROTECT,LIFE BUOY TOTAL PROTECT-ACTIV SILVER EWP 100 GM,EWRPK,100.000 GM,,,100.0,GM,45.0
2023-02-20,202302,1,126253338,52202010025,1676006079544,99764856,120,UNILEVER NEPAL LTD-NEPAL,LIRIL,LIRIL LIME RUSH/4Ã—75GM/EWP/SAVE RS 7,145.0,EWP,4Ã—75GM,,1676006079544-unilever nepal ltd-nepal-liril#3.png,RECODING,5,1,49799,78.09710693359375,120,UNILEVER NEPAL LTD-NEPAL,LIRIL,LIRIL,LIRIL-LIME RUSH EWP 5*75 GM+B4G1,EWRPK,75.000 GM,,,375.0,GM,0.0
2023-02-20,202302,1,126253338,52202010025,1676006079544,99764856,120,UNILEVER NEPAL LTD-NEPAL,LIRIL,LIRIL LIME RUSH/4Ã—75GM/EWP/SAVE RS 7,145.0,EWP,4Ã—75GM,,1676006079544-unilever nepal ltd-nepal-liril#3.png,RECODING,5,2,92562465,79.39898681640625,120,UNILEVER NEPAL LTD-NEPAL,LIRIL,LIRIL,LIRIL-LIME RUSH EWP 75 GM+SAVE RS. 3 ON 3 NOS PACK,EWRPK,75.000 GM,,,225.0,GM,0.0
2023-02-20,202302,1,126253338,52202010025,1676006079544,99764856,120,UNILEVER NEPAL LTD-NEPAL,LIRIL,LIRIL LIME RUSH/4Ã—75GM/EWP/SAVE RS 7,145.0,EWP,4Ã—75GM,,1676006079544-unilever nepal ltd-nepal-liril#3.png,RECODING,5,3,99764856,81.25035858154297,120,UNILEVER NEPAL LTD-NEPAL,LIRIL,LIRIL,LIRIL-LIME RUSH EWP 4*75 GM+SAV RS. 7,EWRPK,75.000 GM,,,300.0,GM,145.0
2023-02-20,202302,1,126253338,52202010025,1676353113319,99764885,120,UNILEVER NEPAL LTD-NEPAL,LIFEBUOY TOTAL PROTECT ,LIFE BUOY TOTAL PROTECT/ACTIV SILVER FORMULA/100GM/EWP,40.0,EWP,100GM ,,1676353113319-unilever nepal ltd-nepal-lifebuoy total protect #3.png,RECODING,5,1,99764401,77.9837646484375,120,UNILEVER NEPAL LTD-NEPAL,LIFE BUOY,LIFE BUOY TOTAL PROTECT,LIFE BUOY TOTAL PROTECT-ACTIV SILVER EWP 43 GM,EWRPK,43.000 GM,,,43.0,GM,18.0
2023-02-20,202302,1,126253338,52202010025,1676353113319,99764885,120,UNILEVER NEPAL LTD-NEPAL,LIFEBUOY TOTAL PROTECT ,LIFE BUOY TOTAL PROTECT/ACTIV SILVER FORMULA/100GM/EWP,40.0,EWP,100GM ,,1676353113319-unilever nepal ltd-nepal-lifebuoy total protect #3.png,RECODING,5,2,99763277,80.61885833740234,120,UNILEVER NEPAL LTD-NEPAL,LIFE BUOY,LIFE BUOY TOTAL PROTECT,LIFE BUOY TOTAL PROTECT-ACTIV SILVER EWP 95 GM,EWRPK,95.000 GM,,,95.0,GM,35.0
2023-02-20,202302,1,126253338,52202010025,1676353113319,99764885,120,UNILEVER NEPAL LTD-NEPAL,LIFEBUOY TOTAL PROTECT ,LIFE BUOY TOTAL PROTECT/ACTIV SILVER FORMULA/100GM/EWP,40.0,EWP,100GM ,,1676353113319-unilever nepal ltd-nepal-lifebuoy total protect #3.png,RECODING,5,3,99764885,81.88949584960938,120,UNILEVER NEPAL LTD-NEPAL,LIFE BUOY,LIFE BUOY TOTAL PROTECT,LIFE BUOY TOTAL PROTECT-ACTIV SILVER EWP 100 GM,EWRPK,100.000 GM,,,100.0,GM,45.0
2023-02-20,202302,1,116869964,11302010010,1676263133670,99764856,120,UNILEVER NEPAL LTD-NEPAL,LIRIL,LIRIL-LIME RUSH EWP 4*75 GM+SAVE RS 7,145.0,EWP,4*75G,,1676263133670-unilever nepal ltd-nepal-liril#3.png,RECODING,5,1,49799,77.08627319335938,120,UNILEVER NEPAL LTD-NEPAL,LIRIL,LIRIL,LIRIL-LIME RUSH EWP 5*75 GM+B4G1,EWRPK,75.000 GM,,,375.0,GM,0.0
2023-02-20,202302,1,116869964,11302010010,1676263133670,99764856,120,UNILEVER NEPAL LTD-NEPAL,LIRIL,LIRIL-LIME RUSH EWP 4*75 GM+SAVE RS 7,145.0,EWP,4*75G,,1676263133670-unilever nepal ltd-nepal-liril#3.png,RECODING,5,2,92562465,78.10466766357422,120,UNILEVER NEPAL LTD-NEPAL,LIRIL,LIRIL,LIRIL-LIME RUSH EWP 75 GM+SAVE RS. 3 ON 3 NOS PACK,EWRPK,75.000 GM,,,225.0,GM,0.0
2023-02-20,202302,1,116869964,11302010010,1676263133670,99764856,120,UNILEVER NEPAL LTD-NEPAL,LIRIL,LIRIL-LIME RUSH EWP 4*75 GM+SAVE RS 7,145.0,EWP,4*75G,,1676263133670-unilever nepal ltd-nepal-liril#3.png,RECODING,5,3,99764856,81.63139343261719,120,UNILEVER NEPAL LTD-NEPAL,LIRIL,LIRIL,LIRIL-LIME RUSH EWP 4*75 GM+SAV RS. 7,EWRPK,75.000 GM,,,300.0,GM,145.0
2023-02-20,202302,1,116869964,11302010010,1676264599723,99764879,106,SUJAL FOODS PVT LTD-NEPAL,SMART LOLLYPOP,SMART LOLLYPOP LITCHI PCN 1000G,420.0,PCN,1000G,,1676264599723-sujal foods pvt ltd-nepal-smart lollypop#3.png,RECODING,5,1,99764537,99.17289733886719,106,SUJAL FOODS PVT LTD-NEPAL,SMART,SMART LOLLYPOP,SMART LOLLYPOP- LITCHI PCN 900 GM,PLJAR,900.000 GM,LYCHEE,,900.0,GM,500.0
2023-02-20,202302,1,116869964,11302010010,1676264599723,99764879,106,SUJAL FOODS PVT LTD-NEPAL,SMART LOLLYPOP,SMART LOLLYPOP LITCHI PCN 1000G,420.0,PCN,1000G,,1676264599723-sujal foods pvt ltd-nepal-smart lollypop#3.png,RECODING,5,2,99764879,99.28924560546875,106,SUJAL FOODS PVT LTD-NEPAL,SMART,SMART LOLLYPOP,SMART LOLLYPOP- LITCHI PCN 1000 GM,PLJAR,1000.000 GM,LYCHEE,,1000.0,GM,420.0
2023-02-20,202302,1,116869964,11302010010,1676264599723,99764879,106,SUJAL FOODS PVT LTD-NEPAL,SMART LOLLYPOP,SMART LOLLYPOP LITCHI PCN 1000G,420.0,PCN,1000G,,1676264599723-sujal foods pvt ltd-nepal-smart lollypop#3.png,RECODING,5,3,99764536,100.2933120727539,106,SUJAL FOODS PVT LTD-NEPAL,SMART,SMART LOLLYPOP,SMART LOLLYPOP- COLA PCN 900 GM,PLJAR,900.000 GM,COLA,,900.0,GM,330.0
2023-02-20,202302,1,116869964,11302010010,1676262638838,99764844,122,UNILEVER NEPAL LTD-NEPAL,WHEEL ACTIVE 2IN 1,WHEEL ACTIVE-2IN1 CLEAN & FRESH PPH 150G,20.0,PPH,150G,,1676262638838-unilever nepal ltd-nepal-wheel active 2in 1#3.png,RECODING,5,1,99764844,76.53958129882812,122,UNILEVER NEPAL LTD-NEPAL,WHEEL,WHEEL ACTIVE,WHEEL ACTIVE-2IN1 CLEAN & FRESH PPH 150 GM,PLPCH,150.000 GM,,,150.0,GM,20.0
2023-02-20,202302,1,116869964,11302010010,1676262638838,99764844,122,UNILEVER NEPAL LTD-NEPAL,WHEEL ACTIVE 2IN 1,WHEEL ACTIVE-2IN1 CLEAN & FRESH PPH 150G,20.0,PPH,150G,,1676262638838-unilever nepal ltd-nepal-wheel active 2in 1#3.png,RECODING,5,2,99763979,77.30732727050781,122,UNILEVER NEPAL LTD-NEPAL,WHEEL,WHEEL ACTIVE,WHEEL ACTIVE-2IN1 CLEAN FRESH PPH 950 GM,PLPCH,950.000 GM,,,950.0,GM,110.0
2023-02-20,202302,1,116869964,11302010010,1676262638838,99764844,122,UNILEVER NEPAL LTD-NEPAL,WHEEL ACTIVE 2IN 1,WHEEL ACTIVE-2IN1 CLEAN & FRESH PPH 150G,20.0,PPH,150G,,1676262638838-unilever nepal ltd-nepal-wheel active 2in 1#3.png,RECODING,5,3,49512,77.58082580566406,122,UNILEVER NEPAL LTD-NEPAL,WHEEL,WHEEL ACTIVE,WHEEL ACTIVE-2IN1 CLEAN FRESH PPH 175 GM,PLPCH,175.000 GM,,,175.0,GM,0.0
2023-02-21,202302,1,111509535,12101010017,1676169409053,99764854,106,PARLE BISCUITS PVT LTD-INDIA,PARLE GRAND LONDONDERRY,PARLE GRAND LONDONDERRY LACTO BONBON PPH-198GM.,125.0,PPH,198GM.,,1676169409053-parle biscuits pvt ltd-india-parle grand londonderry#3.png,RECODING,5,1,99764566,93.176513671875,106,PARLE BISCUITS PVT LTD-INDIA,PARLE,PARLE LONDONDERRY,PARLE LONDONDERRY-LACTO BONBON PPH 277 GM,PLPCH,277.000 GM,MILK,,277.0,GM,98.0
2023-02-21,202302,1,111509535,12101010017,1676169409053,99764854,106,PARLE BISCUITS PVT LTD-INDIA,PARLE GRAND LONDONDERRY,PARLE GRAND LONDONDERRY LACTO BONBON PPH-198GM.,125.0,PPH,198GM.,,1676169409053-parle biscuits pvt ltd-india-parle grand londonderry#3.png,RECODING,5,2,99764579,110.12178039550781,106,PARLE BISCUITS PVT LTD-INDIA,PARLE,PARLE GRAND LONDONDERRY,PARLE GRAND LONDONDERRY-PCN 637.56 GM,PLJAR,637.560 GM,MILK,,637.56,GM,240.0
2023-02-21,202302,1,111509535,12101010017,1676169409053,99764854,106,PARLE BISCUITS PVT LTD-INDIA,PARLE GRAND LONDONDERRY,PARLE GRAND LONDONDERRY LACTO BONBON PPH-198GM.,125.0,PPH,198GM.,,1676169409053-parle biscuits pvt ltd-india-parle grand londonderry#3.png,RECODING,5,3,99764854,121.7739486694336,106,PARLE BISCUITS PVT LTD-INDIA,PARLE,PARLE GRAND LONDONDERRY,PARLE GRAND LONDONDERRY-PPH 198 GM,PLPCH,198.000 GM,MILK,,198.0,GM,125.0
2023-02-21,202302,1,132206225,32202010004,1676797870749,99764896,132,JASMINE HYGIENIC - NEPAL,SOFT & DRY,SOFT & DRY-PREMIUM PANTS (XL) 4 NOS ,100.0,NOS,4 NOS,,1676797870749-jasmine hygienic - nepal-soft - dry#3.png,RECODING,5,1,99763859,87.53573608398438,132,JASMINE HYGIENIC - NEPAL,SOFT & DRY,SOFT & DRY,SOFT & DRY-PREMIUM PANTS SMALL (S) PPH 60 NOS,PLPCH,60.000 NO,,,60.0,NO,999.0
2023-02-21,202302,1,132206225,32202010004,1676797870749,99764896,132,JASMINE HYGIENIC - NEPAL,SOFT & DRY,SOFT & DRY-PREMIUM PANTS (XL) 4 NOS ,100.0,NOS,4 NOS,,1676797870749-jasmine hygienic - nepal-soft - dry#3.png,RECODING,5,2,99762913,91.39781188964844,132,JASMINE HYGIENIC - NEPAL,SOFT & DRY,SOFT & DRY,SOFT & DRY-PREMIUM PANTS SMALL (S) PPH 5 NOS,PLPCH,5.000 NO,,,5.0,NO,80.0
2023-02-21,202302,1,132206225,32202010004,1676797870749,99764896,132,JASMINE HYGIENIC - NEPAL,SOFT & DRY,SOFT & DRY-PREMIUM PANTS (XL) 4 NOS ,100.0,NOS,4 NOS,,1676797870749-jasmine hygienic - nepal-soft - dry#3.png,RECODING,5,3,99763609,92.05717468261719,132,JASMINE HYGIENIC - NEPAL,SOFT & DRY,SOFT & DRY,SOFT & DRY-PREMIUM PANTS LARGE (L) PPH 46 NOS,PLPCH,46.000 NO,,,46.0,NO,999.0
2023-02-21,202302,1,110974232,21102010055,1676875794659,99764875,106,PERFETTI VAN MELLE-INDIA,CENTER FRESH,CENTER FRESH/SPEARMINT,336.0,PCN,630 GM/210Ã—3GM,,1676875794659-perfetti van melle-india-center fresh#3.png,RECODING,5,1,99764573,72.594482421875,106,PERFETTI VAN MELLE-INDIA,CENTER FRESH,CENTER FRESH,CENTER FRESH- SPEARMINT PCN 675 GM,PLJAR,675.000 GM,SPEARMINT,,675.0,GM,360.0
2023-02-21,202302,1,110974232,21102010055,1676875794659,99764875,106,PERFETTI VAN MELLE-INDIA,CENTER FRESH,CENTER FRESH/SPEARMINT,336.0,PCN,630 GM/210Ã—3GM,,1676875794659-perfetti van melle-india-center fresh#3.png,RECODING,5,2,99764875,75.601806640625,106,PERFETTI VAN MELLE-INDIA,CENTER FRESH,CENTER FRESH,CENTER FRESH- SPEARMINT PCN 630 GM,PLJAR,630.000 GM,SPEARMINT,,630.0,GM,336.0
2023-02-21,202302,1,110974232,21102010055,1676875794659,99764875,106,PERFETTI VAN MELLE-INDIA,CENTER FRESH,CENTER FRESH/SPEARMINT,336.0,PCN,630 GM/210Ã—3GM,,1676875794659-perfetti van melle-india-center fresh#3.png,RECODING,5,3,99764636,77.33390808105469,106,PERFETTI VAN MELLE-INDIA,CENTER FRESH,CENTER FRESH,CENTER FRESH- SPEARMINT PCN 450 GM,PLJAR,450.000 GM,SPEARMINT,,450.0,GM,300.0
2023-02-23,202302,1,124618740,31101010058,1677044396905,99764898,106,KWALITY CONFECTIONERY-NPL,KWALITY DOUBLE DUCK,KWALITY DOUBLE DUCK-TOFFEE PCN 1380 GM,600.0,PCN,1380 GM,,1677044396905-kwality confectionery-npl-kwality double duck#3.png,RECODING,5,1,54699,107.3836441040039,106,KWALITY CONFECTIONERY-NPL,KWALITY,KWALITY DOUBLE DUCK,KWALITY DOUBLE DUCK-TOFFEE PPH 2.63 GM,PLPCH,2.630 GM,UNSPECIFIED,,2.63,GM,0.0
2023-02-23,202302,1,124618740,31101010058,1677044396905,99764898,106,KWALITY CONFECTIONERY-NPL,KWALITY DOUBLE DUCK,KWALITY DOUBLE DUCK-TOFFEE PCN 1380 GM,600.0,PCN,1380 GM,,1677044396905-kwality confectionery-npl-kwality double duck#3.png,RECODING,5,2,91826212,109.21996307373047,106,KWALITY CONFECTIONERY-NPL,KWALITY,KWALITY DOUBLE DUCK,KWALITY DOUBLE DUCK- TOFFEE PPH 4 GM,PLPCH,4.000 GM,UNSPECIFIED,,4.0,GM,0.0
2023-02-23,202302,1,124618740,31101010058,1677044396905,99764898,106,KWALITY CONFECTIONERY-NPL,KWALITY DOUBLE DUCK,KWALITY DOUBLE DUCK-TOFFEE PCN 1380 GM,600.0,PCN,1380 GM,,1677044396905-kwality confectionery-npl-kwality double duck#3.png,RECODING,5,3,48631,111.33673095703125,106,KWALITY CONFECTIONERY-NPL,KWALITY,KWALITY DOUBLE DUCK,KWALITY DOUBLE DUCK-TOFFEE PPH 2.95 GM,PLPCH,2.950 GM,UNSPECIFIED,,2.95,GM,0.0
2023-02-23,202302,1,124618740,31101010058,1676794233802,99764876,106,SUJAL FOODS PVT LTD-NEPAL,SUJAL BUBBLY BUBBLE GUM,SUJAL BUBBLY BUBBLE GUM-MINT PCN 480GM ,300.0,PCN,480GM ,,1676794233802-sujal foods pvt ltd-nepal-sujal bubbly bubble gum#3.png,RECODING,5,1,99764876,81.09281921386719,106,SUJAL FOODS PVT LTD-NEPAL,SUJAL,SUJAL BUBBLY BUBBLE GUM,SUJAL BUBBLY BUBBLE GUM-MINT PCN 480 GM,PLJAR,480.000 GM,MINT,,480.0,GM,300.0
2023-02-23,202302,1,124618740,31101010058,1676794233802,99764876,106,SUJAL FOODS PVT LTD-NEPAL,SUJAL BUBBLY BUBBLE GUM,SUJAL BUBBLY BUBBLE GUM-MINT PCN 480GM ,300.0,PCN,480GM ,,1676794233802-sujal foods pvt ltd-nepal-sujal bubbly bubble gum#3.png,RECODING,5,2,99764538,83.51290893554688,106,SUJAL FOODS PVT LTD-NEPAL,SUJAL,SUJAL BUBBLY BUBBLE GUM,SUJAL BUBBLY BUBBLE GUM-MINT PCN 510 GM,PLJAR,510.000 GM,MINT,,510.0,GM,250.0
2023-02-23,202302,1,124618740,31101010058,1676794233802,99764876,106,SUJAL FOODS PVT LTD-NEPAL,SUJAL BUBBLY BUBBLE GUM,SUJAL BUBBLY BUBBLE GUM-MINT PCN 480GM ,300.0,PCN,480GM ,,1676794233802-sujal foods pvt ltd-nepal-sujal bubbly bubble gum#3.png,RECODING,5,3,51707,91.63594055175781,106,SUJAL FOODS PVT LTD-NEPAL,SUJAL,SUJAL BUBBLY BUBBLE GUM,SUJAL BUBBLY BUBBLE GUM-MINT PPH 4 GM,PLPCH,4.000 GM,MINT,,4.0,GM,0.0
2023-02-23,202302,2,122331327,31101020086,1677042929166,99764901,134,THAI VICTOR FOOD CO.LTD THAILAND,JOINER,JOINER MANGO\320ML\PBT\RS:140\THAI VI FOOD CO.LTD THAILANDCTOR,140.0,PBT,320ML,New SKU,1677042929166-thai victor food co-ltd thailand-joiner#3.png,RECODING,5,1,99764901,82.48038482666016,118,THAI VICTOR FOOD CO.LTD-THAILAND,JOINER,JOINER,MANGO PET 320 ML,PET,320.000 ML,MANGO,,320.0,ML,140.0
2023-02-23,202302,2,122331327,31101020086,1677042929166,99764901,134,THAI VICTOR FOOD CO.LTD THAILAND,JOINER,JOINER MANGO\320ML\PBT\RS:140\THAI VI FOOD CO.LTD THAILANDCTOR,140.0,PBT,320ML,New SKU,1677042929166-thai victor food co-ltd thailand-joiner#3.png,RECODING,5,2,99765055,113.28627014160156,118,THAI VICTOR FOOD CO.LTD-THAILAND,JOINER,JOINER,PINEAPPLE PET 320 ML,PET,320.000 ML,PINEAPPLE,,320.0,ML,150.0
2023-02-23,202302,2,122331327,31101020086,1677042929166,99764901,134,THAI VICTOR FOOD CO.LTD THAILAND,JOINER,JOINER MANGO\320ML\PBT\RS:140\THAI VI FOOD CO.LTD THAILANDCTOR,140.0,PBT,320ML,New SKU,1677042929166-thai victor food co-ltd thailand-joiner#3.png,RECODING,5,3,99764902,118.24158477783203,118,THAI VICTOR FOOD CO.LTD-THAILAND,JOINER,JOINER,PEACH PET 320 ML,PET,320.000 ML,PEACH,,320.0,ML,140.0
2023-02-23,202302,2,122331327,31101020086,1677044023369,99764900,134,THAI VICTOR FOOD CO.LTD THAILAND,JOINER,JOINER STRAWBERRY\320ML\PBT\RS:140\THAI VICTOR FOOD CO.LTD THAULAND,140.0,PBT,320ML,New SKU,1677044023369-thai victor food co-ltd thailand-joiner#3.png,RECODING,5,1,99764900,83.26905822753906,118,THAI VICTOR FOOD CO.LTD-THAILAND,JOINER,JOINER,STRAWBERRY PET 320 ML,PET,320.000 ML,STRAWBERRY,,320.0,ML,140.0
2023-02-23,202302,2,122331327,31101020086,1677044023369,99764900,134,THAI VICTOR FOOD CO.LTD THAILAND,JOINER,JOINER STRAWBERRY\320ML\PBT\RS:140\THAI VICTOR FOOD CO.LTD THAULAND,140.0,PBT,320ML,New SKU,1677044023369-thai victor food co-ltd thailand-joiner#3.png,RECODING,5,2,99764902,113.99137878417969,118,THAI VICTOR FOOD CO.LTD-THAILAND,JOINER,JOINER,PEACH PET 320 ML,PET,320.000 ML,PEACH,,320.0,ML,140.0
2023-02-23,202302,2,122331327,31101020086,1677044023369,99764900,134,THAI VICTOR FOOD CO.LTD THAILAND,JOINER,JOINER STRAWBERRY\320ML\PBT\RS:140\THAI VICTOR FOOD CO.LTD THAULAND,140.0,PBT,320ML,New SKU,1677044023369-thai victor food co-ltd thailand-joiner#3.png,RECODING,5,3,99765049,114.10135650634766,118,THAI VICTOR FOOD CO.LTD-THAILAND,JOINER,JOINER,ORANGE PET 320 ML,PET,320.000 ML,ORANGE,,320.0,ML,150.0
2023-02-23,202302,2,122331327,31101020086,1677044307894,99764899,134,THAI VICTOR FOOD CO.LTD THAILAND,JOINER,JOINER BLACKCURRANT\320ML\PBT\RS:140\THAI VICTOR FOOD CO LTD THAILAND,140.0,PBT,320ML,New SKU,1677044307894-thai victor food co-ltd thailand-joiner#3.png,RECODING,5,1,99764899,91.08024597167969,118,THAI VICTOR FOOD CO.LTD-THAILAND,JOINER,JOINER,BLACK CURRANT PET 320 ML,PET,320.000 ML,BLACK CURRANT,,320.0,ML,140.0
2023-02-23,202302,2,122331327,31101020086,1677044307894,99764899,134,THAI VICTOR FOOD CO.LTD THAILAND,JOINER,JOINER BLACKCURRANT\320ML\PBT\RS:140\THAI VICTOR FOOD CO LTD THAILAND,140.0,PBT,320ML,New SKU,1677044307894-thai victor food co-ltd thailand-joiner#3.png,RECODING,5,2,99765052,130.55331420898438,118,THAI VICTOR FOOD CO.LTD-THAILAND,JOINER,JOINER,LYCHEE PET 320 ML,PET,320.000 ML,LYCHEE,,320.0,ML,150.0
2023-02-23,202302,2,122331327,31101020086,1677044307894,99764899,134,THAI VICTOR FOOD CO.LTD THAILAND,JOINER,JOINER BLACKCURRANT\320ML\PBT\RS:140\THAI VICTOR FOOD CO LTD THAILAND,140.0,PBT,320ML,New SKU,1677044307894-thai victor food co-ltd thailand-joiner#3.png,RECODING,5,3,99764904,130.92791748046875,118,THAI VICTOR FOOD CO.LTD-THAILAND,JOINER,JOINER,POMEGRANATE PET 320 ML,PET,320.000 ML,POMEGRANATE,,320.0,ML,140.0
2023-02-23,202302,2,122331327,31101020086,1677043265148,99764902,134,THAI VICTOR FOOD CO.LTD THAILAND,JOINER,JOINER PEACH\320ML\PBT\RS:140\THAI VICTOR FOOD CO.LTD THAILAND,140.0,PBT,320ML,New SKU,1677043265148-thai victor food co-ltd thailand-joiner#3.png,RECODING,5,1,99764902,82.90765380859375,118,THAI VICTOR FOOD CO.LTD-THAILAND,JOINER,JOINER,PEACH PET 320 ML,PET,320.000 ML,PEACH,,320.0,ML,140.0
2023-02-23,202302,2,122331327,31101020086,1677043265148,99764902,134,THAI VICTOR FOOD CO.LTD THAILAND,JOINER,JOINER PEACH\320ML\PBT\RS:140\THAI VICTOR FOOD CO.LTD THAILAND,140.0,PBT,320ML,New SKU,1677043265148-thai victor food co-ltd thailand-joiner#3.png,RECODING,5,2,99765055,124.9573745727539,118,THAI VICTOR FOOD CO.LTD-THAILAND,JOINER,JOINER,PINEAPPLE PET 320 ML,PET,320.000 ML,PINEAPPLE,,320.0,ML,150.0
2023-02-23,202302,2,122331327,31101020086,1677043265148,99764902,134,THAI VICTOR FOOD CO.LTD THAILAND,JOINER,JOINER PEACH\320ML\PBT\RS:140\THAI VICTOR FOOD CO.LTD THAILAND,140.0,PBT,320ML,New SKU,1677043265148-thai victor food co-ltd thailand-joiner#3.png,RECODING,5,3,99765049,125.65081787109375,118,THAI VICTOR FOOD CO.LTD-THAILAND,JOINER,JOINER,ORANGE PET 320 ML,PET,320.000 ML,ORANGE,,320.0,ML,150.0
2023-02-23,202302,2,122331327,31101020086,1677043953554,99764903,134,THAI VICTOR FOOD CO.LTD THAILAND,JOINER,JOINER GRAPE\320ML\PBT\RS:140\THAI VICTOR FOOD CO.LTD THAILAND,140.0,PBT,320ML,New SKU,1677043953554-thai victor food co-ltd thailand-joiner#3.png,RECODING,5,1,99764903,88.25413513183594,118,THAI VICTOR FOOD CO.LTD-THAILAND,JOINER,JOINER,GRAPE PET 320 ML,PET,320.000 ML,GRAPE,,320.0,ML,140.0
2023-02-23,202302,2,122331327,31101020086,1677043953554,99764903,134,THAI VICTOR FOOD CO.LTD THAILAND,JOINER,JOINER GRAPE\320ML\PBT\RS:140\THAI VICTOR FOOD CO.LTD THAILAND,140.0,PBT,320ML,New SKU,1677043953554-thai victor food co-ltd thailand-joiner#3.png,RECODING,5,2,99764899,116.413330078125,118,THAI VICTOR FOOD CO.LTD-THAILAND,JOINER,JOINER,BLACK CURRANT PET 320 ML,PET,320.000 ML,BLACK CURRANT,,320.0,ML,140.0
2023-02-23,202302,2,122331327,31101020086,1677043953554,99764903,134,THAI VICTOR FOOD CO.LTD THAILAND,JOINER,JOINER GRAPE\320ML\PBT\RS:140\THAI VICTOR FOOD CO.LTD THAILAND,140.0,PBT,320ML,New SKU,1677043953554-thai victor food co-ltd thailand-joiner#3.png,RECODING,5,3,99764904,117.15708923339844,118,THAI VICTOR FOOD CO.LTD-THAILAND,JOINER,JOINER,POMEGRANATE PET 320 ML,PET,320.000 ML,POMEGRANATE,,320.0,ML,140.0
2023-02-23,202302,2,122331327,31101020086,1677043185001,99764904,134,THAI VICTOR FOOD CO.LTD THAILAND,JOINER,JOINER POMEGRANATE\320ML\PBT\RS140\THAI VICTOR FOOD CO.LTD THAILAND,140.0,PBT,320ML,New SKU,1677043185001-thai victor food co-ltd thailand-joiner#3.png,RECODING,5,1,99764904,75.32330322265625,118,THAI VICTOR FOOD CO.LTD-THAILAND,JOINER,JOINER,POMEGRANATE PET 320 ML,PET,320.000 ML,POMEGRANATE,,320.0,ML,140.0
2023-02-23,202302,2,122331327,31101020086,1677043185001,99764904,134,THAI VICTOR FOOD CO.LTD THAILAND,JOINER,JOINER POMEGRANATE\320ML\PBT\RS140\THAI VICTOR FOOD CO.LTD THAILAND,140.0,PBT,320ML,New SKU,1677043185001-thai victor food co-ltd thailand-joiner#3.png,RECODING,5,2,99765055,126.86084747314453,118,THAI VICTOR FOOD CO.LTD-THAILAND,JOINER,JOINER,PINEAPPLE PET 320 ML,PET,320.000 ML,PINEAPPLE,,320.0,ML,150.0
2023-02-23,202302,2,122331327,31101020086,1677043185001,99764904,134,THAI VICTOR FOOD CO.LTD THAILAND,JOINER,JOINER POMEGRANATE\320ML\PBT\RS140\THAI VICTOR FOOD CO.LTD THAILAND,140.0,PBT,320ML,New SKU,1677043185001-thai victor food co-ltd thailand-joiner#3.png,RECODING,5,3,99765049,128.25637817382812,118,THAI VICTOR FOOD CO.LTD-THAILAND,JOINER,JOINER,ORANGE PET 320 ML,PET,320.000 ML,ORANGE,,320.0,ML,150.0
2023-02-23,202302,2,122591032,31101020032,1677038988589,99764454,134,CHABAA CO. LTD - THAILAND,CHABAA,CHABAA APPLE&GRAPE WITH ALOEVERA\230ML\CAN\RS:100\CHABAA BANKOK CO.LTD THAILAND,100.0,CAN,230ML,New SKU,1677038988589-chabaa co- ltd - thailand-chabaa#3.png,CROSS CODING,2,1,99764454,87.59983825683594,118,CHABAA CO. LTD - THAILAND,CHABAA,CHABAA,APPLE & GRAPE WITH ALOEVERA CAN 230 ML,CAN,230.000 ML,MIXED FRUIT,,230.0,ML,100.0
2023-02-23,202302,2,122591032,31101020032,1677038988589,99764454,134,CHABAA CO. LTD - THAILAND,CHABAA,CHABAA APPLE&GRAPE WITH ALOEVERA\230ML\CAN\RS:100\CHABAA BANKOK CO.LTD THAILAND,100.0,CAN,230ML,New SKU,1677038988589-chabaa co- ltd - thailand-chabaa#3.png,CROSS CODING,2,2,20110624,97.013427734375,118,CHABAA CO. LTD - THAILAND,CHABAA,CHABAA,RED APPLE & WHITE GRAPE CAN 230 ML,CAN,230.000 ML,MIXED FRUIT,,230.0,ML,0.0
2023-02-23,202302,2,122591032,31101020032,1677038988589,99764454,134,CHABAA CO. LTD - THAILAND,CHABAA,CHABAA APPLE&GRAPE WITH ALOEVERA\230ML\CAN\RS:100\CHABAA BANKOK CO.LTD THAILAND,100.0,CAN,230ML,New SKU,1677038988589-chabaa co- ltd - thailand-chabaa#3.png,CROSS CODING,2,3,20110597,108.27059173583984,118,CHABAA CO. LTD - THAILAND,CHABAA,CHABAA,APPLE & GRAPE TPK 1000 ML,TPK,1000.000 ML,MIXED FRUIT,,1000.0,ML,0.0
2023-02-23,202302,2,122591032,31101020032,1677038775638,99764905,134,CHABAA CO. LTD - THAILAND,CHABAA,CHABAA MANGO&PEACH WITH PEACH FLESH\230ML\CAN\RS:100\CHABAA BANKOK CO.LTD THAILAND,100.0,CAN,230ML,New SKU,1677038775638-chabaa co- ltd - thailand-chabaa#3.png,RECODING,5,1,99764905,74.33656311035156,118,CHABAA CO. LTD - THAILAND,CHABAA,CHABAA,MANGO & PEACH WITH PEACH FLESH CAN 230 ML,CAN,230.000 ML,MIXED FRUIT,,230.0,ML,100.0
2023-02-23,202302,2,122591032,31101020032,1677038775638,99764905,134,CHABAA CO. LTD - THAILAND,CHABAA,CHABAA MANGO&PEACH WITH PEACH FLESH\230ML\CAN\RS:100\CHABAA BANKOK CO.LTD THAILAND,100.0,CAN,230ML,New SKU,1677038775638-chabaa co- ltd - thailand-chabaa#3.png,RECODING,5,2,20120972,83.24186706542969,118,CHABAA CO. LTD - THAILAND,CHABAA,CHABAA,PEACH CAN 230 ML,CAN,230.000 ML,PEACH,,230.0,ML,0.0
2023-02-23,202302,2,122591032,31101020032,1677038775638,99764905,134,CHABAA CO. LTD - THAILAND,CHABAA,CHABAA MANGO&PEACH WITH PEACH FLESH\230ML\CAN\RS:100\CHABAA BANKOK CO.LTD THAILAND,100.0,CAN,230ML,New SKU,1677038775638-chabaa co- ltd - thailand-chabaa#3.png,RECODING,5,3,20110425,97.8995361328125,118,CHABAA CO. LTD - THAILAND,CHABAA,CHABAA,PEACH&MANGO JUICE CAN 240 ML,CAN,240.000 ML,MIXED FRUIT,,240.0,ML,0.0
2023-02-23,202302,2,122591032,31101020032,1677039192882,99764906,134,CHABAA CO. LTD - THAILAND,CHABAA,CHABAA COCONUT\230ML\CAN\RS:100\CHABAA BANKOK CO.LTD THAILAND,100.0,CAN,230ML,New SKU,1677039192882-chabaa co- ltd - thailand-chabaa#3.png,RECODING,5,1,99764906,80.04365539550781,118,CHABAA CO. LTD - THAILAND,CHABAA,CHABAA,COCONUT CAN 230 ML,CAN,230.000 ML,COCONUT,,230.0,ML,100.0
2023-02-23,202302,2,122591032,31101020032,1677039192882,99764906,134,CHABAA CO. LTD - THAILAND,CHABAA,CHABAA COCONUT\230ML\CAN\RS:100\CHABAA BANKOK CO.LTD THAILAND,100.0,CAN,230ML,New SKU,1677039192882-chabaa co- ltd - thailand-chabaa#3.png,RECODING,5,2,20110287,82.29297637939453,118,CHABAA CO. LTD - THAILAND,CHABAA,CHABAA,COCONUT CAN 240 ML,CAN,240.000 ML,COCONUT,,240.0,ML,0.0
2023-02-23,202302,2,122591032,31101020032,1677039192882,99764906,134,CHABAA CO. LTD - THAILAND,CHABAA,CHABAA COCONUT\230ML\CAN\RS:100\CHABAA BANKOK CO.LTD THAILAND,100.0,CAN,230ML,New SKU,1677039192882-chabaa co- ltd - thailand-chabaa#3.png,RECODING,5,3,48329,84.70489501953125,118,CHABAA CO. LTD - THAILAND,CHABAA,CHABAA YOUNG,COCONUT CAN 230 ML,CAN,230.000 ML,COCONUT,,230.0,ML,0.0
2023-02-23,202302,1,130216961,52303010013,1677041841852,99764911,123,SHIVANI DETERGENTS-INDIA,SARGAM PLUS,SARGAM PLUS/300GM/PPH/30GM FREE,27.0,PPH,300GM ,,1677041841852-shivani detergents-india-sargam plus#3.png,RECODING,5,1,47739,80.63394927978516,123,SHIVANI DETERGENTS-INDIA,SARGAM,SARGAM PLUS,SARGAM PLUS-PPH 120 GM+30 GM FREE,PLPCH,120.000 GM,,,150.0,GM,0.0
2023-02-23,202302,1,130216961,52303010013,1677041841852,99764911,123,SHIVANI DETERGENTS-INDIA,SARGAM PLUS,SARGAM PLUS/300GM/PPH/30GM FREE,27.0,PPH,300GM ,,1677041841852-shivani detergents-india-sargam plus#3.png,RECODING,5,2,99764410,81.11772918701172,123,SHIVANI DETERGENTS-INDIA,SARGAM,SARGAM PLUS,SARGAM PLUS-PPH 75 GM+25 GM FREE,PLPCH,75.000 GM,,,100.0,GM,8.0
2023-02-23,202302,1,130216961,52303010013,1677041841852,99764911,123,SHIVANI DETERGENTS-INDIA,SARGAM PLUS,SARGAM PLUS/300GM/PPH/30GM FREE,27.0,PPH,300GM ,,1677041841852-shivani detergents-india-sargam plus#3.png,RECODING,5,3,99763978,82.4608154296875,123,SHIVANI DETERGENTS-INDIA,SARGAM,SARGAM PLUS,SARGAM PLUS-PPH 150 GM+50 GM FREE,PLPCH,150.000 GM,,,200.0,GM,20.0
2023-02-23,202302,2,116338322,32302020001,1676973983718,99764907,118,VARUN BEVERAGE -NEPAL,EVERVESS CLUB,EVERVESS CLUB-SODA PET 500 ML,70.0,PET,500 ML,,1676973983718-varun beverage -nepal-evervess club#3.png,RECODING,5,1,99764907,94.52572631835938,118,VARUN BEVERAGE -NEPAL,EVERVESS,EVERVESS CLUB,SODA PET 500 ML,PET,500.000 ML,SODA,,500.0,ML,70.0
2023-02-23,202302,2,116338322,32302020001,1676973983718,99764907,118,VARUN BEVERAGE -NEPAL,EVERVESS CLUB,EVERVESS CLUB-SODA PET 500 ML,70.0,PET,500 ML,,1676973983718-varun beverage -nepal-evervess club#3.png,RECODING,5,2,20125599,100.41696166992188,118,VARUN BEVERAGE -NEPAL,EVERVESS,EVERVESS CLUB,SODA PET 600 ML,PET,600.000 ML,SODA,,600.0,ML,0.0
2023-02-23,202302,2,116338322,32302020001,1676973983718,99764907,118,VARUN BEVERAGE -NEPAL,EVERVESS CLUB,EVERVESS CLUB-SODA PET 500 ML,70.0,PET,500 ML,,1676973983718-varun beverage -nepal-evervess club#3.png,RECODING,5,3,20110043,133.26077270507812,118,VARUN BEVERAGE -NEPAL,7 UP,7 UP,PET 1500 ML,PET,1500.000 ML,LEMON,,1500.0,ML,0.0
2023-02-23,202302,1,128688558,21401010033,1677041151173,99762554,123,PUJA SOAP & HOUSEHOLD PROD-NPL,PUJA,PUJA/PPH 200GM,45.0,PPH,200 GM,,1677041151173-puja soap - household prod-npl-puja#3.png,CROSS CODING,2,1,99763048,107.94247436523438,123,PUJA SOAP & HOUSEHOLD PROD-NPL,PUJA,PUJA,PUJA-PPH 3*167 GM [500GM] 3 PCS PACK,PLPCH,167.000 GM,,,500.0,GM,100.0
2023-02-23,202302,1,128688558,21401010033,1677041151173,99762554,123,PUJA SOAP & HOUSEHOLD PROD-NPL,PUJA,PUJA/PPH 200GM,45.0,PPH,200 GM,,1677041151173-puja soap - household prod-npl-puja#3.png,CROSS CODING,2,2,48713,110.20941162109375,123,PUJA SOAP & HOUSEHOLD PROD-NPL,PUJA,PUJA,PUJA-PPH 210 GM,PLPCH,210.000 GM,,,210.0,GM,0.0
2023-02-23,202302,1,128688558,21401010033,1677041151173,99762554,123,PUJA SOAP & HOUSEHOLD PROD-NPL,PUJA,PUJA/PPH 200GM,45.0,PPH,200 GM,,1677041151173-puja soap - household prod-npl-puja#3.png,CROSS CODING,2,3,50546,110.85712432861328,123,PUJA SOAP & HOUSEHOLD PROD-NPL,PUJA,PUJA,PUJA-PPH 220 GM,PLPCH,220.000 GM,,,220.0,GM,0.0
2023-02-23,202302,1,116441817,32302010005,1676970329158,99764913,132,HARCHAND RAY & SONS-NEPAL,HI-Q,HI-Q-PULL-UPS LARGE (L) 5 NOS,100.0,PPH,LARGE,,1676970329158-harchand ray - sons-nepal-hi-q#3.png,RECODING,5,1,99764913,76.05947875976562,132,HARCHAND RAY & SONS-NEPAL,HI-Q,HI-Q,HI-Q-PULL-UPS LARGE(L)PPH 5 NOS,PLPCH,5.000 NO,,,5.0,NO,100.0
2023-02-23,202302,1,116441817,32302010005,1676970329158,99764913,132,HARCHAND RAY & SONS-NEPAL,HI-Q,HI-Q-PULL-UPS LARGE (L) 5 NOS,100.0,PPH,LARGE,,1676970329158-harchand ray - sons-nepal-hi-q#3.png,RECODING,5,2,99762934,86.17007446289062,132,HARCHAND RAY & SONS-NEPAL,HI-Q,HI-Q,HI-Q-PULL-UPS SMALL(S)PPH 5 NOS,PLPCH,5.000 NO,,,5.0,NO,100.0
2023-02-23,202302,1,116441817,32302010005,1676970329158,99764913,132,HARCHAND RAY & SONS-NEPAL,HI-Q,HI-Q-PULL-UPS LARGE (L) 5 NOS,100.0,PPH,LARGE,,1676970329158-harchand ray - sons-nepal-hi-q#3.png,RECODING,5,3,54899,178.1544189453125,122,UNILEVER NEPAL LTD-NEPAL,RAY,RAY WHITE & BRIGHT,RAY WHITE & BRIGHT-3IN1 PPH 1000 GM,PLPCH,1000.000 GM,,,1000.0,GM,0.0
2023-02-23,202302,1,116441817,32302010005,1676969304177,99764908,120,PREMIUM SOAP FACTORY-INDIA,CLASSIC BATH,CLASSIC BATH-RED 70 GM,20.0,EPH,70 GM,,1676969304177-premium soap factory-india-classic bath#3.png,RECODING,5,1,47186,117.31014251708984,120,PREMIUM SOAP FACTORY-INDIA,CLASSIC BATH,CLASSIC BATH,CLASSIC BATH-RED EWP 50 GMS,EWRPK,50.000 GM,,,50.0,GM,0.0
2023-02-23,202302,1,116441817,32302010005,1676969304177,99764908,120,PREMIUM SOAP FACTORY-INDIA,CLASSIC BATH,CLASSIC BATH-RED 70 GM,20.0,EPH,70 GM,,1676969304177-premium soap factory-india-classic bath#3.png,RECODING,5,2,92525497,120.24839782714844,120,PREMIUM SOAP FACTORY-INDIA,CLASSIC BATH,CLASSIC BATH,CLASSIC BATH-RED EWP 90 GMS,EWRPK,90.000 GM,,,90.0,GM,0.0
2023-02-23,202302,1,116441817,32302010005,1676969304177,99764908,120,PREMIUM SOAP FACTORY-INDIA,CLASSIC BATH,CLASSIC BATH-RED 70 GM,20.0,EPH,70 GM,,1676969304177-premium soap factory-india-classic bath#3.png,RECODING,5,3,53256,120.63784790039062,120,PREMIUM SOAP FACTORY-INDIA,CLASSIC BATH,CLASSIC BATH,CLASSIC BATH-RED EWP 80 GMS,EWRPK,80.000 GM,,,80.0,GM,0.0
2023-02-23,202302,1,116441817,32302010005,1676968832023,99764909,122,NEW GHADI SARAF UDHYOG-NEPAL,HARAPATTA,HARAPATTA-GREENLEAF PPH 500 GM ,60.0,PPH,500 GM,,1676968832023-new ghadi saraf udhyog-nepal-harapatta#3.png,RECODING,5,1,99764909,85.57177734375,122,NEW GHADI SARAF UDHYOG-NEPAL,HARAPATTA,HARAPATTA,HARAPATTA-GREENLEAF PPH 500 GM,PLPCH,500.000 GM,,,500.0,GM,60.0
2023-02-23,202302,1,116441817,32302010005,1676968832023,99764909,122,NEW GHADI SARAF UDHYOG-NEPAL,HARAPATTA,HARAPATTA-GREENLEAF PPH 500 GM ,60.0,PPH,500 GM,,1676968832023-new ghadi saraf udhyog-nepal-harapatta#3.png,RECODING,5,2,99764342,89.28256225585938,122,NEW GHADI SARAF UDHYOG-NEPAL,HARAPATTA,HARAPATTA,HARAPATTA-GREENLEAF PPH 1000 GM,PLPCH,1000.000 GM,,,1000.0,GM,100.0
2023-02-23,202302,1,116441817,32302010005,1676968832023,99764909,122,NEW GHADI SARAF UDHYOG-NEPAL,HARAPATTA,HARAPATTA-GREENLEAF PPH 500 GM ,60.0,PPH,500 GM,,1676968832023-new ghadi saraf udhyog-nepal-harapatta#3.png,RECODING,5,3,93012237,152.97230529785156,122,NEOPOTHENE IND.- NEPAL,THANK YOU,THANK YOU,THANK YOU-PPH 1000 GMS,PLPCH,1000.000 GM,,,1000.0,GM,0.0
2023-02-23,202302,1,116346840,21201010033,1676967637806,99764910,122,SAHARA SOAP & CHEM. - NEPAL,SEWA ,SEWA LEMON & JASMINE-PPH-225GM,20.0,PPH,225GM,,1676967637806-sahara soap - chem- - nepal-sewa #3.png,RECODING,5,1,93024532,64.74896240234375,122,SAHARA SOAP & CHEM. - NEPAL,SEWA,SEWA LEMON & JASMINE,SEWA LEMON & JASMINE-PPH 300 GMS,PLPCH,300.000 GM,,,300.0,GM,0.0
2023-02-23,202302,1,116346840,21201010033,1676967637806,99764910,122,SAHARA SOAP & CHEM. - NEPAL,SEWA ,SEWA LEMON & JASMINE-PPH-225GM,20.0,PPH,225GM,,1676967637806-sahara soap - chem- - nepal-sewa #3.png,RECODING,5,2,99764910,64.8322525024414,122,SAHARA SOAP & CHEM. - NEPAL,SEWA,SEWA LEMON & JASMINE,SEWA LEMON & JASMINE-PPH 225 GM,PLPCH,225.000 GM,,,225.0,GM,20.0
2023-02-23,202302,1,116346840,21201010033,1676967637806,99764910,122,SAHARA SOAP & CHEM. - NEPAL,SEWA ,SEWA LEMON & JASMINE-PPH-225GM,20.0,PPH,225GM,,1676967637806-sahara soap - chem- - nepal-sewa #3.png,RECODING,5,3,50941,65.45084381103516,122,SAHARA SOAP & CHEM. - NEPAL,SEWA,SEWA LEMON & JASMINE,SEWA LEMON & JASMINE-PPH 5000 GMS,PLPCH,5000.000 GM,,,5000.0,GM,0.0
2023-02-23,202302,1,125082844,21301010061,1676869800322,99764689,106,D-SWAG INDUSTRIES LTD-INDIA,BAKE MATE CAFE TOWN,BAKE MATE CAFE TOWN \700\GM,400.0,PCN,700 GM,New SKU,1676869800322-d-swag industries ltd-india-bake mate cafe town#3.png,CROSS CODING,2,1,99764868,127.45439910888672,106,D-SWAG INDUSTRIES LTD-INDIA,BAKEMATE,BAKEMATE CAFÉ TOWN,BAKEMATE CAFÉ TOWN-COFFEE PCN 704 GM,PLJAR,704.000 GM,COFFEE,,704.0,GM,450.0
2023-02-23,202302,1,125082844,21301010061,1676869800322,99764689,106,D-SWAG INDUSTRIES LTD-INDIA,BAKE MATE CAFE TOWN,BAKE MATE CAFE TOWN \700\GM,400.0,PCN,700 GM,New SKU,1676869800322-d-swag industries ltd-india-bake mate cafe town#3.png,CROSS CODING,2,2,99764689,131.8302764892578,106,D-SWAG INDUSTRIES LTD-INDIA,BAKEMATE,BAKEMATE CAFÉ TOWN,BAKEMATE CAFÉ TOWN-COFFEE PCN 700 GM,PLJAR,700.000 GM,COFFEE,,700.0,GM,450.0
2023-02-23,202302,1,125082844,21301010061,1676869800322,99764689,106,D-SWAG INDUSTRIES LTD-INDIA,BAKE MATE CAFE TOWN,BAKE MATE CAFE TOWN \700\GM,400.0,PCN,700 GM,New SKU,1676869800322-d-swag industries ltd-india-bake mate cafe town#3.png,CROSS CODING,2,3,99764598,171.46292114257812,106,D-SWAG INDUSTRIES LTD-INDIA,BAKEMATE,BAKEMATE ECLAIRS,BAKEMATE ECLAIRS-CENTER FILLED PCN 665 GM,PLJAR,665.000 GM,CHOCOLATE,,665.0,GM,280.0
2023-02-23,202302,3,2220103707,22201030316,1676962152430,99764912,125,ABHINAVS SURTI UDHYOG PVT.LTD,CHAKKA SUPER POWER,CHAKKA/SUPER POWER/ ABHINAV SURTI UDHAYOG PVT.LTD/8GM,25.0,PPH,8GM,,1676962152430-abhinavs surti udhyog pvt-ltd-chakka super power#2.png,RECODING,5,1,99764912,142.6262969970703,125,ABINAV SURTI UDHYOG NEPAL,CHAKKA SUPER POWER,CHAKKA SUPER POWER,8G KHAINI,PLAST,8G,REGULAR,,8.0,GM,25.0
2023-02-23,202302,3,2220103707,22201030316,1676962152430,99764912,125,ABHINAVS SURTI UDHYOG PVT.LTD,CHAKKA SUPER POWER,CHAKKA/SUPER POWER/ ABHINAV SURTI UDHAYOG PVT.LTD/8GM,25.0,PPH,8GM,,1676962152430-abhinavs surti udhyog pvt-ltd-chakka super power#2.png,RECODING,5,2,99762265,143.8100128173828,125,ABINAV SURTI UDHYOG NEPAL,CHAKKA SUPER POWER,CHAKKA SUPER POWER,9G KHAINI,PLAST,9G,REGULAR,,9.0,,0.0
2023-02-23,202302,3,2220103707,22201030316,1676962152430,99764912,125,ABHINAVS SURTI UDHYOG PVT.LTD,CHAKKA SUPER POWER,CHAKKA/SUPER POWER/ ABHINAV SURTI UDHAYOG PVT.LTD/8GM,25.0,PPH,8GM,,1676962152430-abhinavs surti udhyog pvt-ltd-chakka super power#2.png,RECODING,5,3,99762234,147.08746337890625,125,ABINAV SURTI UDHYOG NEPAL,CHAKKA SUPER POWER,CHAKKA SUPER POWER,10G KHAINI,PLAST,10G,REGULAR,,10.0,,0.0
2023-02-24,202302,1,130252345,21401010037,1677041151173,99762554,123,PUJA SOAP & HOUSEHOLD PROD-NPL,PUJA,PUJA/PPH 200GM,45.0,PPH,200 GM,,1677041151173-puja soap - household prod-npl-puja#3.png,CROSS CODING,2,1,99763048,102.68663024902344,123,PUJA SOAP & HOUSEHOLD PROD-NPL,PUJA,PUJA,PUJA-PPH 3*167 GM [500GM] 3 PCS PACK,PLPCH,167.000 GM,,,500.0,GM,100.0
2023-02-24,202302,1,130252345,21401010037,1677041151173,99762554,123,PUJA SOAP & HOUSEHOLD PROD-NPL,PUJA,PUJA/PPH 200GM,45.0,PPH,200 GM,,1677041151173-puja soap - household prod-npl-puja#3.png,CROSS CODING,2,2,48713,104.62458038330078,123,PUJA SOAP & HOUSEHOLD PROD-NPL,PUJA,PUJA,PUJA-PPH 210 GM,PLPCH,210.000 GM,,,210.0,GM,0.0
2023-02-24,202302,1,130252345,21401010037,1677041151173,99762554,123,PUJA SOAP & HOUSEHOLD PROD-NPL,PUJA,PUJA/PPH 200GM,45.0,PPH,200 GM,,1677041151173-puja soap - household prod-npl-puja#3.png,CROSS CODING,2,3,50546,105.24815368652344,123,PUJA SOAP & HOUSEHOLD PROD-NPL,PUJA,PUJA,PUJA-PPH 220 GM,PLPCH,220.000 GM,,,220.0,GM,0.0
2023-02-24,202302,1,122344338,12303010047,1676886956148,99764914,106,PERFETTI VAN MELLE-INDIA,CHUPA CHUPS SOUR BITES,CHUPA CHUPS SOUR BITES- SOFT CANDY MIXED FRUIT PPH 22GM,16.0,PPH,22GM,,1676886956148-perfetti van melle-india-chupa chups sour bites#3.png,RECODING,5,1,99764914,75.91358184814453,106,PERFETTI VAN MELLE-INDIA,CHUPA CHUPS,CHUPA CHUPS SOUR BITES,CHUPA CHUPS SOUR BITES- SOFT CANDY MIXED FRUIT PPH 22 GM,PLPCH,22.000 GM,MIXED FRUIT,,22.0,GM,16.0
2023-02-24,202302,1,122344338,12303010047,1676886956148,99764914,106,PERFETTI VAN MELLE-INDIA,CHUPA CHUPS SOUR BITES,CHUPA CHUPS SOUR BITES- SOFT CANDY MIXED FRUIT PPH 22GM,16.0,PPH,22GM,,1676886956148-perfetti van melle-india-chupa chups sour bites#3.png,RECODING,5,2,91827676,83.24149322509766,106,PERFETTI VAN MELLE-INDIA,CHUPA CHUPS,CHUPA CHUPS SOUR BITES,CHUPA CHUPS SOUR BITES- SOFT & CHEWY MIX FRUIT PPH 24.2 GM,PLPCH,24.200 GM,MIXED FRUIT,,24.2,GM,0.0
2023-02-24,202302,1,122344338,12303010047,1676886956148,99764914,106,PERFETTI VAN MELLE-INDIA,CHUPA CHUPS SOUR BITES,CHUPA CHUPS SOUR BITES- SOFT CANDY MIXED FRUIT PPH 22GM,16.0,PPH,22GM,,1676886956148-perfetti van melle-india-chupa chups sour bites#3.png,RECODING,5,3,91827303,83.72734069824219,106,PERFETTI VAN MELLE-INDIA,CHUPA CHUPS,CHUPA CHUPS SOUR BITES,CHUPA CHUPS SOUR BITES- SOFT & CHEWY MIX FRUIT PPH 26.40 GM,PLPCH,26.400 GM,MIXED FRUIT,,26.4,GM,0.0
2023-02-24,202302,1,122344338,12303010047,1676886689428,99764915,106,PERFETTI VAN MELLE-INDIA,CHUPA CHUPS LOLLIPOP,CHUPA CHUPS LOLLIPOP-BUBBLE GUM STRAWBERRY PPH 12GM,8.0,PPH,12GM,,1676886689428-perfetti van melle-india-chupa chups lollipop#3.png,RECODING,5,1,99764915,81.37982177734375,106,PERFETTI VAN MELLE-INDIA,CHUPA CHUPS,CHUPA CHUPS LOLLIPOP,CHUPA CHUPS LOLLIPOP-BUBBLE GUM STRAWBERRY PPH 12 GM,PLPCH,12.000 GM,STRAWBERRY,,12.0,GM,8.0
2023-02-24,202302,1,122344338,12303010047,1676886689428,99764915,106,PERFETTI VAN MELLE-INDIA,CHUPA CHUPS LOLLIPOP,CHUPA CHUPS LOLLIPOP-BUBBLE GUM STRAWBERRY PPH 12GM,8.0,PPH,12GM,,1676886689428-perfetti van melle-india-chupa chups lollipop#3.png,RECODING,5,2,51935,83.43302917480469,106,PERFETTI VAN MELLE-INDIA,CHUPA CHUPS,CHUPA CHUPS LOLLIPOP,CHUPA CHUPS LOLLIPOP-BUBBLE GUM CHERRY PPH 12 GM,PLPCH,12.000 GM,CHERRY,,12.0,GM,0.0
2023-02-24,202302,1,122344338,12303010047,1676886689428,99764915,106,PERFETTI VAN MELLE-INDIA,CHUPA CHUPS LOLLIPOP,CHUPA CHUPS LOLLIPOP-BUBBLE GUM STRAWBERRY PPH 12GM,8.0,PPH,12GM,,1676886689428-perfetti van melle-india-chupa chups lollipop#3.png,RECODING,5,3,48936,87.57223510742188,106,PERFETTI VAN MELLE-INDIA,CHUPA CHUPS,CHUPA CHUPS LOLLIPOP,CHUPA CHUPS LOLLIPOP-BUBBLE GUM COLA PPH 12 GM,PLPCH,12.000 GM,COLA,,12.0,GM,0.0
2023-02-25,202302,1,232113810217,23211010002,1676782389307,99764873,106,MAHALAXMI PRODUCTS-INDIA,A-1 FRESH GUM,A-1 FRESH GUM\425GM\PCN\STRAWBERRY ,0.0,PCN,425GM,,1676782389307-mahalaxmi products-india-a-1 fresh gum#3.png,RECODING,5,1,99764873,80.49578857421875,106,MAHALAXMI PRODUCTS-INDIA,A-1,A-1 FRESH GUM,A-1 FRESH GUM-STRAWBERRY PCN 425 GM,PLJAR,425.000 GM,STRAWBERRY,,425.0,GM,240.0
2023-02-25,202302,1,232113810217,23211010002,1676782389307,99764873,106,MAHALAXMI PRODUCTS-INDIA,A-1 FRESH GUM,A-1 FRESH GUM\425GM\PCN\STRAWBERRY ,0.0,PCN,425GM,,1676782389307-mahalaxmi products-india-a-1 fresh gum#3.png,RECODING,5,2,51979,88.7013168334961,106,MAHALAXMI PRODUCTS-INDIA,A-1,A-1 FRESH GUM,A-1 FRESH GUM-STRAWBERRY PPH 3 GM,PLPCH,3.000 GM,STRAWBERRY,,3.0,GM,0.0
2023-02-25,202302,1,232113810217,23211010002,1676782389307,99764873,106,MAHALAXMI PRODUCTS-INDIA,A-1 FRESH GUM,A-1 FRESH GUM\425GM\PCN\STRAWBERRY ,0.0,PCN,425GM,,1676782389307-mahalaxmi products-india-a-1 fresh gum#3.png,RECODING,5,3,47301,172.232421875,106,MAHALAXMI PRODUCTS-INDIA,A-1,A-1 SUPER,A-1 SUPER-MINT PPH 3.3 GM,PLPCH,3.300 GM,MINT,,3.3,GM,0.0
2023-02-25,202302,1,122559184,12303010036,1676969391412,99764917,106,SUJAL FOODS PVT LTD-NEPAL,RASILO CANDY,RASILO CANDY- CHATPATA MAZZA PPH 360GM,105.0,PPH,360GM,,1676969391412-sujal foods pvt ltd-nepal-rasilo candy#3.png,RECODING,5,1,99764584,86.31106567382812,106,SUJAL FOODS PVT LTD-NEPAL,RASILO CANDY,RASILO CANDY,RASILO CANDY- CHATPATA MAZZA PPH 335 GM,PLPCH,335.000 GM,UNSPECIFIED,,335.0,GM,100.0
2023-02-25,202302,1,122559184,12303010036,1676969391412,99764917,106,SUJAL FOODS PVT LTD-NEPAL,RASILO CANDY,RASILO CANDY- CHATPATA MAZZA PPH 360GM,105.0,PPH,360GM,,1676969391412-sujal foods pvt ltd-nepal-rasilo candy#3.png,RECODING,5,2,99764700,88.52241516113281,106,SUJAL FOODS PVT LTD-NEPAL,RASILO CANDY,RASILO CANDY,RASILO CANDY- CHATPATA MAZZA PPH 336 GM,PLPCH,336.000 GM,UNSPECIFIED,,336.0,GM,80.0
2023-02-25,202302,1,122559184,12303010036,1676969391412,99764917,106,SUJAL FOODS PVT LTD-NEPAL,RASILO CANDY,RASILO CANDY- CHATPATA MAZZA PPH 360GM,105.0,PPH,360GM,,1676969391412-sujal foods pvt ltd-nepal-rasilo candy#3.png,RECODING,5,3,99764917,89.85009765625,106,SUJAL FOODS PVT LTD-NEPAL,RASILO CANDY,RASILO CANDY,RASILO CANDY- CHATPATA MAZZA PPH 360 GM,PLPCH,360.000 GM,UNSPECIFIED,,360.0,GM,105.0
2023-02-25,202302,1,122216788,31101010004,1677226288125,99764920,110,PREM HENNA PVT LTD-INDIA,NISHA,NISHA-CREAM BURGUNDY 3.16 CBP 60G+60ML+18ML,250.0,CBP,60G+60ML+18ML,,1677226288125-prem henna pvt ltd-india-nisha#3.png,RECODING,5,1,46040,89.77531433105469,110,PREM HENNA PVT LTD-INDIA,NISHA,NISHA,NISHA-CREAM BURGUNDY 3.16-COLORENT 20G,PLPCH,40.000 GM,,BURGUNDY,40.0,GM,0.0
2023-02-25,202302,1,122216788,31101010004,1677226288125,99764920,110,PREM HENNA PVT LTD-INDIA,NISHA,NISHA-CREAM BURGUNDY 3.16 CBP 60G+60ML+18ML,250.0,CBP,60G+60ML+18ML,,1677226288125-prem henna pvt ltd-india-nisha#3.png,RECODING,5,2,52922,97.08358764648438,110,PREM HENNA PVT LTD-INDIA,NISHA,NISHA,NISHA-CRM 3.16 BURGUNDY CLRN 60G CBP 138 GM,CDBOX,138.000 GM,,BURGUNDY,138.0,GM,0.0
2023-02-25,202302,1,122216788,31101010004,1677226288125,99764920,110,PREM HENNA PVT LTD-INDIA,NISHA,NISHA-CREAM BURGUNDY 3.16 CBP 60G+60ML+18ML,250.0,CBP,60G+60ML+18ML,,1677226288125-prem henna pvt ltd-india-nisha#3.png,RECODING,5,3,99763862,103.95193481445312,110,PREM HENNA PVT LTD-INDIA,NISHA,NISHA,NISHA-CRM WINE BURGUNDY CLRNT 20G PPH 40 GM,PLPCH,40.000 GM,,BURGUNDY,40.0,GM,55.0
2023-02-25,202302,1,122531509,31101010085,1677218755186,99764922,123,KARUNA SOAP & CHEMICALS-NEPAL,PALUWA,PALUWA-LAUNDRY SOAP PPH 400GM,100.0,PPH,400GM,,1677218755186-karuna soap - chemicals-nepal-paluwa#3.png,RECODING,5,1,99764922,76.26237487792969,123,KARUNA SOAP & CHEMICALS-NEPAL,PALUWA,PALUWA,PALUWA-EXTRA CLEAN LAUNDRY SOAP PPH 3*133 GM,PLPCH,133.000 GM,,,400.0,GM,100.0
2023-02-25,202302,1,122531509,31101010085,1677218755186,99764922,123,KARUNA SOAP & CHEMICALS-NEPAL,PALUWA,PALUWA-LAUNDRY SOAP PPH 400GM,100.0,PPH,400GM,,1677218755186-karuna soap - chemicals-nepal-paluwa#3.png,RECODING,5,2,99762905,79.576416015625,123,KARUNA SOAP & CHEMICALS-NEPAL,PALUWA,PALUWA,PALUWA-LAUNDRY SOAP PPH 150 GM,PLPCH,150.000 GM,,,150.0,GM,30.0
2023-02-25,202302,1,122531509,31101010085,1677218755186,99764922,123,KARUNA SOAP & CHEMICALS-NEPAL,PALUWA,PALUWA-LAUNDRY SOAP PPH 400GM,100.0,PPH,400GM,,1677218755186-karuna soap - chemicals-nepal-paluwa#3.png,RECODING,5,3,99764472,101.86412048339844,123,KARUNA SOAP & CHEMICALS-NEPAL,KARUNA,KARUNA GOLD,KARUNA GOLD-EXTRA CLEAN LAUNDRY SOAP PPH 3*134 GM [400 GM],PLPCH,134.000 GM,,,400.0,GM,100.0
2023-02-25,202302,1,117672282,51302010003,1677227986750,99764859,122,GOPAL SOAP INDUSTRIES - NEPAL,RIT,RIT DETERGENT POWDER/200GM/PPH,20.0,PPH,200GM ,,1677227986750-gopal soap industries - nepal-rit#3.png,RECODING,5,1,99764859,76.98705291748047,122,GOPAL SOAP INDUSTRIES - NEPAL,RIT,RIT,RIT- DETERGENT POWDER PPH 200 GM,PLPCH,200.000 GM,,,200.0,GM,20.0
2023-02-25,202302,1,117672282,51302010003,1677227986750,99764859,122,GOPAL SOAP INDUSTRIES - NEPAL,RIT,RIT DETERGENT POWDER/200GM/PPH,20.0,PPH,200GM ,,1677227986750-gopal soap industries - nepal-rit#3.png,RECODING,5,2,99764927,78.52674865722656,122,GOPAL SOAP INDUSTRIES - NEPAL,RIT,RIT,RIT- DETERGENT POWDER PPH 900 GM,PLPCH,900.000 GM,,,900.0,GM,90.0
2023-02-25,202302,1,117672282,51302010003,1677227986750,99764859,122,GOPAL SOAP INDUSTRIES - NEPAL,RIT,RIT DETERGENT POWDER/200GM/PPH,20.0,PPH,200GM ,,1677227986750-gopal soap industries - nepal-rit#3.png,RECODING,5,3,99762546,95.69664764404297,122,GOPAL SOAP INDUSTRIES - NEPAL,RASNA,RASNA,RASNA- DETERGENT POWDER PPH 200 GM,PLPCH,200.000 GM,,,200.0,GM,20.0
2023-02-25,202302,2,130143407,21401020029,1676790864460,99764925,118,VARUN BEVERAGE -NEPAL,MOUNTAIN DEW,MOUNTAIN DEW/FREE STING,260.0,PBT,2250,,1676790864460-varun beverage -nepal-mountain dew#3.png,RECODING,5,1,99764925,113.37553405761719,118,VARUN BEVERAGE -NEPAL,MOUNTAIN DEW,MOUNTAIN DEW,MOUNTAIN DEW PET 2250 ML+250 ML STING FREE,PET,2250.000 ML,LEMON,,2250.0,ML,260.0
2023-02-25,202302,2,130143407,21401020029,1676790864460,99764925,118,VARUN BEVERAGE -NEPAL,MOUNTAIN DEW,MOUNTAIN DEW/FREE STING,260.0,PBT,2250,,1676790864460-varun beverage -nepal-mountain dew#3.png,RECODING,5,2,20110254,132.45223999023438,118,VARUN BEVERAGE -NEPAL,MOUNTAIN DEW,MOUNTAIN DEW,PET 1500 ML,PET,1500.000 ML,LEMON,,1500.0,ML,0.0
2023-02-25,202302,2,130143407,21401020029,1676790864460,99764925,118,VARUN BEVERAGE -NEPAL,MOUNTAIN DEW,MOUNTAIN DEW/FREE STING,260.0,PBT,2250,,1676790864460-varun beverage -nepal-mountain dew#3.png,RECODING,5,3,99765341,132.81016540527344,118,VARUN BEVERAGE -NEPAL,7 UP,7 UP,PET 2250 ML+250 ML MOUNTAIN DEW FREE,PET,2250.000 ML,LEMON,,2250.0,ML,270.0
2023-02-25,202302,1,129374066,21401010032,1677217923936,99764851,106,PERFETTI VAN MELLE-INDIA,MENTOS,MENTOS-ASSORTED/PCN/499.5GM+40.5GM FREE(185Ã—2.7GM+15UNITS OF 2.7 GM)/PERFETTI VAN MELLE,462.5,PCN,499.5+40.4GM FREE,,1677217923936-perfetti van melle-india-mentos#3.png,RECODING,5,1,99764851,79.78570556640625,106,PERFETTI VAN MELLE-INDIA,MENTOS,MENTOS,MENTOS-ASSORTED PCN 499.5 GM+40.5 GM FREE,PLJAR,499.500 GM,ASSORTED,,540.0,GM,462.5
2023-02-25,202302,1,129374066,21401010032,1677217923936,99764851,106,PERFETTI VAN MELLE-INDIA,MENTOS,MENTOS-ASSORTED/PCN/499.5GM+40.5GM FREE(185Ã—2.7GM+15UNITS OF 2.7 GM)/PERFETTI VAN MELLE,462.5,PCN,499.5+40.4GM FREE,,1677217923936-perfetti van melle-india-mentos#3.png,RECODING,5,2,99764530,98.61337280273438,106,PERFETTI VAN MELLE-INDIA,MENTOS,MENTOS,MENTOS-ASSORTED PCN 520 GM,PLJAR,520.000 GM,ASSORTED,,520.0,GM,200.0
2023-02-25,202302,1,129374066,21401010032,1677217923936,99764851,106,PERFETTI VAN MELLE-INDIA,MENTOS,MENTOS-ASSORTED/PCN/499.5GM+40.5GM FREE(185Ã—2.7GM+15UNITS OF 2.7 GM)/PERFETTI VAN MELLE,462.5,PCN,499.5+40.4GM FREE,,1677217923936-perfetti van melle-india-mentos#3.png,RECODING,5,3,47256,109.62971496582031,106,PERFETTI VAN MELLE-INDIA,MENTOS,MENTOS,MENTOS-ASSORTED PPH 2.6 GM,PLPCH,2.600 GM,ASSORTED,,2.6,GM,0.0
2023-02-25,202302,1,129175846,21401010030,1677217923936,99764851,106,PERFETTI VAN MELLE-INDIA,MENTOS,MENTOS-ASSORTED/PCN/499.5GM+40.5GM FREE(185Ã—2.7GM+15UNITS OF 2.7 GM)/PERFETTI VAN MELLE,462.5,PCN,499.5+40.4GM FREE,,1677217923936-perfetti van melle-india-mentos#3.png,RECODING,5,1,99764851,83.28076934814453,106,PERFETTI VAN MELLE-INDIA,MENTOS,MENTOS,MENTOS-ASSORTED PCN 499.5 GM+40.5 GM FREE,PLJAR,499.500 GM,ASSORTED,,540.0,GM,462.5
2023-02-25,202302,1,129175846,21401010030,1677217923936,99764851,106,PERFETTI VAN MELLE-INDIA,MENTOS,MENTOS-ASSORTED/PCN/499.5GM+40.5GM FREE(185Ã—2.7GM+15UNITS OF 2.7 GM)/PERFETTI VAN MELLE,462.5,PCN,499.5+40.4GM FREE,,1677217923936-perfetti van melle-india-mentos#3.png,RECODING,5,2,99764530,102.19784545898438,106,PERFETTI VAN MELLE-INDIA,MENTOS,MENTOS,MENTOS-ASSORTED PCN 520 GM,PLJAR,520.000 GM,ASSORTED,,520.0,GM,200.0
2023-02-25,202302,1,129175846,21401010030,1677217923936,99764851,106,PERFETTI VAN MELLE-INDIA,MENTOS,MENTOS-ASSORTED/PCN/499.5GM+40.5GM FREE(185Ã—2.7GM+15UNITS OF 2.7 GM)/PERFETTI VAN MELLE,462.5,PCN,499.5+40.4GM FREE,,1677217923936-perfetti van melle-india-mentos#3.png,RECODING,5,3,47256,113.98072052001953,106,PERFETTI VAN MELLE-INDIA,MENTOS,MENTOS,MENTOS-ASSORTED PPH 2.6 GM,PLPCH,2.600 GM,ASSORTED,,2.6,GM,0.0
2023-02-25,202302,1,121892265,12303010029,1676974601468,99764919,106,SUJAL FOODS PVT LTD-NEPAL,PINEAPPLE TART,SUJAL PINEAPPLE TART PCN 660GM,165.0,PCN,660GM,,1676974601468-sujal foods pvt ltd-nepal-pineapple tart#3.png,RECODING,5,1,99764919,111.77295684814453,106,SUJAL FOODS PVT LTD-NEPAL,SUJAL,SUJAL PINEAPPLE TART,SUJAL PINEAPPLE TART-CENTER FILLLED CANDY PCN 660 GM,PLJAR,660.000 GM,PINEAPPLE,,660.0,GM,165.0
2023-02-25,202302,1,121892265,12303010029,1676974601468,99764919,106,SUJAL FOODS PVT LTD-NEPAL,PINEAPPLE TART,SUJAL PINEAPPLE TART PCN 660GM,165.0,PCN,660GM,,1676974601468-sujal foods pvt ltd-nepal-pineapple tart#3.png,RECODING,5,2,99762973,150.27755737304688,106,SURYA NEPAL PVT LTD - NEPAL,TOFFICHO TADKA,TOFFICHO TADKA,TOFFICHO TADKA-CHAT PINEAPPLE PPH 3.8 GM,PLPCH,3.800 GM,PINEAPPLE,,3.8,GM,2.5
2023-02-25,202302,1,121892265,12303010029,1676974601468,99764919,106,SUJAL FOODS PVT LTD-NEPAL,PINEAPPLE TART,SUJAL PINEAPPLE TART PCN 660GM,165.0,PCN,660GM,,1676974601468-sujal foods pvt ltd-nepal-pineapple tart#3.png,RECODING,5,3,99764585,150.51101684570312,106,SURYA NEPAL PVT LTD - NEPAL,TOFFICHOO TADKA,TOFFICHOO TADKA,TOFFICHOO TADKA-CHAT MASALA PINEAPPLE PCN 760GM,PLJAR,760.000 GM,PINEAPPLE,,760.0,GM,500.0
2023-02-26,202302,2,127522802,31101020106,1677305362371,99764921,134,SOUTH ASIAN BEVERAGES P. LTD-NEPAL,APPY,APPY FIZZ\160ML\PBT\RS:30\SOUTH ASIAN BEVRAGES PVT.LTD NEPAL,30.0,PBT,160ML,New SKU,1677305362371-south asian beverages p- ltd-nepal-appy#3.png,RECODING,5,1,99765076,114.29905700683594,118,SOUTH ASIAN BEVERAGES P. LTD-NEPAL,FIZZ,FIZZ,MALT PET 160 ML,PET,160.000 ML,MALT,,160.0,ML,30.0
2023-02-26,202302,2,127522802,31101020106,1677305362371,99764921,134,SOUTH ASIAN BEVERAGES P. LTD-NEPAL,APPY,APPY FIZZ\160ML\PBT\RS:30\SOUTH ASIAN BEVRAGES PVT.LTD NEPAL,30.0,PBT,160ML,New SKU,1677305362371-south asian beverages p- ltd-nepal-appy#3.png,RECODING,5,2,99764921,116.28608703613281,118,SOUTH ASIAN BEVERAGES P. LTD-NEPAL,APPY,APPY FIZZ APPLE,APPLE PET 160 ML,PET,160.000 ML,APPLE,,160.0,ML,30.0
2023-02-26,202302,2,127522802,31101020106,1677305362371,99764921,134,SOUTH ASIAN BEVERAGES P. LTD-NEPAL,APPY,APPY FIZZ\160ML\PBT\RS:30\SOUTH ASIAN BEVRAGES PVT.LTD NEPAL,30.0,PBT,160ML,New SKU,1677305362371-south asian beverages p- ltd-nepal-appy#3.png,RECODING,5,3,99765000,120.84383392333984,118,SOUTH ASIAN BEVERAGES P. LTD-NEPAL,APPY,APPY FIZZ APPLE,APPLE PET 250 ML,PET,250.000 ML,APPLE,,250.0,ML,50.0
2023-02-27,202302,1,116904874,11301010001,1676263133670,99764856,120,UNILEVER NEPAL LTD-NEPAL,LIRIL,LIRIL-LIME RUSH EWP 4*75 GM+SAVE RS 7,145.0,EWP,4*75G,,1676263133670-unilever nepal ltd-nepal-liril#3.png,RECODING,5,1,49799,78.00553131103516,120,UNILEVER NEPAL LTD-NEPAL,LIRIL,LIRIL,LIRIL-LIME RUSH EWP 5*75 GM+B4G1,EWRPK,75.000 GM,,,375.0,GM,0.0
2023-02-27,202302,1,116904874,11301010001,1676263133670,99764856,120,UNILEVER NEPAL LTD-NEPAL,LIRIL,LIRIL-LIME RUSH EWP 4*75 GM+SAVE RS 7,145.0,EWP,4*75G,,1676263133670-unilever nepal ltd-nepal-liril#3.png,RECODING,5,2,92562465,78.51803588867188,120,UNILEVER NEPAL LTD-NEPAL,LIRIL,LIRIL,LIRIL-LIME RUSH EWP 75 GM+SAVE RS. 3 ON 3 NOS PACK,EWRPK,75.000 GM,,,225.0,GM,0.0
2023-02-27,202302,1,116904874,11301010001,1676263133670,99764856,120,UNILEVER NEPAL LTD-NEPAL,LIRIL,LIRIL-LIME RUSH EWP 4*75 GM+SAVE RS 7,145.0,EWP,4*75G,,1676263133670-unilever nepal ltd-nepal-liril#3.png,RECODING,5,3,99764856,81.99781036376953,120,UNILEVER NEPAL LTD-NEPAL,LIRIL,LIRIL,LIRIL-LIME RUSH EWP 4*75 GM+SAV RS. 7,EWRPK,75.000 GM,,,300.0,GM,145.0
2023-02-27,202302,1,116904874,11301010001,1676262638838,99764844,122,UNILEVER NEPAL LTD-NEPAL,WHEEL ACTIVE 2IN 1,WHEEL ACTIVE-2IN1 CLEAN & FRESH PPH 150G,20.0,PPH,150G,,1676262638838-unilever nepal ltd-nepal-wheel active 2in 1#3.png,RECODING,5,1,99764844,77.08682250976562,122,UNILEVER NEPAL LTD-NEPAL,WHEEL,WHEEL ACTIVE,WHEEL ACTIVE-2IN1 CLEAN & FRESH PPH 150 GM,PLPCH,150.000 GM,,,150.0,GM,20.0
2023-02-27,202302,1,116904874,11301010001,1676262638838,99764844,122,UNILEVER NEPAL LTD-NEPAL,WHEEL ACTIVE 2IN 1,WHEEL ACTIVE-2IN1 CLEAN & FRESH PPH 150G,20.0,PPH,150G,,1676262638838-unilever nepal ltd-nepal-wheel active 2in 1#3.png,RECODING,5,2,99763979,77.27424621582031,122,UNILEVER NEPAL LTD-NEPAL,WHEEL,WHEEL ACTIVE,WHEEL ACTIVE-2IN1 CLEAN FRESH PPH 950 GM,PLPCH,950.000 GM,,,950.0,GM,110.0
2023-02-27,202302,1,116904874,11301010001,1676262638838,99764844,122,UNILEVER NEPAL LTD-NEPAL,WHEEL ACTIVE 2IN 1,WHEEL ACTIVE-2IN1 CLEAN & FRESH PPH 150G,20.0,PPH,150G,,1676262638838-unilever nepal ltd-nepal-wheel active 2in 1#3.png,RECODING,5,3,49512,77.66105651855469,122,UNILEVER NEPAL LTD-NEPAL,WHEEL,WHEEL ACTIVE,WHEEL ACTIVE-2IN1 CLEAN FRESH PPH 175 GM,PLPCH,175.000 GM,,,175.0,GM,0.0
2023-02-27,202302,1,129176485,21401010052,1677217923936,99764851,106,PERFETTI VAN MELLE-INDIA,MENTOS,MENTOS-ASSORTED/PCN/499.5GM+40.5GM FREE(185Ã—2.7GM+15UNITS OF 2.7 GM)/PERFETTI VAN MELLE,462.5,PCN,499.5+40.4GM FREE,,1677217923936-perfetti van melle-india-mentos#3.png,RECODING,5,1,99764851,84.58810424804688,106,PERFETTI VAN MELLE-INDIA,MENTOS,MENTOS,MENTOS-ASSORTED PCN 499.5 GM+40.5 GM FREE,PLJAR,499.500 GM,ASSORTED,,540.0,GM,462.5
2023-02-27,202302,1,129176485,21401010052,1677217923936,99764851,106,PERFETTI VAN MELLE-INDIA,MENTOS,MENTOS-ASSORTED/PCN/499.5GM+40.5GM FREE(185Ã—2.7GM+15UNITS OF 2.7 GM)/PERFETTI VAN MELLE,462.5,PCN,499.5+40.4GM FREE,,1677217923936-perfetti van melle-india-mentos#3.png,RECODING,5,2,99764530,101.66012573242188,106,PERFETTI VAN MELLE-INDIA,MENTOS,MENTOS,MENTOS-ASSORTED PCN 520 GM,PLJAR,520.000 GM,ASSORTED,,520.0,GM,200.0
2023-02-27,202302,1,129176485,21401010052,1677217923936,99764851,106,PERFETTI VAN MELLE-INDIA,MENTOS,MENTOS-ASSORTED/PCN/499.5GM+40.5GM FREE(185Ã—2.7GM+15UNITS OF 2.7 GM)/PERFETTI VAN MELLE,462.5,PCN,499.5+40.4GM FREE,,1677217923936-perfetti van melle-india-mentos#3.png,RECODING,5,3,47256,113.16785430908203,106,PERFETTI VAN MELLE-INDIA,MENTOS,MENTOS,MENTOS-ASSORTED PPH 2.6 GM,PLPCH,2.600 GM,ASSORTED,,2.6,GM,0.0
2023-02-27,202302,1,122214754,31101010071,1677392245240,99764885,120,UNILEVER NEPAL LTD-NEPAL,LIFE BUOY,LIFE BUOY TOTAL PROTECT ACTIVE SILVER\100GM\EWP\RS:45\UNILIVER NEPAL,45.0,EWP,100GM,New SKU,1677392245240-unilever nepal ltd-nepal-life buoy#3.png,RECODING,5,1,99764401,66.37618255615234,120,UNILEVER NEPAL LTD-NEPAL,LIFE BUOY,LIFE BUOY TOTAL PROTECT,LIFE BUOY TOTAL PROTECT-ACTIV SILVER EWP 43 GM,EWRPK,43.000 GM,,,43.0,GM,18.0
2023-02-27,202302,1,122214754,31101010071,1677392245240,99764885,120,UNILEVER NEPAL LTD-NEPAL,LIFE BUOY,LIFE BUOY TOTAL PROTECT ACTIVE SILVER\100GM\EWP\RS:45\UNILIVER NEPAL,45.0,EWP,100GM,New SKU,1677392245240-unilever nepal ltd-nepal-life buoy#3.png,RECODING,5,2,99764885,67.38076782226562,120,UNILEVER NEPAL LTD-NEPAL,LIFE BUOY,LIFE BUOY TOTAL PROTECT,LIFE BUOY TOTAL PROTECT-ACTIV SILVER EWP 100 GM,EWRPK,100.000 GM,,,100.0,GM,45.0
2023-02-27,202302,1,122214754,31101010071,1677392245240,99764885,120,UNILEVER NEPAL LTD-NEPAL,LIFE BUOY,LIFE BUOY TOTAL PROTECT ACTIVE SILVER\100GM\EWP\RS:45\UNILIVER NEPAL,45.0,EWP,100GM,New SKU,1677392245240-unilever nepal ltd-nepal-life buoy#3.png,RECODING,5,3,99763277,68.25736999511719,120,UNILEVER NEPAL LTD-NEPAL,LIFE BUOY,LIFE BUOY TOTAL PROTECT,LIFE BUOY TOTAL PROTECT-ACTIV SILVER EWP 95 GM,EWRPK,95.000 GM,,,95.0,GM,35.0
2023-02-28,202302,1,116478003,31310010010,1677467398739,1677467398739,123,LAXMI NARAYAN SABUN UDYOG KUSMA,LAUNDRY SOAP,LAXMI NARAYAN SABUN ,50.0,PPC,258,,1677467398739-laxmi narayan sabun udyog kusma-laundry soap#3.png,DELETE THE ITEM,1,1,99763460,148.1473846435547,123,SAGARMATHA SABUN UDHYOG-NP,OHO,OHO,OHO-A ONE LAUNDRY SOAP PPH 300 GM,PLPCH,300.000 GM,,,300.0,GM,55.0
2023-02-28,202302,1,116478003,31310010010,1677467398739,1677467398739,123,LAXMI NARAYAN SABUN UDYOG KUSMA,LAUNDRY SOAP,LAXMI NARAYAN SABUN ,50.0,PPC,258,,1677467398739-laxmi narayan sabun udyog kusma-laundry soap#3.png,DELETE THE ITEM,1,2,99763830,153.93104553222656,123,LAXMI SABUN UDHYOG-NEPAL,LAXMI,LAXMI,LAXMI-LAUNDRY SOAP PPH 125 GM,PLPCH,125.000 GM,,,125.0,GM,20.0
2023-02-28,202302,1,116478003,31310010010,1677467398739,1677467398739,123,LAXMI NARAYAN SABUN UDYOG KUSMA,LAUNDRY SOAP,LAXMI NARAYAN SABUN ,50.0,PPC,258,,1677467398739-laxmi narayan sabun udyog kusma-laundry soap#3.png,DELETE THE ITEM,1,3,99764618,170.68826293945312,123,GAURISHANKAR SABUN UDHYOG-NEPAL,PANASH,PANASH,PANASH-LAUNDRY SOAP PPH 200 GM,PLPCH,200.000 GM,,,200.0,GM,40.0
2023-03-01,202302,1,516753710246,51675010007,1677321395529,99764916,106,SUJAL FOODS PVT LTD-NEPAL,SUJAL WHITE BIRDS,SUJAL WHITE BIRDS/SOFT MILKY CANDY/1680GM/PCN,530.0,PCN,1680GM,,1677321395529-sujal foods pvt ltd-nepal-sujal white birds#3.png,RECODING,5,1,99764916,89.65154266357422,106,SUJAL FOODS PVT LTD-NEPAL,SUJAL,SUJAL WHITE BIRDS,SUJAL WHITE BIRDS- SOFT MILKY CANDY PCN 1680 GM,PLJAR,1680.000 GM,MILK,,1680.0,GM,530.0
2023-03-01,202302,1,516753710246,51675010007,1677321395529,99764916,106,SUJAL FOODS PVT LTD-NEPAL,SUJAL WHITE BIRDS,SUJAL WHITE BIRDS/SOFT MILKY CANDY/1680GM/PCN,530.0,PCN,1680GM,,1677321395529-sujal foods pvt ltd-nepal-sujal white birds#3.png,RECODING,5,2,99764652,90.38804626464844,106,SUJAL FOODS PVT LTD-NEPAL,SUJAL,SUJAL WHITE BIRDS,SUJAL WHITE BIRDS- SOFT MILKY CANDY PCN 560 GM,PLJAR,560.000 GM,MILK,,560.0,GM,165.0
2023-03-01,202302,1,516753710246,51675010007,1677321395529,99764916,106,SUJAL FOODS PVT LTD-NEPAL,SUJAL WHITE BIRDS,SUJAL WHITE BIRDS/SOFT MILKY CANDY/1680GM/PCN,530.0,PCN,1680GM,,1677321395529-sujal foods pvt ltd-nepal-sujal white birds#3.png,RECODING,5,3,99764752,98.72464752197266,106,SUJAL FOODS PVT LTD-NEPAL,SUJAL,SUJAL WHITE BIRDS,SUJAL WHITE BIRDS- SOFT MILKY CANDY PPH 280 GM,PLPCH,280.000 GM,MILK,,280.0,GM,165.0
2023-03-01,202302,1,516813610205,51681010008,1677385348345,99764918,106,SUJAL FOODS PVT LTD-NEPAL,SUJAL LACTO FUN,SUJAL LACTO FUN/CLASSIC CARAMEL CANDY/2100GM/PCN,530.0,PCN,2100GM,,1677385348345-sujal foods pvt ltd-nepal-sujal lacto fun#3.png,RECODING,5,1,99764699,87.10746765136719,106,SUJAL FOODS PVT LTD-NEPAL,LACTO FUN,LACTO FUN,LACTO FUN- CLASSIC CARAMEL PCN 2250 GM,PLJAR,2250.000 GM,CARAMEL,,2250.0,GM,500.0
2023-03-01,202302,1,516813610205,51681010008,1677385348345,99764918,106,SUJAL FOODS PVT LTD-NEPAL,SUJAL LACTO FUN,SUJAL LACTO FUN/CLASSIC CARAMEL CANDY/2100GM/PCN,530.0,PCN,2100GM,,1677385348345-sujal foods pvt ltd-nepal-sujal lacto fun#3.png,RECODING,5,2,99764918,87.83018493652344,106,SUJAL FOODS PVT LTD-NEPAL,LACTO FUN,LACTO FUN,LACTO FUN- CLASSIC CARAMEL PCN 2100 GM,PLJAR,2100.000 GM,CARAMEL,,2100.0,GM,530.0
2023-03-01,202302,1,516813610205,51681010008,1677385348345,99764918,106,SUJAL FOODS PVT LTD-NEPAL,SUJAL LACTO FUN,SUJAL LACTO FUN/CLASSIC CARAMEL CANDY/2100GM/PCN,530.0,PCN,2100GM,,1677385348345-sujal foods pvt ltd-nepal-sujal lacto fun#3.png,RECODING,5,3,99764697,95.84251403808594,106,SUJAL FOODS PVT LTD-NEPAL,LACTO FUN,LACTO FUN,LACTO FUN- CLASSIC CARAMEL PPH 375 GM,PLPCH,375.000 GM,CARAMEL,,375.0,GM,100.0
2023-03-01,202302,1,516865410047,51686010006,1677398230795,99764926,122,HIMGIRI HYGIENE PVT LTD-NEPAL,SHAKTI DETERGENT POWDER ,SHAKTI DETERGENT POWDER/LEMON/1000GM/PPH,100.0,PPH,1000GM ,,1677398230795-himgiri hygiene pvt ltd-nepal-shakti detergent powder #3.png,RECODING,5,1,99764926,91.31108093261719,122,HIMGIRI HYGIENE PVT LTD-NEPAL,SHAKTI,SHAKTI,SHAKTI-DETERGENT POWDER LEMON PPH 1000 GM,PLPCH,1000.000 GM,,,1000.0,GM,100.0
2023-03-01,202302,1,516865410047,51686010006,1677398230795,99764926,122,HIMGIRI HYGIENE PVT LTD-NEPAL,SHAKTI DETERGENT POWDER ,SHAKTI DETERGENT POWDER/LEMON/1000GM/PPH,100.0,PPH,1000GM ,,1677398230795-himgiri hygiene pvt ltd-nepal-shakti detergent powder #3.png,RECODING,5,2,99764402,99.51907348632812,122,HIMGIRI HYGIENE PVT LTD-NEPAL,SHAKTI,SHAKTI,SHAKTI-DETERGENT POWDER PPH 350 GM,PLPCH,350.000 GM,,,350.0,GM,20.0
2023-03-01,202302,1,516865410047,51686010006,1677398230795,99764926,122,HIMGIRI HYGIENE PVT LTD-NEPAL,SHAKTI DETERGENT POWDER ,SHAKTI DETERGENT POWDER/LEMON/1000GM/PPH,100.0,PPH,1000GM ,,1677398230795-himgiri hygiene pvt ltd-nepal-shakti detergent powder #3.png,RECODING,5,3,99764172,102.40477752685547,122,HIMGIRI HYGIENE PVT LTD-NEPAL,SHAKTI,SHAKTI,SHAKTI-DETERGENT POWDER PPH 250 GM,PLPCH,250.000 GM,,,250.0,GM,20.0
2023-03-01,202302,1,126932690,31101010075,1677572237318,99764927,122,GODAWARI SOAP INDUS-NEPAL,WASHING POWER,RIT 1KG,90.0,PPH,1000 GM,,1677572237318-godawari soap indus-nepal-washing power#3.png,RECODING,5,1,99762767,124.96391296386719,123,NAMASTE S.I (P)-NEPAL,JUN,JUN,JUN-LAUNDRY SOAP PPH 500 GM,PLPCH,500.000 GM,,,500.0,GM,100.0
2023-03-01,202302,1,126932690,31101010075,1677572237318,99764927,122,GODAWARI SOAP INDUS-NEPAL,WASHING POWER,RIT 1KG,90.0,PPH,1000 GM,,1677572237318-godawari soap indus-nepal-washing power#3.png,RECODING,5,2,99764179,125.95531463623047,123,NAMASTE S.I (P)-NEPAL,JUN,JUN,JUN-LAUNDRY SOAP PPH 200 GM,PLPCH,200.000 GM,,,200.0,GM,40.0
2023-03-01,202302,1,126932690,31101010075,1677572237318,99764927,122,GODAWARI SOAP INDUS-NEPAL,WASHING POWER,RIT 1KG,90.0,PPH,1000 GM,,1677572237318-godawari soap indus-nepal-washing power#3.png,RECODING,5,3,99762647,128.986328125,122,GOPAL SOAP INDUSTRIES - NEPAL,V SERIES,V SERIES GOLD,V SERIES GOLD-MACHINE WASH PPH 1000 GMS,PLPCH,1000.000 GM,,,1000.0,GM,100.0
2023-03-01,202302,2,116336450,11301020015,1677130828131,99764928,134,TRIVENI FOOD & BEVERAGE-NP,POWER PUNCH,POWER PUNCH,100.0,CAN,250ML,,1677130828131-triveni food - beverage-np-power punch#3.png,RECODING,5,1,99764883,80.80796813964844,118,TRIVENI FOOD & BEVERAGE-NP,POWER PUNCH,POWER PUNCH,CAN 330 ML,CAN,330.000 ML,,,330.0,ML,120.0
2023-03-01,202302,2,116336450,11301020015,1677130828131,99764928,134,TRIVENI FOOD & BEVERAGE-NP,POWER PUNCH,POWER PUNCH,100.0,CAN,250ML,,1677130828131-triveni food - beverage-np-power punch#3.png,RECODING,5,2,99764928,84.66730499267578,118,TRIVENI FOOD & BEVERAGE-NP,POWER PUNCH,POWER PUNCH,ORIGINAL CAN 250 ML,CAN,250.000 ML,,,250.0,ML,100.0
2023-03-01,202302,2,116336450,11301020015,1677130828131,99764928,134,TRIVENI FOOD & BEVERAGE-NP,POWER PUNCH,POWER PUNCH,100.0,CAN,250ML,,1677130828131-triveni food - beverage-np-power punch#3.png,RECODING,5,3,99765240,156.8791961669922,118,TRIVENI FOOD & BEVERAGE-NP,SHOCK,SHOCK,CAN 250 ML,CAN,250.000 ML,,,250.0,ML,120.0
2023-03-01,202302,2,116336450,11301020015,1677131874196,99764925,118,VARUN BEVERAGE -NEPAL,MOUNTAIN DEW,MOUNTAIN DEW-LEMON-PET 2250ML,260.0,PET,2250ML,,1677131874196-varun beverage -nepal-mountain dew#3.png,RECODING,5,1,49149,80.19416046142578,118,VARUN BEVERAGE -NEPAL,MOUNTAIN DEW,MOUNTAIN DEW,PET 300 ML,PET,300.000 ML,LEMON,,300.0,ML,0.0
2023-03-01,202302,2,116336450,11301020015,1677131874196,99764925,118,VARUN BEVERAGE -NEPAL,MOUNTAIN DEW,MOUNTAIN DEW-LEMON-PET 2250ML,260.0,PET,2250ML,,1677131874196-varun beverage -nepal-mountain dew#3.png,RECODING,5,2,20110254,80.52599334716797,118,VARUN BEVERAGE -NEPAL,MOUNTAIN DEW,MOUNTAIN DEW,PET 1500 ML,PET,1500.000 ML,LEMON,,1500.0,ML,0.0
2023-03-01,202302,2,116336450,11301020015,1677131874196,99764925,118,VARUN BEVERAGE -NEPAL,MOUNTAIN DEW,MOUNTAIN DEW-LEMON-PET 2250ML,260.0,PET,2250ML,,1677131874196-varun beverage -nepal-mountain dew#3.png,RECODING,5,3,20121485,82.18489074707031,118,VARUN BEVERAGE -NEPAL,MOUNTAIN DEW,MOUNTAIN DEW,PET 2250 ML,PET,2250.000 ML,LEMON,,2250.0,ML,0.0
2023-03-01,202302,1,125781212,32201010019,1677404935491,99764929,123,GOPAL N PRODUCT-NEPAL,NIKHAR,NIKHAR LAUNDRY SOAP/PPH/200GM/GOPAL N PRODUCT-NEPAL,45.0,PPH,200GM,,1677404935491-gopal n product-nepal-nikhar#3.png,RECODING,5,1,53137,105.14376068115234,123,GOPAL N PRODUCT-NEPAL,V SERIES,V SERIES V PLUS,V SERIES V PLUS-WASHING SOAP PPH 220 GM,PLPCH,220.000 GM,,,220.0,GM,0.0
2023-03-01,202302,1,125781212,32201010019,1677404935491,99764929,123,GOPAL N PRODUCT-NEPAL,NIKHAR,NIKHAR LAUNDRY SOAP/PPH/200GM/GOPAL N PRODUCT-NEPAL,45.0,PPH,200GM,,1677404935491-gopal n product-nepal-nikhar#3.png,RECODING,5,2,93019328,109.88298797607422,122,GOPAL SOAP INDUSTRIES - NEPAL,V SERIES,V SERIES NIKHAR,V SERIES NIKHAR-PPH 350  GMS,PLPCH,350.000 GM,,,350.0,GM,0.0
2023-03-01,202302,1,125781212,32201010019,1677404935491,99764929,123,GOPAL N PRODUCT-NEPAL,NIKHAR,NIKHAR LAUNDRY SOAP/PPH/200GM/GOPAL N PRODUCT-NEPAL,45.0,PPH,200GM,,1677404935491-gopal n product-nepal-nikhar#3.png,RECODING,5,3,93019323,110.32749938964844,122,GOPAL SOAP INDUSTRIES - NEPAL,V SERIES,V SERIES NIKHAR,V SERIES NIKHAR-PPH 400  GMS,PLPCH,400.000 GM,,,400.0,GM,0.0
2023-03-02,202303,1,130515924,21202010025,1677663195102,99764930,106,PERFETTI VAN MELLE-INDIA,CENTER FRUIT,CENTER FRUIT\555GM\PCN\WATERMELON FLAVOUR ,463.0,PCN,555GM,,1677663195102-perfetti van melle-india-center fruit#3.png,RECODING,5,1,99764505,97.69480895996094,106,PERFETTI VAN MELLE-INDIA,CENTER FRUIT,CENTER FRUIT,CENTER FRUIT- WATER MELON PCN 555 GM,PLJAR,555.000 GM,WATER MELON,,555.0,GM,462.5
2023-03-02,202303,1,130515924,21202010025,1677663195102,99764930,106,PERFETTI VAN MELLE-INDIA,CENTER FRUIT,CENTER FRUIT\555GM\PCN\WATERMELON FLAVOUR ,463.0,PCN,555GM,,1677663195102-perfetti van melle-india-center fruit#3.png,RECODING,5,2,99764603,99.02310180664062,106,PERFETTI VAN MELLE-INDIA,CENTER FRUIT,CENTER FRUIT,CENTER FRUIT- WATER MELON PCN 585 GM,PLJAR,585.000 GM,WATER MELON,,585.0,GM,310.0
2023-03-02,202303,1,130515924,21202010025,1677663195102,99764930,106,PERFETTI VAN MELLE-INDIA,CENTER FRUIT,CENTER FRUIT\555GM\PCN\WATERMELON FLAVOUR ,463.0,PCN,555GM,,1677663195102-perfetti van melle-india-center fruit#3.png,RECODING,5,3,46738,100.01551818847656,106,PERFETTI VAN MELLE-INDIA,CENTER FRUIT,CENTER FRUIT,CENTER FRUIT- WATERMELON PPH 3 GM,PLPCH,3.000 GM,WATER MELON,,3.0,GM,0.0
2023-03-03,202303,1,116301687,31307010011,1677392245240,99764885,120,UNILEVER NEPAL LTD-NEPAL,LIFE BUOY,LIFE BUOY TOTAL PROTECT ACTIVE SILVER\100GM\EWP\RS:45\UNILIVER NEPAL,45.0,EWP,100GM,,1677392245240-unilever nepal ltd-nepal-life buoy#3.png,RECODING,5,1,99764401,75.42085266113281,120,UNILEVER NEPAL LTD-NEPAL,LIFE BUOY,LIFE BUOY TOTAL PROTECT,LIFE BUOY TOTAL PROTECT-ACTIV SILVER EWP 43 GM,EWRPK,43.000 GM,,,43.0,GM,18.0
2023-03-03,202303,1,116301687,31307010011,1677392245240,99764885,120,UNILEVER NEPAL LTD-NEPAL,LIFE BUOY,LIFE BUOY TOTAL PROTECT ACTIVE SILVER\100GM\EWP\RS:45\UNILIVER NEPAL,45.0,EWP,100GM,,1677392245240-unilever nepal ltd-nepal-life buoy#3.png,RECODING,5,2,99764885,77.08480072021484,120,UNILEVER NEPAL LTD-NEPAL,LIFE BUOY,LIFE BUOY TOTAL PROTECT,LIFE BUOY TOTAL PROTECT-ACTIV SILVER EWP 100 GM,EWRPK,100.000 GM,,,100.0,GM,45.0
2023-03-03,202303,1,116301687,31307010011,1677392245240,99764885,120,UNILEVER NEPAL LTD-NEPAL,LIFE BUOY,LIFE BUOY TOTAL PROTECT ACTIVE SILVER\100GM\EWP\RS:45\UNILIVER NEPAL,45.0,EWP,100GM,,1677392245240-unilever nepal ltd-nepal-life buoy#3.png,RECODING,5,3,99763277,77.23731231689453,120,UNILEVER NEPAL LTD-NEPAL,LIFE BUOY,LIFE BUOY TOTAL PROTECT,LIFE BUOY TOTAL PROTECT-ACTIV SILVER EWP 95 GM,EWRPK,95.000 GM,,,95.0,GM,35.0
2023-03-03,202303,1,130525668,21202010031,1677655247466,49472,106,PERFETTI VAN MELLE-INDIA,HAPPYDENT WHITE,HAPPYDENT WHITE \15.4GM\CBP\MINT FLAVOUR ,25.0,CBP,15.4GM,,1677655247466-perfetti van melle-india-happydent white#3.png,CROSS CODING,2,1,99764667,120.0021743774414,106,PERFETTI VAN MELLE-INDIA,HAPPYDENT,HAPPYDENT WHITE,HAPPYDENT WHITE- MINT CBP 277.2 GM,CDBOX,277.200 GM,MINT,,277.2,GM,288.0
2023-03-03,202303,1,130525668,21202010031,1677655247466,49472,106,PERFETTI VAN MELLE-INDIA,HAPPYDENT WHITE,HAPPYDENT WHITE \15.4GM\CBP\MINT FLAVOUR ,25.0,CBP,15.4GM,,1677655247466-perfetti van melle-india-happydent white#3.png,CROSS CODING,2,2,91826354,124.95397186279297,106,PERFETTI VAN MELLE-INDIA,HAPPYDENT,HAPPYDENT WHITE,HAPPYDENT WHITE- SPARKLING SMILE MINT CBP 16.8 GM,CDBOX,16.800 GM,MINT,,16.8,GM,0.0
2023-03-03,202303,1,130525668,21202010031,1677655247466,49472,106,PERFETTI VAN MELLE-INDIA,HAPPYDENT WHITE,HAPPYDENT WHITE \15.4GM\CBP\MINT FLAVOUR ,25.0,CBP,15.4GM,,1677655247466-perfetti van melle-india-happydent white#3.png,CROSS CODING,2,3,51066,125.67608642578125,106,PERFETTI VAN MELLE-INDIA,HAPPYDENT,HAPPYDENT WHITE,HAPPYDENT WHITE-SPARKLING SMILE MINT CBP 15.4 GM,CDBOX,15.400 GM,MINT,,15.4,GM,0.0
