t_row_id,t_DATE,t_PERIOD,t_AUDITYPE,t_STORECODE,t_DLRCODE,t_ITEMCODE,t_NEW_CODES,t_CATEGORY,t_MANUFACTURE,t_BRAND,t_ITEMDESC,t_MRP,t_PACKSIZE,t_PACKTYPE,t_COMMENTS,t_IMAGE,t_CODE COMMENT,t_FLAG,rank,matched_itemcode,distance,m_catcode,m_company,m_mbrand,m_brand,m_sku,m_packtype,m_base_pack,m_flavor,m_color,m_wght,m_uom,m_mrp
0,2023-01-16,202301,1,123262051,21301010069,1673588942425,99764746,106,LOTTE INDIA-INDIA,LOTTE JUICIES CENTER FILLED CANDY,LOTTE JUICIES CENTER FILLED CANDY\800\GM,500,PET,800 GM,New SKU,1673588942425-lotte india-india-lotte juicies center filled candy#3.png,RECODING,5,1,99763332,121.10672760009766,106,LOTTE INDIA-INDIA,LOTTE,LOTTE JUICIES,LOTTE JUICIES-ORANGE PPH 4.5 GM,PLPCH,4.500 GM,ORANGE,,4.5,GM,2.0
0,2023-01-16,202301,1,123262051,21301010069,1673588942425,99764746,106,LOTTE INDIA-INDIA,LOTTE JUICIES CENTER FILLED CANDY,LOTTE JUICIES CENTER FILLED CANDY\800\GM,500,PET,800 GM,New SKU,1673588942425-lotte india-india-lotte juicies center filled candy#3.png,RECODING,5,2,46085,121.88751983642578,106,LOTTE INDIA-INDIA,LOTTE,LOTTE CAN CAN,LOTTE CAN CAN-SUMMER CANDY JAMUN KALA KATHA PPH 3.7 GM,PLPCH,3.700 GM,JAMUN,,3.7,GM,0.0
0,2023-01-16,202301,1,123262051,21301010069,1673588942425,99764746,106,LOTTE INDIA-INDIA,LOTTE JUICIES CENTER FILLED CANDY,LOTTE JUICIES CENTER FILLED CANDY\800\GM,500,PET,800 GM,New SKU,1673588942425-lotte india-india-lotte juicies center filled candy#3.png,RECODING,5,3,45946,123.97891235351562,106,LOTTE INDIA-INDIA,LOTTE,LOTTE CAN CAN,LOTTE CAN CAN-SUMMER CANDY AAMPANNA PPH 3.7 GM,PLPCH,3.700 GM,MANGO,,3.7,GM,0.0
1,2023-01-16,202301,1,125959303,52202010022,1673585259769,99764747,106,DURGA CONFECTIONERY-INDIA,MONARKO DOUBLE CREAM ,MONARKO DOUBLE CREAM/REAL BUTTERY ROYAL CANDY/420GM/PPH,128,PPH,420GM ,,1673585259769-durga confectionery-india-monarko double cream #3.png,RECODING,5,1,99764747,18.76522445678711,106,DURGA CONFECTIONERY-INDIA,MONARKO,MONARKO DOUBLE CREAM,MONARKO DOUBLE CREAM-ROYAL CANDY PPH 420 GM,PLPCH,420.000 GM,BUTTER,,420.0,GM,128.0
1,2023-01-16,202301,1,125959303,52202010022,1673585259769,99764747,106,DURGA CONFECTIONERY-INDIA,MONARKO DOUBLE CREAM ,MONARKO DOUBLE CREAM/REAL BUTTERY ROYAL CANDY/420GM/PPH,128,PPH,420GM ,,1673585259769-durga confectionery-india-monarko double cream #3.png,RECODING,5,2,46090,23.586904525756836,106,DURGA CONFECTIONERY-INDIA,MONARKO,MONARKO,MONARKO- DOUBLE CREAM ROYAL CANDY PPH 3.33GM,PLPCH,3.330 GM,CREAM,,3.33,GM,0.0
1,2023-01-16,202301,1,125959303,52202010022,1673585259769,99764747,106,DURGA CONFECTIONERY-INDIA,MONARKO DOUBLE CREAM ,MONARKO DOUBLE CREAM/REAL BUTTERY ROYAL CANDY/420GM/PPH,128,PPH,420GM ,,1673585259769-durga confectionery-india-monarko double cream #3.png,RECODING,5,3,49612,30.422042846679688,106,DURGA CONFECTIONERY-INDIA,MONARKO,MONARKO,MONARKO-DOUBLE CREAM ROYAL CANDY PPH 2.8 GM,PLPCH,2.800 GM,CREAM,,2.8,GM,0.0
2,2023-01-16,202301,1,123943065,21209010070,1673505409832,99764748,123,K.C.SOAP&CHEMICAL IND.PVT.LTD,4X,4X SOAP/LANDRY SOAP/200G/PPH,45,PPH,200G,,1673505409832-k-c-soap-chemical ind-pvt-ltd-4x#3.png,RECODING,5,1,99764748,105.48534393310547,123,K.C. SOAP & CHEMICAL IND.-NEPAL,4X SOAP,4X SOAP,4X SOAP-LAUNDRY SOAP PPH 200 GM,PLPCH,200.000 GM,,,200.0,GM,45.0
2,2023-01-16,202301,1,123943065,21209010070,1673505409832,99764748,123,K.C.SOAP&CHEMICAL IND.PVT.LTD,4X,4X SOAP/LANDRY SOAP/200G/PPH,45,PPH,200G,,1673505409832-k-c-soap-chemical ind-pvt-ltd-4x#3.png,RECODING,5,2,99764452,144.94976806640625,123,KWALITY CHEM PVT LTD-NEPAL,DHAMAL,DHAMAL,DHAMAL-LAUNDRY SOAP PPH 200 GM,PLPCH,200.000 GM,,,200.0,GM,45.0
2,2023-01-16,202301,1,123943065,21209010070,1673505409832,99764748,123,K.C.SOAP&CHEMICAL IND.PVT.LTD,4X,4X SOAP/LANDRY SOAP/200G/PPH,45,PPH,200G,,1673505409832-k-c-soap-chemical ind-pvt-ltd-4x#3.png,RECODING,5,3,99763955,151.9625244140625,123,KWALITY CHEM PVT LTD-NEPAL,PUREX,PUREX,PUREX-LAUNDRY SOAP PPH 200 GM,PLPCH,200.000 GM,,,200.0,GM,40.0
3,2023-01-16,202301,1,123943065,21209010070,1673505712863,99764749,123,GOLDEN STAR SOAP IND-NEPAL,NIMA HERBAL,NIMA HERBAL/DISHWASH BAR/75+5GM/PPH,10,PPH,75+5GM,,1673505712863-golden star soap ind-nepal-nima herbal#3.png,RECODING,5,1,99764749,10.300664901733398,123,GOLDEN STAR SOAP IND-NEPAL,NIMA,NIMA HERBAL,NIMA HERBAL-DISHWASH BAR PPH 75 GM,PLPCH,75.000 GM,,,75.0,GM,10.0
3,2023-01-16,202301,1,123943065,21209010070,1673505712863,99764749,123,GOLDEN STAR SOAP IND-NEPAL,NIMA HERBAL,NIMA HERBAL/DISHWASH BAR/75+5GM/PPH,10,PPH,75+5GM,,1673505712863-golden star soap ind-nepal-nima herbal#3.png,RECODING,5,2,99763450,13.463323593139648,123,GOLDEN STAR SOAP IND-NEPAL,NIMA,NIMA HERBAL,NIMA HERBAL-DISHWASH BAR PPH 200 GM,PLPCH,200.000 GM,,,200.0,GM,20.0
3,2023-01-16,202301,1,123943065,21209010070,1673505712863,99764749,123,GOLDEN STAR SOAP IND-NEPAL,NIMA HERBAL,NIMA HERBAL/DISHWASH BAR/75+5GM/PPH,10,PPH,75+5GM,,1673505712863-golden star soap ind-nepal-nima herbal#3.png,RECODING,5,3,99764096,52.58708190917969,123,GOLDEN STAR SOAP IND-NEPAL,UNIK,UNIK HERBAL,UNIK HERBAL-DISHWASH BAR PPH 95 GM,PLPCH,95.000 GM,,,95.0,GM,10.0
4,2023-01-17,202301,1,124768422,21301010058,1673851496765,99764750,106,CANDY LAKE NUTRITIONS PVT LTD-IN,CANDY LAKE MILKIEZ 2 JN 1 CANDY,CANDY LAKE MILKIEZ 2 ON 1 CANDY\680\GM,250,PCN,680 GM,New SKU,1673851496765-candy lake nutritions pvt ltd-in-candy lake milkiez 2 jn 1 candy#3.png,RECODING,5,1,99764750,16.998031616210938,106,CANDY LAKE NUTRITIONS PVT LTD-IN,CANDY LAKE,CANDY LAKE MILKIEZ,CANDY LAKE MILKIEZ- 2 IN 1 PCN 680 GM,PLJAR,680.000 GM,MILK,,680.0,GM,250.0
4,2023-01-17,202301,1,124768422,21301010058,1673851496765,99764750,106,CANDY LAKE NUTRITIONS PVT LTD-IN,CANDY LAKE MILKIEZ 2 JN 1 CANDY,CANDY LAKE MILKIEZ 2 ON 1 CANDY\680\GM,250,PCN,680 GM,New SKU,1673851496765-candy lake nutritions pvt ltd-in-candy lake milkiez 2 jn 1 candy#3.png,RECODING,5,2,99764564,20.986915588378906,106,CANDY LAKE NUTRITIONS PVT LTD-IN,CANDY LAKE,CANDY LAKE MILKIEZ,CANDY LAKE MILKIEZ- 2 IN 1 PCN 640 GM,PLJAR,640.000 GM,MILK,,640.0,GM,260.0
4,2023-01-17,202301,1,124768422,21301010058,1673851496765,99764750,106,CANDY LAKE NUTRITIONS PVT LTD-IN,CANDY LAKE MILKIEZ 2 JN 1 CANDY,CANDY LAKE MILKIEZ 2 ON 1 CANDY\680\GM,250,PCN,680 GM,New SKU,1673851496765-candy lake nutritions pvt ltd-in-candy lake milkiez 2 jn 1 candy#3.png,RECODING,5,3,99763301,77.85079956054688,106,CANDY LAKE NUTRITIONS PVT LTD-IN,CANDY LAKE,CANDY LAKE,CANDY LAKE-ELAICHI SHRIKHANDA PPH 4.25 GM,PLPCH,4.250 GM,ELAICHI,,4.25,GM,2.0
5,2023-01-17,202301,1,124768422,21301010058,1673852546311,99764751,123,MAHASHAKTI SOAP & CHEM.- NEPAL,LION DETERGENT CAKE,LION DETERGENT CAKE \75\GM,10,PPH,75 GM,New SKU,1673852546311-mahashakti soap - chem-- nepal-lion detergent cake#3.png,RECODING,5,1,99764751,29.48379135131836,123,MAHASHAKTI SOAP & CHEM.- NEPAL,LION,LION,LION-DETERGENT CAKE NEEM&LEMON PPH 75 GM,PLPCH,75.000 GM,,,75.0,GM,10.0
5,2023-01-17,202301,1,124768422,21301010058,1673852546311,99764751,123,MAHASHAKTI SOAP & CHEM.- NEPAL,LION DETERGENT CAKE,LION DETERGENT CAKE \75\GM,10,PPH,75 GM,New SKU,1673852546311-mahashakti soap - chem-- nepal-lion detergent cake#3.png,RECODING,5,2,50942,54.8248291015625,123,MAHASHAKTI SOAP & CHEM.- NEPAL,PUJA,PUJA,PUJA-DETERGENT CAKE PPH 90 GM,PLPCH,90.000 GM,,,90.0,GM,0.0
5,2023-01-17,202301,1,124768422,21301010058,1673852546311,99764751,123,MAHASHAKTI SOAP & CHEM.- NEPAL,LION DETERGENT CAKE,LION DETERGENT CAKE \75\GM,10,PPH,75 GM,New SKU,1673852546311-mahashakti soap - chem-- nepal-lion detergent cake#3.png,RECODING,5,3,49237,55.211700439453125,123,MAHASHAKTI SOAP & CHEM.- NEPAL,PUJA,PUJA,PUJA-DETERGENT CAKE PPH 95 GM,PLPCH,95.000 GM,,,95.0,GM,0.0
6,2023-01-17,202301,1,126759332,52202010014,1673850722327,99764584,106,SUJAL FOODS PVT LTD-NEPAL,RASILO CANDY,RASILO CANDY/CHATPATA MAZZA/335GM/PPH,100,PPH,335GM,,1673850722327-sujal foods pvt ltd-nepal-rasilo candy#3.png,CROSS CODING,2,1,99764584,21.378292083740234,106,SUJAL FOODS PVT LTD-NEPAL,RASILO CANDY,RASILO CANDY,RASILO CANDY- CHATPATA MAZZA PPH 335 GM,PLPCH,335.000 GM,UNSPECIFIED,,335.0,GM,100.0
6,2023-01-17,202301,1,126759332,52202010014,1673850722327,99764584,106,SUJAL FOODS PVT LTD-NEPAL,RASILO CANDY,RASILO CANDY/CHATPATA MAZZA/335GM/PPH,100,PPH,335GM,,1673850722327-sujal foods pvt ltd-nepal-rasilo candy#3.png,CROSS CODING,2,2,99764700,24.306690216064453,106,SUJAL FOODS PVT LTD-NEPAL,RASILO CANDY,RASILO CANDY,RASILO CANDY- CHATPATA MAZZA PPH 336 GM,PLPCH,336.000 GM,UNSPECIFIED,,336.0,GM,80.0
6,2023-01-17,202301,1,126759332,52202010014,1673850722327,99764584,106,SUJAL FOODS PVT LTD-NEPAL,RASILO CANDY,RASILO CANDY/CHATPATA MAZZA/335GM/PPH,100,PPH,335GM,,1673850722327-sujal foods pvt ltd-nepal-rasilo candy#3.png,CROSS CODING,2,3,91826096,27.376602172851562,106,SUJAL FOODS PVT LTD-NEPAL,RASILO CANDY,RASILO CANDY,RASILO CANDY- CHATPATA MAZZA PPH 3.2 GM,PLPCH,3.200 GM,UNSPECIFIED,,3.2,GM,0.0
7,2023-01-17,202301,1,126759332,52202010014,1673850942526,99764752,106,SUJAL FOODS PVT LTD-NEPAL,WHITE BIRDS,WHITEBIRDS/SOFT MILKY CANDY/280GM/PPH,85,PPH,280GM,,1673850942526-sujal foods pvt ltd-nepal-white birds#3.png,RECODING,5,1,99764752,30.30004119873047,106,SUJAL FOODS PVT LTD-NEPAL,SUJAL,SUJAL WHITE BIRDS,SUJAL WHITE BIRDS- SOFT MILKY CANDY PPH 280 GM,PLPCH,280.000 GM,MILK,,280.0,GM,165.0
7,2023-01-17,202301,1,126759332,52202010014,1673850942526,99764752,106,SUJAL FOODS PVT LTD-NEPAL,WHITE BIRDS,WHITEBIRDS/SOFT MILKY CANDY/280GM/PPH,85,PPH,280GM,,1673850942526-sujal foods pvt ltd-nepal-white birds#3.png,RECODING,5,2,99764652,33.694000244140625,106,SUJAL FOODS PVT LTD-NEPAL,SUJAL,SUJAL WHITE BIRDS,SUJAL WHITE BIRDS- SOFT MILKY CANDY PCN 560 GM,PLJAR,560.000 GM,MILK,,560.0,GM,165.0
7,2023-01-17,202301,1,126759332,52202010014,1673850942526,99764752,106,SUJAL FOODS PVT LTD-NEPAL,WHITE BIRDS,WHITEBIRDS/SOFT MILKY CANDY/280GM/PPH,85,PPH,280GM,,1673850942526-sujal foods pvt ltd-nepal-white birds#3.png,RECODING,5,3,99764916,37.2669563293457,106,SUJAL FOODS PVT LTD-NEPAL,SUJAL,SUJAL WHITE BIRDS,SUJAL WHITE BIRDS- SOFT MILKY CANDY PCN 1680 GM,PLJAR,1680.000 GM,MILK,,1680.0,GM,530.0
8,2023-01-17,202301,3,2110200003,21102030196,1673855455717,99764753,126,IPA GUTKHA UDHYOG-NEPAL,R-R,R-R NIWAS/PAN MASALA/IPA GUTKHA UDHYOG/NEPAL/PPH/3.5GM,13,PPH,3.5GM,,1673855455717-ipa gutkha udhyog-r-r#3.png,RECODING,5,1,99764753,18.421987533569336,126,IPA GUTKHA UDHYOG-NEPAL,R-R NIWAS,R-R NIWAS PAN MASALA,3.5G PAAN MASALA,PLAST,3.5G,REGULAR,,3.5,GM,13.0
8,2023-01-17,202301,3,2110200003,21102030196,1673855455717,99764753,126,IPA GUTKHA UDHYOG-NEPAL,R-R,R-R NIWAS/PAN MASALA/IPA GUTKHA UDHYOG/NEPAL/PPH/3.5GM,13,PPH,3.5GM,,1673855455717-ipa gutkha udhyog-r-r#3.png,RECODING,5,2,99764522,177.65548706054688,126,DHARMAPAL SATYAPAL LTD-INDIA,MASTABA,MASTABA,2.4G PAAN MASALA,PLAST,2.4G,REGULAR,,2.4,GM,15.2
8,2023-01-17,202301,3,2110200003,21102030196,1673855455717,99764753,126,IPA GUTKHA UDHYOG-NEPAL,R-R,R-R NIWAS/PAN MASALA/IPA GUTKHA UDHYOG/NEPAL/PPH/3.5GM,13,PPH,3.5GM,,1673855455717-ipa gutkha udhyog-r-r#3.png,RECODING,5,3,99762302,187.65670776367188,126,DHARMAPAL SATYAPAL LTD-INDIA,RAJNIGANDHA,RAJNIGANDHA,17G PAAN MASALA,PLAST,17G,REGULAR,,17.0,,0.0
9,2023-01-18,202301,3,2110115978,21101031941,1673852228198,99764766,126,DHARMAPAL SATYAPAL LTD-INDIA,PASSPASS,PASSPASS\PAAN MASALA\DHARAMPAL SATYAPAL FOODS LTD\11 GM\PPH,15,PPH,11GM,Invoices not available,1673852228198-dharmapal satyapal ltd-india-passpass#3.png,RECODING,5,1,99764766,33.953880310058594,126,DHARMAPAL SATYAPAL LTD-INDIA,PASSPASS,PASSPASS,11G PAAN MASALA,PLAST,11G,SWEET,,11.0,GM,15.0
9,2023-01-18,202301,3,2110115978,21101031941,1673852228198,99764766,126,DHARMAPAL SATYAPAL LTD-INDIA,PASSPASS,PASSPASS\PAAN MASALA\DHARAMPAL SATYAPAL FOODS LTD\11 GM\PPH,15,PPH,11GM,Invoices not available,1673852228198-dharmapal satyapal ltd-india-passpass#3.png,RECODING,5,2,99762331,43.235321044921875,126,DHARMAPAL SATYAPAL LTD-INDIA,PASSPASS,PASSPASS,2.20G PAAN MASALA,PLAST,2.20G,SWEET,,2.2,,0.0
9,2023-01-18,202301,3,2110115978,21101031941,1673852228198,99764766,126,DHARMAPAL SATYAPAL LTD-INDIA,PASSPASS,PASSPASS\PAAN MASALA\DHARAMPAL SATYAPAL FOODS LTD\11 GM\PPH,15,PPH,11GM,Invoices not available,1673852228198-dharmapal satyapal ltd-india-passpass#3.png,RECODING,5,3,99765396,50.47902297973633,126,DHARMAPAL SATYAPAL LTD-INDIA,PASSPASS,PASSPASS FRESH MINT,9.5G PAAN MASALA,PLAST,9.5G,MINT,,9.5,GM,8.0
10,2023-01-18,202301,1,125623216,21301010053,1673946228026,99764754,106,SUJAL FOODS PVT LTD-NEPAL,SUJAL FRUIT CANDY,SUJAL FRUIT CANDY\680\GM,200,PCN,680 GM,New SKU,1673946228026-sujal foods pvt ltd-nepal-sujal fruit candy#3.png,RECODING,5,1,99764754,19.87560272216797,106,SUJAL FOODS PVT LTD-NEPAL,SUJAL,SUJAL FRUIT CANDY,SUJAL FRUIT CANDY-ASSORTED PCN 680 GM,PLJAR,680.000 GM,ASSORTED,,680.0,GM,200.0
10,2023-01-18,202301,1,125623216,21301010053,1673946228026,99764754,106,SUJAL FOODS PVT LTD-NEPAL,SUJAL FRUIT CANDY,SUJAL FRUIT CANDY\680\GM,200,PCN,680 GM,New SKU,1673946228026-sujal foods pvt ltd-nepal-sujal fruit candy#3.png,RECODING,5,2,99764508,25.362411499023438,106,SUJAL FOODS PVT LTD-NEPAL,SUJAL,SUJAL FRUIT CANDY,SUJAL FRUIT CANDY-ASSORTED PCN 700 GM,PLJAR,700.000 GM,ASSORTED,,700.0,GM,165.0
10,2023-01-18,202301,1,125623216,21301010053,1673946228026,99764754,106,SUJAL FOODS PVT LTD-NEPAL,SUJAL FRUIT CANDY,SUJAL FRUIT CANDY\680\GM,200,PCN,680 GM,New SKU,1673946228026-sujal foods pvt ltd-nepal-sujal fruit candy#3.png,RECODING,5,3,99764649,30.84473419189453,106,SUJAL FOODS PVT LTD-NEPAL,SUJAL,SUJAL FRUIT CANDY,SUJAL FRUIT CANDY-ASSORTED PPH 340 GM,PLPCH,340.000 GM,ASSORTED,,340.0,GM,80.0
11,2023-01-18,202301,1,123582683,21301010054,1673934057939,99764770,132,UNICHARM INDIA LTD-INDIA,MAMYPOKO PANTS EXTRA ABORS XL,MAMYPOKO PANTS EXTRA ABSORB XL \42\PC,999,PPH,42 PCC,New SKU,1673934057939-unicharm india ltd-india-mamypoko pants extra abors xl#3.png,RECODING,5,1,99764770,19.637624740600586,132,UNICHARM INDIA LTD-INDIA,MAMYPOKO PANTS,MAMYPOKO PANTS,MAMYPOKO PANTS-EXTRA ABSORB-EXTRA LARGE(XL) PPH 42 NOS,PLPCH,42.000 NO,,,42.0,NO,1400.0
11,2023-01-18,202301,1,123582683,21301010054,1673934057939,99764770,132,UNICHARM INDIA LTD-INDIA,MAMYPOKO PANTS EXTRA ABORS XL,MAMYPOKO PANTS EXTRA ABSORB XL \42\PC,999,PPH,42 PCC,New SKU,1673934057939-unicharm india ltd-india-mamypoko pants extra abors xl#3.png,RECODING,5,2,99762579,21.717464447021484,132,UNICHARM INDIA LTD-INDIA,MAMYPOKO PANTS,MAMYPOKO PANTS,MAMYPOKO PANTS-EXTRA ABSORB-EXTRA LARGE(XL) PPH 36 NOS,PLPCH,36.000 NO,,,36.0,NO,1120.0
11,2023-01-18,202301,1,123582683,21301010054,1673934057939,99764770,132,UNICHARM INDIA LTD-INDIA,MAMYPOKO PANTS EXTRA ABORS XL,MAMYPOKO PANTS EXTRA ABSORB XL \42\PC,999,PPH,42 PCC,New SKU,1673934057939-unicharm india ltd-india-mamypoko pants extra abors xl#3.png,RECODING,5,3,99762694,21.94989776611328,132,UNICHARM INDIA LTD-INDIA,MAMYPOKO PANTS,MAMYPOKO PANTS,MAMYPOKO PANTS-EXTRA ABSORB-EXTRA LARGE(XL) PPH 26 NOS,PLPCH,26.000 NO,,,26.0,NO,640.0
12,2023-01-18,202301,1,123582683,21301010054,1673939774607,99764763,123,HIMGIRI SOAP & CHEMICALS-NEPAL,DHONI XTRAA LAUNDRY SOAP,DHONI XTRAA LAUNDRY SOAP\1000\GM,220,PPH,1000 GM,New SKU,1673939774607-himgiri soap - chemicals-nepal-dhoni xtraa laundry soap#3.png,RECODING,5,1,54377,12.257221221923828,123,HIMGIRI SOAP & CHEMICALS-NEPAL,DHONI,DHONI,DHONI-XTRAA LAUNDRY SOAP PPH 210 GM,PLPCH,210.000 GM,,,210.0,GM,0.0
12,2023-01-18,202301,1,123582683,21301010054,1673939774607,99764763,123,HIMGIRI SOAP & CHEMICALS-NEPAL,DHONI XTRAA LAUNDRY SOAP,DHONI XTRAA LAUNDRY SOAP\1000\GM,220,PPH,1000 GM,New SKU,1673939774607-himgiri soap - chemicals-nepal-dhoni xtraa laundry soap#3.png,RECODING,5,2,51127,12.995378494262695,123,HIMGIRI SOAP & CHEMICALS-NEPAL,DHONI,DHONI,DHONI-XTRAA LAUNDRY SOAP PPH 105 GM,PLPCH,105.000 GM,,,105.0,GM,0.0
12,2023-01-18,202301,1,123582683,21301010054,1673939774607,99764763,123,HIMGIRI SOAP & CHEMICALS-NEPAL,DHONI XTRAA LAUNDRY SOAP,DHONI XTRAA LAUNDRY SOAP\1000\GM,220,PPH,1000 GM,New SKU,1673939774607-himgiri soap - chemicals-nepal-dhoni xtraa laundry soap#3.png,RECODING,5,3,50548,12.99906063079834,123,HIMGIRI SOAP & CHEMICALS-NEPAL,DHONI,DHONI,DHONI-XTRAA LAUNDRY SOAP PPH 6*200 GM,PLPCH,200.000 GM,,,1200.0,GM,0.0
13,2023-01-18,202301,1,123582683,21301010054,1673933169689,99764759,122,PROCTER & GAMBLE - INDIA,ARIEL MATIC FRONT LOAD,ARIEL MATIC FRONT LOAD CBP\3000\GM,4000,CBP,3000 GM,New SKU,1673933169689-procter - gamble - india-ariel matic front load#3.png,RECODING,5,1,99763518,31.115676879882812,122,PROCTER & GAMBLE - INDIA,ARIEL,ARIEL MATIC,ARIEL MATIC-FRONT LOAD-CBP 1000 GM,CDBOX,1000.000 GM,,,1000.0,GM,400.0
13,2023-01-18,202301,1,123582683,21301010054,1673933169689,99764759,122,PROCTER & GAMBLE - INDIA,ARIEL MATIC FRONT LOAD,ARIEL MATIC FRONT LOAD CBP\3000\GM,4000,CBP,3000 GM,New SKU,1673933169689-procter - gamble - india-ariel matic front load#3.png,RECODING,5,2,54252,38.954315185546875,122,PROCTER & GAMBLE - INDIA,ARIEL,ARIEL MATIC,ARIEL MATIC-FRONT LOAD-PPH 1000 GM+RS96 OFF,PLPCH,1000.000 GM,,,1000.0,GM,0.0
13,2023-01-18,202301,1,123582683,21301010054,1673933169689,99764759,122,PROCTER & GAMBLE - INDIA,ARIEL MATIC FRONT LOAD,ARIEL MATIC FRONT LOAD CBP\3000\GM,4000,CBP,3000 GM,New SKU,1673933169689-procter - gamble - india-ariel matic front load#3.png,RECODING,5,3,99764759,39.61149597167969,122,PROCTER & GAMBLE - INDIA,ARIEL,ARIEL MATIC,ARIEL MATIC-FRONT LOAD PPH 3000 GM+FREE CONTAINER,PLPCH,3000.000 GM,,,3000.0,GM,1275.0
14,2023-01-18,202301,1,123582683,21301010054,1673932563187,99764542,106,SUJAL FOODS PVT LTD-NEPAL,SUJAL MILK CHOCOLATE ECLAIRS,SUJAL MILK CHOCOLATE ECLAIRS\1740\GM,600,PCN,1740 GM,New SKU,1673932563187-sujal foods pvt ltd-nepal-sujal milk chocolate eclairs#3.png,CROSS CODING,2,1,99764542,14.321014404296875,106,SUJAL FOODS PVT LTD-NEPAL,SUJAL,SUJAL ECLAIRS,SUJAL ECLAIRS- MILK CHOCOLATE PCN 1740 GM,PLJAR,1740.000 GM,MILK CHOCOLATE,,1740.0,GM,500.0
14,2023-01-18,202301,1,123582683,21301010054,1673932563187,99764542,106,SUJAL FOODS PVT LTD-NEPAL,SUJAL MILK CHOCOLATE ECLAIRS,SUJAL MILK CHOCOLATE ECLAIRS\1740\GM,600,PCN,1740 GM,New SKU,1673932563187-sujal foods pvt ltd-nepal-sujal milk chocolate eclairs#3.png,CROSS CODING,2,2,99764826,20.504615783691406,106,SUJAL FOODS PVT LTD-NEPAL,SUJAL,SUJAL ECLAIRS,SUJAL ECLAIRS- MILK CHOCOLATE PCN 1650 GM,PLJAR,1650.000 GM,MILK CHOCOLATE,,1650.0,GM,600.0
14,2023-01-18,202301,1,123582683,21301010054,1673932563187,99764542,106,SUJAL FOODS PVT LTD-NEPAL,SUJAL MILK CHOCOLATE ECLAIRS,SUJAL MILK CHOCOLATE ECLAIRS\1740\GM,600,PCN,1740 GM,New SKU,1673932563187-sujal foods pvt ltd-nepal-sujal milk chocolate eclairs#3.png,CROSS CODING,2,3,99764540,21.392349243164062,106,SUJAL FOODS PVT LTD-NEPAL,SUJAL,SUJAL ECLAIRS,SUJAL ECLAIRS- MILK CHOCOLATE PCN 550 GM,PLJAR,550.000 GM,MILK CHOCOLATE,,550.0,GM,170.0
15,2023-01-18,202301,1,123582683,21301010054,1673933364032,99764760,122,JYOTHY LABORATORIES LTD-INDIA,HENKO MATIC,HENKO MATIC \2000\GM,588,CBP,2000GM,New SKU,1673933364032-jyothy laboratories ltd-india-henko matic#3.png,RECODING,5,1,51390,34.021751403808594,122,JYOTHY LABORATORIES LTD-INDIA,HENKO,HENKO MATIC,HENKO MATIC-CBP 1000 GM+FR 500 GM,CDBOX,1000.000 GM,,,1500.0,GM,0.0
15,2023-01-18,202301,1,123582683,21301010054,1673933364032,99764760,122,JYOTHY LABORATORIES LTD-INDIA,HENKO MATIC,HENKO MATIC \2000\GM,588,CBP,2000GM,New SKU,1673933364032-jyothy laboratories ltd-india-henko matic#3.png,RECODING,5,2,99764860,57.202003479003906,122,JYOTHY LABORATORIES LTD-INDIA,HENKO,HENKO MATIC,HENKO MATIC-FRONT LOAD CBP 1000 GM+RS 56 OFF,CDBOX,1000.000 GM,,,1000.0,GM,496.0
15,2023-01-18,202301,1,123582683,21301010054,1673933364032,99764760,122,JYOTHY LABORATORIES LTD-INDIA,HENKO MATIC,HENKO MATIC \2000\GM,588,CBP,2000GM,New SKU,1673933364032-jyothy laboratories ltd-india-henko matic#3.png,RECODING,5,3,99764760,58.150123596191406,122,JYOTHY LABORATORIES LTD-INDIA,HENKO,HENKO MATIC,HENKO MATIC-FRONT LOAD CBP 2000 GM+RS 120 OFF,CDBOX,2000.000 GM,,,2000.0,GM,940.0
16,2023-01-18,202301,1,123582683,21301010054,1673934356767,99764761,122,HINDUSTAN UNILEVER LTD-INDIA,SURF EXCEL MATIC ,SURF EXCEL MATIC CBP\6000\GM,2350,CBP,6000 GM,New SKU,1673934356767-hindustan unilever ltd-india-surf excel matic #3.png,RECODING,5,1,99764761,44.53651809692383,122,HINDUSTAN UNILEVER LTD-INDIA,SURF,SURF EXCEL MATIC,SURF EXCEL MATIC-FRONT LOAD CBP 6000 GM,CDBOX,6000.000 GM,,,6000.0,GM,2350.0
16,2023-01-18,202301,1,123582683,21301010054,1673934356767,99764761,122,HINDUSTAN UNILEVER LTD-INDIA,SURF EXCEL MATIC ,SURF EXCEL MATIC CBP\6000\GM,2350,CBP,6000 GM,New SKU,1673934356767-hindustan unilever ltd-india-surf excel matic #3.png,RECODING,5,2,99762942,63.31498336791992,122,HINDUSTAN UNILEVER LTD-INDIA,SURF,SURF EXCEL,SURF EXCEL-EASY WASH PPH 500 GM,PLPCH,500.000 GM,,,500.0,GM,100.0
16,2023-01-18,202301,1,123582683,21301010054,1673934356767,99764761,122,HINDUSTAN UNILEVER LTD-INDIA,SURF EXCEL MATIC ,SURF EXCEL MATIC CBP\6000\GM,2350,CBP,6000 GM,New SKU,1673934356767-hindustan unilever ltd-india-surf excel matic #3.png,RECODING,5,3,99763341,63.68251419067383,122,HINDUSTAN UNILEVER LTD-INDIA,SURF,SURF EXCEL,SURF EXCEL-EASY WASH PPH 1000 GM,PLPCH,1000.000 GM,,,1000.0,GM,215.0
17,2023-01-18,202301,1,128997655,52202010004,1673929671446,99764756,117,RSH GLOBAL PVT. LTD INDIA ,JOY NATURAL ACTIVES,JOY NATURAL ACTIVES/ANTI HAIRFALL & DAMAGE CONTROL/340ML/PBT,256,PBT,340ML ,,1673929671446-rsh global pvt- ltd india -joy natural actives#3.png,RECODING,5,1,99764756,76.63276672363281,117,JOY CREATIONS - INDIA,JOY,JOY NATURAL ACTIVES,JOY NATURAL ACTIVES-ANTI HAIRFALL & DAMAGE CNTRL PBT 340 ML,PLBOT,340.000 ML,,,340.0,ML,256.0
17,2023-01-18,202301,1,128997655,52202010004,1673929671446,99764756,117,RSH GLOBAL PVT. LTD INDIA ,JOY NATURAL ACTIVES,JOY NATURAL ACTIVES/ANTI HAIRFALL & DAMAGE CONTROL/340ML/PBT,256,PBT,340ML ,,1673929671446-rsh global pvt- ltd india -joy natural actives#3.png,RECODING,5,2,92126509,103.99763488769531,117,JOY CREATIONS - INDIA,JOY,JOY HAIR NATURALS,JOY HAIR NATURALS-HAIR FALL PROTECTION PBT 300 ML,PLBOT,300.000 ML,,,300.0,ML,0.0
17,2023-01-18,202301,1,128997655,52202010004,1673929671446,99764756,117,RSH GLOBAL PVT. LTD INDIA ,JOY NATURAL ACTIVES,JOY NATURAL ACTIVES/ANTI HAIRFALL & DAMAGE CONTROL/340ML/PBT,256,PBT,340ML ,,1673929671446-rsh global pvt- ltd india -joy natural actives#3.png,RECODING,5,3,92126053,109.39974212646484,117,JOY CREATIONS - INDIA,JOY,JOY HAIR NATURALS,JOY HAIR NATURALS-HAIR FALL PROTECTION SCT 6 ML,PLSCH,6.000 ML,,,6.0,ML,0.0
18,2023-01-18,202301,1,124916559,52202010001,1673848571223,99764758,120,HALE DEW REMIDIES-INDIA,SILKIN,SILKIN /STRAWBERRY TRANSPARENT SOAP/50GM/CBP,80,CBP,50GM,,1673848571223-hale dew remidies-india-silkin#3.png,RECODING,5,1,99764758,65.43305969238281,120,HALE DEW REMIDIES-INDIA,SILKIN,SILKIN,SILKIN-STRAWBERRY TRNSPRNT BABY SOAP CBP 50 GM,CDBOX,50.000 GM,,,50.0,GM,80.0
18,2023-01-18,202301,1,124916559,52202010001,1673848571223,99764758,120,HALE DEW REMIDIES-INDIA,SILKIN,SILKIN /STRAWBERRY TRANSPARENT SOAP/50GM/CBP,80,CBP,50GM,,1673848571223-hale dew remidies-india-silkin#3.png,RECODING,5,2,48270,67.98958587646484,120,HALE DEW REMIDIES-INDIA,SILKIN,SILKIN,SILKIN-STRAWBERRY TRNSPRNT BABY SOAP CBP 75 GM,CDBOX,75.000 GM,,,75.0,GM,0.0
18,2023-01-18,202301,1,124916559,52202010001,1673848571223,99764758,120,HALE DEW REMIDIES-INDIA,SILKIN,SILKIN /STRAWBERRY TRANSPARENT SOAP/50GM/CBP,80,CBP,50GM,,1673848571223-hale dew remidies-india-silkin#3.png,RECODING,5,3,45321,87.81951141357422,120,HALE DEW REMIDIES-INDIA,SILKIN-P,SILKIN-P,SILKIN-P CBP 75 GM,CDBOX,75.000 GM,,,75.0,GM,0.0
19,2023-01-18,202301,1,124916559,52202010001,1673847470774,99764768,130,RECKITT BENCKISER - INDIA,KOHINOOR PLEASURE ,KOHINOOR PLEASURE/PINK/10 NOSE/CBP,128,CBP,10 NOSE,,1673847470774-reckitt benckiser - india-kohinoor pleasure #3.png,RECODING,5,1,99764768,50.2996826171875,130,RECKITT BENCKISER - INDIA,KOHINOOR,KOHINOOR,KOHINOOR-PLEASURE PINK CBP 10 NOS,CDBOX,10.000 NO,,,10.0,NO,128.0
19,2023-01-18,202301,1,124916559,52202010001,1673847470774,99764768,130,RECKITT BENCKISER - INDIA,KOHINOOR PLEASURE ,KOHINOOR PLEASURE/PINK/10 NOSE/CBP,128,CBP,10 NOSE,,1673847470774-reckitt benckiser - india-kohinoor pleasure #3.png,RECODING,5,2,52270,114.56130981445312,130,RECKITT BENCKISER - INDIA,DUREX,DUREX KOHINOOR,DUREX KOHINOOR-SILKY CHOCOLATE CBP 3 NO DOTTED,CDBOX,3.000 NO,,,3.0,NO,0.0
19,2023-01-18,202301,1,124916559,52202010001,1673847470774,99764768,130,RECKITT BENCKISER - INDIA,KOHINOOR PLEASURE ,KOHINOOR PLEASURE/PINK/10 NOSE/CBP,128,CBP,10 NOSE,,1673847470774-reckitt benckiser - india-kohinoor pleasure #3.png,RECODING,5,3,46932,138.39651489257812,130,RECKITT BENCKISER - INDIA,DUREX,DUREX,DUREX-EXTENDED PLEASURE CBP 10 NO,CDBOX,10.000 NO,,,10.0,NO,0.0
20,2023-01-18,202301,1,124916559,52202010001,1673847135148,99764755,116,JAY MATA DI SANITARY UDHYOG-NP,TIPSY ULTRA CHOICE ,TIPSY ULTRA CHOICE/DAY & NIGHT/7 PADS/PPH,50,PPH,7 PADS,,1673847135148-jay mata di sanitary udhyog-np-tipsy ultra choice #3.png,RECODING,5,1,99764755,55.504241943359375,116,JAY MATA DI SANITARY UDHYOG-NP,TIPSY,TIPSY ULTRA CHOICE,TIPSY ULTRA CHOICE-PPH 7 NO,PLPCH,7.000 NO,,,7.0,NO,50.0
20,2023-01-18,202301,1,124916559,52202010001,1673847135148,99764755,116,JAY MATA DI SANITARY UDHYOG-NP,TIPSY ULTRA CHOICE ,TIPSY ULTRA CHOICE/DAY & NIGHT/7 PADS/PPH,50,PPH,7 PADS,,1673847135148-jay mata di sanitary udhyog-np-tipsy ultra choice #3.png,RECODING,5,2,99763781,78.00979614257812,116,JAY MATA DI SANITARY UDHYOG-NP,TIPSY,TIPSY ULTRA COMFORT,TIPSY ULTRA COMFORT-PPH 7 NO,PLPCH,7.000 NO,,,7.0,NO,100.0
20,2023-01-18,202301,1,124916559,52202010001,1673847135148,99764755,116,JAY MATA DI SANITARY UDHYOG-NP,TIPSY ULTRA CHOICE ,TIPSY ULTRA CHOICE/DAY & NIGHT/7 PADS/PPH,50,PPH,7 PADS,,1673847135148-jay mata di sanitary udhyog-np-tipsy ultra choice #3.png,RECODING,5,3,99762634,88.07051086425781,116,JAY MATA DI SANITARY UDHYOG-NP,TIPSY,TIPSY ULTRA CLASSIC,TIPSY ULTRA CLASSIC-PPH 7 NO,PLPCH,7.000 NO,,,7.0,NO,85.0
21,2023-01-18,202301,1,124916559,52202010001,1673847630083,99764769,130,RECKITT BENCKISER - INDIA,DUREX EXTRA THIN,DUREX EXTRA THIN/WILD STRAWBERY/3 NOSE/CBP,80,CBP,3 NOSE,,1673847630083-reckitt benckiser - india-durex extra thin#3.png,RECODING,5,1,99764769,53.786399841308594,130,RECKITT BENCKISER - INDIA,DUREX,DUREX,DUREX-EXTRA THIN WILD STRAWBERRY CBP 3 NOS,CDBOX,3.000 NO,,,3.0,NO,80.0
21,2023-01-18,202301,1,124916559,52202010001,1673847630083,99764769,130,RECKITT BENCKISER - INDIA,DUREX EXTRA THIN,DUREX EXTRA THIN/WILD STRAWBERY/3 NOSE/CBP,80,CBP,3 NOSE,,1673847630083-reckitt benckiser - india-durex extra thin#3.png,RECODING,5,2,45578,62.542755126953125,130,RECKITT BENCKISER - INDIA,DUREX,DUREX,DUREX-FEEL THIN CBP 3 NOS,CDBOX,3.000 NO,,,3.0,NO,0.0
21,2023-01-18,202301,1,124916559,52202010001,1673847630083,99764769,130,RECKITT BENCKISER - INDIA,DUREX EXTRA THIN,DUREX EXTRA THIN/WILD STRAWBERY/3 NOSE/CBP,80,CBP,3 NOSE,,1673847630083-reckitt benckiser - india-durex extra thin#3.png,RECODING,5,3,99763519,63.7438850402832,130,RECKITT BENCKISER - INDIA,DUREX,DUREX,DUREX-EXTRA TIME CBP 3 NOS,CDBOX,3.000 NO,,,3.0,NO,120.0
22,2023-01-18,202301,1,124916559,52202010001,1673933902691,99764771,132,PROCTER & GAMBLE - INDIA,PAMPERS,PAMPERS/HAPPY SKIN PANTS SMALL/10 PANTS/PPH,160,PPH,10 PANTS,,1673933902691-procter - gamble - india-pampers#3.png,RECODING,5,1,99764771,20.47100067138672,132,PROCTER & GAMBLE - INDIA,PAMPERS,PAMPERS,PAMPERS-HAPPY SKIN PANTS-SMALL(S)PPH 10 NOS,PLPCH,10.000 NO,,,10.0,NO,160.0
22,2023-01-18,202301,1,124916559,52202010001,1673933902691,99764771,132,PROCTER & GAMBLE - INDIA,PAMPERS,PAMPERS/HAPPY SKIN PANTS SMALL/10 PANTS/PPH,160,PPH,10 PANTS,,1673933902691-procter - gamble - india-pampers#3.png,RECODING,5,2,99762763,26.9785213470459,132,PROCTER & GAMBLE - INDIA,PAMPERS,PAMPERS,PAMPERS-HAPPY SKIN PANTS-SMALL(S)PPH 4 NOS,PLPCH,4.000 NO,,,4.0,NO,65.0
22,2023-01-18,202301,1,124916559,52202010001,1673933902691,99764771,132,PROCTER & GAMBLE - INDIA,PAMPERS,PAMPERS/HAPPY SKIN PANTS SMALL/10 PANTS/PPH,160,PPH,10 PANTS,,1673933902691-procter - gamble - india-pampers#3.png,RECODING,5,3,99762692,31.918813705444336,132,PROCTER & GAMBLE - INDIA,PAMPERS,PAMPERS,PAMPERS-HAPPY SKIN PANTS-MEDIUM(M)PPH 4 NOS,PLPCH,4.000 NO,,,4.0,NO,80.0
23,2023-01-19,202301,3,122041029,12303030071,1674033855842,99764767,126,NARAYAN RAJ PRODUCTS PVT LTD,PE PARAG,PE PARAG- PAAN MASALA PPH 1.87GM,3.5,PPH,1.87GM,,1674033855842-narayan raj products pvt ltd-pe parag#3.png,RECODING,5,1,99764767,33.33320999145508,126,NARAYAN RAJ PRODUCTS PVT LTD,PE PARAG,PE PARAG,1.87G PAAN MASALA,PLAST,1.87G,REGULAR,,1.87,GM,3.5
23,2023-01-19,202301,3,122041029,12303030071,1674033855842,99764767,126,NARAYAN RAJ PRODUCTS PVT LTD,PE PARAG,PE PARAG- PAAN MASALA PPH 1.87GM,3.5,PPH,1.87GM,,1674033855842-narayan raj products pvt ltd-pe parag#3.png,RECODING,5,2,99762300,45.4958610534668,126,NARAYAN RAJ PRODUCTS PVT LTD,PREM PARAG,PREM PARAG,1.87G PAAN MASALA,PLAST,1.87G,REGULAR,,1.87,,0.0
23,2023-01-19,202301,3,122041029,12303030071,1674033855842,99764767,126,NARAYAN RAJ PRODUCTS PVT LTD,PE PARAG,PE PARAG- PAAN MASALA PPH 1.87GM,3.5,PPH,1.87GM,,1674033855842-narayan raj products pvt ltd-pe parag#3.png,RECODING,5,3,99762217,49.591644287109375,126,NARAYAN RAJ PRODUCTS PVT LTD,RAJGHARANA,RAJGHARANA,2.5G PAAN MASALA,PLAST,2.5G,REGULAR,,2.5,,0.0
24,2023-01-19,202301,1,123460576,21301010002,1674041645241,99764757,117,SAGARMATHA HEALTH CARE,KETOKLAN-Z,KETOKLAN-Z\75\ML,336,TUBE,75 ML,New SKU,1674041645241-sagarmatha health care-ketoklan-z#3.png,RECODING,5,1,99764757,68.189453125,117,SAGARMATHA HEALTH CARE-INDIA,KETOKLAN-Z,KETOKLAN-Z,KETOKLAN-Z-KETOKONAZOLE & ZINC PYRITHIONE PBT 75 ML,PLBOT,75.000 ML,,,75.0,ML,336.0
24,2023-01-19,202301,1,123460576,21301010002,1674041645241,99764757,117,SAGARMATHA HEALTH CARE,KETOKLAN-Z,KETOKLAN-Z\75\ML,336,TUBE,75 ML,New SKU,1674041645241-sagarmatha health care-ketoklan-z#3.png,RECODING,5,2,47730,176.3811798095703,117,MARUTI PHARMA-NEPAL,KINZOLE,KINZOLE,KINZOLE-KETOCONAZOLE TUBE 50 GM,TUBE,50.000 GM,,,50.0,GM,0.0
24,2023-01-19,202301,1,123460576,21301010002,1674041645241,99764757,117,SAGARMATHA HEALTH CARE,KETOKLAN-Z,KETOKLAN-Z\75\ML,336,TUBE,75 ML,New SKU,1674041645241-sagarmatha health care-ketoklan-z#3.png,RECODING,5,3,47483,185.5682373046875,117,OREGON HEALTHCARE-INDIA,KETOFUR-Z,KETOFUR-Z,KETOFUR-Z-DANDRUFF FR SHINING PBT 100 ML,PLBOT,100.000 ML,,,100.0,ML,0.0
25,2023-01-19,202301,1,123877049,21301010045,1674019464251,99764764,123,KALASH SOAP INDUSTRIES-NEPAL,JUNI DISHWASH BAR,JUNI DISHWASH BAR\90\GM,10,PPH,90 GM,New SKU,1674019464251-kalash soap industries-nepal-juni dishwash bar#3.png,RECODING,5,1,99764592,83.92054748535156,123,KALASH SOAP INDUSTRIES-NEPAL,JUNI,JUNI,JUNI-PPH 100 GM,PLPCH,100.000 GM,,,100.0,GM,10.0
25,2023-01-19,202301,1,123877049,21301010045,1674019464251,99764764,123,KALASH SOAP INDUSTRIES-NEPAL,JUNI DISHWASH BAR,JUNI DISHWASH BAR\90\GM,10,PPH,90 GM,New SKU,1674019464251-kalash soap industries-nepal-juni dishwash bar#3.png,RECODING,5,2,50173,99.08161163330078,123,GOPAL SOAP INDUSTRIES - NEPAL,V SERIES,V SERIES,V SERIES-DISHWASH BAR PPH 70 GM,PLPCH,70.000 GM,,,70.0,GM,0.0
25,2023-01-19,202301,1,123877049,21301010045,1674019464251,99764764,123,KALASH SOAP INDUSTRIES-NEPAL,JUNI DISHWASH BAR,JUNI DISHWASH BAR\90\GM,10,PPH,90 GM,New SKU,1674019464251-kalash soap industries-nepal-juni dishwash bar#3.png,RECODING,5,3,99763076,108.72357177734375,123,BABA SOAP INDUSTRIES - NEPAL,MAGIC,MAGIC,MAGIC-HERBAL DISHWASH BAR PPH 95 GM,PLPCH,95.000 GM,,,95.0,GM,10.0
26,2023-01-19,202301,3,2110202347,21102030213,1674027364828,99764765,124,IPA GUTKHA UDHYOG,KICK,KICK/GUTKHA/KESAR/PPH/2GM/IPA GUTKHA UDHYOG,6,PPH,2GM,,1674027364828-ipa gutkha udhyog-kick#3.png,RECODING,5,1,99764765,53.67905807495117,124,IPA GUTKHA UDHYOG-NEPAL,KICK,KICK,2G GUTKA,PLAST,2G,REGULAR,,2.0,GM,6.0
26,2023-01-19,202301,3,2110202347,21102030213,1674027364828,99764765,124,IPA GUTKHA UDHYOG,KICK,KICK/GUTKHA/KESAR/PPH/2GM/IPA GUTKHA UDHYOG,6,PPH,2GM,,1674027364828-ipa gutkha udhyog-kick#3.png,RECODING,5,2,99765009,123.62635803222656,124,IPA GUTKHA UDHYOG-NEPAL,RR13,RR13,1G GUTKA,PLAST,1G,REGULAR,,1.0,GM,2.0
26,2023-01-19,202301,3,2110202347,21102030213,1674027364828,99764765,124,IPA GUTKHA UDHYOG,KICK,KICK/GUTKHA/KESAR/PPH/2GM/IPA GUTKHA UDHYOG,6,PPH,2GM,,1674027364828-ipa gutkha udhyog-kick#3.png,RECODING,5,3,99762599,195.99954223632812,124,MAHASHAKTI GUTKHA UDHYOG-NEPAL,YUB,YUB PARAG,2.3G GUTKA,PLAST,2.3G,REGULAR,,2.3,GM,5.0
27,2023-01-19,202301,1,122193104,12303010028,1673951226451,99764762,122,DS CHEMICALSPACKAGING UDHYOG NEPAL,REAL CLEAN,REAL CLEAN- DETERGENT POWDER 500GM,55,PPH,500GM,,1673951226451-ds chemicalspackaging udhyog nepal-real clean#3.png,RECODING,5,1,99764762,92.25192260742188,122,DS CHEMICAL PACKAGING UDHYOG-NPL,REAL CLEAN,REAL CLEAN,REAL CLEAN-DETERGENT POWDER PPH 500 GM,PLPCH,500.000 GM,,,500.0,GM,55.0
27,2023-01-19,202301,1,122193104,12303010028,1673951226451,99764762,122,DS CHEMICALSPACKAGING UDHYOG NEPAL,REAL CLEAN,REAL CLEAN- DETERGENT POWDER 500GM,55,PPH,500GM,,1673951226451-ds chemicalspackaging udhyog nepal-real clean#3.png,RECODING,5,2,99762547,107.75384521484375,122,NEPAL CHEM-NEPAL,SUN ULTRA,SUN ULTRA,SUN ULTRA-DETERGENT POWDER PPH 250 GM,PLPCH,250.000 GM,,,250.0,GM,20.0
27,2023-01-19,202301,1,122193104,12303010028,1673951226451,99764762,122,DS CHEMICALSPACKAGING UDHYOG NEPAL,REAL CLEAN,REAL CLEAN- DETERGENT POWDER 500GM,55,PPH,500GM,,1673951226451-ds chemicalspackaging udhyog nepal-real clean#3.png,RECODING,5,3,99762619,108.45501708984375,122,NEPAL CHEM-NEPAL,SUN ULTRA,SUN ULTRA,SUN ULTRA-DETERGENT POWDER PPH 500 GM,PLPCH,500.000 GM,,,500.0,GM,50.0
28,2023-01-20,202301,1,124491768,21301010065,1674126452656,99764772,106,HIMADRI FOOD-NEPAL,PRAN BUBBLE GUM,PRAN BUBBLE GUM PCN\375GM,150,PCN,375 GM,New SKU,1674126452656-himadri food-nepal-pran bubble gum#3.png,RECODING,5,1,99764772,15.160469055175781,106,HIMADRI FOOD-NEPAL,PRAN,PRAN BUBBLE GUM,PRAN BUBBLE GUM-ASSORTED PCN 375 GM,PLJAR,375.000 GM,ASSORTED,,375.0,GM,150.0
28,2023-01-20,202301,1,124491768,21301010065,1674126452656,99764772,106,HIMADRI FOOD-NEPAL,PRAN BUBBLE GUM,PRAN BUBBLE GUM PCN\375GM,150,PCN,375 GM,New SKU,1674126452656-himadri food-nepal-pran bubble gum#3.png,RECODING,5,2,52518,21.92713165283203,106,HIMADRI FOOD-NEPAL,PRAN,PRAN BUBBLE GUM,PRAN BUBBLE GUM-PPH 2.5 GM,PLPCH,2.500 GM,UNSPECIFIED,,2.5,GM,0.0
28,2023-01-20,202301,1,124491768,21301010065,1674126452656,99764772,106,HIMADRI FOOD-NEPAL,PRAN BUBBLE GUM,PRAN BUBBLE GUM PCN\375GM,150,PCN,375 GM,New SKU,1674126452656-himadri food-nepal-pran bubble gum#3.png,RECODING,5,3,99764582,90.69441223144531,106,HIMADRI FOOD-NEPAL,PRAN,PRAN LOLLIPOP,PRAN LOLLIPOP-ASSORTED PCN 1000 GM,PLJAR,1000.000 GM,ASSORTED,,1000.0,GM,400.0
29,2023-01-20,202301,2,113383396,21102020059,1674112527027,99764780,134,SINGAPORE BEVERAGE-NEPAL,FRUIT GEMS,FRUIT GEMS/KIWI,140,PPH,320 ML,,1674112527027-singapore beverage-nepal-fruit gems#3.png,RECODING,5,1,99764780,54.550209045410156,118,SINGAPORE BEVERAGE-NEPAL,FRUIT GEMS,FRUIT GEMS,KIWI PET 320 ML,PET,320.000 ML,KIWI,,320.0,ML,140.0
29,2023-01-20,202301,2,113383396,21102020059,1674112527027,99764780,134,SINGAPORE BEVERAGE-NEPAL,FRUIT GEMS,FRUIT GEMS/KIWI,140,PPH,320 ML,,1674112527027-singapore beverage-nepal-fruit gems#3.png,RECODING,5,2,99765186,65.76304626464844,118,SINGAPORE BEVERAGE-NEPAL,FRUIT GEMS,FRUIT GEMS,KIWI PET 250 ML,PET,250.000 ML,KIWI,,250.0,ML,100.0
29,2023-01-20,202301,2,113383396,21102020059,1674112527027,99764780,134,SINGAPORE BEVERAGE-NEPAL,FRUIT GEMS,FRUIT GEMS/KIWI,140,PPH,320 ML,,1674112527027-singapore beverage-nepal-fruit gems#3.png,RECODING,5,3,99765205,74.84776306152344,118,SINGAPORE BEVERAGE-NEPAL,FRUIT GEMS,FRUIT GEMS,PASSION FRUIT PET 320 ML,PET,320.000 ML,PASSION FRUIT,,320.0,ML,140.0
30,2023-01-20,202301,2,113383396,21102020059,1674112834901,99764781,134,SINGAPORE BEVERAGE-NEPAL,FRUIT GEMS,FRUIT GEMS/STRAWBERRY,140,140,320 ML,,1674112834901-singapore beverage-nepal-fruit gems#3.png,RECODING,5,1,99764781,48.93351364135742,118,SINGAPORE BEVERAGE-NEPAL,FRUIT GEMS,FRUIT GEMS,STRAWBERRY PET 320 ML,PET,320.000 ML,STRAWBERRY,,320.0,ML,140.0
30,2023-01-20,202301,2,113383396,21102020059,1674112834901,99764781,134,SINGAPORE BEVERAGE-NEPAL,FRUIT GEMS,FRUIT GEMS/STRAWBERRY,140,140,320 ML,,1674112834901-singapore beverage-nepal-fruit gems#3.png,RECODING,5,2,99765311,57.757415771484375,118,SINGAPORE BEVERAGE-NEPAL,FRUIT GEMS,FRUIT GEMS,STRAWBERRY PET 250 ML,PET,250.000 ML,STRAWBERRY,,250.0,ML,100.0
30,2023-01-20,202301,2,113383396,21102020059,1674112834901,99764781,134,SINGAPORE BEVERAGE-NEPAL,FRUIT GEMS,FRUIT GEMS/STRAWBERRY,140,140,320 ML,,1674112834901-singapore beverage-nepal-fruit gems#3.png,RECODING,5,3,99765205,70.37527465820312,118,SINGAPORE BEVERAGE-NEPAL,FRUIT GEMS,FRUIT GEMS,PASSION FRUIT PET 320 ML,PET,320.000 ML,PASSION FRUIT,,320.0,ML,140.0
31,2023-01-20,202301,1,130646198,22101010019,1674104082943,99764450,122,RSPL LTD-INDIA,GHADI,GHADI\110G\PPH\DETERGENT POWDER ,16,PPH,110GM,,1674104082943-rspl ltd-india-ghadi#3.png,CROSS CODING,2,1,99764450,13.859254837036133,122,RSPL LTD-INDIA,GHADI,GHADI,GHADI-DETERGENT POWDER PPH 110 GM,PLPCH,110.000 GM,,,110.0,GM,16.0
31,2023-01-20,202301,1,130646198,22101010019,1674104082943,99764450,122,RSPL LTD-INDIA,GHADI,GHADI\110G\PPH\DETERGENT POWDER ,16,PPH,110GM,,1674104082943-rspl ltd-india-ghadi#3.png,CROSS CODING,2,2,99764236,88.41200256347656,122,RSPL LTD-INDIA,GHADI,GHADI MACHINE WASH,GHADI MACHINE WASH-PPH 110 GM,PLPCH,110.000 GM,,,110.0,GM,16.0
31,2023-01-20,202301,1,130646198,22101010019,1674104082943,99764450,122,RSPL LTD-INDIA,GHADI,GHADI\110G\PPH\DETERGENT POWDER ,16,PPH,110GM,,1674104082943-rspl ltd-india-ghadi#3.png,CROSS CODING,2,3,51669,95.35707092285156,122,RSPL LTD-INDIA,UNI WASH,UNI WASH,UNI WASH-DETERGENT POWDER PPH 90 GM,PLPCH,90.000 GM,,,90.0,GM,0.0
32,2023-01-20,202301,1,130971813,22101010016,1674106571441,99764773,106,PERFETTI VAN MELLE-INDIA,ALPENLIEBE JUICYFILLS,ALPENLIEBE JUICYFILLS\570FM\PCN JAR\MANGO FLAVOUR ,375,PCN JAR,150GM,,1674106571441-perfetti van melle-india-alpenliebe juicyfills#3.png,RECODING,5,1,99763390,54.734378814697266,106,PERFETTI VAN MELLE-INDIA,ALPENLIEBE,ALPENLIEBE JUICYFILLS,ALPENLIEBE JUICYFILLS-MANGO PPH 3.8 GM,PLPCH,3.800 GM,MANGO,,3.8,GM,2.0
32,2023-01-20,202301,1,130971813,22101010016,1674106571441,99764773,106,PERFETTI VAN MELLE-INDIA,ALPENLIEBE JUICYFILLS,ALPENLIEBE JUICYFILLS\570FM\PCN JAR\MANGO FLAVOUR ,375,PCN JAR,150GM,,1674106571441-perfetti van melle-india-alpenliebe juicyfills#3.png,RECODING,5,2,99764773,62.124359130859375,106,PERFETTI VAN MELLE-INDIA,ALPENLIEBE,ALPENLIEBE JUICYFILLS,ALPENLIEBE JUICYFILLS-ORANGE&MANGO PCN 570 GM,PLJAR,570.000 GM,ASSORTED,,570.0,GM,375.0
32,2023-01-20,202301,1,130971813,22101010016,1674106571441,99764773,106,PERFETTI VAN MELLE-INDIA,ALPENLIEBE JUICYFILLS,ALPENLIEBE JUICYFILLS\570FM\PCN JAR\MANGO FLAVOUR ,375,PCN JAR,150GM,,1674106571441-perfetti van melle-india-alpenliebe juicyfills#3.png,RECODING,5,3,47299,81.33607482910156,106,PERFETTI VAN MELLE-INDIA,ALPENLIEBE,ALPENLIEBE JUZT JELLY,ALPENLIEBE JUZT JELLY-RIPE MANGO PPH 3.7 GM,PLPCH,3.700 GM,MANGO,,3.7,GM,0.0
33,2023-01-20,202301,1,130971813,22101010016,1674106190167,99764774,106,PERFETTI VAN MELLE-INDIA,HAPPYDENT WAVE,HAPPYDENT WAVE\409.5GM\PCN JAR\ORANGE FLAVOUR ,487.5,PCN JAR,409.5GM,,1674106190167-perfetti van melle-india-happydent wave#3.png,RECODING,5,1,99764774,50.53193664550781,106,PERFETTI VAN MELLE-INDIA,HAPPYDENT,HAPPYDENT WAVE,HAPPYDENT WAVE- ORANGE PCN 409.5 GM,PLJAR,409.500 GM,ORANGE,,409.5,GM,487.5
33,2023-01-20,202301,1,130971813,22101010016,1674106190167,99764774,106,PERFETTI VAN MELLE-INDIA,HAPPYDENT WAVE,HAPPYDENT WAVE\409.5GM\PCN JAR\ORANGE FLAVOUR ,487.5,PCN JAR,409.5GM,,1674106190167-perfetti van melle-india-happydent wave#3.png,RECODING,5,2,99764313,58.358680725097656,106,PERFETTI VAN MELLE-INDIA,HAPPYDENT,HAPPYDENT WAVE,HAPPYDENT WAVE-ORANGE PPH 2.1 GM,PLPCH,2.100 GM,ORANGE,,2.1,GM,2.5
33,2023-01-20,202301,1,130971813,22101010016,1674106190167,99764774,106,PERFETTI VAN MELLE-INDIA,HAPPYDENT WAVE,HAPPYDENT WAVE\409.5GM\PCN JAR\ORANGE FLAVOUR ,487.5,PCN JAR,409.5GM,,1674106190167-perfetti van melle-india-happydent wave#3.png,RECODING,5,3,99764606,59.314208984375,106,PERFETTI VAN MELLE-INDIA,HAPPYDENT,HAPPYDENT WAVE,HAPPYDENT WAVE- PEPPERMINT PCN 409.5 GM,PLJAR,409.500 GM,PEPPERMINT,,409.5,GM,488.0
34,2023-01-20,202301,1,124683707,52202010017,1674115114376,99764775,106,PERFETTI VAN MELLE-INDIA,CENTER FRUIT,CENTER FRUIT/WATERMELON/420GM/PCN,350,PCN,420GM,,1674115114376-perfetti van melle-india-center fruit#3.png,RECODING,5,1,99764775,30.959083557128906,106,PERFETTI VAN MELLE-INDIA,CENTER FRUIT,CENTER FRUIT,CENTER FRUIT- WATER MELON PCN 420 GM,PLJAR,420.000 GM,WATER MELON,,420.0,GM,350.0
34,2023-01-20,202301,1,124683707,52202010017,1674115114376,99764775,106,PERFETTI VAN MELLE-INDIA,CENTER FRUIT,CENTER FRUIT/WATERMELON/420GM/PCN,350,PCN,420GM,,1674115114376-perfetti van melle-india-center fruit#3.png,RECODING,5,2,91826066,33.922218322753906,106,PERFETTI VAN MELLE-INDIA,CENTER FRUIT,CENTER FRUIT,CENTER FRUIT- WATERMELON PPH 3.4 GM,PLPCH,3.400 GM,WATER MELON,,3.4,GM,0.0
34,2023-01-20,202301,1,124683707,52202010017,1674115114376,99764775,106,PERFETTI VAN MELLE-INDIA,CENTER FRUIT,CENTER FRUIT/WATERMELON/420GM/PCN,350,PCN,420GM,,1674115114376-perfetti van melle-india-center fruit#3.png,RECODING,5,3,51731,34.470054626464844,106,PERFETTI VAN MELLE-INDIA,CENTER FRUIT,CENTER FRUIT,CENTER FRUIT-WATERMELON PPH 23.60 GM,PLPCH,23.600 GM,WATER MELON,,23.6,GM,0.0
35,2023-01-20,202301,1,124683707,52202010017,1674114559476,99764776,106,PERFETTI VAN MELLE-INDIA,ALPENLIEBE JUZT JELLY,ALPENLIEBE JUZT JELLY/GUAVA/518GM/PCN,350,PCN,518GM,,1674114559476-perfetti van melle-india-alpenliebe juzt jelly#3.png,RECODING,5,1,99764776,19.725893020629883,106,PERFETTI VAN MELLE-INDIA,ALPENLIEBE,ALPENLIEBE JUZT JELLY,ALPENLIEBE JUZT JELLY-GUAVA PCN 518 GM,PLJAR,518.000 GM,GUAVA,,518.0,GM,350.0
35,2023-01-20,202301,1,124683707,52202010017,1674114559476,99764776,106,PERFETTI VAN MELLE-INDIA,ALPENLIEBE JUZT JELLY,ALPENLIEBE JUZT JELLY/GUAVA/518GM/PCN,350,PCN,518GM,,1674114559476-perfetti van melle-india-alpenliebe juzt jelly#3.png,RECODING,5,2,52494,25.477197647094727,106,PERFETTI VAN MELLE-INDIA,ALPENLIEBE,ALPENLIEBE JUZT JELLY,ALPENLIEBE JUZT JELLY-GUAVA PPH 3.8 GM,PLPCH,3.800 GM,GUAVA,,3.8,GM,0.0
35,2023-01-20,202301,1,124683707,52202010017,1674114559476,99764776,106,PERFETTI VAN MELLE-INDIA,ALPENLIEBE JUZT JELLY,ALPENLIEBE JUZT JELLY/GUAVA/518GM/PCN,350,PCN,518GM,,1674114559476-perfetti van melle-india-alpenliebe juzt jelly#3.png,RECODING,5,3,91826056,25.902973175048828,106,PERFETTI VAN MELLE-INDIA,ALPENLIEBE,ALPENLIEBE JUZT JELLY,ALPENLIEBE JUZT JELLY- GUAVA PPH 3.7 GM,PLPCH,3.700 GM,GUAVA,,3.7,GM,0.0
36,2023-01-20,202301,1,124683707,52202010017,1674114152112,99764772,106,HIMADRI FOOD-NEPAL,PRAN BUBBLE GUM,PRAN BUBBLE GUM/375GM/PCN,120,PCN,375GM,,1674114152112-himadri food-nepal-pran bubble gum#3.png,RECODING,5,1,99764772,21.198265075683594,106,HIMADRI FOOD-NEPAL,PRAN,PRAN BUBBLE GUM,PRAN BUBBLE GUM-ASSORTED PCN 375 GM,PLJAR,375.000 GM,ASSORTED,,375.0,GM,150.0
36,2023-01-20,202301,1,124683707,52202010017,1674114152112,99764772,106,HIMADRI FOOD-NEPAL,PRAN BUBBLE GUM,PRAN BUBBLE GUM/375GM/PCN,120,PCN,375GM,,1674114152112-himadri food-nepal-pran bubble gum#3.png,RECODING,5,2,52518,25.438278198242188,106,HIMADRI FOOD-NEPAL,PRAN,PRAN BUBBLE GUM,PRAN BUBBLE GUM-PPH 2.5 GM,PLPCH,2.500 GM,UNSPECIFIED,,2.5,GM,0.0
36,2023-01-20,202301,1,124683707,52202010017,1674114152112,99764772,106,HIMADRI FOOD-NEPAL,PRAN BUBBLE GUM,PRAN BUBBLE GUM/375GM/PCN,120,PCN,375GM,,1674114152112-himadri food-nepal-pran bubble gum#3.png,RECODING,5,3,47611,94.22583770751953,106,HIMADRI FOOD-NEPAL,PRAN,PRAN MILK CANDY,PRAN MILK CANDY-PPH 2.5 GM,PLPCH,2.500 GM,MILK,,2.5,GM,0.0
37,2023-01-20,202301,1,122755596,12303010014,1674116696870,99764778,123,MAHABIR SOAP & CHEMICAL- NEPAL,LION HERBAL,LION HERBAL-LEMON & NEEM PPH 150GM,20,PPH,150GM,,1674116696870-mahabir soap - chemical- nepal-lion herbal#3.png,RECODING,5,1,99764778,48.1909065246582,123,MAHASHAKTI SOAP & CHEM.- NEPAL,LION,LION HERBAL,LION HERBAL-LEMON & NEEM PPH 150 GM,PLPCH,150.000 GM,,,150.0,GM,20.0
37,2023-01-20,202301,1,122755596,12303010014,1674116696870,99764778,123,MAHABIR SOAP & CHEMICAL- NEPAL,LION HERBAL,LION HERBAL-LEMON & NEEM PPH 150GM,20,PPH,150GM,,1674116696870-mahabir soap - chemical- nepal-lion herbal#3.png,RECODING,5,2,99763785,50.11925506591797,123,MAHASHAKTI SOAP & CHEM.- NEPAL,LION,LION HERBAL,LION HERBAL-LEMON & NEEM PPH 200 GM,PLPCH,200.000 GM,,,200.0,GM,10.0
37,2023-01-20,202301,1,122755596,12303010014,1674116696870,99764778,123,MAHABIR SOAP & CHEMICAL- NEPAL,LION HERBAL,LION HERBAL-LEMON & NEEM PPH 150GM,20,PPH,150GM,,1674116696870-mahabir soap - chemical- nepal-lion herbal#3.png,RECODING,5,3,99764097,51.44049835205078,123,MAHASHAKTI SOAP & CHEM.- NEPAL,LION,LION HERBAL,LION HERBAL-LEMON & NEEM PPH 100 GM,PLPCH,100.000 GM,,,100.0,GM,10.0
38,2023-01-20,202301,1,123492101,12303010043,1674115586560,99764777,122,KRISHNA CLEARING PRODUCT NEPAL,PUSHPANJALI,PUSHPANJALI DETERGENT POWDER ANTI-BACTERIAL NEEM WITH FRESH ROSE FRAGNANCE,100,PPH,1KG,,1674115586560-krishna clearing product nepal-pushpanjali#3.png,RECODING,5,1,99764777,77.43635559082031,122,KRISHNA CLEANING PRODUCT-NEPAL,PUSHPANJALI,PUSHPANJALI,PUSHPANJALI-NEEM & ROSE PPH 1000 GM,PLPCH,1000.000 GM,,,1000.0,GM,100.0
38,2023-01-20,202301,1,123492101,12303010043,1674115586560,99764777,122,KRISHNA CLEARING PRODUCT NEPAL,PUSHPANJALI,PUSHPANJALI DETERGENT POWDER ANTI-BACTERIAL NEEM WITH FRESH ROSE FRAGNANCE,100,PPH,1KG,,1674115586560-krishna clearing product nepal-pushpanjali#3.png,RECODING,5,2,99764046,123.00180053710938,122,PATANJALI AYURVED PVT LTD-NEPAL,PATANJALI,PATANJALI,PATANJALI-ANTI BACTERIAL NEEM FRESH ROSE PPH 750GM+20% EXTRA,PLPCH,750.000 GM,,,900.0,GM,100.0
38,2023-01-20,202301,1,123492101,12303010043,1674115586560,99764777,122,KRISHNA CLEARING PRODUCT NEPAL,PUSHPANJALI,PUSHPANJALI DETERGENT POWDER ANTI-BACTERIAL NEEM WITH FRESH ROSE FRAGNANCE,100,PPH,1KG,,1674115586560-krishna clearing product nepal-pushpanjali#3.png,RECODING,5,3,99763956,128.86993408203125,122,PATANJALI AYURVED PVT LTD-NEPAL,PATANJALI,PATANJALI,PATANJALI-ANTI BACTERIAL NEEM FRESH ROSE PPH 500GM,PLPCH,500.000 GM,,,500.0,GM,55.0
39,2023-01-20,202301,1,122380503,12303010054,1674031790433,99764779,123,GOPAL SOAP INDUSTRIES - NEPAL,V SERIES PLUS,V SERIES PLUS-HERBAL DISHWASH BAR LEMON & WOOD ASH 30GM EXTRA PPH 120GM,20,PPH,120GM+30GMEXTRA,,1674031790433-gopal soap industries - nepal-v series plus#3.png,RECODING,5,1,99764779,36.930458068847656,123,GOPAL SOAP INDUSTRIES - NEPAL,V SERIES,V SERIES PLUS,V SERIES PLUS-HERBL LEMON&WOOD ASH PPH 120 GM+30GM EXTRA,PLPCH,120.000 GM,,,150.0,GM,20.0
39,2023-01-20,202301,1,122380503,12303010054,1674031790433,99764779,123,GOPAL SOAP INDUSTRIES - NEPAL,V SERIES PLUS,V SERIES PLUS-HERBAL DISHWASH BAR LEMON & WOOD ASH 30GM EXTRA PPH 120GM,20,PPH,120GM+30GMEXTRA,,1674031790433-gopal soap industries - nepal-v series plus#3.png,RECODING,5,2,50173,47.522178649902344,123,GOPAL SOAP INDUSTRIES - NEPAL,V SERIES,V SERIES,V SERIES-DISHWASH BAR PPH 70 GM,PLPCH,70.000 GM,,,70.0,GM,0.0
39,2023-01-20,202301,1,122380503,12303010054,1674031790433,99764779,123,GOPAL SOAP INDUSTRIES - NEPAL,V SERIES PLUS,V SERIES PLUS-HERBAL DISHWASH BAR LEMON & WOOD ASH 30GM EXTRA PPH 120GM,20,PPH,120GM+30GMEXTRA,,1674031790433-gopal soap industries - nepal-v series plus#3.png,RECODING,5,3,99764182,51.386436462402344,123,GOPAL SOAP INDUSTRIES - NEPAL,V SERIES,V SERIES PLUS,V SERIES PLUS-LEMON & WOOD ASH PPH 60 GM+15 GM FREE,PLPCH,60.000 GM,,,75.0,GM,10.0
40,2023-01-21,202301,1,131065174,22101010022,1674195083354,99764782,106,PERFETTI VAN MELLE-INDIA,ALPENLIEBE ECLAIRS PLUS ,ALPENLIEBE ECLAIRS PLUS\686.8GM\PCN\COFFEE CHOCO CHEWY TOFFEE ,325,PCN,686.8GM,,1674195083354-perfetti van melle-india-alpenliebe eclairs plus #3.png,RECODING,5,1,99764782,42.53169250488281,106,PERFETTI VAN MELLE-INDIA,ALPENLIEBE,ALPENLIEBE ECLAIRS PLUS,ALPENLIEBE ECLAIRS PLUS-COFFEE PCN 686.8 GM,PLJAR,686.800 GM,COFFEE,,686.8,GM,325.0
40,2023-01-21,202301,1,131065174,22101010022,1674195083354,99764782,106,PERFETTI VAN MELLE-INDIA,ALPENLIEBE ECLAIRS PLUS ,ALPENLIEBE ECLAIRS PLUS\686.8GM\PCN\COFFEE CHOCO CHEWY TOFFEE ,325,PCN,686.8GM,,1674195083354-perfetti van melle-india-alpenliebe eclairs plus #3.png,RECODING,5,2,50969,62.1957893371582,106,PERFETTI VAN MELLE-INDIA,ALPENLIEBE,ALPENLIEBE CREAMFILLS,ALPENLIEBE CREAMFILLS-COFEE TOFFEE PPH 3.8 GM,PLPCH,3.800 GM,COFFEE,,3.8,GM,0.0
40,2023-01-21,202301,1,131065174,22101010022,1674195083354,99764782,106,PERFETTI VAN MELLE-INDIA,ALPENLIEBE ECLAIRS PLUS ,ALPENLIEBE ECLAIRS PLUS\686.8GM\PCN\COFFEE CHOCO CHEWY TOFFEE ,325,PCN,686.8GM,,1674195083354-perfetti van melle-india-alpenliebe eclairs plus #3.png,RECODING,5,3,91826160,65.50630187988281,106,PERFETTI VAN MELLE-INDIA,ALPENLIEBE,ALPENLIEBE CAFEFILLS,ALPENLIEBE CAFEFILLS- COFFEE CAPPUCCINO  PPH 3.8 GM,PLPCH,3.800 GM,COFFEE,,3.8,GM,0.0
41,2023-01-21,202301,1,131065174,22101010022,1674104082943,99764450,122,RSPL LTD-INDIA,GHADI,GHADI\110G\PPH\DETERGENT POWDER ,16,PPH,110GM,,1674104082943-rspl ltd-india-ghadi#3.png,CROSS CODING,2,1,99764450,13.859254837036133,122,RSPL LTD-INDIA,GHADI,GHADI,GHADI-DETERGENT POWDER PPH 110 GM,PLPCH,110.000 GM,,,110.0,GM,16.0
41,2023-01-21,202301,1,131065174,22101010022,1674104082943,99764450,122,RSPL LTD-INDIA,GHADI,GHADI\110G\PPH\DETERGENT POWDER ,16,PPH,110GM,,1674104082943-rspl ltd-india-ghadi#3.png,CROSS CODING,2,2,99764236,88.41200256347656,122,RSPL LTD-INDIA,GHADI,GHADI MACHINE WASH,GHADI MACHINE WASH-PPH 110 GM,PLPCH,110.000 GM,,,110.0,GM,16.0
41,2023-01-21,202301,1,131065174,22101010022,1674104082943,99764450,122,RSPL LTD-INDIA,GHADI,GHADI\110G\PPH\DETERGENT POWDER ,16,PPH,110GM,,1674104082943-rspl ltd-india-ghadi#3.png,CROSS CODING,2,3,51669,95.35707092285156,122,RSPL LTD-INDIA,UNI WASH,UNI WASH,UNI WASH-DETERGENT POWDER PPH 90 GM,PLPCH,90.000 GM,,,90.0,GM,0.0
42,2023-01-21,202301,1,127031725,22101010021,1674196462690,99764783,106,PERFETTI VAN MELLE-INDIA,ALPENLIEBE  JUZT JELLY,ALPENLIEBE JUZT JELLY\832.5GM\PCN\STRAWBERRY FLAVOUR ,360,PCN,832.5GM,,1674196462690-perfetti van melle-india-alpenliebe  juzt jelly#3.png,RECODING,5,1,99764783,30.64982032775879,106,PERFETTI VAN MELLE-INDIA,ALPENLIEBE,ALPENLIEBE JUZT JELLY,ALPENLIEBE JUZT JELLY-STRAWBERRY PCN 832.5 GM,PLJAR,832.500 GM,STRAWBERRY,,832.5,GM,360.0
42,2023-01-21,202301,1,127031725,22101010021,1674196462690,99764783,106,PERFETTI VAN MELLE-INDIA,ALPENLIEBE  JUZT JELLY,ALPENLIEBE JUZT JELLY\832.5GM\PCN\STRAWBERRY FLAVOUR ,360,PCN,832.5GM,,1674196462690-perfetti van melle-india-alpenliebe  juzt jelly#3.png,RECODING,5,2,52212,36.82470703125,106,PERFETTI VAN MELLE-INDIA,ALPENLIEBE,ALPENLIEBE JUZT JELLY,ALPENLIEBE JUZT JELLY-STRAWBERRY PPH 3.8 GM,PLPCH,3.800 GM,STRAWBERRY,,3.8,GM,0.0
42,2023-01-21,202301,1,127031725,22101010021,1674196462690,99764783,106,PERFETTI VAN MELLE-INDIA,ALPENLIEBE  JUZT JELLY,ALPENLIEBE JUZT JELLY\832.5GM\PCN\STRAWBERRY FLAVOUR ,360,PCN,832.5GM,,1674196462690-perfetti van melle-india-alpenliebe  juzt jelly#3.png,RECODING,5,3,91826058,37.272216796875,106,PERFETTI VAN MELLE-INDIA,ALPENLIEBE,ALPENLIEBE JUZT JELLY,ALPENLIEBE JUZT JELLY- STRAWBERRY PPH 3.7 GM,PLPCH,3.700 GM,STRAWBERRY,,3.7,GM,0.0
43,2023-01-21,202301,1,122591122,21301010068,1674201473832,99764785,123,MAHASHAKTI SOAP & CHEM.- NEPAL,LION 100% WASHING  SOAP,LION 100% PURE WASHING SOAP\300\GM,50,PPH,300 GM,New SKU,1674201473832-mahashakti soap - chem-- nepal-lion 100- washing  soap#3.png,RECODING,5,1,51723,13.412593841552734,123,MAHASHAKTI SOAP & CHEM.- NEPAL,LION,LION 100%,LION 100%-PURE WASHING SOAP PPH 220 GM,PLPCH,220.000 GM,,,220.0,GM,0.0
43,2023-01-21,202301,1,122591122,21301010068,1674201473832,99764785,123,MAHASHAKTI SOAP & CHEM.- NEPAL,LION 100% WASHING  SOAP,LION 100% PURE WASHING SOAP\300\GM,50,PPH,300 GM,New SKU,1674201473832-mahashakti soap - chem-- nepal-lion 100- washing  soap#3.png,RECODING,5,2,99764785,28.096790313720703,123,MAHASHAKTI SOAP & CHEM.- NEPAL,LION 100%,LION 100%,LION 100%-PPH 300 GM,PLPCH,300.000 GM,,,300.0,GM,50.0
43,2023-01-21,202301,1,122591122,21301010068,1674201473832,99764785,123,MAHASHAKTI SOAP & CHEM.- NEPAL,LION 100% WASHING  SOAP,LION 100% PURE WASHING SOAP\300\GM,50,PPH,300 GM,New SKU,1674201473832-mahashakti soap - chem-- nepal-lion 100- washing  soap#3.png,RECODING,5,3,99762613,29.231983184814453,123,MAHASHAKTI SOAP & CHEM.- NEPAL,LION 100%,LION 100%,LION 100%-PPH 250 GM,PLPCH,250.000 GM,,,250.0,GM,50.0
44,2023-01-21,202301,1,124057041,21301010052,1674198042997,99764786,123,KWALITY CHEM PVT LTD-NEPAL,PUREX LAUNDRY SOAP,PUREX LAUNDRY SOAP\250\GM,50,PPH,250 GM,New SKU,1674198042997-kwality chem pvt ltd-nepal-purex laundry soap#3.png,RECODING,5,1,99764786,14.914661407470703,123,KWALITY CHEM PVT LTD-NEPAL,PUREX,PUREX,PUREX-LAUNDRY SOAP PPH 250 GM,PLPCH,250.000 GM,,,250.0,GM,50.0
44,2023-01-21,202301,1,124057041,21301010052,1674198042997,99764786,123,KWALITY CHEM PVT LTD-NEPAL,PUREX LAUNDRY SOAP,PUREX LAUNDRY SOAP\250\GM,50,PPH,250 GM,New SKU,1674198042997-kwality chem pvt ltd-nepal-purex laundry soap#3.png,RECODING,5,2,99763955,19.15187644958496,123,KWALITY CHEM PVT LTD-NEPAL,PUREX,PUREX,PUREX-LAUNDRY SOAP PPH 200 GM,PLPCH,200.000 GM,,,200.0,GM,40.0
44,2023-01-21,202301,1,124057041,21301010052,1674198042997,99764786,123,KWALITY CHEM PVT LTD-NEPAL,PUREX LAUNDRY SOAP,PUREX LAUNDRY SOAP\250\GM,50,PPH,250 GM,New SKU,1674198042997-kwality chem pvt ltd-nepal-purex laundry soap#3.png,RECODING,5,3,99763369,35.99114990234375,123,KWALITY CHEM PVT LTD-NEPAL,KWALITY,KWALITY,KWALITY-LAUNDRY SOAP PPH 250 GM,PLPCH,250.000 GM,,,250.0,GM,50.0
45,2023-01-21,202301,1,123721069,31101010080,1674191756097,99764784,120,HIMGIRI SOAP & CHEMICALS-NEPAL,LARK,LARK FRAGRANCED\12GM\PPH\RS:10\HIMGIRI SOAP&CHEMICAL INDUSTRIES PLTD NEPAL,10,PPH,12GM,New SKU,1674191756097-himgiri soap - chemicals-nepal-lark#3.png,RECODING,5,1,99764784,22.899585723876953,120,HIMGIRI SOAP & CHEMICALS-NEPAL,LARK,LARK,LARK-FRAGRANCED PPH 12 GM,PLPCH,12.000 GM,,,12.0,GM,10.0
45,2023-01-21,202301,1,123721069,31101010080,1674191756097,99764784,120,HIMGIRI SOAP & CHEMICALS-NEPAL,LARK,LARK FRAGRANCED\12GM\PPH\RS:10\HIMGIRI SOAP&CHEMICAL INDUSTRIES PLTD NEPAL,10,PPH,12GM,New SKU,1674191756097-himgiri soap - chemicals-nepal-lark#3.png,RECODING,5,2,49218,29.16787338256836,120,HIMGIRI SOAP & CHEMICALS-NEPAL,LARK,LARK,LARK-FRAGRANCED PPH 15 GM,PLPCH,15.000 GM,,,15.0,GM,0.0
45,2023-01-21,202301,1,123721069,31101010080,1674191756097,99764784,120,HIMGIRI SOAP & CHEMICALS-NEPAL,LARK,LARK FRAGRANCED\12GM\PPH\RS:10\HIMGIRI SOAP&CHEMICAL INDUSTRIES PLTD NEPAL,10,PPH,12GM,New SKU,1674191756097-himgiri soap - chemicals-nepal-lark#3.png,RECODING,5,3,45841,66.76951599121094,120,HIMGIRI SOAP & CHEMICALS-NEPAL,LARK,LARK BEAUTY SOAP,LARK BEAUTY SOAP-ROSE MILK CRAM EWP 75 GMS,EWRPK,75.000 GM,,,75.0,GM,0.0
46,2023-01-21,202301,3,123126414,12303030055,1674201436472,99764787,124,SAKAMBARI PRODUCT NEPAL,SHREE NAAZ,SHREE NAAZ GUTKHA PPH 1.7GM,3,PPH,1.7GM,,1674201436472-sakambari product nepal-shree naaz#3.png,RECODING,5,1,99764787,32.281532287597656,124,SAKAMBARI PRODUCT-NEPAL,SHREE NAAZ,SHREE NAAZ,1.7G GUTKA,PLAST,1.7G,REGULAR,,1.7,GM,3.0
46,2023-01-21,202301,3,123126414,12303030055,1674201436472,99764787,124,SAKAMBARI PRODUCT NEPAL,SHREE NAAZ,SHREE NAAZ GUTKHA PPH 1.7GM,3,PPH,1.7GM,,1674201436472-sakambari product nepal-shree naaz#3.png,RECODING,5,2,99762599,148.40451049804688,124,MAHASHAKTI GUTKHA UDHYOG-NEPAL,YUB,YUB PARAG,2.3G GUTKA,PLAST,2.3G,REGULAR,,2.3,GM,5.0
46,2023-01-21,202301,3,123126414,12303030055,1674201436472,99764787,124,SAKAMBARI PRODUCT NEPAL,SHREE NAAZ,SHREE NAAZ GUTKHA PPH 1.7GM,3,PPH,1.7GM,,1674201436472-sakambari product nepal-shree naaz#3.png,RECODING,5,3,99762226,152.985595703125,124,SHREE SHIVA SHAKTI PRODUCTS,PARAG,PARAG,2.3G GUTKA,PLAST,2.3G,REGULAR,,2.3,,0.0
47,2023-01-21,202301,1,111688106,21102010001,1674199608120,99764788,129,COOPER PHARMA LI.ITED,D-PILL,D-PILL/1 NOS,80,CBP,1 NOS,,1674199608120-cooper pharma li-ited-d-pill#3.png,RECODING,5,1,99764788,104.83197021484375,129,COOPER PHARMA LTD-INDIA,D-PILL,D-PILL,D-PILL-CBP 1 NOS,CDBOX,1.000 NO,,,1.0,NO,80.0
47,2023-01-21,202301,1,111688106,21102010001,1674199608120,99764788,129,COOPER PHARMA LI.ITED,D-PILL,D-PILL/1 NOS,80,CBP,1 NOS,,1674199608120-cooper pharma li-ited-d-pill#3.png,RECODING,5,2,90722988,261.8759765625,129,S R DRUG LAB - NEPAL,CONTRAGEST,CONTRAGEST,CONTRAGEST-CBP 2 NOS,CDBOX,2.000 NO,,,2.0,NO,0.0
47,2023-01-21,202301,1,111688106,21102010001,1674199608120,99764788,129,COOPER PHARMA LI.ITED,D-PILL,D-PILL/1 NOS,80,CBP,1 NOS,,1674199608120-cooper pharma li-ited-d-pill#3.png,RECODING,5,3,90723034,269.9329833984375,129,MEDOZ PHARMACEUTICAL P LTD-IND,IPL-72,IPL-72,IPL-72-CBP 1 NOS,CDBOX,1.000 NO,,,1.0,NO,0.0
48,2023-01-23,202301,3,1210102221,12101030114,1674366183734,99764792,125,RAJA AND SUN INDIA,DOUBLE PAHALWAN,DOUBLE PAHALWAN KHAINI PPH.- 20GM.,8,PPH.,20GM.,,1674366183734-raja and sun india-double pahalwan#3.png,RECODING,5,1,99764792,77.59152221679688,125,RAJA & SONS-INDIA,DOUBLE PAHALWAN,DOUBLE PAHALWAN,20G KHAINI,PLAST,20G,REGULAR,,20.0,GM,8.0
48,2023-01-23,202301,3,1210102221,12101030114,1674366183734,99764792,125,RAJA AND SUN INDIA,DOUBLE PAHALWAN,DOUBLE PAHALWAN KHAINI PPH.- 20GM.,8,PPH.,20GM.,,1674366183734-raja and sun india-double pahalwan#3.png,RECODING,5,2,99762227,182.45106506347656,125,NAVAKIRAN SURTI UDHYOG,GHADI,GHADI,20G KHAINI,PLAST,20G,REGULAR,,20.0,,0.0
48,2023-01-23,202301,3,1210102221,12101030114,1674366183734,99764792,125,RAJA AND SUN INDIA,DOUBLE PAHALWAN,DOUBLE PAHALWAN KHAINI PPH.- 20GM.,8,PPH.,20GM.,,1674366183734-raja and sun india-double pahalwan#3.png,RECODING,5,3,99762328,184.39385986328125,125,PUJA SURTI UDHYOG,KANHAIYA,KANHAIYA,20G KHAINI,PLAST,20G,REGULAR,,20.0,,0.0
49,2023-01-23,202301,3,1210101175,12101030090,1674366183734,99764792,125,RAJA AND SUN INDIA,DOUBLE PAHALWAN,DOUBLE PAHALWAN KHAINI PPH.- 20GM.,8,PPH.,20GM.,,1674366183734-raja and sun india-double pahalwan#3.png,RECODING,5,1,99764792,77.59152221679688,125,RAJA & SONS-INDIA,DOUBLE PAHALWAN,DOUBLE PAHALWAN,20G KHAINI,PLAST,20G,REGULAR,,20.0,GM,8.0
49,2023-01-23,202301,3,1210101175,12101030090,1674366183734,99764792,125,RAJA AND SUN INDIA,DOUBLE PAHALWAN,DOUBLE PAHALWAN KHAINI PPH.- 20GM.,8,PPH.,20GM.,,1674366183734-raja and sun india-double pahalwan#3.png,RECODING,5,2,99762227,182.45106506347656,125,NAVAKIRAN SURTI UDHYOG,GHADI,GHADI,20G KHAINI,PLAST,20G,REGULAR,,20.0,,0.0
49,2023-01-23,202301,3,1210101175,12101030090,1674366183734,99764792,125,RAJA AND SUN INDIA,DOUBLE PAHALWAN,DOUBLE PAHALWAN KHAINI PPH.- 20GM.,8,PPH.,20GM.,,1674366183734-raja and sun india-double pahalwan#3.png,RECODING,5,3,99762328,184.39385986328125,125,PUJA SURTI UDHYOG,KANHAIYA,KANHAIYA,20G KHAINI,PLAST,20G,REGULAR,,20.0,,0.0
50,2023-01-23,202301,1,128607002,12201010004,1674029980033,99764789,106,SURYA NEPAL PVT LTD - NEPAL,TOFFICHOO DUOZ,TOFFICHOO DUOZ-STRAWBERRY PCN 720G,400,PCN,720G,,1674029980033-surya nepal pvt ltd - nepal-toffichoo duoz#3.png,RECODING,5,1,99764789,22.09442901611328,106,SURYA NEPAL PVT LTD - NEPAL,TOFFICHOO,TOFFICHOO DUOZ,TOFFICHOO DUOZ-STRAWBERRY PCN 720 GM,PLJAR,720.000 GM,STRAWBERRY,,720.0,GM,400.0
50,2023-01-23,202301,1,128607002,12201010004,1674029980033,99764789,106,SURYA NEPAL PVT LTD - NEPAL,TOFFICHOO DUOZ,TOFFICHOO DUOZ-STRAWBERRY PCN 720G,400,PCN,720G,,1674029980033-surya nepal pvt ltd - nepal-toffichoo duoz#3.png,RECODING,5,2,99764503,23.637500762939453,106,SURYA NEPAL PVT LTD - NEPAL,TOFFICHOO,TOFFICHOO DUOZ,TOFFICHOO DUOZ-STRAWBERRY PCN 760 GM,PLJAR,760.000 GM,STRAWBERRY,,760.0,GM,400.0
50,2023-01-23,202301,1,128607002,12201010004,1674029980033,99764789,106,SURYA NEPAL PVT LTD - NEPAL,TOFFICHOO DUOZ,TOFFICHOO DUOZ-STRAWBERRY PCN 720G,400,PCN,720G,,1674029980033-surya nepal pvt ltd - nepal-toffichoo duoz#3.png,RECODING,5,3,99763434,37.26905822753906,106,SURYA NEPAL PVT LTD - NEPAL,TOFFICHOO,TOFFICHOO DUOZ,TOFFICHOO DUOZ-STRAWBERRY PPH 3.75 GM,PLPCH,3.750 GM,STRAWBERRY,,3.75,GM,2.0
51,2023-01-23,202301,1,124684022,21301010055,1674370111262,99764790,106,MAA BHAGWATI PRODUCT-INDIA,BUTTER MILK ECLAIRS CARAMEL,BUTTER MILK ECLAIRS CARAMEL\800\GM,200,PCN,800GM,New SKU,1674370111262-maa bhagwati product-india-butter milk eclairs caramel#3.png,RECODING,5,1,99764790,11.69464111328125,106,MAA BHAGWATI PRODUCT-INDIA,BUTTER MILK,BUTTER MILK ECLAIRS,BUTTER MILK ECLAIRS-CARAMEL PCN 800 GM,PLJAR,800.000 GM,CARAMEL,,800.0,GM,200.0
51,2023-01-23,202301,1,124684022,21301010055,1674370111262,99764790,106,MAA BHAGWATI PRODUCT-INDIA,BUTTER MILK ECLAIRS CARAMEL,BUTTER MILK ECLAIRS CARAMEL\800\GM,200,PCN,800GM,New SKU,1674370111262-maa bhagwati product-india-butter milk eclairs caramel#3.png,RECODING,5,2,99764715,92.26707458496094,106,MAA BHAGWATI PRODUCT-INDIA,MILKY TOFFEE,MILKY TOFFEE,MILKY TOFFEE-MILK PCN 500 GM,PLJAR,500.000 GM,MILK,,500.0,GM,96.0
51,2023-01-23,202301,1,124684022,21301010055,1674370111262,99764790,106,MAA BHAGWATI PRODUCT-INDIA,BUTTER MILK ECLAIRS CARAMEL,BUTTER MILK ECLAIRS CARAMEL\800\GM,200,PCN,800GM,New SKU,1674370111262-maa bhagwati product-india-butter milk eclairs caramel#3.png,RECODING,5,3,91826835,128.44931030273438,106,SHAKTI FOOD PRODUCTS - INDIA,JANU,JANU MILK ECLAIRS,JANU MILK ECLAIRS- PPH 5 GM,PLPCH,5.000 GM,MILK,,5.0,GM,0.0
52,2023-01-23,202301,1,126240640,21301010051,1674365550089,99764774,106,PERFETTI VAN MELLE-INDIA,HAPPYDENT WAVE SPARKING ORANGE,HAPPYDENT WAVE SPARKING ORANGE\409.5\GM,487,PCN,409.5 GM,,1674365550089-perfetti van melle-india-happydent wave sparking orange#3.png,RECODING,5,1,99764774,36.543521881103516,106,PERFETTI VAN MELLE-INDIA,HAPPYDENT,HAPPYDENT WAVE,HAPPYDENT WAVE- ORANGE PCN 409.5 GM,PLJAR,409.500 GM,ORANGE,,409.5,GM,487.5
52,2023-01-23,202301,1,126240640,21301010051,1674365550089,99764774,106,PERFETTI VAN MELLE-INDIA,HAPPYDENT WAVE SPARKING ORANGE,HAPPYDENT WAVE SPARKING ORANGE\409.5\GM,487,PCN,409.5 GM,,1674365550089-perfetti van melle-india-happydent wave sparking orange#3.png,RECODING,5,2,99764313,48.35487365722656,106,PERFETTI VAN MELLE-INDIA,HAPPYDENT,HAPPYDENT WAVE,HAPPYDENT WAVE-ORANGE PPH 2.1 GM,PLPCH,2.100 GM,ORANGE,,2.1,GM,2.5
52,2023-01-23,202301,1,126240640,21301010051,1674365550089,99764774,106,PERFETTI VAN MELLE-INDIA,HAPPYDENT WAVE SPARKING ORANGE,HAPPYDENT WAVE SPARKING ORANGE\409.5\GM,487,PCN,409.5 GM,,1674365550089-perfetti van melle-india-happydent wave sparking orange#3.png,RECODING,5,3,99764574,66.97969055175781,106,PERFETTI VAN MELLE-INDIA,HAPPYDENT,HAPPYDENT WAVE,HAPPYDENT WAVE- STRAWBERRY PCN 409.5 GM,PLJAR,409.500 GM,STRAWBERRY,,409.5,GM,487.5
53,2023-01-23,202301,1,126240640,21301010051,1674365077444,99764773,106,PERFETTI VAN MELLE-INDIA,ALPENLIEBE JUICYFILLS MANGO,ALPENLIEBE JUICYFILLS MANGO PCN\570\GM,375,PCN,570 GM,New SKU,1674365077444-perfetti van melle-india-alpenliebe juicyfills mango#3.png,RECODING,5,1,99763390,24.792831420898438,106,PERFETTI VAN MELLE-INDIA,ALPENLIEBE,ALPENLIEBE JUICYFILLS,ALPENLIEBE JUICYFILLS-MANGO PPH 3.8 GM,PLPCH,3.800 GM,MANGO,,3.8,GM,2.0
53,2023-01-23,202301,1,126240640,21301010051,1674365077444,99764773,106,PERFETTI VAN MELLE-INDIA,ALPENLIEBE JUICYFILLS MANGO,ALPENLIEBE JUICYFILLS MANGO PCN\570\GM,375,PCN,570 GM,New SKU,1674365077444-perfetti van melle-india-alpenliebe juicyfills mango#3.png,RECODING,5,2,99764773,30.642492294311523,106,PERFETTI VAN MELLE-INDIA,ALPENLIEBE,ALPENLIEBE JUICYFILLS,ALPENLIEBE JUICYFILLS-ORANGE&MANGO PCN 570 GM,PLJAR,570.000 GM,ASSORTED,,570.0,GM,375.0
53,2023-01-23,202301,1,126240640,21301010051,1674365077444,99764773,106,PERFETTI VAN MELLE-INDIA,ALPENLIEBE JUICYFILLS MANGO,ALPENLIEBE JUICYFILLS MANGO PCN\570\GM,375,PCN,570 GM,New SKU,1674365077444-perfetti van melle-india-alpenliebe juicyfills mango#3.png,RECODING,5,3,50329,52.59031295776367,106,PERFETTI VAN MELLE-INDIA,ALPENLIEBE,ALPENLIEBE MANGOFILLZ,ALPENLIEBE MANGOFILLZ-MANGO PPH 2.7 GM,PLPCH,2.700 GM,MANGO,,2.7,GM,0.0
54,2023-01-23,202301,2,112141235,12101020015,1674193515696,99764265,134,LIFE FOOD & BEVERAGE-NEPAL,REBOOST ORIGINAL,REBOOST ENERRGY DRINK PBT 150ML.,50,PBT,150ML,,1674193515696-life food - beverage-nepal-reboost original#3.png,CROSS CODING,2,1,99764265,62.70702362060547,118,LIFE FOOD & BEVERAGE-NEPAL,REBOOST,REBOOST ORIGINAL,PET 150 ML,PET,150.000 ML,,,150.0,ML,50.0
54,2023-01-23,202301,2,112141235,12101020015,1674193515696,99764265,134,LIFE FOOD & BEVERAGE-NEPAL,REBOOST ORIGINAL,REBOOST ENERRGY DRINK PBT 150ML.,50,PBT,150ML,,1674193515696-life food - beverage-nepal-reboost original#3.png,CROSS CODING,2,2,99765085,75.8326187133789,118,LIFE FOOD & BEVERAGE-NEPAL,REBOOST,REBOOST,CAN 250 ML,CAN,250.000 ML,,,250.0,ML,120.0
54,2023-01-23,202301,2,112141235,12101020015,1674193515696,99764265,134,LIFE FOOD & BEVERAGE-NEPAL,REBOOST ORIGINAL,REBOOST ENERRGY DRINK PBT 150ML.,50,PBT,150ML,,1674193515696-life food - beverage-nepal-reboost original#3.png,CROSS CODING,2,3,99764314,76.68603515625,118,LIFE FOOD & BEVERAGE-NEPAL,REBOOST,REBOOST COLA,PET 150 ML,PET,150.000 ML,,,150.0,ML,50.0
55,2023-01-23,202301,1,116869964,11302010010,1674097964355,99764791,123,PATANJALI AYURVED PVT LTD-NEPAL,PATANJALI SUPER,PATANJALI SUPER-LEMON & WOOD ASH 250G*3,85,EWP,250*3,,1674097964355-patanjali ayurved pvt ltd-nepal-patanjali super#3.png,RECODING,5,1,99762435,16.019506454467773,123,PATANJALI AYURVED PVT LTD-NEPAL,PATANJALI,PATANJALI SUPER,PATANJALI SUPER-LEMON & WOOD ASH-EWP 250 GMS,EWRPK,250.000 GM,,,250.0,GM,28.0
55,2023-01-23,202301,1,116869964,11302010010,1674097964355,99764791,123,PATANJALI AYURVED PVT LTD-NEPAL,PATANJALI SUPER,PATANJALI SUPER-LEMON & WOOD ASH 250G*3,85,EWP,250*3,,1674097964355-patanjali ayurved pvt ltd-nepal-patanjali super#3.png,RECODING,5,2,99764791,17.96951675415039,123,PATANJALI AYURVED PVT LTD-NEPAL,PATANJALI,PATANJALI SUPER,PATANJALI SUPER-LEMON & WOOD ASH-EWP 3*250GM [750GM],EWRPK,250.000 GM,,,750.0,GM,85.0
55,2023-01-23,202301,1,116869964,11302010010,1674097964355,99764791,123,PATANJALI AYURVED PVT LTD-NEPAL,PATANJALI SUPER,PATANJALI SUPER-LEMON & WOOD ASH 250G*3,85,EWP,250*3,,1674097964355-patanjali ayurved pvt ltd-nepal-patanjali super#3.png,RECODING,5,3,99762478,21.66236114501953,123,PATANJALI AYURVED PVT LTD-NEPAL,PATANJALI,PATANJALI SUPER,PATANJALI SUPER-LEMON & WOOD ASH-EWP 150 GMS,EWRPK,150.000 GM,,,150.0,GM,18.0
56,2023-01-24,202301,1,131055500,22101010024,1674104082943,99764450,122,RSPL LTD-INDIA,GHADI,GHADI\110G\PPH\DETERGENT POWDER ,16,PPH,110GM,,1674104082943-rspl ltd-india-ghadi#3.png,CROSS CODING,2,1,99764450,13.859254837036133,122,RSPL LTD-INDIA,GHADI,GHADI,GHADI-DETERGENT POWDER PPH 110 GM,PLPCH,110.000 GM,,,110.0,GM,16.0
56,2023-01-24,202301,1,131055500,22101010024,1674104082943,99764450,122,RSPL LTD-INDIA,GHADI,GHADI\110G\PPH\DETERGENT POWDER ,16,PPH,110GM,,1674104082943-rspl ltd-india-ghadi#3.png,CROSS CODING,2,2,99764236,88.41200256347656,122,RSPL LTD-INDIA,GHADI,GHADI MACHINE WASH,GHADI MACHINE WASH-PPH 110 GM,PLPCH,110.000 GM,,,110.0,GM,16.0
56,2023-01-24,202301,1,131055500,22101010024,1674104082943,99764450,122,RSPL LTD-INDIA,GHADI,GHADI\110G\PPH\DETERGENT POWDER ,16,PPH,110GM,,1674104082943-rspl ltd-india-ghadi#3.png,CROSS CODING,2,3,51669,95.35707092285156,122,RSPL LTD-INDIA,UNI WASH,UNI WASH,UNI WASH-DETERGENT POWDER PPH 90 GM,PLPCH,90.000 GM,,,90.0,GM,0.0
57,2023-01-24,202301,1,112785955,12101010015,1674456783510,99764508,106,SUJAL FOODS PVT LTD-NEPAL,FRUIT CANDY ,FRUIT CANDY CENTER FILLED-PCN-700GM.,170,PCN,700GM.,,1674456783510-sujal foods pvt ltd-nepal-fruit candy #3.png,RECODING,5,1,99764508,60.62947463989258,106,SUJAL FOODS PVT LTD-NEPAL,SUJAL,SUJAL FRUIT CANDY,SUJAL FRUIT CANDY-ASSORTED PCN 700 GM,PLJAR,700.000 GM,ASSORTED,,700.0,GM,165.0
57,2023-01-24,202301,1,112785955,12101010015,1674456783510,99764508,106,SUJAL FOODS PVT LTD-NEPAL,FRUIT CANDY ,FRUIT CANDY CENTER FILLED-PCN-700GM.,170,PCN,700GM.,,1674456783510-sujal foods pvt ltd-nepal-fruit candy #3.png,RECODING,5,2,99764754,64.38923645019531,106,SUJAL FOODS PVT LTD-NEPAL,SUJAL,SUJAL FRUIT CANDY,SUJAL FRUIT CANDY-ASSORTED PCN 680 GM,PLJAR,680.000 GM,ASSORTED,,680.0,GM,200.0
57,2023-01-24,202301,1,112785955,12101010015,1674456783510,99764508,106,SUJAL FOODS PVT LTD-NEPAL,FRUIT CANDY ,FRUIT CANDY CENTER FILLED-PCN-700GM.,170,PCN,700GM.,,1674456783510-sujal foods pvt ltd-nepal-fruit candy #3.png,RECODING,5,3,99762745,76.57759857177734,106,SUJAL FOODS PVT LTD-NEPAL,SUJAL,SUJAL FRUIT CANDY,SUJAL FRUIT CANDY-PPH 3.5 GM,PLPCH,3.500 GM,ASSORTED,,3.5,GM,1.0
58,2023-01-24,202301,1,112785955,12101010015,1674457574263,99764775,106,PERFETTI VAN MELLE-INDIA,CENTER FRUIT WATER MELON,CENTER FRUIT- WATER MELON- PCN 420GM.,350,PCN,420GM.,,1674457574263-perfetti van melle-india-center fruit water melon#3.png,RECODING,5,1,99764775,26.691530227661133,106,PERFETTI VAN MELLE-INDIA,CENTER FRUIT,CENTER FRUIT,CENTER FRUIT- WATER MELON PCN 420 GM,PLJAR,420.000 GM,WATER MELON,,420.0,GM,350.0
58,2023-01-24,202301,1,112785955,12101010015,1674457574263,99764775,106,PERFETTI VAN MELLE-INDIA,CENTER FRUIT WATER MELON,CENTER FRUIT- WATER MELON- PCN 420GM.,350,PCN,420GM.,,1674457574263-perfetti van melle-india-center fruit water melon#3.png,RECODING,5,2,99764490,31.847965240478516,106,PERFETTI VAN MELLE-INDIA,CENTER FRUIT,CENTER FRUIT,CENTER FRUIT- WATER MELON PCN 450 GM,PLJAR,450.000 GM,WATER MELON,,450.0,GM,240.0
58,2023-01-24,202301,1,112785955,12101010015,1674457574263,99764775,106,PERFETTI VAN MELLE-INDIA,CENTER FRUIT WATER MELON,CENTER FRUIT- WATER MELON- PCN 420GM.,350,PCN,420GM.,,1674457574263-perfetti van melle-india-center fruit water melon#3.png,RECODING,5,3,99764505,33.01565933227539,106,PERFETTI VAN MELLE-INDIA,CENTER FRUIT,CENTER FRUIT,CENTER FRUIT- WATER MELON PCN 555 GM,PLJAR,555.000 GM,WATER MELON,,555.0,GM,462.5
59,2023-01-24,202301,1,112785955,12101010015,1674459064814,99764809,122,FENA LTD. - INDIA,FENA SUPERWASH ,FENA SUPERWASH ROSE & CHANDAN- PPH175GM.,25,PPH,175 GM.,,1674459064814-fena ltd- - india-fena superwash #3.png,RECODING,5,1,99764809,25.771854400634766,122,FENA LTD. - INDIA,FENA,FENA,FENA-SUPERWASH ROSE CHANDAN PPH 175 GM,PLPCH,175.000 GM,,,175.0,GM,25.0
59,2023-01-24,202301,1,112785955,12101010015,1674459064814,99764809,122,FENA LTD. - INDIA,FENA SUPERWASH ,FENA SUPERWASH ROSE & CHANDAN- PPH175GM.,25,PPH,175 GM.,,1674459064814-fena ltd- - india-fena superwash #3.png,RECODING,5,2,99763775,32.5231819152832,122,FENA LTD. - INDIA,FENA,FENA,FENA-SUPERWASH ROSE CHANDAN PPH 1000 GM,PLPCH,1000.000 GM,,,1000.0,GM,105.0
59,2023-01-24,202301,1,112785955,12101010015,1674459064814,99764809,122,FENA LTD. - INDIA,FENA SUPERWASH ,FENA SUPERWASH ROSE & CHANDAN- PPH175GM.,25,PPH,175 GM.,,1674459064814-fena ltd- - india-fena superwash #3.png,RECODING,5,3,99762847,47.66017150878906,122,FENA LTD. - INDIA,FENA,FENA,FENA-SUPERWASH ROSE CHANDAN PPH 90 GM+45 GM FREE,PLPCH,90.000 GM,,,135.0,GM,16.0
60,2023-01-24,202301,1,112785955,12101010015,1674455600838,99764797,111,MARICO LIMITED - INDIA,NIHAR COCONUT WITH METHI JASMINE,NIHAR NATURALS- COCONUT WITH METHI-JASMINE PBT- 200ML.,126.4,PBT,200ML.,,1674455600838-marico limited - india-nihar coconut with methi jasmine#3.png,RECODING,5,1,99764797,26.088855743408203,111,MARICO LIMITED - INDIA,NIHAR,NIHAR NATURAL,NIHAR NATURAL-COCONUT WITH METHI & JASMINE-PBT 200 ML,PLBOT,200.000 ML,,,200.0,ML,130.0
60,2023-01-24,202301,1,112785955,12101010015,1674455600838,99764797,111,MARICO LIMITED - INDIA,NIHAR COCONUT WITH METHI JASMINE,NIHAR NATURALS- COCONUT WITH METHI-JASMINE PBT- 200ML.,126.4,PBT,200ML.,,1674455600838-marico limited - india-nihar coconut with methi jasmine#3.png,RECODING,5,2,90818131,70.14570617675781,111,MARICO LIMITED - INDIA,NIHAR,NIHAR NATURAL JASMINE,NIHAR NATURAL JASMINE-PBT 200 ML,PLBOT,200.000 ML,,,200.0,ML,0.0
60,2023-01-24,202301,1,112785955,12101010015,1674455600838,99764797,111,MARICO LIMITED - INDIA,NIHAR COCONUT WITH METHI JASMINE,NIHAR NATURALS- COCONUT WITH METHI-JASMINE PBT- 200ML.,126.4,PBT,200ML.,,1674455600838-marico limited - india-nihar coconut with methi jasmine#3.png,RECODING,5,3,90860482,70.37435913085938,111,MARICO LIMITED - INDIA,NIHAR,NIHAR NATURAL COCONUT OIL,NIHAR NATURAL COCONUT OIL-PCN 200M+75G GODREJ NO 1 TSP,PLJAR,200.000 ML,,,200.0,ML,0.0
61,2023-01-24,202301,3,1210101739,12101030232,1674366183734,99764792,125,RAJA AND SUN INDIA,DOUBLE PAHALWAN,DOUBLE PAHALWAN KHAINI PPH.- 20GM.,8,PPH.,20GM.,,1674366183734-raja and sun india-double pahalwan#3.png,RECODING,5,1,99764792,77.59152221679688,125,RAJA & SONS-INDIA,DOUBLE PAHALWAN,DOUBLE PAHALWAN,20G KHAINI,PLAST,20G,REGULAR,,20.0,GM,8.0
61,2023-01-24,202301,3,1210101739,12101030232,1674366183734,99764792,125,RAJA AND SUN INDIA,DOUBLE PAHALWAN,DOUBLE PAHALWAN KHAINI PPH.- 20GM.,8,PPH.,20GM.,,1674366183734-raja and sun india-double pahalwan#3.png,RECODING,5,2,99762227,182.45106506347656,125,NAVAKIRAN SURTI UDHYOG,GHADI,GHADI,20G KHAINI,PLAST,20G,REGULAR,,20.0,,0.0
61,2023-01-24,202301,3,1210101739,12101030232,1674366183734,99764792,125,RAJA AND SUN INDIA,DOUBLE PAHALWAN,DOUBLE PAHALWAN KHAINI PPH.- 20GM.,8,PPH.,20GM.,,1674366183734-raja and sun india-double pahalwan#3.png,RECODING,5,3,99762328,184.39385986328125,125,PUJA SURTI UDHYOG,KANHAIYA,KANHAIYA,20G KHAINI,PLAST,20G,REGULAR,,20.0,,0.0
62,2023-01-24,202301,1,128656713,12201010019,1674028956558,99764793,106,SWEET MART FOOD INDUST-NEPAL,CELTERFRUIT,CELTERFRUIT-STRAWBERRY PCN 450G,290,PCN,450G,,1674028956558-sweet mart food indust-nepal-celterfruit#3.png,RECODING,5,1,99764793,16.52154541015625,106,SWEET MART FOOD INDUST-NEPAL,CELTERFRUIT,CELTERFRUIT,CELTERFRUIT-STRAWBERRY PCN 450 GM,PLJAR,450.000 GM,STRAWBERRY,,450.0,GM,290.0
62,2023-01-24,202301,1,128656713,12201010019,1674028956558,99764793,106,SWEET MART FOOD INDUST-NEPAL,CELTERFRUIT,CELTERFRUIT-STRAWBERRY PCN 450G,290,PCN,450G,,1674028956558-sweet mart food indust-nepal-celterfruit#3.png,RECODING,5,2,51441,32.056243896484375,106,SWEET MART FOOD INDUST-NEPAL,CELTERFRUIT,CELTERFRUIT,CELTERFRUIT-STRAWBERRY PPH 3.4 GM,PLPCH,3.400 GM,STRAWBERRY,,3.4,GM,0.0
62,2023-01-24,202301,1,128656713,12201010019,1674028956558,99764793,106,SWEET MART FOOD INDUST-NEPAL,CELTERFRUIT,CELTERFRUIT-STRAWBERRY PCN 450G,290,PCN,450G,,1674028956558-sweet mart food indust-nepal-celterfruit#3.png,RECODING,5,3,99764720,55.4337158203125,106,SWEET MART FOOD INDUST-NEPAL,CELTERFRUIT,CELTERFRUIT,CELTERFRUIT-WATERMELON PCN 450 GM,PLJAR,450.000 GM,WATER MELON,,450.0,GM,290.0
63,2023-01-24,202301,1,128715435,12201010018,1673860171123,99764815,131,AMERICAN GOURMET LLC AUSTRALIA,AMERICAN GOURMET,AMERICAN GOURMET HONEY GBT 500G,400,GBT,500G,,1673860171123-american gourmet llc australia-american gourmet#3.png,RECODING,5,1,99764815,29.453712463378906,131,AMERICAN GOURMET LLC-AUSTRALIA,AMERICAN GOURMET,AMERICAN GOURMET HONEY,AMERICAN GOURMET HONEY-GBT 500 GM,GLBOT,500.000 GM,,,500.0,GM,400.0
63,2023-01-24,202301,1,128715435,12201010018,1673860171123,99764815,131,AMERICAN GOURMET LLC AUSTRALIA,AMERICAN GOURMET,AMERICAN GOURMET HONEY GBT 500G,400,GBT,500G,,1673860171123-american gourmet llc australia-american gourmet#3.png,RECODING,5,2,99762472,248.72885131835938,131,MARICO LIMITED - INDIA,SAFFOLA,SAFFOLA HONEY,SAFFOLA HONEY-PCN 250 GM,PLJAR,250.000 GM,,,250.0,GM,199.0
63,2023-01-24,202301,1,128715435,12201010018,1673860171123,99764815,131,AMERICAN GOURMET LLC AUSTRALIA,AMERICAN GOURMET,AMERICAN GOURMET HONEY GBT 500G,400,GBT,500G,,1673860171123-american gourmet llc australia-american gourmet#3.png,RECODING,5,3,99762376,256.757080078125,131,VLCC PERSONAL CARE LTD-IN,VLCC NATURAL SCIENCES,VLCC SLIMMER'S HONEY,VLCC SLIMMER'S HONEY-PBT 400 GM,PLBOT,400.000 GM,,,400.0,GM,284.0
64,2023-01-24,202301,1,124909297,21301010063,1674451250677,99764794,106,NEBICO PVT LTD-NEPAL,NEBICO CARAMEL CREAM,NEBICO CARAMEL CREAM PPH\560\GM,200,PCN,560 GM,New SKU,1674451250677-nebico pvt ltd-nepal-nebico caramel cream#3.png,RECODING,5,1,49570,13.155583381652832,106,NEBICO PVT LTD-NEPAL,NEBICO,NEBICO CARAMEL CREAM,NEBICO CARAMEL CREAM-PPH 2.8 GM,PLPCH,2.800 GM,CARAMEL,,2.8,GM,0.0
64,2023-01-24,202301,1,124909297,21301010063,1674451250677,99764794,106,NEBICO PVT LTD-NEPAL,NEBICO CARAMEL CREAM,NEBICO CARAMEL CREAM PPH\560\GM,200,PCN,560 GM,New SKU,1674451250677-nebico pvt ltd-nepal-nebico caramel cream#3.png,RECODING,5,2,49180,13.340428352355957,106,NEBICO PVT LTD-NEPAL,NEBICO,NEBICO CARAMEL CREAM,NEBICO CARAMEL CREAM- PPH 3 GM,PLPCH,3.000 GM,CARAMEL,,3.0,GM,0.0
64,2023-01-24,202301,1,124909297,21301010063,1674451250677,99764794,106,NEBICO PVT LTD-NEPAL,NEBICO CARAMEL CREAM,NEBICO CARAMEL CREAM PPH\560\GM,200,PCN,560 GM,New SKU,1674451250677-nebico pvt ltd-nepal-nebico caramel cream#3.png,RECODING,5,3,91827181,13.393665313720703,106,NEBICO PVT LTD-NEPAL,NEBICO,NEBICO CARAMEL CREAM,NEBICO CARAMEL CREAM- PPH 3.7 GM,PLPCH,3.700 GM,CARAMEL,,3.7,GM,0.0
65,2023-01-24,202301,1,124909297,21301010063,1674452164152,99762860,123,KWALITY CHEM PVT LTD-NEPAL,NEBICO CARAMEL CREAM,KWALITY LAUNDRY SOPA\200GM,45,PPH,200 GM,,1674452164152-kwality chem pvt ltd-nepal-nebico caramel cream#3.png,CROSS CODING,2,1,99762860,85.39005279541016,123,KWALITY CHEM PVT LTD-NEPAL,KWALITY,KWALITY,KWALITY-LAUNDRY SOAP PPH 200 GM,PLPCH,200.000 GM,,,200.0,GM,40.0
65,2023-01-24,202301,1,124909297,21301010063,1674452164152,99762860,123,KWALITY CHEM PVT LTD-NEPAL,NEBICO CARAMEL CREAM,KWALITY LAUNDRY SOPA\200GM,45,PPH,200 GM,,1674452164152-kwality chem pvt ltd-nepal-nebico caramel cream#3.png,CROSS CODING,2,2,99763369,87.26048278808594,123,KWALITY CHEM PVT LTD-NEPAL,KWALITY,KWALITY,KWALITY-LAUNDRY SOAP PPH 250 GM,PLPCH,250.000 GM,,,250.0,GM,50.0
65,2023-01-24,202301,1,124909297,21301010063,1674452164152,99762860,123,KWALITY CHEM PVT LTD-NEPAL,NEBICO CARAMEL CREAM,KWALITY LAUNDRY SOPA\200GM,45,PPH,200 GM,,1674452164152-kwality chem pvt ltd-nepal-nebico caramel cream#3.png,CROSS CODING,2,3,99762708,88.455322265625,123,KWALITY CHEM PVT LTD-NEPAL,KWALITY,KWALITY,KWALITY-LAUNDRY SOAP PPH 100 GM,PLPCH,100.000 GM,,,100.0,GM,20.0
66,2023-01-24,202301,1,123718886,12303010002,1674470618491,99764795,106,DABUR NEPAL LTD.-NEPAL,DABUR HONITUS,DABUR HONITUS- TULSI PCN 280GM,200,PCN,280GM,,1674470618491-dabur nepal ltd--nepal-dabur honitus#3.png,RECODING,5,1,99764795,16.438148498535156,106,DABUR NEPAL LTD.-NEPAL,DABUR,DABUR HONITUS,DABUR HONITUS- TULSI PCN 280 GM,PLJAR,280.000 GM,TULSI,,280.0,GM,200.0
66,2023-01-24,202301,1,123718886,12303010002,1674470618491,99764795,106,DABUR NEPAL LTD.-NEPAL,DABUR HONITUS,DABUR HONITUS- TULSI PCN 280GM,200,PCN,280GM,,1674470618491-dabur nepal ltd--nepal-dabur honitus#3.png,RECODING,5,2,99763933,28.05498504638672,106,DABUR NEPAL LTD.-NEPAL,DABUR,DABUR HONITUS,DABUR HONITUS- TULSI PPH 2.8 GM,PLPCH,2.800 GM,TULSI,,2.8,GM,2.0
66,2023-01-24,202301,1,123718886,12303010002,1674470618491,99764795,106,DABUR NEPAL LTD.-NEPAL,DABUR HONITUS,DABUR HONITUS- TULSI PCN 280GM,200,PCN,280GM,,1674470618491-dabur nepal ltd--nepal-dabur honitus#3.png,RECODING,5,3,91826072,52.56822204589844,106,DABUR NEPAL LTD.-NEPAL,DABUR,DABUR HONITUS,DABUR HONITUS- HONEY & TULSI PPH 3.2 GM,PLPCH,3.200 GM,HONEY & TULSI,,3.2,GM,0.0
67,2023-01-24,202301,1,130515903,31101010091,1674458449975,99764811,123,BABA SOAP INDUSTRIES - NEPAL,BABA MAGIC,BABA MAGIC-HERBAL DISHWASH BAR PPH 150GM,20,PPH,150GM,,1674458449975-baba soap industries - nepal-baba magic#3.png,RECODING,5,1,99763213,17.086498260498047,123,BABA SOAP INDUSTRIES - NEPAL,BABA,BABA MAGIC,BABA MAGIC-HERBAL DISHWASH BAR PPH 95 GM,PLPCH,95.000 GM,,,95.0,GM,10.0
67,2023-01-24,202301,1,130515903,31101010091,1674458449975,99764811,123,BABA SOAP INDUSTRIES - NEPAL,BABA MAGIC,BABA MAGIC-HERBAL DISHWASH BAR PPH 150GM,20,PPH,150GM,,1674458449975-baba soap industries - nepal-baba magic#3.png,RECODING,5,2,99764811,21.37481117248535,123,BABA SOAP INDUSTRIES - NEPAL,BABA,BABA MAGIC,BABA MAGIC-HERBA DISHWASH BAR PPH 150 GM,PLPCH,150.000 GM,,,150.0,GM,20.0
67,2023-01-24,202301,1,130515903,31101010091,1674458449975,99764811,123,BABA SOAP INDUSTRIES - NEPAL,BABA MAGIC,BABA MAGIC-HERBAL DISHWASH BAR PPH 150GM,20,PPH,150GM,,1674458449975-baba soap industries - nepal-baba magic#3.png,RECODING,5,3,99763076,24.35995864868164,123,BABA SOAP INDUSTRIES - NEPAL,MAGIC,MAGIC,MAGIC-HERBAL DISHWASH BAR PPH 95 GM,PLPCH,95.000 GM,,,95.0,GM,10.0
68,2023-01-24,202301,1,130137643,52303010017,1673585259769,99764747,106,DURGA CONFECTIONERY-INDIA,MONARKO DOUBLE CREAM ,MONARKO DOUBLE CREAM/REAL BUTTERY ROYAL CANDY/420GM/PPH,128,PPH,420GM ,,1673585259769-durga confectionery-india-monarko double cream #3.png,RECODING,5,1,99764747,18.76522445678711,106,DURGA CONFECTIONERY-INDIA,MONARKO,MONARKO DOUBLE CREAM,MONARKO DOUBLE CREAM-ROYAL CANDY PPH 420 GM,PLPCH,420.000 GM,BUTTER,,420.0,GM,128.0
68,2023-01-24,202301,1,130137643,52303010017,1673585259769,99764747,106,DURGA CONFECTIONERY-INDIA,MONARKO DOUBLE CREAM ,MONARKO DOUBLE CREAM/REAL BUTTERY ROYAL CANDY/420GM/PPH,128,PPH,420GM ,,1673585259769-durga confectionery-india-monarko double cream #3.png,RECODING,5,2,46090,23.586904525756836,106,DURGA CONFECTIONERY-INDIA,MONARKO,MONARKO,MONARKO- DOUBLE CREAM ROYAL CANDY PPH 3.33GM,PLPCH,3.330 GM,CREAM,,3.33,GM,0.0
68,2023-01-24,202301,1,130137643,52303010017,1673585259769,99764747,106,DURGA CONFECTIONERY-INDIA,MONARKO DOUBLE CREAM ,MONARKO DOUBLE CREAM/REAL BUTTERY ROYAL CANDY/420GM/PPH,128,PPH,420GM ,,1673585259769-durga confectionery-india-monarko double cream #3.png,RECODING,5,3,49612,30.422042846679688,106,DURGA CONFECTIONERY-INDIA,MONARKO,MONARKO,MONARKO-DOUBLE CREAM ROYAL CANDY PPH 2.8 GM,PLPCH,2.800 GM,CREAM,,2.8,GM,0.0
69,2023-01-24,202301,1,130137643,52303010017,1674464539264,99764796,106,SUJAL FOODS PVT LTD-NEPAL,SUJAL BUBBLY BUBBLE GUM,SUJAL BUBBLY BUBBLE GUM/STRAWBERRY/510GM/PCN,235,PCN,510GM ,,1674464539264-sujal foods pvt ltd-nepal-sujal bubbly bubble gum#3.png,RECODING,5,1,99764796,13.695703506469727,106,SUJAL FOODS PVT LTD-NEPAL,SUJAL,SUJAL BUBBLY BUBBLE GUM,SUJAL BUBBLY BUBBLE GUM-STRAWBERRY PCN 510 GM,PLJAR,510.000 GM,STRAWBERRY,,510.0,GM,235.0
69,2023-01-24,202301,1,130137643,52303010017,1674464539264,99764796,106,SUJAL FOODS PVT LTD-NEPAL,SUJAL BUBBLY BUBBLE GUM,SUJAL BUBBLY BUBBLE GUM/STRAWBERRY/510GM/PCN,235,PCN,510GM ,,1674464539264-sujal foods pvt ltd-nepal-sujal bubbly bubble gum#3.png,RECODING,5,2,91827674,23.99982452392578,106,SUJAL FOODS PVT LTD-NEPAL,SUJAL,SUJAL BUBBLY BUBBLE GUM,SUJAL BUBBLY BUBBLE GUM- STRAWBERRY PPH 4 GM,PLPCH,4.000 GM,STRAWBERRY,,4.0,GM,0.0
69,2023-01-24,202301,1,130137643,52303010017,1674464539264,99764796,106,SUJAL FOODS PVT LTD-NEPAL,SUJAL BUBBLY BUBBLE GUM,SUJAL BUBBLY BUBBLE GUM/STRAWBERRY/510GM/PCN,235,PCN,510GM ,,1674464539264-sujal foods pvt ltd-nepal-sujal bubbly bubble gum#3.png,RECODING,5,3,99764538,28.63735580444336,106,SUJAL FOODS PVT LTD-NEPAL,SUJAL,SUJAL BUBBLY BUBBLE GUM,SUJAL BUBBLY BUBBLE GUM-MINT PCN 510 GM,PLJAR,510.000 GM,MINT,,510.0,GM,250.0
70,2023-01-24,202301,2,110078620,21102020012,1674458561880,99764819,134,PARLE AGRO PVT LTD-INDIA,APPY FIZZ,PARLE AGRO APPY FIZZ/APPLE DRINK/PBT/160ML,30,PBT,160ML,,1674458561880-parle agro pvt ltd-india-appy fizz#3.png,RECODING,5,1,99764819,73.22406005859375,118,PARLE AGRO PVT LTD-INDIA,APPY,APPY FIZZ APPLE,APPLE PET 160 ML,PET,160.000 ML,APPLE,,160.0,ML,30.0
70,2023-01-24,202301,2,110078620,21102020012,1674458561880,99764819,134,PARLE AGRO PVT LTD-INDIA,APPY FIZZ,PARLE AGRO APPY FIZZ/APPLE DRINK/PBT/160ML,30,PBT,160ML,,1674458561880-parle agro pvt ltd-india-appy fizz#3.png,RECODING,5,2,99765079,80.30209350585938,118,PARLE AGRO PVT LTD-INDIA,APPY,APPY FIZZ APPLE,APPLE PET 250 ML,PET,250.000 ML,APPLE,,250.0,ML,40.0
70,2023-01-24,202301,2,110078620,21102020012,1674458561880,99764819,134,PARLE AGRO PVT LTD-INDIA,APPY FIZZ,PARLE AGRO APPY FIZZ/APPLE DRINK/PBT/160ML,30,PBT,160ML,,1674458561880-parle agro pvt ltd-india-appy fizz#3.png,RECODING,5,3,99764936,80.59410095214844,118,PARLE AGRO PVT LTD-INDIA,APPY,APPY FIZZ APPLE,APPLE PET 125 ML,PET,125.000 ML,APPLE,,125.0,ML,20.0
71,2023-01-25,202301,1,129024572,12201010003,1673857390718,99764102,110,HYGIENIC RESEARCH - INDIA,STREAX,STREAX-7.5 MAHOGANY BLONDE COLOURANT 50G CBP 120ML,250,CBP,120ML,,1673857390718-hygienic research - india-streax#3.png,CROSS CODING,2,1,91927583,26.446739196777344,110,HYGIENIC RESEARCH - INDIA,STREAX,STREAX,STREAX-7.3 GOLDEN BLONDE-COLORENT 50GM-CBP 120ML,CDBOX,120.000 ML,,GOLDEN BLONDE,120.0,ML,0.0
71,2023-01-25,202301,1,129024572,12201010003,1673857390718,99764102,110,HYGIENIC RESEARCH - INDIA,STREAX,STREAX-7.5 MAHOGANY BLONDE COLOURANT 50G CBP 120ML,250,CBP,120ML,,1673857390718-hygienic research - india-streax#3.png,CROSS CODING,2,2,91927591,27.228729248046875,110,HYGIENIC RESEARCH - INDIA,STREAX,STREAX,STREAX-7.3 GOLDEN BLONDE-COLORENT 50GM-CBP 105ML,CDBOX,105.000 ML,,GOLDEN BLONDE,105.0,ML,0.0
71,2023-01-25,202301,1,129024572,12201010003,1673857390718,99764102,110,HYGIENIC RESEARCH - INDIA,STREAX,STREAX-7.5 MAHOGANY BLONDE COLOURANT 50G CBP 120ML,250,CBP,120ML,,1673857390718-hygienic research - india-streax#3.png,CROSS CODING,2,3,91962524,36.365318298339844,110,HYGIENIC RESEARCH - INDIA,STREAX,STREAX,STREAX-7.3 GOLDEN BLONDE-COLORNT 20GM-CBP 50GM+25%,CDBOX,50.000 GM,,GOLDEN BLONDE,63.0,GM,0.0
72,2023-01-25,202301,1,129024572,12201010003,1673855022679,99764806,117,MARICO LIMITED - INDIA,PARACHUTE NATURALE,PARACHUTE NATURALE SHAMPOO ANTI HAIR FALL PBT 650ML,660,PBT,650ML,,1673855022679-marico limited - india-parachute naturale#3.png,RECODING,5,1,99764806,33.359474182128906,117,MARICO LIMITED - INDIA,PARACHUTE,PARACHUTE NATURALE,PARACHUTE NATURALE-ANTI HAIR FALL PBT 650 ML,PLBOT,650.000 ML,,,650.0,ML,660.0
72,2023-01-25,202301,1,129024572,12201010003,1673855022679,99764806,117,MARICO LIMITED - INDIA,PARACHUTE NATURALE,PARACHUTE NATURALE SHAMPOO ANTI HAIR FALL PBT 650ML,660,PBT,650ML,,1673855022679-marico limited - india-parachute naturale#3.png,RECODING,5,2,99764445,36.58037185668945,117,MARICO LIMITED - INDIA,PARACHUTE,PARACHUTE NATURALE,PARACHUTE NATURALE-ANTI HAIR FALL PBT 340 ML,PLBOT,340.000 ML,,,340.0,ML,300.0
72,2023-01-25,202301,1,129024572,12201010003,1673855022679,99764806,117,MARICO LIMITED - INDIA,PARACHUTE NATURALE,PARACHUTE NATURALE SHAMPOO ANTI HAIR FALL PBT 650ML,660,PBT,650ML,,1673855022679-marico limited - india-parachute naturale#3.png,RECODING,5,3,99763807,95.890625,117,MARICO LIMITED - INDIA,PARACHUTE,PARACHUTE NATURALE,PARACHUTE NATURALE-NOURISHING CARE PBT 340 ML,PLBOT,340.000 ML,,,340.0,ML,300.0
73,2023-01-25,202301,1,129024572,12201010003,1673857014891,99764803,110,HYGIENIC RESEARCH - INDIA,STREAX,STREAX-4.3 GOLDEN BROWN COLOURANT CBP 50G 120ML,250,CBP,120ML,,1673857014891-hygienic research - india-streax#3.png,RECODING,5,1,91927703,32.24641418457031,110,HYGIENIC RESEARCH - INDIA,STREAX,STREAX,STREAX-4.6 REDDISH BROWN-COLORENT 50GM-CBP 120ML,CDBOX,120.000 ML,,REDDISH BROWN,120.0,ML,0.0
73,2023-01-25,202301,1,129024572,12201010003,1673857014891,99764803,110,HYGIENIC RESEARCH - INDIA,STREAX,STREAX-4.3 GOLDEN BROWN COLOURANT CBP 50G 120ML,250,CBP,120ML,,1673857014891-hygienic research - india-streax#3.png,RECODING,5,2,47767,32.696075439453125,110,HYGIENIC RESEARCH - INDIA,STREAX,STREAX,STREAX-4.6 REDDISH BROWN CBP 50 ML,CDBOX,50.000 ML,,BROWN,50.0,ML,0.0
73,2023-01-25,202301,1,129024572,12201010003,1673857014891,99764803,110,HYGIENIC RESEARCH - INDIA,STREAX,STREAX-4.3 GOLDEN BROWN COLOURANT CBP 50G 120ML,250,CBP,120ML,,1673857014891-hygienic research - india-streax#3.png,RECODING,5,3,46032,34.959205627441406,110,HYGIENIC RESEARCH - INDIA,STREAX,STREAX,STREAX-5.4 WALNUT BROWN COLORANT 25G-CBP 50ML+25%,CDBOX,50.000 ML,,BROWN,60.0,ML,0.0
74,2023-01-25,202301,1,122117535,31101010077,1674539139444,99764812,123,KWALITY CHEM PVT LTD-NEPAL,MARSHAL,MARSHAL\200GM\PPH\RS:50\KWALITY CHEM.PVT.LTDNEPAL,50,PPH,200GM,New SKU,1674539139444-kwality chem pvt ltd-nepal-marshal#3.png,RECODING,5,1,99764812,24.335786819458008,123,KWALITY CHEM PVT LTD-NEPAL,MARSHAL,MARSHAL,MARSHAL-PPH 200 GM,PLPCH,200.000 GM,,,200.0,GM,50.0
74,2023-01-25,202301,1,122117535,31101010077,1674539139444,99764812,123,KWALITY CHEM PVT LTD-NEPAL,MARSHAL,MARSHAL\200GM\PPH\RS:50\KWALITY CHEM.PVT.LTDNEPAL,50,PPH,200GM,New SKU,1674539139444-kwality chem pvt ltd-nepal-marshal#3.png,RECODING,5,2,99763101,25.526079177856445,123,KWALITY CHEM PVT LTD-NEPAL,MARSHAL,MARSHAL,MARSHAL-PPH 300 GM,PLPCH,300.000 GM,,,300.0,GM,50.0
74,2023-01-25,202301,1,122117535,31101010077,1674539139444,99764812,123,KWALITY CHEM PVT LTD-NEPAL,MARSHAL,MARSHAL\200GM\PPH\RS:50\KWALITY CHEM.PVT.LTDNEPAL,50,PPH,200GM,New SKU,1674539139444-kwality chem pvt ltd-nepal-marshal#3.png,RECODING,5,3,99764149,26.12484359741211,123,KWALITY CHEM PVT LTD-NEPAL,MARSHAL,MARSHAL,MARSHAL-PPH 250 GM,PLPCH,250.000 GM,,,250.0,GM,45.0
75,2023-01-25,202301,1,122117535,31101010077,1674538082919,99764511,106,PERFECT FOODS PVT LTD-NEPAL,CENTER FILLZ,CENTER FILZ MIXED FRUIT\435GM\PBT\RS:300\PERFECT FOODS P. LTD NEPAL,300,PBT,435GM,New SKU,1674538082919-perfect foods pvt ltd-nepal-center fillz#3.png,CROSS CODING,2,1,99764511,36.70969009399414,106,PERFECT FOODS PVT LTD-NEPAL,CENTER FILLZ,CENTER FILLZ,CENTER FILLZ-MIXED FRUIT PCN 435 GM,PLJAR,435.000 GM,MIXED FRUIT,,435.0,GM,200.0
75,2023-01-25,202301,1,122117535,31101010077,1674538082919,99764511,106,PERFECT FOODS PVT LTD-NEPAL,CENTER FILLZ,CENTER FILZ MIXED FRUIT\435GM\PBT\RS:300\PERFECT FOODS P. LTD NEPAL,300,PBT,435GM,New SKU,1674538082919-perfect foods pvt ltd-nepal-center fillz#3.png,CROSS CODING,2,2,52281,37.64691925048828,106,PERFECT FOODS PVT LTD-NEPAL,CENTER FILLZ,CENTER FILLZ,CENTER FILLZ-MIXED FRUIT PPH 3 GM,PLPCH,3.000 GM,MIXED FRUIT,,3.0,GM,0.0
75,2023-01-25,202301,1,122117535,31101010077,1674538082919,99764511,106,PERFECT FOODS PVT LTD-NEPAL,CENTER FILLZ,CENTER FILZ MIXED FRUIT\435GM\PBT\RS:300\PERFECT FOODS P. LTD NEPAL,300,PBT,435GM,New SKU,1674538082919-perfect foods pvt ltd-nepal-center fillz#3.png,CROSS CODING,2,3,47612,39.480010986328125,106,PERFECT FOODS PVT LTD-NEPAL,CENTER FILLZ,CENTER FILLZ,CENTER FILLZ-MIXED FRUIT PPH 3.4 GM,PLPCH,3.400 GM,MIXED FRUIT,,3.4,GM,0.0
76,2023-01-25,202301,1,122768954,31101010059,1674546806657,99764813,123,MAHASHAKTI SOAP & CHEMICAL- NEPAL,LION GOLD,LION GOLD\200GM\PPH\RS:50\MAHASHAKTI SOAP&CHEMICAL P.LTD NEPAL,50,PPH,200GM,New SKU,1674546806657-mahashakti soap - chemical- nepal-lion gold#3.png,RECODING,5,1,99764813,23.1016845703125,123,MAHASHAKTI SOAP & CHEM.- NEPAL,LION,LION GOLD,LION GOLD-PPH 200 GM,PLPCH,200.000 GM,,,200.0,GM,50.0
76,2023-01-25,202301,1,122768954,31101010059,1674546806657,99764813,123,MAHASHAKTI SOAP & CHEMICAL- NEPAL,LION GOLD,LION GOLD\200GM\PPH\RS:50\MAHASHAKTI SOAP&CHEMICAL P.LTD NEPAL,50,PPH,200GM,New SKU,1674546806657-mahashakti soap - chemical- nepal-lion gold#3.png,RECODING,5,2,99762613,45.328636169433594,123,MAHASHAKTI SOAP & CHEM.- NEPAL,LION 100%,LION 100%,LION 100%-PPH 250 GM,PLPCH,250.000 GM,,,250.0,GM,50.0
76,2023-01-25,202301,1,122768954,31101010059,1674546806657,99764813,123,MAHASHAKTI SOAP & CHEMICAL- NEPAL,LION GOLD,LION GOLD\200GM\PPH\RS:50\MAHASHAKTI SOAP&CHEMICAL P.LTD NEPAL,50,PPH,200GM,New SKU,1674546806657-mahashakti soap - chemical- nepal-lion gold#3.png,RECODING,5,3,99764785,47.3038330078125,123,MAHASHAKTI SOAP & CHEM.- NEPAL,LION 100%,LION 100%,LION 100%-PPH 300 GM,PLPCH,300.000 GM,,,300.0,GM,50.0
77,2023-01-25,202301,1,128702392,12201010023,1673944014729,99764783,106,PERFETTI VAN MELLE-INDIA,ALPENLIEBE JUZT JELLY,ALPENLIEBE JUZT JELLY STRAWBERRY FLAVOUR SOFT CANDY PCN 832.5G,360,PCN,832.5G,,1673944014729-perfetti van melle-india-alpenliebe juzt jelly#3.png,RECODING,5,1,99764783,40.46630859375,106,PERFETTI VAN MELLE-INDIA,ALPENLIEBE,ALPENLIEBE JUZT JELLY,ALPENLIEBE JUZT JELLY-STRAWBERRY PCN 832.5 GM,PLJAR,832.500 GM,STRAWBERRY,,832.5,GM,360.0
77,2023-01-25,202301,1,128702392,12201010023,1673944014729,99764783,106,PERFETTI VAN MELLE-INDIA,ALPENLIEBE JUZT JELLY,ALPENLIEBE JUZT JELLY STRAWBERRY FLAVOUR SOFT CANDY PCN 832.5G,360,PCN,832.5G,,1673944014729-perfetti van melle-india-alpenliebe juzt jelly#3.png,RECODING,5,2,99764528,49.233253479003906,106,PERFETTI VAN MELLE-INDIA,ALPENLIEBE,ALPENLIEBE JUZT JELLY,ALPENLIEBE JUZT JELLY-STRAWBERRY PCN 518 GM,PLJAR,518.000 GM,STRAWBERRY,,518.0,GM,350.0
77,2023-01-25,202301,1,128702392,12201010023,1673944014729,99764783,106,PERFETTI VAN MELLE-INDIA,ALPENLIEBE JUZT JELLY,ALPENLIEBE JUZT JELLY STRAWBERRY FLAVOUR SOFT CANDY PCN 832.5G,360,PCN,832.5G,,1673944014729-perfetti van melle-india-alpenliebe juzt jelly#3.png,RECODING,5,3,52212,50.23298645019531,106,PERFETTI VAN MELLE-INDIA,ALPENLIEBE,ALPENLIEBE JUZT JELLY,ALPENLIEBE JUZT JELLY-STRAWBERRY PPH 3.8 GM,PLPCH,3.800 GM,STRAWBERRY,,3.8,GM,0.0
78,2023-01-25,202301,1,124866555,52202010020,1674543891037,99764801,106,SUJAL FOODS PVT LTD-NEPAL,CANDYMAN ,CANDYMAN/KAACHO MANGO/600GM/PCN,165,PCN,600GM ,,1674543891037-sujal foods pvt ltd-nepal-candyman #3.png,RECODING,5,1,91826062,42.58597183227539,106,SUJAL FOODS PVT LTD-NEPAL,CANDY MAN,CANDY MAN,CANDY MAN- KAACHO MANGO PPH 3.3 GM,PLPCH,3.300 GM,MANGO,,3.3,GM,0.0
78,2023-01-25,202301,1,124866555,52202010020,1674543891037,99764801,106,SUJAL FOODS PVT LTD-NEPAL,CANDYMAN ,CANDYMAN/KAACHO MANGO/600GM/PCN,165,PCN,600GM ,,1674543891037-sujal foods pvt ltd-nepal-candyman #3.png,RECODING,5,2,99764801,47.77347183227539,106,SUJAL FOODS PVT LTD-NEPAL,CANDY MAN,CANDY MAN,CANDY MAN- KACHO MANGO PCN 600 GM,PLJAR,600.000 GM,MANGO,,600.0,GM,165.0
78,2023-01-25,202301,1,124866555,52202010020,1674543891037,99764801,106,SUJAL FOODS PVT LTD-NEPAL,CANDYMAN ,CANDYMAN/KAACHO MANGO/600GM/PCN,165,PCN,600GM ,,1674543891037-sujal foods pvt ltd-nepal-candyman #3.png,RECODING,5,3,99764607,52.701377868652344,106,SUJAL FOODS PVT LTD-NEPAL,CANDY MAN,CANDY MAN,CANDY MAN- KACHO MANGO PCN 1800 GM,PLJAR,1800.000 GM,MANGO,,1800.0,GM,500.0
79,2023-01-25,202301,1,124866555,52202010020,1674544544641,99764814,123,SNEHA SOAP & CHEMICAL INDUSTRIES-NEPAL,SNEHA'S SUPER SHINE,SNEHA'S SUPER SHINE/LEMON/400GM/PCN,60,PCN,400GM ,,1674544544641-sneha soap - chemical industries-nepal-sneha-s super shine#3.png,RECODING,5,1,99764814,15.551040649414062,123,SNEHA SOAP & CHEMICAL INDUSTRIES-NEPAL,SNEHA'S,SNEHA'S SUPER SHINE,SNEHA'S SUPER SHINE-LEMON PCN 400 GM,PLJAR,400.000 GM,,,400.0,GM,60.0
79,2023-01-25,202301,1,124866555,52202010020,1674544544641,99764814,123,SNEHA SOAP & CHEMICAL INDUSTRIES-NEPAL,SNEHA'S SUPER SHINE,SNEHA'S SUPER SHINE/LEMON/400GM/PCN,60,PCN,400GM ,,1674544544641-sneha soap - chemical industries-nepal-sneha-s super shine#3.png,RECODING,5,2,99763199,47.81383514404297,123,SNEHA SOAP & CHEMICAL INDUSTRIES-NEPAL,SNEHA'S,SNEHA'S SUPER SHINE,SNEHA'S SUPER SHINE-DISHWASH BAR PPH 100 GM,PLPCH,100.000 GM,,,100.0,GM,10.0
79,2023-01-25,202301,1,124866555,52202010020,1674544544641,99764814,123,SNEHA SOAP & CHEMICAL INDUSTRIES-NEPAL,SNEHA'S SUPER SHINE,SNEHA'S SUPER SHINE/LEMON/400GM/PCN,60,PCN,400GM ,,1674544544641-sneha soap - chemical industries-nepal-sneha-s super shine#3.png,RECODING,5,3,99762601,87.87177276611328,123,SNEHA SOAP & CHEMICAL INDUSTRIES-NEPAL,AASTHA,AASTHA PREMIUM,AASTHA PREMIUM-LAUNDRY SOAP PPH 200 GM,PLPCH,200.000 GM,,,200.0,GM,40.0
80,2023-01-25,202301,1,124902886,52202010027,1674536662035,99764802,106,SUJAL FOODS PVT LTD-NEPAL,LACTO FUN,LACTO FUN/PREMIUM MALT/725GM/PCN,185,PCN,725GM,,1674536662035-sujal foods pvt ltd-nepal-lacto fun#3.png,RECODING,5,1,99764802,14.265247344970703,106,SUJAL FOODS PVT LTD-NEPAL,LACTO FUN,LACTO FUN,LACTO FUN- PREMIUM MALT PCN 725 GM,PLJAR,725.000 GM,MALT,,725.0,GM,185.0
80,2023-01-25,202301,1,124902886,52202010027,1674536662035,99764802,106,SUJAL FOODS PVT LTD-NEPAL,LACTO FUN,LACTO FUN/PREMIUM MALT/725GM/PCN,185,PCN,725GM,,1674536662035-sujal foods pvt ltd-nepal-lacto fun#3.png,RECODING,5,2,99764742,23.375364303588867,106,SUJAL FOODS PVT LTD-NEPAL,LACTO FUN,LACTO FUN,LACTO FUN- PREMIUM MALT PCN 1740 GM,PLJAR,1740.000 GM,MALT,,1740.0,GM,480.0
80,2023-01-25,202301,1,124902886,52202010027,1674536662035,99764802,106,SUJAL FOODS PVT LTD-NEPAL,LACTO FUN,LACTO FUN/PREMIUM MALT/725GM/PCN,185,PCN,725GM,,1674536662035-sujal foods pvt ltd-nepal-lacto fun#3.png,RECODING,5,3,99764698,25.303062438964844,106,SUJAL FOODS PVT LTD-NEPAL,LACTO FUN,LACTO FUN,LACTO FUN- PREMIUM MALT PPH 372 GM,PLPCH,372.000 GM,MALT,,372.0,GM,80.0
81,2023-01-25,202301,1,122218360,12303010078,1674552238797,99764804,110,ROYAL HERBAL PRODUCTS-INDIA,SHAAN NATURAL BROWN,SHAAN NATURAL BROWN PPH 15GM,20,PPH,15GM,,1674552238797-royal herbal products-india-shaan natural brown#3.png,RECODING,5,1,99764804,38.81031799316406,110,ROYAL HERBAL PRODUCTS-INDIA,SHAAN,SHAAN,SHAAN-HAIR HENNA NATURAL BROWN PPH 15 GM,PLPCH,15.000 GM,,BROWN,15.0,GM,20.0
81,2023-01-25,202301,1,122218360,12303010078,1674552238797,99764804,110,ROYAL HERBAL PRODUCTS-INDIA,SHAAN NATURAL BROWN,SHAAN NATURAL BROWN PPH 15GM,20,PPH,15GM,,1674552238797-royal herbal products-india-shaan natural brown#3.png,RECODING,5,2,99762475,78.36659240722656,110,ROYAL HERBAL PRODUCTS-INDIA,SHAAN,SHAAN KALI MEHANDI,SHAAN KALI MEHANDI-BLACK-SCT 4 GM,PLSCH,4.000 GM,,BLACK,4.0,GM,10.0
81,2023-01-25,202301,1,122218360,12303010078,1674552238797,99764804,110,ROYAL HERBAL PRODUCTS-INDIA,SHAAN NATURAL BROWN,SHAAN NATURAL BROWN PPH 15GM,20,PPH,15GM,,1674552238797-royal herbal products-india-shaan natural brown#3.png,RECODING,5,3,91927697,82.60652160644531,110,ROYAL HERBAL PRODUCTS-INDIA,SHAAN,SHAAN KALI MEHANDI,SHAAN KALI MEHANDI-BLACK-SCT 6 GM,PLSCH,6.000 GM,,BLACK,6.0,GM,0.0
82,2023-01-25,202301,1,121836859,12303010046,1674368305867,99764528,106,PERFETTI VAN MELLE-INDIA,ALPENLIEBE JUZT JELLY,ALPENLIEBE JUZT JELLY- STRAWBERRY PCN 518GM,350,PCN,518GM,,1674368305867-perfetti van melle-india-alpenliebe juzt jelly#3.png,CROSS CODING,2,1,99764528,16.91376495361328,106,PERFETTI VAN MELLE-INDIA,ALPENLIEBE,ALPENLIEBE JUZT JELLY,ALPENLIEBE JUZT JELLY-STRAWBERRY PCN 518 GM,PLJAR,518.000 GM,STRAWBERRY,,518.0,GM,350.0
82,2023-01-25,202301,1,121836859,12303010046,1674368305867,99764528,106,PERFETTI VAN MELLE-INDIA,ALPENLIEBE JUZT JELLY,ALPENLIEBE JUZT JELLY- STRAWBERRY PCN 518GM,350,PCN,518GM,,1674368305867-perfetti van melle-india-alpenliebe juzt jelly#3.png,CROSS CODING,2,2,99764783,17.12778091430664,106,PERFETTI VAN MELLE-INDIA,ALPENLIEBE,ALPENLIEBE JUZT JELLY,ALPENLIEBE JUZT JELLY-STRAWBERRY PCN 832.5 GM,PLJAR,832.500 GM,STRAWBERRY,,832.5,GM,360.0
82,2023-01-25,202301,1,121836859,12303010046,1674368305867,99764528,106,PERFETTI VAN MELLE-INDIA,ALPENLIEBE JUZT JELLY,ALPENLIEBE JUZT JELLY- STRAWBERRY PCN 518GM,350,PCN,518GM,,1674368305867-perfetti van melle-india-alpenliebe juzt jelly#3.png,CROSS CODING,2,3,52212,26.690189361572266,106,PERFETTI VAN MELLE-INDIA,ALPENLIEBE,ALPENLIEBE JUZT JELLY,ALPENLIEBE JUZT JELLY-STRAWBERRY PPH 3.8 GM,PLPCH,3.800 GM,STRAWBERRY,,3.8,GM,0.0
83,2023-01-25,202301,1,131055500,22101010024,1674104082943,99764450,122,RSPL LTD-INDIA,GHADI,GHADI\110G\PPH\DETERGENT POWDER ,16,PPH,110GM,,1674104082943-rspl ltd-india-ghadi#3.png,CROSS CODING,2,1,99764450,13.859254837036133,122,RSPL LTD-INDIA,GHADI,GHADI,GHADI-DETERGENT POWDER PPH 110 GM,PLPCH,110.000 GM,,,110.0,GM,16.0
83,2023-01-25,202301,1,131055500,22101010024,1674104082943,99764450,122,RSPL LTD-INDIA,GHADI,GHADI\110G\PPH\DETERGENT POWDER ,16,PPH,110GM,,1674104082943-rspl ltd-india-ghadi#3.png,CROSS CODING,2,2,99764236,88.41200256347656,122,RSPL LTD-INDIA,GHADI,GHADI MACHINE WASH,GHADI MACHINE WASH-PPH 110 GM,PLPCH,110.000 GM,,,110.0,GM,16.0
83,2023-01-25,202301,1,131055500,22101010024,1674104082943,99764450,122,RSPL LTD-INDIA,GHADI,GHADI\110G\PPH\DETERGENT POWDER ,16,PPH,110GM,,1674104082943-rspl ltd-india-ghadi#3.png,CROSS CODING,2,3,51669,95.35707092285156,122,RSPL LTD-INDIA,UNI WASH,UNI WASH,UNI WASH-DETERGENT POWDER PPH 90 GM,PLPCH,90.000 GM,,,90.0,GM,0.0
84,2023-01-26,202301,1,123116154,12303010053,1674370637246,99764800,106,PERFECT FOODS PVT LTD-NEPAL,CENTER FILLZ,CENTER FILLZ-MINT PCN 405GM,230,PCN,405GM,,1674370637246-perfect foods pvt ltd-nepal-center fillz#3.png,RECODING,5,1,99764800,14.781451225280762,106,PERFECT FOODS PVT LTD-NEPAL,CENTER FILLZ,CENTER FILLZ,CENTER FILLZ-MINT PCN 405 GM,PLJAR,405.000 GM,MINT,,405.0,GM,230.0
84,2023-01-26,202301,1,123116154,12303010053,1674370637246,99764800,106,PERFECT FOODS PVT LTD-NEPAL,CENTER FILLZ,CENTER FILLZ-MINT PCN 405GM,230,PCN,405GM,,1674370637246-perfect foods pvt ltd-nepal-center fillz#3.png,RECODING,5,2,99764487,18.097366333007812,106,PERFECT FOODS PVT LTD-NEPAL,CENTER FILLZ,CENTER FILLZ,CENTER FILLZ-MINT PCN 435 GM,PLJAR,435.000 GM,MINT,,435.0,GM,235.0
84,2023-01-26,202301,1,123116154,12303010053,1674370637246,99764800,106,PERFECT FOODS PVT LTD-NEPAL,CENTER FILLZ,CENTER FILLZ-MINT PCN 405GM,230,PCN,405GM,,1674370637246-perfect foods pvt ltd-nepal-center fillz#3.png,RECODING,5,3,99764643,21.546110153198242,106,PERFECT FOODS PVT LTD-NEPAL,CENTER FILLZ,CENTER FILLZ,CENTER FILLZ-MINT PCN 450 GM,PLJAR,450.000 GM,MINT,,450.0,GM,315.0
85,2023-01-26,202301,1,123126410,12303010031,1674369719896,99764810,122,PROCTER & GAMBLE - INDIA,TIDE DOUBLE POWER,TIDE-DOUBLE POWER JASMINE&ROSE PPH 1KG,220,PPH,1KG,,1674369719896-procter - gamble - india-tide double power#3.png,RECODING,5,1,99764810,22.564783096313477,122,PROCTER & GAMBLE - INDIA,TIDE,TIDE,TIDE-DOUBLE POWER JASMINE&ROSE PPH 1000 GM,PLPCH,1000.000 GM,,,1000.0,GM,220.0
85,2023-01-26,202301,1,123126410,12303010031,1674369719896,99764810,122,PROCTER & GAMBLE - INDIA,TIDE DOUBLE POWER,TIDE-DOUBLE POWER JASMINE&ROSE PPH 1KG,220,PPH,1KG,,1674369719896-procter - gamble - india-tide double power#3.png,RECODING,5,2,99763550,27.690082550048828,122,PROCTER & GAMBLE - INDIA,TIDE,TIDE,TIDE-DOUBLE POWER JASMINE&ROSE PPH 500 GM,PLPCH,500.000 GM,,,500.0,GM,100.0
85,2023-01-26,202301,1,123126410,12303010031,1674369719896,99764810,122,PROCTER & GAMBLE - INDIA,TIDE DOUBLE POWER,TIDE-DOUBLE POWER JASMINE&ROSE PPH 1KG,220,PPH,1KG,,1674369719896-procter - gamble - india-tide double power#3.png,RECODING,5,3,99764470,30.10726547241211,122,PROCTER & GAMBLE - INDIA,TIDE,TIDE,TIDE-DOUBLE POWER JASMINE&ROSE PPH 45 GM+30 GM EXT,PLPCH,75.000 GM,,,75.0,GM,16.0
86,2023-01-26,202301,1,121609101,31101010067,1674630081119,99764816,132,SMART SURGIMADE ENTERPRISES-NP,SOFT LITE BABY POKO PULLUPS,SOFT LITE BABY POKO PULLUPS XL 4 NOS,100,PPH,4 NOS,,1674630081119-smart surgimade enterprises-np-soft lite baby poko pullups#3.png,RECODING,5,1,99762969,18.23545265197754,132,SMART SURGIMADE ENTERPRISES-NP,SOFT LITE,SOFT LITE BABY POKO PULLUPS,SOFT LITE BABY POKO PULLUPS-LARGE(L) PPH 4 NOS,PLPCH,4.000 NO,,,4.0,NO,100.0
86,2023-01-26,202301,1,121609101,31101010067,1674630081119,99764816,132,SMART SURGIMADE ENTERPRISES-NP,SOFT LITE BABY POKO PULLUPS,SOFT LITE BABY POKO PULLUPS XL 4 NOS,100,PPH,4 NOS,,1674630081119-smart surgimade enterprises-np-soft lite baby poko pullups#3.png,RECODING,5,2,99764816,19.28023910522461,132,SMART SURGIMADE ENTERPRISES-NP,SOFT LITE,SOFT LITE BABY POKO PULLUPS,SOFT LITE BABY POKO PULLUPS-EXTRA LARGE(XL) PPH 4 NOS,PLPCH,4.000 NO,,,4.0,NO,100.0
86,2023-01-26,202301,1,121609101,31101010067,1674630081119,99764816,132,SMART SURGIMADE ENTERPRISES-NP,SOFT LITE BABY POKO PULLUPS,SOFT LITE BABY POKO PULLUPS XL 4 NOS,100,PPH,4 NOS,,1674630081119-smart surgimade enterprises-np-soft lite baby poko pullups#3.png,RECODING,5,3,99764817,19.990121841430664,132,SMART SURGIMADE ENTERPRISES-NP,SOFT LITE,SOFT LITE BABY POKO PULLUPS,SOFT LITE BABY POKO PULLUPS-MEDIUM(M) PPH 5 NOS,PLPCH,5.000 NO,,,5.0,NO,100.0
87,2023-01-26,202301,1,121609101,31101010067,1674629724869,99764817,132,SMART SURGIMADE ENTERPRISES-NP,SOFT LITE BABY POKO PULLUPS,SOFT LITE BABY POKO PULLUPS MEDIUM PPH 5NOS,100,PPH,5 NOS,,1674629724869-smart surgimade enterprises-np-soft lite baby poko pullups#3.png,RECODING,5,1,99764817,12.227182388305664,132,SMART SURGIMADE ENTERPRISES-NP,SOFT LITE,SOFT LITE BABY POKO PULLUPS,SOFT LITE BABY POKO PULLUPS-MEDIUM(M) PPH 5 NOS,PLPCH,5.000 NO,,,5.0,NO,100.0
87,2023-01-26,202301,1,121609101,31101010067,1674629724869,99764817,132,SMART SURGIMADE ENTERPRISES-NP,SOFT LITE BABY POKO PULLUPS,SOFT LITE BABY POKO PULLUPS MEDIUM PPH 5NOS,100,PPH,5 NOS,,1674629724869-smart surgimade enterprises-np-soft lite baby poko pullups#3.png,RECODING,5,2,99763370,16.43876838684082,132,SMART SURGIMADE ENTERPRISES-NP,SOFT LITE,SOFT LITE BABY POKO PULLUPS,SOFT LITE BABY POKO PULLUPS-SMALL(S) PPH 5 NOS,PLPCH,5.000 NO,,,5.0,NO,100.0
87,2023-01-26,202301,1,121609101,31101010067,1674629724869,99764817,132,SMART SURGIMADE ENTERPRISES-NP,SOFT LITE BABY POKO PULLUPS,SOFT LITE BABY POKO PULLUPS MEDIUM PPH 5NOS,100,PPH,5 NOS,,1674629724869-smart surgimade enterprises-np-soft lite baby poko pullups#3.png,RECODING,5,3,99762969,22.32840347290039,132,SMART SURGIMADE ENTERPRISES-NP,SOFT LITE,SOFT LITE BABY POKO PULLUPS,SOFT LITE BABY POKO PULLUPS-LARGE(L) PPH 4 NOS,PLPCH,4.000 NO,,,4.0,NO,100.0
88,2023-01-26,202301,1,130220638,52303010020,1674626642725,99764798,106,NEBICO PVT LTD-NEPAL,NEBICO POP STIX,NEBICO POP STIX/CARAMEL/800GM/PCN,550,PCN,800GM ,,1674626642725-nebico pvt ltd-nepal-nebico pop stix#3.png,RECODING,5,1,99764798,16.515460968017578,106,NEBICO PVT LTD-NEPAL,NEBICO,NEBICO POP STIX,NEBICO POP STIX-CARAMEL PCN 800 GM,PLJAR,800.000 GM,CARAMEL,,800.0,GM,550.0
88,2023-01-26,202301,1,130220638,52303010020,1674626642725,99764798,106,NEBICO PVT LTD-NEPAL,NEBICO POP STIX,NEBICO POP STIX/CARAMEL/800GM/PCN,550,PCN,800GM ,,1674626642725-nebico pvt ltd-nepal-nebico pop stix#3.png,RECODING,5,2,99762914,24.400707244873047,106,NEBICO PVT LTD-NEPAL,NEBICO,NEBICO POP STIX,NEBICO POP STIX-CARAMEL EWP 8 GM,EWRPK,8.000 GM,CARAMEL,,8.0,GM,5.0
88,2023-01-26,202301,1,130220638,52303010020,1674626642725,99764798,106,NEBICO PVT LTD-NEPAL,NEBICO POP STIX,NEBICO POP STIX/CARAMEL/800GM/PCN,550,PCN,800GM ,,1674626642725-nebico pvt ltd-nepal-nebico pop stix#3.png,RECODING,5,3,99764634,48.37659454345703,106,NEBICO PVT LTD-NEPAL,NEBICO,NEBICO POP STIX,NEBICO POP STIX-ASSORTED PCN 800 GM,PLJAR,800.000 GM,ASSORTED,,800.0,GM,500.0
89,2023-01-26,202301,1,130220638,52303010020,1674625633582,99764794,106,NEBICO PVT LTD-NEPAL,NEBICO CARAMEL CREAM,NEBICO CARAMEL CREAM CANDY/560GM/PCN,165,PCN,560GM ,,1674625633582-nebico pvt ltd-nepal-nebico caramel cream#3.png,RECODING,5,1,99764794,35.7089958190918,106,NEBICO PVT LTD-NEPAL,NEBICO,NEBICO CARAMEL CREAM,NEBICO CARAMEL CREAM- PCN 560 GM,PLJAR,560.000 GM,CARAMEL,,560.0,GM,200.0
89,2023-01-26,202301,1,130220638,52303010020,1674625633582,99764794,106,NEBICO PVT LTD-NEPAL,NEBICO CARAMEL CREAM,NEBICO CARAMEL CREAM CANDY/560GM/PCN,165,PCN,560GM ,,1674625633582-nebico pvt ltd-nepal-nebico caramel cream#3.png,RECODING,5,2,49570,44.05757522583008,106,NEBICO PVT LTD-NEPAL,NEBICO,NEBICO CARAMEL CREAM,NEBICO CARAMEL CREAM-PPH 2.8 GM,PLPCH,2.800 GM,CARAMEL,,2.8,GM,0.0
89,2023-01-26,202301,1,130220638,52303010020,1674625633582,99764794,106,NEBICO PVT LTD-NEPAL,NEBICO CARAMEL CREAM,NEBICO CARAMEL CREAM CANDY/560GM/PCN,165,PCN,560GM ,,1674625633582-nebico pvt ltd-nepal-nebico caramel cream#3.png,RECODING,5,3,91827181,44.62839126586914,106,NEBICO PVT LTD-NEPAL,NEBICO,NEBICO CARAMEL CREAM,NEBICO CARAMEL CREAM- PPH 3.7 GM,PLPCH,3.700 GM,CARAMEL,,3.7,GM,0.0
90,2023-01-26,202301,1,130220638,52303010020,1674624996566,99764799,106,NEBICO PVT LTD-NEPAL,NEBICO COOLERS,NEBICO COOLERS/MENTHOL CANDY/560GM/PCN,160,PCN,560GM ,,1674624996566-nebico pvt ltd-nepal-nebico coolers#3.png,RECODING,5,1,99764799,30.840068817138672,106,NEBICO PVT LTD-NEPAL,NEBICO,NEBICO COOLERS,NEBICO COOLERS-MENTHOL PCN 560 GM,PLJAR,560.000 GM,MENTHOL,,560.0,GM,160.0
90,2023-01-26,202301,1,130220638,52303010020,1674624996566,99764799,106,NEBICO PVT LTD-NEPAL,NEBICO COOLERS,NEBICO COOLERS/MENTHOL CANDY/560GM/PCN,160,PCN,560GM ,,1674624996566-nebico pvt ltd-nepal-nebico coolers#3.png,RECODING,5,2,49817,36.28868103027344,106,NEBICO PVT LTD-NEPAL,NEBICO,NEBICO COOLERS,NEBICO COOLERS-MENTHOL PPH 2.8 GM,PLPCH,2.800 GM,MENTHOL,,2.8,GM,0.0
90,2023-01-26,202301,1,130220638,52303010020,1674624996566,99764799,106,NEBICO PVT LTD-NEPAL,NEBICO COOLERS,NEBICO COOLERS/MENTHOL CANDY/560GM/PCN,160,PCN,560GM ,,1674624996566-nebico pvt ltd-nepal-nebico coolers#3.png,RECODING,5,3,48222,37.750892639160156,106,NEBICO PVT LTD-NEPAL,NEBICO,NEBICO COOLERS,NEBICO COOLERS-MENTHOL PPH 3 GM,PLPCH,3.000 GM,MENTHOL,,3.0,GM,0.0
91,2023-01-26,202301,1,130187486,52303010002,1674633548452,99764807,117,UNILEVER NEPAL LTD-NEPAL,DOVE CONDITIONER,DOVE CONDITIONER/COLOUR CARE/200ML/PBT,270,PBT,200ML ,,1674633548452-unilever nepal ltd-nepal-dove conditioner#3.png,RECODING,5,1,99764807,28.541240692138672,117,UNILEVER NEPAL LTD-NEPAL,DOVE,DOVE CONDITIONER,DOVE-COLOUR CARE CONDI.-PBT 200 ML,PLBOT,200.000 ML,,,200.0,ML,270.0
91,2023-01-26,202301,1,130187486,52303010002,1674633548452,99764807,117,UNILEVER NEPAL LTD-NEPAL,DOVE CONDITIONER,DOVE CONDITIONER/COLOUR CARE/200ML/PBT,270,PBT,200ML ,,1674633548452-unilever nepal ltd-nepal-dove conditioner#3.png,RECODING,5,2,99763274,51.771522521972656,117,UNILEVER NEPAL LTD-NEPAL,DOVE,DOVE CONDITIONER,DOVE-STRAIGHT & SILKY CONDI. PBT 320 ML,PLBOT,320.000 ML,,,320.0,ML,360.0
91,2023-01-26,202301,1,130187486,52303010002,1674633548452,99764807,117,UNILEVER NEPAL LTD-NEPAL,DOVE CONDITIONER,DOVE CONDITIONER/COLOUR CARE/200ML/PBT,270,PBT,200ML ,,1674633548452-unilever nepal ltd-nepal-dove conditioner#3.png,RECODING,5,3,92117618,52.20167541503906,117,UNILEVER NEPAL LTD-NEPAL,DOVE,DOVE CONDITIONER,DOVE CONDITIONER-TUBE 200 ML,TUBE,200.000 ML,,,200.0,ML,0.0
92,2023-01-26,202301,1,130187486,52303010002,1674633762182,99764805,111,SESA CARE PVT. LTD-INDIA,SESA AYURVEDIC,SESA AYURVEDIC/50ML/PBT,140,PBT,50MLL ,,1674633762182-sesa care pvt- ltd-india-sesa ayurvedic#3.png,RECODING,5,1,99764805,29.092117309570312,111,SESA CARE PVT. LTD-INDIA,SESA,SESA AYURVEDIC,SESA AYURVEDIC-PBT 50 ML,PLBOT,50.000 ML,,,50.0,ML,140.0
92,2023-01-26,202301,1,130187486,52303010002,1674633762182,99764805,111,SESA CARE PVT. LTD-INDIA,SESA AYURVEDIC,SESA AYURVEDIC/50ML/PBT,140,PBT,50MLL ,,1674633762182-sesa care pvt- ltd-india-sesa ayurvedic#3.png,RECODING,5,2,99762920,43.394737243652344,111,SESA CARE PVT. LTD-INDIA,SESA,SESA AYURVEDIC,SESA AYURVEDIC-PBT 100 ML,PLBOT,100.000 ML,,,100.0,ML,270.0
92,2023-01-26,202301,1,130187486,52303010002,1674633762182,99764805,111,SESA CARE PVT. LTD-INDIA,SESA AYURVEDIC,SESA AYURVEDIC/50ML/PBT,140,PBT,50MLL ,,1674633762182-sesa care pvt- ltd-india-sesa ayurvedic#3.png,RECODING,5,3,90861898,132.73593139648438,111,BAN LABS PVT. LTD - INDIA,SESA,SESA,SESA-PBT 180 ML+80ML SESA DAILY SHINE SHAMP,PLBOT,180.000 ML,,,180.0,ML,0.0
93,2023-01-26,202301,1,110974232,21102010055,1674624367894,99764808,120,HIMGIRI SOAP & CHEMICALS-NEPAL,LARK BEAUTY SOAP,LARK BEAUTY SOAP/ALMOND AND MILK,25,EWP,60 GM,,1674624367894-himgiri soap - chemicals-nepal-lark beauty soap#3.png,RECODING,5,1,92525784,13.79255485534668,120,HIMGIRI SOAP & CHEMICALS-NEPAL,LARK,LARK BEAUTY SOAP,LARK BEAUTY SOAP-ALMOND & MILK EWP 75 GMS,EWRPK,75.000 GM,,,75.0,GM,0.0
93,2023-01-26,202301,1,110974232,21102010055,1674624367894,99764808,120,HIMGIRI SOAP & CHEMICALS-NEPAL,LARK BEAUTY SOAP,LARK BEAUTY SOAP/ALMOND AND MILK,25,EWP,60 GM,,1674624367894-himgiri soap - chemicals-nepal-lark beauty soap#3.png,RECODING,5,2,99764808,15.047185897827148,120,HIMGIRI SOAP & CHEMICALS-NEPAL,LARK,LARK BEAUTY SOAP,LARK BEAUTY SOAP-ALMOND & MILK CREAM EWP 70 GM,EWRPK,70.000 GM,,,70.0,GM,25.0
93,2023-01-26,202301,1,110974232,21102010055,1674624367894,99764808,120,HIMGIRI SOAP & CHEMICALS-NEPAL,LARK BEAUTY SOAP,LARK BEAUTY SOAP/ALMOND AND MILK,25,EWP,60 GM,,1674624367894-himgiri soap - chemicals-nepal-lark beauty soap#3.png,RECODING,5,3,92525703,15.702025413513184,120,HIMGIRI SOAP & CHEMICALS-NEPAL,LARK,LARK BEAUTY SOAP,LARK BEAUTY SOAP-ALMOND & MILK EWP 90 GMS,EWRPK,90.000 GM,,,90.0,GM,0.0
94,2023-01-26,202301,1,324672310098,32467010001,1674631745120,99764818,132,GLOW INTERNATIONAL PVT LTD,BABY DIPPER,NANA BABY PANTS 4M,100,PPH,4M,,1674631745120-glow international pvt ltd-baby dipper#3.png,RECODING,5,1,99764818,92.63224792480469,132,GLOW INTERNATIONAL PVT LTD-NEPAL,NANA,NANA BABY PANTS,NANA BABY PANTS-MEDIUM(M) PPH 4 NOS,PLPCH,4.000 NO,,,4.0,NO,100.0
94,2023-01-26,202301,1,324672310098,32467010001,1674631745120,99764818,132,GLOW INTERNATIONAL PVT LTD,BABY DIPPER,NANA BABY PANTS 4M,100,PPH,4M,,1674631745120-glow international pvt ltd-baby dipper#3.png,RECODING,5,2,99763252,172.26046752929688,132,NOBEL HYGIENE PVT LTD-INDIA,TEDDYY,TEDDYY BABY DIAPER PANTS,TEDDYY BABY DIAPER PANTS-MEDIUM(M) PPH 5 NOS,PLPCH,5.000 NO,,,5.0,NO,100.0
94,2023-01-26,202301,1,324672310098,32467010001,1674631745120,99764818,132,GLOW INTERNATIONAL PVT LTD,BABY DIPPER,NANA BABY PANTS 4M,100,PPH,4M,,1674631745120-glow international pvt ltd-baby dipper#3.png,RECODING,5,3,99763024,174.524169921875,132,NOBEL HYGIENE PVT LTD-INDIA,TEDDYY,TEDDYY BABY DIAPER PANTS,TEDDYY BABY DIAPER PANTS-LARGE(L) PPH 5 NOS,PLPCH,5.000 NO,,,5.0,NO,100.0
95,2023-01-27,202301,1,122186248,31101010082,1674718373604,99764820,106,PERFECT FOODS PVT LTD-NEPAL,CANDY BEE POPS,CANDY BEE POPS WATERMELON PPH 8.5GM,5,PPH,8.5 GM,,1674718373604-perfect foods pvt ltd-nepal-candy bee pops#3.png,RECODING,5,1,99764820,11.671989440917969,106,PERFECT FOODS PVT LTD-NEPAL,CANDY BEE,CANDY BEE POPS,CANDY BEE POPS- WATER MELON PPH 8.5 GM,PLPCH,8.500 GM,WATER MELON,,8.5,GM,5.0
95,2023-01-27,202301,1,122186248,31101010082,1674718373604,99764820,106,PERFECT FOODS PVT LTD-NEPAL,CANDY BEE POPS,CANDY BEE POPS WATERMELON PPH 8.5GM,5,PPH,8.5 GM,,1674718373604-perfect foods pvt ltd-nepal-candy bee pops#3.png,RECODING,5,2,91826175,30.870323181152344,106,PERFECT FOODS PVT LTD-NEPAL,CANDY BEE,CANDY BEE POPS,CANDY BEE POPS- STRABRY PPH 8.5 GM,PLPCH,8.500 GM,STRAWBERRY,,8.5,GM,0.0
95,2023-01-27,202301,1,122186248,31101010082,1674718373604,99764820,106,PERFECT FOODS PVT LTD-NEPAL,CANDY BEE POPS,CANDY BEE POPS WATERMELON PPH 8.5GM,5,PPH,8.5 GM,,1674718373604-perfect foods pvt ltd-nepal-candy bee pops#3.png,RECODING,5,3,99764012,35.69859313964844,106,PERFECT FOODS PVT LTD-NEPAL,CANDY BEE,CANDY BEE POPS,CANDY BEE POPS- COCONUT PPH 8.5 GM,PLPCH,8.500 GM,COCONUT,,8.5,GM,5.0
96,2023-01-27,202301,1,125443248,31101010074,1674719218255,99764821,116,ANGEL HYGIENE MANUFACTURING PVT.LTD NEPAL,PURE,PURE ULTRA CLEAR CHOICE\8NOS\PPH\RS:80\ANGEL TOUCH HYGIENE MANUFACTURING PVT.LTD NEPA,80,PPH,8NOS,New SKU,1674719218255-angel hygiene manufacturing pvt-ltd nepal-pure#3.png,RECODING,5,1,99764821,73.25022888183594,116,ANGEL TOUCH HYGIENE MANUF.-NEPAL,PURE,PURE ULTRA CLEAR CHOICE,PURE ULTRA CLEAR CHOICE-XL ULTRA THIN PPH 8 NO,PLPCH,8.000 NO,,,8.0,NO,80.0
96,2023-01-27,202301,1,125443248,31101010074,1674719218255,99764821,116,ANGEL HYGIENE MANUFACTURING PVT.LTD NEPAL,PURE,PURE ULTRA CLEAR CHOICE\8NOS\PPH\RS:80\ANGEL TOUCH HYGIENE MANUFACTURING PVT.LTD NEPA,80,PPH,8NOS,New SKU,1674719218255-angel hygiene manufacturing pvt-ltd nepal-pure#3.png,RECODING,5,2,99764842,105.53683471679688,116,ANGEL TOUCH HYGIENE MANUF.-NEPAL,PURE,PURE REGULAR,PURE REGULAR-EVERYDAY XL PPH 7 NO,PLPCH,7.000 NO,,,7.0,NO,50.0
96,2023-01-27,202301,1,125443248,31101010074,1674719218255,99764821,116,ANGEL HYGIENE MANUFACTURING PVT.LTD NEPAL,PURE,PURE ULTRA CLEAR CHOICE\8NOS\PPH\RS:80\ANGEL TOUCH HYGIENE MANUFACTURING PVT.LTD NEPA,80,PPH,8NOS,New SKU,1674719218255-angel hygiene manufacturing pvt-ltd nepal-pure#3.png,RECODING,5,3,48998,160.3553466796875,116,SOFTY HYGIENE PVT LTD-NEPAL,SOFTY,SOFTY,SOFTY-PREMIUM MAXI PPH 8 NO,PLPCH,8.000 NO,,,8.0,NO,0.0
97,2023-01-28,202301,1,117672282,51302010003,1673585259769,99764747,106,DURGA CONFECTIONERY-INDIA,MONARKO DOUBLE CREAM ,MONARKO DOUBLE CREAM/REAL BUTTERY ROYAL CANDY/420GM/PPH,128,PPH,420GM ,,1673585259769-durga confectionery-india-monarko double cream #3.png,RECODING,5,1,99764747,18.76522445678711,106,DURGA CONFECTIONERY-INDIA,MONARKO,MONARKO DOUBLE CREAM,MONARKO DOUBLE CREAM-ROYAL CANDY PPH 420 GM,PLPCH,420.000 GM,BUTTER,,420.0,GM,128.0
97,2023-01-28,202301,1,117672282,51302010003,1673585259769,99764747,106,DURGA CONFECTIONERY-INDIA,MONARKO DOUBLE CREAM ,MONARKO DOUBLE CREAM/REAL BUTTERY ROYAL CANDY/420GM/PPH,128,PPH,420GM ,,1673585259769-durga confectionery-india-monarko double cream #3.png,RECODING,5,2,46090,23.586904525756836,106,DURGA CONFECTIONERY-INDIA,MONARKO,MONARKO,MONARKO- DOUBLE CREAM ROYAL CANDY PPH 3.33GM,PLPCH,3.330 GM,CREAM,,3.33,GM,0.0
97,2023-01-28,202301,1,117672282,51302010003,1673585259769,99764747,106,DURGA CONFECTIONERY-INDIA,MONARKO DOUBLE CREAM ,MONARKO DOUBLE CREAM/REAL BUTTERY ROYAL CANDY/420GM/PPH,128,PPH,420GM ,,1673585259769-durga confectionery-india-monarko double cream #3.png,RECODING,5,3,49612,30.422042846679688,106,DURGA CONFECTIONERY-INDIA,MONARKO,MONARKO,MONARKO-DOUBLE CREAM ROYAL CANDY PPH 2.8 GM,PLPCH,2.800 GM,CREAM,,2.8,GM,0.0
98,2023-01-28,202301,1,233775810039,23377010004,1674808216754,,106,SHREE SAI KRIPA FOOD INDIA ,FRESH FRUTO,FRESH FRUTO\2.75GM\PPH\STRAWBERRY FLAVOUR ,1.6,PPH,2.75GM,,1674808216754-shree sai kripa food india -fresh fruto#3.png,PARKER FOR NEXT MONTH,999,1,99764209,169.54568481445312,106,DELITE FOOD PROD-INDIA,REAL,REAL FRESH FRUIT,REAL FRESH FRUIT-STRAWBERRY PPH 3.3 GM,PLPCH,3.300 GM,FRUIT,,3.3,GM,1.6
98,2023-01-28,202301,1,233775810039,23377010004,1674808216754,,106,SHREE SAI KRIPA FOOD INDIA ,FRESH FRUTO,FRESH FRUTO\2.75GM\PPH\STRAWBERRY FLAVOUR ,1.6,PPH,2.75GM,,1674808216754-shree sai kripa food india -fresh fruto#3.png,PARKER FOR NEXT MONTH,999,2,51634,182.043212890625,106,RAJSHAAHI FOODS-INDIA,LIVINDA,LIVINDA ZOLLI POP,LIVINDA ZOLLI POP-STRAWBERRY PPH 9 GM,PLPCH,9.000 GM,STRAWBERRY,,9.0,GM,0.0
98,2023-01-28,202301,1,233775810039,23377010004,1674808216754,,106,SHREE SAI KRIPA FOOD INDIA ,FRESH FRUTO,FRESH FRUTO\2.75GM\PPH\STRAWBERRY FLAVOUR ,1.6,PPH,2.75GM,,1674808216754-shree sai kripa food india -fresh fruto#3.png,PARKER FOR NEXT MONTH,999,3,91826855,185.2634735107422,106,SURYA PROCESSED FOOD-INDIA,PRIYAGOLD,PRIYAGOLD AMORAE,PRIYAGOLD AMORAE- STRAWBERRY PPH 5.89 GM,PLPCH,5.890 GM,STRAWBERRY,,5.89,GM,0.0
99,2023-01-28,202301,1,233775810039,23377010004,1674807917160,99763261,106,GANGOTRI HOLY PRODUCTS-INDIA,EATALIA DOUBLE MANGO ,EATALIA DOUBLE MANGO \2.95GM\PPH\AADHA MEETHAAADHA KHATTA,1,PPH,2.95GM,,1674807917160-gangotri holy products-india-eatalia double mango #3.png,CROSS CODING,2,1,99763261,38.420021057128906,106,GANGOTRI HOLY PRODUCTS-INDIA,DOUBLE MANGO,DOUBLE MANGO,DOUBLE MANGO-PPH 2.95 GM,PLPCH,2.950 GM,MANGO,,2.95,GM,1.0
99,2023-01-28,202301,1,233775810039,23377010004,1674807917160,99763261,106,GANGOTRI HOLY PRODUCTS-INDIA,EATALIA DOUBLE MANGO ,EATALIA DOUBLE MANGO \2.95GM\PPH\AADHA MEETHAAADHA KHATTA,1,PPH,2.95GM,,1674807917160-gangotri holy products-india-eatalia double mango #3.png,CROSS CODING,2,2,99764013,68.20858764648438,106,GANGOTRI HOLY PRODUCTS-INDIA,EATALIA,EATALIA NARIYAL PANI,EATALIA NARIYAL PANI-COCONUT PPH 2.95 GM,PLPCH,2.950 GM,COCONUT,,2.95,GM,1.0
99,2023-01-28,202301,1,233775810039,23377010004,1674807917160,99763261,106,GANGOTRI HOLY PRODUCTS-INDIA,EATALIA DOUBLE MANGO ,EATALIA DOUBLE MANGO \2.95GM\PPH\AADHA MEETHAAADHA KHATTA,1,PPH,2.95GM,,1674807917160-gangotri holy products-india-eatalia double mango #3.png,CROSS CODING,2,3,99763789,80.64083099365234,106,GANGOTRI HOLY PRODUCTS-INDIA,KACCHA SACCHA,KACCHA SACCHA,KACCHA SACCHA-ALPHONSO MANGO PPH 2.95 GM,PLPCH,2.950 GM,MANGO,,2.95,GM,1.0
100,2023-01-28,202301,1,233775810074,23377010002,1674805233208,99764832,132,LUZON HEALTHCARE-INDIA,KIDDY SOFT PANTS DIAPER,KIDDY SOFT\5NOS\PPH\DIAPER ,72,PPH,5NOS,,1674805233208-luzon healthcare-india-kiddy soft pants diaper#3.png,RECODING,5,1,99762791,22.07951545715332,132,LUZON HEALTHCARE-INDIA,KIDDY SOFT,KIDDY SOFT PANTS DIAPER,KIDDY SOFT PANTS DIAPER-MEDIUM(M)PPH 5 NOS,PLPCH,5.000 NO,,,5.0,NO,88.0
100,2023-01-28,202301,1,233775810074,23377010002,1674805233208,99764832,132,LUZON HEALTHCARE-INDIA,KIDDY SOFT PANTS DIAPER,KIDDY SOFT\5NOS\PPH\DIAPER ,72,PPH,5NOS,,1674805233208-luzon healthcare-india-kiddy soft pants diaper#3.png,RECODING,5,2,99763359,24.52901840209961,132,LUZON HEALTHCARE-INDIA,KIDDY SOFT,KIDDY SOFT PANTS DIAPER,KIDDY SOFT PANTS DIAPER-MEDIUM(M)PPH 36 NOS,PLPCH,36.000 NO,,,36.0,NO,640.0
100,2023-01-28,202301,1,233775810074,23377010002,1674805233208,99764832,132,LUZON HEALTHCARE-INDIA,KIDDY SOFT PANTS DIAPER,KIDDY SOFT\5NOS\PPH\DIAPER ,72,PPH,5NOS,,1674805233208-luzon healthcare-india-kiddy soft pants diaper#3.png,RECODING,5,3,99764832,36.661354064941406,132,LUZON HEALTHCARE LLP-INDIA,KIDDY SOFT,KIDDY SOFT,KIDDY SOFT-PANTS DIAPER-SMALL(S) PPH 5 NOS,PLPCH,5.000 NO,,,5.0,NO,75.0
101,2023-01-28,202301,1,233775810074,23377010002,1674803711717,,110,SUSHWANI ENTERPRISE INDIA,SUPER BLACK FINE 301,SUPER BLACK FINE 301\65ML\PBT\KESH KALA,72,PBT,65ML,,1674803711717-sushwani enterprise india-super black fine 301#3.png,PARKER FOR NEXT MONTH,999,1,91927593,172.02935791015625,110,HYGIENIC RESEARCH - INDIA,VASMOL,SUPER VASMOL 33 KESH KALA,SUPER VASMOL 33 KESH KALA-PBT 50 ML,PLBOT,50.000 ML,,BLACK,50.0,ML,0.0
101,2023-01-28,202301,1,233775810074,23377010002,1674803711717,,110,SUSHWANI ENTERPRISE INDIA,SUPER BLACK FINE 301,SUPER BLACK FINE 301\65ML\PBT\KESH KALA,72,PBT,65ML,,1674803711717-sushwani enterprise india-super black fine 301#3.png,PARKER FOR NEXT MONTH,999,2,90820626,174.41612243652344,110,HYGIENIC RESEARCH - INDIA,VASMOL,SUPER VASMOL 33 KESH KALA,SUPER VASMOL 33 KESH KALA-KESH KALA PBT 50 ML,PLBOT,50.000 ML,,BLACK,50.0,ML,0.0
101,2023-01-28,202301,1,233775810074,23377010002,1674803711717,,110,SUSHWANI ENTERPRISE INDIA,SUPER BLACK FINE 301,SUPER BLACK FINE 301\65ML\PBT\KESH KALA,72,PBT,65ML,,1674803711717-sushwani enterprise india-super black fine 301#3.png,PARKER FOR NEXT MONTH,999,3,91927592,175.77838134765625,110,HYGIENIC RESEARCH - INDIA,VASMOL,SUPER VASMOL 33 KESH KALA,SUPER VASMOL 33 KESH KALA-PBT 100 ML,PLBOT,100.000 ML,,BLACK,100.0,ML,0.0
102,2023-01-28,202301,1,233775810029,23377010005,1674806757993,99764823,106,PARLE BISCUITS PVT LTD-INDIA,PARLE ORANGE BITE,PARLE ORANGE BITE\627.9GM\PCN\0RANGE JHATKAA,240,PCN,627.9GM,,1674806757993-parle biscuits pvt ltd-india-parle orange bite#3.png,RECODING,5,1,99764823,34.80763244628906,106,PARLE BISCUITS PVT LTD-INDIA,PARLE,PARLE ORANGE BITE,PARLE ORANGE BITE-PCN 585 GM,PLJAR,585.000 GM,ORANGE,,585.0,GM,240.0
102,2023-01-28,202301,1,233775810029,23377010005,1674806757993,99764823,106,PARLE BISCUITS PVT LTD-INDIA,PARLE ORANGE BITE,PARLE ORANGE BITE\627.9GM\PCN\0RANGE JHATKAA,240,PCN,627.9GM,,1674806757993-parle biscuits pvt ltd-india-parle orange bite#3.png,RECODING,5,2,48025,49.740577697753906,106,PARLE BISCUITS PVT LTD-INDIA,PARLE,PARLE ORANGE BITE,PARLE ORANGE BITE- EWP 2.89 GM,EWRPK,2.890 GM,ORANGE,,2.89,GM,0.0
102,2023-01-28,202301,1,233775810029,23377010005,1674806757993,99764823,106,PARLE BISCUITS PVT LTD-INDIA,PARLE ORANGE BITE,PARLE ORANGE BITE\627.9GM\PCN\0RANGE JHATKAA,240,PCN,627.9GM,,1674806757993-parle biscuits pvt ltd-india-parle orange bite#3.png,RECODING,5,3,47991,53.558319091796875,106,PARLE BISCUITS PVT LTD-INDIA,PARLE,PARLE ORANGE BITE,PARLE ORANGE BITE- EWP 3.2 GM,EWRPK,3.200 GM,ORANGE,,3.2,GM,0.0
103,2023-01-28,202301,1,132792028,31306010021,1674811550294,,106,ASIAN BISCUITS & CONFECTNRY-NP,GOODLIFE ECLAIRS,GOODLIFE ECLAIRS- DAIRY MILK/200NOS/PCN/ASIAN BISCUITS & CONFECTNRY-NP,200,PCN,200NOS,,1674811550294-asian biscuits - confectnry-np-goodlife eclairs#3.png,PARKER FOR NEXT MONTH,999,1,91827171,29.436567306518555,106,ASIAN BISCUITS & CONFECTNRY-NP,GOODLIFE,GOODLIFE ECLAIRS,GOODLIFE ECLAIRS- DAIRY MILK EWP 3 GM,EWRPK,3.000 GM,MILK,,3.0,GM,0.0
103,2023-01-28,202301,1,132792028,31306010021,1674811550294,,106,ASIAN BISCUITS & CONFECTNRY-NP,GOODLIFE ECLAIRS,GOODLIFE ECLAIRS- DAIRY MILK/200NOS/PCN/ASIAN BISCUITS & CONFECTNRY-NP,200,PCN,200NOS,,1674811550294-asian biscuits - confectnry-np-goodlife eclairs#3.png,PARKER FOR NEXT MONTH,999,2,91826967,82.4968032836914,106,ASIAN BISCUITS & CONFECTNRY-NP,GOODLIFE,GOODLIFE MERO LACTO,GOODLIFE MERO LACTO- MILK PPH 4 GM,PLPCH,4.000 GM,MILK,,4.0,GM,0.0
103,2023-01-28,202301,1,132792028,31306010021,1674811550294,,106,ASIAN BISCUITS & CONFECTNRY-NP,GOODLIFE ECLAIRS,GOODLIFE ECLAIRS- DAIRY MILK/200NOS/PCN/ASIAN BISCUITS & CONFECTNRY-NP,200,PCN,200NOS,,1674811550294-asian biscuits - confectnry-np-goodlife eclairs#3.png,PARKER FOR NEXT MONTH,999,3,99764629,82.86678314208984,106,ASIAN BISCUITS & CONFECTNRY-NP,GOODLIFE,GOODLIFE DOUBLE TWIX,GOODLIFE DOUBLE TWIX-EWP 3 GM,EWRPK,3.000 GM,MILK,,3.0,GM,1.0
104,2023-01-28,202301,1,132792028,31306010021,1674811690670,,106,ASIAN BISCUITS & CONFECTNRY-NP,GOODLIFE DOUBLE BREAK,GOODLIFE DOUBLE BREAK/200NOS/PCN/ASIAN BISCUITS & CONFECTNRY-NP,200,PCN,200NOS,,1674811690670-asian biscuits - confectnry-np-goodlife double break#3.png,PARKER FOR NEXT MONTH,999,1,47832,45.61357498168945,106,ASIAN BISCUITS & CONFECTNRY-NP,GOODLIFE,GOODLIFE DOUBLE BREAK,GOODLIFE DOUBLE BREAK-EWP 3 GM,PLPCH,3.000 GM,UNSPECIFIED,,3.0,GM,0.0
104,2023-01-28,202301,1,132792028,31306010021,1674811690670,,106,ASIAN BISCUITS & CONFECTNRY-NP,GOODLIFE DOUBLE BREAK,GOODLIFE DOUBLE BREAK/200NOS/PCN/ASIAN BISCUITS & CONFECTNRY-NP,200,PCN,200NOS,,1674811690670-asian biscuits - confectnry-np-goodlife double break#3.png,PARKER FOR NEXT MONTH,999,2,91826552,53.90538787841797,106,ASIAN BISCUITS & CONFECTNRY-NP,GOODLIFE,GOODLIFE DOUBLE BREAK,GOODLIFE DOUBLE BREAK-PPH 4 GM,PLPCH,4.000 GM,MILK,,4.0,GM,0.0
104,2023-01-28,202301,1,132792028,31306010021,1674811690670,,106,ASIAN BISCUITS & CONFECTNRY-NP,GOODLIFE DOUBLE BREAK,GOODLIFE DOUBLE BREAK/200NOS/PCN/ASIAN BISCUITS & CONFECTNRY-NP,200,PCN,200NOS,,1674811690670-asian biscuits - confectnry-np-goodlife double break#3.png,PARKER FOR NEXT MONTH,999,3,91827434,64.90540313720703,106,ASIAN BISCUITS & CONFECTNRY-NP,GOODLIFE,GOODLIFE DOUBLE BREAK,GOODLIFE DOUBLE BREAK-CLASSIC CHOCLAT TOFEE PPH 4GM,PLPCH,4.000 GM,CHOCOLATE,,4.0,GM,0.0
105,2023-01-28,202301,1,116441817,32302010005,1674806716905,99764829,123,GOPAL N PRODUCT-NEPAL,ANKUR,ANKUR-EXTRA WHITENER PPH 200 GM,45,PPH,200 GM,,1674806716905-gopal n product-nepal-ankur#3.png,RECODING,5,1,99764829,8.410072326660156,123,GOPAL N PRODUCT-NEPAL,ANKUR,ANKUR,ANKUR-EXTRA WHITENER PPH 200 GM,PLPCH,200.000 GM,,,200.0,GM,45.0
105,2023-01-28,202301,1,116441817,32302010005,1674806716905,99764829,123,GOPAL N PRODUCT-NEPAL,ANKUR,ANKUR-EXTRA WHITENER PPH 200 GM,45,PPH,200 GM,,1674806716905-gopal n product-nepal-ankur#3.png,RECODING,5,2,99762889,11.412219047546387,123,GOPAL N PRODUCT-NEPAL,ANKUR,ANKUR,ANKUR-EXTRA WHITENER PPH 150 GM,PLPCH,150.000 GM,,,150.0,GM,30.0
105,2023-01-28,202301,1,116441817,32302010005,1674806716905,99764829,123,GOPAL N PRODUCT-NEPAL,ANKUR,ANKUR-EXTRA WHITENER PPH 200 GM,45,PPH,200 GM,,1674806716905-gopal n product-nepal-ankur#3.png,RECODING,5,3,99762964,11.804526329040527,123,GOPAL N PRODUCT-NEPAL,ANKUR,ANKUR,ANKUR-EXTRA WHITENER PPH 250 GM,PLPCH,250.000 GM,,,250.0,GM,50.0
106,2023-01-29,202301,1,212581910089,21258010005,1674815063168,99764793,106,SWEET MART FOOD INDUST-NEPAL,CELTERFRUIT STRAWBERRY,CELTERFRUIT STRAWBERRY\459\GM,300,PCN,450 GM,New SKU,1674815063168-sweet mart food indust-nepal-celterfruit strawberry#3.png,RECODING,5,1,99764793,17.82362937927246,106,SWEET MART FOOD INDUST-NEPAL,CELTERFRUIT,CELTERFRUIT,CELTERFRUIT-STRAWBERRY PCN 450 GM,PLJAR,450.000 GM,STRAWBERRY,,450.0,GM,290.0
106,2023-01-29,202301,1,212581910089,21258010005,1674815063168,99764793,106,SWEET MART FOOD INDUST-NEPAL,CELTERFRUIT STRAWBERRY,CELTERFRUIT STRAWBERRY\459\GM,300,PCN,450 GM,New SKU,1674815063168-sweet mart food indust-nepal-celterfruit strawberry#3.png,RECODING,5,2,51441,29.56218719482422,106,SWEET MART FOOD INDUST-NEPAL,CELTERFRUIT,CELTERFRUIT,CELTERFRUIT-STRAWBERRY PPH 3.4 GM,PLPCH,3.400 GM,STRAWBERRY,,3.4,GM,0.0
106,2023-01-29,202301,1,212581910089,21258010005,1674815063168,99764793,106,SWEET MART FOOD INDUST-NEPAL,CELTERFRUIT STRAWBERRY,CELTERFRUIT STRAWBERRY\459\GM,300,PCN,450 GM,New SKU,1674815063168-sweet mart food indust-nepal-celterfruit strawberry#3.png,RECODING,5,3,99764720,68.73597717285156,106,SWEET MART FOOD INDUST-NEPAL,CELTERFRUIT,CELTERFRUIT,CELTERFRUIT-WATERMELON PCN 450 GM,PLJAR,450.000 GM,WATER MELON,,450.0,GM,290.0
107,2023-01-29,202301,1,212581910120,21258010007,1674812124041,99764824,106,PERFECT FOODS PVT LTD-NEPAL,CANDY BEE LACTO KING  RICH MILK,CANDY BEE LACTO KING RICH MILK\500\GM,200,PCN,500GM,New SKU,1674812124041-perfect foods pvt ltd-nepal-candy bee lacto king  rich milk#3.png,RECODING,5,1,99764824,13.528141021728516,106,PERFECT FOODS PVT LTD-NEPAL,CANDY BEE,CANDY BEE LACTO KING,CANDY BEE LACTO KING-RICH MILK PCN 500 GM,PLJAR,500.000 GM,MILK,,500.0,GM,200.0
107,2023-01-29,202301,1,212581910120,21258010007,1674812124041,99764824,106,PERFECT FOODS PVT LTD-NEPAL,CANDY BEE LACTO KING  RICH MILK,CANDY BEE LACTO KING RICH MILK\500\GM,200,PCN,500GM,New SKU,1674812124041-perfect foods pvt ltd-nepal-candy bee lacto king  rich milk#3.png,RECODING,5,2,53888,27.513164520263672,106,PERFECT FOODS PVT LTD-NEPAL,CANDY BEE,CANDY BEE LACTO,CANDY BEE LACTO-KING MILK CANDY PPH 2.5 GM,PLPCH,2.500 GM,MILK,,2.5,GM,0.0
107,2023-01-29,202301,1,212581910120,21258010007,1674812124041,99764824,106,PERFECT FOODS PVT LTD-NEPAL,CANDY BEE LACTO KING  RICH MILK,CANDY BEE LACTO KING RICH MILK\500\GM,200,PCN,500GM,New SKU,1674812124041-perfect foods pvt ltd-nepal-candy bee lacto king  rich milk#3.png,RECODING,5,3,49471,30.34827423095703,106,PERFECT FOODS PVT LTD-NEPAL,CANDY BEE,CANDY BEE LACTO,CANDY BEE LACTO-KING MILK CANDY PPH 3.3 GM,PLPCH,3.300 GM,MILK,,3.3,GM,0.0
108,2023-01-29,202301,1,122344338,12303010047,1674551466045,99763529,123,SWADESHI SABUN UDHYOG-NEPAL,AAHA,AAHA-LAUNDRY SOAP PPH 150GM,35,PPH,150GM,,1674551466045-swadeshi sabun udhyog-nepal-aaha#3.png,CROSS CODING,2,1,99764617,20.575035095214844,123,SWADESHI SABUN UDHYOG-NEPAL,AAHA,AAHA,AAHA-LAUNDRY SOAP PPH 250 GM,PLPCH,250.000 GM,,,250.0,GM,55.0
108,2023-01-29,202301,1,122344338,12303010047,1674551466045,99763529,123,SWADESHI SABUN UDHYOG-NEPAL,AAHA,AAHA-LAUNDRY SOAP PPH 150GM,35,PPH,150GM,,1674551466045-swadeshi sabun udhyog-nepal-aaha#3.png,CROSS CODING,2,2,99764025,26.315858840942383,123,SWADESHI SABUN UDHYOG-NEPAL,MADAL,MADAL,MADAL-LAUNDRY SOAP PPH 250 GM,PLPCH,250.000 GM,,,250.0,GM,50.0
108,2023-01-29,202301,1,122344338,12303010047,1674551466045,99763529,123,SWADESHI SABUN UDHYOG-NEPAL,AAHA,AAHA-LAUNDRY SOAP PPH 150GM,35,PPH,150GM,,1674551466045-swadeshi sabun udhyog-nepal-aaha#3.png,CROSS CODING,2,3,99763596,26.535625457763672,123,SWADESHI SABUN UDHYOG-NEPAL,BADAL,BADAL,BADAL-LAUNDRY SOAP PPH 300 GM,PLPCH,300.000 GM,,,300.0,GM,50.0
109,2023-01-29,202301,1,122547898,12303010049,1674548045228,99764822,106,CANDY LAKE NUTRITIONS PVT LTD-IN,CANDY LLAKE COCONUT,CANDY LAKE-COCONUT CANY PCN 600GM,200,PCN,600GM,,1674548045228-candy lake nutritions pvt ltd-in-candy llake coconut#3.png,RECODING,5,1,99763112,39.951446533203125,106,CANDY LAKE NUTRITIONS PVT LTD-IN,CANDY LAKE,CANDY LAKE,CANDY LAKE-COCONUT PPH 4.25 GM,PLPCH,4.250 GM,COCONUT,,4.25,GM,2.5
109,2023-01-29,202301,1,122547898,12303010049,1674548045228,99764822,106,CANDY LAKE NUTRITIONS PVT LTD-IN,CANDY LLAKE COCONUT,CANDY LAKE-COCONUT CANY PCN 600GM,200,PCN,600GM,,1674548045228-candy lake nutritions pvt ltd-in-candy llake coconut#3.png,RECODING,5,2,99764822,56.95146942138672,106,CANDY LAKE NUTRITIONS PVT LTD-IN,CANDY LAKE,CANDY LAKE COCONUT,CANDY LAKE COCONUT-RICH MILK &COCONUT TASTE PCN 600 GM,PLJAR,600.000 GM,COCONUT,,600.0,GM,200.0
109,2023-01-29,202301,1,122547898,12303010049,1674548045228,99764822,106,CANDY LAKE NUTRITIONS PVT LTD-IN,CANDY LLAKE COCONUT,CANDY LAKE-COCONUT CANY PCN 600GM,200,PCN,600GM,,1674548045228-candy lake nutritions pvt ltd-in-candy llake coconut#3.png,RECODING,5,3,99764564,87.52674865722656,106,CANDY LAKE NUTRITIONS PVT LTD-IN,CANDY LAKE,CANDY LAKE MILKIEZ,CANDY LAKE MILKIEZ- 2 IN 1 PCN 640 GM,PLJAR,640.000 GM,MILK,,640.0,GM,260.0
110,2023-01-30,202301,1,116619688,11301010020,1674028956558,99764793,106,SWEET MART FOOD INDUST-NEPAL,CELTERFRUIT,CELTERFRUIT-STRAWBERRY PCN 450G,290,PCN,450G,,1674028956558-sweet mart food indust-nepal-celterfruit#3.png,RECODING,5,1,99764793,16.52154541015625,106,SWEET MART FOOD INDUST-NEPAL,CELTERFRUIT,CELTERFRUIT,CELTERFRUIT-STRAWBERRY PCN 450 GM,PLJAR,450.000 GM,STRAWBERRY,,450.0,GM,290.0
110,2023-01-30,202301,1,116619688,11301010020,1674028956558,99764793,106,SWEET MART FOOD INDUST-NEPAL,CELTERFRUIT,CELTERFRUIT-STRAWBERRY PCN 450G,290,PCN,450G,,1674028956558-sweet mart food indust-nepal-celterfruit#3.png,RECODING,5,2,51441,32.056243896484375,106,SWEET MART FOOD INDUST-NEPAL,CELTERFRUIT,CELTERFRUIT,CELTERFRUIT-STRAWBERRY PPH 3.4 GM,PLPCH,3.400 GM,STRAWBERRY,,3.4,GM,0.0
110,2023-01-30,202301,1,116619688,11301010020,1674028956558,99764793,106,SWEET MART FOOD INDUST-NEPAL,CELTERFRUIT,CELTERFRUIT-STRAWBERRY PCN 450G,290,PCN,450G,,1674028956558-sweet mart food indust-nepal-celterfruit#3.png,RECODING,5,3,99764720,55.4337158203125,106,SWEET MART FOOD INDUST-NEPAL,CELTERFRUIT,CELTERFRUIT,CELTERFRUIT-WATERMELON PCN 450 GM,PLJAR,450.000 GM,WATER MELON,,450.0,GM,290.0
111,2023-01-30,202301,1,116651245,11301010010,1674028956558,99764793,106,SWEET MART FOOD INDUST-NEPAL,CELTERFRUIT,CELTERFRUIT-STRAWBERRY PCN 450G,290,PCN,450G,,1674028956558-sweet mart food indust-nepal-celterfruit#3.png,RECODING,5,1,99764793,16.52154541015625,106,SWEET MART FOOD INDUST-NEPAL,CELTERFRUIT,CELTERFRUIT,CELTERFRUIT-STRAWBERRY PCN 450 GM,PLJAR,450.000 GM,STRAWBERRY,,450.0,GM,290.0
111,2023-01-30,202301,1,116651245,11301010010,1674028956558,99764793,106,SWEET MART FOOD INDUST-NEPAL,CELTERFRUIT,CELTERFRUIT-STRAWBERRY PCN 450G,290,PCN,450G,,1674028956558-sweet mart food indust-nepal-celterfruit#3.png,RECODING,5,2,51441,32.056243896484375,106,SWEET MART FOOD INDUST-NEPAL,CELTERFRUIT,CELTERFRUIT,CELTERFRUIT-STRAWBERRY PPH 3.4 GM,PLPCH,3.400 GM,STRAWBERRY,,3.4,GM,0.0
111,2023-01-30,202301,1,116651245,11301010010,1674028956558,99764793,106,SWEET MART FOOD INDUST-NEPAL,CELTERFRUIT,CELTERFRUIT-STRAWBERRY PCN 450G,290,PCN,450G,,1674028956558-sweet mart food indust-nepal-celterfruit#3.png,RECODING,5,3,99764720,55.4337158203125,106,SWEET MART FOOD INDUST-NEPAL,CELTERFRUIT,CELTERFRUIT,CELTERFRUIT-WATERMELON PCN 450 GM,PLJAR,450.000 GM,WATER MELON,,450.0,GM,290.0
112,2023-01-30,202301,1,131605426,22201010054,1674804777045,99764828,120,WIPRO LTD.- INDIA,SANTOOR ALMOND SOFT,SANTOOR/44/GM/EWP/ALMOND SOFT/WIPRO ENTERPRISES P.LTD/INDIA,20,EWP,44,,1674804777045-wipro ltd-- india-santoor almond soft#3.png,RECODING,5,1,99764828,26.425220489501953,120,WIPRO LTD.- INDIA,SANTOOR,SANTOOR ALMOND SOFT,SANTOOR ALMOND SOFT-SANDL & ALMND MLK EWP 44 GM,EWRPK,44.000 GM,,,44.0,GM,20.0
112,2023-01-30,202301,1,131605426,22201010054,1674804777045,99764828,120,WIPRO LTD.- INDIA,SANTOOR ALMOND SOFT,SANTOOR/44/GM/EWP/ALMOND SOFT/WIPRO ENTERPRISES P.LTD/INDIA,20,EWP,44,,1674804777045-wipro ltd-- india-santoor almond soft#3.png,RECODING,5,2,99764328,30.8438663482666,120,WIPRO LTD.- INDIA,SANTOOR,SANTOOR ALMOND SOFT,SANTOOR ALMOND SOFT-SANDL & ALMND MLK EWP 100 GM,EWRPK,100.000 GM,,,100.0,GM,40.0
112,2023-01-30,202301,1,131605426,22201010054,1674804777045,99764828,120,WIPRO LTD.- INDIA,SANTOOR ALMOND SOFT,SANTOOR/44/GM/EWP/ALMOND SOFT/WIPRO ENTERPRISES P.LTD/INDIA,20,EWP,44,,1674804777045-wipro ltd-- india-santoor almond soft#3.png,RECODING,5,3,99763736,37.25769805908203,120,WIPRO LTD.- INDIA,SANTOOR,SANTOOR ALMOND SOFT,SANTOOR ALMOND SOFT-SANDL & ALMND MLK EWP 48GM+10%EXT,EWRPK,48.000 GM,,,53.0,GM,20.0
113,2023-01-30,202301,1,131605426,22201010054,1674802427451,99764827,116,RIJAL SANITARY PAD UDHYOG-NP,MY CHOICE,MY CHOICE\6\PADS\RIJAL SANITARY PAD UDHYOG\NEPAL,70,PPH,6 PADS,,1674802427451-rijal sanitary pad udhyog-np-my choice#3.png,RECODING,5,1,99764827,68.42449951171875,116,RIJAL SANITARY PAD UDHYOG-NP,MY CHOICE,MY CHOICE,MY CHOICE-CLEAN & DRY PPH 6 NOS,PLPCH,6.000 NO,,,6.0,NO,70.0
113,2023-01-30,202301,1,131605426,22201010054,1674802427451,99764827,116,RIJAL SANITARY PAD UDHYOG-NP,MY CHOICE,MY CHOICE\6\PADS\RIJAL SANITARY PAD UDHYOG\NEPAL,70,PPH,6 PADS,,1674802427451-rijal sanitary pad udhyog-np-my choice#3.png,RECODING,5,2,99764291,88.26241302490234,116,RIJAL SANITARY PAD UDHYOG-NP,MY CHOICE,MY CHOICE,MY CHOICE-REGULAR PPH 8 NO,PLPCH,8.000 NO,,,8.0,NO,80.0
113,2023-01-30,202301,1,131605426,22201010054,1674802427451,99764827,116,RIJAL SANITARY PAD UDHYOG-NP,MY CHOICE,MY CHOICE\6\PADS\RIJAL SANITARY PAD UDHYOG\NEPAL,70,PPH,6 PADS,,1674802427451-rijal sanitary pad udhyog-np-my choice#3.png,RECODING,5,3,53203,143.9798583984375,116,NARI SANITARY PAD UDHYOG-NP,NARI,NARI,NARI-XL ULTRA WINGS PPH 6 NO,PLPCH,6.000 NO,,,6.0,NO,0.0
114,2023-01-30,202301,1,131605426,22201010054,1674798133259,99764826,106,SUJAL FOODS PVT LTD-NEPAL,SUJAL ECLAIRS,SUJAL ECLAIRS/1650/GMS/JAR/SUJAL FOODS PVT.LTD/NEPAL,600,JAR,1650GMS,,1674798133259-sujal foods pvt ltd-nepal-sujal eclairs#3.png,RECODING,5,1,99764826,70.60140228271484,106,SUJAL FOODS PVT LTD-NEPAL,SUJAL,SUJAL ECLAIRS,SUJAL ECLAIRS- MILK CHOCOLATE PCN 1650 GM,PLJAR,1650.000 GM,MILK CHOCOLATE,,1650.0,GM,600.0
114,2023-01-30,202301,1,131605426,22201010054,1674798133259,99764826,106,SUJAL FOODS PVT LTD-NEPAL,SUJAL ECLAIRS,SUJAL ECLAIRS/1650/GMS/JAR/SUJAL FOODS PVT.LTD/NEPAL,600,JAR,1650GMS,,1674798133259-sujal foods pvt ltd-nepal-sujal eclairs#3.png,RECODING,5,2,99764540,73.2923583984375,106,SUJAL FOODS PVT LTD-NEPAL,SUJAL,SUJAL ECLAIRS,SUJAL ECLAIRS- MILK CHOCOLATE PCN 550 GM,PLJAR,550.000 GM,MILK CHOCOLATE,,550.0,GM,170.0
114,2023-01-30,202301,1,131605426,22201010054,1674798133259,99764826,106,SUJAL FOODS PVT LTD-NEPAL,SUJAL ECLAIRS,SUJAL ECLAIRS/1650/GMS/JAR/SUJAL FOODS PVT.LTD/NEPAL,600,JAR,1650GMS,,1674798133259-sujal foods pvt ltd-nepal-sujal eclairs#3.png,RECODING,5,3,99763042,73.57479858398438,106,SUJAL FOODS PVT LTD-NEPAL,SUJAL,SUJAL IMLI DUM,SUJAL IMLI DUM-PPH 2.8 GM,PLPCH,2.800 GM,IMLI,,2.8,GM,1.0
115,2023-01-30,202301,2,128624554,21401020018,1674971602666,99764833,134,HYGEN PACKS NEPAL PVT LTD-NEPAL,HYGEN MANIA,HYGEN MANIA-MANGO /PET/ 500ML/HYGEN PACKS NEPAL PVT.LTD,80,PBT,500ML,,1674971602666-hygen packs nepal pvt ltd-nepal-hygen mania#3.png,RECODING,5,1,99764833,35.03260040283203,118,HYGEN PACKS NEPAL PVT LTD-NEPAL,HYGEN,HYGEN MANIA,MANGO PET 500 ML,PET,500.000 ML,MANGO,,500.0,ML,80.0
115,2023-01-30,202301,2,128624554,21401020018,1674971602666,99764833,134,HYGEN PACKS NEPAL PVT LTD-NEPAL,HYGEN MANIA,HYGEN MANIA-MANGO /PET/ 500ML/HYGEN PACKS NEPAL PVT.LTD,80,PBT,500ML,,1674971602666-hygen packs nepal pvt ltd-nepal-hygen mania#3.png,RECODING,5,2,99764476,37.28245544433594,118,HYGEN PACKS NEPAL PVT LTD-NEPAL,HYGEN,HYGEN MANIA,MANGO PET 250 ML,PET,250.000 ML,MANGO,,250.0,ML,50.0
115,2023-01-30,202301,2,128624554,21401020018,1674971602666,99764833,134,HYGEN PACKS NEPAL PVT LTD-NEPAL,HYGEN MANIA,HYGEN MANIA-MANGO /PET/ 500ML/HYGEN PACKS NEPAL PVT.LTD,80,PBT,500ML,,1674971602666-hygen packs nepal pvt ltd-nepal-hygen mania#3.png,RECODING,5,3,99764995,37.778194427490234,118,HYGEN PACKS NEPAL PVT LTD-NEPAL,HYGEN,HYGEN MANIA,MANGO PET 1000 ML,PET,1000.000 ML,MANGO,,1000.0,ML,170.0
116,2023-01-30,202301,1,116492009,11301010011,1674811398854,99764830,123,HIMGIRI SOAP & CHEMICALS-NEPAL,SHAKTI,SHAKTI SCOURING BAR PPH 75 G,10,PPH,75G,,1674811398854-himgiri soap - chemicals-nepal-shakti#3.png,RECODING,5,1,45771,63.76935577392578,123,HIMGIRI SOAP & CHEMICALS-NEPAL,SHAKTI,SHAKTI,SHAKTI-SCORING BAR PPH 70 GM,PLPCH,70.000 GM,,,70.0,GM,0.0
116,2023-01-30,202301,1,116492009,11301010011,1674811398854,99764830,123,HIMGIRI SOAP & CHEMICALS-NEPAL,SHAKTI,SHAKTI SCOURING BAR PPH 75 G,10,PPH,75G,,1674811398854-himgiri soap - chemicals-nepal-shakti#3.png,RECODING,5,2,99764830,68.31228637695312,123,HIMGIRI SOAP & CHEMICALS-NEPAL,SHAKTI,SHAKTI,SHAKTI-SCORING BAR LEMON PPH 75 GM,PLPCH,75.000 GM,,,75.0,GM,10.0
116,2023-01-30,202301,1,116492009,11301010011,1674811398854,99764830,123,HIMGIRI SOAP & CHEMICALS-NEPAL,SHAKTI,SHAKTI SCOURING BAR PPH 75 G,10,PPH,75G,,1674811398854-himgiri soap - chemicals-nepal-shakti#3.png,RECODING,5,3,92919981,71.67762756347656,123,HIMGIRI SOAP & CHEMICALS-NEPAL,SHAKTI,SHAKTI,SHAKTI-EWP 160 GMS,EWRPK,160.000 GM,,,160.0,GM,0.0
117,2023-01-30,202301,1,116492009,11301010011,1674810830227,99764831,123,PUJA SOAP & HOUSEHOLD PROD-NPL,TRISHUL,TRISHUL LAUNDRY SOAP PPH 200G,35,PPH,200G,,1674810830227-puja soap - household prod-npl-trishul#3.png,RECODING,5,1,99764831,14.510544776916504,123,PUJA SOAP & HOUSEHOLD PROD-NPL,TRISHUL,TRISHUL,TRISHUL-LAUNDRY SOAP PPH 200 GM,PLPCH,200.000 GM,,,200.0,GM,35.0
117,2023-01-30,202301,1,116492009,11301010011,1674810830227,99764831,123,PUJA SOAP & HOUSEHOLD PROD-NPL,TRISHUL,TRISHUL LAUNDRY SOAP PPH 200G,35,PPH,200G,,1674810830227-puja soap - household prod-npl-trishul#3.png,RECODING,5,2,99763109,17.26144027709961,123,PUJA SOAP & HOUSEHOLD PROD-NPL,TRISHUL,TRISHUL,TRISHUL-LAUNDRY SOAP PPH 250 GM,PLPCH,250.000 GM,,,250.0,GM,40.0
117,2023-01-30,202301,1,116492009,11301010011,1674810830227,99764831,123,PUJA SOAP & HOUSEHOLD PROD-NPL,TRISHUL,TRISHUL LAUNDRY SOAP PPH 200G,35,PPH,200G,,1674810830227-puja soap - household prod-npl-trishul#3.png,RECODING,5,3,99764840,18.01545524597168,123,PUJA SOAP & HOUSEHOLD PROD-NPL,TRISHUL,TRISHUL,TRISHUL-LAUNDRY SOAP PPH 300 GM,PLPCH,300.000 GM,,,300.0,GM,50.0
118,2023-01-31,202301,1,117996041,31308010008,1674978034348,99764834,122,SAPTRISHI SOAP INDUSTRIES-NP,SEVEN STAR,SEVEN STAR-LEMON & JASMINE PPH 200 GM,20,PPH,200 GM ,,1674978034348-saptrishi soap industries-np-seven star#3.png,RECODING,5,1,99764834,9.712583541870117,122,SAPTRISHI SOAP INDUSTRIES-NP,SEVEN STAR,SEVEN STAR,SEVEN STAR-LEMON & JASMINE PPH 200 GM,PLPCH,200.000 GM,,,200.0,GM,20.0
118,2023-01-31,202301,1,117996041,31308010008,1674978034348,99764834,122,SAPTRISHI SOAP INDUSTRIES-NP,SEVEN STAR,SEVEN STAR-LEMON & JASMINE PPH 200 GM,20,PPH,200 GM ,,1674978034348-saptrishi soap industries-np-seven star#3.png,RECODING,5,2,53512,15.706672668457031,122,SAPTRISHI SOAP INDUSTRIES-NP,SEVEN STAR,SEVEN STAR,SEVEN STAR-LEMON & JASMINE PPH 240 GM,PLPCH,240.000 GM,,,240.0,GM,0.0
118,2023-01-31,202301,1,117996041,31308010008,1674978034348,99764834,122,SAPTRISHI SOAP INDUSTRIES-NP,SEVEN STAR,SEVEN STAR-LEMON & JASMINE PPH 200 GM,20,PPH,200 GM ,,1674978034348-saptrishi soap industries-np-seven star#3.png,RECODING,5,3,99762698,16.6845645904541,122,SAPTRISHI SOAP INDUSTRIES-NP,SEVEN STAR,SEVEN STAR,SEVEN STAR-LEMON & JASMINE PPH 500 GM,PLPCH,500.000 GM,,,500.0,GM,50.0
119,2023-01-31,202301,2,222331810135,22233020016,1675052397290,99764836,134,HIMAL AGRO & FOOD PVT LTD-NEPAL,SPRING KAVRE,SPRING KAVRE\1000\ML,20,PET ,1000ML,New SKU,1675052397290-himal agro - food pvt ltd-nepal-spring kavre#3.png,RECODING,5,1,99764836,29.299842834472656,118,HIMAL AGRO & FOOD PVT LTD-NEPAL,SPRING KAVRE,SPRING KAVRE,PET 1000 ML,PET,1000.000 ML,,,1000.0,ML,20.0
119,2023-01-31,202301,2,222331810135,22233020016,1675052397290,99764836,134,HIMAL AGRO & FOOD PVT LTD-NEPAL,SPRING KAVRE,SPRING KAVRE\1000\ML,20,PET ,1000ML,New SKU,1675052397290-himal agro - food pvt ltd-nepal-spring kavre#3.png,RECODING,5,2,99762823,73.87044525146484,118,HIMAL AGRO & FOOD PVT LTD-NEPAL,SPRING 100,SPRING 100,PET 1000 ML,PET,1000.000 ML,,,1000.0,ML,20.0
119,2023-01-31,202301,2,222331810135,22233020016,1675052397290,99764836,134,HIMAL AGRO & FOOD PVT LTD-NEPAL,SPRING KAVRE,SPRING KAVRE\1000\ML,20,PET ,1000ML,New SKU,1675052397290-himal agro - food pvt ltd-nepal-spring kavre#3.png,RECODING,5,3,99765078,157.08349609375,118,SABARAT AGRO PVT. LTD.-NEPAL,PALOMA,PALOMA,PET 300 ML,PET,300.000 ML,PEACH & MANGO,,300.0,ML,60.0
120,2023-01-31,202301,1,222332210165,22233010007,1675051035877,99764555,106,SURYA NEPAL PVT LTD - NEPAL,TOFFICHOO CHATPATA FUN MASALA PUNCH,TOFFICHOO CHATPATA FUN MASALA PUNCH\720\GM,300,PCN,720 GM,New SKU,1675051035877-surya nepal pvt ltd - nepal-toffichoo chatpata fun masala punch#3.png,CROSS CODING,2,1,99764555,14.435583114624023,106,SURYA NEPAL PVT LTD - NEPAL,TOFFICHOO,TOFFICHOO CHATPATA FUN,TOFFICHOO CHATPATA FUN-MASALA PUNCH PCN 720 GM,PLJAR,720.000 GM,MASALA,,720.0,GM,300.0
120,2023-01-31,202301,1,222332210165,22233010007,1675051035877,99764555,106,SURYA NEPAL PVT LTD - NEPAL,TOFFICHOO CHATPATA FUN MASALA PUNCH,TOFFICHOO CHATPATA FUN MASALA PUNCH\720\GM,300,PCN,720 GM,New SKU,1675051035877-surya nepal pvt ltd - nepal-toffichoo chatpata fun masala punch#3.png,CROSS CODING,2,2,99764545,20.713958740234375,106,SURYA NEPAL PVT LTD - NEPAL,TOFFICHOO,TOFFICHOO CHATPATA FUN,TOFFICHOO CHATPATA FUN-MASALA PUNCH PPH 270 GM,PLPCH,270.000 GM,MASALA,,270.0,GM,85.0
120,2023-01-31,202301,1,222332210165,22233010007,1675051035877,99764555,106,SURYA NEPAL PVT LTD - NEPAL,TOFFICHOO CHATPATA FUN MASALA PUNCH,TOFFICHOO CHATPATA FUN MASALA PUNCH\720\GM,300,PCN,720 GM,New SKU,1675051035877-surya nepal pvt ltd - nepal-toffichoo chatpata fun masala punch#3.png,CROSS CODING,2,3,99764612,71.5663833618164,106,SURYA NEPAL PVT LTD - NEPAL,TOFFICHOO TADKA,TOFFICHOO TADKA,TOFFICHOO TADKA-CHAT MASALA LITCHI PCN 760GM,PLJAR,760.000 GM,LYCHEE,,760.0,GM,500.0
121,2023-01-31,202301,1,222332210165,22233010007,1675050528907,99764835,123,KWALITY CHEM PVT LTD-NEPAL,DIAL LAUNDRY SOAP,DIAL LAUNDRY SOAP\900\GM,200,PPH,900 GM,New SKU,1675050528907-kwality chem pvt ltd-nepal-dial laundry soap#3.png,RECODING,5,1,99762607,16.35118865966797,123,KWALITY CHEM PVT LTD-NEPAL,DIAL,DIAL,DIAL-LAUNDRY SOAP PPH 200 GM,PLPCH,200.000 GM,,,200.0,GM,40.0
121,2023-01-31,202301,1,222332210165,22233010007,1675050528907,99764835,123,KWALITY CHEM PVT LTD-NEPAL,DIAL LAUNDRY SOAP,DIAL LAUNDRY SOAP\900\GM,200,PPH,900 GM,New SKU,1675050528907-kwality chem pvt ltd-nepal-dial laundry soap#3.png,RECODING,5,2,99764835,16.466323852539062,123,KWALITY CHEM PVT LTD-NEPAL,DIAL,DIAL,DIAL-LAUNDRY SOAP PPH 4*225 GM [900 GM],PLPCH,900.000 GM,,,900.0,GM,200.0
121,2023-01-31,202301,1,222332210165,22233010007,1675050528907,99764835,123,KWALITY CHEM PVT LTD-NEPAL,DIAL LAUNDRY SOAP,DIAL LAUNDRY SOAP\900\GM,200,PPH,900 GM,New SKU,1675050528907-kwality chem pvt ltd-nepal-dial laundry soap#3.png,RECODING,5,3,99763132,18.323883056640625,123,KWALITY CHEM PVT LTD-NEPAL,DIAL,DIAL,DIAL-LAUNDRY SOAP PPH 100 GM,PLPCH,100.000 GM,,,100.0,GM,20.0
122,2023-01-31,202301,1,116833007,21304010007,1675062063455,,106,D-SWAG INDUSTRIES LTD-INDIA,BAKEMATE CAFE TOWN,BAKEMATE CAFE TOWN/COFFEE /HARD BOILED CANDY/D-SWG INDUSTRIES LTD INDIA/3.2GM,2.5,PPH,3.2GM,,1675062063455-d-swag industries ltd-india-bakemate cafe town#3.png,PARKER FOR NEXT MONTH,999,1,99764689,59.4669189453125,106,D-SWAG INDUSTRIES LTD-INDIA,BAKEMATE,BAKEMATE CAFÉ TOWN,BAKEMATE CAFÉ TOWN-COFFEE PCN 700 GM,PLJAR,700.000 GM,COFFEE,,700.0,GM,450.0
122,2023-01-31,202301,1,116833007,21304010007,1675062063455,,106,D-SWAG INDUSTRIES LTD-INDIA,BAKEMATE CAFE TOWN,BAKEMATE CAFE TOWN/COFFEE /HARD BOILED CANDY/D-SWG INDUSTRIES LTD INDIA/3.2GM,2.5,PPH,3.2GM,,1675062063455-d-swag industries ltd-india-bakemate cafe town#3.png,PARKER FOR NEXT MONTH,999,2,99764868,59.679500579833984,106,D-SWAG INDUSTRIES LTD-INDIA,BAKEMATE,BAKEMATE CAFÉ TOWN,BAKEMATE CAFÉ TOWN-COFFEE PCN 704 GM,PLJAR,704.000 GM,COFFEE,,704.0,GM,450.0
122,2023-01-31,202301,1,116833007,21304010007,1675062063455,,106,D-SWAG INDUSTRIES LTD-INDIA,BAKEMATE CAFE TOWN,BAKEMATE CAFE TOWN/COFFEE /HARD BOILED CANDY/D-SWG INDUSTRIES LTD INDIA/3.2GM,2.5,PPH,3.2GM,,1675062063455-d-swag industries ltd-india-bakemate cafe town#3.png,PARKER FOR NEXT MONTH,999,3,99764597,115.66938781738281,106,D-SWAG INDUSTRIES LTD-INDIA,BAKEMATE,BAKEMATE POP N POP,BAKEMATE POP N POP-FLAVOURED LOLLIPOP PCN 800 GM,PLJAR,800.000 GM,ASSORTED,,800.0,GM,500.0
123,2023-02-01,202301,1,324251110063,32425010008,1674538082919,99764511,106,PERFECT FOODS PVT LTD-NEPAL,CENTER FILLZ,CENTER FILZ MIXED FRUIT\435GM\PBT\RS:300\PERFECT FOODS P. LTD NEPAL,300,PBT,435GM,,1674538082919-perfect foods pvt ltd-nepal-center fillz#3.png,CROSS CODING,2,1,99764511,36.70969009399414,106,PERFECT FOODS PVT LTD-NEPAL,CENTER FILLZ,CENTER FILLZ,CENTER FILLZ-MIXED FRUIT PCN 435 GM,PLJAR,435.000 GM,MIXED FRUIT,,435.0,GM,200.0
123,2023-02-01,202301,1,324251110063,32425010008,1674538082919,99764511,106,PERFECT FOODS PVT LTD-NEPAL,CENTER FILLZ,CENTER FILZ MIXED FRUIT\435GM\PBT\RS:300\PERFECT FOODS P. LTD NEPAL,300,PBT,435GM,,1674538082919-perfect foods pvt ltd-nepal-center fillz#3.png,CROSS CODING,2,2,52281,37.64691925048828,106,PERFECT FOODS PVT LTD-NEPAL,CENTER FILLZ,CENTER FILLZ,CENTER FILLZ-MIXED FRUIT PPH 3 GM,PLPCH,3.000 GM,MIXED FRUIT,,3.0,GM,0.0
123,2023-02-01,202301,1,324251110063,32425010008,1674538082919,99764511,106,PERFECT FOODS PVT LTD-NEPAL,CENTER FILLZ,CENTER FILZ MIXED FRUIT\435GM\PBT\RS:300\PERFECT FOODS P. LTD NEPAL,300,PBT,435GM,,1674538082919-perfect foods pvt ltd-nepal-center fillz#3.png,CROSS CODING,2,3,47612,39.480010986328125,106,PERFECT FOODS PVT LTD-NEPAL,CENTER FILLZ,CENTER FILLZ,CENTER FILLZ-MIXED FRUIT PPH 3.4 GM,PLPCH,3.400 GM,MIXED FRUIT,,3.4,GM,0.0
124,2023-02-01,202301,1,516753710246,51675010007,1674904175571,99764837,106,SUJAL FOODS PVT LTD-NEPAL,BUBBLE FUN,BUBBLE FUN/SOFT BUBBLE GUM/625GM/PCN,200,PCN,625GM,,1674904175571-sujal foods pvt ltd-nepal-bubble fun#3.png,RECODING,5,1,99764837,18.759366989135742,106,SUJAL FOODS PVT LTD-NEPAL,BUBBLE FUN,BUBBLE FUN,BUBBLE FUN- SOFT BUBBLE GUM PCN 625 GM,PLJAR,625.000 GM,UNSPECIFIED,,625.0,GM,200.0
124,2023-02-01,202301,1,516753710246,51675010007,1674904175571,99764837,106,SUJAL FOODS PVT LTD-NEPAL,BUBBLE FUN,BUBBLE FUN/SOFT BUBBLE GUM/625GM/PCN,200,PCN,625GM,,1674904175571-sujal foods pvt ltd-nepal-bubble fun#3.png,RECODING,5,2,50962,25.09141731262207,106,SUJAL FOODS PVT LTD-NEPAL,BUBBLE FUN,BUBBLE FUN,BUBBLE FUN- SOFT BUBBLE GUM PPH 2.8 GM,PLPCH,2.800 GM,UNSPECIFIED,,2.8,GM,0.0
124,2023-02-01,202301,1,516753710246,51675010007,1674904175571,99764837,106,SUJAL FOODS PVT LTD-NEPAL,BUBBLE FUN,BUBBLE FUN/SOFT BUBBLE GUM/625GM/PCN,200,PCN,625GM,,1674904175571-sujal foods pvt ltd-nepal-bubble fun#3.png,RECODING,5,3,54358,30.297584533691406,106,SUJAL FOODS PVT LTD-NEPAL,BUBBLE FUN,BUBBLE FUN,BUBBLE FUN-SOFT BUBBLE GUM EWP 2.5 GM,EWRPK,2.500 GM,UNSPECIFIED,,2.5,GM,0.0
125,2023-02-01,202301,1,516753310241,51675010002,1674897834890,99764838,120,MAHASHAKTI SOAP & CHEM.- NEPAL,MAYALU BEAUTY SOAP,MAYALU/ROSE/60GM/EWP,20,EWP,60GM ,,1674897834890-mahashakti soap - chem-- nepal-mayalu beauty soap#3.png,RECODING,5,1,99764838,13.172849655151367,120,MAHASHAKTI SOAP & CHEM.- NEPAL,MAYALU,MAYALU BEAUTY SOAP,MAYALU BEAUTY SOAP-ROSE EWP 60 GM,EWRPK,60.000 GM,,,60.0,GM,20.0
125,2023-02-01,202301,1,516753310241,51675010002,1674897834890,99764838,120,MAHASHAKTI SOAP & CHEM.- NEPAL,MAYALU BEAUTY SOAP,MAYALU/ROSE/60GM/EWP,20,EWP,60GM ,,1674897834890-mahashakti soap - chem-- nepal-mayalu beauty soap#3.png,RECODING,5,2,92515973,15.495166778564453,120,MAHASHAKTI SOAP & CHEM.- NEPAL,MAYALU,MAYALU BEAUTY SOAP,MAYALU BEAUTY SOAP-ROSE EWP 75 GMS,EWRPK,75.000 GM,,,75.0,GM,0.0
125,2023-02-01,202301,1,516753310241,51675010002,1674897834890,99764838,120,MAHASHAKTI SOAP & CHEM.- NEPAL,MAYALU BEAUTY SOAP,MAYALU/ROSE/60GM/EWP,20,EWP,60GM ,,1674897834890-mahashakti soap - chem-- nepal-mayalu beauty soap#3.png,RECODING,5,3,92518990,17.953590393066406,120,MAHASHAKTI SOAP & CHEM.- NEPAL,MAYALU,MAYALU BEAUTY SOAP,MAYALU BEAUTY SOAP-ROSE EWP 70 GMS,EWRPK,70.000 GM,,,70.0,GM,0.0
126,2023-02-01,202301,1,516813610205,51681010008,1674904175571,99764837,106,SUJAL FOODS PVT LTD-NEPAL,BUBBLE FUN,BUBBLE FUN/SOFT BUBBLE GUM/625GM/PCN,200,PCN,625GM,,1674904175571-sujal foods pvt ltd-nepal-bubble fun#3.png,RECODING,5,1,99764837,18.759366989135742,106,SUJAL FOODS PVT LTD-NEPAL,BUBBLE FUN,BUBBLE FUN,BUBBLE FUN- SOFT BUBBLE GUM PCN 625 GM,PLJAR,625.000 GM,UNSPECIFIED,,625.0,GM,200.0
126,2023-02-01,202301,1,516813610205,51681010008,1674904175571,99764837,106,SUJAL FOODS PVT LTD-NEPAL,BUBBLE FUN,BUBBLE FUN/SOFT BUBBLE GUM/625GM/PCN,200,PCN,625GM,,1674904175571-sujal foods pvt ltd-nepal-bubble fun#3.png,RECODING,5,2,50962,25.09141731262207,106,SUJAL FOODS PVT LTD-NEPAL,BUBBLE FUN,BUBBLE FUN,BUBBLE FUN- SOFT BUBBLE GUM PPH 2.8 GM,PLPCH,2.800 GM,UNSPECIFIED,,2.8,GM,0.0
126,2023-02-01,202301,1,516813610205,51681010008,1674904175571,99764837,106,SUJAL FOODS PVT LTD-NEPAL,BUBBLE FUN,BUBBLE FUN/SOFT BUBBLE GUM/625GM/PCN,200,PCN,625GM,,1674904175571-sujal foods pvt ltd-nepal-bubble fun#3.png,RECODING,5,3,54358,30.297584533691406,106,SUJAL FOODS PVT LTD-NEPAL,BUBBLE FUN,BUBBLE FUN,BUBBLE FUN-SOFT BUBBLE GUM EWP 2.5 GM,EWRPK,2.500 GM,UNSPECIFIED,,2.5,GM,0.0
127,2023-02-01,202301,1,516813610205,51681010008,1674966383140,99764825,132,A.G. HEALTH INDUSTRIES PVT LTD-NEPAL,SAGUN BABY DIAPERS,SAGUN BABY DIAPERS/XL ALOEVERA/4 PCS/PPH,100,PPH,4 PCS,,1674966383140-a-g- health industries pvt ltd-nepal-sagun baby diapers#3.png,RECODING,5,1,99764737,32.90965270996094,132,A.G. HEALTH INDUSTRIES PVT LTD-NEPAL,SAGUN BABY,SAGUN BABY DIAPERS,SAGUN BABY DIAPERS-LARGE(L) PPH 4 NOS,PLPCH,4.000 NO,,,4.0,NO,100.0
127,2023-02-01,202301,1,516813610205,51681010008,1674966383140,99764825,132,A.G. HEALTH INDUSTRIES PVT LTD-NEPAL,SAGUN BABY DIAPERS,SAGUN BABY DIAPERS/XL ALOEVERA/4 PCS/PPH,100,PPH,4 PCS,,1674966383140-a-g- health industries pvt ltd-nepal-sagun baby diapers#3.png,RECODING,5,2,99764386,33.052513122558594,132,A.G. HEALTH INDUSTRIES PVT LTD-NEPAL,SAGUN BABY,SAGUN BABY DIAPERS,SAGUN BABY DIAPERS-SMALL(S) PPH 5 NOS,PLPCH,5.000 NO,,,5.0,NO,100.0
127,2023-02-01,202301,1,516813610205,51681010008,1674966383140,99764825,132,A.G. HEALTH INDUSTRIES PVT LTD-NEPAL,SAGUN BABY DIAPERS,SAGUN BABY DIAPERS/XL ALOEVERA/4 PCS/PPH,100,PPH,4 PCS,,1674966383140-a-g- health industries pvt ltd-nepal-sagun baby diapers#3.png,RECODING,5,3,99764436,33.32046890258789,132,A.G. HEALTH INDUSTRIES PVT LTD-NEPAL,SAGUN BABY,SAGUN BABY DIAPERS,SAGUN BABY DIAPERS-MEDIUM(M) PPH 5 NOS,PLPCH,5.000 NO,,,5.0,NO,100.0
128,2023-02-01,202301,1,516813510153,51681010004,1674904175571,99764837,106,SUJAL FOODS PVT LTD-NEPAL,BUBBLE FUN,BUBBLE FUN/SOFT BUBBLE GUM/625GM/PCN,200,PCN,625GM,,1674904175571-sujal foods pvt ltd-nepal-bubble fun#3.png,RECODING,5,1,99764837,18.759366989135742,106,SUJAL FOODS PVT LTD-NEPAL,BUBBLE FUN,BUBBLE FUN,BUBBLE FUN- SOFT BUBBLE GUM PCN 625 GM,PLJAR,625.000 GM,UNSPECIFIED,,625.0,GM,200.0
128,2023-02-01,202301,1,516813510153,51681010004,1674904175571,99764837,106,SUJAL FOODS PVT LTD-NEPAL,BUBBLE FUN,BUBBLE FUN/SOFT BUBBLE GUM/625GM/PCN,200,PCN,625GM,,1674904175571-sujal foods pvt ltd-nepal-bubble fun#3.png,RECODING,5,2,50962,25.09141731262207,106,SUJAL FOODS PVT LTD-NEPAL,BUBBLE FUN,BUBBLE FUN,BUBBLE FUN- SOFT BUBBLE GUM PPH 2.8 GM,PLPCH,2.800 GM,UNSPECIFIED,,2.8,GM,0.0
128,2023-02-01,202301,1,516813510153,51681010004,1674904175571,99764837,106,SUJAL FOODS PVT LTD-NEPAL,BUBBLE FUN,BUBBLE FUN/SOFT BUBBLE GUM/625GM/PCN,200,PCN,625GM,,1674904175571-sujal foods pvt ltd-nepal-bubble fun#3.png,RECODING,5,3,54358,30.297584533691406,106,SUJAL FOODS PVT LTD-NEPAL,BUBBLE FUN,BUBBLE FUN,BUBBLE FUN-SOFT BUBBLE GUM EWP 2.5 GM,EWRPK,2.500 GM,UNSPECIFIED,,2.5,GM,0.0
129,2023-02-01,202301,1,516753510207,51675010006,1674908498952,99764839,122,VUMI INDUSTRIES-NEPAL,VUMI ,VUMI/DETERGENT POWDER/150GM/PPH,20,PPH,150GM ,,1674908498952-vumi industries-nepal-vumi #3.png,RECODING,5,1,99764839,19.424598693847656,122,VUMI INDUSTRIES-NEPAL,VUMI,VUMI,VUMI-DETERGENT POWDER PPH 150 GM,PLPCH,150.000 GM,,,150.0,GM,20.0
129,2023-02-01,202301,1,516753510207,51675010006,1674908498952,99764839,122,VUMI INDUSTRIES-NEPAL,VUMI ,VUMI/DETERGENT POWDER/150GM/PPH,20,PPH,150GM ,,1674908498952-vumi industries-nepal-vumi #3.png,RECODING,5,2,99764613,31.339128494262695,122,VUMI INDUSTRIES-NEPAL,VUMI,VUMI,VUMI-DETERGENT POWDER PPH 400 GM,PLPCH,400.000 GM,,,400.0,GM,50.0
129,2023-02-01,202301,1,516753510207,51675010006,1674908498952,99764839,122,VUMI INDUSTRIES-NEPAL,VUMI ,VUMI/DETERGENT POWDER/150GM/PPH,20,PPH,150GM ,,1674908498952-vumi industries-nepal-vumi #3.png,RECODING,5,3,99764303,31.452205657958984,122,VUMI INDUSTRIES-NEPAL,VUMI,VUMI,VUMI-DETERGENT POWDER PPH 500 GM,PLPCH,500.000 GM,,,500.0,GM,50.0
130,2023-02-01,202301,1,516865410032,51686010008,1674536662035,99764802,106,SUJAL FOODS PVT LTD-NEPAL,LACTO FUN,LACTO FUN/PREMIUM MALT/725GM/PCN,165,PCN,725GM,,1674536662035-sujal foods pvt ltd-nepal-lacto fun#3.png,RECODING,5,1,99764802,15.276937484741211,106,SUJAL FOODS PVT LTD-NEPAL,LACTO FUN,LACTO FUN,LACTO FUN- PREMIUM MALT PCN 725 GM,PLJAR,725.000 GM,MALT,,725.0,GM,185.0
130,2023-02-01,202301,1,516865410032,51686010008,1674536662035,99764802,106,SUJAL FOODS PVT LTD-NEPAL,LACTO FUN,LACTO FUN/PREMIUM MALT/725GM/PCN,165,PCN,725GM,,1674536662035-sujal foods pvt ltd-nepal-lacto fun#3.png,RECODING,5,2,99764742,24.17738914489746,106,SUJAL FOODS PVT LTD-NEPAL,LACTO FUN,LACTO FUN,LACTO FUN- PREMIUM MALT PCN 1740 GM,PLJAR,1740.000 GM,MALT,,1740.0,GM,480.0
130,2023-02-01,202301,1,516865410032,51686010008,1674536662035,99764802,106,SUJAL FOODS PVT LTD-NEPAL,LACTO FUN,LACTO FUN/PREMIUM MALT/725GM/PCN,165,PCN,725GM,,1674536662035-sujal foods pvt ltd-nepal-lacto fun#3.png,RECODING,5,3,99764698,25.93124008178711,106,SUJAL FOODS PVT LTD-NEPAL,LACTO FUN,LACTO FUN,LACTO FUN- PREMIUM MALT PPH 372 GM,PLPCH,372.000 GM,MALT,,372.0,GM,80.0
131,2023-02-01,202301,1,116904874,11301010001,1674808619964,99764840,123,PUJA SOAP & HOUSEHOLD PROD-NPL,TRISHUL,TRISHUL LAUNDRY SOAP PPH 300G,50,PPH,330G,,1674808619964-puja soap - household prod-npl-trishul#3.png,RECODING,5,1,99764840,15.957115173339844,123,PUJA SOAP & HOUSEHOLD PROD-NPL,TRISHUL,TRISHUL,TRISHUL-LAUNDRY SOAP PPH 300 GM,PLPCH,300.000 GM,,,300.0,GM,50.0
131,2023-02-01,202301,1,116904874,11301010001,1674808619964,99764840,123,PUJA SOAP & HOUSEHOLD PROD-NPL,TRISHUL,TRISHUL LAUNDRY SOAP PPH 300G,50,PPH,330G,,1674808619964-puja soap - household prod-npl-trishul#3.png,RECODING,5,2,99763109,17.002696990966797,123,PUJA SOAP & HOUSEHOLD PROD-NPL,TRISHUL,TRISHUL,TRISHUL-LAUNDRY SOAP PPH 250 GM,PLPCH,250.000 GM,,,250.0,GM,40.0
131,2023-02-01,202301,1,116904874,11301010001,1674808619964,99764840,123,PUJA SOAP & HOUSEHOLD PROD-NPL,TRISHUL,TRISHUL LAUNDRY SOAP PPH 300G,50,PPH,330G,,1674808619964-puja soap - household prod-npl-trishul#3.png,RECODING,5,3,99764831,17.98729705810547,123,PUJA SOAP & HOUSEHOLD PROD-NPL,TRISHUL,TRISHUL,TRISHUL-LAUNDRY SOAP PPH 200 GM,PLPCH,200.000 GM,,,200.0,GM,35.0
132,2023-02-02,202302,1,129020606,22101010013,1675232316807,99764426,121,PATANJALI AYURVED PVT LTD-NEPAL,PATANJALI DANT KANTI,PATANJALI DANTKATI\75GM\TUBE\RED TOOTHPASTE ,55,TUBE,75FM,,1675232316807-patanjali ayurved pvt ltd-nepal-patanjali dant kanti#3.png,CROSS CODING,2,1,99764426,77.9980239868164,121,PATANJALI AYURVED PVT LTD-NEPAL,PATANJALI,PATANJALI DANT KANTI,PATANJALI DANT KANTI-RED TUBE 75 GM,TUBE,75.000 GM,,,75.0,GM,55.0
132,2023-02-02,202302,1,129020606,22101010013,1675232316807,99764426,121,PATANJALI AYURVED PVT LTD-NEPAL,PATANJALI DANT KANTI,PATANJALI DANTKATI\75GM\TUBE\RED TOOTHPASTE ,55,TUBE,75FM,,1675232316807-patanjali ayurved pvt ltd-nepal-patanjali dant kanti#3.png,CROSS CODING,2,2,53330,86.76309204101562,121,PATANJALI AYURVED PVT LTD-NEPAL,PATANJALI,PATANJALI DANT KANTI,PATANJALI DANT KANTI-DENTLE CREAM TUBE 100 GM,TUBE,100.000 GM,,,100.0,GM,0.0
132,2023-02-02,202302,1,129020606,22101010013,1675232316807,99764426,121,PATANJALI AYURVED PVT LTD-NEPAL,PATANJALI DANT KANTI,PATANJALI DANTKATI\75GM\TUBE\RED TOOTHPASTE ,55,TUBE,75FM,,1675232316807-patanjali ayurved pvt ltd-nepal-patanjali dant kanti#3.png,CROSS CODING,2,3,99764220,87.57209777832031,121,PATANJALI AYURVED PVT LTD-NEPAL,PATANJALI,PATANJALI DANT KANTI,PATANJALI DANT KANTI-NATURAL TUBE 50 GM,TUBE,50.000 GM,,,50.0,GM,32.0
133,2023-02-02,202302,1,129020606,22101010013,1674196462690,99764783,106,PERFETTI VAN MELLE-INDIA,ALPENLIEBE  JUZT JELLY,ALPENLIEBE JUZT JELLY\832.5GM\PCN\STRAWBERRY FLAVOUR ,360,PCN,832.5GM,,1674196462690-perfetti van melle-india-alpenliebe  juzt jelly#3.png,RECODING,5,1,99764783,30.64982032775879,106,PERFETTI VAN MELLE-INDIA,ALPENLIEBE,ALPENLIEBE JUZT JELLY,ALPENLIEBE JUZT JELLY-STRAWBERRY PCN 832.5 GM,PLJAR,832.500 GM,STRAWBERRY,,832.5,GM,360.0
133,2023-02-02,202302,1,129020606,22101010013,1674196462690,99764783,106,PERFETTI VAN MELLE-INDIA,ALPENLIEBE  JUZT JELLY,ALPENLIEBE JUZT JELLY\832.5GM\PCN\STRAWBERRY FLAVOUR ,360,PCN,832.5GM,,1674196462690-perfetti van melle-india-alpenliebe  juzt jelly#3.png,RECODING,5,2,52212,36.82470703125,106,PERFETTI VAN MELLE-INDIA,ALPENLIEBE,ALPENLIEBE JUZT JELLY,ALPENLIEBE JUZT JELLY-STRAWBERRY PPH 3.8 GM,PLPCH,3.800 GM,STRAWBERRY,,3.8,GM,0.0
133,2023-02-02,202302,1,129020606,22101010013,1674196462690,99764783,106,PERFETTI VAN MELLE-INDIA,ALPENLIEBE  JUZT JELLY,ALPENLIEBE JUZT JELLY\832.5GM\PCN\STRAWBERRY FLAVOUR ,360,PCN,832.5GM,,1674196462690-perfetti van melle-india-alpenliebe  juzt jelly#3.png,RECODING,5,3,91826058,37.272216796875,106,PERFETTI VAN MELLE-INDIA,ALPENLIEBE,ALPENLIEBE JUZT JELLY,ALPENLIEBE JUZT JELLY- STRAWBERRY PPH 3.7 GM,PLPCH,3.700 GM,STRAWBERRY,,3.7,GM,0.0
