t_row_id,t_DATE,t_PERIOD,t_AUDITYPE,t_STORECODE,t_DLRCODE,t_ITEMCODE,t_NEW_CODES,t_CATEGORY,t_MANUFACTURE,t_BRAND,t_ITEMDESC,t_MRP,t_PACKSIZE,t_PACKTYPE,t_COMMENTS,t_IMAGE,t_CODE COMMENT,t_FLAG,rank,matched_itemcode,distance,m_catcode,m_company,m_mbrand,m_brand,m_sku,m_packtype,m_base_pack,m_flavor,m_color,m_wght,m_uom,m_mrp
0,13/11/2024,202411,2,130302224,31101020064,1731403137739,99765323,134,SURYADAYA DAIRY UDHYOG PVT LTD NEPAL,SURYADAYA ,SURYADAYA BADAM DRINK\180ML\CAN\RS:100\SURYADAYA DAIRY UDHYOG PVT LTD NEPAL,99,180ML,CAN,New SKU,1731403137739-suryadaya dairy udhyog pvt ltd nepal-suryadaya #3.png,RECODING,5,1,99764327,94.62511444091797,118,SURYODAYA DAIRY UDHYOG-NEPAL,ANUKUL,ANUKUL BADAM DRINK,BADAM DRINK CAN 180 ML,CAN,180.000 ML,ALMOND,,180.0,ML,90.0
0,13/11/2024,202411,2,130302224,31101020064,1731403137739,99765323,134,SURYADAYA DAIRY UDHYOG PVT LTD NEPAL,SURYADAYA ,SURYADAYA BADAM DRINK\180ML\CAN\RS:100\SURYADAYA DAIRY UDHYOG PVT LTD NEPAL,99,180ML,CAN,New SKU,1731403137739-suryadaya dairy udhyog pvt ltd nepal-suryadaya #3.png,RECODING,5,2,99763925,96.92001342773438,118,SURYODAYA DAIRY UDHYOG-NEPAL,GOKUL,GOKUL BADAM DRINK,BADAM & SAFFRON DRINK CAN 180 ML,CAN,180.000 ML,ALMOND,,180.0,ML,90.0
0,13/11/2024,202411,2,130302224,31101020064,1731403137739,99765323,134,SURYADAYA DAIRY UDHYOG PVT LTD NEPAL,SURYADAYA ,SURYADAYA BADAM DRINK\180ML\CAN\RS:100\SURYADAYA DAIRY UDHYOG PVT LTD NEPAL,99,180ML,CAN,New SKU,1731403137739-suryadaya dairy udhyog pvt ltd nepal-suryadaya #3.png,RECODING,5,3,99765323,97.24186706542969,118,SURYODAYA DAIRY UDHYOG-NEPAL,SURYODAYA,SURYODAYA BADAM DRINK,ALMOND & SAFFRON DRINK CAN 180 ML,CAN,180.000 ML,ALMOND,,180.0,ML,99.0
1,13/11/2024,202411,3,1210102727,12101030182,1731409450152,99765320,126,MADHU CHEMICAL COMPANY,MADHU,MADHU-SWEET SUPERI PPH-1.45 GM,3,1.45 GM.,PPH,,1731409450152-madhu chemical company-madhu#3.png,RECODING,5,1,99765320,71.03138732910156,126,MADHU CHEMICAL COMPANY,MADHU,MADHU,1.45G PAAN MASALA,PLAST,1.45G,SWEET,,1.45,GM,3.0
2,13/11/2024,202411,3,2110203313,21102030291,1731222877542,99765321,105,SURYA NEPAL PVT LTD - NEPAL,SURYA FUSION,SURYA FUSION/HL/20NOS/MRP320,320,20 NOS,KS,,,RECODING,5,1,99765321,87.48149108886719,105,SURYA NEPAL PVT LTD - NEPAL,SURYA,SURYA FUSION,HL 20'S,HL,20,FULL FLAVOUR,,20.0,NO,320.0
2,13/11/2024,202411,3,2110203313,21102030291,1731222877542,99765321,105,SURYA NEPAL PVT LTD - NEPAL,SURYA FUSION,SURYA FUSION/HL/20NOS/MRP320,320,20 NOS,KS,,,RECODING,5,2,99765090,97.83638000488281,105,SURYA NEPAL PVT LTD - NEPAL,SURYA,SURYA DUAL BURST,HL 20'S,HL,20,FRESH,,20.0,NO,320.0
2,13/11/2024,202411,3,2110203313,21102030291,1731222877542,99765321,105,SURYA NEPAL PVT LTD - NEPAL,SURYA FUSION,SURYA FUSION/HL/20NOS/MRP320,320,20 NOS,KS,,,RECODING,5,3,90110247,101.31382751464844,105,SURYA NEPAL PVT LTD - NEPAL,SURYA,SURYA CITRIC FRESH,HL 20'S,HL,20,FRESH,,20.0,NO,300.0
3,13/11/2024,202411,3,1220100010,12201030122,1731054475107,99765320,126,MADHU PRODUCTS NEPAL,MADHU,MADHU-MADHU-SWEET SUPARI PPH 1.45G,3,1.45G,PPH,,,RECODING,5,1,99765320,113.58602905273438,126,MADHU CHEMICAL COMPANY,MADHU,MADHU,1.45G PAAN MASALA,PLAST,1.45G,SWEET,,1.45,GM,3.0
4,13/11/2024,202411,3,1220100005,12201030170,1731054475107,99765320,126,MADHU PRODUCTS NEPAL,MADHU,MADHU-MADHU-SWEET SUPARI PPH 1.45G,3,1.45G,PPH,,,RECODING,5,1,99765320,113.58602905273438,126,MADHU CHEMICAL COMPANY,MADHU,MADHU,1.45G PAAN MASALA,PLAST,1.45G,SWEET,,1.45,GM,3.0
5,13/11/2024,202411,3,1220102348,12201030177,1731054475107,99765320,126,MADHU PRODUCTS NEPAL,MADHU,MADHU-MADHU-SWEET SUPARI PPH 1.45G,3,1.45G,PPH,,,RECODING,5,1,99765320,113.58602905273438,126,MADHU CHEMICAL COMPANY,MADHU,MADHU,1.45G PAAN MASALA,PLAST,1.45G,SWEET,,1.45,GM,3.0
6,13/11/2024,202411,2,112116438,21102020060,1731303478705,99765322,134,RAYBOT SPRING'S MINERAL WATER-NEPAL,RAYBOT REFRESH,RAYBOT REFRESH-LITCHI-PBT-250ML,50,250 ML,PBT,,1731303478705-raybot spring-s mineral water-nepal-raybot refresh#3.png,RECODING,5,1,99765322,46.91108703613281,118,RAYBOT SPRING'S MINERAL WATER-NEPAL,RAYBOT,RAYBOT REFRESH,LITCHI PET 250 ML,PET,250.000 ML,LYCHEE,,250.0,ML,50.0
6,13/11/2024,202411,2,112116438,21102020060,1731303478705,99765322,134,RAYBOT SPRING'S MINERAL WATER-NEPAL,RAYBOT REFRESH,RAYBOT REFRESH-LITCHI-PBT-250ML,50,250 ML,PBT,,1731303478705-raybot spring-s mineral water-nepal-raybot refresh#3.png,RECODING,5,2,99765475,56.011756896972656,118,RAYBOT SPRING'S MINERAL WATER-NEPAL,RAYBOT,RAYBOT REFRESH COLA,PET 250 ML,PET,250.000 ML,COLA,,250.0,ML,50.0
6,13/11/2024,202411,2,112116438,21102020060,1731303478705,99765322,134,RAYBOT SPRING'S MINERAL WATER-NEPAL,RAYBOT REFRESH,RAYBOT REFRESH-LITCHI-PBT-250ML,50,250 ML,PBT,,1731303478705-raybot spring-s mineral water-nepal-raybot refresh#3.png,RECODING,5,4,99765488,62.6752815246582,118,RAYBOT SPRING'S MINERAL WATER-NEPAL,RAYBOT,RAYBOT REFRESH ZPRITE,PET 250 ML,PET,250.000 ML,LEMON,,250.0,ML,50.0
7,13/11/2024,202411,3,2110203304,21102030204,1731308020769,99765321,105,SURYA NEPAL PVT LTD - NEPAL,SURYA FUSION,SURYA FUSION,320,HL 20 NOS,CBP,,1731308020769-surya nepal pvt ltd - nepal-surya fusion#3.png,RECODING,5,1,90110247,94.26591491699219,105,SURYA NEPAL PVT LTD - NEPAL,SURYA,SURYA CITRIC FRESH,HL 20'S,HL,20,FRESH,,20.0,NO,300.0
7,13/11/2024,202411,3,2110203304,21102030204,1731308020769,99765321,105,SURYA NEPAL PVT LTD - NEPAL,SURYA FUSION,SURYA FUSION,320,HL 20 NOS,CBP,,1731308020769-surya nepal pvt ltd - nepal-surya fusion#3.png,RECODING,5,2,99765321,95.05035400390625,105,SURYA NEPAL PVT LTD - NEPAL,SURYA,SURYA FUSION,HL 20'S,HL,20,FULL FLAVOUR,,20.0,NO,320.0
7,13/11/2024,202411,3,2110203304,21102030204,1731308020769,99765321,105,SURYA NEPAL PVT LTD - NEPAL,SURYA FUSION,SURYA FUSION,320,HL 20 NOS,CBP,,1731308020769-surya nepal pvt ltd - nepal-surya fusion#3.png,RECODING,5,3,99765090,95.2593765258789,105,SURYA NEPAL PVT LTD - NEPAL,SURYA,SURYA DUAL BURST,HL 20'S,HL,20,FRESH,,20.0,NO,320.0
8,13/11/2024,202411,3,1220100007,12201030152,1731054475107,99765320,126,MADHU PRODUCTS NEPAL,MADHU,MADHU-MADHU-SWEET SUPARI PPH 1.45G,3,1.45G,PPH,,,RECODING,5,1,99765320,113.58602905273438,126,MADHU CHEMICAL COMPANY,MADHU,MADHU,1.45G PAAN MASALA,PLAST,1.45G,SWEET,,1.45,GM,3.0
9,13/11/2024,202411,3,1220100056,12201030140,1731054475107,99765320,126,MADHU PRODUCTS NEPAL,MADHU,MADHU-MADHU-SWEET SUPARI PPH 1.45G,3,1.45G,PPH,,,RECODING,5,1,99765320,113.58602905273438,126,MADHU CHEMICAL COMPANY,MADHU,MADHU,1.45G PAAN MASALA,PLAST,1.45G,SWEET,,1.45,GM,3.0
10,13/11/2024,202411,3,1220100023,12201030087,1731054475107,99765320,126,MADHU PRODUCTS NEPAL,MADHU,MADHU-MADHU-SWEET SUPARI PPH 1.45G,3,1.45G,PPH,,,RECODING,5,1,99765320,113.58602905273438,126,MADHU CHEMICAL COMPANY,MADHU,MADHU,1.45G PAAN MASALA,PLAST,1.45G,SWEET,,1.45,GM,3.0
11,13/11/2024,202411,3,2110203262,21102030229,1731222877542,99765321,105,SURYA NEPAL PVT LTD - NEPAL,SURYA FUSION,SURYA FUSION/HL/20NOS/MRP320,320,20 NOS,KS,,1731222877542-surya nepal pvt ltd - nepal-surya fusion#3.png,RECODING,5,1,99765321,87.48149108886719,105,SURYA NEPAL PVT LTD - NEPAL,SURYA,SURYA FUSION,HL 20'S,HL,20,FULL FLAVOUR,,20.0,NO,320.0
11,13/11/2024,202411,3,2110203262,21102030229,1731222877542,99765321,105,SURYA NEPAL PVT LTD - NEPAL,SURYA FUSION,SURYA FUSION/HL/20NOS/MRP320,320,20 NOS,KS,,1731222877542-surya nepal pvt ltd - nepal-surya fusion#3.png,RECODING,5,2,99765090,97.83638000488281,105,SURYA NEPAL PVT LTD - NEPAL,SURYA,SURYA DUAL BURST,HL 20'S,HL,20,FRESH,,20.0,NO,320.0
11,13/11/2024,202411,3,2110203262,21102030229,1731222877542,99765321,105,SURYA NEPAL PVT LTD - NEPAL,SURYA FUSION,SURYA FUSION/HL/20NOS/MRP320,320,20 NOS,KS,,1731222877542-surya nepal pvt ltd - nepal-surya fusion#3.png,RECODING,5,3,90110247,101.31382751464844,105,SURYA NEPAL PVT LTD - NEPAL,SURYA,SURYA CITRIC FRESH,HL 20'S,HL,20,FRESH,,20.0,NO,300.0
12,13/11/2024,202411,3,1220100036,12201030099,1731054475107,99765320,126,MADHU PRODUCTS NEPAL,MADHU,MADHU-MADHU-SWEET SUPARI PPH 1.45G,3,1.45G,PPH,,,RECODING,5,1,99765320,113.58602905273438,126,MADHU CHEMICAL COMPANY,MADHU,MADHU,1.45G PAAN MASALA,PLAST,1.45G,SWEET,,1.45,GM,3.0
13,13/11/2024,202411,3,1220100024,12201030116,1731054475107,99765320,126,MADHU PRODUCTS NEPAL,MADHU,MADHU-MADHU-SWEET SUPARI PPH 1.45G,3,1.45G,PPH,,1731054475107-madhu products nepal-madhu#3.png,RECODING,5,1,99765320,113.58602905273438,126,MADHU CHEMICAL COMPANY,MADHU,MADHU,1.45G PAAN MASALA,PLAST,1.45G,SWEET,,1.45,GM,3.0
14,18/11/2024,202411,3,1210100079,12101030022,1731409450152,99765320,126,MADHU CHEMICAL COMPANY,MADHU,MADHU-SWEET SUPERI PPH-1.45 GM,3,1.45 GM.,PPH,,,RECODING,5,1,99765320,71.03138732910156,126,MADHU CHEMICAL COMPANY,MADHU,MADHU,1.45G PAAN MASALA,PLAST,1.45G,SWEET,,1.45,GM,3.0
15,18/11/2024,202411,3,1220100003,12201030162,1731054475107,99765320,126,MADHU PRODUCTS NEPAL,MADHU,MADHU-MADHU-SWEET SUPARI PPH 1.45G,3,1.45G,PPH,,,RECODING,5,1,99765320,113.58602905273438,126,MADHU CHEMICAL COMPANY,MADHU,MADHU,1.45G PAAN MASALA,PLAST,1.45G,SWEET,,1.45,GM,3.0
16,18/11/2024,202411,3,1220100003,12201030162,1731055629590,99765326,124,DEUTI GUTKHA INDUSTRIES,MEGHA SHREE PREMIUM,MEGHA SHREE PREMIUM GUTKHA 2.20G,5,2.20G,PPH,,,RECODING,5,1,99765326,49.50416564941406,124,DEUTI GUTKHA INDUSTRIES,MEGHA SHREE,MEGHA SHREE PREMIUM,2.20G GUTKA,PLAST,2.20G,REGULAR,,2.2,GM,5.0
16,18/11/2024,202411,3,1220100003,12201030162,1731055629590,99765326,124,DEUTI GUTKHA INDUSTRIES,MEGHA SHREE PREMIUM,MEGHA SHREE PREMIUM GUTKHA 2.20G,5,2.20G,PPH,,,RECODING,5,7,99762298,166.6208953857422,124,SHREE SHIVA SHAKTI PRODUCTS,PARAG,PARAG+3,2.2G GUTKA,PLAST,2.2G,REGULAR,,2.2,,0.0
17,18/11/2024,202411,3,1220100030,12201030091,1731054475107,99765320,126,MADHU PRODUCTS NEPAL,MADHU,MADHU-MADHU-SWEET SUPARI PPH 1.45G,3,1.45G,PPH,,,RECODING,5,1,99765320,113.58602905273438,126,MADHU CHEMICAL COMPANY,MADHU,MADHU,1.45G PAAN MASALA,PLAST,1.45G,SWEET,,1.45,GM,3.0
18,18/11/2024,202411,2,128189766,31101020097,1731823571588,99765324,118,SINGAPORE BEVERAGE-NEPAL,LEMONZAAAAA NIMBU PANI,LEMONZAAAAA NIMBU PANI-LEMON PET 1500ML,190,1500 ML,PET,,1731823571588-singapore beverage-nepal-lemonzaaaaa nimbu pani#3.png,RECODING,5,1,99765324,7.416904449462891,118,SINGAPORE BEVERAGE-NEPAL,LEMONZAAAAA NIMBU PANI,LEMONZAAAAA NIMBU PANI,LEMON PET 1500 ML,PET,1500.000 ML,LEMON,,1500.0,ML,190.0
18,18/11/2024,202411,2,128189766,31101020097,1731823571588,99765324,118,SINGAPORE BEVERAGE-NEPAL,LEMONZAAAAA NIMBU PANI,LEMONZAAAAA NIMBU PANI-LEMON PET 1500ML,190,1500 ML,PET,,1731823571588-singapore beverage-nepal-lemonzaaaaa nimbu pani#3.png,RECODING,5,8,50902,80.02442932128906,118,SINGAPORE BEVERAGE-NEPAL,RIGHT,RIGHT,PET 1500 ML,PET,1500.000 ML,LEMON,,1500.0,ML,0.0
19,18/11/2024,202411,3,1210101123,12101030094,1731409450152,99765320,126,MADHU CHEMICAL COMPANY,MADHU,MADHU-SWEET SUPERI PPH-1.45 GM,3,1.45 GM.,PPH,,,RECODING,5,1,99765320,71.03138732910156,126,MADHU CHEMICAL COMPANY,MADHU,MADHU,1.45G PAAN MASALA,PLAST,1.45G,SWEET,,1.45,GM,3.0
20,18/11/2024,202411,3,1210100608,12101030162,1731409450152,99765320,126,MADHU CHEMICAL COMPANY,MADHU,MADHU-SWEET SUPERI PPH-1.45 GM,3,1.45 GM.,PPH,,,RECODING,5,1,99765320,71.03138732910156,126,MADHU CHEMICAL COMPANY,MADHU,MADHU,1.45G PAAN MASALA,PLAST,1.45G,SWEET,,1.45,GM,3.0
21,18/11/2024,202411,3,1210101757,12101030223,1731409450152,99765320,126,MADHU CHEMICAL COMPANY,MADHU,MADHU-SWEET SUPERI PPH-1.45 GM,3,1.45 GM.,PPH,,,RECODING,5,1,99765320,71.03138732910156,126,MADHU CHEMICAL COMPANY,MADHU,MADHU,1.45G PAAN MASALA,PLAST,1.45G,SWEET,,1.45,GM,3.0
22,18/11/2024,202411,3,1210101520,12101030156,1731409450152,99765320,126,MADHU CHEMICAL COMPANY,MADHU,MADHU-SWEET SUPERI PPH-1.45 GM,3,1.45 GM.,PPH,,,RECODING,5,1,99765320,71.03138732910156,126,MADHU CHEMICAL COMPANY,MADHU,MADHU,1.45G PAAN MASALA,PLAST,1.45G,SWEET,,1.45,GM,3.0
23,18/11/2024,202411,3,1210102147,12101030220,1731409450152,99765320,126,MADHU CHEMICAL COMPANY,MADHU,MADHU-SWEET SUPERI PPH-1.45 GM,3,1.45 GM.,PPH,,,RECODING,5,1,99765320,71.03138732910156,126,MADHU CHEMICAL COMPANY,MADHU,MADHU,1.45G PAAN MASALA,PLAST,1.45G,SWEET,,1.45,GM,3.0
24,18/11/2024,202411,3,1210100020,12101030026,1731409450152,99765320,126,MADHU CHEMICAL COMPANY,MADHU,MADHU-SWEET SUPERI PPH-1.45 GM,3,1.45 GM.,PPH,,,RECODING,5,1,99765320,71.03138732910156,126,MADHU CHEMICAL COMPANY,MADHU,MADHU,1.45G PAAN MASALA,PLAST,1.45G,SWEET,,1.45,GM,3.0
25,18/11/2024,202411,3,1210102549,12101030191,1731409450152,99765320,126,MADHU CHEMICAL COMPANY,MADHU,MADHU-SWEET SUPERI PPH-1.45 GM,3,1.45 GM.,PPH,,,RECODING,5,1,99765320,71.03138732910156,126,MADHU CHEMICAL COMPANY,MADHU,MADHU,1.45G PAAN MASALA,PLAST,1.45G,SWEET,,1.45,GM,3.0
26,18/11/2024,202411,3,1210102765,12101030221,1731409450152,99765320,126,MADHU CHEMICAL COMPANY,MADHU,MADHU-SWEET SUPERI PPH-1.45 GM,3,1.45 GM.,PPH,Any other reason,,RECODING,5,1,99765320,71.03138732910156,126,MADHU CHEMICAL COMPANY,MADHU,MADHU,1.45G PAAN MASALA,PLAST,1.45G,SWEET,,1.45,GM,3.0
27,18/11/2024,202411,3,1022153526929,22502030026,1731222877542,99765321,105,SURYA NEPAL PVT LTD - NEPAL,SURYA FUSION,SURYA FUSION/HL/20NOS/MRP320,320,20 NOS,KS,,,RECODING,5,1,99765321,87.48149108886719,105,SURYA NEPAL PVT LTD - NEPAL,SURYA,SURYA FUSION,HL 20'S,HL,20,FULL FLAVOUR,,20.0,NO,320.0
27,18/11/2024,202411,3,1022153526929,22502030026,1731222877542,99765321,105,SURYA NEPAL PVT LTD - NEPAL,SURYA FUSION,SURYA FUSION/HL/20NOS/MRP320,320,20 NOS,KS,,,RECODING,5,2,99765090,97.83638000488281,105,SURYA NEPAL PVT LTD - NEPAL,SURYA,SURYA DUAL BURST,HL 20'S,HL,20,FRESH,,20.0,NO,320.0
27,18/11/2024,202411,3,1022153526929,22502030026,1731222877542,99765321,105,SURYA NEPAL PVT LTD - NEPAL,SURYA FUSION,SURYA FUSION/HL/20NOS/MRP320,320,20 NOS,KS,,,RECODING,5,3,90110247,101.31382751464844,105,SURYA NEPAL PVT LTD - NEPAL,SURYA,SURYA CITRIC FRESH,HL 20'S,HL,20,FRESH,,20.0,NO,300.0
28,18/11/2024,202411,3,1210100769,12101030084,1731409450152,99765320,126,MADHU CHEMICAL COMPANY,MADHU,MADHU-SWEET SUPERI PPH-1.45 GM,3,1.45 GM.,PPH,Any other reason,,RECODING,5,1,99765320,71.03138732910156,126,MADHU CHEMICAL COMPANY,MADHU,MADHU,1.45G PAAN MASALA,PLAST,1.45G,SWEET,,1.45,GM,3.0
29,18/11/2024,202411,3,1210100651,12101030082,1731409450152,99765320,126,MADHU CHEMICAL COMPANY,MADHU,MADHU-SWEET SUPERI PPH-1.45 GM,3,1.45 GM.,PPH,,,RECODING,5,1,99765320,71.03138732910156,126,MADHU CHEMICAL COMPANY,MADHU,MADHU,1.45G PAAN MASALA,PLAST,1.45G,SWEET,,1.45,GM,3.0
30,18/11/2024,202411,3,1220100001,12201030179,1731054475107,99765320,126,MADHU PRODUCTS NEPAL,MADHU,MADHU-MADHU-SWEET SUPARI PPH 1.45G,3,1.45G,PPH,,,RECODING,5,1,99765320,113.58602905273438,126,MADHU CHEMICAL COMPANY,MADHU,MADHU,1.45G PAAN MASALA,PLAST,1.45G,SWEET,,1.45,GM,3.0
31,18/11/2024,202411,3,2110202347,21102030213,1731308020769,99765321,105,SURYA NEPAL PVT LTD - NEPAL,SURYA FUSION,SURYA FUSION,320,HL 20 NOS,CBP,,,RECODING,5,1,90110247,94.26591491699219,105,SURYA NEPAL PVT LTD - NEPAL,SURYA,SURYA CITRIC FRESH,HL 20'S,HL,20,FRESH,,20.0,NO,300.0
31,18/11/2024,202411,3,2110202347,21102030213,1731308020769,99765321,105,SURYA NEPAL PVT LTD - NEPAL,SURYA FUSION,SURYA FUSION,320,HL 20 NOS,CBP,,,RECODING,5,2,99765321,95.05035400390625,105,SURYA NEPAL PVT LTD - NEPAL,SURYA,SURYA FUSION,HL 20'S,HL,20,FULL FLAVOUR,,20.0,NO,320.0
31,18/11/2024,202411,3,2110202347,21102030213,1731308020769,99765321,105,SURYA NEPAL PVT LTD - NEPAL,SURYA FUSION,SURYA FUSION,320,HL 20 NOS,CBP,,,RECODING,5,3,99765090,95.2593765258789,105,SURYA NEPAL PVT LTD - NEPAL,SURYA,SURYA DUAL BURST,HL 20'S,HL,20,FRESH,,20.0,NO,320.0
32,18/11/2024,202411,2,122332165,31101020087,1731481992502,99765325,118,MANAKAMANA FRUIT & BEVERAGE-NP,NIMBU FRESH,NIMBU FRESH-LEMON-LEMON PET 1500ML,190,1500ML,PET,Sales Deviation is OK,1731481992502-manakamana fruit - beverage-np-nimbu fresh#3.png,RECODING,5,1,99765325,8.990633010864258,118,MANAKAMANA FRUIT & BEVERAGE-NP,NIMBU FRESH,NIMBU FRESH,LEMON PET 1500 ML,PET,1500.000 ML,LEMON,,1500.0,ML,190.0
32,18/11/2024,202411,2,122332165,31101020087,1731481992502,99765325,118,MANAKAMANA FRUIT & BEVERAGE-NP,NIMBU FRESH,NIMBU FRESH-LEMON-LEMON PET 1500ML,190,1500ML,PET,Sales Deviation is OK,1731481992502-manakamana fruit - beverage-np-nimbu fresh#3.png,RECODING,5,7,99764023,83.53790283203125,118,MANAKAMANA FRUIT & BEVERAGE-NP,FRESHTA,FRESHTA,ORANGE PET 1500 ML,PET,1500.000 ML,ORANGE,,1500.0,ML,175.0
32,18/11/2024,202411,2,122332165,31101020087,1731481992502,99765325,118,MANAKAMANA FRUIT & BEVERAGE-NP,NIMBU FRESH,NIMBU FRESH-LEMON-LEMON PET 1500ML,190,1500ML,PET,Sales Deviation is OK,1731481992502-manakamana fruit - beverage-np-nimbu fresh#3.png,RECODING,5,9,52564,91.68289184570312,118,MANAKAMANA FRUIT & BEVERAGE-NP,FRESH,FRESH,ORANGE PET 1500 ML,PET,1500.000 ML,ORANGE,,1500.0,ML,0.0
33,19/11/2024,202411,3,1210102723,12101030227,1731409450152,99765320,126,MADHU CHEMICAL COMPANY,MADHU,MADHU-SWEET SUPERI PPH-1.45 GM,3,1.45 GM.,PPH,Any other reason,,RECODING,5,1,99765320,71.03138732910156,126,MADHU CHEMICAL COMPANY,MADHU,MADHU,1.45G PAAN MASALA,PLAST,1.45G,SWEET,,1.45,GM,3.0
34,19/11/2024,202411,3,1210102219,12101030217,1731409450152,99765320,126,MADHU CHEMICAL COMPANY,MADHU,MADHU-SWEET SUPERI PPH-1.45 GM,3,1.45 GM.,PPH,,,RECODING,5,1,99765320,71.03138732910156,126,MADHU CHEMICAL COMPANY,MADHU,MADHU,1.45G PAAN MASALA,PLAST,1.45G,SWEET,,1.45,GM,3.0
35,19/11/2024,202411,3,1210101382,12101030105,1731409450152,99765320,126,MADHU CHEMICAL COMPANY,MADHU,MADHU-SWEET SUPERI PPH-1.45 GM,3,1.45 GM.,PPH,Any other reason,,RECODING,5,1,99765320,71.03138732910156,126,MADHU CHEMICAL COMPANY,MADHU,MADHU,1.45G PAAN MASALA,PLAST,1.45G,SWEET,,1.45,GM,3.0
36,19/11/2024,202411,3,1210102642,12101030099,1731409450152,99765320,126,MADHU CHEMICAL COMPANY,MADHU,MADHU-SWEET SUPERI PPH-1.45 GM,3,1.45 GM.,PPH,Any other reason,,RECODING,5,1,99765320,71.03138732910156,126,MADHU CHEMICAL COMPANY,MADHU,MADHU,1.45G PAAN MASALA,PLAST,1.45G,SWEET,,1.45,GM,3.0
37,19/11/2024,202411,3,1220102375,12201030189,1731054475107,99765320,126,MADHU PRODUCTS NEPAL,MADHU,MADHU-MADHU-SWEET SUPARI PPH 1.45G,3,1.45G,PPH,,,RECODING,5,1,99765320,113.58602905273438,126,MADHU CHEMICAL COMPANY,MADHU,MADHU,1.45G PAAN MASALA,PLAST,1.45G,SWEET,,1.45,GM,3.0
38,19/11/2024,202411,3,1210101577,12101030100,1731409450152,99765320,126,MADHU CHEMICAL COMPANY,MADHU,MADHU-SWEET SUPERI PPH-1.45 GM,3,1.45 GM.,PPH,,,RECODING,5,1,99765320,71.03138732910156,126,MADHU CHEMICAL COMPANY,MADHU,MADHU,1.45G PAAN MASALA,PLAST,1.45G,SWEET,,1.45,GM,3.0
39,19/11/2024,202411,3,2110100232,21101031571,1731937092881,99765321,105,SURYA NEPAL PVT LTD - NEPAL,SURYA FUSION,SURYA FUSION,320,20'S-KS,FTP,New SKU,1731937092881-surya nepal pvt ltd - nepal-surya fusion#3.png,RECODING,5,1,99765321,102.97734069824219,105,SURYA NEPAL PVT LTD - NEPAL,SURYA,SURYA FUSION,HL 20'S,HL,20,FULL FLAVOUR,,20.0,NO,320.0
39,19/11/2024,202411,3,2110100232,21101031571,1731937092881,99765321,105,SURYA NEPAL PVT LTD - NEPAL,SURYA FUSION,SURYA FUSION,320,20'S-KS,FTP,New SKU,1731937092881-surya nepal pvt ltd - nepal-surya fusion#3.png,RECODING,5,2,99765090,109.94602966308594,105,SURYA NEPAL PVT LTD - NEPAL,SURYA,SURYA DUAL BURST,HL 20'S,HL,20,FRESH,,20.0,NO,320.0
39,19/11/2024,202411,3,2110100232,21101031571,1731937092881,99765321,105,SURYA NEPAL PVT LTD - NEPAL,SURYA FUSION,SURYA FUSION,320,20'S-KS,FTP,New SKU,1731937092881-surya nepal pvt ltd - nepal-surya fusion#3.png,RECODING,5,3,90110247,111.77112579345703,105,SURYA NEPAL PVT LTD - NEPAL,SURYA,SURYA CITRIC FRESH,HL 20'S,HL,20,FRESH,,20.0,NO,300.0
40,19/11/2024,202411,3,1031154915602,52201030027,1731308020769,99765321,105,SURYA NEPAL PVT LTD - NEPAL,SURYA FUSION,SURYA FUSION,320,HL 20 NOS,CBP,,,RECODING,5,1,90110247,94.26591491699219,105,SURYA NEPAL PVT LTD - NEPAL,SURYA,SURYA CITRIC FRESH,HL 20'S,HL,20,FRESH,,20.0,NO,300.0
40,19/11/2024,202411,3,1031154915602,52201030027,1731308020769,99765321,105,SURYA NEPAL PVT LTD - NEPAL,SURYA FUSION,SURYA FUSION,320,HL 20 NOS,CBP,,,RECODING,5,2,99765321,95.05035400390625,105,SURYA NEPAL PVT LTD - NEPAL,SURYA,SURYA FUSION,HL 20'S,HL,20,FULL FLAVOUR,,20.0,NO,320.0
40,19/11/2024,202411,3,1031154915602,52201030027,1731308020769,99765321,105,SURYA NEPAL PVT LTD - NEPAL,SURYA FUSION,SURYA FUSION,320,HL 20 NOS,CBP,,,RECODING,5,3,99765090,95.2593765258789,105,SURYA NEPAL PVT LTD - NEPAL,SURYA,SURYA DUAL BURST,HL 20'S,HL,20,FRESH,,20.0,NO,320.0
41,19/11/2024,202411,3,1103132536656,52201030011,1731308020769,99765321,105,SURYA NEPAL PVT LTD - NEPAL,SURYA FUSION,SURYA FUSION,320,HL 20 NOS,CBP,,,RECODING,5,1,90110247,94.26591491699219,105,SURYA NEPAL PVT LTD - NEPAL,SURYA,SURYA CITRIC FRESH,HL 20'S,HL,20,FRESH,,20.0,NO,300.0
41,19/11/2024,202411,3,1103132536656,52201030011,1731308020769,99765321,105,SURYA NEPAL PVT LTD - NEPAL,SURYA FUSION,SURYA FUSION,320,HL 20 NOS,CBP,,,RECODING,5,2,99765321,95.05035400390625,105,SURYA NEPAL PVT LTD - NEPAL,SURYA,SURYA FUSION,HL 20'S,HL,20,FULL FLAVOUR,,20.0,NO,320.0
41,19/11/2024,202411,3,1103132536656,52201030011,1731308020769,99765321,105,SURYA NEPAL PVT LTD - NEPAL,SURYA FUSION,SURYA FUSION,320,HL 20 NOS,CBP,,,RECODING,5,3,99765090,95.2593765258789,105,SURYA NEPAL PVT LTD - NEPAL,SURYA,SURYA DUAL BURST,HL 20'S,HL,20,FRESH,,20.0,NO,320.0
42,22/11/2024,202411,3,1220102346,12201030187,1731054475107,99765320,126,MADHU PRODUCTS NEPAL,MADHU,MADHU-MADHU-SWEET SUPARI PPH 1.45G,3,1.45G,PPH,,,RECODING,5,1,99765320,113.58602905273438,126,MADHU CHEMICAL COMPANY,MADHU,MADHU,1.45G PAAN MASALA,PLAST,1.45G,SWEET,,1.45,GM,3.0
43,22/11/2024,202411,3,1220102346,12201030187,1731055629590,99765326,124,DEUTI GUTKHA INDUSTRIES,MEGHA SHREE PREMIUM,MEGHA SHREE PREMIUM GUTKHA 2.20G,5,2.20G,PPH,,,RECODING,5,1,99765326,49.50416564941406,124,DEUTI GUTKHA INDUSTRIES,MEGHA SHREE,MEGHA SHREE PREMIUM,2.20G GUTKA,PLAST,2.20G,REGULAR,,2.2,GM,5.0
43,22/11/2024,202411,3,1220102346,12201030187,1731055629590,99765326,124,DEUTI GUTKHA INDUSTRIES,MEGHA SHREE PREMIUM,MEGHA SHREE PREMIUM GUTKHA 2.20G,5,2.20G,PPH,,,RECODING,5,7,99762298,166.6208953857422,124,SHREE SHIVA SHAKTI PRODUCTS,PARAG,PARAG+3,2.2G GUTKA,PLAST,2.2G,REGULAR,,2.2,,0.0
44,22/11/2024,202411,3,1220102379,12201030188,1731054475107,99765320,126,MADHU PRODUCTS NEPAL,MADHU,MADHU-MADHU-SWEET SUPARI PPH 1.45G,3,1.45G,PPH,,,RECODING,5,1,99765320,113.58602905273438,126,MADHU CHEMICAL COMPANY,MADHU,MADHU,1.45G PAAN MASALA,PLAST,1.45G,SWEET,,1.45,GM,3.0
45,22/11/2024,202411,3,1220102358,12201030190,1731054475107,99765320,126,MADHU PRODUCTS NEPAL,MADHU,MADHU-MADHU-SWEET SUPARI PPH 1.45G,3,1.45G,PPH,,,RECODING,5,1,99765320,113.58602905273438,126,MADHU CHEMICAL COMPANY,MADHU,MADHU,1.45G PAAN MASALA,PLAST,1.45G,SWEET,,1.45,GM,3.0
46,22/11/2024,202411,3,1220102358,12201030190,1731055629590,99765326,124,DEUTI GUTKHA INDUSTRIES,MEGHA SHREE PREMIUM,MEGHA SHREE PREMIUM GUTKHA 2.20G,5,2.20G,PPH,,,RECODING,5,1,99765326,49.50416564941406,124,DEUTI GUTKHA INDUSTRIES,MEGHA SHREE,MEGHA SHREE PREMIUM,2.20G GUTKA,PLAST,2.20G,REGULAR,,2.2,GM,5.0
46,22/11/2024,202411,3,1220102358,12201030190,1731055629590,99765326,124,DEUTI GUTKHA INDUSTRIES,MEGHA SHREE PREMIUM,MEGHA SHREE PREMIUM GUTKHA 2.20G,5,2.20G,PPH,,,RECODING,5,7,99762298,166.6208953857422,124,SHREE SHIVA SHAKTI PRODUCTS,PARAG,PARAG+3,2.2G GUTKA,PLAST,2.2G,REGULAR,,2.2,,0.0
47,22/11/2024,202411,3,1220102372,12201030159,1731055081538,99765327,124,VIKAS CHEMICALS NEPAL,SHUDH PLUS,SHUDH PLUS GUTKHA PPH 2G,5,2G,PPH,,1731055081538-vikas chemicals nepal-shudh plus#3.png,RECODING,5,1,99765327,38.55598449707031,124,VIKAS CHEMICALS-NEPAL,SHUDH PLUS,SHUDH PLUS,2G GUTKA,PLAST,2G,REGULAR,,2.0,GM,5.0
47,22/11/2024,202411,3,1220102372,12201030159,1731055081538,99765327,124,VIKAS CHEMICALS NEPAL,SHUDH PLUS,SHUDH PLUS GUTKHA PPH 2G,5,2G,PPH,,1731055081538-vikas chemicals nepal-shudh plus#3.png,RECODING,5,5,99762293,176.86691284179688,124,NARAYAN RAJ PRODUCTS PVT LTD,NIDHI,NIDHI,2G GUTKA,PLAST,2G,REGULAR,,2.0,,0.0
47,22/11/2024,202411,3,1220102372,12201030159,1731055081538,99765327,124,VIKAS CHEMICALS NEPAL,SHUDH PLUS,SHUDH PLUS GUTKHA PPH 2G,5,2G,PPH,,1731055081538-vikas chemicals nepal-shudh plus#3.png,RECODING,5,6,99762224,181.40597534179688,124,SHREE RAM TOBACCO UDHYOG,BHOLA,BHOLA GOLD,2G GUTKA,PLAST,2G,REGULAR,,2.0,,0.0
48,22/11/2024,202411,3,1220102372,12201030159,1731055629590,99765326,124,DEUTI GUTKHA INDUSTRIES,MEGHA SHREE PREMIUM,MEGHA SHREE PREMIUM GUTKHA 2.20G,5,2.20G,PPH,,1731055629590-deuti gutkha industries-megha shree premium#3.png,RECODING,5,1,99765326,49.50416564941406,124,DEUTI GUTKHA INDUSTRIES,MEGHA SHREE,MEGHA SHREE PREMIUM,2.20G GUTKA,PLAST,2.20G,REGULAR,,2.2,GM,5.0
48,22/11/2024,202411,3,1220102372,12201030159,1731055629590,99765326,124,DEUTI GUTKHA INDUSTRIES,MEGHA SHREE PREMIUM,MEGHA SHREE PREMIUM GUTKHA 2.20G,5,2.20G,PPH,,1731055629590-deuti gutkha industries-megha shree premium#3.png,RECODING,5,7,99762298,166.6208953857422,124,SHREE SHIVA SHAKTI PRODUCTS,PARAG,PARAG+3,2.2G GUTKA,PLAST,2.2G,REGULAR,,2.2,,0.0
49,22/11/2024,202411,3,1220102372,12201030159,1731054475107,99765320,126,MADHU PRODUCTS NEPAL,MADHU,MADHU-MADHU-SWEET SUPARI PPH 1.45G,32.5,1.45G,PPH,,,RECODING,5,1,99765320,117.03274536132812,126,MADHU CHEMICAL COMPANY,MADHU,MADHU,1.45G PAAN MASALA,PLAST,1.45G,SWEET,,1.45,GM,3.0
50,22/11/2024,202411,3,1220102403,12201030212,1731054475107,99765320,126,MADHU PRODUCTS NEPAL,MADHU,MADHU-MADHU-SWEET SUPARI PPH 1.45G,3,1.45G,PPH,,,RECODING,5,1,99765320,113.58602905273438,126,MADHU CHEMICAL COMPANY,MADHU,MADHU,1.45G PAAN MASALA,PLAST,1.45G,SWEET,,1.45,GM,3.0
51,22/11/2024,202411,3,1220102368,12201030163,1731054475107,99765320,126,MADHU PRODUCTS NEPAL,MADHU,MADHU-MADHU-SWEET SUPARI PPH 1.45G,3,1.45G,PPH,,,RECODING,5,1,99765320,113.58602905273438,126,MADHU CHEMICAL COMPANY,MADHU,MADHU,1.45G PAAN MASALA,PLAST,1.45G,SWEET,,1.45,GM,3.0
52,22/11/2024,202411,3,1220102369,12201030157,1731054475107,99765320,126,MADHU PRODUCTS NEPAL,MADHU,MADHU-MADHU-SWEET SUPARI PPH 1.45G,3,1.45G,PPH,,,RECODING,5,1,99765320,113.58602905273438,126,MADHU CHEMICAL COMPANY,MADHU,MADHU,1.45G PAAN MASALA,PLAST,1.45G,SWEET,,1.45,GM,3.0
53,22/11/2024,202411,3,1220199002,12201030096,1731054475107,99765320,126,MADHU PRODUCTS NEPAL,MADHU,MADHU-MADHU-SWEET SUPARI PPH 1.45G,3,1.45G,PPH,,,RECODING,5,1,99765320,113.58602905273438,126,MADHU CHEMICAL COMPANY,MADHU,MADHU,1.45G PAAN MASALA,PLAST,1.45G,SWEET,,1.45,GM,3.0
54,22/11/2024,202411,3,1210102759,12101030212,1731409450152,99765320,126,MADHU CHEMICAL COMPANY,MADHU,MADHU-SWEET SUPERI PPH-1.45 GM,3,1.45 GM.,PPH,Any other reason,,RECODING,5,1,99765320,71.03138732910156,126,MADHU CHEMICAL COMPANY,MADHU,MADHU,1.45G PAAN MASALA,PLAST,1.45G,SWEET,,1.45,GM,3.0
55,22/11/2024,202411,3,2110100335,21101031333,1731937092881,99765321,105,SURYA NEPAL PVT LTD - NEPAL,SURYA FUSION,SURYA FUSION,320,20'S-KS,FTP,New SKU,,RECODING,5,1,99765321,102.97734069824219,105,SURYA NEPAL PVT LTD - NEPAL,SURYA,SURYA FUSION,HL 20'S,HL,20,FULL FLAVOUR,,20.0,NO,320.0
55,22/11/2024,202411,3,2110100335,21101031333,1731937092881,99765321,105,SURYA NEPAL PVT LTD - NEPAL,SURYA FUSION,SURYA FUSION,320,20'S-KS,FTP,New SKU,,RECODING,5,2,99765090,109.94602966308594,105,SURYA NEPAL PVT LTD - NEPAL,SURYA,SURYA DUAL BURST,HL 20'S,HL,20,FRESH,,20.0,NO,320.0
55,22/11/2024,202411,3,2110100335,21101031333,1731937092881,99765321,105,SURYA NEPAL PVT LTD - NEPAL,SURYA FUSION,SURYA FUSION,320,20'S-KS,FTP,New SKU,,RECODING,5,3,90110247,111.77112579345703,105,SURYA NEPAL PVT LTD - NEPAL,SURYA,SURYA CITRIC FRESH,HL 20'S,HL,20,FRESH,,20.0,NO,300.0
56,22/11/2024,202411,3,2110100461,21101030995,1731937092881,99765321,105,SURYA NEPAL PVT LTD - NEPAL,SURYA FUSION,SURYA FUSION,320,20'S-KS,FTP,New SKU,,RECODING,5,1,99765321,102.97734069824219,105,SURYA NEPAL PVT LTD - NEPAL,SURYA,SURYA FUSION,HL 20'S,HL,20,FULL FLAVOUR,,20.0,NO,320.0
56,22/11/2024,202411,3,2110100461,21101030995,1731937092881,99765321,105,SURYA NEPAL PVT LTD - NEPAL,SURYA FUSION,SURYA FUSION,320,20'S-KS,FTP,New SKU,,RECODING,5,2,99765090,109.94602966308594,105,SURYA NEPAL PVT LTD - NEPAL,SURYA,SURYA DUAL BURST,HL 20'S,HL,20,FRESH,,20.0,NO,320.0
56,22/11/2024,202411,3,2110100461,21101030995,1731937092881,99765321,105,SURYA NEPAL PVT LTD - NEPAL,SURYA FUSION,SURYA FUSION,320,20'S-KS,FTP,New SKU,,RECODING,5,3,90110247,111.77112579345703,105,SURYA NEPAL PVT LTD - NEPAL,SURYA,SURYA CITRIC FRESH,HL 20'S,HL,20,FRESH,,20.0,NO,300.0
57,22/11/2024,202411,3,2110100376,21101031341,1731937092881,99765321,105,SURYA NEPAL PVT LTD - NEPAL,SURYA FUSION,SURYA FUSION,320,20'S-KS,FTP,New SKU,,RECODING,5,1,99765321,102.97734069824219,105,SURYA NEPAL PVT LTD - NEPAL,SURYA,SURYA FUSION,HL 20'S,HL,20,FULL FLAVOUR,,20.0,NO,320.0
57,22/11/2024,202411,3,2110100376,21101031341,1731937092881,99765321,105,SURYA NEPAL PVT LTD - NEPAL,SURYA FUSION,SURYA FUSION,320,20'S-KS,FTP,New SKU,,RECODING,5,2,99765090,109.94602966308594,105,SURYA NEPAL PVT LTD - NEPAL,SURYA,SURYA DUAL BURST,HL 20'S,HL,20,FRESH,,20.0,NO,320.0
57,22/11/2024,202411,3,2110100376,21101031341,1731937092881,99765321,105,SURYA NEPAL PVT LTD - NEPAL,SURYA FUSION,SURYA FUSION,320,20'S-KS,FTP,New SKU,,RECODING,5,3,90110247,111.77112579345703,105,SURYA NEPAL PVT LTD - NEPAL,SURYA,SURYA CITRIC FRESH,HL 20'S,HL,20,FRESH,,20.0,NO,300.0
58,22/11/2024,202411,3,2110100466,21101031687,1731937092881,99765321,105,SURYA NEPAL PVT LTD - NEPAL,SURYA FUSION,SURYA FUSION,320,20'S-KS,FTP,New SKU,,RECODING,5,1,99765321,102.97734069824219,105,SURYA NEPAL PVT LTD - NEPAL,SURYA,SURYA FUSION,HL 20'S,HL,20,FULL FLAVOUR,,20.0,NO,320.0
58,22/11/2024,202411,3,2110100466,21101031687,1731937092881,99765321,105,SURYA NEPAL PVT LTD - NEPAL,SURYA FUSION,SURYA FUSION,320,20'S-KS,FTP,New SKU,,RECODING,5,2,99765090,109.94602966308594,105,SURYA NEPAL PVT LTD - NEPAL,SURYA,SURYA DUAL BURST,HL 20'S,HL,20,FRESH,,20.0,NO,320.0
58,22/11/2024,202411,3,2110100466,21101031687,1731937092881,99765321,105,SURYA NEPAL PVT LTD - NEPAL,SURYA FUSION,SURYA FUSION,320,20'S-KS,FTP,New SKU,,RECODING,5,3,90110247,111.77112579345703,105,SURYA NEPAL PVT LTD - NEPAL,SURYA,SURYA CITRIC FRESH,HL 20'S,HL,20,FRESH,,20.0,NO,300.0
59,22/11/2024,202411,3,1210102754,12101030206,1731409450152,99765320,126,MADHU CHEMICAL COMPANY,MADHU,MADHU-SWEET SUPERI PPH-1.45 GM,3,1.45 GM.,PPH,Any other reason,,RECODING,5,1,99765320,71.03138732910156,126,MADHU CHEMICAL COMPANY,MADHU,MADHU,1.45G PAAN MASALA,PLAST,1.45G,SWEET,,1.45,GM,3.0
60,22/11/2024,202411,3,1210102751,12101030202,1731409450152,99765320,126,MADHU CHEMICAL COMPANY,MADHU,MADHU-SWEET SUPERI PPH-1.45 GM,3,1.45 GM.,PPH,Any other reason,,RECODING,5,1,99765320,71.03138732910156,126,MADHU CHEMICAL COMPANY,MADHU,MADHU,1.45G PAAN MASALA,PLAST,1.45G,SWEET,,1.45,GM,3.0
61,22/11/2024,202411,3,1210102750,12101030201,1731409450152,99765320,126,MADHU CHEMICAL COMPANY,MADHU,MADHU-SWEET SUPERI PPH-1.45 GM,3,1.45 GM.,PPH,,,RECODING,5,1,99765320,71.03138732910156,126,MADHU CHEMICAL COMPANY,MADHU,MADHU,1.45G PAAN MASALA,PLAST,1.45G,SWEET,,1.45,GM,3.0
62,22/11/2024,202411,3,1210100433,12101030087,1731409450152,99765320,126,MADHU CHEMICAL COMPANY,MADHU,MADHU-SWEET SUPERI PPH-1.45 GM,3,1.45 GM.,PPH,,,RECODING,5,1,99765320,71.03138732910156,126,MADHU CHEMICAL COMPANY,MADHU,MADHU,1.45G PAAN MASALA,PLAST,1.45G,SWEET,,1.45,GM,3.0
63,22/11/2024,202411,3,2110100592,21101031853,1732178087869,99765328,105,GORKHA LAHARI PVT. LTD,CAPTAIN FILTER KING GOLD,CAPTAIN/20/HL/LUXURY/GORKHA LAHARI PVT. LTD/NEPAL,161,20,HL,New SKU,1732178087869-gorkha lahari pvt- ltd-captain filter king gold#3.png,RECODING,5,1,99765328,51.25593185424805,105,GORKHA LAHARI PVT.LTD.- NEPAL,CAPTAIN,CAPTAIN GOLD FILTER KINGS,HL 20'S,HL,20,FULL FLAVOUR,,20.0,NO,161.0
63,22/11/2024,202411,3,2110100592,21101031853,1732178087869,99765328,105,GORKHA LAHARI PVT. LTD,CAPTAIN FILTER KING GOLD,CAPTAIN/20/HL/LUXURY/GORKHA LAHARI PVT. LTD/NEPAL,161,20,HL,New SKU,1732178087869-gorkha lahari pvt- ltd-captain filter king gold#3.png,RECODING,5,2,90110256,68.85609436035156,105,GORKHA LAHARI PVT.LTD.- NEPAL,CAPTAIN,CAPTAIN FILTER KINGS,HL 20'S,HL,20,FULL FLAVOUR,,20.0,NO,115.0
63,22/11/2024,202411,3,2110100592,21101031853,1732178087869,99765328,105,GORKHA LAHARI PVT. LTD,CAPTAIN FILTER KING GOLD,CAPTAIN/20/HL/LUXURY/GORKHA LAHARI PVT. LTD/NEPAL,161,20,HL,New SKU,1732178087869-gorkha lahari pvt- ltd-captain filter king gold#3.png,RECODING,5,3,99765139,93.31674194335938,105,GORKHA LAHARI PVT.LTD.- NEPAL,GORKHA,GORKHA FILTER,HL 20'S,HL,20,FULL FLAVOUR,,20.0,NO,113.5
64,22/11/2024,202411,3,3110105409,31101030569,1732078989157,99765326,124,DEUTI GUTKHA INDUSTRIES,MEGHA SHREE PREMIUM,MEGHA SHREE PREMIUM\2.20GM\PPHRS:5\DEUTI GUTKHA INDUSTRIES NEPAL,5,2.20GM,PPH,New SKU,1732078989157-deuti gutkha industries-megha shree premium#3.png,RECODING,5,1,99765326,70.33910369873047,124,DEUTI GUTKHA INDUSTRIES,MEGHA SHREE,MEGHA SHREE PREMIUM,2.20G GUTKA,PLAST,2.20G,REGULAR,,2.2,GM,5.0
64,22/11/2024,202411,3,3110105409,31101030569,1732078989157,99765326,124,DEUTI GUTKHA INDUSTRIES,MEGHA SHREE PREMIUM,MEGHA SHREE PREMIUM\2.20GM\PPHRS:5\DEUTI GUTKHA INDUSTRIES NEPAL,5,2.20GM,PPH,New SKU,1732078989157-deuti gutkha industries-megha shree premium#3.png,RECODING,5,8,99762298,189.6033935546875,124,SHREE SHIVA SHAKTI PRODUCTS,PARAG,PARAG+3,2.2G GUTKA,PLAST,2.2G,REGULAR,,2.2,,0.0
65,22/11/2024,202411,3,3110104588,31101030561,1732078989157,99765326,124,DEUTI GUTKHA INDUSTRIES,MEGHA SHREE PREMIUM,MEGHA SHREE PREMIUM\2.20GM\PPHRS:5\DEUTI GUTKHA INDUSTRIES NEPAL,5,2.20GM,PPH,New SKU,,RECODING,5,1,99765326,70.33910369873047,124,DEUTI GUTKHA INDUSTRIES,MEGHA SHREE,MEGHA SHREE PREMIUM,2.20G GUTKA,PLAST,2.20G,REGULAR,,2.2,GM,5.0
65,22/11/2024,202411,3,3110104588,31101030561,1732078989157,99765326,124,DEUTI GUTKHA INDUSTRIES,MEGHA SHREE PREMIUM,MEGHA SHREE PREMIUM\2.20GM\PPHRS:5\DEUTI GUTKHA INDUSTRIES NEPAL,5,2.20GM,PPH,New SKU,,RECODING,5,8,99762298,189.6033935546875,124,SHREE SHIVA SHAKTI PRODUCTS,PARAG,PARAG+3,2.2G GUTKA,PLAST,2.2G,REGULAR,,2.2,,0.0
66,22/11/2024,202411,3,2110202671,21102030243,1731308020769,99765321,105,SURYA NEPAL PVT LTD - NEPAL,SURYA FUSION,SURYA FUSION,320,HL 20 NOS,CBP,,,RECODING,5,1,90110247,94.26591491699219,105,SURYA NEPAL PVT LTD - NEPAL,SURYA,SURYA CITRIC FRESH,HL 20'S,HL,20,FRESH,,20.0,NO,300.0
66,22/11/2024,202411,3,2110202671,21102030243,1731308020769,99765321,105,SURYA NEPAL PVT LTD - NEPAL,SURYA FUSION,SURYA FUSION,320,HL 20 NOS,CBP,,,RECODING,5,2,99765321,95.05035400390625,105,SURYA NEPAL PVT LTD - NEPAL,SURYA,SURYA FUSION,HL 20'S,HL,20,FULL FLAVOUR,,20.0,NO,320.0
66,22/11/2024,202411,3,2110202671,21102030243,1731308020769,99765321,105,SURYA NEPAL PVT LTD - NEPAL,SURYA FUSION,SURYA FUSION,320,HL 20 NOS,CBP,,,RECODING,5,3,99765090,95.2593765258789,105,SURYA NEPAL PVT LTD - NEPAL,SURYA,SURYA DUAL BURST,HL 20'S,HL,20,FRESH,,20.0,NO,320.0
67,22/11/2024,202411,3,2110203255,21102030267,1731308020769,99765321,105,SURYA NEPAL PVT LTD - NEPAL,SURYA FUSION,SURYA FUSION,320,HL 20 NOS,CBP,Any other reason,,RECODING,5,1,90110247,94.26591491699219,105,SURYA NEPAL PVT LTD - NEPAL,SURYA,SURYA CITRIC FRESH,HL 20'S,HL,20,FRESH,,20.0,NO,300.0
67,22/11/2024,202411,3,2110203255,21102030267,1731308020769,99765321,105,SURYA NEPAL PVT LTD - NEPAL,SURYA FUSION,SURYA FUSION,320,HL 20 NOS,CBP,Any other reason,,RECODING,5,2,99765321,95.05035400390625,105,SURYA NEPAL PVT LTD - NEPAL,SURYA,SURYA FUSION,HL 20'S,HL,20,FULL FLAVOUR,,20.0,NO,320.0
67,22/11/2024,202411,3,2110203255,21102030267,1731308020769,99765321,105,SURYA NEPAL PVT LTD - NEPAL,SURYA FUSION,SURYA FUSION,320,HL 20 NOS,CBP,Any other reason,,RECODING,5,3,99765090,95.2593765258789,105,SURYA NEPAL PVT LTD - NEPAL,SURYA,SURYA DUAL BURST,HL 20'S,HL,20,FRESH,,20.0,NO,320.0
68,22/11/2024,202411,3,2110203255,21102030267,1732167511468,99765328,105,GORKHA LAHARI PVT.LTD.- NEPAL,CAPTAIN GOLD,CAPTAIN GOLD FILTER KINGS /HL/20 NOS,161.5,20 NOS,CBP,,1732167511468-gorkha lahari pvt-ltd-- nepal-captain gold#3.png,RECODING,5,1,99765328,51.031402587890625,105,GORKHA LAHARI PVT.LTD.- NEPAL,CAPTAIN,CAPTAIN GOLD FILTER KINGS,HL 20'S,HL,20,FULL FLAVOUR,,20.0,NO,161.0
68,22/11/2024,202411,3,2110203255,21102030267,1732167511468,99765328,105,GORKHA LAHARI PVT.LTD.- NEPAL,CAPTAIN GOLD,CAPTAIN GOLD FILTER KINGS /HL/20 NOS,161.5,20 NOS,CBP,,1732167511468-gorkha lahari pvt-ltd-- nepal-captain gold#3.png,RECODING,5,2,90110256,75.19818115234375,105,GORKHA LAHARI PVT.LTD.- NEPAL,CAPTAIN,CAPTAIN FILTER KINGS,HL 20'S,HL,20,FULL FLAVOUR,,20.0,NO,115.0
68,22/11/2024,202411,3,2110203255,21102030267,1732167511468,99765328,105,GORKHA LAHARI PVT.LTD.- NEPAL,CAPTAIN GOLD,CAPTAIN GOLD FILTER KINGS /HL/20 NOS,161.5,20 NOS,CBP,,1732167511468-gorkha lahari pvt-ltd-- nepal-captain gold#3.png,RECODING,5,3,99762386,85.10291290283203,105,GORKHA LAHARI PVT.LTD.- NEPAL,CAPTAIN,CAPTAIN MOUNTAIN FRESH,HL 20'S,HL,20,FRESH,,20.0,NO,110.0
69,22/11/2024,202411,3,1027181256386,22709030057,1732001702308,99765321,105,SURYA NEPAL PVT LTD - NEPAL,SURYA FUSION,SURYA FUSION\20\NOSE\RS320,320,20 NOSE,KFT,Invoices not available,,RECODING,5,1,99765321,125.42085266113281,105,SURYA NEPAL PVT LTD - NEPAL,SURYA,SURYA FUSION,HL 20'S,HL,20,FULL FLAVOUR,,20.0,NO,320.0
69,22/11/2024,202411,3,1027181256386,22709030057,1732001702308,99765321,105,SURYA NEPAL PVT LTD - NEPAL,SURYA FUSION,SURYA FUSION\20\NOSE\RS320,320,20 NOSE,KFT,Invoices not available,,RECODING,5,2,47592,128.02923583984375,105,SURYA NEPAL PVT LTD - NEPAL,SHIKHAR,SHIKHAR ICE RUSH,HL 20'S,HL,20,FRESH,,20.0,NO,185.0
69,22/11/2024,202411,3,1027181256386,22709030057,1732001702308,99765321,105,SURYA NEPAL PVT LTD - NEPAL,SURYA FUSION,SURYA FUSION\20\NOSE\RS320,320,20 NOSE,KFT,Invoices not available,,RECODING,5,3,90110247,129.63705444335938,105,SURYA NEPAL PVT LTD - NEPAL,SURYA,SURYA CITRIC FRESH,HL 20'S,HL,20,FRESH,,20.0,NO,300.0
70,22/11/2024,202411,3,2110103214,21101031180,1732001904691,99765328,105,GORKHA LAHARI PVT.LTD.- NEPAL,CAPTAIN GOLD,CAPTAIN GOLD FILTER KINGS \20\RS161,161,20 NOSE,KFT,,1732001904691-gorkha lahari pvt-ltd-- nepal-captain gold#3.png,RECODING,5,1,99765328,71.62258911132812,105,GORKHA LAHARI PVT.LTD.- NEPAL,CAPTAIN,CAPTAIN GOLD FILTER KINGS,HL 20'S,HL,20,FULL FLAVOUR,,20.0,NO,161.0
70,22/11/2024,202411,3,2110103214,21101031180,1732001904691,99765328,105,GORKHA LAHARI PVT.LTD.- NEPAL,CAPTAIN GOLD,CAPTAIN GOLD FILTER KINGS \20\RS161,161,20 NOSE,KFT,,1732001904691-gorkha lahari pvt-ltd-- nepal-captain gold#3.png,RECODING,5,2,90110256,94.45117950439453,105,GORKHA LAHARI PVT.LTD.- NEPAL,CAPTAIN,CAPTAIN FILTER KINGS,HL 20'S,HL,20,FULL FLAVOUR,,20.0,NO,115.0
70,22/11/2024,202411,3,2110103214,21101031180,1732001904691,99765328,105,GORKHA LAHARI PVT.LTD.- NEPAL,CAPTAIN GOLD,CAPTAIN GOLD FILTER KINGS \20\RS161,161,20 NOSE,KFT,,1732001904691-gorkha lahari pvt-ltd-- nepal-captain gold#3.png,RECODING,5,3,90110228,100.8168716430664,105,GORKHA LAHARI PVT.LTD.- NEPAL,BROWN,BROWN GOLD,HL 20'S,HL,20,KRETEK,,20.0,NO,280.0
71,22/11/2024,202411,3,2110103214,21101031180,1732001702308,99765321,105,SURYA NEPAL PVT LTD - NEPAL,SURYA FUSION,SURYA FUSION\20\NOSE\RS320,320,20 NOSE,KFT,,1732001702308-surya nepal pvt ltd - nepal-surya fusion#3.png,RECODING,5,1,99765321,125.42085266113281,105,SURYA NEPAL PVT LTD - NEPAL,SURYA,SURYA FUSION,HL 20'S,HL,20,FULL FLAVOUR,,20.0,NO,320.0
71,22/11/2024,202411,3,2110103214,21101031180,1732001702308,99765321,105,SURYA NEPAL PVT LTD - NEPAL,SURYA FUSION,SURYA FUSION\20\NOSE\RS320,320,20 NOSE,KFT,,1732001702308-surya nepal pvt ltd - nepal-surya fusion#3.png,RECODING,5,2,47592,128.02923583984375,105,SURYA NEPAL PVT LTD - NEPAL,SHIKHAR,SHIKHAR ICE RUSH,HL 20'S,HL,20,FRESH,,20.0,NO,185.0
71,22/11/2024,202411,3,2110103214,21101031180,1732001702308,99765321,105,SURYA NEPAL PVT LTD - NEPAL,SURYA FUSION,SURYA FUSION\20\NOSE\RS320,320,20 NOSE,KFT,,1732001702308-surya nepal pvt ltd - nepal-surya fusion#3.png,RECODING,5,3,90110247,129.63705444335938,105,SURYA NEPAL PVT LTD - NEPAL,SURYA,SURYA CITRIC FRESH,HL 20'S,HL,20,FRESH,,20.0,NO,300.0
72,22/11/2024,202411,3,1210102753,12101030204,1731409450152,99765320,126,MADHU CHEMICAL COMPANY,MADHU,MADHU-SWEET SUPERI PPH-1.45 GM,3,1.45 GM.,PPH,Any other reason,,RECODING,5,1,99765320,71.03138732910156,126,MADHU CHEMICAL COMPANY,MADHU,MADHU,1.45G PAAN MASALA,PLAST,1.45G,SWEET,,1.45,GM,3.0
73,22/11/2024,202411,3,123578813,12303030028,1732152899034,99765326,124,DEUTI GUTKHA INDUSTRIES,MEGHA SHREE PREMIUM,MEGHA SHREE PREMIUM-MEGHA SHREE-REGULAR-PPH 2.20GM,5,2.20GM,PPH,,,RECODING,5,1,99765326,52.909812927246094,124,DEUTI GUTKHA INDUSTRIES,MEGHA SHREE,MEGHA SHREE PREMIUM,2.20G GUTKA,PLAST,2.20G,REGULAR,,2.2,GM,5.0
73,22/11/2024,202411,3,123578813,12303030028,1732152899034,99765326,124,DEUTI GUTKHA INDUSTRIES,MEGHA SHREE PREMIUM,MEGHA SHREE PREMIUM-MEGHA SHREE-REGULAR-PPH 2.20GM,5,2.20GM,PPH,,,RECODING,5,6,99762298,166.00161743164062,124,SHREE SHIVA SHAKTI PRODUCTS,PARAG,PARAG+3,2.2G GUTKA,PLAST,2.2G,REGULAR,,2.2,,0.0
74,22/11/2024,202411,3,122585143,12303030027,1732152899034,99765326,124,DEUTI GUTKHA INDUSTRIES,MEGHA SHREE PREMIUM,MEGHA SHREE PREMIUM-MEGHA SHREE-REGULAR-PPH 2.20GM,5,2.20GM,PPH,,1732152899034-deuti gutkha industries-megha shree premium#3.png,RECODING,5,1,99765326,52.909812927246094,124,DEUTI GUTKHA INDUSTRIES,MEGHA SHREE,MEGHA SHREE PREMIUM,2.20G GUTKA,PLAST,2.20G,REGULAR,,2.2,GM,5.0
74,22/11/2024,202411,3,122585143,12303030027,1732152899034,99765326,124,DEUTI GUTKHA INDUSTRIES,MEGHA SHREE PREMIUM,MEGHA SHREE PREMIUM-MEGHA SHREE-REGULAR-PPH 2.20GM,5,2.20GM,PPH,,1732152899034-deuti gutkha industries-megha shree premium#3.png,RECODING,5,6,99762298,166.00161743164062,124,SHREE SHIVA SHAKTI PRODUCTS,PARAG,PARAG+3,2.2G GUTKA,PLAST,2.2G,REGULAR,,2.2,,0.0
75,22/11/2024,202411,3,2110199002,21101030871,1731937092881,99765321,105,SURYA NEPAL PVT LTD - NEPAL,SURYA FUSION,SURYA FUSION,320,20'S-KS,FTP,Invoices not available,,RECODING,5,1,99765321,102.97734069824219,105,SURYA NEPAL PVT LTD - NEPAL,SURYA,SURYA FUSION,HL 20'S,HL,20,FULL FLAVOUR,,20.0,NO,320.0
75,22/11/2024,202411,3,2110199002,21101030871,1731937092881,99765321,105,SURYA NEPAL PVT LTD - NEPAL,SURYA FUSION,SURYA FUSION,320,20'S-KS,FTP,Invoices not available,,RECODING,5,2,99765090,109.94602966308594,105,SURYA NEPAL PVT LTD - NEPAL,SURYA,SURYA DUAL BURST,HL 20'S,HL,20,FRESH,,20.0,NO,320.0
75,22/11/2024,202411,3,2110199002,21101030871,1731937092881,99765321,105,SURYA NEPAL PVT LTD - NEPAL,SURYA FUSION,SURYA FUSION,320,20'S-KS,FTP,Invoices not available,,RECODING,5,3,90110247,111.77112579345703,105,SURYA NEPAL PVT LTD - NEPAL,SURYA,SURYA CITRIC FRESH,HL 20'S,HL,20,FRESH,,20.0,NO,300.0
76,22/11/2024,202411,3,2110100497,21101031647,1731937092881,99765321,105,SURYA NEPAL PVT LTD - NEPAL,SURYA FUSION,SURYA FUSION,320,20'S-KS,FTP,New SKU,,RECODING,5,1,99765321,102.97734069824219,105,SURYA NEPAL PVT LTD - NEPAL,SURYA,SURYA FUSION,HL 20'S,HL,20,FULL FLAVOUR,,20.0,NO,320.0
76,22/11/2024,202411,3,2110100497,21101031647,1731937092881,99765321,105,SURYA NEPAL PVT LTD - NEPAL,SURYA FUSION,SURYA FUSION,320,20'S-KS,FTP,New SKU,,RECODING,5,2,99765090,109.94602966308594,105,SURYA NEPAL PVT LTD - NEPAL,SURYA,SURYA DUAL BURST,HL 20'S,HL,20,FRESH,,20.0,NO,320.0
76,22/11/2024,202411,3,2110100497,21101031647,1731937092881,99765321,105,SURYA NEPAL PVT LTD - NEPAL,SURYA FUSION,SURYA FUSION,320,20'S-KS,FTP,New SKU,,RECODING,5,3,90110247,111.77112579345703,105,SURYA NEPAL PVT LTD - NEPAL,SURYA,SURYA CITRIC FRESH,HL 20'S,HL,20,FRESH,,20.0,NO,300.0
77,22/11/2024,202411,3,1220102362,12201030173,1731054475107,99765320,126,MADHU PRODUCTS NEPAL,MADHU,MADHU-MADHU-SWEET SUPARI PPH 1.45G,3,1.45G,PPH,,,RECODING,5,1,99765320,113.58602905273438,126,MADHU CHEMICAL COMPANY,MADHU,MADHU,1.45G PAAN MASALA,PLAST,1.45G,SWEET,,1.45,GM,3.0
78,22/11/2024,202411,3,1220102404,12201030213,1731054475107,99765320,126,MADHU PRODUCTS NEPAL,MADHU,MADHU-MADHU-SWEET SUPARI PPH 1.45G,3,1.45G,PPH,,,RECODING,5,1,99765320,113.58602905273438,126,MADHU CHEMICAL COMPANY,MADHU,MADHU,1.45G PAAN MASALA,PLAST,1.45G,SWEET,,1.45,GM,3.0
79,22/11/2024,202411,2,115334157,21102020003,1732088989459,99765329,134,T.R. INTERNATIONAL GROUP P.LTD-NPL,OXY PLUS,OXY-PLUS/PBT/750ML/MRP 45/T.R.INTERNATIONAL GROUP PVT.LTD.,45,750ML,PBT,,1732088989459-t-r- international group p-ltd-npl-oxy plus#3.png,RECODING,5,1,99765329,89.78350830078125,118,T.R. INTERNATIONAL GROUP P.LTD-NPL,OXY-PLUS,OXY-PLUS,PET 750 ML,PET,750.000 ML,,,750.0,ML,45.0
80,22/11/2024,202411,3,2110203242,21102030283,1731308020769,99765321,105,SURYA NEPAL PVT LTD - NEPAL,SURYA FUSION,SURYA FUSION,320,HL 20 NOS,CBP,,,RECODING,5,1,90110247,94.26591491699219,105,SURYA NEPAL PVT LTD - NEPAL,SURYA,SURYA CITRIC FRESH,HL 20'S,HL,20,FRESH,,20.0,NO,300.0
80,22/11/2024,202411,3,2110203242,21102030283,1731308020769,99765321,105,SURYA NEPAL PVT LTD - NEPAL,SURYA FUSION,SURYA FUSION,320,HL 20 NOS,CBP,,,RECODING,5,2,99765321,95.05035400390625,105,SURYA NEPAL PVT LTD - NEPAL,SURYA,SURYA FUSION,HL 20'S,HL,20,FULL FLAVOUR,,20.0,NO,320.0
80,22/11/2024,202411,3,2110203242,21102030283,1731308020769,99765321,105,SURYA NEPAL PVT LTD - NEPAL,SURYA FUSION,SURYA FUSION,320,HL 20 NOS,CBP,,,RECODING,5,3,99765090,95.2593765258789,105,SURYA NEPAL PVT LTD - NEPAL,SURYA,SURYA DUAL BURST,HL 20'S,HL,20,FRESH,,20.0,NO,320.0
81,22/11/2024,202411,3,2110203275,21102030219,1731308020769,99765321,105,SURYA NEPAL PVT LTD - NEPAL,SURYA FUSION,SURYA FUSION,320,HL 20 NOS,CBP,Any other reason,,RECODING,5,1,90110247,94.26591491699219,105,SURYA NEPAL PVT LTD - NEPAL,SURYA,SURYA CITRIC FRESH,HL 20'S,HL,20,FRESH,,20.0,NO,300.0
81,22/11/2024,202411,3,2110203275,21102030219,1731308020769,99765321,105,SURYA NEPAL PVT LTD - NEPAL,SURYA FUSION,SURYA FUSION,320,HL 20 NOS,CBP,Any other reason,,RECODING,5,2,99765321,95.05035400390625,105,SURYA NEPAL PVT LTD - NEPAL,SURYA,SURYA FUSION,HL 20'S,HL,20,FULL FLAVOUR,,20.0,NO,320.0
81,22/11/2024,202411,3,2110203275,21102030219,1731308020769,99765321,105,SURYA NEPAL PVT LTD - NEPAL,SURYA FUSION,SURYA FUSION,320,HL 20 NOS,CBP,Any other reason,,RECODING,5,3,99765090,95.2593765258789,105,SURYA NEPAL PVT LTD - NEPAL,SURYA,SURYA DUAL BURST,HL 20'S,HL,20,FRESH,,20.0,NO,320.0
82,22/11/2024,202411,3,1210102739,12101030187,1731409450152,99765320,126,MADHU CHEMICAL COMPANY,MADHU,MADHU-SWEET SUPERI PPH-1.45 GM,3,1.45 GM.,PPH,,,RECODING,5,1,99765320,71.03138732910156,126,MADHU CHEMICAL COMPANY,MADHU,MADHU,1.45G PAAN MASALA,PLAST,1.45G,SWEET,,1.45,GM,3.0
83,22/11/2024,202411,3,1210102303,12101030188,1731409450152,99765320,126,MADHU CHEMICAL COMPANY,MADHU,MADHU-SWEET SUPERI PPH-1.45 GM,3,1.45 GM.,PPH,,,RECODING,5,1,99765320,71.03138732910156,126,MADHU CHEMICAL COMPANY,MADHU,MADHU,1.45G PAAN MASALA,PLAST,1.45G,SWEET,,1.45,GM,3.0
84,22/11/2024,202411,3,1210100776,12101030089,1731409450152,99765320,126,MADHU CHEMICAL COMPANY,MADHU,MADHU-SWEET SUPERI PPH-1.45 GM,3,1.45 GM.,PPH,,,RECODING,5,1,99765320,71.03138732910156,126,MADHU CHEMICAL COMPANY,MADHU,MADHU,1.45G PAAN MASALA,PLAST,1.45G,SWEET,,1.45,GM,3.0
85,22/11/2024,202411,3,1210102732,12101030175,1731409450152,99765320,126,MADHU CHEMICAL COMPANY,MADHU,MADHU-SWEET SUPERI PPH-1.45 GM,3,1.45 GM.,PPH,,,RECODING,5,1,99765320,71.03138732910156,126,MADHU CHEMICAL COMPANY,MADHU,MADHU,1.45G PAAN MASALA,PLAST,1.45G,SWEET,,1.45,GM,3.0
86,22/11/2024,202411,3,2110100276,21101031450,1731937092881,99765321,105,SURYA NEPAL PVT LTD - NEPAL,SURYA FUSION,SURYA FUSION,320,20'S-KS,FTP,New SKU,,RECODING,5,1,99765321,102.97734069824219,105,SURYA NEPAL PVT LTD - NEPAL,SURYA,SURYA FUSION,HL 20'S,HL,20,FULL FLAVOUR,,20.0,NO,320.0
86,22/11/2024,202411,3,2110100276,21101031450,1731937092881,99765321,105,SURYA NEPAL PVT LTD - NEPAL,SURYA FUSION,SURYA FUSION,320,20'S-KS,FTP,New SKU,,RECODING,5,2,99765090,109.94602966308594,105,SURYA NEPAL PVT LTD - NEPAL,SURYA,SURYA DUAL BURST,HL 20'S,HL,20,FRESH,,20.0,NO,320.0
86,22/11/2024,202411,3,2110100276,21101031450,1731937092881,99765321,105,SURYA NEPAL PVT LTD - NEPAL,SURYA FUSION,SURYA FUSION,320,20'S-KS,FTP,New SKU,,RECODING,5,3,90110247,111.77112579345703,105,SURYA NEPAL PVT LTD - NEPAL,SURYA,SURYA CITRIC FRESH,HL 20'S,HL,20,FRESH,,20.0,NO,300.0
87,22/11/2024,202411,3,2110100240,21101031160,1731937092881,99765321,105,SURYA NEPAL PVT LTD - NEPAL,SURYA FUSION,SURYA FUSION,320,20'S-KS,FTP,New SKU,,RECODING,5,1,99765321,102.97734069824219,105,SURYA NEPAL PVT LTD - NEPAL,SURYA,SURYA FUSION,HL 20'S,HL,20,FULL FLAVOUR,,20.0,NO,320.0
87,22/11/2024,202411,3,2110100240,21101031160,1731937092881,99765321,105,SURYA NEPAL PVT LTD - NEPAL,SURYA FUSION,SURYA FUSION,320,20'S-KS,FTP,New SKU,,RECODING,5,2,99765090,109.94602966308594,105,SURYA NEPAL PVT LTD - NEPAL,SURYA,SURYA DUAL BURST,HL 20'S,HL,20,FRESH,,20.0,NO,320.0
87,22/11/2024,202411,3,2110100240,21101031160,1731937092881,99765321,105,SURYA NEPAL PVT LTD - NEPAL,SURYA FUSION,SURYA FUSION,320,20'S-KS,FTP,New SKU,,RECODING,5,3,90110247,111.77112579345703,105,SURYA NEPAL PVT LTD - NEPAL,SURYA,SURYA CITRIC FRESH,HL 20'S,HL,20,FRESH,,20.0,NO,300.0
88,22/11/2024,202411,3,1220102386,12201030158,1731054475107,99765320,126,MADHU PRODUCTS NEPAL,MADHU,MADHU-MADHU-SWEET SUPARI PPH 1.45G,3,1.45G,PPH,,,RECODING,5,1,99765320,113.58602905273438,126,MADHU CHEMICAL COMPANY,MADHU,MADHU,1.45G PAAN MASALA,PLAST,1.45G,SWEET,,1.45,GM,3.0
89,22/11/2024,202411,3,1220102386,12201030158,1731055629590,99765326,124,DEUTI GUTKHA INDUSTRIES,MEGHA SHREE PREMIUM,MEGHA SHREE PREMIUM GUTKHA 2.20G,5,2.20G,PPH,,,RECODING,5,1,99765326,49.50416564941406,124,DEUTI GUTKHA INDUSTRIES,MEGHA SHREE,MEGHA SHREE PREMIUM,2.20G GUTKA,PLAST,2.20G,REGULAR,,2.2,GM,5.0
89,22/11/2024,202411,3,1220102386,12201030158,1731055629590,99765326,124,DEUTI GUTKHA INDUSTRIES,MEGHA SHREE PREMIUM,MEGHA SHREE PREMIUM GUTKHA 2.20G,5,2.20G,PPH,,,RECODING,5,7,99762298,166.6208953857422,124,SHREE SHIVA SHAKTI PRODUCTS,PARAG,PARAG+3,2.2G GUTKA,PLAST,2.2G,REGULAR,,2.2,,0.0
90,22/11/2024,202411,3,1220102363,12201030153,1731054475107,99765320,126,MADHU PRODUCTS NEPAL,MADHU,MADHU-MADHU-SWEET SUPARI PPH 1.45G,3,1.45G,PPH,,,RECODING,5,1,99765320,113.58602905273438,126,MADHU CHEMICAL COMPANY,MADHU,MADHU,1.45G PAAN MASALA,PLAST,1.45G,SWEET,,1.45,GM,3.0
91,22/11/2024,202411,2,122167896,31101020073,1731481992502,99765325,118,MANAKAMANA FRUIT & BEVERAGE-NP,NIMBU FRESH,NIMBU FRESH-LEMON-LEMON PET 1500ML,190,1500ML,PET,,1731481992502-manakamana fruit - beverage-np-nimbu fresh#3.png,RECODING,5,1,99765325,8.990633010864258,118,MANAKAMANA FRUIT & BEVERAGE-NP,NIMBU FRESH,NIMBU FRESH,LEMON PET 1500 ML,PET,1500.000 ML,LEMON,,1500.0,ML,190.0
91,22/11/2024,202411,2,122167896,31101020073,1731481992502,99765325,118,MANAKAMANA FRUIT & BEVERAGE-NP,NIMBU FRESH,NIMBU FRESH-LEMON-LEMON PET 1500ML,190,1500ML,PET,,1731481992502-manakamana fruit - beverage-np-nimbu fresh#3.png,RECODING,5,7,99764023,83.53790283203125,118,MANAKAMANA FRUIT & BEVERAGE-NP,FRESHTA,FRESHTA,ORANGE PET 1500 ML,PET,1500.000 ML,ORANGE,,1500.0,ML,175.0
91,22/11/2024,202411,2,122167896,31101020073,1731481992502,99765325,118,MANAKAMANA FRUIT & BEVERAGE-NP,NIMBU FRESH,NIMBU FRESH-LEMON-LEMON PET 1500ML,190,1500ML,PET,,1731481992502-manakamana fruit - beverage-np-nimbu fresh#3.png,RECODING,5,9,52564,91.68289184570312,118,MANAKAMANA FRUIT & BEVERAGE-NP,FRESH,FRESH,ORANGE PET 1500 ML,PET,1500.000 ML,ORANGE,,1500.0,ML,0.0
92,22/11/2024,202411,3,2110100221,21101031397,1731222877542,99765321,105,SURYA NEPAL PVT LTD - NEPAL,SURYA FUSION,SURYA FUSION/HL/20NOS/MRP320,320,20 NOS,KS,,,RECODING,5,1,99765321,87.48149108886719,105,SURYA NEPAL PVT LTD - NEPAL,SURYA,SURYA FUSION,HL 20'S,HL,20,FULL FLAVOUR,,20.0,NO,320.0
92,22/11/2024,202411,3,2110100221,21101031397,1731222877542,99765321,105,SURYA NEPAL PVT LTD - NEPAL,SURYA FUSION,SURYA FUSION/HL/20NOS/MRP320,320,20 NOS,KS,,,RECODING,5,2,99765090,97.83638000488281,105,SURYA NEPAL PVT LTD - NEPAL,SURYA,SURYA DUAL BURST,HL 20'S,HL,20,FRESH,,20.0,NO,320.0
92,22/11/2024,202411,3,2110100221,21101031397,1731222877542,99765321,105,SURYA NEPAL PVT LTD - NEPAL,SURYA FUSION,SURYA FUSION/HL/20NOS/MRP320,320,20 NOS,KS,,,RECODING,5,3,90110247,101.31382751464844,105,SURYA NEPAL PVT LTD - NEPAL,SURYA,SURYA CITRIC FRESH,HL 20'S,HL,20,FRESH,,20.0,NO,300.0
93,22/11/2024,202411,3,2110100576,21101031789,1731222877542,99765321,105,SURYA NEPAL PVT LTD - NEPAL,SURYA FUSION,SURYA FUSION/HL/20NOS/MRP320,320,20 NOS,KS,,,RECODING,5,1,99765321,87.48149108886719,105,SURYA NEPAL PVT LTD - NEPAL,SURYA,SURYA FUSION,HL 20'S,HL,20,FULL FLAVOUR,,20.0,NO,320.0
93,22/11/2024,202411,3,2110100576,21101031789,1731222877542,99765321,105,SURYA NEPAL PVT LTD - NEPAL,SURYA FUSION,SURYA FUSION/HL/20NOS/MRP320,320,20 NOS,KS,,,RECODING,5,2,99765090,97.83638000488281,105,SURYA NEPAL PVT LTD - NEPAL,SURYA,SURYA DUAL BURST,HL 20'S,HL,20,FRESH,,20.0,NO,320.0
93,22/11/2024,202411,3,2110100576,21101031789,1731222877542,99765321,105,SURYA NEPAL PVT LTD - NEPAL,SURYA FUSION,SURYA FUSION/HL/20NOS/MRP320,320,20 NOS,KS,,,RECODING,5,3,90110247,101.31382751464844,105,SURYA NEPAL PVT LTD - NEPAL,SURYA,SURYA CITRIC FRESH,HL 20'S,HL,20,FRESH,,20.0,NO,300.0
94,26/11/2024,202411,3,1210102726,12101030169,1732251636707,99765320,126,MADHU CHEMICAL COMPANY,MADHU,MADHU SWEET- SUPARI PPH 1.45 GM.,3,1.45GM,PPH,,,RECODING,5,1,99765320,66.37604522705078,126,MADHU CHEMICAL COMPANY,MADHU,MADHU,1.45G PAAN MASALA,PLAST,1.45G,SWEET,,1.45,GM,3.0
95,26/11/2024,202411,3,1030131823075,22502030035,1731222877542,99765321,105,SURYA NEPAL PVT LTD - NEPAL,SURYA FUSION,SURYA FUSION/HL/20NOS/MRP320,320,20 NOS,KS,,,RECODING,5,1,99765321,87.48149108886719,105,SURYA NEPAL PVT LTD - NEPAL,SURYA,SURYA FUSION,HL 20'S,HL,20,FULL FLAVOUR,,20.0,NO,320.0
95,26/11/2024,202411,3,1030131823075,22502030035,1731222877542,99765321,105,SURYA NEPAL PVT LTD - NEPAL,SURYA FUSION,SURYA FUSION/HL/20NOS/MRP320,320,20 NOS,KS,,,RECODING,5,2,99765090,97.83638000488281,105,SURYA NEPAL PVT LTD - NEPAL,SURYA,SURYA DUAL BURST,HL 20'S,HL,20,FRESH,,20.0,NO,320.0
95,26/11/2024,202411,3,1030131823075,22502030035,1731222877542,99765321,105,SURYA NEPAL PVT LTD - NEPAL,SURYA FUSION,SURYA FUSION/HL/20NOS/MRP320,320,20 NOS,KS,,,RECODING,5,3,90110247,101.31382751464844,105,SURYA NEPAL PVT LTD - NEPAL,SURYA,SURYA CITRIC FRESH,HL 20'S,HL,20,FRESH,,20.0,NO,300.0
96,26/11/2024,202411,3,1026152705465,22502030032,1731222877542,99765321,105,SURYA NEPAL PVT LTD - NEPAL,SURYA FUSION,SURYA FUSION/HL/20NOS/MRP320,320,20 NOS,KS,,,RECODING,5,1,99765321,87.48149108886719,105,SURYA NEPAL PVT LTD - NEPAL,SURYA,SURYA FUSION,HL 20'S,HL,20,FULL FLAVOUR,,20.0,NO,320.0
96,26/11/2024,202411,3,1026152705465,22502030032,1731222877542,99765321,105,SURYA NEPAL PVT LTD - NEPAL,SURYA FUSION,SURYA FUSION/HL/20NOS/MRP320,320,20 NOS,KS,,,RECODING,5,2,99765090,97.83638000488281,105,SURYA NEPAL PVT LTD - NEPAL,SURYA,SURYA DUAL BURST,HL 20'S,HL,20,FRESH,,20.0,NO,320.0
96,26/11/2024,202411,3,1026152705465,22502030032,1731222877542,99765321,105,SURYA NEPAL PVT LTD - NEPAL,SURYA FUSION,SURYA FUSION/HL/20NOS/MRP320,320,20 NOS,KS,,,RECODING,5,3,90110247,101.31382751464844,105,SURYA NEPAL PVT LTD - NEPAL,SURYA,SURYA CITRIC FRESH,HL 20'S,HL,20,FRESH,,20.0,NO,300.0
97,26/11/2024,202411,3,1221105609678,22711030017,1732530969912,99765321,105,SURYA NEPAL PVT LTD - NEPAL,SURYA FUSION,SURYA FUSION,320,75-85MM,20,New SKU,,RECODING,5,1,99765321,100.65123748779297,105,SURYA NEPAL PVT LTD - NEPAL,SURYA,SURYA FUSION,HL 20'S,HL,20,FULL FLAVOUR,,20.0,NO,320.0
97,26/11/2024,202411,3,1221105609678,22711030017,1732530969912,99765321,105,SURYA NEPAL PVT LTD - NEPAL,SURYA FUSION,SURYA FUSION,320,75-85MM,20,New SKU,,RECODING,5,2,90110247,113.71389770507812,105,SURYA NEPAL PVT LTD - NEPAL,SURYA,SURYA CITRIC FRESH,HL 20'S,HL,20,FRESH,,20.0,NO,300.0
97,26/11/2024,202411,3,1221105609678,22711030017,1732530969912,99765321,105,SURYA NEPAL PVT LTD - NEPAL,SURYA FUSION,SURYA FUSION,320,75-85MM,20,New SKU,,RECODING,5,3,99765090,114.26457214355469,105,SURYA NEPAL PVT LTD - NEPAL,SURYA,SURYA DUAL BURST,HL 20'S,HL,20,FRESH,,20.0,NO,320.0
98,26/11/2024,202411,3,1024125448681,22711030014,1732530969912,99765321,105,SURYA NEPAL PVT LTD - NEPAL,SURYA FUSION,SURYA FUSION,320,75-85MM,20,New SKU,,RECODING,5,1,99765321,100.65123748779297,105,SURYA NEPAL PVT LTD - NEPAL,SURYA,SURYA FUSION,HL 20'S,HL,20,FULL FLAVOUR,,20.0,NO,320.0
98,26/11/2024,202411,3,1024125448681,22711030014,1732530969912,99765321,105,SURYA NEPAL PVT LTD - NEPAL,SURYA FUSION,SURYA FUSION,320,75-85MM,20,New SKU,,RECODING,5,2,90110247,113.71389770507812,105,SURYA NEPAL PVT LTD - NEPAL,SURYA,SURYA CITRIC FRESH,HL 20'S,HL,20,FRESH,,20.0,NO,300.0
98,26/11/2024,202411,3,1024125448681,22711030014,1732530969912,99765321,105,SURYA NEPAL PVT LTD - NEPAL,SURYA FUSION,SURYA FUSION,320,75-85MM,20,New SKU,,RECODING,5,3,99765090,114.26457214355469,105,SURYA NEPAL PVT LTD - NEPAL,SURYA,SURYA DUAL BURST,HL 20'S,HL,20,FRESH,,20.0,NO,320.0
99,26/11/2024,202411,3,1023135332474,22711030023,1732530969912,99765321,105,SURYA NEPAL PVT LTD - NEPAL,SURYA FUSION,SURYA FUSION,320,75-85MM,20,New SKU,,RECODING,5,1,99765321,100.65123748779297,105,SURYA NEPAL PVT LTD - NEPAL,SURYA,SURYA FUSION,HL 20'S,HL,20,FULL FLAVOUR,,20.0,NO,320.0
99,26/11/2024,202411,3,1023135332474,22711030023,1732530969912,99765321,105,SURYA NEPAL PVT LTD - NEPAL,SURYA FUSION,SURYA FUSION,320,75-85MM,20,New SKU,,RECODING,5,2,90110247,113.71389770507812,105,SURYA NEPAL PVT LTD - NEPAL,SURYA,SURYA CITRIC FRESH,HL 20'S,HL,20,FRESH,,20.0,NO,300.0
99,26/11/2024,202411,3,1023135332474,22711030023,1732530969912,99765321,105,SURYA NEPAL PVT LTD - NEPAL,SURYA FUSION,SURYA FUSION,320,75-85MM,20,New SKU,,RECODING,5,3,99765090,114.26457214355469,105,SURYA NEPAL PVT LTD - NEPAL,SURYA,SURYA DUAL BURST,HL 20'S,HL,20,FRESH,,20.0,NO,320.0
100,26/11/2024,202411,3,1025135942643,22711030024,1732530969912,99765321,105,SURYA NEPAL PVT LTD - NEPAL,SURYA FUSION,SURYA FUSION,320,75-85MM,20,New SKU,,RECODING,5,1,99765321,100.65123748779297,105,SURYA NEPAL PVT LTD - NEPAL,SURYA,SURYA FUSION,HL 20'S,HL,20,FULL FLAVOUR,,20.0,NO,320.0
100,26/11/2024,202411,3,1025135942643,22711030024,1732530969912,99765321,105,SURYA NEPAL PVT LTD - NEPAL,SURYA FUSION,SURYA FUSION,320,75-85MM,20,New SKU,,RECODING,5,2,90110247,113.71389770507812,105,SURYA NEPAL PVT LTD - NEPAL,SURYA,SURYA CITRIC FRESH,HL 20'S,HL,20,FRESH,,20.0,NO,300.0
100,26/11/2024,202411,3,1025135942643,22711030024,1732530969912,99765321,105,SURYA NEPAL PVT LTD - NEPAL,SURYA FUSION,SURYA FUSION,320,75-85MM,20,New SKU,,RECODING,5,3,99765090,114.26457214355469,105,SURYA NEPAL PVT LTD - NEPAL,SURYA,SURYA DUAL BURST,HL 20'S,HL,20,FRESH,,20.0,NO,320.0
101,26/11/2024,202411,3,1023152910154,22711030037,1732530969912,99765321,105,SURYA NEPAL PVT LTD - NEPAL,SURYA FUSION,SURYA FUSION,320,75-85MM,20,New SKU,,RECODING,5,1,99765321,100.65123748779297,105,SURYA NEPAL PVT LTD - NEPAL,SURYA,SURYA FUSION,HL 20'S,HL,20,FULL FLAVOUR,,20.0,NO,320.0
101,26/11/2024,202411,3,1023152910154,22711030037,1732530969912,99765321,105,SURYA NEPAL PVT LTD - NEPAL,SURYA FUSION,SURYA FUSION,320,75-85MM,20,New SKU,,RECODING,5,2,90110247,113.71389770507812,105,SURYA NEPAL PVT LTD - NEPAL,SURYA,SURYA CITRIC FRESH,HL 20'S,HL,20,FRESH,,20.0,NO,300.0
101,26/11/2024,202411,3,1023152910154,22711030037,1732530969912,99765321,105,SURYA NEPAL PVT LTD - NEPAL,SURYA FUSION,SURYA FUSION,320,75-85MM,20,New SKU,,RECODING,5,3,99765090,114.26457214355469,105,SURYA NEPAL PVT LTD - NEPAL,SURYA,SURYA DUAL BURST,HL 20'S,HL,20,FRESH,,20.0,NO,320.0
102,26/11/2024,202411,3,1027131916993,22711030036,1732530969912,99765321,105,SURYA NEPAL PVT LTD - NEPAL,SURYA FUSION,SURYA FUSION,320,75-85MM,20,New SKU,1732530969912-surya nepal pvt ltd - nepal-surya fusion#3.png,RECODING,5,1,99765321,100.65123748779297,105,SURYA NEPAL PVT LTD - NEPAL,SURYA,SURYA FUSION,HL 20'S,HL,20,FULL FLAVOUR,,20.0,NO,320.0
102,26/11/2024,202411,3,1027131916993,22711030036,1732530969912,99765321,105,SURYA NEPAL PVT LTD - NEPAL,SURYA FUSION,SURYA FUSION,320,75-85MM,20,New SKU,1732530969912-surya nepal pvt ltd - nepal-surya fusion#3.png,RECODING,5,2,90110247,113.71389770507812,105,SURYA NEPAL PVT LTD - NEPAL,SURYA,SURYA CITRIC FRESH,HL 20'S,HL,20,FRESH,,20.0,NO,300.0
102,26/11/2024,202411,3,1027131916993,22711030036,1732530969912,99765321,105,SURYA NEPAL PVT LTD - NEPAL,SURYA FUSION,SURYA FUSION,320,75-85MM,20,New SKU,1732530969912-surya nepal pvt ltd - nepal-surya fusion#3.png,RECODING,5,3,99765090,114.26457214355469,105,SURYA NEPAL PVT LTD - NEPAL,SURYA,SURYA DUAL BURST,HL 20'S,HL,20,FRESH,,20.0,NO,320.0
103,26/11/2024,202411,3,1210100226,12101030077,1732251636707,99765320,126,MADHU CHEMICAL COMPANY,MADHU,MADHU SWEET- SUPARI PPH 1.45 GM.,3,1.45GM,PPH,,,RECODING,5,1,99765320,66.37604522705078,126,MADHU CHEMICAL COMPANY,MADHU,MADHU,1.45G PAAN MASALA,PLAST,1.45G,SWEET,,1.45,GM,3.0
104,26/11/2024,202411,3,1210102738,12101030224,1732251636707,99765320,126,MADHU CHEMICAL COMPANY,MADHU,MADHU SWEET- SUPARI PPH 1.45 GM.,3,1.45GM,PPH,,,RECODING,5,1,99765320,66.37604522705078,126,MADHU CHEMICAL COMPANY,MADHU,MADHU,1.45G PAAN MASALA,PLAST,1.45G,SWEET,,1.45,GM,3.0
105,26/11/2024,202411,3,1021193243682,21104030077,1732537658621,99765321,105,SURYA NEPAL PVT LTD - NEPAL,SURYA FUSION,SURYA FUSION,320,20K'S,FLT,New SKU,,RECODING,5,1,99765321,93.22357940673828,105,SURYA NEPAL PVT LTD - NEPAL,SURYA,SURYA FUSION,HL 20'S,HL,20,FULL FLAVOUR,,20.0,NO,320.0
105,26/11/2024,202411,3,1021193243682,21104030077,1732537658621,99765321,105,SURYA NEPAL PVT LTD - NEPAL,SURYA FUSION,SURYA FUSION,320,20K'S,FLT,New SKU,,RECODING,5,2,90110247,104.39964294433594,105,SURYA NEPAL PVT LTD - NEPAL,SURYA,SURYA CITRIC FRESH,HL 20'S,HL,20,FRESH,,20.0,NO,300.0
105,26/11/2024,202411,3,1021193243682,21104030077,1732537658621,99765321,105,SURYA NEPAL PVT LTD - NEPAL,SURYA FUSION,SURYA FUSION,320,20K'S,FLT,New SKU,,RECODING,5,3,99765090,106.57174682617188,105,SURYA NEPAL PVT LTD - NEPAL,SURYA,SURYA DUAL BURST,HL 20'S,HL,20,FRESH,,20.0,NO,320.0
106,26/11/2024,202411,3,1024134408901,21104030016,1732537658621,99765321,105,SURYA NEPAL PVT LTD - NEPAL,SURYA FUSION,SURYA FUSION,320,20K'S,FLT,New SKU,1732537658621-surya nepal pvt ltd - nepal-surya fusion#3.png,RECODING,5,1,99765321,93.22357940673828,105,SURYA NEPAL PVT LTD - NEPAL,SURYA,SURYA FUSION,HL 20'S,HL,20,FULL FLAVOUR,,20.0,NO,320.0
106,26/11/2024,202411,3,1024134408901,21104030016,1732537658621,99765321,105,SURYA NEPAL PVT LTD - NEPAL,SURYA FUSION,SURYA FUSION,320,20K'S,FLT,New SKU,1732537658621-surya nepal pvt ltd - nepal-surya fusion#3.png,RECODING,5,2,90110247,104.39964294433594,105,SURYA NEPAL PVT LTD - NEPAL,SURYA,SURYA CITRIC FRESH,HL 20'S,HL,20,FRESH,,20.0,NO,300.0
106,26/11/2024,202411,3,1024134408901,21104030016,1732537658621,99765321,105,SURYA NEPAL PVT LTD - NEPAL,SURYA FUSION,SURYA FUSION,320,20K'S,FLT,New SKU,1732537658621-surya nepal pvt ltd - nepal-surya fusion#3.png,RECODING,5,3,99765090,106.57174682617188,105,SURYA NEPAL PVT LTD - NEPAL,SURYA,SURYA DUAL BURST,HL 20'S,HL,20,FRESH,,20.0,NO,320.0
107,26/11/2024,202411,3,122041029,12303030071,1732152899034,99765326,124,DEUTI GUTKHA INDUSTRIES,MEGHA SHREE PREMIUM,MEGHA SHREE PREMIUM-MEGHA SHREE-REGULAR-PPH 2.20GM,5,2.20GM,PPH,,,RECODING,5,1,99765326,52.909812927246094,124,DEUTI GUTKHA INDUSTRIES,MEGHA SHREE,MEGHA SHREE PREMIUM,2.20G GUTKA,PLAST,2.20G,REGULAR,,2.2,GM,5.0
107,26/11/2024,202411,3,122041029,12303030071,1732152899034,99765326,124,DEUTI GUTKHA INDUSTRIES,MEGHA SHREE PREMIUM,MEGHA SHREE PREMIUM-MEGHA SHREE-REGULAR-PPH 2.20GM,5,2.20GM,PPH,,,RECODING,5,6,99762298,166.00161743164062,124,SHREE SHIVA SHAKTI PRODUCTS,PARAG,PARAG+3,2.2G GUTKA,PLAST,2.2G,REGULAR,,2.2,,0.0
108,26/11/2024,202411,3,121758224,12303030081,1732152899034,99765326,124,DEUTI GUTKHA INDUSTRIES,MEGHA SHREE PREMIUM,MEGHA SHREE PREMIUM-MEGHA SHREE-REGULAR-PPH 2.20GM,5,2.20GM,PPH,,,RECODING,5,1,99765326,52.909812927246094,124,DEUTI GUTKHA INDUSTRIES,MEGHA SHREE,MEGHA SHREE PREMIUM,2.20G GUTKA,PLAST,2.20G,REGULAR,,2.2,GM,5.0
108,26/11/2024,202411,3,121758224,12303030081,1732152899034,99765326,124,DEUTI GUTKHA INDUSTRIES,MEGHA SHREE PREMIUM,MEGHA SHREE PREMIUM-MEGHA SHREE-REGULAR-PPH 2.20GM,5,2.20GM,PPH,,,RECODING,5,6,99762298,166.00161743164062,124,SHREE SHIVA SHAKTI PRODUCTS,PARAG,PARAG+3,2.2G GUTKA,PLAST,2.2G,REGULAR,,2.2,,0.0
109,26/11/2024,202411,3,1210102730,12101030173,1732251636707,99765320,126,MADHU CHEMICAL COMPANY,MADHU,MADHU SWEET- SUPARI PPH 1.45 GM.,3,1.45GM,PPH,,,RECODING,5,1,99765320,66.37604522705078,126,MADHU CHEMICAL COMPANY,MADHU,MADHU,1.45G PAAN MASALA,PLAST,1.45G,SWEET,,1.45,GM,3.0
110,26/11/2024,202411,3,1210102771,12101030228,1732251636707,99765320,126,MADHU CHEMICAL COMPANY,MADHU,MADHU SWEET- SUPARI PPH 1.45 GM.,3,1.45GM,PPH,Any other reason,,RECODING,5,1,99765320,66.37604522705078,126,MADHU CHEMICAL COMPANY,MADHU,MADHU,1.45G PAAN MASALA,PLAST,1.45G,SWEET,,1.45,GM,3.0
111,26/11/2024,202411,3,1210101167,12101030057,1732251636707,99765320,126,MADHU CHEMICAL COMPANY,MADHU,MADHU SWEET- SUPARI PPH 1.45 GM.,3,1.45GM,PPH,,,RECODING,5,1,99765320,66.37604522705078,126,MADHU CHEMICAL COMPANY,MADHU,MADHU,1.45G PAAN MASALA,PLAST,1.45G,SWEET,,1.45,GM,3.0
112,26/11/2024,202411,3,1210101722,12101030157,1732251636707,99765320,126,MADHU CHEMICAL COMPANY,MADHU,MADHU SWEET- SUPARI PPH 1.45 GM.,3,1.45GM,PPH,,,RECODING,5,1,99765320,66.37604522705078,126,MADHU CHEMICAL COMPANY,MADHU,MADHU,1.45G PAAN MASALA,PLAST,1.45G,SWEET,,1.45,GM,3.0
113,26/11/2024,202411,3,1210101154,12101030035,1732251636707,99765320,126,MADHU CHEMICAL COMPANY,MADHU,MADHU SWEET- SUPARI PPH 1.45 GM.,3,1.45GM,PPH,,,RECODING,5,1,99765320,66.37604522705078,126,MADHU CHEMICAL COMPANY,MADHU,MADHU,1.45G PAAN MASALA,PLAST,1.45G,SWEET,,1.45,GM,3.0
114,26/11/2024,202411,3,1210102768,12101030225,1732251636707,99765320,126,MADHU CHEMICAL COMPANY,MADHU,MADHU SWEET- SUPARI PPH 1.45 GM.,3,1.45GM,PPH,,,RECODING,5,1,99765320,66.37604522705078,126,MADHU CHEMICAL COMPANY,MADHU,MADHU,1.45G PAAN MASALA,PLAST,1.45G,SWEET,,1.45,GM,3.0
115,26/11/2024,202411,2,132860456,31303020016,1732265998135,99765330,134,AGRO THAI FOODS PVT LTD-NEPAL,JUICE JELLY,JUICE JELLY-STRAWBERRY PBT 320 ML,99,320ML,PBT,,1732265998135-agro thai foods pvt ltd-nepal-juice jelly#3.png,RECODING,5,1,99765330,36.44023895263672,118,AGRO THAI FOODS PVT LTD-NEPAL,JUICE JELLY,JUICE JELLY,STRAWBERRY PET 320 ML,PET,320.000 ML,STRAWBERRY,,320.0,ML,99.0
115,26/11/2024,202411,2,132860456,31303020016,1732265998135,99765330,134,AGRO THAI FOODS PVT LTD-NEPAL,JUICE JELLY,JUICE JELLY-STRAWBERRY PBT 320 ML,99,320ML,PBT,,1732265998135-agro thai foods pvt ltd-nepal-juice jelly#3.png,RECODING,5,2,99765317,54.20048522949219,118,AGRO THAI FOODS PVT LTD-NEPAL,JUICE JELLY,JUICE JELLY,FRUIT COCKTAIL PET 320 ML,PET,320.000 ML,MIXED FRUIT,,320.0,ML,99.0
115,26/11/2024,202411,2,132860456,31303020016,1732265998135,99765330,134,AGRO THAI FOODS PVT LTD-NEPAL,JUICE JELLY,JUICE JELLY-STRAWBERRY PBT 320 ML,99,320ML,PBT,,1732265998135-agro thai foods pvt ltd-nepal-juice jelly#3.png,RECODING,5,3,99765294,58.30010986328125,118,AGRO THAI FOODS PVT LTD-NEPAL,JUICE JELLY,JUICE JELLY,ORANGE PET 320 ML,PET,320.000 ML,ORANGE,,320.0,ML,99.0
116,26/11/2024,202411,3,1210102757,12101030210,1732251636707,99765320,126,MADHU CHEMICAL COMPANY,MADHU,MADHU SWEET- SUPARI PPH 1.45 GM.,3,1.45GM,PPH,Any other reason,,RECODING,5,1,99765320,66.37604522705078,126,MADHU CHEMICAL COMPANY,MADHU,MADHU,1.45G PAAN MASALA,PLAST,1.45G,SWEET,,1.45,GM,3.0
117,26/11/2024,202411,2,128203335,21401020022,1731303478705,99765322,134,RAYBOT SPRING'S MINERAL WATER-NEPAL,RAYBOT REFRESH,RAYBOT REFRESH-LITCHI-PBT-250ML,50,250 ML,PBT,,,RECODING,5,1,99765322,46.91108703613281,118,RAYBOT SPRING'S MINERAL WATER-NEPAL,RAYBOT,RAYBOT REFRESH,LITCHI PET 250 ML,PET,250.000 ML,LYCHEE,,250.0,ML,50.0
117,26/11/2024,202411,2,128203335,21401020022,1731303478705,99765322,134,RAYBOT SPRING'S MINERAL WATER-NEPAL,RAYBOT REFRESH,RAYBOT REFRESH-LITCHI-PBT-250ML,50,250 ML,PBT,,,RECODING,5,2,99765475,56.011756896972656,118,RAYBOT SPRING'S MINERAL WATER-NEPAL,RAYBOT,RAYBOT REFRESH COLA,PET 250 ML,PET,250.000 ML,COLA,,250.0,ML,50.0
117,26/11/2024,202411,2,128203335,21401020022,1731303478705,99765322,134,RAYBOT SPRING'S MINERAL WATER-NEPAL,RAYBOT REFRESH,RAYBOT REFRESH-LITCHI-PBT-250ML,50,250 ML,PBT,,,RECODING,5,4,99765488,62.6752815246582,118,RAYBOT SPRING'S MINERAL WATER-NEPAL,RAYBOT,RAYBOT REFRESH ZPRITE,PET 250 ML,PET,250.000 ML,LEMON,,250.0,ML,50.0
118,26/11/2024,202411,3,3110105415,31101030576,1732078989157,99765326,124,DEUTI GUTKHA INDUSTRIES,MEGHA SHREE PREMIUM,MEGHA SHREE PREMIUM\2.20GM\PPHRS:5\DEUTI GUTKHA INDUSTRIES NEPAL,5,2.20GM,PPH,New SKU,,RECODING,5,1,99765326,70.33910369873047,124,DEUTI GUTKHA INDUSTRIES,MEGHA SHREE,MEGHA SHREE PREMIUM,2.20G GUTKA,PLAST,2.20G,REGULAR,,2.2,GM,5.0
118,26/11/2024,202411,3,3110105415,31101030576,1732078989157,99765326,124,DEUTI GUTKHA INDUSTRIES,MEGHA SHREE PREMIUM,MEGHA SHREE PREMIUM\2.20GM\PPHRS:5\DEUTI GUTKHA INDUSTRIES NEPAL,5,2.20GM,PPH,New SKU,,RECODING,5,8,99762298,189.6033935546875,124,SHREE SHIVA SHAKTI PRODUCTS,PARAG,PARAG+3,2.2G GUTKA,PLAST,2.2G,REGULAR,,2.2,,0.0
119,26/11/2024,202411,2,123117800,31101020078,1731403137739,99765323,134,SURYADAYA DAIRY UDHYOG PVT LTD NEPAL,SURYADAYA ,SURYADAYA BADAM DRINK\180ML\CAN\RS:100\SURYADAYA DAIRY UDHYOG PVT LTD NEPAL,100,180ML,CAN,,,RECODING,5,1,99764327,94.73239135742188,118,SURYODAYA DAIRY UDHYOG-NEPAL,ANUKUL,ANUKUL BADAM DRINK,BADAM DRINK CAN 180 ML,CAN,180.000 ML,ALMOND,,180.0,ML,90.0
119,26/11/2024,202411,2,123117800,31101020078,1731403137739,99765323,134,SURYADAYA DAIRY UDHYOG PVT LTD NEPAL,SURYADAYA ,SURYADAYA BADAM DRINK\180ML\CAN\RS:100\SURYADAYA DAIRY UDHYOG PVT LTD NEPAL,100,180ML,CAN,,,RECODING,5,2,99763925,96.72592163085938,118,SURYODAYA DAIRY UDHYOG-NEPAL,GOKUL,GOKUL BADAM DRINK,BADAM & SAFFRON DRINK CAN 180 ML,CAN,180.000 ML,ALMOND,,180.0,ML,90.0
119,26/11/2024,202411,2,123117800,31101020078,1731403137739,99765323,134,SURYADAYA DAIRY UDHYOG PVT LTD NEPAL,SURYADAYA ,SURYADAYA BADAM DRINK\180ML\CAN\RS:100\SURYADAYA DAIRY UDHYOG PVT LTD NEPAL,100,180ML,CAN,,,RECODING,5,3,99765323,97.24064636230469,118,SURYODAYA DAIRY UDHYOG-NEPAL,SURYODAYA,SURYODAYA BADAM DRINK,ALMOND & SAFFRON DRINK CAN 180 ML,CAN,180.000 ML,ALMOND,,180.0,ML,99.0
120,26/11/2024,202411,3,123718421,12303030023,1732152899034,99765326,124,DEUTI GUTKHA INDUSTRIES,MEGHA SHREE PREMIUM,MEGHA SHREE PREMIUM-MEGHA SHREE-REGULAR-PPH 2.20GM,5,2.20GM,PPH,,,RECODING,5,1,99765326,52.909812927246094,124,DEUTI GUTKHA INDUSTRIES,MEGHA SHREE,MEGHA SHREE PREMIUM,2.20G GUTKA,PLAST,2.20G,REGULAR,,2.2,GM,5.0
120,26/11/2024,202411,3,123718421,12303030023,1732152899034,99765326,124,DEUTI GUTKHA INDUSTRIES,MEGHA SHREE PREMIUM,MEGHA SHREE PREMIUM-MEGHA SHREE-REGULAR-PPH 2.20GM,5,2.20GM,PPH,,,RECODING,5,6,99762298,166.00161743164062,124,SHREE SHIVA SHAKTI PRODUCTS,PARAG,PARAG+3,2.2G GUTKA,PLAST,2.2G,REGULAR,,2.2,,0.0
121,26/11/2024,202411,3,1210102221,12101030114,1732251636707,99765320,126,MADHU CHEMICAL COMPANY,MADHU,MADHU SWEET- SUPARI PPH 1.45 GM.,3,1.45GM,PPH,,,RECODING,5,1,99765320,66.37604522705078,126,MADHU CHEMICAL COMPANY,MADHU,MADHU,1.45G PAAN MASALA,PLAST,1.45G,SWEET,,1.45,GM,3.0
122,26/11/2024,202411,3,1210102762,12101030215,1732251636707,99765320,126,MADHU CHEMICAL COMPANY,MADHU,MADHU SWEET- SUPARI PPH 1.45 GM.,3,1.45GM,PPH,,,RECODING,5,1,99765320,66.37604522705078,126,MADHU CHEMICAL COMPANY,MADHU,MADHU,1.45G PAAN MASALA,PLAST,1.45G,SWEET,,1.45,GM,3.0
123,26/11/2024,202411,3,1210101553,12101030198,1732251636707,99765320,126,MADHU CHEMICAL COMPANY,MADHU,MADHU SWEET- SUPARI PPH 1.45 GM.,3,1.45GM,PPH,Any other reason,,RECODING,5,1,99765320,66.37604522705078,126,MADHU CHEMICAL COMPANY,MADHU,MADHU,1.45G PAAN MASALA,PLAST,1.45G,SWEET,,1.45,GM,3.0
124,26/11/2024,202411,3,1210102205,12101030119,1732251636707,99765320,126,MADHU CHEMICAL COMPANY,MADHU,MADHU SWEET- SUPARI PPH 1.45 GM.,3,1.45GM,PPH,,,RECODING,5,1,99765320,66.37604522705078,126,MADHU CHEMICAL COMPANY,MADHU,MADHU,1.45G PAAN MASALA,PLAST,1.45G,SWEET,,1.45,GM,3.0
125,26/11/2024,202411,3,1210101590,12101030042,1732251636707,99765320,126,MADHU CHEMICAL COMPANY,MADHU,MADHU SWEET- SUPARI PPH 1.45 GM.,3,1.45GM,PPH,,,RECODING,5,1,99765320,66.37604522705078,126,MADHU CHEMICAL COMPANY,MADHU,MADHU,1.45G PAAN MASALA,PLAST,1.45G,SWEET,,1.45,GM,3.0
126,26/11/2024,202411,3,1210102761,12101030214,1732251636707,99765320,126,MADHU CHEMICAL COMPANY,MADHU,MADHU SWEET- SUPARI PPH 1.45 GM.,3,1.45GM,PPH,Any other reason,,RECODING,5,1,99765320,66.37604522705078,126,MADHU CHEMICAL COMPANY,MADHU,MADHU,1.45G PAAN MASALA,PLAST,1.45G,SWEET,,1.45,GM,3.0
127,26/11/2024,202411,2,132803597,31303020004,1732266210771,99765331,134,AGRO THAI FOODS PVT LTD-NEPAL,JUICE JELLY,JUICE JELLY-CRANBERRY PBT 320ML,99,320 ML,PBT ,,1732266210771-agro thai foods pvt ltd-nepal-juice jelly#3.png,RECODING,5,1,99765331,32.227577209472656,118,AGRO THAI FOODS PVT LTD-NEPAL,JUICE JELLY,JUICE JELLY,CRANBERRY PET 320 ML,PET,320.000 ML,CRANBERRY,,320.0,ML,99.0
127,26/11/2024,202411,2,132803597,31303020004,1732266210771,99765331,134,AGRO THAI FOODS PVT LTD-NEPAL,JUICE JELLY,JUICE JELLY-CRANBERRY PBT 320ML,99,320 ML,PBT ,,1732266210771-agro thai foods pvt ltd-nepal-juice jelly#3.png,RECODING,5,2,99765317,61.8614616394043,118,AGRO THAI FOODS PVT LTD-NEPAL,JUICE JELLY,JUICE JELLY,FRUIT COCKTAIL PET 320 ML,PET,320.000 ML,MIXED FRUIT,,320.0,ML,99.0
127,26/11/2024,202411,2,132803597,31303020004,1732266210771,99765331,134,AGRO THAI FOODS PVT LTD-NEPAL,JUICE JELLY,JUICE JELLY-CRANBERRY PBT 320ML,99,320 ML,PBT ,,1732266210771-agro thai foods pvt ltd-nepal-juice jelly#3.png,RECODING,5,3,99765330,65.00575256347656,118,AGRO THAI FOODS PVT LTD-NEPAL,JUICE JELLY,JUICE JELLY,STRAWBERRY PET 320 ML,PET,320.000 ML,STRAWBERRY,,320.0,ML,99.0
128,26/11/2024,202411,2,132803597,31303020004,1732265998135,99765330,134,AGRO THAI FOODS PVT LTD-NEPAL,JUICE JELLY,JUICE JELLY-STRAWBERRY PBT 320 ML,99,320ML,PBT,,1732265998135-agro thai foods pvt ltd-nepal-juice jelly#3.png,RECODING,5,1,99765330,36.44023895263672,118,AGRO THAI FOODS PVT LTD-NEPAL,JUICE JELLY,JUICE JELLY,STRAWBERRY PET 320 ML,PET,320.000 ML,STRAWBERRY,,320.0,ML,99.0
128,26/11/2024,202411,2,132803597,31303020004,1732265998135,99765330,134,AGRO THAI FOODS PVT LTD-NEPAL,JUICE JELLY,JUICE JELLY-STRAWBERRY PBT 320 ML,99,320ML,PBT,,1732265998135-agro thai foods pvt ltd-nepal-juice jelly#3.png,RECODING,5,2,99765317,54.20048522949219,118,AGRO THAI FOODS PVT LTD-NEPAL,JUICE JELLY,JUICE JELLY,FRUIT COCKTAIL PET 320 ML,PET,320.000 ML,MIXED FRUIT,,320.0,ML,99.0
128,26/11/2024,202411,2,132803597,31303020004,1732265998135,99765330,134,AGRO THAI FOODS PVT LTD-NEPAL,JUICE JELLY,JUICE JELLY-STRAWBERRY PBT 320 ML,99,320ML,PBT,,1732265998135-agro thai foods pvt ltd-nepal-juice jelly#3.png,RECODING,5,3,99765294,58.30010986328125,118,AGRO THAI FOODS PVT LTD-NEPAL,JUICE JELLY,JUICE JELLY,ORANGE PET 320 ML,PET,320.000 ML,ORANGE,,320.0,ML,99.0
129,26/11/2024,202411,3,1021141759768,21104030058,1731937092881,99765321,105,SURYA NEPAL PVT LTD - NEPAL,SURYA FUSION,SURYA FUSION,320,20'S-KS,FTP,New SKU,,RECODING,5,1,99765321,102.97734069824219,105,SURYA NEPAL PVT LTD - NEPAL,SURYA,SURYA FUSION,HL 20'S,HL,20,FULL FLAVOUR,,20.0,NO,320.0
129,26/11/2024,202411,3,1021141759768,21104030058,1731937092881,99765321,105,SURYA NEPAL PVT LTD - NEPAL,SURYA FUSION,SURYA FUSION,320,20'S-KS,FTP,New SKU,,RECODING,5,2,99765090,109.94602966308594,105,SURYA NEPAL PVT LTD - NEPAL,SURYA,SURYA DUAL BURST,HL 20'S,HL,20,FRESH,,20.0,NO,320.0
129,26/11/2024,202411,3,1021141759768,21104030058,1731937092881,99765321,105,SURYA NEPAL PVT LTD - NEPAL,SURYA FUSION,SURYA FUSION,320,20'S-KS,FTP,New SKU,,RECODING,5,3,90110247,111.77112579345703,105,SURYA NEPAL PVT LTD - NEPAL,SURYA,SURYA CITRIC FRESH,HL 20'S,HL,20,FRESH,,20.0,NO,300.0
130,26/11/2024,202411,3,1210102744,12101030193,1732251636707,99765320,126,MADHU CHEMICAL COMPANY,MADHU,MADHU SWEET- SUPARI PPH 1.45 GM.,3,1.45GM,PPH,Any other reason,,RECODING,5,1,99765320,66.37604522705078,126,MADHU CHEMICAL COMPANY,MADHU,MADHU,1.45G PAAN MASALA,PLAST,1.45G,SWEET,,1.45,GM,3.0
131,26/11/2024,202411,3,1210102746,12101030195,1732251636707,99765320,126,MADHU CHEMICAL COMPANY,MADHU,MADHU SWEET- SUPARI PPH 1.45 GM.,3,1.45GM,PPH,Any other reason,,RECODING,5,1,99765320,66.37604522705078,126,MADHU CHEMICAL COMPANY,MADHU,MADHU,1.45G PAAN MASALA,PLAST,1.45G,SWEET,,1.45,GM,3.0
132,26/11/2024,202411,3,1210102190,12101030110,1732251636707,99765320,126,MADHU CHEMICAL COMPANY,MADHU,MADHU SWEET- SUPARI PPH 1.45 GM.,3,1.45GM,PPH,Any other reason,,RECODING,5,1,99765320,66.37604522705078,126,MADHU CHEMICAL COMPANY,MADHU,MADHU,1.45G PAAN MASALA,PLAST,1.45G,SWEET,,1.45,GM,3.0
133,26/11/2024,202411,3,1020181120944,22502030046,1732259484751,99765326,124,DEUTI GUTKHA INDUSTRIES,MEGHA SHREE PREMIUM,PREMIUM MEGHA SHREE/DEUTI GUTKHA INDUSTRIES/PPH/2GM,5,2GM,PPH,,1732259484751-deuti gutkha industries-megha shree premium#3.png,RECODING,5,4,99762273,161.5147247314453,124,SHREE MEENAKSHI PRODUCTS NEPAL,GOA,GOA PREMIUM 1000,2G GUTKA,PLAST,2G,REGULAR,,2.0,,0.0
133,26/11/2024,202411,3,1020181120944,22502030046,1732259484751,99765326,124,DEUTI GUTKHA INDUSTRIES,MEGHA SHREE PREMIUM,PREMIUM MEGHA SHREE/DEUTI GUTKHA INDUSTRIES/PPH/2GM,5,2GM,PPH,,1732259484751-deuti gutkha industries-megha shree premium#3.png,RECODING,5,8,99762293,188.11654663085938,124,NARAYAN RAJ PRODUCTS PVT LTD,NIDHI,NIDHI,2G GUTKA,PLAST,2G,REGULAR,,2.0,,0.0
133,26/11/2024,202411,3,1020181120944,22502030046,1732259484751,99765326,124,DEUTI GUTKHA INDUSTRIES,MEGHA SHREE PREMIUM,PREMIUM MEGHA SHREE/DEUTI GUTKHA INDUSTRIES/PPH/2GM,5,2GM,PPH,,1732259484751-deuti gutkha industries-megha shree premium#3.png,RECODING,5,10,99762290,209.30743408203125,124,NARAYAN RAJ PRODUCTS PVT LTD,MOUKA GOLD,MOUKA GOLD,2G GUTKA,PLAST,2G,REGULAR,,2.0,,0.0
134,26/11/2024,202411,3,1022170057099,22502030036,1731222877542,99765321,105,SURYA NEPAL PVT LTD - NEPAL,SURYA FUSION,SURYA FUSION/HL/20NOS/MRP320,320,20 NOS,KS,,,RECODING,5,1,99765321,87.48149108886719,105,SURYA NEPAL PVT LTD - NEPAL,SURYA,SURYA FUSION,HL 20'S,HL,20,FULL FLAVOUR,,20.0,NO,320.0
134,26/11/2024,202411,3,1022170057099,22502030036,1731222877542,99765321,105,SURYA NEPAL PVT LTD - NEPAL,SURYA FUSION,SURYA FUSION/HL/20NOS/MRP320,320,20 NOS,KS,,,RECODING,5,2,99765090,97.83638000488281,105,SURYA NEPAL PVT LTD - NEPAL,SURYA,SURYA DUAL BURST,HL 20'S,HL,20,FRESH,,20.0,NO,320.0
134,26/11/2024,202411,3,1022170057099,22502030036,1731222877542,99765321,105,SURYA NEPAL PVT LTD - NEPAL,SURYA FUSION,SURYA FUSION/HL/20NOS/MRP320,320,20 NOS,KS,,,RECODING,5,3,90110247,101.31382751464844,105,SURYA NEPAL PVT LTD - NEPAL,SURYA,SURYA CITRIC FRESH,HL 20'S,HL,20,FRESH,,20.0,NO,300.0
135,26/11/2024,202411,3,1210102749,12101030199,1732251636707,99765320,126,MADHU CHEMICAL COMPANY,MADHU,MADHU SWEET- SUPARI PPH 1.45 GM.,3,1.45GM,PPH,Any other reason,,RECODING,5,1,99765320,66.37604522705078,126,MADHU CHEMICAL COMPANY,MADHU,MADHU,1.45G PAAN MASALA,PLAST,1.45G,SWEET,,1.45,GM,3.0
136,26/11/2024,202411,3,1210102763,12101030216,1732251636707,99765320,126,MADHU CHEMICAL COMPANY,MADHU,MADHU SWEET- SUPARI PPH 1.45 GM.,3,1.45GM,PPH,,,RECODING,5,1,99765320,66.37604522705078,126,MADHU CHEMICAL COMPANY,MADHU,MADHU,1.45G PAAN MASALA,PLAST,1.45G,SWEET,,1.45,GM,3.0
137,26/11/2024,202411,3,1210100753,12101030196,1732251636707,99765320,126,MADHU CHEMICAL COMPANY,MADHU,MADHU SWEET- SUPARI PPH 1.45 GM.,3,1.45GM,PPH,,1732251636707-madhu chemical company-madhu#3.png,RECODING,5,1,99765320,66.37604522705078,126,MADHU CHEMICAL COMPANY,MADHU,MADHU,1.45G PAAN MASALA,PLAST,1.45G,SWEET,,1.45,GM,3.0
138,26/11/2024,202411,3,122590579,12303030090,1732152899034,99765326,124,DEUTI GUTKHA INDUSTRIES,MEGHA SHREE PREMIUM,MEGHA SHREE PREMIUM-MEGHA SHREE-REGULAR-PPH 2.20GM,5,2.20GM,PPH,,,RECODING,5,1,99765326,52.909812927246094,124,DEUTI GUTKHA INDUSTRIES,MEGHA SHREE,MEGHA SHREE PREMIUM,2.20G GUTKA,PLAST,2.20G,REGULAR,,2.2,GM,5.0
138,26/11/2024,202411,3,122590579,12303030090,1732152899034,99765326,124,DEUTI GUTKHA INDUSTRIES,MEGHA SHREE PREMIUM,MEGHA SHREE PREMIUM-MEGHA SHREE-REGULAR-PPH 2.20GM,5,2.20GM,PPH,,,RECODING,5,6,99762298,166.00161743164062,124,SHREE SHIVA SHAKTI PRODUCTS,PARAG,PARAG+3,2.2G GUTKA,PLAST,2.2G,REGULAR,,2.2,,0.0
139,27/11/2024,202411,3,1210102540,12101030062,1732251636707,99765320,126,MADHU CHEMICAL COMPANY,MADHU,MADHU SWEET- SUPARI PPH 1.45 GM.,3,1.45GM,PPH,Any other reason,,RECODING,5,1,99765320,66.37604522705078,126,MADHU CHEMICAL COMPANY,MADHU,MADHU,1.45G PAAN MASALA,PLAST,1.45G,SWEET,,1.45,GM,3.0
140,27/11/2024,202411,3,1210102672,12101030020,1732251636707,99765320,126,MADHU CHEMICAL COMPANY,MADHU,MADHU SWEET- SUPARI PPH 1.45 GM.,3,1.45GM,PPH,Any other reason,,RECODING,5,1,99765320,66.37604522705078,126,MADHU CHEMICAL COMPANY,MADHU,MADHU,1.45G PAAN MASALA,PLAST,1.45G,SWEET,,1.45,GM,3.0
141,27/11/2024,202411,3,1030170645734,21104030043,1732537658621,99765321,105,SURYA NEPAL PVT LTD - NEPAL,SURYA FUSION,SURYA FUSION,320,20K'S,FLT,Invoices not available,,RECODING,5,1,99765321,93.22357940673828,105,SURYA NEPAL PVT LTD - NEPAL,SURYA,SURYA FUSION,HL 20'S,HL,20,FULL FLAVOUR,,20.0,NO,320.0
141,27/11/2024,202411,3,1030170645734,21104030043,1732537658621,99765321,105,SURYA NEPAL PVT LTD - NEPAL,SURYA FUSION,SURYA FUSION,320,20K'S,FLT,Invoices not available,,RECODING,5,2,90110247,104.39964294433594,105,SURYA NEPAL PVT LTD - NEPAL,SURYA,SURYA CITRIC FRESH,HL 20'S,HL,20,FRESH,,20.0,NO,300.0
141,27/11/2024,202411,3,1030170645734,21104030043,1732537658621,99765321,105,SURYA NEPAL PVT LTD - NEPAL,SURYA FUSION,SURYA FUSION,320,20K'S,FLT,Invoices not available,,RECODING,5,3,99765090,106.57174682617188,105,SURYA NEPAL PVT LTD - NEPAL,SURYA,SURYA DUAL BURST,HL 20'S,HL,20,FRESH,,20.0,NO,320.0
142,27/11/2024,202411,3,1023191314293,21104030029,1732537658621,99765321,105,SURYA NEPAL PVT LTD - NEPAL,SURYA FUSION,SURYA FUSION,320,20K'S,FLT,New SKU,,RECODING,5,1,99765321,93.22357940673828,105,SURYA NEPAL PVT LTD - NEPAL,SURYA,SURYA FUSION,HL 20'S,HL,20,FULL FLAVOUR,,20.0,NO,320.0
142,27/11/2024,202411,3,1023191314293,21104030029,1732537658621,99765321,105,SURYA NEPAL PVT LTD - NEPAL,SURYA FUSION,SURYA FUSION,320,20K'S,FLT,New SKU,,RECODING,5,2,90110247,104.39964294433594,105,SURYA NEPAL PVT LTD - NEPAL,SURYA,SURYA CITRIC FRESH,HL 20'S,HL,20,FRESH,,20.0,NO,300.0
142,27/11/2024,202411,3,1023191314293,21104030029,1732537658621,99765321,105,SURYA NEPAL PVT LTD - NEPAL,SURYA FUSION,SURYA FUSION,320,20K'S,FLT,New SKU,,RECODING,5,3,99765090,106.57174682617188,105,SURYA NEPAL PVT LTD - NEPAL,SURYA,SURYA DUAL BURST,HL 20'S,HL,20,FRESH,,20.0,NO,320.0
143,27/11/2024,202411,3,2110115954,21101031882,1732178087869,99765328,105,GORKHA LAHARI PVT. LTD,CAPTAIN FILTER KING GOLD,CAPTAIN/20/HL/LUXURY/GORKHA LAHARI PVT. LTD/NEPAL,161,20,HL,,,RECODING,5,1,99765328,51.25593185424805,105,GORKHA LAHARI PVT.LTD.- NEPAL,CAPTAIN,CAPTAIN GOLD FILTER KINGS,HL 20'S,HL,20,FULL FLAVOUR,,20.0,NO,161.0
143,27/11/2024,202411,3,2110115954,21101031882,1732178087869,99765328,105,GORKHA LAHARI PVT. LTD,CAPTAIN FILTER KING GOLD,CAPTAIN/20/HL/LUXURY/GORKHA LAHARI PVT. LTD/NEPAL,161,20,HL,,,RECODING,5,2,90110256,68.85609436035156,105,GORKHA LAHARI PVT.LTD.- NEPAL,CAPTAIN,CAPTAIN FILTER KINGS,HL 20'S,HL,20,FULL FLAVOUR,,20.0,NO,115.0
143,27/11/2024,202411,3,2110115954,21101031882,1732178087869,99765328,105,GORKHA LAHARI PVT. LTD,CAPTAIN FILTER KING GOLD,CAPTAIN/20/HL/LUXURY/GORKHA LAHARI PVT. LTD/NEPAL,161,20,HL,,,RECODING,5,3,99765139,93.31674194335938,105,GORKHA LAHARI PVT.LTD.- NEPAL,GORKHA,GORKHA FILTER,HL 20'S,HL,20,FULL FLAVOUR,,20.0,NO,113.5
144,27/11/2024,202411,3,1024130849563,21103030044,1731308020769,99765321,105,SURYA NEPAL PVT LTD - NEPAL,SURYA FUSION,SURYA FUSION,320,HL 20 NOS,CBP,,,RECODING,5,1,90110247,94.26591491699219,105,SURYA NEPAL PVT LTD - NEPAL,SURYA,SURYA CITRIC FRESH,HL 20'S,HL,20,FRESH,,20.0,NO,300.0
144,27/11/2024,202411,3,1024130849563,21103030044,1731308020769,99765321,105,SURYA NEPAL PVT LTD - NEPAL,SURYA FUSION,SURYA FUSION,320,HL 20 NOS,CBP,,,RECODING,5,2,99765321,95.05035400390625,105,SURYA NEPAL PVT LTD - NEPAL,SURYA,SURYA FUSION,HL 20'S,HL,20,FULL FLAVOUR,,20.0,NO,320.0
144,27/11/2024,202411,3,1024130849563,21103030044,1731308020769,99765321,105,SURYA NEPAL PVT LTD - NEPAL,SURYA FUSION,SURYA FUSION,320,HL 20 NOS,CBP,,,RECODING,5,3,99765090,95.2593765258789,105,SURYA NEPAL PVT LTD - NEPAL,SURYA,SURYA DUAL BURST,HL 20'S,HL,20,FRESH,,20.0,NO,320.0
145,27/11/2024,202411,3,1024151906813,21103030029,1731308020769,99765321,105,SURYA NEPAL PVT LTD - NEPAL,SURYA FUSION,SURYA FUSION,320,HL 20 NOS,CBP,,,RECODING,5,1,90110247,94.26591491699219,105,SURYA NEPAL PVT LTD - NEPAL,SURYA,SURYA CITRIC FRESH,HL 20'S,HL,20,FRESH,,20.0,NO,300.0
145,27/11/2024,202411,3,1024151906813,21103030029,1731308020769,99765321,105,SURYA NEPAL PVT LTD - NEPAL,SURYA FUSION,SURYA FUSION,320,HL 20 NOS,CBP,,,RECODING,5,2,99765321,95.05035400390625,105,SURYA NEPAL PVT LTD - NEPAL,SURYA,SURYA FUSION,HL 20'S,HL,20,FULL FLAVOUR,,20.0,NO,320.0
145,27/11/2024,202411,3,1024151906813,21103030029,1731308020769,99765321,105,SURYA NEPAL PVT LTD - NEPAL,SURYA FUSION,SURYA FUSION,320,HL 20 NOS,CBP,,,RECODING,5,3,99765090,95.2593765258789,105,SURYA NEPAL PVT LTD - NEPAL,SURYA,SURYA DUAL BURST,HL 20'S,HL,20,FRESH,,20.0,NO,320.0
146,27/11/2024,202411,3,1027160630494,21103030086,1731308020769,99765321,105,SURYA NEPAL PVT LTD - NEPAL,SURYA FUSION,SURYA FUSION,320,HL 20 NOS,CBP,,,RECODING,5,1,90110247,94.26591491699219,105,SURYA NEPAL PVT LTD - NEPAL,SURYA,SURYA CITRIC FRESH,HL 20'S,HL,20,FRESH,,20.0,NO,300.0
146,27/11/2024,202411,3,1027160630494,21103030086,1731308020769,99765321,105,SURYA NEPAL PVT LTD - NEPAL,SURYA FUSION,SURYA FUSION,320,HL 20 NOS,CBP,,,RECODING,5,2,99765321,95.05035400390625,105,SURYA NEPAL PVT LTD - NEPAL,SURYA,SURYA FUSION,HL 20'S,HL,20,FULL FLAVOUR,,20.0,NO,320.0
146,27/11/2024,202411,3,1027160630494,21103030086,1731308020769,99765321,105,SURYA NEPAL PVT LTD - NEPAL,SURYA FUSION,SURYA FUSION,320,HL 20 NOS,CBP,,,RECODING,5,3,99765090,95.2593765258789,105,SURYA NEPAL PVT LTD - NEPAL,SURYA,SURYA DUAL BURST,HL 20'S,HL,20,FRESH,,20.0,NO,320.0
147,27/11/2024,202411,3,1027123844463,21103030057,1731308020769,99765321,105,SURYA NEPAL PVT LTD - NEPAL,SURYA FUSION,SURYA FUSION,320,HL 20 NOS,CBP,,,RECODING,5,1,90110247,94.26591491699219,105,SURYA NEPAL PVT LTD - NEPAL,SURYA,SURYA CITRIC FRESH,HL 20'S,HL,20,FRESH,,20.0,NO,300.0
147,27/11/2024,202411,3,1027123844463,21103030057,1731308020769,99765321,105,SURYA NEPAL PVT LTD - NEPAL,SURYA FUSION,SURYA FUSION,320,HL 20 NOS,CBP,,,RECODING,5,2,99765321,95.05035400390625,105,SURYA NEPAL PVT LTD - NEPAL,SURYA,SURYA FUSION,HL 20'S,HL,20,FULL FLAVOUR,,20.0,NO,320.0
147,27/11/2024,202411,3,1027123844463,21103030057,1731308020769,99765321,105,SURYA NEPAL PVT LTD - NEPAL,SURYA FUSION,SURYA FUSION,320,HL 20 NOS,CBP,,,RECODING,5,3,99765090,95.2593765258789,105,SURYA NEPAL PVT LTD - NEPAL,SURYA,SURYA DUAL BURST,HL 20'S,HL,20,FRESH,,20.0,NO,320.0
148,27/11/2024,202411,3,1028162712896,21103030042,1731308020769,99765321,105,SURYA NEPAL PVT LTD - NEPAL,SURYA FUSION,SURYA FUSION,320,HL 20 NOS,CBP,,,RECODING,5,1,90110247,94.26591491699219,105,SURYA NEPAL PVT LTD - NEPAL,SURYA,SURYA CITRIC FRESH,HL 20'S,HL,20,FRESH,,20.0,NO,300.0
148,27/11/2024,202411,3,1028162712896,21103030042,1731308020769,99765321,105,SURYA NEPAL PVT LTD - NEPAL,SURYA FUSION,SURYA FUSION,320,HL 20 NOS,CBP,,,RECODING,5,2,99765321,95.05035400390625,105,SURYA NEPAL PVT LTD - NEPAL,SURYA,SURYA FUSION,HL 20'S,HL,20,FULL FLAVOUR,,20.0,NO,320.0
148,27/11/2024,202411,3,1028162712896,21103030042,1731308020769,99765321,105,SURYA NEPAL PVT LTD - NEPAL,SURYA FUSION,SURYA FUSION,320,HL 20 NOS,CBP,,,RECODING,5,3,99765090,95.2593765258789,105,SURYA NEPAL PVT LTD - NEPAL,SURYA,SURYA DUAL BURST,HL 20'S,HL,20,FRESH,,20.0,NO,320.0
149,27/11/2024,202411,3,1210100623,12101030153,1732251636707,99765320,126,MADHU CHEMICAL COMPANY,MADHU,MADHU SWEET- SUPARI PPH 1.45 GM.,3,1.45GM,PPH,,,RECODING,5,1,99765320,66.37604522705078,126,MADHU CHEMICAL COMPANY,MADHU,MADHU,1.45G PAAN MASALA,PLAST,1.45G,SWEET,,1.45,GM,3.0
150,27/11/2024,202411,3,1210101366,12101030050,1732251636707,99765320,126,MADHU CHEMICAL COMPANY,MADHU,MADHU SWEET- SUPARI PPH 1.45 GM.,3,1.45GM,PPH,,,RECODING,5,1,99765320,66.37604522705078,126,MADHU CHEMICAL COMPANY,MADHU,MADHU,1.45G PAAN MASALA,PLAST,1.45G,SWEET,,1.45,GM,3.0
151,27/11/2024,202411,3,1210100564,12101030054,1732251636707,99765320,126,MADHU CHEMICAL COMPANY,MADHU,MADHU SWEET- SUPARI PPH 1.45 GM.,3,1.45GM,PPH,,,RECODING,5,1,99765320,66.37604522705078,126,MADHU CHEMICAL COMPANY,MADHU,MADHU,1.45G PAAN MASALA,PLAST,1.45G,SWEET,,1.45,GM,3.0
152,28/11/2024,202411,3,1024134306356,22711030021,1732530969912,99765321,105,SURYA NEPAL PVT LTD - NEPAL,SURYA FUSION,SURYA FUSION,320,75-85MM,20,New SKU,,RECODING,5,1,99765321,100.65123748779297,105,SURYA NEPAL PVT LTD - NEPAL,SURYA,SURYA FUSION,HL 20'S,HL,20,FULL FLAVOUR,,20.0,NO,320.0
152,28/11/2024,202411,3,1024134306356,22711030021,1732530969912,99765321,105,SURYA NEPAL PVT LTD - NEPAL,SURYA FUSION,SURYA FUSION,320,75-85MM,20,New SKU,,RECODING,5,2,90110247,113.71389770507812,105,SURYA NEPAL PVT LTD - NEPAL,SURYA,SURYA CITRIC FRESH,HL 20'S,HL,20,FRESH,,20.0,NO,300.0
152,28/11/2024,202411,3,1024134306356,22711030021,1732530969912,99765321,105,SURYA NEPAL PVT LTD - NEPAL,SURYA FUSION,SURYA FUSION,320,75-85MM,20,New SKU,,RECODING,5,3,99765090,114.26457214355469,105,SURYA NEPAL PVT LTD - NEPAL,SURYA,SURYA DUAL BURST,HL 20'S,HL,20,FRESH,,20.0,NO,320.0
153,28/11/2024,202411,3,1027130412225,22711030027,1732530969912,99765321,105,SURYA NEPAL PVT LTD - NEPAL,SURYA FUSION,SURYA FUSION,320,75-85MM,20,New SKU,,RECODING,5,1,99765321,100.65123748779297,105,SURYA NEPAL PVT LTD - NEPAL,SURYA,SURYA FUSION,HL 20'S,HL,20,FULL FLAVOUR,,20.0,NO,320.0
153,28/11/2024,202411,3,1027130412225,22711030027,1732530969912,99765321,105,SURYA NEPAL PVT LTD - NEPAL,SURYA FUSION,SURYA FUSION,320,75-85MM,20,New SKU,,RECODING,5,2,90110247,113.71389770507812,105,SURYA NEPAL PVT LTD - NEPAL,SURYA,SURYA CITRIC FRESH,HL 20'S,HL,20,FRESH,,20.0,NO,300.0
153,28/11/2024,202411,3,1027130412225,22711030027,1732530969912,99765321,105,SURYA NEPAL PVT LTD - NEPAL,SURYA FUSION,SURYA FUSION,320,75-85MM,20,New SKU,,RECODING,5,3,99765090,114.26457214355469,105,SURYA NEPAL PVT LTD - NEPAL,SURYA,SURYA DUAL BURST,HL 20'S,HL,20,FRESH,,20.0,NO,320.0
154,28/11/2024,202411,3,1221100515477,22711030016,1732530969912,99765321,105,SURYA NEPAL PVT LTD - NEPAL,SURYA FUSION,SURYA FUSION,320,75-85MM,20,New SKU,,RECODING,5,1,99765321,100.65123748779297,105,SURYA NEPAL PVT LTD - NEPAL,SURYA,SURYA FUSION,HL 20'S,HL,20,FULL FLAVOUR,,20.0,NO,320.0
154,28/11/2024,202411,3,1221100515477,22711030016,1732530969912,99765321,105,SURYA NEPAL PVT LTD - NEPAL,SURYA FUSION,SURYA FUSION,320,75-85MM,20,New SKU,,RECODING,5,2,90110247,113.71389770507812,105,SURYA NEPAL PVT LTD - NEPAL,SURYA,SURYA CITRIC FRESH,HL 20'S,HL,20,FRESH,,20.0,NO,300.0
154,28/11/2024,202411,3,1221100515477,22711030016,1732530969912,99765321,105,SURYA NEPAL PVT LTD - NEPAL,SURYA FUSION,SURYA FUSION,320,75-85MM,20,New SKU,,RECODING,5,3,99765090,114.26457214355469,105,SURYA NEPAL PVT LTD - NEPAL,SURYA,SURYA DUAL BURST,HL 20'S,HL,20,FRESH,,20.0,NO,320.0
155,28/11/2024,202411,3,1024145130438,22711030018,1732530969912,99765321,105,SURYA NEPAL PVT LTD - NEPAL,SURYA FUSION,SURYA FUSION,320,75-85MM,20,New SKU,,RECODING,5,1,99765321,100.65123748779297,105,SURYA NEPAL PVT LTD - NEPAL,SURYA,SURYA FUSION,HL 20'S,HL,20,FULL FLAVOUR,,20.0,NO,320.0
155,28/11/2024,202411,3,1024145130438,22711030018,1732530969912,99765321,105,SURYA NEPAL PVT LTD - NEPAL,SURYA FUSION,SURYA FUSION,320,75-85MM,20,New SKU,,RECODING,5,2,90110247,113.71389770507812,105,SURYA NEPAL PVT LTD - NEPAL,SURYA,SURYA CITRIC FRESH,HL 20'S,HL,20,FRESH,,20.0,NO,300.0
155,28/11/2024,202411,3,1024145130438,22711030018,1732530969912,99765321,105,SURYA NEPAL PVT LTD - NEPAL,SURYA FUSION,SURYA FUSION,320,75-85MM,20,New SKU,,RECODING,5,3,99765090,114.26457214355469,105,SURYA NEPAL PVT LTD - NEPAL,SURYA,SURYA DUAL BURST,HL 20'S,HL,20,FRESH,,20.0,NO,320.0
156,28/11/2024,202411,3,2110115884,21101031839,1732693369550,99765321,105,SURYA NEPAL PVT. LTD. ,SURYA FUSION,SURYA FUSION-SURYA NEPAL-20-STICK-HL,320,20,HL,New SKU,1732693369550-surya nepal pvt- ltd- -surya fusion#3.png,RECODING,5,1,99765321,69.81086730957031,105,SURYA NEPAL PVT LTD - NEPAL,SURYA,SURYA FUSION,HL 20'S,HL,20,FULL FLAVOUR,,20.0,NO,320.0
156,28/11/2024,202411,3,2110115884,21101031839,1732693369550,99765321,105,SURYA NEPAL PVT. LTD. ,SURYA FUSION,SURYA FUSION-SURYA NEPAL-20-STICK-HL,320,20,HL,New SKU,1732693369550-surya nepal pvt- ltd- -surya fusion#3.png,RECODING,5,2,99765090,92.44544982910156,105,SURYA NEPAL PVT LTD - NEPAL,SURYA,SURYA DUAL BURST,HL 20'S,HL,20,FRESH,,20.0,NO,320.0
156,28/11/2024,202411,3,2110115884,21101031839,1732693369550,99765321,105,SURYA NEPAL PVT. LTD. ,SURYA FUSION,SURYA FUSION-SURYA NEPAL-20-STICK-HL,320,20,HL,New SKU,1732693369550-surya nepal pvt- ltd- -surya fusion#3.png,RECODING,5,3,90110247,95.22636413574219,105,SURYA NEPAL PVT LTD - NEPAL,SURYA,SURYA CITRIC FRESH,HL 20'S,HL,20,FRESH,,20.0,NO,300.0
157,28/11/2024,202411,3,2110115899,21101031838,1732693369550,99765321,105,SURYA NEPAL PVT. LTD. ,SURYA FUSION,SURYA FUSION-SURYA NEPAL-20-STICK-HL,320,20,HL,,,RECODING,5,1,99765321,69.81086730957031,105,SURYA NEPAL PVT LTD - NEPAL,SURYA,SURYA FUSION,HL 20'S,HL,20,FULL FLAVOUR,,20.0,NO,320.0
157,28/11/2024,202411,3,2110115899,21101031838,1732693369550,99765321,105,SURYA NEPAL PVT. LTD. ,SURYA FUSION,SURYA FUSION-SURYA NEPAL-20-STICK-HL,320,20,HL,,,RECODING,5,2,99765090,92.44544982910156,105,SURYA NEPAL PVT LTD - NEPAL,SURYA,SURYA DUAL BURST,HL 20'S,HL,20,FRESH,,20.0,NO,320.0
157,28/11/2024,202411,3,2110115899,21101031838,1732693369550,99765321,105,SURYA NEPAL PVT. LTD. ,SURYA FUSION,SURYA FUSION-SURYA NEPAL-20-STICK-HL,320,20,HL,,,RECODING,5,3,90110247,95.22636413574219,105,SURYA NEPAL PVT LTD - NEPAL,SURYA,SURYA CITRIC FRESH,HL 20'S,HL,20,FRESH,,20.0,NO,300.0
158,28/11/2024,202411,3,1029174424049,21104030037,1732537658621,99765321,105,SURYA NEPAL PVT LTD - NEPAL,SURYA FUSION,SURYA FUSION,320,20K'S,FLT,New SKU,,RECODING,5,1,99765321,93.22357940673828,105,SURYA NEPAL PVT LTD - NEPAL,SURYA,SURYA FUSION,HL 20'S,HL,20,FULL FLAVOUR,,20.0,NO,320.0
158,28/11/2024,202411,3,1029174424049,21104030037,1732537658621,99765321,105,SURYA NEPAL PVT LTD - NEPAL,SURYA FUSION,SURYA FUSION,320,20K'S,FLT,New SKU,,RECODING,5,2,90110247,104.39964294433594,105,SURYA NEPAL PVT LTD - NEPAL,SURYA,SURYA CITRIC FRESH,HL 20'S,HL,20,FRESH,,20.0,NO,300.0
158,28/11/2024,202411,3,1029174424049,21104030037,1732537658621,99765321,105,SURYA NEPAL PVT LTD - NEPAL,SURYA FUSION,SURYA FUSION,320,20K'S,FLT,New SKU,,RECODING,5,3,99765090,106.57174682617188,105,SURYA NEPAL PVT LTD - NEPAL,SURYA,SURYA DUAL BURST,HL 20'S,HL,20,FRESH,,20.0,NO,320.0
159,28/11/2024,202411,3,1022145502627,21104030028,1732537658621,99765321,105,SURYA NEPAL PVT LTD - NEPAL,SURYA FUSION,SURYA FUSION,320,20K'S,FLT,New SKU,,RECODING,5,1,99765321,93.22357940673828,105,SURYA NEPAL PVT LTD - NEPAL,SURYA,SURYA FUSION,HL 20'S,HL,20,FULL FLAVOUR,,20.0,NO,320.0
159,28/11/2024,202411,3,1022145502627,21104030028,1732537658621,99765321,105,SURYA NEPAL PVT LTD - NEPAL,SURYA FUSION,SURYA FUSION,320,20K'S,FLT,New SKU,,RECODING,5,2,90110247,104.39964294433594,105,SURYA NEPAL PVT LTD - NEPAL,SURYA,SURYA CITRIC FRESH,HL 20'S,HL,20,FRESH,,20.0,NO,300.0
159,28/11/2024,202411,3,1022145502627,21104030028,1732537658621,99765321,105,SURYA NEPAL PVT LTD - NEPAL,SURYA FUSION,SURYA FUSION,320,20K'S,FLT,New SKU,,RECODING,5,3,99765090,106.57174682617188,105,SURYA NEPAL PVT LTD - NEPAL,SURYA,SURYA DUAL BURST,HL 20'S,HL,20,FRESH,,20.0,NO,320.0
160,28/11/2024,202411,3,1210102725,12101030168,1732251636707,99765320,126,MADHU CHEMICAL COMPANY,MADHU,MADHU SWEET- SUPARI PPH 1.45 GM.,3,1.45GM,PPH,,,RECODING,5,1,99765320,66.37604522705078,126,MADHU CHEMICAL COMPANY,MADHU,MADHU,1.45G PAAN MASALA,PLAST,1.45G,SWEET,,1.45,GM,3.0
161,28/11/2024,202411,3,1024144116686,22711030025,1732530969912,99765321,105,SURYA NEPAL PVT LTD - NEPAL,SURYA FUSION,SURYA FUSION,320,75-85MM,20,New SKU,,RECODING,5,1,99765321,100.65123748779297,105,SURYA NEPAL PVT LTD - NEPAL,SURYA,SURYA FUSION,HL 20'S,HL,20,FULL FLAVOUR,,20.0,NO,320.0
161,28/11/2024,202411,3,1024144116686,22711030025,1732530969912,99765321,105,SURYA NEPAL PVT LTD - NEPAL,SURYA FUSION,SURYA FUSION,320,75-85MM,20,New SKU,,RECODING,5,2,90110247,113.71389770507812,105,SURYA NEPAL PVT LTD - NEPAL,SURYA,SURYA CITRIC FRESH,HL 20'S,HL,20,FRESH,,20.0,NO,300.0
161,28/11/2024,202411,3,1024144116686,22711030025,1732530969912,99765321,105,SURYA NEPAL PVT LTD - NEPAL,SURYA FUSION,SURYA FUSION,320,75-85MM,20,New SKU,,RECODING,5,3,99765090,114.26457214355469,105,SURYA NEPAL PVT LTD - NEPAL,SURYA,SURYA DUAL BURST,HL 20'S,HL,20,FRESH,,20.0,NO,320.0
162,28/11/2024,202411,3,1025164705154,22711030029,1732530969912,99765321,105,SURYA NEPAL PVT LTD - NEPAL,SURYA FUSION,SURYA FUSION,320,75-85MM,20,New SKU,,RECODING,5,1,99765321,100.65123748779297,105,SURYA NEPAL PVT LTD - NEPAL,SURYA,SURYA FUSION,HL 20'S,HL,20,FULL FLAVOUR,,20.0,NO,320.0
162,28/11/2024,202411,3,1025164705154,22711030029,1732530969912,99765321,105,SURYA NEPAL PVT LTD - NEPAL,SURYA FUSION,SURYA FUSION,320,75-85MM,20,New SKU,,RECODING,5,2,90110247,113.71389770507812,105,SURYA NEPAL PVT LTD - NEPAL,SURYA,SURYA CITRIC FRESH,HL 20'S,HL,20,FRESH,,20.0,NO,300.0
162,28/11/2024,202411,3,1025164705154,22711030029,1732530969912,99765321,105,SURYA NEPAL PVT LTD - NEPAL,SURYA FUSION,SURYA FUSION,320,75-85MM,20,New SKU,,RECODING,5,3,99765090,114.26457214355469,105,SURYA NEPAL PVT LTD - NEPAL,SURYA,SURYA DUAL BURST,HL 20'S,HL,20,FRESH,,20.0,NO,320.0
163,28/11/2024,202411,3,1025154322411,22711030030,1732530969912,99765321,105,SURYA NEPAL PVT LTD - NEPAL,SURYA FUSION,SURYA FUSION,320,75-85MM,20,New SKU,,RECODING,5,1,99765321,100.65123748779297,105,SURYA NEPAL PVT LTD - NEPAL,SURYA,SURYA FUSION,HL 20'S,HL,20,FULL FLAVOUR,,20.0,NO,320.0
163,28/11/2024,202411,3,1025154322411,22711030030,1732530969912,99765321,105,SURYA NEPAL PVT LTD - NEPAL,SURYA FUSION,SURYA FUSION,320,75-85MM,20,New SKU,,RECODING,5,2,90110247,113.71389770507812,105,SURYA NEPAL PVT LTD - NEPAL,SURYA,SURYA CITRIC FRESH,HL 20'S,HL,20,FRESH,,20.0,NO,300.0
163,28/11/2024,202411,3,1025154322411,22711030030,1732530969912,99765321,105,SURYA NEPAL PVT LTD - NEPAL,SURYA FUSION,SURYA FUSION,320,75-85MM,20,New SKU,,RECODING,5,3,99765090,114.26457214355469,105,SURYA NEPAL PVT LTD - NEPAL,SURYA,SURYA DUAL BURST,HL 20'S,HL,20,FRESH,,20.0,NO,320.0
164,29/11/2024,202411,3,1023122004019,21104030076,1732537658621,99765321,105,SURYA NEPAL PVT LTD - NEPAL,SURYA FUSION,SURYA FUSION,320,20K'S,FLT,New SKU,,RECODING,5,1,99765321,93.22357940673828,105,SURYA NEPAL PVT LTD - NEPAL,SURYA,SURYA FUSION,HL 20'S,HL,20,FULL FLAVOUR,,20.0,NO,320.0
164,29/11/2024,202411,3,1023122004019,21104030076,1732537658621,99765321,105,SURYA NEPAL PVT LTD - NEPAL,SURYA FUSION,SURYA FUSION,320,20K'S,FLT,New SKU,,RECODING,5,2,90110247,104.39964294433594,105,SURYA NEPAL PVT LTD - NEPAL,SURYA,SURYA CITRIC FRESH,HL 20'S,HL,20,FRESH,,20.0,NO,300.0
164,29/11/2024,202411,3,1023122004019,21104030076,1732537658621,99765321,105,SURYA NEPAL PVT LTD - NEPAL,SURYA FUSION,SURYA FUSION,320,20K'S,FLT,New SKU,,RECODING,5,3,99765090,106.57174682617188,105,SURYA NEPAL PVT LTD - NEPAL,SURYA,SURYA DUAL BURST,HL 20'S,HL,20,FRESH,,20.0,NO,320.0
165,29/11/2024,202411,3,1023114501866,21104030079,1732537658621,99765321,105,SURYA NEPAL PVT LTD - NEPAL,SURYA FUSION,SURYA FUSION,320,20K'S,FLT,New SKU,,RECODING,5,1,99765321,93.22357940673828,105,SURYA NEPAL PVT LTD - NEPAL,SURYA,SURYA FUSION,HL 20'S,HL,20,FULL FLAVOUR,,20.0,NO,320.0
165,29/11/2024,202411,3,1023114501866,21104030079,1732537658621,99765321,105,SURYA NEPAL PVT LTD - NEPAL,SURYA FUSION,SURYA FUSION,320,20K'S,FLT,New SKU,,RECODING,5,2,90110247,104.39964294433594,105,SURYA NEPAL PVT LTD - NEPAL,SURYA,SURYA CITRIC FRESH,HL 20'S,HL,20,FRESH,,20.0,NO,300.0
165,29/11/2024,202411,3,1023114501866,21104030079,1732537658621,99765321,105,SURYA NEPAL PVT LTD - NEPAL,SURYA FUSION,SURYA FUSION,320,20K'S,FLT,New SKU,,RECODING,5,3,99765090,106.57174682617188,105,SURYA NEPAL PVT LTD - NEPAL,SURYA,SURYA DUAL BURST,HL 20'S,HL,20,FRESH,,20.0,NO,320.0
166,29/11/2024,202411,3,1024141607726,22711030028,1732530969912,99765321,105,SURYA NEPAL PVT LTD - NEPAL,SURYA FUSION,SURYA FUSION,320,75-85MM,20,New SKU,,RECODING,5,1,99765321,100.65123748779297,105,SURYA NEPAL PVT LTD - NEPAL,SURYA,SURYA FUSION,HL 20'S,HL,20,FULL FLAVOUR,,20.0,NO,320.0
166,29/11/2024,202411,3,1024141607726,22711030028,1732530969912,99765321,105,SURYA NEPAL PVT LTD - NEPAL,SURYA FUSION,SURYA FUSION,320,75-85MM,20,New SKU,,RECODING,5,2,90110247,113.71389770507812,105,SURYA NEPAL PVT LTD - NEPAL,SURYA,SURYA CITRIC FRESH,HL 20'S,HL,20,FRESH,,20.0,NO,300.0
166,29/11/2024,202411,3,1024141607726,22711030028,1732530969912,99765321,105,SURYA NEPAL PVT LTD - NEPAL,SURYA FUSION,SURYA FUSION,320,75-85MM,20,New SKU,,RECODING,5,3,99765090,114.26457214355469,105,SURYA NEPAL PVT LTD - NEPAL,SURYA,SURYA DUAL BURST,HL 20'S,HL,20,FRESH,,20.0,NO,320.0
167,29/11/2024,202411,3,1024130437625,22711030033,1732530969912,99765321,105,SURYA NEPAL PVT LTD - NEPAL,SURYA FUSION,SURYA FUSION,320,75-85MM,20,New SKU,,RECODING,5,1,99765321,100.65123748779297,105,SURYA NEPAL PVT LTD - NEPAL,SURYA,SURYA FUSION,HL 20'S,HL,20,FULL FLAVOUR,,20.0,NO,320.0
167,29/11/2024,202411,3,1024130437625,22711030033,1732530969912,99765321,105,SURYA NEPAL PVT LTD - NEPAL,SURYA FUSION,SURYA FUSION,320,75-85MM,20,New SKU,,RECODING,5,2,90110247,113.71389770507812,105,SURYA NEPAL PVT LTD - NEPAL,SURYA,SURYA CITRIC FRESH,HL 20'S,HL,20,FRESH,,20.0,NO,300.0
167,29/11/2024,202411,3,1024130437625,22711030033,1732530969912,99765321,105,SURYA NEPAL PVT LTD - NEPAL,SURYA FUSION,SURYA FUSION,320,75-85MM,20,New SKU,,RECODING,5,3,99765090,114.26457214355469,105,SURYA NEPAL PVT LTD - NEPAL,SURYA,SURYA DUAL BURST,HL 20'S,HL,20,FRESH,,20.0,NO,320.0
168,29/11/2024,202411,3,1024125918658,22711030022,1732530969912,99765321,105,SURYA NEPAL PVT LTD - NEPAL,SURYA FUSION,SURYA FUSION,320,75-85MM,20,New SKU,,RECODING,5,1,99765321,100.65123748779297,105,SURYA NEPAL PVT LTD - NEPAL,SURYA,SURYA FUSION,HL 20'S,HL,20,FULL FLAVOUR,,20.0,NO,320.0
168,29/11/2024,202411,3,1024125918658,22711030022,1732530969912,99765321,105,SURYA NEPAL PVT LTD - NEPAL,SURYA FUSION,SURYA FUSION,320,75-85MM,20,New SKU,,RECODING,5,2,90110247,113.71389770507812,105,SURYA NEPAL PVT LTD - NEPAL,SURYA,SURYA CITRIC FRESH,HL 20'S,HL,20,FRESH,,20.0,NO,300.0
168,29/11/2024,202411,3,1024125918658,22711030022,1732530969912,99765321,105,SURYA NEPAL PVT LTD - NEPAL,SURYA FUSION,SURYA FUSION,320,75-85MM,20,New SKU,,RECODING,5,3,99765090,114.26457214355469,105,SURYA NEPAL PVT LTD - NEPAL,SURYA,SURYA DUAL BURST,HL 20'S,HL,20,FRESH,,20.0,NO,320.0
169,29/11/2024,202411,3,1026130411138,22711030026,1732530969912,99765321,105,SURYA NEPAL PVT LTD - NEPAL,SURYA FUSION,SURYA FUSION,320,75-85MM,20,New SKU,,RECODING,5,1,99765321,100.65123748779297,105,SURYA NEPAL PVT LTD - NEPAL,SURYA,SURYA FUSION,HL 20'S,HL,20,FULL FLAVOUR,,20.0,NO,320.0
169,29/11/2024,202411,3,1026130411138,22711030026,1732530969912,99765321,105,SURYA NEPAL PVT LTD - NEPAL,SURYA FUSION,SURYA FUSION,320,75-85MM,20,New SKU,,RECODING,5,2,90110247,113.71389770507812,105,SURYA NEPAL PVT LTD - NEPAL,SURYA,SURYA CITRIC FRESH,HL 20'S,HL,20,FRESH,,20.0,NO,300.0
169,29/11/2024,202411,3,1026130411138,22711030026,1732530969912,99765321,105,SURYA NEPAL PVT LTD - NEPAL,SURYA FUSION,SURYA FUSION,320,75-85MM,20,New SKU,,RECODING,5,3,99765090,114.26457214355469,105,SURYA NEPAL PVT LTD - NEPAL,SURYA,SURYA DUAL BURST,HL 20'S,HL,20,FRESH,,20.0,NO,320.0
170,29/11/2024,202411,3,1025163824882,22711030063,1732530969912,99765321,105,SURYA NEPAL PVT LTD - NEPAL,SURYA FUSION,SURYA FUSION,320,75-85MM,20,New SKU,,RECODING,5,1,99765321,100.65123748779297,105,SURYA NEPAL PVT LTD - NEPAL,SURYA,SURYA FUSION,HL 20'S,HL,20,FULL FLAVOUR,,20.0,NO,320.0
170,29/11/2024,202411,3,1025163824882,22711030063,1732530969912,99765321,105,SURYA NEPAL PVT LTD - NEPAL,SURYA FUSION,SURYA FUSION,320,75-85MM,20,New SKU,,RECODING,5,2,90110247,113.71389770507812,105,SURYA NEPAL PVT LTD - NEPAL,SURYA,SURYA CITRIC FRESH,HL 20'S,HL,20,FRESH,,20.0,NO,300.0
170,29/11/2024,202411,3,1025163824882,22711030063,1732530969912,99765321,105,SURYA NEPAL PVT LTD - NEPAL,SURYA FUSION,SURYA FUSION,320,75-85MM,20,New SKU,,RECODING,5,3,99765090,114.26457214355469,105,SURYA NEPAL PVT LTD - NEPAL,SURYA,SURYA DUAL BURST,HL 20'S,HL,20,FRESH,,20.0,NO,320.0
171,02/12/2024,202411,2,116304492,11301020014,1732595404577,99765332,134,RAYBOT SPRING'S MINERAL WATER-NEPAL,RAYBOT REFRESH,RAYBOT REFRESH MANGO PET 500ML,90,500ML,PET,,1732595404577-raybot spring-s mineral water-nepal-raybot refresh#3.png,RECODING,5,1,99765332,20.651809692382812,118,RAYBOT SPRING'S MINERAL WATER-NEPAL,RAYBOT,RAYBOT REFRESH,MANGO PET 500 ML,PET,500.000 ML,MANGO,,500.0,ML,90.0
171,02/12/2024,202411,2,116304492,11301020014,1732595404577,99765332,134,RAYBOT SPRING'S MINERAL WATER-NEPAL,RAYBOT REFRESH,RAYBOT REFRESH MANGO PET 500ML,90,500ML,PET,,1732595404577-raybot spring-s mineral water-nepal-raybot refresh#3.png,RECODING,5,7,99765425,51.86566925048828,118,RAYBOT SPRING'S MINERAL WATER-NEPAL,RAYBOT,RAYBOT REFRESH,GUAVA PET 500 ML,PET,500.000 ML,GUAVA,,500.0,ML,90.0
171,02/12/2024,202411,2,116304492,11301020014,1732595404577,99765332,134,RAYBOT SPRING'S MINERAL WATER-NEPAL,RAYBOT REFRESH,RAYBOT REFRESH MANGO PET 500ML,90,500ML,PET,,1732595404577-raybot spring-s mineral water-nepal-raybot refresh#3.png,RECODING,5,9,99765375,57.00518798828125,118,RAYBOT SPRING'S MINERAL WATER-NEPAL,RAYBOT,RAYBOT REFRESH,PINEAPPLE PET 500 ML,PET,500.000 ML,PINEAPPLE,,500.0,ML,90.0
172,02/12/2024,202412,3,2110202078,21102030253,1731308020769,99765321,105,SURYA NEPAL PVT LTD - NEPAL,SURYA FUSION,SURYA FUSION,320,HL 20 NOS,CBP,,,RECODING,5,1,90110247,94.26591491699219,105,SURYA NEPAL PVT LTD - NEPAL,SURYA,SURYA CITRIC FRESH,HL 20'S,HL,20,FRESH,,20.0,NO,300.0
172,02/12/2024,202412,3,2110202078,21102030253,1731308020769,99765321,105,SURYA NEPAL PVT LTD - NEPAL,SURYA FUSION,SURYA FUSION,320,HL 20 NOS,CBP,,,RECODING,5,2,99765321,95.05035400390625,105,SURYA NEPAL PVT LTD - NEPAL,SURYA,SURYA FUSION,HL 20'S,HL,20,FULL FLAVOUR,,20.0,NO,320.0
172,02/12/2024,202412,3,2110202078,21102030253,1731308020769,99765321,105,SURYA NEPAL PVT LTD - NEPAL,SURYA FUSION,SURYA FUSION,320,HL 20 NOS,CBP,,,RECODING,5,3,99765090,95.2593765258789,105,SURYA NEPAL PVT LTD - NEPAL,SURYA,SURYA DUAL BURST,HL 20'S,HL,20,FRESH,,20.0,NO,320.0
173,02/12/2024,202411,3,1027121252321,21103030085,1731308020769,99765321,105,SURYA NEPAL PVT LTD - NEPAL,SURYA FUSION,SURYA FUSION,320,HL 20 NOS,CBP,New SKU,,RECODING,5,1,90110247,94.26591491699219,105,SURYA NEPAL PVT LTD - NEPAL,SURYA,SURYA CITRIC FRESH,HL 20'S,HL,20,FRESH,,20.0,NO,300.0
173,02/12/2024,202411,3,1027121252321,21103030085,1731308020769,99765321,105,SURYA NEPAL PVT LTD - NEPAL,SURYA FUSION,SURYA FUSION,320,HL 20 NOS,CBP,New SKU,,RECODING,5,2,99765321,95.05035400390625,105,SURYA NEPAL PVT LTD - NEPAL,SURYA,SURYA FUSION,HL 20'S,HL,20,FULL FLAVOUR,,20.0,NO,320.0
173,02/12/2024,202411,3,1027121252321,21103030085,1731308020769,99765321,105,SURYA NEPAL PVT LTD - NEPAL,SURYA FUSION,SURYA FUSION,320,HL 20 NOS,CBP,New SKU,,RECODING,5,3,99765090,95.2593765258789,105,SURYA NEPAL PVT LTD - NEPAL,SURYA,SURYA DUAL BURST,HL 20'S,HL,20,FRESH,,20.0,NO,320.0
174,02/12/2024,202412,3,2110201078,21102030239,1731308020769,99765321,105,SURYA NEPAL PVT LTD - NEPAL,SURYA FUSION,SURYA FUSION,320,HL 20 NOS,CBP,,,RECODING,5,1,90110247,94.26591491699219,105,SURYA NEPAL PVT LTD - NEPAL,SURYA,SURYA CITRIC FRESH,HL 20'S,HL,20,FRESH,,20.0,NO,300.0
174,02/12/2024,202412,3,2110201078,21102030239,1731308020769,99765321,105,SURYA NEPAL PVT LTD - NEPAL,SURYA FUSION,SURYA FUSION,320,HL 20 NOS,CBP,,,RECODING,5,2,99765321,95.05035400390625,105,SURYA NEPAL PVT LTD - NEPAL,SURYA,SURYA FUSION,HL 20'S,HL,20,FULL FLAVOUR,,20.0,NO,320.0
174,02/12/2024,202412,3,2110201078,21102030239,1731308020769,99765321,105,SURYA NEPAL PVT LTD - NEPAL,SURYA FUSION,SURYA FUSION,320,HL 20 NOS,CBP,,,RECODING,5,3,99765090,95.2593765258789,105,SURYA NEPAL PVT LTD - NEPAL,SURYA,SURYA DUAL BURST,HL 20'S,HL,20,FRESH,,20.0,NO,320.0
175,02/12/2024,202412,3,2110203265,21102030257,1731308020769,99765321,105,SURYA NEPAL PVT LTD - NEPAL,SURYA FUSION,SURYA FUSION,320,HL 20 NOS,CBP,,,RECODING,5,1,90110247,94.26591491699219,105,SURYA NEPAL PVT LTD - NEPAL,SURYA,SURYA CITRIC FRESH,HL 20'S,HL,20,FRESH,,20.0,NO,300.0
175,02/12/2024,202412,3,2110203265,21102030257,1731308020769,99765321,105,SURYA NEPAL PVT LTD - NEPAL,SURYA FUSION,SURYA FUSION,320,HL 20 NOS,CBP,,,RECODING,5,2,99765321,95.05035400390625,105,SURYA NEPAL PVT LTD - NEPAL,SURYA,SURYA FUSION,HL 20'S,HL,20,FULL FLAVOUR,,20.0,NO,320.0
175,02/12/2024,202412,3,2110203265,21102030257,1731308020769,99765321,105,SURYA NEPAL PVT LTD - NEPAL,SURYA FUSION,SURYA FUSION,320,HL 20 NOS,CBP,,,RECODING,5,3,99765090,95.2593765258789,105,SURYA NEPAL PVT LTD - NEPAL,SURYA,SURYA DUAL BURST,HL 20'S,HL,20,FRESH,,20.0,NO,320.0
176,02/12/2024,202412,3,2110203301,21102030226,1731308020769,99765321,105,SURYA NEPAL PVT LTD - NEPAL,SURYA FUSION,SURYA FUSION,320,HL 20 NOS,CBP,,,RECODING,5,1,90110247,94.26591491699219,105,SURYA NEPAL PVT LTD - NEPAL,SURYA,SURYA CITRIC FRESH,HL 20'S,HL,20,FRESH,,20.0,NO,300.0
176,02/12/2024,202412,3,2110203301,21102030226,1731308020769,99765321,105,SURYA NEPAL PVT LTD - NEPAL,SURYA FUSION,SURYA FUSION,320,HL 20 NOS,CBP,,,RECODING,5,2,99765321,95.05035400390625,105,SURYA NEPAL PVT LTD - NEPAL,SURYA,SURYA FUSION,HL 20'S,HL,20,FULL FLAVOUR,,20.0,NO,320.0
176,02/12/2024,202412,3,2110203301,21102030226,1731308020769,99765321,105,SURYA NEPAL PVT LTD - NEPAL,SURYA FUSION,SURYA FUSION,320,HL 20 NOS,CBP,,,RECODING,5,3,99765090,95.2593765258789,105,SURYA NEPAL PVT LTD - NEPAL,SURYA,SURYA DUAL BURST,HL 20'S,HL,20,FRESH,,20.0,NO,320.0
177,02/12/2024,202411,3,1027115800637,21103030087,1731308020769,99765321,105,SURYA NEPAL PVT LTD - NEPAL,SURYA FUSION,SURYA FUSION,320,HL 20 NOS,CBP,New SKU,,RECODING,5,1,90110247,94.26591491699219,105,SURYA NEPAL PVT LTD - NEPAL,SURYA,SURYA CITRIC FRESH,HL 20'S,HL,20,FRESH,,20.0,NO,300.0
177,02/12/2024,202411,3,1027115800637,21103030087,1731308020769,99765321,105,SURYA NEPAL PVT LTD - NEPAL,SURYA FUSION,SURYA FUSION,320,HL 20 NOS,CBP,New SKU,,RECODING,5,2,99765321,95.05035400390625,105,SURYA NEPAL PVT LTD - NEPAL,SURYA,SURYA FUSION,HL 20'S,HL,20,FULL FLAVOUR,,20.0,NO,320.0
177,02/12/2024,202411,3,1027115800637,21103030087,1731308020769,99765321,105,SURYA NEPAL PVT LTD - NEPAL,SURYA FUSION,SURYA FUSION,320,HL 20 NOS,CBP,New SKU,,RECODING,5,3,99765090,95.2593765258789,105,SURYA NEPAL PVT LTD - NEPAL,SURYA,SURYA DUAL BURST,HL 20'S,HL,20,FRESH,,20.0,NO,320.0
178,02/12/2024,202412,3,2110201364,21102030131,1731308020769,99765321,105,SURYA NEPAL PVT LTD - NEPAL,SURYA FUSION,SURYA FUSION,320,HL 20 NOS,CBP,,,RECODING,5,1,90110247,94.26591491699219,105,SURYA NEPAL PVT LTD - NEPAL,SURYA,SURYA CITRIC FRESH,HL 20'S,HL,20,FRESH,,20.0,NO,300.0
178,02/12/2024,202412,3,2110201364,21102030131,1731308020769,99765321,105,SURYA NEPAL PVT LTD - NEPAL,SURYA FUSION,SURYA FUSION,320,HL 20 NOS,CBP,,,RECODING,5,2,99765321,95.05035400390625,105,SURYA NEPAL PVT LTD - NEPAL,SURYA,SURYA FUSION,HL 20'S,HL,20,FULL FLAVOUR,,20.0,NO,320.0
178,02/12/2024,202412,3,2110201364,21102030131,1731308020769,99765321,105,SURYA NEPAL PVT LTD - NEPAL,SURYA FUSION,SURYA FUSION,320,HL 20 NOS,CBP,,,RECODING,5,3,99765090,95.2593765258789,105,SURYA NEPAL PVT LTD - NEPAL,SURYA,SURYA DUAL BURST,HL 20'S,HL,20,FRESH,,20.0,NO,320.0
179,02/12/2024,202412,3,2110203312,21102030290,1731308020769,99765321,105,SURYA NEPAL PVT LTD - NEPAL,SURYA FUSION,SURYA FUSION,320,HL 20 NOS,CBP,,,RECODING,5,1,90110247,94.26591491699219,105,SURYA NEPAL PVT LTD - NEPAL,SURYA,SURYA CITRIC FRESH,HL 20'S,HL,20,FRESH,,20.0,NO,300.0
179,02/12/2024,202412,3,2110203312,21102030290,1731308020769,99765321,105,SURYA NEPAL PVT LTD - NEPAL,SURYA FUSION,SURYA FUSION,320,HL 20 NOS,CBP,,,RECODING,5,2,99765321,95.05035400390625,105,SURYA NEPAL PVT LTD - NEPAL,SURYA,SURYA FUSION,HL 20'S,HL,20,FULL FLAVOUR,,20.0,NO,320.0
179,02/12/2024,202412,3,2110203312,21102030290,1731308020769,99765321,105,SURYA NEPAL PVT LTD - NEPAL,SURYA FUSION,SURYA FUSION,320,HL 20 NOS,CBP,,,RECODING,5,3,99765090,95.2593765258789,105,SURYA NEPAL PVT LTD - NEPAL,SURYA,SURYA DUAL BURST,HL 20'S,HL,20,FRESH,,20.0,NO,320.0
180,02/12/2024,202412,3,1027134813436,22502030011,1731222877542,99765321,105,SURYA NEPAL PVT LTD - NEPAL,SURYA FUSION,SURYA FUSION/HL/20NOS/MRP320,320,20 NOS,KS,,,RECODING,5,1,99765321,87.48149108886719,105,SURYA NEPAL PVT LTD - NEPAL,SURYA,SURYA FUSION,HL 20'S,HL,20,FULL FLAVOUR,,20.0,NO,320.0
180,02/12/2024,202412,3,1027134813436,22502030011,1731222877542,99765321,105,SURYA NEPAL PVT LTD - NEPAL,SURYA FUSION,SURYA FUSION/HL/20NOS/MRP320,320,20 NOS,KS,,,RECODING,5,2,99765090,97.83638000488281,105,SURYA NEPAL PVT LTD - NEPAL,SURYA,SURYA DUAL BURST,HL 20'S,HL,20,FRESH,,20.0,NO,320.0
180,02/12/2024,202412,3,1027134813436,22502030011,1731222877542,99765321,105,SURYA NEPAL PVT LTD - NEPAL,SURYA FUSION,SURYA FUSION/HL/20NOS/MRP320,320,20 NOS,KS,,,RECODING,5,3,90110247,101.31382751464844,105,SURYA NEPAL PVT LTD - NEPAL,SURYA,SURYA CITRIC FRESH,HL 20'S,HL,20,FRESH,,20.0,NO,300.0
181,02/12/2024,202412,3,1027151822849,22502030010,1731222877542,99765321,105,SURYA NEPAL PVT LTD - NEPAL,SURYA FUSION,SURYA FUSION/HL/20NOS/MRP320,320,20 NOS,KS,,,RECODING,5,1,99765321,87.48149108886719,105,SURYA NEPAL PVT LTD - NEPAL,SURYA,SURYA FUSION,HL 20'S,HL,20,FULL FLAVOUR,,20.0,NO,320.0
181,02/12/2024,202412,3,1027151822849,22502030010,1731222877542,99765321,105,SURYA NEPAL PVT LTD - NEPAL,SURYA FUSION,SURYA FUSION/HL/20NOS/MRP320,320,20 NOS,KS,,,RECODING,5,2,99765090,97.83638000488281,105,SURYA NEPAL PVT LTD - NEPAL,SURYA,SURYA DUAL BURST,HL 20'S,HL,20,FRESH,,20.0,NO,320.0
181,02/12/2024,202412,3,1027151822849,22502030010,1731222877542,99765321,105,SURYA NEPAL PVT LTD - NEPAL,SURYA FUSION,SURYA FUSION/HL/20NOS/MRP320,320,20 NOS,KS,,,RECODING,5,3,90110247,101.31382751464844,105,SURYA NEPAL PVT LTD - NEPAL,SURYA,SURYA CITRIC FRESH,HL 20'S,HL,20,FRESH,,20.0,NO,300.0
182,02/12/2024,202412,3,1022140741083,22502030047,1731222877542,99765321,105,SURYA NEPAL PVT LTD - NEPAL,SURYA FUSION,SURYA FUSION/HL/20NOS/MRP320,320,20 NOS,KS,,,RECODING,5,1,99765321,87.48149108886719,105,SURYA NEPAL PVT LTD - NEPAL,SURYA,SURYA FUSION,HL 20'S,HL,20,FULL FLAVOUR,,20.0,NO,320.0
182,02/12/2024,202412,3,1022140741083,22502030047,1731222877542,99765321,105,SURYA NEPAL PVT LTD - NEPAL,SURYA FUSION,SURYA FUSION/HL/20NOS/MRP320,320,20 NOS,KS,,,RECODING,5,2,99765090,97.83638000488281,105,SURYA NEPAL PVT LTD - NEPAL,SURYA,SURYA DUAL BURST,HL 20'S,HL,20,FRESH,,20.0,NO,320.0
182,02/12/2024,202412,3,1022140741083,22502030047,1731222877542,99765321,105,SURYA NEPAL PVT LTD - NEPAL,SURYA FUSION,SURYA FUSION/HL/20NOS/MRP320,320,20 NOS,KS,,,RECODING,5,3,90110247,101.31382751464844,105,SURYA NEPAL PVT LTD - NEPAL,SURYA,SURYA CITRIC FRESH,HL 20'S,HL,20,FRESH,,20.0,NO,300.0
183,02/12/2024,202412,3,1022140741083,22502030047,1733036835774,99765328,105,GORKHA LAHARI PVT.LTD.- NEPAL,CAPTAIN GOLD,CAPTAIN GOLD/HL/20NOS/KFS/RS161.5,161.5,20NOS,KFS,,1733036835774-gorkha lahari pvt-ltd-- nepal-captain gold#3.png,RECODING,5,1,99762386,73.09219360351562,105,GORKHA LAHARI PVT.LTD.- NEPAL,CAPTAIN,CAPTAIN MOUNTAIN FRESH,HL 20'S,HL,20,FRESH,,20.0,NO,110.0
183,02/12/2024,202412,3,1022140741083,22502030047,1733036835774,99765328,105,GORKHA LAHARI PVT.LTD.- NEPAL,CAPTAIN GOLD,CAPTAIN GOLD/HL/20NOS/KFS/RS161.5,161.5,20NOS,KFS,,1733036835774-gorkha lahari pvt-ltd-- nepal-captain gold#3.png,RECODING,5,2,90110228,87.3282470703125,105,GORKHA LAHARI PVT.LTD.- NEPAL,BROWN,BROWN GOLD,HL 20'S,HL,20,KRETEK,,20.0,NO,280.0
183,02/12/2024,202412,3,1022140741083,22502030047,1733036835774,99765328,105,GORKHA LAHARI PVT.LTD.- NEPAL,CAPTAIN GOLD,CAPTAIN GOLD/HL/20NOS/KFS/RS161.5,161.5,20NOS,KFS,,1733036835774-gorkha lahari pvt-ltd-- nepal-captain gold#3.png,RECODING,5,3,99765328,91.53771209716797,105,GORKHA LAHARI PVT.LTD.- NEPAL,CAPTAIN,CAPTAIN GOLD FILTER KINGS,HL 20'S,HL,20,FULL FLAVOUR,,20.0,NO,161.0
184,02/12/2024,202412,3,2110201173,21102030119,1731308020769,99765321,105,SURYA NEPAL PVT LTD - NEPAL,SURYA FUSION,SURYA FUSION,320,HL 20 NOS,CBP,Any other reason,,RECODING,5,1,90110247,94.26591491699219,105,SURYA NEPAL PVT LTD - NEPAL,SURYA,SURYA CITRIC FRESH,HL 20'S,HL,20,FRESH,,20.0,NO,300.0
184,02/12/2024,202412,3,2110201173,21102030119,1731308020769,99765321,105,SURYA NEPAL PVT LTD - NEPAL,SURYA FUSION,SURYA FUSION,320,HL 20 NOS,CBP,Any other reason,,RECODING,5,2,99765321,95.05035400390625,105,SURYA NEPAL PVT LTD - NEPAL,SURYA,SURYA FUSION,HL 20'S,HL,20,FULL FLAVOUR,,20.0,NO,320.0
184,02/12/2024,202412,3,2110201173,21102030119,1731308020769,99765321,105,SURYA NEPAL PVT LTD - NEPAL,SURYA FUSION,SURYA FUSION,320,HL 20 NOS,CBP,Any other reason,,RECODING,5,3,99765090,95.2593765258789,105,SURYA NEPAL PVT LTD - NEPAL,SURYA,SURYA DUAL BURST,HL 20'S,HL,20,FRESH,,20.0,NO,320.0
185,02/12/2024,202411,3,2110203243,21102030264,1731308020769,99765321,105,SURYA NEPAL PVT LTD - NEPAL,SURYA FUSION,SURYA FUSION,320,HL 20 NOS,CBP,,,RECODING,5,1,90110247,94.26591491699219,105,SURYA NEPAL PVT LTD - NEPAL,SURYA,SURYA CITRIC FRESH,HL 20'S,HL,20,FRESH,,20.0,NO,300.0
185,02/12/2024,202411,3,2110203243,21102030264,1731308020769,99765321,105,SURYA NEPAL PVT LTD - NEPAL,SURYA FUSION,SURYA FUSION,320,HL 20 NOS,CBP,,,RECODING,5,2,99765321,95.05035400390625,105,SURYA NEPAL PVT LTD - NEPAL,SURYA,SURYA FUSION,HL 20'S,HL,20,FULL FLAVOUR,,20.0,NO,320.0
185,02/12/2024,202411,3,2110203243,21102030264,1731308020769,99765321,105,SURYA NEPAL PVT LTD - NEPAL,SURYA FUSION,SURYA FUSION,320,HL 20 NOS,CBP,,,RECODING,5,3,99765090,95.2593765258789,105,SURYA NEPAL PVT LTD - NEPAL,SURYA,SURYA DUAL BURST,HL 20'S,HL,20,FRESH,,20.0,NO,320.0
186,02/12/2024,202411,3,1030140516341,22603030011,1732259484751,99765326,124,DEUTI GUTKHA INDUSTRIES,MEGHA SHREE PREMIUM,PREMIUM MEGHA SHREE/DEUTI GUTKHA INDUSTRIES/PPH/2GM,5,2GM,PPH,,,RECODING,5,4,99762273,161.5147247314453,124,SHREE MEENAKSHI PRODUCTS NEPAL,GOA,GOA PREMIUM 1000,2G GUTKA,PLAST,2G,REGULAR,,2.0,,0.0
186,02/12/2024,202411,3,1030140516341,22603030011,1732259484751,99765326,124,DEUTI GUTKHA INDUSTRIES,MEGHA SHREE PREMIUM,PREMIUM MEGHA SHREE/DEUTI GUTKHA INDUSTRIES/PPH/2GM,5,2GM,PPH,,,RECODING,5,8,99762293,188.11654663085938,124,NARAYAN RAJ PRODUCTS PVT LTD,NIDHI,NIDHI,2G GUTKA,PLAST,2G,REGULAR,,2.0,,0.0
186,02/12/2024,202411,3,1030140516341,22603030011,1732259484751,99765326,124,DEUTI GUTKHA INDUSTRIES,MEGHA SHREE PREMIUM,PREMIUM MEGHA SHREE/DEUTI GUTKHA INDUSTRIES/PPH/2GM,5,2GM,PPH,,,RECODING,5,10,99762290,209.30743408203125,124,NARAYAN RAJ PRODUCTS PVT LTD,MOUKA GOLD,MOUKA GOLD,2G GUTKA,PLAST,2G,REGULAR,,2.0,,0.0
187,02/12/2024,202411,3,1029072847531,22603030015,1732259484751,99765326,124,DEUTI GUTKHA INDUSTRIES,MEGHA SHREE PREMIUM,PREMIUM MEGHA SHREE/DEUTI GUTKHA INDUSTRIES/PPH/2GM,5,2GM,PPH,,,RECODING,5,4,99762273,161.5147247314453,124,SHREE MEENAKSHI PRODUCTS NEPAL,GOA,GOA PREMIUM 1000,2G GUTKA,PLAST,2G,REGULAR,,2.0,,0.0
187,02/12/2024,202411,3,1029072847531,22603030015,1732259484751,99765326,124,DEUTI GUTKHA INDUSTRIES,MEGHA SHREE PREMIUM,PREMIUM MEGHA SHREE/DEUTI GUTKHA INDUSTRIES/PPH/2GM,5,2GM,PPH,,,RECODING,5,8,99762293,188.11654663085938,124,NARAYAN RAJ PRODUCTS PVT LTD,NIDHI,NIDHI,2G GUTKA,PLAST,2G,REGULAR,,2.0,,0.0
187,02/12/2024,202411,3,1029072847531,22603030015,1732259484751,99765326,124,DEUTI GUTKHA INDUSTRIES,MEGHA SHREE PREMIUM,PREMIUM MEGHA SHREE/DEUTI GUTKHA INDUSTRIES/PPH/2GM,5,2GM,PPH,,,RECODING,5,10,99762290,209.30743408203125,124,NARAYAN RAJ PRODUCTS PVT LTD,MOUKA GOLD,MOUKA GOLD,2G GUTKA,PLAST,2G,REGULAR,,2.0,,0.0
188,02/12/2024,202411,3,1101162557168,21103030045,1731308020769,99765321,105,SURYA NEPAL PVT LTD - NEPAL,SURYA FUSION,SURYA FUSION,320,HL 20 NOS,CBP,,,RECODING,5,1,90110247,94.26591491699219,105,SURYA NEPAL PVT LTD - NEPAL,SURYA,SURYA CITRIC FRESH,HL 20'S,HL,20,FRESH,,20.0,NO,300.0
188,02/12/2024,202411,3,1101162557168,21103030045,1731308020769,99765321,105,SURYA NEPAL PVT LTD - NEPAL,SURYA FUSION,SURYA FUSION,320,HL 20 NOS,CBP,,,RECODING,5,2,99765321,95.05035400390625,105,SURYA NEPAL PVT LTD - NEPAL,SURYA,SURYA FUSION,HL 20'S,HL,20,FULL FLAVOUR,,20.0,NO,320.0
188,02/12/2024,202411,3,1101162557168,21103030045,1731308020769,99765321,105,SURYA NEPAL PVT LTD - NEPAL,SURYA FUSION,SURYA FUSION,320,HL 20 NOS,CBP,,,RECODING,5,3,99765090,95.2593765258789,105,SURYA NEPAL PVT LTD - NEPAL,SURYA,SURYA DUAL BURST,HL 20'S,HL,20,FRESH,,20.0,NO,320.0
189,02/12/2024,202411,3,1025151656416,22711030055,1732862007821,99765321,105,SURYA NEPAL PVT LTD - NEPAL,SURYA FUSION,SURYA FUSION,320,20,HL,New SKU,,RECODING,5,1,99765321,65.67987060546875,105,SURYA NEPAL PVT LTD - NEPAL,SURYA,SURYA FUSION,HL 20'S,HL,20,FULL FLAVOUR,,20.0,NO,320.0
189,02/12/2024,202411,3,1025151656416,22711030055,1732862007821,99765321,105,SURYA NEPAL PVT LTD - NEPAL,SURYA FUSION,SURYA FUSION,320,20,HL,New SKU,,RECODING,5,2,90110247,77.52789306640625,105,SURYA NEPAL PVT LTD - NEPAL,SURYA,SURYA CITRIC FRESH,HL 20'S,HL,20,FRESH,,20.0,NO,300.0
189,02/12/2024,202411,3,1025151656416,22711030055,1732862007821,99765321,105,SURYA NEPAL PVT LTD - NEPAL,SURYA FUSION,SURYA FUSION,320,20,HL,New SKU,,RECODING,5,3,99765090,79.21916198730469,105,SURYA NEPAL PVT LTD - NEPAL,SURYA,SURYA DUAL BURST,HL 20'S,HL,20,FRESH,,20.0,NO,320.0
190,02/12/2024,202411,3,1025154045540,22711030043,1732862007821,99765321,105,SURYA NEPAL PVT LTD - NEPAL,SURYA FUSION,SURYA FUSION,320,20,HL,New SKU,,RECODING,5,1,99765321,65.67987060546875,105,SURYA NEPAL PVT LTD - NEPAL,SURYA,SURYA FUSION,HL 20'S,HL,20,FULL FLAVOUR,,20.0,NO,320.0
190,02/12/2024,202411,3,1025154045540,22711030043,1732862007821,99765321,105,SURYA NEPAL PVT LTD - NEPAL,SURYA FUSION,SURYA FUSION,320,20,HL,New SKU,,RECODING,5,2,90110247,77.52789306640625,105,SURYA NEPAL PVT LTD - NEPAL,SURYA,SURYA CITRIC FRESH,HL 20'S,HL,20,FRESH,,20.0,NO,300.0
190,02/12/2024,202411,3,1025154045540,22711030043,1732862007821,99765321,105,SURYA NEPAL PVT LTD - NEPAL,SURYA FUSION,SURYA FUSION,320,20,HL,New SKU,,RECODING,5,3,99765090,79.21916198730469,105,SURYA NEPAL PVT LTD - NEPAL,SURYA,SURYA DUAL BURST,HL 20'S,HL,20,FRESH,,20.0,NO,320.0
191,02/12/2024,202411,3,1026150952023,22711030057,1732862007821,99765321,105,SURYA NEPAL PVT LTD - NEPAL,SURYA FUSION,SURYA FUSION,320,20,HL,New SKU,,RECODING,5,1,99765321,65.67987060546875,105,SURYA NEPAL PVT LTD - NEPAL,SURYA,SURYA FUSION,HL 20'S,HL,20,FULL FLAVOUR,,20.0,NO,320.0
191,02/12/2024,202411,3,1026150952023,22711030057,1732862007821,99765321,105,SURYA NEPAL PVT LTD - NEPAL,SURYA FUSION,SURYA FUSION,320,20,HL,New SKU,,RECODING,5,2,90110247,77.52789306640625,105,SURYA NEPAL PVT LTD - NEPAL,SURYA,SURYA CITRIC FRESH,HL 20'S,HL,20,FRESH,,20.0,NO,300.0
191,02/12/2024,202411,3,1026150952023,22711030057,1732862007821,99765321,105,SURYA NEPAL PVT LTD - NEPAL,SURYA FUSION,SURYA FUSION,320,20,HL,New SKU,,RECODING,5,3,99765090,79.21916198730469,105,SURYA NEPAL PVT LTD - NEPAL,SURYA,SURYA DUAL BURST,HL 20'S,HL,20,FRESH,,20.0,NO,320.0
192,02/12/2024,202411,3,1025155100093,22711030054,1732862007821,99765321,105,SURYA NEPAL PVT LTD - NEPAL,SURYA FUSION,SURYA FUSION,320,20,HL,New SKU,,RECODING,5,1,99765321,65.67987060546875,105,SURYA NEPAL PVT LTD - NEPAL,SURYA,SURYA FUSION,HL 20'S,HL,20,FULL FLAVOUR,,20.0,NO,320.0
192,02/12/2024,202411,3,1025155100093,22711030054,1732862007821,99765321,105,SURYA NEPAL PVT LTD - NEPAL,SURYA FUSION,SURYA FUSION,320,20,HL,New SKU,,RECODING,5,2,90110247,77.52789306640625,105,SURYA NEPAL PVT LTD - NEPAL,SURYA,SURYA CITRIC FRESH,HL 20'S,HL,20,FRESH,,20.0,NO,300.0
192,02/12/2024,202411,3,1025155100093,22711030054,1732862007821,99765321,105,SURYA NEPAL PVT LTD - NEPAL,SURYA FUSION,SURYA FUSION,320,20,HL,New SKU,,RECODING,5,3,99765090,79.21916198730469,105,SURYA NEPAL PVT LTD - NEPAL,SURYA,SURYA DUAL BURST,HL 20'S,HL,20,FRESH,,20.0,NO,320.0
193,02/12/2024,202411,3,1025155528865,22711030056,1732862007821,99765321,105,SURYA NEPAL PVT LTD - NEPAL,SURYA FUSION,SURYA FUSION,320,20,HL,New SKU,,RECODING,5,1,99765321,65.67987060546875,105,SURYA NEPAL PVT LTD - NEPAL,SURYA,SURYA FUSION,HL 20'S,HL,20,FULL FLAVOUR,,20.0,NO,320.0
193,02/12/2024,202411,3,1025155528865,22711030056,1732862007821,99765321,105,SURYA NEPAL PVT LTD - NEPAL,SURYA FUSION,SURYA FUSION,320,20,HL,New SKU,,RECODING,5,2,90110247,77.52789306640625,105,SURYA NEPAL PVT LTD - NEPAL,SURYA,SURYA CITRIC FRESH,HL 20'S,HL,20,FRESH,,20.0,NO,300.0
193,02/12/2024,202411,3,1025155528865,22711030056,1732862007821,99765321,105,SURYA NEPAL PVT LTD - NEPAL,SURYA FUSION,SURYA FUSION,320,20,HL,New SKU,,RECODING,5,3,99765090,79.21916198730469,105,SURYA NEPAL PVT LTD - NEPAL,SURYA,SURYA DUAL BURST,HL 20'S,HL,20,FRESH,,20.0,NO,320.0
194,02/12/2024,202411,3,1027132233767,22711030050,1732862007821,99765321,105,SURYA NEPAL PVT LTD - NEPAL,SURYA FUSION,SURYA FUSION,320,20,HL,New SKU,,RECODING,5,1,99765321,65.67987060546875,105,SURYA NEPAL PVT LTD - NEPAL,SURYA,SURYA FUSION,HL 20'S,HL,20,FULL FLAVOUR,,20.0,NO,320.0
194,02/12/2024,202411,3,1027132233767,22711030050,1732862007821,99765321,105,SURYA NEPAL PVT LTD - NEPAL,SURYA FUSION,SURYA FUSION,320,20,HL,New SKU,,RECODING,5,2,90110247,77.52789306640625,105,SURYA NEPAL PVT LTD - NEPAL,SURYA,SURYA CITRIC FRESH,HL 20'S,HL,20,FRESH,,20.0,NO,300.0
194,02/12/2024,202411,3,1027132233767,22711030050,1732862007821,99765321,105,SURYA NEPAL PVT LTD - NEPAL,SURYA FUSION,SURYA FUSION,320,20,HL,New SKU,,RECODING,5,3,99765090,79.21916198730469,105,SURYA NEPAL PVT LTD - NEPAL,SURYA,SURYA DUAL BURST,HL 20'S,HL,20,FRESH,,20.0,NO,320.0
195,02/12/2024,202411,3,1023140421012,22711030012,1732862007821,99765321,105,SURYA NEPAL PVT LTD - NEPAL,SURYA FUSION,SURYA FUSION,320,20,HL,New SKU,,RECODING,5,1,99765321,65.67987060546875,105,SURYA NEPAL PVT LTD - NEPAL,SURYA,SURYA FUSION,HL 20'S,HL,20,FULL FLAVOUR,,20.0,NO,320.0
195,02/12/2024,202411,3,1023140421012,22711030012,1732862007821,99765321,105,SURYA NEPAL PVT LTD - NEPAL,SURYA FUSION,SURYA FUSION,320,20,HL,New SKU,,RECODING,5,2,90110247,77.52789306640625,105,SURYA NEPAL PVT LTD - NEPAL,SURYA,SURYA CITRIC FRESH,HL 20'S,HL,20,FRESH,,20.0,NO,300.0
195,02/12/2024,202411,3,1023140421012,22711030012,1732862007821,99765321,105,SURYA NEPAL PVT LTD - NEPAL,SURYA FUSION,SURYA FUSION,320,20,HL,New SKU,,RECODING,5,3,99765090,79.21916198730469,105,SURYA NEPAL PVT LTD - NEPAL,SURYA,SURYA DUAL BURST,HL 20'S,HL,20,FRESH,,20.0,NO,320.0
196,02/12/2024,202411,3,1025163212595,22711030053,1732862007821,99765321,105,SURYA NEPAL PVT LTD - NEPAL,SURYA FUSION,SURYA FUSION,320,20,HL,New SKU,1732862007821-surya nepal pvt ltd - nepal-surya fusion#3.png,RECODING,5,1,99765321,65.67987060546875,105,SURYA NEPAL PVT LTD - NEPAL,SURYA,SURYA FUSION,HL 20'S,HL,20,FULL FLAVOUR,,20.0,NO,320.0
196,02/12/2024,202411,3,1025163212595,22711030053,1732862007821,99765321,105,SURYA NEPAL PVT LTD - NEPAL,SURYA FUSION,SURYA FUSION,320,20,HL,New SKU,1732862007821-surya nepal pvt ltd - nepal-surya fusion#3.png,RECODING,5,2,90110247,77.52789306640625,105,SURYA NEPAL PVT LTD - NEPAL,SURYA,SURYA CITRIC FRESH,HL 20'S,HL,20,FRESH,,20.0,NO,300.0
196,02/12/2024,202411,3,1025163212595,22711030053,1732862007821,99765321,105,SURYA NEPAL PVT LTD - NEPAL,SURYA FUSION,SURYA FUSION,320,20,HL,New SKU,1732862007821-surya nepal pvt ltd - nepal-surya fusion#3.png,RECODING,5,3,99765090,79.21916198730469,105,SURYA NEPAL PVT LTD - NEPAL,SURYA,SURYA DUAL BURST,HL 20'S,HL,20,FRESH,,20.0,NO,320.0
197,02/12/2024,202411,3,1024152716948,22711030048,1732862007821,99765321,105,SURYA NEPAL PVT LTD - NEPAL,SURYA FUSION,SURYA FUSION,320,20,HL,New SKU,,RECODING,5,1,99765321,65.67987060546875,105,SURYA NEPAL PVT LTD - NEPAL,SURYA,SURYA FUSION,HL 20'S,HL,20,FULL FLAVOUR,,20.0,NO,320.0
197,02/12/2024,202411,3,1024152716948,22711030048,1732862007821,99765321,105,SURYA NEPAL PVT LTD - NEPAL,SURYA FUSION,SURYA FUSION,320,20,HL,New SKU,,RECODING,5,2,90110247,77.52789306640625,105,SURYA NEPAL PVT LTD - NEPAL,SURYA,SURYA CITRIC FRESH,HL 20'S,HL,20,FRESH,,20.0,NO,300.0
197,02/12/2024,202411,3,1024152716948,22711030048,1732862007821,99765321,105,SURYA NEPAL PVT LTD - NEPAL,SURYA FUSION,SURYA FUSION,320,20,HL,New SKU,,RECODING,5,3,99765090,79.21916198730469,105,SURYA NEPAL PVT LTD - NEPAL,SURYA,SURYA DUAL BURST,HL 20'S,HL,20,FRESH,,20.0,NO,320.0
198,02/12/2024,202411,3,1022174634184,21104030063,1732537658621,99765321,105,SURYA NEPAL PVT LTD - NEPAL,SURYA FUSION,SURYA FUSION,320,20K'S,FLT,New SKU,,RECODING,5,1,99765321,93.22357940673828,105,SURYA NEPAL PVT LTD - NEPAL,SURYA,SURYA FUSION,HL 20'S,HL,20,FULL FLAVOUR,,20.0,NO,320.0
198,02/12/2024,202411,3,1022174634184,21104030063,1732537658621,99765321,105,SURYA NEPAL PVT LTD - NEPAL,SURYA FUSION,SURYA FUSION,320,20K'S,FLT,New SKU,,RECODING,5,2,90110247,104.39964294433594,105,SURYA NEPAL PVT LTD - NEPAL,SURYA,SURYA CITRIC FRESH,HL 20'S,HL,20,FRESH,,20.0,NO,300.0
198,02/12/2024,202411,3,1022174634184,21104030063,1732537658621,99765321,105,SURYA NEPAL PVT LTD - NEPAL,SURYA FUSION,SURYA FUSION,320,20K'S,FLT,New SKU,,RECODING,5,3,99765090,106.57174682617188,105,SURYA NEPAL PVT LTD - NEPAL,SURYA,SURYA DUAL BURST,HL 20'S,HL,20,FRESH,,20.0,NO,320.0
199,02/12/2024,202411,3,1022163031508,21104030068,1732537658621,99765321,105,SURYA NEPAL PVT LTD - NEPAL,SURYA FUSION,SURYA FUSION,320,20K'S,FLT,New SKU,,RECODING,5,1,99765321,93.22357940673828,105,SURYA NEPAL PVT LTD - NEPAL,SURYA,SURYA FUSION,HL 20'S,HL,20,FULL FLAVOUR,,20.0,NO,320.0
199,02/12/2024,202411,3,1022163031508,21104030068,1732537658621,99765321,105,SURYA NEPAL PVT LTD - NEPAL,SURYA FUSION,SURYA FUSION,320,20K'S,FLT,New SKU,,RECODING,5,2,90110247,104.39964294433594,105,SURYA NEPAL PVT LTD - NEPAL,SURYA,SURYA CITRIC FRESH,HL 20'S,HL,20,FRESH,,20.0,NO,300.0
199,02/12/2024,202411,3,1022163031508,21104030068,1732537658621,99765321,105,SURYA NEPAL PVT LTD - NEPAL,SURYA FUSION,SURYA FUSION,320,20K'S,FLT,New SKU,,RECODING,5,3,99765090,106.57174682617188,105,SURYA NEPAL PVT LTD - NEPAL,SURYA,SURYA DUAL BURST,HL 20'S,HL,20,FRESH,,20.0,NO,320.0
200,02/12/2024,202411,3,1022143034199,21104030030,1732885438981,99765328,105,SURYA NEPAL PVT LTD - NEPAL,CAPTAIN FILTER KINGS,CAPTAIN FILTER KINGS GOLD,161.5,20K''S,FLT,New SKU,1732885438981-surya nepal pvt ltd - nepal-captain filter kings#3.png,RECODING,5,1,99763983,108.64459991455078,105,SURYA NEPAL PVT LTD - NEPAL,SHAAN,SHAAN FILTER,HL 20'S,HL,20,FULL FLAVOUR,,20.0,NO,95.0
200,02/12/2024,202411,3,1022143034199,21104030030,1732885438981,99765328,105,SURYA NEPAL PVT LTD - NEPAL,CAPTAIN FILTER KINGS,CAPTAIN FILTER KINGS GOLD,161.5,20K''S,FLT,New SKU,1732885438981-surya nepal pvt ltd - nepal-captain filter kings#3.png,RECODING,5,2,90200010,110.0120849609375,105,SURYA NEPAL PVT LTD - NEPAL,SHIKHAR,SHIKHAR FILTER KINGS,HL 20'S,HL,20,FULL FLAVOUR,,20.0,NO,180.0
200,02/12/2024,202411,3,1022143034199,21104030030,1732885438981,99765328,105,SURYA NEPAL PVT LTD - NEPAL,CAPTAIN FILTER KINGS,CAPTAIN FILTER KINGS GOLD,161.5,20K''S,FLT,New SKU,1732885438981-surya nepal pvt ltd - nepal-captain filter kings#3.png,RECODING,5,3,99765328,115.92346954345703,105,GORKHA LAHARI PVT.LTD.- NEPAL,CAPTAIN,CAPTAIN GOLD FILTER KINGS,HL 20'S,HL,20,FULL FLAVOUR,,20.0,NO,161.0
201,02/12/2024,202411,3,1022143034199,21104030030,1732537658621,99765321,105,SURYA NEPAL PVT LTD - NEPAL,SURYA FUSION,SURYA FUSION,320,20K'S,FLT,Invoices not available,,RECODING,5,1,99765321,93.22357940673828,105,SURYA NEPAL PVT LTD - NEPAL,SURYA,SURYA FUSION,HL 20'S,HL,20,FULL FLAVOUR,,20.0,NO,320.0
201,02/12/2024,202411,3,1022143034199,21104030030,1732537658621,99765321,105,SURYA NEPAL PVT LTD - NEPAL,SURYA FUSION,SURYA FUSION,320,20K'S,FLT,Invoices not available,,RECODING,5,2,90110247,104.39964294433594,105,SURYA NEPAL PVT LTD - NEPAL,SURYA,SURYA CITRIC FRESH,HL 20'S,HL,20,FRESH,,20.0,NO,300.0
201,02/12/2024,202411,3,1022143034199,21104030030,1732537658621,99765321,105,SURYA NEPAL PVT LTD - NEPAL,SURYA FUSION,SURYA FUSION,320,20K'S,FLT,Invoices not available,,RECODING,5,3,99765090,106.57174682617188,105,SURYA NEPAL PVT LTD - NEPAL,SURYA,SURYA DUAL BURST,HL 20'S,HL,20,FRESH,,20.0,NO,320.0
202,02/12/2024,202411,3,1110112116576,22603030029,1732259484751,99765326,124,DEUTI GUTKHA INDUSTRIES,MEGHA SHREE PREMIUM,PREMIUM MEGHA SHREE/DEUTI GUTKHA INDUSTRIES/PPH/2GM,5,2GM,PPH,,,RECODING,5,4,99762273,161.5147247314453,124,SHREE MEENAKSHI PRODUCTS NEPAL,GOA,GOA PREMIUM 1000,2G GUTKA,PLAST,2G,REGULAR,,2.0,,0.0
202,02/12/2024,202411,3,1110112116576,22603030029,1732259484751,99765326,124,DEUTI GUTKHA INDUSTRIES,MEGHA SHREE PREMIUM,PREMIUM MEGHA SHREE/DEUTI GUTKHA INDUSTRIES/PPH/2GM,5,2GM,PPH,,,RECODING,5,8,99762293,188.11654663085938,124,NARAYAN RAJ PRODUCTS PVT LTD,NIDHI,NIDHI,2G GUTKA,PLAST,2G,REGULAR,,2.0,,0.0
202,02/12/2024,202411,3,1110112116576,22603030029,1732259484751,99765326,124,DEUTI GUTKHA INDUSTRIES,MEGHA SHREE PREMIUM,PREMIUM MEGHA SHREE/DEUTI GUTKHA INDUSTRIES/PPH/2GM,5,2GM,PPH,,,RECODING,5,10,99762290,209.30743408203125,124,NARAYAN RAJ PRODUCTS PVT LTD,MOUKA GOLD,MOUKA GOLD,2G GUTKA,PLAST,2G,REGULAR,,2.0,,0.0
203,02/12/2024,202411,3,1029142435044,22603030035,1732259484751,99765326,124,DEUTI GUTKHA INDUSTRIES,MEGHA SHREE PREMIUM,PREMIUM MEGHA SHREE/DEUTI GUTKHA INDUSTRIES/PPH/2GM,5,2GM,PPH,,,RECODING,5,4,99762273,161.5147247314453,124,SHREE MEENAKSHI PRODUCTS NEPAL,GOA,GOA PREMIUM 1000,2G GUTKA,PLAST,2G,REGULAR,,2.0,,0.0
203,02/12/2024,202411,3,1029142435044,22603030035,1732259484751,99765326,124,DEUTI GUTKHA INDUSTRIES,MEGHA SHREE PREMIUM,PREMIUM MEGHA SHREE/DEUTI GUTKHA INDUSTRIES/PPH/2GM,5,2GM,PPH,,,RECODING,5,8,99762293,188.11654663085938,124,NARAYAN RAJ PRODUCTS PVT LTD,NIDHI,NIDHI,2G GUTKA,PLAST,2G,REGULAR,,2.0,,0.0
203,02/12/2024,202411,3,1029142435044,22603030035,1732259484751,99765326,124,DEUTI GUTKHA INDUSTRIES,MEGHA SHREE PREMIUM,PREMIUM MEGHA SHREE/DEUTI GUTKHA INDUSTRIES/PPH/2GM,5,2GM,PPH,,,RECODING,5,10,99762290,209.30743408203125,124,NARAYAN RAJ PRODUCTS PVT LTD,MOUKA GOLD,MOUKA GOLD,2G GUTKA,PLAST,2G,REGULAR,,2.0,,0.0
204,02/12/2024,202411,3,1111093738592,22603030027,1732259484751,99765326,124,DEUTI GUTKHA INDUSTRIES,MEGHA SHREE PREMIUM,PREMIUM MEGHA SHREE/DEUTI GUTKHA INDUSTRIES/PPH/2GM,5,2GM,PPH,,,RECODING,5,4,99762273,161.5147247314453,124,SHREE MEENAKSHI PRODUCTS NEPAL,GOA,GOA PREMIUM 1000,2G GUTKA,PLAST,2G,REGULAR,,2.0,,0.0
204,02/12/2024,202411,3,1111093738592,22603030027,1732259484751,99765326,124,DEUTI GUTKHA INDUSTRIES,MEGHA SHREE PREMIUM,PREMIUM MEGHA SHREE/DEUTI GUTKHA INDUSTRIES/PPH/2GM,5,2GM,PPH,,,RECODING,5,8,99762293,188.11654663085938,124,NARAYAN RAJ PRODUCTS PVT LTD,NIDHI,NIDHI,2G GUTKA,PLAST,2G,REGULAR,,2.0,,0.0
204,02/12/2024,202411,3,1111093738592,22603030027,1732259484751,99765326,124,DEUTI GUTKHA INDUSTRIES,MEGHA SHREE PREMIUM,PREMIUM MEGHA SHREE/DEUTI GUTKHA INDUSTRIES/PPH/2GM,5,2GM,PPH,,,RECODING,5,10,99762290,209.30743408203125,124,NARAYAN RAJ PRODUCTS PVT LTD,MOUKA GOLD,MOUKA GOLD,2G GUTKA,PLAST,2G,REGULAR,,2.0,,0.0
205,02/12/2024,202411,3,1029150412276,22603030036,1732259484751,99765326,124,DEUTI GUTKHA INDUSTRIES,MEGHA SHREE PREMIUM,PREMIUM MEGHA SHREE/DEUTI GUTKHA INDUSTRIES/PPH/2GM,5,2GM,PPH,,,RECODING,5,4,99762273,161.5147247314453,124,SHREE MEENAKSHI PRODUCTS NEPAL,GOA,GOA PREMIUM 1000,2G GUTKA,PLAST,2G,REGULAR,,2.0,,0.0
205,02/12/2024,202411,3,1029150412276,22603030036,1732259484751,99765326,124,DEUTI GUTKHA INDUSTRIES,MEGHA SHREE PREMIUM,PREMIUM MEGHA SHREE/DEUTI GUTKHA INDUSTRIES/PPH/2GM,5,2GM,PPH,,,RECODING,5,8,99762293,188.11654663085938,124,NARAYAN RAJ PRODUCTS PVT LTD,NIDHI,NIDHI,2G GUTKA,PLAST,2G,REGULAR,,2.0,,0.0
205,02/12/2024,202411,3,1029150412276,22603030036,1732259484751,99765326,124,DEUTI GUTKHA INDUSTRIES,MEGHA SHREE PREMIUM,PREMIUM MEGHA SHREE/DEUTI GUTKHA INDUSTRIES/PPH/2GM,5,2GM,PPH,,,RECODING,5,10,99762290,209.30743408203125,124,NARAYAN RAJ PRODUCTS PVT LTD,MOUKA GOLD,MOUKA GOLD,2G GUTKA,PLAST,2G,REGULAR,,2.0,,0.0
206,02/12/2024,202411,2,128757050,12201020010,1731486940758,99765333,134,CHAUDHARY GROUP - NEPAL,RIO,RIO-APPLE-APPLE TPK 180ML,30,180ML,TPK,,1731486940758-chaudhary group - nepal-rio#3.png,RECODING,5,1,99765333,41.10606384277344,118,CHAUDHARY GROUP - NEPAL,RIO,RIO,APPLE TPK 180 ML,TPK,180.000 ML,APPLE,,180.0,ML,30.0
206,02/12/2024,202411,2,128757050,12201020010,1731486940758,99765333,134,CHAUDHARY GROUP - NEPAL,RIO,RIO-APPLE-APPLE TPK 180ML,30,180ML,TPK,,1731486940758-chaudhary group - nepal-rio#3.png,RECODING,5,4,99765471,90.7537841796875,118,CHAUDHARY GROUP - NEPAL,RIO,RIO,MIXED FRUIT TPK 180 ML,TPK,180.000 ML,MIXED FRUIT,,180.0,ML,30.0
206,02/12/2024,202411,2,128757050,12201020010,1731486940758,99765333,134,CHAUDHARY GROUP - NEPAL,RIO,RIO-APPLE-APPLE TPK 180ML,30,180ML,TPK,,1731486940758-chaudhary group - nepal-rio#3.png,RECODING,5,7,99765280,95.3154296875,118,CHAUDHARY GROUP - NEPAL,RIO,RIO JUCILO,MANGO TPK 180 ML,TPK,180.000 ML,MANGO,,180.0,ML,25.0
207,02/12/2024,202411,2,128993711,12201020018,1731486940758,99765333,134,CHAUDHARY GROUP - NEPAL,RIO,RIO-APPLE-APPLE TPK 180ML,30,180ML,TPK,,,RECODING,5,1,99765333,41.10606384277344,118,CHAUDHARY GROUP - NEPAL,RIO,RIO,APPLE TPK 180 ML,TPK,180.000 ML,APPLE,,180.0,ML,30.0
207,02/12/2024,202411,2,128993711,12201020018,1731486940758,99765333,134,CHAUDHARY GROUP - NEPAL,RIO,RIO-APPLE-APPLE TPK 180ML,30,180ML,TPK,,,RECODING,5,4,99765471,90.7537841796875,118,CHAUDHARY GROUP - NEPAL,RIO,RIO,MIXED FRUIT TPK 180 ML,TPK,180.000 ML,MIXED FRUIT,,180.0,ML,30.0
207,02/12/2024,202411,2,128993711,12201020018,1731486940758,99765333,134,CHAUDHARY GROUP - NEPAL,RIO,RIO-APPLE-APPLE TPK 180ML,30,180ML,TPK,,,RECODING,5,7,99765280,95.3154296875,118,CHAUDHARY GROUP - NEPAL,RIO,RIO JUCILO,MANGO TPK 180 ML,TPK,180.000 ML,MANGO,,180.0,ML,25.0
208,03/12/2024,202412,3,1023175036910,21104030050,1732537658621,99765321,105,SURYA NEPAL PVT LTD - NEPAL,SURYA FUSION,SURYA FUSION,320,20K'S,FLT,New SKU,,RECODING,5,1,99765321,93.22357940673828,105,SURYA NEPAL PVT LTD - NEPAL,SURYA,SURYA FUSION,HL 20'S,HL,20,FULL FLAVOUR,,20.0,NO,320.0
208,03/12/2024,202412,3,1023175036910,21104030050,1732537658621,99765321,105,SURYA NEPAL PVT LTD - NEPAL,SURYA FUSION,SURYA FUSION,320,20K'S,FLT,New SKU,,RECODING,5,2,90110247,104.39964294433594,105,SURYA NEPAL PVT LTD - NEPAL,SURYA,SURYA CITRIC FRESH,HL 20'S,HL,20,FRESH,,20.0,NO,300.0
208,03/12/2024,202412,3,1023175036910,21104030050,1732537658621,99765321,105,SURYA NEPAL PVT LTD - NEPAL,SURYA FUSION,SURYA FUSION,320,20K'S,FLT,New SKU,,RECODING,5,3,99765090,106.57174682617188,105,SURYA NEPAL PVT LTD - NEPAL,SURYA,SURYA DUAL BURST,HL 20'S,HL,20,FRESH,,20.0,NO,320.0
209,03/12/2024,202412,3,1024112229467,21104030054,1732537658621,99765321,105,SURYA NEPAL PVT LTD - NEPAL,SURYA FUSION,SURYA FUSION,320,20K'S,FLT,New SKU,,RECODING,5,1,99765321,93.22357940673828,105,SURYA NEPAL PVT LTD - NEPAL,SURYA,SURYA FUSION,HL 20'S,HL,20,FULL FLAVOUR,,20.0,NO,320.0
209,03/12/2024,202412,3,1024112229467,21104030054,1732537658621,99765321,105,SURYA NEPAL PVT LTD - NEPAL,SURYA FUSION,SURYA FUSION,320,20K'S,FLT,New SKU,,RECODING,5,2,90110247,104.39964294433594,105,SURYA NEPAL PVT LTD - NEPAL,SURYA,SURYA CITRIC FRESH,HL 20'S,HL,20,FRESH,,20.0,NO,300.0
209,03/12/2024,202412,3,1024112229467,21104030054,1732537658621,99765321,105,SURYA NEPAL PVT LTD - NEPAL,SURYA FUSION,SURYA FUSION,320,20K'S,FLT,New SKU,,RECODING,5,3,99765090,106.57174682617188,105,SURYA NEPAL PVT LTD - NEPAL,SURYA,SURYA DUAL BURST,HL 20'S,HL,20,FRESH,,20.0,NO,320.0
210,03/12/2024,202412,3,1024113043159,21104030018,1732537658621,99765321,105,SURYA NEPAL PVT LTD - NEPAL,SURYA FUSION,SURYA FUSION,320,20K'S,FLT,New SKU,,RECODING,5,1,99765321,93.22357940673828,105,SURYA NEPAL PVT LTD - NEPAL,SURYA,SURYA FUSION,HL 20'S,HL,20,FULL FLAVOUR,,20.0,NO,320.0
210,03/12/2024,202412,3,1024113043159,21104030018,1732537658621,99765321,105,SURYA NEPAL PVT LTD - NEPAL,SURYA FUSION,SURYA FUSION,320,20K'S,FLT,New SKU,,RECODING,5,2,90110247,104.39964294433594,105,SURYA NEPAL PVT LTD - NEPAL,SURYA,SURYA CITRIC FRESH,HL 20'S,HL,20,FRESH,,20.0,NO,300.0
210,03/12/2024,202412,3,1024113043159,21104030018,1732537658621,99765321,105,SURYA NEPAL PVT LTD - NEPAL,SURYA FUSION,SURYA FUSION,320,20K'S,FLT,New SKU,,RECODING,5,3,99765090,106.57174682617188,105,SURYA NEPAL PVT LTD - NEPAL,SURYA,SURYA DUAL BURST,HL 20'S,HL,20,FRESH,,20.0,NO,320.0
211,03/12/2024,202412,3,1023071618294,21104030027,1732537658621,99765321,105,SURYA NEPAL PVT LTD - NEPAL,SURYA FUSION,SURYA FUSION,320,20K'S,FLT,New SKU,,RECODING,5,1,99765321,93.22357940673828,105,SURYA NEPAL PVT LTD - NEPAL,SURYA,SURYA FUSION,HL 20'S,HL,20,FULL FLAVOUR,,20.0,NO,320.0
211,03/12/2024,202412,3,1023071618294,21104030027,1732537658621,99765321,105,SURYA NEPAL PVT LTD - NEPAL,SURYA FUSION,SURYA FUSION,320,20K'S,FLT,New SKU,,RECODING,5,2,90110247,104.39964294433594,105,SURYA NEPAL PVT LTD - NEPAL,SURYA,SURYA CITRIC FRESH,HL 20'S,HL,20,FRESH,,20.0,NO,300.0
211,03/12/2024,202412,3,1023071618294,21104030027,1732537658621,99765321,105,SURYA NEPAL PVT LTD - NEPAL,SURYA FUSION,SURYA FUSION,320,20K'S,FLT,New SKU,,RECODING,5,3,99765090,106.57174682617188,105,SURYA NEPAL PVT LTD - NEPAL,SURYA,SURYA DUAL BURST,HL 20'S,HL,20,FRESH,,20.0,NO,320.0
212,03/12/2024,202412,3,1023102220974,21104030044,1732537658621,99765321,105,SURYA NEPAL PVT LTD - NEPAL,SURYA FUSION,SURYA FUSION,320,20K'S,FLT,New SKU,,RECODING,5,1,99765321,93.22357940673828,105,SURYA NEPAL PVT LTD - NEPAL,SURYA,SURYA FUSION,HL 20'S,HL,20,FULL FLAVOUR,,20.0,NO,320.0
212,03/12/2024,202412,3,1023102220974,21104030044,1732537658621,99765321,105,SURYA NEPAL PVT LTD - NEPAL,SURYA FUSION,SURYA FUSION,320,20K'S,FLT,New SKU,,RECODING,5,2,90110247,104.39964294433594,105,SURYA NEPAL PVT LTD - NEPAL,SURYA,SURYA CITRIC FRESH,HL 20'S,HL,20,FRESH,,20.0,NO,300.0
212,03/12/2024,202412,3,1023102220974,21104030044,1732537658621,99765321,105,SURYA NEPAL PVT LTD - NEPAL,SURYA FUSION,SURYA FUSION,320,20K'S,FLT,New SKU,,RECODING,5,3,99765090,106.57174682617188,105,SURYA NEPAL PVT LTD - NEPAL,SURYA,SURYA DUAL BURST,HL 20'S,HL,20,FRESH,,20.0,NO,320.0
213,03/12/2024,202412,3,1023120416981,21104030017,1732537658621,99765321,105,SURYA NEPAL PVT LTD - NEPAL,SURYA FUSION,SURYA FUSION,320,20K'S,FLT,New SKU,,RECODING,5,1,99765321,93.22357940673828,105,SURYA NEPAL PVT LTD - NEPAL,SURYA,SURYA FUSION,HL 20'S,HL,20,FULL FLAVOUR,,20.0,NO,320.0
213,03/12/2024,202412,3,1023120416981,21104030017,1732537658621,99765321,105,SURYA NEPAL PVT LTD - NEPAL,SURYA FUSION,SURYA FUSION,320,20K'S,FLT,New SKU,,RECODING,5,2,90110247,104.39964294433594,105,SURYA NEPAL PVT LTD - NEPAL,SURYA,SURYA CITRIC FRESH,HL 20'S,HL,20,FRESH,,20.0,NO,300.0
213,03/12/2024,202412,3,1023120416981,21104030017,1732537658621,99765321,105,SURYA NEPAL PVT LTD - NEPAL,SURYA FUSION,SURYA FUSION,320,20K'S,FLT,New SKU,,RECODING,5,3,99765090,106.57174682617188,105,SURYA NEPAL PVT LTD - NEPAL,SURYA,SURYA DUAL BURST,HL 20'S,HL,20,FRESH,,20.0,NO,320.0
214,03/12/2024,202412,3,1023173737366,21104030039,1732537658621,99765321,105,SURYA NEPAL PVT LTD - NEPAL,SURYA FUSION,SURYA FUSION,320,20K'S,FLT,New SKU,,RECODING,5,1,99765321,93.22357940673828,105,SURYA NEPAL PVT LTD - NEPAL,SURYA,SURYA FUSION,HL 20'S,HL,20,FULL FLAVOUR,,20.0,NO,320.0
214,03/12/2024,202412,3,1023173737366,21104030039,1732537658621,99765321,105,SURYA NEPAL PVT LTD - NEPAL,SURYA FUSION,SURYA FUSION,320,20K'S,FLT,New SKU,,RECODING,5,2,90110247,104.39964294433594,105,SURYA NEPAL PVT LTD - NEPAL,SURYA,SURYA CITRIC FRESH,HL 20'S,HL,20,FRESH,,20.0,NO,300.0
214,03/12/2024,202412,3,1023173737366,21104030039,1732537658621,99765321,105,SURYA NEPAL PVT LTD - NEPAL,SURYA FUSION,SURYA FUSION,320,20K'S,FLT,New SKU,,RECODING,5,3,99765090,106.57174682617188,105,SURYA NEPAL PVT LTD - NEPAL,SURYA,SURYA DUAL BURST,HL 20'S,HL,20,FRESH,,20.0,NO,320.0
215,03/12/2024,202412,3,1023195011424,21104030071,1732537658621,99765321,105,SURYA NEPAL PVT LTD - NEPAL,SURYA FUSION,SURYA FUSION,320,20K'S,FLT,New SKU,,RECODING,5,1,99765321,93.22357940673828,105,SURYA NEPAL PVT LTD - NEPAL,SURYA,SURYA FUSION,HL 20'S,HL,20,FULL FLAVOUR,,20.0,NO,320.0
215,03/12/2024,202412,3,1023195011424,21104030071,1732537658621,99765321,105,SURYA NEPAL PVT LTD - NEPAL,SURYA FUSION,SURYA FUSION,320,20K'S,FLT,New SKU,,RECODING,5,2,90110247,104.39964294433594,105,SURYA NEPAL PVT LTD - NEPAL,SURYA,SURYA CITRIC FRESH,HL 20'S,HL,20,FRESH,,20.0,NO,300.0
215,03/12/2024,202412,3,1023195011424,21104030071,1732537658621,99765321,105,SURYA NEPAL PVT LTD - NEPAL,SURYA FUSION,SURYA FUSION,320,20K'S,FLT,New SKU,,RECODING,5,3,99765090,106.57174682617188,105,SURYA NEPAL PVT LTD - NEPAL,SURYA,SURYA DUAL BURST,HL 20'S,HL,20,FRESH,,20.0,NO,320.0
216,03/12/2024,202412,3,1021112743621,21104030034,1732537658621,99765321,105,SURYA NEPAL PVT LTD - NEPAL,SURYA FUSION,SURYA FUSION,320,20K'S,FLT,New SKU,,RECODING,5,1,99765321,93.22357940673828,105,SURYA NEPAL PVT LTD - NEPAL,SURYA,SURYA FUSION,HL 20'S,HL,20,FULL FLAVOUR,,20.0,NO,320.0
216,03/12/2024,202412,3,1021112743621,21104030034,1732537658621,99765321,105,SURYA NEPAL PVT LTD - NEPAL,SURYA FUSION,SURYA FUSION,320,20K'S,FLT,New SKU,,RECODING,5,2,90110247,104.39964294433594,105,SURYA NEPAL PVT LTD - NEPAL,SURYA,SURYA CITRIC FRESH,HL 20'S,HL,20,FRESH,,20.0,NO,300.0
216,03/12/2024,202412,3,1021112743621,21104030034,1732537658621,99765321,105,SURYA NEPAL PVT LTD - NEPAL,SURYA FUSION,SURYA FUSION,320,20K'S,FLT,New SKU,,RECODING,5,3,99765090,106.57174682617188,105,SURYA NEPAL PVT LTD - NEPAL,SURYA,SURYA DUAL BURST,HL 20'S,HL,20,FRESH,,20.0,NO,320.0
217,03/12/2024,202412,3,2110114814,21101031833,1732693369550,99765321,105,SURYA NEPAL PVT. LTD. ,SURYA FUSION,SURYA FUSION-SURYA NEPAL-20-STICK-HL,320,20,HL,,,RECODING,5,1,99765321,69.81086730957031,105,SURYA NEPAL PVT LTD - NEPAL,SURYA,SURYA FUSION,HL 20'S,HL,20,FULL FLAVOUR,,20.0,NO,320.0
217,03/12/2024,202412,3,2110114814,21101031833,1732693369550,99765321,105,SURYA NEPAL PVT. LTD. ,SURYA FUSION,SURYA FUSION-SURYA NEPAL-20-STICK-HL,320,20,HL,,,RECODING,5,2,99765090,92.44544982910156,105,SURYA NEPAL PVT LTD - NEPAL,SURYA,SURYA DUAL BURST,HL 20'S,HL,20,FRESH,,20.0,NO,320.0
217,03/12/2024,202412,3,2110114814,21101031833,1732693369550,99765321,105,SURYA NEPAL PVT. LTD. ,SURYA FUSION,SURYA FUSION-SURYA NEPAL-20-STICK-HL,320,20,HL,,,RECODING,5,3,90110247,95.22636413574219,105,SURYA NEPAL PVT LTD - NEPAL,SURYA,SURYA CITRIC FRESH,HL 20'S,HL,20,FRESH,,20.0,NO,300.0
