catcode,company,brand,itemdesc,packaging,qty,uomdesc,pack_size
105,JT INTERNATIONAL - SA,WINSTON PURPLE MINT,WINSTON PURPLE MINT-WINSTON-FRESH-HL 20'S-KS REGULAR-MID-PRICE,HL,20.0,NO,20
105,PT PHILIP MORRIS-INDONESIA,MARLBORO GOLD,MARLBORO GOLD-MARLBORO-LIGHT-HL 20'S-KS REGULAR-PREMIUM,HL,20.0,NO,20
105,CHAUDHARY GROUP - NEPAL,SAHASI PREMIUM FILTER KINGS,SAHASI PREMIUM FILTER KINGS-SAHASHI-FULL FLAVOUR-HL 20'S-NON-FILTER-VALUE,HL,20.0,NO,20
105,CHAUDHARY GROUP - NEPAL,GAURAV,GAURAV-GAURAV-FULL FLAVOUR-SC 20'S-KS REGULAR-VALUE,SC,20.0,NO,20
105,GORKHA LAHARI PVT.LTD.- NEPAL,BROWN CLOVE,BROWN CLOVE-BROWN-KRETEK-HL 20'S-LONG REGULAR-MID-PRICE,HL,20.0,NO,20
105,GORKHA LAHARI PVT.LTD.- NEPAL,CAPTAIN FILTER KINGS,CAPTAIN FILTER KINGS-CAPTAIN-FULL FLAVOUR-HL 20'S-LONG REGULAR-MID-PRICE,HL,20.0,NO,20
105,GORKHA LAHARI PVT.LTD.- NEPAL,NEPAL GOLD FLAKE,NEPAL GOLD FLAKE-NEPAL GOLD FLAKE-FULL FLAVOUR-SC 20'S-LONG SS-VALUE,SC,20.0,NO,20
105,GORKHA LAHARI PVT.LTD.- NEPAL,MAYALU,MAYALU-MAYALU-FULL FLAVOUR-HL 20'S-LONG SS-VALUE,HL,20.0,NO,20
105,GORKHA LAHARI PVT.LTD.- NEPAL,LAILA,LAILA-LAILA-FULL FLAVOUR-HL 20'S-LONG SS-VALUE,HL,20.0,NO,20
105,SURYA NEPAL PVT LTD - NEPAL,SHIKHAR SELECT,SHIKHAR SELECT-SHIKHAR-FULL FLAVOUR-HL 20'S-KS SLIM-VALUE,HL,20.0,NO,20
105,SURYA NEPAL PVT LTD - NEPAL,SHIKHAR ICE RUSH,SHIKHAR ICE RUSH-SHIKHAR-FRESH-HL 20'S-KS REGULAR-MID-PRICE,HL,20.0,NO,20
105,SURYA NEPAL PVT LTD - NEPAL,SURYA LEGEND,SURYA LEGEND-SURYA-FULL FLAVOUR-SB 20'S-KS REGULAR-PREMIUM,SB,20.0,NO,20
105,SURYA NEPAL PVT LTD - NEPAL,SURYA 24 CARAT,SURYA 24 CARAT-SURYA-FULL FLAVOUR-HL 20'S-KS REGULAR-PREMIUM,HL,20.0,NO,20
105,SURYA NEPAL PVT LTD - NEPAL,SURYA 24 CARAT BLUE,SURYA 24 CARAT BLUE-SURYA-LIGHT-HL 20'S-KS REGULAR-PREMIUM,HL,20.0,NO,20
105,SURYA NEPAL PVT LTD - NEPAL,SURYA 24 CARAT ARCTIC BURST,SURYA 24 CARAT ARCTIC BURST-SURYA-FRESH-HL 20'S-KS REGULAR-PREMIUM,HL,20.0,NO,20
105,SURYA NEPAL PVT LTD - NEPAL,CHAUTARI,CHAUTARI-CHAUTARI-FULL FLAVOUR-SC 20'S-NON-FILTER-VALUE,SC,20.0,NO,20
105,SURYA NEPAL PVT LTD - NEPAL,CHAUTARI FILTER,CHAUTARI FILTER-CHAUTARI-FULL FLAVOUR-SC 20'S-NON-FILTER-VALUE,SC,20.0,NO,20
105,SURYA NEPAL PVT LTD - NEPAL,BIJULI FILTER,BIJULI FILTER-BIJULI-FULL FLAVOUR-HL 20'S-NON-FILTER-VALUE,HL,20.0,NO,20
105,AMARAN OLEH KERAJAAN - MALAYSIA,GUDANG GARAM SIGNATURE MENTHOL MILD,GUDANG GARAM SIGNATURE MENTHOL MILD-GUDANG GARAM-KRETEK-HL 20'S-LONG REGULAR-PREMIUM,HL,20.0,NO,20
105,TRANSIT,BENSON & HEDGES BLUE GOLD,BENSON & HEDGES BLUE GOLD-BENSON & HEDGES-FULL FLAVOUR-HL 20'S-KS REGULAR-PREMIUM,HL,20.0,NO,20
105,TRANSIT,555 FILTER KING,555 FILTER KING-555-FULL FLAVOUR-HL 20'S-KS REGULAR-PREMIUM,HL,20.0,NO,20
105,TRANSIT,555 GOLD,555 GOLD-555-FULL FLAVOUR-HL 20'S-KS REGULAR-PREMIUM,HL,20.0,NO,20
105,TRANSIT,GUDANG GARAM,GUDANG GARAM-GUDANG GARAM-KRETEK-HL 16'S-LONG REGULAR-PREMIUM,HL,16.0,NO,16
105,TRANSIT,HITLER BLACK,HITLER BLACK-HITLER-KRETEK-HL 20'S-LONG REGULAR-PREMIUM,HL,20.0,NO,20
105,TRANSIT,GUDANG GARAM INTERNATIONAL,GUDANG GARAM INTERNATIONAL-GUDANG GARAM-KRETEK-HL 12'S-LONG REGULAR-PREMIUM,HL,12.0,NO,12
105,TRANSIT,MOND SUPER SLIM STRAWBERRY,MOND SUPER SLIM STRAWBERRY-MOND-FRESH-HL 20'S-LONG SS-PREMIUM,HL,20.0,NO,20
105,TRANSIT,MOND SUPER SLIM CHOCOLATE,MOND SUPER SLIM CHOCOLATE-MOND-FRESH-HL 20'S-LONG SS-PREMIUM,HL,20.0,NO,20
105,TRANSIT,MOND SUPER SLIM PAAN,MOND SUPER SLIM PAAN-MOND-FRESH-HL 20'S-LONG SS-PREMIUM,HL,20.0,NO,20
105,TRANSIT,MOND SUPER SLIM GREEN APPLE,MOND SUPER SLIM GREEN APPLE-MOND-FRESH-HL 20'S-LONG SS-PREMIUM,HL,20.0,NO,20
105,TRANSIT,MOND SUPER SLIM ORANGE MINT,MOND SUPER SLIM ORANGE MINT-MOND-FRESH-HL 20'S-LONG SS-PREMIUM,HL,20.0,NO,20
105,TRANSIT,MOND SUPER SLIM MENTHOL,MOND SUPER SLIM MENTHOL-MOND-FRESH-HL 20'S-LONG SS-PREMIUM,HL,20.0,NO,20
105,TRANSIT,MOND SUPER SLIM CHERRY,MOND SUPER SLIM CHERRY-MOND-FRESH-HL 20'S-LONG SS-PREMIUM,HL,20.0,NO,20
105,TRANSIT,ORIS SLIM DOUBLE APPLE,ORIS SLIM DOUBLE APPLE-ORIS-FRESH-HL 20'S-LONG SS-PREMIUM,HL,20.0,NO,20
105,GORKHA LAHARI PVT.LTD.- NEPAL,MAJOR,MAJOR-MAJOR-FULL FLAVOUR-HL 20'S-NON-FILTER-VALUE,HL,20.0,NO,20
105,PT DJARUM KUDUS-INDONESIA,DJARUM BLACK,DJARUM BLACK-DJARUM-KRETEK-HL 16'S-KS REGULAR-PREMIUM,HL,16.0,NO,16
105,PT DJARUM KUDUS-INDONESIA,DJARUM BLACK,DJARUM BLACK-DJARUM-KRETEK-HL 20'S-KS REGULAR-PREMIUM,HL,20.0,NO,20
105,SURYA NEPAL PVT LTD - NEPAL,KHUKURI,KHUKURI-KHUKURI-FULL FLAVOUR-HL 20'S-KS SLIM-VALUE,HL,20.0,NO,20
105,SURYA NEPAL PVT LTD - NEPAL,SHIKHAR FILTER KINGS,SHIKHAR FILTER KINGS-SHIKHAR-FULL FLAVOUR-HL 20'S-KS REGULAR-MID-PRICE,HL,20.0,NO,20
105,SURYA NEPAL PVT LTD - NEPAL,SURYA LUXURY BLUE,SURYA LUXURY BLUE-SURYA-LIGHT-HL 20'S-KS REGULAR-PREMIUM,HL,20.0,NO,20
105,SURYA NEPAL PVT LTD - NEPAL,SURYA LUXURY KINGS,SURYA LUXURY KINGS-SURYA-FULL FLAVOUR-HL 20'S-KS REGULAR-PREMIUM,HL,20.0,NO,20
105,AMARAN OLEH KERAJAAN - MALAYSIA,GUDANG GARAM MENTHOL,GUDANG GARAM MENTHOL-GUDANG GARAM-KRETEK-HL 12'S-LONG REGULAR-PREMIUM,HL,12.0,NO,12
105,SURYA NEPAL PVT LTD - NEPAL,BIJULI,BIJULI-BIJULI-FULL FLAVOUR-SC 20'S-NON-FILTER-VALUE,SC,20.0,NO,20
105,GOLD STEP TOBACCO PVT LTD,INDONESIA BLACK,INDONESIA BLACK-INDONESIA BLACK-FULL FLAVOUR-HL 20'S-KS REGULAR-MID-PRICE,HL,20.0,NO,20
105,PT PHILIP MORRIS-INDONESIA,MARLBORO RED,MARLBORO RED-MARLBORO-FULL FLAVOUR-HL 20'S-NON-FILTER-PREMIUM,HL,20.0,NO,20
105,SURYA NEPAL PVT LTD - NEPAL,PILOT FILTER,PILOT FILTER-PILOT-FULL FLAVOUR-HL 20'S-KS SLIM-VALUE,HL,20.0,NO,20
105,GORKHA LAHARI PVT.LTD.- NEPAL,CAPTAIN MOUNTAIN FRESH,CAPTAIN MOUNTAIN FRESH-CAPTAIN-FRESH-HL 20'S-KS REGULAR-MID-PRICE,HL,20.0,NO,20
105,SURYA NEPAL PVT LTD - NEPAL,SURYA MINT,SURYA MINT-SURYA-FRESH-HL 20'S-KS REGULAR-PREMIUM,HL,20.0,NO,20
105,NON STOCKER,NON STOCKER,NON STOCKER-NON STOCKER--NON STOCKER--,,0.0,,
105,JT INTERNATIONAL - SA,MEVIUS ORIGINAL BLUE,MEVIUS ORIGINAL BLUE-MEVIUS-FULL FLAVOUR-HL 20'S-KS REGULAR-PREMIUM,HL,20.0,NO,20
105,KT&G-KOREA,ESSE LIGHTS,ESSE LIGHTS-ESSE-FULL FLAVOUR-HL 20'S-KS REGULAR-PREMIUM,HL,20.0,NO,20
105,SURYA NEPAL PVT LTD - NEPAL,NAULO BURST,NAULO BURST-NAULO-FRESH-HL 20'S-KS REGULAR-MID-PRICE,HL,20.0,NO,20
105,SURYA NEPAL PVT LTD - NEPAL,SHAAN FILTER,SHAAN FILTER-SHAAN-FULL FLAVOUR-HL 20'S-KS SLIM-VALUE,HL,20.0,NO,20
105,PERFECT BLENDS PVT LTD,PASSION MINT,PASSION MINT-PASSION-FRESH-HL 20'S-KS REGULAR-MID-PRICE,HL,20.0,NO,20
105,GORKHA LAHARI PVT.LTD.- NEPAL,SAHARA FILTER PUNCH,SAHARA FILTER PUNCH-SAHARA-FRESH-HL 20'S-KS SLIM-VALUE,HL,20.0,NO,20
105,GORKHA LAHARI PVT.LTD.- NEPAL,WINNER SPECIAL FILTER,WINNER SPECIAL FILTER-WINNER-FULL FLAVOUR-SC 20'S-KS SLIM-VALUE,SC,20.0,NO,20
105,GORKHA LAHARI PVT.LTD.- NEPAL,ACTION LIGHTS,ACTION LIGHTS-ACTION-LIGHT-HL 20'S-KS REGULAR-VALUE,HL,20.0,NO,20
105,SURYA NEPAL PVT LTD - NEPAL,SURYA DUAL BURST,SURYA DUAL BURST-SURYA-FRESH-HL 20'S-KS REGULAR-PREMIUM,HL,20.0,NO,20
105,PT DJARUM KUDUS-INDONESIA,L.A MENTHOL,L.A MENTHOL-L.A-KRETEK-HL 16'S-KS REGULAR-PREMIUM,HL,16.0,NO,16
105,GORKHA LAHARI PVT.LTD.- NEPAL,GORKHA FILTER,GORKHA FILTER-GORKHA-FULL FLAVOUR-HL 20'S-KS SLIM-VALUE,HL,20.0,NO,20
105,GORKHA LAHARI PVT.LTD.- NEPAL,MAYALU FILTER,MAYALU FILTER-MAYALU-FULL FLAVOUR-HL 20'S-KS SLIM-VALUE,HL,20.0,NO,20
105,SURYA NEPAL PVT LTD - NEPAL,STRIKER SPICE RUSH,STRIKER SPICE RUSH-STRIKER-FRESH-HL 20'S-KS SLIM-VALUE,HL,20.0,NO,20
105,PT PHILIP MORRIS-INDONESIA,MARLBORO GOLD ADVANCE,MARLBORO GOLD ADVANCE-MARLBORO-FULL FLAVOUR-HL 20'S-KS REGULAR-PREMIUM,HL,20.0,NO,20
105,SURYA NEPAL PVT LTD - NEPAL,SURYA FUSION,SURYA FUSION-SURYA-FULL FLAVOUR-HL 20'S-KS REGULAR-PREMIUM,HL,20.0,NO,20
105,GORKHA LAHARI PVT.LTD.- NEPAL,CAPTAIN GOLD FILTER KINGS,CAPTAIN GOLD FILTER KINGS-CAPTAIN-FULL FLAVOUR-HL 20'S-LONG REGULAR-MID-PRICE,HL,20.0,NO,20
105,JT INTERNATIONAL - SA,CAMEL CONNECT ORIGINAL,CAMEL CONNECT ORIGINAL-CAMEL CONNECT-FULL FLAVOUR-HL 20'S-KS REGULAR-MID-PRICE,HL,20.0,NO,20
105,JT INTERNATIONAL - SA,CAMEL CONNECT MINT CRUSH,CAMEL CONNECT MINT CRUSH-CAMEL CONNECT-FRESH-HL 20'S-KS REGULAR-MID-PRICE,HL,20.0,NO,20
105,GORKHA LAHARI PVT.LTD.- NEPAL,NEPAL GOLD FLAKE PREMIUM FILTER,NEPAL GOLD FLAKE PREMIUM FILTER-NEPAL GOLD FLAKE-FULL FLAVOUR-HL 20'S-KS SLIM-VALUE,HL,20.0,NO,20
105,KT&G-KOREA,ESSE CHANGE,ESSE CHANGE-ESSE-FRESH-HL 20'S-LONG SS-PREMIUM,HL,20.0,NO,20
105,KT&G-KOREA,ESSE MENTHOL,ESSE MENTHOL-ESSE-FRESH-HL 20'S-LONG SS-PREMIUM,HL,20.0,NO,20
105,KT&G-KOREA,ESSE BLUE,ESSE BLUE-ESSE-LIGHT-HL 20'S-LONG SS-PREMIUM,HL,20.0,NO,20
105,KT&G-KOREA,ESSE CHANGE W MINI,ESSE CHANGE W MINI-ESSE-FRESH-HL 20'S-KS SLIM-PREMIUM,HL,20.0,NO,20
118,VARUN BEVERAGE -NEPAL,7 UP,7 UP-LEMON-RGB 250 ML,RGB,250.0,ML,250.000 ML
118,BOTTLERS NEPAL - NEPAL,COCA-COLA,COCA-COLA-COLA-RGB 250 ML,RGB,250.0,ML,250.000 ML
118,BOTTLERS NEPAL - NEPAL,FANTA ORANGE,FANTA ORANGE-ORANGE-ORANGE RGB 250 ML,RGB,250.0,ML,250.000 ML
118,VARUN BEVERAGE -NEPAL,MIRINDA ORANGE,MIRINDA ORANGE-ORANGE-ORANGE PET 1500 ML,PET,1500.0,ML,1500.000 ML
118,VARUN BEVERAGE -NEPAL,PEPSI,PEPSI-COLA-PET 500 ML,PET,500.0,ML,500.000 ML
118,VARUN BEVERAGE -NEPAL,PEPSI,PEPSI-COLA-PET 1500 ML,PET,1500.0,ML,1500.000 ML
118,BOTTLERS NEPAL - NEPAL,SPRITE,SPRITE-LEMON-RGB 250 ML,RGB,250.0,ML,250.000 ML
118,VARUN BEVERAGE -NEPAL,TEEM,TEEM-SODA-SODA RGB 250 ML,RGB,250.0,ML,250.000 ML
118,BOTTLERS NEPAL - NEPAL,COCA-COLA,COCA-COLA-COLA-PET 1500 ML,PET,1500.0,ML,1500.000 ML
118,VARUN BEVERAGE -NEPAL,LEHAR,LEHAR-SODA-SODA PET 500 ML,PET,500.0,ML,500.000 ML
118,VARUN BEVERAGE -NEPAL,MIRINDA ORANGE,MIRINDA ORANGE-ORANGE-ORANGE PET 500 ML,PET,500.0,ML,500.000 ML
118,VARUN BEVERAGE -NEPAL,MIRINDA ORANGE,MIRINDA ORANGE-ORANGE-ORANGE PET 2000 ML,PET,2000.0,ML,2000.000 ML
118,VARUN BEVERAGE -NEPAL,MIRINDA ORANGE,MIRINDA ORANGE-ORANGE-ORANGE RGB 250 ML,RGB,250.0,ML,250.000 ML
118,VARUN BEVERAGE -NEPAL,PEPSI,PEPSI-COLA-RGB 250 ML,RGB,250.0,ML,250.000 ML
118,BOTTLERS NEPAL - NEPAL,FANTA ORANGE,FANTA ORANGE-ORANGE-ORANGE PET 1500 ML,PET,1500.0,ML,1500.000 ML
118,VARUN BEVERAGE -NEPAL,PEPSI,PEPSI-COLA-PET 2000 ML,PET,2000.0,ML,2000.000 ML
118,BOTTLERS NEPAL - NEPAL,SPRITE,SPRITE-LEMON-PET 1500 ML,PET,1500.0,ML,1500.000 ML
118,BOTTLERS NEPAL - NEPAL,COCA-COLA,COCA-COLA-COLA-PET 500 ML,PET,500.0,ML,500.000 ML
118,BOTTLERS NEPAL - NEPAL,FANTA ORANGE,FANTA ORANGE-ORANGE-ORANGE PET 500 ML,PET,500.0,ML,500.000 ML
118,VARUN BEVERAGE -NEPAL,PEPSI AHA,PEPSI AHA-COLA-PET 1500 ML,PET,1500.0,ML,1500.000 ML
118,BOTTLERS NEPAL - NEPAL,SPRITE,SPRITE-LEMON-PET 500 ML,PET,500.0,ML,500.000 ML
118,BOTTLERS NEPAL - NEPAL,KINLEY,KINLEY-SODA-SODA PET 500 ML,PET,500.0,ML,500.000 ML
118,VARUN BEVERAGE -NEPAL,MOUNTAIN DEW,MOUNTAIN DEW-LEMON-PET 500 ML,PET,500.0,ML,500.000 ML
118,VARUN BEVERAGE -NEPAL,MOUNTAIN DEW,MOUNTAIN DEW-LEMON-PET 1500 ML,PET,1500.0,ML,1500.000 ML
118,VARUN BEVERAGE -NEPAL,MOUNTAIN DEW,MOUNTAIN DEW-LEMON-PET 2000 ML,PET,2000.0,ML,2000.000 ML
118,BOTTLERS NEPAL - NEPAL,COCA-COLA,COCA-COLA-COLA-PET 2250 ML,PET,2250.0,ML,2250.000 ML
118,BOTTLERS NEPAL - NEPAL,COCA-COLA,COCA-COLA-COLA-PET 2000 ML,PET,2000.0,ML,2000.000 ML
118,BOTTLERS NEPAL - NEPAL,FANTA ORANGE,FANTA ORANGE-ORANGE-ORANGE PET 2000 ML,PET,2000.0,ML,2000.000 ML
118,VARUN BEVERAGE -NEPAL,MIRINDA ORANGE,MIRINDA ORANGE-ORANGE-ORANGE PET 1000 ML,PET,1000.0,ML,1000.000 ML
118,VARUN BEVERAGE -NEPAL,PEPSI,PEPSI-COLA-PET 1000 ML,PET,1000.0,ML,1000.000 ML
118,VARUN BEVERAGE -NEPAL,MOUNTAIN DEW,MOUNTAIN DEW-LEMON-PET 1000 ML,PET,1000.0,ML,1000.000 ML
118,VARUN BEVERAGE -NEPAL,DIET PEPSI,DIET PEPSI-COLA-PET 500 ML,PET,500.0,ML,500.000 ML
118,DUGAR FOOD & BEVERAGE-NEPAL,APPY FIZZ APPLE,APPY FIZZ APPLE-APPLE-APPLE PET 500 ML,PET,500.0,ML,500.000 ML
118,VARUN BEVERAGE -NEPAL,7 UP,7 UP-LEMON-PET 2000 ML,PET,2000.0,ML,2000.000 ML
118,BOTTLERS NEPAL - NEPAL,SPRITE,SPRITE-LEMON-PET 2000 ML,PET,2000.0,ML,2000.000 ML
118,VARUN BEVERAGE -NEPAL,7 UP,7 UP-LEMON-PET 600 ML,PET,600.0,ML,600.000 ML
118,VARUN BEVERAGE -NEPAL,LEHAR,LEHAR-SODA-SODA PET 600 ML,PET,600.0,ML,600.000 ML
118,VARUN BEVERAGE -NEPAL,MIRINDA ORANGE,MIRINDA ORANGE-ORANGE-ORANGE PET 600 ML,PET,600.0,ML,600.000 ML
118,VARUN BEVERAGE -NEPAL,MOUNTAIN DEW,MOUNTAIN DEW-LEMON-PET 600 ML,PET,600.0,ML,600.000 ML
118,VARUN BEVERAGE -NEPAL,MOUNTAIN DEW,MOUNTAIN DEW-LEMON-RGB 250 ML,RGB,250.0,ML,250.000 ML
118,VARUN BEVERAGE -NEPAL,PEPSI,PEPSI-COLA-PET 600 ML,PET,600.0,ML,600.000 ML
118,VARUN BEVERAGE -NEPAL,MIRINDA ORANGE,MIRINDA ORANGE-ORANGE-ORANGE PET 250 ML,PET,250.0,ML,250.000 ML
118,VARUN BEVERAGE -NEPAL,PEPSI,PEPSI-COLA-PET 250 ML,PET,250.0,ML,250.000 ML
118,VARUN BEVERAGE -NEPAL,MOUNTAIN DEW,MOUNTAIN DEW-LEMON-PET 250 ML,PET,250.0,ML,250.000 ML
118,BOTTLERS NEPAL - NEPAL,KINLEY,KINLEY-SODA-SODA RGB 200 ML,RGB,200.0,ML,200.000 ML
118,VARUN BEVERAGE -NEPAL,MIRINDA ORANGE,MIRINDA ORANGE-ORANGE-ORANGE CAN 250 ML,CAN,250.0,ML,250.000 ML
118,VARUN BEVERAGE -NEPAL,MOUNTAIN DEW,MOUNTAIN DEW-LEMON-CAN 250 ML,CAN,250.0,ML,250.000 ML
118,VARUN BEVERAGE -NEPAL,PEPSI,PEPSI-COLA-CAN 250 ML,CAN,250.0,ML,250.000 ML
118,VARUN BEVERAGE -NEPAL,7 UP,7 UP-LEMON-PET 1000 ML,PET,1000.0,ML,1000.000 ML
118,BOTTLERS NEPAL - NEPAL,KINLEY,KINLEY-SODA-SODA RGB 250 ML,RGB,250.0,ML,250.000 ML
118,BOTTLERS NEPAL - NEPAL,FANTA ORANGE,FANTA ORANGE-ORANGE-ORANGE PET 2250 ML,PET,2250.0,ML,2250.000 ML
118,BOTTLERS NEPAL - NEPAL,SPRITE,SPRITE-LEMON-PET 2250 ML,PET,2250.0,ML,2250.000 ML
118,COCA COLA COMPANY IMPRTD-IMPTD,COCA-COLA,COCA-COLA-COLA-PET 2000 ML,PET,2000.0,ML,2000.000 ML
118,COCA COLA COMPANY IMPRTD-IMPTD,COCA-COLA,COCA-COLA-COLA-PET 1250 ML,PET,1250.0,ML,1250.000 ML
118,COCA COLA COMPANY IMPRTD-IMPTD,COCA-COLA,COCA-COLA-COLA-PET 600 ML,PET,600.0,ML,600.000 ML
118,COCA COLA COMPANY IMPRTD-IMPTD,FANTA ORANGE,FANTA ORANGE-ORANGE-ORANGE PET 2000 ML,PET,2000.0,ML,2000.000 ML
118,COCA COLA COMPANY IMPRTD-IMPTD,FANTA ORANGE,FANTA ORANGE-ORANGE-ORANGE PET 1250 ML,PET,1250.0,ML,1250.000 ML
118,COCA COLA COMPANY IMPRTD-IMPTD,FANTA ORANGE,FANTA ORANGE-ORANGE-ORANGE PET 600 ML,PET,600.0,ML,600.000 ML
118,COCA COLA COMPANY IMPRTD-IMPTD,SPRITE,SPRITE-LEMON-PET 2000 ML,PET,2000.0,ML,2000.000 ML
118,COCA COLA COMPANY IMPRTD-IMPTD,SPRITE,SPRITE-LEMON-PET 1250 ML,PET,1250.0,ML,1250.000 ML
118,THE AGRI. MKT. - BNGLADESH,PRAN UP,PRAN UP-LEMON-LEMON PET 250 ML,PET,250.0,ML,250.000 ML
118,PEPSI COLA CMPNY IMPRTD-IMPRTD,7 UP,7 UP-LEMON-CAN 250 ML,CAN,250.0,ML,250.000 ML
118,PEPSI COLA CMPNY IMPRTD-IMPRTD,MOUNTAIN DEW,MOUNTAIN DEW-LEMON-CAN 250 ML,CAN,250.0,ML,250.000 ML
118,PEPSI COLA CMPNY IMPRTD-IMPRTD,PEPSI,PEPSI-COLA-CAN 250 ML,CAN,250.0,ML,250.000 ML
118,VARUN BEVERAGE -NEPAL,7 UP,7 UP-LEMON-PET 2250 ML,PET,2250.0,ML,2250.000 ML
118,VARUN BEVERAGE -NEPAL,MIRINDA ORANGE,MIRINDA ORANGE-ORANGE-ORANGE PET 2250 ML,PET,2250.0,ML,2250.000 ML
118,VARUN BEVERAGE -NEPAL,MOUNTAIN DEW,MOUNTAIN DEW-LEMON-PET 2250 ML,PET,2250.0,ML,2250.000 ML
118,VARUN BEVERAGE -NEPAL,PEPSI,PEPSI-COLA-PET 2250 ML,PET,2250.0,ML,2250.000 ML
118,COCA COLA COMPANY IMPRTD-IMPTD,THUMS UP,THUMS UP-COLA-PET 2000 ML,PET,2000.0,ML,2000.000 ML
118,COCA COLA COMPANY IMPRTD-IMPTD,COCA-COLA,COCA-COLA-COLA-PET 750 ML,PET,750.0,ML,750.000 ML
118,COCA COLA COMPANY IMPRTD-IMPTD,SPRITE,SPRITE-LEMON-PET 750 ML,PET,750.0,ML,750.000 ML
118,COCA COLA COMPANY IMPRTD-IMPTD,FANTA ORANGE,FANTA ORANGE-ORANGE-ORANGE PET 750 ML,PET,750.0,ML,750.000 ML
118,BOTTLERS NEPAL - NEPAL,COCA-COLA,COCA-COLA-COLA-PET 1000 ML,PET,1000.0,ML,1000.000 ML
118,BOTTLERS NEPAL - NEPAL,FANTA ORANGE,FANTA ORANGE-ORANGE-ORANGE PET 1000 ML,PET,1000.0,ML,1000.000 ML
118,BOTTLERS NEPAL - NEPAL,SPRITE,SPRITE-LEMON-PET 1000 ML,PET,1000.0,ML,1000.000 ML
118,DUGAR FOOD & BEVERAGE-NEPAL,APPY FIZZ APPLE,APPY FIZZ APPLE-APPLE-APPLE PET 250 ML,PET,250.0,ML,250.000 ML
118,HIM GANGA BEVERAGE-NEPAL,FIZZY CLUB SODA,FIZZY CLUB SODA-SODA-PET 600 ML,PET,600.0,ML,600.000 ML
118,COCA COLA COMPANY IMPRTD-IMPTD,SPRITE,SPRITE-LEMON-CAN 300 ML,CAN,300.0,ML,300.000 ML
118,COCA COLA COMPANY IMPRTD-IMPTD,SPRITE,SPRITE-LEMON-PET 400 ML,PET,400.0,ML,400.000 ML
118,HIM GANGA BEVERAGE-NEPAL,FIZZY CLUB SODA,FIZZY CLUB SODA-SODA-PET 250 ML,PET,250.0,ML,250.000 ML
118,SAMBHAVI BEVERAGE-NEPAL,SPEED DEW LEMON,SPEED DEW LEMON-LEMON-LEMON PET 250 ML,PET,250.0,ML,250.000 ML
118,PEPSI COLA CMPNY IMPRTD-IMPRTD,7 UP,7 UP-LEMON-PET 500 ML,PET,500.0,ML,500.000 ML
118,PEPSI COLA CMPNY IMPRTD-IMPRTD,MIRINDA ORANGE,MIRINDA ORANGE-ORANGE-ORANGE PET 500 ML,PET,500.0,ML,500.000 ML
118,COCA COLA COMPANY IMPRTD-IMPTD,THUMS UP,THUMS UP-COLA-PET 400 ML,PET,400.0,ML,400.000 ML
118,VARUN BEVERAGE -NEPAL,EVERVESS CLUB,EVERVESS CLUB-SODA-SODA PET 600 ML,PET,600.0,ML,600.000 ML
118,PEPSI COLA CMPNY IMPRTD-IMPRTD,MOUNTAIN DEW,MOUNTAIN DEW-LEMON-PET 400 ML,PET,400.0,ML,400.000 ML
118,THE AGRI. MKT. - BNGLADESH,MAXX COLA,MAXX COLA-COLA-PET 250 ML,PET,250.0,ML,250.000 ML
118,EVEREST FOOD & BEVERAGE-NEPAL,CAMPA COLA,CAMPA COLA-COLA-PET 250 ML,PET,250.0,ML,250.000 ML
118,THE AGRI. MKT. - BNGLADESH,MAXX COLA,MAXX COLA-COLA-PET 500 ML,PET,500.0,ML,500.000 ML
118,THE AGRI. MKT. - BNGLADESH,PRAN,PRAN-JEERA-ZEERA PANI CUMIN PET 250ML,PET,250.0,ML,250.000 ML
118,SAMBHAVI BEVERAGE-NEPAL,CHOICE COLA,CHOICE COLA-COLA-COLA FLAVOUR PET 500 ML,PET,500.0,ML,500.000 ML
118,SAMBHAVI BEVERAGE-NEPAL,CHOICE COLA,CHOICE COLA-COLA-COLA FLAVOUR PET 250 ML,PET,250.0,ML,250.000 ML
118,SAMBHAVI BEVERAGE-NEPAL,FUNDA,FUNDA-ORANGE-ORANGE PET 250 ML,PET,250.0,ML,250.000 ML
118,VARUN BEVERAGE -NEPAL,MOUNTAIN DEW,MOUNTAIN DEW-LEMON-PET 1250 ML,PET,1250.0,ML,1250.000 ML
118,THE AGRI. MKT. - BNGLADESH,MAXX COLA,MAXX COLA-COLA-CAN 330 ML,CAN,330.0,ML,330.000 ML
118,SAMBHAVI BEVERAGE-NEPAL,UNIQUE DEU,UNIQUE DEU-LEMON-PET 250 ML,PET,250.0,ML,250.000 ML
118,PEPSI COLA CMPNY IMPRTD-IMPRTD,MOUNTAIN DEW,MOUNTAIN DEW-LEMON-PET 750 ML,PET,750.0,ML,750.000 ML
118,SINGAPORE BEVERAGE-NEPAL,FANCY,FANCY-ORANGE-ORANGE PET 250 ML,PET,250.0,ML,250.000 ML
118,SAMBHAVI BEVERAGE-NEPAL,FUNDA,FUNDA-ORANGE-ORANGE PET 500 ML,PET,500.0,ML,500.000 ML
118,SINGAPORE BEVERAGE-NEPAL,MONSOON DEW,MONSOON DEW-LEMON-PET 250 ML,PET,250.0,ML,250.000 ML
118,SAMBHAVI BEVERAGE-NEPAL,UNIQUE DEU,UNIQUE DEU-LEMON-PET 500 ML,PET,500.0,ML,500.000 ML
118,SINGAPORE BEVERAGE-NEPAL,MONSOON DEW,MONSOON DEW-LEMON-PET 500 ML,PET,500.0,ML,500.000 ML
118,LUMBINI BEVERAGE-NEPAL,CUTE,CUTE-ORANGE-ORANGE PET 500 ML,PET,500.0,ML,500.000 ML
118,LUMBINI BEVERAGE-NEPAL,CUTE,CUTE-LEMON-DEU PET 500 ML,PET,500.0,ML,500.000 ML
118,SINGAPORE BEVERAGE-NEPAL,FANCY,FANCY-ORANGE-ORANGE PET 1500 ML,PET,1500.0,ML,1500.000 ML
118,SINGAPORE BEVERAGE-NEPAL,MONSOON DEW,MONSOON DEW-LEMON-PET 1500 ML,PET,1500.0,ML,1500.000 ML
118,VARUN BEVERAGE -NEPAL,MOUNTAIN DEW,MOUNTAIN DEW-LEMON-PET 300 ML,PET,300.0,ML,300.000 ML
118,EVEREST FOOD & BEVERAGE-NEPAL,CAMPA GREEN LEMON,CAMPA GREEN LEMON-LEMON-PET 250 ML,PET,250.0,ML,250.000 ML
118,SINGAPORE BEVERAGE-NEPAL,CLUB COLA,CLUB COLA-COLA-PET 250 ML,PET,250.0,ML,250.000 ML
118,LUMBINI BEVERAGE-NEPAL,CUTE,CUTE-COLA-COLA PET 1500 ML,PET,1500.0,ML,1500.000 ML
118,LUMBINI BEVERAGE-NEPAL,CUTE,CUTE-ORANGE-ORANGE PET 250 ML,PET,250.0,ML,250.000 ML
118,LUMBINI BEVERAGE-NEPAL,CUTE,CUTE-COLA-COLA PET 250 ML,PET,250.0,ML,250.000 ML
118,LUMBINI BEVERAGE-NEPAL,CUTE,CUTE-COLA-COLA PET 500 ML,PET,500.0,ML,500.000 ML
118,LUMBINI BEVERAGE-NEPAL,CUTE,CUTE-LEMON-DEU PET 250 ML,PET,250.0,ML,250.000 ML
118,SINGAPORE BEVERAGE-NEPAL,RIGHT,RIGHT-LEMON-PET 2250 ML,PET,2250.0,ML,2250.000 ML
118,PEPSI COLA CMPNY IMPRTD-IMPRTD,7 UP NIMBOOZ,7 UP NIMBOOZ-SODA-MASALA SODA PET 300 ML,PET,300.0,ML,300.000 ML
118,SINGAPORE BEVERAGE-NEPAL,CLUB COLA,CLUB COLA-COLA-PET 500 ML,PET,500.0,ML,500.000 ML
118,SINGAPORE BEVERAGE-NEPAL,RIGHT,RIGHT-LEMON-PET 500 ML,PET,500.0,ML,500.000 ML
118,SINGAPORE BEVERAGE-NEPAL,RIGHT,RIGHT-LEMON-PET 250 ML,PET,250.0,ML,250.000 ML
118,PEPSI COLA CMPNY IMPRTD-IMPRTD,MOUNTAIN DEW,MOUNTAIN DEW-LEMON-PET 500 ML,PET,500.0,ML,500.000 ML
118,PEPSI COLA CMPNY IMPRTD-IMPRTD,PEPSI,PEPSI-COLA-PET 750 ML,PET,750.0,ML,750.000 ML
118,PEPSI COLA CMPNY IMPRTD-IMPRTD,7 UP NIMBOOZ,7 UP NIMBOOZ-SODA-MASALA SODA RGB 200 ML,RGB,200.0,ML,200.000 ML
118,COCA COLA COMPANY IMPRTD-IMPTD,COCA-COLA ZERO,COCA-COLA ZERO-COLA-PET 500 ML,PET,500.0,ML,500.000 ML
118,SINGAPORE BEVERAGE-NEPAL,RIGHT,RIGHT-LEMON-PET 1500 ML,PET,1500.0,ML,1500.000 ML
118,SINGAPORE BEVERAGE-NEPAL,CLUB COLA,CLUB COLA-COLA-PET 1500 ML,PET,1500.0,ML,1500.000 ML
118,SINGAPORE BEVERAGE-NEPAL,MONSOON DEW,MONSOON DEW-LEMON-PET 2250 ML,PET,2250.0,ML,2250.000 ML
118,SAMBHAVI BEVERAGE-NEPAL,CHAT COLA,CHAT COLA-COLA-COLA PET 1500 ML,PET,1500.0,ML,1500.000 ML
118,SAMBHAVI BEVERAGE-NEPAL,MAINTAN DEW,MAINTAN DEW-LEMON-PET 250 ML,PET,250.0,ML,250.000 ML
118,SINGAPORE BEVERAGE-NEPAL,CLUB COLA,CLUB COLA-COLA-PET 2250 ML,PET,2250.0,ML,2250.000 ML
118,SINGAPORE BEVERAGE-NEPAL,FANCY,FANCY-ORANGE-ORANGE PET 2250 ML,PET,2250.0,ML,2250.000 ML
118,SAMBHAVI BEVERAGE-NEPAL,CHAT COLA,CHAT COLA-COLA-COLA PET 250 ML,PET,250.0,ML,250.000 ML
118,MANAKAMANA FRUIT & BEVERAGE-NP,CLASS COLA,CLASS COLA-COLA-ORIGINAL TASTE PET 500 ML,PET,500.0,ML,500.000 ML
118,COCA COLA COMPANY IMPRTD-IMPTD,COCA-COLA,COCA-COLA-COLA-PET 2250 ML,PET,2250.0,ML,2250.000 ML
118,COCA COLA COMPANY IMPRTD-IMPTD,FANTA ORANGE,FANTA ORANGE-ORANGE-PET 2250 ML,PET,2250.0,ML,2250.000 ML
118,MANAKAMANA FRUIT & BEVERAGE-NP,FRESH,FRESH-ORANGE-ORANGE PET 250 ML,PET,250.0,ML,250.000 ML
118,MANAKAMANA FRUIT & BEVERAGE-NP,MACHO DEW,MACHO DEW-LEMON-PET 250 ML,PET,250.0,ML,250.000 ML
118,COCA COLA COMPANY IMPRTD-IMPTD,SPRITE,SPRITE-LEMON-PET 2250 ML,PET,2250.0,ML,2250.000 ML
118,MANAKAMANA FRUIT & BEVERAGE-NP,STRIKE,STRIKE-LEMON-CLEAR PET 250 ML,PET,250.0,ML,250.000 ML
118,MANAKAMANA FRUIT & BEVERAGE-NP,STRIKE,STRIKE-LEMON-CLEAR PET 500 ML,PET,500.0,ML,500.000 ML
118,MANAKAMANA FRUIT & BEVERAGE-NP,CLASS COLA,CLASS COLA-COLA-ORIGINAL TASTE PET 250 ML,PET,250.0,ML,250.000 ML
118,MANAKAMANA FRUIT & BEVERAGE-NP,CLASS COLA,CLASS COLA-COLA-ORIGINAL TASTE PET 2250 ML,PET,2250.0,ML,2250.000 ML
118,SINGAPORE BEVERAGE-NEPAL,FANCY,FANCY-ORANGE-ORANGE PET 500 ML,PET,500.0,ML,500.000 ML
118,MANAKAMANA FRUIT & BEVERAGE-NP,MACHO DEW,MACHO DEW-LEMON-PET 500 ML,PET,500.0,ML,500.000 ML
118,MANAKAMANA FRUIT & BEVERAGE-NP,MACHO DEW,MACHO DEW-LEMON-PET 1500 ML,PET,1500.0,ML,1500.000 ML
118,SAMBHAVI BEVERAGE-NEPAL,MAINTAN DEW,MAINTAN DEW-LEMON-PET 1500 ML,PET,1500.0,ML,1500.000 ML
118,MANAKAMANA FRUIT & BEVERAGE-NP,STRIKE,STRIKE-LEMON-CLEAR PET 2250 ML,PET,2250.0,ML,2250.000 ML
118,COCA COLA COMPANY IMPRTD-IMPTD,THUMS UP,THUMS UP-COLA-PET 750 ML,PET,750.0,ML,750.000 ML
118,MANAKAMANA FRUIT & BEVERAGE-NP,CLASS COLA,CLASS COLA-COLA-ORIGINAL TASTE PET 1500 ML,PET,1500.0,ML,1500.000 ML
118,MANAKAMANA FRUIT & BEVERAGE-NP,COLD COLA,COLD COLA-COLA-ORIGINAL TASTE PET 250 ML,PET,250.0,ML,250.000 ML
118,MANAKAMANA FRUIT & BEVERAGE-NP,FRESH,FRESH-ORANGE-ORANGE PET 1500 ML,PET,1500.0,ML,1500.000 ML
118,MANAKAMANA FRUIT & BEVERAGE-NP,MACHO DEW,MACHO DEW-LEMON-PET 2250 ML,PET,2250.0,ML,2250.000 ML
118,LUMBINI BEVERAGE-NEPAL,CHISO,CHISO-LEMON-DEW PET 250 ML,PET,250.0,ML,250.000 ML
118,LUMBINI BEVERAGE-NEPAL,CHISO,CHISO-ORANGE-ORANGE PET 250 ML,PET,250.0,ML,250.000 ML
118,SINGAPORE BEVERAGE-NEPAL,CLUB SODA,CLUB SODA-SODA-PURE SODA PET 500 ML EXT PUNCH,PET,500.0,ML,500.000 ML
118,BOTTLERS NEPAL - NEPAL,COCA-COLA,COCA-COLA-COLA-PET 250 ML,PET,250.0,ML,250.000 ML
118,BOTTLERS NEPAL - NEPAL,FANTA ORANGE,FANTA ORANGE-ORANGE-ORANGE PET 250 ML,PET,250.0,ML,250.000 ML
118,SAMBHAVI BEVERAGE-NEPAL,MAINTAN DEW,MAINTAN DEW-LEMON-PET 500 ML,PET,500.0,ML,500.000 ML
118,SAMBHAVI BEVERAGE-NEPAL,SIGHT,SIGHT-LEMON-PET 250 ML,PET,250.0,ML,250.000 ML
118,BOTTLERS NEPAL - NEPAL,SPRITE,SPRITE-LEMON-PET 250 ML,PET,250.0,ML,250.000 ML
118,LUMBINI BEVERAGE-NEPAL,CHISO,CHISO-COLA-COLA PET 250 ML,PET,250.0,ML,250.000 ML
118,PATHIBHARA FOOD & PCKNG UDY-NP,COOL COLA,COOL COLA-COLA-PET 250 ML,PET,250.0,ML,250.000 ML
118,LUMBINI BEVERAGE-NEPAL,CONFIRM CHISO,CONFIRM CHISO-ORANGE-ORANGE PET 1500 ML,PET,1500.0,ML,1500.000 ML
118,SINGAPORE BEVERAGE-NEPAL,JEERU,JEERU-JEERA-JEERA MASALA PET 250 ML,PET,250.0,ML,250.000 ML
118,SINGAPORE BEVERAGE-NEPAL,RIGHT,RIGHT-LEMON-PET 1000 ML,PET,1000.0,ML,1000.000 ML
118,M.D.BOTTLERS INDS-NP,STAND,STAND-LEMON-PET 250 ML,PET,250.0,ML,250.000 ML
118,MANAKAMANA FRUIT & BEVERAGE-NP,STRIKE,STRIKE-LEMON-CLEAR PET 1500 ML,PET,1500.0,ML,1500.000 ML
118,LUMBINI BEVERAGE-NEPAL,CONFIRM CHISO,CONFIRM CHISO-COLA-COLA PET 1500 ML,PET,1500.0,ML,1500.000 ML
118,SINGAPORE BEVERAGE-NEPAL,MONSOON DEW,MONSOON DEW-LEMON-PET 1000 ML,PET,1000.0,ML,1000.000 ML
118,SINGAPORE BEVERAGE-NEPAL,CLUB COLA,CLUB COLA-COLA-PET 1000 ML,PET,1000.0,ML,1000.000 ML
118,VARUN BEVERAGE -NEPAL,MIRINDA ORANGE,MIRINDA ORANGE-ORANGE-ORANGE PET 2250 ML+FR 30 GM HOLI COLOR,PET,2250.0,ML,2250.000 ML
118,AGRO THAI FOODS PVT LTD-NEPAL,APPLEXX,APPLEXX-APPLE-APPLE PET 250 ML,PET,250.0,ML,250.000 ML
118,DYNAMIC WATER & BEVERAGE-NPL,DEMAND COLA,DEMAND COLA-COLA-COLA PET 250 ML,PET,250.0,ML,250.000 ML
118,NEPAL M.D FOOD & BEVERAGE-NEPAL,CASE-COLA,CASE-COLA-COLA-PET 250 ML,PET,250.0,ML,250.000 ML
118,NEPAL M.D FOOD & BEVERAGE-NEPAL,FANTUZ,FANTUZ-ORANGE-ORANGE PET 250 ML,PET,250.0,ML,250.000 ML
118,NEPAL M.D FOOD & BEVERAGE-NEPAL,FANTUZ,FANTUZ-ORANGE-ORANGE PET 500 ML,PET,500.0,ML,500.000 ML
118,NEPAL M.D FOOD & BEVERAGE-NEPAL,FANTUZ,FANTUZ-ORANGE-ORANGE PET 1500 ML,PET,1500.0,ML,1500.000 ML
118,NEPAL M.D FOOD & BEVERAGE-NEPAL,MENTION DEW,MENTION DEW-LEMON-PET 250 ML,PET,250.0,ML,250.000 ML
118,NEPAL M.D FOOD & BEVERAGE-NEPAL,SPORT CLEAR,SPORT CLEAR-LEMON-PET 250 ML,PET,250.0,ML,250.000 ML
118,LUMBINI BEVERAGE-NEPAL,CHISO DEW,CHISO DEW-LEMON-DEW PET 500 ML,PET,500.0,ML,500.000 ML
118,NEPAL M.D FOOD & BEVERAGE-NEPAL,SATIRE CLEAR,SATIRE CLEAR-LEMON-PET 500 ML,PET,500.0,ML,500.000 ML
118,SAMBHAVI BEVERAGE-NEPAL,SIGHT,SIGHT-LEMON-PET 500 ML,PET,500.0,ML,500.000 ML
118,NEPAL M.D FOOD & BEVERAGE-NEPAL,FREEZ,FREEZ-ORANGE-ORANGE PET 250 ML,PET,250.0,ML,250.000 ML
118,SAMBHAVI BEVERAGE-NEPAL,UNIQUE DEW,UNIQUE DEW-LEMON-PET 250 ML,PET,250.0,ML,250.000 ML
118,SAMBHAVI BEVERAGE-NEPAL,UNIQUE DEW,UNIQUE DEW-LEMON-PET 2250 ML,PET,2250.0,ML,2250.000 ML
118,BOTTLERS NEPAL - NEPAL,COCA-COLA,COCA-COLA-COLA-RGB 175 ML,RGB,175.0,ML,175.000 ML
118,BOTTLERS NEPAL - NEPAL,FANTA ORANGE,FANTA ORANGE-ORANGE-ORANGE RGB 175 ML,RGB,175.0,ML,175.000 ML
118,BOTTLERS NEPAL - NEPAL,SPRITE,SPRITE-LEMON-RGB 175 ML,RGB,175.0,ML,175.000 ML
118,NEPAL M.D FOOD & BEVERAGE-NEPAL,MAZZAKO DEW,MAZZAKO DEW-LEMON-PET 250 ML,PET,250.0,ML,250.000 ML
118,NEPAL M.D FOOD & BEVERAGE-NEPAL,CROSS-COLA,CROSS-COLA-COLA-PET 2250 ML,PET,2250.0,ML,2250.000 ML
118,NEPAL M.D FOOD & BEVERAGE-NEPAL,FREEZ,FREEZ-ORANGE-ORANGE PET 500 ML,PET,500.0,ML,500.000 ML
118,SAMBHAVI BEVERAGE-NEPAL,UNIQUE DEW,UNIQUE DEW-LEMON-PET 1000 ML,PET,1000.0,ML,1000.000 ML
118,SAMBHAVI BEVERAGE-NEPAL,UNIQUE DEW,UNIQUE DEW-LEMON-PET 1500 ML,PET,1500.0,ML,1500.000 ML
118,SAMBHAVI BEVERAGE-NEPAL,CHISO COLA,CHISO COLA-COLA-PET 250 ML,PET,250.0,ML,250.000 ML
118,SAMBHAVI BEVERAGE-NEPAL,CHISO COLA,CHISO COLA-COLA-PET 500 ML,PET,500.0,ML,500.000 ML
118,AGRO THAI FOODS PVT LTD-NEPAL,ICEEY COLA,ICEEY COLA-COLA-PET 250 ML,PET,250.0,ML,250.000 ML
118,AGRO THAI FOODS PVT LTD-NEPAL,ICEEY COLA,ICEEY COLA-COLA-PET 500 ML,PET,500.0,ML,500.000 ML
118,AGRO THAI FOODS PVT LTD-NEPAL,ICEEY MINTA ORANGE,ICEEY MINTA ORANGE-ORANGE-PET 250 ML,PET,250.0,ML,250.000 ML
118,SINGAPORE BEVERAGE-NEPAL,MONSOON DEW,MONSOON DEW-LEMON-PET 600 ML,PET,600.0,ML,600.000 ML
118,MANAKAMANA FRUIT & BEVERAGE-NP,MACHO DEW,MACHO DEW-LEMON-PET 1000 ML,PET,1000.0,ML,1000.000 ML
118,SAMBHAVI BEVERAGE-NEPAL,UNIQUE DEW,UNIQUE DEW-LEMON-PET 500 ML,PET,500.0,ML,500.000 ML
118,MANAKAMANA FRUIT & BEVERAGE-NP,MACHO DEW,MACHO DEW-LEMON-PET 600 ML,PET,600.0,ML,600.000 ML
118,PEPSI COLA CMPNY IMPRTD-IMPRTD,MOUNTAIN DEW,MOUNTAIN DEW-LEMON-PET 2000 ML+250 ML EXTRA,PET,2250.0,ML,2000.000 ML
118,VENTURA BOTTLERS PVT LTD-NEPAL,RC Q ORANGE,RC Q ORANGE-ORANGE-ORANGE PET 1500 ML,PET,1500.0,ML,1500.000 ML
118,VENTURA BOTTLERS PVT LTD-NEPAL,RC Q ORANGE,RC Q ORANGE-ORANGE-ORANGE PET 250 ML,PET,250.0,ML,250.000 ML
118,VENTURA BOTTLERS PVT LTD-NEPAL,RC Q LEMON LIME,RC Q LEMON LIME-LEMON-PET 250 ML,PET,250.0,ML,250.000 ML
118,NEPAL M.D FOOD & BEVERAGE-NEPAL,MENTION DEW,MENTION DEW-LEMON-PET 500 ML,PET,500.0,ML,500.000 ML
118,ODAT BEVERAGE PVT LTD-NEPAL,PRAN UP,PRAN UP-LEMON-LEMON PET 500 ML,PET,500.0,ML,500.000 ML
118,AGRO THAI FOODS PVT LTD-NEPAL,ICEEY CRAZY LEMONA,ICEEY CRAZY LEMONA-LEMON-PET 250 ML,PET,250.0,ML,250.000 ML
118,BISLERI INTERNATIONAL PVT LTD-INDIA,BISLERI CLUB SODA,BISLERI CLUB SODA-SODA-SODA PET 600 ML,PET,600.0,ML,600.000 ML
118,AGRO THAI FOODS PVT LTD-NEPAL,WILD MIST,WILD MIST-LEMON-PET 250 ML,PET,250.0,ML,250.000 ML
118,DYNAMIC WATER & BEVERAGE-NPL,DEMAND PRIDE,DEMAND PRIDE-LEMON-PET 250 ML,PET,250.0,ML,250.000 ML
118,ODAT BEVERAGE PVT LTD-NEPAL,PRAN UP,PRAN UP-LEMON-LEMON PET 250 ML,PET,250.0,ML,250.000 ML
118,VENTURA BOTTLERS PVT LTD-NEPAL,RC Q LEMON LIME,RC Q LEMON LIME-LEMON-PET 500 ML,PET,500.0,ML,500.000 ML
118,VENTURA BOTTLERS PVT LTD-NEPAL,MIGHTY RAIN,MIGHTY RAIN-LEMON-PET 500 ML,PET,500.0,ML,500.000 ML
118,LUMBINI BEVERAGE-NEPAL,CUTE DEW,CUTE DEW-LEMON-DEW PET 500 ML,PET,500.0,ML,500.000 ML
118,NEPAL M.D FOOD & BEVERAGE-NEPAL,CASE-COLA,CASE-COLA-COLA-PET 500 ML,PET,500.0,ML,500.000 ML
118,LUMBINI BEVERAGE-NEPAL,CUTE DEW,CUTE DEW-LEMON-DEW PET 250 ML,PET,250.0,ML,250.000 ML
118,SINGAPORE BEVERAGE-NEPAL,JEERU,JEERU-JEERA-JEERA MASALA PET 500 ML,PET,500.0,ML,500.000 ML
118,SAMBHAVI BEVERAGE-NEPAL,MAINTAN DEW,MAINTAN DEW-LEMON-PET 2500 ML,PET,2500.0,ML,2500.000 ML
118,SAMBHAVI BEVERAGE-NEPAL,CHISO COLA,CHISO COLA-COLA-PET 2500 ML,PET,2500.0,ML,2500.000 ML
118,DUGAR FOOD & BEVERAGE-NEPAL,APPY FIZZ APPLE,APPY FIZZ APPLE-APPLE-APPLE PET 160 ML,PET,160.0,ML,160.000 ML
118,VENTURA BOTTLERS PVT LTD-NEPAL,RC Q LEMON LIME,RC Q LEMON LIME-LEMON-PET 300 ML,PET,300.0,ML,300.000 ML
118,SINGAPORE BEVERAGE-NEPAL,NIMBU PANI,NIMBU PANI-LEMON-LEMON PET 250 ML,PET,250.0,ML,250.000 ML
118,VENTURA BOTTLERS PVT LTD-NEPAL,RC Q LEMON LIME,RC Q LEMON LIME-LEMON-PET 1500 ML,PET,1500.0,ML,1500.000 ML
118,DYNAMIC WATER & BEVERAGE-NPL,DIAMOND PRIDE,DIAMOND PRIDE-LEMON-LEMON PET 500 ML,PET,500.0,ML,500.000 ML
118,DYNAMIC WATER & BEVERAGE-NPL,DEMAND FUN,DEMAND FUN-ORANGE-ORANGE PET 500 ML,PET,500.0,ML,500.000 ML
118,NEPAL M.D FOOD & BEVERAGE-NEPAL,CROSS-COLA,CROSS-COLA-COLA-PET 250 ML,PET,250.0,ML,250.000 ML
118,NEPAL M.D FOOD & BEVERAGE-NEPAL,SATIRE CLEAR,SATIRE CLEAR-LEMON-PET 250 ML,PET,250.0,ML,250.000 ML
118,BOTTLERS NEPAL - NEPAL,COCA-COLA ZERO SUGAR,COCA-COLA ZERO SUGAR-COLA-PET 500 ML,PET,500.0,ML,500.000 ML
118,AGRO THAI FOODS PVT LTD-NEPAL,APPLEXX,APPLEXX-APPLE-APPLE CAN 330 ML,CAN,330.0,ML,330.000 ML
118,NEPAL M.D FOOD & BEVERAGE-NEPAL,FANTUZ,FANTUZ-ORANGE-ORANGE PET 2250 ML,PET,2250.0,ML,2250.000 ML
118,PEPSI COLA CMPNY IMPRTD-IMPRTD,MOUNTAIN DEW,MOUNTAIN DEW-LEMON-PET 2250 ML,PET,2250.0,ML,2250.000 ML
118,COCA COLA COMPANY IMPRTD-IMPTD,COCA-COLA,COCA-COLA-COLA-PET 2000 ML+250ML MAAZA FREE,PET,2000.0,ML,2000.000 ML
118,SAMBHAVI BEVERAGE-NEPAL,CHAT COLA,CHAT COLA-COLA-COLA PET 2250 ML,PET,2250.0,ML,2250.000 ML
118,SAMBHAVI BEVERAGE-NEPAL,CHAT COLA,CHAT COLA-COLA-COLA PET 500 ML,PET,500.0,ML,500.000 ML
118,BOTTLERS NEPAL - NEPAL,FANTA APPLE,FANTA APPLE-APPLE-APPLE PET 250 ML,PET,250.0,ML,250.000 ML
118,COCA COLA COMPANY IMPRTD-IMPTD,COCA-COLA,COCA-COLA-COLA-PET 250 ML,PET,250.0,ML,250.000 ML
118,COCA COLA COMPANY IMPRTD-IMPTD,FANTA ORANGE,FANTA ORANGE-ORANGE-ORANGE PET 250 ML,PET,250.0,ML,250.000 ML
118,COCA COLA COMPANY IMPRTD-IMPTD,SPRITE,SPRITE-LEMON-PET 250 ML,PET,250.0,ML,250.000 ML
118,PARLE AGRO PVT LTD-INDIA,FIZZ,FIZZ-MALT-MALT PET 160 ML,PET,160.0,ML,160.000 ML
118,PARLE AGRO PVT LTD-INDIA,FIZZ,FIZZ-MALT-MALT PET 250 ML,PET,250.0,ML,250.000 ML
118,AGRO THAI FOODS PVT LTD-NEPAL,COSTA BRAVA SODA,COSTA BRAVA SODA-SODA-SODA PET 250 ML,PET,250.0,ML,250.000 ML
118,PEPSI COLA CMPNY IMPRTD-IMPRTD,PEPSI,PEPSI-COLA-PET 2250 ML,PET,2250.0,ML,2250.000 ML
118,VENTURA BOTTLERS PVT LTD-NEPAL,RC COLA,RC COLA-COLA-COLA PET 250 ML,PET,250.0,ML,250.000 ML
118,BOTTLERS NEPAL - NEPAL,FANTA APPLE,FANTA APPLE-APPLE-APPLE PET 500 ML,PET,500.0,ML,500.000 ML
118,LUMBINI BEVERAGE-NEPAL,CONFIRM CHISO,CONFIRM CHISO-LEMON-DEW PET 500 ML,PET,500.0,ML,500.000 ML
118,LUMBINI BEVERAGE-NEPAL,CONFIRM CHISO,CONFIRM CHISO-ORANGE-ORANGE PET 250 ML,PET,250.0,ML,250.000 ML
118,NEPAL M.D FOOD & BEVERAGE-NEPAL,MENTION DEW,MENTION DEW-LEMON-PET 2250 ML,PET,2250.0,ML,2250.000 ML
118,NEPAL M.D FOOD & BEVERAGE-NEPAL,MAZZAKO DEW,MAZZAKO DEW-LEMON-PET 2250 ML,PET,2250.0,ML,2250.000 ML
118,SAMBHAVI BEVERAGE-NEPAL,FUNNY,FUNNY-ORANGE-ORANGE PET 250 ML,PET,250.0,ML,250.000 ML
118,SAMBHAVI BEVERAGE-NEPAL,FUNNY,FUNNY-ORANGE-ORANGE PET 500 ML,PET,500.0,ML,500.000 ML
118,SAMBHAVI BEVERAGE-NEPAL,CHISO COLA,CHISO COLA-COLA-PET 1500 ML,PET,1500.0,ML,1500.000 ML
118,VENTURA BOTTLERS PVT LTD-NEPAL,RC Q LEMON LIME,RC Q LEMON LIME-LEMON-PET 2250 ML,PET,2250.0,ML,2250.000 ML
118,HYGEN PACKS NEPAL PVT LTD-NEPAL,MANIA DEW,MANIA DEW-LEMON-PET 250 ML,PET,250.0,ML,250.000 ML
118,MANAKAMANA FRUIT & BEVERAGE-NP,MAGIC DEW,MAGIC DEW-LEMON-PET 2250 ML,PET,2250.0,ML,2250.000 ML
118,COCA COLA COMPANY IMPRTD-IMPTD,THUMS UP,THUMS UP-COLA-PET 2250 ML,PET,2250.0,ML,2250.000 ML
118,COCA COLA COMPANY IMPRTD-IMPTD,COCA-COLA,COCA-COLA-COLA-PET 1000 ML,PET,1000.0,ML,1000.000 ML
118,COCA COLA COMPANY IMPRTD-IMPTD,SPRITE,SPRITE-LEMON-PET 1000 ML,PET,1000.0,ML,1000.000 ML
118,NEPAL M.D FOOD & BEVERAGE-NEPAL,CROSS-COLA,CROSS-COLA-COLA-PET 500 ML,PET,500.0,ML,500.000 ML
118,NEPAL M.D FOOD & BEVERAGE-NEPAL,MENTION DEW,MENTION DEW-LEMON-PET 1500 ML,PET,1500.0,ML,1500.000 ML
118,PATHIBHARA FOOD & PCKNG UDY-NP,MOTION DEW,MOTION DEW-LEMON-PET 1500 ML,PET,1500.0,ML,1500.000 ML
118,NEPAL SOFT DRINKS UDHYOG-NEPAL,PRINTA,PRINTA-ORANGE-ORANGE PET 250 ML,PET,250.0,ML,250.000 ML
118,PEPSI COLA CMPNY IMPRTD-IMPRTD,MOUNTAIN DEW,MOUNTAIN DEW-LEMON-PET 250 ML,PET,250.0,ML,250.000 ML
118,PEPSI COLA CMPNY IMPRTD-IMPRTD,MOUNTAIN DEW,MOUNTAIN DEW-LEMON-PET 1250 ML,PET,1250.0,ML,1250.000 ML
118,VENTURA BOTTLERS PVT LTD-NEPAL,RC COLA,RC COLA-COLA-COLA PET 500 ML,PET,500.0,ML,500.000 ML
118,VENTURA BOTTLERS PVT LTD-NEPAL,MIGHTY RAIN,MIGHTY RAIN-LEMON-PET 250 ML,PET,250.0,ML,250.000 ML
118,CAVA FOODS & BEVERAGES-INDIA,AC CLEAR LEMON,AC CLEAR LEMON-LEMON-PET 250 ML,PET,250.0,ML,250.000 ML
118,SAMBHAVI BEVERAGE-NEPAL,FUNNY,FUNNY-ORANGE-ORANGE PET 2250 ML,PET,2250.0,ML,2250.000 ML
118,LUMBINI BEVERAGE-NEPAL,CONFIRM CHISO,CONFIRM CHISO-LEMON-DEW PET 250 ML,PET,250.0,ML,250.000 ML
118,S.A.J SOFTDRNK & BEVRG IND-NP,FRESH,FRESH-ORANGE-PET 250 ML,PET,250.0,ML,250.000 ML
118,NEPAL M.D FOOD & BEVERAGE-NEPAL,MAZZAKO DEW,MAZZAKO DEW-LEMON-PET 1500 ML,PET,1500.0,ML,1500.000 ML
118,AGRO THAI FOODS PVT LTD-NEPAL,WILD MIST,WILD MIST-LEMON-PET 500 ML,PET,500.0,ML,500.000 ML
118,M.D.BOTTLERS INDS-NP,STAND,STAND-LEMON-PET 500 ML,PET,500.0,ML,500.000 ML
118,M.D.BOTTLERS INDS-NP,FELIZ,FELIZ-ORANGE-PET 250 ML,PET,250.0,ML,250.000 ML
118,M.D.BOTTLERS INDS-NP,CHAUCA COLA,CHAUCA COLA-COLA-PET 250 ML,PET,250.0,ML,250.000 ML
118,PEPSI COLA CMPNY IMPRTD-IMPRTD,7 UP NIMBOOZ,7 UP NIMBOOZ-LEMON-LEMON PET 250 ML,PET,250.0,ML,250.000 ML
118,BOTTLERS NEPAL - NEPAL,COCA-COLA ZERO SUGAR,COCA-COLA ZERO SUGAR-COLA-PET 250 ML,PET,250.0,ML,250.000 ML
118,SAMBHAVI BEVERAGE-NEPAL,CAMPA CLEAR LEMON,CAMPA CLEAR LEMON-LEMON-PET 500 ML,PET,500.0,ML,500.000 ML
118,SAMBHAVI BEVERAGE-NEPAL,CAMPA GREEN LEMON,CAMPA GREEN LEMON-LEMON-PET 250 ML,PET,250.0,ML,250.000 ML
118,SAMBHAVI BEVERAGE-NEPAL,CAMPA ORANGE,CAMPA ORANGE-ORANGE-PET 250 ML,PET,250.0,ML,250.000 ML
118,MAXX-UP DRINKS PVT LTD-NEPAL,SPIKE CLEAR LEMON,SPIKE CLEAR LEMON-LEMON-PET 250 ML,PET,250.0,ML,250.000 ML
118,MANAKAMANA FRUIT & BEVERAGE-NP,FRESHTA,FRESHTA-ORANGE-ORANGE PET 250 ML,PET,250.0,ML,250.000 ML
118,SAMBHAVI BEVERAGE-NEPAL,CAMPA GREEN LEMON,CAMPA GREEN LEMON-LEMON-PET 500 ML,PET,500.0,ML,500.000 ML
118,S.A.J SOFTDRNK & BEVRG IND-NP,REFRESH,REFRESH-LEMON-PET 500 ML,PET,500.0,ML,500.000 ML
118,MANAKAMANA FRUIT & BEVERAGE-NP,FRESHTA,FRESHTA-ORANGE-ORANGE PET 500 ML,PET,500.0,ML,500.000 ML
118,MANAKAMANA FRUIT & BEVERAGE-NP,FRESHTA,FRESHTA-ORANGE-ORANGE PET 1500 ML,PET,1500.0,ML,1500.000 ML
118,BOTTLERS NEPAL - NEPAL,KINLEY,KINLEY-SODA-SODA PET 250 ML,PET,250.0,ML,250.000 ML
118,LUMBINI BEVERAGE-NEPAL,CONFIRM CHISO,CONFIRM CHISO-ORANGE-ORANGE PET 500 ML,PET,500.0,ML,500.000 ML
118,NEPAL M.D FOOD & BEVERAGE-NEPAL,SPORT CLEAR,SPORT CLEAR-LEMON-PET 500 ML,PET,500.0,ML,500.000 ML
118,S.A.J SOFTDRNK & BEVRG IND-NP,FRESH,FRESH-ORANGE-PET 600 ML,PET,600.0,ML,600.000 ML
118,AGRO THAI FOODS PVT LTD-NEPAL,ICEEY JEERA COLA,ICEEY JEERA COLA-JEERA-PET 250 ML,PET,250.0,ML,250.000 ML
118,M.D.BOTTLERS INDS-NP,MASTER DEW,MASTER DEW-LEMON-PET 250 ML,PET,250.0,ML,250.000 ML
118,SHIVAM INDIA BEVERAGES-INDIA,TRIPP COOL,TRIPP COOL-LEMON-LIME PET 250 ML,PET,250.0,ML,250.000 ML
118,SHIVAM INDIA BEVERAGES-INDIA,TRIPP COOL,TRIPP COOL-ORANGE-ORANGE PET 250 ML,PET,250.0,ML,250.000 ML
118,COCA COLA COMPANY IMPRTD-IMPTD,THUMS UP,THUMS UP-COLA-PET 250 ML,PET,250.0,ML,250.000 ML
118,BOTTLERS NEPAL - NEPAL,COCA-COLA ZERO SUGAR,COCA-COLA ZERO SUGAR-COLA-RGB 250 ML,RGB,250.0,ML,250.000 ML
118,AGRO THAI FOODS PVT LTD-NEPAL,ICEEY COLA ZERO,ICEEY COLA ZERO-COLA-CAN 330 ML,CAN,330.0,ML,330.000 ML
118,S.A.J SOFTDRNK & BEVRG IND-NP,REFRESH,REFRESH-LEMON-PET 250 ML,PET,250.0,ML,250.000 ML
118,HYGEN PACKS NEPAL PVT LTD-NEPAL,FIZZY MANIA,FIZZY MANIA-APPLE-APPLE PET 250 ML,PET,250.0,ML,250.000 ML
118,HYGEN PACKS NEPAL PVT LTD-NEPAL,MANIA ZEERA MASALA,MANIA ZEERA MASALA-APPLE-APPLE PET 250 ML,PET,250.0,ML,250.000 ML
118,PARLE AGRO PVT LTD-INDIA,APPY FIZZ APPLE,APPY FIZZ APPLE-APPLE-APPLE PET 175 ML,PET,175.0,ML,175.000 ML
118,SINGAPORE BEVERAGE-NEPAL,FANCY,FANCY-ORANGE-ORANGE PET 1000 ML,PET,1000.0,ML,1000.000 ML
118,PARLE AGRO PVT LTD-INDIA,APPY FIZZ APPLE,APPY FIZZ APPLE-APPLE-APPLE PET 160 ML,PET,160.0,ML,160.000 ML
118,VARUN BEVERAGE -NEPAL,EVERVESS CLUB,EVERVESS CLUB-SODA-SODA PET 500 ML,PET,500.0,ML,500.000 ML
118,SOUTH ASIAN BEVERAGES P. LTD-NEPAL,APPY FIZZ APPLE,APPY FIZZ APPLE-APPLE-APPLE PET 160 ML,PET,160.0,ML,160.000 ML
118,VARUN BEVERAGE -NEPAL,MOUNTAIN DEW,MOUNTAIN DEW-LEMON-MOUNTAIN DEW PET 2250 ML+250 ML STING FREE,PET,2250.0,ML,2250.000 ML
118,BOTTLERS NEPAL - NEPAL,COCA-COLA,COCA-COLA-COLA-COCA-COLA PET 2250 ML+250 ML COCA-COLA ZERO SUGAR FREE,PET,2250.0,ML,2250.000 ML
118,SINGAPORE BEVERAGE-NEPAL,LEMONZAAAAA NIMBU PANI,LEMONZAAAAA NIMBU PANI-LEMON-LEMON PET 250 ML,PET,250.0,ML,250.000 ML
118,PARLE AGRO PVT LTD-INDIA,APPY FIZZ APPLE,APPY FIZZ APPLE-APPLE-APPLE PET 125 ML,PET,125.0,ML,125.000 ML
118,SINGAPORE BEVERAGE-NEPAL,CLUB SODA,CLUB SODA-SODA-PURE SODA PET 250 ML EXT PUNCH,PET,250.0,ML,250.000 ML
118,COCA COLA COMPANY IMPRTD-IMPTD,FANTA ORANGE,FANTA ORANGE-ORANGE-ORANGE PET 2250 ML+RS. 14 OFF,PET,2250.0,ML,2250.000 ML
118,COCA COLA COMPANY IMPRTD-IMPTD,SPRITE,SPRITE-LEMON-PET 2250 ML+RS. 14 OFF,PET,2250.0,ML,2250.000 ML
118,AGRO THAI FOODS PVT LTD-NEPAL,CRANBERRY,CRANBERRY-CRANBERRY-CRANBERRY PET 250 ML,PET,250.0,ML,250.000 ML
118,VENTURA BOTTLERS PVT LTD-NEPAL,MIGHTY RAIN,MIGHTY RAIN-LEMON-PET 2250 ML,PET,2250.0,ML,2250.000 ML
118,NEPAL M.D FOOD & BEVERAGE-NEPAL,MD DEW,MD DEW-LEMON-PET 250 ML,PET,250.0,ML,250.000 ML
118,BOTTLERS NEPAL - NEPAL,SPRITE,SPRITE-LEMON-SPRITE PET 2250 ML+2 PM AKABARE NOODLES 80 GM FREE,PET,2250.0,ML,2250.000 ML
118,DABUR NEPAL LTD.-NEPAL,REAL FRUIT POWER FIZZIN,REAL FRUIT POWER FIZZIN-JEERA-MASALA COLA MINI PET 150 ML,PET,150.0,ML,150.000 ML
118,LIFE FOOD & BEVERAGE-NEPAL,FIZZY LIFE CLUB SODA,FIZZY LIFE CLUB SODA-SODA-SODA PET 250 ML,PET,250.0,ML,250.000 ML
118,LIFE FOOD & BEVERAGE-NEPAL,FIZZY LIFE,FIZZY LIFE-GREEN APPLE-GREEN APPLE PET 250 ML,PET,250.0,ML,250.000 ML
118,LIFE FOOD & BEVERAGE-NEPAL,FIZZY LIFE,FIZZY LIFE-LYCHEE-LITCHI PET 250 ML,PET,250.0,ML,250.000 ML
118,PEPSI COLA CMPNY IMPRTD-IMPRTD,MIRINDA ORANGE,MIRINDA ORANGE-ORANGE-ORANGE PET 2250 ML,PET,2250.0,ML,2250.000 ML
118,PEPSI COLA CMPNY IMPRTD-IMPRTD,PEPSI,PEPSI-COLA-PET 250 ML,PET,250.0,ML,250.000 ML
118,DABUR NEPAL LTD.-NEPAL,REAL FRUIT POWER FIZZIN,REAL FRUIT POWER FIZZIN-LEMON-NIMBU MINI PET 150 ML,PET,150.0,ML,150.000 ML
118,DABUR NEPAL LTD.-NEPAL,REAL FRUIT POWER FIZZIN,REAL FRUIT POWER FIZZIN-APPLE-APPLE MINI PET 150 ML,PET,150.0,ML,150.000 ML
118,DABUR NEPAL LTD.-NEPAL,REAL FRUIT POWER FIZZIN,REAL FRUIT POWER FIZZIN-APPLE-APPLE PET 250 ML,PET,250.0,ML,250.000 ML
118,DABUR NEPAL LTD.-NEPAL,REAL FRUIT POWER FIZZIN,REAL FRUIT POWER FIZZIN-APPLE-APPLE PET 500 ML,PET,500.0,ML,500.000 ML
118,PRAGATI BEVERAGES-INDIA,KEMPTY FIZZY LEMON,KEMPTY FIZZY LEMON-LEMON-PET 250 ML,PET,250.0,ML,250.000 ML
118,SINGAPORE BEVERAGE-NEPAL,JEERU,JEERU-JEERA-JEERA MASALA CAN 250 ML,CAN,250.0,ML,250.000 ML
118,SAMBHAVI BEVERAGE-NEPAL,3 STAR,3 STAR-LEMON-LEMON PET 250 ML,PET,250.0,ML,250.000 ML
118,SOUTH ASIAN BEVERAGES P. LTD-NEPAL,APPY FIZZ APPLE,APPY FIZZ APPLE-APPLE-APPLE PET 250 ML,PET,250.0,ML,250.000 ML
118,SOUTH ASIAN BEVERAGES P. LTD-NEPAL,APPY FIZZ APPLE,APPY FIZZ APPLE-APPLE-APPLE PET 500 ML,PET,500.0,ML,500.000 ML
118,LUMBINI BEVERAGE-NEPAL,CUTE COLA,CUTE COLA-COLA-COLA PET 2250 ML,PET,2250.0,ML,2250.000 ML
118,LUMBINI BEVERAGE-NEPAL,CUTE ORANGE,CUTE ORANGE-ORANGE-ORANGE PET 2250 ML,PET,2250.0,ML,2250.000 ML
118,COCA COLA COMPANY IMPRTD-IMPTD,LIMCA LIME 'N' LEMONI,LIMCA LIME 'N' LEMONI-LEMON-LEMON PET 250 ML,PET,250.0,ML,250.000 ML
118,SINGAPORE BEVERAGE-NEPAL,MONSOON DEW,MONSOON DEW-LEMON-CAN 250 ML,CAN,250.0,ML,250.000 ML
118,DUWAL BROTHERS-NEPAL,QUEENTA,QUEENTA-ORANGE-ORANGE PET 250 ML,PET,250.0,ML,250.000 ML
118,DUWAL BROTHERS-NEPAL,SPRINTO,SPRINTO-LEMON-LEMON PET 250 ML,PET,250.0,ML,250.000 ML
118,PATHIBHARA FOOD & PCKNG UDY-NP,MOTION DEW,MOTION DEW-LEMON-PET 250 ML,PET,250.0,ML,250.000 ML
118,LIFE FOOD & BEVERAGE-NEPAL,FIZZY LIFE MASALA COLA,FIZZY LIFE MASALA COLA-COLA-MASALA COLA PET 150 ML,PET,150.0,ML,150.000 ML
118,LUMBINI BEVERAGE-NEPAL,CONFIRM CHISO,CONFIRM CHISO-COLA-COLA PET 250 ML,PET,250.0,ML,250.000 ML
118,CAVA FOODS & BEVERAGES-INDIA,CAVA ORANGE,CAVA ORANGE-ORANGE-PET 250 ML,PET,250.0,ML,250.000 ML
118,DYNAMIC WATER & BEVERAGE-NPL,DEMAND FUN,DEMAND FUN-ORANGE-ORANGE PET 250 ML,PET,250.0,ML,250.000 ML
118,MANAKAMANA FRUIT & BEVERAGE-NP,NIMBU FRESH,NIMBU FRESH-LEMON-LEMON PET 250 ML,PET,250.0,ML,250.000 ML
118,LUMBINI BEVERAGE-NEPAL,CONFIRM CHISO,CONFIRM CHISO-COLA-COLA PET 500 ML,PET,500.0,ML,500.000 ML
118,MANAKAMANA FRUIT & BEVERAGE-NP,MAGIC DEW,MAGIC DEW-LEMON-PET 250 ML,PET,250.0,ML,250.000 ML
118,NEPAL M.D FOOD & BEVERAGE-NEPAL,MAZZAKO DEW,MAZZAKO DEW-LEMON-PET 500 ML,PET,500.0,ML,500.000 ML
118,LS WATER & BEVERAGE-NEPAL,IMJA SODA,IMJA SODA-SODA-SODA PET 500 ML,PET,500.0,ML,500.000 ML
118,LUMBINI BEVERAGE-NEPAL,CONFIRM CHISO,CONFIRM CHISO-LEMON-DEW PET 1500 ML,PET,1500.0,ML,1500.000 ML
118,LIFE FOOD & BEVERAGE-NEPAL,FIZZY LIFE NIMBOO,FIZZY LIFE NIMBOO-LEMON-LEMON PET 250 ML,PET,250.0,ML,250.000 ML
118,SOUTH ASIAN BEVERAGES P. LTD-NEPAL,FIZZ,FIZZ-MALT-MALT PET 160 ML,PET,160.0,ML,160.000 ML
118,PARLE AGRO PVT LTD-INDIA,APPY FIZZ APPLE,APPY FIZZ APPLE-APPLE-APPLE PET 250 ML,PET,250.0,ML,250.000 ML
118,SINGAPORE BEVERAGE-NEPAL,LEMONZAAAAA NIMBU PANI,LEMONZAAAAA NIMBU PANI-LEMON-LEMON PET 600 ML,PET,600.0,ML,600.000 ML
118,PATHIBHARA FOOD & PCKNG UDY-NP,MOTION DEW,MOTION DEW-LEMON-PET 600 ML,PET,600.0,ML,600.000 ML
118,VENTURA BOTTLERS PVT LTD-NEPAL,RC COLA,RC COLA-COLA-COLA PET 2250 ML,PET,2250.0,ML,2250.000 ML
118,MANAKAMANA FRUIT & BEVERAGE-NP,NIMBU FRESH,NIMBU FRESH-LEMON-LEMON PET 500 ML,PET,500.0,ML,500.000 ML
118,MANAKAMANA FRUIT & BEVERAGE-NP,SHIKANJI MASALA,SHIKANJI MASALA-UNSPECIFIED-PET 250 ML,PET,250.0,ML,250.000 ML
118,MANAKAMANA FRUIT & BEVERAGE-NP,PEACH MASTI,PEACH MASTI-PEACH-PEACH PET 250 ML,PET,250.0,ML,250.000 ML
118,SINGAPORE BEVERAGE-NEPAL,LEMONZAAAAA NIMBU PANI,LEMONZAAAAA NIMBU PANI-LEMON-LEMON PET 2250 ML,PET,2250.0,ML,2250.000 ML
118,SHAMBHAVI FOOD & BEVERAGES-NEPAL,MAINTAIN DEW,MAINTAIN DEW-LEMON-PET 1000 ML,PET,1000.0,ML,1000.000 ML
118,BOTTLERS NEPAL - NEPAL,COCA-COLA,COCA-COLA-COLA-COCA-COLA PET 2250 ML+250 ML COCA-COLA FREE,PET,2250.0,ML,2250.000 ML
118,BOTTLERS NEPAL - NEPAL,COCA-COLA,COCA-COLA-COLA-COCA-COLA PET 1500 ML+250 ML COCA-COLA FREE,PET,1500.0,ML,1500.000 ML
118,BOTTLERS NEPAL - NEPAL,SPRITE,SPRITE-LEMON-SPRITE PET 1500 ML+250 ML SPRITE FREE,PET,1500.0,ML,1500.000 ML
118,MANAKAMANA FRUIT & BEVERAGE-NP,CLASS COLA,CLASS COLA-COLA-PET 1000 ML,PET,1000.0,ML,1000.000 ML
118,BOTTLERS NEPAL - NEPAL,SPRITE,SPRITE-LEMON-SPRITE PET 2250 ML+250 ML SPRITE FREE,PET,2250.0,ML,2250.000 ML
118,BOTTLERS NEPAL - NEPAL,FANTA ORANGE,FANTA ORANGE-ORANGE-FANTA ORANGE PET 2250 ML+250 ML FANTA FREE,PET,2250.0,ML,2250.000 ML
118,BOTTLERS NEPAL - NEPAL,FANTA ORANGE,FANTA ORANGE-ORANGE-FANTA ORANGE PET 1500 ML+250 ML FANTA FREE,PET,1500.0,ML,1500.000 ML
118,PEPSI COLA CMPNY IMPRTD-IMPRTD,MOUNTAIN DEW,MOUNTAIN DEW-LEMON-PET 2000 ML,PET,2000.0,ML,2000.000 ML
118,AGRO THAI FOODS PVT LTD-NEPAL,ICEEY CRAZY LEMONA,ICEEY CRAZY LEMONA-LEMON-PET 500 ML,PET,500.0,ML,500.000 ML
118,AGRO THAI FOODS PVT LTD-NEPAL,ICEEY CRAZY LEMONA,ICEEY CRAZY LEMONA-LEMON-PET 1500 ML,PET,1500.0,ML,1500.000 ML
118,VARUN BEVERAGE -NEPAL,PEPSI,PEPSI-COLA-PET 250 ML+150 ML FREE,PET,400.0,ML,250.000 ML
118,VARUN BEVERAGE -NEPAL,MIRINDA ORANGE,MIRINDA ORANGE-ORANGE-ORANGE PET 250 ML+150 ML FREE,PET,400.0,ML,250.000 ML
118,VARUN BEVERAGE -NEPAL,7 UP,7 UP-LEMON-PET 250 ML+150 ML FREE,PET,400.0,ML,250.000 ML
118,COCA COLA COMPANY IMPRTD-IMPTD,COCA-COLA,COCA-COLA-COLA-PET 2250 ML+RS. 24 OFF,PET,2250.0,ML,2250.000 ML
118,COCA COLA COMPANY IMPRTD-IMPTD,SPRITE,SPRITE-LEMON-PET 2250 ML+RS. 24 OFF,PET,2250.0,ML,2250.000 ML
118,ASIAN BEVERAGE PVT LTD-INDIA,CAMPA COLA,CAMPA COLA-COLA-PET 2000 ML,PET,2000.0,ML,2000.000 ML
118,MANAKAMANA FRUIT & BEVERAGE-NP,LICHEE DRINK,LICHEE DRINK-LYCHEE-LITCHI PET 250 ML,PET,250.0,ML,250.000 ML
118,SHAMBHAVI FOOD & BEVERAGES-NEPAL,3 STAR,3 STAR-LEMON-LEMON PET 250 ML,PET,250.0,ML,250.000 ML
118,DUWAL BROTHERS-NEPAL,LEMON LIME,LEMON LIME-LEMON-LEMON PET 250 ML,PET,250.0,ML,250.000 ML
118,PATHIBHARA FOOD & PCKNG UDY-NP,MOTION DEW,MOTION DEW-LEMON-PET 500 ML,PET,500.0,ML,500.000 ML
118,LIFE FOOD & BEVERAGE-NEPAL,FIZZY LIFE LAHORI JAL JEERA,FIZZY LIFE LAHORI JAL JEERA-JEERA-JAL JEERA PET 250 ML,PET,250.0,ML,250.000 ML
118,NEPAL M.D FOOD & BEVERAGE-NEPAL,CROSS-COLA,CROSS-COLA-COLA-PET 1500 ML,PET,1500.0,ML,1500.000 ML
118,AGRO THAI FOODS PVT LTD-NEPAL,COSTA BRAVA SODA,COSTA BRAVA SODA-SODA-SODA PET 500 ML,PET,500.0,ML,500.000 ML
118,M.D.BOTTLERS INDS-NP,CHAUCA COLA,CHAUCA COLA-COLA-PET 1500 ML,PET,1500.0,ML,1500.000 ML
118,PEPSI COLA CMPNY IMPRTD-IMPRTD,MOUNTAIN DEW,MOUNTAIN DEW-LEMON-PET 250 ML+150 ML FREE,PET,400.0,ML,250.000 ML
118,VARUN BEVERAGE -NEPAL,MIRINDA ORANGE,MIRINDA ORANGE-ORANGE-ORANGE PET 2250 ML+250 ML MOUNTAIN DEW FREE,PET,2250.0,ML,2250.000 ML
118,NEPAL M.D FOOD & BEVERAGE-NEPAL,MENTION DEW,MENTION DEW-LEMON-PET 1000 ML,PET,1000.0,ML,1000.000 ML
118,VARUN BEVERAGE -NEPAL,PEPSI,PEPSI-COLA-PET 2250 ML+250 ML MOUNTAIN DEW FREE,PET,2250.0,ML,2250.000 ML
118,PEPSI COLA CMPNY IMPRTD-IMPRTD,MOUNTAIN DEW,MOUNTAIN DEW-LEMON-PET 1000 ML,PET,1000.0,ML,1000.000 ML
118,MANAKAMANA FRUIT & BEVERAGE-NP,CLASS SODA,CLASS SODA-SODA-PET 250 ML,PET,250.0,ML,250.000 ML
118,M.D.BOTTLERS INDS-NP,CHAUCA COLA,CHAUCA COLA-COLA-PET 500 ML,PET,500.0,ML,500.000 ML
118,MANAKAMANA FRUIT & BEVERAGE-NP,NIMBU FRESH,NIMBU FRESH-LEMON-LEMON PET 2250 ML,PET,2250.0,ML,2250.000 ML
118,SHAMBHAVI FOOD & BEVERAGES-NEPAL,NIMUE NIMBU PANI,NIMUE NIMBU PANI-LEMON-PET 250 ML,PET,250.0,ML,250.000 ML
118,PEPSI COLA CMPNY IMPRTD-IMPRTD,7 UP NIMBOOZ,7 UP NIMBOOZ-LEMON-LEMON PET 350 ML,PET,350.0,ML,350.000 ML
118,RAYBOT SPRING'S MINERAL WATER-NEPAL,RELIEF NIMBU PANI,RELIEF NIMBU PANI-LEMON-LEMON PET 250 ML,PET,250.0,ML,250.000 ML
118,SINGAPORE BEVERAGE-NEPAL,LEMONZAAAAA NIMBU PANI,LEMONZAAAAA NIMBU PANI-LEMON-LEMON PET 1500 ML,PET,1500.0,ML,1500.000 ML
118,MANAKAMANA FRUIT & BEVERAGE-NP,NIMBU FRESH,NIMBU FRESH-LEMON-LEMON PET 1500 ML,PET,1500.0,ML,1500.000 ML
118,VARUN BEVERAGE -NEPAL,7 UP,7 UP-LEMON-PET 2250 ML+250 ML MOUNTAIN DEW FREE,PET,2250.0,ML,2250.000 ML
118,MANAKAMANA FRUIT & BEVERAGE-NP,MINT LEMONADE,MINT LEMONADE-LEMON-LEMON PET 250 ML,PET,250.0,ML,250.000 ML
118,PEPSI COLA CMPNY IMPRTD-IMPRTD,PEPSI,PEPSI-COLA-PET 250 ML+150 ML FREE,PET,400.0,ML,250.000 ML
118,BOTTLERS NEPAL - NEPAL,COCA-COLA,COCA-COLA-COLA-PET 2000 ML+250 ML COCA-COLA FREE,PET,2000.0,ML,2000.000 ML
118,BOTTLERS NEPAL - NEPAL,SPRITE,SPRITE-LEMON-PET 2000 ML+250 ML COCA-COLA FREE,PET,2000.0,ML,2000.000 ML
118,BOTTLERS NEPAL - NEPAL,FANTA ORANGE,FANTA ORANGE-ORANGE-ORANGE PET 2000 ML+250 ML COCA-COLA FREE,PET,2000.0,ML,2000.000 ML
118,BOTTLERS NEPAL - NEPAL,FANTA ORANGE,FANTA ORANGE-ORANGE-ORANGE PET 2250 ML+250 ML COKE FREE,PET,2250.0,ML,2250.000 ML
118,BOTTLERS NEPAL - NEPAL,SPRITE,SPRITE-LEMON-PET 2250 ML+250 ML COKE FREE,PET,2250.0,ML,2250.000 ML
118,COCA COLA COMPANY IMPRTD-IMPTD,COCA-COLA,COCA-COLA-COLA-PET 2000 ML+1 LTR KINLEY WATER FREE,PET,2000.0,ML,2000.000 ML
118,COCA COLA COMPANY IMPRTD-IMPTD,SPRITE,SPRITE-LEMON-PET 2000 ML+1 LTR KINLEY WATER FREE,PET,2000.0,ML,2000.000 ML
118,BOTTLERS NEPAL - NEPAL,FANTA LEMON,FANTA LEMON-LEMON-LEMON PET 250 ML,PET,250.0,ML,250.000 ML
118,LIFE FOOD & BEVERAGE-NEPAL,FIZZY LIFE NIMBOO,FIZZY LIFE NIMBOO-LEMON-LEMON PET 500 ML,PET,500.0,ML,500.000 ML
118,SHAMBHAVI FOOD & BEVERAGES-NEPAL,NIMUE NIMBU PANI,NIMUE NIMBU PANI-LEMON-PET 500 ML,PET,500.0,ML,500.000 ML
118,SHAMBHAVI FOOD & BEVERAGES-NEPAL,NIMUE NIMBU PANI,NIMUE NIMBU PANI-LEMON-PET 2250 ML,PET,2250.0,ML,2250.000 ML
118,LIFE FOOD & BEVERAGE-NEPAL,LIFE NIMBOO PANI,LIFE NIMBOO PANI-LEMON-LEMON PET 250 ML,PET,250.0,ML,250.000 ML
118,NEPAL M.D FOOD & BEVERAGE-NEPAL,LEMON NIMBU PANI,LEMON NIMBU PANI-LEMON-PET 250 ML,PET,250.0,ML,250.000 ML
118,SHAMBHAVI FOOD & BEVERAGES-NEPAL,MAINTAIN DEW,MAINTAIN DEW-LEMON-PET 200 ML,PET,200.0,ML,200.000 ML
118,BOTTLERS NEPAL - NEPAL,FANTA LEMON,FANTA LEMON-LEMON-LEMON PET 2000 ML,PET,2000.0,ML,2000.000 ML
118,SINGAPORE BEVERAGE-NEPAL,LEMONZAAAAA NIMBU PANI,LEMONZAAAAA NIMBU PANI-LEMON-LEMON PET 1000 ML,PET,1000.0,ML,1000.000 ML
118,BOTTLERS NEPAL - NEPAL,FANTA LEMON,FANTA LEMON-LEMON-LEMON PET 2250 ML,PET,2250.0,ML,2250.000 ML
118,COCA COLA COMPANY IMPRTD-IMPTD,SPRITE,SPRITE-LEMON-PET 2000 ML+250 ML FREE,PET,2250.0,ML,2000.000 ML
118,LS WATER & BEVERAGE-NEPAL,IMJA SODA,IMJA SODA-SODA-SODA PET 250 ML,PET,250.0,ML,250.000 ML
118,DABUR NEPAL LTD.-NEPAL,BURRST NEEMBU FIZZ,BURRST NEEMBU FIZZ-LEMON-LEMON PET 250 ML,PET,250.0,ML,250.000 ML
118,PEPSI COLA CMPNY IMPRTD-IMPRTD,7 UP NIMBOOZ,7 UP NIMBOOZ-LEMON-LEMON PET 345 ML,PET,345.0,ML,345.000 ML
118,HYGEN PACKS NEPAL PVT LTD-NEPAL,MANIA NIMBOO,MANIA NIMBOO-LEMON-PET 250 ML,PET,250.0,ML,250.000 ML
118,SHAMBHAVI FOOD & BEVERAGES-NEPAL,MAINTAIN DEW,MAINTAIN DEW-LEMON-PET 2250 ML,PET,2250.0,ML,2250.000 ML
118,SHAMBHAVI FOOD & BEVERAGES-NEPAL,MAINTAIN DEW,MAINTAIN DEW-LEMON-PET 500 ML,PET,500.0,ML,500.000 ML
118,GANAPATI BEVERAGE INDUSTRIES-NEPAL,MOXTAIN DEW,MOXTAIN DEW-LEMON-PET 500 ML,PET,500.0,ML,500.000 ML
118,NEPAL M.D FOOD & BEVERAGE-NEPAL,CROSS-COLA,CROSS-COLA-COLA-PET 1000 ML,PET,1000.0,ML,1000.000 ML
124,WIZARD FRAGRANCES UDHYOG,SUDHA PLUS PREMIUM,SUDHA PLUS PREMIUM-SUDHA PLUS-REGULAR-PLAST-2.25G-GUTKA,PLAST,2.25,,2.25G
124,WIZARD FRAGRANCES UDHYOG,AMRIT PLUS,AMRIT PLUS-AMRIT PLUS-REGULAR-PLAST-2G-GUTKA,PLAST,2.0,,2G
124,DEUTI GUTKHA INDUSTRIES,MEGHA SHREE PREMIUM,MEGHA SHREE PREMIUM-MEGHA SHREE-REGULAR-PLAST-2.3G-GUTKA,PLAST,2.3,,2.3G
124,SHREE RAM TOBACCO UDHYOG,BHOLA GOLD,BHOLA GOLD-BHOLA-REGULAR-PLAST-2G-GUTKA,PLAST,2.0,,2G
124,SHREE RAM TOBACCO UDHYOG,CURRENT,CURRENT-CURRENT-REGULAR-PLAST-2.3G-GUTKA,PLAST,2.3,,2.3G
124,SHREE SHIVA SHAKTI PRODUCTS,PARAG,PARAG-PARAG-REGULAR-PLAST-2.3G-GUTKA,PLAST,2.3,,2.3G
124,SHREE RAM TOBACCO UDHYOG,BOLA GOLD,BOLA GOLD-BOLA GOLD-REGULAR-PLAST-2.3G-GUTKA,PLAST,2.3,,2.3G
124,SHREE MEENAKSHI PRODUCTS NEPAL,GOA PREMIUM 1000,GOA PREMIUM 1000-GOA-REGULAR-PLAST-2G-GUTKA,PLAST,2.0,,2G
124,PUJA SURTI UDHYOG,JOGINDER,JOGINDER-JOGINDER-REGULAR-PLAST-2G-GUTKA,PLAST,2.0,,2G
124,NARAYAN RAJ PRODUCTS PVT LTD,MOUKA GOLD,MOUKA GOLD-MOUKA GOLD-REGULAR-PLAST-2G-GUTKA,PLAST,2.0,,2G
124,NARAYAN RAJ PRODUCTS PVT LTD,NIDHI,NIDHI-NIDHI-REGULAR-PLAST-2G-GUTKA,PLAST,2.0,,2G
124,SHREE SHIVA SHAKTI PRODUCTS,PARAG+3,PARAG+3-PARAG-REGULAR-PLAST-2.2G-GUTKA,PLAST,2.2,,2.2G
124,SAHAYOG SURTI UDHYOG,RECHARGE,RECHARGE-RECHARGE-REGULAR-PLAST-2.5G-GUTKA,PLAST,2.5,,2.5G
124,WIZARD FRAGRANCES UDHYOG,SHUDH PLUS,SHUDH PLUS-SUDHA PLUS-REGULAR-PLAST-2G-GUTKA,PLAST,2.0,,2G
124,WIZARD FRAGRANCES UDHYOG,SHUDH PLUS,SHUDH PLUS-SUDHA PLUS-REGULAR-PLAST-1.8G-GUTKA,PLAST,1.8,,1.8G
124,WIZARD FRAGRANCES UDHYOG,SUDHA PLUS ULTRA,SUDHA PLUS ULTRA-SUDHA PLUS-REGULAR-PLAST-2.5G-GUTKA,PLAST,2.5,,2.5G
124,SONA TOBACCO UDHYOG PVT LTD.,PUKAR,PUKAR-PUKAR-REGULAR-PLAST-2.4G-GUTKA,PLAST,2.4,,2.4G
124,PUJA SURTI UDHYOG,CONNECT PLUS,CONNECT PLUS-CONNECT PLUS-REGULAR-PLAST-2.3G-GUTKA,PLAST,2.3,GM,2.3G
124,NEPAL PAN MASALA UDHYOG,ECO PLUS PREMIUM,ECO PLUS PREMIUM-ECO PLUS-REGULAR-PLAST-2.1G-GUTKA,PLAST,2.1,GM,2.1G
124,MAHASHAKTI GUTKHA UDHYOG-NEPAL,YUB PARAG,YUB PARAG-YUB-REGULAR-PLAST-2.3G-GUTKA,PLAST,2.3,GM,2.3G
124,SHREE RAM TOBACCO UDHYOG,BHOLA GOLD,BHOLA GOLD-BHOLA-REGULAR-PLAST-2.14G-GUTKA,PLAST,2.14,GM,2.14G
124,SONA TOBACCO UDHYOG PVT LTD.,PUKAR,PUKAR-PUKAR-REGULAR-PLAST-2G-GUTKA,PLAST,2.0,GM,2G
124,DEUTI GUTKHA INDUSTRIES,MEGHA SHREE PREMIUM,MEGHA SHREE PREMIUM-MEGHA SHREE-REGULAR-PLAST-2.14G-GUTKA,PLAST,2.14,GM,2.14G
124,IPA GUTKHA UDHYOG-NEPAL,KICK,KICK-KICK-REGULAR-PLAST-2G-GUTKA,PLAST,2.0,GM,2G
124,SAKAMBARI PRODUCT-NEPAL,SHREE NAAZ,SHREE NAAZ-SHREE NAAZ-REGULAR-PLAST-1.7G-GUTKA,PLAST,1.7,GM,1.7G
124,GOLDEN TOBACCO INDUSTRIES LTD,TWENTY 20,TWENTY 20-TWENTY 20-REGULAR-PLAST-2.5G-GUTKA,PLAST,2.5,GM,2.5G
124,SHREE RAM TOBACCO UDHYOG,CURRENT,CURRENT-CURRENT-REGULAR-PLAST-3.5G-GUTKA,PLAST,3.5,GM,3.5G
124,IPA GUTKHA UDHYOG-NEPAL,RR13,RR13-RR13-REGULAR-PLAST-1G-GUTKA,PLAST,1.0,GM,1G
124,DEUTI GUTKHA INDUSTRIES,MEGHA SHREE PREMIUM,MEGHA SHREE PREMIUM-MEGHA SHREE-REGULAR-PLAST-2.20G-GUTKA,PLAST,2.2,GM,2.20G
124,VIKAS CHEMICALS-NEPAL,SHUDH PLUS,SHUDH PLUS-SHUDH PLUS-REGULAR-PLAST-2G-GUTKA,PLAST,2.0,GM,2G
124,BALAJI UDHYOG PVT LTD-NEPAL,TUKKA,TUKKA-TUKKA-REGULAR-PLAST-2.14G-GUTKA,PLAST,2.14,GM,2.14G
124,BALAJI UDHYOG PVT LTD-NEPAL,VARDAN,VARDAN-VARDAN-REGULAR-PLAST-3.75G-GUTKA,PLAST,3.75,GM,3.75G
125,NAVAKIRAN SURTI UDHYOG,GHADI,GHADI-GHADI-REGULAR-PLAST-20G-KHAINI,PLAST,20.0,,20G
125,GREEN TOBACOO COMPANY PVT LTD,SUPER LIKE,SUPER LIKE-SUPER LIKE-REGULAR-PLAST-16G-KHAINI,PLAST,16.0,,16G
125,PUJA TOBACCO PACKING INDUSTRIES,GOLDEN NEPAL,GOLDEN NEPAL-GOLDEN NEPAL-REGULAR-PLAST-17G-KHAINI,PLAST,17.0,,17G
125,SAHU SURTI BHANDAR,HI PACK SUPER POWER,HI PACK SUPER POWER-SUPER POWER-REGULAR-PLAST-10G-KHAINI,PLAST,10.0,,10G
125,SAHU SURTI BHANDAR,JHUMASA SUPER POWER,JHUMASA SUPER POWER-SUPER POWER-REGULAR-PLAST-10G-KHAINI,PLAST,10.0,,10G
125,NAVA KASHI SURTI PACKAGING UDHYOG,JHUM JHUM PACK SUPER POWER,JHUM JHUM PACK SUPER POWER-JHUM JHUM PACK SUPER POWER-REGULAR-PLAST-10G-KHAINI,PLAST,10.0,,10G
125,PUJA SURTI UDHYOG,NEPAL SUPER POWER,NEPAL SUPER POWER-NEPAL SUPER POWER-REGULAR-PLAST-9.5G-KHAINI,PLAST,9.5,,9.5G
125,ABINAV SURTI UDHYOG NEPAL,CHAKKA SUPER POWER,CHAKKA SUPER POWER-CHAKKA SUPER POWER-REGULAR-PLAST-10G-KHAINI,PLAST,10.0,,10G
125,HARSH INFINITY FLAVOUR PVT LTD,MAHAK CHAINI,MAHAK CHAINI-CHAINI-REGULAR-PLAST-5.3G-KHAINI,PLAST,5.3,,5.3G
125,ROHIT TOBACCO PVT/LTD,MEGADUT,MEGADUT-MEGADUT-REGULAR-PLAST-16G-KHAINI,PLAST,16.0,,16G
125,SHREE RAM TOBACCO UDHYOG,ZIT,ZIT-ZIT-REGULAR-PLAST-15G-KHAINI,PLAST,15.0,,15G
125,GOBINDA TOBACCO,BIJULI,BIJULI-BIJULI-REGULAR-PLAST-18G-KHAINI,PLAST,18.0,,18G
125,JENI SURTI PACKING UDHYOG,AINA CHAP,AINA CHAP-AINA CHAP-REGULAR-PLAST-16G-KHAINI,PLAST,16.0,,16G
125,RAJ CHAP MAHADEV SURTI UDHYOG,RAJ CHAP,RAJ CHAP-RAJ CHAP-REGULAR-PLAST-16G-KHAINI,PLAST,16.0,,16G
125,KISHAN TOBACCO PRODUCTS,KISHAN,KISHAN-KISHAN-REGULAR-PLAST-20G-KHAINI,PLAST,20.0,,20G
125,JT  COMPANY,MUNNA,MUNNA-MUNNA-REGULAR-PLAST-20G-KHAINI,PLAST,20.0,,20G
125,SR TOBACCO COMPANY,BALWAN,BALWAN-BALWAN-REGULAR-PLAST-20G-KHAINI,PLAST,20.0,,20G
125,SATYA PRAKASH COMPANY,SHREERAM,SHREERAM-SHREERAM-REGULAR-PLAST-9G-KHAINI,PLAST,9.0,,9G
125,UPTA TOBACCO COMPANY,NEWALA,NEWALA-NEWALA-REGULAR-PLAST-15G-KHAINI,PLAST,15.0,,15G
125,PANCHAKANYA SURTI PACKINGING,KODALI CHAAP,KODALI CHAAP-KODALI CHAAP-REGULAR-PLAST-15G-KHAINI,PLAST,15.0,,15G
125,DHARAMPAL PREMCHAND LTD-INDIA,BABA,BABA-BABA-REGULAR-PLAST-10G-KHAINI,PLAST,10.0,,10G
125,NEW KUBER LABROTERIES,B.P. CHHAP,B.P. CHHAP-B.P. CHHAP-REGULAR-PLAST-13.33G-KHAINI,PLAST,13.33,,13.33G
125,NEW INDIA TOBACCO FACTORY,BADSHAH,BADSHAH-BADSHAH-REGULAR-PLAST-20G-KHAINI,PLAST,20.0,,20G
125,MADHU SURTI PACKAGING UDHYOG,BHALE CHHAP,BHALE CHHAP-BHALE CHHAP-REGULAR-PLAST-15G-KHAINI,PLAST,15.0,,15G
125,GURDNGA SARKAR,BABA,BABA-BABA-REGULAR-PLAST-10G-KHAINI,PLAST,10.0,,10G
125,ABINAV SURTI UDHYOG NEPAL,CHAKKA SUPER POWER,CHAKKA SUPER POWER-CHAKKA SUPER POWER-REGULAR-PLAST-9G-KHAINI,PLAST,9.0,,9G
125,ABINAV SURTI UDHYOG NEPAL,CHAKKA SUPER POWER,CHAKKA SUPER POWER-CHAKKA SUPER POWER-REGULAR-PLAST-11G-KHAINI,PLAST,11.0,,11G
125,PUJA SURTI UDHYOG,DIYA,DIYA-DIYA-REGULAR-PLAST-6.5G-KHAINI,PLAST,6.5,,6.5G
125,KERI TOBACCO PRODUCTS PVT LTD.,DOUBLE DELIGHT,DOUBLE DELIGHT-DOUBLE DELIGHT-REGULAR-PLAST-15G-KHAINI,PLAST,15.0,,15G
125,NAVAKIRAN SURTI UDHYOG,GHADI,GHADI-GHADI-REGULAR-PLAST-16G-KHAINI,PLAST,16.0,,16G
125,NAVA KASHI SURTI PACKAGING UDHYOG,GHADI CHHAP,GHADI CHHAP-GHADI CHHAP-REGULAR-PLAST-20G-KHAINI,PLAST,20.0,,20G
125,SHREE SHYAM SURTI UDHYOG,GOLDEN TEMPLE,GOLDEN TEMPLE-GOLDEN TEMPLE-REGULAR-PLAST-13G-KHAINI,PLAST,13.0,,13G
125,HIMALAYA SURTI PACKING UDHYOG,GOPI,GOPI-GOPI-REGULAR-PLAST-20G-KHAINI,PLAST,20.0,,20G
125,GREEN TOBACOO COMPANY PVT LTD,GREEN LIKE,GREEN LIKE-GREEN LIKE-REGULAR-PLAST-10G-KHAINI,PLAST,10.0,,10G
125,GREEN TOBACOO COMPANY PVT LTD,GREEN LIKE,GREEN LIKE-GREEN LIKE-REGULAR-PLAST-14G-KHAINI,PLAST,14.0,,14G
125,NAVA KASHI SURTI PACKAGING UDHYOG,JHUM JHUM SUPER POWER,JHUM JHUM SUPER POWER-JHUM JHUM SUPER POWER-REGULAR-PLAST-7G-KHAINI,PLAST,7.0,,7G
125,SAHU SURTI BHANDAR,SUPER POWER,SUPER POWER-SUPER POWER-REGULAR-PLAST-6G-KHAINI,PLAST,6.0,,6G
125,SAHU SURTI BHANDAR,SUPER POWER,SUPER POWER-SUPER POWER-REGULAR-PLAST-10G-KHAINI,PLAST,10.0,,10G
125,SAHU SURTI BHANDAR,SUPER POWER,SUPER POWER-SUPER POWER-REGULAR-PLAST-8G-KHAINI,PLAST,8.0,,8G
125,KUBER LABORATORIES GHARELU UDHYOG,KAPUR SUPER POWER,KAPUR SUPER POWER-KAPUR SUPER POWER-REGULAR-PLAST-10G-KHAINI,PLAST,10.0,,10G
125,PANCHAKANYA SURTI PACKINGING,KODAIO,KODAIO-KODAIO-REGULAR-PLAST-20G-KHAINI,PLAST,20.0,,20G
125,MADHU PRODUCTS,SUPER POWER,SUPER POWER-SUPER POWER-REGULAR-PLAST-7G-KHAINI,PLAST,7.0,,7G
125,HARSH INFINITY FLAVOUR PVT LTD,MAHAK CHAINI,MAHAK CHAINI-CHAINI-REGULAR-PLAST-4.5G-KHAINI,PLAST,4.5,,4.5G
125,GOLDEN TOBACCO INDUSTRIES LTD,MAHAKALI SUPER POWER,MAHAKALI SUPER POWER-MAHAKALI SUPER POWER-REGULAR-PLAST-10G-KHAINI,PLAST,10.0,,10G
125,MAL MAL PACKAGING UDHYOG PVT LTD,MAL MAL,MAL MAL-MAL MAL-REGULAR-PLAST-15G-KHAINI,PLAST,15.0,,15G
125,NO 1 SAINIK TOBACCO PRODUCT,MUKESH SAINIK,MUKESH SAINIK-MUKESH SAINIK-REGULAR-PLAST-20G-KHAINI,PLAST,20.0,,20G
125,RADHA KRISHNA PRODUCTS,PADUKA,PADUKA-PADUKA-REGULAR-PLAST-7G-KHAINI,PLAST,7.0,,7G
125,DEUTI GUTKHA INDUSTRIES,RADHA EXTRA POWER,RADHA EXTRA POWER-RADHA EXTRA POWER-REGULAR-PLAST-8G-KHAINI,PLAST,8.0,,8G
125,S.R. TOBBACO COMPANY,ROYAL BALWAN,ROYAL BALWAN-ROYAL BALWAN-REGULAR-PLAST-20G-KHAINI,PLAST,20.0,,20G
125,MADHU SURTI PACKAGING UDHYOG,SPECIAL BHALE,SPECIAL BHALE-SPECIAL BHALE-REGULAR-PLAST-15G-KHAINI,PLAST,15.0,,15G
125,SAHU SURTI BHANDAR,SUPER POWER,SUPER POWER-SUPER POWER-REGULAR-PLAST-10G-KHAINI,PLAST,10.0,,10G
125,SAHU SURTI BHANDAR,SUPER POWER,SUPER POWER-SUPER POWER-REGULAR-PLAST-7G-KHAINI,PLAST,7.0,,7G
125,SHREE RAM TOBACCO UDHYOG,ZIT,ZIT-ZIT-REGULAR-PLAST-12G-KHAINI,PLAST,12.0,,12G
125,H.S.B TOBACCO,SAAJAN,SAAJAN-SAAJAN-REGULAR-PLAST-12G-KHAINI,PLAST,12.0,,12G
125,MADHU SURTI PACKAGING UDHYOG,SPECIAL BHALE,SPECIAL BHALE-SPECIAL BHALE-REGULAR-PLAST-20G-KHAINI,PLAST,20.0,,20G
125,SAHU SURTI BHANDAR,JHUMASA SUPER POWER,JHUMASA SUPER POWER-SUPER POWER-REGULAR-PLAST-7G-KHAINI,PLAST,7.0,,7G
125,GOBINDA TOBACCO,BIJULI,BIJULI-BIJULI-REGULAR-TIN C-20G-KHAINI,TIN C,20.0,,20G
125,PUJA SURTI UDHYOG,KANHAIYA,KANHAIYA-KANHAIYA-REGULAR-PLAST-20G-KHAINI,PLAST,20.0,,20G
125,PUJA SURTI UDHYOG,SUPER RECHARGE,SUPER RECHARGE-SUPER RECHARGE-REGULAR-PLAST-20G-KHAINI,PLAST,20.0,,20G
125,GOLDEN TOBACCO INDUSTRIES LTD,NATRAJ CHAAP,NATRAJ CHAAP-NATRAJ CHAAP-REGULAR-PLAST-16G-KHAINI,PLAST,16.0,,16G
125,NO 1 SAINIK TOBACCO PRODUCT,NO 1 MUKESH,NO 1 MUKESH-NO 1 MUKESH-REGULAR-PLAST-20G-KHAINI,PLAST,20.0,,20G
125,GORKHA TOBACCO INDUSTRIES PVT LTD,BAJRANGI,BAJRANGI-BAJRANGI-REGULAR-PLAST-20G-KHAINI,PLAST,20.0,,20G
125,SAHU SURTI BHANDAR,JHUMKA SUPER POWER,JHUMKA SUPER POWER-SUPER POWER-REGULAR-PLAST-7G-KHAINI,PLAST,7.0,,7G
125,CENTURY TOBACCO PRODUCTS,SUPER SAINIK,SUPER SAINIK-SUPER SAINIK-REGULAR-PLAST-20G-KHAINI,PLAST,20.0,,20G
125,KUBER LABORATORIES GHARELU UDHYOG,GOLDEN JUGALI,GOLDEN JUGALI-GOLDEN JUGALI-REGULAR-PLAST-10G-KHAINI,PLAST,10.0,,10G
125,JENI SURTI PACKING UDHYOG,PANKHA,PANKHA-PANKHA-REGULAR-PLAST-18G-KHAINI,PLAST,18.0,,18G
125,NEW SUBHA LAXMI SURTY UDHYOG,JHILIMILI PREMIUM,JHILIMILI PREMIUM-JHILIMILI PREMIUM-REGULAR-PLAST-20G-KHAINI,PLAST,20.0,,20G
125,CENTURY TOBACCO PRODUCTS,SUPER CENTURY,SUPER CENTURY-SUPER CENTURY-REGULAR-PLAST-20G-KHAINI,PLAST,20.0,,20G
125,NAVAKIRAN SURTI UDHYOG,GHADI CHHAP,GHADI CHHAP-GHADI-REGULAR-PLAST-14G-KHAINI,PLAST,14.0,GM,14G
125,B.P. NEPAL-NEPAL,B.P.,B.P.-B.P.-REGULAR-PLAST-25G-KHAINI,PLAST,25.0,GM,25G
125,HARSH INFINITY FLAVOUR PVT LTD,MAHAK CHAINI,MAHAK CHAINI-CHAINI-REGULAR-PLAST-4.1G-KHAINI,PLAST,4.1,GM,4.1G
125,GREEN TOBACOO COMPANY PVT LTD,SUPER LIKE,SUPER LIKE-SUPER LIKE-REGULAR-PLAST-20G-KHAINI,PLAST,20.0,GM,20G
125,KUBER LABORATORIES GHARELU UDHYOG,P.P. CHHAP,P.P. CHHAP-P.P. CHHAP-REGULAR-PLAST-16.66G-KHAINI,PLAST,16.66,GM,16.66G
125,GUPTA TOBACCO CO.-INDIA,NEVLA,NEVLA-NEVLA-REGULAR-PLAST-11G-KHAINI,PLAST,11.0,GM,11G
125,KUBER LABORATORIES GHARELU UDHYOG,P.P. CHHAP,P.P. CHHAP-P.P. CHHAP-REGULAR-PLAST-13G-KHAINI,PLAST,13.0,GM,13G
125,PUJA TOBACCO PACKING INDUSTRIES,GOLDEN NEPAL,GOLDEN NEPAL-GOLDEN NEPAL-REGULAR-PLAST-12G-KHAINI,PLAST,12.0,GM,12G
125,RAJA & SONS-INDIA,DOUBLE PAHALWAN,DOUBLE PAHALWAN-DOUBLE PAHALWAN-REGULAR-PLAST-20G-KHAINI,PLAST,20.0,GM,20G
125,TRIMURTI FRAGNANCES PVT LTD.,SPECIAL BASSA,SPECIAL BASSA-SPECIAL BASSA-REGULAR-PLAST-15G-KHAINI,PLAST,15.0,GM,15G
125,ABINAV SURTI UDHYOG NEPAL,CHAKKA SUPER POWER,CHAKKA SUPER POWER-CHAKKA SUPER POWER-REGULAR-PLAST-8G-KHAINI,PLAST,8.0,GM,8G
125,GOURANGA SARKAR-INDIA,BABA,BABA-BABA-REGULAR-PLAST-10G-KHAINI,PLAST,10.0,GM,10G
125,BALAJI SURTI UDHYOG-NEPAL,BG SUPER TRACK,BG SUPER TRACK-BG-REGULAR-PLAST-10G-KHAINI,PLAST,10.0,GM,10G
125,SONA TOBACCO UDHYOG PVT LTD.,GOLDEN JHANKAR,GOLDEN JHANKAR-GOLDEN JHANKAR-REGULAR-PLAST-12.5G-KHAINI,PLAST,12.5,GM,12.5G
125,SHREE RAM TOBACCO UDHYOG,ZIT SUPER POWER,ZIT SUPER POWER-ZIT-REGULAR-PLAST-7G-KHAINI,PLAST,7.0,GM,7G
125,SONA TOBACCO UDHYOG PVT LTD.,AMBE,AMBE-AMBE-REGULAR-PLAST-16G-KHAINI,PLAST,16.0,GM,16G
125,PUJA TOBACCO PACKING INDUSTRIES,TAZA SUPER POWER,TAZA SUPER POWER-TAZA SUPER POWER-REGULAR-PLAST-8G-KHAINI,PLAST,8.0,GM,8G
125,NAVYUBAK SURTI FACTORY-NEPAL,JHUM JHUM SUPER POWER,JHUM JHUM SUPER POWER-JHUM JHUM SUPER POWER-REGULAR-PLAST-8G-KHAINI,PLAST,8.0,GM,8G
125,RADHA KRISHNA PRODUCTS,PADUKA SUPER POWER,PADUKA SUPER POWER-PADUKA-REGULAR-PLAST-7G-KHAINI,PLAST,7.0,GM,7G
125,ROHIT TOBACCO PVT/LTD,MEGADUT,MEGADUT-MEGADUT-REGULAR-PLAST-13G-KHAINI,PLAST,13.0,GM,13G
125,HARSH INFINITY FLAVOUR PVT LTD,MAHAK CHAINI,MAHAK CHAINI-CHAINI-REGULAR-PLAST-9G-KHAINI,PLAST,9.0,GM,9G
125,PUJA TOBACCO PACKING INDUSTRIES,GOLDEN NEPAL,GOLDEN NEPAL-GOLDEN NEPAL-REGULAR-PLAST-16G-KHAINI,PLAST,16.0,GM,16G
125,PUJA SURTI UDHYOG,BABLU SUPER POWER,BABLU SUPER POWER-BABLU-REGULAR-PLAST-7G-KHAINI,PLAST,7.0,GM,7G
125,PUJA SURTI UDHYOG,BABLU SUPER POWER,BABLU SUPER POWER-BABLU-REGULAR-PLAST-10G-KHAINI,PLAST,10.0,GM,10G
125,RADHA KRISHNA PRODUCTS,PADUKA SUPER POWER,PADUKA SUPER POWER-PADUKA-REGULAR-PLAST-9G-KHAINI,PLAST,9.0,GM,9G
125,SHREE RAM TOBACCO UDHYOG,BHOLA EXTRA POWER,BHOLA EXTRA POWER-BHOLA-REGULAR-PLAST-7G-KHAINI,PLAST,7.0,GM,7G
125,GREEN TOBACOO COMPANY PVT LTD,SUPER LIKE,SUPER LIKE-SUPER LIKE-REGULAR-PLAST-18G-KHAINI,PLAST,18.0,GM,18G
125,SONA TOBACCO UDHYOG PVT LTD.,GOLDEN JHANKAR SUPER POWER,GOLDEN JHANKAR SUPER POWER-GOLDEN JHANKAR-REGULAR-PLAST-9G-KHAINI,PLAST,9.0,GM,9G
125,BABA LOKENATH TOBACCO-INDIA,BABA PREMIUM,BABA PREMIUM-BABA-REGULAR-PLAST-13G-KHAINI,PLAST,13.0,GM,13G
126,DHARMAPAL SATYAPAL LTD-INDIA,RAJNIGANDHA PREMIUM,RAJNIGANDHA PREMIUM-RAJNIGANDHA-REGULAR-PLAST-4G-PAAN MASALA,PLAST,4.0,,4G
126,SHREE SHIVA SHAKTI PRODUCTS,PANPARAG,PANPARAG-PANPARAG-REGULAR-PLAST-2G-PAAN MASALA,PLAST,2.0,,2G
126,DUGAR SPICES & FOOD PRODUCT-NP,PASSPASS,PASSPASS-CENTURY-SWEET-PLAST-1.5G-PAAN MASALA,PLAST,1.5,,1.5G
126,ARVIND UDHYOG PVT LTD,PINKY,PINKY-PINKY-SWEET-PLAST-1.5G-PAAN MASALA,PLAST,1.5,,1.5G
126,MADHU CHEMICAL COMPANY,MADHU,MADHU-MADHU-SWEET-PLAST-1.25G-PAAN MASALA,PLAST,1.25,,1.25G
126,VARDH PAPER PRODUCT PVT/LTD,RAJ NIWAS PREMUIM,RAJ NIWAS PREMUIM-RAJ NIWAS-REGULAR-PLAST-2.5G-PAAN MASALA,PLAST,2.5,,2.5G
126,NARAYAN RAJ PRODUCTS PVT LTD,RAJGHARANA,RAJGHARANA-RAJGHARANA-REGULAR-PLAST-2.5G-PAAN MASALA,PLAST,2.5,,2.5G
126,NARAYAN RAJ PRODUCTS PVT LTD,RAJNIVAS,RAJNIVAS-RAJNIVAS-REGULAR-PLAST-4G-PAAN MASALA,PLAST,4.0,,4G
126,TRIMURTI FRAGNANCES PVT LTD.,SHIKHAR  PAN MASALA,SHIKHAR  PAN MASALA-SIKHAR-REGULAR-PLAST-3.5G-PAAN MASALA,PLAST,3.5,,3.5G
126,SHREE RAM TOBACCO UDHYOG,CURRENT PREMIUM,CURRENT PREMIUM-CURRENT-REGULAR-PLAST-4G-PAAN MASALA,PLAST,4.0,,4G
126,VISHNU AROMATICS,BIMAL,BIMAL-BIMAL-REGULAR-PLAST-3.3G-PAAN MASALA,PLAST,3.3,,3.3G
126,RAJAT FOOD PRODUCTS,BOMBAY ROYAL,BOMBAY ROYAL-BOMBAY ROYAL-REGULAR-PLAST-3G-PAAN MASALA,PLAST,3.0,,3G
126,NARAYAN RAJ PRODUCTS PVT LTD,MUSKAN,MUSKAN-MUSKAN-SWEET-PLAST-1.5G-PAAN MASALA,PLAST,1.5,,1.5G
126,DUGAR SPICES & FOOD PRODUCT-NP,PASSPASS,PASSPASS-PASSPASS-SWEET-PLAST-11G-PAAN MASALA,PLAST,11.0,,11G
126,NARAYAN RAJ PRODUCTS PVT LTD,PARAG,PARAG-PARAG-REGULAR-PLAST-2G-PAAN MASALA,PLAST,2.0,,2G
126,NARAYAN RAJ PRODUCTS PVT LTD,PREM PARAG,PREM PARAG-PREM PARAG-REGULAR-PLAST-1.87G-PAAN MASALA,PLAST,1.87,,1.87G
126,DHARMAPAL SATYAPAL LTD-INDIA,RAJNIGANDHA,RAJNIGANDHA-RAJNIGANDHA-REGULAR-PLAST-17G-PAAN MASALA,PLAST,17.0,,17G
126,DHARMAPAL SATYAPAL LTD-INDIA,SILVER PEARLS,SILVER PEARLS-SILVER PEARLS-COOL MINT-PLAST-1.6G-PAAN MASALA,PLAST,1.6,,1.6G
126,K.M. MARKETING,MITHO SUPARI,MITHO SUPARI-MITHO SUPARI-SWEET-PLAST-1.6G-PAAN MASALA,PLAST,1.6,,1.6G
126,RADHA KRISHNA PRODUCTS,URBASI,URBASI-URBASI-SWEET-PLAST-1.5G-PAAN MASALA,PLAST,1.5,,1.5G
126,VISHNU AROMATICS,VIMAL,VIMAL-VIMAL-REGULAR-PLAST-3.3G-PAAN MASALA,PLAST,3.3,,3.3G
126,WIZARD FRAGRANCES UDHYOG,SUDDHA PLUS PAN,SUDDHA PLUS PAN-SUDDHA PLUS PAN-REGULAR-PLAST-2.8G-PAAN MASALA,PLAST,2.8,,2.8G
126,S.G. INDUSTRIES,RADHA,RADHA-RADHA-REGULAR-PLAST-1.5G-PAAN MASALA,PLAST,1.5,,1.5G
126,SHREE RADHE KRISHNA FOOD PRODUCTS,PREM SUDHA,PREM SUDHA-PREM SUDHA-REGULAR-PLAST-6G-PAAN MASALA,PLAST,6.0,,6G
126,DHARMAPAL SATYAPAL LTD-INDIA,PASSPASS,PASSPASS-PASSPASS-SWEET-PLAST-2.20G-PAAN MASALA,PLAST,2.2,,2.20G
126,SHREE SHIVA SHAKTI PRODUCTS,PANPARAG,PANPARAG-PANPARAG-REGULAR-PLAST-3.5G-PAAN MASALA,PLAST,3.5,,3.5G
126,KAY FLAVORS PVT LTD,KAMALA PASAND,KAMALA PASAND-KAMALA PASAND-REGULAR-PLAST-2.7G-PAAN MASALA,PLAST,2.7,,2.7G
126,K.M. MARKETING,TINKU SUPARI,TINKU SUPARI-TINKU SUPARI-SWEET-PLAST-1.6G-PAAN MASALA,PLAST,1.6,GM,1.6G
126,SAKAMBARI PRODUCT-NEPAL,NAAZ,NAAZ-NAAZ-SWEET-PLAST-1.4G-PAAN MASALA,PLAST,1.4,GM,1.4G
126,PARAS PRODUCTS-NEPAL,SWEETY SUPARI,SWEETY SUPARI-SWEETY SUPARI-SWEET-PLAST-1.875G-PAAN MASALA,PLAST,1.875,GM,1.875G
126,MAA VINDHYAVASINI TOBACCO-IN,MADHU,MADHU-MADHU-SWEET-PLAST-3G-PAAN MASALA,PLAST,3.0,GM,3G
126,SAKAMBARI PRODUCT-NEPAL,PARAG,PARAG-PARAG-SWEET-PLAST-1.7G-PAAN MASALA,PLAST,1.7,GM,1.7G
126,DHARMAPAL SATYAPAL LTD-INDIA,MASTABA,MASTABA-MASTABA-REGULAR-PLAST-2.4G-PAAN MASALA,PLAST,2.4,GM,2.4G
126,IPA GUTKHA UDHYOG-NEPAL,R-R NIWAS PAN MASALA,R-R NIWAS PAN MASALA-R-R NIWAS-REGULAR-PLAST-3.5G-PAAN MASALA,PLAST,3.5,GM,3.5G
126,DHARMAPAL SATYAPAL LTD-INDIA,PASSPASS,PASSPASS-PASSPASS-SWEET-PLAST-11G-PAAN MASALA,PLAST,11.0,GM,11G
126,NARAYAN RAJ PRODUCTS PVT LTD,PE PARAG,PE PARAG-PE PARAG-REGULAR-PLAST-1.87G-PAAN MASALA,PLAST,1.87,GM,1.87G
126,KODE PRODUCTS CO.-INDIA,SAMRATT PAN MASALA,SAMRATT PAN MASALA-SAMRATT-REGULAR-PLAST-3.6G-PAAN MASALA,PLAST,3.6,GM,3.6G
126,MAA VINDHYAVASINI TOBACCO-IN,MADHU,MADHU-MADHU-REGULAR-PLAST-3G-PAAN MASALA,PLAST,3.0,GM,3G
126,DHARMAPAL SATYAPAL LTD-INDIA,RAJNIGANDHA SILVER PEARLS,RAJNIGANDHA SILVER PEARLS-RAJNIGANDHA-COOL MINT-PLAST-5.75G-PAAN MASALA,PLAST,5.75,GM,5.75G
126,SONA TOBACCO UDHYOG PVT LTD.,BABA SWEET SUPARI,BABA SWEET SUPARI-BABA-SWEET-PLAST-1.5G-PAAN MASALA,PLAST,1.5,GM,1.5G
126,MADHU CHEMICAL COMPANY,MADHU,MADHU-MADHU-SWEET-PLAST-1.45G-PAAN MASALA,PLAST,1.45,GM,1.45G
126,DHARMAPAL SATYAPAL LTD-INDIA,PASSPASS FRESH MINT,PASSPASS FRESH MINT-PASSPASS-MINT-PLAST-9.5G-PAAN MASALA,PLAST,9.5,GM,9.5G
126,SONA TOBACCO UDHYOG PVT LTD.,BAADSHAH,BAADSHAH-BAADSHAH-REGULAR-PLAST-2.5G-PAAN MASALA,PLAST,2.5,GM,2.5G
127,DHARMAPAL SATYAPAL LTD-INDIA,TULSI,TULSI-TULSI-REGULAR-PLAST-0.45G-ZARDA,PLAST,0.45,,0.45G
127,DHARAMPAL PREMCHAND LTD-INDIA,BABA 160,BABA 160-BABA-REGULAR-TIN C-10G-ZARDA,TIN C,10.0,,10G
127,PRABHAT ZARDA FACTORY,RATNA,RATNA-RATNA-REGULAR-TIN C-50G-ZARDA,TIN C,50.0,,50G
127,GOPAL CORPORATES,132,132-132-REGULAR-TIN C-45G-ZARDA,TIN C,45.0,,45G
127,MISHER FAKIR MAHUMMAD  ZARDA COMPANY,KALA,KALA-KALA-REGULAR-TIN C-100G-ZARDA,TIN C,100.0,,100G
127,SATYANARAIN KESHORAM PVT LTD.,KALASH TOBACCOO,KALASH TOBACCOO-KALASH-REGULAR-TIN C-100G-ZARDA,TIN C,100.0,,100G
127,SR INDUSTRIES,ZAFRANI  ZARDA,ZAFRANI  ZARDA-ZAFRANI  ZARDA-REGULAR-PLAST-0.45G-ZARDA,PLAST,0.45,,0.45G
127,TRIMURTI FRAGNANCES PVT LTD.,SS1,SS1-SHIKHAR PAAN MASALA-REGULAR-PLAST-0.45G-ZARDA,PLAST,0.45,,0.45G
127,BAJARANG PRODUCTS,JAY BALAJI,JAY BALAJI-BAJALI-REGULAR-PLAST-40G-ZARDA,PLAST,40.0,,40G
127,RAJAT FOOD PRODUCTS,B 06,B 06-B 06-REGULAR-PLAST-0.3G-ZARDA,PLAST,0.3,,0.3G
127,SHREE MEENAKSHI PRODUCTS NEPAL,GOA,GOA-GOA-REGULAR-PLAST-2G-ZARDA,PLAST,2.0,,2G
127,SHREE MEENAKSHI PRODUCTS NEPAL,GOA,GOA-GOA-REGULAR-PLAST-4G-ZARDA,PLAST,4.0,,4G
127,KSHI PRODUCT NEPAL,GOA SHREE MIHA,GOA SHREE MIHA-GOA SHREE MIHA-REGULAR-PLAST-15G-ZARDA,PLAST,15.0,,15G
127,SR INDUSTRIES,NP 01,NP 01-NP 01-REGULAR-PLAST-0.4G-ZARDA,PLAST,0.4,,0.4G
127,WIZARD FRAGRANCES UDHYOG,SHUDH PLUS,SHUDH PLUS-SHUDH PLUS-REGULAR-PLAST-1.5G-ZARDA,PLAST,1.5,,1.5G
127,DHARMAPAL SATYAPAL LTD-INDIA,TULSI,TULSI-TULSI-REGULAR-PLAST-5G-ZARDA,PLAST,5.0,,5G
127,VISHNU TOBACCO,V-1,V-1-V-1-REGULAR-PLAST-0.4G-ZARDA,PLAST,0.4,,0.4G
127,DHARMAPAL SATYAPAL LTD-INDIA,TULSI 00,TULSI 00-TULSI 00-REGULAR-PLAST-4.5G-ZARDA,PLAST,4.5,,4.5G
127,M.S. INDUSTRIES,XL 01,XL 01-XL 01-REGULAR-PLAST-0.4G-ZARDA,PLAST,0.4,,0.4G
127,DHARMAPAL SATYAPAL LTD-INDIA,TULSI 0,TULSI 0-TULSI 0-REGULAR-PLAST-0.28G-ZARDA,PLAST,0.28,GM,0.28G
127,DHARMAPAL SATYAPAL LTD-INDIA,TULSI 00,TULSI 00-TULSI 00-REGULAR-PLAST-4.25G-ZARDA,PLAST,4.25,GM,4.25G
127,MAA VINDHYAVASINI TOBACCO-IN,M-1,M-1-M-1-REGULAR-PLAST-0.25G-ZARDA,PLAST,0.25,GM,0.25G
134,AQUA MINERAL NEPAL LTD.- NEPAL,AQUA HUNDRED,AQUA HUNDRED--PET 1000 ML,PET,1000.0,ML,1000.000 ML
134,BISLERI NEPAL PVT. LTD.- NEPAL,BISLERI,BISLERI--PET 1000 ML,PET,1000.0,ML,1000.000 ML
134,DUGAR FOOD & BEVERAGE-NEPAL,FROOTI,FROOTI-MANGO-MANGO TPK 200 ML,TPK,200.0,ML,200.000 ML
134,NEW TOWER NAT. DRINK-HONGKONG,NATURE,NATURE-ORANGE-ORANGE JUICE CAN 240 ML,CAN,240.0,ML,240.000 ML
134,DABUR NEPAL LTD.-NEPAL,REAL,REAL-MANGO-MANGO NECTOR TPK 1000 ML,TPK,1000.0,ML,1000.000 ML
134,DABUR NEPAL LTD.-NEPAL,REAL,REAL-MIXED FRUIT-MIXED FRUIT TPK 1000 ML,TPK,1000.0,ML,1000.000 ML
134,DABUR NEPAL LTD.-NEPAL,REAL,REAL-PINEAPPLE-PINEAPPLE JUICE TPK 1000 ML,TPK,1000.0,ML,1000.000 ML
134,CHAUDHARY GROUP - NEPAL,RIO,RIO-MANGO-MANGO TPK 200 ML,TPK,200.0,ML,200.000 ML
134,VARUN BEVERAGE -NEPAL,SLICE,SLICE-MANGO-RGB 250 ML,RGB,250.0,ML,250.000 ML
134,CM AQUA BEVERAGES - NEPAL,TODAY'S,TODAY'S--PET 1000 ML,PET,1000.0,ML,1000.000 ML
134,,,--,,1.0,ML,
134,DABUR NEPAL LTD.-NEPAL,REAL,REAL-ORANGE-ORANGE TPK 250 ML,TPK,250.0,ML,250.000 ML
134,DABUR NEPAL LTD.-NEPAL,REAL ACTIV,REAL ACTIV-APPLE-APPLE TPK 1000 ML,TPK,1000.0,ML,1000.000 ML
134,ASIAN DRINK PVT LTD - NEPAL,AQUA SMILE,AQUA SMILE--PET 1000 ML,PET,1000.0,ML,1000.000 ML
134,DABUR NEPAL LTD.-NEPAL,REAL,REAL-ORANGE-ORANGE NECTOR TPK 1000 ML,TPK,1000.0,ML,1000.000 ML
134,CHAUDHARY GROUP - NEPAL,RIO,RIO-PINEAPPLE-PINEAPPLE TPK 200 ML,TPK,200.0,ML,200.000 ML
134,DABUR NEPAL LTD.-NEPAL,REAL,REAL-MIXED FRUIT-MIXED FRUIT TPK 500 ML,TPK,500.0,ML,500.000 ML
134,DABUR NEPAL LTD.-NEPAL,REAL,REAL-GRAPE-GRAPE TPK 1000 ML,TPK,1000.0,ML,1000.000 ML
134,DABUR NEPAL LTD.-NEPAL,REAL,REAL-GUAVA-GUAVA TPK 1000 ML,TPK,1000.0,ML,1000.000 ML
134,BOTTLERS NEPAL - NEPAL,KINLEY,KINLEY--PET 1000 ML,PET,1000.0,ML,1000.000 ML
134,CHAUDHARY GROUP - NEPAL,RIO,RIO-LYCHEE-LYCHEE TPK 200 ML,TPK,200.0,ML,200.000 ML
134,CRYSTAL DRINK & BEVERAGE - NEP,CRYSTAL,CRYSTAL--PET 1000 ML,PET,1000.0,ML,1000.000 ML
134,DABUR NEPAL LTD.-NEPAL,REAL,REAL-LYCHEE-LYCHEE TPK 1000 ML,TPK,1000.0,ML,1000.000 ML
134,CRYSTAL DRINK & BEVERAGE - NEP,CRYSTAL,CRYSTAL--JAR 20000 ML,JAR,20000.0,ML,20000.000 ML
134,SHREE MINERAL WATER PVT.LTD -,MOUNT EVEREST,MOUNT EVEREST--PET 1000 ML,PET,1000.0,ML,1000.000 ML
134,CHAUDHARY GROUP - NEPAL,RIO,RIO-ORANGE-ORANGE TPK 200 ML,TPK,200.0,ML,200.000 ML
134,PRAKIRITI MIN. WAT.PVT.LTD - N,AQUA PLUS,AQUA PLUS--PET 1000 ML,PET,1000.0,ML,1000.000 ML
134,CHABAA CO. LTD - THAILAND,CHABAA,CHABAA-COCONUT-COCONUT CAN 240 ML,CAN,240.0,ML,240.000 ML
134,CHABAA CO. LTD - THAILAND,CHABAA,CHABAA-LYCHEE-LYCHEE CAN 240 ML,CAN,240.0,ML,240.000 ML
134,CHABAA CO. LTD - THAILAND,CHABAA,CHABAA-ORANGE-ORANGE CAN 240 ML,CAN,240.0,ML,240.000 ML
134,CHABAA CO. LTD - THAILAND,CHABAA,CHABAA-PINEAPPLE-PINEAPPLE CAN 240 ML,CAN,240.0,ML,240.000 ML
134,ROYAL SPRING MIN.WATER LTD-NEP,TRISHNA,TRISHNA--PET 1000 ML,PET,1000.0,ML,1000.000 ML
134,CM AQUA BEVERAGES - NEPAL,AQUA QUENCE,AQUA QUENCE--PET 1000 ML,PET,1000.0,ML,1000.000 ML
134,ROYAL SPRING MIN.WATER LTD-NEP,A-ONE,A-ONE--PET 1000 ML,PET,1000.0,ML,1000.000 ML
134,DOLPHIN INDUSTRIES - NEPAL,OXY FRESH,OXY FRESH--PET 1000 ML,PET,1000.0,ML,1000.000 ML
134,PENGUIN AQUA MINERAL - NEPAL,PENGUIN,PENGUIN--PET 1000 ML,PET,1000.0,ML,1000.000 ML
134,DUGAR FOOD & BEVERAGE-NEPAL,APPY,APPY-APPLE-APPLE TPK 200 ML,TPK,200.0,ML,200.000 ML
134,G.R. DRINKS - NEPAL,AQUA FRESH,AQUA FRESH--PET 1000 ML,PET,1000.0,ML,1000.000 ML
134,DABUR NEPAL LTD.-NEPAL,REAL ACTIV,REAL ACTIV-MIXED FRUIT-MXDFRTBERRTCRTJUC TPK 1000 ML,TPK,1000.0,ML,1000.000 ML
134,CHAUDHARY GROUP - NEPAL,RIO,RIO-MANGO-MANGO TPK 65 ML,TPK,65.0,ML,65.000 ML
134,PRADHAN MINERAL WATER - NEPAL,TAJ,TAJ--PET 1000 ML,PET,1000.0,ML,1000.000 ML
134,TRISHAKTI BEVERAGE IND. - NEPA,AQUA PURE,AQUA PURE--PET 1000 ML,PET,1000.0,ML,1000.000 ML
134,FRIENDSHIP DRINKING WATER - NE,AQUA CARE,AQUA CARE--PET 1000 ML,PET,1000.0,ML,1000.000 ML
134,NATURAL DRINKING WATER - NEPAL,AQUA SEVEN,AQUA SEVEN--PET 1000 ML,PET,1000.0,ML,1000.000 ML
134,ASIAN DRINK PVT LTD - NEPAL,HIMAL DROPS,HIMAL DROPS--PET 1000 ML,PET,1000.0,ML,1000.000 ML
134,DABUR NEPAL LTD.-NEPAL,REAL,REAL-MAUSAMBI-MAUSAMBI LIME TPK 1000 ML,TPK,1000.0,ML,1000.000 ML
134,CHAUDHARY GROUP - NEPAL,RIO,RIO-MIXED FRUIT-7 FRUITS TPK 200 ML,TPK,200.0,ML,200.000 ML
134,CHABAA CO. LTD - THAILAND,CHABAA,CHABAA-PINEAPPLE-PINEAPPLE JUICE TPK 1000 ML,TPK,1000.0,ML,1000.000 ML
134,DABUR NEPAL LTD.-NEPAL,REAL,REAL-POMEGRANATE-POMEGRANATE TPK 1000 ML,TPK,1000.0,ML,1000.000 ML
134,RIJAL TASHI IND. PVT LTD-NEPAL,DRUK,DRUK-MANGO-MANGO CAN 240 ML,CAN,240.0,ML,240.000 ML
134,THE AGRI. MKT. - BNGLADESH,PRAN,PRAN-MIXED FRUIT-FRUIT COCKTAIL CAN 250 ML,CAN,250.0,ML,250.000 ML
134,THE AGRI. MKT. - BNGLADESH,PRAN,PRAN-MANGO-MANGO CAN 250 ML,CAN,250.0,ML,250.000 ML
134,THE AGRI. MKT. - BNGLADESH,PRAN,PRAN-ORANGE-ORANGE CAN 250 ML,CAN,250.0,ML,250.000 ML
134,VARUN BEVERAGE -NEPAL,SLICE,SLICE-MANGO-RGB 300 ML,RGB,300.0,ML,300.000 ML
134,VARUN BEVERAGE -NEPAL,SLICE,SLICE-MANGO-RGB 200 ML,RGB,200.0,ML,200.000 ML
134,THE AGRI. MKT. - BNGLADESH,PRAN,PRAN-MANGO-MANGO  TPK 1000 ML,TPK,1000.0,ML,1000.000 ML
134,CHABAA CO. LTD - THAILAND,CHABAA,CHABAA-MIXED FRUIT-PEACH&MANGO JUICE CAN 240 ML,CAN,240.0,ML,240.000 ML
134,PENGUIN AQUA MINERAL - NEPAL,MIZU,MIZU--PET 1000 ML,PET,1000.0,ML,1000.000 ML
134,GREENLAND MINERAL WATER-NPL,AQUA SOON,AQUA SOON--PET 1000 ML,PET,1000.0,ML,1000.000 ML
134,AQUA STAR IND - NEPAL,AQUA STAR,AQUA STAR--PET 1000 ML,PET,1000.0,ML,1000.000 ML
134,PJ NATURAL FOOD - MALASIYA,NATURAL,NATURAL-MIXED FRUIT-MIXED FRUIT PET 1000 ML,PET,1000.0,ML,1000.000 ML
134,PJ NATURAL FOOD - MALASIYA,NATURAL,NATURAL-ORANGE-ORANGE PET 1000 ML,PET,1000.0,ML,1000.000 ML
134,SUPREME MINERAL WATER&BEV.-NEP,AMRIT,AMRIT--PET 1000 ML,PET,1000.0,ML,1000.000 ML
134,RIJAL TASHI IND. PVT LTD-NEPAL,DRUK,DRUK-PINEAPPLE-PINEAPPLE CAN 240 ML,CAN,240.0,ML,240.000 ML
134,CHAUDHARY GROUP - NEPAL,RIO,RIO-APPLE-APPLE TPK 200 ML,TPK,200.0,ML,200.000 ML
134,CHAUDHARY GROUP - NEPAL,RIO,RIO-MANGO-ALFANSO MANGO TPK 200 ML,TPK,200.0,ML,200.000 ML
134,KARNALI PRODUCTS - NEPAL,AQUA NATURAL,AQUA NATURAL--PET 1000 ML,PET,1000.0,ML,1000.000 ML
134,MANJU SHREE GNSH HIMAL KHN-NEP,LAKE QUENCH,LAKE QUENCH--PET 1000 ML,PET,1000.0,ML,1000.000 ML
134,THE AGRI. MKT. - BNGLADESH,PRAN,PRAN-GUAVA-GUAVA CAN 250 ML,CAN,250.0,ML,250.000 ML
134,SNB MINERAL WATER - NEPAL,TIRKHA,TIRKHA--PET 1000 ML,PET,1000.0,ML,1000.000 ML
134,AQUA DROP TECHNOLOGY(P)LTD-NEP,AQUA DROP,AQUA DROP--PET 1000 ML,PET,1000.0,ML,1000.000 ML
134,SWASTIK BEVERAGE LTD - NEPAL,EVA,EVA--PET 1000 ML,PET,1000.0,ML,1000.000 ML
134,DABUR NEPAL LTD.-NEPAL,REAL,REAL-CRANBERRY-CRANBERRY TPK 1000 ML,TPK,1000.0,ML,1000.000 ML
134,VARUN BEVERAGE -NEPAL,SLICE,SLICE-MANGO-PET 500 ML,PET,500.0,ML,500.000 ML
134,VARUN BEVERAGE -NEPAL,SLICE,SLICE-MANGO-PET 1200 ML,PET,1200.0,ML,1200.000 ML
134,KUNDAN PANI PRASODHAN UDYOG-NP,YECHULA,YECHULA--PET 1000 ML,PET,1000.0,ML,1000.000 ML
134,VARUN BEVERAGE -NEPAL,SLICE,SLICE-MANGO-TPK 200 ML,TPK,200.0,ML,200.000 ML
134,R.S PURE DRINKING WATER-NEPAL,AQUA SPECIAL,AQUA SPECIAL--PET 1000 ML,PET,1000.0,ML,1000.000 ML
134,THE AGRI. MKT. - BNGLADESH,PRAN,PRAN-MIXED FRUIT-MIXED CAN 250 ML,CAN,250.0,ML,250.000 ML
134,THE AGRI. MKT. - BNGLADESH,PRAN,PRAN-PINEAPPLE-PINEAPPLE CAN 250 ML,CAN,250.0,ML,250.000 ML
134,ADHIKARI WATER & BEVERAGE-NEP,API,API--PET 1000 ML,PET,1000.0,ML,1000.000 ML
134,RIJAL TASHI IND. PVT LTD-NEPAL,DRUK,DRUK-MIXED FRUIT-MIXED FRUIT CAN 240 ML,CAN,240.0,ML,240.000 ML
134,ANNAPURNA MINERAL WATER-NEPAL,REFRESH,REFRESH--PET 1000 ML,PET,1000.0,ML,1000.000 ML
134,K TWO BEVERAGE-NEPAL,SPRINGLY,SPRINGLY--PET 1000 ML,PET,1000.0,ML,1000.000 ML
134,RARA DRNKNG WATR PVT LTD-NEPAL,AQUA BULBULE,AQUA BULBULE--PET 1000 ML,PET,1000.0,ML,1000.000 ML
134,MANI KHANE PANI SEWA-NEPAL,AQUA GOSAINKUNDA,AQUA GOSAINKUNDA--JAR 20000 ML,JAR,20000.0,ML,20000.000 ML
134,UNITED MINERALS - INDIA,AQUA LONG LIFE,AQUA LONG LIFE--PET 1000 ML,PET,1000.0,ML,1000.000 ML
134,TARA MINERAL WATER - NEPAL,AQUA MERRY,AQUA MERRY--PET 1000 ML,PET,1000.0,ML,1000.000 ML
134,CHABAA CO. LTD - THAILAND,CHABAA,CHABAA-PINEAPPLE-PINEAPPLE CAN 230 ML,CAN,230.0,ML,230.000 ML
134,CHABAA CO. LTD - THAILAND,CHABAA,CHABAA-MANGO-MANGO CAN 230 ML,CAN,230.0,ML,230.000 ML
134,CHABAA CO. LTD - THAILAND,CHABAA,CHABAA-ORANGE-ORANGE CAN 230 ML,CAN,230.0,ML,230.000 ML
134,CHABAA CO. LTD - THAILAND,CHABAA,CHABAA-GRAPE-GRAPE CAN 230 ML,CAN,230.0,ML,230.000 ML
134,CHABAA CO. LTD - THAILAND,CHABAA,CHABAA-APPLE-APPLE CAN 230 ML,CAN,230.0,ML,230.000 ML
134,CHABAA CO. LTD - THAILAND,CHABAA,CHABAA-LYCHEE-LYCHEE CAN 230 ML,CAN,230.0,ML,230.000 ML
134,CHABAA CO. LTD - THAILAND,CHABAA,CHABAA-POMEGRANATE-POMEGRANATE CAN 230 ML,CAN,230.0,ML,230.000 ML
134,CRISTLLO INDUSTRIES - NEPAL,CRISTLLO,CRISTLLO--PET 1000 ML,PET,1000.0,ML,1000.000 ML
134,EVEREST MINERAL WATER-NEPAL,EVEREST,EVEREST--PET 1000 ML,PET,1000.0,ML,1000.000 ML
134,PANCHARATNA GROUP LTD - NEPAL,FRESH DROP,FRESH DROP--JAR 20000 ML,JAR,20000.0,ML,20000.000 ML
134,MAHA LAXMI MNRL & BVERAG-NPL,KALIKA,KALIKA--PET 1000 ML,PET,1000.0,ML,1000.000 ML
134,MANJU SHREE GNSH HIMAL KHN-NEP,LAKE QUENCH,LAKE QUENCH--JAR 20000 ML,JAR,20000.0,ML,20000.000 ML
134,COCA COLA COMPANY IMPRTD-IMPTD,MAAZA,MAAZA-MANGO-MANGO PET 1200 ML,PET,1200.0,ML,1200.000 ML
134,PJ NATURAL FOOD - MALASIYA,NATURAL,NATURAL-LYCHEE-LITCHI PET 500 ML,PET,500.0,ML,500.000 ML
134,PJ NATURAL FOOD - MALASIYA,NATURAL,NATURAL-MIXED FRUIT-MIXED FRUIT PET 500 ML,PET,500.0,ML,500.000 ML
134,PJ NATURAL FOOD - MALASIYA,NATURAL,NATURAL-APPLE-APPLE PET 1000 ML,PET,1000.0,ML,1000.000 ML
134,PJ NATURAL FOOD - MALASIYA,NATURAL,NATURAL-GUAVA-PINK GUAVA PET 1000 ML,PET,1000.0,ML,1000.000 ML
134,PJ NATURAL FOOD - MALASIYA,NATURAL,NATURAL-LYCHEE-LITCHI PET 1000 ML,PET,1000.0,ML,1000.000 ML
134,PJ NATURAL FOOD - MALASIYA,NATURAL,NATURAL-MANGO-MANGO PET 1000 ML,PET,1000.0,ML,1000.000 ML
134,PJ NATURAL FOOD - MALASIYA,NATURAL,NATURAL-ORANGE-ORANGE  PET 2000 ML,PET,2000.0,ML,2000.000 ML
134,PJ NATURAL FOOD - MALASIYA,NATURAL,NATURAL-APPLE-APPLE PET 2000 ML,PET,2000.0,ML,2000.000 ML
134,OK MINERAL WATER - NEPAL,OK,OK--JAR 20000 ML,JAR,20000.0,ML,20000.000 ML
134,PENGUIN AQUA MINERAL - NEPAL,PENGUIN,PENGUIN--JAR 20000 ML,JAR,20000.0,ML,20000.000 ML
134,CHAUDHARY GROUP - NEPAL,RIO,RIO-MANGO-ALFONSO MANGO TPK 1000 ML,TPK,1000.0,ML,1000.000 ML
134,KAGESHWRI MNRL WTR PVT LTD-NPL,SHITAL,SHITAL--JAR 20000 ML,JAR,20000.0,ML,20000.000 ML
134,EVEREST MINERAL WATER-NEPAL,SPRING EVEREST,SPRING EVEREST--PET 1000 ML,PET,1000.0,ML,1000.000 ML
134,KHAGESHWORI MNRL WATER-NPL,SUNDARIJAL,SUNDARIJAL--JAR 20000 ML,JAR,20000.0,ML,20000.000 ML
134,CHABAA CO. LTD - THAILAND,CHABAA,CHABAA-MIXED FRUIT-MIXED FRUIT CAN 230 ML,CAN,230.0,ML,230.000 ML
134,THE AGRI. MKT. - BNGLADESH,PRAN,PRAN-MIXED FRUIT-FRUIT COCKTAIL TPK 1000 ML,TPK,1000.0,ML,1000.000 ML
134,TRIPURA BEVERAGES PVT LTD - NE,TRIGUN,TRIGUN--JAR 20000 ML,JAR,20000.0,ML,20000.000 ML
134,AQUA COOL PLUS SPRNG WATR-NPL,AQUA COOL PLUS,AQUA COOL PLUS--JAR 20000 ML,JAR,20000.0,ML,20000.000 ML
134,AQUA VALY FRSH SPRNG UDYG-NPL,AQUA VALLEY,AQUA VALLEY--JAR 19000 ML,JAR,19000.0,ML,19000.000 ML
134,GANGA PEYA JAL UDHYOG - NEPAL,BIRAT GANGA,BIRAT GANGA--PET 1000 ML,PET,1000.0,ML,1000.000 ML
134,CHABAA CO. LTD - THAILAND,CHABAA,CHABAA-ALMOND-ALMOND CAN 230 ML,CAN,230.0,ML,230.000 ML
134,BUDHA LAND MLMCHI MNRL WTR-NPL,HIMALAYAN MELAMCHI,HIMALAYAN MELAMCHI--PET 1000 ML,PET,1000.0,ML,1000.000 ML
134,COCA COLA COMPANY IMPRTD-IMPTD,MAAZA,MAAZA-MANGO-MANGO PET 600 ML,PET,600.0,ML,600.000 ML
134,DABUR NEPAL LTD.-NEPAL,REAL,REAL-APPLE-APPLE NECTOR TPK 1000 ML,TPK,1000.0,ML,1000.000 ML
134,PCHLI BHRB PNI PRSHDN UDYG-NPL,AAKU,AAKU--PET 1000 ML,PET,1000.0,ML,1000.000 ML
134,GREENLAND MINERAL WATER-NPL,AQUA SHINE,AQUA SHINE--PET 1000 ML,PET,1000.0,ML,1000.000 ML
134,SUNRISE NEPAL FOD&BEV P LTD-NP,FROOTI,FROOTI-MANGO-MANGO PET 250 ML,PET,250.0,ML,250.000 ML
134,HIM DEW BEVERAGE - NEPAL,AQUA LIFE,AQUA LIFE--PET 1000 ML,PET,1000.0,ML,1000.000 ML
134,GREENLAND MINERAL WATER-NPL,AQUA SHINE,AQUA SHINE--JAR 20000 ML,JAR,20000.0,ML,20000.000 ML
134,CHABAA CO. LTD - THAILAND,CHABAA,CHABAA-GUAVA-GUAVA CAN 230 ML,CAN,230.0,ML,230.000 ML
134,COCA COLA COMPANY IMPRTD-IMPTD,MAAZA,MAAZA-MANGO-MANGO PET 250 ML,PET,250.0,ML,250.000 ML
134,HIM DEW BEVERAGE - NEPAL,AQUA FUN,AQUA FUN--PET 1000 ML,PET,1000.0,ML,1000.000 ML
134,SUNSHINE BEVERAGES PRODUCTS-NP,AQUA SUNSHINE,AQUA SUNSHINE--PET 1000 ML,PET,1000.0,ML,1000.000 ML
134,PASHUPTI SPRNG WTR PVT LTD-NPL,AQUA XPRESS,AQUA XPRESS--PET 1000 ML,PET,1000.0,ML,1000.000 ML
134,TRISULI MINERL WTR & BEVRG-NPL,TRISULI,TRISULI--PET 1000 ML,PET,1000.0,ML,1000.000 ML
134,QUALITY KHANEPANI PVT LTD-NPL,AQUA NIRMAL,AQUA NIRMAL--JAR 20000 ML,JAR,20000.0,ML,20000.000 ML
134,SUNSHINE BEVERAGES PRODUCTS-NP,AQUA SUNSHINE,AQUA SUNSHINE--JAR 20000 ML,JAR,20000.0,ML,20000.000 ML
134,MOUNTAINER MNRL WATER INDS-NPL,MARK DAVIDSON,MARK DAVIDSON--PET 1000 ML,PET,1000.0,ML,1000.000 ML
134,THE AGRI. MKT. - BNGLADESH,PRAN,PRAN-MIXED FRUIT-FRUIT COCKTAIL PET 170 ML,PET,170.0,ML,170.000 ML
134,ANNAPURNA MINERAL WATER-NEPAL,REFRESH,REFRESH--JAR 19000 ML,JAR,19000.0,ML,19000.000 ML
134,T C PHARMACETCLS IND-THAILAND,RED BULL,RED BULL--CAN 250 ML,CAN,250.0,ML,250.000 ML
134,CHAUDHARY GROUP - NEPAL,RIO FRUIT N ENERGY,RIO FRUIT N ENERGY--TPK 200 ML,TPK,200.0,ML,200.000 ML
134,BLUEPINE MINERAL WATER-NEPAL,AQUA Q,AQUA Q--JAR 20000 ML,JAR,20000.0,ML,20000.000 ML
134,REAL MOUNT EVEREST BEV LTD-NPL,AQUA QUALITY,AQUA QUALITY--JAR 20000 ML,JAR,20000.0,ML,20000.000 ML
134,PJ NATURAL FOOD - MALASIYA,NATURAL,NATURAL-GUAVA-PINK GUAVA PET 2000 ML,PET,2000.0,ML,2000.000 ML
134,NATURAL DRINKING WATER - NEPAL,AQUA SEVEN,AQUA SEVEN--JAR 20000 ML,JAR,20000.0,ML,20000.000 ML
134,G.R. DRINKS - NEPAL,AQUA FRESH,AQUA FRESH--JAR 20000 ML,JAR,20000.0,ML,20000.000 ML
134,ICHANGU DRINKING WATER - NEPAL,AQUA LOTUS,AQUA LOTUS--JAR 20000 ML,JAR,20000.0,ML,20000.000 ML
134,BLUEPINE MINERAL WATER-NEPAL,AQUA Q,AQUA Q--PET 1000 ML,PET,1000.0,ML,1000.000 ML
134,CHABAA CO. LTD - THAILAND,CHABAA,CHABAA-POMEGRANATE-POMEGRANATE CAN 240 ML,CAN,240.0,ML,240.000 ML
134,GYANI FOOD & BEVERAGE - NEPAL,GYANI,GYANI--PET 1000 ML,PET,1000.0,ML,1000.000 ML
134,LIPTON SOFT DRINK INDS - NEPAL,ROYAL FISHER,ROYAL FISHER--PET 1000 ML,PET,1000.0,ML,1000.000 ML
134,SILWAL GROUP INDUSTRIES-NEPAL,AQUA ABIRAL,AQUA ABIRAL--JAR 20000 ML,JAR,20000.0,ML,20000.000 ML
134,SHUVA LAXMI FOOD & BEVERAGE-NEPAL,AQUA CRYSTAL,AQUA CRYSTAL--PET 1000 ML,PET,1000.0,ML,1000.000 ML
134,SHUVA LAXMI FOOD & BEVERAGE-NEPAL,AQUA GAGAN,AQUA GAGAN--JAR 20000 ML,JAR,20000.0,ML,20000.000 ML
134,COMPLETE MINERAL WATER-NEPAL,AQUA REAL,AQUA REAL--PET 1000 ML,PET,1000.0,ML,1000.000 ML
134,THE AGRI. MKT. - BNGLADESH,PRAN FROOTO,PRAN FROOTO-MANGO-MANGO PET 250 ML,PET,250.0,ML,250.000 ML
134,CHAUDHARY GROUP - NEPAL,RIO,RIO-MIXED FRUIT-MIXED FRUIT TPK 1000 ML,TPK,1000.0,ML,1000.000 ML
134,COMPLETE MINERAL WATER-NEPAL,AQUA RIUS,AQUA RIUS--PET 1000 ML,PET,1000.0,ML,1000.000 ML
134,CHABAA CO. LTD - THAILAND,CHABAA,CHABAA-RED GRAPE-RED GRAPE CAN 230 ML,CAN,230.0,ML,230.000 ML
134,SHREE KRISHNA BEVERAGE-NEPAL,GOOD DAY,GOOD DAY--PET 1000 ML,PET,1000.0,ML,1000.000 ML
134,THE AGRI. MKT. - BNGLADESH,PRAN FROOTO,PRAN FROOTO-MANGO-MANGO PET 500 ML,PET,500.0,ML,500.000 ML
134,THE AGRI. MKT. - BNGLADESH,PRAN,PRAN-LYCHEE-LYCHEE PET 170 ML,PET,170.0,ML,170.000 ML
134,AQUA SUNDARI PVT LTD-NEPAL,AQUA DB,AQUA DB--PET 1000 ML,PET,1000.0,ML,1000.000 ML
134,SHREE KRISHNA BEVERAGE-NEPAL,GOOD DAY,GOOD DAY--JAR 20000 ML,JAR,20000.0,ML,20000.000 ML
134,PANCHAKANYA GROUP PVT LTD-NEPAL,HYDRO FRESH,HYDRO FRESH--PET 1000 ML,PET,1000.0,ML,1000.000 ML
134,AQUA TOP MAKALU MNRL WATER-NPL,MAKALU,MAKALU--PET 1000 ML,PET,1000.0,ML,1000.000 ML
134,THE AGRI. MKT. - BNGLADESH,PRAN FROOTO,PRAN FROOTO-MANGO-MANGO PET 1000 ML,PET,1000.0,ML,1000.000 ML
134,SPRNG MNRL WTR OF MATATIRT-NPL,AQUA 24 CARAT,AQUA 24 CARAT--JAR 20000 ML,JAR,20000.0,ML,20000.000 ML
134,NAVA DURGA BEVERAGE-NEPAL,HIM AQUA,HIM AQUA--PET 1000 ML,PET,1000.0,ML,1000.000 ML
134,VARUN BEVERAGE -NEPAL,NIMBOOZ,NIMBOOZ-LEMON-LEMON PET 350 ML,PET,350.0,ML,350.000 ML
134,PASHUPTI SPRNG WTR PVT LTD-NPL,SPRING EVEREST,SPRING EVEREST--PET 1000 ML,PET,1000.0,ML,1000.000 ML
134,KARMACHARYA MNRL & BVERAG-NPL,AQUA PARBAT,AQUA PARBAT--PET 1000 ML,PET,1000.0,ML,1000.000 ML
134,SUMAN MINERAL WTR & BEVRG-NPL,AQUA PIYUSH,AQUA PIYUSH--PET 1000 ML,PET,1000.0,ML,1000.000 ML
134,OASIS PURE DRINKING WATER-NEPAL,MY AQUA,MY AQUA--JAR 20000 ML,JAR,20000.0,ML,20000.000 ML
134,MARAIN BEVERAGE PVT LTD-NEPAL,OMIZU,OMIZU--JAR 20000 ML,JAR,20000.0,ML,20000.000 ML
134,SHUBHA BEVERAGE-NEPAL,AQUA TIME,AQUA TIME--PET 1000 ML,PET,1000.0,ML,1000.000 ML
134,CARABAO TAWANDANG C LTD-THLND,CARABAO,CARABAO--CAN 250 ML,CAN,250.0,ML,250.000 ML
134,JANAKI STEAM WATER INDS-NEPAL,JANAKI,JANAKI--PET 1000 ML,PET,1000.0,ML,1000.000 ML
134,ASIAN LAKTO INDS LTD-INDIA,MR. FRESH,MR. FRESH-MIXED FRUIT-MIXED FRUIT PET 1000 ML,PET,1000.0,ML,1000.000 ML
134,THE AGRI. MKT. - BNGLADESH,PRAN,PRAN-PINEAPPLE-PINEAPPLE TPK 1000 ML,TPK,1000.0,ML,1000.000 ML
134,AQUA SMART SPRING WATER-NEPAL,AQUA SMART,AQUA SMART--PET 1000 ML,PET,1000.0,ML,1000.000 ML
134,DOLPHIN MINERAL WATER-NEPAL,LIFE CARE,LIFE CARE--PET 1000 ML,PET,1000.0,ML,1000.000 ML
134,PURWANCHAL NIRMAL UDHYOG-NPL,NIRMAL JAL,NIRMAL JAL--PET 1000 ML,PET,1000.0,ML,1000.000 ML
134,GANGA PEYA JAL UDHYOG - NEPAL,DAY NIGHT,DAY NIGHT--PET 1000 ML,PET,1000.0,ML,1000.000 ML
134,PJ NATURAL FOOD - MALASIYA,NATURAL,NATURAL-GRAPE-GRAPE PET 1000 ML,PET,1000.0,ML,1000.000 ML
134,DANFE MINERAL WATER P LTD-NPL,AQUA COOL,AQUA COOL--PET 1000 ML,PET,1000.0,ML,1000.000 ML
134,ICHHA KAMANA PURE MNRL WAT-NEP,ICHHA,ICHHA--PET 1000 ML,PET,1000.0,ML,1000.000 ML
134,JAYA DURGA MINERAL WATER-NEPAL,NATIONAL,NATIONAL--PET 1000 ML,PET,1000.0,ML,1000.000 ML
134,IMPORTED-IMPORTED,RED TIGER,RED TIGER--CAN 250 ML,CAN,250.0,ML,250.000 ML
134,DEVI PATHIVARA INDUSTRIES-NEPL,LIFE LINE,LIFE LINE--PET 1000 ML,PET,1000.0,ML,1000.000 ML
134,NIRJAL RVR OSMSIS WTR P LTD-NP,NIRJAL,NIRJAL--PET 1000 ML,PET,1000.0,ML,1000.000 ML
134,DABUR NEPAL LTD.-NEPAL,REAL BURRST,REAL BURRST-MANGO-MANGO MANIA TPK 1000 ML,TPK,1000.0,ML,1000.000 ML
134,GORKHA BEVERAGE-NEPAL,MASTER AQUA,MASTER AQUA--PET 1000 ML,PET,1000.0,ML,1000.000 ML
134,KHAGESHWORI MNRL WATER-NPL,SUNDARIJAL,SUNDARIJAL--PET 1000 ML,PET,1000.0,ML,1000.000 ML
134,7 ELEVEN MINERAL WATER-NEPAL,AQUA ELEVENT,AQUA ELEVENT--PET 1000 ML,PET,1000.0,ML,1000.000 ML
134,K & D BEVERAGE-NEPAL,BHOMI,BHOMI--PET 1000 ML,PET,1000.0,ML,1000.000 ML
134,DABUR NEPAL LTD.-NEPAL,REAL ACTIV,REAL ACTIV-MIXED FRUIT-FIBER ACTIVE MULTI FRUITS TPK 1000 ML,TPK,1000.0,ML,1000.000 ML
134,KANCHAN WATER INDUSTRIES-NEPAL,AQUA KANCHAN,AQUA KANCHAN--PET 1000 ML,PET,1000.0,ML,1000.000 ML
134,INTER DRINKS CO. LTD.-THAILAND,C LIGHT,C LIGHT-PINEAPPLE-PINEAPPLE CAN 240 ML,CAN,240.0,ML,240.000 ML
134,INTER DRINKS CO. LTD.-THAILAND,C LIGHT,C LIGHT-ORANGE-ORANGE CAN 240 ML,CAN,240.0,ML,240.000 ML
134,INTER DRINKS CO. LTD.-THAILAND,C LIGHT,C LIGHT-MIXED FRUIT-MIXED FRUIT CAN 240 ML,CAN,240.0,ML,240.000 ML
134,INTER DRINKS CO. LTD.-THAILAND,C LIGHT,C LIGHT-MANGO-MANGO CAN 240 ML,CAN,240.0,ML,240.000 ML
134,LIPTON SOFT DRINK INDS - NEPAL,BLUE LIGHT,BLUE LIGHT--PET 1000 ML,PET,1000.0,ML,1000.000 ML
134,THACH BICH MINERAL WTR-VIETNAM,WILD BULL,WILD BULL--CAN 250 ML,CAN,250.0,ML,250.000 ML
134,BAGDWAR FRESH MINERAL WATR-NPL,AQUA BAGDWAR,AQUA BAGDWAR--PET 1000 ML,PET,1000.0,ML,1000.000 ML
134,SANJIVANI DRINKING WATER-NEPAL,SANJIVANI,SANJIVANI--PET 1000 ML,PET,1000.0,ML,1000.000 ML
134,RATNA WATER INDUSTRIES-NEPAL,SPRUZZO,SPRUZZO--PET 1000 ML,PET,1000.0,ML,1000.000 ML
134,AAPSA MINERAL WATER INDS-NPL,AQUA SUNRISE,AQUA SUNRISE--PET 1000 ML,PET,1000.0,ML,1000.000 ML
134,BIRJUNJ FOOD INDUSTRIES-NEPAL,STAR AQUA,STAR AQUA--PET 1000 ML,PET,1000.0,ML,1000.000 ML
134,VALLEY SPRING MNRL WTR&BEV-NPL,VALLEY SPRING,VALLEY SPRING--PET 1000 ML,PET,1000.0,ML,1000.000 ML
134,AQUA AMRIT DRKNG PRFCTN IND-NPL,AQUA AMRIT,AQUA AMRIT--PET 1000 ML,PET,1000.0,ML,1000.000 ML
134,KANKALI BEVERAGE INDUS-NEPAL,KANCHAN,KANCHAN--PET 1000 ML,PET,1000.0,ML,1000.000 ML
134,ANMOL DRINKING WATER-NEPAL,AQUA RIO,AQUA RIO--PET 1000 ML,PET,1000.0,ML,1000.000 ML
134,BANDIPUR SPRING WAT&BEV LTD-NP,MANASLU,MANASLU--PET 1000 ML,PET,1000.0,ML,1000.000 ML
134,MITRA WATER INDUSTRIES -NEPAL,UGRATARA,UGRATARA--PET 1000 ML,PET,1000.0,ML,1000.000 ML
134,RAUTA SPRING WATER-NEPAL,RAUTA,RAUTA--PET 1000 ML,PET,1000.0,ML,1000.000 ML
134,KHAREL MINERAL WATER INDUS-NPL,AQUA DANG,AQUA DANG--PET 1000 ML,PET,1000.0,ML,1000.000 ML
134,THAILND BEV CNS HLDNG CO-THLND,RED STAR,RED STAR--CAN 250 ML,CAN,250.0,ML,250.000 ML
134,SATYA SITA DRINKING WATER-NEPAL,AQUA NATURAL,AQUA NATURAL--PET 1000 ML,PET,1000.0,ML,1000.000 ML
134,AQUA ACTIVE BEVERAGE INDS-NEPL,GREAT DAY,GREAT DAY--PET 1000 ML,PET,1000.0,ML,1000.000 ML
134,SHANTI JAL UDHYOG PVT LTD-NEPL,SHANTI JAL,SHANTI JAL--PET 1000 ML,PET,1000.0,ML,1000.000 ML
134,CHABAA CO. LTD - THAILAND,CHABAA,CHABAA-PEACH-PEACH CAN 230 ML,CAN,230.0,ML,230.000 ML
134,NATURAL MINERAL WATER-NEPAL,GANGA JAL,GANGA JAL--PET 1000 ML,PET,1000.0,ML,1000.000 ML
134,JEEVAN JYOTI MINERAL WATER-NPL,HIGH LAND,HIGH LAND--PET 1000 ML,PET,1000.0,ML,1000.000 ML
134,RED BULL ASIA FZE-AUSTRALIA,RED BULL,RED BULL--CAN 250 ML,CAN,250.0,ML,250.000 ML
134,MTR FOOD PVT LTD-INDIA,MTR BADAM DRINK,MTR BADAM DRINK-ALMOND-ALMOND CAN 180 ML,CAN,180.0,ML,180.000 ML
134,THE AGRI. MKT. - BNGLADESH,PRAN,PRAN-MANGO-MANGO PET 1000 ML,PET,1000.0,ML,1000.000 ML
134,THE AGRI. MKT. - BNGLADESH,PRAN,PRAN-MANGO-MANGO PET 250 ML,PET,250.0,ML,250.000 ML
134,THE AGRI. MKT. - BNGLADESH,PRAN,PRAN-MANGO-MANGO PET 500 ML,PET,500.0,ML,500.000 ML
134,ALLAHBAD CANNING CO.-INDIA,MORTON,MORTON-PINEAPPLE-PINEAPPLE CAN 250 ML,CAN,250.0,ML,250.000 ML
134,ANKIT DRINKING WATER-NEPAL,AQUA CLASSIC,AQUA CLASSIC--PET 1000 ML,PET,1000.0,ML,1000.000 ML
134,ANNAPURNA FOOD & BEVERAGE-NEPL,SOALTEE,SOALTEE--PET 1000 ML,PET,1000.0,ML,1000.000 ML
134,GANGA PEYA JAL UDHYOG - NEPAL,ANY TIME,ANY TIME--PET 1000 ML,PET,1000.0,ML,1000.000 ML
134,HIM DHARA COMPANY PVT LTD-NEPL,AQUA UPAHAR,AQUA UPAHAR--PET 1000 ML,PET,1000.0,ML,1000.000 ML
134,GOOD LUCK BEVERAGE INDS-NPL,GOOD LUCK,GOOD LUCK--PET 1000 ML,PET,1000.0,ML,1000.000 ML
134,THE AGRI. MKT. - BNGLADESH,PRAN,PRAN-MIXED FRUIT-FRUIT COCKTAIL CAN 230 ML,CAN,230.0,ML,230.000 ML
134,HIMAL MINERAL WATER UDHYOG-NPL,AQUA BLUE LITE,AQUA BLUE LITE--PET 1000 ML,PET,1000.0,ML,1000.000 ML
134,JAY SHIV SHAKTI WATER INDS-NPL,KHUSI DROP,KHUSI DROP--PET 1000 ML,PET,1000.0,ML,1000.000 ML
134,PEPSI COLA CMPNY IMPRTD-IMPRTD,SLICE,SLICE-MANGO-PET 1200 ML,PET,1200.0,ML,1200.000 ML
134,PEPSI COLA CMPNY IMPRTD-IMPRTD,SLICE,SLICE-MANGO-PET 500 ML,PET,500.0,ML,500.000 ML
134,PEPSI COLA CMPNY IMPRTD-IMPRTD,SLICE,SLICE-MANGO-PET 600 ML,PET,600.0,ML,600.000 ML
134,NEPAL HIMALAYAN BEVRG P LTD-NP,SPRINGLEY,SPRINGLEY--PET 1000 ML,PET,1000.0,ML,1000.000 ML
134,LUNIVA BEVERAGE-NEPAL,AQUA BERG,AQUA BERG--PET 1000 ML,PET,1000.0,ML,1000.000 ML
134,DABUR NEPAL LTD.-NEPAL,REAL,REAL-GOJIBERRY & GUAVA-GOJIBERRY & GUAVA TPK 1000 ML,TPK,1000.0,ML,1000.000 ML
134,GCM WORLDWIDE-VIETNAM,RED BALL,RED BALL--CAN 250 ML,CAN,250.0,ML,250.000 ML
134,A-ONE SUDHA JAL UDHYOG-NEPAL,A-ONE,A-ONE--PET 1000 ML,PET,1000.0,ML,1000.000 ML
134,ALLAHBAD CANNING CO.-INDIA,MORTON,MORTON-GUAVA-GUAVA CAN 250 ML,CAN,250.0,ML,250.000 ML
134,MUKTINATH FOOD & BEVERAGE-NPL,POON HILL,POON HILL--PET 1000 ML,PET,1000.0,ML,1000.000 ML
134,JAY CHHUMA GANES SUDA KANP-NPL,AQUA RAJ,AQUA RAJ--JAR 20000 ML,JAR,20000.0,ML,20000.000 ML
134,JAY CHHUMA GANES SUDA KANP-NPL,AQUA RAJ,AQUA RAJ--PET 1000 ML,PET,1000.0,ML,1000.000 ML
134,CIVIL PROCESSING DRINK-NEPAL,AQUA SUPREME,AQUA SUPREME--PET 1000 ML,PET,1000.0,ML,1000.000 ML
134,DUGAR FOOD & BEVERAGE-NEPAL,FROOTI,FROOTI-MANGO-MANGO TPK 160 ML,TPK,160.0,ML,160.000 ML
134,DABUR NEPAL LTD.-NEPAL,REAL,REAL-MANGO-MANGO TPK 125 ML,TPK,125.0,ML,125.000 ML
134,CHAUDHARY GROUP - NEPAL,RIO,RIO-MIXED FRUIT-7 FRUITS TPK 1000 ML,TPK,1000.0,ML,1000.000 ML
134,AQUA SMART SPRING WATER-NEPAL,AQUA BISLE,AQUA BISLE--PET 1000 ML,PET,1000.0,ML,1000.000 ML
134,TUNIP AGRO LTD-INDIA,ONJUS,ONJUS-POMEGRANATE-POMEGRANATE TPK 1000 ML,TPK,1000.0,ML,1000.000 ML
134,LEKHNATH SUDHA KHANPANI UDG-NP,7 LAKES,7 LAKES--PET 1000 ML,PET,1000.0,ML,1000.000 ML
134,BANGANGA FOOD & BEVERAGE-NEPAL,BANGANGA,BANGANGA--PET 1000 ML,PET,1000.0,ML,1000.000 ML
134,JEEVAN BIKASH DAIRY PRODUCT-NP,JEEVAN BIKASH,JEEVAN BIKASH--PET 1000 ML,PET,1000.0,ML,1000.000 ML
134,D.K.T INDUSTRIES-NEPAL,LEAP,LEAP--PET 1000 ML,PET,1000.0,ML,1000.000 ML
134,NEW HALESHI JAL PVT LTD-NEPAL,HALESHI JAL,HALESHI JAL--PET 1000 ML,PET,1000.0,ML,1000.000 ML
134,ANNAPURNA FOOD & BEVERAGE-NEPL,SOALTEE,SOALTEE--JAR 20000 ML,JAR,20000.0,ML,20000.000 ML
134,AISAKR FOR FOOD INDUSTRIES-EGY,TWIST,TWIST-MIXED FRUIT-FRUIT COCKTAIL TPK 1000 ML,TPK,1000.0,ML,1000.000 ML
134,AISAKR FOR FOOD INDUSTRIES-EGY,TWIST,TWIST-GUAVA-GUAVA TPK 1000 ML,TPK,1000.0,ML,1000.000 ML
134,AISAKR FOR FOOD INDUSTRIES-EGY,TWIST,TWIST-PINEAPPLE-PINEAPPLE TPK 1000 ML,TPK,1000.0,ML,1000.000 ML
134,AISAKR FOR FOOD INDUSTRIES-EGY,TWIST,TWIST-POMEGRANATE-POMEGRANATE TPK 1000 ML,TPK,1000.0,ML,1000.000 ML
134,K.B & SONS-NEPAL,RISHI JAL,RISHI JAL--PET 1000 ML,PET,1000.0,ML,1000.000 ML
134,CHANDESHWORI MINERAL WATER-NP,AQUA REAL,AQUA REAL--JAR 20000 ML,JAR,20000.0,ML,20000.000 ML
134,COMPLETE MINERAL WATER-NEPAL,AQUA RIUS,AQUA RIUS--JAR 20000 ML,JAR,20000.0,ML,20000.000 ML
134,MNK SPRING WATER-NEPAL,MOUNTAIN CRYSTAL,MOUNTAIN CRYSTAL--PET 1000 ML,PET,1000.0,ML,1000.000 ML
134,THE AGRI. MKT. - BNGLADESH,PRAN,PRAN-APPLE-APPLE TPK 1000 ML,TPK,1000.0,ML,1000.000 ML
134,AJAMBARI MINERAL WATR SUPLR-NP,AJAMBARI,AJAMBARI--JAR 20000 ML,JAR,20000.0,ML,20000.000 ML
134,KANCHANJUNGHA BEVERAGE-NEPAL,AQUA KANCHANJUNGA,AQUA KANCHANJUNGA--PET 1000 ML,PET,1000.0,ML,1000.000 ML
134,PATHIBHARA BEVERAGE-NEPAL,EAST SPRING,EAST SPRING--PET 1000 ML,PET,1000.0,ML,1000.000 ML
134,COCA COLA COMPANY IMPRTD-IMPTD,MAAZA,MAAZA-MANGO-MANGO PET 500 ML,PET,500.0,ML,500.000 ML
134,PALPALI (D) PURE DRNKNG WTR-NP,PALPALI (D) PURE,PALPALI (D) PURE--PET 1000 ML,PET,1000.0,ML,1000.000 ML
134,IMPORTED-IMPORTED,RED SUN,RED SUN--CAN 250 ML,CAN,250.0,ML,250.000 ML
134,A & B BEVERAGE INDUSTRIES-NEPAL,AQUA A & B,AQUA A & B--PET 1000 ML,PET,1000.0,ML,1000.000 ML
134,MUKTESHWORI BEVERAGE-NEPAL,AQUA H2O,AQUA H2O--PET 1000 ML,PET,1000.0,ML,1000.000 ML
134,MADHYA PASCHIM WATER & BEV-NPL,AQUANS,AQUANS--PET 1000 ML,PET,1000.0,ML,1000.000 ML
134,DIBYASWORI JAL UDHYOG-NEPAL,DIBYA AQUA,DIBYA AQUA--PET 1000 ML,PET,1000.0,ML,1000.000 ML
134,RIJAL TASHI IND. PVT LTD-NEPAL,DRUK,DRUK-POMEGRANATE-POMEGRANATE CAN 240 ML,CAN,240.0,ML,240.000 ML
134,HIMALAYAN AQUA MINERAL - NEPAL,HIMALAYAN AQUA FRESH,HIMALAYAN AQUA FRESH--PET 1000 ML,PET,1000.0,ML,1000.000 ML
134,MTR FOOD PVT LTD-INDIA,MTR CHOCOLATE DRINK,MTR CHOCOLATE DRINK-ALMOND-CAN 180 ML,CAN,180.0,ML,180.000 ML
134,TRICON BEVERAGE INDUSTRIES-NPL,AQUA 99,AQUA 99--PET 1000 ML,PET,1000.0,ML,1000.000 ML
134,CHAUDHARY GROUP - NEPAL,RIO,RIO-MANGO-ALFANSO MANGO PET 250 ML,PET,250.0,ML,250.000 ML
134,MAHAKALI MINERAL WATER - NEPAL,AQUA JAL,AQUA JAL--PET 1000 ML,PET,1000.0,ML,1000.000 ML
134,LEKHNATH SUDHA KHANPANI UDG-NP,7 LAKES,7 LAKES--JAR 20000 ML,JAR,20000.0,ML,20000.000 ML
134,WHITE MOON PRODUCT-NEPAL,AQUA INFINITY,AQUA INFINITY--PET 1000 ML,PET,1000.0,ML,1000.000 ML
134,THE AGRI. MKT. - BNGLADESH,PRAN,PRAN-POMEGRANATE-POMEGRANATE TPK 1000 ML,TPK,1000.0,ML,1000.000 ML
134,SANGAM WATER INDUSTRIES-NEPAL,SPRUZZO,SPRUZZO--PET 1000 ML,PET,1000.0,ML,1000.000 ML
134,BLUEPINE MINERAL WATER-NEPAL,AQUA OASIS,AQUA OASIS--JAR 20000 ML,JAR,20000.0,ML,20000.000 ML
134,OM WATER INDUSTRIES-NEPAL,AQUA SPRING,AQUA SPRING--PET 1000 ML,PET,1000.0,ML,1000.000 ML
134,UNITED BEVERAGE PVT LTD-NEPAL,PULPY,PULPY-MANGO-MANGO PET 250 ML,PET,250.0,ML,250.000 ML
134,VIET NAM AQUA JOINT-VIETNAM,REAL BULL,REAL BULL--CAN 250 ML,CAN,250.0,ML,250.000 ML
134,A & B BEVERAGE INDUSTRIES-NEPAL,AQUA HIM SHIKHAR,AQUA HIM SHIKHAR--PET 1000 ML,PET,1000.0,ML,1000.000 ML
134,BALAJAL INDUSTRIES-NEPAL,MUSKAN AQUA,MUSKAN AQUA--PET 1000 ML,PET,1000.0,ML,1000.000 ML
134,DABUR NEPAL LTD.-NEPAL,REAL,REAL-MANGO-MANGO NECTOR TPK 500 ML,TPK,500.0,ML,500.000 ML
134,TULYA BEVERAGE PVT LTD-INDIA,MOH BADAM DRINK,MOH BADAM DRINK-ALMOND-ALMOND CAN 180 ML,CAN,180.0,ML,180.000 ML
134,THE AGRI. MKT. - BNGLADESH,PRAN FROOTO,PRAN FROOTO-MANGO-MANGO TPK 1000 ML,TPK,1000.0,ML,1000.000 ML
134,UNITED BEVERAGE PVT LTD-NEPAL,PULPY,PULPY-GUAVA-GUAVA PET 250 ML,PET,250.0,ML,250.000 ML
134,CHABAA CO. LTD - THAILAND,CHABAA,CHABAA-ALOEVERA-ALOEVERA CAN 230 ML,CAN,230.0,ML,230.000 ML
134,BIRAT GANGA PET&BEVRAGE LTD-NP,DEV NEER,DEV NEER--PET 1000 ML,PET,1000.0,ML,1000.000 ML
134,SANGRILLA SPRING DRNK&BEVRG-NP,SANGRILLA,SANGRILLA--PET 1000 ML,PET,1000.0,ML,1000.000 ML
134,BARSA WATER INDUSTRIES-NEPAL,BARSA,BARSA--PET 1000 ML,PET,1000.0,ML,1000.000 ML
134,MAKWANPUR BERVERAGE-NEPAL,MY CHOICE,MY CHOICE--PET 1000 ML,PET,1000.0,ML,1000.000 ML
134,JALPA JAL UDHYOG-NEPAL,ASHIRWAD JAL,ASHIRWAD JAL--PET 1000 ML,PET,1000.0,ML,1000.000 ML
134,BINDABASINI BEVERAGE-NEPAL,AMULYA,AMULYA-LYCHEE-LYCHEE PET 170 ML,PET,170.0,ML,170.000 ML
134,PASHUPTI SPRNG WTR PVT LTD-NPL,AQUA EXPRESS,AQUA EXPRESS--PET 1000 ML,PET,1000.0,ML,1000.000 ML
134,P.G WATER INDUSTRIES-NEPAL,P.G,P.G--PET 1000 ML,PET,1000.0,ML,1000.000 ML
134,CHABAA CO. LTD - THAILAND,CHABAA,CHABAA-CRANBERRY-CRANBERRY CAN 230 ML,CAN,230.0,ML,230.000 ML
134,BOTTLERS NEPAL - NEPAL,MINUTE MAID,MINUTE MAID-MANGO-MANGO TPK 200 ML,TPK,200.0,ML,200.000 ML
134,CHAUDHARY GROUP - NEPAL,RIO JUICE & GLUCOSE,RIO JUICE & GLUCOSE-MANGO-TPK 200 ML,TPK,200.0,ML,200.000 ML
134,NEW LUMBINI PRODUCTION LTD-NP,DRINK UP,DRINK UP--PET 1000 ML,PET,1000.0,ML,1000.000 ML
134,TULYA BEVERAGE PVT LTD-INDIA,MOH MANGO DRINK,MOH MANGO DRINK-MANGO-MANGO CAN 240 ML,CAN,240.0,ML,240.000 ML
134,TULYA BEVERAGE PVT LTD-INDIA,MOH PINEAPPLE DRINK,MOH PINEAPPLE DRINK-PINEAPPLE-PINEAPPLE CAN 240 ML,CAN,240.0,ML,240.000 ML
134,NEPAL HIMALAYAN BEVRG P LTD-NP,SPRINGLEY,SPRINGLEY--JAR 20000 ML,JAR,20000.0,ML,20000.000 ML
134,ANNAPURNA SPRNG & BVRAGES-NPL,WAVE,WAVE--JAR 20000 ML,JAR,20000.0,ML,20000.000 ML
134,A & B BEVERAGE INDUSTRIES-NEPAL,AQUA HIM SHIKHAR,AQUA HIM SHIKHAR--JAR 20000 ML,JAR,20000.0,ML,20000.000 ML
134,CHAUDHARY GROUP - NEPAL,RIO 7 FRUITS & GLUCOSE,RIO 7 FRUITS & GLUCOSE-MIXED FRUIT-7 FRUITS & GLUCOSE TPK 200 ML,TPK,200.0,ML,200.000 ML
134,COCA COLA COMPANY IMPRTD-IMPTD,MAAZA,MAAZA-MANGO-MANGO PET 1750 ML,PET,1750.0,ML,1750.000 ML
134,IMPORTED-IMPORTED,XL,XL--CAN 250 ML,CAN,250.0,ML,250.000 ML
134,FISHTAIL BEVERAGE-NEPAL,RAINDROP,RAINDROP--PET 1000 ML,PET,1000.0,ML,1000.000 ML
134,SAHABHAGITA WATER&BEVERAGE-NP,SAHAKARI JAL,SAHAKARI JAL--PET 1000 ML,PET,1000.0,ML,1000.000 ML
134,UNITED BEVERAGE PVT LTD-NEPAL,PULPY,PULPY-MANGO-MANGO PET 150 ML,PET,150.0,ML,150.000 ML
134,TRINITY NATURAL RESURC P LT-NP,IMAGE,IMAGE--PET 1000 ML,PET,1000.0,ML,1000.000 ML
134,EVEREST FOOD & BEVERAGE-NEPAL,MANGO SIP,MANGO SIP-MANGO-PET 250 ML,PET,250.0,ML,250.000 ML
134,AQUA WATER KING PVT LTD-NP,NEW AQUA WATER KING,NEW AQUA WATER KING--PET 1000 ML,PET,1000.0,ML,1000.000 ML
134,POONAM WATER UDHYOG-NEPAL,POONAM,POONAM--PET 1000 ML,PET,1000.0,ML,1000.000 ML
134,DHAMPUS SPRING WATER-NEPAL,DHAMPUS,DHAMPUS--JAR 20000 ML,JAR,20000.0,ML,20000.000 ML
134,HASHEM FOODS LTD-BANGLADESH,FROOTINA,FROOTINA-MANGO-MANGO PET 250 ML,PET,250.0,ML,250.000 ML
134,HASHEM FOODS LTD-BANGLADESH,FROOTINA,FROOTINA-MANGO-MANGO PET 500 ML,PET,500.0,ML,500.000 ML
134,PRASIDHA WATER INDUSTRIES-NP,PRASID,PRASID--PET 1000 ML,PET,1000.0,ML,1000.000 ML
134,DABUR NEPAL LTD.-NEPAL,REAL BURRST,REAL BURRST-GUAVA-GUAVA TPK 1000 ML,TPK,1000.0,ML,1000.000 ML
134,SHREE JAL INDUSTRIES-NEPAL,AMBAR DHARA,AMBAR DHARA--PET 1000 ML,PET,1000.0,ML,1000.000 ML
134,OM SUDDHA KHANE PANI UDHYOG-NP,JAY SHREE,JAY SHREE--PET 1000 ML,PET,1000.0,ML,1000.000 ML
134,D.S POLY TECHNIK PVT LTD-NP,METROMINT,METROMINT--PET 1000 ML,PET,1000.0,ML,1000.000 ML
134,COCA COLA COMPANY IMPRTD-IMPTD,MINUTE MAID,MINUTE MAID-MIXED FRUIT-MIXED FRUIT TPK 1000 ML,TPK,1000.0,ML,1000.000 ML
134,THE AGRI. MKT. - BNGLADESH,PRAN,PRAN-CRANBERRY-CRANBERRY TPK 1000 ML,TPK,1000.0,ML,1000.000 ML
134,UNITED BEVERAGE PVT LTD-NEPAL,PULPY,PULPY-MANGO-MANGO PET 500 ML,PET,500.0,ML,500.000 ML
134,HASHEM FOODS LTD-BANGLADESH,SAJEEB,SAJEEB-LYCHEE-LYCHEE PET 170 ML,PET,170.0,ML,170.000 ML
134,BETANA PURE DRINKING WATER-NPL,BETANA,BETANA--PET 1000 ML,PET,1000.0,ML,1000.000 ML
134,MAHADEV WATER INDUSTRIES-NEPAL,CHISO PANI,CHISO PANI--PET 1000 ML,PET,1000.0,ML,1000.000 ML
134,DABUR NEPAL LTD.-NEPAL,REAL BURRST,REAL BURRST-POMEGRANATE-POMEGRANATE TPK 1000 ML,TPK,1000.0,ML,1000.000 ML
134,DHAMPUS SPRING WATER-NEPAL,DHAMPUS,DHAMPUS--PET 1000 ML,PET,1000.0,ML,1000.000 ML
134,PURBI BYAPAR PVT LTD-NP,HIM GANGA,HIM GANGA--PET 1000 ML,PET,1000.0,ML,1000.000 ML
134,BOTTLERS NEPAL - NEPAL,KINLEY,KINLEY--PET 500 ML,PET,500.0,ML,500.000 ML
134,SURAJ MINERAL WATER-NEPAL,CHHIMKESHWORI,CHHIMKESHWORI--PET 1000 ML,PET,1000.0,ML,1000.000 ML
134,BHATTARAI BROTHERS BEVERAGE-NEPAL,DEW DROPS,DEW DROPS--PET 1000 ML,PET,1000.0,ML,1000.000 ML
134,EVEREST FOOD & BEVERAGE-NEPAL,LITCHI SIP,LITCHI SIP-LYCHEE-PET 170 ML,PET,170.0,ML,170.000 ML
134,SPRING FOOD & BEVERAGE-NEPAL,PERNA,PERNA-LYCHEE-LYCHEE PET 170 ML,PET,170.0,ML,170.000 ML
134,EVEREST HYGIENE INDUSTRIES-NPL,PIONEER,PIONEER--PET 1000 ML,PET,1000.0,ML,1000.000 ML
134,DABUR NEPAL LTD.-NEPAL,REAL ACTIV,REAL ACTIV-MIXED FRUIT-MIXED FRUIT JUICE  TPK 1000 ML,TPK,1000.0,ML,1000.000 ML
134,BIRAT GANGA PET&BEVRAGE LTD-NP,AADI NEER,AADI NEER--PET 1000 ML,PET,1000.0,ML,1000.000 ML
134,PCHLI BHRB PNI PRSHDN UDYG-NPL,AQUA 67,AQUA 67--PET 1000 ML,PET,1000.0,ML,1000.000 ML
134,SUKLA GANDAKI DRINKNG WATER-NP,SURYADEV,SURYADEV--PET 1000 ML,PET,1000.0,ML,1000.000 ML
134,EVEREST FOOD & BEVERAGE-NEPAL,COOL,COOL--PET 1000 ML,PET,1000.0,ML,1000.000 ML
134,UNITED BEVERAGE PVT LTD-NEPAL,PULPY,PULPY-LYCHEE-LITCHI PET 150 ML,PET,150.0,ML,150.000 ML
134,SURYA AMRIT JAL UDHYOG-NEPAL,SURYA DARSHAN,SURYA DARSHAN--PET 1000 ML,PET,1000.0,ML,1000.000 ML
134,HMN FOOD &BEVERAGE INDUSTRS-NP,TRISHNA,TRISHNA--PET 1000 ML,PET,1000.0,ML,1000.000 ML
134,DURGA BHAWANI MINERAL & BEV-NP,AQUA MERRY,AQUA MERRY--PET 1000 ML,PET,1000.0,ML,1000.000 ML
134,GAURI SHANKAR MINERAL WATER-NP,AQUA OKHRAINI,AQUA OKHRAINI--PET 1000 ML,PET,1000.0,ML,1000.000 ML
134,TRUE SOLUTION PVT LTD-NEPAL,AROMA,AROMA--PET 1000 ML,PET,1000.0,ML,1000.000 ML
134,THE AGRI. MKT. - BNGLADESH,PRAN,PRAN-MANGO-MANGO TPK 250 ML,TPK,250.0,ML,250.000 ML
134,AQUATIC INDUSTRIES PVT LTD-NP,AQUA 77,AQUA 77--PET 1000 ML,PET,1000.0,ML,1000.000 ML
134,EVER GREEN DRINKING WATER-NP,AQUA EVER GREEN,AQUA EVER GREEN--PET 1000 ML,PET,1000.0,ML,1000.000 ML
134,THE AGRI. MKT. - BNGLADESH,PRAN,PRAN-MIXED FRUIT-FRUIT COCKTAIL TPK 250 ML,TPK,250.0,ML,250.000 ML
134,THE AGRI. MKT. - BNGLADESH,PRAN,PRAN-GUAVA-GUAVA TPK 250 ML,TPK,250.0,ML,250.000 ML
134,THE AGRI. MKT. - BNGLADESH,PRAN,PRAN-PINEAPPLE-PINEAPPLE TPK 250 ML,TPK,250.0,ML,250.000 ML
134,THE AGRI. MKT. - BNGLADESH,PRAN,PRAN-LYCHEE-LITCHI TPK 1000 ML,TPK,1000.0,ML,1000.000 ML
134,DABUR NEPAL LTD.-NEPAL,REAL BURRST,REAL BURRST-PINEAPPLE-PINEAPPLE TPK 1000 ML,TPK,1000.0,ML,1000.000 ML
134,SAFFRON KHANE PANI UDHYOG-NPL,SPA DROP,SPA DROP--PET 1000 ML,PET,1000.0,ML,1000.000 ML
134,GAUMUKHI GANGA JAL LTD-NEPAL,GAUMUKHI,GAUMUKHI--PET 1000 ML,PET,1000.0,ML,1000.000 ML
134,INDIRA JALSAH PANI UDHYOG-NP,INDIRA JAL,INDIRA JAL--PET 1000 ML,PET,1000.0,ML,1000.000 ML
134,THE AGRI. MKT. - BNGLADESH,PRAN,PRAN-LYCHEE-LITCHI TPK 150 ML,TPK,150.0,ML,150.000 ML
134,NILBARAHI FOOD & BEVERAGE-NPL,AQUA ICE,AQUA ICE--PET 1000 ML,PET,1000.0,ML,1000.000 ML
134,MOON LIGHT SPRING MNRL WTR-NPL,AQUA MILD,AQUA MILD--JAR 20000 ML,JAR,20000.0,ML,20000.000 ML
134,ALL STATE BEVERAGE-NEPAL,AQUA MINOWA,AQUA MINOWA--JAR 19000 ML,JAR,19000.0,ML,19000.000 ML
134,AQUA STAR MINERAL WTR UDYG-NPL,AQUA PRATIK,AQUA PRATIK--PET 1000 ML,PET,1000.0,ML,1000.000 ML
134,EASY RIDERS DHARAN DRKN WTR-NP,DHARANE,DHARANE--PET 1000 ML,PET,1000.0,ML,1000.000 ML
134,OCEAN DRINKING WATER IND-NEPAL,ESTEEM,ESTEEM--JAR 20000 ML,JAR,20000.0,ML,20000.000 ML
134,UNIVERSAL DRINKNG WATR INDS-NP,GALAXY,GALAXY--PET 1000 ML,PET,1000.0,ML,1000.000 ML
134,LEKHANATH FOOD BEVERAGE- NEPAL,LAKECITY,LAKECITY--PET 1000 ML,PET,1000.0,ML,1000.000 ML
134,MEGA FOODS & BEVERAGE-NEPAL,LEADER,LEADER--PET 1000 ML,PET,1000.0,ML,1000.000 ML
134,MUKTINATH EKSAYA AT DRA SDA PN,MUKTINATH JAL,MUKTINATH JAL--PET 1000 ML,PET,1000.0,ML,1000.000 ML
134,PJ NATURAL FOOD - MALASIYA,NATURAL,NATURAL-POMEGRANATE-POMEGRANATE PET 1000 ML,PET,1000.0,ML,1000.000 ML
134,SEETAL JAL UDHYOG-NEPAL,SEETAL JAL,SEETAL JAL--JAR 20000 ML,JAR,20000.0,ML,20000.000 ML
134,STAR WATER INDUSTRIES NEPAL,STAR,STAR--PET 1000 ML,PET,1000.0,ML,1000.000 ML
134,A & B BEVERAGE INDUSTRIES-NEPAL,VOLCAN,VOLCAN--PET 1000 ML,PET,1000.0,ML,1000.000 ML
134,SIDDHABABA WATER INDS-NEPAL,AQUA PARROHA,AQUA PARROHA--PET 1000 ML,PET,1000.0,ML,1000.000 ML
134,BUDHANILKANTHA BEVRGE PROD-NPL,AQUALIS,AQUALIS--JAR 19000 ML,JAR,19000.0,ML,19000.000 ML
134,RAHUL DRINKING WATER-NEPAL,CEREMONY,CEREMONY--PET 1000 ML,PET,1000.0,ML,1000.000 ML
134,MNK SPRING WATER-NEPAL,CRYSTAL,CRYSTAL--PET 1000 ML,PET,1000.0,ML,1000.000 ML
134,FRUIT JUMP - INDIA,FRUIT JUMP,FRUIT JUMP-MANGO-MANGO TPK 200 ML,TPK,200.0,ML,200.000 ML
134,G3 BEVERAGE PVT LTD-NEPAL,GORKHALI,GORKHALI--PET 1000 ML,PET,1000.0,ML,1000.000 ML
134,LIFE MINERAL WATER P LTD-NEPAL,LIFE,LIFE--JAR 19000 ML,JAR,19000.0,ML,19000.000 ML
134,SPRING FOOD & BEVERAGE-NEPAL,PREETI,PREETI-LYCHEE-LITCHI PET 150 ML+20 ML FREE,PET,170.0,ML,150.000 ML
134,DABUR NEPAL LTD.-NEPAL,REAL BURRST,REAL BURRST-MIXED FRUIT-MIXED FRUIT TPK 1000 ML+SAV RS20,TPK,1000.0,ML,1000.000 ML
134,ABUL KHAIR CNDNSD MLK & BEV-BD,SHAAD,SHAAD-LYCHEE-LITCHI PET 170 ML,PET,170.0,ML,170.000 ML
134,MITRA WATER INDUSTRIES -NEPAL,UGRATARA,UGRATARA--JAR 20000 ML,JAR,20000.0,ML,20000.000 ML
134,AMRIT DRINKING WATR UDHYG-NPL,AMRIT JAL,AMRIT JAL--PET 1000 ML,PET,1000.0,ML,1000.000 ML
134,BIPASHA AQUA INDUSTRIES-NEPAL,AQUA BELINE,AQUA BELINE--PET 1000 ML,PET,1000.0,ML,1000.000 ML
134,ECO POLYPACK INDUSTRIES-NEPAL,AQUA DEDILA,AQUA DEDILA--PET 1000 ML,PET,1000.0,ML,1000.000 ML
134,AMA PRATIBHA UDYOG-NEPAL,AQUA HERO,AQUA HERO--PET 1000 ML,PET,1000.0,ML,1000.000 ML
134,AQUA SANJIVANI WATR PURFCTN-NP,AQUA SANJIVANI,AQUA SANJIVANI--JAR 20000 ML,JAR,20000.0,ML,20000.000 ML
134,TULYA BEVERAGE PVT LTD-INDIA,CHAKRA,CHAKRA-ALMOND-BADAM DRINK CAN 180 ML,CAN,180.0,ML,180.000 ML
134,HYGEN PACKS-INDIA,HYGEN MANIA,HYGEN MANIA-MANGO-MANGO TPK 200 ML,TPK,200.0,ML,200.000 ML
134,PRAGATI CHEMICAL-INDIA,KEMPTY MANGO PUNCH,KEMPTY MANGO PUNCH-MANGO-MANGO TPK 200 ML,TPK,200.0,ML,200.000 ML
134,KAILALI WATER INDUSTRY-NEPAL,OCEAN,OCEAN--PET 1000 ML,PET,1000.0,ML,1000.000 ML
134,PROME AGRO FOOD LTD-BANGLEDESH,PROME,PROME-LYCHEE-LYCHEE PET 170 ML,PET,170.0,ML,170.000 ML
134,DEVI PATHIVARA INDUSTRIES-NEPL,PURE LIFE,PURE LIFE--PET 1000 ML,PET,1000.0,ML,1000.000 ML
134,RAUCH FRUCHSAFTE GMBH-AUSTRIA,RED BULL,RED BULL--CAN 250 ML,CAN,250.0,ML,250.000 ML
134,JAYSHREE BALAJI PANI UDYG-NPL,SUBHAKAMANA JAL,SUBHAKAMANA JAL--PET 1000 ML,PET,1000.0,ML,1000.000 ML
134,GUJARAT CO-OPERTV MILK MKTNG,AMUL KOOL,AMUL KOOL-ALMOND-BADAM SNAKER CAN 200 ML,CAN,200.0,ML,200.000 ML
134,SUBLINE BEVERAGE INDS-NEPAL,AQUA DROP,AQUA DROP--PET 1000 ML,PET,1000.0,ML,1000.000 ML
134,MOUNT EVEREST DRNKNG WTR -NPL,AQUA HEALTH CARE,AQUA HEALTH CARE--PET 1000 ML,PET,1000.0,ML,1000.000 ML
134,BARAL KHANE PANI SEWA-NEPAL,AQUA RB,AQUA RB--JAR 20000 ML,JAR,20000.0,ML,20000.000 ML
134,PARAG MILK FOOD-INDIA,GO,GO-ALMOND-REAL BADAM MILK CAN 180 ML,CAN,180.0,ML,180.000 ML
134,KLAN AQUA INDUSTRIES-NEPAL,KLAN,KLAN--PET 1000 ML,PET,1000.0,ML,1000.000 ML
134,TULYA BEVERAGE PVT LTD-INDIA,KTM,KTM-ALMOND-BADAM DRINK CAN 180 ML,CAN,180.0,ML,180.000 ML
134,DHAULAGIRI WATER INDUS-NEPAL,AQUA DROP,AQUA DROP--PET 1000 ML,PET,1000.0,ML,1000.000 ML
134,MARCHAWAR MINERAL WATER-NEPAL,AQUA MMW,AQUA MMW--PET 1000 ML,PET,1000.0,ML,1000.000 ML
134,TULYA BEVERAGE PVT LTD-INDIA,GOKUL,GOKUL-ALMOND-BADAM DRINK CAN 180 ML WT KESAR,CAN,180.0,ML,180.000 ML
134,GOODLIFE BEVERAGE-NEPAL,GOODLIFE,GOODLIFE-MANGO-MANGO TPK 200 ML,TPK,200.0,ML,200.000 ML
134,G3 BEVERAGE PVT LTD-NEPAL,GORKHALI,GORKHALI--JAR 19000 ML,JAR,19000.0,ML,19000.000 ML
134,GURU DRINKING WATER-NEPAL,GURU,GURU--PET 1000 ML,PET,1000.0,ML,1000.000 ML
134,ICELAND DROP-NEPAL,ICELAND DROP,ICELAND DROP--PET 1000 ML,PET,1000.0,ML,1000.000 ML
134,RITA FOODS & DRINK CO LTD-VTNM,JOHN FARMER,JOHN FARMER-POMEGRANATE-POMEGRANATE CAN 250 ML,CAN,250.0,ML,250.000 ML
134,PRAKASH BEVERAGE-NEPAL,LIFE CARE,LIFE CARE--PET 1000 ML,PET,1000.0,ML,1000.000 ML
134,COCA COLA COMPANY IMPRTD-IMPTD,MINUTE MAID,MINUTE MAID-MAUSAMBI-PULPY MOSAMBI PET 250 ML,PET,250.0,ML,250.000 ML
134,THE AGRI. MKT. - BNGLADESH,PRAN,PRAN-GUAVA-GUAVA TPK 1000 ML,TPK,1000.0,ML,1000.000 ML
134,SANDESH MINERAL UDHYOG-NEPAL,SANDESH,SANDESH--PET 1000 ML,PET,1000.0,ML,1000.000 ML
134,NABIN & KO MINERAL WATER-NEPAL,AQUA 123,AQUA 123--PET 1000 ML,PET,1000.0,ML,1000.000 ML
134,JANAKPUR FOOD & BEVERGE WTR-NP,AQUA PLEASURE,AQUA PLEASURE--PET 1000 ML,PET,1000.0,ML,1000.000 ML
134,APIK MINERAL WATER INDUS-NEPAL,ATITHI,ATITHI--PET 1000 ML,PET,1000.0,ML,1000.000 ML
134,CHARCHIT KALINCHOWK-NEPAL,CHARCHIT KALINCHOWK,CHARCHIT KALINCHOWK--PET 1000 ML,PET,1000.0,ML,1000.000 ML
134,QUALITY WATER & BEVERAGE-NEPAL,H2ONE,H2ONE--JAR 20000 ML,JAR,20000.0,ML,20000.000 ML
134,MEGA FOODS & BEVERAGE-NEPAL,MEGA UTSAV,MEGA UTSAV-LYCHEE-LITCHI PET 180 ML,PET,180.0,ML,180.000 ML
134,MTR FOOD PVT LTD-INDIA,MTR BADAM DRINK,MTR BADAM DRINK-ROSE-ROSE CAN 180 ML,CAN,180.0,ML,180.000 ML
134,MTR FOOD PVT LTD-INDIA,MTR BADAM DRINK,MTR BADAM DRINK-CARDAMOM-CARDAMOM CAN 180 ML,CAN,180.0,ML,180.000 ML
134,THE BINDESHWORI DRK WTR&BVG-NP,THE BINDESHWORI,THE BINDESHWORI--PET 1000 ML,PET,1000.0,ML,1000.000 ML
134,CHITWAN WATER INDUSTRIES-NEPAL,AQUA DIET,AQUA DIET--PET 1000 ML,PET,1000.0,ML,1000.000 ML
134,CHABAA CO. LTD - THAILAND,CHABAA YOUNG,CHABAA YOUNG-COCONUT-COCONUT CAN 230 ML,CAN,230.0,ML,230.000 ML
134,BINDHYABASINI FOOD & BEVRG-NP,ANJULI,ANJULI--JAR 19000 ML,JAR,19000.0,ML,19000.000 ML
134,MB BEVERAGE UDHYOG-NEPAL,AQUA MB,AQUA MB--PET 1000 ML,PET,1000.0,ML,1000.000 ML
134,AKIJ FOOD & BEVERAGE LTD-BANGLADESH,FRUTIKA,FRUTIKA-MANGO-MANGO TPK 200 ML,TPK,200.0,ML,200.000 ML
134,SAGARMATHA WATER INDUS-NEPAL,LIFE OK,LIFE OK--PET 1000 ML,PET,1000.0,ML,1000.000 ML
134,THE AGRI. MKT. - BNGLADESH,PRAN,PRAN-ORANGE-ORANGE TPK 1000 ML,TPK,1000.0,ML,1000.000 ML
134,CHANDAGIRI BEVERAGE-NEPAL,CLEAR WATER,CLEAR WATER--PET 1000 ML,PET,1000.0,ML,1000.000 ML
134,UNITED BEVERAGE PVT LTD-NEPAL,HAPPY,HAPPY-MANGO-MANGO PET 250 ML,PET,250.0,ML,250.000 ML
134,JUST WATER PVT LTD-NEPAL,JUST WATER,JUST WATER--PET 1000 ML,PET,1000.0,ML,1000.000 ML
134,COCA COLA COMPANY IMPRTD-IMPTD,MAAZA,MAAZA-MANGO-MANGO TPK 150 ML,TPK,150.0,ML,150.000 ML
134,THE AGRI. MKT. - BNGLADESH,PRAN,PRAN-LYCHEE-LITCHI PET 250 ML,PET,250.0,ML,250.000 ML
134,ANNAPURNA FOOD & BEVERAGE-NEPL,SOALTEE,SOALTEE--PET 500 ML,PET,500.0,ML,500.000 ML
134,PEPSI COLA CMPNY IMPRTD-IMPRTD,STING,STING--CAN 250 ML,CAN,250.0,ML,250.000 ML
134,MANJUSHREE TRADE FIRM-NP,AQUA PARADISE,AQUA PARADISE--PET 1000 ML,PET,1000.0,ML,1000.000 ML
134,SHARDA INDUSTRIES-NEPAL,CHANCE,CHANCE--PET 1000 ML,PET,1000.0,ML,1000.000 ML
134,SUNRISE NEPAL FOD&BEV P LTD-NP,FRESCA,FRESCA-MANGO-MANGO PET 200 ML,PET,200.0,ML,200.000 ML
134,FAIR MOUNT BEVRG & MULTPRPS-NP,LOTUS SPRING,LOTUS SPRING--PET 1000 ML,PET,1000.0,ML,1000.000 ML
134,PEPSI COLA CMPNY IMPRTD-IMPRTD,SLICE,SLICE-MANGO-PET 350 ML,PET,350.0,ML,350.000 ML
134,BINDABASINI BEVERAGE-NEPAL,AMULLYA,AMULLYA-LYCHEE-LITCHI PET 150 ML+25 ML FREE,PET,175.0,ML,150.000 ML
134,FARWEST WATER & BEVREG INDS-NP,AQUA STAR,AQUA STAR--PET 1000 ML,PET,1000.0,ML,1000.000 ML
134,YAZAT FOOD NEPAL-NEPAL,B 2,B 2--PET 1000 ML,PET,1000.0,ML,1000.000 ML
134,THE AGRI. MKT. - BNGLADESH,LAVILA,LAVILA-MIXED FRUIT-FRUIT COCKTAIL CAN 250 ML,CAN,250.0,ML,250.000 ML
134,COCA COLA COMPANY IMPRTD-IMPTD,MINUTE MAID,MINUTE MAID-ORANGE-PULPY ORANGE PET 250 ML,PET,250.0,ML,250.000 ML
134,VARUN BEVERAGE -NEPAL,SLICE,SLICE-MANGO-TROPICANA PET 500 ML,PET,500.0,ML,500.000 ML
134,KINLEY DRINKING WATER INDS-NPL,KINLEY,KINLEY--PET 1000 ML,PET,1000.0,ML,1000.000 ML
134,KIMU FOOD EXPORT-INDIA,RELIABLE CHAKRA,RELIABLE CHAKRA-ALMOND-BADAM DRINK CAN 180 ML,CAN,180.0,ML,180.000 ML
134,VARUN BEVERAGE -NEPAL,SLICE,SLICE-MANGO-TROPICANA PET 350 ML,PET,350.0,ML,350.000 ML
134,CM AQUA BEVERAGES - NEPAL,AQUA QUENCH,AQUA QUENCH--PET 1000 ML,PET,1000.0,ML,1000.000 ML
134,MYMENSINGH AGRO LTD-BANGLADESH,DRINKO,DRINKO-MANGO-FLOAT MANGO PET 250 ML,PET,250.0,ML,250.000 ML
134,K.A.S GROUP-NEPAL,KARUWA,KARUWA--PET 1000 ML,PET,1000.0,ML,1000.000 ML
134,UNITED BEVERAGE PVT LTD-NEPAL,PULPY,PULPY-MANGO-MANGO PET 1000 ML,PET,1000.0,ML,1000.000 ML
134,UNITED BEVERAGE PVT LTD-NEPAL,PULPY,PULPY-POMEGRANATE-POMEGRANATE PET 1000 ML,PET,1000.0,ML,1000.000 ML
134,PEPSI COLA CMPNY IMPRTD-IMPRTD,SLICE,SLICE-MANGO-PET 1750 ML,PET,1750.0,ML,1750.000 ML
134,THOPA DRINKING WATER-NEPAL,THOPA,THOPA--PET 1000 ML,PET,1000.0,ML,1000.000 ML
134,N.K FOOD & BEVERAGE-NEPAL,VALLEY,VALLEY--PET 1000 ML,PET,1000.0,ML,1000.000 ML
134,DABUR NEPAL LTD.-NEPAL,BURRST MITHO,BURRST MITHO-LYCHEE-LITCHI PET 170 ML,PET,170.0,ML,170.000 ML
134,DEMIGOD AGRO FOOD-INDIA,DEMI'S,DEMI'S-MANGO-AAM RUS MANGO TPK 200 ML,TPK,200.0,ML,200.000 ML
134,A-ONE POLYMERS & BEVERAGE-NP,HAMRO,HAMRO--PET 1000 ML,PET,1000.0,ML,1000.000 ML
134,HAMRO PRAYAS JAL UDYOG-NEPAL,HAMRO JAL,HAMRO JAL--PET 1000 ML,PET,1000.0,ML,1000.000 ML
134,S.N.B MINERAL WATER & BEVRG-NP,HOLIDAY,HOLIDAY--PET 1000 ML,PET,1000.0,ML,1000.000 ML
134,DABUR NEPAL LTD.-NEPAL,REAL BURRST,REAL BURRST-ORANGE-ORANGE TPK 1000 ML,TPK,1000.0,ML,1000.000 ML
134,VIET-MY FOOD BEVERAGE-VIETNAM,RED BLUE,RED BLUE--CAN 250 ML,CAN,250.0,ML,250.000 ML
134,NAM VIET PHAT FOOD CO.-VIETNAM,RED X,RED X--123 ENERGY DRNK CAN 250 ML,CAN,250.0,ML,250.000 ML
134,CG FOODS- NEPAL,RIO JUCILO,RIO JUCILO-MANGO-MANGO TPK 200 ML,TPK,200.0,ML,200.000 ML
134,S & A WATER INDUSTRIES-NEPAL,AQUA BLUE,AQUA BLUE--PET 1000 ML,PET,1000.0,ML,1000.000 ML
134,MATA SARASWOTI KHANE PANI LTD-NP,AQUA MSK,AQUA MSK--JAR 19000 ML,JAR,19000.0,ML,19000.000 ML
134,SAMUL GROUP INDUS-NEPAL,AQUA SG,AQUA SG--JAR 20000 ML,JAR,20000.0,ML,20000.000 ML
134,JAY NEPAL JAL UDHYOG-NEPAL,BARAHA,BARAHA--PET 1000 ML,PET,1000.0,ML,1000.000 ML
134,PROFESSIONAL CANNING INDS-MLYS,BISONS,BISONS--CAN 250 ML,CAN,250.0,ML,250.000 ML
134,NEWA BEVERAGE-NEPAL,FRESH2O,FRESH2O--JAR 19000 ML,JAR,19000.0,ML,19000.000 ML
134,UNITED BEVERAGE PVT LTD-NEPAL,HAPPY,HAPPY-MANGO-MANGO PET 500 ML,PET,500.0,ML,500.000 ML
134,MEGA FOODS & BEVERAGE-NEPAL,MEGA SMOOTH,MEGA SMOOTH-MANGO-MANGO PET 250 ML,PET,250.0,ML,250.000 ML
134,MITHILA PANI PRASODHAN UDYG-NP,MITHILA JAL,MITHILA JAL--PET 1000 ML,PET,1000.0,ML,1000.000 ML
134,NEON LIGHT MULTI PURPOSE-NEPAL,NEPAL SPRING,NEPAL SPRING--PET 1000 ML,PET,1000.0,ML,1000.000 ML
134,THE AGRI. MKT. - BNGLADESH,PRAN,PRAN-LYCHEE-LITCHI PET 190 ML,PET,190.0,ML,190.000 ML
134,PARIJAT JAL UDHYOG-NEPAL,PRIDE,PRIDE--PET 1000 ML,PET,1000.0,ML,1000.000 ML
134,RAJ AQUA-NEPAL,RAJ AQUA,RAJ AQUA--PET 1000 ML,PET,1000.0,ML,1000.000 ML
134,GAURAV FOOD & BEVERAGE-NEPAL,SANVI,SANVI--PET 1000 ML,PET,1000.0,ML,1000.000 ML
134,VARUN BEVERAGE -NEPAL,SLICE,SLICE-MANGO-TROPICANA PET 1000 ML,PET,1000.0,ML,1000.000 ML
134,GAURI SHANKAR MINERAL WATER-NP,AQUA OKHRAINI,AQUA OKHRAINI--JAR 20000 ML,JAR,20000.0,ML,20000.000 ML
134,A-ONE POLYMERS & BEVERAGE-NP,BELIEVE,BELIEVE--PET 1000 ML,PET,1000.0,ML,1000.000 ML
134,CAVIN KARE LTD - INDIA,CAVINS,CAVINS-STRAWBERRY-STRAWBERRY MILKSHAKE TPK 180 ML,TPK,180.0,ML,180.000 ML
134,TULYA BEVERAGE PVT LTD-INDIA,GOPALA,GOPALA-ALMOND-BADAM CAN 180 ML,CAN,180.0,ML,180.000 ML
134,JUSICA AGRO FOODS-IND,JUSICA,JUSICA-MANGO-JUICY MANGO TPK 200 ML,TPK,200.0,ML,200.000 ML
134,SHREE KRISHNA BEVERAGE-NEPAL,AQUA GOLD,AQUA GOLD--JAR 20000 ML,JAR,20000.0,ML,20000.000 ML
134,MB BEVERAGE UDHYOG-NEPAL,AQUA MB,AQUA MB--JAR 19000 ML,JAR,19000.0,ML,19000.000 ML
134,MYMENSINGH AGRO LTD-BANGLADESH,DRINKO,DRINKO-LYCHEE-FLOAT LITCHI PET 250 ML,PET,250.0,ML,250.000 ML
134,AQUA NEPAL BISLERI-NEPAL,GOOD DRINKS,GOOD DRINKS--PET 1000 ML,PET,1000.0,ML,1000.000 ML
134,MERIDYEN GIDA SAN-TURKEY,JUST POWER,JUST POWER--CAN 250 ML,CAN,250.0,ML,250.000 ML
134,THE AGRI. MKT. - BNGLADESH,PRAN,PRAN-POMEGRANATE-POMEGRANATE CAN 250 ML,CAN,250.0,ML,250.000 ML
134,SHUBHARAMBHA DRINKS & DIET-NP,PRANJAL,PRANJAL--PET 1000 ML,PET,1000.0,ML,1000.000 ML
134,ICHHA KAMANA INDUSTRIES-NPL,ABI FRESH,ABI FRESH--PET 1000 ML,PET,1000.0,ML,1000.000 ML
134,VIET INTERNATIONAL-VIETNAM,EXPLOSION,EXPLOSION--CAN 250 ML,CAN,250.0,ML,250.000 ML
134,THE AGRI. MKT. - BNGLADESH,PRAN,PRAN-LYCHEE-LITCHI CAN 250 ML,CAN,250.0,ML,250.000 ML
134,RELIABLE NEPAL EXPRT & IMPR-NP,RED SAOLA,RED SAOLA--CAN 250 ML,CAN,250.0,ML,250.000 ML
134,MITRA JAL UDYOG-NEPAL,MITRA JAL,MITRA JAL--PET 1000 ML,PET,1000.0,ML,1000.000 ML
134,NEPA MINERAL WATER-NP,NEPA FRESH,NEPA FRESH--PET 900 ML,PET,900.0,ML,900.000 ML
134,OM PATHIBHARA FOOD & BEV-NP,OASIS JAL,OASIS JAL--PET 1000 ML,PET,1000.0,ML,1000.000 ML
134,DABUR NEPAL LTD.-NEPAL,REAL FRUIT POWER,REAL FRUIT POWER-POMEGRANATE-POMEGRANATE TPK 1000 ML,TPK,1000.0,ML,1000.000 ML
134,DABUR NEPAL LTD.-NEPAL,REAL FRUIT POWER,REAL FRUIT POWER-PINEAPPLE-PINEAPPLE TPK 1000 ML,TPK,1000.0,ML,1000.000 ML
134,DABUR NEPAL LTD.-NEPAL,REAL FRUIT POWER,REAL FRUIT POWER-APPLE-APPLE TPK 1000 ML,TPK,1000.0,ML,1000.000 ML
134,DABUR NEPAL LTD.-NEPAL,REAL FRUIT POWER,REAL FRUIT POWER-GUAVA-GUAVA TPK 1000 ML,TPK,1000.0,ML,1000.000 ML
134,CHAUDHARY GROUP - NEPAL,RIO JUCILO,RIO JUCILO-LYCHEE-LITCHI TPK 200 ML,TPK,200.0,ML,200.000 ML
134,FRUIT AGRO PRODUCT-NEPAL,SIMPLY+,SIMPLY+-MANGO-MANGO TPK 200 ML,TPK,200.0,ML,200.000 ML
134,AAROGYA HERBAL UDYOG-NP,AAROGYA,AAROGYA-MANGO-MANGO PET 250 ML,PET,250.0,ML,250.000 ML
134,VARUN BEVERAGE -NEPAL,AQUAFINA,AQUAFINA--PET 1000 ML,PET,1000.0,ML,1000.000 ML
134,PARLE AGRO PVT LTD-INDIA,FROOTI,FROOTI-MANGO-MANGO TPK 65 ML,TPK,65.0,ML,65.000 ML
134,FRUIT AGRO PRODUCT-NEPAL,FRUIT JUMP,FRUIT JUMP-MANGO-MANGO TPK 200 ML,TPK,200.0,ML,200.000 ML
134,KANKAI BEVERAGE INDUS-NPL,KANCHAN,KANCHAN--PET 1000 ML,PET,1000.0,ML,1000.000 ML
134,MEGA FOODS & BEVERAGE-NEPAL,MEGA SMOOTH,MEGA SMOOTH-LYCHEE-LITCHI PET 170 ML,PET,170.0,ML,170.000 ML
134,MEGA FOODS & BEVERAGE-NEPAL,MEGA SMOOTH,MEGA SMOOTH-MANGO-MANGO PET 200 ML,PET,200.0,ML,200.000 ML
134,MEGA FOODS & BEVERAGE-NEPAL,MEGA SMOOTH,MEGA SMOOTH-MANGO-MANGO PET 500 ML,PET,500.0,ML,500.000 ML
134,SAMBHAVI BEVERAGE-NEPAL,PRANAM,PRANAM-LYCHEE-LYCHEE PET 150 ML+20ML FRE,PET,170.0,ML,150.000 ML
134,DABUR NEPAL LTD.-NEPAL,REAL BURRST,REAL BURRST-APPLE-APPLE TPK 1000 ML,TPK,1000.0,ML,1000.000 ML
134,DABUR NEPAL LTD.-NEPAL,REAL FRUIT POWER,REAL FRUIT POWER-ORANGE-ORANGE TPK 1000 ML,TPK,1000.0,ML,1000.000 ML
134,DABUR NEPAL LTD.-NEPAL,REAL FRUIT POWER,REAL FRUIT POWER-MIXED FRUIT-MIXED FRUIT TPK 1000 ML,TPK,1000.0,ML,1000.000 ML
134,DABUR NEPAL LTD.-NEPAL,REAL FRUIT POWER,REAL FRUIT POWER-CRANBERRY-CRANBERRY TPK 1000 ML,TPK,1000.0,ML,1000.000 ML
134,DABUR NEPAL LTD.-NEPAL,REAL FRUIT POWER,REAL FRUIT POWER-MANGO-MANGO TPK 1000 ML,TPK,1000.0,ML,1000.000 ML
134,THAILND BEV CNS HLDNG CO-THLND,RED STAR,RED STAR--CAN 230 ML,CAN,230.0,ML,230.000 ML
134,HASHEM FOODS LTD-BANGLADESH,SAJEEB,SAJEEB-LYCHEE-LITCHI PET 150 ML+20 ML FRE,PET,170.0,ML,150.000 ML
134,AAROGYA HERBAL UDYOG-NP,AAROGYA,AAROGYA-MANGO-MANGO PET 1000 ML,PET,1000.0,ML,1000.000 ML
134,KRITI BEVERAGE INDUSTRIES-NEPAL,AQUA SANJIVANI,AQUA SANJIVANI--PET 1000 ML,PET,1000.0,ML,1000.000 ML
134,VARUN BEVERAGE -NEPAL,AQUAFINA,AQUAFINA--PET 500 ML,PET,500.0,ML,500.000 ML
134,ASIAN PURE NATURAL DRINK WTR-NEPAL,ATR,ATR--PET 1000 ML,PET,1000.0,ML,1000.000 ML
134,GANGA PEYA JAL UDHYOG - NEPAL,BG,BG-LYCHEE-LITCHI PET 170 ML,PET,170.0,ML,170.000 ML
134,ANOOJ EVEREST UDHYOG-NP,FROOTO,FROOTO-MANGO-MANGO JUICE DRINK PET 250 ML,PET,250.0,ML,250.000 ML
134,ANOOJ EVEREST UDHYOG-NP,FROOTO,FROOTO-MANGO-MANGO JUICE DRINK PET 500 ML,PET,500.0,ML,500.000 ML
134,P.M WATER INDUSTRIES-NEPAL,HIGHNESS,HIGHNESS--PET 1000 ML,PET,1000.0,ML,1000.000 ML
134,HYGEN PACKS-INDIA,HYGEN RUHSH,HYGEN RUHSH-MANGO-MANGO TPK 200 ML,TPK,200.0,ML,200.000 ML
134,KOSHI JAL UDHYOG-NEPAL,MORANG AQUA,MORANG AQUA--PET 1000 ML,PET,1000.0,ML,1000.000 ML
134,PARIBESH MAHAT WATER-NEPAL,PARIBESH,PARIBESH--JAR 19000 ML,JAR,19000.0,ML,19000.000 ML
134,SPRING FOOD & BEVERAGE-NEPAL,PERNA,PERNA-LYCHEE-LITCHI PET 150 ML+20 ML FRE,PET,170.0,ML,150.000 ML
134,THE AGRI. MKT. - BNGLADESH,PRAN,PRAN-LYCHEE-LYCHEE PET 150 ML,PET,150.0,ML,150.000 ML
134,NEPAL SOFT DRINKS UDHYOG-NEPAL,PRIDE,PRIDE-LYCHEE-LITCHI PET 150 ML+20 ML FR,PET,170.0,ML,150.000 ML
134,DABUR NEPAL LTD.-NEPAL,REAL FRUIT POWER,REAL FRUIT POWER-MOSAMBI-MOSAMBI TPK 1000 ML,TPK,1000.0,ML,1000.000 ML
134,DABUR NEPAL LTD.-NEPAL,REAL FRUIT POWER,REAL FRUIT POWER-APPLE-ACTIVE 100% APPLE TPK 1000 ML,TPK,1000.0,ML,1000.000 ML
134,THAILND BEV CNS HLDNG CO-THLND,RED DIMO,RED DIMO--CAN 230 ML,CAN,230.0,ML,230.000 ML
134,EVEREST FOOD & BEVERAGE-NEPAL,AARAMBHA,AARAMBHA--PET 1000 ML,PET,1000.0,ML,1000.000 ML
134,APRAN AGRO FOODS-INDIA,ADPL,ADPL-ALMOND-BADAM DRINK CAN 180 ML,CAN,180.0,ML,180.000 ML
134,GUJARAT CO-OPERTV MILK MKTNG,AMUL KOOL,AMUL KOOL-SAFFRON-KESAR PET 200 ML,PET,200.0,ML,200.000 ML
134,NEWA BEVERAGE-NEPAL,FRESH2O,FRESH2O--PET 1000 ML,PET,1000.0,ML,1000.000 ML
134,SHRI KRISHNA FRUIT PROCESR-IND,FRESHEN,FRESHEN-MANGO-MANGO PET 200 ML,PET,200.0,ML,200.000 ML
134,GOODLIFE BEVERAGE-NEPAL,GOODLIFE,GOODLIFE-LYCHEE-LITCHI PET 150 ML+15% EXT[22ML],PET,172.0,ML,150.000 ML
134,HILL SIDE DRINKING WATER-NEPAL,HEYDAY,HEYDAY--PET 1000 ML,PET,1000.0,ML,1000.000 ML
134,HMT FRUIT PRASODHAN KENDRA-NP,HMT,HMT-MANGO-MANGO PET 200 ML,PET,200.0,ML,200.000 ML
134,J.M.C. WATER INDUSTRIES-NPL,JMC ICE,JMC ICE--PET 1000 ML,PET,1000.0,ML,1000.000 ML
134,HILL SIDE DRINKING WATER-NEPAL,MITHO,MITHO--PET 1000 ML,PET,1000.0,ML,1000.000 ML
134,PARIBESH MAHAT WATER-NEPAL,PARIBESH,PARIBESH--PET 1000 ML,PET,1000.0,ML,1000.000 ML
134,DABUR NEPAL LTD.-NEPAL,REAL BURRST,REAL BURRST-MIXED FRUIT-MIXED FRUIT TPK 1000 ML,TPK,1000.0,ML,1000.000 ML
134,DABUR NEPAL LTD.-NEPAL,REAL,REAL-GRAPE-FRUIT POWER GRAPE TPK 1000 ML,TPK,1000.0,ML,1000.000 ML
134,RELIABLE NEPAL EXPRT & IMPR-NP,RED SAOLA,RED SAOLA--CAN 230 ML,CAN,230.0,ML,230.000 ML
134,JANAKI MINERAL WATER-NEPAL,SAILESHWORI JAL,SAILESHWORI JAL--PET 1000 ML,PET,1000.0,ML,1000.000 ML
134,PASHUPATI AQUA INDS-NEPAL,SATYAM,SATYAM--PET 1000 ML,PET,1000.0,ML,1000.000 ML
134,GANGAJAL PANI UDHYOG-NP,ABISHEK DHARA,ABISHEK DHARA--PET 1000 ML,PET,1000.0,ML,1000.000 ML
134,TULYA BEVERAGE PVT LTD-INDIA,ADPL,ADPL-ALMOND-BADAM DRINK CAN 180 ML,CAN,180.0,ML,180.000 ML
134,AMRAPALI BEVERAGE-NEPAL,AMRAPALI KOOL,AMRAPALI KOOL-MANGO-MANGO TPK 200 ML,TPK,200.0,ML,200.000 ML
134,GUJARAT CO-OPERTV MILK MKTNG,AMUL KOOL,AMUL KOOL-SAFFRON-KESAR PET 180 ML,PET,180.0,ML,180.000 ML
134,AQUATIC INDUSTRIES PVT LTD-NP,AQUA 77,AQUA 77--JAR 19000 ML,JAR,19000.0,ML,19000.000 ML
134,AMAR DRINKING WATER & BEVRG-NP,AQUA AMAR,AQUA AMAR--PET 1000 ML,PET,1000.0,ML,1000.000 ML
134,HIM DHARA COMPANY PVT LTD-NEPL,AQUA CHAHANA,AQUA CHAHANA--PET 1000 ML,PET,1000.0,ML,1000.000 ML
134,BUDDHA BHUMI BEVERAGE-NP,AQUA FLASH,AQUA FLASH--PET 1000 ML,PET,1000.0,ML,1000.000 ML
134,AAKASH GANGA WATER & BEVRG-NP,BAINSY,BAINSY--PET 1000 ML,PET,1000.0,ML,1000.000 ML
134,TRIVENI FOOD & BEVERAGE-NP,BLOON,BLOON-LYCHEE-LYCHEE PET 170 ML,PET,170.0,ML,170.000 ML
134,CRYSTAL MINERAL WATR UDHYG-NP,CRYSTAL,CRYSTAL--PET 1000 ML,PET,1000.0,ML,1000.000 ML
134,SAARANG INTNL FOOD & BEV-INDIA,FRUIT SHINE,FRUIT SHINE-MANGO-MANGO TPK 200 ML,TPK,200.0,ML,200.000 ML
134,EVEREST FOOD & BEVERAGE-NEPAL,LITCHI SIP,LITCHI SIP-LYCHEE-PET 150 ML+20 ML FR,PET,170.0,ML,150.000 ML
134,DABUR NEPAL LTD.-NEPAL,REAL,REAL-LYCHEE-FRUIT POWER LITCHI TPK 1000 ML,TPK,1000.0,ML,1000.000 ML
134,NIRANJANA INTERNATIONAL-NP,ROBO KING,ROBO KING--CAN 250 ML,CAN,250.0,ML,250.000 ML
134,SNK INTERNATIONAL-NEPAL,SONA,SONA-ALMOND-BADAM DRINK CAN 180 ML,CAN,180.0,ML,180.000 ML
134,SUNMAI WATER-NEPAL,SUNMAI SPRING,SUNMAI SPRING--PET 1000 ML,PET,1000.0,ML,1000.000 ML
134,VED VYASH KHANIPANI UDGY-NP,VED VYAS,VED VYAS--PET 1000 ML,PET,1000.0,ML,1000.000 ML
134,BHAGWATI BEVERAGE INDUS-NEPAL,ZERO AQUA,ZERO AQUA--PET 1000 ML,PET,1000.0,ML,1000.000 ML
134,AAROGYA HERBAL UDYOG-NP,AAROGYA,AAROGYA-MANGO-MANGO PET 500 ML,PET,500.0,ML,500.000 ML
134,GOOD LUCK BEVERAGE INDS-NPL,AQUA NIKI GANGA,AQUA NIKI GANGA--PET 1000 ML,PET,1000.0,ML,1000.000 ML
134,JAY SHIV SHAKTI WATER INDS-NPL,AQUA TILOTTAMA,AQUA TILOTTAMA--PET 1000 ML,PET,1000.0,ML,1000.000 ML
134,EASTERN FOOD & BEVERAGE-NPL,BELLA,BELLA--PET 1000 ML,PET,1000.0,ML,1000.000 ML
134,DAILY FRESH WATER-NP,DAILY,DAILY--PET 1000 ML,PET,1000.0,ML,1000.000 ML
134,GOODLIFE BEVERAGE-NEPAL,GOODLIFE,GOODLIFE-APPLE-APPLE TPK 200 ML,TPK,200.0,ML,200.000 ML
134,SMART PRASODHIT PANI UDHYOG-NP,HIMALAYA RUS,HIMALAYA RUS--PET 1000 ML,PET,1000.0,ML,1000.000 ML
134,HULAS PURIFIED WATER INDUS-NP,HULAS,HULAS--PET 1000 ML,PET,1000.0,ML,1000.000 ML
134,JANAKPUR BISLERI UDYHOG-NP,JANAKPUR BISLERI,JANAKPUR BISLERI--PET 1000 ML,PET,1000.0,ML,1000.000 ML
134,CHANDAGIRI BEVERAGE-NEPAL,PATANJALI DIVYA JAL,PATANJALI DIVYA JAL--PET 1000 ML,PET,1000.0,ML,1000.000 ML
134,DABUR NEPAL LTD.-NEPAL,REAL ACTIV,REAL ACTIV-MIXED FRUIT-FRUIT POWER 100% MIXED FRUIT TPK 1000 ML,TPK,1000.0,ML,1000.000 ML
134,DABUR NEPAL LTD.-NEPAL,REAL,REAL-GUAVA-FRUIT POWER MASALA GUAVA TPK 1000 ML,TPK,1000.0,ML,1000.000 ML
134,DABUR NEPAL LTD.-NEPAL,REAL,REAL-POMEGRANATE-FRUIT POWER MASALA POMEGRANATE TPK 1000 ML,TPK,1000.0,ML,1000.000 ML
134,GUJARAT CO-OPERTV MILK MKTNG,AMUL KOOL,AMUL KOOL-SAFFRON-KESAR RGB 200 ML,RGB,200.0,ML,200.000 ML
134,GUJARAT CO-OPERTV MILK MKTNG,AMUL KOOL,AMUL KOOL-SAFFRON-KESAR RGB 150 ML,RGB,150.0,ML,150.000 ML
134,TRIVENI FOOD & BEVERAGE-NP,BLOOM,BLOOM-LYCHEE-LITCHI PET 170 ML,PET,170.0,ML,170.000 ML
134,CAVIN KARE LTD - INDIA,CAVINS,CAVINS-KAJU BUTTERSCOTCH-KAJU BUTTERSCOTCH MILKSHAKE TPK 180 ML,TPK,180.0,ML,180.000 ML
134,CAVIN KARE LTD - INDIA,CAVINS,CAVINS-CHOCOLATE-CHOCOLATE MILKSHAKE TPK 180 ML,TPK,180.0,ML,180.000 ML
134,CAVIN KARE LTD - INDIA,CAVINS,CAVINS-VANILLA-VANILLA MILKSHAKE TPK 180 ML,TPK,180.0,ML,180.000 ML
134,A2Z FOODS-INDIA,FRUIT LOOT,FRUIT LOOT-MANGO-MANGO TPK 200 ML,TPK,200.0,ML,200.000 ML
134,TULYA BEVERAGE PVT LTD-INDIA,GOKUL,GOKUL-POMEGRANATE-POMEGRANATE CAN 240 ML,CAN,240.0,ML,240.000 ML
134,GOODLIFE BEVERAGE-NEPAL,GOODLIFE,GOODLIFE-LYCHEE-LITCHI PET 150 ML+20 ML FR,PET,170.0,ML,150.000 ML
134,GOODLIFE BEVERAGE-NEPAL,GOODLIFE,GOODLIFE-PINEAPPLE-PINEAPPLE TPK 200 ML,TPK,200.0,ML,200.000 ML
134,GOODLIFE BEVERAGE-NEPAL,GOODLIFE,GOODLIFE-MIXED FRUIT-MIXED FRUIT TPK 200 ML,TPK,200.0,ML,200.000 ML
134,DABUR NEPAL LTD.-NEPAL,REAL,REAL-MIXED FRUIT-FRUIT POWER MASALA MIXED FRUIT TPK 1000 ML,TPK,1000.0,ML,1000.000 ML
134,LUNA TRADING COMPANY-NP,REAL,REAL-ORANGE-FRUIT POWER ORANGE TPK 1000 ML,TPK,1000.0,ML,1000.000 ML
134,EASTERN FOOD & BEVERAGE-NPL,AQUA VITA,AQUA VITA--PET 1000 ML,PET,1000.0,ML,1000.000 ML
134,LAXMI DRINKING WATER UDYG-NP,LAXMI,LAXMI--PET 1000 ML,PET,1000.0,ML,1000.000 ML
134,TRIVENI FOOD & BEVERAGE-NP,LEELI,LEELI-LYCHEE-LITCHI PET 170 ML,PET,170.0,ML,170.000 ML
134,D.K DARSHAN PANI UDHYOG-NP,TUTESHWOR NATH,TUTESHWOR NATH--PET 1000 ML,PET,1000.0,ML,1000.000 ML
134,ANNAPURNA INDUSTRIES-NP,AQUA ANNA,AQUA ANNA--PET 1000 ML,PET,1000.0,ML,1000.000 ML
134,ANNAPURNA MINERAL WATER-NEPAL,AQUA REFRESH,AQUA REFRESH--PET 1000 ML,PET,1000.0,ML,1000.000 ML
134,TEJAS OIL COMPANY-IND,ICE CHILL,ICE CHILL-MANGO-MANGO PET 200 ML,PET,200.0,ML,200.000 ML
134,MAHALAXMI & BEVERAGE-NEPAL,KALIKA,KALIKA--PET 1000 ML,PET,1000.0,ML,1000.000 ML
134,TULYA BEVERAGE PVT LTD-INDIA,MTS,MTS-ALMOND-BADAM DRINK CAN 180 ML,CAN,180.0,ML,180.000 ML
134,TWILIGHT INTERNATNL TRDNG-NP,PAYO,PAYO-ALMOND-BADAM DRINK CAN 180 ML,CAN,180.0,ML,180.000 ML
134,SPRING FOOD & BEVERAGE-NEPAL,PERNA,PERNA-LYCHEE-LITCHI PET 150 ML,PET,150.0,ML,150.000 ML
134,DABUR NEPAL LTD.-NEPAL,REAL,REAL-BERRY-FRUIT POWER MIXED BERRIES TPK 1000 ML,TPK,1000.0,ML,1000.000 ML
134,DABUR NEPAL LTD.-NEPAL,REAL,REAL-MANGO-FRUIT POWER ALPHONSO MANGO TPK 1000 ML,TPK,1000.0,ML,1000.000 ML
134,KWALITY THAI FOODS PVT LTD-NPL,123 WOW,123 WOW--CAN 250 ML,CAN,250.0,ML,250.000 ML
134,JHARANA FOOD PVT LTD-NP,AQUA JHARANA,AQUA JHARANA--PET 1000 ML,PET,1000.0,ML,1000.000 ML
134,SUGAM UDHYOG-NEPAL,AQUA MUM,AQUA MUM--PET 1000 ML,PET,1000.0,ML,1000.000 ML
134,THE AGRI. MKT. - BNGLADESH,PRAN,PRAN-LYCHEE-LYCHEE PET 175 ML,PET,175.0,ML,175.000 ML
134,SAMBHAVI BEVERAGE-NEPAL,PRANAM,PRANAM-LYCHEE-LYCHEE PET 150 ML,PET,150.0,ML,150.000 ML
134,KRUNGSIAM BEVERAGE-THAILAND,SUNTANA PLUS,SUNTANA PLUS-ORANGE-ORANGE CAN 250 ML,CAN,250.0,ML,250.000 ML
134,SIDDHARTHA DRINKING WATER-NEPAL,WEL COME,WEL COME--JAR 20000 ML,JAR,20000.0,ML,20000.000 ML
134,ACE JAL UDHYOG-NP,ACE-JAL,ACE-JAL--PET 1000 ML,PET,1000.0,ML,1000.000 ML
134,SPRING FOOD & BEVERAGE-NEPAL,PINKOO,PINKOO-LYCHEE-LITCHI PET 150 ML,PET,150.0,ML,150.000 ML
134,SPRING FOOD & BEVERAGE-NEPAL,PREETI,PREETI-LYCHEE-LITCHI PET 150 ML,PET,150.0,ML,150.000 ML
134,DABUR INDIA LTD.- INDIA,REAL,REAL-POMEGRANATE-FRUIT POWER POMEGRNT TPK 1000 ML+200M WRT RS32 FR,TPK,1000.0,ML,1000.000 ML
134,ANJU PEYA JAL UDHYOG-NP,AQUA AAMA,AQUA AAMA--PET 1000 ML,PET,1000.0,ML,1000.000 ML
134,AARUSHI BEVERAGE INDUS-NP,AQUA BUDDHA H2O,AQUA BUDDHA H2O--PET 1000 ML,PET,1000.0,ML,1000.000 ML
134,MADHYA PASCHIM PANI UDYG-NP,H20,H20--PET 1000 ML,PET,1000.0,ML,1000.000 ML
134,BINDABASINI BEVERAGE-NEPAL,MLK,MLK-ALMOND-BADAM DRINK CAN 180 ML,CAN,180.0,ML,180.000 ML
134,NISHANT DRINKING WATER-NP,NISHAN,NISHAN--JAR 19000 ML,JAR,19000.0,ML,19000.000 ML
134,KWALITY THAI FOODS PVT LTD-NPL,123 DITTO,123 DITTO-LYCHEE-LYCHEE PET 170 ML,PET,170.0,ML,170.000 ML
134,AMRAPALI BEVERAGE-NEPAL,AMRAPALI RUCHI,AMRAPALI RUCHI-MANGO-MANGO TPK 200 ML,TPK,200.0,ML,200.000 ML
134,TRIVENI FOOD & BEVERAGE-NP,BLOOM,BLOOM-LYCHEE-LITCHI PET 150 ML,PET,150.0,ML,150.000 ML
134,CHHAPIYA MINERAL WATER-NP,CHHAPIYA,CHHAPIYA--PET 1000 ML,PET,1000.0,ML,1000.000 ML
134,SNK INTERNATIONAL-NEPAL,FREEZIK,FREEZIK-ALMOND-ALMOND DELIGHT CAN 180 ML,CAN,180.0,ML,180.000 ML
134,SHRI KRISHNA FRUIT PROCESR-IND,FROOTON,FROOTON-MANGO-MANGO TPK 200 ML,TPK,200.0,ML,200.000 ML
134,H.O DRINKING WATER INDS-NEPAL,H.O,H.O--JAR 20000 ML,JAR,20000.0,ML,20000.000 ML
134,HERITAGE BEVERAGE-NPL,HERITAGE,HERITAGE--PET 900 ML,PET,900.0,ML,900.000 ML
134,RELIABLE NEPAL EXPRT & IMPR-NP,KIMU,KIMU-ALMOND-BADAM DRINK CAN 180 ML,CAN,180.0,ML,180.000 ML
134,TRIVENI FOOD & BEVERAGE-NP,LEELI,LEELI-LYCHEE-LITCHI PET 150 ML,PET,150.0,ML,150.000 ML
134,CHABAA CO. LTD - THAILAND,MEELA,MEELA-POMEGRANATE-POMEGRANATE CAN 170 ML,CAN,170.0,ML,170.000 ML
134,SAMBHAVI BEVERAGE-NEPAL,P.R.S,P.R.S-LYCHEE-LITCHI PET 150 ML,PET,150.0,ML,150.000 ML
134,GYANI FOOD & BEVERAGE - NEPAL,PIURO,PIURO--PET 1000 ML,PET,1000.0,ML,1000.000 ML
134,HIMALAYAN WATER & ICE UDYG-NP,POKHARA HIMALAYAN ICE,POKHARA HIMALAYAN ICE--PET 1000 ML,PET,1000.0,ML,1000.000 ML
134,RELIABLE NEPAL EXPRT & IMPR-NP,RELIABLE CHAKRA,RELIABLE CHAKRA-ALMOND-BADAM DRINK CAN 180 ML,CAN,180.0,ML,180.000 ML
134,SHREE RADHAKRSIHNAJAL UDHYG-NP,SHREE RADHAKRSIHNA JAL,SHREE RADHAKRSIHNA JAL--PET 1000 ML,PET,1000.0,ML,1000.000 ML
134,SAFFRON KHANE PANI UDHYOG-NPL,SPA DROP,SPA DROP--JAR 20000 ML,JAR,20000.0,ML,20000.000 ML
134,KWALITY THAI FOODS PVT LTD-NPL,TOTAL FRUITY N JUICY,TOTAL FRUITY N JUICY-MANGO-MANGO TPK 200 ML,TPK,200.0,ML,200.000 ML
134,DABUR NEPAL LTD.-NEPAL,REAL BURRST,REAL BURRST-MANGO-MANGO TPK 180 ML,TPK,180.0,ML,180.000 ML
134,AMRAPALI BEVERAGE-NEPAL,AMRAPALI RUCHI,AMRAPALI RUCHI-MANGO-MANGO TPK 180 ML+20 ML FREE,TPK,200.0,ML,180.000 ML
134,DYNAMIC WATER & BEVERAGE-NPL,AQUA DIAMOND,AQUA DIAMOND--PET 1000 ML,PET,1000.0,ML,1000.000 ML
134,SHIV MAHADEV WATER MULTI PRODUCTION-NP,AQUA MAHADEV,AQUA MAHADEV--PET 1000 ML,PET,1000.0,ML,1000.000 ML
134,AAROGYA MINERAL WATER & JUICE UDHYOG-NPL,AROGYA,AROGYA--PET 1000 ML,PET,1000.0,ML,1000.000 ML
134,DABUR NEPAL LTD.-NEPAL,BURRST MITHO,BURRST MITHO-ORANGE-ORANGE PET 170 ML,PET,170.0,ML,170.000 ML
134,SMB DRINKING WATER & BEVERAGE-NEPAL,DEUKHURI,DEUKHURI--PET 1000 ML,PET,1000.0,ML,1000.000 ML
134,FRUIT AGRO PRODUCT-NEPAL,FRUIT RUSH,FRUIT RUSH-MANGO-MANGO TPK 200 ML,TPK,200.0,ML,200.000 ML
134,GOODLIFE BEVERAGE-NEPAL,GOODLIFE,GOODLIFE-MANGO-MANGO TPK 180 ML+20 ML FREE,TPK,200.0,ML,180.000 ML
134,HYGEN PACKS NEPAL PVT LTD-NEPAL,HYGEN MANIA,HYGEN MANIA--CAN 250 ML,CAN,250.0,ML,250.000 ML
134,AGRO THAI FOODS PVT LTD-NEPAL,MAX TIGER,MAX TIGER--CAN 250 ML,CAN,250.0,ML,250.000 ML
134,AGRO THAI FOODS PVT LTD-NEPAL,MAX TIGER,MAX TIGER--CAN 250 ML+80 ML FREE,CAN,330.0,ML,250.000 ML
134,ODAT BEVERAGE PVT LTD-NEPAL,PRAN FROOTO,PRAN FROOTO-MANGO-MANGO PET 250 ML,PET,250.0,ML,250.000 ML
134,ODAT BEVERAGE PVT LTD-NEPAL,PRAN FROOTO,PRAN FROOTO-MANGO-MANGO PET 500 ML,PET,500.0,ML,500.000 ML
134,ODAT BEVERAGE PVT LTD-NEPAL,PRAN FROOTO,PRAN FROOTO-MANGO-MANGO PET 1000 ML,PET,1000.0,ML,1000.000 ML
134,ODAT BEVERAGE PVT LTD-NEPAL,PRAN,PRAN-LYCHEE-LITCHI PET 170 ML,PET,170.0,ML,170.000 ML
134,ODAT BEVERAGE PVT LTD-NEPAL,PRAN,PRAN-LYCHEE-LITCHI PET 150 ML,PET,150.0,ML,150.000 ML
134,N.M DRINKING WATER & BEVERAGE-NPL,RAIYAAN,RAIYAAN--PET 1000 ML,PET,1000.0,ML,1000.000 ML
134,RAPTI DRINKING WATER UDHYOG-NPL,RAPTI,RAPTI--PET 1000 ML,PET,1000.0,ML,1000.000 ML
134,DABUR NEPAL LTD.-NEPAL,REAL FRUIT POWER,REAL FRUIT POWER-MANGO-MANGO TPK 180 ML,TPK,180.0,ML,180.000 ML
134,DABUR NEPAL LTD.-NEPAL,REAL BURRST,REAL BURRST-APPLE-APPLE TPK 180 ML,TPK,180.0,ML,180.000 ML
134,DABUR NEPAL LTD.-NEPAL,REAL BURRST,REAL BURRST-POMEGRANATE-POMEGRANATE TPK 180 ML,TPK,180.0,ML,180.000 ML
134,DABUR NEPAL LTD.-NEPAL,REAL BURRST,REAL BURRST-MIXED FRUIT-MIXED FRUIT TPK 180 ML,TPK,180.0,ML,180.000 ML
134,KWALITY THAI FOODS PVT LTD-NPL,RED ROCK,RED ROCK--CAN 250 ML,CAN,250.0,ML,250.000 ML
134,CHAUDHARY GROUP - NEPAL,RIO JUICE & GLUCOSE,RIO JUICE & GLUCOSE-MANGO-MANGO TPK 180 ML+20 ML FREE,TPK,200.0,ML,180.000 ML
134,CHAUDHARY GROUP - NEPAL,RIO JUCILO,RIO JUCILO-MANGO-MANGO TPK 180 ML+20 ML FREE,TPK,200.0,ML,180.000 ML
134,SWORGADWARI DRINKING WATER UDHYOG-NPL,SWORGADWARI,SWORGADWARI--PET 1000 ML,PET,1000.0,ML,1000.000 ML
134,AGRO THAI FOODS PVT LTD-NEPAL,XTREME,XTREME--CLASSIC CAN 330 ML,CAN,330.0,ML,330.000 ML
134,GOODLIFE BEVERAGE-NEPAL,RUMPUM LITCHI,RUMPUM LITCHI-LYCHEE-LITCHI PET 170 ML,PET,170.0,ML,170.000 ML
134,GOODLIFE BEVERAGE-NEPAL,RUMPUM,RUMPUM-MANGO-MALDA MANGO TPK 200 ML,TPK,200.0,ML,200.000 ML
134,KWALITY THAI FOODS PVT LTD-NPL,EX-CESS,EX-CESS-MANGO-MANGO TPK 200 ML,TPK,200.0,ML,200.000 ML
134,SURYA FRESH FOOD LTD - INDIA,TREAT,TREAT-MANGO-MANGO PET 600 ML,PET,600.0,ML,600.000 ML
134,SURYA FRESH FOOD LTD - INDIA,TREAT,TREAT-MANGO-MANGO PET 1200 ML,PET,1200.0,ML,1200.000 ML
134,AAKASH JAL UDHYOG-NEPAL,24 X 7,24 X 7--PET 1000 ML,PET,1000.0,ML,1000.000 ML
134,DABUR NEPAL LTD.-NEPAL,REAL IMMUNO POWER,REAL IMMUNO POWER-MANGO-MANGO TPK 1000 ML,TPK,1000.0,ML,1000.000 ML
134,DABUR NEPAL LTD.-NEPAL,REAL IMMUNO POWER,REAL IMMUNO POWER-MANGO-MANGO TPK 180 ML,TPK,180.0,ML,180.000 ML
134,GOODLIFE BEVERAGE-NEPAL,GOODLIFE,GOODLIFE-PINEAPPLE-PINEAPPLE TPK 180 ML+20 ML FREE,TPK,200.0,ML,180.000 ML
134,AMRAPALI BEVERAGE-NEPAL,AMRAPALI SWAGAT,AMRAPALI SWAGAT-MANGO-MANGO TPK 180 ML+20 ML FREE,TPK,200.0,ML,180.000 ML
134,GUJARAT CO-OPERTV MILK MKTNG,AMUL BADAM SHAKERS,AMUL BADAM SHAKERS-ALMOND-BADAM SHAKERS CAN 200 ML,CAN,200.0,ML,200.000 ML
134,NATIONAL WATER & BEVERAGE PVT LTD-NP,SHIRISH,SHIRISH--PET 1000 ML,PET,1000.0,ML,1000.000 ML
134,FRUIT AGRO PRODUCT-NEPAL,ATM BADAM DRINK,ATM BADAM DRINK-ALMOND-ALMOND CAN 180 ML,CAN,180.0,ML,180.000 ML
134,MEGA FOODS & BEVERAGE-NEPAL,MEGA SMOOTH,MEGA SMOOTH-LYCHEE-LITCHI PET 150 ML+20ML FREE,PET,170.0,ML,150.000 ML
134,BALAJAL INDUSTRIES-NEPAL,AQUA KRITIKA,AQUA KRITIKA--PET 1000 ML,PET,1000.0,ML,1000.000 ML
134,DABUR NEPAL LTD.-NEPAL,REAL FRUIT POWER,REAL FRUIT POWER-APPLE-APPLE TPK 180 ML,TPK,180.0,ML,180.000 ML
134,AGRO THAI FOODS PVT LTD-NEPAL,SPEED,SPEED--CAN 330 ML,CAN,330.0,ML,330.000 ML
134,DABUR NEPAL LTD.-NEPAL,BURRST MITHO,BURRST MITHO-LYCHEE-LITCHI TPK 180 ML,TPK,180.0,ML,180.000 ML
134,FRUIT AGRO PRODUCT-NEPAL,ARJUN DHARA BADAM DRINK,ARJUN DHARA BADAM DRINK-ALMOND-ALMOND CAN 180 ML,CAN,180.0,ML,180.000 ML
134,ASLE FOOD & BEVERAGE-NEPAL,FASHION,FASHION--CAN 250 ML,CAN,250.0,ML,250.000 ML
134,DABUR NEPAL LTD.-NEPAL,REAL BURRST,REAL BURRST-GUAVA-GUAVA TPK 180 ML,TPK,180.0,ML,180.000 ML
134,CAVIN KARE LTD - INDIA,CAVINS,CAVINS-BADAM-BADAM MILKSHAKE CAN 180 ML,CAN,180.0,ML,180.000 ML
134,BAUDDHA GRAMEEN PROCESSED DRINKING WATER,AQUA FRESH,AQUA FRESH--PET 1000 ML,PET,1000.0,ML,1000.000 ML
134,DIBYASWORI JAL UDHYOG-NEPAL,AMBE,AMBE--PET 1000 ML,PET,1000.0,ML,1000.000 ML
134,LUMBINI MULTI LIQUID PVT LTD-NEPAL,PUNIT,PUNIT--PET 1000 ML,PET,1000.0,ML,1000.000 ML
134,KWALITY THAI FOODS PVT LTD-NPL,123 RED OX,123 RED OX--CAN 250 ML,CAN,250.0,ML,250.000 ML
134,LORD BUDDHA WATER INDUSTRIES-NPL,BASIL,BASIL--PET 1000 ML,PET,1000.0,ML,1000.000 ML
134,AMRAPALI BEVERAGE-NEPAL,AMRAPALI KOOL,AMRAPALI KOOL-MANGO-MANGO TPK 180 ML+20 ML FREE,TPK,200.0,ML,180.000 ML
134,PAYO GROUP PVT LTD-NEPAL,PAYO,PAYO-ALMOND-BADAM DRINK CAN 180 ML,CAN,180.0,ML,180.000 ML
134,AKALA FOOD & BEVERAGE INDUSTRIES-NPL,FRESH NAMASTE,FRESH NAMASTE--PET 1000 ML,PET,1000.0,ML,1000.000 ML
134,EDIBLE INDUSTRIES PVT LTD-NEPAL,BLUE COOL,BLUE COOL--PET 1000 ML,PET,1000.0,ML,1000.000 ML
134,NEPALGUNJ WATER INDUSTRIES-NEPAL,BG BLUE SKY,BG BLUE SKY--PET 1000 ML,PET,1000.0,ML,1000.000 ML
134,ALPHA INDUSTRIES PVT LTD-NEPAL,RYSE MOODY MANGO,RYSE MOODY MANGO-MANGO-PET 250 ML,PET,250.0,ML,250.000 ML
134,ALPHA INDUSTRIES PVT LTD-NEPAL,RYSE MOODY MANGO,RYSE MOODY MANGO-MANGO-PET 500  ML,PET,500.0,ML,500.000 ML
134,MOUNTAIN VALLEY DRINKING WATER-NP,A TO Z,A TO Z--PET 1000 ML,PET,1000.0,ML,1000.000 ML
134,BHAIRAV DRINKING WATER-NEPAL,AQUA BHAIRAV PURA,AQUA BHAIRAV PURA--PET 1000 ML,PET,1000.0,ML,1000.000 ML
134,RELIABLE FOODS & BEVERAGES PVT LTD-NP,MOUNT FRESH,MOUNT FRESH-ALMOND-BADAM DRINK CAN 180 ML,CAN,180.0,ML,180.000 ML
134,NON STOCKER,NON STOCKER,NON STOCKER--NON STOCKER,,0.0,,
134,MEGA FOODS & BEVERAGE-NEPAL,MEGA SMOOTH,MEGA SMOOTH-MANGO-MANGO PET 1000 ML,PET,1000.0,ML,1000.000 ML
134,RELIABLE FOODS & BEVERAGES PVT LTD-NP,RFB BADAM DRINK,RFB BADAM DRINK-ALMOND-BADAM DRINK CAN 180 ML,CAN,180.0,ML,180.000 ML
134,MAHABALESHWOR DAIRY & BEVERAGE-NEPAL,MDI BADAM DRINK,MDI BADAM DRINK-ALMOND-BADAM & SAFFRON DRINK CAN 180 ML,CAN,180.0,ML,180.000 ML
134,MAHABALESHWOR DAIRY & BEVERAGE-NEPAL,REVA BADAM DRINK,REVA BADAM DRINK-ALMOND-BADAM & SAFFRON DRINK CAN 180 ML,CAN,180.0,ML,180.000 ML
134,AMRAPALI BEVERAGE-NEPAL,RED RHINO,RED RHINO--CAN 250 ML,CAN,250.0,ML,250.000 ML
134,D.K.T INDUSTRIES-NEPAL,LEAP,LEAP--PET 500 ML,PET,500.0,ML,500.000 ML
134,AQUA KARANALI AMRIT & BEVERAGE-NP,HIMALI-PANI,HIMALI-PANI--PET 1000 ML,PET,1000.0,ML,1000.000 ML
134,PRD FOOD & BEVERAGE PVT LTD-NP,JS,JS--PET 1000 ML,PET,1000.0,ML,1000.000 ML
134,SHYARON SOFT DRINKS-NEPAL,BLUE LIGHT,BLUE LIGHT--PET 1000 ML,PET,1000.0,ML,1000.000 ML
134,SHIVA SHANKER MULTI AGRO-NEPAL,S.S.,S.S.--PET 1000 ML,PET,1000.0,ML,1000.000 ML
134,GURU DRINKING WATER-NEPAL,AQUA GURU,AQUA GURU--PET 1000 ML,PET,1000.0,ML,1000.000 ML
134,ASP NATURAL RESOURCES PVT LTD-NEPAL,ROYAL B & D,ROYAL B & D--PET 1000 ML,PET,1000.0,ML,1000.000 ML
134,SHARDA INDUSTRIES-NEPAL,CHANCE,CHANCE--PET 900 ML,PET,900.0,ML,900.000 ML
134,HYGEN PACKS NEPAL PVT LTD-NEPAL,EVIL,EVIL--CAN 250 ML,CAN,250.0,ML,250.000 ML
134,S.G STAR DRINKS PVT LTD-INDIA,JUICE NOW,JUICE NOW-MANGO-MANGO TPK 200 ML,TPK,200.0,ML,200.000 ML
134,NISHANT DRINKING WATER-NP,NISHAN,NISHAN--PET 1000 ML,PET,1000.0,ML,1000.000 ML
134,AAKASH GANGA WATER & BEVRG-NP,TAPURA,TAPURA--PET 1000 ML,PET,1000.0,ML,1000.000 ML
134,NABIN & KO MINERAL WATER-NEPAL,AQUA 123,AQUA 123--PET 500 ML,PET,500.0,ML,500.000 ML
134,KARNALI PRADESH WATER & BEVERAGE-NP,AQUA FINE,AQUA FINE--PET 1000 ML,PET,1000.0,ML,1000.000 ML
134,FRUIT AGRO PRODUCT-NEPAL,MTR BADAM DRINK,MTR BADAM DRINK-ALMOND-ALMOND CAN 180 ML,CAN,180.0,ML,180.000 ML
134,EDIBLE INDUSTRIES PVT LTD-NEPAL,ULTRA PURE,ULTRA PURE--PET 1000 ML,PET,1000.0,ML,1000.000 ML
134,GOODLIFE BEVERAGE-NEPAL,RUMPUM,RUMPUM-MANGO-MALDA MANGO TPK 180 ML,TPK,180.0,ML,180.000 ML
134,AMAR DRINKING WATER & BEVRG-NP,LIPULEK,LIPULEK--PET 1000 ML,PET,1000.0,ML,1000.000 ML
134,HIMAL AGRO & FOOD PVT LTD-NEPAL,SPRING 100,SPRING 100--PET 1000 ML,PET,1000.0,ML,1000.000 ML
134,MANOHARA FOOD & BEVERAGE-NPL,DG SMART H2O,DG SMART H2O--PET 1000 ML,PET,1000.0,ML,1000.000 ML
134,MANOHARA FOOD & BEVERAGE-NPL,AQUA 365,AQUA 365--PET 1000 ML,PET,1000.0,ML,1000.000 ML
134,EDIBLE INDUSTRIES PVT LTD-NEPAL,BLUE COOL,BLUE COOL--PET 500 ML,PET,500.0,ML,500.000 ML
134,SITAZ FOOD & BEVERAGE INDUSTRY-NP,SITAZ,SITAZ-LYCHEE-LITCHI PET 150 ML,PET,150.0,ML,150.000 ML
134,FRUIT AGRO PRODUCT-NEPAL,RED UP,RED UP--CAN 250 ML,CAN,250.0,ML,250.000 ML
134,BOSIGAUN FOOD & FRESH DRINKING WATER-NP,AQUA HILL,AQUA HILL--PET 1000 ML,PET,1000.0,ML,1000.000 ML
134,HELI THAILAND BEVRAG CANS HOLDING-NP,THAI BULL,THAI BULL--CAN 250 ML,CAN,250.0,ML,250.000 ML
134,GOODLIFE BEVERAGE-NEPAL,RUMPUM,RUMPUM-MANGO-MALDA MANGO TPK 180 ML+20 ML EXTRA,TPK,200.0,ML,180.000 ML
134,PARAM DAIRY LTD-INDIA,PARAM PREMIUM,PARAM PREMIUM-ALMOND-ALMOND DRINK CAN 180 ML,CAN,180.0,ML,180.000 ML
134,BALAJAL INDUSTRIES-NEPAL,JALAN AQUA,JALAN AQUA--PET 1000 ML,PET,1000.0,ML,1000.000 ML
134,FRUIT AGRO PRODUCT-NEPAL,RACE 250,RACE 250--CAN 250 ML,CAN,250.0,ML,250.000 ML
134,ARGHA MINERAL WATER-NEPAL,ARGHA,ARGHA--PET 1000 ML,PET,1000.0,ML,1000.000 ML
134,AAROGYA HERBAL UDYOG-NP,AAROGYA,AAROGYA-MIXED FRUIT-MIXED FRUIT PET 1000 ML,PET,1000.0,ML,1000.000 ML
134,AQUA NEPAL BISLERI-NEPAL,AQUA ABE HAYAT,AQUA ABE HAYAT--PET 1000 ML,PET,1000.0,ML,1000.000 ML
134,BHAIRAV DRINKING WATER-NEPAL,AQUA V.D.W,AQUA V.D.W--PET 1000 ML,PET,1000.0,ML,1000.000 ML
134,RAMRI FOOD & BEVERAGE-NEPAL,RAMRI,RAMRI--PET 1000 ML,PET,1000.0,ML,1000.000 ML
134,MUKTESHWORI BEVERAGE-NEPAL,SUNKOSHI DROP,SUNKOSHI DROP--PET 1000 ML,PET,1000.0,ML,1000.000 ML
134,DEVCHULI BEVERAGE PVT LTD-NEPAL,AQUA DEVCHULI,AQUA DEVCHULI--PET 1000 ML,PET,1000.0,ML,1000.000 ML
134,SPRING FOOD & BEVERAGE-NEPAL,PREETI,PREETI-LYCHEE-LITCHI PET 140 ML,PET,140.0,ML,140.000 ML
134,CHUDALI BUSINESS GROUP-NEPAL,ARGHAKHANCHI,ARGHAKHANCHI--PET 1000 ML,PET,1000.0,ML,1000.000 ML
134,CHISAPANI MINERAL WATER & BEVERAGE-NP,CHISAPANI,CHISAPANI--PET 1000 ML,PET,1000.0,ML,1000.000 ML
134,RELIABLE FOODS & BEVERAGES PVT LTD-NP,RED BLUE,RED BLUE--CAN 250 ML,CAN,250.0,ML,250.000 ML
134,SHANGRILA DRNKNG WTR & BVRG-NP,SHANGRI-LA,SHANGRI-LA--PET 1000 ML,PET,1000.0,ML,1000.000 ML
134,HYGEN PACKS NEPAL PVT LTD-NEPAL,MANIA APPE,MANIA APPE-APPLE-APPLE TPK 200 ML,TPK,200.0,ML,200.000 ML
134,MANOHARA FOOD & BEVERAGE-NPL,AQUA 365,AQUA 365--JAR 20000 ML,JAR,20000.0,ML,20000.000 ML
134,DABUR NEPAL LTD.-NEPAL,REAL BURRST,REAL BURRST-MANGO-MANGO TPK 1000 ML,TPK,1000.0,ML,1000.000 ML
134,DABUR NEPAL LTD.-NEPAL,REAL BURRST,REAL BURRST-PINEAPPLE-PINEAPPLE TPK 180 ML,TPK,180.0,ML,180.000 ML
134,EDIBLE INDUSTRIES PVT LTD-NEPAL,BLUE COOL,BLUE COOL--JAR 19000 ML,JAR,19000.0,ML,19000.000 ML
134,HYGEN PACKS NEPAL PVT LTD-NEPAL,EVIL,EVIL--CAN 330 ML,CAN,330.0,ML,330.000 ML
134,SUSHANT PANI UDHYOG-NEPAL,SPA,SPA--PET 1000 ML,PET,1000.0,ML,1000.000 ML
134,MANI TAAL MINERAL WATER-NEPAL,MANI TAAL,MANI TAAL--PET 1000 ML,PET,1000.0,ML,1000.000 ML
134,DUGAR FOOD & BEVERAGE-NEPAL,DOOIT,DOOIT-APPLE-APPLE TPK 200 ML,TPK,200.0,ML,200.000 ML
134,EASTERN FOOD & BEVERAGE-NPL,BELLA,BELLA--PET 500 ML,PET,500.0,ML,500.000 ML
134,A & B MULTIPLE COMPANY-NEPAL,BHEDETAR SPRING,BHEDETAR SPRING--PET 1000 ML,PET,1000.0,ML,1000.000 ML
134,SPRING FOOD & BEVERAGE-NEPAL,PERNA,PERNA-LYCHEE-LITCHI PET 140 ML,PET,140.0,ML,140.000 ML
134,HYGEN PACKS NEPAL PVT LTD-NEPAL,HYGEN MANIA,HYGEN MANIA-MANGO-MANGO TPK 200 ML,TPK,200.0,ML,200.000 ML
134,AGRO THAI FOODS PVT LTD-NEPAL,XTREME,XTREME--APPLE CIDER CAN 330 ML,CAN,330.0,ML,330.000 ML
134,OK MINERAL WATER - NEPAL,OK,OK--JAR 19000 ML,JAR,19000.0,ML,19000.000 ML
134,SNB MINERAL WATER - NEPAL,FORTUNE,FORTUNE--PET 1000 ML,PET,1000.0,ML,1000.000 ML
134,AYUSH DISTRIBUTORS PVT LTD-NP,ADPL BADAM DRINK,ADPL BADAM DRINK-ALMOND-BADAM DRINK CAN 180 ML,CAN,180.0,ML,180.000 ML
134,AMRAPALI BEVERAGE-NEPAL,AMRAPALI RECHARGE,AMRAPALI RECHARGE--CAN 250 ML,CAN,250.0,ML,250.000 ML
134,GOODLIFE BEVERAGE-NEPAL,GOODLIFE,GOODLIFE-GUAVA-GUAVA TPK 200 ML,TPK,200.0,ML,200.000 ML
134,AMRAPALI BEVERAGE-NEPAL,AMRAPALI KOOL,AMRAPALI KOOL-APPLE-APPLE TPK 180 ML+20 ML FREE,TPK,200.0,ML,180.000 ML
134,DUGAR FOOD & BEVERAGE-NEPAL,DOOIT,DOOIT-MANGO-MANGO TPK 200 ML,TPK,200.0,ML,200.000 ML
134,GOODLIFE BEVERAGE-NEPAL,GOODLIFE,GOODLIFE-GUAVA-GUAVA TPK 180 ML+20 ML FREE,TPK,200.0,ML,180.000 ML
134,BHAGWATI BEVERAGE INDUS-NEPAL,ZERO AQUA,ZERO AQUA--PET 500 ML,PET,500.0,ML,500.000 ML
134,GOODLIFE BEVERAGE-NEPAL,GOODLIFE,GOODLIFE-MIXED FRUIT-MIXED FRUIT TPK 180 ML+20 ML FREE,TPK,200.0,ML,180.000 ML
134,GOODLIFE BEVERAGE-NEPAL,GOODLIFE,GOODLIFE-MANGO-ALPHONSO MANGO TPK 200 ML-NO ADDED SUGAR,TPK,200.0,ML,200.000 ML
134,GOODLIFE BEVERAGE-NEPAL,GOODLIFE,GOODLIFE-APPLE-APPLE TPK 180 ML+20 ML FREE,TPK,200.0,ML,180.000 ML
134,USHA BEVERAGE INDUSTRIES-NEPAL,API,API-MANGO-MANGO PET 250 ML,PET,250.0,ML,250.000 ML
134,USHA BEVERAGE INDUSTRIES-NEPAL,API,API-MANGO-MANGO PET 500 ML,PET,500.0,ML,500.000 ML
134,YOLO DRINKING WATER-NEPAL,YOLO,YOLO--PET 1000 ML,PET,1000.0,ML,1000.000 ML
134,SAPTAKOSHI JAL UDHYOG-NEPAL,FEHU,FEHU--PET 1000 ML,PET,1000.0,ML,1000.000 ML
134,MAA NASIKA BEVERAGE-NEPAL,MAA,MAA--PET 1000 ML,PET,1000.0,ML,1000.000 ML
134,LS WATER & BEVERAGE-NEPAL,IMJA WATER,IMJA WATER--PET 1000 ML,PET,1000.0,ML,1000.000 ML
134,MOUNTAIN MINERAL WATER & BEV-NP,MOUNTAIN,MOUNTAIN--PET 1000 ML,PET,1000.0,ML,1000.000 ML
134,FRUIT AGRO PRODUCT-NEPAL,24 HOUR,24 HOUR--CAN 250 ML,CAN,250.0,ML,250.000 ML
134,CAVIN KARE LTD - INDIA,CAVINS COLD COFFEE,CAVINS COLD COFFEE-COFFEE-COLD COFFEE-CHILLED LATTE TPK 180 ML,TPK,180.0,ML,180.000 ML
134,FRUIT AGRO PRODUCT-NEPAL,FRUIT JUMP,FRUIT JUMP-APPLE-APPLE TPK 200 ML,TPK,200.0,ML,200.000 ML
134,S.J AGENCIES-INDIA,MANGO MAJA,MANGO MAJA-MANGO-MANGO PET 200 ML,PET,200.0,ML,200.000 ML
134,MARUTI DAIRY PRODUCT-NEPAL,GOVIND BADAM DRINK,GOVIND BADAM DRINK-ALMOND-BADAM DRINK CAN 180 ML,CAN,180.0,ML,180.000 ML
134,SIDDHAKALI AQUA PANI UDHYOG-NP,AQUA KIK,AQUA KIK--JAR 19000 ML,JAR,19000.0,ML,19000.000 ML
134,NESTLE INDIA LTD. - INDIA,NESCAFE CHILLED LATTE,NESCAFE CHILLED LATTE-COFFEE-COFFEE & MILK TPK 180 ML,TPK,180.0,ML,180.000 ML
134,NESTLE INDIA LTD. - INDIA,NESCAFE INTENSE CAFE,NESCAFE INTENSE CAFE-CAPPUCCINO-CAPPUCCINO TPK 180 ML,TPK,180.0,ML,180.000 ML
134,DABUR NEPAL LTD.-NEPAL,REAL FRUIT POWER,REAL FRUIT POWER-MANGO-MANGO PET 200 ML,PET,200.0,ML,200.000 ML
134,DABUR NEPAL LTD.-NEPAL,REAL FRUIT POWER,REAL FRUIT POWER-MANGO-MANGO PET 500 ML,PET,500.0,ML,500.000 ML
134,DABUR NEPAL LTD.-NEPAL,REAL FRUIT POWER,REAL FRUIT POWER-MANGO-MANGO PET 1000 ML,PET,1000.0,ML,1000.000 ML
134,NESTLE INDIA LTD. - INDIA,NESCAFE HAZELNUT,NESCAFE HAZELNUT-HAZELNUT-HAZELNUT TPK 180 ML,TPK,180.0,ML,180.000 ML
134,GOODLIFE BEVERAGE-NEPAL,KIK,KIK--TPK 200 ML,TPK,200.0,ML,200.000 ML
134,WATER WORKS PVT LTD-NEPAL,SAYAPATRI,SAYAPATRI--JAR 20000 ML,JAR,20000.0,ML,20000.000 ML
134,GOODLIFE BEVERAGE-NEPAL,GOODLIFE BADAM DRINK,GOODLIFE BADAM DRINK-ALMOND-BADAM DRINK CAN 180 ML,CAN,180.0,ML,180.000 ML
134,SHIVSHANKAR FOOD & BEVERAGE-NP,MOUNT EVEREST,MOUNT EVEREST--PET 1000 ML,PET,1000.0,ML,1000.000 ML
134,SAILUNG SPRING WATER INDUS-NP,SAILUNG,SAILUNG--PET 1000 ML,PET,1000.0,ML,1000.000 ML
134,COCA COLA COMPANY IMPRTD-IMPTD,MINUTE MAID,MINUTE MAID-MIXED FRUIT-MIXED FRUIT TPK 150 ML,TPK,150.0,ML,150.000 ML
134,SHRI KRISHNA FRUIT PROCESR-IND,FRESHEN,FRESHEN-MANGO-MANGO PET 600 ML,PET,600.0,ML,600.000 ML
134,GUJARAT CO-OPERTV MILK MKTNG,AMUL KOOL,AMUL KOOL-ELAICHI-ELAICHI PET 180 ML,PET,180.0,ML,180.000 ML
134,ASLE FOOD & BEVERAGE-NEPAL,ASLE BULL,ASLE BULL--CAN 250 ML,CAN,250.0,ML,250.000 ML
134,MSRB FOOD PRODUCTS-INDIA,RUSKOO MANGO FUN,RUSKOO MANGO FUN-MANGO-MANGO TPK 200 ML,TPK,200.0,ML,200.000 ML
134,DURGA BHAWANI MINERAL & BEV-NP,AQUA MERRY,AQUA MERRY--PET 500 ML,PET,500.0,ML,500.000 ML
134,RARA PROCESSING PVT LTD-NPL,FORCE WATER,FORCE WATER--PET 1000 ML,PET,1000.0,ML,1000.000 ML
134,GYANI FOOD & BEVERAGE - NEPAL,PIURO,PIURO--PET 500 ML,PET,500.0,ML,500.000 ML
134,DABUR NEPAL LTD.-NEPAL,REAL FRUIT POWER,REAL FRUIT POWER-MIXED FRUIT-MIXED FRUIT PET 200 ML,PET,200.0,ML,200.000 ML
134,DABUR INDIA LTD.- INDIA,REAL MILK POWER,REAL MILK POWER-CHOCOLATE-BELGIAN CHOCOLATE MILKSHAKE TPK 180 ML,TPK,180.0,ML,180.000 ML
134,DABUR NEPAL LTD.-NEPAL,REAL FRUIT POWER,REAL FRUIT POWER-MIXED FRUIT-MIXED FRUIT PET 500 ML,PET,500.0,ML,500.000 ML
134,DABUR NEPAL LTD.-NEPAL,REAL FRUIT POWER,REAL FRUIT POWER-POMEGRANATE & APPLE-ANAR APPLE PET 200 ML,PET,200.0,ML,200.000 ML
134,DABUR NEPAL LTD.-NEPAL,REAL FRUIT POWER,REAL FRUIT POWER-POMEGRANATE & APPLE-ANAR APPLE PET 500 ML,PET,500.0,ML,500.000 ML
134,AGRO THAI FOODS PVT LTD-NEPAL,XTREME,XTREME--CAN 330 ML,CAN,330.0,ML,330.000 ML
134,DUWAL BROTHERS-NEPAL,HUNK,HUNK--CAN 250 ML,CAN,250.0,ML,250.000 ML
134,AMRAPALI BEVERAGE-NEPAL,AMRAPALI KOOL,AMRAPALI KOOL-ALMOND-BADAM & SAFFRON DRINK CAN 180 ML,CAN,180.0,ML,180.000 ML
134,DABUR NEPAL LTD.-NEPAL,REAL FRUIT POWER,REAL FRUIT POWER-MIXED FRUIT-MIXED FRUIT PET 1000 ML,PET,1000.0,ML,1000.000 ML
134,MEGA FOODS & BEVERAGE-NEPAL,MEGA UTSAV,MEGA UTSAV-MANGO-MANGO PET 250 ML,PET,250.0,ML,250.000 ML
134,PARLE AGRO PVT LTD-INDIA,FROOTI,FROOTI-MANGO-MANGO PET 300 ML,PET,300.0,ML,300.000 ML
134,PEPSI COLA CMPNY IMPRTD-IMPRTD,STING,STING--PET 250 ML,PET,250.0,ML,250.000 ML
134,SAHABHAGITA WATER&BEVERAGE-NP,AQUA CHHU,AQUA CHHU--PET 1000 ML,PET,1000.0,ML,1000.000 ML
134,NATIONAL WATER & BEVERAGE PVT LTD-NP,NATIONAL,NATIONAL--PET 1000 ML,PET,1000.0,ML,1000.000 ML
134,SAARANG INTNL FOOD & BEV-INDIA,MAHI,MAHI-MANGO-MANGO PET 600 ML,PET,600.0,ML,600.000 ML
134,SURYA FOOD & BEVERAGES-NEPAL,RED ACTION,RED ACTION--CAN 330 ML,CAN,330.0,ML,330.000 ML
134,MEGA FOODS & BEVERAGE-NEPAL,MEGA UTSAV,MEGA UTSAV-MANGO-MANGO PET 1000 ML,PET,1000.0,ML,1000.000 ML
134,AMRAPALI BEVERAGE-NEPAL,AMRAPALI KOOL,AMRAPALI KOOL-PINEAPPLE-PINEAPPLE TPK 180 ML+20 ML FREE,TPK,200.0,ML,180.000 ML
134,AGRO THAI FOODS PVT LTD-NEPAL,MAX TIGER,MAX TIGER--CLASSIC CAN 250 ML+80 ML FREE,CAN,330.0,ML,250.000 ML
134,MARUTI DAIRY PRODUCT-NEPAL,GOPALA BADAM DRINK,GOPALA BADAM DRINK-ALMOND-BADAM DRINK CAN 180 ML,CAN,180.0,ML,180.000 ML
134,TRIVENI FOOD & BEVERAGE-NP,RED WOLF,RED WOLF--CAN 250 ML,CAN,250.0,ML,250.000 ML
134,DABUR INDIA LTD.- INDIA,REAL FRUIT POWER,REAL FRUIT POWER-MIXED FRUIT-MIXED FRUIT TPK 1000 ML,TPK,1000.0,ML,1000.000 ML
134,ALPHA INDUSTRIES PVT LTD-NEPAL,RYSE PLAYFUL POMEGRANATE,RYSE PLAYFUL POMEGRANATE-POMEGRANATE-PET 250 ML,PET,250.0,ML,250.000 ML
134,ZOYA WATER INDUSTRIESD-NEPAL,AQUA PREM,AQUA PREM--PET 1000 ML,PET,1000.0,ML,1000.000 ML
134,SHUVA JAL PRASHODHAN UDHYOG-NPL,MITRA,MITRA--PET 1000 ML,PET,1000.0,ML,1000.000 ML
134,LUMBINI BEVERAGE-NEPAL,FIRE,FIRE--PET 250 ML,PET,250.0,ML,250.000 ML
134,HYGEN PACKS NEPAL PVT LTD-NEPAL,MANIA MAGIC,MANIA MAGIC-MANGO-MANGO TPK 180 ML+20 ML FREE,TPK,200.0,ML,180.000 ML
134,MEGA FOODS & BEVERAGE-NEPAL,MEGA SMOOTH,MEGA SMOOTH-LYCHEE-LITCHI PET 150 ML,PET,150.0,ML,150.000 ML
134,PRAN DAIRY LTD-BANGLADESH,PRAN,PRAN-LYCHEE-LITCHI PET 125 ML,PET,125.0,ML,125.000 ML
134,PRAGATI CHEMICAL-INDIA,KEMPTY MANGO PUNCH,KEMPTY MANGO PUNCH-MANGO-MANGO PET 200 ML,PET,200.0,ML,200.000 ML
134,FRESH FOOD AGRO INDUSTRIES-INDIA,FFA FRUIT CHAMP,FFA FRUIT CHAMP-MANGO-MANGO TPK 200 ML,TPK,200.0,ML,200.000 ML
134,SAARANG INTNL FOOD & BEV-INDIA,MAHI,MAHI-MANGO-MANGO PET 160 ML,PET,160.0,ML,160.000 ML
134,REVIVE INNOVATIONS PVT LTD-INDIA,FLAVIGO BADAM DRINK,FLAVIGO BADAM DRINK-ALMOND-BADAM DRINK CAN 180 ML,CAN,180.0,ML,180.000 ML
134,SN TOP BEVERAGE PVT LTD-NEPAL,AQUA KARNALI,AQUA KARNALI--JAR 20000 ML,JAR,20000.0,ML,20000.000 ML
134,SAI FOOD PRODUCT-NEPAL,MAYA,MAYA-MANGO-MANGO PET 200 ML,PET,200.0,ML,200.000 ML
134,PRAN DAIRY LTD-BANGLADESH,PRAN BADAM DRINK,PRAN BADAM DRINK-ALMOND-BADAM DRINK TPK 180 ML,TPK,180.0,ML,180.000 ML
134,DABUR INDIA LTD.- INDIA,REAL MILK POWER,REAL MILK POWER-VANILLA-BELGIAN FRENCH VANILLA MILKSHAKE TPK 180 ML,TPK,180.0,ML,180.000 ML
134,CHAUDHARY GROUP - NEPAL,CELERITAS SPEED,CELERITAS SPEED--CAN 250 ML,CAN,250.0,ML,250.000 ML
134,TULYA BEVERAGE PVT LTD-INDIA,MILKY,MILKY-ALMOND-BADAM DRINK CAN 180 ML,CAN,180.0,ML,180.000 ML
134,VENTURA BOTTLERS PVT LTD-NEPAL,G POWER,G POWER--CAN 250 ML,CAN,250.0,ML,250.000 ML
134,GOODLIFE BEVERAGE-NEPAL,RUMPUM,RUMPUM-MIXED FRUIT-MIXED FRUIT TPK 200 ML,TPK,200.0,ML,200.000 ML
134,SURYODAYA DAIRY UDHYOG-NEPAL,GOKUL BADAM DRINK,GOKUL BADAM DRINK-ALMOND-BADAM & SAFFRON DRINK CAN 180 ML,CAN,180.0,ML,180.000 ML
134,S.J AGENCIES-INDIA,FRUIT FLAWER,FRUIT FLAWER-MANGO-MANGO PET 500 ML,PET,500.0,ML,500.000 ML
134,AMAANZA AGRO INDIA PVT LTD-INDIA,FUNBERG,FUNBERG-MANGO-MANGO TPK 200 ML,TPK,200.0,ML,200.000 ML
134,TIMES DRINKING WATER & FOOD-NEPAL,TIMES,TIMES--PET 1000 ML,PET,1000.0,ML,1000.000 ML
134,SAFEWAY TRADE & SUPPLIERS-INDIA,NTR BADAM DRINK,NTR BADAM DRINK-ALMOND-BADAM DRINK CAN 180 ML,CAN,180.0,ML,180.000 ML
134,GOODLIFE BEVERAGE-NEPAL,RUMPUM,RUMPUM-PINEAPPLE-PINEAPPLE TPK 200 ML,TPK,200.0,ML,200.000 ML
134,SAARANG INTNL FOOD & BEV-INDIA,MAHI,MAHI-MANGO-MANGO TPK 200 ML,TPK,200.0,ML,200.000 ML
134,AMRAPALI BEVERAGE-NEPAL,AMRAPALI KOOL,AMRAPALI KOOL-MIXED FRUIT-MIXED FRUIT TPK 180 ML+20 ML FREE,TPK,200.0,ML,180.000 ML
134,OM G BEVERAGE-NEPAL,POUND,POUND-LYCHEE-LITCHI PET 150 ML,PET,150.0,ML,150.000 ML
134,N.B BEVERAGE PVT LTD-NEPAL,AQUA 2N,AQUA 2N--JAR 19000 ML,JAR,19000.0,ML,19000.000 ML
134,FRUIT AGRO PRODUCT-NEPAL,FA POWER,FA POWER--CAN 250 ML,CAN,250.0,ML,250.000 ML
134,AMRAPALI BEVERAGE-NEPAL,AMRAPALI KOOL,AMRAPALI KOOL-GUAVA-GUAVA TPK 180 ML+20 ML FREE,TPK,200.0,ML,180.000 ML
134,THOPA DRINKING WATER-NEPAL,THOPA,THOPA--JAR 20000 ML,JAR,20000.0,ML,20000.000 ML
134,DABUR NEPAL LTD.-NEPAL,REAL FRUIT POWER ACTIV,REAL FRUIT POWER ACTIV-MIXED FRUIT-100% MIXED FRUIT TPK 1000 ML,TPK,1000.0,ML,1000.000 ML
134,DEEKSHA MINERAL WATER & BEV-NPL,AQUA 005,AQUA 005--PET 1000 ML,PET,1000.0,ML,1000.000 ML
134,INDIRA JALSAH PANI UDHYOG-NP,INDIRA JAL,INDIRA JAL--PET 500 ML,PET,500.0,ML,500.000 ML
134,AMRAPALI BEVERAGE-NEPAL,AMRAPALI RUCHI,AMRAPALI RUCHI-ALMOND-BADAM & SAFFRON DRINK CAN 180 ML,CAN,180.0,ML,180.000 ML
134,KOSHI MINERAL WATER-NEPAL,AQUA GAURISHANKAR,AQUA GAURISHANKAR--JAR 19000 ML,JAR,19000.0,ML,19000.000 ML
134,MEGA JAL PVT LTD-NEPAL,MEGA-JAL,MEGA-JAL--PET 1000 ML,PET,1000.0,ML,1000.000 ML
134,AGRO THAI FOODS PVT LTD-NEPAL,MAX TIGER,MAX TIGER--SUGAR FREE CAN 250 ML+80 ML FREE,CAN,330.0,ML,250.000 ML
134,SAKCHAM FOOD & BEVERAGE-NEPAL,AQUA BEST,AQUA BEST--PET 1000 ML,PET,1000.0,ML,1000.000 ML
134,THE BINDESHWORI DRK WTR&BVG-NP,AQUA RUIS,AQUA RUIS--PET 1000 ML,PET,1000.0,ML,1000.000 ML
134,KWALITY THAI FOODS PVT LTD-NPL,EX-CESS,EX-CESS-MANGO-MANGO TPK 180 ML+20 ML FREE,TPK,200.0,ML,180.000 ML
134,SURYODAYA DAIRY UDHYOG-NEPAL,SURYODAYA COOL,SURYODAYA COOL-ALMOND-ALMOND & SAFFRON DRINK CAN 180 ML,CAN,180.0,ML,180.000 ML
134,ANJANEYA BEVERAGE-NEPAL,KOUSHIKI JAL,KOUSHIKI JAL--PET 1000 ML,PET,1000.0,ML,1000.000 ML
134,RIDHI SIDHI PROCESS DRINKING WTR-NP,RIDHI SIDHI,RIDHI SIDHI--PET 1000 ML,PET,1000.0,ML,1000.000 ML
134,A & B BEVERAGE INDUSTRIES-NEPAL,AQUA VOLCAN,AQUA VOLCAN--PET 1000 ML,PET,1000.0,ML,1000.000 ML
134,SINGAPORE BEVERAGE-NEPAL,NATURALS,NATURALS-MANGO-MANGO PET 200 ML,PET,200.0,ML,200.000 ML
134,DABUR NEPAL LTD.-NEPAL,REAL FRUIT POWER,REAL FRUIT POWER-POMEGRANATE & APPLE-ANAR APPLE PET 1000 ML,PET,1000.0,ML,1000.000 ML
134,SURYA FOOD & BEVERAGES-NEPAL,RED ACTION,RED ACTION--CAN 250 ML,CAN,250.0,ML,250.000 ML
134,GADHI MAI NATURAL RESOURCES-NEPAL,SHUDH AMRIT JAL,SHUDH AMRIT JAL--PET 1000 ML,PET,1000.0,ML,1000.000 ML
134,VARUN BEVERAGE -NEPAL,SLICE,SLICE-MANGO-PET 1000 ML,PET,1000.0,ML,1000.000 ML
134,DABUR INDIA LTD.- INDIA,REAL FRUIT POWER,REAL FRUIT POWER-POMEGRANATE-POMEGRANATE TPK 1000 ML,TPK,1000.0,ML,1000.000 ML
134,DABUR INDIA LTD.- INDIA,REAL FRUIT POWER,REAL FRUIT POWER-GUAVA-GUAVA TPK 1000 ML,TPK,1000.0,ML,1000.000 ML
134,HYGEN PACKS NEPAL PVT LTD-NEPAL,HYGEN RUHSH,HYGEN RUHSH-MANGO-MANGO TPK 200 ML,TPK,200.0,ML,200.000 ML
134,NESTLE INDIA LTD. - INDIA,NESTLE MILO,NESTLE MILO-COCOA-MALT MILK-COCOA-MALT MILK TPK 180 ML,TPK,180.0,ML,180.000 ML
134,JOHNSON & JOHNSON - INDIA,ORSL APPLE DRINK,ORSL APPLE DRINK-APPLE-APPLE TPK 200 ML,TPK,200.0,ML,200.000 ML
134,BARA FOOD & BEVERAGES-NEPAL,250 REWIND,250 REWIND--CAN 250 ML,CAN,250.0,ML,250.000 ML
134,LIFE FOOD & BEVERAGE-NEPAL,REBOOST ORIGINAL,REBOOST ORIGINAL--PET 150 ML,PET,150.0,ML,150.000 ML
134,SAGLIKLI GIDA URUNLERI SAN(SGU)-TURKEY,WILD POWER,WILD POWER--CAN 250 ML,CAN,250.0,ML,250.000 ML
134,MANOHARA FOOD & BEVERAGE-NPL,AQUA RB,AQUA RB--PET 1000 ML,PET,1000.0,ML,1000.000 ML
134,VARUN BEVERAGE -NEPAL,SLICE,SLICE-MANGO-PET 350 ML,PET,350.0,ML,350.000 ML
134,WATER WORKS PVT LTD-NEPAL,SAYAPATRI,SAYAPATRI--PET 1000 ML,PET,1000.0,ML,1000.000 ML
134,SINGAPORE BEVERAGE-NEPAL,FRUIT GEMS,FRUIT GEMS-ORANGE-ORANGE PET 320 ML,PET,320.0,ML,320.000 ML
134,SINGAPORE BEVERAGE-NEPAL,FRUIT GEMS,FRUIT GEMS-PINEAPPLE-PINEAPPLE PET 320 ML,PET,320.0,ML,320.000 ML
134,SINGAPORE BEVERAGE-NEPAL,FRUIT GEMS,FRUIT GEMS-LYCHEE-LYCHEE PET 320 ML,PET,320.0,ML,320.000 ML
134,VARUN BEVERAGE -NEPAL,STING,STING--PET 250 ML,PET,250.0,ML,250.000 ML
134,LIFE FOOD & BEVERAGE-NEPAL,REBOOST COLA,REBOOST COLA--PET 150 ML,PET,150.0,ML,150.000 ML
134,SURYODAYA DAIRY UDHYOG-NEPAL,ANUKUL BADAM DRINK,ANUKUL BADAM DRINK-ALMOND-BADAM DRINK CAN 180 ML,CAN,180.0,ML,180.000 ML
134,SURYA FOOD & BEVERAGES-NEPAL,RED PLUS,RED PLUS--CLASSIC CAN 330 ML,CAN,330.0,ML,330.000 ML
134,SINGAPORE BEVERAGE-NEPAL,NATURALS,NATURALS-MANGO-MANGO PET 500 ML,PET,500.0,ML,500.000 ML
134,SINGAPORE BEVERAGE-NEPAL,NATURALS,NATURALS-MANGO-MANGO PET 1000 ML,PET,1000.0,ML,1000.000 ML
134,AAKASH GANGA WATER & BEVRG-NP,LIPULEK,LIPULEK--PET 1000 ML,PET,1000.0,ML,1000.000 ML
134,ALPHA INDUSTRIES PVT LTD-NEPAL,RYSE MOODY MANGO,RYSE MOODY MANGO-MANGO-PET 1000 ML,PET,1000.0,ML,1000.000 ML
134,PRAN DAIRY LTD-BANGLADESH,PRAN MANGO MILK DRINK,PRAN MANGO MILK DRINK-MANGO-MANGO MILK DRINK TPK 180 ML,TPK,180.0,ML,180.000 ML
134,PRAN DAIRY LTD-BANGLADESH,PRAN KULFI MILK DRINK,PRAN KULFI MILK DRINK-KULFI-KULFI MILK DRINK TPK 180 ML,TPK,180.0,ML,180.000 ML
134,AQUA EVEREST SPRING WATER-NEPAL,AQUA EVEREST,AQUA EVEREST--PET 1000 ML,PET,1000.0,ML,1000.000 ML
134,BINDHYABASINI FOOD & BEVRG-NP,MANJARI,MANJARI--JAR 20000 ML,JAR,20000.0,ML,20000.000 ML
134,HILL SIDE DRINKING WATER-NEPAL,MITHO,MITHO--JAR 20000 ML,JAR,20000.0,ML,20000.000 ML
134,CHABAA CO. LTD - THAILAND,CHABAA,CHABAA-MIXED FRUIT-APPLE & GRAPE WITH ALOEVERA CAN 230 ML,CAN,230.0,ML,230.000 ML
134,PRABHAT BEVERAGE PVT. LTD.-NEPAL,SHUVA PRABHAT,SHUVA PRABHAT--JAR 20000 ML,JAR,20000.0,ML,20000.000 ML
134,SANGRILLA SPRING DRNK&BEVRG-NP,SANGRILLA SPRINGS,SANGRILLA SPRINGS--PET 1000 ML,PET,1000.0,ML,1000.000 ML
134,HYGEN PACKS NEPAL PVT LTD-NEPAL,HYGEN MANIA,HYGEN MANIA--CAN 330 ML,CAN,330.0,ML,330.000 ML
134,HYGEN PACKS NEPAL PVT LTD-NEPAL,HYGEN MANIA,HYGEN MANIA-MANGO-MANGO PET 250 ML,PET,250.0,ML,250.000 ML
134,BHAIRAB KUNDA SPRING WATER-NEPAL,BHAIRAB KUNDA,BHAIRAB KUNDA--PET 1000 ML,PET,1000.0,ML,1000.000 ML
134,BOTTLERS NEPAL - NEPAL,CHARGED BERRY BOLT,CHARGED BERRY BOLT-BERRY-PET 250 ML,PET,250.0,ML,250.000 ML
134,RASPA BEVERAGE PVT LTD-INDIA,RASPA,RASPA-MANGO-MANGO PET 600 ML,PET,600.0,ML,600.000 ML
134,BHADRAKALI DRINKING WATER-NEPAL,KUBER JAL,KUBER JAL--PET 1000 ML,PET,1000.0,ML,1000.000 ML
134,SOUTH ASIAN BEVERAGES P. LTD-NEPAL,FROOTI,FROOTI-MANGO-MANGO TPK 125 ML,TPK,125.0,ML,125.000 ML
134,SOUTH ASIAN BEVERAGES P. LTD-NEPAL,APPY,APPY-APPLE-APPLE TPK 125 ML,TPK,125.0,ML,125.000 ML
134,DYNAMIC WATER & BEVERAGE-NPL,AQUA DEMAND,AQUA DEMAND--PET 1000 ML,PET,1000.0,ML,1000.000 ML
134,SOUTH ASIAN BEVERAGES P. LTD-NEPAL,FROOTI,FROOTI-MANGO-MANGO TPK 200 ML,TPK,200.0,ML,200.000 ML
134,OCEAN DRINKING WATER IND-NEPAL,AQUA OCEAN,AQUA OCEAN--JAR 20000 ML,JAR,20000.0,ML,20000.000 ML
134,PANCHAMUL SPRING WATER-NEPAL,HIMALAYAN MODI,HIMALAYAN MODI--PET 1000 ML,PET,1000.0,ML,1000.000 ML
134,GYAN FOOD & BEVERAGE-NEPAL,FEWA,FEWA--PET 1000 ML,PET,1000.0,ML,1000.000 ML
134,LIFE FOOD & BEVERAGE-NEPAL,KI BU,KI BU--CLASSIC CAN 180 ML,CAN,180.0,ML,180.000 ML
134,SOUTH ASIAN BEVERAGES P. LTD-NEPAL,APPY,APPY-APPLE-APPLE TPK 200 ML,TPK,200.0,ML,200.000 ML
134,SINGAPORE BEVERAGE-NEPAL,FRUIT GEMS,FRUIT GEMS-KIWI-KIWI PET 320 ML,PET,320.0,ML,320.000 ML
134,SINGAPORE BEVERAGE-NEPAL,FRUIT GEMS,FRUIT GEMS-STRAWBERRY-STRAWBERRY PET 320 ML,PET,320.0,ML,320.000 ML
134,HYGEN PACKS NEPAL PVT LTD-NEPAL,HYGEN MANIA,HYGEN MANIA-MANGO-MANGO PET 500 ML,PET,500.0,ML,500.000 ML
134,HIMAL AGRO & FOOD PVT LTD-NEPAL,SPRING KAVRE,SPRING KAVRE--PET 1000 ML,PET,1000.0,ML,1000.000 ML
134,BIKANERVALA FOODS PVT. LTD.-INDIA,BIKANO STRAWBERRY DRINK,BIKANO STRAWBERRY DRINK-STRAWBERRY-STRAWBERRY DRINK CAN 180 ML,CAN,180.0,ML,180.000 ML
134,GOODLIFE BEVERAGE-NEPAL,GOODLIFE,GOODLIFE-LYCHEE-LITCHI PET 150 ML,PET,150.0,ML,150.000 ML
134,SURYODAYA DAIRY UDHYOG-NEPAL,GOPI BADAM MILK DRINK,GOPI BADAM MILK DRINK-ALMOND-BADAM MILK DRINK CAN 180 ML,CAN,180.0,ML,180.000 ML
134,TRIVENI FOOD & BEVERAGE-NP,POWER PUNCH,POWER PUNCH--CAN 330 ML,CAN,330.0,ML,330.000 ML
134,DABUR INDIA LTD.- INDIA,REAL FRUIT POWER,REAL FRUIT POWER-GRAPE-GRAPE TPK 1000 ML,TPK,1000.0,ML,1000.000 ML
134,THAI VICTOR FOOD CO.LTD-THAILAND,JOINER,JOINER-BLACK CURRANT-BLACK CURRANT PET 320 ML,PET,320.0,ML,320.000 ML
134,THAI VICTOR FOOD CO.LTD-THAILAND,JOINER,JOINER-STRAWBERRY-STRAWBERRY PET 320 ML,PET,320.0,ML,320.000 ML
134,THAI VICTOR FOOD CO.LTD-THAILAND,JOINER,JOINER-MANGO-MANGO PET 320 ML,PET,320.0,ML,320.000 ML
134,THAI VICTOR FOOD CO.LTD-THAILAND,JOINER,JOINER-PEACH-PEACH PET 320 ML,PET,320.0,ML,320.000 ML
134,THAI VICTOR FOOD CO.LTD-THAILAND,JOINER,JOINER-GRAPE-GRAPE PET 320 ML,PET,320.0,ML,320.000 ML
134,THAI VICTOR FOOD CO.LTD-THAILAND,JOINER,JOINER-POMEGRANATE-POMEGRANATE PET 320 ML,PET,320.0,ML,320.000 ML
134,CHABAA CO. LTD - THAILAND,CHABAA,CHABAA-MIXED FRUIT-MANGO & PEACH WITH PEACH FLESH CAN 230 ML,CAN,230.0,ML,230.000 ML
134,CHABAA CO. LTD - THAILAND,CHABAA,CHABAA-COCONUT-COCONUT CAN 230 ML,CAN,230.0,ML,230.000 ML
134,TRIVENI FOOD & BEVERAGE-NP,POWER PUNCH,POWER PUNCH--ORIGINAL CAN 250 ML,CAN,250.0,ML,250.000 ML
134,SINGAPORE BEVERAGE-NEPAL,FRUIT GEMS,FRUIT GEMS-MANGO-MANGO PET 320 ML,PET,320.0,ML,320.000 ML
134,PRAGATI CHEMICAL-INDIA,KEMPTY LITCHI,KEMPTY LITCHI-LYCHEE-LITCHI PET 150 ML+20 ML FREE,PET,170.0,ML,150.000 ML
134,SHREE RAM FOOD PRODUCT-INDIA,FRUTOLA,FRUTOLA-MANGO-MANGO PET 100 ML,PET,100.0,ML,100.000 ML
134,COCA COLA COMPANY IMPRTD-IMPTD,MAAZA,MAAZA-MANGO-MANGO PET 1000 ML,PET,1000.0,ML,1000.000 ML
134,ODAT BEVERAGE PVT LTD-NEPAL,PRAN,PRAN-LYCHEE-LITCHI PET 125 ML,PET,125.0,ML,125.000 ML
134,LIFE FOOD & BEVERAGE-NEPAL,KI BU COLA,KI BU COLA-COLA-COLA CAN 180 ML,CAN,180.0,ML,180.000 ML
134,SINGAPORE BEVERAGE-NEPAL,FRUIT GEMS,FRUIT GEMS-CANTALOUPE-CANTALOUPE PET 320 ML,PET,320.0,ML,320.000 ML
134,AMRAPALI BEVERAGE-NEPAL,ROAR LION,ROAR LION--TPK 200 ML,TPK,200.0,ML,200.000 ML
134,DHITAL NATURAL WATER UDYG-NPL,Q,Q--PET 1000 ML,PET,1000.0,ML,1000.000 ML
134,DUWAL BROTHERS-NEPAL,RED BALL,RED BALL--CAN 250 ML,CAN,250.0,ML,250.000 ML
134,NESTLE INDIA LTD. - INDIA,NESCAFE CHOCO MOCHA,NESCAFE CHOCO MOCHA-CHOCOLATE-CHOCO MOCHA TPK 180 ML,TPK,180.0,ML,180.000 ML
134,SHAKUNTLA INDUSTRIES-INDIA,A-STAR MANGO,A-STAR MANGO-MANGO-MANGO TPK 200 ML,TPK,200.0,ML,200.000 ML
134,OM KRISHNA FOOD & BEVERAGE-NEPAL,JABDI JAL,JABDI JAL--PET 1000 ML,PET,1000.0,ML,1000.000 ML
134,INTER DRINKS CO. LTD.-THAILAND,C LIGHT,C LIGHT-GUAVA-GUAVA CAN 240 ML,CAN,240.0,ML,240.000 ML
134,CHAUDHARY GROUP - NEPAL,RIO JUCILO,RIO JUCILO-MANGO & PAPAYA-MANGO PAPAYA TPK 180 ML+20 ML FREE,TPK,200.0,ML,180.000 ML
134,DIBYASWORI JAL UDHYOG-NEPAL,DIBYA AQUA,DIBYA AQUA--PET 500 ML,PET,500.0,ML,500.000 ML
134,MOTHERLAND AGRICULTURE INDUSTRIES-NP,OUR CHOICE,OUR CHOICE--PET 1000 ML,PET,1000.0,ML,1000.000 ML
134,SINGAPORE BEVERAGE-NEPAL,NATURALS,NATURALS-ORANGE-ORANGE CAN 250 ML,CAN,250.0,ML,250.000 ML
134,SINGAPORE BEVERAGE-NEPAL,NATURALS,NATURALS-PINEAPPLE-PINEAPPLE CAN 250 ML,CAN,250.0,ML,250.000 ML
134,BHAIRAV BEVERAGE UDHYOG-NEPAL,H2O,H2O--PET 1000 ML,PET,1000.0,ML,1000.000 ML
134,NATURAL BEVERAGE-NEPAL,OXY GAIN,OXY GAIN--PET 1000 ML,PET,1000.0,ML,1000.000 ML
134,AMAANZA AGRO INDIA PVT LTD-INDIA,FRUIT HIT,FRUIT HIT-MANGO-MANGO TPK 200 ML,TPK,200.0,ML,200.000 ML
134,SHREE RAM FOOD PRODUCT-INDIA,FRUTOLA,FRUTOLA-LYCHEE-LITCHI PET 100 ML,PET,100.0,ML,100.000 ML
134,AMRAPALI BEVERAGE-NEPAL,AMRAPALI KOOL,AMRAPALI KOOL-MANGO-ALPHONSO MANGO TPK 180 ML+20 ML FREE,TPK,200.0,ML,180.000 ML
134,SHREEJEE FOOD & BEVERAGE IND.-NEPAL,TRISHNA GOLD,TRISHNA GOLD--PET 1000 ML,PET,1000.0,ML,1000.000 ML
134,SHREEJEE FOOD & BEVERAGE IND.-NEPAL,TRISHNA GOLD,TRISHNA GOLD--PET 500 ML,PET,500.0,ML,500.000 ML
134,INDRAWATI PET & BEVERAGE IND.-NEPAL,DUDH KOSHI,DUDH KOSHI--PET 1000 ML,PET,1000.0,ML,1000.000 ML
134,AAKAR FOOD & BEVERAGE-NEPAL,POKHRELI,POKHRELI--PET 1000 ML,PET,1000.0,ML,1000.000 ML
134,MOON LIGHT SPRING MNRL WTR-NPL,AQUA MILD,AQUA MILD--PET 1000 ML,PET,1000.0,ML,1000.000 ML
134,LIFE FOOD & BEVERAGE-NEPAL,KI BU GOLD,KI BU GOLD--GOLD CAN 180 ML,CAN,180.0,ML,180.000 ML
134,SINGAPORE BEVERAGE-NEPAL,NATURALS,NATURALS-LYCHEE-LYCHEE CAN 250 ML,CAN,250.0,ML,250.000 ML
134,AGRO THAI FOODS PVT LTD-NEPAL,TIGER SHARK,TIGER SHARK--CAN 250 ML,CAN,250.0,ML,250.000 ML
134,ANNAPURNA FOOD & BEVERAGE-NEPL,SOLTINI,SOLTINI--PET 1000 ML,PET,1000.0,ML,1000.000 ML
134,JAY HANUMAN DRINKING WATER UDHYOG-NP,SARLAHI REFRESH,SARLAHI REFRESH--PET 1000 ML,PET,1000.0,ML,1000.000 ML
134,SOUTH ASIAN BEVERAGES P. LTD-NEPAL,FROOTI,FROOTI-MANGO-MANGO PET 250 ML,PET,250.0,ML,250.000 ML
134,SOUTH ASIAN BEVERAGES P. LTD-NEPAL,FROOTI,FROOTI-MANGO-MANGO PET 500 ML,PET,500.0,ML,500.000 ML
134,HYGEN PACKS NEPAL PVT LTD-NEPAL,HYGEN MANIA,HYGEN MANIA-MANGO-MANGO PET 1000 ML,PET,1000.0,ML,1000.000 ML
134,RAUTA SPRING WATER-NEPAL,RAUTA,RAUTA--PET 500 ML,PET,500.0,ML,500.000 ML
134,MARUTI DAIRY PRODUCT-NEPAL,MOO BADAM DRINK,MOO BADAM DRINK-ALMOND-BADAM & SAFFRON DRINK CAN 180 ML,CAN,180.0,ML,180.000 ML
134,BLUEPINE MINERAL WATER-NEPAL,AQUA Q,AQUA Q--JAR 19000 ML,JAR,19000.0,ML,19000.000 ML
134,SOUTH ASIAN BEVERAGES P. LTD-NEPAL,FROOTI,FROOTI-MANGO-MANGO PET 150 ML,PET,150.0,ML,150.000 ML
134,T.R. INTERNATIONAL GROUP P.LTD-NPL,AQUA PURE,AQUA PURE--PET 1000 ML,PET,1000.0,ML,1000.000 ML
134,BAJARANG MINERAL WATER INDUS-NPL,MOUNTAIN MIST,MOUNTAIN MIST--JAR 20000 ML,JAR,20000.0,ML,20000.000 ML
134,PRASID WATER SOLUTION PVT LTD-NP,FORBES SPRING,FORBES SPRING--PET 1000 ML,PET,1000.0,ML,1000.000 ML
134,MAHALAXMI JAL UDHYOG-NEPAL,SAMABESHI,SAMABESHI--PET 1000 ML,PET,1000.0,ML,1000.000 ML
134,MARUTI DAIRY PRODUCT-NEPAL,MILK-O BADAM'S COOL DRINK,MILK-O BADAM'S COOL DRINK-ALMOND-BADAM & SAFFRON DRINK CAN 180 ML,CAN,180.0,ML,180.000 ML
134,ASHISH ENTERPRISE-INDIA,FUNLIPS LITCHI,FUNLIPS LITCHI-LYCHEE-LITCHI PET 170 ML,PET,170.0,ML,170.000 ML
134,PARLE AGRO PVT LTD-INDIA,FROOTI,FROOTI-MANGO-MANGO PET 600 ML,PET,600.0,ML,600.000 ML
134,DABUR NEPAL LTD.-NEPAL,REAL FRUIT POWER,REAL FRUIT POWER-GUAVA-GUAVA PET 1000 ML,PET,1000.0,ML,1000.000 ML
134,DABUR NEPAL LTD.-NEPAL,REAL FRUIT POWER,REAL FRUIT POWER-LYCHEE-LITCHI PET 1000 ML,PET,1000.0,ML,1000.000 ML
134,VARUN BEVERAGE -NEPAL,SLICE,SLICE-MANGO-PET 200 ML,PET,200.0,ML,200.000 ML
134,RIMJHIM INDUSTRIES & BEVERAGE-NPL,MOON,MOON--PET 1000 ML,PET,1000.0,ML,1000.000 ML
134,UNIVERSAL DRINKNG WATR INDS-NP,AAHANA,AAHANA--PET 1000 ML,PET,1000.0,ML,1000.000 ML
134,SHAMBHAVI FOOD & BEVERAGES-NEPAL,JUSICA,JUSICA-MANGO-MANGO PET 250 ML,PET,250.0,ML,250.000 ML
134,SHAMBHAVI FOOD & BEVERAGES-NEPAL,JUSICA,JUSICA-MANGO-MANGO PET 500 ML,PET,500.0,ML,500.000 ML
134,PURE PLUS SINDHULI BEVERAGES-NEPAL,MAUREPANI,MAUREPANI--PET 1000 ML,PET,1000.0,ML,1000.000 ML
134,MB BEVERAGE UDHYOG-NEPAL,AQUA MB,AQUA MB--PET 900 ML,PET,900.0,ML,900.000 ML
134,DABUR NEPAL LTD.-NEPAL,REAL FRUIT POWER,REAL FRUIT POWER-GUAVA-GUAVA PET 200 ML,PET,200.0,ML,200.000 ML
134,DABUR NEPAL LTD.-NEPAL,REAL FRUIT POWER,REAL FRUIT POWER-LYCHEE-LITCHI PET 200 ML,PET,200.0,ML,200.000 ML
134,FRUIT AGRO PRODUCT-NEPAL,FRUIT JUMP,FRUIT JUMP-PINEAPPLE-PINEAPPLE TPK 200 ML,TPK,200.0,ML,200.000 ML
134,SMART PRASODHIT PANI UDHYOG-NP,HIMALIYA,HIMALIYA--PET 1000 ML,PET,1000.0,ML,1000.000 ML
134,KALYAN JAL UDHYOG-NEPAL,KALYAN JAL,KALYAN JAL--PET 1000 ML,PET,1000.0,ML,1000.000 ML
134,AAYUSHMA DRINKING WATER UDYOG-NP,AAYUSHMA,AAYUSHMA--PET 1000 ML,PET,1000.0,ML,1000.000 ML
134,WAVE NEPAL PVT LTD-NEPAL,BLUES SPRING,BLUES SPRING--PET 1000 ML,PET,1000.0,ML,1000.000 ML
134,SINGAPORE BEVERAGE-NEPAL,FRUIT GEMS,FRUIT GEMS-GUAVA-PINK GUAVA PET 320 ML,PET,320.0,ML,320.000 ML
134,DUWAL BROTHERS-NEPAL,DUWAL LITCHI,DUWAL LITCHI-LYCHEE-LITCHI PET 150 ML,PET,150.0,ML,150.000 ML
134,NARAYAN BEVERAGE UDHYOG-NPL,AQUA N.B,AQUA N.B--PET 1000 ML,PET,1000.0,ML,1000.000 ML
134,UTTAM JAL MINERAL WATER-NEPAL,UTTAM,UTTAM--PET 1000 ML,PET,1000.0,ML,1000.000 ML
134,DABUR NEPAL LTD.-NEPAL,REAL FRUIT POWER,REAL FRUIT POWER-LYCHEE-LITCHI PET 500 ML,PET,500.0,ML,500.000 ML
134,NEPAL SOFT DRINKS UDHYOG-NEPAL,SWAAD LITCHI DRINK,SWAAD LITCHI DRINK-LYCHEE-LITCHI PET 125 ML+25 ML FREE,PET,150.0,ML,125.000 ML
134,SUNSARI FOOD & BEVERAGE UDHYOG-NP,AQUA DIAMOND,AQUA DIAMOND--PET 1000 ML,PET,1000.0,ML,1000.000 ML
134,KGN DRINKING WATER INDUSTRIES-NPL,KGN,KGN--JAR 20000 ML,JAR,20000.0,ML,20000.000 ML
134,THAI VICTOR FOOD CO.LTD-THAILAND,JOINER,JOINER-APPLE-RED APPLE PET 320 ML,PET,320.0,ML,320.000 ML
134,THAI VICTOR FOOD CO.LTD-THAILAND,JOINER,JOINER-ORANGE-ORANGE PET 320 ML,PET,320.0,ML,320.000 ML
134,POKHARA NATURAL FOOD & BEVERAGE-NP,GLAZE,GLAZE--PET 1000 ML,PET,1000.0,ML,1000.000 ML
134,GAUSHALA BISLERY COMPANY P. LTD-NEPAL,GAUSHALA BISLERY,GAUSHALA BISLERY--PET 1000 ML,PET,1000.0,ML,1000.000 ML
134,THAI VICTOR FOOD CO.LTD-THAILAND,JOINER,JOINER-LYCHEE-LYCHEE PET 320 ML,PET,320.0,ML,320.000 ML
134,THAI VICTOR FOOD CO.LTD-THAILAND,JOINER,JOINER-CANTALOUPE-CANTALOUPE PET 320 ML,PET,320.0,ML,320.000 ML
134,THAI VICTOR FOOD CO.LTD-THAILAND,JOINER,JOINER-PINEAPPLE-PINEAPPLE PET 320 ML,PET,320.0,ML,320.000 ML
134,AQUA EVEREST SPRING WATER-NEPAL,SUHANA,SUHANA--PET 1000 ML,PET,1000.0,ML,1000.000 ML
134,HYGEN PACKS NEPAL PVT LTD-NEPAL,MANIA WILD,MANIA WILD--CAN 250 ML+80 ML EXTRA,CAN,330.0,ML,250.000 ML
134,SURYODAYA DAIRY UDHYOG-NEPAL,HYGEN MANIA BADAM DRINK,HYGEN MANIA BADAM DRINK-ALMOND-BADAM DRINK CAN 180 ML,CAN,180.0,ML,180.000 ML
134,LEKHANATH FOOD BEVERAGE- NEPAL,LAKECITY,LAKECITY--JAR 20000 ML,JAR,20000.0,ML,20000.000 ML
134,VIBHA BEVERAGES PVT LTD-NEPAL,VODA,VODA--PET 1000 ML,PET,1000.0,ML,1000.000 ML
134,BALAJI DRINKING WATER UDHYG-NP,BALAJI,BALAJI--PET 500 ML,PET,500.0,ML,500.000 ML
134,DIBYASWORI JAL UDHYOG-NEPAL,BALLA,BALLA--PET 1000 ML,PET,1000.0,ML,1000.000 ML
134,G3 BEVERAGE PVT LTD-NEPAL,GORKHALI,GORKHALI--PET 500 ML,PET,500.0,ML,500.000 ML
134,DABUR NEPAL LTD.-NEPAL,REAL FRUIT POWER,REAL FRUIT POWER-GUAVA-GUAVA PET 500 ML,PET,500.0,ML,500.000 ML
134,PEPSI COLA CMPNY IMPRTD-IMPRTD,SLICE,SLICE-MANGO-PET 250 ML,PET,250.0,ML,250.000 ML
134,PEPSI COLA CMPNY IMPRTD-IMPRTD,SLICE,SLICE-MANGO-PET 200 ML,PET,200.0,ML,200.000 ML
134,RAJAN PANI UDHYOG-NEPAL,PARSA,PARSA--PET 1000 ML,PET,1000.0,ML,1000.000 ML
134,SABARAT AGRO PVT. LTD.-NEPAL,PALOMA,PALOMA-PEACH & MANGO-PET 300 ML,PET,300.0,ML,300.000 ML
134,SETI BEVERAGE INDUSTRIES-NEPAL,SETI JAL,SETI JAL--PET 1000 ML,PET,1000.0,ML,1000.000 ML
134,OM PATHIBHARA FOOD & BEV-NP,OASIS JAL,OASIS JAL--PET 500 ML,PET,500.0,ML,500.000 ML
134,CHAUDHARY GROUP - NEPAL,RIO KIDS LUV,"RIO KIDS LUV-MIXED FRUIT-APPLE,BERRY,CHERRY TPK 200 ML",TPK,200.0,ML,200.000 ML
134,SITAZ FOOD & BEVERAGE INDUSTRY-NP,SITAZ BOOST,SITAZ BOOST-MANGO-MANGO PET 500 ML,PET,500.0,ML,500.000 ML
134,LIFE FOOD & BEVERAGE-NEPAL,REBOOST,REBOOST--CAN 250 ML,CAN,250.0,ML,250.000 ML
134,POKHARA NATURAL FOOD & BEVERAGE-NP,GLAZE,GLAZE--PET 500 ML,PET,500.0,ML,500.000 ML
134,DHANKUTA AGRO TOURISM & FUN VALLEY-NPL,DHANKUTELI MULKO,DHANKUTELI MULKO--PET 750 ML+100 ML FREE,PET,850.0,ML,750.000 ML
134,PRAKASH BEVERAGE-NEPAL,LIFE CARE,LIFE CARE--PET 500 ML,PET,500.0,ML,500.000 ML
134,POKHARA NATURAL FOOD & BEVERAGE-NP,BRILLIANCE,BRILLIANCE--PET 1000 ML,PET,1000.0,ML,1000.000 ML
134,SINGAPORE BEVERAGE-NEPAL,FRUIT GEMS,FRUIT GEMS-BLACK CURRANT-BLACK CURRANT PET 320 ML,PET,320.0,ML,320.000 ML
134,AQUA JUGAL-NEPAL,AQUA JUGAL,AQUA JUGAL--PET 1000 ML,PET,1000.0,ML,1000.000 ML
134,ASP NATURAL RESOURCES PVT LTD-NEPAL,DROP,DROP--PET 1000 ML,PET,1000.0,ML,1000.000 ML
134,DUGAR FOOD & BEVERAGE-NEPAL,DOOIT,DOOIT-GUAVA-GUAVA TPK 200 ML,TPK,200.0,ML,200.000 ML
134,LIFE FOOD & BEVERAGE-NEPAL,KI BU CLASSIC,KI BU CLASSIC--CLASSIC CAN 250 ML,CAN,250.0,ML,250.000 ML
134,LS WATER & BEVERAGE-NEPAL,PRAN POWER,PRAN POWER--CAN 250 ML,CAN,250.0,ML,250.000 ML
134,A-ONE POLYMERS & BEVERAGE-NP,AQUA RAJDHANI,AQUA RAJDHANI--PET 1000 ML,PET,1000.0,ML,1000.000 ML
134,THE BINDESHWORI DRK WTR&BVG-NP,EPI AQUA WATER KING,EPI AQUA WATER KING--PET 1000 ML,PET,1000.0,ML,1000.000 ML
134,SALAMBHU FOOD AND BEVERAGE-NEPAL,AQUA SUNAKHARI,AQUA SUNAKHARI--PET 1000 ML,PET,1000.0,ML,1000.000 ML
134,GANESH HIMAL KHANEPANI PVT LTD-NPL,AQUA MOON,AQUA MOON--JAR 19000 ML,JAR,19000.0,ML,19000.000 ML
134,DANFE MINERAL WATER P LTD-NPL,AQUA COOL,AQUA COOL--JAR 19000 ML,JAR,19000.0,ML,19000.000 ML
134,QUALITY KHANEPANI PVT LTD-NPL,AQUA NIRMAL,AQUA NIRMAL--JAR 19000 ML,JAR,19000.0,ML,19000.000 ML
134,CAVIN KARE LTD - INDIA,CAVINS VANILLA MILKSHAKE,CAVINS VANILLA MILKSHAKE-VANILLA-VANILLA MILKSHAKE TPK 170 ML,TPK,170.0,ML,170.000 ML
134,DABUR NEPAL LTD.-NEPAL,REAL FRUIT POWER,REAL FRUIT POWER-MIXED FRUIT-MIXED FRUIT TPK 1000 ML+REAL APPLE 180 ML FREE,TPK,1000.0,ML,1000.000 ML
134,MARUTI DAIRY PRODUCT-NEPAL,GOPALA FRESHO,GOPALA FRESHO-PINEAPPLE-PINEAPPLE CAN 250 ML,CAN,250.0,ML,250.000 ML
134,MARUTI DAIRY PRODUCT-NEPAL,GOPALA FRESHO,GOPALA FRESHO-MIXED FRUIT-MIXED FRUIT CAN 250 ML,CAN,250.0,ML,250.000 ML
134,HECTOR BEVERAGES PVT LTD-INDIA,PAPER BOAT SWING,PAPER BOAT SWING-LYCHEE-LUSH LYCHEE PPH 125 ML,PPH,125.0,ML,125.000 ML
134,SAPPE PUBLIC COMPANY LTD-THAILAND,MOGU MOGU,MOGU MOGU-ORANGE-ORANGE PET 320 ML,PET,320.0,ML,320.000 ML
134,SAPPE PUBLIC COMPANY LTD-THAILAND,MOGU MOGU,MOGU MOGU-MANGO-MANGO PET 320 ML,PET,320.0,ML,320.000 ML
134,PEPSI COLA CMPNY IMPRTD-IMPRTD,STING BLUE CURRENT,STING BLUE CURRENT--PET 250 ML,PET,250.0,ML,250.000 ML
134,SUJAL DAIRY PVT LTD-NEPAL,RUSH BADAM DRINK,RUSH BADAM DRINK-ALMOND-BADAM DRINK CAN 180 ML,CAN,180.0,ML,180.000 ML
134,SARAS BEVERAGES PVT LTD-NEPAL,RED BULL,RED BULL--CAN 250 ML,CAN,250.0,ML,250.000 ML
134,BHEDETAR SPARKLING WATER-NEPAL,JARUWA SPRING,JARUWA SPRING--PET 1000 ML,PET,1000.0,ML,1000.000 ML
134,SAPPE PUBLIC COMPANY LTD-THAILAND,MOGU MOGU,MOGU MOGU-PEACH-PEACH PET 320 ML,PET,320.0,ML,320.000 ML
134,SAPPE PUBLIC COMPANY LTD-THAILAND,MOGU MOGU,MOGU MOGU-LYCHEE-LYCHEE PET 320 ML,PET,320.0,ML,320.000 ML
134,SAPPE PUBLIC COMPANY LTD-THAILAND,MOGU MOGU,MOGU MOGU-BLACK CURRANT-BLACK CURRRANT PET 320 ML,PET,320.0,ML,320.000 ML
134,SAPPE PUBLIC COMPANY LTD-THAILAND,MOGU MOGU,MOGU MOGU-YOGURT-YOGURT PET 320 ML,PET,320.0,ML,320.000 ML
134,TRIVENI FOOD & BEVERAGE-NP,BLOOM,BLOOM-LYCHEE-LITCHI PET 135 ML,PET,135.0,ML,135.000 ML
134,AMAR DRINKING WATER & BEVRG-NP,AQUA AMAR,AQUA AMAR--JAR 20000 ML,JAR,20000.0,ML,20000.000 ML
134,ALINA WATER INDUSTRIES-NEPAL,AQUA AC,AQUA AC--PET 1000 ML,PET,1000.0,ML,1000.000 ML
134,AQUA GODAWARI BEVERAGE-NP,AQUA POWER,AQUA POWER--JAR 19000 ML,JAR,19000.0,ML,19000.000 ML
134,MAA NASIKA BEVERAGE-NEPAL,MAA,MAA--JAR 20000 ML,JAR,20000.0,ML,20000.000 ML
134,RADHA KRISHNA FOOD & BEVERAGE-NP,SARAS,SARAS--PET 500 ML,PET,500.0,ML,500.000 ML
134,MARUTI DAIRY PRODUCT-NEPAL,GOPALA FRESHO,GOPALA FRESHO-POMEGRANATE-POMEGRANATE CAN 250 ML,CAN,250.0,ML,250.000 ML
134,TRIVENI FOOD & BEVERAGE-NP,LEELI,LEELI-LYCHEE-LITCHI PET 135 ML,PET,135.0,ML,135.000 ML
134,NAWAYUG PROCESSED DRINKING WATER-NP,DOGADAKEDAR,DOGADAKEDAR--PET 1000 ML,PET,1000.0,ML,1000.000 ML
134,REAL DRINKING WATER INDUSTRY-NEPAL,ALPHA ZONE,ALPHA ZONE--PET 1000 ML,PET,1000.0,ML,1000.000 ML
134,P.G WATER INDUSTRIES-NEPAL,AQUA CARE,AQUA CARE--PET 1000 ML,PET,1000.0,ML,1000.000 ML
134,S.A.N.S BEVERAGE IND. PVT. LTD.-NPL,KABELI,KABELI--PET 1000 ML,PET,1000.0,ML,1000.000 ML
134,SHANTI JAL UDHYOG PVT LTD-NEPL,SHANTI JAL,SHANTI JAL--PET 500 ML,PET,500.0,ML,500.000 ML
134,CHAUDHARY PANI UDHYOG-NEPAL,SUNDAR JAL,SUNDAR JAL--PET 1000 ML,PET,1000.0,ML,1000.000 ML
134,MAHAVIR KHOLA PRAKRITIK KHANEPANI-NP,FURKETARI AQUIFER,FURKETARI AQUIFER--PET 1000 ML,PET,1000.0,ML,1000.000 ML
134,HYGEN PACKS NEPAL PVT LTD-NEPAL,MANIA MIX FRUIT,MANIA MIX FRUIT-MIXED FRUIT-MIX FRUIT TPK 200 ML,TPK,200.0,ML,200.000 ML
134,SAPPE PUBLIC COMPANY LTD-THAILAND,MOGU MOGU,MOGU MOGU-GUAVA-PINK GUAVA PET 320 ML,PET,320.0,ML,320.000 ML
134,TILA KARNALI PANI PRASODHAN UDHYOG-NP,TILA,TILA--PET 1000 ML,PET,1000.0,ML,1000.000 ML
134,SAPPE PUBLIC COMPANY LTD-THAILAND,MOGU MOGU,MOGU MOGU-MELON-MELON PET 320 ML,PET,320.0,ML,320.000 ML
134,R.R. DRINKING WATER-NEPAL,R.R.,R.R.--PET 1000 ML,PET,1000.0,ML,1000.000 ML
134,KWALITY THAI FOODS PVT LTD-NPL,EX-CESS,EX-CESS-MANGO & PAPAYA-MANGO PAPAYA TPK 200 ML,TPK,200.0,ML,200.000 ML
134,B.K PANI UDHYOG-NEPAL,NARAYANI,NARAYANI--PET 1000 ML,PET,1000.0,ML,1000.000 ML
134,CHAUDHARY GROUP - NEPAL,RIO MANGO DELIGHT,RIO MANGO DELIGHT-MANGO-MANGO TPK 200 ML,TPK,200.0,ML,200.000 ML
134,LS WATER & BEVERAGE-NEPAL,IMJA LITCHI,IMJA LITCHI-LYCHEE-LITCHI PET 150 ML,PET,150.0,ML,150.000 ML
134,SINGAPORE BEVERAGE-NEPAL,JOINER,JOINER-KIWI-KIWI PET 320 ML,PET,320.0,ML,320.000 ML
134,LIFE FOOD & BEVERAGE-NEPAL,LIFE LITCHI,LIFE LITCHI-LYCHEE-LITCHI PET 150 ML,PET,150.0,ML,150.000 ML
134,M/S TUSHAR ENTERPRISES-INDIA,POP POP LITCHI,POP POP LITCHI-LYCHEE-LITCHI PET 175 ML,PET,175.0,ML,175.000 ML
134,ACME DRINKS-NEPAL,LEKAALI,LEKAALI--PET 1000 ML,PET,1000.0,ML,1000.000 ML
134,RADHA KRISHNA FOOD & BEVERAGE-NP,SARAS,SARAS--PET 1000 ML,PET,1000.0,ML,1000.000 ML
134,SINGAPORE BEVERAGE-NEPAL,FRUIT GEMS,FRUIT GEMS-BLACK CURRANT-BLACK CURRANT PET 250 ML,PET,250.0,ML,250.000 ML
134,SINGAPORE BEVERAGE-NEPAL,FRUIT GEMS,FRUIT GEMS-KIWI-KIWI PET 250 ML,PET,250.0,ML,250.000 ML
134,SAPPE PUBLIC COMPANY LTD-THAILAND,MOGU MOGU,MOGU MOGU-GRAPE-GRAPE PET 320 ML,PET,320.0,ML,320.000 ML
134,SAPPE PUBLIC COMPANY LTD-THAILAND,MOGU MOGU,MOGU MOGU-PINEAPPLE-PINEAPPLE PET 320 ML,PET,320.0,ML,320.000 ML
134,SAPPE PUBLIC COMPANY LTD-THAILAND,MOGU MOGU,MOGU MOGU-STRAWBERRY-STRAWBERRY PET 320 ML,PET,320.0,ML,320.000 ML
134,SHAMBHAVI FOOD & BEVERAGES-NEPAL,JIMMY JIMMY,JIMMY JIMMY-MANGO-MANGO DRINK PET 300 ML,PET,300.0,ML,300.000 ML
134,GAMA FOODS NEPAL PVT LTD-NEPAL,READY BULL,READY BULL--CAN 250 ML,CAN,250.0,ML,250.000 ML
134,PRAJAWAL JAL UDHYOG-NEPAL,PRAMJAL,PRAMJAL--PET 1000 ML,PET,1000.0,ML,1000.000 ML
134,J.M.D. INTERNATIONAL PVT LTD-NEPAL,JMD,JMD--PET 1000 ML,PET,1000.0,ML,1000.000 ML
134,KANCHAN MINERAL WATER UDHYOG-NP,ARUSH,ARUSH--PET 1000 ML,PET,1000.0,ML,1000.000 ML
134,DABUR INDIA LTD.- INDIA,REAL MILK POWER,REAL MILK POWER-STRAWBERRY-MILKSHAKE STRAWBERRY TPK 180 ML,TPK,180.0,ML,180.000 ML
134,NEPAL M.D FOOD & BEVERAGE-NEPAL,BOSS,BOSS--PET 1000 ML,PET,1000.0,ML,1000.000 ML
134,KWALITY THAI FOODS PVT LTD-NPL,TOTAL FRUITY N JUICY,TOTAL FRUITY N JUICY-MIXED FRUIT-MIXED FRUIT TPK 200 ML,TPK,200.0,ML,200.000 ML
134,GOODLIFE BEVERAGE-NEPAL,RUMPUM,RUMPUM-MANGO-ALPHONSO MANGO TPK 180 ML+20 ML EXTRA,TPK,200.0,ML,180.000 ML
134,SINGAPORE BEVERAGE-NEPAL,FRUIT GEMS,FRUIT GEMS-PASSION FRUIT-PASSION FRUIT PET 320 ML,PET,320.0,ML,320.000 ML
134,CHAUDHARY GROUP - NEPAL,RIO JUICE & GLUCOSE,RIO JUICE & GLUCOSE-MANGO-MANGO TPK 180 ML,TPK,180.0,ML,180.000 ML
134,SPRING FOOD & BEVERAGE-NEPAL,PERNA,PERNA-LYCHEE-LITCHI PET 110 ML,PET,110.0,ML,110.000 ML
134,MAHABALESHWOR DAIRY & BEVERAGE-NEPAL,REVA BADAM DRINK,REVA BADAM DRINK-ALMOND-BADAM & SAFFRON DRINK CAN 160 ML,CAN,160.0,ML,160.000 ML
134,WATER CAMPER PVT. LTD.-NEPAL,NATURAL WATER,NATURAL WATER--PET 1000 ML,PET,1000.0,ML,1000.000 ML
134,MARUTI DAIRY PRODUCT-NEPAL,GOPALA FRESHO,GOPALA FRESHO-MANGO-MANGO CAN 250 ML,CAN,250.0,ML,250.000 ML
134,MARUTI DAIRY PRODUCT-NEPAL,GOPALA FRESHO,GOPALA FRESHO-ORANGE-ORANGE CAN 250 ML,CAN,250.0,ML,250.000 ML
134,FRUIT AGRO PRODUCT-NEPAL,FRUIT JUMP,FRUIT JUMP-PINEAPPLE-PINEAPPLE CAN 240 ML,CAN,240.0,ML,240.000 ML
134,FRUIT AGRO PRODUCT-NEPAL,FRUIT JUMP,FRUIT JUMP-POMEGRANATE-POMEGRANATE CAN 240 ML,CAN,240.0,ML,240.000 ML
134,BHAGESHWOR FOOD & BEVERAGE-NEPAL,KESHARI,KESHARI--PET 1000 ML,PET,1000.0,ML,1000.000 ML
134,JAGDAMBA FOODS PVT LTD-NEPAL,CHABAA BOOST,CHABAA BOOST-GUAVA-PINK GUAVA PET 250 ML,PET,250.0,ML,250.000 ML
134,JAGDAMBA FOODS PVT LTD-NEPAL,CHABAA BOOST,CHABAA BOOST-MANGO-MANGO PET 250 ML,PET,250.0,ML,250.000 ML
134,JAGDAMBA FOODS PVT LTD-NEPAL,CHABAA BOOST,CHABAA BOOST-LYCHEE-LYCHEE PET 1000 ML,PET,1000.0,ML,1000.000 ML
134,JAGDAMBA FOODS PVT LTD-NEPAL,CHABAA BOOST,CHABAA BOOST-MIXED FRUIT-MIXED FRUIT PET 1000 ML,PET,1000.0,ML,1000.000 ML
134,COCA COLA COMPANY IMPRTD-IMPTD,MAAZA,MAAZA-MANGO-MANGO PET 200 ML,PET,200.0,ML,200.000 ML
134,DABUR INDIA LTD.- INDIA,REAL FRUIT POWER,REAL FRUIT POWER-MANGO-KOOLERZ MANGO TPK 135 ML,TPK,135.0,ML,135.000 ML
134,GOODLIFE BEVERAGE-NEPAL,GOODLIFE,GOODLIFE-LYCHEE-LITCHI PET 125 ML,PET,125.0,ML,125.000 ML
134,HIMALAYAN BOTTLERS PVT LTD-NEPAL,AMRAPALI KOOL,AMRAPALI KOOL-LYCHEE-LITCHI PET 125 ML,PET,125.0,ML,125.000 ML
134,INTER DRINKS CO. LTD.-THAILAND,C LIGHT,C LIGHT-LYCHEE-LYCHEE CAN 240 ML,CAN,240.0,ML,240.000 ML
134,JAGDAMBA FOODS PVT LTD-NEPAL,CHABAA BOOST,CHABAA BOOST-MIXED FRUIT-MIXED FRUIT PET 250 ML,PET,250.0,ML,250.000 ML
134,JAGDAMBA FOODS PVT LTD-NEPAL,CHABAA BOOST,CHABAA BOOST-MANGO-MANGO PET 1000 ML,PET,1000.0,ML,1000.000 ML
134,JAGDAMBA FOODS PVT LTD-NEPAL,CHABAA BOOST,CHABAA BOOST-GUAVA-PINK GUAVA PET 500 ML,PET,500.0,ML,500.000 ML
134,LIFE FOOD & BEVERAGE-NEPAL,KI BU CLASSIC,KI BU CLASSIC--CLASSIC CAN 330 ML,CAN,330.0,ML,330.000 ML
134,LIFE FOOD & BEVERAGE-NEPAL,FARM FRESH COCO,FARM FRESH COCO-COCONUT-COCONUT WATER CAN 180 ML,CAN,180.0,ML,180.000 ML
134,P.K. GENERAL DRINK LP.-THAILAND,BONKO COCONUT,BONKO COCONUT-COCONUT-COCONUT PET 320 ML,PET,320.0,ML,320.000 ML
134,P.K. GENERAL DRINK LP.-THAILAND,BONKO MANGO,BONKO MANGO-MANGO-MANGO PET 320 ML,PET,320.0,ML,320.000 ML
134,HYGEN PACKS NEPAL PVT LTD-NEPAL,HYGEN MANIA,HYGEN MANIA-GUAVA-GUAVA TPK 200 ML,TPK,200.0,ML,200.000 ML
134,TRIVENI FOOD & BEVERAGE-NP,SHOCK,SHOCK--CAN 250 ML,CAN,250.0,ML,250.000 ML
134,RB COOLING WATER-NEPAL,SAINAMAINA AQUA,SAINAMAINA AQUA--PET 1000 ML,PET,1000.0,ML,1000.000 ML
134,CAVIN KARE LTD - INDIA,CAVINS ROSE LASSI,CAVINS ROSE LASSI-ROSE-ROSE LASSI TPK 180 ML,TPK,180.0,ML,180.000 ML
134,KRS HANDICRAFTS-INDIA,FROOT ICE KING,FROOT ICE KING-MANGO-MANGO TPK 200 ML,TPK,200.0,ML,200.000 ML
134,DABUR NEPAL LTD.-NEPAL,REAL BURRST,REAL BURRST-ORANGE-ORANGE TPK 180 ML,TPK,180.0,ML,180.000 ML
134,L.D WATER & FOOD BEVERAGE-NEPAL,AQUA KAMALAMAI YATRI,AQUA KAMALAMAI YATRI--PET 1000 ML,PET,1000.0,ML,1000.000 ML
134,RAJSHREE PRODUCTS PVT. LTD.-NEPAL,AMRIT JAL,AMRIT JAL--PET 1000 ML,PET,1000.0,ML,1000.000 ML
134,KWALITY THAI FOODS PVT LTD-NPL,123 DITTO,123 DITTO-LYCHEE-LITCHI PET 150 ML,PET,150.0,ML,150.000 ML
134,SHAMBHAVI FOOD & BEVERAGES-NEPAL,JIMMY JIMMY,JIMMY JIMMY-STRAWBERRY-STRAWBERRY PET 300 ML,PET,300.0,ML,300.000 ML
134,HIMALAYAN BOTTLERS PVT LTD-NEPAL,AMRAPALI RUCHI,AMRAPALI RUCHI-LYCHEE-LITCHI PET 125 ML,PET,125.0,ML,125.000 ML
134,JAGDAMBA FOODS PVT LTD-NEPAL,CHABAA BOOST,CHABAA BOOST-GUAVA-PINK GUAVA PET 1000 ML,PET,1000.0,ML,1000.000 ML
134,SUPER STAR LEMON SODA WATER UDHYOG-NP,AQUA SHAKTI,AQUA SHAKTI--PET 1000 ML,PET,1000.0,ML,1000.000 ML
134,AGRO THAI FOODS PVT LTD-NEPAL,MAX TIGER,MAX TIGER--CAN 500 ML,CAN,500.0,ML,500.000 ML
134,LIFE FOOD & BEVERAGE-NEPAL,ARNA,ARNA--CAN 250 ML,CAN,250.0,ML,250.000 ML
134,JAGDAMBA FOODS PVT LTD-NEPAL,CHABAA BOOST,CHABAA BOOST-LYCHEE-LYCHEE PET 250 ML,PET,250.0,ML,250.000 ML
134,J.B.S. INDUSTRIES PVT. LTD.- NEPAL,SAGARMATHA,SAGARMATHA-PINEAPPLE-PINEAPPLE CAN 240 ML,CAN,240.0,ML,240.000 ML
134,J.B.S. INDUSTRIES PVT. LTD.- NEPAL,SAGARMATHA,SAGARMATHA-MIXED FRUIT-MIXED FRUIT CAN 240 ML,CAN,240.0,ML,240.000 ML
134,J.B.S. INDUSTRIES PVT. LTD.- NEPAL,SAGARMATHA,SAGARMATHA-POMEGRANATE-POMEGRANATE CAN 240 ML,CAN,240.0,ML,240.000 ML
134,JAGDAMBA FOODS PVT LTD-NEPAL,CHABAA BOOST,CHABAA BOOST-MANGO-MANGO PET 500 ML,PET,500.0,ML,500.000 ML
134,DABUR NEPAL LTD.-NEPAL,REAL FRUIT POWER,REAL FRUIT POWER-GUAVA-GUAVA PET 2000 ML,PET,2000.0,ML,2000.000 ML
134,DABUR NEPAL LTD.-NEPAL,REAL FRUIT POWER,REAL FRUIT POWER-MIXED FRUIT-MIXED FRUIT PET 2000 ML,PET,2000.0,ML,2000.000 ML
134,DABUR NEPAL LTD.-NEPAL,REAL FRUIT POWER,REAL FRUIT POWER-MANGO-MANGO PET 2000 ML,PET,2000.0,ML,2000.000 ML
134,MARUTI DAIRY PRODUCT-NEPAL,GOPALA FRESHO,GOPALA FRESHO-GUAVA-GUAVA CAN 250 ML,CAN,250.0,ML,250.000 ML
134,CHAUDHARY GROUP - NEPAL,RIO,RIO-MANGO-ALFANSO MANGO TPK 180 ML,TPK,180.0,ML,180.000 ML
134,THE BINDESHWORI DRK WTR&BVG-NP,EPI AQUA WATER KING,EPI AQUA WATER KING--PET 500 ML,PET,500.0,ML,500.000 ML
134,PARLE AGRO PVT LTD-INDIA,FROOTI,FROOTI-MANGO-MANGO PET 1800 ML,PET,1800.0,ML,1800.000 ML
134,ONE DRINKS BEVERAGES PVT LTD-INDIA,ONE DRINK CLASSIC,ONE DRINK CLASSIC--CLASSIC CAN 250 ML,CAN,250.0,ML,250.000 ML
134,JAGDAMBA FOODS PVT LTD-NEPAL,CHABAA BOOST,CHABAA BOOST-MIXED FRUIT-MIXED FRUIT PET 500 ML,PET,500.0,ML,500.000 ML
134,JAGDAMBA FOODS PVT LTD-NEPAL,CHABAA BOOST,CHABAA BOOST-POMEGRANATE-POMEGRANATE PET 1000 ML,PET,1000.0,ML,1000.000 ML
134,JAGDAMBA FOODS PVT LTD-NEPAL,CHABAA BOOST,CHABAA BOOST-POMEGRANATE-POMEGRANATE PET 250 ML,PET,250.0,ML,250.000 ML
134,SITAZ FOOD & BEVERAGE INDUSTRY-NP,SITAZ BOOST,SITAZ BOOST-MANGO-MANGO PET 250 ML,PET,250.0,ML,250.000 ML
134,S & S WINE UDHYOG-NEPAL,TOPPER MANGO,TOPPER MANGO-MANGO-MANGO PET 250 ML,PET,250.0,ML,250.000 ML
134,AMRAPALI BEVERAGE-NEPAL,AMRAPALI RECHARGE,AMRAPALI RECHARGE--CAN 330 ML,CAN,330.0,ML,330.000 ML
134,SAMBHAVI BEVERAGE-NEPAL,P.R.S,P.R.S-LYCHEE-LITCHI PET 125 ML,PET,125.0,ML,125.000 ML
134,FRUIT AGRO PRODUCT-NEPAL,FRUIT JUMP,FRUIT JUMP-ORANGE-ORANGE CAN 240 ML,CAN,240.0,ML,240.000 ML
134,SHAMBHAVI FOOD & BEVERAGES-NEPAL,PRANAM,PRANAM-LYCHEE-LITCHI PET 125 ML,PET,125.0,ML,125.000 ML
134,CHAUDHARY GROUP - NEPAL,RIO JUCILO,RIO JUCILO-MANGO-MANGO TPK 180 ML,TPK,180.0,ML,180.000 ML
134,NARAYAN BEVERAGE UDHYOG-NPL,JALPARI,JALPARI--PET 1000 ML,PET,1000.0,ML,1000.000 ML
134,A-STAR-NEPAL,A-STAR,A-STAR--PET 1000 ML,PET,1000.0,ML,1000.000 ML
134,V.J. FOODS & BEVERAGES-NEPAL,JALESHWOR,JALESHWOR--PET 1000 ML,PET,1000.0,ML,1000.000 ML
134,FRUIT AGRO PRODUCT-NEPAL,PAY BADAM DRINK,PAY BADAM DRINK-CARDAMOM-CARDAMOM CAN 180 ML,CAN,180.0,ML,180.000 ML
134,P.K. GENERAL DRINK LP.-THAILAND,BONKO MELON,BONKO MELON-MELON-MELON PET 320 ML,PET,320.0,ML,320.000 ML
134,P.K. GENERAL DRINK LP.-THAILAND,BONKO ORANGE,BONKO ORANGE-ORANGE-ORANGE PET 320 ML,PET,320.0,ML,320.000 ML
134,A-ONE POLYMERS & BEVERAGE-NP,AQUA MINE,AQUA MINE--PET 1000 ML,PET,1000.0,ML,1000.000 ML
134,SINGAPORE BEVERAGE-NEPAL,NATURALS,NATURALS-MIXED FRUIT-MIX FRUIT CAN 250 ML,CAN,250.0,ML,250.000 ML
134,LIFE FOOD & BEVERAGE-NEPAL,FARM FRESH,FARM FRESH-MANGO-MANGO PET 250 ML,PET,250.0,ML,250.000 ML
134,GAUMUKHI GANGA JAL LTD-NEPAL,GANGA JAL,GANGA JAL--PET 1000 ML,PET,1000.0,ML,1000.000 ML
134,RELIABLE FOODS & BEVERAGES PVT LTD-NP,18 PLUS,18 PLUS--CAN 330 ML,CAN,330.0,ML,330.000 ML
134,AGRO THAI FOODS PVT LTD-NEPAL,JUICE JELLY,JUICE JELLY-ORANGE-ORANGE PET 320 ML,PET,320.0,ML,320.000 ML
134,AGRO THAI FOODS PVT LTD-NEPAL,JUICE JELLY,JUICE JELLY-PINEAPPLE-PINEAPPLE PET 320 ML,PET,320.0,ML,320.000 ML
134,RUPSHAN PRASODHIT KHANEPANI-NEPAL,AQUA PURE-LIFE,AQUA PURE-LIFE--PET 1000 ML,PET,1000.0,ML,1000.000 ML
134,RAYBOT SPRING'S MINERAL WATER-NEPAL,RAYBOT REFRESH,RAYBOT REFRESH-MANGO-MANGO PET 250 ML,PET,250.0,ML,250.000 ML
134,DABUR NEPAL LTD.-NEPAL,DYNAMITE GOLDEN SPARK,DYNAMITE GOLDEN SPARK--PET 250 ML,PET,250.0,ML,250.000 ML
134,KWALITY THAI FOODS PVT LTD-NPL,TOTAL FRUITY N JUICY,TOTAL FRUITY N JUICY-PINEAPPLE-PINEAPPLE TPK 200 ML,TPK,200.0,ML,200.000 ML
134,PRAGATI CHEMICAL-INDIA,MZP'S LITCHI,MZP'S LITCHI-LYCHEE-LITCHI PET 150 ML+20 ML FREE,PET,170.0,ML,150.000 ML
134,SHAMBHAVI FOOD & BEVERAGES-NEPAL,JIMMY JIMMY,JIMMY JIMMY-ORANGE-ORANGE PET 300 ML,PET,300.0,ML,300.000 ML
134,SHAMBHAVI FOOD & BEVERAGES-NEPAL,JIMMY JIMMY,JIMMY JIMMY-BLUEBERRY-BLUEBERRY PET 250 ML,PET,250.0,ML,250.000 ML
134,AGRO THAI FOODS PVT LTD-NEPAL,JUICE JELLY,JUICE JELLY-POMEGRANATE-POMEGRANATE PET 320 ML,PET,320.0,ML,320.000 ML
134,JAGDAMBA FOODS PVT LTD-NEPAL,ROBO BULL,ROBO BULL--CAN 250 ML,CAN,250.0,ML,250.000 ML
134,AGRO THAI FOODS PVT LTD-NEPAL,JUICE JELLY,JUICE JELLY-LYCHEE-LITCHI PET 320 ML,PET,320.0,ML,320.000 ML
134,AGRO THAI FOODS PVT LTD-NEPAL,JUICE JELLY,JUICE JELLY-BLACK CURRANT-BLACK CURRENT PET 320 ML,PET,320.0,ML,320.000 ML
134,SINGAPORE BEVERAGE-NEPAL,FRUIT GEMS,FRUIT GEMS-MANGO-MANGO PET 250 ML,PET,250.0,ML,250.000 ML
134,SINGAPORE BEVERAGE-NEPAL,FRUIT GEMS,FRUIT GEMS-STRAWBERRY-STRAWBERRY PET 250 ML,PET,250.0,ML,250.000 ML
134,SINGAPORE BEVERAGE-NEPAL,FRUIT GEMS,FRUIT GEMS-PINEAPPLE-PINEAPPLE PET 250 ML,PET,250.0,ML,250.000 ML
134,SHAMBHAVI FOOD & BEVERAGES-NEPAL,JIMMY JIMMY,JIMMY JIMMY-MANGO-MANGO PET 250 ML,PET,250.0,ML,250.000 ML
134,SHAMBHAVI FOOD & BEVERAGES-NEPAL,JIMMY JIMMY,JIMMY JIMMY-LYCHEE-LITCHI PET 300 ML,PET,300.0,ML,300.000 ML
134,SHAMBHAVI FOOD & BEVERAGES-NEPAL,JIMMY JIMMY,JIMMY JIMMY-KIWI-KIWI PET 300 ML,PET,300.0,ML,300.000 ML
134,DABUR NEPAL LTD.-NEPAL,REAL FRUIT POWER,REAL FRUIT POWER-POMEGRANATE-POMEGRANATE TPK 1000 ML+REAL 180 ML FREE,TPK,1000.0,ML,1000.000 ML
134,AGRO THAI FOODS PVT LTD-NEPAL,JUICE JELLY,JUICE JELLY-MIXED FRUIT-FRUIT COCKTAIL PET 320 ML,PET,320.0,ML,320.000 ML
134,MANOHARA FOOD & BEVERAGE-NPL,AQUA QUEEN,AQUA QUEEN--PET 1000 ML,PET,1000.0,ML,1000.000 ML
134,RAYBOT SPRING'S MINERAL WATER-NEPAL,RAYBOT REFRESH,RAYBOT REFRESH-LYCHEE-LITCHI PET 250 ML,PET,250.0,ML,250.000 ML
134,SURYODAYA DAIRY UDHYOG-NEPAL,SURYODAYA BADAM DRINK,SURYODAYA BADAM DRINK-ALMOND-ALMOND & SAFFRON DRINK CAN 180 ML,CAN,180.0,ML,180.000 ML
134,T.R. INTERNATIONAL GROUP P.LTD-NPL,OXY-PLUS,OXY-PLUS--PET 750 ML,PET,750.0,ML,750.000 ML
134,AGRO THAI FOODS PVT LTD-NEPAL,JUICE JELLY,JUICE JELLY-STRAWBERRY-STRAWBERRY PET 320 ML,PET,320.0,ML,320.000 ML
134,AGRO THAI FOODS PVT LTD-NEPAL,JUICE JELLY,JUICE JELLY-CRANBERRY-CRANBERRY PET 320 ML,PET,320.0,ML,320.000 ML
134,RAYBOT SPRING'S MINERAL WATER-NEPAL,RAYBOT REFRESH,RAYBOT REFRESH-MANGO-MANGO PET 500 ML,PET,500.0,ML,500.000 ML
134,CHAUDHARY GROUP - NEPAL,RIO,RIO-APPLE-APPLE TPK 180 ML,TPK,180.0,ML,180.000 ML
134,CHAUDHARY GROUP - NEPAL,RIO GUAVA DELIGHT,RIO GUAVA DELIGHT-GUAVA-GUAVA TPK 180 ML,TPK,180.0,ML,180.000 ML
134,RAYBOT SPRING'S MINERAL WATER-NEPAL,RAYBOT REFRESH,RAYBOT REFRESH-GUAVA-GUAVA PET 250 ML,PET,250.0,ML,250.000 ML
134,P.K. GENERAL DRINK LP.-THAILAND,BONKO LITCHI,BONKO LITCHI-LYCHEE-LITCHI PET 320 ML,PET,320.0,ML,320.000 ML
134,AGRO THAI FOODS PVT LTD-NEPAL,XTREME,XTREME--CLASSIC CAN 500 ML,CAN,500.0,ML,500.000 ML
134,NICE JAL UDHYOG-NEPAL,RFS AQUA,RFS AQUA--PET 1000 ML,PET,1000.0,ML,1000.000 ML
134,API SPRING PVT. LTD.-NEPAL,API SPRING,API SPRING--PET 1000 ML,PET,1000.0,ML,1000.000 ML
134,SINGAPORE BEVERAGE-NEPAL,FRUIT GEMS,FRUIT GEMS-LYCHEE-LITCHI PET 250 ML,PET,250.0,ML,250.000 ML
134,HIMALAYAN BOTTLERS PVT LTD-NEPAL,AMRAPALI KOOL COCO,AMRAPALI KOOL COCO-STRAWBERRY-STRAWBERRY PET 320 ML,PET,320.0,ML,320.000 ML
134,SANGRILLA SPRING DRNK&BEVRG-NP,HIMALAYAN SANGRILLA,HIMALAYAN SANGRILLA--PET 1000 ML,PET,1000.0,ML,1000.000 ML
134,P.S. BEVERAGE PVT. LTD.-NEPAL,DALMIA,DALMIA--PET 1000 ML,PET,1000.0,ML,1000.000 ML
134,HIMALAYAN BOTTLERS PVT LTD-NEPAL,AMRAPALI KOOL COCO,AMRAPALI KOOL COCO-MANGO-MANGO PET 320 ML,PET,320.0,ML,320.000 ML
134,HIMALAYAN BOTTLERS PVT LTD-NEPAL,AMRAPALI KOOL COCO,AMRAPALI KOOL COCO-KIWI-KIWI PET 320 ML,PET,320.0,ML,320.000 ML
134,HIMALAYAN BOTTLERS PVT LTD-NEPAL,AMRAPALI KOOL COCO,AMRAPALI KOOL COCO-BLACK CURRANT-BLACK CURRANT PET 320 ML,PET,320.0,ML,320.000 ML
134,P.K. GENERAL DRINK LP.-THAILAND,BONKO PINEAPPLE,BONKO PINEAPPLE-PINEAPPLE-PINEAPPLE PET 320 ML,PET,320.0,ML,320.000 ML
134,GANGA PEYA JAL UDHYOG - NEPAL,BIRAT GANGA,BIRAT GANGA--PET 500 ML,PET,500.0,ML,500.000 ML
134,A.S. FOOD PRODUCTS-INDIA,PULPY,PULPY-MANGO-MANGO TPK 200 ML,TPK,200.0,ML,200.000 ML
134,BIRENDRA & SONS FOOD AND BEVERAGE-NP,HEALTHY AQUA,HEALTHY AQUA--PET 1000 ML,PET,1000.0,ML,1000.000 ML
134,HIMALAYAN BOTTLERS PVT LTD-NEPAL,AMRAPALI KOOL COCO,AMRAPALI KOOL COCO-PINEAPPLE-PINEAPPLE PET 320 ML,PET,320.0,ML,320.000 ML
134,BIKANERVALA FOODS PVT. LTD.-INDIA,BIKANO BADAM DRINK,BIKANO BADAM DRINK-ALMOND-BADAM DRINK CAN 180 ML,CAN,180.0,ML,180.000 ML
134,DELISH DAIRIES PVT. LTD.-NEPAL,DELISH BADAM DRINK,DELISH BADAM DRINK-ALMOND-BADAM & SAFFRON DRINK CAN 180 ML,CAN,180.0,ML,180.000 ML
134,DABUR NEPAL LTD.-NEPAL,REAL FRUIT POWER,REAL FRUIT POWER-MIXED FRUIT-MIXED FRUIT TPK 1000 ML+REAL 180 ML FREE,TPK,1000.0,ML,1000.000 ML
134,DABUR NEPAL LTD.-NEPAL,REAL FRUIT POWER,REAL FRUIT POWER-MANGO-MANGO PET 1000 ML+SAVE RS. 20,PET,1000.0,ML,1000.000 ML
134,DABUR NEPAL LTD.-NEPAL,REAL FRUIT POWER,REAL FRUIT POWER-MIXED FRUIT-MIXED FRUIT PET 1000 ML+SAVE RS. 20,PET,1000.0,ML,1000.000 ML
134,RUBY BEVERAGE PVT. LTD.-NEPAL,RUBY,RUBY--PET 1000 ML,PET,1000.0,ML,1000.000 ML
134,DABUR NEPAL LTD.-NEPAL,REAL FRUIT POWER,REAL FRUIT POWER-ALOE VERA & KIWI-ALOE VERA & KIWI TPK 1000 ML,TPK,1000.0,ML,1000.000 ML
134,NATURA INTERNATIONAL PVT LTD-NEPAL,BYT BADAM DRINK,BYT BADAM DRINK-ALMOND-BADAM & SAFFRON DRINK CAN 180 ML,CAN,180.0,ML,180.000 ML
134,KRS VENTURES PVT. LTD.-NEPAL,POKO,POKO-MANGO-MANGO PPH 150 ML,PPH,150.0,ML,150.000 ML
134,RAYBOT SPRING'S MINERAL WATER-NEPAL,RAYBOT REFRESH,RAYBOT REFRESH-PINEAPPLE-PINEAPPLE PET 500 ML,PET,500.0,ML,500.000 ML
134,CHAUDHARY GROUP - NEPAL,RIO,RIO-MIXED FRUIT-7 FRUITS TPK 180 ML,TPK,180.0,ML,180.000 ML
134,ALMIGHTY BEVERAGE PVT LTD-NEPAL,ALMIGHTY LITCHI,ALMIGHTY LITCHI-LYCHEE-LITCHI PET 125 ML,PET,125.0,ML,125.000 ML
134,KIRAN BEVERAGE NEPAL PVT LTD-NEPAL,NEPAL NEER,NEPAL NEER--PET 1000 ML,PET,1000.0,ML,1000.000 ML
134,RAYBOT SPRING'S MINERAL WATER-NEPAL,RAYBOT REFRESH,RAYBOT REFRESH-MIXED FRUIT-MIXED FRUIT PET 250 ML,PET,250.0,ML,250.000 ML
134,RAYBOT SPRING'S MINERAL WATER-NEPAL,RAYBOT REFRESH,RAYBOT REFRESH-PINEAPPLE-PINEAPPLE PET 250 ML,PET,250.0,ML,250.000 ML
134,HIMALAYAN WATER BEVERAGE-NEPAL,NAMASTE HIMALAYAN,NAMASTE HIMALAYAN--PET 1000 ML,PET,1000.0,ML,1000.000 ML
134,AMRAPALI BEVERAGE-NEPAL,AMRAPALI SWAGAT,AMRAPALI SWAGAT-MANGO-MANGO TPK 180 ML,TPK,180.0,ML,180.000 ML
134,DABUR NEPAL LTD.-NEPAL,REAL BURRST,REAL BURRST-MIXED FRUIT-MIXED FRUIT TPK 170 ML,TPK,170.0,ML,170.000 ML
134,AMRAPALI BEVERAGE-NEPAL,AMRAPALI RUCHI,AMRAPALI RUCHI-MANGO-MANGO TPK 180 ML,TPK,180.0,ML,180.000 ML
134,RESUNGA JAL PVT LTD-NEPAL,RESUNGA AQUA,RESUNGA AQUA--PET 1000 ML,PET,1000.0,ML,1000.000 ML
134,SAILUNG SPRING WATER INDUS-NP,AQUA CHHAHARI,AQUA CHHAHARI--PET 1000 ML,PET,1000.0,ML,1000.000 ML
134,CHAUDHARY GROUP - NEPAL,RIO,RIO-PINEAPPLE-PINEAPPLE TPK 180 ML,TPK,180.0,ML,180.000 ML
134,FALATE KALIKA KHANEPANI-NEPAL,JUGAL WATER,JUGAL WATER--PET 1000 ML,PET,1000.0,ML,1000.000 ML
134,NATURA INTERNATIONAL PVT LTD-NEPAL,ZESTY FRUIT,ZESTY FRUIT-ORANGE-ORANGE PET 250 ML,PET,250.0,ML,250.000 ML
134,NATURA INTERNATIONAL PVT LTD-NEPAL,ZESTY FRUIT,ZESTY FRUIT-POMEGRANATE-POMEGRANATE PET 250 ML,PET,250.0,ML,250.000 ML
134,ANIMES ENTERPRISES PVT LTD-NEPAL,AQUA SHIKHAR DIP,AQUA SHIKHAR DIP--PET 1000 ML,PET,1000.0,ML,1000.000 ML
134,RAYBOT SPRING'S MINERAL WATER-NEPAL,RAYBOT REFRESH,RAYBOT REFRESH-LYCHEE-LITCHI PET 150 ML+10 ML EXTRA,PET,160.0,ML,150.000 ML
134,MARUTI DAIRY PRODUCT-NEPAL,GOPALA FRESHO,GOPALA FRESHO-APPLE-APPLE CAN 250 ML,CAN,250.0,ML,250.000 ML
134,PEPSI COLA CMPNY IMPRTD-IMPRTD,STING,STING--PET 500 ML,PET,500.0,ML,500.000 ML
134,DABUR NEPAL LTD.-NEPAL,REAL BURRST,REAL BURRST-GUAVA-GUAVA TPK 170 ML,TPK,170.0,ML,170.000 ML
134,CAVIN KARE LTD - INDIA,CAVINS,CAVINS-KAJU BUTTERSCOTCH-KAJU BUTTERSCOTCH MILKSHAKE TPK 170 ML,TPK,170.0,ML,170.000 ML
134,CAVIN KARE LTD - INDIA,CAVINS,CAVINS-CHOCOLATE-BELGIAN CHOCOLATE MILKSHAKE TPK 170 ML,TPK,170.0,ML,170.000 ML
134,CAVIN KARE LTD - INDIA,CAVINS,CAVINS-STRAWBERRY-STRAWBERRY MILKSHAKE TPK 170 ML,TPK,170.0,ML,170.000 ML
134,CAVIN KARE LTD - INDIA,CAVINS,CAVINS-CHOCOLATE-CHOCOLATE MILKSHAKE TPK 170 ML,TPK,170.0,ML,170.000 ML
134,SALAMBHU FOOD AND BEVERAGE-NEPAL,AQUA SHANKARAPUR,AQUA SHANKARAPUR--PET 1000 ML,PET,1000.0,ML,1000.000 ML
134,GAMA FOODS NEPAL PVT LTD-NEPAL,BLACK HORSE,BLACK HORSE--CAN 250 ML,CAN,250.0,ML,250.000 ML
134,ODAT BEVERAGE PVT LTD-NEPAL,FRUITFUN,FRUITFUN-LYCHEE-LITCHI PET 125 ML,PET,125.0,ML,125.000 ML
134,FRUIT AGRO PRODUCT-NEPAL,FA ULTRA POWER,FA ULTRA POWER--CAN 330 ML,CAN,330.0,ML,330.000 ML
134,ECO PLANET PVT LTD-NEPAL,ECO DROP,ECO DROP--PET 1000 ML,PET,1000.0,ML,1000.000 ML
134,ASLE FOOD & BEVERAGE-NEPAL,FIGHTER POWER DRINK,FIGHTER POWER DRINK--CAN 250 ML,CAN,250.0,ML,250.000 ML
134,AQUA PLUS SINDHULIGADHI PVT LTD-NP,A+ONE SINDHULIGADHI,A+ONE SINDHULIGADHI--PET 1000 ML,PET,1000.0,ML,1000.000 ML
134,SOUTH ASIAN BEVERAGES P. LTD-NEPAL,FROOTI,FROOTI-MANGO-MANGO PET 1000 ML,PET,1000.0,ML,1000.000 ML
134,HYGEN PACKS NEPAL PVT LTD-NEPAL,MANIA LITCHI,MANIA LITCHI-LYCHEE-LITCHI PET 150 ML,PET,150.0,ML,150.000 ML
134,AQUATIC INDUSTRIES PVT LTD-NP,AQUA MANDU,AQUA MANDU--PET 1000 ML,PET,1000.0,ML,1000.000 ML
134,DABUR NEPAL LTD.-NEPAL,REAL BURRST,REAL BURRST-POMEGRANATE-POMEGRANATE TPK 170 ML,TPK,170.0,ML,170.000 ML
134,RAYBOT SPRING'S MINERAL WATER-NEPAL,RAYBOT REFRESH,RAYBOT REFRESH-GUAVA-GUAVA PET 500 ML,PET,500.0,ML,500.000 ML
134,DABUR NEPAL LTD.-NEPAL,REAL BURRST,REAL BURRST-ORANGE-ORANGE TPK 170 ML,TPK,170.0,ML,170.000 ML
134,AMRAPALI BEVERAGE-NEPAL,AMRAPALI SWAGAT,AMRAPALI SWAGAT-ALMOND-BADAM & SAFFRON DRINK CAN 180 ML,CAN,180.0,ML,180.000 ML
134,LOVELY BEVERAGE INDUSTRIES-NEPAL,IZZI LITCHI,IZZI LITCHI-LYCHEE-LITCHI PET 170 ML,PET,170.0,ML,170.000 ML
134,DABUR NEPAL LTD.-NEPAL,REAL BURRST,REAL BURRST-MANGO-MANGO TPK 170 ML,TPK,170.0,ML,170.000 ML
134,DABUR NEPAL LTD.-NEPAL,REAL BURRST,REAL BURRST-PINEAPPLE-PINEAPPLE TPK 170 ML,TPK,170.0,ML,170.000 ML
134,DABUR NEPAL LTD.-NEPAL,REAL BURRST,REAL BURRST-APPLE-APPLE TPK 170 ML,TPK,170.0,ML,170.000 ML
134,AGRO THAI FOODS PVT LTD-NEPAL,FRUIT SHOOT,FRUIT SHOOT-GUAVA-PINK GUAVA PET 200 ML,PET,200.0,ML,200.000 ML
134,MYAGDE CHHANGPATAN DRINKING WATER-NP,SATHI,SATHI--PET 1000 ML,PET,1000.0,ML,1000.000 ML
134,KWALITY THAI FOODS PVT LTD-NPL,TOTAL FRUITY N JUICY,TOTAL FRUITY N JUICY-GUAVA-GUAVA TPK 200 ML,TPK,200.0,ML,200.000 ML
134,DABUR NEPAL LTD.-NEPAL,REAL FRUIT POWER,REAL FRUIT POWER-GRAPE-GRAPE TPK 1000 ML,TPK,1000.0,ML,1000.000 ML
134,DABUR NEPAL LTD.-NEPAL,REAL FRUIT POWER,REAL FRUIT POWER-MIXED FRUIT-MIXED FRUIT PET 2000 ML+SAVE RS. 50,PET,2000.0,ML,2000.000 ML
134,DABUR NEPAL LTD.-NEPAL,REAL FRUIT POWER,REAL FRUIT POWER-MANGO-MANGO PET 2000 ML+SAVE RS. 50,PET,2000.0,ML,2000.000 ML
134,TRUE SOLUTION PVT LTD-NEPAL,HOPE,HOPE--PET 1000 ML,PET,1000.0,ML,1000.000 ML
134,RAYBOT SPRING'S MINERAL WATER-NEPAL,RAYBOT REFRESH,RAYBOT REFRESH-MIXED FRUIT-MIXED FRUIT PET 1000 ML,PET,1000.0,ML,1000.000 ML
134,TRIVENI FOOD & BEVERAGE-NP,SHOCK,SHOCK--CLASSIC CAN 330 ML,CAN,330.0,ML,330.000 ML
134,BHAGESHWOR FOOD & BEVERAGE-NEPAL,KESHARI,KESHARI--PET 500 ML,PET,500.0,ML,500.000 ML
134,MARUTI DAIRY PRODUCT-NEPAL,SEASON,SEASON-POMEGRANATE-POMEGRANATE CAN 250 ML,CAN,250.0,ML,250.000 ML
134,MARUTI DAIRY PRODUCT-NEPAL,SEASON,SEASON-MIXED FRUIT-MIXED FRUIT CAN 250 ML,CAN,250.0,ML,250.000 ML
134,SAARANG INTNL FOOD & BEV-INDIA,MANAN,MANAN-MANGO-MANGO TPK 200 ML,TPK,200.0,ML,200.000 ML
134,MAHABALESHWOR DAIRY & BEVERAGE-NEPAL,SDU BADAM DRINK,SDU BADAM DRINK-ALMOND-BADAM & SAFFRON DRINK CAN 180 ML,CAN,180.0,ML,180.000 ML
134,GOODLIFE BEVERAGE-NEPAL,NATO NATO,NATO NATO-LYCHEE-LITCHI PET 320 ML,PET,320.0,ML,320.000 ML
134,GOODLIFE BEVERAGE-NEPAL,NATO NATO,NATO NATO-BLACK CURRANT-BLACK CURRANT PET 320 ML,PET,320.0,ML,320.000 ML
134,AGRO THAI FOODS PVT LTD-NEPAL,MAX TIGER,MAX TIGER--CLASSIC CAN 330 ML,CAN,330.0,ML,330.000 ML
134,AGRO THAI FOODS PVT LTD-NEPAL,COSTA BRAVA LION,COSTA BRAVA LION--CAN 330 ML,CAN,330.0,ML,330.000 ML
134,D.K.T INDUSTRIES-NEPAL,BE FRESH,BE FRESH--PET 1000 ML,PET,1000.0,ML,1000.000 ML
134,SINGAPORE BEVERAGE-NEPAL,NATURALS,NATURALS-LYCHEE-LYCHEE PET 200 ML,PET,200.0,ML,200.000 ML
134,SINGAPORE BEVERAGE-NEPAL,NATURALS,NATURALS-GUAVA-GUAVA PET 200 ML,PET,200.0,ML,200.000 ML
